contig_id	cluster_id	cluster_size	source	Realm	Kingdom	Phylum	Class	Order	Family	Genus	Species	confidence	primary_tool	rescued	n_samples	max_cov	min_cov	mean_cov	ref_cov	Genome_Type	Genome_Structure	Genome_Source
CRR1126135_clean_NODE_147_length_2253_cov_2.977064	CRR1126135_clean_NODE_147_length_2253_cov_2.977064	5	contig	Riboviria	Orthornavirae	Kitrinoviricota	Alsuviricetes	Martellivirales	Kitaviridae	Cilevirus	Cilevirus passiflorae	1	ACVirus	Y	0	0.00	0.00	0.00	0.00	RNA	ssRNA(+)	species
CRR1126135_clean_NODE_22_length_3647_cov_16.401791	CRR1126135_clean_NODE_22_length_3647_cov_16.401791	2	contig	Riboviria	Orthornavirae	Kitrinoviricota	Alsuviricetes	Tymovirales	Tymoviridae	Maculavirus	Maculavirus vitis	1	metabuli	Y	0	0.00	0.00	0.00	0.00	RNA	ssRNA(+)	species
CRR1126135_clean_NODE_3366_length_516_cov_1.505643	CRR1126135_clean_NODE_3366_length_516_cov_1.505643	1	contig	Riboviria	Orthornavirae	Kitrinoviricota	Alsuviricetes	Martellivirales	Virgaviridae	NA	Erysiphe necator associated virga-like virus 1	0.88	CAT	N	0	0.00	0.00	0.00	0.00	RNA		tax
CRR1126135_clean_NODE_43_length_3245_cov_8.833859	CRR1126135_clean_NODE_43_length_3245_cov_8.833859	1	contig	Riboviria	Orthornavirae	Pisuviricota	Stelpaviricetes	Patatavirales	Potyviridae	Potyvirus	Potyvirus iristenuis	1	CAT	Y	0	0.00	0.00	0.00	0.00	RNA	ssRNA(+)	species
CRR1126139_clean_NODE_29_length_2874_cov_22.006069	CRR1126139_clean_NODE_29_length_2874_cov_22.006069	32	contig	Riboviria	Orthornavirae	Kitrinoviricota	Alsuviricetes	Martellivirales	Bromoviridae	Ilarvirus	Ilarvirus SLV	1	ACVirus	Y	0	0.00	0.00	0.00	0.00	RNA	ssRNA(+)	species
CRR1126139_clean_NODE_420_length_887_cov_1.722359	CRR1126139_clean_NODE_420_length_887_cov_1.722359	3	contig	Riboviria	Orthornavirae	Pisuviricota	Stelpaviricetes	Patatavirales	Potyviridae	Potyvirus	Ornithogalum mosaic virus 2	1	metabuli	N	0	0.00	0.00	0.00	0.00	RNA	ssRNA(+)	genus
CRR1126139_clean_NODE_49_length_2200_cov_32.555712	CRR1126139_clean_NODE_49_length_2200_cov_32.555712	21	contig	Riboviria	Orthornavirae	Negarnaviricota	Monjiviricetes	Mononegavirales	Rhabdoviridae	Betacytorhabdovirus	Betacytorhabdovirus lycii	1	ACVirus	Y	0	0.00	0.00	0.00	0.00	RNA	ssRNA(-)	species
CRR1126140_clean_NODE_1152_length_1124_cov_1.621313	CRR1126140_clean_NODE_1152_length_1124_cov_1.621313	1	contig	NA	Shotokuvirae	Cressdnaviricota	Repensiviricetes	Geplafuvirales	Geminiviridae	Pylecuvirus	Pylecuvirus petroselini*	0.88	CAT	N	0	0.00	0.00	0.00	0.00	DNA	ssDNA	genus
CRR1126140_clean_NODE_131_length_3071_cov_3.536024	CRR1126140_clean_NODE_131_length_3071_cov_3.536024	1	contig	Riboviria	Pararnavirae	Artverviricota	Revtraviricetes	Ortervirales	Caulimoviridae	Dioscovirus	Dioscovirus dioscoreae	1	ACVirus	Y	0	0.00	0.00	0.00	0.00	DNA	dsDNA-RT	species
CRR1126140_clean_NODE_1347_length_1032_cov_1.158498	CRR1126140_clean_NODE_1347_length_1032_cov_1.158498	1	contig	Riboviria	Pararnavirae	Artverviricota	Revtraviricetes	Ortervirales	Caulimoviridae	Sirevirus	Sirevirus zeae	1	ACVirus	N	0	0.00	0.00	0.00	0.00	RNA	ssRNA-RT	species
CRR1126140_clean_NODE_135_length_3043_cov_5.037037	CRR1126140_clean_NODE_135_length_3043_cov_5.037037	1	contig	Riboviria	Pararnavirae	Artverviricota	Revtraviricetes	Ortervirales	Metaviridae	Metavirus	Metavirus osvaldi	1	ACVirus	N	0	0.00	0.00	0.00	0.00	RNA	ssRNA-RT	species
CRR1126140_clean_NODE_1462_length_995_cov_1.277657	CRR1126140_clean_NODE_1462_length_995_cov_1.277657	1	contig	Riboviria	Pararnavirae	Artverviricota	Revtraviricetes	Ortervirales	Caulimoviridae	Dioscovirus	Dioscovirus dioscoreae	1	ACVirus	N	0	0.00	0.00	0.00	0.00	DNA	dsDNA-RT	species
CRR1126140_clean_NODE_1581_length_952_cov_27.237770	CRR1126140_clean_NODE_1581_length_952_cov_27.237770	1	contig	Riboviria	Pararnavirae	Artverviricota	Revtraviricetes	Ortervirales	Caulimoviridae	Dioscovirus	Badnavirus reterubi	1	metabuli	N	0	0.00	0.00	0.00	0.00	DNA	dsDNA-RT	species
CRR1126140_clean_NODE_169_length_2756_cov_4.338427	CRR1126140_clean_NODE_169_length_2756_cov_4.338427	1	contig	Riboviria	Pararnavirae	Artverviricota	Revtraviricetes	Ortervirales	Caulimoviridae	Dioscovirus	Dioscovirus dioscoreae	1	ACVirus	N	0	0.00	0.00	0.00	0.00	DNA	dsDNA-RT	species
CRR1126140_clean_NODE_1712_length_911_cov_2.213604	CRR1126140_clean_NODE_1712_length_911_cov_2.213604	1	contig	Riboviria	Pararnavirae	Artverviricota	Revtraviricetes	Ortervirales	Caulimoviridae	Dioscovirus	Dioscovirus dioscoreae	1	ACVirus	N	0	0.00	0.00	0.00	0.00	DNA	dsDNA-RT	species
CRR1126140_clean_NODE_1720_length_909_cov_1.124402	CRR1126140_clean_NODE_1720_length_909_cov_1.124402	1	contig	Riboviria	Pararnavirae	Artverviricota	Revtraviricetes	Ortervirales	Caulimoviridae	Dioscovirus	Dioscovirus dioscoreae	1	ACVirus	N	0	0.00	0.00	0.00	0.00	DNA	dsDNA-RT	species
CRR1126140_clean_NODE_1918_length_859_cov_1.022901	CRR1126140_clean_NODE_1918_length_859_cov_1.022901	1	contig	Riboviria	Pararnavirae	Artverviricota	Revtraviricetes	Ortervirales	Caulimoviridae	Dioscovirus	Dioscovirus dioscoreae	1	ACVirus	Y	0	0.00	0.00	0.00	0.00	DNA	dsDNA-RT	species
CRR1126140_clean_NODE_2238_length_792_cov_18.337969	CRR1126140_clean_NODE_2238_length_792_cov_18.337969	1	contig	Riboviria	Orthornavirae	Pisuviricota	Stelpaviricetes	Patatavirales	Potyviridae	Potyvirus	Ornithogalum mosaic virus 2	1	metabuli	N	0	0.00	0.00	0.00	0.00	RNA	ssRNA(+)	genus
CRR1126140_clean_NODE_24_length_5425_cov_5.016069	CRR1126140_clean_NODE_24_length_5425_cov_5.016069	1	contig	Riboviria	Pararnavirae	Artverviricota	Revtraviricetes	Ortervirales	Metaviridae	Metavirus	Metavirus cladosporii	1	ACVirus	Y	0	0.00	0.00	0.00	0.00	RNA	ssRNA-RT	species
CRR1126140_clean_NODE_2692_length_717_cov_1.186335	CRR1126140_clean_NODE_2692_length_717_cov_1.186335	1	contig	Riboviria	Pararnavirae	Artverviricota	Revtraviricetes	Ortervirales	Caulimoviridae	Dioscovirus	Dioscovirus dioscoreae	1	ACVirus	N	0	0.00	0.00	0.00	0.00	DNA	dsDNA-RT	species
CRR1126140_clean_NODE_2752_length_709_cov_2.108491	CRR1126140_clean_NODE_2752_length_709_cov_2.108491	1	contig	Riboviria	Pararnavirae	Artverviricota	Revtraviricetes	Ortervirales	Caulimoviridae	Badnavirus	Badnavirus alphamaculaflavicannae	1	ACVirus	N	0	0.00	0.00	0.00	0.00	DNA	dsDNA-RT	species
CRR1126140_clean_NODE_2852_length_693_cov_6.058065	CRR1126140_clean_NODE_2852_length_693_cov_6.058065	1	contig	Riboviria	Pararnavirae	Artverviricota	Revtraviricetes	Ortervirales	Caulimoviridae	Badnavirus	Badnavirus reterubi	1	metabuli	N	0	0.00	0.00	0.00	0.00	DNA	dsDNA-RT	species
CRR1126140_clean_NODE_312_length_2126_cov_16.749148	CRR1126140_clean_NODE_312_length_2126_cov_16.749148	2	contig	Riboviria	Pararnavirae	Artverviricota	Revtraviricetes	Ortervirales	Caulimoviridae	Dioscovirus	Dioscovirus dioscoreae	1	ACVirus	Y	0	0.00	0.00	0.00	0.00	DNA	dsDNA-RT	species
CRR1126140_clean_NODE_3274_length_642_cov_1.182777	CRR1126140_clean_NODE_3274_length_642_cov_1.182777	1	contig	Riboviria	Pararnavirae	Artverviricota	Revtraviricetes	Ortervirales	Caulimoviridae	Badnavirus	Badnavirus fici	1	CAT	N	0	0.00	0.00	0.00	0.00	DNA	dsDNA-RT	species
CRR1126140_clean_NODE_3327_length_636_cov_1.381883	CRR1126140_clean_NODE_3327_length_636_cov_1.381883	1	contig	Riboviria	Pararnavirae	Artverviricota	Revtraviricetes	Ortervirales	Caulimoviridae	Sirevirus	Sirevirus glycinis	1	ACVirus	N	0	0.00	0.00	0.00	0.00	RNA	ssRNA-RT	species
CRR1126140_clean_NODE_3695_length_600_cov_0.639469	CRR1126140_clean_NODE_3695_length_600_cov_0.639469	1	contig	Riboviria	Pararnavirae	Artverviricota	Revtraviricetes	Ortervirales	Caulimoviridae	Badnavirus	NA	0.88	metabuli	N	0	0.00	0.00	0.00	0.00	DNA		genus_ambiguous+tax
CRR1126140_clean_NODE_3885_length_584_cov_3.054795	CRR1126140_clean_NODE_3885_length_584_cov_3.054795	1	contig	Riboviria	Pararnavirae	Artverviricota	Revtraviricetes	Ortervirales	Caulimoviridae	Badnavirus	Badnavirus epsilonvirgamusae	1	ACVirus	Y	0	0.00	0.00	0.00	0.00	DNA	dsDNA-RT	species
CRR1126140_clean_NODE_38_length_4798_cov_10.453122	CRR1126140_clean_NODE_38_length_4798_cov_10.453122	1	contig	Riboviria	Pararnavirae	Artverviricota	Revtraviricetes	Ortervirales	Pseudoviridae	Sirevirus	Alfalfa cytorhabdovirus 2	1	metabuli	N	0	0.00	0.00	0.00	0.00	RNA	ssRNA-RT	genus
CRR1126140_clean_NODE_393_length_1869_cov_11.276169	CRR1126140_clean_NODE_393_length_1869_cov_11.276169	1	contig	Riboviria	Pararnavirae	Artverviricota	Revtraviricetes	Ortervirales	Caulimoviridae	Dioscovirus	Dioscovirus dioscoreae	1	ACVirus	Y	0	0.00	0.00	0.00	0.00	DNA	dsDNA-RT	species
CRR1126140_clean_NODE_532_length_1639_cov_3.394636	CRR1126140_clean_NODE_532_length_1639_cov_3.394636	1	contig	Riboviria	Pararnavirae	Artverviricota	Revtraviricetes	Ortervirales	Caulimoviridae	Badnavirus	Badnavirus venabougainvilleae	1	ACVirus	N	0	0.00	0.00	0.00	0.00	DNA	dsDNA-RT	species
CRR1126140_clean_NODE_601_length_1538_cov_59.619795	CRR1126140_clean_NODE_601_length_1538_cov_59.619795	1	contig	Riboviria	Orthornavirae	Negarnaviricota	Bunyaviricetes	Elliovirales	Tospoviridae	Orthotospovirus	Orthotospovirus tomatozonae	1	metabuli	N	0	0.00	0.00	0.00	0.00	RNA	ssRNA(+/-)	species
CRR1126140_clean_NODE_77_length_3763_cov_3.311111	CRR1126140_clean_NODE_77_length_3763_cov_3.311111	1	contig	Riboviria	Pararnavirae	Artverviricota	Revtraviricetes	Ortervirales	Metaviridae	Metavirus	Metavirus cladosporii	1	ACVirus	Y	0	0.00	0.00	0.00	0.00	RNA	ssRNA-RT	species
CRR1126140_clean_NODE_917_length_1246_cov_1.200341	CRR1126140_clean_NODE_917_length_1246_cov_1.200341	1	contig	Riboviria	Pararnavirae	Artverviricota	Revtraviricetes	Ortervirales	Caulimoviridae	Dioscovirus	Dioscovirus dioscoreae	1	ACVirus	Y	0	0.00	0.00	0.00	0.00	DNA	dsDNA-RT	species
CRR1126142_clean_NODE_2_length_3472_cov_19.349809	CRR1126142_clean_NODE_2_length_3472_cov_19.349809	34	contig	Riboviria	Orthornavirae	Kitrinoviricota	Alsuviricetes	Martellivirales	Bromoviridae	Ilarvirus	Ilarvirus SLV	1	ACVirus	Y	0	0.00	0.00	0.00	0.00	RNA	ssRNA(+)	species
CRR1126145_clean_NODE_441_length_803_cov_0.787671	CRR1126145_clean_NODE_441_length_803_cov_0.787671	1	contig	Riboviria	Pararnavirae	Artverviricota	Revtraviricetes	Ortervirales	Caulimoviridae	Badnavirus	Badnavirus venabougainvilleae	1	metabuli	N	0	0.00	0.00	0.00	0.00	DNA	dsDNA-RT	species
CRR1126146_clean_NODE_41_length_1985_cov_2.446653	CRR1126146_clean_NODE_41_length_1985_cov_2.446653	2	contig	Riboviria	Pararnavirae	Artverviricota	Revtraviricetes	Ortervirales	Metaviridae	Metavirus	Metavirus osvaldi	1	ACVirus	Y	0	0.00	0.00	0.00	0.00	RNA	ssRNA-RT	species
CRR1126147_clean_NODE_49_length_1904_cov_2.215183	CRR1126147_clean_NODE_49_length_1904_cov_2.215183	1	contig	Riboviria	Pararnavirae	Artverviricota	Revtraviricetes	Ortervirales	Metaviridae	Metavirus	Metavirus osvaldi	1	ACVirus	Y	0	0.00	0.00	0.00	0.00	RNA	ssRNA-RT	species
CRR1126150_clean_NODE_252_length_824_cov_1.451398	CRR1126150_clean_NODE_252_length_824_cov_1.451398	1	contig	Riboviria	Orthornavirae	Negarnaviricota	Monjiviricetes	Mononegavirales	Rhabdoviridae	NA	Alfalfa cytorhabdovirus 2	0.88	metabuli	N	0	0.00	0.00	0.00	0.00	RNA		tax
CRR1126150_clean_NODE_491_length_583_cov_2.129412	CRR1126150_clean_NODE_491_length_583_cov_2.129412	1	contig	Riboviria	Orthornavirae	Negarnaviricota	Monjiviricetes	Mononegavirales	Rhabdoviridae	Betacytorhabdovirus	Betacytorhabdovirus lycii	1	metabuli	N	0	0.00	0.00	0.00	0.00	RNA	ssRNA(-)	species
CRR1126151_clean_NODE_13_length_2421_cov_1.658859	CRR1126151_clean_NODE_13_length_2421_cov_1.658859	11	contig	Riboviria	Orthornavirae	Kitrinoviricota	Alsuviricetes	Martellivirales	Bromoviridae	Cucumovirus	Cucumovirus CMV	1	CAT	Y	0	0.00	0.00	0.00	0.00	RNA	ssRNA(+)	species
CRR1440120_clean_NODE_681_length_784_cov_34.490858	CRR1440120_clean_NODE_681_length_784_cov_34.490858	1	contig	Riboviria	Orthornavirae	Negarnaviricota	Monjiviricetes	Mononegavirales	Rhabdoviridae	Betanucleorhabdovirus	Ziziphora betanucleorhabdovirus 1	1	metabuli	N	0	0.00	0.00	0.00	0.00	RNA	ssRNA(-)	genus
CRR1440123_clean_NODE_3_length_7439_cov_1883.998099	CRR1440123_clean_NODE_3_length_7439_cov_1883.998099	4	contig	Riboviria	Orthornavirae	Kitrinoviricota	Alsuviricetes	Tymovirales	Alphaflexiviridae	Potexvirus	Potexvirus ecspotati	1	metabuli	Y	0	0.00	0.00	0.00	0.00	RNA	ssRNA(+)	species
CRR1440123_clean_NODE_752_length_1086_cov_1.624877	CRR1440123_clean_NODE_752_length_1086_cov_1.624877	5	contig	Riboviria	Orthornavirae	Kitrinoviricota	Alsuviricetes	Martellivirales	Virgaviridae	NA	Virgaviridae sp.	0.88	metabuli	N	0	0.00	0.00	0.00	0.00	RNA		tax
CRR1440125_clean_NODE_29_length_2734_cov_4.989853	CRR1440125_clean_NODE_29_length_2734_cov_4.989853	4	contig	Riboviria	Orthornavirae	Pisuviricota	Pisoniviricetes	Picornavirales	Secoviridae	Nepovirus	Nepovirus foliumflabelli	1	metabuli	Y	0	0.00	0.00	0.00	0.00	RNA	ssRNA(+)	species
CRR1440125_clean_NODE_320_length_1431_cov_3.391016	CRR1440125_clean_NODE_320_length_1431_cov_3.391016	7	contig	Riboviria	Orthornavirae	Kitrinoviricota	Alsuviricetes	Martellivirales	Virgaviridae	NA	Virgaviridae sp.	0.88	metabuli	N	0	0.00	0.00	0.00	0.00	RNA		tax
CRR1440126_clean_NODE_2829_length_1145_cov_3.893657	CRR1440126_clean_NODE_2829_length_1145_cov_3.893657	3	contig	Riboviria	Orthornavirae	Kitrinoviricota	Tolucaviricetes	Tolivirales	Tombusviridae	Tombusvirus	Tombusvirus algeriaense	1	metabuli	N	0	0.00	0.00	0.00	0.00	RNA	ssRNA(+)	species
CRR1440126_clean_NODE_462_length_2113_cov_2.820588	CRR1440126_clean_NODE_462_length_2113_cov_2.820588	3	contig	Riboviria	Orthornavirae	Kitrinoviricota	Alsuviricetes	Tymovirales	Tymoviridae	Marafivirus	Marafivirus maydis	1	diamond_lca	Y	0	0.00	0.00	0.00	0.00	RNA	ssRNA(+)	species
CRR1440126_clean_NODE_7221_length_668_cov_1.272269	CRR1440126_clean_NODE_7221_length_668_cov_1.272269	1	contig	Riboviria	Orthornavirae	Kitrinoviricota	Alsuviricetes	Martellivirales	Virgaviridae	NA	Virgaviridae sp.	0.88	metabuli	N	0	0.00	0.00	0.00	0.00	RNA		tax
CRR1440126_clean_NODE_799_length_1850_cov_0.802476	CRR1440126_clean_NODE_799_length_1850_cov_0.802476	1	contig	Riboviria	Orthornavirae	Kitrinoviricota	Alsuviricetes	Martellivirales	Closteroviridae	Ampelovirus	Ampelovirus trivitis	1	metabuli	N	0	0.00	0.00	0.00	0.00	RNA	ssRNA(+)	species
CRR1440126_clean_NODE_9480_length_568_cov_0.656566	CRR1440126_clean_NODE_9480_length_568_cov_0.656566	1	contig	Riboviria	Orthornavirae	Kitrinoviricota	Tolucaviricetes	Tolivirales	Tombusviridae	Luteovirus	Luteovirus pavhordei	1	metabuli	N	0	0.00	0.00	0.00	0.00	RNA	ssRNA(+)	species
CRR1440127_clean_NODE_10745_length_552_cov_0.630480	CRR1440127_clean_NODE_10745_length_552_cov_0.630480	1	contig	Riboviria	Orthornavirae	Pisuviricota	Stelpaviricetes	Patatavirales	Potyviridae	Potyvirus	Potyvirus cebatatae	1	metabuli	N	0	0.00	0.00	0.00	0.00	RNA	ssRNA(+)	species
CRR1440127_clean_NODE_327_length_2543_cov_2.888259	CRR1440127_clean_NODE_327_length_2543_cov_2.888259	1	contig	Riboviria	Orthornavirae	Kitrinoviricota	Alsuviricetes	Martellivirales	Virgaviridae	NA	NA	0.75	mmseqs	Y	0	0.00	0.00	0.00	0.00	RNA		tax
CRR1440127_clean_NODE_5579_length_852_cov_0.295250	CRR1440127_clean_NODE_5579_length_852_cov_0.295250	1	contig	Riboviria	Orthornavirae	Kitrinoviricota	Alsuviricetes	Tymovirales	Alphaflexiviridae	Potexvirus	Potexvirus ecspotati	1	metabuli	N	0	0.00	0.00	0.00	0.00	RNA	ssRNA(+)	species
CRR1440128_clean_NODE_10283_length_579_cov_0.292490	CRR1440128_clean_NODE_10283_length_579_cov_0.292490	1	contig	Riboviria	Orthornavirae	Kitrinoviricota	Alsuviricetes	Martellivirales	Closteroviridae	NA	Jujube closterovirus 1	0.88	metabuli	N	0	0.00	0.00	0.00	0.00	RNA		tax
CRR1440128_clean_NODE_10649_length_567_cov_0.674089	CRR1440128_clean_NODE_10649_length_567_cov_0.674089	1	contig	Riboviria	Orthornavirae	Negarnaviricota	Bunyaviricetes	Hareavirales	Phenuiviridae	Rubodvirus	Rubodvirus prosserense	1	metabuli	N	0	0.00	0.00	0.00	0.00	RNA	ssRNA(-)	species
CRR1440128_clean_NODE_1117_length_1757_cov_2.203682	CRR1440128_clean_NODE_1117_length_1757_cov_2.203682	2	contig	Riboviria	Orthornavirae	Kitrinoviricota	Alsuviricetes	Martellivirales	Closteroviridae	Ampelovirus	Ampelovirus tetravitis	1	metabuli	N	0	0.00	0.00	0.00	0.00	RNA	ssRNA(+)	species
CRR1440128_clean_NODE_1753_length_1513_cov_5.211806	CRR1440128_clean_NODE_1753_length_1513_cov_5.211806	3	contig	Riboviria	Orthornavirae	Pisuviricota	Duplopiviricetes	Durnavirales	Partitiviridae	Deltapartitivirus	Deltapartitivirus sp. 'yunanense'	1	metabuli	N	0	0.00	0.00	0.00	0.00	RNA	dsRNA	genus
CRR1440128_clean_NODE_8972_length_630_cov_0.710952	CRR1440128_clean_NODE_8972_length_630_cov_0.710952	1	contig	Riboviria	Orthornavirae	Kitrinoviricota	Alsuviricetes	Martellivirales	Closteroviridae	Olivavirus	Olivavirus actinidiae	1	metabuli	N	0	0.00	0.00	0.00	0.00	RNA	ssRNA(+)	species
CRR1440129_clean_NODE_1102_length_1339_cov_2.281201	CRR1440129_clean_NODE_1102_length_1339_cov_2.281201	2	contig	Riboviria	Pararnavirae	Artverviricota	Revtraviricetes	Ortervirales	Caulimoviridae	Pseudovirus	Pseudovirus brassicae	1	ACVirus	N	0	0.00	0.00	0.00	0.00	RNA	ssRNA-RT	species
CRR1440129_clean_NODE_7149_length_610_cov_9.253259	CRR1440129_clean_NODE_7149_length_610_cov_9.253259	2	contig	Riboviria	Orthornavirae	Pisuviricota	Stelpaviricetes	Patatavirales	Potyviridae	Potyvirus	Potyvirus gebatatae	1	metabuli	N	0	0.00	0.00	0.00	0.00	RNA	ssRNA(+)	species
CRR1440129_clean_NODE_8366_length_568_cov_0.553535	CRR1440129_clean_NODE_8366_length_568_cov_0.553535	1	contig	Riboviria	Orthornavirae	Pisuviricota	Pisoniviricetes	Sobelivirales	Solemoviridae	Polerovirus	Polerovirus SBCLRV	1	metabuli	N	0	0.00	0.00	0.00	0.00	RNA	ssRNA(+)	species
CRR1440130_clean_NODE_1383_length_1147_cov_10.074488	CRR1440130_clean_NODE_1383_length_1147_cov_10.074488	2	contig	Riboviria	Pararnavirae	Artverviricota	Revtraviricetes	Ortervirales	Caulimoviridae	Pseudovirus	Pseudovirus brassicae	1	ACVirus	N	0	0.00	0.00	0.00	0.00	RNA	ssRNA-RT	species
CRR1440130_clean_NODE_1447_length_1126_cov_3.485280	CRR1440130_clean_NODE_1447_length_1126_cov_3.485280	1	contig	Riboviria	Orthornavirae	Kitrinoviricota	Alsuviricetes	Martellivirales	Virgaviridae	NA	Pedersore virga-like virus	0.88	metabuli	N	0	0.00	0.00	0.00	0.00	RNA		tax
CRR1440130_clean_NODE_2761_length_879_cov_1.409429	CRR1440130_clean_NODE_2761_length_879_cov_1.409429	1	contig	Riboviria	Orthornavirae	Negarnaviricota	Monjiviricetes	Mononegavirales	Rhabdoviridae	NA	Medicago sativa trirhavirus 1	0.88	metabuli	N	0	0.00	0.00	0.00	0.00	RNA		tax
CRR1440130_clean_NODE_893_length_1358_cov_3.785214	CRR1440130_clean_NODE_893_length_1358_cov_3.785214	1	contig	Riboviria	Orthornavirae	Pisuviricota	Duplopiviricetes	Durnavirales	Partitiviridae	Deltapartitivirus	Deltapartitivirus sp. 'yunanense'	1	metabuli	N	0	0.00	0.00	0.00	0.00	RNA	dsRNA	genus
CRR1440131_clean_NODE_1380_length_1076_cov_8.075773	CRR1440131_clean_NODE_1380_length_1076_cov_8.075773	1	contig	Riboviria	Pararnavirae	Artverviricota	Revtraviricetes	Ortervirales	Caulimoviridae	Pseudovirus	Pseudovirus brassicae	1	ACVirus	N	0	0.00	0.00	0.00	0.00	RNA	ssRNA-RT	species
CRR1440131_clean_NODE_24_length_3317_cov_32.870838	CRR1440131_clean_NODE_24_length_3317_cov_32.870838	8	contig	Riboviria	Pararnavirae	Artverviricota	Revtraviricetes	Ortervirales	Caulimoviridae	Soymovirus	Soymovirus crispocestri	1	ACVirus	N	0	0.00	0.00	0.00	0.00	DNA	dsDNA-RT	species
CRR1440131_clean_NODE_276_length_1875_cov_6.416204	CRR1440131_clean_NODE_276_length_1875_cov_6.416204	7	contig	Riboviria	Orthornavirae	Pisuviricota	Duplopiviricetes	Durnavirales	Partitiviridae	Deltapartitivirus	Deltapartitivirus sp. 'yunanense'	1	metabuli	N	0	0.00	0.00	0.00	0.00	RNA	dsRNA	genus
CRR1440131_clean_NODE_355_length_1764_cov_4.965109	CRR1440131_clean_NODE_355_length_1764_cov_4.965109	3	contig	Riboviria	Orthornavirae	Pisuviricota	Duplopiviricetes	Durnavirales	Partitiviridae	Deltapartitivirus	Deltapartitivirus sp. 'yunanense'	1	metabuli	N	0	0.00	0.00	0.00	0.00	RNA	dsRNA	genus
CRR1440131_clean_NODE_5_length_5023_cov_167.943838	CRR1440131_clean_NODE_5_length_5023_cov_167.943838	17	contig	Riboviria	Pararnavirae	Artverviricota	Revtraviricetes	Ortervirales	Caulimoviridae	Soymovirus	Soymovirus maculaglycinis	1	ACVirus	Y	0	0.00	0.00	0.00	0.00	DNA	dsDNA-RT	species
CRR1440131_clean_NODE_7755_length_514_cov_1.011338	CRR1440131_clean_NODE_7755_length_514_cov_1.011338	1	contig	Riboviria	Pararnavirae	Artverviricota	Revtraviricetes	Ortervirales	Caulimoviridae	Soymovirus	Soymovirus malvae	1	ACVirus	N	0	0.00	0.00	0.00	0.00	DNA	dsDNA-RT	species
CRR1440132_clean_NODE_1057_length_918_cov_1.776331	CRR1440132_clean_NODE_1057_length_918_cov_1.776331	1	contig	Riboviria	Pararnavirae	Artverviricota	Revtraviricetes	Ortervirales	Caulimoviridae	NA	Red clover bacilliform virus	0.88	metabuli	N	0	0.00	0.00	0.00	0.00	DNA		tax
CRR1440132_clean_NODE_112_length_2136_cov_1.819195	CRR1440132_clean_NODE_112_length_2136_cov_1.819195	3	contig	Riboviria	Pararnavirae	Artverviricota	Revtraviricetes	Ortervirales	Caulimoviridae	Soymovirus	Soymovirus malvae	1	metabuli	Y	0	0.00	0.00	0.00	0.00	DNA	dsDNA-RT	species
CRR1440132_clean_NODE_1947_length_703_cov_3.358730	CRR1440132_clean_NODE_1947_length_703_cov_3.358730	1	contig	Riboviria	Orthornavirae	Kitrinoviricota	Alsuviricetes	Tymovirales	Betaflexiviridae	Capillovirus	Capillovirus mali	1	metabuli	N	0	0.00	0.00	0.00	0.00	RNA	ssRNA(+)	species
CRR1440132_clean_NODE_231_length_1704_cov_1.760270	CRR1440132_clean_NODE_231_length_1704_cov_1.760270	3	contig	Riboviria	Pararnavirae	Artverviricota	Revtraviricetes	Ortervirales	Caulimoviridae	Soymovirus	Soymovirus malvae	1	metabuli	Y	0	0.00	0.00	0.00	0.00	DNA	dsDNA-RT	species
CRR1440133_clean_NODE_1369_length_809_cov_1.964674	CRR1440133_clean_NODE_1369_length_809_cov_1.964674	1	contig	Riboviria	Pararnavirae	Artverviricota	Revtraviricetes	Ortervirales	Caulimoviridae	Soymovirus	Soymovirus crispocestri	1	ACVirus	Y	0	0.00	0.00	0.00	0.00	DNA	dsDNA-RT	species
CRR1440133_clean_NODE_543_length_1190_cov_3.579230	CRR1440133_clean_NODE_543_length_1190_cov_3.579230	4	contig	Riboviria	Orthornavirae	Negarnaviricota	Bunyaviricetes	Hareavirales	Phenuiviridae	Coguvirus	Coguvirus citrulli	1	metabuli	N	0	0.00	0.00	0.00	0.00	RNA	ssRNA(-); ssRNA(+/-)	species
CRR1440134_clean_NODE_379_length_1398_cov_4.217358	CRR1440134_clean_NODE_379_length_1398_cov_4.217358	8	contig	Riboviria	Pararnavirae	Artverviricota	Revtraviricetes	Ortervirales	Caulimoviridae	Soymovirus	Soymovirus crispocestri	1	ACVirus	N	0	0.00	0.00	0.00	0.00	DNA	dsDNA-RT	species
CRR1440134_clean_NODE_412_length_1350_cov_1.577134	CRR1440134_clean_NODE_412_length_1350_cov_1.577134	3	contig	Riboviria	Pararnavirae	Artverviricota	Revtraviricetes	Ortervirales	Caulimoviridae	Soymovirus	Soymovirus crispocestri	1	ACVirus	Y	0	0.00	0.00	0.00	0.00	DNA	dsDNA-RT	species
CRR1440134_clean_NODE_578_length_1162_cov_1.959596	CRR1440134_clean_NODE_578_length_1162_cov_1.959596	5	contig	Riboviria	Pararnavirae	Artverviricota	Revtraviricetes	Ortervirales	Caulimoviridae	Soymovirus	Soymovirus maculaglycinis	1	ACVirus	Y	0	0.00	0.00	0.00	0.00	DNA	dsDNA-RT	species
CRR1440135_clean_NODE_375_length_3569_cov_12.154176	CRR1440135_clean_NODE_375_length_3569_cov_12.154176	4	contig	Riboviria	Orthornavirae	Pisuviricota	Stelpaviricetes	Patatavirales	Potyviridae	Potyvirus	Potyvirus iristenuis	1	CAT	Y	0	0.00	0.00	0.00	0.00	RNA	ssRNA(+)	species
CRR1440135_clean_NODE_5080_length_751_cov_1.224189	CRR1440135_clean_NODE_5080_length_751_cov_1.224189	2	contig	Riboviria	Orthornavirae	Negarnaviricota	Bunyaviricetes	Elliovirales	Tospoviridae	NA	Tomato necrotic ring virus	0.88	metabuli	N	0	0.00	0.00	0.00	0.00	RNA		tax
CRR1440135_clean_NODE_615_length_2992_cov_2.907845	CRR1440135_clean_NODE_615_length_2992_cov_2.907845	4	contig	Riboviria	Orthornavirae	Kitrinoviricota	Alsuviricetes	Martellivirales	Endornaviridae	Alphaendornavirus	Alphaendornavirus psophocarpi	1	ACVirus	N	0	0.00	0.00	0.00	0.00	RNA	ssRNA(+)	species
CRR1440135_clean_NODE_7177_length_553_cov_1.137500	CRR1440135_clean_NODE_7177_length_553_cov_1.137500	1	contig	Riboviria	Orthornavirae	Kitrinoviricota	Alsuviricetes	Tymovirales	Tymoviridae	Tymovirus	Tymovirus quitoense	1	metabuli	N	0	0.00	0.00	0.00	0.00	RNA	ssRNA(+)	species
CRR1440136_clean_NODE_334_length_4103_cov_11.983375	CRR1440136_clean_NODE_334_length_4103_cov_11.983375	4	contig	Riboviria	Orthornavirae	Kitrinoviricota	Alsuviricetes	Martellivirales	Virgaviridae	NA	Orius laevigatus virga-like virus 2	0.88	CAT	Y	0	0.00	0.00	0.00	0.00	RNA		tax
CRR1440136_clean_NODE_706_length_3151_cov_19.444769	CRR1440136_clean_NODE_706_length_3151_cov_19.444769	3	contig	Varidnaviria	Bamfordvirae	Nucleocytoviricota	Megaviricetes	Imitervirales	Caulimoviridae	Badnavirus	Badnavirus gammavirgamusae	1	metabuli	Y	0	0.00	0.00	0.00	0.00	DNA	dsDNA-RT	species
CRR1440137_clean_NODE_109_length_5142_cov_8.148353	CRR1440137_clean_NODE_109_length_5142_cov_8.148353	4	contig	Riboviria	Orthornavirae	Kitrinoviricota	Alsuviricetes	Tymovirales	Alphaflexiviridae	Potexvirus	Potexvirus babaci	1	metabuli	Y	0	0.00	0.00	0.00	0.00	RNA	ssRNA(+)	species
CRR1440137_clean_NODE_1617_length_1969_cov_6.758966	CRR1440137_clean_NODE_1617_length_1969_cov_6.758966	2	contig	Riboviria	Pararnavirae	Artverviricota	Revtraviricetes	Ortervirales	Caulimoviridae	Caulimovirus	Caulimovirus sp.	1	diamond_lca	N	0	0.00	0.00	0.00	0.00	DNA	dsDNA-RT	genus
CRR1440137_clean_NODE_1638_length_1958_cov_1.736870	CRR1440137_clean_NODE_1638_length_1958_cov_1.736870	1	contig	NA	NA	NA	NA	NA	NA	NA	Apis mellifra filamentous-like virus	0.12	CAT	Y	0	0.00	0.00	0.00	0.00			none
CRR1440137_clean_NODE_4614_length_831_cov_40.150396	CRR1440137_clean_NODE_4614_length_831_cov_40.150396	1	contig	Riboviria	Orthornavirae	Pisuviricota	Stelpaviricetes	Patatavirales	Potyviridae	Ipomovirus	Ipomovirus brunusmanihotis	1	ACVirus	N	0	0.00	0.00	0.00	0.00	RNA	ssRNA(+)	species
CRR1440137_clean_NODE_6001_length_648_cov_1.773913	CRR1440137_clean_NODE_6001_length_648_cov_1.773913	1	contig	Riboviria	Pararnavirae	Artverviricota	Revtraviricetes	Ortervirales	Caulimoviridae	Petuvirus	Petuvirus venapetuniae	1	ACVirus	N	0	0.00	0.00	0.00	0.00	DNA	dsDNA-RT	species
CRR2703946_clean_NODE_12535_length_633_cov_0.862500	CRR2703946_clean_NODE_12535_length_633_cov_0.862500	1	contig	Riboviria	Orthornavirae	Kitrinoviricota	Alsuviricetes	Tymovirales	Betaflexiviridae	Vitivirus	Vitivirus iotavitis	1	ACVirus	N	0	0.00	0.00	0.00	0.00	RNA	ssRNA(+)	species
CRR2703946_clean_NODE_12984_length_617_cov_1.395221	CRR2703946_clean_NODE_12984_length_617_cov_1.395221	1	contig	Riboviria	Orthornavirae	Negarnaviricota	Monjiviricetes	Mononegavirales	Rhabdoviridae	Betanucleorhabdovirus	Ziziphora betanucleorhabdovirus 1	1	metabuli	N	0	0.00	0.00	0.00	0.00	RNA	ssRNA(-)	genus
CRR2703946_clean_NODE_15470_length_547_cov_6.356540	CRR2703946_clean_NODE_15470_length_547_cov_6.356540	2	contig	Riboviria	Orthornavirae	Kitrinoviricota	Tolucaviricetes	Tolivirales	Tombusviridae	NA	Mute swan feces associated tombus-like virus 6	0.88	metabuli	N	0	0.00	0.00	0.00	0.00	RNA		tax
CRR2703946_clean_NODE_164_length_4131_cov_15.874076	CRR2703946_clean_NODE_164_length_4131_cov_15.874076	1	contig	Riboviria	Orthornavirae	Kitrinoviricota	Alsuviricetes	Martellivirales	Closteroviridae	Crinivirus	Crinivirus papyriferae	1	metabuli	Y	0	0.00	0.00	0.00	0.00	RNA	ssRNA(+)	species
CRR2703946_clean_NODE_1681_length_1956_cov_139.973447	CRR2703946_clean_NODE_1681_length_1956_cov_139.973447	4	contig	Riboviria	Orthornavirae	Pisuviricota	Duplopiviricetes	Durnavirales	Partitiviridae	Deltapartitivirus	Deltapartitivirus sp. 'yunanense'	1	metabuli	N	0	0.00	0.00	0.00	0.00	RNA	dsRNA	genus
CRR2703946_clean_NODE_1878_length_1867_cov_96.908027	CRR2703946_clean_NODE_1878_length_1867_cov_96.908027	1	contig	Riboviria	Orthornavirae	Pisuviricota	Duplopiviricetes	Durnavirales	Partitiviridae	Deltapartitivirus	Deltapartitivirus sp. 'yunanense'	1	metabuli	N	0	0.00	0.00	0.00	0.00	RNA	dsRNA	genus
CRR2703946_clean_NODE_298_length_3499_cov_12.124635	CRR2703946_clean_NODE_298_length_3499_cov_12.124635	1	contig	Riboviria	Orthornavirae	Pisuviricota	Stelpaviricetes	Patatavirales	Potyviridae	Potyvirus	Potyvirus iristenuis	1	CAT	Y	0	0.00	0.00	0.00	0.00	RNA	ssRNA(+)	species
CRR2703946_clean_NODE_4696_length_1185_cov_1.130396	CRR2703946_clean_NODE_4696_length_1185_cov_1.130396	1	contig	NA	NA	NA	NA	NA	NA	NA	Fig virus C	0.12	metabuli	N	0	0.00	0.00	0.00	0.00			none
CRR2703946_clean_NODE_493_length_3028_cov_6.351946	CRR2703946_clean_NODE_493_length_3028_cov_6.351946	1	contig	Riboviria	Orthornavirae	Kitrinoviricota	Tolucaviricetes	Tolivirales	NA	NA	Tolivirales sp.	0.75	metabuli	N	0	0.00	0.00	0.00	0.00	RNA		tax
CRR2703946_clean_NODE_7928_length_865_cov_1.611111	CRR2703946_clean_NODE_7928_length_865_cov_1.611111	1	contig	Riboviria	Orthornavirae	Kitrinoviricota	Alsuviricetes	Martellivirales	Closteroviridae	Olivavirus	Olivavirus flavioleae	1	metabuli	N	0	0.00	0.00	0.00	0.00	RNA	ssRNA(+)	species
CRR2703946_clean_NODE_7999_length_861_cov_1.675127	CRR2703946_clean_NODE_7999_length_861_cov_1.675127	1	contig	Riboviria	NA	NA	NA	NA	NA	NA	Beihai weivirus-like virus 1	0.25	metabuli	N	0	0.00	0.00	0.00	0.00			none
CRR2703946_clean_NODE_9967_length_745_cov_2.513393	CRR2703946_clean_NODE_9967_length_745_cov_2.513393	1	contig	Riboviria	Orthornavirae	NA	NA	NA	NA	NA	NA	0.25	metabuli	N	0	0.00	0.00	0.00	0.00	RNA		tax
CRR2703947_clean_NODE_1140_length_1293_cov_5.260656	CRR2703947_clean_NODE_1140_length_1293_cov_5.260656	2	contig	Riboviria	Orthornavirae	Kitrinoviricota	Alsuviricetes	Martellivirales	Closteroviridae	Velarivirus	NA	0.88	metabuli	N	0	0.00	0.00	0.00	0.00	RNA	ssRNA(+)	genus
CRR2703947_clean_NODE_2655_length_911_cov_1.267303	CRR2703947_clean_NODE_2655_length_911_cov_1.267303	1	contig	Riboviria	Orthornavirae	Kitrinoviricota	Alsuviricetes	Tymovirales	Tymoviridae	Tymovirus	Ullucus tymovirus 1	1	metabuli	N	0	0.00	0.00	0.00	0.00	RNA	ssRNA(+)	genus
CRR2703947_clean_NODE_5024_length_685_cov_1.076797	CRR2703947_clean_NODE_5024_length_685_cov_1.076797	1	contig	Riboviria	Orthornavirae	Kitrinoviricota	Alsuviricetes	Martellivirales	Endornaviridae	Alphaendornavirus	Alphaendornavirus yerbae	1	metabuli	N	0	0.00	0.00	0.00	0.00	RNA	ssRNA(+)	species
CRR2703947_clean_NODE_62_length_3305_cov_51.922339	CRR2703947_clean_NODE_62_length_3305_cov_51.922339	1	contig	Riboviria	Orthornavirae	Kitrinoviricota	Alsuviricetes	Martellivirales	Bromoviridae	Cucumovirus	Cucumovirus CMV	1	ACVirus	Y	0	0.00	0.00	0.00	0.00	RNA	ssRNA(+)	species
CRR2703947_clean_NODE_66_length_3277_cov_28.441323	CRR2703947_clean_NODE_66_length_3277_cov_28.441323	1	contig	Riboviria	Orthornavirae	Kitrinoviricota	Alsuviricetes	Martellivirales	Bromoviridae	Cucumovirus	Cucumovirus CMV	1	ACVirus	Y	0	0.00	0.00	0.00	0.00	RNA	ssRNA(+)	species
CRR2703947_clean_NODE_706_length_1542_cov_3.310415	CRR2703947_clean_NODE_706_length_1542_cov_3.310415	1	contig	Riboviria	Pararnavirae	Artverviricota	Revtraviricetes	Ortervirales	Caulimoviridae	Pseudovirus	Pseudovirus evelknieveli	1	ACVirus	N	0	0.00	0.00	0.00	0.00	RNA	ssRNA-RT	species
CRR2703948_clean_NODE_1115_length_2189_cov_8.020794	CRR2703948_clean_NODE_1115_length_2189_cov_8.020794	2	contig	Riboviria	Orthornavirae	Kitrinoviricota	Alsuviricetes	Martellivirales	Bromoviridae	Cucumovirus	Cucumovirus CMV	1	ACVirus	Y	0	0.00	0.00	0.00	0.00	RNA	ssRNA(+)	species
CRR2703948_clean_NODE_128_length_4008_cov_11.489199	CRR2703948_clean_NODE_128_length_4008_cov_11.489199	1	contig	Riboviria	Orthornavirae	Kitrinoviricota	Alsuviricetes	Martellivirales	Kitaviridae	Blunervirus	Beult virus	1	metabuli	Y	0	0.00	0.00	0.00	0.00	RNA	ssRNA(+)	genus
CRR2703948_clean_NODE_15215_length_505_cov_1.053241	CRR2703948_clean_NODE_15215_length_505_cov_1.053241	1	contig	Riboviria	Orthornavirae	Kitrinoviricota	Alsuviricetes	Martellivirales	Kitaviridae	Blunervirus	Nanmu blunervirus 1	1	metabuli	N	0	0.00	0.00	0.00	0.00	RNA	ssRNA(+)	genus
CRR2703948_clean_NODE_2378_length_1602_cov_222.628515	CRR2703948_clean_NODE_2378_length_1602_cov_222.628515	3	contig	Riboviria	Orthornavirae	Pisuviricota	Duplopiviricetes	Durnavirales	Partitiviridae	Deltapartitivirus	Deltapartitivirus sp. 'yunanense'	1	metabuli	N	0	0.00	0.00	0.00	0.00	RNA	dsRNA	genus
CRR2703948_clean_NODE_296_length_3302_cov_6.050170	CRR2703948_clean_NODE_296_length_3302_cov_6.050170	1	contig	Riboviria	Orthornavirae	Kitrinoviricota	Alsuviricetes	Martellivirales	Bromoviridae	Cucumovirus	Cucumovirus CMV	1	ACVirus	Y	0	0.00	0.00	0.00	0.00	RNA	ssRNA(+)	species
CRR2703948_clean_NODE_3676_length_1273_cov_1.502500	CRR2703948_clean_NODE_3676_length_1273_cov_1.502500	1	contig	Riboviria	Orthornavirae	Kitrinoviricota	Alsuviricetes	Tymovirales	Tymoviridae	Maculavirus	Maculavirus vitis	1	metabuli	N	0	0.00	0.00	0.00	0.00	RNA	ssRNA(+)	species
CRR2703948_clean_NODE_369_length_3130_cov_69.216552	CRR2703948_clean_NODE_369_length_3130_cov_69.216552	2	contig	Riboviria	Orthornavirae	Pisuviricota	Stelpaviricetes	Patatavirales	Potyviridae	Potyvirus	Potyvirus iristenuis	1	CAT	Y	0	0.00	0.00	0.00	0.00	RNA	ssRNA(+)	species
CRR2703948_clean_NODE_3948_length_1223_cov_2.993913	CRR2703948_clean_NODE_3948_length_1223_cov_2.993913	3	contig	Riboviria	Orthornavirae	Kitrinoviricota	Alsuviricetes	Tymovirales	Tymoviridae	Tymovirus	Ripocel virus	1	metabuli	N	0	0.00	0.00	0.00	0.00	RNA	ssRNA(+)	genus
CRR2703948_clean_NODE_456_length_2949_cov_4.011822	CRR2703948_clean_NODE_456_length_2949_cov_4.011822	1	contig	Riboviria	Orthornavirae	Kitrinoviricota	Alsuviricetes	Martellivirales	Bromoviridae	Cucumovirus	Cucumovirus CMV	1	ACVirus	Y	0	0.00	0.00	0.00	0.00	RNA	ssRNA(+)	species
CRR2703948_clean_NODE_4638_length_1106_cov_13.045499	CRR2703948_clean_NODE_4638_length_1106_cov_13.045499	2	contig	NA	NA	NA	NA	NA	NA	NA	Polar freshwater circular DNA virus	0.12	metabuli	N	0	0.00	0.00	0.00	0.00			none
CRR2703948_clean_NODE_5043_length_1049_cov_2.318648	CRR2703948_clean_NODE_5043_length_1049_cov_2.318648	1	contig	Riboviria	Orthornavirae	Kitrinoviricota	Alsuviricetes	Tymovirales	Tymoviridae	Tymovirus	NA	0.88	diamond_lca	N	0	0.00	0.00	0.00	0.00	RNA	ssRNA(+)	genus
CRR2703948_clean_NODE_63_length_4732_cov_9.345353	CRR2703948_clean_NODE_63_length_4732_cov_9.345353	2	contig	Varidnaviria	Bamfordvirae	Nucleocytoviricota	NA	NA	NA	NA	NA	0.38	mmseqs	Y	0	0.00	0.00	0.00	0.00	DNA		tax
CRR2703948_clean_NODE_7366_length_826_cov_2.957503	CRR2703948_clean_NODE_7366_length_826_cov_2.957503	1	contig	Riboviria	Orthornavirae	Kitrinoviricota	Alsuviricetes	Martellivirales	Closteroviridae	Closterovirus	Closterovirus tristezae	1	metabuli	N	0	0.00	0.00	0.00	0.00	RNA	ssRNA(+)	species
CRR2703948_clean_NODE_8072_length_776_cov_1.172119	CRR2703948_clean_NODE_8072_length_776_cov_1.172119	1	contig	Riboviria	Orthornavirae	Kitrinoviricota	Alsuviricetes	Martellivirales	Virgaviridae	Goravirus	Erysiphe necator associated gora-like virus 1	1	metabuli	N	0	0.00	0.00	0.00	0.00	RNA	ssRNA(+)	genus
CRR527037_clean_NODE_1_length_9589_cov_22.699243	CRR527037_clean_NODE_1_length_9589_cov_22.699243	23	contig	Riboviria	Orthornavirae	Negarnaviricota	Monjiviricetes	Mononegavirales	Rhabdoviridae	Betacytorhabdovirus	Betacytorhabdovirus lycii	1	ACVirus	N	0	0.00	0.00	0.00	0.00	RNA	ssRNA(-)	species
CRR527038_clean_NODE_286_length_688_cov_1.364228	CRR527038_clean_NODE_286_length_688_cov_1.364228	1	contig	Riboviria	Orthornavirae	Lenarviricota	Amabiliviricetes	NA	NA	NA	Chrocadusk virus	0.62	metabuli	N	0	0.00	0.00	0.00	0.00	RNA		tax
CRR527039_clean_NODE_1439_length_597_cov_1.480916	CRR527039_clean_NODE_1439_length_597_cov_1.480916	1	contig	Riboviria	Orthornavirae	Lenarviricota	Amabiliviricetes	NA	NA	NA	Chrocadusk virus	0.62	metabuli	N	0	0.00	0.00	0.00	0.00	RNA		tax
CRR527039_clean_NODE_326_length_1141_cov_4.083333	CRR527039_clean_NODE_326_length_1141_cov_4.083333	2	contig	Riboviria	Orthornavirae	Negarnaviricota	Bunyaviricetes	Elliovirales	Discoviridae	Orthodiscovirus	Grapevine wood holobiome associated mycobunyavirales-like virus 2	1	CAT	N	0	0.00	0.00	0.00	0.00	RNA	ssRNA(-)	genus
CRR527040_clean_NODE_110_length_1380_cov_10.781943	CRR527040_clean_NODE_110_length_1380_cov_10.781943	1	contig	Riboviria	Orthornavirae	Negarnaviricota	Monjiviricetes	Mononegavirales	Rhabdoviridae	Betacytorhabdovirus	Betacytorhabdovirus lycii	1	ACVirus	N	0	0.00	0.00	0.00	0.00	RNA	ssRNA(-)	species
CRR527040_clean_NODE_111_length_1375_cov_5.154378	CRR527040_clean_NODE_111_length_1375_cov_5.154378	1	contig	Riboviria	Orthornavirae	Negarnaviricota	Monjiviricetes	Mononegavirales	Rhabdoviridae	Betacytorhabdovirus	Betacytorhabdovirus lycii	1	ACVirus	N	0	0.00	0.00	0.00	0.00	RNA	ssRNA(-)	species
CRR527040_clean_NODE_46_length_1926_cov_4.114949	CRR527040_clean_NODE_46_length_1926_cov_4.114949	1	contig	Riboviria	Orthornavirae	Kitrinoviricota	Alsuviricetes	Tymovirales	Closteroviridae	Closterovirus	Citrus virus B	1	CAT	N	0	0.00	0.00	0.00	0.00	RNA	ssRNA(+)	genus
CRR527040_clean_NODE_632_length_719_cov_1.097523	CRR527040_clean_NODE_632_length_719_cov_1.097523	1	contig	Riboviria	Orthornavirae	Negarnaviricota	Bunyaviricetes	Elliovirales	Tospoviridae	Orthotospovirus	Orthotospovirus capsicimaculaflavi	1	metabuli	N	0	0.00	0.00	0.00	0.00	RNA	ssRNA(+/-)	species
CRR527040_clean_NODE_92_length_1455_cov_539.028220	CRR527040_clean_NODE_92_length_1455_cov_539.028220	2	contig	Riboviria	Orthornavirae	Kitrinoviricota	Alsuviricetes	Martellivirales	Virgaviridae	Tobamovirus	Tobamovirus fructirugosum	1	metabuli	N	0	0.00	0.00	0.00	0.00	RNA	ssRNA(+)	species
CRR527040_clean_NODE_99_length_1441_cov_7.001462	CRR527040_clean_NODE_99_length_1441_cov_7.001462	1	contig	Riboviria	Orthornavirae	Negarnaviricota	Monjiviricetes	Mononegavirales	Rhabdoviridae	Betacytorhabdovirus	Betacytorhabdovirus lycii	1	ACVirus	N	0	0.00	0.00	0.00	0.00	RNA	ssRNA(-)	species
CRR527041_clean_NODE_11113_length_707_cov_4.834385	CRR527041_clean_NODE_11113_length_707_cov_4.834385	1	contig	Riboviria	Orthornavirae	Negarnaviricota	Bunyaviricetes	Elliovirales	Tospoviridae	NA	Tomato necrotic ring virus	0.88	metabuli	N	0	0.00	0.00	0.00	0.00	RNA		tax
CRR527041_clean_NODE_11281_length_700_cov_1.052632	CRR527041_clean_NODE_11281_length_700_cov_1.052632	1	contig	Riboviria	Orthornavirae	Pisuviricota	Duplopiviricetes	Durnavirales	Partitiviridae	NA	Pittosporum cryptic virus-1	0.88	metabuli	N	0	0.00	0.00	0.00	0.00	RNA		tax
CRR527041_clean_NODE_1375_length_1943_cov_2.842246	CRR527041_clean_NODE_1375_length_1943_cov_2.842246	1	contig	Riboviria	Orthornavirae	Pisuviricota	Pisoniviricetes	Picornavirales	Secoviridae	Comovirus	Comovirus siliquae	1	metabuli	N	0	0.00	0.00	0.00	0.00	RNA	ssRNA(+)	species
CRR527041_clean_NODE_146_length_3739_cov_12.432351	CRR527041_clean_NODE_146_length_3739_cov_12.432351	1	contig	Riboviria	Orthornavirae	Negarnaviricota	Monjiviricetes	Mononegavirales	Rhabdoviridae	Betacytorhabdovirus	Betacytorhabdovirus lycii	1	diamond_lca	Y	0	0.00	0.00	0.00	0.00	RNA	ssRNA(-)	species
CRR527041_clean_NODE_1593_length_1853_cov_4.065169	CRR527041_clean_NODE_1593_length_1853_cov_4.065169	2	contig	Varidnaviria	Bamfordvirae	Nucleocytoviricota	Megaviricetes	Imitervirales	Mimiviridae	Potyvirus	Potyvirus rapae	1	metabuli	N	0	0.00	0.00	0.00	0.00	RNA	ssRNA(+)	species
CRR527041_clean_NODE_1629_length_1843_cov_19.371751	CRR527041_clean_NODE_1629_length_1843_cov_19.371751	6	contig	Riboviria	Orthornavirae	Kitrinoviricota	Alsuviricetes	Tymovirales	Betaflexiviridae	Vitivirus	Vitivirus muviti	1	metabuli	Y	0	0.00	0.00	0.00	0.00	RNA	ssRNA(+)	species
CRR527041_clean_NODE_19221_length_502_cov_1.599068	CRR527041_clean_NODE_19221_length_502_cov_1.599068	1	contig	Riboviria	Orthornavirae	Pisuviricota	Duplopiviricetes	Durnavirales	Partitiviridae	NA	Disporopsis pernyi associated partitivirus	0.88	metabuli	N	0	0.00	0.00	0.00	0.00	RNA		tax
CRR527041_clean_NODE_1995_length_1716_cov_23.029215	CRR527041_clean_NODE_1995_length_1716_cov_23.029215	1	contig	Riboviria	Bamfordvirae	Nucleocytoviricota	Megaviricetes	Imitervirales	Mimiviridae	Metavirus	Olive virus O	1	metabuli	N	0	0.00	0.00	0.00	0.00	RNA	ssRNA-RT	genus
CRR527041_clean_NODE_210_length_3425_cov_6.209726	CRR527041_clean_NODE_210_length_3425_cov_6.209726	5	contig	Varidnaviria	Bamfordvirae	Nucleocytoviricota	Megaviricetes	Pimascovirales	Pithoviridae	Potexvirus	NA	0.88	mmseqs	Y	0	0.00	0.00	0.00	0.00	RNA	ssRNA(+)	genus
CRR527041_clean_NODE_3003_length_1446_cov_2.175528	CRR527041_clean_NODE_3003_length_1446_cov_2.175528	1	contig	Riboviria	Orthornavirae	Kitrinoviricota	Alsuviricetes	Martellivirales	Endornaviridae	Alphaendornavirus	Alphaendornavirus sp.	1	metabuli	N	0	0.00	0.00	0.00	0.00	RNA	ssRNA(+)	genus
CRR527041_clean_NODE_3462_length_1348_cov_9.922353	CRR527041_clean_NODE_3462_length_1348_cov_9.922353	1	contig	Riboviria	Orthornavirae	Negarnaviricota	Monjiviricetes	Mononegavirales	Rhabdoviridae	Betacytorhabdovirus	Betacytorhabdovirus lycii	1	diamond_lca	N	0	0.00	0.00	0.00	0.00	RNA	ssRNA(-)	species
CRR527041_clean_NODE_4225_length_1235_cov_1.246127	CRR527041_clean_NODE_4225_length_1235_cov_1.246127	1	contig	Riboviria	Orthornavirae	Kitrinoviricota	Alsuviricetes	Martellivirales	Closteroviridae	Ampelovirus	Ampelovirus nanoavii	1	metabuli	N	0	0.00	0.00	0.00	0.00	RNA	ssRNA(+)	species
CRR527041_clean_NODE_4578_length_1182_cov_11.037872	CRR527041_clean_NODE_4578_length_1182_cov_11.037872	1	contig	Riboviria	Orthornavirae	Kitrinoviricota	Alsuviricetes	Tymovirales	Betaflexiviridae	Vitivirus	NA	0.88	diamond_lca	N	0	0.00	0.00	0.00	0.00	RNA	ssRNA(+)	genus
CRR527041_clean_NODE_4725_length_1165_cov_3.167582	CRR527041_clean_NODE_4725_length_1165_cov_3.167582	3	contig	Riboviria	Orthornavirae	Lenarviricota	Miaviricetes	Ourlivirales	Botourmiaviridae	Magoulivirus	Sanya botourmia-like virus 8	1	metabuli	Y	0	0.00	0.00	0.00	0.00	RNA	ssRNA(+)	genus
CRR527041_clean_NODE_4769_length_1158_cov_3.055300	CRR527041_clean_NODE_4769_length_1158_cov_3.055300	3	contig	Riboviria	Orthornavirae	Lenarviricota	Miaviricetes	Ourlivirales	Botourmiaviridae	Magoulivirus	Grapevine wood holobiome associated ourmia-like virus 5	1	metabuli	N	0	0.00	0.00	0.00	0.00	RNA	ssRNA(+)	genus
CRR527041_clean_NODE_5980_length_1030_cov_2.106583	CRR527041_clean_NODE_5980_length_1030_cov_2.106583	1	contig	Riboviria	Orthornavirae	Negarnaviricota	Monjiviricetes	Mononegavirales	Rhabdoviridae	Betacytorhabdovirus	Betacytorhabdovirus lycii	1	metabuli	N	0	0.00	0.00	0.00	0.00	RNA	ssRNA(-)	species
CRR527041_clean_NODE_803_length_2320_cov_7.610147	CRR527041_clean_NODE_803_length_2320_cov_7.610147	4	contig	Riboviria	Orthornavirae	Pisuviricota	Pisoniviricetes	Sobelivirales	NA	NA	Chemarfal virus 200	0.75	metabuli	Y	0	0.00	0.00	0.00	0.00	RNA		tax
CRR527041_clean_NODE_9741_length_772_cov_0.985694	CRR527041_clean_NODE_9741_length_772_cov_0.985694	1	contig	Riboviria	Orthornavirae	Pisuviricota	Duplopiviricetes	Durnavirales	Partitiviridae	NA	Partitiviridae sp.	0.88	metabuli	N	0	0.00	0.00	0.00	0.00	RNA		tax
CRR527042_clean_NODE_10664_length_707_cov_1.607256	CRR527042_clean_NODE_10664_length_707_cov_1.607256	1	contig	Riboviria	Orthornavirae	Negarnaviricota	Bunyaviricetes	Elliovirales	Tospoviridae	Orthotospovirus	Orthotospovirus cucurbichlorosis	1	metabuli	N	0	0.00	0.00	0.00	0.00	RNA	ssRNA(+/-)	species
CRR527042_clean_NODE_1439_length_1811_cov_2.815880	CRR527042_clean_NODE_1439_length_1811_cov_2.815880	1	contig	Riboviria	Orthornavirae	Kitrinoviricota	Alsuviricetes	Martellivirales	Closteroviridae	Ampelovirus	Ampelovirus univitis	1	metabuli	N	0	0.00	0.00	0.00	0.00	RNA	ssRNA(+)	species
CRR527042_clean_NODE_16003_length_551_cov_2.560669	CRR527042_clean_NODE_16003_length_551_cov_2.560669	1	contig	Riboviria	Orthornavirae	Kitrinoviricota	Alsuviricetes	Tymovirales	Tymoviridae	Maculavirus	Maculavirus vitis	1	metabuli	N	0	0.00	0.00	0.00	0.00	RNA	ssRNA(+)	species
CRR527042_clean_NODE_1636_length_1742_cov_5.184542	CRR527042_clean_NODE_1636_length_1742_cov_5.184542	2	contig	Riboviria	Orthornavirae	Kitrinoviricota	Tolucaviricetes	Tolivirales	Tombusviridae	NA	Qianjiang tombus-like virus 18	0.88	diamond_lca	N	0	0.00	0.00	0.00	0.00	RNA		tax
CRR527042_clean_NODE_16693_length_537_cov_1.750000	CRR527042_clean_NODE_16693_length_537_cov_1.750000	1	contig	Riboviria	Orthornavirae	Lenarviricota	Miaviricetes	Ourlivirales	Botourmiaviridae	Magoulivirus	Grapevine wood holobiome associated ourmia-like virus 11	1	metabuli	N	0	0.00	0.00	0.00	0.00	RNA	ssRNA(+)	genus
CRR527042_clean_NODE_17018_length_532_cov_1.357298	CRR527042_clean_NODE_17018_length_532_cov_1.357298	1	contig	Riboviria	Orthornavirae	Kitrinoviricota	Tolucaviricetes	Tolivirales	Draupnirviridae	Malificivirus	Malificivirus porcris	1	ACVirus	Y	0	0.00	0.00	0.00	0.00	DNA	ssDNA(+/-)	species
CRR527042_clean_NODE_17232_length_528_cov_1.421978	CRR527042_clean_NODE_17232_length_528_cov_1.421978	1	contig	Riboviria	Orthornavirae	Negarnaviricota	Monjiviricetes	Mononegavirales	Rhabdoviridae	Betacytorhabdovirus	Betacytorhabdovirus lycii	1	ACVirus	N	0	0.00	0.00	0.00	0.00	RNA	ssRNA(-)	species
CRR527042_clean_NODE_17672_length_520_cov_2.263982	CRR527042_clean_NODE_17672_length_520_cov_2.263982	1	contig	Riboviria	Orthornavirae	Negarnaviricota	Monjiviricetes	Mononegavirales	Rhabdoviridae	Betacytorhabdovirus	Betacytorhabdovirus lycii	1	metabuli	N	0	0.00	0.00	0.00	0.00	RNA	ssRNA(-)	species
CRR527042_clean_NODE_1884_length_1663_cov_9.560377	CRR527042_clean_NODE_1884_length_1663_cov_9.560377	2	contig	Riboviria	Orthornavirae	Pisuviricota	Duplopiviricetes	Durnavirales	Partitiviridae	Deltapartitivirus	Deltapartitivirus sp. 'yunanense'	1	metabuli	N	0	0.00	0.00	0.00	0.00	RNA	dsRNA	genus
CRR527042_clean_NODE_2175_length_1576_cov_2.919494	CRR527042_clean_NODE_2175_length_1576_cov_2.919494	1	contig	Riboviria	Orthornavirae	Kitrinoviricota	Alsuviricetes	Tymovirales	Tymoviridae	Marafivirus	NA	0.88	metabuli	N	0	0.00	0.00	0.00	0.00	RNA	ssRNA(+)	genus
CRR527042_clean_NODE_2367_length_1520_cov_6.682792	CRR527042_clean_NODE_2367_length_1520_cov_6.682792	2	contig	Riboviria	Orthornavirae	Pisuviricota	Duplopiviricetes	Durnavirales	Partitiviridae	Deltapartitivirus	Deltapartitivirus sp. 'yunanense'	1	metabuli	N	0	0.00	0.00	0.00	0.00	RNA	dsRNA	genus
CRR527042_clean_NODE_3257_length_1321_cov_7.514423	CRR527042_clean_NODE_3257_length_1321_cov_7.514423	1	contig	Riboviria	Orthornavirae	Negarnaviricota	Monjiviricetes	Mononegavirales	Rhabdoviridae	Betacytorhabdovirus	Betacytorhabdovirus lycii	1	diamond_lca	N	0	0.00	0.00	0.00	0.00	RNA	ssRNA(-)	species
CRR527042_clean_NODE_340_length_2885_cov_9.601707	CRR527042_clean_NODE_340_length_2885_cov_9.601707	4	contig	Riboviria	Orthornavirae	Pisuviricota	Stelpaviricetes	Patatavirales	Potyviridae	Potyvirus	Potyvirus iristenuis	1	CAT	Y	0	0.00	0.00	0.00	0.00	RNA	ssRNA(+)	species
CRR527042_clean_NODE_381_length_2785_cov_3.643805	CRR527042_clean_NODE_381_length_2785_cov_3.643805	3	contig	Riboviria	Orthornavirae	Pisuviricota	Stelpaviricetes	Patatavirales	Potyviridae	Potyvirus	Potyvirus iristenuis	1	CAT	Y	0	0.00	0.00	0.00	0.00	RNA	ssRNA(+)	species
CRR527042_clean_NODE_4010_length_1202_cov_639.219663	CRR527042_clean_NODE_4010_length_1202_cov_639.219663	1	contig	Riboviria	Orthornavirae	Kitrinoviricota	Alsuviricetes	Tymovirales	Betaflexiviridae	Vitivirus	Vitivirus nuvitis	1	ACVirus	N	0	0.00	0.00	0.00	0.00	RNA	ssRNA(+)	species
CRR527042_clean_NODE_4343_length_1157_cov_2.174354	CRR527042_clean_NODE_4343_length_1157_cov_2.174354	1	contig	Riboviria	Orthornavirae	Kitrinoviricota	Alsuviricetes	Martellivirales	Virgaviridae	NA	Aspergillus flavus virga-like virus 1	0.88	CAT	N	0	0.00	0.00	0.00	0.00	RNA		tax
CRR527042_clean_NODE_452_length_2629_cov_7.050861	CRR527042_clean_NODE_452_length_2629_cov_7.050861	3	contig	Riboviria	Orthornavirae	Lenarviricota	Miaviricetes	Ourlivirales	Botourmiaviridae	Betabotoulivirus	Sanya botourmia-like virus 4	1	CAT	Y	0	0.00	0.00	0.00	0.00	RNA	ssRNA(+)	genus
CRR527042_clean_NODE_593_length_2418_cov_11.718550	CRR527042_clean_NODE_593_length_2418_cov_11.718550	3	contig	Riboviria	Orthornavirae	Kitrinoviricota	Alsuviricetes	Tymovirales	Betaflexiviridae	Citrivirus	Citrivirus unipolysciasii	1	mmseqs	Y	0	0.00	0.00	0.00	0.00	RNA	ssRNA(+)	species
CRR527042_clean_NODE_8628_length_801_cov_2.431319	CRR527042_clean_NODE_8628_length_801_cov_2.431319	1	contig	Riboviria	Orthornavirae	Pisuviricota	Duplopiviricetes	Durnavirales	Partitiviridae	NA	Disporopsis pernyi associated partitivirus	0.88	metabuli	N	0	0.00	0.00	0.00	0.00	RNA		tax
CRR527042_clean_NODE_88_length_3984_cov_5.436461	CRR527042_clean_NODE_88_length_3984_cov_5.436461	4	contig	Riboviria	Orthornavirae	Kitrinoviricota	Alsuviricetes	Martellivirales	Endornaviridae	Alphaendornavirus	Alphaendornavirus fucapsici	1	ACVirus	Y	0	0.00	0.00	0.00	0.00	RNA	ssRNA(+)	species
CRR527042_clean_NODE_8921_length_786_cov_1.253857	CRR527042_clean_NODE_8921_length_786_cov_1.253857	1	contig	Riboviria	Orthornavirae	Kitrinoviricota	Tolucaviricetes	Tolivirales	Tombusviridae	Tralespevirus	Tralespevirus gompholobii	1	ACVirus	Y	0	0.00	0.00	0.00	0.00	RNA	ssRNA(+)	species
CRR527043_clean_NODE_14380_length_618_cov_1.330275	CRR527043_clean_NODE_14380_length_618_cov_1.330275	1	contig	Riboviria	Orthornavirae	Lenarviricota	Miaviricetes	Ourlivirales	Botourmiaviridae	Magoulivirus	Grapevine wood holobiome associated ourmia-like virus 11	1	metabuli	Y	0	0.00	0.00	0.00	0.00	RNA	ssRNA(+)	genus
CRR527043_clean_NODE_1668_length_1800_cov_24.270411	CRR527043_clean_NODE_1668_length_1800_cov_24.270411	6	contig	Riboviria	Orthornavirae	Kitrinoviricota	Alsuviricetes	Martellivirales	Virgaviridae	NA	Virgaviridae sp.	0.88	metabuli	N	0	0.00	0.00	0.00	0.00	RNA		tax
CRR527043_clean_NODE_1690_length_1790_cov_3.724520	CRR527043_clean_NODE_1690_length_1790_cov_3.724520	1	contig	Riboviria	Orthornavirae	Kitrinoviricota	Alsuviricetes	Tymovirales	Tymoviridae	Marafivirus	NA	0.88	metabuli	N	0	0.00	0.00	0.00	0.00	RNA	ssRNA(+)	genus
CRR527043_clean_NODE_16_length_6115_cov_22.708871	CRR527043_clean_NODE_16_length_6115_cov_22.708871	8	contig	Riboviria	Orthornavirae	Kitrinoviricota	Alsuviricetes	Tymovirales	Tymoviridae	NA	Mertensia leaf curl virus	0.88	metabuli	N	0	0.00	0.00	0.00	0.00	RNA		tax
CRR527043_clean_NODE_19_length_5933_cov_210.196075	CRR527043_clean_NODE_19_length_5933_cov_210.196075	15	contig	Riboviria	Orthornavirae	Negarnaviricota	Monjiviricetes	Mononegavirales	Rhabdoviridae	Betacytorhabdovirus	Betacytorhabdovirus lycii	1	ACVirus	N	0	0.00	0.00	0.00	0.00	RNA	ssRNA(-)	species
CRR527043_clean_NODE_200_length_3383_cov_13.140483	CRR527043_clean_NODE_200_length_3383_cov_13.140483	6	contig	Riboviria	Orthornavirae	Pisuviricota	Stelpaviricetes	Patatavirales	Potyviridae	Potyvirus	Potyvirus iristenuis	1	CAT	Y	0	0.00	0.00	0.00	0.00	RNA	ssRNA(+)	species
CRR527043_clean_NODE_2156_length_1651_cov_3.291508	CRR527043_clean_NODE_2156_length_1651_cov_3.291508	2	contig	Riboviria	Orthornavirae	Lenarviricota	Miaviricetes	Ourlivirales	Botourmiaviridae	Betabotoulivirus	Sanya botourmia-like virus 4	1	CAT	Y	0	0.00	0.00	0.00	0.00	RNA	ssRNA(+)	genus
CRR527043_clean_NODE_2186_length_1642_cov_7.186106	CRR527043_clean_NODE_2186_length_1642_cov_7.186106	1	contig	Riboviria	Orthornavirae	Pisuviricota	Duplopiviricetes	Durnavirales	Partitiviridae	NA	Disporopsis pernyi associated partitivirus	0.88	metabuli	N	0	0.00	0.00	0.00	0.00	RNA		tax
CRR527043_clean_NODE_2739_length_1498_cov_2.484211	CRR527043_clean_NODE_2739_length_1498_cov_2.484211	1	contig	Riboviria	Orthornavirae	Pisuviricota	Stelpaviricetes	Patatavirales	Potyviridae	Potyvirus	Potyvirus rapae	1	metabuli	N	0	0.00	0.00	0.00	0.00	RNA	ssRNA(+)	species
CRR527043_clean_NODE_2_length_11851_cov_175.716930	CRR527043_clean_NODE_2_length_11851_cov_175.716930	9	contig	Riboviria	Orthornavirae	Kitrinoviricota	Alsuviricetes	Tymovirales	Closteroviridae	Closterovirus	Citrus virus B	1	CAT	Y	0	0.00	0.00	0.00	0.00	RNA	ssRNA(+)	genus
CRR527043_clean_NODE_717_length_2345_cov_5.228873	CRR527043_clean_NODE_717_length_2345_cov_5.228873	3	contig	Riboviria	Orthornavirae	Pisuviricota	Stelpaviricetes	Patatavirales	Potyviridae	Tritimovirus	Tritimovirus eqlidense	1	metabuli	Y	0	0.00	0.00	0.00	0.00	RNA	ssRNA(+)	species
CRR527043_clean_NODE_8591_length_844_cov_2.530480	CRR527043_clean_NODE_8591_length_844_cov_2.530480	1	contig	Riboviria	Orthornavirae	Lenarviricota	Miaviricetes	Ourlivirales	Botourmiaviridae	Magoulivirus	Grapevine wood holobiome associated ourmia-like virus 11	1	metabuli	N	0	0.00	0.00	0.00	0.00	RNA	ssRNA(+)	genus
CRR527046_clean_NODE_101_length_3111_cov_5.640224	CRR527046_clean_NODE_101_length_3111_cov_5.640224	1	contig	Riboviria	Orthornavirae	Negarnaviricota	Milneviricetes	Naedrevirales	Aspiviridae	NA	NA	0.75	metabuli	Y	0	0.00	0.00	0.00	0.00	RNA		tax
CRR527046_clean_NODE_11018_length_579_cov_2.873518	CRR527046_clean_NODE_11018_length_579_cov_2.873518	1	contig	Riboviria	Orthornavirae	Negarnaviricota	Bunyaviricetes	Elliovirales	Tospoviridae	NA	Tomato necrotic ring virus	0.88	metabuli	N	0	0.00	0.00	0.00	0.00	RNA		tax
CRR527046_clean_NODE_11068_length_578_cov_2.087129	CRR527046_clean_NODE_11068_length_578_cov_2.087129	1	contig	Riboviria	Orthornavirae	Pisuviricota	Duplopiviricetes	Durnavirales	Partitiviridae	NA	Partitiviridae sp.	0.88	metabuli	N	0	0.00	0.00	0.00	0.00	RNA		tax
CRR527046_clean_NODE_114_length_3005_cov_10.236016	CRR527046_clean_NODE_114_length_3005_cov_10.236016	1	contig	Riboviria	Orthornavirae	Kitrinoviricota	Tolucaviricetes	Tolivirales	Tombusviridae	Luteovirus	Luteovirus rosae	1	ACVirus	Y	0	0.00	0.00	0.00	0.00	RNA	ssRNA(+)	species
CRR527046_clean_NODE_11861_length_561_cov_2.774590	CRR527046_clean_NODE_11861_length_561_cov_2.774590	1	contig	Riboviria	Orthornavirae	Pisuviricota	Stelpaviricetes	Patatavirales	Astroviridae	Potyvirus	Potyvirus nicotianavenamaculae	1	ACVirus	Y	0	0.00	0.00	0.00	0.00	RNA	ssRNA(+)	species
CRR527046_clean_NODE_11891_length_560_cov_3.841889	CRR527046_clean_NODE_11891_length_560_cov_3.841889	1	contig	Riboviria	Orthornavirae	Pisuviricota	Duplopiviricetes	Durnavirales	Partitiviridae	NA	Pittosporum cryptic virus-1	0.88	metabuli	N	0	0.00	0.00	0.00	0.00	RNA		tax
CRR527046_clean_NODE_12429_length_550_cov_5.966457	CRR527046_clean_NODE_12429_length_550_cov_5.966457	1	contig	Riboviria	Orthornavirae	Pisuviricota	Duplopiviricetes	Durnavirales	Partitiviridae	NA	NA	0.75	CAT	N	0	0.00	0.00	0.00	0.00	RNA		tax
CRR527046_clean_NODE_12530_length_549_cov_1.252101	CRR527046_clean_NODE_12530_length_549_cov_1.252101	1	contig	Riboviria	Orthornavirae	Kitrinoviricota	Alsuviricetes	Martellivirales	Bromoviridae	Cucumovirus	Cucumovirus CMV	1	metabuli	N	0	0.00	0.00	0.00	0.00	RNA	ssRNA(+)	species
CRR527046_clean_NODE_12738_length_545_cov_2.074153	CRR527046_clean_NODE_12738_length_545_cov_2.074153	1	contig	Riboviria	Orthornavirae	Pisuviricota	Pisoniviricetes	Sobelivirales	Solemoviridae	Sobemovirus	Sobemovirus SNMOV	1	ACVirus	N	0	0.00	0.00	0.00	0.00	RNA	ssRNA(+)	species
CRR527046_clean_NODE_12774_length_544_cov_16.530786	CRR527046_clean_NODE_12774_length_544_cov_16.530786	1	contig	Riboviria	Orthornavirae	Kitrinoviricota	Alsuviricetes	Tymovirales	Alphaflexiviridae	NA	Hainan alphaflexivirus 2	0.88	metabuli	N	0	0.00	0.00	0.00	0.00	RNA		tax
CRR527046_clean_NODE_12903_length_542_cov_67.950959	CRR527046_clean_NODE_12903_length_542_cov_67.950959	1	contig	Riboviria	Orthornavirae	Pisuviricota	Pisoniviricetes	Sobelivirales	Solemoviridae	Sobemovirus	Sobemovirus sp.	1	metabuli	N	0	0.00	0.00	0.00	0.00	RNA	ssRNA(+)	genus
CRR527046_clean_NODE_13422_length_534_cov_3.924078	CRR527046_clean_NODE_13422_length_534_cov_3.924078	1	contig	Riboviria	Orthornavirae	Kitrinoviricota	Alsuviricetes	Martellivirales	Kitaviridae	Blunervirus	Blunervirus tritici	1	metabuli	N	0	0.00	0.00	0.00	0.00	RNA	ssRNA(+)	species
CRR527046_clean_NODE_13688_length_530_cov_1.336980	CRR527046_clean_NODE_13688_length_530_cov_1.336980	1	contig	Riboviria	Orthornavirae	Pisuviricota	Stelpaviricetes	Patatavirales	NA	NA	Patatavirales sp.	0.75	diamond_lca	N	0	0.00	0.00	0.00	0.00	RNA		tax
CRR527046_clean_NODE_13944_length_526_cov_1.388521	CRR527046_clean_NODE_13944_length_526_cov_1.388521	1	contig	Riboviria	Orthornavirae	Kitrinoviricota	Tolucaviricetes	Tolivirales	Tombusviridae	NA	Qianjiang tombus-like virus 149	0.88	CAT	N	0	0.00	0.00	0.00	0.00	RNA		tax
CRR527046_clean_NODE_14326_length_520_cov_2.563758	CRR527046_clean_NODE_14326_length_520_cov_2.563758	1	contig	Riboviria	Orthornavirae	Kitrinoviricota	Tolucaviricetes	Tolivirales	Tombusviridae	NA	Ripoflax virus	0.88	CAT	N	0	0.00	0.00	0.00	0.00	RNA		tax
CRR527046_clean_NODE_14530_length_517_cov_15.653153	CRR527046_clean_NODE_14530_length_517_cov_15.653153	1	contig	Riboviria	Orthornavirae	Negarnaviricota	Monjiviricetes	Mononegavirales	Rhabdoviridae	Betacytorhabdovirus	Betacytorhabdovirus lycii	1	ACVirus	N	0	0.00	0.00	0.00	0.00	RNA	ssRNA(-)	species
CRR527046_clean_NODE_14794_length_514_cov_1.360544	CRR527046_clean_NODE_14794_length_514_cov_1.360544	1	contig	Riboviria	Orthornavirae	Kitrinoviricota	Alsuviricetes	Tymovirales	Betaflexiviridae	Trichovirus	Trichovirus necroacini	1	ACVirus	Y	0	0.00	0.00	0.00	0.00	RNA	ssRNA(+)	species
CRR527046_clean_NODE_1484_length_1285_cov_4.835809	CRR527046_clean_NODE_1484_length_1285_cov_4.835809	1	contig	Riboviria	Orthornavirae	Lenarviricota	Miaviricetes	Ourlivirales	Ourmiaviridae	Ourmiavirus	Ourmiavirus cucurbitae	1	ACVirus	Y	0	0.00	0.00	0.00	0.00	RNA	ssRNA(+)	species
CRR527046_clean_NODE_1508_length_1277_cov_3.137874	CRR527046_clean_NODE_1508_length_1277_cov_3.137874	1	contig	Riboviria	Orthornavirae	Kitrinoviricota	Tolucaviricetes	Tolivirales	Tombusviridae	NA	Qianjiang tombus-like virus 94	0.88	CAT	N	0	0.00	0.00	0.00	0.00	RNA		tax
CRR527046_clean_NODE_1654_length_1235_cov_4.064544	CRR527046_clean_NODE_1654_length_1235_cov_4.064544	1	contig	Riboviria	Orthornavirae	Lenarviricota	Amabiliviricetes	Ourlivirales	Narnaviridae	Ourmiavirus	Ourmiavirus cucurbitae	1	ACVirus	N	0	0.00	0.00	0.00	0.00	RNA	ssRNA(+)	species
CRR527046_clean_NODE_1891_length_1175_cov_1.967332	CRR527046_clean_NODE_1891_length_1175_cov_1.967332	1	contig	Riboviria	Orthornavirae	Kitrinoviricota	Tolucaviricetes	Tolivirales	NA	NA	NA	0.62	VITAP	Y	0	0.00	0.00	0.00	0.00	RNA		tax
CRR527046_clean_NODE_18_length_5363_cov_7.853497	CRR527046_clean_NODE_18_length_5363_cov_7.853497	1	contig	Riboviria	Orthornavirae	Pisuviricota	Pisoniviricetes	Sobelivirales	Solemoviridae	Polerovirus	Qianjiang sobemo-like virus 18	1	metabuli	Y	0	0.00	0.00	0.00	0.00	RNA	ssRNA(+)	genus
CRR527046_clean_NODE_1964_length_1158_cov_3.867281	CRR527046_clean_NODE_1964_length_1158_cov_3.867281	1	contig	Riboviria	Pararnavirae	Artverviricota	Revtraviricetes	Ortervirales	Caulimoviridae	Rosadnavirus	Rosadnavirus maculaviolae	1	ACVirus	Y	0	0.00	0.00	0.00	0.00	DNA	dsDNA-RT	species
CRR527046_clean_NODE_1_length_18125_cov_301.957512	CRR527046_clean_NODE_1_length_18125_cov_301.957512	25	contig	Riboviria	Orthornavirae	Kitrinoviricota	Alsuviricetes	Tymovirales	Closteroviridae	Closterovirus	Citrus virus B	1	CAT	Y	0	0.00	0.00	0.00	0.00	RNA	ssRNA(+)	genus
CRR527046_clean_NODE_237_length_2438_cov_4.693023	CRR527046_clean_NODE_237_length_2438_cov_4.693023	1	contig	Riboviria	Orthornavirae	Kitrinoviricota	Tolucaviricetes	Tolivirales	Tombusviridae	NA	NA	0.75	genomad	Y	0	0.00	0.00	0.00	0.00	RNA		tax
CRR527046_clean_NODE_251_length_2397_cov_6.215146	CRR527046_clean_NODE_251_length_2397_cov_6.215146	1	contig	Riboviria	Orthornavirae	Kitrinoviricota	Tolucaviricetes	Tolivirales	Tombusviridae	NA	NA	0.75	mmseqs	Y	0	0.00	0.00	0.00	0.00	RNA		tax
CRR527046_clean_NODE_2978_length_994_cov_3.403909	CRR527046_clean_NODE_2978_length_994_cov_3.403909	1	contig	Riboviria	Orthornavirae	Pisuviricota	Pisoniviricetes	Sobelivirales	Solemoviridae	Polerovirus	Polerovirus SLPV	1	ACVirus	Y	0	0.00	0.00	0.00	0.00	RNA	ssRNA(+)	species
CRR527046_clean_NODE_3352_length_949_cov_2.196347	CRR527046_clean_NODE_3352_length_949_cov_2.196347	1	contig	Riboviria	Orthornavirae	Kitrinoviricota	Tolucaviricetes	Tolivirales	Tombusviridae	Umbravirus	Umbravirus carotae	1	ACVirus	Y	0	0.00	0.00	0.00	0.00	RNA	ssRNA(+)	species
CRR527046_clean_NODE_3404_length_941_cov_3.735023	CRR527046_clean_NODE_3404_length_941_cov_3.735023	1	contig	Riboviria	Orthornavirae	Kitrinoviricota	Tolucaviricetes	Tolivirales	Tombusviridae	Luteovirus	NA	0.88	CAT	Y	0	0.00	0.00	0.00	0.00	RNA	ssRNA(+)	genus
CRR527046_clean_NODE_3786_length_900_cov_3.228537	CRR527046_clean_NODE_3786_length_900_cov_3.228537	1	contig	Riboviria	Orthornavirae	Pisuviricota	Pisoniviricetes	Picornavirales	Secoviridae	Waikavirus	Waikavirus primulae	1	ACVirus	N	0	0.00	0.00	0.00	0.00	RNA	ssRNA(+)	species
CRR527046_clean_NODE_3916_length_887_cov_4.422604	CRR527046_clean_NODE_3916_length_887_cov_4.422604	1	contig	Riboviria	Orthornavirae	Kitrinoviricota	Tolucaviricetes	Tolivirales	Tombusviridae	Alphanecrovirus	Qianjiang tombus-like virus 138	1	metabuli	Y	0	0.00	0.00	0.00	0.00	RNA	ssRNA(+)	genus
CRR527046_clean_NODE_4072_length_872_cov_2.235294	CRR527046_clean_NODE_4072_length_872_cov_2.235294	1	contig	Riboviria	Orthornavirae	Kitrinoviricota	Tolucaviricetes	Tolivirales	Tombusviridae	NA	Flumine tombus-like virus 48	0.88	diamond_lca	N	0	0.00	0.00	0.00	0.00	RNA		tax
CRR527046_clean_NODE_4133_length_868_cov_1.062893	CRR527046_clean_NODE_4133_length_868_cov_1.062893	1	contig	Riboviria	Orthornavirae	Negarnaviricota	Monjiviricetes	Mononegavirales	Rhabdoviridae	Betacytorhabdovirus	Betacytorhabdovirus lycii	1	ACVirus	N	0	0.00	0.00	0.00	0.00	RNA	ssRNA(-)	species
CRR527046_clean_NODE_424_length_1988_cov_4.620366	CRR527046_clean_NODE_424_length_1988_cov_4.620366	1	contig	Riboviria	Orthornavirae	Kitrinoviricota	Tolucaviricetes	Tolivirales	NA	NA	Tolivirales sp.	0.75	CAT	Y	0	0.00	0.00	0.00	0.00	RNA		tax
CRR527046_clean_NODE_4666_length_827_cov_2.824934	CRR527046_clean_NODE_4666_length_827_cov_2.824934	1	contig	Riboviria	Orthornavirae	Pisuviricota	Pisoniviricetes	Sobelivirales	Barnaviridae	Sobemovirus	Barnaviridae sp.	1	CAT	N	0	0.00	0.00	0.00	0.00	RNA	ssRNA(+)	genus
CRR527046_clean_NODE_4685_length_826_cov_1.622842	CRR527046_clean_NODE_4685_length_826_cov_1.622842	1	contig	Riboviria	Orthornavirae	Kitrinoviricota	Magsaviricetes	Nodamuvirales	Tombusviridae	NA	NA	0.75	mmseqs	Y	0	0.00	0.00	0.00	0.00	RNA		tax
CRR527046_clean_NODE_4_length_12596_cov_20.826958	CRR527046_clean_NODE_4_length_12596_cov_20.826958	1	contig	Varidnaviria	Bamfordvirae	Nucleocytoviricota	Megaviricetes	Imitervirales	Hydriviridae	Alphahydrivirus	Tymovirus chayotis	1	metabuli	N	0	0.00	0.00	0.00	0.00	RNA	ssRNA(+)	species
CRR527046_clean_NODE_5189_length_795_cov_878.634349	CRR527046_clean_NODE_5189_length_795_cov_878.634349	1	contig	Riboviria	Orthornavirae	NA	NA	NA	NA	NA	NA	0.25	metabuli	N	0	0.00	0.00	0.00	0.00	RNA		tax
CRR527046_clean_NODE_595_length_1800_cov_20.133758	CRR527046_clean_NODE_595_length_1800_cov_20.133758	1	contig	Riboviria	Shotokuvirae	Cressdnaviricota	Tolucaviricetes	Tolivirales	Draupnirviridae	Volantivirus	Volantivirus lastavis	1	ACVirus	Y	0	0.00	0.00	0.00	0.00	DNA	ssDNA(+/-)	species
CRR527046_clean_NODE_6102_length_743_cov_9.380597	CRR527046_clean_NODE_6102_length_743_cov_9.380597	1	contig	Riboviria	Orthornavirae	Negarnaviricota	Milneviricetes	Naedrevirales	Aspiviridae	NA	Aspiviridae sp.	0.88	metabuli	N	0	0.00	0.00	0.00	0.00	RNA		tax
CRR527046_clean_NODE_651_length_1735_cov_12.015042	CRR527046_clean_NODE_651_length_1735_cov_12.015042	1	contig	Riboviria	Orthornavirae	Kitrinoviricota	Alsuviricetes	Tymovirales	Tymoviridae	Marafivirus	NA	0.88	diamond_lca	N	0	0.00	0.00	0.00	0.00	RNA	ssRNA(+)	genus
CRR527046_clean_NODE_711_length_1684_cov_7.451893	CRR527046_clean_NODE_711_length_1684_cov_7.451893	1	contig	Riboviria	Orthornavirae	Kitrinoviricota	Tolucaviricetes	Tolivirales	Tombusviridae	NA	NA	0.75	CAT	N	0	0.00	0.00	0.00	0.00	RNA		tax
CRR527046_clean_NODE_7370_length_685_cov_4.629085	CRR527046_clean_NODE_7370_length_685_cov_4.629085	1	contig	Riboviria	Orthornavirae	Pisuviricota	Pisoniviricetes	Picornavirales	Secoviridae	NA	Cat Tien Hyleoglomeris seco-like virus	0.88	CAT	N	0	0.00	0.00	0.00	0.00	RNA		tax
CRR527046_clean_NODE_73_length_3593_cov_48.201420	CRR527046_clean_NODE_73_length_3593_cov_48.201420	1	contig	Riboviria	Orthornavirae	Lenarviricota	Amabiliviricetes	Ourlivirales	Ourmiaviridae	Ourmiavirus	Sopakyq virus	1	metabuli	Y	0	0.00	0.00	0.00	0.00	RNA	ssRNA(+)	genus
CRR527046_clean_NODE_7451_length_682_cov_3.367816	CRR527046_clean_NODE_7451_length_682_cov_3.367816	1	contig	Riboviria	Orthornavirae	Kitrinoviricota	Tolucaviricetes	Tolivirales	Tombusviridae	NA	NA	0.75	genomad	Y	0	0.00	0.00	0.00	0.00	RNA		tax
CRR527046_clean_NODE_749_length_1651_cov_7.928390	CRR527046_clean_NODE_749_length_1651_cov_7.928390	1	contig	Riboviria	Orthornavirae	Kitrinoviricota	Tolucaviricetes	Tolivirales	Draupnirviridae	Torentivirus	Torentivirus orstucis	1	ACVirus	Y	0	0.00	0.00	0.00	0.00	DNA	ssDNA(+/-)	species
CRR527046_clean_NODE_7629_length_676_cov_1.966833	CRR527046_clean_NODE_7629_length_676_cov_1.966833	1	contig	Riboviria	Orthornavirae	Kitrinoviricota	Tolucaviricetes	Tolivirales	Tombusviridae	NA	NA	0.75	genomad	N	0	0.00	0.00	0.00	0.00	RNA		tax
CRR527046_clean_NODE_7799_length_670_cov_0.842546	CRR527046_clean_NODE_7799_length_670_cov_0.842546	1	contig	Riboviria	Orthornavirae	Kitrinoviricota	Alsuviricetes	Tymovirales	Tymoviridae	Tymovirus	NA	0.88	mmseqs	N	0	0.00	0.00	0.00	0.00	RNA	ssRNA(+)	genus
CRR527046_clean_NODE_8079_length_659_cov_2.486348	CRR527046_clean_NODE_8079_length_659_cov_2.486348	1	contig	Riboviria	Orthornavirae	Pisuviricota	Pisoniviricetes	Sobelivirales	Barnaviridae	Enamovirus	Enamovirus BPVE	1	ACVirus	Y	0	0.00	0.00	0.00	0.00	RNA	ssRNA(+)	species
CRR527046_clean_NODE_8122_length_658_cov_1.029060	CRR527046_clean_NODE_8122_length_658_cov_1.029060	1	contig	Riboviria	Orthornavirae	Kitrinoviricota	Tolucaviricetes	Tolivirales	Tombusviridae	NA	Qianjiang tombus-like virus 46	0.88	metabuli	Y	0	0.00	0.00	0.00	0.00	RNA		tax
CRR527046_clean_NODE_8156_length_656_cov_12.180103	CRR527046_clean_NODE_8156_length_656_cov_12.180103	1	contig	Riboviria	Orthornavirae	Kitrinoviricota	Tolucaviricetes	Tolivirales	Tombusviridae	NA	Ripoflyv virus	0.88	metabuli	N	0	0.00	0.00	0.00	0.00	RNA		tax
CRR527046_clean_NODE_8312_length_652_cov_1.875648	CRR527046_clean_NODE_8312_length_652_cov_1.875648	1	contig	Riboviria	Orthornavirae	Kitrinoviricota	Tolucaviricetes	Tolivirales	Tombusviridae	Umbravirus	Umbravirus patriniae	1	ACVirus	Y	0	0.00	0.00	0.00	0.00	RNA	ssRNA(+)	species
CRR527046_clean_NODE_838_length_1595_cov_6.099212	CRR527046_clean_NODE_838_length_1595_cov_6.099212	1	contig	Riboviria	Orthornavirae	Kitrinoviricota	Tolucaviricetes	Tolivirales	Tombusviridae	NA	NA	0.75	genomad	N	0	0.00	0.00	0.00	0.00	RNA		tax
CRR527046_clean_NODE_847_length_1588_cov_1.815842	CRR527046_clean_NODE_847_length_1588_cov_1.815842	1	contig	Riboviria	Orthornavirae	Kitrinoviricota	Alsuviricetes	Tymovirales	Alphaflexiviridae	Potexvirus	Potexvirus bambusae	1	metabuli	N	0	0.00	0.00	0.00	0.00	RNA	ssRNA(+)	species
CRR527046_clean_NODE_8508_length_646_cov_1.982548	CRR527046_clean_NODE_8508_length_646_cov_1.982548	1	contig	Riboviria	Orthornavirae	Kitrinoviricota	Tolucaviricetes	Tolivirales	Tombusviridae	Dianthovirus	Dianthovirus meliloti	1	ACVirus	Y	0	0.00	0.00	0.00	0.00	RNA	ssRNA(+)	species
CRR527046_clean_NODE_854_length_1583_cov_9.467550	CRR527046_clean_NODE_854_length_1583_cov_9.467550	1	contig	Riboviria	Orthornavirae	Pisuviricota	Duplopiviricetes	Durnavirales	Partitiviridae	Deltapartitivirus	Deltapartitivirus sp. 'yunanense'	1	metabuli	N	0	0.00	0.00	0.00	0.00	RNA	dsRNA	genus
CRR527046_clean_NODE_855_length_1583_cov_3.889404	CRR527046_clean_NODE_855_length_1583_cov_3.889404	1	contig	Riboviria	Orthornavirae	Kitrinoviricota	Alsuviricetes	Tymovirales	Alphaflexiviridae	Potexvirus	Potexvirus ecsthalassiae	1	metabuli	N	0	0.00	0.00	0.00	0.00	RNA	ssRNA(+)	species
CRR527046_clean_NODE_9350_length_621_cov_2.518248	CRR527046_clean_NODE_9350_length_621_cov_2.518248	1	contig	Riboviria	Orthornavirae	Kitrinoviricota	Tolucaviricetes	Tolivirales	Draupnirviridae	Malificivirus	Malificivirus porcris	1	ACVirus	Y	0	0.00	0.00	0.00	0.00	DNA	ssDNA(+/-)	species
CRR527046_clean_NODE_9873_length_607_cov_1.911985	CRR527046_clean_NODE_9873_length_607_cov_1.911985	1	contig	Riboviria	Orthornavirae	Pisuviricota	Pisoniviricetes	Sobelivirales	Barnaviridae	Enamovirus	Enamovirus PEEV	1	ACVirus	Y	0	0.00	0.00	0.00	0.00	RNA	ssRNA(+)	species
CRR527048_clean_NODE_7_length_3066_cov_6.674240	CRR527048_clean_NODE_7_length_3066_cov_6.674240	1	contig	Riboviria	Orthornavirae	Kitrinoviricota	Alsuviricetes	Tymovirales	Closteroviridae	Crinivirus	Citrus virus B	1	CAT	N	0	0.00	0.00	0.00	0.00	RNA	ssRNA(+)	genus
CRR527049_clean_NODE_178_length_841_cov_0.350260	CRR527049_clean_NODE_178_length_841_cov_0.350260	1	contig	Riboviria	Orthornavirae	Negarnaviricota	Monjiviricetes	Mononegavirales	Partitiviridae	Betacytorhabdovirus	Disporopsis pernyi associated partitivirus	1	metabuli	N	0	0.00	0.00	0.00	0.00	RNA	ssRNA(-)	genus
CRR527049_clean_NODE_8_length_2837_cov_45.871925	CRR527049_clean_NODE_8_length_2837_cov_45.871925	1	contig	Riboviria	Orthornavirae	Negarnaviricota	Monjiviricetes	Mononegavirales	Rhabdoviridae	Betacytorhabdovirus	Betacytorhabdovirus lycii	1	ACVirus	Y	0	0.00	0.00	0.00	0.00	RNA	ssRNA(-)	species
CRR527050_clean_NODE_3525_length_711_cov_2.023511	CRR527050_clean_NODE_3525_length_711_cov_2.023511	1	contig	Riboviria	Orthornavirae	Negarnaviricota	Monjiviricetes	Mononegavirales	Rhabdoviridae	Alphanucleorhabdovirus	Alphanucleorhabdovirus lycopersici	1	metabuli	N	0	0.00	0.00	0.00	0.00	RNA	ssRNA(-)	species
CRR527050_clean_NODE_4847_length_612_cov_1.755102	CRR527050_clean_NODE_4847_length_612_cov_1.755102	1	contig	Riboviria	Orthornavirae	Lenarviricota	Miaviricetes	Ourlivirales	Botourmiaviridae	Betascleroulivirus	Watermelon botourmiavirus 1	1	metabuli	Y	0	0.00	0.00	0.00	0.00	RNA	ssRNA(+)	genus
CRR527050_clean_NODE_5_length_7358_cov_246.043102	CRR527050_clean_NODE_5_length_7358_cov_246.043102	18	contig	Riboviria	Orthornavirae	Kitrinoviricota	Alsuviricetes	Tymovirales	Betaflexiviridae	Vitivirus	Agave yellow streak virus Jalisco 2	1	metabuli	Y	0	0.00	0.00	0.00	0.00	RNA	ssRNA(+)	genus
CRR527050_clean_NODE_7310_length_508_cov_0.685057	CRR527050_clean_NODE_7310_length_508_cov_0.685057	1	contig	Riboviria	Orthornavirae	Negarnaviricota	Bunyaviricetes	Elliovirales	Discoviridae	Orthodiscovirus	Grapevine wood holobiome associated mycobunyavirales-like virus 2	1	CAT	N	0	0.00	0.00	0.00	0.00	RNA	ssRNA(-)	genus
CRR527052_clean_NODE_1106_length_586_cov_1.304094	CRR527052_clean_NODE_1106_length_586_cov_1.304094	1	contig	Riboviria	Orthornavirae	Negarnaviricota	Bunyaviricetes	Elliovirales	Discoviridae	Orthodiscovirus	Grapevine wood holobiome associated mycobunyavirales-like virus 2	1	CAT	N	0	0.00	0.00	0.00	0.00	RNA	ssRNA(-)	genus
CRR527052_clean_NODE_1359_length_541_cov_1.053419	CRR527052_clean_NODE_1359_length_541_cov_1.053419	1	contig	Riboviria	Orthornavirae	Kitrinoviricota	Alsuviricetes	Tymovirales	Betaflexiviridae	Vitivirus	Vitivirus muviti	1	metabuli	N	0	0.00	0.00	0.00	0.00	RNA	ssRNA(+)	species
CRR527052_clean_NODE_1404_length_535_cov_1.562771	CRR527052_clean_NODE_1404_length_535_cov_1.562771	1	contig	Riboviria	Orthornavirae	Kitrinoviricota	Alsuviricetes	Martellivirales	Bromoviridae	Ilarvirus	Ilarvirus PNRSV	1	metabuli	N	0	0.00	0.00	0.00	0.00	RNA	ssRNA(+)	species
CRR527052_clean_NODE_277_length_978_cov_1.573481	CRR527052_clean_NODE_277_length_978_cov_1.573481	1	contig	Riboviria	Orthornavirae	Negarnaviricota	Monjiviricetes	Mononegavirales	Rhabdoviridae	Betacytorhabdovirus	Betacytorhabdovirus lycii	1	metabuli	N	0	0.00	0.00	0.00	0.00	RNA	ssRNA(-)	species
CRR527052_clean_NODE_356_length_892_cov_7.170940	CRR527052_clean_NODE_356_length_892_cov_7.170940	1	contig	Riboviria	Orthornavirae	Pisuviricota	Duplopiviricetes	Durnavirales	Partitiviridae	Betacytorhabdovirus	Pittosporum cryptic virus-1	1	metabuli	N	0	0.00	0.00	0.00	0.00	RNA	ssRNA(-)	genus
CRR527053_clean_NODE_3802_length_597_cov_3.166031	CRR527053_clean_NODE_3802_length_597_cov_3.166031	1	contig	Riboviria	Orthornavirae	Pisuviricota	Duplopiviricetes	Durnavirales	Partitiviridae	NA	NA	0.75	mmseqs	N	0	0.00	0.00	0.00	0.00	RNA		tax
CRR527053_clean_NODE_4117_length_579_cov_4.122530	CRR527053_clean_NODE_4117_length_579_cov_4.122530	1	contig	Riboviria	Orthornavirae	Duplornaviricota	Resentoviricetes	Reovirales	NA	NA	Raspberry latent virus	0.75	metabuli	N	0	0.00	0.00	0.00	0.00	RNA		tax
CRR527053_clean_NODE_446_length_1231_cov_2.276339	CRR527053_clean_NODE_446_length_1231_cov_2.276339	1	contig	Riboviria	Pararnavirae	Artverviricota	Revtraviricetes	Ortervirales	Caulimoviridae	Pseudovirus	Pseudovirus brassicae	1	ACVirus	N	0	0.00	0.00	0.00	0.00	RNA	ssRNA-RT	species
CRR527053_clean_NODE_87_length_1910_cov_6.771366	CRR527053_clean_NODE_87_length_1910_cov_6.771366	1	contig	Riboviria	Pararnavirae	Artverviricota	Revtraviricetes	Ortervirales	Caulimoviridae	Soymovirus	Soymovirus maculaglycinis	1	ACVirus	Y	0	0.00	0.00	0.00	0.00	DNA	dsDNA-RT	species
CRR527054_clean_NODE_1087_length_969_cov_5.011161	CRR527054_clean_NODE_1087_length_969_cov_5.011161	1	contig	NA	NA	NA	NA	NA	NA	NA	Callicarpa mosaic-associated virus 1	0.12	metabuli	N	0	0.00	0.00	0.00	0.00			none
CRR527054_clean_NODE_1146_length_952_cov_2.853242	CRR527054_clean_NODE_1146_length_952_cov_2.853242	1	contig	NA	NA	NA	NA	NA	NA	NA	Callicarpa mosaic-associated virus 1	0.12	metabuli	N	0	0.00	0.00	0.00	0.00			none
CRR527054_clean_NODE_1920_length_798_cov_3.296552	CRR527054_clean_NODE_1920_length_798_cov_3.296552	1	contig	Riboviria	Orthornavirae	Kitrinoviricota	Alsuviricetes	Tymovirales	Tymoviridae	Tymovirus	Tymovirus lycopersici	1	metabuli	N	0	0.00	0.00	0.00	0.00	RNA	ssRNA(+)	species
CRR527054_clean_NODE_1994_length_787_cov_1.009804	CRR527054_clean_NODE_1994_length_787_cov_1.009804	1	contig	Riboviria	Orthornavirae	Pisuviricota	Duplopiviricetes	Durnavirales	Partitiviridae	NA	NA	0.75	diamond_lca	N	0	0.00	0.00	0.00	0.00	RNA		tax
CRR527054_clean_NODE_1_length_9150_cov_2322.104550	CRR527054_clean_NODE_1_length_9150_cov_2322.104550	9	contig	Riboviria	Orthornavirae	Kitrinoviricota	Alsuviricetes	Tymovirales	Betaflexiviridae	Vitivirus	Agave yellow streak virus Jalisco 1	1	metabuli	Y	0	0.00	0.00	0.00	0.00	RNA	ssRNA(+)	genus
CRR527054_clean_NODE_2515_length_721_cov_2.195988	CRR527054_clean_NODE_2515_length_721_cov_2.195988	1	contig	Riboviria	Orthornavirae	Kitrinoviricota	Alsuviricetes	Martellivirales	Bromoviridae	Ilarvirus	Ilarvirus PNRSV	1	metabuli	N	0	0.00	0.00	0.00	0.00	RNA	ssRNA(+)	species
CRR527054_clean_NODE_4643_length_561_cov_20.942623	CRR527054_clean_NODE_4643_length_561_cov_20.942623	1	contig	Riboviria	Orthornavirae	Pisuviricota	Stelpaviricetes	Patatavirales	Potyviridae	Potyvirus	Potyvirus bidenstessellati	1	metabuli	N	0	0.00	0.00	0.00	0.00	RNA	ssRNA(+)	species
CRR527055_clean_NODE_1008_length_1111_cov_5.997110	CRR527055_clean_NODE_1008_length_1111_cov_5.997110	2	contig	NA	NA	NA	NA	NA	NA	NA	Sylvanvirus sp.	0.12	diamond_lca	N	0	0.00	0.00	0.00	0.00			none
CRR527055_clean_NODE_1087_length_1086_cov_1.627838	CRR527055_clean_NODE_1087_length_1086_cov_1.627838	1	contig	Riboviria	Pararnavirae	Artverviricota	Revtraviricetes	Ortervirales	Caulimoviridae	Pseudovirus	Pseudovirus brassicae	1	ACVirus	N	0	0.00	0.00	0.00	0.00	RNA	ssRNA-RT	species
CRR527055_clean_NODE_147_length_1967_cov_6.914467	CRR527055_clean_NODE_147_length_1967_cov_6.914467	1	contig	Riboviria	Pararnavirae	Artverviricota	Revtraviricetes	Ortervirales	Caulimoviridae	Caulimovirus	Caulimovirus venafragariae	1	ACVirus	Y	0	0.00	0.00	0.00	0.00	DNA	dsDNA-RT	species
CRR527055_clean_NODE_1903_length_897_cov_2.065534	CRR527055_clean_NODE_1903_length_897_cov_2.065534	3	contig	Riboviria	Pararnavirae	Artverviricota	Revtraviricetes	Ortervirales	Caulimoviridae	Soymovirus	Soymovirus hibisci	1	metabuli	Y	0	0.00	0.00	0.00	0.00	DNA	dsDNA-RT	species
CRR527055_clean_NODE_2601_length_797_cov_2.078729	CRR527055_clean_NODE_2601_length_797_cov_2.078729	1	contig	Riboviria	Orthornavirae	Kitrinoviricota	Alsuviricetes	Tymovirales	Betaflexiviridae	Vitivirus	Vitivirus vaccinii	1	metabuli	N	0	0.00	0.00	0.00	0.00	RNA	ssRNA(+)	species
CRR527055_clean_NODE_2680_length_787_cov_57.798319	CRR527055_clean_NODE_2680_length_787_cov_57.798319	1	contig	Riboviria	Orthornavirae	Kitrinoviricota	Alsuviricetes	Tymovirales	Betaflexiviridae	Vitivirus	Vitivirus epsilonvitis	1	metabuli	N	0	0.00	0.00	0.00	0.00	RNA	ssRNA(+)	species
CRR527055_clean_NODE_27_length_3124_cov_5.561783	CRR527055_clean_NODE_27_length_3124_cov_5.561783	10	contig	Riboviria	Pararnavirae	Artverviricota	Revtraviricetes	Ortervirales	Caulimoviridae	Pseudovirus	Pseudovirus atrearabidopsis	1	ACVirus	Y	0	0.00	0.00	0.00	0.00	RNA	ssRNA-RT	species
CRR527055_clean_NODE_5375_length_593_cov_3.521154	CRR527055_clean_NODE_5375_length_593_cov_3.521154	1	contig	Riboviria	Orthornavirae	Duplornaviricota	Resentoviricetes	Reovirales	Spinareoviridae	Fijivirus	NA	0.88	metabuli	N	0	0.00	0.00	0.00	0.00	RNA	dsRNA	genus
CRR527055_clean_NODE_5641_length_581_cov_1.826772	CRR527055_clean_NODE_5641_length_581_cov_1.826772	1	contig	Riboviria	Orthornavirae	Kitrinoviricota	Alsuviricetes	Tymovirales	Betaflexiviridae	Vitivirus	NA	0.88	metabuli	N	0	0.00	0.00	0.00	0.00	RNA	ssRNA(+)	genus
CRR708330_clean_NODE_1982_length_594_cov_2.669866	CRR708330_clean_NODE_1982_length_594_cov_2.669866	3	contig	Riboviria	Orthornavirae	Kitrinoviricota	Alsuviricetes	Tymovirales	Tymoviridae	Tymovirus	Tymovirus dulcamarae	1	CAT	Y	0	0.00	0.00	0.00	0.00	RNA	ssRNA(+)	species
CRR708330_clean_NODE_239_length_1205_cov_2.630742	CRR708330_clean_NODE_239_length_1205_cov_2.630742	3	contig	Riboviria	Orthornavirae	Kitrinoviricota	Alsuviricetes	Tymovirales	Tymoviridae	Tymovirus	Tymovirus dulcamarae	1	ACVirus	N	0	0.00	0.00	0.00	0.00	RNA	ssRNA(+)	species
CRR708330_clean_NODE_256_length_1181_cov_18.553249	CRR708330_clean_NODE_256_length_1181_cov_18.553249	3	contig	Riboviria	Pararnavirae	Artverviricota	Revtraviricetes	Ortervirales	Caulimoviridae	Pseudovirus	Pseudovirus brassicae	1	ACVirus	N	0	0.00	0.00	0.00	0.00	RNA	ssRNA-RT	species
CRR708330_clean_NODE_280_length_1158_cov_2.495853	CRR708330_clean_NODE_280_length_1158_cov_2.495853	3	contig	Riboviria	Orthornavirae	Kitrinoviricota	Alsuviricetes	Tymovirales	Tymoviridae	Tymovirus	Tymovirus belladonnae	1	metabuli	N	0	0.00	0.00	0.00	0.00	RNA	ssRNA(+)	species
CRR708330_clean_NODE_329_length_1096_cov_3.468231	CRR708330_clean_NODE_329_length_1096_cov_3.468231	3	contig	Riboviria	Orthornavirae	Kitrinoviricota	Alsuviricetes	Tymovirales	Tymoviridae	Tymovirus	Tymovirus belladonnae	1	CAT	N	0	0.00	0.00	0.00	0.00	RNA	ssRNA(+)	species
CRR708330_clean_NODE_490_length_964_cov_5.723906	CRR708330_clean_NODE_490_length_964_cov_5.723906	3	contig	Riboviria	Orthornavirae	Pisuviricota	Duplopiviricetes	Durnavirales	Partitiviridae	NA	Pittosporum cryptic virus-1	0.88	metabuli	N	0	0.00	0.00	0.00	0.00	RNA		tax
CRR732635_clean_NODE_186_length_1442_cov_0.414171	CRR732635_clean_NODE_186_length_1442_cov_0.414171	1	contig	Riboviria	Orthornavirae	Negarnaviricota	Monjiviricetes	Mononegavirales	Rhabdoviridae	Betacytorhabdovirus	Betacytorhabdovirus lycii	1	metabuli	Y	0	0.00	0.00	0.00	0.00	RNA	ssRNA(-)	species
CRR732636_clean_NODE_2559_length_615_cov_0.638376	CRR732636_clean_NODE_2559_length_615_cov_0.638376	1	contig	Riboviria	Orthornavirae	Pisuviricota	Stelpaviricetes	Patatavirales	Potyviridae	Potyvirus	Ornithogalum mosaic virus 2	1	metabuli	N	0	0.00	0.00	0.00	0.00	RNA	ssRNA(+)	genus
CRR732637_clean_NODE_204_length_1175_cov_0.408348	CRR732637_clean_NODE_204_length_1175_cov_0.408348	1	contig	Riboviria	Orthornavirae	Negarnaviricota	Monjiviricetes	Mononegavirales	Rhabdoviridae	Betacytorhabdovirus	Betacytorhabdovirus sophorae	1	ACVirus	Y	0	0.00	0.00	0.00	0.00	RNA	ssRNA(-)	species
CRR732638_clean_NODE_2705_length_550_cov_3.522013	CRR732638_clean_NODE_2705_length_550_cov_3.522013	1	contig	Riboviria	Orthornavirae	Kitrinoviricota	Tolucaviricetes	Tolivirales	Tombusviridae	NA	Qianjiang tombus-like virus 303	0.88	metabuli	N	0	0.00	0.00	0.00	0.00	RNA		tax
CRR732638_clean_NODE_3034_length_526_cov_0.593819	CRR732638_clean_NODE_3034_length_526_cov_0.593819	1	contig	Riboviria	Orthornavirae	Kitrinoviricota	Alsuviricetes	Tymovirales	Tymoviridae	Maculavirus	Maculavirus vitis	1	metabuli	N	0	0.00	0.00	0.00	0.00	RNA	ssRNA(+)	species
CRR732640_clean_NODE_3143_length_545_cov_0.875000	CRR732640_clean_NODE_3143_length_545_cov_0.875000	1	contig	Riboviria	Orthornavirae	Kitrinoviricota	Alsuviricetes	Tymovirales	Tymoviridae	Maculavirus	Maculavirus vitis	1	metabuli	N	0	0.00	0.00	0.00	0.00	RNA	ssRNA(+)	species
CRR732640_clean_NODE_337_length_1148_cov_0.554419	CRR732640_clean_NODE_337_length_1148_cov_0.554419	18	contig	Riboviria	Orthornavirae	Negarnaviricota	Monjiviricetes	Mononegavirales	Rhabdoviridae	Betacytorhabdovirus	Betacytorhabdovirus lycii	1	metabuli	Y	0	0.00	0.00	0.00	0.00	RNA	ssRNA(-)	species
CRR732645_clean_NODE_1348_length_531_cov_0.388646	CRR732645_clean_NODE_1348_length_531_cov_0.388646	1	contig	Riboviria	Orthornavirae	Kitrinoviricota	Naldaviricetes	Tymovirales	Nimaviridae	Allexivirus	Allexivirus deltallii	1	metabuli	N	0	0.00	0.00	0.00	0.00	RNA	ssRNA(+)	species
CRR732647_clean_NODE_1822_length_727_cov_0.558104	CRR732647_clean_NODE_1822_length_727_cov_0.558104	1	contig	Riboviria	Pararnavirae	Artverviricota	Revtraviricetes	Ortervirales	Caulimoviridae	Soymovirus	Soymovirus malvae	1	metabuli	N	0	0.00	0.00	0.00	0.00	DNA	dsDNA-RT	species
CRR732648_clean_NODE_282_length_1414_cov_2.903057	CRR732648_clean_NODE_282_length_1414_cov_2.903057	2	contig	Riboviria	Orthornavirae	Pisuviricota	Duplopiviricetes	Durnavirales	Partitiviridae	Deltapartitivirus	Deltapartitivirus sp. 'yunanense'	1	metabuli	N	0	0.00	0.00	0.00	0.00	RNA	dsRNA	genus
CRR732649_clean_NODE_325_length_1374_cov_5.978478	CRR732649_clean_NODE_325_length_1374_cov_5.978478	3	contig	Riboviria	Pararnavirae	Artverviricota	Revtraviricetes	Ortervirales	Caulimoviridae	Caulimovirus	Caulimovirus sp.	1	diamond_lca	N	0	0.00	0.00	0.00	0.00	DNA	dsDNA-RT	genus
CRR732650_clean_NODE_941_length_549_cov_0.970588	CRR732650_clean_NODE_941_length_549_cov_0.970588	1	contig	Riboviria	Pararnavirae	Artverviricota	Revtraviricetes	Ortervirales	Caulimoviridae	Soymovirus	Soymovirus malvae	1	ACVirus	N	0	0.00	0.00	0.00	0.00	DNA	dsDNA-RT	species
CRR732651_clean_NODE_1312_length_826_cov_0.913679	CRR732651_clean_NODE_1312_length_826_cov_0.913679	1	contig	Riboviria	Orthornavirae	Negarnaviricota	Monjiviricetes	Mononegavirales	Rhabdoviridae	Betacytorhabdovirus	Betacytorhabdovirus lycii	1	ACVirus	N	0	0.00	0.00	0.00	0.00	RNA	ssRNA(-)	species
CRR732651_clean_NODE_1761_length_737_cov_0.421687	CRR732651_clean_NODE_1761_length_737_cov_0.421687	1	contig	Riboviria	Orthornavirae	Negarnaviricota	Monjiviricetes	Mononegavirales	Rhabdoviridae	Betacytorhabdovirus	Betacytorhabdovirus lycii	1	metabuli	N	0	0.00	0.00	0.00	0.00	RNA	ssRNA(-)	species
CRR732651_clean_NODE_3983_length_522_cov_0.550111	CRR732651_clean_NODE_3983_length_522_cov_0.550111	1	contig	Riboviria	Pararnavirae	Artverviricota	Revtraviricetes	Ortervirales	Caulimoviridae	Soymovirus	Soymovirus hibisci	1	metabuli	N	0	0.00	0.00	0.00	0.00	DNA	dsDNA-RT	species
CRR732653_clean_NODE_143_length_2504_cov_11.457906	CRR732653_clean_NODE_143_length_2504_cov_11.457906	11	contig	Riboviria	Orthornavirae	Pisuviricota	Duplopiviricetes	Durnavirales	Partitiviridae	Deltapartitivirus	Deltapartitivirus sp. 'yunanense'	1	metabuli	Y	0	0.00	0.00	0.00	0.00	RNA	dsRNA	genus
CRR732653_clean_NODE_460_length_1753_cov_2.122328	CRR732653_clean_NODE_460_length_1753_cov_2.122328	1	contig	Riboviria	Orthornavirae	Pisuviricota	Stelpaviricetes	Patatavirales	Potyviridae	Potyvirus	Potyvirus iristenuis	1	CAT	N	0	0.00	0.00	0.00	0.00	RNA	ssRNA(+)	species
CRR732653_clean_NODE_696_length_1531_cov_4.500000	CRR732653_clean_NODE_696_length_1531_cov_4.500000	3	contig	Riboviria	Orthornavirae	Pisuviricota	Duplopiviricetes	Durnavirales	Partitiviridae	Deltapartitivirus	Deltapartitivirus sp. 'yunanense'	1	metabuli	N	0	0.00	0.00	0.00	0.00	RNA	dsRNA	genus
CRR732654_clean_NODE_1144_length_1020_cov_1.013670	CRR732654_clean_NODE_1144_length_1020_cov_1.013670	1	contig	Riboviria	Orthornavirae	Kitrinoviricota	Alsuviricetes	Martellivirales	Closteroviridae	Velarivirus	NA	0.88	metabuli	N	0	0.00	0.00	0.00	0.00	RNA	ssRNA(+)	genus
CRR732657_clean_NODE_4705_length_583_cov_4.544747	CRR732657_clean_NODE_4705_length_583_cov_4.544747	1	contig	Riboviria	Orthornavirae	Kitrinoviricota	Alsuviricetes	Martellivirales	Closteroviridae	Velarivirus	Velarivirus nanoavii	1	metabuli	N	0	0.00	0.00	0.00	0.00	RNA	ssRNA(+)	species
CRR732657_clean_NODE_4854_length_575_cov_7.845850	CRR732657_clean_NODE_4854_length_575_cov_7.845850	2	contig	Riboviria	Orthornavirae	Pisuviricota	Duplopiviricetes	Durnavirales	Partitiviridae	Deltapartitivirus	Deltapartitivirus sp. 'yunanense'	1	metabuli	N	0	0.00	0.00	0.00	0.00	RNA	dsRNA	genus
CRR732658_clean_NODE_191_length_2332_cov_2.160407	CRR732658_clean_NODE_191_length_2332_cov_2.160407	2	contig	Varidnaviria	Bamfordvirae	Nucleocytoviricota	NA	NA	NA	NA	NA	0.38	mmseqs	Y	0	0.00	0.00	0.00	0.00	DNA		tax
CRR732658_clean_NODE_2771_length_885_cov_1.919118	CRR732658_clean_NODE_2771_length_885_cov_1.919118	1	contig	Riboviria	Orthornavirae	Negarnaviricota	Bunyaviricetes	Hareavirales	Phenuiviridae	Tenuivirus	Tenuivirus oryzabrevis	1	metabuli	N	0	0.00	0.00	0.00	0.00	RNA	ssRNA(+/-)	species
CRR732658_clean_NODE_487_length_1776_cov_2.057996	CRR732658_clean_NODE_487_length_1776_cov_2.057996	1	contig	Riboviria	Orthornavirae	Pisuviricota	Stelpaviricetes	Patatavirales	Potyviridae	Potyvirus	Potyvirus iristenuis	1	CAT	N	0	0.00	0.00	0.00	0.00	RNA	ssRNA(+)	species
CRR732658_clean_NODE_5193_length_662_cov_1.686341	CRR732658_clean_NODE_5193_length_662_cov_1.686341	1	contig	Riboviria	Orthornavirae	Kitrinoviricota	Alsuviricetes	Martellivirales	Closteroviridae	Velarivirus	NA	0.88	metabuli	N	0	0.00	0.00	0.00	0.00	RNA	ssRNA(+)	genus
CRR732658_clean_NODE_7367_length_567_cov_1.775100	CRR732658_clean_NODE_7367_length_567_cov_1.775100	1	contig	Riboviria	Orthornavirae	Kitrinoviricota	Tolucaviricetes	Tolivirales	Tombusviridae	Luteovirus	Blueberry virus L	1	metabuli	N	0	0.00	0.00	0.00	0.00	RNA	ssRNA(+)	genus
CRR732659_clean_NODE_3720_length_828_cov_1.288538	CRR732659_clean_NODE_3720_length_828_cov_1.288538	1	contig	Riboviria	Orthornavirae	Kitrinoviricota	Alsuviricetes	Martellivirales	Virgaviridae	NA	Hangzhou merodon fulcratus virga-like virus 1	0.88	metabuli	N	0	0.00	0.00	0.00	0.00	RNA		tax
CRR732659_clean_NODE_4129_length_788_cov_1.175243	CRR732659_clean_NODE_4129_length_788_cov_1.175243	1	contig	Riboviria	Orthornavirae	Negarnaviricota	Bunyaviricetes	Elliovirales	Tospoviridae	Orthotospovirus	Orthotospovirus macadamianuli	1	metabuli	N	0	0.00	0.00	0.00	0.00	RNA	ssRNA(+/-)	species
CRR732659_clean_NODE_5240_length_701_cov_1.469937	CRR732659_clean_NODE_5240_length_701_cov_1.469937	1	contig	Riboviria	Orthornavirae	Pisuviricota	Stelpaviricetes	Patatavirales	Potyviridae	Potyvirus	Potyvirus helichloromaculae	1	metabuli	N	0	0.00	0.00	0.00	0.00	RNA	ssRNA(+)	species
CRR732659_clean_NODE_5916_length_662_cov_1.758853	CRR732659_clean_NODE_5916_length_662_cov_1.758853	1	contig	Riboviria	Orthornavirae	Pisuviricota	Stelpaviricetes	Patatavirales	Potyviridae	Potyvirus	Potyvirus plumpoxi	1	metabuli	N	0	0.00	0.00	0.00	0.00	RNA	ssRNA(+)	species
CRR732659_clean_NODE_6219_length_646_cov_2.159445	CRR732659_clean_NODE_6219_length_646_cov_2.159445	1	contig	Riboviria	Orthornavirae	Negarnaviricota	Bunyaviricetes	Hareavirales	Phenuiviridae	Tenuivirus	Tenuivirus oryzabrevis	1	metabuli	N	0	0.00	0.00	0.00	0.00	RNA	ssRNA(+/-)	species
CRR732659_clean_NODE_6432_length_636_cov_1.522046	CRR732659_clean_NODE_6432_length_636_cov_1.522046	2	contig	Riboviria	Orthornavirae	Kitrinoviricota	Alsuviricetes	Martellivirales	Bromoviridae	Ilarvirus	Ilarvirus BCRV	1	metabuli	N	0	0.00	0.00	0.00	0.00	RNA	ssRNA(+)	species
CRR732659_clean_NODE_7362_length_593_cov_1.282443	CRR732659_clean_NODE_7362_length_593_cov_1.282443	1	contig	Riboviria	NA	NA	NA	NA	NA	NA	Olive virus O	0.25	metabuli	N	0	0.00	0.00	0.00	0.00			none
CRR732660_clean_NODE_117_length_3474_cov_2.995888	CRR732660_clean_NODE_117_length_3474_cov_2.995888	2	contig	NA	Shotokuvirae	Cressdnaviricota	Repensiviricetes	Geplafuvirales	Geminiviridae	NA	Geminiviridae sp.	0.75	metabuli	Y	0	0.00	0.00	0.00	0.00	DNA		tax
CRR732660_clean_NODE_1248_length_1534_cov_9.294198	CRR732660_clean_NODE_1248_length_1534_cov_9.294198	4	contig	Riboviria	Orthornavirae	Pisuviricota	Duplopiviricetes	Durnavirales	Partitiviridae	Deltapartitivirus	Deltapartitivirus sp. 'yunanense'	1	metabuli	N	0	0.00	0.00	0.00	0.00	RNA	dsRNA	genus
CRR732660_clean_NODE_923_length_1747_cov_6.806317	CRR732660_clean_NODE_923_length_1747_cov_6.806317	3	contig	Riboviria	Orthornavirae	Pisuviricota	Duplopiviricetes	Durnavirales	Partitiviridae	Deltapartitivirus	Deltapartitivirus sp. 'yunanense'	1	metabuli	N	0	0.00	0.00	0.00	0.00	RNA	dsRNA	genus
CRR732660_clean_NODE_9384_length_574_cov_1.821782	CRR732660_clean_NODE_9384_length_574_cov_1.821782	1	contig	Riboviria	Orthornavirae	Pisuviricota	Pisoniviricetes	Picornavirales	Secoviridae	Sequivirus	Sequivirus stellatum	1	metabuli	N	0	0.00	0.00	0.00	0.00	RNA	ssRNA(+)	species
CRR732662_clean_NODE_87_length_2383_cov_8.742005	CRR732662_clean_NODE_87_length_2383_cov_8.742005	5	contig	Riboviria	Orthornavirae	Pisuviricota	Duplopiviricetes	Durnavirales	Partitiviridae	Deltapartitivirus	Deltapartitivirus sp. 'yunanense'	1	metabuli	Y	0	0.00	0.00	0.00	0.00	RNA	dsRNA	genus
CRR732663_clean_NODE_5497_length_558_cov_2.916155	CRR732663_clean_NODE_5497_length_558_cov_2.916155	1	contig	Riboviria	Orthornavirae	Pisuviricota	Stelpaviricetes	Patatavirales	Potyviridae	Potyvirus	Potyvirus plumpoxi	1	metabuli	N	0	0.00	0.00	0.00	0.00	RNA	ssRNA(+)	species
CRR732663_clean_NODE_6322_length_525_cov_2.274123	CRR732663_clean_NODE_6322_length_525_cov_2.274123	1	contig	Riboviria	Orthornavirae	Pisuviricota	Pisoniviricetes	Sobelivirales	Solemoviridae	Polerovirus	Polerovirus CPCSV	1	metabuli	N	0	0.00	0.00	0.00	0.00	RNA	ssRNA(+)	species
CRR891450_clean_NODE_129_length_1397_cov_1.561178	CRR891450_clean_NODE_129_length_1397_cov_1.561178	3	contig	Riboviria	Orthornavirae	Kitrinoviricota	Alsuviricetes	Martellivirales	Virgaviridae	Tobamovirus	Tobamovirus maculacapsici	1	ACVirus	N	0	0.00	0.00	0.00	0.00	RNA	ssRNA(+)	species
CRR891450_clean_NODE_167_length_1271_cov_2.361436	CRR891450_clean_NODE_167_length_1271_cov_2.361436	1	contig	Riboviria	Orthornavirae	Kitrinoviricota	Alsuviricetes	Martellivirales	Virgaviridae	Cilevirus	Cilevirus passiflorae	1	ACVirus	Y	0	0.00	0.00	0.00	0.00	RNA	ssRNA(+)	species
CRR891450_clean_NODE_366_length_931_cov_5.389277	CRR891450_clean_NODE_366_length_931_cov_5.389277	1	contig	Riboviria	Orthornavirae	Negarnaviricota	Monjiviricetes	Mononegavirales	Rhabdoviridae	Betacytorhabdovirus	Betacytorhabdovirus lycii	1	diamond_lca	N	0	0.00	0.00	0.00	0.00	RNA	ssRNA(-)	species
CRR891450_clean_NODE_57_length_1790_cov_3.805475	CRR891450_clean_NODE_57_length_1790_cov_3.805475	8	contig	Riboviria	Orthornavirae	Pisuviricota	Duplopiviricetes	Durnavirales	Partitiviridae	Deltapartitivirus	Deltapartitivirus sp. 'yunanense'	1	metabuli	N	0	0.00	0.00	0.00	0.00	RNA	dsRNA	genus
CRR891451_clean_NODE_48_length_1660_cov_1.827977	CRR891451_clean_NODE_48_length_1660_cov_1.827977	1	contig	Riboviria	Orthornavirae	Pisuviricota	Duplopiviricetes	Durnavirales	Partitiviridae	Deltapartitivirus	Deltapartitivirus sp. 'yunanense'	1	metabuli	N	0	0.00	0.00	0.00	0.00	RNA	dsRNA	genus
CRR891451_clean_NODE_740_length_590_cov_2.382979	CRR891451_clean_NODE_740_length_590_cov_2.382979	1	contig	NA	Shotokuvirae	Cressdnaviricota	Arfiviricetes	Mulpavirales	Nanoviridae	Nanovirus	Nanovirus astragalirani	0.88	metabuli	N	0	0.00	0.00	0.00	0.00	DNA	ssDNA(+)	species
CRR891453_clean_NODE_954_length_612_cov_3.749536	CRR891453_clean_NODE_954_length_612_cov_3.749536	1	contig	Riboviria	Orthornavirae	Kitrinoviricota	Alsuviricetes	Hepelivirales	Benyviridae	NA	Lentinula edodes beny-like virus 1-Hunong-1	0.88	CAT	N	0	0.00	0.00	0.00	0.00	RNA		tax
CRR891454_clean_NODE_23_length_2027_cov_1.922723	CRR891454_clean_NODE_23_length_2027_cov_1.922723	3	contig	Riboviria	Orthornavirae	Kitrinoviricota	Alsuviricetes	Hepelivirales	Benyviridae	Benyvirus	Lentinula edodes beny-like virus 1-Hunong-1	1	metabuli	N	0	0.00	0.00	0.00	0.00	RNA	ssRNA(+)	genus
CRR891455_clean_NODE_584_length_740_cov_2.017991	CRR891455_clean_NODE_584_length_740_cov_2.017991	1	contig	Riboviria	Orthornavirae	Pisuviricota	Stelpaviricetes	Patatavirales	Potyviridae	Potyvirus	Potyvirus sacchari	1	metabuli	Y	0	0.00	0.00	0.00	0.00	RNA	ssRNA(+)	species
CRR891456_clean_NODE_475_length_751_cov_0.924779	CRR891456_clean_NODE_475_length_751_cov_0.924779	4	contig	Riboviria	Pararnavirae	Artverviricota	Revtraviricetes	Ortervirales	Caulimoviridae	Soymovirus	Soymovirus maculavaccinii	1	metabuli	N	0	0.00	0.00	0.00	0.00	DNA	dsDNA-RT	species
CRR891457_clean_NODE_39_length_1327_cov_75.184211	CRR891457_clean_NODE_39_length_1327_cov_75.184211	24	contig	Riboviria	Pararnavirae	Artverviricota	Revtraviricetes	Ortervirales	Caulimoviridae	Badnavirus	Badnavirus venabougainvilleae	1	metabuli	N	0	0.00	0.00	0.00	0.00	DNA	dsDNA-RT	species
ERR2040629_clean_NODE_378_length_564_cov_9.779271	ERR2040629_clean_NODE_378_length_564_cov_9.779271	1	contig	Riboviria	Orthornavirae	Kitrinoviricota	Alsuviricetes	Martellivirales	Bromoviridae	Cucumovirus	Cucumovirus CMV	1	metabuli	N	0	0.00	0.00	0.00	0.00	RNA	ssRNA(+)	species
HM590055.1	HM590055.1	1	contig	Riboviria	Orthornavirae	Pisuviricota	Stelpaviricetes	Patatavirales	Potyviridae	Potyvirus	Potyvirus glycitessellati	1	ACVirus	Y	0	0.00	0.00	0.00	0.00	RNA	ssRNA(+)	species
NC_001361.2	NC_001361.2	1	reference	Riboviria	Orthornavirae	Kitrinoviricota	Alsuviricetes	Tymovirales	Betaflexiviridae	Carlavirus	Carlavirus misolani	1	ACVirus	Y	0	0.00	0.00	0.00	0.00	RNA	ssRNA(+)	species
NC_002634.1	NC_002634.1	1	reference	Riboviria	Orthornavirae	Pisuviricota	Stelpaviricetes	Patatavirales	Potyviridae	Potyvirus	Potyvirus glycitessellati	1	ACVirus	Y	0	0.00	0.00	0.00	0.00	RNA	ssRNA(+)	species
NC_003811.1	NC_003811.1	1	reference	Riboviria	Orthornavirae	Kitrinoviricota	Alsuviricetes	Martellivirales	Virgaviridae	Tobravirus	Tobravirus tabaci	1	ACVirus	Y	0	0.00	0.00	0.00	0.00	RNA	ssRNA(+)	species
NC_007289.1	NC_007289.1	1	reference	Riboviria	Orthornavirae	Kitrinoviricota	Alsuviricetes	Tymovirales	Betaflexiviridae	Carlavirus	Carlavirus sigmasolani	1	ACVirus	Y	0	0.00	0.00	0.00	0.00	RNA	ssRNA(+)	species
NC_013006.1	NC_013006.1	1	reference	Riboviria	Orthornavirae	Kitrinoviricota	Alsuviricetes	Tymovirales	Betaflexiviridae	Carlavirus	Carlavirus latenskalanchoe	1	ACVirus	Y	0	0.00	0.00	0.00	0.00	RNA	ssRNA(+)	species
NC_015507.1	NC_015507.1	1	reference	Riboviria	Pararnavirae	Artverviricota	Revtraviricetes	Ortervirales	Caulimoviridae	Badnavirus	Badnavirus betavirgamusae	1	ACVirus	Y	0	0.00	0.00	0.00	0.00	DNA	dsDNA-RT	species
NC_018175.1	NC_018175.1	1	reference	Riboviria	Orthornavirae	Kitrinoviricota	Alsuviricetes	Tymovirales	Betaflexiviridae	Carlavirus	Carlavirus chisolani	1	ACVirus	Y	0	0.00	0.00	0.00	0.00	RNA	ssRNA(+)	species
NC_024458.1	NC_024458.1	1	reference	Riboviria	Orthornavirae	Kitrinoviricota	Alsuviricetes	Tymovirales	Alphaflexiviridae	Potexvirus	Potexvirus ecspitayae	1	ACVirus	Y	0	0.00	0.00	0.00	0.00	RNA	ssRNA(+)	species
NC_076655.1	NC_076655.1	1	reference	Riboviria	Orthornavirae	Kitrinoviricota	Alsuviricetes	Tymovirales	Betaflexiviridae	Prunevirus	Prunevirus unicamelliae	1	ACVirus	Y	0	0.00	0.00	0.00	0.00	RNA	ssRNA(+)	species
PV083582.1	PV083582.1	1	contig	Riboviria	Orthornavirae	Pisuviricota	Stelpaviricetes	Patatavirales	Potyviridae	Potyvirus	Potyvirus sacchari	1	ACVirus	Y	0	0.00	0.00	0.00	0.00	RNA	ssRNA(+)	species
SRR15037478_clean_NODE_1384_length_682_cov_1.054187	SRR15037478_clean_NODE_1384_length_682_cov_1.054187	1	contig	Riboviria	Orthornavirae	Pisuviricota	Stelpaviricetes	Patatavirales	Potyviridae	Potyvirus	Potyvirus dianthi	1	metabuli	N	0	0.00	0.00	0.00	0.00	RNA	ssRNA(+)	species
SRR15037478_clean_NODE_1393_length_681_cov_0.828947	SRR15037478_clean_NODE_1393_length_681_cov_0.828947	1	contig	Riboviria	Orthornavirae	Negarnaviricota	Monjiviricetes	Mononegavirales	Rhabdoviridae	Betacytorhabdovirus	Betacytorhabdovirus lycii	1	diamond_lca	N	0	0.00	0.00	0.00	0.00	RNA	ssRNA(-)	species
SRR15037478_clean_NODE_19_length_2111_cov_3.021590	SRR15037478_clean_NODE_19_length_2111_cov_3.021590	6	contig	Varidnaviria	Bamfordvirae	Nucleocytoviricota	Megaviricetes	Imitervirales	Schizomimiviridae	Betacytorhabdovirus	Betacytorhabdovirus lycii	1	ACVirus	Y	0	0.00	0.00	0.00	0.00	RNA	ssRNA(-)	species
SRR15037478_clean_NODE_23_length_2090_cov_0.703520	SRR15037478_clean_NODE_23_length_2090_cov_0.703520	1	contig	Riboviria	Orthornavirae	Negarnaviricota	Monjiviricetes	Mononegavirales	Rhabdoviridae	Betacytorhabdovirus	Betacytorhabdovirus lycii	1	diamond_lca	Y	0	0.00	0.00	0.00	0.00	RNA	ssRNA(-)	species
SRR15037479_clean_NODE_1072_length_667_cov_0.796296	SRR15037479_clean_NODE_1072_length_667_cov_0.796296	1	contig	Riboviria	Orthornavirae	Pisuviricota	Stelpaviricetes	Patatavirales	Potyviridae	Potyvirus	Potyvirus lactucae	1	metabuli	N	0	0.00	0.00	0.00	0.00	RNA	ssRNA(+)	species
SRR15037479_clean_NODE_2_length_7196_cov_25.327109	SRR15037479_clean_NODE_2_length_7196_cov_25.327109	9	contig	Riboviria	Orthornavirae	Kitrinoviricota	Alsuviricetes	Tymovirales	Alphaflexiviridae	Potexvirus	Potexvirus ecsmenthae	1	ACVirus	Y	0	0.00	0.00	0.00	0.00	RNA	ssRNA(+)	species
SRR15037479_clean_NODE_52_length_1650_cov_2.095117	SRR15037479_clean_NODE_52_length_1650_cov_2.095117	1	contig	Riboviria	Orthornavirae	Pisuviricota	Duplopiviricetes	Durnavirales	Partitiviridae	Deltapartitivirus	Deltapartitivirus sp. 'yunanense'	1	metabuli	N	0	0.00	0.00	0.00	0.00	RNA	dsRNA	genus
SRR15037480_clean_NODE_724_length_787_cov_6.697479	SRR15037480_clean_NODE_724_length_787_cov_6.697479	2	contig	Riboviria	Pararnavirae	Artverviricota	Revtraviricetes	Ortervirales	Caulimoviridae	Badnavirus	Badnavirus venabougainvilleae	1	metabuli	N	0	0.00	0.00	0.00	0.00	DNA	dsDNA-RT	species
SRR15037481_clean_NODE_792_length_793_cov_0.398611	SRR15037481_clean_NODE_792_length_793_cov_0.398611	1	contig	Riboviria	Orthornavirae	Kitrinoviricota	Alsuviricetes	Tymovirales	NA	NA	Ullucus tymovirus 1	0.75	metabuli	N	0	0.00	0.00	0.00	0.00	RNA		tax
SRR15037482_clean_NODE_141_length_1204_cov_0.415561	SRR15037482_clean_NODE_141_length_1204_cov_0.415561	1	contig	Riboviria	Orthornavirae	Kitrinoviricota	Alsuviricetes	Tymovirales	NA	NA	Ullucus tymovirus 1	0.75	metabuli	N	0	0.00	0.00	0.00	0.00	RNA		tax
SRR15037482_clean_NODE_1793_length_509_cov_0.522936	SRR15037482_clean_NODE_1793_length_509_cov_0.522936	1	contig	Riboviria	Orthornavirae	Pisuviricota	Duplopiviricetes	Durnavirales	Partitiviridae	NA	Pittosporum cryptic virus-1	0.88	metabuli	N	0	0.00	0.00	0.00	0.00	RNA		tax
SRR15037482_clean_NODE_250_length_1006_cov_0.453376	SRR15037482_clean_NODE_250_length_1006_cov_0.453376	1	contig	Riboviria	Orthornavirae	Kitrinoviricota	Tolucaviricetes	Tolivirales	Tombusviridae	NA	Ripofluq virus	0.88	metabuli	N	0	0.00	0.00	0.00	0.00	RNA		tax
SRR15037483_clean_NODE_193_length_1096_cov_12.206256	SRR15037483_clean_NODE_193_length_1096_cov_12.206256	2	contig	Riboviria	Orthornavirae	Kitrinoviricota	Tolucaviricetes	Tolivirales	Tombusviridae	NA	Sopozig virus	0.88	metabuli	N	0	0.00	0.00	0.00	0.00	RNA		tax
SRR15037500_clean_NODE_1051_length_576_cov_4.636183	SRR15037500_clean_NODE_1051_length_576_cov_4.636183	3	contig	Riboviria	Orthornavirae	Negarnaviricota	Monjiviricetes	Mononegavirales	Rhabdoviridae	Betacytorhabdovirus	Betacytorhabdovirus lycii	1	metabuli	N	0	0.00	0.00	0.00	0.00	RNA	ssRNA(-)	species
SRR15037501_clean_NODE_765_length_648_cov_0.987826	SRR15037501_clean_NODE_765_length_648_cov_0.987826	1	contig	Riboviria	Orthornavirae	Kitrinoviricota	Alsuviricetes	Tymovirales	Tymoviridae	Tymovirus	Tymovirus brassicae	1	metabuli	N	0	0.00	0.00	0.00	0.00	RNA	ssRNA(+)	species
SRR15037501_clean_NODE_79_length_1197_cov_0.715302	SRR15037501_clean_NODE_79_length_1197_cov_0.715302	1	contig	Riboviria	Orthornavirae	Negarnaviricota	Monjiviricetes	Mononegavirales	Rhabdoviridae	Betacytorhabdovirus	Betacytorhabdovirus lycii	1	diamond_lca	N	0	0.00	0.00	0.00	0.00	RNA	ssRNA(-)	species
SRR15037501_clean_NODE_953_length_603_cov_0.690566	SRR15037501_clean_NODE_953_length_603_cov_0.690566	1	contig	Riboviria	Orthornavirae	Kitrinoviricota	Alsuviricetes	Martellivirales	Virgaviridae	NA	Nephila clavipes virus 4	0.88	metabuli	N	0	0.00	0.00	0.00	0.00	RNA		tax
SRR15037502_clean_NODE_1375_length_553_cov_2.681250	SRR15037502_clean_NODE_1375_length_553_cov_2.681250	1	contig	Riboviria	Orthornavirae	Kitrinoviricota	Alsuviricetes	Martellivirales	Bromoviridae	Cucumovirus	Cucumovirus CMV	1	metabuli	N	0	0.00	0.00	0.00	0.00	RNA	ssRNA(+)	species
SRR15037503_clean_NODE_1388_length_537_cov_0.758621	SRR15037503_clean_NODE_1388_length_537_cov_0.758621	1	contig	Riboviria	Orthornavirae	Negarnaviricota	Bunyaviricetes	Elliovirales	Tospoviridae	Orthotospovirus	Orthotospovirus capsiciflavi	1	metabuli	N	0	0.00	0.00	0.00	0.00	RNA	ssRNA(+/-)	species
SRR15037503_clean_NODE_216_length_924_cov_2.938895	SRR15037503_clean_NODE_216_length_924_cov_2.938895	1	contig	Riboviria	Pararnavirae	Artverviricota	Revtraviricetes	Ortervirales	Caulimoviridae	Badnavirus	NA	0.88	metabuli	N	0	0.00	0.00	0.00	0.00	DNA		genus_ambiguous+tax
SRR15037504_clean_NODE_242_length_942_cov_1.116226	SRR15037504_clean_NODE_242_length_942_cov_1.116226	1	contig	Riboviria	Orthornavirae	Pisuviricota	Pisoniviricetes	Sobelivirales	Solemoviridae	Polerovirus	Polerovirus GRAV	1	metabuli	N	0	0.00	0.00	0.00	0.00	RNA	ssRNA(+)	species
SRR15037505_clean_NODE_168_length_1302_cov_3.098454	SRR15037505_clean_NODE_168_length_1302_cov_3.098454	1	contig	Riboviria	Orthornavirae	Pisuviricota	Duplopiviricetes	Durnavirales	Partitiviridae	Deltapartitivirus	Deltapartitivirus sp. 'yunanense'	1	metabuli	N	0	0.00	0.00	0.00	0.00	RNA	dsRNA	genus
SRR15037505_clean_NODE_31_length_1896_cov_3.683489	SRR15037505_clean_NODE_31_length_1896_cov_3.683489	3	contig	Riboviria	Orthornavirae	Pisuviricota	Stelpaviricetes	Patatavirales	Potyviridae	Potyvirus	Potyvirus zeananus	1	metabuli	N	0	0.00	0.00	0.00	0.00	RNA	ssRNA(+)	species
SRR15037505_clean_NODE_795_length_830_cov_0.504624	SRR15037505_clean_NODE_795_length_830_cov_0.504624	1	contig	Riboviria	Orthornavirae	Kitrinoviricota	Alsuviricetes	Tymovirales	NA	NA	Ullucus tymovirus 1	0.75	metabuli	N	0	0.00	0.00	0.00	0.00	RNA		tax
SRR15037505_clean_NODE_85_length_1536_cov_0.546138	SRR15037505_clean_NODE_85_length_1536_cov_0.546138	1	contig	Riboviria	Orthornavirae	Negarnaviricota	Monjiviricetes	Mononegavirales	Rhabdoviridae	Betacytorhabdovirus	Lycium betacytorhabdovirus 1	1	metabuli	N	0	0.00	0.00	0.00	0.00	RNA	ssRNA(-)	genus
SRR15037506_clean_NODE_1015_length_741_cov_1.139222	SRR15037506_clean_NODE_1015_length_741_cov_1.139222	1	contig	Riboviria	Orthornavirae	Kitrinoviricota	Tolucaviricetes	Tolivirales	Tombusviridae	NA	Ripoflyv virus	0.88	metabuli	N	0	0.00	0.00	0.00	0.00	RNA		tax
SRR15037506_clean_NODE_1408_length_655_cov_9.152921	SRR15037506_clean_NODE_1408_length_655_cov_9.152921	1	contig	Riboviria	Orthornavirae	Kitrinoviricota	Tolucaviricetes	Tolivirales	Tombusviridae	NA	Ripoflyv virus	0.88	metabuli	N	0	0.00	0.00	0.00	0.00	RNA		tax
SRR15037506_clean_NODE_314_length_1066_cov_5.221551	SRR15037506_clean_NODE_314_length_1066_cov_5.221551	1	contig	Riboviria	Orthornavirae	Pisuviricota	Duplopiviricetes	Durnavirales	Partitiviridae	NA	Disporopsis pernyi associated partitivirus	0.88	metabuli	N	0	0.00	0.00	0.00	0.00	RNA		tax
SRR15037506_clean_NODE_696_length_837_cov_1.441099	SRR15037506_clean_NODE_696_length_837_cov_1.441099	1	contig	Riboviria	Shotokuvirae	Cossaviricota	Papovaviricetes	Zurhausenvirales	Papillomaviridae	Tobamovirus	Human papillomavirus types	1	diamond_lca	N	0	0.00	0.00	0.00	0.00	RNA	ssRNA(+)	genus
SRR15037506_clean_NODE_729_length_824_cov_1.181092	SRR15037506_clean_NODE_729_length_824_cov_1.181092	1	contig	Riboviria	Orthornavirae	Kitrinoviricota	Alsuviricetes	Tymovirales	Betaflexiviridae	NA	Ferraria betaflexivirus 1	0.88	metabuli	N	0	0.00	0.00	0.00	0.00	RNA		tax
SRR17208219_clean_NODE_1_length_15354_cov_1823.675152	SRR17208219_clean_NODE_1_length_15354_cov_1823.675152	134	contig	Riboviria	Orthornavirae	Negarnaviricota	Monjiviricetes	Mononegavirales	Rhabdoviridae	Betacytorhabdovirus	Betacytorhabdovirus lycii	1	ACVirus	Y	0	0.00	0.00	0.00	0.00	RNA	ssRNA(-)	species
SRR17208220_clean_NODE_1895_length_676_cov_1.658375	SRR17208220_clean_NODE_1895_length_676_cov_1.658375	1	contig	Riboviria	Orthornavirae	Kitrinoviricota	Alsuviricetes	Tymovirales	Betaflexiviridae	Trichovirus	Trichovirus mali	1	metabuli	N	0	0.00	0.00	0.00	0.00	RNA	ssRNA(+)	species
SRR17208220_clean_NODE_670_length_1003_cov_2.052688	SRR17208220_clean_NODE_670_length_1003_cov_2.052688	1	contig	Riboviria	Pararnavirae	Artverviricota	Revtraviricetes	Ortervirales	Caulimoviridae	Caulimovirus	Caulimovirus sp.	1	diamond_lca	N	0	0.00	0.00	0.00	0.00	DNA	dsDNA-RT	genus
SRR17208221_clean_NODE_185_length_1603_cov_2.905229_self_circular	SRR17208221_clean_NODE_185_length_1603_cov_2.905229_self_circular	7	contig	Riboviria	Pararnavirae	Artverviricota	Revtraviricetes	Ortervirales	Caulimoviridae	Soymovirus	Soymovirus maculavaccinii	1	ACVirus	Y	0	0.00	0.00	0.00	0.00	DNA	dsDNA-RT	species
SRR17208221_clean_NODE_2139_length_659_cov_0.653584	SRR17208221_clean_NODE_2139_length_659_cov_0.653584	1	contig	Riboviria	Orthornavirae	Negarnaviricota	Monjiviricetes	Mononegavirales	Rhabdoviridae	Varicosavirus	Varicosavirus centaurea	1	metabuli	N	0	0.00	0.00	0.00	0.00	RNA	ssRNA(-)	species
SRR17208221_clean_NODE_3477_length_538_cov_5.139785	SRR17208221_clean_NODE_3477_length_538_cov_5.139785	1	contig	Riboviria	Orthornavirae	Pisuviricota	Duplopiviricetes	Durnavirales	Partitiviridae	Deltapartitivirus	Deltapartitivirus sp. 'yunanense'	1	metabuli	N	0	0.00	0.00	0.00	0.00	RNA	dsRNA	genus
SRR17208222_clean_NODE_1241_length_822_cov_3.532710	SRR17208222_clean_NODE_1241_length_822_cov_3.532710	1	contig	Riboviria	Orthornavirae	Kitrinoviricota	Tolucaviricetes	Tolivirales	Tombusviridae	Luteovirus	Blueberry virus L	1	metabuli	N	0	0.00	0.00	0.00	0.00	RNA	ssRNA(+)	genus
SRR17208222_clean_NODE_1301_length_807_cov_1.865123	SRR17208222_clean_NODE_1301_length_807_cov_1.865123	1	contig	Riboviria	Orthornavirae	Kitrinoviricota	Alsuviricetes	Martellivirales	Bromoviridae	Cucumovirus	Cucumovirus PSV	1	metabuli	N	0	0.00	0.00	0.00	0.00	RNA	ssRNA(+)	species
SRR17208223_clean_NODE_3871_length_533_cov_0.797826	SRR17208223_clean_NODE_3871_length_533_cov_0.797826	1	contig	Riboviria	Orthornavirae	Kitrinoviricota	Alsuviricetes	Martellivirales	Virgaviridae	NA	Pedersore virga-like virus	0.88	metabuli	N	0	0.00	0.00	0.00	0.00	RNA		tax
SRR17208223_clean_NODE_550_length_1149_cov_1.433086	SRR17208223_clean_NODE_550_length_1149_cov_1.433086	2	contig	Riboviria	Pararnavirae	Artverviricota	Revtraviricetes	Ortervirales	Caulimoviridae	Badnavirus	Badnavirus etainflatheobromae	1	metabuli	N	0	0.00	0.00	0.00	0.00	DNA	dsDNA-RT	species
SRR17208224_clean_NODE_735_length_1061_cov_2.838057	SRR17208224_clean_NODE_735_length_1061_cov_2.838057	6	contig	Riboviria	Orthornavirae	Kitrinoviricota	Alsuviricetes	Martellivirales	Endornaviridae	Alphaendornavirus	Alphaendornavirus yerbae	1	metabuli	N	0	0.00	0.00	0.00	0.00	RNA	ssRNA(+)	species
SRR17208224_clean_NODE_774_length_1040_cov_2.522234	SRR17208224_clean_NODE_774_length_1040_cov_2.522234	2	contig	Riboviria	Pararnavirae	Artverviricota	Revtraviricetes	Ortervirales	Caulimoviridae	Badnavirus	Badnavirus etainflatheobromae	1	metabuli	Y	0	0.00	0.00	0.00	0.00	DNA	dsDNA-RT	species
SRR17208225_clean_NODE_1881_length_718_cov_0.953488	SRR17208225_clean_NODE_1881_length_718_cov_0.953488	1	contig	Riboviria	Pararnavirae	Artverviricota	Revtraviricetes	Ortervirales	Caulimoviridae	Soymovirus	Soymovirus malvae	1	metabuli	N	0	0.00	0.00	0.00	0.00	DNA	dsDNA-RT	species
SRR17208225_clean_NODE_771_length_1014_cov_2.896918	SRR17208225_clean_NODE_771_length_1014_cov_2.896918	2	contig	Riboviria	Orthornavirae	Kitrinoviricota	Alsuviricetes	Martellivirales	Closteroviridae	Ampelovirus	Ampelovirus nanoavii	1	metabuli	N	0	0.00	0.00	0.00	0.00	RNA	ssRNA(+)	species
SRR17208226_clean_NODE_179_length_1695_cov_2.687423	SRR17208226_clean_NODE_179_length_1695_cov_2.687423	3	contig	Riboviria	Pararnavirae	Artverviricota	Revtraviricetes	Ortervirales	Caulimoviridae	Badnavirus	Badnavirus tessellopolysciatis	1	ACVirus	Y	0	0.00	0.00	0.00	0.00	DNA	dsDNA-RT	species
SRR17208226_clean_NODE_3025_length_606_cov_2.457786	SRR17208226_clean_NODE_3025_length_606_cov_2.457786	1	contig	Riboviria	Orthornavirae	Kitrinoviricota	Alsuviricetes	Martellivirales	Closteroviridae	Olivavirus	Olivavirus flavioleae	1	metabuli	N	0	0.00	0.00	0.00	0.00	RNA	ssRNA(+)	species
SRR17208226_clean_NODE_315_length_1378_cov_5.096552	SRR17208226_clean_NODE_315_length_1378_cov_5.096552	1	contig	Riboviria	Pararnavirae	Artverviricota	Revtraviricetes	Ortervirales	Caulimoviridae	Pseudovirus	Pseudovirus solani	1	ACVirus	N	0	0.00	0.00	0.00	0.00	RNA	ssRNA-RT	species
SRR17208226_clean_NODE_4656_length_506_cov_1.050808	SRR17208226_clean_NODE_4656_length_506_cov_1.050808	1	contig	Riboviria	Orthornavirae	Pisuviricota	Duplopiviricetes	Durnavirales	Partitiviridae	NA	Partitiviridae sp.	0.88	metabuli	N	0	0.00	0.00	0.00	0.00	RNA		tax
SRR17208226_clean_NODE_4_length_5528_cov_3.094775	SRR17208226_clean_NODE_4_length_5528_cov_3.094775	6	contig	Riboviria	Pararnavirae	Artverviricota	Revtraviricetes	Ortervirales	Caulimoviridae	Pseudovirus	Pseudovirus glycinis	1	ACVirus	Y	0	0.00	0.00	0.00	0.00	RNA	ssRNA-RT	species
SRR17208227_clean_NODE_2092_length_665_cov_1.881757	SRR17208227_clean_NODE_2092_length_665_cov_1.881757	1	contig	Riboviria	Pararnavirae	Artverviricota	Revtraviricetes	Ortervirales	Caulimoviridae	Badnavirus	Badnavirus venabougainvilleae	1	metabuli	N	0	0.00	0.00	0.00	0.00	DNA	dsDNA-RT	species
SRR17208227_clean_NODE_2387_length_631_cov_2.069892	SRR17208227_clean_NODE_2387_length_631_cov_2.069892	1	contig	NA	NA	NA	NA	NA	NA	NA	Chrysanthemum yellow edge associated virus 2	0.12	CAT	Y	0	0.00	0.00	0.00	0.00			none
SRR17208228_clean_NODE_385_length_1143_cov_6.078505	SRR17208228_clean_NODE_385_length_1143_cov_6.078505	5	contig	Riboviria	Pararnavirae	Artverviricota	Revtraviricetes	Ortervirales	Caulimoviridae	Soymovirus	Chrysanthemum yellow edge associated virus 2	1	metabuli	N	0	0.00	0.00	0.00	0.00	DNA	dsDNA-RT	genus
SRR17208228_clean_NODE_587_length_997_cov_17.809524	SRR17208228_clean_NODE_587_length_997_cov_17.809524	1	contig	Riboviria	Pararnavirae	Artverviricota	Revtraviricetes	Ortervirales	Caulimoviridae	Badnavirus	Badnavirus venabougainvilleae	1	metabuli	N	0	0.00	0.00	0.00	0.00	DNA	dsDNA-RT	species
SRR17208229_clean_NODE_230_length_1404_cov_4.095417	SRR17208229_clean_NODE_230_length_1404_cov_4.095417	1	contig	Riboviria	Pararnavirae	Artverviricota	Revtraviricetes	Ortervirales	Caulimoviridae	Pseudovirus	Pseudovirus brassicae	1	ACVirus	N	0	0.00	0.00	0.00	0.00	RNA	ssRNA-RT	species
SRR17208229_clean_NODE_748_length_925_cov_4.723005	SRR17208229_clean_NODE_748_length_925_cov_4.723005	7	contig	Riboviria	Orthornavirae	Negarnaviricota	Monjiviricetes	Mononegavirales	Rhabdoviridae	Gammanucleorhabdovirus	Myrica gammanucleorhabdovirus 1	1	metabuli	N	0	0.00	0.00	0.00	0.00	RNA	ssRNA(-)	genus
SRR17208230_clean_NODE_80_length_2079_cov_12.595713	SRR17208230_clean_NODE_80_length_2079_cov_12.595713	40	contig	Riboviria	Orthornavirae	Negarnaviricota	Monjiviricetes	Mononegavirales	Rhabdoviridae	Gammacytorhabdovirus	Gammacytorhabdovirus lonatis	1	metabuli	Y	0	0.00	0.00	0.00	0.00	RNA	ssRNA(-)	species
SRR17208231_clean_NODE_1900_length_665_cov_1.971284	SRR17208231_clean_NODE_1900_length_665_cov_1.971284	1	contig	Riboviria	Orthornavirae	Duplornaviricota	Resentoviricetes	Reovirales	Spinareoviridae	Fijivirus	NA	0.88	metabuli	N	0	0.00	0.00	0.00	0.00	RNA	dsRNA	genus
SRR17208231_clean_NODE_237_length_1375_cov_729.221966	SRR17208231_clean_NODE_237_length_1375_cov_729.221966	8	contig	Riboviria	Orthornavirae	Negarnaviricota	Monjiviricetes	Mononegavirales	Rhabdoviridae	Betacytorhabdovirus	Betacytorhabdovirus lycii	1	ACVirus	N	0	0.00	0.00	0.00	0.00	RNA	ssRNA(-)	species
SRR17208232_clean_NODE_233_length_1343_cov_3.003937	SRR17208232_clean_NODE_233_length_1343_cov_3.003937	2	contig	Riboviria	Orthornavirae	Pisuviricota	Duplopiviricetes	Durnavirales	Partitiviridae	NA	Partitiviridae sp.	0.88	metabuli	N	0	0.00	0.00	0.00	0.00	RNA		tax
SRR17208232_clean_NODE_783_length_881_cov_2.387376	SRR17208232_clean_NODE_783_length_881_cov_2.387376	2	contig	Riboviria	Orthornavirae	Kitrinoviricota	Alsuviricetes	Martellivirales	Closteroviridae	Ampelovirus	Ampelovirus nanoavii	1	metabuli	N	0	0.00	0.00	0.00	0.00	RNA	ssRNA(+)	species
SRR17208233_clean_NODE_2138_length_613_cov_1.140741	SRR17208233_clean_NODE_2138_length_613_cov_1.140741	1	contig	Riboviria	Pararnavirae	Artverviricota	Revtraviricetes	Ortervirales	Caulimoviridae	Badnavirus	Badnavirus etainflatheobromae	1	metabuli	N	0	0.00	0.00	0.00	0.00	DNA	dsDNA-RT	species
SRR18059513_clean_NODE_4909_length_526_cov_0.732892	SRR18059513_clean_NODE_4909_length_526_cov_0.732892	1	contig	Riboviria	Orthornavirae	Negarnaviricota	Bunyaviricetes	Hareavirales	Konkoviridae	Olpivirus	Olpivirus tripterocalicis	1	metabuli	N	0	0.00	0.00	0.00	0.00	RNA	ssRNA(-)	species
SRR21888384_clean_NODE_282_length_572_cov_4.238477	SRR21888384_clean_NODE_282_length_572_cov_4.238477	1	contig	Riboviria	Orthornavirae	Kitrinoviricota	Tolucaviricetes	Tolivirales	Tombusviridae	Luteovirus	Blueberry virus L	1	metabuli	N	0	0.00	0.00	0.00	0.00	RNA	ssRNA(+)	genus
SRR21888385_clean_NODE_230_length_550_cov_3.329140	SRR21888385_clean_NODE_230_length_550_cov_3.329140	1	contig	Riboviria	Orthornavirae	Negarnaviricota	Monjiviricetes	Mononegavirales	Rhabdoviridae	Betanucleorhabdovirus	Ziziphora betanucleorhabdovirus 1	1	metabuli	N	0	0.00	0.00	0.00	0.00	RNA	ssRNA(-)	genus
SRR21888387_clean_NODE_48_length_791_cov_0.963788	SRR21888387_clean_NODE_48_length_791_cov_0.963788	1	contig	Riboviria	Orthornavirae	Pisuviricota	Duplopiviricetes	Durnavirales	Partitiviridae	NA	Disporopsis pernyi associated partitivirus	0.88	metabuli	N	0	0.00	0.00	0.00	0.00	RNA		tax
SRR21888390_clean_NODE_1462_length_765_cov_4.750000	SRR21888390_clean_NODE_1462_length_765_cov_4.750000	1	contig	Riboviria	Orthornavirae	Negarnaviricota	Monjiviricetes	Mononegavirales	Rhabdoviridae	Betanucleorhabdovirus	Ziziphora betanucleorhabdovirus 1	1	metabuli	N	0	0.00	0.00	0.00	0.00	RNA	ssRNA(-)	genus
SRR21888390_clean_NODE_612_length_968_cov_1.681564	SRR21888390_clean_NODE_612_length_968_cov_1.681564	1	contig	Riboviria	NA	NA	NA	NA	NA	NA	NA	0.12	metabuli	N	0	0.00	0.00	0.00	0.00			none
SRR21888390_clean_NODE_86_length_1520_cov_6.991016	SRR21888390_clean_NODE_86_length_1520_cov_6.991016	1	contig	Riboviria	Orthornavirae	Pisuviricota	Duplopiviricetes	Durnavirales	Partitiviridae	Deltapartitivirus	Deltapartitivirus sp. 'yunanense'	1	metabuli	N	0	0.00	0.00	0.00	0.00	RNA	dsRNA	genus
SRR21888391_clean_NODE_4515_length_519_cov_97.569507	SRR21888391_clean_NODE_4515_length_519_cov_97.569507	1	contig	Riboviria	Orthornavirae	Pisuviricota	Pisoniviricetes	NA	NA	NA	Ripabiq virus	0.62	diamond_lca	N	0	0.00	0.00	0.00	0.00	RNA		tax
SRR21888393_clean_NODE_1249_length_532_cov_4.167756	SRR21888393_clean_NODE_1249_length_532_cov_4.167756	1	contig	Riboviria	Orthornavirae	Negarnaviricota	Monjiviricetes	Mononegavirales	Rhabdoviridae	Betanucleorhabdovirus	Ziziphora betanucleorhabdovirus 1	1	metabuli	N	0	0.00	0.00	0.00	0.00	RNA	ssRNA(-)	genus
SRR21888393_clean_NODE_702_length_656_cov_2.032590	SRR21888393_clean_NODE_702_length_656_cov_2.032590	1	contig	Riboviria	Orthornavirae	Pisuviricota	Duplopiviricetes	Durnavirales	Partitiviridae	NA	Pittosporum cryptic virus-1	0.88	metabuli	N	0	0.00	0.00	0.00	0.00	RNA		tax
SRR21888396_clean_NODE_374_length_598_cov_5.702857	SRR21888396_clean_NODE_374_length_598_cov_5.702857	1	contig	Riboviria	Orthornavirae	Negarnaviricota	Bunyaviricetes	Elliovirales	Tospoviridae	Orthotospovirus	Orthotospovirus tomatozonae	1	metabuli	N	0	0.00	0.00	0.00	0.00	RNA	ssRNA(+/-)	species
SRR21888396_clean_NODE_569_length_519_cov_2.347534	SRR21888396_clean_NODE_569_length_519_cov_2.347534	1	contig	Riboviria	Orthornavirae	Kitrinoviricota	Alsuviricetes	Martellivirales	Bromoviridae	Ilarvirus	Ilarvirus PNRSV	1	metabuli	N	0	0.00	0.00	0.00	0.00	RNA	ssRNA(+)	species
SRR22330848_clean_NODE_62_length_1326_cov_3.444533	SRR22330848_clean_NODE_62_length_1326_cov_3.444533	2	contig	Riboviria	Orthornavirae	Kitrinoviricota	Alsuviricetes	Martellivirales	Virgaviridae	NA	Bemisia tabaci virga-like virus 2	0.88	metabuli	N	0	0.00	0.00	0.00	0.00	RNA		tax
SRR22742698_clean_NODE_1104_length_1624_cov_8.916828	SRR22742698_clean_NODE_1104_length_1624_cov_8.916828	1	contig	Riboviria	Orthornavirae	Pisuviricota	Duplopiviricetes	Durnavirales	Partitiviridae	Deltapartitivirus	Deltapartitivirus sp. 'yunanense'	1	metabuli	N	0	0.00	0.00	0.00	0.00	RNA	dsRNA	genus
SRR22742698_clean_NODE_137_length_2894_cov_3.401985	SRR22742698_clean_NODE_137_length_2894_cov_3.401985	1	contig	Riboviria	Orthornavirae	Pisuviricota	Stelpaviricetes	Patatavirales	Potyviridae	Potyvirus	Potyvirus iristenuis	1	CAT	Y	0	0.00	0.00	0.00	0.00	RNA	ssRNA(+)	species
SRR22742698_clean_NODE_220_length_2568_cov_3.116633	SRR22742698_clean_NODE_220_length_2568_cov_3.116633	1	contig	Riboviria	Orthornavirae	Kitrinoviricota	Alsuviricetes	Tymovirales	Tymoviridae	Tymovirus	Tymovirus nemesiae	1	diamond_lca	Y	0	0.00	0.00	0.00	0.00	RNA	ssRNA(+)	species
SRR22742698_clean_NODE_2947_length_1057_cov_14.822154	SRR22742698_clean_NODE_2947_length_1057_cov_14.822154	1	contig	Riboviria	Orthornavirae	Kitrinoviricota	Alsuviricetes	Martellivirales	Bromoviridae	Ilarvirus	Ilarvirus PNRSV	1	metabuli	N	0	0.00	0.00	0.00	0.00	RNA	ssRNA(+)	species
SRR22742698_clean_NODE_403_length_2215_cov_2.774043	SRR22742698_clean_NODE_403_length_2215_cov_2.774043	1	contig	Riboviria	Orthornavirae	Kitrinoviricota	Alsuviricetes	Martellivirales	Closteroviridae	Velarivirus	Velarivirus arecae	1	CAT	Y	0	0.00	0.00	0.00	0.00	RNA	ssRNA(+)	species
SRR22742698_clean_NODE_5434_length_736_cov_1.301659	SRR22742698_clean_NODE_5434_length_736_cov_1.301659	3	contig	Riboviria	Orthornavirae	Pisuviricota	Stelpaviricetes	Patatavirales	Potyviridae	Potyvirus	Ornithogalum mosaic virus 2	1	metabuli	N	0	0.00	0.00	0.00	0.00	RNA	ssRNA(+)	genus
SRR22742698_clean_NODE_5880_length_700_cov_1.301435	SRR22742698_clean_NODE_5880_length_700_cov_1.301435	1	contig	Riboviria	Orthornavirae	Negarnaviricota	Bunyaviricetes	Elliovirales	Tospoviridae	Orthotospovirus	Orthotospovirus arachianuli	1	metabuli	N	0	0.00	0.00	0.00	0.00	RNA	ssRNA(+/-)	species
SRR22742698_clean_NODE_8159_length_573_cov_1.028000	SRR22742698_clean_NODE_8159_length_573_cov_1.028000	1	contig	Riboviria	Pararnavirae	Artverviricota	Revtraviricetes	Ortervirales	Caulimoviridae	Badnavirus	Badnavirus venabougainvilleae	1	metabuli	N	0	0.00	0.00	0.00	0.00	DNA	dsDNA-RT	species
SRR22742698_clean_NODE_9869_length_509_cov_1.233945	SRR22742698_clean_NODE_9869_length_509_cov_1.233945	1	contig	Riboviria	Orthornavirae	Kitrinoviricota	Alsuviricetes	Tymovirales	Betaflexiviridae	Carlavirus	Carlavirus latenskalanchoe	1	ACVirus	Y	0	0.00	0.00	0.00	0.00	RNA	ssRNA(+)	species
SRR22742700_clean_NODE_1_length_6157_cov_2.944280	SRR22742700_clean_NODE_1_length_6157_cov_2.944280	3	contig	Riboviria	Orthornavirae	Pisuviricota	Stelpaviricetes	Patatavirales	Potyviridae	Potyvirus	Potyvirus sacchari	1	ACVirus	Y	0	0.00	0.00	0.00	0.00	RNA	ssRNA(+)	species
SRR22742702_clean_NODE_1516_length_2462_cov_9.688154	SRR22742702_clean_NODE_1516_length_2462_cov_9.688154	1	contig	Riboviria	Orthornavirae	Pisuviricota	Stelpaviricetes	Patatavirales	Potyviridae	Potyvirus	Potyvirus dasheenis	1	metabuli	Y	0	0.00	0.00	0.00	0.00	RNA	ssRNA(+)	species
SRR22742702_clean_NODE_18114_length_522_cov_8.534521	SRR22742702_clean_NODE_18114_length_522_cov_8.534521	2	contig	Riboviria	Orthornavirae	Kitrinoviricota	Tolucaviricetes	Tolivirales	Tombusviridae	Umbravirus	Sclerotinia sclerotiorum umbra-like virus 1-U	1	metabuli	N	0	0.00	0.00	0.00	0.00	RNA	ssRNA(+)	genus
SRR22742702_clean_NODE_2222_length_2127_cov_6.435248	SRR22742702_clean_NODE_2222_length_2127_cov_6.435248	1	contig	Riboviria	Orthornavirae	Kitrinoviricota	Alsuviricetes	Tymovirales	Tymoviridae	Pandoravirus	Maculavirus vitis	1	metabuli	N	0	0.00	0.00	0.00	0.00	RNA	ssRNA(+)	species
SRR22742702_clean_NODE_3_length_11852_cov_6.694881	SRR22742702_clean_NODE_3_length_11852_cov_6.694881	1	contig	Riboviria	Orthornavirae	Pisuviricota	Stelpaviricetes	Patatavirales	Potyviridae	Potyvirus	Potyvirus batataplumei	1	metabuli	Y	0	0.00	0.00	0.00	0.00	RNA	ssRNA(+)	species
SRR22742702_clean_NODE_653_length_3210_cov_12.593561	SRR22742702_clean_NODE_653_length_3210_cov_12.593561	3	contig	Riboviria	Pararnavirae	Artverviricota	Revtraviricetes	Ortervirales	Caulimoviridae	Tungrovirus	Tungrovirus oryzae	1	metabuli	Y	0	0.00	0.00	0.00	0.00	DNA	dsDNA-RT	species
SRR22742702_clean_NODE_6541_length_1243_cov_2.992308	SRR22742702_clean_NODE_6541_length_1243_cov_2.992308	1	contig	Riboviria	Orthornavirae	Kitrinoviricota	Alsuviricetes	Martellivirales	Bromoviridae	Ilarvirus	Ilarvirus PNRSV	1	metabuli	N	0	0.00	0.00	0.00	0.00	RNA	ssRNA(+)	species
SRR22742703_clean_NODE_1172_length_2957_cov_34.479196	SRR22742703_clean_NODE_1172_length_2957_cov_34.479196	1	contig	Riboviria	NA	NA	NA	NA	NA	NA	Ambivirus sp.	0.25	metabuli	Y	0	0.00	0.00	0.00	0.00			none
SRR22742703_clean_NODE_15555_length_600_cov_5.237192	SRR22742703_clean_NODE_15555_length_600_cov_5.237192	1	contig	Riboviria	Orthornavirae	Kitrinoviricota	Alsuviricetes	Martellivirales	Bromoviridae	Ilarvirus	Ilarvirus PNRSV	1	metabuli	N	0	0.00	0.00	0.00	0.00	RNA	ssRNA(+)	species
SRR22742703_clean_NODE_15690_length_594_cov_3.082534	SRR22742703_clean_NODE_15690_length_594_cov_3.082534	1	contig	Riboviria	Orthornavirae	Pisuviricota	Stelpaviricetes	Patatavirales	Potyviridae	Potyvirus	Potyvirus glycitessellati	1	metabuli	N	0	0.00	0.00	0.00	0.00	RNA	ssRNA(+)	species
SRR22742703_clean_NODE_16213_length_571_cov_1.489960	SRR22742703_clean_NODE_16213_length_571_cov_1.489960	1	contig	Riboviria	Orthornavirae	Kitrinoviricota	Alsuviricetes	Tymovirales	Betaflexiviridae	Carlavirus	Carlavirus unipseudostellariae	1	metabuli	N	0	0.00	0.00	0.00	0.00	RNA	ssRNA(+)	species
SRR22742703_clean_NODE_2071_length_2420_cov_3.170004	SRR22742703_clean_NODE_2071_length_2420_cov_3.170004	1	contig	Riboviria	Orthornavirae	Kitrinoviricota	Alsuviricetes	Martellivirales	Endornaviridae	Alphaendornavirus	Alphaendornavirus fuphaseoli	1	ACVirus	Y	0	0.00	0.00	0.00	0.00	RNA	ssRNA(+)	species
SRR22742703_clean_NODE_24_length_6739_cov_22.751875	SRR22742703_clean_NODE_24_length_6739_cov_22.751875	2	contig	Riboviria	Orthornavirae	Kitrinoviricota	Alsuviricetes	Martellivirales	Closteroviridae	Ampelovirus	Ampelovirus univitis	1	metabuli	Y	0	0.00	0.00	0.00	0.00	RNA	ssRNA(+)	species
SRR22742703_clean_NODE_3011_length_2071_cov_158.863864	SRR22742703_clean_NODE_3011_length_2071_cov_158.863864	2	contig	Riboviria	Orthornavirae	Pisuviricota	Pisoniviricetes	Sobelivirales	Solemoviridae	NA	Solemoviridae sp.	0.88	metabuli	Y	0	0.00	0.00	0.00	0.00	RNA		tax
SRR22742703_clean_NODE_3682_length_1887_cov_11.651599	SRR22742703_clean_NODE_3682_length_1887_cov_11.651599	1	contig	Riboviria	Orthornavirae	Kitrinoviricota	Alsuviricetes	Tymovirales	Tymoviridae	Maculavirus	Maculavirus vitis	1	metabuli	N	0	0.00	0.00	0.00	0.00	RNA	ssRNA(+)	species
SRR22742703_clean_NODE_389_length_4085_cov_24.925224	SRR22742703_clean_NODE_389_length_4085_cov_24.925224	3	contig	Riboviria	Orthornavirae	Kitrinoviricota	Alsuviricetes	Martellivirales	Endornaviridae	Alphaendornavirus	Alphaendornavirus sp.	1	metabuli	Y	0	0.00	0.00	0.00	0.00	RNA	ssRNA(+)	genus
SRR22742703_clean_NODE_398_length_4062_cov_9.129606	SRR22742703_clean_NODE_398_length_4062_cov_9.129606	1	contig	Riboviria	Orthornavirae	Kitrinoviricota	Alsuviricetes	Martellivirales	Endornaviridae	NA	NA	0.75	mmseqs	Y	0	0.00	0.00	0.00	0.00	RNA		tax
SRR22742703_clean_NODE_542_length_3737_cov_16.940775	SRR22742703_clean_NODE_542_length_3737_cov_16.940775	1	contig	Riboviria	Orthornavirae	Kitrinoviricota	Alsuviricetes	Martellivirales	Endornaviridae	Alphaendornavirus	Alphaendornavirus fuphaseoli	1	ACVirus	Y	0	0.00	0.00	0.00	0.00	RNA	ssRNA(+)	species
SRR22742703_clean_NODE_5504_length_1512_cov_11.931897	SRR22742703_clean_NODE_5504_length_1512_cov_11.931897	1	contig	Riboviria	Orthornavirae	Kitrinoviricota	Alsuviricetes	Tymovirales	Betaflexiviridae	Carlavirus	Carlavirus misolani	1	metabuli	N	0	0.00	0.00	0.00	0.00	RNA	ssRNA(+)	species
SRR22742703_clean_NODE_6240_length_1395_cov_2.757186	SRR22742703_clean_NODE_6240_length_1395_cov_2.757186	1	contig	Riboviria	Orthornavirae	Kitrinoviricota	Alsuviricetes	Tymovirales	Betaflexiviridae	Carlavirus	Carlavirus misolani	1	metabuli	N	0	0.00	0.00	0.00	0.00	RNA	ssRNA(+)	species
SRR22742703_clean_NODE_9898_length_969_cov_1.525670	SRR22742703_clean_NODE_9898_length_969_cov_1.525670	1	contig	Riboviria	Orthornavirae	Kitrinoviricota	Alsuviricetes	Tymovirales	Tymoviridae	Maculavirus	Maculavirus vitis	1	metabuli	N	0	0.00	0.00	0.00	0.00	RNA	ssRNA(+)	species
SRR22742705_clean_NODE_1677_length_625_cov_0.851449	SRR22742705_clean_NODE_1677_length_625_cov_0.851449	1	contig	Riboviria	Orthornavirae	Pisuviricota	Stelpaviricetes	Patatavirales	Potyviridae	Potyvirus	Potyvirus sacchari	1	ACVirus	N	0	0.00	0.00	0.00	0.00	RNA	ssRNA(+)	species
SRR22742705_clean_NODE_2655_length_523_cov_0.822222	SRR22742705_clean_NODE_2655_length_523_cov_0.822222	1	contig	Riboviria	Orthornavirae	Pisuviricota	Stelpaviricetes	Patatavirales	Potyviridae	Potyvirus	Ornithogalum mosaic virus 2	1	metabuli	N	0	0.00	0.00	0.00	0.00	RNA	ssRNA(+)	genus
SRR22742705_clean_NODE_75_length_1711_cov_2.379731	SRR22742705_clean_NODE_75_length_1711_cov_2.379731	2	contig	Riboviria	Orthornavirae	Kitrinoviricota	Alsuviricetes	Tymovirales	Betaflexiviridae	Carlavirus	Carlavirus latenskalanchoe	1	ACVirus	Y	0	0.00	0.00	0.00	0.00	RNA	ssRNA(+)	species
SRR23107135_clean_NODE_10250_length_1607_cov_3.635593	SRR23107135_clean_NODE_10250_length_1607_cov_3.635593	1	contig	Riboviria	Orthornavirae	Negarnaviricota	Bunyaviricetes	Elliovirales	Tospoviridae	Orthotospovirus	Orthotospovirus capsicimaculaflavi	1	metabuli	N	0	0.00	0.00	0.00	0.00	RNA	ssRNA(+/-)	species
SRR23107135_clean_NODE_13301_length_1441_cov_3.084795	SRR23107135_clean_NODE_13301_length_1441_cov_3.084795	1	contig	Riboviria	Orthornavirae	Negarnaviricota	Bunyaviricetes	Elliovirales	Tospoviridae	Orthotospovirus	Orthotospovirus tomatozonae	1	metabuli	N	0	0.00	0.00	0.00	0.00	RNA	ssRNA(+/-)	species
SRR23107135_clean_NODE_13769_length_1418_cov_3.189591	SRR23107135_clean_NODE_13769_length_1418_cov_3.189591	3	contig	Riboviria	Orthornavirae	Negarnaviricota	Bunyaviricetes	Elliovirales	Tospoviridae	Orthotospovirus	Orthotospovirus iridimaculaflavi	1	metabuli	N	0	0.00	0.00	0.00	0.00	RNA	ssRNA(+/-)	species
SRR23107135_clean_NODE_14159_length_1400_cov_6.241145	SRR23107135_clean_NODE_14159_length_1400_cov_6.241145	3	contig	Riboviria	Orthornavirae	Negarnaviricota	Bunyaviricetes	Hareavirales	Konkoviridae	NA	Campanula associated konkovirus 1	0.88	metabuli	N	0	0.00	0.00	0.00	0.00	RNA		tax
SRR23107135_clean_NODE_14527_length_1385_cov_2.544970	SRR23107135_clean_NODE_14527_length_1385_cov_2.544970	1	contig	Riboviria	Orthornavirae	Negarnaviricota	Bunyaviricetes	Hareavirales	Phenuiviridae	Coguvirus	Coguvirus henanense	1	metabuli	N	0	0.00	0.00	0.00	0.00	RNA	ssRNA(-); ssRNA(+/-)	species
SRR23107135_clean_NODE_14537_length_1384_cov_10.454615	SRR23107135_clean_NODE_14537_length_1384_cov_10.454615	4	contig	Riboviria	Orthornavirae	Pisuviricota	Stelpaviricetes	Patatavirales	Potyviridae	Potyvirus	Potyvirus sacchari	1	metabuli	N	0	0.00	0.00	0.00	0.00	RNA	ssRNA(+)	species
SRR23107135_clean_NODE_15200_length_1356_cov_2.691348	SRR23107135_clean_NODE_15200_length_1356_cov_2.691348	1	contig	Riboviria	Orthornavirae	Kitrinoviricota	Alsuviricetes	Martellivirales	Closteroviridae	Crinivirus	Crinivirus chelidonii	1	metabuli	N	0	0.00	0.00	0.00	0.00	RNA	ssRNA(+)	species
SRR23107135_clean_NODE_15557_length_1342_cov_3.169425	SRR23107135_clean_NODE_15557_length_1342_cov_3.169425	1	contig	Riboviria	Orthornavirae	Pisuviricota	Pisoniviricetes	Picornavirales	Secoviridae	Fabavirus	Fabavirus vitis	1	metabuli	N	0	0.00	0.00	0.00	0.00	RNA	ssRNA(+)	species
SRR23107135_clean_NODE_17571_length_1267_cov_4.144054	SRR23107135_clean_NODE_17571_length_1267_cov_4.144054	1	contig	Riboviria	Orthornavirae	Kitrinoviricota	Alsuviricetes	Martellivirales	Virgaviridae	Tobamovirus	NA	0.88	metabuli	N	0	0.00	0.00	0.00	0.00	RNA	ssRNA(+)	genus
SRR23107135_clean_NODE_1766_length_2877_cov_13.620185	SRR23107135_clean_NODE_1766_length_2877_cov_13.620185	4	contig	Riboviria	Orthornavirae	Pisuviricota	Stelpaviricetes	Patatavirales	Potyviridae	Potyvirus	Potyvirus iristenuis	1	CAT	Y	0	0.00	0.00	0.00	0.00	RNA	ssRNA(+)	species
SRR23107135_clean_NODE_1876_length_2832_cov_39.051468	SRR23107135_clean_NODE_1876_length_2832_cov_39.051468	5	contig	Riboviria	Orthornavirae	Pisuviricota	Duplopiviricetes	Durnavirales	Partitiviridae	NA	Lwood partitivirus	0.88	metabuli	Y	0	0.00	0.00	0.00	0.00	RNA		tax
SRR23107135_clean_NODE_1997_length_2780_cov_5.918729	SRR23107135_clean_NODE_1997_length_2780_cov_5.918729	3	contig	Riboviria	Orthornavirae	Pisuviricota	Stelpaviricetes	Patatavirales	Potyviridae	Potyvirus	Potyvirus iristenuis	1	CAT	Y	0	0.00	0.00	0.00	0.00	RNA	ssRNA(+)	species
SRR23107135_clean_NODE_2131_length_2726_cov_15.456087	SRR23107135_clean_NODE_2131_length_2726_cov_15.456087	4	contig	Riboviria	Orthornavirae	Kitrinoviricota	Alsuviricetes	Tymovirales	Betaflexiviridae	Carlavirus	Carlavirus hellebori	1	metabuli	Y	0	0.00	0.00	0.00	0.00	RNA	ssRNA(+)	species
SRR23107135_clean_NODE_21633_length_1140_cov_13.286785	SRR23107135_clean_NODE_21633_length_1140_cov_13.286785	6	contig	Riboviria	Pararnavirae	Artverviricota	Revtraviricetes	Ortervirales	Caulimoviridae	Badnavirus	Badnavirus venabougainvilleae	1	metabuli	N	0	0.00	0.00	0.00	0.00	DNA	dsDNA-RT	species
SRR23107135_clean_NODE_23532_length_1092_cov_4.145240	SRR23107135_clean_NODE_23532_length_1092_cov_4.145240	6	contig	Riboviria	Orthornavirae	Kitrinoviricota	Tolucaviricetes	Tolivirales	Tombusviridae	Luteovirus	Blueberry virus L	1	metabuli	N	0	0.00	0.00	0.00	0.00	RNA	ssRNA(+)	genus
SRR23107135_clean_NODE_23897_length_1084_cov_1.754698	SRR23107135_clean_NODE_23897_length_1084_cov_1.754698	1	contig	Riboviria	Pararnavirae	Artverviricota	Revtraviricetes	Ortervirales	Caulimoviridae	Soymovirus	Soymovirus crispocestri	1	diamond_lca	N	0	0.00	0.00	0.00	0.00	DNA	dsDNA-RT	species
SRR23107135_clean_NODE_26413_length_1025_cov_8.550420	SRR23107135_clean_NODE_26413_length_1025_cov_8.550420	1	contig	Riboviria	Orthornavirae	Pisuviricota	Duplopiviricetes	Durnavirales	Partitiviridae	NA	Pittosporum cryptic virus-1	0.88	metabuli	N	0	0.00	0.00	0.00	0.00	RNA		tax
SRR23107135_clean_NODE_26780_length_1018_cov_1.848677	SRR23107135_clean_NODE_26780_length_1018_cov_1.848677	2	contig	Riboviria	Orthornavirae	Kitrinoviricota	Alsuviricetes	Martellivirales	Closteroviridae	Ampelovirus	Ampelovirus univitis	1	metabuli	N	0	0.00	0.00	0.00	0.00	RNA	ssRNA(+)	species
SRR23107135_clean_NODE_27255_length_1007_cov_4.453961	SRR23107135_clean_NODE_27255_length_1007_cov_4.453961	1	contig	Riboviria	Orthornavirae	Negarnaviricota	Monjiviricetes	Mononegavirales	Rhabdoviridae	Betanucleorhabdovirus	Ziziphora betanucleorhabdovirus 1	1	metabuli	N	0	0.00	0.00	0.00	0.00	RNA	ssRNA(-)	genus
SRR23107135_clean_NODE_31470_length_926_cov_7.418523	SRR23107135_clean_NODE_31470_length_926_cov_7.418523	1	contig	Riboviria	Orthornavirae	Negarnaviricota	Monjiviricetes	Mononegavirales	Rhabdoviridae	Betanucleorhabdovirus	Ziziphora betanucleorhabdovirus 1	1	metabuli	N	0	0.00	0.00	0.00	0.00	RNA	ssRNA(-)	genus
SRR23107135_clean_NODE_32521_length_908_cov_2.368862	SRR23107135_clean_NODE_32521_length_908_cov_2.368862	1	contig	Riboviria	Orthornavirae	Pisuviricota	Duplopiviricetes	Durnavirales	Partitiviridae	NA	Pittosporum cryptic virus-1	0.88	metabuli	N	0	0.00	0.00	0.00	0.00	RNA		tax
SRR23107135_clean_NODE_37274_length_838_cov_3.410458	SRR23107135_clean_NODE_37274_length_838_cov_3.410458	1	contig	Riboviria	Orthornavirae	Pisuviricota	Pisoniviricetes	Sobelivirales	Solemoviridae	NA	Flumine sobemo-like virus 8	0.88	metabuli	N	0	0.00	0.00	0.00	0.00	RNA		tax
SRR23107135_clean_NODE_43399_length_764_cov_2.063676	SRR23107135_clean_NODE_43399_length_764_cov_2.063676	2	contig	Riboviria	Orthornavirae	Kitrinoviricota	Alsuviricetes	Tymovirales	Alphaflexiviridae	Potexvirus	Potexvirus fragariae	1	metabuli	N	0	0.00	0.00	0.00	0.00	RNA	ssRNA(+)	species
SRR23107135_clean_NODE_44240_length_754_cov_15.723935	SRR23107135_clean_NODE_44240_length_754_cov_15.723935	3	contig	Riboviria	Orthornavirae	Negarnaviricota	Bunyaviricetes	Hareavirales	Phenuiviridae	Tenuivirus	Tenuivirus eurotritici	1	mmseqs	N	0	0.00	0.00	0.00	0.00	RNA	ssRNA(+/-)	species
SRR23107135_clean_NODE_44622_length_750_cov_3.385524	SRR23107135_clean_NODE_44622_length_750_cov_3.385524	1	contig	Riboviria	Orthornavirae	Pisuviricota	Pisoniviricetes	Sobelivirales	Solemoviridae	Polerovirus	Polerovirus STAVB	1	metabuli	N	0	0.00	0.00	0.00	0.00	RNA	ssRNA(+)	species
SRR23107135_clean_NODE_48872_length_708_cov_1.368504	SRR23107135_clean_NODE_48872_length_708_cov_1.368504	1	contig	Riboviria	Orthornavirae	Kitrinoviricota	Alsuviricetes	Tymovirales	Alphaflexiviridae	Potexvirus	Potexvirus bambusae	1	metabuli	N	0	0.00	0.00	0.00	0.00	RNA	ssRNA(+)	species
SRR23107135_clean_NODE_4914_length_2114_cov_10.341499	SRR23107135_clean_NODE_4914_length_2114_cov_10.341499	2	contig	NA	Shotokuvirae	Cressdnaviricota	Repensiviricetes	Geplafuvirales	Geminiviridae	Begomovirus	Begomovirus bauri	0.88	metabuli	Y	0	0.00	0.00	0.00	0.00	DNA	ssDNA(+/-)	species
SRR23107135_clean_NODE_49446_length_702_cov_2.432432	SRR23107135_clean_NODE_49446_length_702_cov_2.432432	1	contig	Riboviria	Orthornavirae	Pisuviricota	Pisoniviricetes	Picornavirales	Secoviridae	Fabavirus	Fabavirus pruni	1	metabuli	N	0	0.00	0.00	0.00	0.00	RNA	ssRNA(+)	species
SRR23107135_clean_NODE_50633_length_692_cov_1.135703	SRR23107135_clean_NODE_50633_length_692_cov_1.135703	1	contig	Riboviria	Orthornavirae	Pisuviricota	Pisoniviricetes	Picornavirales	Secoviridae	Waikavirus	Waikavirus zeae	1	metabuli	N	0	0.00	0.00	0.00	0.00	RNA	ssRNA(+)	species
SRR23107135_clean_NODE_51954_length_681_cov_1.054276	SRR23107135_clean_NODE_51954_length_681_cov_1.054276	1	contig	Riboviria	Orthornavirae	Pisuviricota	Pisoniviricetes	Sobelivirales	Solemoviridae	Polerovirus	Polerovirus CPCSV	1	metabuli	N	0	0.00	0.00	0.00	0.00	RNA	ssRNA(+)	species
SRR23107135_clean_NODE_54634_length_659_cov_2.438567	SRR23107135_clean_NODE_54634_length_659_cov_2.438567	1	contig	Riboviria	Orthornavirae	Pisuviricota	Stelpaviricetes	Patatavirales	Potyviridae	Potyvirus	Potyvirus sacchari	1	metabuli	N	0	0.00	0.00	0.00	0.00	RNA	ssRNA(+)	species
SRR23107135_clean_NODE_55486_length_652_cov_3.799655	SRR23107135_clean_NODE_55486_length_652_cov_3.799655	1	contig	Riboviria	Orthornavirae	Pisuviricota	Duplopiviricetes	Durnavirales	Partitiviridae	NA	Pittosporum cryptic virus-1	0.88	metabuli	N	0	0.00	0.00	0.00	0.00	RNA		tax
SRR23107135_clean_NODE_60551_length_616_cov_4.046041	SRR23107135_clean_NODE_60551_length_616_cov_4.046041	1	contig	Riboviria	Orthornavirae	Kitrinoviricota	Alsuviricetes	Tymovirales	Betaflexiviridae	Trichovirus	Trichovirus mali	1	metabuli	N	0	0.00	0.00	0.00	0.00	RNA	ssRNA(+)	species
SRR23107135_clean_NODE_67244_length_576_cov_3.025845	SRR23107135_clean_NODE_67244_length_576_cov_3.025845	1	contig	Riboviria	Orthornavirae	Kitrinoviricota	Alsuviricetes	Tymovirales	Betaflexiviridae	Capillovirus	Capillovirus mali	1	metabuli	N	0	0.00	0.00	0.00	0.00	RNA	ssRNA(+)	species
SRR23107135_clean_NODE_68633_length_569_cov_1.344758	SRR23107135_clean_NODE_68633_length_569_cov_1.344758	1	contig	Riboviria	Orthornavirae	Negarnaviricota	Bunyaviricetes	Elliovirales	Tospoviridae	NA	Tomato necrotic ring virus	0.88	metabuli	N	0	0.00	0.00	0.00	0.00	RNA		tax
SRR23107135_clean_NODE_6874_length_1877_cov_2.183481	SRR23107135_clean_NODE_6874_length_1877_cov_2.183481	2	contig	Riboviria	Orthornavirae	Pisuviricota	Stelpaviricetes	Patatavirales	Potyviridae	Tritimovirus	Tritimovirus eqlidense	1	metabuli	N	0	0.00	0.00	0.00	0.00	RNA	ssRNA(+)	species
SRR23107135_clean_NODE_7059_length_1858_cov_2.900840	SRR23107135_clean_NODE_7059_length_1858_cov_2.900840	1	contig	Riboviria	Orthornavirae	Pisuviricota	Pisoniviricetes	NA	NA	NA	NA	0.5	mmseqs	N	0	0.00	0.00	0.00	0.00	RNA		tax
SRR23107135_clean_NODE_74987_length_536_cov_3.200864	SRR23107135_clean_NODE_74987_length_536_cov_3.200864	1	contig	Riboviria	Orthornavirae	Kitrinoviricota	Alsuviricetes	Tymovirales	Tymoviridae	Maculavirus	Maculavirus vitis	1	metabuli	N	0	0.00	0.00	0.00	0.00	RNA	ssRNA(+)	species
SRR23107135_clean_NODE_79527_length_516_cov_2.284424	SRR23107135_clean_NODE_79527_length_516_cov_2.284424	1	contig	Riboviria	Orthornavirae	Kitrinoviricota	Tolucaviricetes	Tolivirales	NA	NA	Tolivirales sp.	0.75	metabuli	N	0	0.00	0.00	0.00	0.00	RNA		tax
SRR23107135_clean_NODE_8140_length_1756_cov_15.211527	SRR23107135_clean_NODE_8140_length_1756_cov_15.211527	4	contig	Riboviria	Orthornavirae	Pisuviricota	Duplopiviricetes	Durnavirales	Partitiviridae	Deltapartitivirus	Deltapartitivirus sp. 'yunanense'	1	metabuli	N	0	0.00	0.00	0.00	0.00	RNA	dsRNA	genus
SRR23107135_clean_NODE_8595_length_1722_cov_4.539115	SRR23107135_clean_NODE_8595_length_1722_cov_4.539115	1	contig	Riboviria	Orthornavirae	Kitrinoviricota	Alsuviricetes	Martellivirales	Closteroviridae	Velarivirus	Velarivirus nanoavii	1	metabuli	N	0	0.00	0.00	0.00	0.00	RNA	ssRNA(+)	species
SRR23107135_clean_NODE_8599_length_1722_cov_2.882353	SRR23107135_clean_NODE_8599_length_1722_cov_2.882353	1	contig	Riboviria	Orthornavirae	Pisuviricota	Duplopiviricetes	Durnavirales	Partitiviridae	Deltapartitivirus	Deltapartitivirus sp. 'yunanense'	1	metabuli	N	0	0.00	0.00	0.00	0.00	RNA	dsRNA	genus
SRR23107135_clean_NODE_9686_length_1645_cov_5.784987	SRR23107135_clean_NODE_9686_length_1645_cov_5.784987	2	contig	Riboviria	Orthornavirae	Negarnaviricota	Bunyaviricetes	Elliovirales	Tospoviridae	Orthotospovirus	Orthotospovirus limonii	1	metabuli	N	0	0.00	0.00	0.00	0.00	RNA	ssRNA(+/-)	species
SRR23107135_clean_NODE_9693_length_1644_cov_258.976448	SRR23107135_clean_NODE_9693_length_1644_cov_258.976448	4	contig	Varidnaviria	Bamfordvirae	Nucleocytoviricota	Megaviricetes	Pimascovirales	Iridoviridae	Chloriridovirus	Begomovirus ipomoeakoreaense	1	metabuli	Y	0	0.00	0.00	0.00	0.00	DNA	ssDNA(+/-)	species
SRR23107135_clean_NODE_9899_length_1630_cov_11.149647	SRR23107135_clean_NODE_9899_length_1630_cov_11.149647	4	contig	Riboviria	Orthornavirae	Pisuviricota	Stelpaviricetes	Patatavirales	Potyviridae	Potyvirus	Potyvirus plumpoxi	1	metabuli	N	0	0.00	0.00	0.00	0.00	RNA	ssRNA(+)	species
SRR23107136_clean_NODE_1022_length_3780_cov_8.078500	SRR23107136_clean_NODE_1022_length_3780_cov_8.078500	5	contig	Riboviria	Orthornavirae	Pisuviricota	Stelpaviricetes	Patatavirales	Potyviridae	Potyvirus	Potyvirus cucurbitaflavitesselati	1	metabuli	Y	0	0.00	0.00	0.00	0.00	RNA	ssRNA(+)	species
SRR23107136_clean_NODE_105224_length_570_cov_1.704225	SRR23107136_clean_NODE_105224_length_570_cov_1.704225	1	contig	Riboviria	Orthornavirae	Kitrinoviricota	Alsuviricetes	Martellivirales	Virgaviridae	NA	Sanya virga-like virus 2	0.88	metabuli	N	0	0.00	0.00	0.00	0.00	RNA		tax
SRR23107136_clean_NODE_107216_length_563_cov_0.816327	SRR23107136_clean_NODE_107216_length_563_cov_0.816327	1	contig	Riboviria	Orthornavirae	Kitrinoviricota	Alsuviricetes	Martellivirales	Closteroviridae	Ampelovirus	Ampelovirus univitis	1	metabuli	N	0	0.00	0.00	0.00	0.00	RNA	ssRNA(+)	species
SRR23107136_clean_NODE_10965_length_1900_cov_12.054187	SRR23107136_clean_NODE_10965_length_1900_cov_12.054187	2	contig	Riboviria	Orthornavirae	Pisuviricota	Pisoniviricetes	Picornavirales	Secoviridae	Nepovirus	Nepovirus hypolepsis	1	metabuli	N	0	0.00	0.00	0.00	0.00	RNA	ssRNA(+)	species
SRR23107136_clean_NODE_111212_length_548_cov_8.309474	SRR23107136_clean_NODE_111212_length_548_cov_8.309474	1	contig	Riboviria	Orthornavirae	Kitrinoviricota	Alsuviricetes	Martellivirales	Closteroviridae	Ampelovirus	Ampelovirus univitis	1	metabuli	N	0	0.00	0.00	0.00	0.00	RNA	ssRNA(+)	species
SRR23107136_clean_NODE_11245_length_1882_cov_2.049751	SRR23107136_clean_NODE_11245_length_1882_cov_2.049751	1	contig	Riboviria	Orthornavirae	Pisuviricota	Duplopiviricetes	Durnavirales	Partitiviridae	NA	Pittosporum cryptic virus-1	0.88	metabuli	N	0	0.00	0.00	0.00	0.00	RNA		tax
SRR23107136_clean_NODE_11357_length_1874_cov_46.366463	SRR23107136_clean_NODE_11357_length_1874_cov_46.366463	3	contig	Riboviria	Orthornavirae	Kitrinoviricota	Alsuviricetes	Tymovirales	Betaflexiviridae	Foveavirus	Foveavirus tafvitis	1	metabuli	N	0	0.00	0.00	0.00	0.00	RNA	ssRNA(+)	species
SRR23107136_clean_NODE_11513_length_1865_cov_2.695871	SRR23107136_clean_NODE_11513_length_1865_cov_2.695871	3	contig	Riboviria	Orthornavirae	Kitrinoviricota	Alsuviricetes	Martellivirales	Closteroviridae	Ampelovirus	Ampelovirus univitis	1	metabuli	N	0	0.00	0.00	0.00	0.00	RNA	ssRNA(+)	species
SRR23107136_clean_NODE_118734_length_524_cov_2.330377	SRR23107136_clean_NODE_118734_length_524_cov_2.330377	1	contig	Riboviria	Orthornavirae	Kitrinoviricota	Alsuviricetes	Tymovirales	Betaflexiviridae	Carlavirus	Hibiscus carlavirus D	1	metabuli	N	0	0.00	0.00	0.00	0.00	RNA	ssRNA(+)	genus
SRR23107136_clean_NODE_120464_length_519_cov_1.822870	SRR23107136_clean_NODE_120464_length_519_cov_1.822870	1	contig	Riboviria	Orthornavirae	Negarnaviricota	Monjiviricetes	Mononegavirales	Rhabdoviridae	Gammanucleorhabdovirus	Myrica gammanucleorhabdovirus 1	1	metabuli	N	0	0.00	0.00	0.00	0.00	RNA	ssRNA(-)	genus
SRR23107136_clean_NODE_127304_length_500_cov_1.039813	SRR23107136_clean_NODE_127304_length_500_cov_1.039813	1	contig	Riboviria	Orthornavirae	Kitrinoviricota	Tolucaviricetes	Tolivirales	Tombusviridae	Tombusvirus	Tombusvirus sp.	1	metabuli	N	0	0.00	0.00	0.00	0.00	RNA	ssRNA(+)	genus
SRR23107136_clean_NODE_1348_length_3523_cov_9.115072	SRR23107136_clean_NODE_1348_length_3523_cov_9.115072	3	contig	Varidnaviria	Bamfordvirae	NA	NA	NA	NA	NA	NA	0.25	mmseqs	Y	0	0.00	0.00	0.00	0.00	DNA		tax
SRR23107136_clean_NODE_15507_length_1663_cov_7.561006	SRR23107136_clean_NODE_15507_length_1663_cov_7.561006	2	contig	Riboviria	Orthornavirae	Pisuviricota	Duplopiviricetes	Durnavirales	Partitiviridae	Deltapartitivirus	Deltapartitivirus sp. 'yunanense'	1	metabuli	N	0	0.00	0.00	0.00	0.00	RNA	dsRNA	genus
SRR23107136_clean_NODE_15956_length_1643_cov_9.958599	SRR23107136_clean_NODE_15956_length_1643_cov_9.958599	3	contig	Riboviria	NA	NA	NA	NA	NA	NA	NA	0.12	metabuli	N	0	0.00	0.00	0.00	0.00			none
SRR23107136_clean_NODE_15965_length_1643_cov_2.870701	SRR23107136_clean_NODE_15965_length_1643_cov_2.870701	2	contig	Varidnaviria	Bamfordvirae	Nucleocytoviricota	Megaviricetes	NA	NA	NA	NA	0.5	diamond_lca	N	0	0.00	0.00	0.00	0.00	DNA		tax
SRR23107136_clean_NODE_166_length_5893_cov_9.933677	SRR23107136_clean_NODE_166_length_5893_cov_9.933677	4	contig	Riboviria	Orthornavirae	Kitrinoviricota	Alsuviricetes	Tymovirales	Alphaflexiviridae	Platypuvirus	Platypuvirus asinorchis	1	diamond_lca	Y	0	0.00	0.00	0.00	0.00	RNA	ssRNA(+)	species
SRR23107136_clean_NODE_1683_length_3323_cov_2.534769	SRR23107136_clean_NODE_1683_length_3323_cov_2.534769	1	contig	NA	NA	NA	NA	NA	NA	NA	Apis mellifra filamentous-like virus	0.12	CAT	Y	0	0.00	0.00	0.00	0.00			none
SRR23107136_clean_NODE_17899_length_1567_cov_1.447122	SRR23107136_clean_NODE_17899_length_1567_cov_1.447122	1	contig	Riboviria	Orthornavirae	Kitrinoviricota	Alsuviricetes	Tymovirales	Betaflexiviridae	Vitivirus	Vitivirus alphavitis	1	metabuli	N	0	0.00	0.00	0.00	0.00	RNA	ssRNA(+)	species
SRR23107136_clean_NODE_19745_length_1502_cov_2.992302	SRR23107136_clean_NODE_19745_length_1502_cov_2.992302	1	contig	Riboviria	Orthornavirae	Pisuviricota	Stelpaviricetes	Patatavirales	Potyviridae	Tritimovirus	Tritimovirus eqlidense	1	metabuli	N	0	0.00	0.00	0.00	0.00	RNA	ssRNA(+)	species
SRR23107136_clean_NODE_19977_length_1494_cov_17.092189	SRR23107136_clean_NODE_19977_length_1494_cov_17.092189	1	contig	Riboviria	Orthornavirae	Pisuviricota	Duplopiviricetes	Durnavirales	Partitiviridae	Deltapartitivirus	Deltapartitivirus sp. 'yunanense'	1	metabuli	N	0	0.00	0.00	0.00	0.00	RNA	dsRNA	genus
SRR23107136_clean_NODE_20271_length_1485_cov_2.921388	SRR23107136_clean_NODE_20271_length_1485_cov_2.921388	1	contig	NA	NA	NA	NA	NA	NA	NA	Sylvanvirus sp.	0.12	metabuli	N	0	0.00	0.00	0.00	0.00			none
SRR23107136_clean_NODE_2035_length_3167_cov_5.896574	SRR23107136_clean_NODE_2035_length_3167_cov_5.896574	1	contig	Riboviria	Pararnavirae	Artverviricota	Revtraviricetes	Ortervirales	Caulimoviridae	NA	NA	0.75	diamond_lca	Y	0	0.00	0.00	0.00	0.00	DNA		tax
SRR23107136_clean_NODE_20956_length_1465_cov_2.427443	SRR23107136_clean_NODE_20956_length_1465_cov_2.427443	2	contig	Riboviria	Orthornavirae	Negarnaviricota	Monjiviricetes	Mononegavirales	Rhabdoviridae	Betanucleorhabdovirus	Salix betanucleorhabdovirus 1	1	metabuli	N	0	0.00	0.00	0.00	0.00	RNA	ssRNA(-)	genus
SRR23107136_clean_NODE_21253_length_1455_cov_15.624457	SRR23107136_clean_NODE_21253_length_1455_cov_15.624457	1	contig	Riboviria	Orthornavirae	Pisuviricota	Duplopiviricetes	Durnavirales	Partitiviridae	Deltapartitivirus	Deltapartitivirus sp. 'yunanense'	1	metabuli	N	0	0.00	0.00	0.00	0.00	RNA	dsRNA	genus
SRR23107136_clean_NODE_21410_length_1451_cov_1.568940	SRR23107136_clean_NODE_21410_length_1451_cov_1.568940	1	contig	Riboviria	Orthornavirae	Pisuviricota	Stelpaviricetes	Patatavirales	Potyviridae	Potyvirus	Potyvirus zeananus	1	metabuli	N	0	0.00	0.00	0.00	0.00	RNA	ssRNA(+)	species
SRR23107136_clean_NODE_21732_length_1441_cov_5.636696	SRR23107136_clean_NODE_21732_length_1441_cov_5.636696	2	contig	Varidnaviria	Bamfordvirae	Uroviricota	Megaviricetes	NA	NA	NA	NA	0.5	metabuli	N	0	0.00	0.00	0.00	0.00	DNA		tax
SRR23107136_clean_NODE_232_length_5477_cov_5.633235	SRR23107136_clean_NODE_232_length_5477_cov_5.633235	5	contig	Riboviria	Orthornavirae	Pisuviricota	Pisoniviricetes	Sobelivirales	NA	NA	Freshwater macrophyte associated alphaflexi-like virus 1	0.75	metabuli	Y	0	0.00	0.00	0.00	0.00	RNA		tax
SRR23107136_clean_NODE_23749_length_1383_cov_2.870229	SRR23107136_clean_NODE_23749_length_1383_cov_2.870229	1	contig	Riboviria	Orthornavirae	Pisuviricota	Pisoniviricetes	Picornavirales	Secoviridae	Waikavirus	Waikavirus zeae	1	metabuli	N	0	0.00	0.00	0.00	0.00	RNA	ssRNA(+)	species
SRR23107136_clean_NODE_24339_length_1368_cov_2.379923	SRR23107136_clean_NODE_24339_length_1368_cov_2.379923	1	contig	Riboviria	Orthornavirae	Negarnaviricota	Bunyaviricetes	Elliovirales	Tospoviridae	Orthotospovirus	Orthotospovirus iridimaculaflavi	1	metabuli	N	0	0.00	0.00	0.00	0.00	RNA	ssRNA(+/-)	species
SRR23107136_clean_NODE_24363_length_1367_cov_3.896445	SRR23107136_clean_NODE_24363_length_1367_cov_3.896445	1	contig	Riboviria	Orthornavirae	Pisuviricota	Stelpaviricetes	Patatavirales	Potyviridae	Potyvirus	Potyvirus vetuberosi	1	mmseqs	N	0	0.00	0.00	0.00	0.00	RNA	ssRNA(+)	species
SRR23107136_clean_NODE_2470_length_3010_cov_2.731018	SRR23107136_clean_NODE_2470_length_3010_cov_2.731018	1	contig	Riboviria	Orthornavirae	Pisuviricota	Stelpaviricetes	Patatavirales	Potyviridae	Potyvirus	Potyvirus iristenuis	1	CAT	Y	0	0.00	0.00	0.00	0.00	RNA	ssRNA(+)	species
SRR23107136_clean_NODE_27140_length_1299_cov_6.557096	SRR23107136_clean_NODE_27140_length_1299_cov_6.557096	3	contig	Riboviria	Orthornavirae	Negarnaviricota	Milneviricetes	Naedrevirales	NA	NA	NA	0.62	mmseqs	N	0	0.00	0.00	0.00	0.00	RNA		tax
SRR23107136_clean_NODE_27409_length_1293_cov_2.095082	SRR23107136_clean_NODE_27409_length_1293_cov_2.095082	1	contig	Riboviria	Orthornavirae	Kitrinoviricota	Tolucaviricetes	Tolivirales	Tombusviridae	Luteovirus	Luteovirus pavhordei	1	metabuli	N	0	0.00	0.00	0.00	0.00	RNA	ssRNA(+)	species
SRR23107136_clean_NODE_27817_length_1283_cov_4.367769	SRR23107136_clean_NODE_27817_length_1283_cov_4.367769	1	contig	Riboviria	Orthornavirae	Kitrinoviricota	Alsuviricetes	Tymovirales	Betaflexiviridae	Vitivirus	Vitivirus deltavitis	1	metabuli	N	0	0.00	0.00	0.00	0.00	RNA	ssRNA(+)	species
SRR23107136_clean_NODE_2956_length_2865_cov_3.757880	SRR23107136_clean_NODE_2956_length_2865_cov_3.757880	1	contig	Riboviria	Orthornavirae	Pisuviricota	Stelpaviricetes	Patatavirales	Potyviridae	Potyvirus	Potyvirus iristenuis	1	CAT	Y	0	0.00	0.00	0.00	0.00	RNA	ssRNA(+)	species
SRR23107136_clean_NODE_297_length_5267_cov_6.423181	SRR23107136_clean_NODE_297_length_5267_cov_6.423181	4	contig	Riboviria	Orthornavirae	Kitrinoviricota	Tolucaviricetes	Tolivirales	Tombusviridae	Luteovirus	Luteovirus pavhordei	1	metabuli	Y	0	0.00	0.00	0.00	0.00	RNA	ssRNA(+)	species
SRR23107136_clean_NODE_3052_length_2843_cov_2.766426	SRR23107136_clean_NODE_3052_length_2843_cov_2.766426	1	contig	Riboviria	Orthornavirae	Kitrinoviricota	Tolucaviricetes	Tolivirales	Tombusviridae	Tombusvirus	NA	0.88	metabuli	Y	0	0.00	0.00	0.00	0.00	RNA	ssRNA(+)	genus
SRR23107136_clean_NODE_31385_length_1209_cov_1.593310	SRR23107136_clean_NODE_31385_length_1209_cov_1.593310	3	contig	Varidnaviria	Bamfordvirae	Nucleocytoviricota	NA	NA	NA	NA	NA	0.38	mmseqs	N	0	0.00	0.00	0.00	0.00	DNA		tax
SRR23107136_clean_NODE_3228_length_2796_cov_11.947852	SRR23107136_clean_NODE_3228_length_2796_cov_11.947852	3	contig	Riboviria	Orthornavirae	Pisuviricota	Stelpaviricetes	Patatavirales	Potyviridae	Potyvirus	Potyvirus iristenuis	1	CAT	Y	0	0.00	0.00	0.00	0.00	RNA	ssRNA(+)	species
SRR23107136_clean_NODE_33360_length_1171_cov_2.246812	SRR23107136_clean_NODE_33360_length_1171_cov_2.246812	1	contig	Riboviria	Orthornavirae	Pisuviricota	Pisoniviricetes	Sobelivirales	Solemoviridae	Polerovirus	Plant associated polerovirus 2	1	metabuli	N	0	0.00	0.00	0.00	0.00	RNA	ssRNA(+)	genus
SRR23107136_clean_NODE_35754_length_1128_cov_16.475829	SRR23107136_clean_NODE_35754_length_1128_cov_16.475829	3	contig	Varidnaviria	Bamfordvirae	NA	NA	NA	NA	NA	NA	0.25	mmseqs	N	0	0.00	0.00	0.00	0.00	DNA		tax
SRR23107136_clean_NODE_3581_length_2719_cov_5.253968	SRR23107136_clean_NODE_3581_length_2719_cov_5.253968	2	contig	Riboviria	Orthornavirae	Pisuviricota	Duplopiviricetes	Durnavirales	Partitiviridae	NA	Lwood partitivirus	0.88	metabuli	Y	0	0.00	0.00	0.00	0.00	RNA		tax
SRR23107136_clean_NODE_3612_length_2713_cov_5.008333	SRR23107136_clean_NODE_3612_length_2713_cov_5.008333	1	contig	Riboviria	Orthornavirae	Kitrinoviricota	Alsuviricetes	Martellivirales	Virgaviridae	NA	Bemisia tabaci virga-like virus 1	0.88	CAT	Y	0	0.00	0.00	0.00	0.00	RNA		tax
SRR23107136_clean_NODE_36188_length_1121_cov_1.882634	SRR23107136_clean_NODE_36188_length_1121_cov_1.882634	1	contig	Riboviria	Orthornavirae	Pisuviricota	Stelpaviricetes	Patatavirales	Potyviridae	Potyvirus	Potyvirus rapae	1	metabuli	N	0	0.00	0.00	0.00	0.00	RNA	ssRNA(+)	species
SRR23107136_clean_NODE_36435_length_1116_cov_7.375839	SRR23107136_clean_NODE_36435_length_1116_cov_7.375839	1	contig	Riboviria	Orthornavirae	Kitrinoviricota	Alsuviricetes	Tymovirales	Tymoviridae	Tymovirus	Leucoagaricus tymovirus B	1	metabuli	N	0	0.00	0.00	0.00	0.00	RNA	ssRNA(+)	genus
SRR23107136_clean_NODE_37484_length_1099_cov_3.329435	SRR23107136_clean_NODE_37484_length_1099_cov_3.329435	2	contig	Riboviria	Orthornavirae	Negarnaviricota	Monjiviricetes	Mononegavirales	Rhabdoviridae	Deltanucleorhabdovirus	Artemisia deltanucleorhabdovirus 1	1	metabuli	N	0	0.00	0.00	0.00	0.00	RNA	ssRNA(-)	genus
SRR23107136_clean_NODE_37904_length_1092_cov_5.900883	SRR23107136_clean_NODE_37904_length_1092_cov_5.900883	2	contig	Riboviria	Orthornavirae	Kitrinoviricota	Tolucaviricetes	Tolivirales	Tombusviridae	Umbravirus	Sclerotinia sclerotiorum umbra-like virus 1-U	1	metabuli	N	0	0.00	0.00	0.00	0.00	RNA	ssRNA(+)	genus
SRR23107136_clean_NODE_38645_length_1080_cov_3.930487	SRR23107136_clean_NODE_38645_length_1080_cov_3.930487	1	contig	Riboviria	Orthornavirae	Pisuviricota	Stelpaviricetes	Patatavirales	Potyviridae	Potyvirus	Potyvirus plumpoxi	1	metabuli	N	0	0.00	0.00	0.00	0.00	RNA	ssRNA(+)	species
SRR23107136_clean_NODE_38737_length_1079_cov_1.990060	SRR23107136_clean_NODE_38737_length_1079_cov_1.990060	1	contig	Riboviria	Orthornavirae	Pisuviricota	Pisoniviricetes	Picornavirales	Secoviridae	Fabavirus	Fabavirus pruni	1	metabuli	N	0	0.00	0.00	0.00	0.00	RNA	ssRNA(+)	species
SRR23107136_clean_NODE_40609_length_1050_cov_4.745138	SRR23107136_clean_NODE_40609_length_1050_cov_4.745138	1	contig	NA	NA	NA	NA	NA	NA	NA	Virus NIOZ-UU159	0.12	metabuli	N	0	0.00	0.00	0.00	0.00			none
SRR23107136_clean_NODE_41162_length_1042_cov_1.865841	SRR23107136_clean_NODE_41162_length_1042_cov_1.865841	1	contig	Varidnaviria	Bamfordvirae	Nucleocytoviricota	Megaviricetes	NA	NA	NA	NA	0.5	metabuli	N	0	0.00	0.00	0.00	0.00	DNA		tax
SRR23107136_clean_NODE_41569_length_1036_cov_1.876428	SRR23107136_clean_NODE_41569_length_1036_cov_1.876428	1	contig	Riboviria	Orthornavirae	Pisuviricota	Duplopiviricetes	Durnavirales	Partitiviridae	NA	Pittosporum cryptic virus-1	0.88	metabuli	N	0	0.00	0.00	0.00	0.00	RNA		tax
SRR23107136_clean_NODE_4312_length_2579_cov_2.924182	SRR23107136_clean_NODE_4312_length_2579_cov_2.924182	1	contig	Riboviria	Orthornavirae	Pisuviricota	Stelpaviricetes	Patatavirales	Potyviridae	Potyvirus	Potyvirus iristenuis	1	CAT	N	0	0.00	0.00	0.00	0.00	RNA	ssRNA(+)	species
SRR23107136_clean_NODE_44126_length_1001_cov_1.876078	SRR23107136_clean_NODE_44126_length_1001_cov_1.876078	1	contig	NA	NA	NA	NA	NA	NA	NA	Sylvanvirus sp.	0.12	metabuli	N	0	0.00	0.00	0.00	0.00			none
SRR23107136_clean_NODE_44594_length_995_cov_1.889371	SRR23107136_clean_NODE_44594_length_995_cov_1.889371	1	contig	Riboviria	Orthornavirae	Negarnaviricota	Bunyaviricetes	Hareavirales	Phenuiviridae	Coguvirus	Coguvirus henanense	1	metabuli	N	0	0.00	0.00	0.00	0.00	RNA	ssRNA(-); ssRNA(+/-)	species
SRR23107136_clean_NODE_47171_length_962_cov_10.847019	SRR23107136_clean_NODE_47171_length_962_cov_10.847019	1	contig	Riboviria	Orthornavirae	Negarnaviricota	Milneviricetes	Naedrevirales	Aspiviridae	Ophiovirus	NA	0.88	metabuli	N	0	0.00	0.00	0.00	0.00	RNA	ssRNA(-)	genus
SRR23107136_clean_NODE_4961_length_2473_cov_2.326250	SRR23107136_clean_NODE_4961_length_2473_cov_2.326250	1	contig	Riboviria	Orthornavirae	Pisuviricota	Stelpaviricetes	Patatavirales	Potyviridae	Potyvirus	Potyvirus iristenuis	1	CAT	Y	0	0.00	0.00	0.00	0.00	RNA	ssRNA(+)	species
SRR23107136_clean_NODE_50938_length_919_cov_1.226950	SRR23107136_clean_NODE_50938_length_919_cov_1.226950	1	contig	Riboviria	Orthornavirae	Kitrinoviricota	Alsuviricetes	Tymovirales	NA	NA	Blackberry virus X	0.75	metabuli	N	0	0.00	0.00	0.00	0.00	RNA		tax
SRR23107136_clean_NODE_5299_length_2421_cov_5.102641	SRR23107136_clean_NODE_5299_length_2421_cov_5.102641	4	contig	Riboviria	Orthornavirae	Kitrinoviricota	Tolucaviricetes	Tolivirales	Tombusviridae	NA	Dipteran tombus-related virus	0.88	metabuli	Y	0	0.00	0.00	0.00	0.00	RNA		tax
SRR23107136_clean_NODE_55650_length_870_cov_4.155583	SRR23107136_clean_NODE_55650_length_870_cov_4.155583	1	contig	Riboviria	Pararnavirae	Artverviricota	Revtraviricetes	Ortervirales	Caulimoviridae	Soymovirus	Soymovirus crispocestri	1	diamond_lca	N	0	0.00	0.00	0.00	0.00	DNA	dsDNA-RT	species
SRR23107136_clean_NODE_56730_length_860_cov_2.839898	SRR23107136_clean_NODE_56730_length_860_cov_2.839898	1	contig	Riboviria	Orthornavirae	Pisuviricota	Stelpaviricetes	Patatavirales	Potyviridae	Tritimovirus	Tritimovirus tritici	1	metabuli	N	0	0.00	0.00	0.00	0.00	RNA	ssRNA(+)	species
SRR23107136_clean_NODE_59251_length_838_cov_1.041830	SRR23107136_clean_NODE_59251_length_838_cov_1.041830	1	contig	Riboviria	Orthornavirae	Pisuviricota	Stelpaviricetes	Patatavirales	Potyviridae	Macluravirus	Rumex macluravirus 1	1	metabuli	N	0	0.00	0.00	0.00	0.00	RNA	ssRNA(+)	genus
SRR23107136_clean_NODE_59551_length_835_cov_1.814961	SRR23107136_clean_NODE_59551_length_835_cov_1.814961	1	contig	NA	Shotokuvirae	Cressdnaviricota	Repensiviricetes	Geplafuvirales	Geminiviridae	NA	Geminiviridae sp.	0.75	metabuli	N	0	0.00	0.00	0.00	0.00	DNA		tax
SRR23107136_clean_NODE_60470_length_827_cov_1.656499	SRR23107136_clean_NODE_60470_length_827_cov_1.656499	1	contig	Riboviria	Orthornavirae	Kitrinoviricota	Alsuviricetes	Tymovirales	Tymoviridae	Marafivirus	Marafivirus asteroides	1	metabuli	N	0	0.00	0.00	0.00	0.00	RNA	ssRNA(+)	species
SRR23107136_clean_NODE_62768_length_807_cov_3.882834	SRR23107136_clean_NODE_62768_length_807_cov_3.882834	1	contig	Riboviria	Orthornavirae	Kitrinoviricota	Alsuviricetes	Tymovirales	Betaflexiviridae	Foveavirus	Foveavirus mali	1	metabuli	N	0	0.00	0.00	0.00	0.00	RNA	ssRNA(+)	species
SRR23107136_clean_NODE_65588_length_784_cov_3.652602	SRR23107136_clean_NODE_65588_length_784_cov_3.652602	1	contig	Riboviria	Orthornavirae	Pisuviricota	Pisoniviricetes	Sobelivirales	Solemoviridae	Enamovirus	Enamovirus CSEV	1	metabuli	N	0	0.00	0.00	0.00	0.00	RNA	ssRNA(+)	species
SRR23107136_clean_NODE_6636_length_2255_cov_2.746104	SRR23107136_clean_NODE_6636_length_2255_cov_2.746104	1	contig	NA	NA	NA	NA	NA	NA	NA	Sylvanvirus sp.	0.12	CAT	Y	0	0.00	0.00	0.00	0.00			none
SRR23107136_clean_NODE_6665_length_2251_cov_34.939853	SRR23107136_clean_NODE_6665_length_2251_cov_34.939853	5	contig	Riboviria	Orthornavirae	Pisuviricota	Duplopiviricetes	Durnavirales	Amalgaviridae	Amalgavirus	Cannabis sativa amalgavirus 1	1	metabuli	Y	0	0.00	0.00	0.00	0.00	RNA	dsRNA	genus
SRR23107136_clean_NODE_68445_length_763_cov_1.457971	SRR23107136_clean_NODE_68445_length_763_cov_1.457971	1	contig	Riboviria	Orthornavirae	Pisuviricota	Pisoniviricetes	Picornavirales	Secoviridae	Stralarivirus	Stralarivirus beldersayense	1	metabuli	N	0	0.00	0.00	0.00	0.00	RNA	ssRNA(+)	species
SRR23107136_clean_NODE_68894_length_760_cov_1.279476	SRR23107136_clean_NODE_68894_length_760_cov_1.279476	1	contig	Riboviria	Orthornavirae	Kitrinoviricota	Tolucaviricetes	Tolivirales	Tombusviridae	Luteovirus	Luteovirus kerbihordei	1	metabuli	N	0	0.00	0.00	0.00	0.00	RNA	ssRNA(+)	species
SRR23107136_clean_NODE_76796_length_707_cov_2.066246	SRR23107136_clean_NODE_76796_length_707_cov_2.066246	2	contig	Riboviria	Orthornavirae	Kitrinoviricota	Tolucaviricetes	Tolivirales	Tombusviridae	Alphanecrovirus	Alphanecrovirus oleae	1	metabuli	N	0	0.00	0.00	0.00	0.00	RNA	ssRNA(+)	species
SRR23107136_clean_NODE_81376_length_680_cov_4.655684	SRR23107136_clean_NODE_81376_length_680_cov_4.655684	1	contig	Riboviria	Orthornavirae	Kitrinoviricota	Alsuviricetes	Tymovirales	Betaflexiviridae	Carlavirus	Hibiscus carlavirus D	1	metabuli	N	0	0.00	0.00	0.00	0.00	RNA	ssRNA(+)	genus
SRR23107136_clean_NODE_81456_length_680_cov_1.718287	SRR23107136_clean_NODE_81456_length_680_cov_1.718287	1	contig	Riboviria	Orthornavirae	Kitrinoviricota	Alsuviricetes	Martellivirales	Virgaviridae	NA	Sanya virga-like virus 2	0.88	metabuli	N	0	0.00	0.00	0.00	0.00	RNA		tax
SRR23107136_clean_NODE_81770_length_678_cov_1.945455	SRR23107136_clean_NODE_81770_length_678_cov_1.945455	1	contig	Riboviria	Orthornavirae	Kitrinoviricota	Alsuviricetes	Martellivirales	Closteroviridae	Ampelovirus	Ampelovirus univitis	1	metabuli	N	0	0.00	0.00	0.00	0.00	RNA	ssRNA(+)	species
SRR23107136_clean_NODE_84949_length_661_cov_1.227891	SRR23107136_clean_NODE_84949_length_661_cov_1.227891	1	contig	Riboviria	Orthornavirae	Pisuviricota	Stelpaviricetes	Patatavirales	Potyviridae	Macluravirus	Macluravirus narcissi	1	metabuli	N	0	0.00	0.00	0.00	0.00	RNA	ssRNA(+)	species
SRR23107136_clean_NODE_85342_length_659_cov_1.377133	SRR23107136_clean_NODE_85342_length_659_cov_1.377133	1	contig	Riboviria	Orthornavirae	Kitrinoviricota	Tolucaviricetes	Tolivirales	Tombusviridae	Luteovirus	Luteovirus rosae	1	metabuli	N	0	0.00	0.00	0.00	0.00	RNA	ssRNA(+)	species
SRR23107136_clean_NODE_89939_length_635_cov_5.900356	SRR23107136_clean_NODE_89939_length_635_cov_5.900356	4	contig	Riboviria	Orthornavirae	Kitrinoviricota	Alsuviricetes	Martellivirales	Closteroviridae	Ampelovirus	Ampelovirus tetravitis	1	metabuli	N	0	0.00	0.00	0.00	0.00	RNA	ssRNA(+)	species
SRR23107136_clean_NODE_89978_length_635_cov_2.985765	SRR23107136_clean_NODE_89978_length_635_cov_2.985765	1	contig	Riboviria	Orthornavirae	Pisuviricota	Stelpaviricetes	Patatavirales	Potyviridae	Potyvirus	Potyvirus rapae	1	metabuli	N	0	0.00	0.00	0.00	0.00	RNA	ssRNA(+)	species
SRR23107136_clean_NODE_91498_length_628_cov_2.084685	SRR23107136_clean_NODE_91498_length_628_cov_2.084685	1	contig	Riboviria	Orthornavirae	Kitrinoviricota	Tolucaviricetes	Tolivirales	Tombusviridae	Luteovirus	Blueberry virus L	1	metabuli	N	0	0.00	0.00	0.00	0.00	RNA	ssRNA(+)	genus
SRR23107136_clean_NODE_97980_length_599_cov_1.247148	SRR23107136_clean_NODE_97980_length_599_cov_1.247148	1	contig	Riboviria	Orthornavirae	Kitrinoviricota	Alsuviricetes	Martellivirales	Bromoviridae	NA	Cassava-associated bromo-like virus	0.88	metabuli	N	0	0.00	0.00	0.00	0.00	RNA		tax
SRR23107139_clean_NODE_10305_length_1379_cov_2.742726	SRR23107139_clean_NODE_10305_length_1379_cov_2.742726	1	contig	Riboviria	Orthornavirae	Kitrinoviricota	Alsuviricetes	Tymovirales	Tymoviridae	NA	Alcea yellow mosaic virus	0.88	metabuli	N	0	0.00	0.00	0.00	0.00	RNA		tax
SRR23107139_clean_NODE_11045_length_1339_cov_1.942338	SRR23107139_clean_NODE_11045_length_1339_cov_1.942338	1	contig	Riboviria	Orthornavirae	Negarnaviricota	Monjiviricetes	Mononegavirales	Rhabdoviridae	Deltanucleorhabdovirus	Artemisia deltanucleorhabdovirus 1	1	metabuli	N	0	0.00	0.00	0.00	0.00	RNA	ssRNA(-)	genus
SRR23107139_clean_NODE_11739_length_1300_cov_3.528932	SRR23107139_clean_NODE_11739_length_1300_cov_3.528932	3	contig	NA	NA	NA	NA	NA	NA	NA	Sylvanvirus sp.	0.12	CAT	N	0	0.00	0.00	0.00	0.00			none
SRR23107139_clean_NODE_14234_length_1186_cov_2.690925	SRR23107139_clean_NODE_14234_length_1186_cov_2.690925	1	contig	Riboviria	Pararnavirae	Artverviricota	Revtraviricetes	Ortervirales	Caulimoviridae	Caulimovirus	Caulimovirus sp.	1	diamond_lca	N	0	0.00	0.00	0.00	0.00	DNA	dsDNA-RT	genus
SRR23107139_clean_NODE_14587_length_1172_cov_6.641492	SRR23107139_clean_NODE_14587_length_1172_cov_6.641492	2	contig	Riboviria	Orthornavirae	Pisuviricota	Duplopiviricetes	Durnavirales	Partitiviridae	NA	Pittosporum cryptic virus-1	0.88	metabuli	N	0	0.00	0.00	0.00	0.00	RNA		tax
SRR23107139_clean_NODE_15210_length_1148_cov_1.442791	SRR23107139_clean_NODE_15210_length_1148_cov_1.442791	1	contig	Riboviria	Orthornavirae	Pisuviricota	Stelpaviricetes	Patatavirales	Potyviridae	Ipomovirus	Ipomovirus brunusmanihotis	1	metabuli	N	0	0.00	0.00	0.00	0.00	RNA	ssRNA(+)	species
SRR23107139_clean_NODE_15623_length_1133_cov_1.639623	SRR23107139_clean_NODE_15623_length_1133_cov_1.639623	1	contig	Riboviria	Orthornavirae	Pisuviricota	Pisoniviricetes	Picornavirales	Secoviridae	Stralarivirus	Stralarivirus fragariae	1	metabuli	N	0	0.00	0.00	0.00	0.00	RNA	ssRNA(+)	species
SRR23107139_clean_NODE_17060_length_1081_cov_52.779762	SRR23107139_clean_NODE_17060_length_1081_cov_52.779762	4	contig	Riboviria	Orthornavirae	Pisuviricota	Duplopiviricetes	Durnavirales	Partitiviridae	NA	Pittosporum cryptic virus-1	0.88	metabuli	N	0	0.00	0.00	0.00	0.00	RNA		tax
SRR23107139_clean_NODE_20449_length_979_cov_2.540839	SRR23107139_clean_NODE_20449_length_979_cov_2.540839	1	contig	NA	Shotokuvirae	Cressdnaviricota	Repensiviricetes	Geplafuvirales	Geminiviridae	Begomovirus	Begomovirus abelmoschusenation	0.88	CAT	N	0	0.00	0.00	0.00	0.00	DNA	ssDNA(+/-)	species
SRR23107139_clean_NODE_2103_length_2417_cov_10.549488	SRR23107139_clean_NODE_2103_length_2417_cov_10.549488	1	contig	Riboviria	Orthornavirae	Pisuviricota	Stelpaviricetes	Patatavirales	Potyviridae	Potyvirus	Potyvirus iristenuis	1	CAT	Y	0	0.00	0.00	0.00	0.00	RNA	ssRNA(+)	species
SRR23107139_clean_NODE_22160_length_937_cov_17.739583	SRR23107139_clean_NODE_22160_length_937_cov_17.739583	1	contig	Riboviria	Orthornavirae	Kitrinoviricota	Alsuviricetes	Tymovirales	Betaflexiviridae	Vitivirus	Vitivirus nuvitis	1	metabuli	N	0	0.00	0.00	0.00	0.00	RNA	ssRNA(+)	species
SRR23107139_clean_NODE_23185_length_913_cov_6.473810	SRR23107139_clean_NODE_23185_length_913_cov_6.473810	1	contig	Riboviria	Orthornavirae	Kitrinoviricota	Alsuviricetes	Tymovirales	NA	NA	Ullucus tymovirus 1	0.75	metabuli	N	0	0.00	0.00	0.00	0.00	RNA		tax
SRR23107139_clean_NODE_24791_length_879_cov_3.001241	SRR23107139_clean_NODE_24791_length_879_cov_3.001241	2	contig	Riboviria	Orthornavirae	Pisuviricota	Pisoniviricetes	Picornavirales	Secoviridae	Nepovirus	Nepovirus saururi	1	metabuli	N	0	0.00	0.00	0.00	0.00	RNA	ssRNA(+)	species
SRR23107139_clean_NODE_25_length_7137_cov_3721.851784	SRR23107139_clean_NODE_25_length_7137_cov_3721.851784	6	contig	Riboviria	Orthornavirae	Kitrinoviricota	Alsuviricetes	Tymovirales	Betaflexiviridae	Vitivirus	Vitivirus alpharubi	1	ACVirus	Y	0	0.00	0.00	0.00	0.00	RNA	ssRNA(+)	species
SRR23107139_clean_NODE_26100_length_854_cov_1.371319	SRR23107139_clean_NODE_26100_length_854_cov_1.371319	1	contig	Riboviria	Orthornavirae	Kitrinoviricota	Alsuviricetes	Martellivirales	Closteroviridae	NA	Jujube closterovirus 1	0.88	metabuli	N	0	0.00	0.00	0.00	0.00	RNA		tax
SRR23107139_clean_NODE_3295_length_2111_cov_3.041708	SRR23107139_clean_NODE_3295_length_2111_cov_3.041708	3	contig	Riboviria	NA	NA	NA	NA	NA	NA	Wuhan insect virus 21	0.25	metabuli	Y	0	0.00	0.00	0.00	0.00			none
SRR23107139_clean_NODE_3333_length_2102_cov_6.268605	SRR23107139_clean_NODE_3333_length_2102_cov_6.268605	1	contig	Riboviria	Orthornavirae	Kitrinoviricota	Alsuviricetes	Tymovirales	Tymoviridae	Maculavirus	Maculavirus vitis	1	metabuli	Y	0	0.00	0.00	0.00	0.00	RNA	ssRNA(+)	species
SRR23107139_clean_NODE_41028_length_649_cov_3.802083	SRR23107139_clean_NODE_41028_length_649_cov_3.802083	1	contig	Riboviria	Orthornavirae	Negarnaviricota	Bunyaviricetes	Hareavirales	Phenuiviridae	Tenuivirus	Tenuivirus eurotritici	1	mmseqs	N	0	0.00	0.00	0.00	0.00	RNA	ssRNA(+/-)	species
SRR23107139_clean_NODE_51452_length_564_cov_2.118126	SRR23107139_clean_NODE_51452_length_564_cov_2.118126	2	contig	Riboviria	Orthornavirae	Kitrinoviricota	Alsuviricetes	Tymovirales	Betaflexiviridae	Trichovirus	Trichovirus mali	1	metabuli	N	0	0.00	0.00	0.00	0.00	RNA	ssRNA(+)	species
SRR23107139_clean_NODE_57000_length_530_cov_1.041575	SRR23107139_clean_NODE_57000_length_530_cov_1.041575	1	contig	Riboviria	Orthornavirae	Pisuviricota	Stelpaviricetes	Patatavirales	Potyviridae	Tritimovirus	Tritimovirus eqlidense	1	metabuli	N	0	0.00	0.00	0.00	0.00	RNA	ssRNA(+)	species
SRR23107139_clean_NODE_60618_length_510_cov_1.636156	SRR23107139_clean_NODE_60618_length_510_cov_1.636156	1	contig	Riboviria	Orthornavirae	Pisuviricota	Pisoniviricetes	Sobelivirales	Solemoviridae	Sobemovirus	Sobemovirus sp.	1	metabuli	N	0	0.00	0.00	0.00	0.00	RNA	ssRNA(+)	genus
SRR23107139_clean_NODE_61567_length_505_cov_1.560185	SRR23107139_clean_NODE_61567_length_505_cov_1.560185	1	contig	Riboviria	Orthornavirae	Pisuviricota	Duplopiviricetes	Durnavirales	Partitiviridae	NA	Pittosporum cryptic virus-1	0.88	metabuli	N	0	0.00	0.00	0.00	0.00	RNA		tax
SRR23107139_clean_NODE_6697_length_1641_cov_2.670281	SRR23107139_clean_NODE_6697_length_1641_cov_2.670281	1	contig	Riboviria	Orthornavirae	Kitrinoviricota	Alsuviricetes	Tymovirales	Betaflexiviridae	Vitivirus	NA	0.88	diamond_lca	N	0	0.00	0.00	0.00	0.00	RNA	ssRNA(+)	genus
SRR23107139_clean_NODE_7611_length_1566_cov_1.640991	SRR23107139_clean_NODE_7611_length_1566_cov_1.640991	1	contig	Riboviria	Orthornavirae	Pisuviricota	Pisoniviricetes	Sobelivirales	Solemoviridae	NA	Solemoviridae sp.	0.88	metabuli	N	0	0.00	0.00	0.00	0.00	RNA		tax
SRR23107139_clean_NODE_984_length_3011_cov_100.912526	SRR23107139_clean_NODE_984_length_3011_cov_100.912526	35	contig	Riboviria	Orthornavirae	Kitrinoviricota	Alsuviricetes	Martellivirales	Bromoviridae	Ilarvirus	Ilarvirus SLV	1	ACVirus	Y	0	0.00	0.00	0.00	0.00	RNA	ssRNA(+)	species
SRR23107141_clean_NODE_11350_length_1254_cov_5.604572	SRR23107141_clean_NODE_11350_length_1254_cov_5.604572	1	contig	Riboviria	Orthornavirae	Kitrinoviricota	Naldaviricetes	Tymovirales	Nimaviridae	Allexivirus	Allexivirus deltallii	1	metabuli	N	0	0.00	0.00	0.00	0.00	RNA	ssRNA(+)	species
SRR23107141_clean_NODE_13015_length_1175_cov_2.901996	SRR23107141_clean_NODE_13015_length_1175_cov_2.901996	1	contig	Riboviria	Orthornavirae	Kitrinoviricota	Alsuviricetes	Hepelivirales	Benyviridae	NA	Bemisia tabaci beny-like virus 6	0.88	metabuli	N	0	0.00	0.00	0.00	0.00	RNA		tax
SRR23107141_clean_NODE_14762_length_1101_cov_3.798638	SRR23107141_clean_NODE_14762_length_1101_cov_3.798638	1	contig	Riboviria	Orthornavirae	Negarnaviricota	Monjiviricetes	Mononegavirales	Rhabdoviridae	Alphanucleorhabdovirus	Alphanucleorhabdovirus tuberosum	1	metabuli	N	0	0.00	0.00	0.00	0.00	RNA	ssRNA(-)	species
SRR23107141_clean_NODE_15491_length_1074_cov_7.474525	SRR23107141_clean_NODE_15491_length_1074_cov_7.474525	1	contig	Riboviria	Orthornavirae	Kitrinoviricota	Alsuviricetes	Tymovirales	Betaflexiviridae	Vitivirus	NA	0.88	metabuli	N	0	0.00	0.00	0.00	0.00	RNA	ssRNA(+)	genus
SRR23107141_clean_NODE_17922_length_994_cov_5.902280	SRR23107141_clean_NODE_17922_length_994_cov_5.902280	1	contig	Riboviria	Orthornavirae	Pisuviricota	Stelpaviricetes	Patatavirales	Potyviridae	Potyvirus	Potyvirus yituberosi	1	metabuli	N	0	0.00	0.00	0.00	0.00	RNA	ssRNA(+)	species
SRR23107141_clean_NODE_18162_length_987_cov_3.537199	SRR23107141_clean_NODE_18162_length_987_cov_3.537199	1	contig	Riboviria	Orthornavirae	Kitrinoviricota	Alsuviricetes	Tymovirales	Tymoviridae	NA	Alcea yellow mosaic virus	0.88	metabuli	N	0	0.00	0.00	0.00	0.00	RNA		tax
SRR23107141_clean_NODE_18803_length_968_cov_3.966480	SRR23107141_clean_NODE_18803_length_968_cov_3.966480	2	contig	Riboviria	Orthornavirae	Pisuviricota	Pisoniviricetes	Sobelivirales	Solemoviridae	Polerovirus	Polerovirus SCYLV	1	metabuli	N	0	0.00	0.00	0.00	0.00	RNA	ssRNA(+)	species
SRR23107141_clean_NODE_19576_length_946_cov_45.096220	SRR23107141_clean_NODE_19576_length_946_cov_45.096220	1	contig	Riboviria	Orthornavirae	Kitrinoviricota	Alsuviricetes	Tymovirales	Betaflexiviridae	Vitivirus	Agave yellow streak virus Jalisco 2	1	metabuli	N	0	0.00	0.00	0.00	0.00	RNA	ssRNA(+)	genus
SRR23107141_clean_NODE_23849_length_845_cov_3.308290	SRR23107141_clean_NODE_23849_length_845_cov_3.308290	2	contig	Riboviria	Pararnavirae	Artverviricota	Revtraviricetes	Ortervirales	Caulimoviridae	Cavemovirus	Cavemovirus deltaepiphylli	1	metabuli	N	0	0.00	0.00	0.00	0.00	DNA	dsDNA-RT	species
SRR23107141_clean_NODE_26565_length_794_cov_14.196949	SRR23107141_clean_NODE_26565_length_794_cov_14.196949	1	contig	Riboviria	Orthornavirae	Kitrinoviricota	Tolucaviricetes	Tolivirales	Tombusviridae	NA	NA	0.75	CAT	N	0	0.00	0.00	0.00	0.00	RNA		tax
SRR23107141_clean_NODE_31561_length_716_cov_2.230171	SRR23107141_clean_NODE_31561_length_716_cov_2.230171	1	contig	Riboviria	Orthornavirae	Kitrinoviricota	Tolucaviricetes	Tolivirales	NA	NA	Tolivirales sp.	0.75	metabuli	N	0	0.00	0.00	0.00	0.00	RNA		tax
SRR23107141_clean_NODE_35126_length_671_cov_1.068562	SRR23107141_clean_NODE_35126_length_671_cov_1.068562	2	contig	Riboviria	Orthornavirae	Pisuviricota	Stelpaviricetes	Patatavirales	Potyviridae	Tritimovirus	Tritimovirus tritici	1	metabuli	N	0	0.00	0.00	0.00	0.00	RNA	ssRNA(+)	species
SRR23107141_clean_NODE_42589_length_597_cov_4.908397	SRR23107141_clean_NODE_42589_length_597_cov_4.908397	1	contig	Riboviria	Orthornavirae	Kitrinoviricota	Alsuviricetes	Tymovirales	NA	NA	Ullucus tymovirus 1	0.75	metabuli	N	0	0.00	0.00	0.00	0.00	RNA		tax
SRR23107141_clean_NODE_43568_length_589_cov_0.910853	SRR23107141_clean_NODE_43568_length_589_cov_0.910853	1	contig	NA	NA	NA	NA	NA	NA	NA	Sylvanvirus sp.	0.12	metabuli	N	0	0.00	0.00	0.00	0.00			none
SRR23107141_clean_NODE_50765_length_535_cov_2.474026	SRR23107141_clean_NODE_50765_length_535_cov_2.474026	1	contig	Riboviria	Orthornavirae	Kitrinoviricota	Alsuviricetes	Tymovirales	Tymoviridae	Tymovirus	Tymovirus quitoense	1	metabuli	N	0	0.00	0.00	0.00	0.00	RNA	ssRNA(+)	species
SRR23107141_clean_NODE_56509_length_501_cov_1.119159	SRR23107141_clean_NODE_56509_length_501_cov_1.119159	1	contig	Riboviria	Orthornavirae	Kitrinoviricota	Tolucaviricetes	Tolivirales	Tombusviridae	NA	Ripoflyv virus	0.88	metabuli	N	0	0.00	0.00	0.00	0.00	RNA		tax
SRR23107141_clean_NODE_5961_length_1648_cov_44.219683	SRR23107141_clean_NODE_5961_length_1648_cov_44.219683	1	contig	Varidnaviria	Bamfordvirae	Nucleocytoviricota	NA	NA	NA	NA	NA	0.38	CAT	N	0	0.00	0.00	0.00	0.00	DNA		tax
SRR23107141_clean_NODE_711_length_3165_cov_19.331177	SRR23107141_clean_NODE_711_length_3165_cov_19.331177	5	contig	Riboviria	Orthornavirae	Pisuviricota	Stelpaviricetes	Patatavirales	Potyviridae	Potyvirus	Potyvirus iristenuis	1	CAT	Y	0	0.00	0.00	0.00	0.00	RNA	ssRNA(+)	species
SRR23215176_clean_NODE_1524_length_2605_cov_15.903633	SRR23215176_clean_NODE_1524_length_2605_cov_15.903633	1	contig	Riboviria	Orthornavirae	Kitrinoviricota	Alsuviricetes	Martellivirales	Virgaviridae	NA	Pedersore virga-like virus	0.88	metabuli	Y	0	0.00	0.00	0.00	0.00	RNA		tax
SRR23215176_clean_NODE_313_length_4237_cov_146.107589	SRR23215176_clean_NODE_313_length_4237_cov_146.107589	11	contig	Riboviria	Orthornavirae	Negarnaviricota	Monjiviricetes	Mononegavirales	Rhabdoviridae	Trirhavirus	Trirhavirus picridis	1	ACVirus	Y	0	0.00	0.00	0.00	0.00	RNA	ssRNA(-)	species
SRR23215176_clean_NODE_541_length_3706_cov_80.685659	SRR23215176_clean_NODE_541_length_3706_cov_80.685659	7	contig	Riboviria	Orthornavirae	Negarnaviricota	Monjiviricetes	Mononegavirales	Rhabdoviridae	Trirhavirus	Trirhavirus picridis	1	ACVirus	Y	0	0.00	0.00	0.00	0.00	RNA	ssRNA(-)	species
SRR23215176_clean_NODE_605_length_3594_cov_9.685885	SRR23215176_clean_NODE_605_length_3594_cov_9.685885	6	contig	Varidnaviria	Bamfordvirae	Nucleocytoviricota	Megaviricetes	Imitervirales	Mimiviridae	Ilarvirus	Ilarvirus PNRSV	1	metabuli	Y	0	0.00	0.00	0.00	0.00	RNA	ssRNA(+)	species
SRR23215176_clean_NODE_8155_length_879_cov_3.348635	SRR23215176_clean_NODE_8155_length_879_cov_3.348635	1	contig	Riboviria	Orthornavirae	Duplornaviricota	Resentoviricetes	Reovirales	Spinareoviridae	Fijivirus	NA	0.88	metabuli	N	0	0.00	0.00	0.00	0.00	RNA	dsRNA	genus
SRR23215177_clean_NODE_19_length_3703_cov_3.512397	SRR23215177_clean_NODE_19_length_3703_cov_3.512397	1	contig	Varidnaviria	Bamfordvirae	Nucleocytoviricota	Megaviricetes	Pimascovirales	Marseilleviridae	Betanucleorhabdovirus	Coptis betanucleorhabdovirus 1	1	metabuli	Y	0	0.00	0.00	0.00	0.00	RNA	ssRNA(-)	genus
SRR23215177_clean_NODE_2359_length_762_cov_0.615385	SRR23215177_clean_NODE_2359_length_762_cov_0.615385	2	contig	Riboviria	Orthornavirae	Kitrinoviricota	Alsuviricetes	Martellivirales	Virgaviridae	Tobamovirus	NA	0.88	metabuli	N	0	0.00	0.00	0.00	0.00	RNA	ssRNA(+)	genus
SRR23215177_clean_NODE_3413_length_624_cov_0.776770	SRR23215177_clean_NODE_3413_length_624_cov_0.776770	1	contig	Riboviria	Orthornavirae	Kitrinoviricota	Alsuviricetes	Tymovirales	Tymoviridae	Maculavirus	Maculavirus vitis	1	metabuli	N	0	0.00	0.00	0.00	0.00	RNA	ssRNA(+)	species
SRR23215177_clean_NODE_678_length_1460_cov_2.008652	SRR23215177_clean_NODE_678_length_1460_cov_2.008652	1	contig	Riboviria	Orthornavirae	Pisuviricota	Duplopiviricetes	Durnavirales	Partitiviridae	Deltapartitivirus	Deltapartitivirus sp. 'yunanense'	1	metabuli	N	0	0.00	0.00	0.00	0.00	RNA	dsRNA	genus
SRR23215177_clean_NODE_763_length_1380_cov_1.075746	SRR23215177_clean_NODE_763_length_1380_cov_1.075746	2	contig	Riboviria	Orthornavirae	Pisuviricota	Pisoniviricetes	Picornavirales	Iflaviridae	Iflavirus	Bactericera cockerelli picorna-like virus	1	CAT	N	0	0.00	0.00	0.00	0.00	RNA	ssRNA(+)	genus
SRR23215178_clean_NODE_1016_length_2462_cov_52.617413	SRR23215178_clean_NODE_1016_length_2462_cov_52.617413	6	contig	Riboviria	Orthornavirae	Kitrinoviricota	Alsuviricetes	Martellivirales	Virgaviridae	NA	Sanya virga-like virus 2	0.88	metabuli	Y	0	0.00	0.00	0.00	0.00	RNA		tax
SRR23215178_clean_NODE_113_length_4716_cov_22.212363	SRR23215178_clean_NODE_113_length_4716_cov_22.212363	5	contig	Riboviria	Orthornavirae	Pisuviricota	Stelpaviricetes	Patatavirales	Potyviridae	Potyvirus	Potyvirus iristenuis	1	CAT	Y	0	0.00	0.00	0.00	0.00	RNA	ssRNA(+)	species
SRR23215178_clean_NODE_233_length_4004_cov_3.268888	SRR23215178_clean_NODE_233_length_4004_cov_3.268888	1	contig	NA	NA	NA	NA	NA	NA	NA	Apis mellifra filamentous-like virus	0.12	CAT	Y	0	0.00	0.00	0.00	0.00			none
SRR23215178_clean_NODE_2_length_9922_cov_7.929841	SRR23215178_clean_NODE_2_length_9922_cov_7.929841	11	contig	Riboviria	Orthornavirae	Kitrinoviricota	Alsuviricetes	Martellivirales	Mayoviridae	Idaeovirus	Idaeovirus ligustri	1	ACVirus	Y	0	0.00	0.00	0.00	0.00	RNA	ssRNA(+)	species
SRR23215178_clean_NODE_4585_length_1065_cov_1.060484	SRR23215178_clean_NODE_4585_length_1065_cov_1.060484	1	contig	Riboviria	Orthornavirae	Kitrinoviricota	Alsuviricetes	Tymovirales	Tymoviridae	Marafivirus	Marafivirus sorghi	1	ACVirus	N	0	0.00	0.00	0.00	0.00	RNA	ssRNA(+)	species
SRR23215178_clean_NODE_46_length_5699_cov_3.779772	SRR23215178_clean_NODE_46_length_5699_cov_3.779772	4	contig	Riboviria	Orthornavirae	Pisuviricota	Pisoniviricetes	Picornavirales	Iflaviridae	Iflavirus	Bactericera cockerelli picorna-like virus	1	CAT	Y	0	0.00	0.00	0.00	0.00	RNA	ssRNA(+)	genus
SRR23215178_clean_NODE_6464_length_833_cov_2.955263	SRR23215178_clean_NODE_6464_length_833_cov_2.955263	2	contig	Riboviria	Orthornavirae	Pisuviricota	Stelpaviricetes	Patatavirales	Potyviridae	Potyvirus	Potyvirus phaseoluteum	1	metabuli	N	0	0.00	0.00	0.00	0.00	RNA	ssRNA(+)	species
SRR23215178_clean_NODE_705_length_2833_cov_3.971739	SRR23215178_clean_NODE_705_length_2833_cov_3.971739	3	contig	Riboviria	Orthornavirae	Kitrinoviricota	Alsuviricetes	Martellivirales	Endornaviridae	NA	NA	0.75	metabuli	Y	0	0.00	0.00	0.00	0.00	RNA		tax
SRR23215179_clean_NODE_1_length_6852_cov_76.557752	SRR23215179_clean_NODE_1_length_6852_cov_76.557752	5	contig	Riboviria	Orthornavirae	Kitrinoviricota	Alsuviricetes	Tymovirales	Tymoviridae	Marafivirus	Marafivirus syrahense	1	metabuli	Y	0	0.00	0.00	0.00	0.00	RNA	ssRNA(+)	species
SRR23215179_clean_NODE_2298_length_1028_cov_1.058639	SRR23215179_clean_NODE_2298_length_1028_cov_1.058639	1	contig	Riboviria	Orthornavirae	Pisuviricota	Pisoniviricetes	Picornavirales	Iflaviridae	Iflavirus	Bactericera cockerelli picorna-like virus	1	CAT	N	0	0.00	0.00	0.00	0.00	RNA	ssRNA(+)	genus
SRR23215179_clean_NODE_333_length_2156_cov_2.213634	SRR23215179_clean_NODE_333_length_2156_cov_2.213634	4	contig	Riboviria	Orthornavirae	Kitrinoviricota	Alsuviricetes	Martellivirales	Bromoviridae	Ilarvirus	Ilarvirus AIV2	1	ACVirus	Y	0	0.00	0.00	0.00	0.00	RNA	ssRNA(+)	species
SRR23215179_clean_NODE_513_length_1887_cov_3.898567	SRR23215179_clean_NODE_513_length_1887_cov_3.898567	1	contig	Riboviria	Orthornavirae	Kitrinoviricota	Alsuviricetes	Martellivirales	Bromoviridae	Ilarvirus	Ilarvirus PNRSV	1	metabuli	N	0	0.00	0.00	0.00	0.00	RNA	ssRNA(+)	species
SRR23215179_clean_NODE_5269_length_635_cov_1.153025	SRR23215179_clean_NODE_5269_length_635_cov_1.153025	1	contig	Riboviria	Orthornavirae	Pisuviricota	Pisoniviricetes	Picornavirales	Iflaviridae	Iflavirus	Bactericera cockerelli picorna-like virus	1	CAT	N	0	0.00	0.00	0.00	0.00	RNA	ssRNA(+)	genus
SRR23215180_clean_NODE_6382_length_659_cov_13.481229	SRR23215180_clean_NODE_6382_length_659_cov_13.481229	3	contig	Riboviria	Orthornavirae	Kitrinoviricota	Alsuviricetes	Tymovirales	Tymoviridae	Maculavirus	Maculavirus vitis	1	metabuli	N	0	0.00	0.00	0.00	0.00	RNA	ssRNA(+)	species
SRR23215180_clean_NODE_7394_length_569_cov_1.679435	SRR23215180_clean_NODE_7394_length_569_cov_1.679435	1	contig	Riboviria	Orthornavirae	Kitrinoviricota	Alsuviricetes	Tymovirales	Betaflexiviridae	Vitivirus	Vitivirus alphavitis	1	metabuli	N	0	0.00	0.00	0.00	0.00	RNA	ssRNA(+)	species
SRR23215180_clean_NODE_7881_length_535_cov_1.344156	SRR23215180_clean_NODE_7881_length_535_cov_1.344156	1	contig	Riboviria	Orthornavirae	Pisuviricota	Pisoniviricetes	Picornavirales	Secoviridae	Fabavirus	Fabavirus vitis	1	metabuli	N	0	0.00	0.00	0.00	0.00	RNA	ssRNA(+)	species
SRR23215180_clean_NODE_8124_length_518_cov_1.525843	SRR23215180_clean_NODE_8124_length_518_cov_1.525843	1	contig	Riboviria	Orthornavirae	Kitrinoviricota	Alsuviricetes	Martellivirales	Closteroviridae	Ampelovirus	Ampelovirus univitis	1	metabuli	N	0	0.00	0.00	0.00	0.00	RNA	ssRNA(+)	species
SRR23215181_clean_NODE_3209_length_1446_cov_7.377276	SRR23215181_clean_NODE_3209_length_1446_cov_7.377276	2	contig	Riboviria	Orthornavirae	Negarnaviricota	Monjiviricetes	Mononegavirales	Rhabdoviridae	Trirhavirus	Trirhavirus medicagonis	1	metabuli	N	0	0.00	0.00	0.00	0.00	RNA	ssRNA(-)	species
SRR23215181_clean_NODE_7804_length_612_cov_1.753247	SRR23215181_clean_NODE_7804_length_612_cov_1.753247	1	contig	Riboviria	Orthornavirae	Kitrinoviricota	Tolucaviricetes	Tolivirales	Tombusviridae	Luteovirus	Luteovirus glycinis	1	metabuli	N	0	0.00	0.00	0.00	0.00	RNA	ssRNA(+)	species
SRR23215181_clean_NODE_8415_length_561_cov_1.055328	SRR23215181_clean_NODE_8415_length_561_cov_1.055328	1	contig	NA	Shotokuvirae	Cressdnaviricota	Arfiviricetes	Mulpavirales	Nanoviridae	Nanovirus	Nanovirus astragalirani	0.88	metabuli	N	0	0.00	0.00	0.00	0.00	DNA	ssDNA(+)	species
SRR23215184_clean_NODE_43_length_3322_cov_4.180671	SRR23215184_clean_NODE_43_length_3322_cov_4.180671	1	contig	Riboviria	Orthornavirae	Kitrinoviricota	Alsuviricetes	Martellivirales	Virgaviridae	NA	Virgaviridae sp.	0.88	metabuli	Y	0	0.00	0.00	0.00	0.00	RNA		tax
SRR23215185_clean_NODE_10273_length_836_cov_1.634338	SRR23215185_clean_NODE_10273_length_836_cov_1.634338	1	contig	Riboviria	Orthornavirae	Pisuviricota	Stelpaviricetes	Patatavirales	Potyviridae	Potyvirus	Potyvirus rapae	1	metabuli	N	0	0.00	0.00	0.00	0.00	RNA	ssRNA(+)	species
SRR23215185_clean_NODE_154_length_5396_cov_8.110652	SRR23215185_clean_NODE_154_length_5396_cov_8.110652	1	contig	Riboviria	Orthornavirae	Negarnaviricota	Monjiviricetes	Mononegavirales	Rhabdoviridae	Deltanucleorhabdovirus	Artemisia deltanucleorhabdovirus 1	1	metabuli	Y	0	0.00	0.00	0.00	0.00	RNA	ssRNA(-)	genus
SRR23215185_clean_NODE_17724_length_501_cov_2.137850	SRR23215185_clean_NODE_17724_length_501_cov_2.137850	1	contig	Riboviria	Orthornavirae	Kitrinoviricota	Alsuviricetes	Tymovirales	Tymoviridae	Marafivirus	Medicago sativa marafivirus 1	1	metabuli	N	0	0.00	0.00	0.00	0.00	RNA	ssRNA(+)	genus
SRR23215185_clean_NODE_2006_length_2643_cov_1.629961	SRR23215185_clean_NODE_2006_length_2643_cov_1.629961	1	contig	Riboviria	Orthornavirae	Pisuviricota	Duplopiviricetes	Durnavirales	Partitiviridae	NA	Pittosporum cryptic virus-1	0.88	metabuli	Y	0	0.00	0.00	0.00	0.00	RNA		tax
SRR23215185_clean_NODE_2970_length_2176_cov_58.485972	SRR23215185_clean_NODE_2970_length_2176_cov_58.485972	11	contig	Riboviria	Orthornavirae	Pisuviricota	Duplopiviricetes	Durnavirales	Partitiviridae	Deltapartitivirus	Deltapartitivirus sp. 'yunanense'	1	metabuli	Y	0	0.00	0.00	0.00	0.00	RNA	dsRNA	genus
SRR23215185_clean_NODE_4041_length_1831_cov_10.153015	SRR23215185_clean_NODE_4041_length_1831_cov_10.153015	1	contig	Riboviria	Orthornavirae	Pisuviricota	Duplopiviricetes	Durnavirales	Partitiviridae	NA	Disporopsis pernyi associated partitivirus	0.88	metabuli	N	0	0.00	0.00	0.00	0.00	RNA		tax
SRR23215185_clean_NODE_5290_length_1509_cov_7.638579	SRR23215185_clean_NODE_5290_length_1509_cov_7.638579	3	contig	Riboviria	Orthornavirae	Kitrinoviricota	Alsuviricetes	Tymovirales	Tymoviridae	Marafivirus	NA	0.88	metabuli	N	0	0.00	0.00	0.00	0.00	RNA	ssRNA(+)	genus
SRR23215185_clean_NODE_7825_length_1081_cov_3.633929	SRR23215185_clean_NODE_7825_length_1081_cov_3.633929	2	contig	Riboviria	Orthornavirae	Kitrinoviricota	Alsuviricetes	Tymovirales	Tymoviridae	Maculavirus	Maculavirus vitis	1	metabuli	N	0	0.00	0.00	0.00	0.00	RNA	ssRNA(+)	species
SRR23215186_clean_NODE_1026_length_512_cov_0.726651	SRR23215186_clean_NODE_1026_length_512_cov_0.726651	1	contig	Riboviria	Orthornavirae	Pisuviricota	Stelpaviricetes	Patatavirales	Potyviridae	Potyvirus	Potyvirus sacchari	1	metabuli	N	0	0.00	0.00	0.00	0.00	RNA	ssRNA(+)	species
SRR2344922_clean_NODE_1373_length_550_cov_1.587084	SRR2344922_clean_NODE_1373_length_550_cov_1.587084	1	contig	Riboviria	Orthornavirae	Kitrinoviricota	Alsuviricetes	Tymovirales	Betaflexiviridae	Carlavirus	Carlavirus chisolani	1	ACVirus	N	0	0.00	0.00	0.00	0.00	RNA	ssRNA(+)	species
SRR2344923_clean_NODE_1320_length_643_cov_2.082781	SRR2344923_clean_NODE_1320_length_643_cov_2.082781	1	contig	Riboviria	Orthornavirae	Kitrinoviricota	Alsuviricetes	Hepelivirales	Benyviridae	NA	Bemisia tabaci beny-like virus 6	0.88	CAT	N	0	0.00	0.00	0.00	0.00	RNA		tax
SRR2344923_clean_NODE_758_length_841_cov_2.330424	SRR2344923_clean_NODE_758_length_841_cov_2.330424	1	contig	Riboviria	Orthornavirae	Kitrinoviricota	Alsuviricetes	Hepelivirales	Benyviridae	Benyvirus	Benyvirus necrobetae	1	ACVirus	N	0	0.00	0.00	0.00	0.00	RNA	ssRNA(+)	species
SRR2344924_clean_NODE_24_length_1378_cov_5.286781	SRR2344924_clean_NODE_24_length_1378_cov_5.286781	1	contig	Riboviria	Orthornavirae	Kitrinoviricota	Alsuviricetes	Tymovirales	Tymoviridae	Tymovirus	Tymovirus quitoense	1	ACVirus	Y	0	0.00	0.00	0.00	0.00	RNA	ssRNA(+)	species
SRR2344924_clean_NODE_252_length_557_cov_2.552124	SRR2344924_clean_NODE_252_length_557_cov_2.552124	1	contig	Riboviria	Orthornavirae	Kitrinoviricota	Alsuviricetes	Tymovirales	Tymoviridae	Marafivirus	Marafivirus avenae	1	ACVirus	N	0	0.00	0.00	0.00	0.00	RNA	ssRNA(+)	species
SRR2344925_clean_NODE_115_length_1591_cov_32.943299	SRR2344925_clean_NODE_115_length_1591_cov_32.943299	5	contig	Riboviria	Orthornavirae	Pisuviricota	Duplopiviricetes	Durnavirales	Partitiviridae	Deltapartitivirus	Deltapartitivirus sp. 'yunanense'	1	metabuli	N	0	0.00	0.00	0.00	0.00	RNA	dsRNA	genus
SRR2344925_clean_NODE_39_length_2223_cov_4.994505	SRR2344925_clean_NODE_39_length_2223_cov_4.994505	1	contig	Riboviria	Orthornavirae	Pisuviricota	Stelpaviricetes	Patatavirales	Potyviridae	Potyvirus	Potyvirus iristenuis	1	CAT	Y	0	0.00	0.00	0.00	0.00	RNA	ssRNA(+)	species
SRR2344927_clean_NODE_103_length_672_cov_3.949447	SRR2344927_clean_NODE_103_length_672_cov_3.949447	1	contig	Riboviria	Orthornavirae	Kitrinoviricota	Alsuviricetes	Tymovirales	Betaflexiviridae	Carlavirus	Carlavirus sigmasolani	1	ACVirus	Y	0	0.00	0.00	0.00	0.00	RNA	ssRNA(+)	species
SRR2344927_clean_NODE_123_length_632_cov_2.112985	SRR2344927_clean_NODE_123_length_632_cov_2.112985	1	contig	Riboviria	Orthornavirae	Kitrinoviricota	Alsuviricetes	Tymovirales	Betaflexiviridae	Carlavirus	Carlavirus chisolani	1	ACVirus	Y	0	0.00	0.00	0.00	0.00	RNA	ssRNA(+)	species
SRR2344927_clean_NODE_134_length_622_cov_4.862779	SRR2344927_clean_NODE_134_length_622_cov_4.862779	1	contig	Riboviria	Orthornavirae	Kitrinoviricota	Alsuviricetes	Tymovirales	Betaflexiviridae	Carlavirus	Carlavirus misolani	1	ACVirus	Y	0	0.00	0.00	0.00	0.00	RNA	ssRNA(+)	species
SRR2344927_clean_NODE_49_length_827_cov_2.657360	SRR2344927_clean_NODE_49_length_827_cov_2.657360	1	contig	Riboviria	Orthornavirae	Kitrinoviricota	Alsuviricetes	Tymovirales	Betaflexiviridae	Carlavirus	Carlavirus chisolani	1	ACVirus	Y	0	0.00	0.00	0.00	0.00	RNA	ssRNA(+)	species
SRR2344928_clean_NODE_773_length_505_cov_1.967811	SRR2344928_clean_NODE_773_length_505_cov_1.967811	1	contig	Riboviria	Orthornavirae	Negarnaviricota	Bunyaviricetes	Elliovirales	NA	NA	Blackberry leaf blotch virus	0.75	metabuli	N	0	0.00	0.00	0.00	0.00	RNA		tax
SRR2344929_clean_NODE_1111_length_866_cov_2.385732	SRR2344929_clean_NODE_1111_length_866_cov_2.385732	2	contig	Riboviria	Orthornavirae	Kitrinoviricota	Alsuviricetes	Tymovirales	Betaflexiviridae	Carlavirus	Carlavirus sigmasolani	1	ACVirus	Y	0	0.00	0.00	0.00	0.00	RNA	ssRNA(+)	species
SRR2344929_clean_NODE_1952_length_640_cov_1.638935	SRR2344929_clean_NODE_1952_length_640_cov_1.638935	1	contig	Riboviria	Orthornavirae	Kitrinoviricota	Alsuviricetes	Tymovirales	Betaflexiviridae	Carlavirus	Carlavirus sigmasolani	1	ACVirus	N	0	0.00	0.00	0.00	0.00	RNA	ssRNA(+)	species
SRR2344929_clean_NODE_2277_length_583_cov_0.933824	SRR2344929_clean_NODE_2277_length_583_cov_0.933824	1	contig	NA	NA	NA	NA	NA	NA	NA	Callicarpa mosaic-associated virus 1	0.12	metabuli	N	0	0.00	0.00	0.00	0.00			none
SRR2344929_clean_NODE_2640_length_533_cov_1.738866	SRR2344929_clean_NODE_2640_length_533_cov_1.738866	1	contig	Riboviria	Orthornavirae	Kitrinoviricota	Alsuviricetes	Tymovirales	Betaflexiviridae	Carlavirus	Carlavirus sigmasolani	1	ACVirus	N	0	0.00	0.00	0.00	0.00	RNA	ssRNA(+)	species
SRR2344929_clean_NODE_508_length_1188_cov_2.815492	SRR2344929_clean_NODE_508_length_1188_cov_2.815492	3	contig	Riboviria	Orthornavirae	Kitrinoviricota	Alsuviricetes	Tymovirales	Betaflexiviridae	Carlavirus	Carlavirus sigmasolani	1	ACVirus	Y	0	0.00	0.00	0.00	0.00	RNA	ssRNA(+)	species
SRR2344930_clean_NODE_109_length_677_cov_2.565831	SRR2344930_clean_NODE_109_length_677_cov_2.565831	1	contig	Riboviria	Orthornavirae	Kitrinoviricota	Alsuviricetes	Tymovirales	Betaflexiviridae	Carlavirus	Carlavirus chisolani	1	ACVirus	N	0	0.00	0.00	0.00	0.00	RNA	ssRNA(+)	species
SRR2344930_clean_NODE_112_length_669_cov_1.777778	SRR2344930_clean_NODE_112_length_669_cov_1.777778	1	contig	Riboviria	Orthornavirae	Kitrinoviricota	Alsuviricetes	Tymovirales	Betaflexiviridae	Carlavirus	Henan betaflexivirus 11	1	metabuli	N	0	0.00	0.00	0.00	0.00	RNA	ssRNA(+)	genus
SRR2344930_clean_NODE_124_length_637_cov_1.561873	SRR2344930_clean_NODE_124_length_637_cov_1.561873	1	contig	Riboviria	Orthornavirae	Kitrinoviricota	Alsuviricetes	Tymovirales	Betaflexiviridae	Carlavirus	Carlavirus misolani	1	ACVirus	N	0	0.00	0.00	0.00	0.00	RNA	ssRNA(+)	species
SRR2344930_clean_NODE_131_length_622_cov_3.660377	SRR2344930_clean_NODE_131_length_622_cov_3.660377	1	contig	Riboviria	Orthornavirae	Kitrinoviricota	Alsuviricetes	Tymovirales	Betaflexiviridae	Carlavirus	Carlavirus chisolani	1	ACVirus	Y	0	0.00	0.00	0.00	0.00	RNA	ssRNA(+)	species
SRR2344930_clean_NODE_134_length_617_cov_1.712803	SRR2344930_clean_NODE_134_length_617_cov_1.712803	1	contig	Riboviria	Orthornavirae	Kitrinoviricota	Alsuviricetes	Tymovirales	Betaflexiviridae	Carlavirus	Carlavirus chisolani	1	ACVirus	Y	0	0.00	0.00	0.00	0.00	RNA	ssRNA(+)	species
SRR2344930_clean_NODE_164_length_571_cov_1.494361	SRR2344930_clean_NODE_164_length_571_cov_1.494361	1	contig	Riboviria	Orthornavirae	Kitrinoviricota	Alsuviricetes	Tymovirales	Betaflexiviridae	Carlavirus	Carlavirus sigmasolani	1	ACVirus	N	0	0.00	0.00	0.00	0.00	RNA	ssRNA(+)	species
SRR2344930_clean_NODE_187_length_542_cov_1.972167	SRR2344930_clean_NODE_187_length_542_cov_1.972167	1	contig	Riboviria	Orthornavirae	Kitrinoviricota	Alsuviricetes	Tymovirales	Betaflexiviridae	Carlavirus	Carlavirus misolani	1	ACVirus	N	0	0.00	0.00	0.00	0.00	RNA	ssRNA(+)	species
SRR2344930_clean_NODE_191_length_536_cov_4.855131	SRR2344930_clean_NODE_191_length_536_cov_4.855131	1	contig	Riboviria	Orthornavirae	Kitrinoviricota	Alsuviricetes	Tymovirales	Betaflexiviridae	Carlavirus	Carlavirus chisolani	1	ACVirus	Y	0	0.00	0.00	0.00	0.00	RNA	ssRNA(+)	species
SRR2344930_clean_NODE_2_length_2246_cov_3.883552	SRR2344930_clean_NODE_2_length_2246_cov_3.883552	3	contig	Riboviria	Orthornavirae	Kitrinoviricota	Alsuviricetes	Tymovirales	Betaflexiviridae	Carlavirus	Carlavirus chisolani	1	ACVirus	Y	0	0.00	0.00	0.00	0.00	RNA	ssRNA(+)	species
SRR2344930_clean_NODE_46_length_922_cov_2.409966	SRR2344930_clean_NODE_46_length_922_cov_2.409966	2	contig	Riboviria	Orthornavirae	Kitrinoviricota	Alsuviricetes	Tymovirales	Betaflexiviridae	Carlavirus	Carlavirus misolani	1	ACVirus	Y	0	0.00	0.00	0.00	0.00	RNA	ssRNA(+)	species
SRR2344930_clean_NODE_48_length_906_cov_2.873126	SRR2344930_clean_NODE_48_length_906_cov_2.873126	1	contig	Riboviria	Orthornavirae	Kitrinoviricota	Alsuviricetes	Tymovirales	Betaflexiviridae	Carlavirus	Carlavirus chisolani	1	ACVirus	N	0	0.00	0.00	0.00	0.00	RNA	ssRNA(+)	species
SRR2344930_clean_NODE_53_length_855_cov_1.984069	SRR2344930_clean_NODE_53_length_855_cov_1.984069	3	contig	Riboviria	Orthornavirae	Kitrinoviricota	Alsuviricetes	Tymovirales	Betaflexiviridae	Carlavirus	Carlavirus misolani	1	ACVirus	Y	0	0.00	0.00	0.00	0.00	RNA	ssRNA(+)	species
SRR2344930_clean_NODE_73_length_786_cov_1.820616	SRR2344930_clean_NODE_73_length_786_cov_1.820616	1	contig	Riboviria	Orthornavirae	Kitrinoviricota	Alsuviricetes	Tymovirales	Betaflexiviridae	Carlavirus	Carlavirus misolani	1	ACVirus	N	0	0.00	0.00	0.00	0.00	RNA	ssRNA(+)	species
SRR2344930_clean_NODE_99_length_695_cov_1.623476	SRR2344930_clean_NODE_99_length_695_cov_1.623476	1	contig	Riboviria	Orthornavirae	Kitrinoviricota	Alsuviricetes	Tymovirales	Betaflexiviridae	Carlavirus	Carlavirus chisolani	1	ACVirus	Y	0	0.00	0.00	0.00	0.00	RNA	ssRNA(+)	species
SRR2344932_clean_NODE_167_length_652_cov_3.079935	SRR2344932_clean_NODE_167_length_652_cov_3.079935	1	contig	Riboviria	Orthornavirae	Kitrinoviricota	Alsuviricetes	Tymovirales	Betaflexiviridae	Carlavirus	Carlavirus misolani	1	ACVirus	N	0	0.00	0.00	0.00	0.00	RNA	ssRNA(+)	species
SRR2344932_clean_NODE_60_length_923_cov_2.070136	SRR2344932_clean_NODE_60_length_923_cov_2.070136	1	contig	Riboviria	Orthornavirae	Kitrinoviricota	Alsuviricetes	Tymovirales	Betaflexiviridae	Carlavirus	Carlavirus misolani	1	ACVirus	N	0	0.00	0.00	0.00	0.00	RNA	ssRNA(+)	species
SRR2344934_clean_NODE_1458_length_523_cov_2.068182	SRR2344934_clean_NODE_1458_length_523_cov_2.068182	1	contig	Riboviria	Orthornavirae	Kitrinoviricota	Alsuviricetes	Tymovirales	Betaflexiviridae	Carlavirus	Carlavirus sigmasolani	1	ACVirus	Y	0	0.00	0.00	0.00	0.00	RNA	ssRNA(+)	species
SRR2344934_clean_NODE_1531_length_511_cov_1.790254	SRR2344934_clean_NODE_1531_length_511_cov_1.790254	1	contig	Riboviria	Orthornavirae	Kitrinoviricota	Alsuviricetes	Tymovirales	Betaflexiviridae	Carlavirus	Carlavirus misolani	1	ACVirus	Y	0	0.00	0.00	0.00	0.00	RNA	ssRNA(+)	species
SRR2344934_clean_NODE_52_length_1890_cov_5.176661	SRR2344934_clean_NODE_52_length_1890_cov_5.176661	1	contig	Riboviria	Orthornavirae	Pisuviricota	Stelpaviricetes	Patatavirales	Potyviridae	Potyvirus	Potyvirus iristenuis	1	CAT	N	0	0.00	0.00	0.00	0.00	RNA	ssRNA(+)	species
SRR2344935_clean_NODE_155_length_569_cov_2.543396	SRR2344935_clean_NODE_155_length_569_cov_2.543396	1	contig	Riboviria	Orthornavirae	Kitrinoviricota	Alsuviricetes	Tymovirales	Betaflexiviridae	Carlavirus	Carlavirus sigmasolani	1	ACVirus	N	0	0.00	0.00	0.00	0.00	RNA	ssRNA(+)	species
SRR2344935_clean_NODE_168_length_548_cov_2.125737	SRR2344935_clean_NODE_168_length_548_cov_2.125737	1	contig	Riboviria	Orthornavirae	Kitrinoviricota	Alsuviricetes	Tymovirales	Betaflexiviridae	Carlavirus	Carlavirus sigmasolani	1	ACVirus	Y	0	0.00	0.00	0.00	0.00	RNA	ssRNA(+)	species
SRR2344935_clean_NODE_61_length_784_cov_2.965101	SRR2344935_clean_NODE_61_length_784_cov_2.965101	1	contig	Riboviria	Orthornavirae	Kitrinoviricota	Alsuviricetes	Tymovirales	Betaflexiviridae	Carlavirus	Carlavirus sigmasolani	1	ACVirus	Y	0	0.00	0.00	0.00	0.00	RNA	ssRNA(+)	species
SRR2344935_clean_NODE_6_length_2228_cov_3.462768	SRR2344935_clean_NODE_6_length_2228_cov_3.462768	3	contig	Riboviria	Orthornavirae	Kitrinoviricota	Alsuviricetes	Tymovirales	Betaflexiviridae	Carlavirus	Carlavirus sigmasolani	1	ACVirus	Y	0	0.00	0.00	0.00	0.00	RNA	ssRNA(+)	species
SRR23515440_clean_NODE_322_length_670_cov_3.020101	SRR23515440_clean_NODE_322_length_670_cov_3.020101	1	contig	Riboviria	Orthornavirae	Negarnaviricota	Monjiviricetes	Mononegavirales	Rhabdoviridae	Betacytorhabdovirus	Betacytorhabdovirus lycii	1	metabuli	N	0	0.00	0.00	0.00	0.00	RNA	ssRNA(-)	species
SRR23515442_clean_NODE_13_length_2442_cov_2.558886	SRR23515442_clean_NODE_13_length_2442_cov_2.558886	1	contig	Riboviria	Orthornavirae	Pisuviricota	Stelpaviricetes	Patatavirales	Potyviridae	Potyvirus	Potyvirus iristenuis	1	CAT	Y	0	0.00	0.00	0.00	0.00	RNA	ssRNA(+)	species
SRR23515443_clean_NODE_361_length_701_cov_5.101911	SRR23515443_clean_NODE_361_length_701_cov_5.101911	1	contig	Riboviria	Orthornavirae	Negarnaviricota	Monjiviricetes	Mononegavirales	Rhabdoviridae	Betacytorhabdovirus	Betacytorhabdovirus lycii	1	diamond_lca	N	0	0.00	0.00	0.00	0.00	RNA	ssRNA(-)	species
SRR23515444_clean_NODE_1_length_15960_cov_324.624976	SRR23515444_clean_NODE_1_length_15960_cov_324.624976	1	contig	Riboviria	Orthornavirae	Negarnaviricota	Monjiviricetes	Mononegavirales	Rhabdoviridae	Betacytorhabdovirus	Betacytorhabdovirus lycii	1	ACVirus	Y	0	0.00	0.00	0.00	0.00	RNA	ssRNA(-)	species
SRR23515446_clean_NODE_792_length_630_cov_0.606822	SRR23515446_clean_NODE_792_length_630_cov_0.606822	1	contig	Riboviria	Orthornavirae	Kitrinoviricota	Tolucaviricetes	Tolivirales	Tombusviridae	NA	Ripotrun virus	0.88	metabuli	N	0	0.00	0.00	0.00	0.00	RNA		tax
SRR23515447_clean_NODE_329_length_631_cov_0.704301	SRR23515447_clean_NODE_329_length_631_cov_0.704301	1	contig	Riboviria	Orthornavirae	Negarnaviricota	Monjiviricetes	Mononegavirales	Rhabdoviridae	Betacytorhabdovirus	Betacytorhabdovirus lycii	1	metabuli	N	0	0.00	0.00	0.00	0.00	RNA	ssRNA(-)	species
SRR23515447_clean_NODE_526_length_525_cov_10.603982	SRR23515447_clean_NODE_526_length_525_cov_10.603982	1	contig	Riboviria	Orthornavirae	Negarnaviricota	Monjiviricetes	Mononegavirales	Rhabdoviridae	Betacytorhabdovirus	Betacytorhabdovirus lycii	1	metabuli	N	0	0.00	0.00	0.00	0.00	RNA	ssRNA(-)	species
SRR23515449_clean_NODE_488_length_653_cov_0.512069	SRR23515449_clean_NODE_488_length_653_cov_0.512069	1	contig	Riboviria	Orthornavirae	Kitrinoviricota	Alsuviricetes	Martellivirales	Closteroviridae	Ampelovirus	Ampelovirus univitis	1	metabuli	N	0	0.00	0.00	0.00	0.00	RNA	ssRNA(+)	species
SRR23515449_clean_NODE_558_length_626_cov_0.457505	SRR23515449_clean_NODE_558_length_626_cov_0.457505	1	contig	Riboviria	Orthornavirae	Kitrinoviricota	Alsuviricetes	Martellivirales	Closteroviridae	Ampelovirus	Ampelovirus univitis	1	metabuli	N	0	0.00	0.00	0.00	0.00	RNA	ssRNA(+)	species
SRR23515449_clean_NODE_638_length_605_cov_0.791353	SRR23515449_clean_NODE_638_length_605_cov_0.791353	1	contig	Riboviria	Orthornavirae	Kitrinoviricota	Alsuviricetes	Martellivirales	Closteroviridae	Ampelovirus	Ampelovirus univitis	1	metabuli	N	0	0.00	0.00	0.00	0.00	RNA	ssRNA(+)	species
SRR23515450_clean_NODE_930_length_559_cov_0.487654	SRR23515450_clean_NODE_930_length_559_cov_0.487654	1	contig	Riboviria	Orthornavirae	Kitrinoviricota	Alsuviricetes	Martellivirales	Closteroviridae	Ampelovirus	Ampelovirus univitis	1	metabuli	N	0	0.00	0.00	0.00	0.00	RNA	ssRNA(+)	species
SRR23561020_clean_NODE_125_length_1779_cov_7.542790	SRR23561020_clean_NODE_125_length_1779_cov_7.542790	6	contig	Riboviria	Orthornavirae	Pisuviricota	Duplopiviricetes	Durnavirales	Partitiviridae	Deltapartitivirus	Deltapartitivirus sp. 'yunanense'	1	metabuli	N	0	0.00	0.00	0.00	0.00	RNA	dsRNA	genus
SRR23561020_clean_NODE_155_length_1698_cov_7.777231	SRR23561020_clean_NODE_155_length_1698_cov_7.777231	3	contig	Riboviria	Orthornavirae	Pisuviricota	Duplopiviricetes	Durnavirales	Partitiviridae	Deltapartitivirus	Deltapartitivirus sp. 'yunanense'	1	metabuli	N	0	0.00	0.00	0.00	0.00	RNA	dsRNA	genus
SRR23561020_clean_NODE_59_length_2100_cov_2.252097	SRR23561020_clean_NODE_59_length_2100_cov_2.252097	1	contig	NA	Shotokuvirae	Cressdnaviricota	Repensiviricetes	Geplafuvirales	Geminiviridae	Begomovirus	Begomovirus abelmoschusenation	0.88	metabuli	Y	0	0.00	0.00	0.00	0.00	DNA	ssDNA(+/-)	species
SRR23561022_clean_NODE_133_length_1688_cov_2.468731	SRR23561022_clean_NODE_133_length_1688_cov_2.468731	1	contig	Riboviria	Orthornavirae	Pisuviricota	Stelpaviricetes	Patatavirales	Potyviridae	Potyvirus	Potyvirus iristenuis	1	CAT	N	0	0.00	0.00	0.00	0.00	RNA	ssRNA(+)	species
SRR23561022_clean_NODE_2186_length_759_cov_0.746356	SRR23561022_clean_NODE_2186_length_759_cov_0.746356	1	contig	Riboviria	Pararnavirae	Artverviricota	Revtraviricetes	Ortervirales	Caulimoviridae	Badnavirus	Badnavirus betavirgamusae	1	ACVirus	N	0	0.00	0.00	0.00	0.00	DNA	dsDNA-RT	species
SRR23561023_clean_NODE_3626_length_587_cov_0.850195	SRR23561023_clean_NODE_3626_length_587_cov_0.850195	1	contig	Riboviria	Orthornavirae	Kitrinoviricota	Alsuviricetes	Martellivirales	Closteroviridae	Ampelovirus	Ampelovirus pruni	1	metabuli	N	0	0.00	0.00	0.00	0.00	RNA	ssRNA(+)	species
SRR23561023_clean_NODE_91_length_1781_cov_3.912763	SRR23561023_clean_NODE_91_length_1781_cov_3.912763	15	contig	Riboviria	Orthornavirae	Negarnaviricota	Monjiviricetes	Mononegavirales	Rhabdoviridae	Alphanucleorhabdovirus	Lolium alphanucleorhabdovirus 1	1	metabuli	Y	0	0.00	0.00	0.00	0.00	RNA	ssRNA(-)	genus
SRR23561024_clean_NODE_1716_length_797_cov_0.662983	SRR23561024_clean_NODE_1716_length_797_cov_0.662983	1	contig	Riboviria	Orthornavirae	Negarnaviricota	Monjiviricetes	Mononegavirales	Rhabdoviridae	Betacytorhabdovirus	Betacytorhabdovirus sophorae	1	ACVirus	N	0	0.00	0.00	0.00	0.00	RNA	ssRNA(-)	species
SRR23561024_clean_NODE_20_length_2726_cov_2.343762	SRR23561024_clean_NODE_20_length_2726_cov_2.343762	3	contig	Riboviria	Orthornavirae	Pisuviricota	Stelpaviricetes	Patatavirales	Potyviridae	Potyvirus	Potyvirus iristenuis	1	CAT	Y	0	0.00	0.00	0.00	0.00	RNA	ssRNA(+)	species
SRR23561024_clean_NODE_271_length_1485_cov_3.689802	SRR23561024_clean_NODE_271_length_1485_cov_3.689802	1	contig	Riboviria	Orthornavirae	Pisuviricota	Duplopiviricetes	Durnavirales	Partitiviridae	Deltapartitivirus	Deltapartitivirus sp. 'yunanense'	1	metabuli	N	0	0.00	0.00	0.00	0.00	RNA	dsRNA	genus
SRR23561025_clean_NODE_126_length_1664_cov_4.146449	SRR23561025_clean_NODE_126_length_1664_cov_4.146449	1	contig	Riboviria	Orthornavirae	Pisuviricota	Duplopiviricetes	Durnavirales	Partitiviridae	Deltapartitivirus	Deltapartitivirus sp. 'yunanense'	1	metabuli	N	0	0.00	0.00	0.00	0.00	RNA	dsRNA	genus
SRR23561025_clean_NODE_4687_length_503_cov_1.113953	SRR23561025_clean_NODE_4687_length_503_cov_1.113953	1	contig	Riboviria	Pararnavirae	Artverviricota	Revtraviricetes	Ortervirales	Caulimoviridae	Badnavirus	Badnavirus venabougainvilleae	1	metabuli	N	0	0.00	0.00	0.00	0.00	DNA	dsDNA-RT	species
SRR23561028_clean_NODE_187_length_1393_cov_1.805303	SRR23561028_clean_NODE_187_length_1393_cov_1.805303	1	contig	Riboviria	Orthornavirae	Pisuviricota	Duplopiviricetes	Durnavirales	Partitiviridae	Deltapartitivirus	Deltapartitivirus sp. 'yunanense'	1	metabuli	N	0	0.00	0.00	0.00	0.00	RNA	dsRNA	genus
SRR23587948_clean_NODE_2121_length_529_cov_0.969298	SRR23587948_clean_NODE_2121_length_529_cov_0.969298	1	contig	Riboviria	Orthornavirae	Negarnaviricota	Monjiviricetes	Mononegavirales	Rhabdoviridae	Betanucleorhabdovirus	Ziziphora betanucleorhabdovirus 1	1	metabuli	N	0	0.00	0.00	0.00	0.00	RNA	ssRNA(-)	genus
SRR23587948_clean_NODE_285_length_1031_cov_1.772443	SRR23587948_clean_NODE_285_length_1031_cov_1.772443	2	contig	Riboviria	Orthornavirae	Pisuviricota	Stelpaviricetes	Patatavirales	Potyviridae	Potyvirus	Potyvirus pennisseti	1	ACVirus	Y	0	0.00	0.00	0.00	0.00	RNA	ssRNA(+)	species
SRR23587948_clean_NODE_469_length_883_cov_0.702469	SRR23587948_clean_NODE_469_length_883_cov_0.702469	1	contig	Riboviria	Orthornavirae	Negarnaviricota	Monjiviricetes	Mononegavirales	Rhabdoviridae	Betacytorhabdovirus	Betacytorhabdovirus sophorae	1	ACVirus	N	0	0.00	0.00	0.00	0.00	RNA	ssRNA(-)	species
SRR23587951_clean_NODE_1873_length_543_cov_1.225532	SRR23587951_clean_NODE_1873_length_543_cov_1.225532	1	contig	Riboviria	Orthornavirae	Negarnaviricota	Monjiviricetes	Mononegavirales	Rhabdoviridae	Betacytorhabdovirus	Betacytorhabdovirus sophorae	1	ACVirus	N	0	0.00	0.00	0.00	0.00	RNA	ssRNA(-)	species
SRR23587951_clean_NODE_2353_length_502_cov_0.650350	SRR23587951_clean_NODE_2353_length_502_cov_0.650350	1	contig	Riboviria	Orthornavirae	Negarnaviricota	Monjiviricetes	Mononegavirales	Rhabdoviridae	Betacytorhabdovirus	Betacytorhabdovirus lycii	1	metabuli	N	0	0.00	0.00	0.00	0.00	RNA	ssRNA(-)	species
SRR23587953_clean_NODE_451_length_957_cov_0.416290	SRR23587953_clean_NODE_451_length_957_cov_0.416290	1	contig	Riboviria	Orthornavirae	Negarnaviricota	Monjiviricetes	Mononegavirales	Rhabdoviridae	Betacytorhabdovirus	Styphnolobium-associated cytorhabdovirus	1	CAT	N	0	0.00	0.00	0.00	0.00	RNA	ssRNA(-)	genus
SRR23587954_clean_NODE_360_length_922_cov_0.571260	SRR23587954_clean_NODE_360_length_922_cov_0.571260	1	contig	Riboviria	Orthornavirae	Negarnaviricota	Monjiviricetes	Mononegavirales	Rhabdoviridae	Betacytorhabdovirus	Betacytorhabdovirus sophorae	1	ACVirus	N	0	0.00	0.00	0.00	0.00	RNA	ssRNA(-)	species
SRR23587956_clean_NODE_16_length_2766_cov_30.538433	SRR23587956_clean_NODE_16_length_2766_cov_30.538433	5	contig	Riboviria	Orthornavirae	Kitrinoviricota	Alsuviricetes	Martellivirales	Virgaviridae	Tobravirus	Tobravirus tabaci	1	ACVirus	Y	0	0.00	0.00	0.00	0.00	RNA	ssRNA(+)	species
SRR23587957_clean_NODE_178_length_1285_cov_1.232673	SRR23587957_clean_NODE_178_length_1285_cov_1.232673	2	contig	Riboviria	Orthornavirae	Pisuviricota	Stelpaviricetes	Patatavirales	Potyviridae	Potyvirus	Potyvirus pennisseti	1	ACVirus	Y	0	0.00	0.00	0.00	0.00	RNA	ssRNA(+)	species
SRR23587957_clean_NODE_487_length_956_cov_0.403171	SRR23587957_clean_NODE_487_length_956_cov_0.403171	1	contig	Riboviria	Orthornavirae	Negarnaviricota	Monjiviricetes	Mononegavirales	Rhabdoviridae	Betacytorhabdovirus	Betacytorhabdovirus sophorae	1	ACVirus	Y	0	0.00	0.00	0.00	0.00	RNA	ssRNA(-)	species
SRR23759244_clean_NODE_1032_length_677_cov_3.263245	SRR23759244_clean_NODE_1032_length_677_cov_3.263245	1	contig	Riboviria	Orthornavirae	Kitrinoviricota	Alsuviricetes	Martellivirales	Bromoviridae	Ilarvirus	Ilarvirus PNRSV	1	metabuli	N	0	0.00	0.00	0.00	0.00	RNA	ssRNA(+)	species
SRR23759244_clean_NODE_1054_length_674_cov_0.905158	SRR23759244_clean_NODE_1054_length_674_cov_0.905158	1	contig	Riboviria	Orthornavirae	Kitrinoviricota	Alsuviricetes	Tymovirales	Betaflexiviridae	Vitivirus	Arracacha latent virus V	1	metabuli	Y	0	0.00	0.00	0.00	0.00	RNA	ssRNA(+)	genus
SRR23759244_clean_NODE_1374_length_618_cov_1.128440	SRR23759244_clean_NODE_1374_length_618_cov_1.128440	1	contig	Riboviria	Orthornavirae	Pisuviricota	Duplopiviricetes	Durnavirales	Partitiviridae	NA	NA	0.75	diamond_lca	N	0	0.00	0.00	0.00	0.00	RNA		tax
SRR23759244_clean_NODE_5_length_3996_cov_2.804486	SRR23759244_clean_NODE_5_length_3996_cov_2.804486	3	contig	Monodnaviria	NA	NA	NA	NA	NA	NA	NA	0.12	genomad	Y	0	0.00	0.00	0.00	0.00	DNA		tax
SRR23759245_clean_NODE_1103_length_636_cov_0.943162	SRR23759245_clean_NODE_1103_length_636_cov_0.943162	1	contig	Riboviria	Orthornavirae	Kitrinoviricota	Alsuviricetes	Martellivirales	Bromoviridae	Ilarvirus	Ilarvirus PNRSV	1	metabuli	N	0	0.00	0.00	0.00	0.00	RNA	ssRNA(+)	species
SRR23759245_clean_NODE_186_length_1190_cov_3.619517	SRR23759245_clean_NODE_186_length_1190_cov_3.619517	1	contig	Riboviria	Orthornavirae	Negarnaviricota	Monjiviricetes	Mononegavirales	Rhabdoviridae	Betacytorhabdovirus	Betacytorhabdovirus lycii	1	ACVirus	Y	0	0.00	0.00	0.00	0.00	RNA	ssRNA(-)	species
SRR23759245_clean_NODE_1979_length_517_cov_15.274775	SRR23759245_clean_NODE_1979_length_517_cov_15.274775	1	contig	Riboviria	Orthornavirae	Negarnaviricota	Monjiviricetes	Mononegavirales	Rhabdoviridae	Betacytorhabdovirus	Betacytorhabdovirus lycii	1	metabuli	N	0	0.00	0.00	0.00	0.00	RNA	ssRNA(-)	species
SRR23759245_clean_NODE_2_length_8836_cov_67.202442	SRR23759245_clean_NODE_2_length_8836_cov_67.202442	3	contig	Riboviria	Orthornavirae	Kitrinoviricota	Alsuviricetes	Tymovirales	Betaflexiviridae	Carlavirus	Carlavirus latensascalonici	1	metabuli	Y	0	0.00	0.00	0.00	0.00	RNA	ssRNA(+)	species
SRR23759245_clean_NODE_72_length_1588_cov_1.836304	SRR23759245_clean_NODE_72_length_1588_cov_1.836304	1	contig	Riboviria	Orthornavirae	Pisuviricota	Duplopiviricetes	Durnavirales	Partitiviridae	Deltapartitivirus	Deltapartitivirus sp. 'yunanense'	1	metabuli	N	0	0.00	0.00	0.00	0.00	RNA	dsRNA	genus
SRR23759245_clean_NODE_956_length_669_cov_0.624161	SRR23759245_clean_NODE_956_length_669_cov_0.624161	1	contig	Riboviria	Orthornavirae	Kitrinoviricota	Alsuviricetes	Tymovirales	Betaflexiviridae	Vitivirus	Vitivirus nuvitis	1	ACVirus	Y	0	0.00	0.00	0.00	0.00	RNA	ssRNA(+)	species
SRR23759246_clean_NODE_1107_length_700_cov_0.848485	SRR23759246_clean_NODE_1107_length_700_cov_0.848485	1	contig	NA	Shotokuvirae	Cressdnaviricota	Arfiviricetes	Mulpavirales	Nanoviridae	Nanovirus	Nanovirus astragalirani	0.88	metabuli	N	0	0.00	0.00	0.00	0.00	DNA	ssDNA(+)	species
SRR23759246_clean_NODE_1378_length_648_cov_1.088696	SRR23759246_clean_NODE_1378_length_648_cov_1.088696	1	contig	Riboviria	Orthornavirae	Kitrinoviricota	Tolucaviricetes	Tolivirales	Tombusviridae	NA	Ripolurk virus	0.88	metabuli	N	0	0.00	0.00	0.00	0.00	RNA		tax
SRR23759246_clean_NODE_7_length_3163_cov_12.817152	SRR23759246_clean_NODE_7_length_3163_cov_12.817152	4	contig	Riboviria	Orthornavirae	Pisuviricota	Stelpaviricetes	Patatavirales	Potyviridae	Potyvirus	Potyvirus iristenuis	1	CAT	Y	0	0.00	0.00	0.00	0.00	RNA	ssRNA(+)	species
SRR23759246_clean_NODE_828_length_776_cov_9.685633	SRR23759246_clean_NODE_828_length_776_cov_9.685633	1	contig	Riboviria	Orthornavirae	Negarnaviricota	Monjiviricetes	Mononegavirales	Rhabdoviridae	Betanucleorhabdovirus	Ziziphora betanucleorhabdovirus 1	1	metabuli	N	0	0.00	0.00	0.00	0.00	RNA	ssRNA(-)	genus
SRR23908672_clean_NODE_1006_length_565_cov_1.250000	SRR23908672_clean_NODE_1006_length_565_cov_1.250000	1	contig	Riboviria	Orthornavirae	Negarnaviricota	Bunyaviricetes	Elliovirales	Tospoviridae	Orthotospovirus	Orthotospovirus arachianuli	1	metabuli	N	0	0.00	0.00	0.00	0.00	RNA	ssRNA(+/-)	species
SRR23908672_clean_NODE_1191_length_547_cov_0.871308	SRR23908672_clean_NODE_1191_length_547_cov_0.871308	1	contig	Riboviria	Orthornavirae	Negarnaviricota	Bunyaviricetes	Hareavirales	Phenuiviridae	Coguvirus	Coguvirus citrulli	1	metabuli	N	0	0.00	0.00	0.00	0.00	RNA	ssRNA(-); ssRNA(+/-)	species
SRR23908672_clean_NODE_1641_length_512_cov_0.603645	SRR23908672_clean_NODE_1641_length_512_cov_0.603645	1	contig	Riboviria	Orthornavirae	Pisuviricota	Pisoniviricetes	Picornavirales	Secoviridae	Nepovirus	Nepovirus betaparis	1	metabuli	N	0	0.00	0.00	0.00	0.00	RNA	ssRNA(+)	species
SRR23908672_clean_NODE_174_length_839_cov_0.368146	SRR23908672_clean_NODE_174_length_839_cov_0.368146	1	contig	Riboviria	Orthornavirae	Negarnaviricota	Bunyaviricetes	Elliovirales	Fimoviridae	Emaravirus	Emaravirus fici	1	metabuli	N	0	0.00	0.00	0.00	0.00	RNA	ssRNA(-)	species
SRR23908672_clean_NODE_89_length_956_cov_0.568516	SRR23908672_clean_NODE_89_length_956_cov_0.568516	1	contig	Riboviria	Orthornavirae	Negarnaviricota	Bunyaviricetes	Hareavirales	Phenuiviridae	Tenuivirus	Tenuivirus oryzabrevis	1	metabuli	N	0	0.00	0.00	0.00	0.00	RNA	ssRNA(+/-)	species
SRR23908674_clean_NODE_705_length_527_cov_0.828194	SRR23908674_clean_NODE_705_length_527_cov_0.828194	1	contig	Riboviria	Orthornavirae	Negarnaviricota	Monjiviricetes	Mononegavirales	Rhabdoviridae	Betanucleorhabdovirus	Ziziphora betanucleorhabdovirus 1	1	metabuli	N	0	0.00	0.00	0.00	0.00	RNA	ssRNA(-)	genus
SRR23908674_clean_NODE_778_length_514_cov_1.197279	SRR23908674_clean_NODE_778_length_514_cov_1.197279	1	contig	Riboviria	Orthornavirae	Kitrinoviricota	Alsuviricetes	Martellivirales	Closteroviridae	Ampelovirus	Ampelovirus univitis	1	metabuli	N	0	0.00	0.00	0.00	0.00	RNA	ssRNA(+)	species
SRR23908680_clean_NODE_47_length_1147_cov_2.587523	SRR23908680_clean_NODE_47_length_1147_cov_2.587523	1	contig	Riboviria	Orthornavirae	Kitrinoviricota	Tolucaviricetes	Tolivirales	Tombusviridae	Luteovirus	Blueberry virus L	1	metabuli	N	0	0.00	0.00	0.00	0.00	RNA	ssRNA(+)	genus
SRR24100142_clean_NODE_676_length_627_cov_1.817204	SRR24100142_clean_NODE_676_length_627_cov_1.817204	1	contig	Riboviria	Pararnavirae	Artverviricota	Revtraviricetes	Ortervirales	Caulimoviridae	Soymovirus	Soymovirus maculaglycinis	1	ACVirus	Y	0	0.00	0.00	0.00	0.00	DNA	dsDNA-RT	species
SRR24100143_clean_NODE_136_length_1401_cov_1.382132	SRR24100143_clean_NODE_136_length_1401_cov_1.382132	1	contig	Riboviria	Orthornavirae	Pisuviricota	Duplopiviricetes	Durnavirales	Partitiviridae	Deltapartitivirus	Deltapartitivirus sp. 'yunanense'	1	metabuli	N	0	0.00	0.00	0.00	0.00	RNA	dsRNA	genus
SRR24100143_clean_NODE_1402_length_687_cov_1.453074	SRR24100143_clean_NODE_1402_length_687_cov_1.453074	2	contig	Riboviria	NA	NA	NA	NA	NA	NA	Citrus jivi-related virus 1	0.25	CAT	N	0	0.00	0.00	0.00	0.00			none
SRR24100143_clean_NODE_1458_length_679_cov_1.727869	SRR24100143_clean_NODE_1458_length_679_cov_1.727869	1	contig	Riboviria	Orthornavirae	Negarnaviricota	Monjiviricetes	Mononegavirales	Rhabdoviridae	Betacytorhabdovirus	Betacytorhabdovirus lycii	1	ACVirus	Y	0	0.00	0.00	0.00	0.00	RNA	ssRNA(-)	species
SRR24100143_clean_NODE_1501_length_673_cov_1.243377	SRR24100143_clean_NODE_1501_length_673_cov_1.243377	1	contig	Riboviria	NA	NA	NA	NA	NA	NA	Citrus jivi-related virus 1	0.25	CAT	N	0	0.00	0.00	0.00	0.00			none
SRR24100143_clean_NODE_159_length_1348_cov_2.896013	SRR24100143_clean_NODE_159_length_1348_cov_2.896013	1	contig	Riboviria	NA	NA	NA	NA	NA	NA	Citrus jivi-related virus 1	0.25	CAT	N	0	0.00	0.00	0.00	0.00			none
SRR24100143_clean_NODE_1954_length_607_cov_1.812268	SRR24100143_clean_NODE_1954_length_607_cov_1.812268	1	contig	Riboviria	NA	NA	NA	NA	NA	NA	Citrus jivi-related virus 1	0.25	CAT	N	0	0.00	0.00	0.00	0.00			none
SRR24100143_clean_NODE_51_length_1799_cov_7.478035	SRR24100143_clean_NODE_51_length_1799_cov_7.478035	2	contig	Riboviria	NA	NA	NA	NA	NA	NA	Citrus jivi-related virus 1	0.25	CAT	Y	0	0.00	0.00	0.00	0.00			none
SRR24100143_clean_NODE_58_length_1760_cov_5.760497	SRR24100143_clean_NODE_58_length_1760_cov_5.760497	2	contig	Riboviria	NA	NA	NA	NA	NA	NA	Citrus jivi-related virus 1	0.25	CAT	N	0	0.00	0.00	0.00	0.00			none
SRR24100143_clean_NODE_796_length_837_cov_1.653646	SRR24100143_clean_NODE_796_length_837_cov_1.653646	1	contig	Riboviria	NA	NA	NA	NA	NA	NA	Citrus jivi-related virus 1	0.25	CAT	N	0	0.00	0.00	0.00	0.00			none
SRR24100145_clean_NODE_188_length_1086_cov_3.416912	SRR24100145_clean_NODE_188_length_1086_cov_3.416912	1	contig	Riboviria	Orthornavirae	Negarnaviricota	Monjiviricetes	Mononegavirales	Rhabdoviridae	Betacytorhabdovirus	Betacytorhabdovirus lycii	1	ACVirus	Y	0	0.00	0.00	0.00	0.00	RNA	ssRNA(-)	species
SRR24100145_clean_NODE_912_length_660_cov_1.637902	SRR24100145_clean_NODE_912_length_660_cov_1.637902	1	contig	Riboviria	Orthornavirae	Negarnaviricota	Monjiviricetes	Mononegavirales	Rhabdoviridae	Betacytorhabdovirus	Betacytorhabdovirus lycii	1	ACVirus	Y	0	0.00	0.00	0.00	0.00	RNA	ssRNA(-)	species
SRR24100145_clean_NODE_95_length_1300_cov_2.708367	SRR24100145_clean_NODE_95_length_1300_cov_2.708367	1	contig	Riboviria	Orthornavirae	Negarnaviricota	Monjiviricetes	Mononegavirales	Rhabdoviridae	Betacytorhabdovirus	Betacytorhabdovirus lycii	1	ACVirus	Y	0	0.00	0.00	0.00	0.00	RNA	ssRNA(-)	species
SRR24100147_clean_NODE_93_length_1252_cov_24.743872	SRR24100147_clean_NODE_93_length_1252_cov_24.743872	18	contig	Riboviria	Orthornavirae	Kitrinoviricota	Tolucaviricetes	Tolivirales	Tombusviridae	Luteovirus	Blueberry virus L	1	metabuli	N	0	0.00	0.00	0.00	0.00	RNA	ssRNA(+)	genus
SRR24100148_clean_NODE_1_length_7136_cov_14.727466	SRR24100148_clean_NODE_1_length_7136_cov_14.727466	3	contig	Riboviria	Orthornavirae	Kitrinoviricota	Alsuviricetes	Tymovirales	Alphaflexiviridae	Potexvirus	Potexvirus ecsadenii	1	metabuli	Y	0	0.00	0.00	0.00	0.00	RNA	ssRNA(+)	species
SRR24100148_clean_NODE_2_length_6551_cov_11.208732	SRR24100148_clean_NODE_2_length_6551_cov_11.208732	2	contig	Riboviria	Orthornavirae	Kitrinoviricota	Alsuviricetes	Tymovirales	Alphaflexiviridae	Potexvirus	Potexvirus ecspotati	1	metabuli	Y	0	0.00	0.00	0.00	0.00	RNA	ssRNA(+)	species
SRR24100149_clean_NODE_873_length_608_cov_0.667904	SRR24100149_clean_NODE_873_length_608_cov_0.667904	1	contig	Riboviria	Orthornavirae	Pisuviricota	Pisoniviricetes	Picornavirales	Secoviridae	Stralarivirus	Stralarivirus fragariae	1	metabuli	N	0	0.00	0.00	0.00	0.00	RNA	ssRNA(+)	species
SRR24100149_clean_NODE_917_length_597_cov_0.757576	SRR24100149_clean_NODE_917_length_597_cov_0.757576	1	contig	Riboviria	Pararnavirae	Artverviricota	Revtraviricetes	Ortervirales	Caulimoviridae	Soymovirus	Soymovirus maculavaccinii	1	ACVirus	N	0	0.00	0.00	0.00	0.00	DNA	dsDNA-RT	species
SRR24305226_clean_NODE_1245_length_5054_cov_272.716523	SRR24305226_clean_NODE_1245_length_5054_cov_272.716523	12	contig	Riboviria	Orthornavirae	Pisuviricota	Stelpaviricetes	Patatavirales	Potyviridae	Potyvirus	Potyvirus iristenuis	1	CAT	Y	0	0.00	0.00	0.00	0.00	RNA	ssRNA(+)	species
SRR24305226_clean_NODE_128_length_10637_cov_57.065600	SRR24305226_clean_NODE_128_length_10637_cov_57.065600	9	contig	Riboviria	Orthornavirae	Kitrinoviricota	Alsuviricetes	Tymovirales	Tymoviridae	Maculavirus	Maculavirus vitis	1	metabuli	Y	0	0.00	0.00	0.00	0.00	RNA	ssRNA(+)	species
SRR24305226_clean_NODE_1338_length_4895_cov_8.419950	SRR24305226_clean_NODE_1338_length_4895_cov_8.419950	3	contig	Riboviria	Orthornavirae	Pisuviricota	Stelpaviricetes	Patatavirales	Potyviridae	Potyvirus	Potyvirus parisnecrosis	1	metabuli	Y	0	0.00	0.00	0.00	0.00	RNA	ssRNA(+)	species
SRR24305226_clean_NODE_1349_length_4871_cov_19.800959	SRR24305226_clean_NODE_1349_length_4871_cov_19.800959	7	contig	Riboviria	Orthornavirae	Kitrinoviricota	Alsuviricetes	Martellivirales	Virgaviridae	NA	Pedersore virga-like virus	0.88	metabuli	Y	0	0.00	0.00	0.00	0.00	RNA		tax
SRR24305226_clean_NODE_1495_length_4601_cov_20.840548	SRR24305226_clean_NODE_1495_length_4601_cov_20.840548	7	contig	Riboviria	Pararnavirae	Artverviricota	Revtraviricetes	Ortervirales	Caulimoviridae	Badnavirus	NA	0.88	metabuli	Y	0	0.00	0.00	0.00	0.00	DNA		genus_ambiguous+tax
SRR24305226_clean_NODE_1632_length_4406_cov_112.266328	SRR24305226_clean_NODE_1632_length_4406_cov_112.266328	9	contig	Riboviria	Orthornavirae	Pisuviricota	Duplopiviricetes	Durnavirales	Partitiviridae	Cotonvirus	Cotonvirus japonicum	1	ACVirus	Y	0	0.00	0.00	0.00	0.00	DNA	dsDNA	species
SRR24305226_clean_NODE_164_length_10017_cov_24.840708	SRR24305226_clean_NODE_164_length_10017_cov_24.840708	1	contig	Riboviria	Orthornavirae	Kitrinoviricota	Alsuviricetes	Tymovirales	Betaflexiviridae	Robigovirus	Robigovirus necroavii	1	metabuli	Y	0	0.00	0.00	0.00	0.00	RNA	ssRNA(+)	species
SRR24305226_clean_NODE_1915_length_3987_cov_4.060296	SRR24305226_clean_NODE_1915_length_3987_cov_4.060296	3	contig	Riboviria	Orthornavirae	Kitrinoviricota	Alsuviricetes	Martellivirales	Virgaviridae	NA	Pedersore virga-like virus	0.88	metabuli	Y	0	0.00	0.00	0.00	0.00	RNA		tax
SRR24305226_clean_NODE_3122_length_2669_cov_4.335901	SRR24305226_clean_NODE_3122_length_2669_cov_4.335901	3	contig	Riboviria	Orthornavirae	Negarnaviricota	Monjiviricetes	Mononegavirales	Rhabdoviridae	Deltanucleorhabdovirus	Artemisia deltanucleorhabdovirus 1	1	metabuli	Y	0	0.00	0.00	0.00	0.00	RNA	ssRNA(-)	genus
SRR24305226_clean_NODE_3796_length_2152_cov_59.250601	SRR24305226_clean_NODE_3796_length_2152_cov_59.250601	12	contig	Riboviria	Orthornavirae	Kitrinoviricota	Tolucaviricetes	Tolivirales	NA	NA	Tolivirales sp.	0.75	metabuli	Y	0	0.00	0.00	0.00	0.00	RNA		tax
SRR24305226_clean_NODE_397_length_7961_cov_54.444980	SRR24305226_clean_NODE_397_length_7961_cov_54.444980	16	contig	Riboviria	NA	NA	NA	NA	NA	NA	NA	0.12	metabuli	N	0	0.00	0.00	0.00	0.00			none
SRR24305226_clean_NODE_421_length_7790_cov_79.849294	SRR24305226_clean_NODE_421_length_7790_cov_79.849294	3	contig	Riboviria	Orthornavirae	Pisuviricota	Pisoniviricetes	Sobelivirales	Solemoviridae	Polerovirus	Polerovirus PABYV	1	metabuli	Y	0	0.00	0.00	0.00	0.00	RNA	ssRNA(+)	species
SRR24305226_clean_NODE_5077_length_1378_cov_80.976245	SRR24305226_clean_NODE_5077_length_1378_cov_80.976245	7	contig	Riboviria	Orthornavirae	Kitrinoviricota	Alsuviricetes	Tymovirales	Tymoviridae	Maculavirus	Maculavirus vitis	1	metabuli	N	0	0.00	0.00	0.00	0.00	RNA	ssRNA(+)	species
SRR24305226_clean_NODE_5290_length_1287_cov_1.964580	SRR24305226_clean_NODE_5290_length_1287_cov_1.964580	1	contig	Riboviria	Orthornavirae	Kitrinoviricota	Alsuviricetes	Tymovirales	Alphaflexiviridae	Potexvirus	Potexvirus bambusae	1	metabuli	N	0	0.00	0.00	0.00	0.00	RNA	ssRNA(+)	species
SRR24305226_clean_NODE_5969_length_1055_cov_2.613035	SRR24305226_clean_NODE_5969_length_1055_cov_2.613035	1	contig	NA	Shotokuvirae	Cressdnaviricota	Arfiviricetes	Mulpavirales	Nanoviridae	Nanovirus	Nanovirus necropumiliviciae	0.88	metabuli	N	0	0.00	0.00	0.00	0.00	DNA	ssDNA(+)	species
SRR24305226_clean_NODE_7191_length_791_cov_2.713092	SRR24305226_clean_NODE_7191_length_791_cov_2.713092	1	contig	Riboviria	Orthornavirae	Kitrinoviricota	Alsuviricetes	Martellivirales	Endornaviridae	Alphaendornavirus	Alphaendornavirus sp.	1	metabuli	N	0	0.00	0.00	0.00	0.00	RNA	ssRNA(+)	genus
SRR24305226_clean_NODE_7408_length_747_cov_3.111276	SRR24305226_clean_NODE_7408_length_747_cov_3.111276	1	contig	Riboviria	Orthornavirae	Negarnaviricota	Monjiviricetes	Mononegavirales	Rhabdoviridae	Alphanucleorhabdovirus	Alphanucleorhabdovirus joa	1	metabuli	N	0	0.00	0.00	0.00	0.00	RNA	ssRNA(-)	species
SRR24305226_clean_NODE_757_length_6368_cov_75.497538	SRR24305226_clean_NODE_757_length_6368_cov_75.497538	7	contig	Riboviria	Orthornavirae	Pisuviricota	Stelpaviricetes	Patatavirales	Potyviridae	Ipomovirus	Ipomovirus brunusmanihotis	1	ACVirus	Y	0	0.00	0.00	0.00	0.00	RNA	ssRNA(+)	species
SRR24305228_clean_NODE_172_length_7790_cov_7.077491	SRR24305228_clean_NODE_172_length_7790_cov_7.077491	3	contig	Riboviria	Orthornavirae	Kitrinoviricota	Alsuviricetes	Martellivirales	Virgaviridae	NA	Pedersore virga-like virus	0.88	metabuli	Y	0	0.00	0.00	0.00	0.00	RNA		tax
SRR24305228_clean_NODE_2596_length_2758_cov_136.856238	SRR24305228_clean_NODE_2596_length_2758_cov_136.856238	10	contig	Riboviria	Orthornavirae	Kitrinoviricota	Alsuviricetes	Tymovirales	Tymoviridae	Maculavirus	Maculavirus vitis	1	metabuli	Y	0	0.00	0.00	0.00	0.00	RNA	ssRNA(+)	species
SRR24305228_clean_NODE_7003_length_831_cov_2.916887	SRR24305228_clean_NODE_7003_length_831_cov_2.916887	1	contig	Riboviria	Orthornavirae	Kitrinoviricota	Alsuviricetes	Martellivirales	Virgaviridae	NA	Pedersore virga-like virus	0.88	metabuli	N	0	0.00	0.00	0.00	0.00	RNA		tax
SRR24305228_clean_NODE_7470_length_754_cov_3.427313	SRR24305228_clean_NODE_7470_length_754_cov_3.427313	1	contig	Riboviria	Orthornavirae	Kitrinoviricota	Tolucaviricetes	Tolivirales	Tombusviridae	NA	Qianjiang tombus-like virus 174	0.88	metabuli	N	0	0.00	0.00	0.00	0.00	RNA		tax
SRR24305228_clean_NODE_9597_length_544_cov_0.437367	SRR24305228_clean_NODE_9597_length_544_cov_0.437367	1	contig	Riboviria	Pararnavirae	Artverviricota	Revtraviricetes	Ortervirales	Caulimoviridae	Caulimovirus	Caulimovirus tessellobrassicae	1	CAT	N	0	0.00	0.00	0.00	0.00	DNA	dsDNA-RT	species
SRR24305229_clean_NODE_45_length_1947_cov_0.749733	SRR24305229_clean_NODE_45_length_1947_cov_0.749733	1	contig	Riboviria	Orthornavirae	Pisuviricota	Duplopiviricetes	Durnavirales	Partitiviridae	Deltapartitivirus	Deltapartitivirus sp. 'yunanense'	1	metabuli	N	0	0.00	0.00	0.00	0.00	RNA	dsRNA	genus
SRR24305229_clean_NODE_9_length_3086_cov_1.281447	SRR24305229_clean_NODE_9_length_3086_cov_1.281447	2	contig	Riboviria	Orthornavirae	Pisuviricota	Duplopiviricetes	Durnavirales	Partitiviridae	NA	Pittosporum cryptic virus-1	0.88	metabuli	N	0	0.00	0.00	0.00	0.00	RNA		tax
SRR24305230_clean_NODE_1342_length_3563_cov_21.186246	SRR24305230_clean_NODE_1342_length_3563_cov_21.186246	1	contig	Riboviria	Orthornavirae	Kitrinoviricota	Tolucaviricetes	Tolivirales	Tombusviridae	NA	Ripoflyv virus	0.88	metabuli	Y	0	0.00	0.00	0.00	0.00	RNA		tax
SRR24305230_clean_NODE_201_length_6459_cov_67.705136	SRR24305230_clean_NODE_201_length_6459_cov_67.705136	5	contig	Riboviria	Orthornavirae	Negarnaviricota	Monjiviricetes	Mononegavirales	Rhabdoviridae	Trirhavirus	Medicago sativa trirhavirus 1	1	CAT	Y	0	0.00	0.00	0.00	0.00	RNA	ssRNA(-)	genus
SRR24305230_clean_NODE_2241_length_2694_cov_202.887448	SRR24305230_clean_NODE_2241_length_2694_cov_202.887448	3	contig	Riboviria	Orthornavirae	Kitrinoviricota	Tolucaviricetes	Tolivirales	Tombusviridae	Umbravirus	Umbravirus ixeridii	1	ACVirus	Y	0	0.00	0.00	0.00	0.00	RNA	ssRNA(+)	species
SRR24315640_clean_NODE_109_length_1036_cov_0.570093	SRR24315640_clean_NODE_109_length_1036_cov_0.570093	2	contig	Riboviria	Orthornavirae	Negarnaviricota	Monjiviricetes	Mononegavirales	Rhabdoviridae	Betacytorhabdovirus	Betacytorhabdovirus lycii	1	diamond_lca	N	0	0.00	0.00	0.00	0.00	RNA	ssRNA(-)	species
SRR24315640_clean_NODE_144_length_971_cov_0.631403	SRR24315640_clean_NODE_144_length_971_cov_0.631403	1	contig	Riboviria	Orthornavirae	Kitrinoviricota	Tolucaviricetes	Tolivirales	Tombusviridae	NA	Mute swan feces associated tombus-like virus 6	0.88	metabuli	N	0	0.00	0.00	0.00	0.00	RNA		tax
SRR24315641_clean_NODE_412_length_682_cov_0.799672	SRR24315641_clean_NODE_412_length_682_cov_0.799672	2	contig	Riboviria	Orthornavirae	Kitrinoviricota	Alsuviricetes	Martellivirales	Bromoviridae	Cucumovirus	Cucumovirus CMV	1	metabuli	N	0	0.00	0.00	0.00	0.00	RNA	ssRNA(+)	species
SRR25775920_clean_NODE_176_length_782_cov_0.770099	SRR25775920_clean_NODE_176_length_782_cov_0.770099	1	contig	Riboviria	Orthornavirae	Pisuviricota	Pisoniviricetes	Picornavirales	Secoviridae	Fabavirus	Fabavirus vitis	1	metabuli	N	0	0.00	0.00	0.00	0.00	RNA	ssRNA(+)	species
SRR25775923_clean_NODE_1150_length_510_cov_1.178490	SRR25775923_clean_NODE_1150_length_510_cov_1.178490	1	contig	Riboviria	Orthornavirae	Kitrinoviricota	Tolucaviricetes	Tolivirales	Tombusviridae	Luteovirus	Blueberry virus L	1	metabuli	N	0	0.00	0.00	0.00	0.00	RNA	ssRNA(+)	genus
SRR25775923_clean_NODE_19_length_1858_cov_1.419048	SRR25775923_clean_NODE_19_length_1858_cov_1.419048	1	contig	Riboviria	Orthornavirae	Kitrinoviricota	Alsuviricetes	Martellivirales	Bromoviridae	Cucumovirus	Cucumovirus CMV	1	CAT	N	0	0.00	0.00	0.00	0.00	RNA	ssRNA(+)	species
SRR25775923_clean_NODE_969_length_543_cov_0.691489	SRR25775923_clean_NODE_969_length_543_cov_0.691489	1	contig	Riboviria	Orthornavirae	Negarnaviricota	Monjiviricetes	Mononegavirales	Rhabdoviridae	Betanucleorhabdovirus	Ziziphora betanucleorhabdovirus 1	1	metabuli	N	0	0.00	0.00	0.00	0.00	RNA	ssRNA(-)	genus
SRR25775926_clean_NODE_594_length_568_cov_2.804040	SRR25775926_clean_NODE_594_length_568_cov_2.804040	1	contig	Riboviria	Orthornavirae	Negarnaviricota	Monjiviricetes	Mononegavirales	Rhabdoviridae	Betacytorhabdovirus	Betacytorhabdovirus lycii	1	diamond_lca	N	0	0.00	0.00	0.00	0.00	RNA	ssRNA(-)	species
SRR25775928_clean_NODE_124_length_978_cov_20.828729	SRR25775928_clean_NODE_124_length_978_cov_20.828729	9	contig	Riboviria	Orthornavirae	Kitrinoviricota	Tolucaviricetes	Tolivirales	Tombusviridae	Luteovirus	Blueberry virus L	1	metabuli	N	0	0.00	0.00	0.00	0.00	RNA	ssRNA(+)	genus
SRR25775929_clean_NODE_68_length_1172_cov_4.212011	SRR25775929_clean_NODE_68_length_1172_cov_4.212011	1	contig	Riboviria	Pararnavirae	Artverviricota	Revtraviricetes	Ortervirales	Caulimoviridae	Caulimovirus	Caulimovirus sp.	1	diamond_lca	N	0	0.00	0.00	0.00	0.00	DNA	dsDNA-RT	genus
SRR25775930_clean_NODE_607_length_603_cov_0.850943	SRR25775930_clean_NODE_607_length_603_cov_0.850943	1	contig	Riboviria	Pararnavirae	Artverviricota	Revtraviricetes	Ortervirales	Caulimoviridae	Badnavirus	NA	0.88	CAT	N	0	0.00	0.00	0.00	0.00	DNA		genus_ambiguous+tax
SRR25775933_clean_NODE_150_length_2452_cov_5.902480	SRR25775933_clean_NODE_150_length_2452_cov_5.902480	1	contig	Riboviria	Orthornavirae	Pisuviricota	Stelpaviricetes	Patatavirales	Potyviridae	Potyvirus	Potyvirus iristenuis	1	CAT	Y	0	0.00	0.00	0.00	0.00	RNA	ssRNA(+)	species
SRR25775933_clean_NODE_518_length_1600_cov_27.474787	SRR25775933_clean_NODE_518_length_1600_cov_27.474787	1	contig	Riboviria	Orthornavirae	Pisuviricota	Duplopiviricetes	Durnavirales	Partitiviridae	Deltapartitivirus	Deltapartitivirus sp. 'yunanense'	1	metabuli	N	0	0.00	0.00	0.00	0.00	RNA	dsRNA	genus
SRR25775936_clean_NODE_215_length_751_cov_0.674041	SRR25775936_clean_NODE_215_length_751_cov_0.674041	1	contig	Riboviria	Orthornavirae	Negarnaviricota	Monjiviricetes	Mononegavirales	Rhabdoviridae	Betacytorhabdovirus	Betacytorhabdovirus lycii	1	ACVirus	N	0	0.00	0.00	0.00	0.00	RNA	ssRNA(-)	species
SRR25775936_clean_NODE_517_length_560_cov_0.743326	SRR25775936_clean_NODE_517_length_560_cov_0.743326	1	contig	Riboviria	Pararnavirae	Artverviricota	Revtraviricetes	Ortervirales	Caulimoviridae	Badnavirus	Badnavirus venabougainvilleae	1	metabuli	N	0	0.00	0.00	0.00	0.00	DNA	dsDNA-RT	species
SRR27483475_clean_NODE_40_length_1714_cov_2.658745	SRR27483475_clean_NODE_40_length_1714_cov_2.658745	1	contig	Riboviria	Pararnavirae	Artverviricota	Revtraviricetes	Ortervirales	Caulimoviridae	Caulimovirus	Caulimovirus sp.	1	diamond_lca	N	0	0.00	0.00	0.00	0.00	DNA	dsDNA-RT	genus
SRR27483476_clean_NODE_1367_length_517_cov_0.873874	SRR27483476_clean_NODE_1367_length_517_cov_0.873874	1	contig	Riboviria	Orthornavirae	Kitrinoviricota	Alsuviricetes	Martellivirales	Closteroviridae	Olivavirus	Olivavirus oleae	1	metabuli	N	0	0.00	0.00	0.00	0.00	RNA	ssRNA(+)	species
SRR27483476_clean_NODE_902_length_592_cov_1.100193	SRR27483476_clean_NODE_902_length_592_cov_1.100193	1	contig	Riboviria	Orthornavirae	Kitrinoviricota	Alsuviricetes	Tymovirales	Betaflexiviridae	Trichovirus	Trichovirus mali	1	metabuli	N	0	0.00	0.00	0.00	0.00	RNA	ssRNA(+)	species
SRR27483479_clean_NODE_379_length_587_cov_0.675097	SRR27483479_clean_NODE_379_length_587_cov_0.675097	1	contig	Riboviria	Orthornavirae	Pisuviricota	Pisoniviricetes	Picornavirales	NA	NA	Kummerowia striata picorna-like virus	0.75	metabuli	N	0	0.00	0.00	0.00	0.00	RNA		tax
SRR27483479_clean_NODE_39_length_1406_cov_6.113278	SRR27483479_clean_NODE_39_length_1406_cov_6.113278	1	contig	Riboviria	Orthornavirae	Pisuviricota	Stelpaviricetes	Patatavirales	Potyviridae	Potyvirus	Potyvirus cebatatae	1	metabuli	N	0	0.00	0.00	0.00	0.00	RNA	ssRNA(+)	species
SRR27483480_clean_NODE_1696_length_646_cov_0.790576	SRR27483480_clean_NODE_1696_length_646_cov_0.790576	1	contig	Riboviria	Orthornavirae	Kitrinoviricota	Alsuviricetes	Tymovirales	Betaflexiviridae	Capillovirus	Capillovirus mali	1	metabuli	N	0	0.00	0.00	0.00	0.00	RNA	ssRNA(+)	species
SRR27483480_clean_NODE_2112_length_591_cov_0.594595	SRR27483480_clean_NODE_2112_length_591_cov_0.594595	1	contig	Riboviria	Orthornavirae	Negarnaviricota	Bunyaviricetes	Hareavirales	Konkoviridae	Olpivirus	Olpivirus tripterocalicis	1	metabuli	N	0	0.00	0.00	0.00	0.00	RNA	ssRNA(-)	species
SRR27483481_clean_NODE_1806_length_625_cov_1.974638	SRR27483481_clean_NODE_1806_length_625_cov_1.974638	1	contig	Riboviria	Pararnavirae	Artverviricota	Revtraviricetes	Ortervirales	Caulimoviridae	Soymovirus	Soymovirus hibisci	1	metabuli	Y	0	0.00	0.00	0.00	0.00	DNA	dsDNA-RT	species
SRR27483481_clean_NODE_2302_length_566_cov_4.975659	SRR27483481_clean_NODE_2302_length_566_cov_4.975659	1	contig	Riboviria	Orthornavirae	Duplornaviricota	Resentoviricetes	Reovirales	Spinareoviridae	Fijivirus	NA	0.88	metabuli	N	0	0.00	0.00	0.00	0.00	RNA	dsRNA	genus
SRR27483481_clean_NODE_2623_length_539_cov_1.611588	SRR27483481_clean_NODE_2623_length_539_cov_1.611588	1	contig	Riboviria	Orthornavirae	Kitrinoviricota	Alsuviricetes	Martellivirales	Bromoviridae	Ilarvirus	Ilarvirus PNRSV	1	metabuli	N	0	0.00	0.00	0.00	0.00	RNA	ssRNA(+)	species
SRR27483482_clean_NODE_1985_length_644_cov_33.008757	SRR27483482_clean_NODE_1985_length_644_cov_33.008757	3	contig	Riboviria	Orthornavirae	Pisuviricota	Stelpaviricetes	Patatavirales	Potyviridae	Tritimovirus	Tritimovirus eqlidense	1	metabuli	N	0	0.00	0.00	0.00	0.00	RNA	ssRNA(+)	species
SRR27483482_clean_NODE_2185_length_620_cov_4.897623	SRR27483482_clean_NODE_2185_length_620_cov_4.897623	1	contig	Riboviria	Orthornavirae	Duplornaviricota	Resentoviricetes	Reovirales	Spinareoviridae	Fijivirus	NA	0.88	metabuli	N	0	0.00	0.00	0.00	0.00	RNA	dsRNA	genus
SRR27483482_clean_NODE_2_length_4125_cov_14.587858	SRR27483482_clean_NODE_2_length_4125_cov_14.587858	4	contig	Riboviria	Pararnavirae	Artverviricota	Revtraviricetes	Ortervirales	Caulimoviridae	Soymovirus	Soymovirus malvae	1	ACVirus	N	0	0.00	0.00	0.00	0.00	DNA	dsDNA-RT	species
SRR27880472_clean_NODE_3313_length_555_cov_1.668050	SRR27880472_clean_NODE_3313_length_555_cov_1.668050	1	contig	Riboviria	Orthornavirae	Negarnaviricota	Monjiviricetes	Mononegavirales	Rhabdoviridae	Deltanucleorhabdovirus	Artemisia deltanucleorhabdovirus 1	1	metabuli	N	0	0.00	0.00	0.00	0.00	RNA	ssRNA(-)	genus
SRR27880472_clean_NODE_4299_length_503_cov_0.851163	SRR27880472_clean_NODE_4299_length_503_cov_0.851163	1	contig	Riboviria	Orthornavirae	Kitrinoviricota	Alsuviricetes	Tymovirales	Alphaflexiviridae	Potexvirus	Potexvirus papayae	1	metabuli	N	0	0.00	0.00	0.00	0.00	RNA	ssRNA(+)	species
SRR27880474_clean_NODE_2859_length_591_cov_1.571429	SRR27880474_clean_NODE_2859_length_591_cov_1.571429	1	contig	Riboviria	Orthornavirae	Kitrinoviricota	Alsuviricetes	Martellivirales	Closteroviridae	Crinivirus	polyscias crinivirus 1	1	metabuli	N	0	0.00	0.00	0.00	0.00	RNA	ssRNA(+)	genus
SRR27880474_clean_NODE_2983_length_582_cov_0.326130	SRR27880474_clean_NODE_2983_length_582_cov_0.326130	1	contig	Riboviria	Pararnavirae	Artverviricota	Revtraviricetes	Ortervirales	Caulimoviridae	Soymovirus	Soymovirus hibisci	1	metabuli	N	0	0.00	0.00	0.00	0.00	DNA	dsDNA-RT	species
SRR27880474_clean_NODE_437_length_1093_cov_16.746078	SRR27880474_clean_NODE_437_length_1093_cov_16.746078	5	contig	Riboviria	Pararnavirae	Artverviricota	Revtraviricetes	Ortervirales	Caulimoviridae	Pseudovirus	Pseudovirus brassicae	1	ACVirus	N	0	0.00	0.00	0.00	0.00	RNA	ssRNA-RT	species
SRR27880475_clean_NODE_5_length_4067_cov_2.562093	SRR27880475_clean_NODE_5_length_4067_cov_2.562093	6	contig	Riboviria	Pararnavirae	Artverviricota	Revtraviricetes	Ortervirales	Metaviridae	Caulimovirus	Caulimovirus incidianthi	1	ACVirus	Y	0	0.00	0.00	0.00	0.00	DNA	dsDNA-RT	species
SRR27880475_clean_NODE_676_length_1043_cov_8.067010	SRR27880475_clean_NODE_676_length_1043_cov_8.067010	3	contig	Riboviria	Orthornavirae	Kitrinoviricota	Tolucaviricetes	Tolivirales	Tombusviridae	Luteovirus	Blueberry virus L	1	metabuli	N	0	0.00	0.00	0.00	0.00	RNA	ssRNA(+)	genus
SRR27880476_clean_NODE_162_length_1514_cov_11.394865	SRR27880476_clean_NODE_162_length_1514_cov_11.394865	7	contig	NA	Shotokuvirae	Cressdnaviricota	Repensiviricetes	Geplafuvirales	Geminiviridae	Begomovirus	Begomovirus solanumflavusvietnamense	0.88	ACVirus	Y	0	0.00	0.00	0.00	0.00	DNA	ssDNA(+/-)	species
SRR27880476_clean_NODE_1842_length_731_cov_20.083587	SRR27880476_clean_NODE_1842_length_731_cov_20.083587	1	contig	Riboviria	Orthornavirae	Kitrinoviricota	Tolucaviricetes	Tolivirales	Tombusviridae	Luteovirus	Blueberry virus L	1	metabuli	N	0	0.00	0.00	0.00	0.00	RNA	ssRNA(+)	genus
SRR27880476_clean_NODE_61_length_2117_cov_3.094912	SRR27880476_clean_NODE_61_length_2117_cov_3.094912	1	contig	Riboviria	Pararnavirae	Artverviricota	Revtraviricetes	Ortervirales	Caulimoviridae	Caulimovirus	Caulimovirus incidianthi	1	ACVirus	N	0	0.00	0.00	0.00	0.00	DNA	dsDNA-RT	species
SRR27880477_clean_NODE_2303_length_581_cov_1.358268	SRR27880477_clean_NODE_2303_length_581_cov_1.358268	1	contig	Riboviria	Orthornavirae	Kitrinoviricota	Alsuviricetes	Tymovirales	Tymoviridae	Marafivirus	Marafivirus syrahense	1	metabuli	N	0	0.00	0.00	0.00	0.00	RNA	ssRNA(+)	species
SRR27880477_clean_NODE_261_length_1191_cov_4.121646	SRR27880477_clean_NODE_261_length_1191_cov_4.121646	2	contig	Riboviria	Orthornavirae	Kitrinoviricota	Tolucaviricetes	Tolivirales	Tombusviridae	Luteovirus	Blueberry virus L	1	metabuli	N	0	0.00	0.00	0.00	0.00	RNA	ssRNA(+)	genus
SRR27880477_clean_NODE_852_length_808_cov_1.880272	SRR27880477_clean_NODE_852_length_808_cov_1.880272	1	contig	Riboviria	Pararnavirae	Artverviricota	Revtraviricetes	Ortervirales	Caulimoviridae	Soymovirus	Soymovirus maculavaccinii	1	ACVirus	Y	0	0.00	0.00	0.00	0.00	DNA	dsDNA-RT	species
SRR33528972_clean_NODE_1106_length_591_cov_2.513514	SRR33528972_clean_NODE_1106_length_591_cov_2.513514	1	contig	NA	Shotokuvirae	Cressdnaviricota	NA	NA	NA	NA	Cressdnaviricota sp.	0.38	metabuli	N	0	0.00	0.00	0.00	0.00	DNA		tax
SRR33536647_clean_NODE_61_length_1120_cov_4.008596	SRR33536647_clean_NODE_61_length_1120_cov_4.008596	21	contig	Riboviria	Orthornavirae	Kitrinoviricota	Tolucaviricetes	Tolivirales	Tombusviridae	Luteovirus	Blueberry virus L	1	metabuli	N	0	0.00	0.00	0.00	0.00	RNA	ssRNA(+)	genus
SRR33536649_clean_NODE_12574_length_706_cov_2.319115	SRR33536649_clean_NODE_12574_length_706_cov_2.319115	1	contig	Riboviria	Orthornavirae	Kitrinoviricota	Tolucaviricetes	Tolivirales	Tombusviridae	NA	Qianjiang tombus-like virus 338	0.88	CAT	N	0	0.00	0.00	0.00	0.00	RNA		tax
SRR33536649_clean_NODE_12863_length_698_cov_1.232000	SRR33536649_clean_NODE_12863_length_698_cov_1.232000	1	contig	Riboviria	Orthornavirae	Kitrinoviricota	Tolucaviricetes	Tolivirales	Tombusviridae	Luteovirus	Luteovirus pavhordei	1	metabuli	N	0	0.00	0.00	0.00	0.00	RNA	ssRNA(+)	species
SRR33536649_clean_NODE_13250_length_687_cov_3.335505	SRR33536649_clean_NODE_13250_length_687_cov_3.335505	1	contig	Riboviria	Orthornavirae	Kitrinoviricota	Alsuviricetes	Tymovirales	Betaflexiviridae	NA	Apple virus D	0.88	CAT	N	0	0.00	0.00	0.00	0.00	RNA		tax
SRR33536649_clean_NODE_1416_length_1944_cov_27.481561	SRR33536649_clean_NODE_1416_length_1944_cov_27.481561	2	contig	Riboviria	Orthornavirae	Pisuviricota	Duplopiviricetes	Durnavirales	Partitiviridae	NA	NA	0.75	CAT	Y	0	0.00	0.00	0.00	0.00	RNA		tax
SRR33536649_clean_NODE_14915_length_647_cov_2.041812	SRR33536649_clean_NODE_14915_length_647_cov_2.041812	1	contig	Riboviria	Orthornavirae	Kitrinoviricota	Alsuviricetes	Tymovirales	Alphaflexiviridae	Potexvirus	NA	0.88	genomad	N	0	0.00	0.00	0.00	0.00	RNA	ssRNA(+)	genus
SRR33536649_clean_NODE_18824_length_573_cov_1.850000	SRR33536649_clean_NODE_18824_length_573_cov_1.850000	1	contig	Riboviria	Orthornavirae	Kitrinoviricota	Alsuviricetes	Hepelivirales	Benyviridae	NA	NA	0.75	CAT	N	0	0.00	0.00	0.00	0.00	RNA		tax
SRR33536649_clean_NODE_19295_length_566_cov_1.628803	SRR33536649_clean_NODE_19295_length_566_cov_1.628803	1	contig	Riboviria	Orthornavirae	Kitrinoviricota	Alsuviricetes	Martellivirales	Virgaviridae	Tobravirus	Tobravirus tabaci	1	ACVirus	N	0	0.00	0.00	0.00	0.00	RNA	ssRNA(+)	species
SRR33536649_clean_NODE_19836_length_558_cov_2.259794	SRR33536649_clean_NODE_19836_length_558_cov_2.259794	1	contig	Riboviria	Orthornavirae	Pisuviricota	Stelpaviricetes	Patatavirales	Potyviridae	Potyvirus	Potyvirus pisumsemenportati	1	metabuli	N	0	0.00	0.00	0.00	0.00	RNA	ssRNA(+)	species
SRR33536649_clean_NODE_22557_length_522_cov_1.360802	SRR33536649_clean_NODE_22557_length_522_cov_1.360802	1	contig	Riboviria	Orthornavirae	Kitrinoviricota	Alsuviricetes	Martellivirales	Closteroviridae	Ampelovirus	Ampelovirus univitis	1	metabuli	N	0	0.00	0.00	0.00	0.00	RNA	ssRNA(+)	species
SRR33536649_clean_NODE_23770_length_507_cov_2.161290	SRR33536649_clean_NODE_23770_length_507_cov_2.161290	1	contig	Riboviria	Orthornavirae	Kitrinoviricota	Alsuviricetes	Tymovirales	Betaflexiviridae	Foveavirus	Foveavirus unasiaticum	1	ACVirus	N	0	0.00	0.00	0.00	0.00	RNA	ssRNA(+)	species
SRR33536649_clean_NODE_254_length_3065_cov_6.735294	SRR33536649_clean_NODE_254_length_3065_cov_6.735294	4	contig	Riboviria	Orthornavirae	Kitrinoviricota	Alsuviricetes	Tymovirales	Betaflexiviridae	Vitivirus	Apple virus D	1	CAT	Y	0	0.00	0.00	0.00	0.00	RNA	ssRNA(+)	genus
SRR33536649_clean_NODE_3035_length_1459_cov_3.001443	SRR33536649_clean_NODE_3035_length_1459_cov_3.001443	1	contig	Riboviria	Orthornavirae	Kitrinoviricota	Tolucaviricetes	Tolivirales	Tombusviridae	NA	Tombusviridae sp.	0.88	metabuli	N	0	0.00	0.00	0.00	0.00	RNA		tax
SRR33536649_clean_NODE_3334_length_1405_cov_2.024775	SRR33536649_clean_NODE_3334_length_1405_cov_2.024775	1	contig	Riboviria	Orthornavirae	Kitrinoviricota	Alsuviricetes	Tymovirales	Betaflexiviridae	Vitivirus	Vitivirus jeivitis	1	ACVirus	N	0	0.00	0.00	0.00	0.00	RNA	ssRNA(+)	species
SRR33536649_clean_NODE_4409_length_1238_cov_3.584549	SRR33536649_clean_NODE_4409_length_1238_cov_3.584549	1	contig	Riboviria	Orthornavirae	Kitrinoviricota	Alsuviricetes	Tymovirales	Betaflexiviridae	Trichovirus	Trichovirus pinovitis	1	ACVirus	N	0	0.00	0.00	0.00	0.00	RNA	ssRNA(+)	species
SRR33536649_clean_NODE_454_length_2671_cov_7.427252	SRR33536649_clean_NODE_454_length_2671_cov_7.427252	3	contig	Riboviria	Orthornavirae	Pisuviricota	Stelpaviricetes	Patatavirales	Potyviridae	Potyvirus	Potyvirus iristenuis	1	CAT	Y	0	0.00	0.00	0.00	0.00	RNA	ssRNA(+)	species
SRR33536649_clean_NODE_580_length_2511_cov_6.890894	SRR33536649_clean_NODE_580_length_2511_cov_6.890894	2	contig	Riboviria	NA	NA	NA	NA	NA	NA	Apple virus D	0.25	CAT	N	0	0.00	0.00	0.00	0.00			none
SRR33536649_clean_NODE_618_length_2473_cov_9.426250	SRR33536649_clean_NODE_618_length_2473_cov_9.426250	2	contig	Riboviria	Orthornavirae	Pisuviricota	Stelpaviricetes	Stellavirales	Astroviridae	Potyvirus	Sopifaz virus	1	CAT	Y	0	0.00	0.00	0.00	0.00	RNA	ssRNA(+)	genus
SRR33536649_clean_NODE_688_length_2405_cov_3.818611	SRR33536649_clean_NODE_688_length_2405_cov_3.818611	1	contig	NA	NA	NA	NA	NA	NA	NA	Sylvanvirus sp.	0.12	CAT	Y	0	0.00	0.00	0.00	0.00			none
SRR33536649_clean_NODE_8075_length_899_cov_1.438257	SRR33536649_clean_NODE_8075_length_899_cov_1.438257	1	contig	Riboviria	Orthornavirae	Kitrinoviricota	Alsuviricetes	Hepelivirales	Benyviridae	Benyvirus	Scaphytopius beny-like virus	1	metabuli	N	0	0.00	0.00	0.00	0.00	RNA	ssRNA(+)	genus
SRR33536649_clean_NODE_8735_length_862_cov_1.641318	SRR33536649_clean_NODE_8735_length_862_cov_1.641318	1	contig	Varidnaviria	Bamfordvirae	Nucleocytoviricota	Megaviricetes	Imitervirales	Partitiviridae	NA	Hyperionvirus sp.	0.88	CAT	N	0	0.00	0.00	0.00	0.00	DNA		tax
SRR33536649_clean_NODE_9239_length_836_cov_1.985583	SRR33536649_clean_NODE_9239_length_836_cov_1.985583	1	contig	Riboviria	Orthornavirae	Kitrinoviricota	Alsuviricetes	Tymovirales	Tymoviridae	Marafivirus	NA	0.88	metabuli	N	0	0.00	0.00	0.00	0.00	RNA	ssRNA(+)	genus
SRR33536650_clean_NODE_1107_length_2147_cov_2.693346	SRR33536650_clean_NODE_1107_length_2147_cov_2.693346	3	contig	Riboviria	Orthornavirae	Kitrinoviricota	Tolucaviricetes	Tolivirales	Kanorauviridae	Shabtayvirus	Shabtayvirus lawatis	1	ACVirus	Y	0	0.00	0.00	0.00	0.00	DNA	ssDNA(+/-)	species
SRR33536650_clean_NODE_11349_length_752_cov_3.416789	SRR33536650_clean_NODE_11349_length_752_cov_3.416789	1	contig	Riboviria	Pararnavirae	Artverviricota	Revtraviricetes	Ortervirales	Caulimoviridae	Badnavirus	Badnavirus venabougainvilleae	1	metabuli	N	0	0.00	0.00	0.00	0.00	DNA	dsDNA-RT	species
SRR33536650_clean_NODE_14278_length_662_cov_1.307301	SRR33536650_clean_NODE_14278_length_662_cov_1.307301	1	contig	Riboviria	Orthornavirae	Kitrinoviricota	Alsuviricetes	Hepelivirales	Benyviridae	Benyvirus	Benyviridae sp.	1	metabuli	N	0	0.00	0.00	0.00	0.00	RNA	ssRNA(+)	genus
SRR33536650_clean_NODE_1643_length_1882_cov_15.642344	SRR33536650_clean_NODE_1643_length_1882_cov_15.642344	2	contig	Riboviria	Orthornavirae	Pisuviricota	Duplopiviricetes	Durnavirales	Partitiviridae	NA	NA	0.75	CAT	Y	0	0.00	0.00	0.00	0.00	RNA		tax
SRR33536650_clean_NODE_1795_length_1828_cov_3.959544	SRR33536650_clean_NODE_1795_length_1828_cov_3.959544	2	contig	Riboviria	Orthornavirae	Pisuviricota	Stelpaviricetes	Patatavirales	Potyviridae	Celavirus	Celavirus apii	1	ACVirus	Y	0	0.00	0.00	0.00	0.00	RNA	ssRNA(+)	species
SRR33536650_clean_NODE_22894_length_512_cov_0.872437	SRR33536650_clean_NODE_22894_length_512_cov_0.872437	1	contig	Riboviria	Orthornavirae	Pisuviricota	Pisoniviricetes	Sobelivirales	Solemoviridae	Polerovirus	Polerovirus CABYV	1	metabuli	N	0	0.00	0.00	0.00	0.00	RNA	ssRNA(+)	species
SRR33536650_clean_NODE_2910_length_1502_cov_3.051085	SRR33536650_clean_NODE_2910_length_1502_cov_3.051085	1	contig	Riboviria	NA	NA	NA	NA	NA	NA	Apple virus D	0.25	CAT	N	0	0.00	0.00	0.00	0.00			none
SRR33536650_clean_NODE_3177_length_1448_cov_2.457455	SRR33536650_clean_NODE_3177_length_1448_cov_2.457455	1	contig	Riboviria	Orthornavirae	NA	NA	NA	NA	NA	NA	0.25	metabuli	N	0	0.00	0.00	0.00	0.00	RNA		tax
SRR33536650_clean_NODE_3450_length_1399_cov_2.182504	SRR33536650_clean_NODE_3450_length_1399_cov_2.182504	1	contig	Riboviria	Orthornavirae	Kitrinoviricota	Alsuviricetes	Tymovirales	Alphaflexiviridae	Potexvirus	Potexvirus ecsdioscoreae	1	ACVirus	N	0	0.00	0.00	0.00	0.00	RNA	ssRNA(+)	species
SRR33536650_clean_NODE_413_length_2791_cov_4.206402	SRR33536650_clean_NODE_413_length_2791_cov_4.206402	1	contig	Riboviria	Orthornavirae	Pisuviricota	Stelpaviricetes	Patatavirales	Potyviridae	Potyvirus	Potyvirus iristenuis	1	CAT	Y	0	0.00	0.00	0.00	0.00	RNA	ssRNA(+)	species
SRR33536650_clean_NODE_4428_length_1250_cov_2.080714	SRR33536650_clean_NODE_4428_length_1250_cov_2.080714	1	contig	Riboviria	Orthornavirae	Pisuviricota	Pisoniviricetes	Picornavirales	Secoviridae	Fabavirus	Fabavirus avii	1	metabuli	N	0	0.00	0.00	0.00	0.00	RNA	ssRNA(+)	species
SRR33536650_clean_NODE_4692_length_1210_cov_2.940193	SRR33536650_clean_NODE_4692_length_1210_cov_2.940193	1	contig	Riboviria	Orthornavirae	Kitrinoviricota	Alsuviricetes	Tymovirales	Betaflexiviridae	Trichovirus	Trichovirus pinovitis	1	ACVirus	N	0	0.00	0.00	0.00	0.00	RNA	ssRNA(+)	species
SRR33536650_clean_NODE_5144_length_1158_cov_1.847005	SRR33536650_clean_NODE_5144_length_1158_cov_1.847005	1	contig	Riboviria	Orthornavirae	Kitrinoviricota	Alsuviricetes	Tymovirales	Betaflexiviridae	Vitivirus	Vitivirus phivitis	1	ACVirus	N	0	0.00	0.00	0.00	0.00	RNA	ssRNA(+)	species
SRR33536650_clean_NODE_7365_length_958_cov_3.328814	SRR33536650_clean_NODE_7365_length_958_cov_3.328814	1	contig	Riboviria	Orthornavirae	Kitrinoviricota	Alsuviricetes	Tymovirales	Betaflexiviridae	Capillovirus	Capillovirus mali	1	metabuli	N	0	0.00	0.00	0.00	0.00	RNA	ssRNA(+)	species
SRR33536650_clean_NODE_881_length_2296_cov_3.229420	SRR33536650_clean_NODE_881_length_2296_cov_3.229420	3	contig	Riboviria	Orthornavirae	Kitrinoviricota	Alsuviricetes	Martellivirales	Virgaviridae	NA	Orius laevigatus virga-like virus 2	0.88	diamond_lca	Y	0	0.00	0.00	0.00	0.00	RNA		tax
SRR33536651_clean_NODE_1016_length_824_cov_1.900133	SRR33536651_clean_NODE_1016_length_824_cov_1.900133	1	contig	Riboviria	Orthornavirae	Kitrinoviricota	Alsuviricetes	Tymovirales	Alphaflexiviridae	Potexvirus	Wallace's spikemoss associated tymo-like virus 1	1	metabuli	N	0	0.00	0.00	0.00	0.00	RNA	ssRNA(+)	genus
SRR33536651_clean_NODE_1641_length_697_cov_6.657051	SRR33536651_clean_NODE_1641_length_697_cov_6.657051	3	contig	Riboviria	Orthornavirae	Kitrinoviricota	Tolucaviricetes	Tolivirales	Tombusviridae	Luteovirus	NA	0.88	metabuli	N	0	0.00	0.00	0.00	0.00	RNA	ssRNA(+)	genus
SRR33536651_clean_NODE_1750_length_685_cov_1.169935	SRR33536651_clean_NODE_1750_length_685_cov_1.169935	1	contig	Riboviria	Orthornavirae	Kitrinoviricota	Alsuviricetes	Martellivirales	Closteroviridae	Ampelovirus	Ampelovirus univitis	1	metabuli	N	0	0.00	0.00	0.00	0.00	RNA	ssRNA(+)	species
SRR33536651_clean_NODE_1848_length_670_cov_4.544389	SRR33536651_clean_NODE_1848_length_670_cov_4.544389	1	contig	Riboviria	Orthornavirae	Kitrinoviricota	Alsuviricetes	Martellivirales	Virgaviridae	NA	Pedersore virga-like virus	0.88	metabuli	N	0	0.00	0.00	0.00	0.00	RNA		tax
SRR33536651_clean_NODE_3031_length_569_cov_2.590726	SRR33536651_clean_NODE_3031_length_569_cov_2.590726	1	contig	Riboviria	Orthornavirae	Pisuviricota	Duplopiviricetes	Durnavirales	Partitiviridae	NA	Partitiviridae sp.	0.88	metabuli	N	0	0.00	0.00	0.00	0.00	RNA		tax
SRR33536651_clean_NODE_3191_length_558_cov_1.585567	SRR33536651_clean_NODE_3191_length_558_cov_1.585567	1	contig	Riboviria	Orthornavirae	Kitrinoviricota	Alsuviricetes	Tymovirales	Tymoviridae	NA	Styphnolobium tymo-like virus	0.88	metabuli	N	0	0.00	0.00	0.00	0.00	RNA		tax
SRR33536651_clean_NODE_3198_length_557_cov_2.814050	SRR33536651_clean_NODE_3198_length_557_cov_2.814050	1	contig	Riboviria	Orthornavirae	Kitrinoviricota	Alsuviricetes	Hepelivirales	Benyviridae	Benyvirus	Benyvirus solibetae	1	ACVirus	N	0	0.00	0.00	0.00	0.00	RNA	ssRNA(+)	species
SRR33536651_clean_NODE_3346_length_549_cov_1.642857	SRR33536651_clean_NODE_3346_length_549_cov_1.642857	1	contig	Riboviria	Orthornavirae	Kitrinoviricota	Alsuviricetes	Hepelivirales	Benyviridae	NA	NA	0.75	CAT	N	0	0.00	0.00	0.00	0.00	RNA		tax
SRR33536651_clean_NODE_605_length_972_cov_3.084538	SRR33536651_clean_NODE_605_length_972_cov_3.084538	2	contig	Riboviria	Orthornavirae	Pisuviricota	Stelpaviricetes	Patatavirales	Potyviridae	Potyvirus	Potyvirus cepae	1	metabuli	N	0	0.00	0.00	0.00	0.00	RNA	ssRNA(+)	species
SRR33536652_clean_NODE_329_length_812_cov_0.487145	SRR33536652_clean_NODE_329_length_812_cov_0.487145	1	contig	Varidnaviria	Bamfordvirae	Nucleocytoviricota	Megaviricetes	Imitervirales	Mimiviridae	Cotonvirus	Trichovirus mali	1	metabuli	Y	0	0.00	0.00	0.00	0.00	RNA	ssRNA(+)	species
SRR33536660_clean_NODE_1083_length_888_cov_1.986503	SRR33536660_clean_NODE_1083_length_888_cov_1.986503	2	contig	Riboviria	Orthornavirae	Kitrinoviricota	Alsuviricetes	Tymovirales	Betaflexiviridae	Capillovirus	Capillovirus alphagerberae	1	ACVirus	Y	0	0.00	0.00	0.00	0.00	RNA	ssRNA(+)	species
SRR33536660_clean_NODE_1374_length_824_cov_1.906791	SRR33536660_clean_NODE_1374_length_824_cov_1.906791	1	contig	Riboviria	Orthornavirae	Kitrinoviricota	Alsuviricetes	Hepelivirales	Benyviridae	NA	NA	0.75	CAT	N	0	0.00	0.00	0.00	0.00	RNA		tax
SRR33536660_clean_NODE_2197_length_704_cov_3.283677	SRR33536660_clean_NODE_2197_length_704_cov_3.283677	2	contig	Riboviria	Orthornavirae	Kitrinoviricota	Alsuviricetes	Martellivirales	Virgaviridae	NA	Pedersore virga-like virus	0.88	metabuli	N	0	0.00	0.00	0.00	0.00	RNA		tax
SRR33536660_clean_NODE_4588_length_561_cov_4.098361	SRR33536660_clean_NODE_4588_length_561_cov_4.098361	1	contig	Riboviria	Orthornavirae	Pisuviricota	Pisoniviricetes	Sobelivirales	Solemoviridae	Polerovirus	Culicoides brevitarsis polerovirus 1	1	metabuli	N	0	0.00	0.00	0.00	0.00	RNA	ssRNA(+)	genus
SRR33536660_clean_NODE_4755_length_554_cov_3.218295	SRR33536660_clean_NODE_4755_length_554_cov_3.218295	1	contig	Riboviria	Orthornavirae	Uroviricota	Pisoniviricetes	Sobelivirales	Solemoviridae	Polerovirus	Polerovirus SPLSV	1	metabuli	N	0	0.00	0.00	0.00	0.00	RNA	ssRNA(+)	species
SRR33536660_clean_NODE_5030_length_544_cov_1.454352	SRR33536660_clean_NODE_5030_length_544_cov_1.454352	1	contig	Riboviria	Orthornavirae	Kitrinoviricota	Alsuviricetes	Tymovirales	Alphaflexiviridae	Potexvirus	Wallace's spikemoss associated tymo-like virus 1	1	metabuli	N	0	0.00	0.00	0.00	0.00	RNA	ssRNA(+)	genus
SRR33536660_clean_NODE_5311_length_534_cov_2.249458	SRR33536660_clean_NODE_5311_length_534_cov_2.249458	1	contig	Riboviria	Orthornavirae	Kitrinoviricota	Alsuviricetes	Hepelivirales	Benyviridae	NA	NA	0.75	CAT	N	0	0.00	0.00	0.00	0.00	RNA		tax
SRR33536660_clean_NODE_5_length_4105_cov_6.042659	SRR33536660_clean_NODE_5_length_4105_cov_6.042659	5	contig	Riboviria	Orthornavirae	Pisuviricota	Stelpaviricetes	Patatavirales	Astroviridae	Potyvirus	Potyvirus passiflorafricanse	1	ACVirus	Y	0	0.00	0.00	0.00	0.00	RNA	ssRNA(+)	species
SRR33536660_clean_NODE_693_length_1014_cov_5.927736	SRR33536660_clean_NODE_693_length_1014_cov_5.927736	1	contig	Riboviria	Orthornavirae	Kitrinoviricota	Tolucaviricetes	Tolivirales	Tombusviridae	NA	Ripoflyv virus	0.88	metabuli	N	0	0.00	0.00	0.00	0.00	RNA		tax
SRR33536661_clean_NODE_1117_length_807_cov_3.782016	SRR33536661_clean_NODE_1117_length_807_cov_3.782016	1	contig	Riboviria	Orthornavirae	Pisuviricota	Pisoniviricetes	Sobelivirales	Solemoviridae	Polerovirus	Culicoides brevitarsis polerovirus 1	1	metabuli	N	0	0.00	0.00	0.00	0.00	RNA	ssRNA(+)	genus
SRR33536661_clean_NODE_1186_length_791_cov_1.513928	SRR33536661_clean_NODE_1186_length_791_cov_1.513928	1	contig	Riboviria	Orthornavirae	Pisuviricota	Duplopiviricetes	Durnavirales	Partitiviridae	NA	Partitiviridae sp.	0.88	CAT	N	0	0.00	0.00	0.00	0.00	RNA		tax
SRR33536661_clean_NODE_1224_length_783_cov_1.753521	SRR33536661_clean_NODE_1224_length_783_cov_1.753521	1	contig	Riboviria	Orthornavirae	Kitrinoviricota	Alsuviricetes	Tymovirales	Alphaflexiviridae	Allexivirus	Allexivirus ecsascalonicum	1	mmseqs	N	0	0.00	0.00	0.00	0.00	RNA	ssRNA(+)	species
SRR33536661_clean_NODE_1345_length_759_cov_2.389213	SRR33536661_clean_NODE_1345_length_759_cov_2.389213	1	contig	Riboviria	Orthornavirae	Kitrinoviricota	Alsuviricetes	Tymovirales	Alphaflexiviridae	Potexvirus	Potexvirus ecscaricae	1	ACVirus	Y	0	0.00	0.00	0.00	0.00	RNA	ssRNA(+)	species
SRR33536661_clean_NODE_2178_length_653_cov_1.322414	SRR33536661_clean_NODE_2178_length_653_cov_1.322414	2	contig	Riboviria	Orthornavirae	Kitrinoviricota	Alsuviricetes	Hepelivirales	Benyviridae	Benyvirus	Benyvirus oryzae	1	ACVirus	N	0	0.00	0.00	0.00	0.00	RNA	ssRNA(+)	species
SRR33536661_clean_NODE_21_length_2241_cov_3.294280	SRR33536661_clean_NODE_21_length_2241_cov_3.294280	4	contig	Riboviria	Orthornavirae	Kitrinoviricota	Alsuviricetes	Tymovirales	Alphaflexiviridae	Potexvirus	NA	0.88	genomad	Y	0	0.00	0.00	0.00	0.00	RNA	ssRNA(+)	genus
SRR33536661_clean_NODE_86_length_1613_cov_1.216883	SRR33536661_clean_NODE_86_length_1613_cov_1.216883	1	contig	Riboviria	Orthornavirae	Pisuviricota	Pisoniviricetes	Sobelivirales	Solemoviridae	NA	Moscow Pseudolynchia solemo-like virus	0.88	metabuli	N	0	0.00	0.00	0.00	0.00	RNA		tax
SRR35911571_clean_NODE_1814_length_3309_cov_9.087454	SRR35911571_clean_NODE_1814_length_3309_cov_9.087454	4	contig	Riboviria	Orthornavirae	Pisuviricota	Pisoniviricetes	Sobelivirales	Solemoviridae	Polerovirus	Polerovirus TUYV	1	metabuli	Y	0	0.00	0.00	0.00	0.00	RNA	ssRNA(+)	species
SRR35911571_clean_NODE_2363_length_2811_cov_4.235939	SRR35911571_clean_NODE_2363_length_2811_cov_4.235939	3	contig	Riboviria	Orthornavirae	Kitrinoviricota	Alsuviricetes	Tymovirales	Tymoviridae	Maculavirus	Maculavirus vitis	1	metabuli	Y	0	0.00	0.00	0.00	0.00	RNA	ssRNA(+)	species
SRR35911571_clean_NODE_3530_length_2101_cov_43.710059	SRR35911571_clean_NODE_3530_length_2101_cov_43.710059	11	contig	Riboviria	Orthornavirae	Duplornaviricota	Resentoviricetes	Reovirales	Spinareoviridae	Fijivirus	NA	0.88	metabuli	Y	0	0.00	0.00	0.00	0.00	RNA	dsRNA	genus
SRR35911571_clean_NODE_4715_length_1580_cov_12.487724	SRR35911571_clean_NODE_4715_length_1580_cov_12.487724	2	contig	Riboviria	Orthornavirae	Pisuviricota	Pisoniviricetes	Picornavirales	NA	NA	Grapevine wood holobiome associated picorna-like virus 4	0.75	metabuli	N	0	0.00	0.00	0.00	0.00	RNA		tax
SRR35911571_clean_NODE_9699_length_696_cov_1.446228	SRR35911571_clean_NODE_9699_length_696_cov_1.446228	1	contig	Riboviria	Orthornavirae	Kitrinoviricota	Alsuviricetes	Martellivirales	Virgaviridae	NA	Pedersore virga-like virus	0.88	metabuli	N	0	0.00	0.00	0.00	0.00	RNA		tax
SRR35911573_clean_NODE_1593_length_614_cov_1.604436	SRR35911573_clean_NODE_1593_length_614_cov_1.604436	1	contig	Riboviria	Orthornavirae	Pisuviricota	Duplopiviricetes	Durnavirales	Partitiviridae	Deltapartitivirus	Deltapartitivirus sp. 'yunanense'	1	metabuli	N	0	0.00	0.00	0.00	0.00	RNA	dsRNA	genus
SRR35911575_clean_NODE_1961_length_576_cov_1.491054	SRR35911575_clean_NODE_1961_length_576_cov_1.491054	1	contig	Riboviria	Orthornavirae	Kitrinoviricota	Alsuviricetes	Tymovirales	Tymoviridae	Marafivirus	Medicago sativa marafivirus 1	1	metabuli	N	0	0.00	0.00	0.00	0.00	RNA	ssRNA(+)	genus
SRR35911576_clean_NODE_1047_length_723_cov_1.480000	SRR35911576_clean_NODE_1047_length_723_cov_1.480000	1	contig	Riboviria	Orthornavirae	Pisuviricota	Duplopiviricetes	Durnavirales	Partitiviridae	NA	Pittosporum cryptic virus-1	0.88	metabuli	N	0	0.00	0.00	0.00	0.00	RNA		tax
SRR35911576_clean_NODE_1839_length_566_cov_2.509128	SRR35911576_clean_NODE_1839_length_566_cov_2.509128	1	contig	Riboviria	Orthornavirae	Kitrinoviricota	Alsuviricetes	Martellivirales	Closteroviridae	Ampelovirus	Ampelovirus pruni	1	metabuli	N	0	0.00	0.00	0.00	0.00	RNA	ssRNA(+)	species
SRR35911577_clean_NODE_1509_length_577_cov_1.073413	SRR35911577_clean_NODE_1509_length_577_cov_1.073413	1	contig	Riboviria	Orthornavirae	Kitrinoviricota	Tolucaviricetes	Tolivirales	Tombusviridae	Luteovirus	Luteovirus pavhordei	1	metabuli	N	0	0.00	0.00	0.00	0.00	RNA	ssRNA(+)	species
SRR35911577_clean_NODE_178_length_1418_cov_1.657993	SRR35911577_clean_NODE_178_length_1418_cov_1.657993	3	contig	Riboviria	Orthornavirae	Kitrinoviricota	Alsuviricetes	Martellivirales	Closteroviridae	Ampelovirus	Ampelovirus pruni	1	metabuli	N	0	0.00	0.00	0.00	0.00	RNA	ssRNA(+)	species
SRR35911578_clean_NODE_1067_length_733_cov_3.245455	SRR35911578_clean_NODE_1067_length_733_cov_3.245455	3	contig	Riboviria	Pararnavirae	Artverviricota	Revtraviricetes	Ortervirales	Caulimoviridae	Badnavirus	Badnavirus venabougainvilleae	1	metabuli	N	0	0.00	0.00	0.00	0.00	DNA	dsDNA-RT	species
SRR35911578_clean_NODE_132_length_1611_cov_3.632640	SRR35911578_clean_NODE_132_length_1611_cov_3.632640	1	contig	Riboviria	Pararnavirae	Artverviricota	Revtraviricetes	Ortervirales	Caulimoviridae	Caulimovirus	Caulimovirus sp.	1	diamond_lca	N	0	0.00	0.00	0.00	0.00	DNA	dsDNA-RT	genus
SRR35911578_clean_NODE_313_length_1195_cov_6.127451	SRR35911578_clean_NODE_313_length_1195_cov_6.127451	8	contig	Riboviria	Pararnavirae	Artverviricota	Revtraviricetes	Ortervirales	Caulimoviridae	Pseudovirus	Pseudovirus brassicae	1	ACVirus	N	0	0.00	0.00	0.00	0.00	RNA	ssRNA-RT	species
SRR35911578_clean_NODE_475_length_1031_cov_5.363257	SRR35911578_clean_NODE_475_length_1031_cov_5.363257	1	contig	Riboviria	Orthornavirae	Kitrinoviricota	Tolucaviricetes	Tolivirales	Tombusviridae	Luteovirus	Blueberry virus L	1	metabuli	N	0	0.00	0.00	0.00	0.00	RNA	ssRNA(+)	genus
SRR35911579_clean_NODE_10846_length_689_cov_2.459416	SRR35911579_clean_NODE_10846_length_689_cov_2.459416	1	contig	Riboviria	Orthornavirae	Pisuviricota	Stelpaviricetes	Patatavirales	Potyviridae	Tritimovirus	Tritimovirus eqlidense	1	metabuli	N	0	0.00	0.00	0.00	0.00	RNA	ssRNA(+)	species
SRR35911579_clean_NODE_11173_length_670_cov_2.073702	SRR35911579_clean_NODE_11173_length_670_cov_2.073702	1	contig	Riboviria	Orthornavirae	Lenarviricota	Miaviricetes	Ourlivirales	Botourmiaviridae	NA	Grapevine wood holobiome associated ourmia-like virus 1	0.88	metabuli	N	0	0.00	0.00	0.00	0.00	RNA		tax
SRR35911579_clean_NODE_4470_length_1710_cov_3.284667	SRR35911579_clean_NODE_4470_length_1710_cov_3.284667	2	contig	Riboviria	Orthornavirae	Kitrinoviricota	Alsuviricetes	Martellivirales	Virgaviridae	NA	Pedersore virga-like virus	0.88	metabuli	N	0	0.00	0.00	0.00	0.00	RNA		tax
SRR35911579_clean_NODE_6597_length_1146_cov_1.844362	SRR35911579_clean_NODE_6597_length_1146_cov_1.844362	3	contig	Riboviria	Orthornavirae	Kitrinoviricota	Alsuviricetes	Martellivirales	Virgaviridae	NA	Pedersore virga-like virus	0.88	metabuli	N	0	0.00	0.00	0.00	0.00	RNA		tax
SRR35911579_clean_NODE_7475_length_1000_cov_1.582524	SRR35911579_clean_NODE_7475_length_1000_cov_1.582524	1	contig	Riboviria	Orthornavirae	Kitrinoviricota	Alsuviricetes	Martellivirales	Virgaviridae	NA	Pedersore virga-like virus	0.88	metabuli	N	0	0.00	0.00	0.00	0.00	RNA		tax
SRR35911580_clean_NODE_11668_length_599_cov_1.866920	SRR35911580_clean_NODE_11668_length_599_cov_1.866920	1	contig	Riboviria	Orthornavirae	Kitrinoviricota	Alsuviricetes	Tymovirales	Alphaflexiviridae	Potexvirus	Potexvirus bambusae	1	metabuli	N	0	0.00	0.00	0.00	0.00	RNA	ssRNA(+)	species
SRR35911580_clean_NODE_13144_length_537_cov_1.280172	SRR35911580_clean_NODE_13144_length_537_cov_1.280172	1	contig	Riboviria	Orthornavirae	Kitrinoviricota	Alsuviricetes	Tymovirales	Tymoviridae	Maculavirus	Maculavirus vitis	1	metabuli	N	0	0.00	0.00	0.00	0.00	RNA	ssRNA(+)	species
SRR35911580_clean_NODE_4374_length_1729_cov_5.135266	SRR35911580_clean_NODE_4374_length_1729_cov_5.135266	1	contig	Riboviria	Orthornavirae	Pisuviricota	Stelpaviricetes	Patatavirales	Potyviridae	Potyvirus	Potyvirus parisnecrosis	1	metabuli	N	0	0.00	0.00	0.00	0.00	RNA	ssRNA(+)	species
SRR35911582_clean_NODE_193_length_1384_cov_8.498093	SRR35911582_clean_NODE_193_length_1384_cov_8.498093	27	contig	Riboviria	Orthornavirae	Negarnaviricota	Monjiviricetes	Mononegavirales	Rhabdoviridae	Betanucleorhabdovirus	Ziziphora betanucleorhabdovirus 1	1	metabuli	N	0	0.00	0.00	0.00	0.00	RNA	ssRNA(-)	genus
SRR6202507_clean_NODE_2883_length_534_cov_0.776573	SRR6202507_clean_NODE_2883_length_534_cov_0.776573	1	contig	Riboviria	Orthornavirae	Negarnaviricota	Monjiviricetes	Mononegavirales	Rhabdoviridae	Trirhavirus	Trirhavirus erysimi	1	metabuli	N	0	0.00	0.00	0.00	0.00	RNA	ssRNA(-)	species
SRR6202507_clean_NODE_739_length_897_cov_5.740291	SRR6202507_clean_NODE_739_length_897_cov_5.740291	7	contig	Riboviria	Orthornavirae	Negarnaviricota	Monjiviricetes	Mononegavirales	Rhabdoviridae	Betacytorhabdovirus	Betacytorhabdovirus lycii	1	diamond_lca	N	0	0.00	0.00	0.00	0.00	RNA	ssRNA(-)	species
SRR6206200_clean_NODE_10660_length_554_cov_0.698545	SRR6206200_clean_NODE_10660_length_554_cov_0.698545	1	contig	Riboviria	Pararnavirae	Artverviricota	Revtraviricetes	Ortervirales	Caulimoviridae	Badnavirus	Badnavirus etainflatheobromae	1	metabuli	N	0	0.00	0.00	0.00	0.00	DNA	dsDNA-RT	species
SRR6206200_clean_NODE_10855_length_549_cov_2.771008	SRR6206200_clean_NODE_10855_length_549_cov_2.771008	1	contig	Riboviria	Bamfordvirae	Nucleocytoviricota	Megaviricetes	Imitervirales	Mimiviridae	Metavirus	Fabavirus vitis	1	metabuli	N	0	0.00	0.00	0.00	0.00	RNA	ssRNA(+)	species
SRR6206200_clean_NODE_10918_length_548_cov_1.393684	SRR6206200_clean_NODE_10918_length_548_cov_1.393684	1	contig	Riboviria	Orthornavirae	Pisuviricota	Pisoniviricetes	Sobelivirales	Solemoviridae	NA	Qianjiang sobemo-like virus 26	0.88	metabuli	N	0	0.00	0.00	0.00	0.00	RNA		tax
SRR6206200_clean_NODE_10997_length_547_cov_0.580169	SRR6206200_clean_NODE_10997_length_547_cov_0.580169	1	contig	Riboviria	Orthornavirae	Kitrinoviricota	Alsuviricetes	Martellivirales	Closteroviridae	Velarivirus	Velarivirus oleae	1	metabuli	N	0	0.00	0.00	0.00	0.00	RNA	ssRNA(+)	species
SRR6206200_clean_NODE_519_length_1762_cov_4.690349	SRR6206200_clean_NODE_519_length_1762_cov_4.690349	1	contig	Riboviria	Orthornavirae	Pisuviricota	Duplopiviricetes	Durnavirales	Partitiviridae	Deltapartitivirus	Deltapartitivirus sp. 'yunanense'	1	metabuli	N	0	0.00	0.00	0.00	0.00	RNA	dsRNA	genus
SRR6206200_clean_NODE_804_length_1524_cov_2.236389	SRR6206200_clean_NODE_804_length_1524_cov_2.236389	2	contig	Riboviria	Orthornavirae	Uroviricota	Monjiviricetes	Mononegavirales	Rhabdoviridae	Trirhavirus	Trirhavirus erysimi	1	metabuli	N	0	0.00	0.00	0.00	0.00	RNA	ssRNA(-)	species
SRR6206200_clean_NODE_8056_length_620_cov_2.391225	SRR6206200_clean_NODE_8056_length_620_cov_2.391225	1	contig	Riboviria	Orthornavirae	Pisuviricota	Duplopiviricetes	Durnavirales	Partitiviridae	Deltapartitivirus	Deltapartitivirus sp. 'yunanense'	1	metabuli	N	0	0.00	0.00	0.00	0.00	RNA	dsRNA	genus
SRR6206200_clean_NODE_8700_length_601_cov_0.632576	SRR6206200_clean_NODE_8700_length_601_cov_0.632576	1	contig	Riboviria	Orthornavirae	Pisuviricota	Duplopiviricetes	Durnavirales	Partitiviridae	Deltapartitivirus	Deltapartitivirus sp. 'yunanense'	1	metabuli	N	0	0.00	0.00	0.00	0.00	RNA	dsRNA	genus
SRR6206200_clean_NODE_9539_length_577_cov_3.519841	SRR6206200_clean_NODE_9539_length_577_cov_3.519841	1	contig	Riboviria	Orthornavirae	Kitrinoviricota	Tolucaviricetes	Tolivirales	Tombusviridae	Luteovirus	Blueberry virus L	1	metabuli	N	0	0.00	0.00	0.00	0.00	RNA	ssRNA(+)	genus
SRR6206200_clean_NODE_9693_length_574_cov_0.944112	SRR6206200_clean_NODE_9693_length_574_cov_0.944112	1	contig	Riboviria	Orthornavirae	Kitrinoviricota	Alsuviricetes	Martellivirales	Bromoviridae	Ilarvirus	Ilarvirus PNRSV	1	metabuli	N	0	0.00	0.00	0.00	0.00	RNA	ssRNA(+)	species
SRR6206200_clean_NODE_971_length_1408_cov_4.614981	SRR6206200_clean_NODE_971_length_1408_cov_4.614981	1	contig	Riboviria	Orthornavirae	Pisuviricota	Duplopiviricetes	Durnavirales	Partitiviridae	Deltapartitivirus	Deltapartitivirus sp. 'yunanense'	1	metabuli	N	0	0.00	0.00	0.00	0.00	RNA	dsRNA	genus
SRR6206200_clean_NODE_978_length_1404_cov_39.013524	SRR6206200_clean_NODE_978_length_1404_cov_39.013524	5	contig	Riboviria	Orthornavirae	Negarnaviricota	Monjiviricetes	Mononegavirales	Rhabdoviridae	Betacytorhabdovirus	Betacytorhabdovirus lycii	1	diamond_lca	N	0	0.00	0.00	0.00	0.00	RNA	ssRNA(-)	species
SRR6896657_clean_NODE_207_length_970_cov_28.635179	SRR6896657_clean_NODE_207_length_970_cov_28.635179	3	contig	Riboviria	Orthornavirae	Kitrinoviricota	Tolucaviricetes	Tolivirales	Tombusviridae	Luteovirus	Blueberry virus L	1	metabuli	N	0	0.00	0.00	0.00	0.00	RNA	ssRNA(+)	genus
SRR6896657_clean_NODE_610_length_644_cov_1.820168	SRR6896657_clean_NODE_610_length_644_cov_1.820168	1	contig	Riboviria	Orthornavirae	Kitrinoviricota	Tolucaviricetes	Tolivirales	Tombusviridae	Umbravirus	Umbravirus ethiopiaense	1	metabuli	Y	0	0.00	0.00	0.00	0.00	RNA	ssRNA(+)	species
SRR6896657_clean_NODE_61_length_1482_cov_2.593161	SRR6896657_clean_NODE_61_length_1482_cov_2.593161	1	contig	Riboviria	Orthornavirae	Kitrinoviricota	Tolucaviricetes	Tolivirales	Tombusviridae	Alphanecrovirus	Alphanecrovirus nicotianae	1	ACVirus	Y	0	0.00	0.00	0.00	0.00	RNA	ssRNA(+)	species
SRR6896657_clean_NODE_741_length_600_cov_1.390200	SRR6896657_clean_NODE_741_length_600_cov_1.390200	1	contig	Riboviria	Orthornavirae	Pisuviricota	Stelpaviricetes	Patatavirales	Potyviridae	Arepavirus	NA	0.88	CAT	N	0	0.00	0.00	0.00	0.00	RNA	ssRNA(+)	genus
SRR8191316_clean_NODE_1247_length_501_cov_1.039720	SRR8191316_clean_NODE_1247_length_501_cov_1.039720	1	contig	Riboviria	Orthornavirae	Kitrinoviricota	Alsuviricetes	Tymovirales	Alphaflexiviridae	Potexvirus	NA	0.88	metabuli	N	0	0.00	0.00	0.00	0.00	RNA	ssRNA(+)	genus
SRR8191316_clean_NODE_141_length_1060_cov_1.682877	SRR8191316_clean_NODE_141_length_1060_cov_1.682877	1	contig	Riboviria	Orthornavirae	Kitrinoviricota	Alsuviricetes	Tymovirales	Alphaflexiviridae	Potexvirus	NA	0.88	diamond_lca	N	0	0.00	0.00	0.00	0.00	RNA	ssRNA(+)	genus
SRR8191316_clean_NODE_239_length_884_cov_12.401973	SRR8191316_clean_NODE_239_length_884_cov_12.401973	3	contig	Riboviria	Orthornavirae	Kitrinoviricota	Alsuviricetes	Tymovirales	Alphaflexiviridae	Potexvirus	Potexvirus ecsadenii	1	metabuli	N	0	0.00	0.00	0.00	0.00	RNA	ssRNA(+)	species
SRR8191316_clean_NODE_266_length_858_cov_2.203822	SRR8191316_clean_NODE_266_length_858_cov_2.203822	1	contig	Riboviria	Orthornavirae	Kitrinoviricota	Alsuviricetes	Tymovirales	Alphaflexiviridae	Potexvirus	Potexvirus fragariae	1	metabuli	N	0	0.00	0.00	0.00	0.00	RNA	ssRNA(+)	species
SRR8191316_clean_NODE_798_length_591_cov_1.517375	SRR8191316_clean_NODE_798_length_591_cov_1.517375	1	contig	Riboviria	Orthornavirae	Kitrinoviricota	Alsuviricetes	Tymovirales	Betaflexiviridae	Carlavirus	Carlavirus chloroipomoeae	1	metabuli	N	0	0.00	0.00	0.00	0.00	RNA	ssRNA(+)	species
SRR8191316_clean_NODE_971_length_548_cov_2.309474	SRR8191316_clean_NODE_971_length_548_cov_2.309474	1	contig	Riboviria	Orthornavirae	Kitrinoviricota	Alsuviricetes	Tymovirales	NA	NA	NA	0.62	mmseqs	N	0	0.00	0.00	0.00	0.00	RNA		tax
SRR8191317_clean_NODE_128_length_1161_cov_1.353860	SRR8191317_clean_NODE_128_length_1161_cov_1.353860	1	contig	Riboviria	Orthornavirae	Pisuviricota	Pisoniviricetes	Picornavirales	Secoviridae	Fabavirus	Fabavirus vitis	1	metabuli	N	0	0.00	0.00	0.00	0.00	RNA	ssRNA(+)	species
SRR8191317_clean_NODE_2_length_9471_cov_24512.554160	SRR8191317_clean_NODE_2_length_9471_cov_24512.554160	15	contig	Riboviria	Orthornavirae	Kitrinoviricota	Alsuviricetes	Tymovirales	Alphaflexiviridae	Potexvirus	Potexvirus flavimaculae	1	ACVirus	Y	0	0.00	0.00	0.00	0.00	RNA	ssRNA(+)	species
SRR8191317_clean_NODE_3_length_7962_cov_31585.820129	SRR8191317_clean_NODE_3_length_7962_cov_31585.820129	15	contig	Riboviria	Orthornavirae	Kitrinoviricota	Alsuviricetes	Tymovirales	Alphaflexiviridae	Potexvirus	Potexvirus fragariae	1	metabuli	Y	0	0.00	0.00	0.00	0.00	RNA	ssRNA(+)	species
SRR8191318_clean_NODE_1117_length_506_cov_1.824480	SRR8191318_clean_NODE_1117_length_506_cov_1.824480	1	contig	Riboviria	Orthornavirae	Kitrinoviricota	Alsuviricetes	Tymovirales	NA	NA	NA	0.62	diamond_lca	N	0	0.00	0.00	0.00	0.00	RNA		tax
SRR8191318_clean_NODE_113_length_1215_cov_2.172504	SRR8191318_clean_NODE_113_length_1215_cov_2.172504	1	contig	Riboviria	Orthornavirae	Kitrinoviricota	Alsuviricetes	Tymovirales	Alphaflexiviridae	Potexvirus	NA	0.88	metabuli	N	0	0.00	0.00	0.00	0.00	RNA	ssRNA(+)	genus
SRR8191318_clean_NODE_330_length_829_cov_5.612434	SRR8191318_clean_NODE_330_length_829_cov_5.612434	1	contig	Riboviria	Orthornavirae	Negarnaviricota	Monjiviricetes	Mononegavirales	Rhabdoviridae	Betanucleorhabdovirus	Ziziphora betanucleorhabdovirus 1	1	metabuli	N	0	0.00	0.00	0.00	0.00	RNA	ssRNA(-)	genus
SRR8191318_clean_NODE_67_length_1452_cov_7.329949	SRR8191318_clean_NODE_67_length_1452_cov_7.329949	7	contig	Riboviria	Orthornavirae	Kitrinoviricota	Alsuviricetes	Tymovirales	Alphaflexiviridae	Potexvirus	Potexvirus fragariae	1	metabuli	N	0	0.00	0.00	0.00	0.00	RNA	ssRNA(+)	species
SRR8191319_clean_NODE_1057_length_516_cov_1.264108	SRR8191319_clean_NODE_1057_length_516_cov_1.264108	1	contig	Riboviria	Orthornavirae	Pisuviricota	Pisoniviricetes	Picornavirales	Secoviridae	Stralarivirus	Stralarivirus fragariae	1	ACVirus	N	0	0.00	0.00	0.00	0.00	RNA	ssRNA(+)	species
SRR8191319_clean_NODE_134_length_1158_cov_7.140092	SRR8191319_clean_NODE_134_length_1158_cov_7.140092	1	contig	Riboviria	Orthornavirae	Kitrinoviricota	Alsuviricetes	Tymovirales	Alphaflexiviridae	NA	NA	0.75	mmseqs	N	0	0.00	0.00	0.00	0.00	RNA		tax
SRR8191319_clean_NODE_5_length_3879_cov_4.421965	SRR8191319_clean_NODE_5_length_3879_cov_4.421965	5	contig	Riboviria	Orthornavirae	Pisuviricota	Pisoniviricetes	Picornavirales	Secoviridae	Stralarivirus	Stralarivirus lychnis	1	ACVirus	Y	0	0.00	0.00	0.00	0.00	RNA	ssRNA(+)	species
SRR8191319_clean_NODE_631_length_631_cov_4.867384	SRR8191319_clean_NODE_631_length_631_cov_4.867384	1	contig	Riboviria	Orthornavirae	Kitrinoviricota	Alsuviricetes	Tymovirales	Alphaflexiviridae	Potexvirus	Potexvirus bambusae	1	metabuli	N	0	0.00	0.00	0.00	0.00	RNA	ssRNA(+)	species
SRR8191320_clean_NODE_1095_length_538_cov_1.350538	SRR8191320_clean_NODE_1095_length_538_cov_1.350538	1	contig	Riboviria	Pararnavirae	Artverviricota	Revtraviricetes	Ortervirales	Caulimoviridae	Soymovirus	Soymovirus eleocharis	1	metabuli	Y	0	0.00	0.00	0.00	0.00	DNA	dsDNA-RT	species
SRR8191320_clean_NODE_1123_length_533_cov_0.963043	SRR8191320_clean_NODE_1123_length_533_cov_0.963043	1	contig	Riboviria	Orthornavirae	Kitrinoviricota	Alsuviricetes	Tymovirales	Alphaflexiviridae	Potexvirus	NA	0.88	diamond_lca	N	0	0.00	0.00	0.00	0.00	RNA	ssRNA(+)	genus
SRR8191320_clean_NODE_180_length_1035_cov_7.177755	SRR8191320_clean_NODE_180_length_1035_cov_7.177755	1	contig	Riboviria	Orthornavirae	Kitrinoviricota	Alsuviricetes	Tymovirales	NA	NA	NA	0.62	mmseqs	N	0	0.00	0.00	0.00	0.00	RNA		tax
SRR8191320_clean_NODE_340_length_821_cov_1.346257	SRR8191320_clean_NODE_340_length_821_cov_1.346257	2	contig	Riboviria	Orthornavirae	Kitrinoviricota	Alsuviricetes	Tymovirales	Alphaflexiviridae	Potexvirus	Potexvirus ecsadenii	1	metabuli	N	0	0.00	0.00	0.00	0.00	RNA	ssRNA(+)	species
SRR8191320_clean_NODE_674_length_639_cov_11.745583	SRR8191320_clean_NODE_674_length_639_cov_11.745583	1	contig	Riboviria	Orthornavirae	Kitrinoviricota	Alsuviricetes	Tymovirales	Betaflexiviridae	Carlavirus	Potexvirus ecspotati	1	metabuli	N	0	0.00	0.00	0.00	0.00	RNA	ssRNA(+)	species
SRR8191320_clean_NODE_735_length_625_cov_2.161232	SRR8191320_clean_NODE_735_length_625_cov_2.161232	1	contig	Riboviria	Orthornavirae	Kitrinoviricota	Alsuviricetes	Tymovirales	Alphaflexiviridae	Potexvirus	Tangut white thorn potexvirus 1	1	metabuli	N	0	0.00	0.00	0.00	0.00	RNA	ssRNA(+)	genus
SRR8191320_clean_NODE_748_length_622_cov_3.632058	SRR8191320_clean_NODE_748_length_622_cov_3.632058	1	contig	Riboviria	Orthornavirae	Kitrinoviricota	Alsuviricetes	Tymovirales	Alphaflexiviridae	NA	Xinjiang alphaflexivirus 2	0.88	metabuli	N	0	0.00	0.00	0.00	0.00	RNA		tax
SRR8191320_clean_NODE_789_length_610_cov_1.657356	SRR8191320_clean_NODE_789_length_610_cov_1.657356	1	contig	Riboviria	Orthornavirae	Kitrinoviricota	Alsuviricetes	Tymovirales	Alphaflexiviridae	Potexvirus	Potexvirus ecspotati	1	metabuli	N	0	0.00	0.00	0.00	0.00	RNA	ssRNA(+)	species
SRR8191321_clean_NODE_155_length_1056_cov_12.271617	SRR8191321_clean_NODE_155_length_1056_cov_12.271617	3	contig	Riboviria	Orthornavirae	Kitrinoviricota	Alsuviricetes	Tymovirales	Alphaflexiviridae	NA	NA	0.75	diamond_lca	N	0	0.00	0.00	0.00	0.00	RNA		tax
SRR8191321_clean_NODE_358_length_762_cov_3.224964	SRR8191321_clean_NODE_358_length_762_cov_3.224964	1	contig	Riboviria	Orthornavirae	Kitrinoviricota	Alsuviricetes	Tymovirales	Alphaflexiviridae	Potexvirus	Potexvirus nesignambrosiae	1	metabuli	N	0	0.00	0.00	0.00	0.00	RNA	ssRNA(+)	species
SRR8191321_clean_NODE_502_length_677_cov_1.695364	SRR8191321_clean_NODE_502_length_677_cov_1.695364	1	contig	Riboviria	Orthornavirae	Kitrinoviricota	Tolucaviricetes	Tolivirales	Tombusviridae	NA	Ripoflyv virus	0.88	metabuli	N	0	0.00	0.00	0.00	0.00	RNA		tax
SRR8191321_clean_NODE_97_length_1215_cov_0.779335	SRR8191321_clean_NODE_97_length_1215_cov_0.779335	1	contig	Riboviria	Orthornavirae	Kitrinoviricota	Alsuviricetes	Tymovirales	Alphaflexiviridae	Potexvirus	NA	0.88	metabuli	N	0	0.00	0.00	0.00	0.00	RNA	ssRNA(+)	genus
SRR8191322_clean_NODE_1_length_15174_cov_235.553142	SRR8191322_clean_NODE_1_length_15174_cov_235.553142	15	contig	Riboviria	Orthornavirae	Negarnaviricota	Monjiviricetes	Mononegavirales	Rhabdoviridae	Betacytorhabdovirus	Betacytorhabdovirus lycii	1	ACVirus	Y	0	0.00	0.00	0.00	0.00	RNA	ssRNA(-)	species
SRR8191322_clean_NODE_633_length_548_cov_3.823158	SRR8191322_clean_NODE_633_length_548_cov_3.823158	1	contig	Riboviria	Orthornavirae	Kitrinoviricota	Alsuviricetes	Tymovirales	NA	NA	NA	0.62	CAT	N	0	0.00	0.00	0.00	0.00	RNA		tax
SRR8191322_clean_NODE_68_length_1243_cov_19.458974	SRR8191322_clean_NODE_68_length_1243_cov_19.458974	1	contig	Riboviria	Orthornavirae	Kitrinoviricota	Alsuviricetes	Tymovirales	Alphaflexiviridae	Potexvirus	Potexvirus marmorsennae	1	diamond_lca	N	0	0.00	0.00	0.00	0.00	RNA	ssRNA(+)	species
SRR8191323_clean_NODE_204_length_1009_cov_5.506410	SRR8191323_clean_NODE_204_length_1009_cov_5.506410	1	contig	Riboviria	Orthornavirae	Kitrinoviricota	Alsuviricetes	Tymovirales	Alphaflexiviridae	Potexvirus	Potexvirus bambusae	1	metabuli	N	0	0.00	0.00	0.00	0.00	RNA	ssRNA(+)	species
SRR8191323_clean_NODE_308_length_859_cov_2.986005	SRR8191323_clean_NODE_308_length_859_cov_2.986005	1	contig	Riboviria	Orthornavirae	Kitrinoviricota	Alsuviricetes	Tymovirales	Alphaflexiviridae	Potexvirus	NA	0.88	metabuli	N	0	0.00	0.00	0.00	0.00	RNA	ssRNA(+)	genus
SRR8191323_clean_NODE_908_length_564_cov_1.054990	SRR8191323_clean_NODE_908_length_564_cov_1.054990	1	contig	Riboviria	Orthornavirae	Pisuviricota	Pisoniviricetes	Picornavirales	Secoviridae	Stralarivirus	Stralarivirus lychnis	1	ACVirus	Y	0	0.00	0.00	0.00	0.00	RNA	ssRNA(+)	species
SRR8191325_clean_NODE_499_length_749_cov_1.334320	SRR8191325_clean_NODE_499_length_749_cov_1.334320	1	contig	Riboviria	Orthornavirae	Kitrinoviricota	Alsuviricetes	Tymovirales	Betaflexiviridae	Carlavirus	Carlavirus latensascalonici	1	metabuli	N	0	0.00	0.00	0.00	0.00	RNA	ssRNA(+)	species
SRR8191325_clean_NODE_967_length_578_cov_1.510891	SRR8191325_clean_NODE_967_length_578_cov_1.510891	1	contig	Riboviria	Orthornavirae	Kitrinoviricota	Alsuviricetes	Tymovirales	Alphaflexiviridae	Potexvirus	Potexvirus ecsadenii	1	metabuli	N	0	0.00	0.00	0.00	0.00	RNA	ssRNA(+)	species
SRR8191326_clean_NODE_369_length_777_cov_1.696023	SRR8191326_clean_NODE_369_length_777_cov_1.696023	1	contig	Riboviria	Orthornavirae	Kitrinoviricota	Alsuviricetes	Tymovirales	Alphaflexiviridae	Potexvirus	Potexvirus ecspotati	1	metabuli	N	0	0.00	0.00	0.00	0.00	RNA	ssRNA(+)	species
SRR8191326_clean_NODE_683_length_626_cov_2.309222	SRR8191326_clean_NODE_683_length_626_cov_2.309222	1	contig	Riboviria	Orthornavirae	Kitrinoviricota	Alsuviricetes	Tymovirales	Alphaflexiviridae	NA	NA	0.75	diamond_lca	N	0	0.00	0.00	0.00	0.00	RNA		tax
SRR8191326_clean_NODE_696_length_622_cov_2.256831	SRR8191326_clean_NODE_696_length_622_cov_2.256831	3	contig	Riboviria	Orthornavirae	Pisuviricota	Stelpaviricetes	Patatavirales	Potyviridae	Tritimovirus	Tritimovirus eqlidense	1	metabuli	N	0	0.00	0.00	0.00	0.00	RNA	ssRNA(+)	species
SRR8191326_clean_NODE_853_length_584_cov_2.068493	SRR8191326_clean_NODE_853_length_584_cov_2.068493	1	contig	Riboviria	Orthornavirae	Kitrinoviricota	Alsuviricetes	Tymovirales	Betaflexiviridae	Carlavirus	NA	0.88	metabuli	N	0	0.00	0.00	0.00	0.00	RNA	ssRNA(+)	genus
SRR8191327_clean_NODE_1651_length_520_cov_0.727069	SRR8191327_clean_NODE_1651_length_520_cov_0.727069	1	contig	Riboviria	Orthornavirae	Kitrinoviricota	Alsuviricetes	Tymovirales	Alphaflexiviridae	NA	NA	0.75	metabuli	N	0	0.00	0.00	0.00	0.00	RNA		tax
SRR8191327_clean_NODE_1750_length_507_cov_1.161290	SRR8191327_clean_NODE_1750_length_507_cov_1.161290	1	contig	Riboviria	Orthornavirae	Kitrinoviricota	Alsuviricetes	Tymovirales	Alphaflexiviridae	NA	Hainan alphaflexi-like virus	0.88	metabuli	N	0	0.00	0.00	0.00	0.00	RNA		tax
SRR8191327_clean_NODE_45_length_1851_cov_418.205849	SRR8191327_clean_NODE_45_length_1851_cov_418.205849	5	contig	Riboviria	Orthornavirae	Kitrinoviricota	Alsuviricetes	Tymovirales	Alphaflexiviridae	Potexvirus	Potexvirus ecsdioscoreae	1	ACVirus	N	0	0.00	0.00	0.00	0.00	RNA	ssRNA(+)	species
SRR8191327_clean_NODE_88_length_1556_cov_1.878624	SRR8191327_clean_NODE_88_length_1556_cov_1.878624	1	contig	Riboviria	Orthornavirae	Pisuviricota	Duplopiviricetes	Durnavirales	Partitiviridae	Deltapartitivirus	Deltapartitivirus sp. 'yunanense'	1	metabuli	N	0	0.00	0.00	0.00	0.00	RNA	dsRNA	genus
SRR8191327_clean_NODE_962_length_644_cov_1.516637	SRR8191327_clean_NODE_962_length_644_cov_1.516637	3	contig	Riboviria	Orthornavirae	Kitrinoviricota	Tolucaviricetes	Tolivirales	Tombusviridae	NA	Ripoflyv virus	0.88	metabuli	N	0	0.00	0.00	0.00	0.00	RNA		tax
SRR8191328_clean_NODE_139_length_1238_cov_1.472961	SRR8191328_clean_NODE_139_length_1238_cov_1.472961	1	contig	Riboviria	Pararnavirae	Artverviricota	Revtraviricetes	Ortervirales	Caulimoviridae	Pseudovirus	Pseudovirus brassicae	1	ACVirus	N	0	0.00	0.00	0.00	0.00	RNA	ssRNA-RT	species
SRR8191328_clean_NODE_288_length_935_cov_1.894432	SRR8191328_clean_NODE_288_length_935_cov_1.894432	1	contig	Riboviria	Orthornavirae	Kitrinoviricota	Alsuviricetes	Tymovirales	Betaflexiviridae	Carlavirus	Carlavirus betaphlocis	1	metabuli	N	0	0.00	0.00	0.00	0.00	RNA	ssRNA(+)	species
SRR8191328_clean_NODE_441_length_794_cov_2.140083	SRR8191328_clean_NODE_441_length_794_cov_2.140083	1	contig	Riboviria	Orthornavirae	Kitrinoviricota	Alsuviricetes	Tymovirales	Alphaflexiviridae	Potexvirus	Potexvirus citrindicum	1	metabuli	N	0	0.00	0.00	0.00	0.00	RNA	ssRNA(+)	species
SRR8191328_clean_NODE_509_length_758_cov_2.096350	SRR8191328_clean_NODE_509_length_758_cov_2.096350	1	contig	Varidnaviria	Bamfordvirae	Nucleocytoviricota	Megaviricetes	Imitervirales	Mimiviridae	Fadolivirus	Potexvirus ecspotati	1	metabuli	N	0	0.00	0.00	0.00	0.00	RNA	ssRNA(+)	species
SRR8191328_clean_NODE_894_length_602_cov_4.028355	SRR8191328_clean_NODE_894_length_602_cov_4.028355	1	contig	Riboviria	Orthornavirae	Kitrinoviricota	Alsuviricetes	Tymovirales	NA	NA	NA	0.62	CAT	N	0	0.00	0.00	0.00	0.00	RNA		tax
SRR8191328_clean_NODE_921_length_594_cov_2.604607	SRR8191328_clean_NODE_921_length_594_cov_2.604607	1	contig	Riboviria	Orthornavirae	Kitrinoviricota	Alsuviricetes	Tymovirales	Alphaflexiviridae	Potexvirus	NA	0.88	metabuli	N	0	0.00	0.00	0.00	0.00	RNA	ssRNA(+)	genus
SRR8191329_clean_NODE_1054_length_605_cov_3.966165	SRR8191329_clean_NODE_1054_length_605_cov_3.966165	1	contig	Riboviria	Orthornavirae	Kitrinoviricota	Alsuviricetes	Tymovirales	Alphaflexiviridae	Potexvirus	Potexvirus fragariae	1	metabuli	N	0	0.00	0.00	0.00	0.00	RNA	ssRNA(+)	species
SRR8191329_clean_NODE_1078_length_600_cov_2.474383	SRR8191329_clean_NODE_1078_length_600_cov_2.474383	1	contig	Riboviria	Orthornavirae	Kitrinoviricota	Alsuviricetes	Tymovirales	Alphaflexiviridae	Potexvirus	Potexvirus ecsadenii	1	metabuli	N	0	0.00	0.00	0.00	0.00	RNA	ssRNA(+)	species
SRR8191329_clean_NODE_1353_length_545_cov_8.408898	SRR8191329_clean_NODE_1353_length_545_cov_8.408898	1	contig	Riboviria	Orthornavirae	Kitrinoviricota	Alsuviricetes	Tymovirales	Alphaflexiviridae	Potexvirus	Potexvirus nesignambrosiae	1	metabuli	N	0	0.00	0.00	0.00	0.00	RNA	ssRNA(+)	species
SRR8191329_clean_NODE_1441_length_528_cov_8.934066	SRR8191329_clean_NODE_1441_length_528_cov_8.934066	1	contig	Riboviria	Orthornavirae	Kitrinoviricota	Alsuviricetes	Tymovirales	Alphaflexiviridae	Potexvirus	Potexvirus nesignambrosiae	1	metabuli	N	0	0.00	0.00	0.00	0.00	RNA	ssRNA(+)	species
SRR8191329_clean_NODE_153_length_1276_cov_19.042394	SRR8191329_clean_NODE_153_length_1276_cov_19.042394	1	contig	Riboviria	Orthornavirae	Kitrinoviricota	Alsuviricetes	Tymovirales	Alphaflexiviridae	Potexvirus	NA	0.88	metabuli	N	0	0.00	0.00	0.00	0.00	RNA	ssRNA(+)	genus
SRR8191329_clean_NODE_1560_length_512_cov_1.398633	SRR8191329_clean_NODE_1560_length_512_cov_1.398633	1	contig	Riboviria	Orthornavirae	Kitrinoviricota	Alsuviricetes	Tymovirales	Alphaflexiviridae	Potexvirus	Potexvirus nesignambrosiae	1	metabuli	N	0	0.00	0.00	0.00	0.00	RNA	ssRNA(+)	species
SRR8191329_clean_NODE_462_length_848_cov_10.621935	SRR8191329_clean_NODE_462_length_848_cov_10.621935	1	contig	Riboviria	Orthornavirae	Kitrinoviricota	Alsuviricetes	Tymovirales	Alphaflexiviridae	Potexvirus	Potexvirus ecspotati	1	metabuli	N	0	0.00	0.00	0.00	0.00	RNA	ssRNA(+)	species
SRR8191329_clean_NODE_467_length_845_cov_2.129534	SRR8191329_clean_NODE_467_length_845_cov_2.129534	1	contig	Riboviria	Orthornavirae	Kitrinoviricota	Alsuviricetes	Tymovirales	Alphaflexiviridae	Potexvirus	Tangut white thorn potexvirus 1	1	metabuli	N	0	0.00	0.00	0.00	0.00	RNA	ssRNA(+)	genus
SRR8191329_clean_NODE_503_length_819_cov_7.392761	SRR8191329_clean_NODE_503_length_819_cov_7.392761	1	contig	Riboviria	Orthornavirae	Kitrinoviricota	Alsuviricetes	Tymovirales	Betaflexiviridae	Foveavirus	Foveavirus mali	1	diamond_lca	N	0	0.00	0.00	0.00	0.00	RNA	ssRNA(+)	species
SRR8191329_clean_NODE_522_length_804_cov_49.233926	SRR8191329_clean_NODE_522_length_804_cov_49.233926	1	contig	Riboviria	Orthornavirae	Kitrinoviricota	Alsuviricetes	Tymovirales	Alphaflexiviridae	Potexvirus	Potexvirus bambusae	1	metabuli	N	0	0.00	0.00	0.00	0.00	RNA	ssRNA(+)	species
SRR8191329_clean_NODE_796_length_679_cov_1.358086	SRR8191329_clean_NODE_796_length_679_cov_1.358086	1	contig	Riboviria	Orthornavirae	Kitrinoviricota	Alsuviricetes	Tymovirales	Alphaflexiviridae	NA	NA	0.75	mmseqs	N	0	0.00	0.00	0.00	0.00	RNA		tax
SRR8191330_clean_NODE_1077_length_762_cov_1.232221	SRR8191330_clean_NODE_1077_length_762_cov_1.232221	1	contig	Riboviria	Orthornavirae	Pisuviricota	Pisoniviricetes	Picornavirales	Secoviridae	Stralarivirus	Stralarivirus fragariae	1	metabuli	N	0	0.00	0.00	0.00	0.00	RNA	ssRNA(+)	species
SRR8191330_clean_NODE_1120_length_755_cov_9.130499	SRR8191330_clean_NODE_1120_length_755_cov_9.130499	2	contig	Riboviria	Orthornavirae	Kitrinoviricota	Alsuviricetes	Tymovirales	Alphaflexiviridae	Potexvirus	Potexvirus nesignambrosiae	1	metabuli	N	0	0.00	0.00	0.00	0.00	RNA	ssRNA(+)	species
SRR8191330_clean_NODE_133_length_1446_cov_3.218500	SRR8191330_clean_NODE_133_length_1446_cov_3.218500	2	contig	Riboviria	Orthornavirae	Kitrinoviricota	Alsuviricetes	Tymovirales	Alphaflexiviridae	Potexvirus	NA	0.88	diamond_lca	N	0	0.00	0.00	0.00	0.00	RNA	ssRNA(+)	genus
SRR8191330_clean_NODE_1472_length_678_cov_34.950413	SRR8191330_clean_NODE_1472_length_678_cov_34.950413	1	contig	Riboviria	Orthornavirae	Kitrinoviricota	Alsuviricetes	Tymovirales	Alphaflexiviridae	Potexvirus	Potexvirus ecsdioscoreae	1	ACVirus	N	0	0.00	0.00	0.00	0.00	RNA	ssRNA(+)	species
SRR8191330_clean_NODE_1929_length_612_cov_1.270872	SRR8191330_clean_NODE_1929_length_612_cov_1.270872	1	contig	Riboviria	Orthornavirae	Kitrinoviricota	Alsuviricetes	Tymovirales	Alphaflexiviridae	Potexvirus	Potexvirus ecspotati	1	metabuli	N	0	0.00	0.00	0.00	0.00	RNA	ssRNA(+)	species
SRR8191330_clean_NODE_2156_length_584_cov_3.221135	SRR8191330_clean_NODE_2156_length_584_cov_3.221135	1	contig	Riboviria	Orthornavirae	Pisuviricota	Pisoniviricetes	Picornavirales	Secoviridae	Stralarivirus	Stralarivirus fragariae	1	metabuli	N	0	0.00	0.00	0.00	0.00	RNA	ssRNA(+)	species
SRR8191330_clean_NODE_2208_length_579_cov_10.802372	SRR8191330_clean_NODE_2208_length_579_cov_10.802372	1	contig	Riboviria	Pararnavirae	Artverviricota	Revtraviricetes	Ortervirales	Caulimoviridae	Badnavirus	Badnavirus venabougainvilleae	1	metabuli	N	0	0.00	0.00	0.00	0.00	DNA	dsDNA-RT	species
SRR8191330_clean_NODE_2298_length_571_cov_13.421687	SRR8191330_clean_NODE_2298_length_571_cov_13.421687	1	contig	Riboviria	Orthornavirae	Kitrinoviricota	Alsuviricetes	Tymovirales	Alphaflexiviridae	Potexvirus	Potexvirus nesignambrosiae	1	metabuli	N	0	0.00	0.00	0.00	0.00	RNA	ssRNA(+)	species
SRR8191330_clean_NODE_2392_length_562_cov_15.274029	SRR8191330_clean_NODE_2392_length_562_cov_15.274029	1	contig	Riboviria	Orthornavirae	Kitrinoviricota	Alsuviricetes	Tymovirales	Alphaflexiviridae	Potexvirus	Potexvirus citriflavimaculae	1	metabuli	N	0	0.00	0.00	0.00	0.00	RNA	ssRNA(+)	species
SRR8191330_clean_NODE_2573_length_546_cov_3.088795	SRR8191330_clean_NODE_2573_length_546_cov_3.088795	1	contig	Riboviria	Orthornavirae	Kitrinoviricota	Alsuviricetes	Tymovirales	Alphaflexiviridae	Potexvirus	Potexvirus alternantherae	1	metabuli	N	0	0.00	0.00	0.00	0.00	RNA	ssRNA(+)	species
SRR8191330_clean_NODE_2630_length_541_cov_5.341880	SRR8191330_clean_NODE_2630_length_541_cov_5.341880	1	contig	Riboviria	Orthornavirae	Kitrinoviricota	Alsuviricetes	Tymovirales	Alphaflexiviridae	Potexvirus	Potexvirus fragariae	1	diamond_lca	N	0	0.00	0.00	0.00	0.00	RNA	ssRNA(+)	species
SRR8191330_clean_NODE_353_length_1095_cov_3.857143	SRR8191330_clean_NODE_353_length_1095_cov_3.857143	1	contig	Riboviria	Orthornavirae	Kitrinoviricota	Alsuviricetes	Tymovirales	Alphaflexiviridae	NA	Xinjiang alphaflexivirus 2	0.88	diamond_lca	N	0	0.00	0.00	0.00	0.00	RNA		tax
SRR8191330_clean_NODE_394_length_1060_cov_1.046606	SRR8191330_clean_NODE_394_length_1060_cov_1.046606	1	contig	Riboviria	Orthornavirae	Kitrinoviricota	Alsuviricetes	Tymovirales	Alphaflexiviridae	Potexvirus	NA	0.88	metabuli	N	0	0.00	0.00	0.00	0.00	RNA	ssRNA(+)	genus
SRR8293186_clean_NODE_647_length_704_cov_5.272583	SRR8293186_clean_NODE_647_length_704_cov_5.272583	2	contig	Riboviria	Orthornavirae	Kitrinoviricota	Tolucaviricetes	Tolivirales	Tombusviridae	Luteovirus	Blueberry virus L	1	metabuli	N	0	0.00	0.00	0.00	0.00	RNA	ssRNA(+)	genus
SRR8293189_clean_NODE_121_length_1241_cov_2.635274	SRR8293189_clean_NODE_121_length_1241_cov_2.635274	6	contig	Riboviria	Orthornavirae	Negarnaviricota	Monjiviricetes	Mononegavirales	Rhabdoviridae	Betanucleorhabdovirus	Ziziphora betanucleorhabdovirus 1	1	metabuli	N	0	0.00	0.00	0.00	0.00	RNA	ssRNA(-)	genus
SRR8293189_clean_NODE_1927_length_519_cov_0.697309	SRR8293189_clean_NODE_1927_length_519_cov_0.697309	1	contig	Riboviria	Orthornavirae	Kitrinoviricota	Tolucaviricetes	Tolivirales	Tombusviridae	Luteovirus	Blueberry virus L	1	metabuli	N	0	0.00	0.00	0.00	0.00	RNA	ssRNA(+)	genus
SRR8293189_clean_NODE_372_length_832_cov_0.596838	SRR8293189_clean_NODE_372_length_832_cov_0.596838	1	contig	Riboviria	Orthornavirae	Pisuviricota	Stelpaviricetes	Patatavirales	Potyviridae	Potyvirus	NA	0.88	metabuli	N	0	0.00	0.00	0.00	0.00	RNA	ssRNA(+)	genus
SRR8293189_clean_NODE_868_length_642_cov_1.421793	SRR8293189_clean_NODE_868_length_642_cov_1.421793	1	contig	Riboviria	Orthornavirae	Kitrinoviricota	Alsuviricetes	Tymovirales	Betaflexiviridae	Prunevirus	Prunevirus unicamelliae	1	ACVirus	Y	0	0.00	0.00	0.00	0.00	RNA	ssRNA(+)	species
SRR8293189_clean_NODE_908_length_634_cov_0.682709	SRR8293189_clean_NODE_908_length_634_cov_0.682709	1	contig	NA	Shotokuvirae	Cressdnaviricota	Repensiviricetes	Geplafuvirales	Geminiviridae	Begomovirus	Begomovirus ipomoeae	0.88	metabuli	N	0	0.00	0.00	0.00	0.00	DNA	ssDNA(+/-)	species
SRR8293189_clean_NODE_939_length_629_cov_0.746403	SRR8293189_clean_NODE_939_length_629_cov_0.746403	1	contig	Riboviria	Orthornavirae	Kitrinoviricota	Tolucaviricetes	Tolivirales	Tombusviridae	Luteovirus	Blueberry virus L	1	metabuli	N	0	0.00	0.00	0.00	0.00	RNA	ssRNA(+)	genus
SRR8293190_clean_NODE_1372_length_579_cov_0.685771	SRR8293190_clean_NODE_1372_length_579_cov_0.685771	1	contig	Riboviria	Orthornavirae	Pisuviricota	Stelpaviricetes	Patatavirales	Potyviridae	Potyvirus	Potyvirus cucurbitaflavitesselati	1	metabuli	N	0	0.00	0.00	0.00	0.00	RNA	ssRNA(+)	species
SRR8293190_clean_NODE_2047_length_531_cov_0.497817	SRR8293190_clean_NODE_2047_length_531_cov_0.497817	1	contig	Riboviria	Orthornavirae	Pisuviricota	Stelpaviricetes	Patatavirales	Potyviridae	Potyvirus	Potyvirus papayanuli	1	metabuli	N	0	0.00	0.00	0.00	0.00	RNA	ssRNA(+)	species
SRR8293190_clean_NODE_2051_length_530_cov_1.024070	SRR8293190_clean_NODE_2051_length_530_cov_1.024070	1	contig	Riboviria	Orthornavirae	Pisuviricota	Stelpaviricetes	Patatavirales	Potyviridae	Potyvirus	Potyvirus citrullimoroccense	1	metabuli	N	0	0.00	0.00	0.00	0.00	RNA	ssRNA(+)	species
SRR8293190_clean_NODE_2163_length_525_cov_0.522124	SRR8293190_clean_NODE_2163_length_525_cov_0.522124	1	contig	NA	Shotokuvirae	Cressdnaviricota	Repensiviricetes	Geplafuvirales	Geminiviridae	Begomovirus	Begomovirus abelmoschusenation	0.88	CAT	N	0	0.00	0.00	0.00	0.00	DNA	ssDNA(+/-)	species
SRR8293190_clean_NODE_989_length_625_cov_0.394928	SRR8293190_clean_NODE_989_length_625_cov_0.394928	1	contig	Riboviria	Orthornavirae	Negarnaviricota	Milneviricetes	Naedrevirales	Aspiviridae	Ophiovirus	Ophiovirus citri	1	metabuli	N	0	0.00	0.00	0.00	0.00	RNA	ssRNA(-)	species
SRR8293192_clean_NODE_1033_length_576_cov_59.145129	SRR8293192_clean_NODE_1033_length_576_cov_59.145129	4	contig	Riboviria	Orthornavirae	Kitrinoviricota	Tolucaviricetes	Tolivirales	Tombusviridae	Luteovirus	Blueberry virus L	1	metabuli	N	0	0.00	0.00	0.00	0.00	RNA	ssRNA(+)	genus
SRR8293193_clean_NODE_1804_length_511_cov_1.152968	SRR8293193_clean_NODE_1804_length_511_cov_1.152968	1	contig	Riboviria	Orthornavirae	Kitrinoviricota	Tolucaviricetes	Tolivirales	Tombusviridae	NA	Blueberry virus N	0.88	metabuli	N	0	0.00	0.00	0.00	0.00	RNA		tax
SRR8293198_clean_NODE_1286_length_546_cov_0.989429	SRR8293198_clean_NODE_1286_length_546_cov_0.989429	1	contig	Riboviria	Orthornavirae	Pisuviricota	Pisoniviricetes	Picornavirales	Secoviridae	Torradovirus	Torradovirus sesami	1	metabuli	N	0	0.00	0.00	0.00	0.00	RNA	ssRNA(+)	species
SRR8293198_clean_NODE_1629_length_511_cov_0.869863	SRR8293198_clean_NODE_1629_length_511_cov_0.869863	1	contig	Riboviria	Pararnavirae	Artverviricota	Revtraviricetes	Ortervirales	Caulimoviridae	Badnavirus	Badnavirus venavitis	1	metabuli	N	0	0.00	0.00	0.00	0.00	DNA	dsDNA-RT	species
SRR8293198_clean_NODE_824_length_623_cov_0.641818	SRR8293198_clean_NODE_824_length_623_cov_0.641818	1	contig	Riboviria	Orthornavirae	Kitrinoviricota	Alsuviricetes	Martellivirales	Closteroviridae	Olivavirus	Olivavirus oleae	1	metabuli	N	0	0.00	0.00	0.00	0.00	RNA	ssRNA(+)	species
SRR8293198_clean_NODE_828_length_621_cov_2.864964	SRR8293198_clean_NODE_828_length_621_cov_2.864964	1	contig	Riboviria	Pararnavirae	Artverviricota	Revtraviricetes	Ortervirales	Caulimoviridae	Badnavirus	Badnavirus venabougainvilleae	1	metabuli	N	0	0.00	0.00	0.00	0.00	DNA	dsDNA-RT	species
contig_1702	contig_1702	6	contig	Riboviria	NA	NA	NA	NA	NA	NA	Ambivirus sp.	0.25	metabuli	N	0	0.00	0.00	0.00	0.00			none
contig_2246	contig_2246	5	contig	Riboviria	Orthornavirae	Pisuviricota	Stelpaviricetes	Patatavirales	Potyviridae	Ipomovirus	Ipomovirus brunusmanihotis	1	metabuli	Y	0	0.00	0.00	0.00	0.00	RNA	ssRNA(+)	species
contig_2396	contig_2396	6	contig	Riboviria	Orthornavirae	Kitrinoviricota	Alsuviricetes	Tymovirales	Closteroviridae	Closterovirus	Citrus virus B	1	CAT	Y	0	0.00	0.00	0.00	0.00	RNA	ssRNA(+)	genus
contig_2541	contig_2541	3	contig	NA	NA	NA	NA	NA	NA	NA	Circovirus-like genome RW-B	0.12	metabuli	N	0	0.00	0.00	0.00	0.00			none
contig_2638	contig_2638	4	contig	Riboviria	Orthornavirae	Pisuviricota	Stelpaviricetes	Patatavirales	Potyviridae	Potyvirus	Potyvirus iristenuis	1	CAT	Y	0	0.00	0.00	0.00	0.00	RNA	ssRNA(+)	species
contig_2790	contig_2790	3	contig	NA	NA	NA	NA	NA	NA	NA	virus sp. ctllZ17	0.12	metabuli	Y	0	0.00	0.00	0.00	0.00			none
contig_3456	contig_3456	3	contig	Riboviria	Orthornavirae	Kitrinoviricota	Alsuviricetes	Tymovirales	Betaflexiviridae	Foveavirus	Apple virus D	1	CAT	Y	0	0.00	0.00	0.00	0.00	RNA	ssRNA(+)	genus
contig_3578	contig_3578	4	contig	Varidnaviria	Bamfordvirae	Nucleocytoviricota	Megaviricetes	Pimascovirales	Pithoviridae	Alphacedratvirus	Potexvirus triasparagi	1	metabuli	N	0	0.00	0.00	0.00	0.00	RNA	ssRNA(+)	species
contig_3656	contig_3656	4	contig	Riboviria	Orthornavirae	Kitrinoviricota	Tolucaviricetes	Tolivirales	Tombusviridae	Umbravirus	Sclerotinia sclerotiorum umbra-like virus 1-U	1	metabuli	Y	0	0.00	0.00	0.00	0.00	RNA	ssRNA(+)	genus
contig_3791	contig_3791	4	contig	Riboviria	Orthornavirae	Duplornaviricota	Resentoviricetes	Reovirales	Spinareoviridae	Fijivirus	NA	0.88	metabuli	Y	0	0.00	0.00	0.00	0.00	RNA	dsRNA	genus
contig_4185	contig_4185	6	contig	Riboviria	Orthornavirae	Kitrinoviricota	Alsuviricetes	Hepelivirales	Benyviridae	Benyvirus	Lentinula edodes beny-like virus 1-Hunong-1	1	metabuli	Y	0	0.00	0.00	0.00	0.00	RNA	ssRNA(+)	genus
contig_445	contig_445	1	contig	Riboviria	Orthornavirae	Negarnaviricota	Monjiviricetes	Mononegavirales	Rhabdoviridae	Betacytorhabdovirus	Betacytorhabdovirus lycii	1	ACVirus	Y	0	0.00	0.00	0.00	0.00	RNA	ssRNA(-)	species
contig_458	contig_458	15	contig	Varidnaviria	Bamfordvirae	Nucleocytoviricota	Pokkesviricetes	Chitovirales	Poxviridae	Alphaentomopoxvirus	Potyvirus papayanuli	1	metabuli	N	0	0.00	0.00	0.00	0.00	RNA	ssRNA(+)	species
contig_4739	contig_4739	6	contig	Riboviria	Orthornavirae	Pisuviricota	Stelpaviricetes	Patatavirales	Potyviridae	Potyvirus	Potyvirus parisnecrosis	1	metabuli	N	0	0.00	0.00	0.00	0.00	RNA	ssRNA(+)	species
contig_5007	contig_5007	11	contig	Riboviria	Orthornavirae	Duplornaviricota	Resentoviricetes	Reovirales	Spinareoviridae	Fijivirus	NA	0.88	metabuli	Y	0	0.00	0.00	0.00	0.00	RNA	dsRNA	genus
contig_524	contig_524	1	contig	Riboviria	Orthornavirae	Negarnaviricota	Monjiviricetes	Mononegavirales	Rhabdoviridae	Betacytorhabdovirus	Betacytorhabdovirus lycii	1	metabuli	N	0	0.00	0.00	0.00	0.00	RNA	ssRNA(-)	species
contig_74	contig_74	3	contig	Riboviria	Orthornavirae	Kitrinoviricota	Alsuviricetes	Tymovirales	Alphaflexiviridae	Potexvirus	Apple virus D	1	CAT	Y	0	0.00	0.00	0.00	0.00	RNA	ssRNA(+)	genus
contig_773	contig_773	10	contig	Riboviria	Pararnavirae	Artverviricota	Revtraviricetes	Ortervirales	Caulimoviridae	Pseudovirus	Pseudovirus solani	1	ACVirus	N	0	0.00	0.00	0.00	0.00	RNA	ssRNA-RT	species
contig_966	contig_966	1	contig	Riboviria	Orthornavirae	Pisuviricota	Duplopiviricetes	Durnavirales	Partitiviridae	Deltapartitivirus	Deltapartitivirus sp. 'yunanense'	1	metabuli	Y	0	0.00	0.00	0.00	0.00	RNA	dsRNA	genus
