/home/zhangwenda/MMPV-paper/goji-virome/02_novel_virus/RNA-Lycium_barbarum_out/05_Taxonomy/Votus.integrated/final_integrated_classification.tsv
vs /tmp/rc66_count/final_integrated_classification.tsv
行数 20892 / 20892

| 阶元 | 非空 v66 | 非空 v67 | 变动行 | 有->空 | 空->有 | 值变 |
|---|---|---|---|---|---|---|
| Realm | 19015 | 19015 | 69 | 0 | 0 | 69 |
| Kingdom | 19142 | 19142 | 112 | 0 | 0 | 112 |
| Phylum | 19039 | 19039 | 100 | 0 | 0 | 100 |
| Class | 19459 | 19457 | 396 | 2 | 0 | 394 |
| Order | 18162 | 18028 | 355 | 134 | 0 | 221 |
| Family | 17919 | 17710 | 658 | 209 | 0 | 449 |
| Genus | 16022 | 14658 | 2311 | 1364 | 0 | 947 |
| Species | 18056 | 17239 | 3434 | 817 | 0 | 2617 |

涉及 contig 合计 4354

变化行全清单（4354 行 × 8 阶元，只列有差异的阶元）
  CRR1126133_clean_NODE_34_length_1704_cov_0.496015
      Genus: [Eurybiavirus] -> [空]
      Species: [Eurybiavirus MED4213] -> [空]
  CRR1126134_clean_NODE_21_length_1900_cov_0.549535
      Class: [Caudoviricetes] -> [Megaviricetes]
  CRR1126135_clean_NODE_110_length_2415_cov_7.631512
      Genus: [Immutovirus] -> [空]
  CRR1126135_clean_NODE_125_length_2363_cov_10.442795
      Class: [Caudoviricetes] -> [Herviviricetes]
  CRR1126135_clean_NODE_129_length_2337_cov_5.220848
      Genus: [Eurybiavirus] -> [空]
      Species: [Eurybiavirus PHM1] -> [空]
  CRR1126135_clean_NODE_138_length_2279_cov_4.769266
      Kingdom: [Heunggongvirae] -> [Bamfordvirae]
      Genus: [Nitunavirus] -> [空]
      Species: [Simplexvirus macacinealpha1] -> [Satyrvirus sp.*]
  CRR1126135_clean_NODE_152_length_2226_cov_13.373897
      Genus: [Alphahydrivirus] -> [Hokovirus]
      Species: [Orthopestivirus bovis] -> [Hokovirus HKV1*]
  CRR1126135_clean_NODE_166_length_2190_cov_2.664620
      Family: [Hydriviridae] -> [空]
      Genus: [Alphahydrivirus] -> [空]
  CRR1126135_clean_NODE_171_length_2166_cov_35.961300
      Species: [Micromonas polaris virus] -> [Theiavirus salishense]
  CRR1126135_clean_NODE_176_length_2135_cov_25.968962
      Class: [Caudoviricetes] -> [Megaviricetes]
      Family: [Phycodnaviridae] -> [Peduoviridae]
  CRR1126135_clean_NODE_178_length_2134_cov_15.770500
      Family: [Kyanoviridae] -> [Phycodnaviridae]
      Genus: [Nilusvirus] -> [空]
      Species: [Nilusvirus ssm2] -> [空]
  CRR1126135_clean_NODE_20_length_3712_cov_3.613905
      Genus: [Chlorovirus] -> [空]
      Species: [Chlorovirus conductrix] -> [空]
  CRR1126135_clean_NODE_211_length_2011_cov_3.536636
      Species: [Agnivirus brisbanense] -> [Poseidoniales virus]
  CRR1126135_clean_NODE_216_length_2001_cov_19.696058
      Order: [Pantevenvirales] -> [Pimascovirales]
      Family: [Kyanoviridae] -> [Marseilleviridae]
      Genus: [Palaemonvirus] -> [空]
      Species: [Palaemonvirus pssm7] -> [Marseillevirus LCMAC201]
  CRR1126135_clean_NODE_218_length_1995_cov_2.155567
      Species: [Agnivirus brisbanense] -> [Poseidoniales virus]
  CRR1126135_clean_NODE_232_length_1946_cov_4.832355
      Genus: [Alphaorpheovirus] -> [空]
      Species: [Alphaorpheovirus massiliense] -> [Pithovirus LCPAC404]
  CRR1126135_clean_NODE_235_length_1940_cov_4.753615
      Genus: [Fadolivirus] -> [空]
      Species: [Fadolivirus algeromassiliense] -> [Mimiviridae sp. ChoanoV1*]
  CRR1126135_clean_NODE_239_length_1906_cov_2.064375
      Genus: [Alphahydrivirus] -> [空]
      Species: [Coltivirus dermacentoris] -> [Edafosvirus sp.]
  CRR1126135_clean_NODE_259_length_1835_cov_2.471056
      Species: [Agnivirus brisbanense] -> [Virus NIOZ-UU157]
  CRR1126135_clean_NODE_273_length_1806_cov_2.833814
      Family: [Phycodnaviridae] -> [Mimiviridae]
      Genus: [Phaeovirus] -> [空]
      Species: [Phaeovirus irregularis] -> [空]
  CRR1126135_clean_NODE_29_length_3464_cov_4.068711
      Order: [Pantevenvirales] -> [Pimascovirales]
      Family: [Marseilleviridae] -> [Kyanoviridae]
      Genus: [Llyrvirus] -> [Acionnavirus]
  CRR1126135_clean_NODE_325_length_1694_cov_3.832202
      Genus: [Fadolivirus] -> [Orthohepacivirus]
  CRR1126135_clean_NODE_34_length_3374_cov_5.361709
      Species: [Simplexvirus humanalpha2] -> [Tupanvirus salinum]
  CRR1126135_clean_NODE_355_length_1648_cov_94.390476
      Species: [Megavirus baoshanense] -> [空]
  CRR1126135_clean_NODE_3560_length_501_cov_1.079439
      Realm: [Varidnaviria] -> [Duplodnaviria]
      Kingdom: [Bamfordvirae] -> [Heunggongvirae]
  CRR1126135_clean_NODE_486_length_1463_cov_3.516547
      Realm: [Riboviria] -> [Duplodnaviria]
      Kingdom: [Pararnavirae] -> [Heunggongvirae]
  CRR1126135_clean_NODE_499_length_1449_cov_2.359012
      Species: [Mimivirus LCMiAC01] -> [Fadolivirus algeromassiliense]
  CRR1126135_clean_NODE_49_length_3136_cov_6.304603
      Species: [Chrysophyceae clade H virus] -> [Tupanvirus salinum]
  CRR1126135_clean_NODE_4_length_7102_cov_6.646038
      Species: [Lentivirus humimdef1] -> [Biavirus raunefjordenense]
  CRR1126135_clean_NODE_511_length_1433_cov_2.302941
      Species: [Agnivirus brisbanense] -> [Poseidoniales virus]
  CRR1126135_clean_NODE_57_length_2995_cov_14.699179
      Species: [Marseillevirus LCMAC202] -> [Tethysvirus raunefjordenense]
  CRR1126135_clean_NODE_596_length_1334_cov_7.127676
      Genus: [Coccolithovirus] -> [Alphanudivirus]
      Species: [Coccolithovirus huxleyi] -> [空]
  CRR1126135_clean_NODE_63_length_2911_cov_3.936927
      Genus: [Amboselivirus] -> [空]
      Species: [Amboselivirus simi] -> [Marseillevirus LCMAC103]
  CRR1126135_clean_NODE_68_length_2879_cov_8.244833
      Genus: [Biavirus] -> [空]
  CRR1126135_clean_NODE_72_length_2852_cov_6.467794
      Genus: [Biavirus] -> [空]
      Species: [Biavirus raunefjordenense] -> [Homavirus sp.]
  CRR1126135_clean_NODE_77_length_2790_cov_2.404858
      Species: [Simplexvirus papiinealpha2] -> [Alphabaculovirus pesauciae]
  CRR1126135_clean_NODE_81_length_2695_cov_19.808924
      Species: [Tokyovirus A1] -> [Marseillevirus senegalense]
  CRR1126135_clean_NODE_96_length_2525_cov_3.936786
      Species: [Moumouvirus maliense] -> [Prasinovirus ostreotauri]
  CRR1126137_clean_NODE_20_length_2002_cov_2.716952
      Species: [Marseillevirus LCMAC202] -> [Moumouvirus australiense]
  CRR1126137_clean_NODE_7_length_3033_cov_0.374662
      Genus: [Eurybiavirus] -> [空]
      Species: [Eurybiavirus MED4213] -> [空]
  CRR1126139_clean_NODE_70_length_1989_cov_9.156576
      Family: [Hydriviridae] -> [空]
      Genus: [Alphahydrivirus] -> [空]
      Species: [Alphahydrivirus permafrostis] -> [空]
  CRR1126139_clean_NODE_72_length_1961_cov_3.638771
      Species: [Micromonas commoda virus] -> [Theiavirus salishense]
  CRR1126140_clean_NODE_1162_length_1120_cov_2.980898
      Species: [Pseudovirus tabaci] -> [Atrato Retro-like virus]
  CRR1126140_clean_NODE_1243_length_1082_cov_2.222993
      Species: [Pseudovirus tabaci] -> [Atrato Retro-like virus]
  CRR1126140_clean_NODE_1261_length_1073_cov_2.750000
      Genus: [Metavirus] -> [空]
      Species: [Metavirus tatarabidopsis] -> [Atlantic salmon swim bladder sarcoma virus]
  CRR1126140_clean_NODE_128_length_3117_cov_2.413272
      Species: [environmental samples] -> [空]
  CRR1126140_clean_NODE_1347_length_1032_cov_1.158498
      Genus: [Sirevirus] -> [Caulimovirus]
      Species: [Sirevirus zeae] -> [Caulimovirus sp.]
  CRR1126140_clean_NODE_140_length_3015_cov_2.643100
      Species: [Pseudovirus hordei] -> [Atrato Retro-like virus]
  CRR1126140_clean_NODE_151_length_2911_cov_9.142001
      Genus: [Metavirus] -> [Gammaretrovirus]
      Species: [Metavirus tatarabidopsis] -> [空]
  CRR1126140_clean_NODE_1581_length_952_cov_27.237770
      Genus: [Dioscovirus] -> [Badnavirus]
  CRR1126140_clean_NODE_198_length_2599_cov_3.882423
      Species: [Pseudovirus nicotianae] -> [Atrato Retro-like virus]
  CRR1126140_clean_NODE_207_length_2554_cov_2.539299
      Species: [Pseudovirus nicotianae] -> [Atrato Retro-like virus]
  CRR1126140_clean_NODE_221_length_2477_cov_2.766223
      Species: [Pseudovirus brassicae] -> [Atrato Retro-like virus]
  CRR1126140_clean_NODE_223_length_2473_cov_2.806667
      Order: [Imitervirales] -> [空]
      Family: [Mimiviridae] -> [空]
      Genus: [Sarumanvirus] -> [空]
      Species: [Sarumanvirus bcepsaruman] -> [Virus NIOZ-UU157]
  CRR1126140_clean_NODE_2373_length_767_cov_1.819885
      Species: [Pseudovirus artarabidopsis] -> [Atrato Retro-like virus]
  CRR1126140_clean_NODE_273_length_2256_cov_2.959230
      Species: [Micromonas commoda virus] -> [Theiavirus salishense]
  CRR1126140_clean_NODE_2852_length_693_cov_6.058065
      Species: [Badnavirus reterubi] -> [Badnavirus gammavirgamusae]
  CRR1126140_clean_NODE_29_length_5167_cov_7.931488
      Species: [Pseudovirus zeae] -> [Atrato Retro-like virus]
  CRR1126140_clean_NODE_320_length_2096_cov_2.517054
      Species: [Pseudovirus australiense] -> [Atrato Retro-like virus]
  CRR1126140_clean_NODE_328_length_2063_cov_5.277387
      Species: [Pseudovirus zeae] -> [Atrato Retro-like virus]
  CRR1126140_clean_NODE_3325_length_636_cov_1.452931
      Species: [Penicillium camemberti virus - GP1] -> [Pseudovirus solani]
  CRR1126140_clean_NODE_3327_length_636_cov_1.381883
      Genus: [Sirevirus] -> [Caulimovirus]
      Species: [Sirevirus glycinis] -> [Caulimovirus sp.]
  CRR1126140_clean_NODE_353_length_1978_cov_2.952231
      Class: [Caudoviricetes] -> [Megaviricetes]
      Genus: [Thornevirus] -> [Chlorovirus]
  CRR1126140_clean_NODE_35_length_4909_cov_9.344500
      Species: [Pseudovirus maydis] -> [Atrato Retro-like virus]
  CRR1126140_clean_NODE_38_length_4798_cov_10.453122
      Species: [Alfalfa cytorhabdovirus 2] -> [Atrato Retro-like virus]
  CRR1126140_clean_NODE_432_length_1794_cov_3.259733
      Species: [Gammaretrovirus momursar] -> [Gammaretrovirus fibijimursar]
  CRR1126140_clean_NODE_4396_length_546_cov_1.139535
      Species: [Pseudovirus solani] -> [Atrato Retro-like virus]
  CRR1126140_clean_NODE_43_length_4614_cov_10.715922
      Species: [Pseudovirus artarabidopsis] -> [Atrato Retro-like virus]
  CRR1126140_clean_NODE_454_length_1755_cov_2.788942
      Order: [Herpesvirales] -> [Pimascovirales]
      Genus: [Kaumoebavirus] -> [空]
  CRR1126140_clean_NODE_472_length_1725_cov_3.131356
      Species: [Pseudovirus artarabidopsis] -> [Atrato Retro-like virus]
  CRR1126140_clean_NODE_501_length_1691_cov_3.034611
      Family: [Adenoviridae] -> [Mimiviridae]
      Species: [Megaviridae environmental sample*] -> [空]
  CRR1126140_clean_NODE_50_length_4444_cov_22.043011
      Species: [Pseudovirus australiense] -> [Atrato Retro-like virus]
  CRR1126140_clean_NODE_532_length_1639_cov_3.394636
      Genus: [Badnavirus] -> [Dioscovirus]
      Species: [Badnavirus venabougainvilleae] -> [Dioscovirus dioscoreae*]
  CRR1126140_clean_NODE_629_length_1501_cov_3.177171
      Species: [Pseudovirus brassicae] -> [Atrato Retro-like virus]
  CRR1126140_clean_NODE_74_length_3789_cov_4.187836
      Species: [Pseudovirus brassicae] -> [Atrato Retro-like virus]
  CRR1126140_clean_NODE_774_length_1362_cov_2.418154
      Species: [Pseudovirus brassicae] -> [Atrato Retro-like virus]
  CRR1126140_clean_NODE_787_length_1353_cov_2.696875
      Species: [Catovirus CTV1] -> [Tupanvirus salinum]
  CRR1126140_clean_NODE_804_length_1337_cov_1.587816
      Species: [Pseudovirus artarabidopsis] -> [Atrato Retro-like virus]
  CRR1126140_clean_NODE_859_length_1290_cov_6.732950
      Genus: [Metavirus] -> [空]
      Species: [Metavirus tatarabidopsis] -> [空]
  CRR1126140_clean_NODE_87_length_3603_cov_1.623513
      Species: [Hemivirus osseri] -> [Atrato Retro-like virus]
  CRR1126140_clean_NODE_88_length_3595_cov_4.684270
      Order: [Kalamavirales] -> [空]
      Family: [Tectiviridae] -> [空]
  CRR1126140_clean_NODE_93_length_3521_cov_5.125000
      Species: [Betaentomopoxvirus amoorei] -> [Carp edema virus]
  CRR1126143_clean_NODE_5_length_2448_cov_0.877053
      Genus: [Chlorovirus] -> [空]
      Species: [Chlorovirus americanus] -> [Terrestrivirus sp.]
  CRR1126145_clean_NODE_1194_length_529_cov_0.510965
      Species: [Lymphocryptovirus humangamma4] -> [Betabaculovirus sp.]
  CRR1126146_clean_NODE_165_length_1318_cov_1.332530
      Species: [Pseudovirus australiense] -> [Atrato Retro-like virus]
  CRR1126146_clean_NODE_19_length_2631_cov_2.240813
      Species: [Pseudovirus australiense] -> [Atrato Retro-like virus]
  CRR1126149_clean_NODE_125_length_1157_cov_1.183579
      Species: [Pseudovirus australiense] -> [Atrato Retro-like virus]
  CRR1126149_clean_NODE_27_length_1788_cov_12.689213
      Family: [Hydriviridae] -> [空]
      Genus: [Alphahydrivirus] -> [空]
      Species: [Alphahydrivirus permafrostis] -> [空]
  CRR1126149_clean_NODE_825_length_567_cov_0.568826
      Species: [Criusvirus kaneoense] -> [Tupanvirus altamarinense]
  CRR1126151_clean_NODE_29_length_2142_cov_0.571774
      Species: [Orthohepacivirus hominis] -> [Chlorovirus sp.]
  CRR1126151_clean_NODE_9_length_2669_cov_0.328968
      Class: [Caudoviricetes] -> [Megaviricetes]
      Genus: [Polybotosvirus] -> [Heliosvirus]
  CRR1126152_clean_NODE_17_length_2174_cov_0.328415
      Genus: [Polybotosvirus] -> [Heliosvirus]
  CRR1126152_clean_NODE_19_length_2024_cov_0.375705
      Species: [Pipoluvirus rarus] -> [Virus NIOZ-UU157]
  CRR1440120_clean_NODE_86_length_1716_cov_1.425441
      Genus: [Mimasvirus] -> [Heliosvirus]
  CRR1440121_clean_NODE_2004_length_512_cov_0.615034
      Species: [Agrostis stolonifera deltaflexivirus 1] -> [Alternaria alternata deltaflexivirus 1]
  CRR1440121_clean_NODE_75_length_1807_cov_1.201845
      Class: [Caudoviricetes] -> [Megaviricetes]
      Genus: [Asteriusvirus] -> [Heliosvirus]
  CRR1440122_clean_NODE_123_length_1653_cov_1.111392
      Genus: [Chlorovirus] -> [空]
      Species: [Chlorovirus conductrix] -> [Terrestrivirus sp.]
  CRR1440122_clean_NODE_15_length_2453_cov_1.836134
      Genus: [Chlorovirus] -> [空]
      Species: [Chlorovirus conductrix] -> [Terrestrivirus sp.]
  CRR1440122_clean_NODE_16_length_2430_cov_3.085702
      Genus: [Pandoravirus] -> [Medusavirus]
  CRR1440122_clean_NODE_23_length_2307_cov_4.728290
      Species: [Dishui Lake phycodnavirus 3] -> [Tethysvirus raunefjordenense]
  CRR1440122_clean_NODE_84_length_1809_cov_4.709677
      Family: [Hydriviridae] -> [空]
      Genus: [Alphahydrivirus] -> [空]
      Species: [Alphahydrivirus permafrostis] -> [空]
  CRR1440123_clean_NODE_2354_length_655_cov_1.223368
      Species: [Klosneuvirus KNV1] -> [Fadolivirus algeromassiliense]
  CRR1440123_clean_NODE_3_length_7439_cov_1883.998099
      Species: [Potexvirus ecspotati] -> [Potexvirus flavimaculae]
  CRR1440123_clean_NODE_547_length_1226_cov_1.837814
      Species: [Agrostis stolonifera deltaflexivirus 1] -> [Erysiphe necator associated deltaflexivirus 1]
  CRR1440124_clean_NODE_2597_length_598_cov_1.177143
      Genus: [Alphahydrivirus] -> [Fadolivirus]
  CRR1440124_clean_NODE_2734_length_585_cov_0.683594
      Species: [Agrostis stolonifera deltaflexivirus 1] -> [Deltaflexivirus glycinis]
  CRR1440124_clean_NODE_417_length_1307_cov_0.604538
      Species: [Agrostis stolonifera deltaflexivirus 1] -> [Deltaflexivirus glycinis]
  CRR1440124_clean_NODE_81_length_2053_cov_1.429798
      Genus: [Cotonvirus] -> [Klosneuvirus]
      Species: [Cotonvirus japonicum] -> [Klosneuvirus KNV1*]
  CRR1440125_clean_NODE_1625_length_744_cov_0.830104
      Species: [Agrostis stolonifera deltaflexivirus 1] -> [Deltaflexivirus glycinis]
  CRR1440125_clean_NODE_2006_length_674_cov_0.971714
      Species: [Alternaria alternata deltaflexivirus 1] -> [Deltaflexivirus glycinis]
  CRR1440125_clean_NODE_2269_length_635_cov_0.946619
      Species: [Agrostis stolonifera deltaflexivirus 1] -> [Deltaflexivirus sclerotiniae]
  CRR1440125_clean_NODE_51_length_2329_cov_4.377216
      Species: [Jingmen rodent bastrovirus 1] -> [Qianjiang picobirna-like virus 2]
  CRR1440126_clean_NODE_1053_length_1711_cov_4.535409
      Family: [Kyanoviridae] -> [Phycodnaviridae]
      Genus: [Bellamyvirus] -> [空]
      Species: [Bellamyvirus bellamy] -> [空]
  CRR1440126_clean_NODE_1123_length_1674_cov_1.693941
      Genus: [Hagravirus] -> [空]
      Species: [Hagravirus capitaneum] -> [Homavirus sp.]
  CRR1440126_clean_NODE_11770_length_501_cov_0.782710
      Species: [Dishui Lake large algae virus 1] -> [Mimivirus bradfordmassiliense]
  CRR1440126_clean_NODE_1267_length_1605_cov_3.502611
      Species: [environmental samples] -> [空]
  CRR1440126_clean_NODE_1367_length_1561_cov_2.372984
      Species: [Agrostis stolonifera deltaflexivirus 1] -> [Deltaflexivirus glycinis]
  CRR1440126_clean_NODE_14_length_4197_cov_1.855480
      Genus: [Gyeongsanvirus] -> [空]
  CRR1440126_clean_NODE_158_length_2716_cov_3.931517
      Genus: [Alphahydrivirus] -> [空]
      Species: [Alphahydrivirus permafrostis] -> [空]
  CRR1440126_clean_NODE_16_length_3970_cov_3.037465
      Species: [Alphacedratvirus brasiliense] -> [Alphapithovirus siberiense]
  CRR1440126_clean_NODE_185_length_2606_cov_1.342282
      Species: [Mimivirus lagoaense] -> [Terrestrivirus sp.]
  CRR1440126_clean_NODE_18_length_3930_cov_1.583096
      Genus: [Betasclernavirus] -> [Alphavirus]
      Species: [Solanum melongena bastro-like virus] -> [Plasmopara viticola lesion associated alpha-like virus 1]
  CRR1440126_clean_NODE_1931_length_1356_cov_40.918161
      Species: [Agrostis stolonifera deltaflexivirus 1] -> [Erysiphe necator associated deltaflexivirus 1]
  CRR1440126_clean_NODE_1947_length_1352_cov_2.000782
      Family: [Astroviridae] -> [Togaviridae]
      Genus: [Betasclernavirus] -> [Alphavirus]
      Species: [Solanum melongena bastro-like virus] -> [Plasmopara viticola lesion associated alpha-like virus 1]
  CRR1440126_clean_NODE_204_length_2549_cov_3.294426
      Genus: [Biavirus] -> [Kratosvirus]
      Species: [Biavirus raunefjordenense] -> [Kratosvirus quantuckense]
  CRR1440126_clean_NODE_20_length_3910_cov_2.011467
      Genus: [Biavirus] -> [Tupanvirus]
  CRR1440126_clean_NODE_22_length_3860_cov_2.412464
      Species: [Erysiphe necator associated deltaflexivirus 1] -> [Deltaflexivirus glycinis]
  CRR1440126_clean_NODE_318_length_2308_cov_3.040716
      Genus: [Chlorovirus] -> [Megavirus]
      Species: [Chlorovirus americanus] -> [Megavirus sp.]
  CRR1440126_clean_NODE_334_length_2275_cov_4.453224
      Species: [Dishui Lake large algae virus 1] -> [Megavirus powaiense]
  CRR1440126_clean_NODE_365_length_2232_cov_2.359426
      Species: [Manticavirus vombatidgamma1] -> [Manticavirus phascolarctidgamma1]
  CRR1440126_clean_NODE_3758_length_986_cov_2.088719
      Species: [Agrostis stolonifera deltaflexivirus 1] -> [Deltaflexivirus glycinis]
  CRR1440126_clean_NODE_383_length_2196_cov_4.860104
      Species: [Chrysophyceae clade H virus] -> [Plazymidvirus ZM41]
  CRR1440126_clean_NODE_415_length_2152_cov_49.410293
      Species: [Coccolithovirus huxleyi] -> [Emiliania huxleyi virus 18]
  CRR1440126_clean_NODE_426_length_2143_cov_3.569565
      Genus: [Wroclawvirus] -> [Heliosvirus]
  CRR1440126_clean_NODE_441_length_2129_cov_2.384241
      Class: [Caudoviricetes] -> [Megaviricetes]
      Family: [Mimiviridae] -> [Herelleviridae]
  CRR1440126_clean_NODE_4_length_6407_cov_6.481213
      Species: [Leptosphaeria biglobosa deltaflexivirus 1] -> [Deltaflexivirus glycinis]
  CRR1440126_clean_NODE_5078_length_828_cov_1.431788
      Genus: [Betasclernavirus] -> [Alphavirus]
      Species: [Solanum melongena bastro-like virus] -> [Plasmopara viticola lesion associated alpha-like virus 1]
  CRR1440126_clean_NODE_510_length_2056_cov_2.663641
      Species: [Heliosvirus raunefjordenense] -> [Oceanusvirus sp.*]
  CRR1440126_clean_NODE_535_length_2033_cov_4.067857
      Species: [Marseillevirus LCMAC202] -> [Megavirus powaiense]
  CRR1440126_clean_NODE_545_length_2023_cov_4.406154
      Species: [Agnivirus brisbanense] -> [Poseidoniales virus]
  CRR1440126_clean_NODE_58_length_3317_cov_5.899199
      Genus: [Chlorovirus] -> [空]
      Species: [Chlorovirus conductrix] -> [Terrestrivirus sp.]
  CRR1440126_clean_NODE_595_length_1976_cov_1.951130
      Genus: [Alphahydrivirus] -> [Marseillevirus]
      Species: [Alphahydrivirus permafrostis] -> [空]
  CRR1440126_clean_NODE_6464_length_715_cov_1.302181
      Species: [Erysiphe necator associated deltaflexivirus 1] -> [Deltaflexivirus glycinis]
  CRR1440126_clean_NODE_662_length_1929_cov_1.085129
      Class: [Caudoviricetes] -> [Megaviricetes]
      Genus: [Polybotosvirus] -> [Heliosvirus]
  CRR1440126_clean_NODE_670_length_1922_cov_6.528935
      Species: [Coccolithovirus huxleyi] -> [Emiliania huxleyi virus 18]
  CRR1440126_clean_NODE_709_length_1902_cov_3.923455
      Order: [Imitervirales] -> [Amarillovirales]
      Genus: [Biavirus] -> [Orthohepacivirus]
  CRR1440126_clean_NODE_714_length_1898_cov_1.772603
      Genus: [Fadolivirus] -> [空]
      Species: [Fadolivirus algeromassiliense] -> [Marseillevirus LCMAC103]
  CRR1440126_clean_NODE_807_length_1846_cov_4.689791
      Genus: [Biavirus] -> [Prasinovirus]
      Species: [Biavirus raunefjordenense] -> [空]
  CRR1440126_clean_NODE_824_length_1835_cov_11.333712
      Genus: [Biavirus] -> [Toursvirus]
      Species: [Biavirus raunefjordenense] -> [Toursvirus dptv1a]
  CRR1440126_clean_NODE_857_length_1817_cov_4.225917
      Genus: [Biavirus] -> [Kratosvirus]
      Species: [Biavirus raunefjordenense] -> [Kratosvirus quantuckense]
  CRR1440126_clean_NODE_873_length_1808_cov_1.077810
      Species: [Agrostis stolonifera deltaflexivirus 1] -> [Deltaflexivirus sclerotiniae]
  CRR1440126_clean_NODE_912_length_1793_cov_2.004651
      Species: [Dishui Lake phycodnavirus 3] -> [Coccolithovirus huxleyi]
  CRR1440126_clean_NODE_914_length_1792_cov_3.429319
      Genus: [Fadolivirus] -> [空]
      Species: [Fadolivirus algeromassiliense] -> [空]
  CRR1440126_clean_NODE_9317_length_573_cov_1.712000
      Family: [Phycodnaviridae] -> [Mimiviridae]
      Genus: [Chlorovirus] -> [空]
      Species: [Chlorovirus americanus] -> [空]
  CRR1440126_clean_NODE_931_length_1782_cov_1.311878
      Order: [Algavirales] -> [空]
      Family: [Phycodnaviridae] -> [空]
      Genus: [Phaeovirus] -> [空]
      Species: [Phaeovirus unasiliculosus] -> [空]
  CRR1440126_clean_NODE_9653_length_561_cov_4.321721
      Species: [Erysiphe necator associated deltaflexivirus 1] -> [Agrostis stolonifera deltaflexivirus 1]
  CRR1440126_clean_NODE_9754_length_558_cov_0.546392
      Species: [Agrostis stolonifera deltaflexivirus 1] -> [Deltaflexivirus glycinis]
  CRR1440126_clean_NODE_998_length_1736_cov_32.647625
      Order: [Cryppavirales] -> [Imitervirales]
      Family: [Mitoviridae] -> [空]
      Genus: [Mitovirus] -> [空]
      Species: [Mitovirus sp.] -> [空]
  CRR1440127_clean_NODE_10443_length_562_cov_1.306748
      Species: [Agrostis stolonifera deltaflexivirus 1] -> [Deltaflexivirus glycinis]
  CRR1440127_clean_NODE_1125_length_1803_cov_2.510983
      Species: [Goettingenvirus goe8] -> [Sicyoidochytrium minutum DNA virus]
  CRR1440127_clean_NODE_1139_length_1796_cov_5.221706
      Genus: [Biavirus] -> [Klosneuvirus]
      Species: [Biavirus raunefjordenense] -> [Klosneuvirus KNV1*]
  CRR1440127_clean_NODE_1183_length_1775_cov_4.800235
      Species: [Agnivirus brisbanense] -> [Poseidoniales virus]
  CRR1440127_clean_NODE_1198_length_1767_cov_1.492326
      Species: [Gammaretrovirus murleu] -> [Gammaretrovirus felleu]
  CRR1440127_clean_NODE_120_length_3254_cov_2.518705
      Genus: [Polybotosvirus] -> [Heliosvirus]
  CRR1440127_clean_NODE_1229_length_1751_cov_2.357569
      Order: [Autographivirales] -> [Algavirales]
      Species: [Kaohsiungvirus VPHS15] -> [空]
  CRR1440127_clean_NODE_1263_length_1735_cov_2.821300
      Genus: [Immutovirus] -> [空]
      Species: [Immutovirus immuto] -> [Virus NIOZ-UU157]
  CRR1440127_clean_NODE_1311_length_1714_cov_1.377818
      Family: [Astroviridae] -> [Togaviridae]
      Genus: [Betasclernavirus] -> [Alphavirus]
      Species: [Solanum melongena bastro-like virus] -> [Plasmopara viticola lesion associated alpha-like virus 1]
  CRR1440127_clean_NODE_1349_length_1695_cov_2.372996
      Genus: [Theiavirus] -> [Gammaretrovirus]
  CRR1440127_clean_NODE_1370_length_1685_cov_3.921216
      Class: [Caudoviricetes] -> [Megaviricetes]
      Genus: [Thornevirus] -> [Chlorovirus]
  CRR1440127_clean_NODE_1511_length_1619_cov_1.339586
      Species: [Alphacedratvirus brasiliense] -> [Alphapithovirus siberiense]
  CRR1440127_clean_NODE_1533_length_1611_cov_2.310793
      Class: [Caudoviricetes] -> [Megaviricetes]
      Genus: [Thornevirus] -> [Chlorovirus]
  CRR1440127_clean_NODE_1535_length_1610_cov_3.916070
      Family: [Kyanoviridae] -> [Phycodnaviridae]
      Genus: [Leucotheavirus] -> [空]
      Species: [Leucotheavirus sp4] -> [Micromonas commoda virus]
  CRR1440127_clean_NODE_153_length_3075_cov_3.881079
      Species: [Tupanvirus altamarinense] -> [Moumouvirus australiense]
  CRR1440127_clean_NODE_1557_length_1603_cov_2.528758
      Species: [Agrostis stolonifera deltaflexivirus 1] -> [Deltaflexivirus glycinis]
  CRR1440127_clean_NODE_1603_length_1586_cov_1.339722
      Genus: [Tupanvirus] -> [Fadolivirus]
  CRR1440127_clean_NODE_1636_length_1572_cov_2.562375
      Genus: [Salmonpoxvirus] -> [Gammaretrovirus]
  CRR1440127_clean_NODE_1739_length_1536_cov_1.771018
      Class: [Caudoviricetes] -> [Megaviricetes]
  CRR1440127_clean_NODE_177_length_2959_cov_10.031878
      Genus: [Alphahydrivirus] -> [空]
      Species: [Alphahydrivirus permafrostis] -> [Naiavirus sp.]
  CRR1440127_clean_NODE_1826_length_1513_cov_2.226389
      Class: [Caudoviricetes] -> [Megaviricetes]
      Species: [Coltivirus dermacentoris] -> [Hatfieldvirus porci]
  CRR1440127_clean_NODE_2292_length_1377_cov_3.509202
      Family: [Hydriviridae] -> [空]
      Genus: [Alphahydrivirus] -> [空]
      Species: [Alphahydrivirus permafrostis] -> [空]
  CRR1440127_clean_NODE_2299_length_1376_cov_0.988488
      Species: [Agrostis stolonifera deltaflexivirus 1] -> [Deltaflexivirus glycinis]
  CRR1440127_clean_NODE_318_length_2564_cov_10.765556
      Species: [Chrysophyceae clade H virus] -> [Biavirus raunefjordenense]
  CRR1440127_clean_NODE_3191_length_1178_cov_1.517647
      Species: [Agrostis stolonifera deltaflexivirus 1] -> [Deltaflexivirus sclerotiniae]
  CRR1440127_clean_NODE_32_length_4079_cov_1.971043
      Family: [Astroviridae] -> [Togaviridae]
      Genus: [Betasclernavirus] -> [Alphavirus]
      Species: [Solanum melongena bastro-like virus] -> [Plasmopara viticola lesion associated alpha-like virus 1]
  CRR1440127_clean_NODE_332_length_2526_cov_4.873216
      Genus: [Alphahydrivirus] -> [Catovirus]
      Species: [Alphahydrivirus permafrostis] -> [Catovirus CTV1]
  CRR1440127_clean_NODE_3633_length_1097_cov_1.473633
      Family: [Phycodnaviridae] -> [Mimiviridae]
      Genus: [Tethysvirus] -> [空]
      Species: [Chrysochromulina ericina virus] -> [Edafosvirus sp.]
  CRR1440127_clean_NODE_406_length_2397_cov_2.962995
      Genus: [Alphahydrivirus] -> [空]
      Species: [Alphahydrivirus permafrostis] -> [空]
  CRR1440127_clean_NODE_416_length_2378_cov_10.954447
      Species: [Micromonas commoda virus] -> [Tethysvirus raunefjordenense]
  CRR1440127_clean_NODE_4359_length_993_cov_5.364130
      Species: [Tupanvirus salinum] -> [Tupanvirus altamarinense]
  CRR1440127_clean_NODE_437_length_2350_cov_33.510321
      Genus: [Chlorovirus] -> [Megavirus]
      Species: [Chlorovirus americanus] -> [Megavirus sp.]
  CRR1440127_clean_NODE_452_length_2314_cov_3.441321
      Species: [Simplexvirus humanalpha2] -> [Epsilonentomopoxvirus dlongicaudata]
  CRR1440127_clean_NODE_471_length_2283_cov_15.419005
      Genus: [Fadolivirus] -> [空]
      Species: [Fadolivirus algeromassiliense] -> [Marseillevirus LCMAC103]
  CRR1440127_clean_NODE_4723_length_946_cov_0.886598
      Species: [Agrostis stolonifera deltaflexivirus 1] -> [Deltaflexivirus glycinis]
  CRR1440127_clean_NODE_473_length_2274_cov_9.568378
      Species: [Marseillevirus LCMAC202] -> [Tethysvirus raunefjordenense]
  CRR1440127_clean_NODE_512_length_2227_cov_10.903435
      Genus: [Hagravirus] -> [空]
      Species: [Hagravirus capitaneum] -> [Homavirus sp.]
  CRR1440127_clean_NODE_522_length_2212_cov_2.290323
      Species: [Chrysophyceae clade H virus] -> [Plazymidvirus ZM41]
  CRR1440127_clean_NODE_532_length_2202_cov_2.256458
      Genus: [Efemunavirus] -> [空]
  CRR1440127_clean_NODE_539_length_2189_cov_3.795841
      Order: [Pantevenvirales] -> [空]
      Genus: [Serangoonvirus] -> [空]
  CRR1440127_clean_NODE_584_length_2150_cov_2.269138
      Genus: [Chlorovirus] -> [Megavirus]
      Species: [Chlorovirus americanus] -> [Megavirus sp.]
  CRR1440127_clean_NODE_591_length_2145_cov_4.820946
      Genus: [Centapoxvirus] -> [空]
      Species: [Centapoxvirus microtuspox] -> [空]
  CRR1440127_clean_NODE_640_length_2106_cov_2.167732
      Species: [Chrysophyceae clade H virus] -> [Tupanvirus altamarinense]
  CRR1440127_clean_NODE_6802_length_750_cov_0.604136
      Species: [Alternaria alternata deltaflexivirus 1] -> [Deltaflexivirus glycinis]
  CRR1440127_clean_NODE_711_length_2044_cov_2.329274
      Genus: [Phaeovirus] -> [空]
      Species: [Phaeovirus irregularis] -> [Marseillevirus LCMAC201]
  CRR1440127_clean_NODE_74_length_3526_cov_4.836953
      Genus: [Prasinovirus] -> [空]
      Species: [Prasinovirus micromonas] -> [Mimiviridae sp. ChoanoV1*]
  CRR1440127_clean_NODE_7613_length_696_cov_1.298555
      Species: [Dishui Lake phycodnavirus 4] -> [Fadolivirus algeromassiliense]
  CRR1440127_clean_NODE_793_length_1984_cov_7.461015
      Family: [Kyanoviridae] -> [Phycodnaviridae]
      Genus: [Greenvirus] -> [空]
      Species: [Greenvirus ssm4] -> [空]
  CRR1440127_clean_NODE_810_length_1978_cov_2.864567
      Genus: [Coccolithovirus] -> [Prasinovirus]
      Species: [Coccolithovirus huxleyi] -> [空]
  CRR1440127_clean_NODE_814_length_1973_cov_1.472632
      Class: [Caudoviricetes] -> [Megaviricetes]
      Genus: [Spinunavirus] -> [Fadolivirus]
      Species: [Fadolivirus algeromassiliense] -> [Spinunavirus IPP61]
  CRR1440127_clean_NODE_818_length_1971_cov_2.199684
      Genus: [Immutovirus] -> [空]
      Species: [Immutovirus immuto] -> [Virus NIOZ-UU157]
  CRR1440127_clean_NODE_8826_length_628_cov_5.232432
      Species: [Agrostis stolonifera deltaflexivirus 1] -> [Deltaflexivirus glycinis]
  CRR1440127_clean_NODE_906_length_1919_cov_2.181473
      Genus: [Alphaorpheovirus] -> [空]
      Species: [Alphaorpheovirus massiliense] -> [Otarine gammaherpesvirus 4]
  CRR1440127_clean_NODE_937_length_1901_cov_2.935996
      Genus: [Cotonvirus] -> [Klosneuvirus]
      Species: [Cotonvirus japonicum] -> [Klosneuvirus KNV1*]
  CRR1440127_clean_NODE_947_length_1896_cov_1.581459
      Species: [Alphacedratvirus brasiliense] -> [Pithovirus LCPAC304]
  CRR1440127_clean_NODE_989_length_1876_cov_5.574043
      Genus: [Tupanvirus] -> [空]
      Species: [Tupanvirus altamarinense] -> [Marseillevirus LCMAC202]
  CRR1440128_clean_NODE_1020_length_1802_cov_5.293811
      Species: [Apis mellifra filamentous-like virus] -> [Betanudivirus hezeae]
  CRR1440128_clean_NODE_1034_length_1796_cov_2.453279
      Genus: [Biavirus] -> [Marseillevirus]
      Species: [Biavirus raunefjordenense] -> [空]
  CRR1440128_clean_NODE_10605_length_568_cov_1.551515
      Class: [Herviviricetes] -> [Megaviricetes]
      Order: [Herpesvirales] -> [空]
      Family: [Orthoherpesviridae] -> [空]
      Genus: [Macavirus] -> [空]
      Species: [Macavirus bovinegamma6] -> [空]
  CRR1440128_clean_NODE_1083_length_1771_cov_1.603062
      Genus: [Chlorovirus] -> [空]
      Species: [Chlorovirus americanus] -> [Homavirus sp.]
  CRR1440128_clean_NODE_11716_length_536_cov_2.606911
      Species: [Pithovirus LCPAC001] -> [Mimivirus lagoaense]
  CRR1440128_clean_NODE_1245_length_1703_cov_1.444785
      Species: [Agrostis stolonifera deltaflexivirus 1] -> [Deltaflexivirus glycinis]
  CRR1440128_clean_NODE_1266_length_1693_cov_2.561111
      Order: [Algavirales] -> [空]
      Species: [Chlorovirus minnesotense] -> [Inibicvirus 613R3]
  CRR1440128_clean_NODE_1291_length_1685_cov_1.602357
      Family: [Marseilleviridae] -> [Phycodnaviridae]
  CRR1440128_clean_NODE_130_length_2924_cov_3.144160
      Species: [Tupanvirus salinum] -> [Sylvanvirus sp.]
  CRR1440128_clean_NODE_1323_length_1669_cov_5.314536
      Genus: [Biavirus] -> [Toursvirus]
      Species: [Biavirus raunefjordenense] -> [空]
  CRR1440128_clean_NODE_1398_length_1637_cov_1.336317
      Kingdom: [Heunggongvirae] -> [Bamfordvirae]
      Phylum: [Uroviricota] -> [Nucleocytoviricota]
      Class: [Caudoviricetes] -> [Megaviricetes]
  CRR1440128_clean_NODE_147_length_2860_cov_2.898098
      Genus: [Chlorovirus] -> [空]
      Species: [Chlorovirus americanus] -> [Terrestrivirus sp.]
  CRR1440128_clean_NODE_1497_length_1596_cov_2.324360
      Genus: [Pandoravirus] -> [空]
  CRR1440128_clean_NODE_1571_length_1570_cov_1.764863
      Genus: [Prasinovirus] -> [空]
      Species: [Prasinovirus micromonas] -> [Mimiviridae sp. ChoanoV1*]
  CRR1440128_clean_NODE_1693_length_1532_cov_1.115833
      Genus: [Kaohsiungvirus] -> [空]
  CRR1440128_clean_NODE_1865_length_1474_cov_1.662384
      Genus: [Biavirus] -> [空]
  CRR1440128_clean_NODE_1891_length_1467_cov_1.080344
      Species: [Chrysophyceae clade H virus] -> [Tupanvirus salinum]
  CRR1440128_clean_NODE_1916_length_1462_cov_1.583873
      Genus: [Phaeovirus] -> [Gammaretrovirus]
  CRR1440128_clean_NODE_1944_length_1452_cov_1.965917
      Genus: [Mimivirus] -> [Gammaretrovirus]
  CRR1440128_clean_NODE_2017_length_1428_cov_3.752030
      Family: [Kyanoviridae] -> [Phycodnaviridae]
      Genus: [Anaposvirus] -> [空]
      Species: [Anaposvirus socalone] -> [空]
  CRR1440128_clean_NODE_204_length_2661_cov_2.641036
      Class: [Caudoviricetes] -> [Megaviricetes]
      Genus: [Spinunavirus] -> [Fadolivirus]
  CRR1440128_clean_NODE_2254_length_1362_cov_1.307991
      Genus: [Fadolivirus] -> [Orthohepacivirus]
  CRR1440128_clean_NODE_2273_length_1358_cov_1.164202
      Family: [Adenoviridae] -> [Mimiviridae]
      Genus: [Pandoravirus] -> [空]
      Species: [Megaviridae environmental sample*] -> [空]
  CRR1440128_clean_NODE_237_length_2576_cov_2.830204
      Species: [Vetruanivirus dhakaense] -> [Dishui Lake large algae virus 1]
  CRR1440128_clean_NODE_294_length_2468_cov_2.677244
      Species: [Parapoxvirus orf] -> [Biavirus raunefjordenense]
  CRR1440128_clean_NODE_328_length_2408_cov_2.419272
      Genus: [Chlorovirus] -> [空]
      Species: [Chlorovirus americanus] -> [Edafosvirus sp.]
  CRR1440128_clean_NODE_3794_length_1065_cov_2.172379
      Species: [Agrostis stolonifera deltaflexivirus 1] -> [Deltaflexivirus glycinis]
  CRR1440128_clean_NODE_394_length_2289_cov_2.576264
      Species: [Pithovirus LCPAC304] -> [Alphahydrivirus permafrostis]
  CRR1440128_clean_NODE_396_length_2287_cov_2.016712
      Genus: [Cotonvirus] -> [Tupanvirus]
      Species: [Cotonvirus japonicum] -> [空]
  CRR1440128_clean_NODE_3_length_7227_cov_7.053257
      Genus: [Wendovervirus] -> [空]
      Species: [Wendovervirus sonii] -> [Homavirus sp.]
  CRR1440128_clean_NODE_410_length_2263_cov_3.167123
      Species: [Camponotus japonicus labial gland disease virus] -> [Hokovirus HKV1*]
  CRR1440128_clean_NODE_43_length_3641_cov_12.408913
      Species: [Agrostis stolonifera deltaflexivirus 1] -> [Deltaflexivirus glycinis]
  CRR1440128_clean_NODE_4508_length_965_cov_1.989910
      Genus: [Biavirus] -> [空]
      Species: [Biavirus raunefjordenense] -> [Edafosvirus sp.]
  CRR1440128_clean_NODE_468_length_2192_cov_3.300142
      Species: [Dishui Lake large algae virus 1] -> [Tethysvirus raunefjordenense]
  CRR1440128_clean_NODE_542_length_2118_cov_3.610758
      Genus: [Alphahydrivirus] -> [空]
      Species: [Alphahydrivirus permafrostis] -> [Naiavirus sp.]
  CRR1440128_clean_NODE_5463_length_863_cov_0.931646
      Family: [Astroviridae] -> [Togaviridae]
      Genus: [Betasclernavirus] -> [Alphavirus]
      Species: [Solanum melongena bastro-like virus] -> [Plasmopara viticola lesion associated alpha-like virus 1]
  CRR1440128_clean_NODE_562_length_2096_cov_3.696985
      Genus: [Fadolivirus] -> [空]
  CRR1440128_clean_NODE_56_length_3451_cov_2.769982
      Kingdom: [Heunggongvirae] -> [Bamfordvirae]
      Phylum: [Uroviricota] -> [Nucleocytoviricota]
  CRR1440128_clean_NODE_581_length_2081_cov_9.252490
      Species: [Mimivirus LCMiAC01] -> [Terrestrivirus sp.]
  CRR1440128_clean_NODE_600_length_2062_cov_2.138763
      Species: [Tethysvirus hollandense] -> [Chlorovirus sp.]
  CRR1440128_clean_NODE_626_length_2039_cov_1.584944
      Species: [Pithovirus LCPAC406] -> [Biavirus raunefjordenense]
  CRR1440128_clean_NODE_654_length_2014_cov_2.314271
      Species: [Hokovirus HKV1] -> [Alphahydrivirus permafrostis]
  CRR1440128_clean_NODE_664_length_2006_cov_6.318676
      Genus: [Biavirus] -> [Toursvirus]
  CRR1440128_clean_NODE_6806_length_752_cov_5.559647
      Kingdom: [Heunggongvirae] -> [Bamfordvirae]
      Phylum: [Uroviricota] -> [Nucleocytoviricota]
      Class: [Caudoviricetes] -> [Megaviricetes]
  CRR1440128_clean_NODE_693_length_1983_cov_2.266492
      Genus: [Salmonpoxvirus] -> [Gammaretrovirus]
  CRR1440128_clean_NODE_7198_length_725_cov_1.328221
      Family: [Astroviridae] -> [Togaviridae]
      Genus: [Betasclernavirus] -> [Alphavirus]
      Species: [Solanum melongena bastro-like virus] -> [Plasmopara viticola lesion associated alpha-like virus 1]
  CRR1440128_clean_NODE_742_length_1958_cov_1.687533
      Order: [Imitervirales] -> [Rowavirales]
      Genus: [Biavirus] -> [空]
      Species: [Biavirus raunefjordenense] -> [空]
  CRR1440128_clean_NODE_842_length_1891_cov_3.453245
      Genus: [Tsamsavirus] -> [Grisebachstrassevirus]
  CRR1440128_clean_NODE_9021_length_628_cov_1.050450
      Species: [Agrostis stolonifera deltaflexivirus 1] -> [Deltaflexivirus glycinis]
  CRR1440128_clean_NODE_913_length_1850_cov_1.338773
      Class: [Caudoviricetes] -> [Megaviricetes]
      Order: [Pantevenvirales] -> [空]
      Family: [Kyanoviridae] -> [空]
      Genus: [Palaemonvirus] -> [空]
      Species: [Palaemonvirus pssm7] -> [空]
  CRR1440128_clean_NODE_914_length_1849_cov_9.512950
      Genus: [Biavirus] -> [Toursvirus]
  CRR1440128_clean_NODE_923_length_1845_cov_2.079007
      Species: [Orthohepacivirus hominis] -> [Harvfovirus sp.]
  CRR1440128_clean_NODE_931_length_1839_cov_3.214609
      Genus: [Alphahydrivirus] -> [空]
      Species: [Alphahydrivirus permafrostis] -> [空]
  CRR1440128_clean_NODE_993_length_1812_cov_1.944221
      Genus: [Alphacedratvirus] -> [空]
      Species: [Alphacedratvirus francolausannense] -> [Terrestrivirus sp.]
  CRR1440129_clean_NODE_10_length_4096_cov_3.534178
      Species: [Fadolivirus algeromassiliense] -> [Edafosvirus sp.]
  CRR1440129_clean_NODE_1102_length_1339_cov_2.281201
      Genus: [Pseudovirus] -> [Caulimovirus]
      Species: [Pseudovirus brassicae] -> [Caulimovirus sp.]
  CRR1440129_clean_NODE_151_length_2409_cov_4.606164
      Genus: [Immutovirus] -> [空]
  CRR1440129_clean_NODE_197_length_2260_cov_3.231824
      Species: [Dishui Lake phycodnavirus 3] -> [Theiavirus salishense]
  CRR1440129_clean_NODE_217_length_2202_cov_3.250822
      Genus: [Biavirus] -> [空]
  CRR1440129_clean_NODE_236_length_2174_cov_26.801523
      Genus: [Biavirus] -> [Toursvirus]
      Species: [Biavirus raunefjordenense] -> [Toursvirus dptv1a]
  CRR1440129_clean_NODE_346_length_1950_cov_2.864145
      Genus: [Biavirus] -> [空]
      Species: [Biavirus raunefjordenense] -> [Marseillevirus LCMAC201]
  CRR1440129_clean_NODE_377_length_1904_cov_1.969962
      Species: [Chrysophyceae clade H virus] -> [Plazymidvirus ZM41]
  CRR1440129_clean_NODE_380_length_1903_cov_2.013661
      Species: [Betabaculovirus spofrugiperdae] -> [空]
  CRR1440129_clean_NODE_605_length_1657_cov_5.930556
      Species: [Pseudovirus oryzae] -> [Atrato Retro-like virus]
  CRR1440129_clean_NODE_67_length_2921_cov_9.053371
      Class: [Caudoviricetes] -> [Megaviricetes]
  CRR1440129_clean_NODE_714_length_1564_cov_1.116030
      Genus: [Biavirus] -> [空]
      Species: [Biavirus raunefjordenense] -> [Homavirus sp.]
  CRR1440129_clean_NODE_719_length_1561_cov_1.293683
      Species: [Alphacedratvirus brasiliense] -> [Alphaorpheovirus massiliense]
  CRR1440129_clean_NODE_75_length_2851_cov_10.186105
      Genus: [Alphahydrivirus] -> [Fadolivirus]
  CRR1440129_clean_NODE_8424_length_566_cov_0.791075
      Class: [Herviviricetes] -> [Megaviricetes]
      Order: [Herpesvirales] -> [Imitervirales]
      Genus: [Salmonpoxvirus] -> [空]
      Species: [Salmonpoxvirus gillpox] -> [Edafosvirus sp.]
  CRR1440130_clean_NODE_100_length_2531_cov_27.747762
      Class: [Caudoviricetes] -> [Megaviricetes]
      Genus: [Polybotosvirus] -> [Heliosvirus]
  CRR1440130_clean_NODE_116_length_2443_cov_3.604641
      Genus: [Immutovirus] -> [空]
  CRR1440130_clean_NODE_11_length_4192_cov_2.271182
      Genus: [Cytomegalovirus] -> [空]
  CRR1440130_clean_NODE_1383_length_1147_cov_10.074488
      Genus: [Pseudovirus] -> [Caulimovirus]
      Species: [Pseudovirus brassicae] -> [Caulimovirus sp.]
  CRR1440130_clean_NODE_150_length_2261_cov_13.132998
      Family: [Adenoviridae] -> [Mesomimiviridae]
  CRR1440130_clean_NODE_185_length_2166_cov_1.342093
      Class: [Caudoviricetes] -> [Megaviricetes]
      Family: [Phycodnaviridae] -> [Peduoviridae]
  CRR1440130_clean_NODE_242_length_2018_cov_4.462725
      Genus: [Immutovirus] -> [空]
      Species: [Immutovirus immuto] -> [Virus NIOZ-UU157]
  CRR1440130_clean_NODE_2686_length_887_cov_2.030713
      Realm: [Varidnaviria] -> [Duplodnaviria]
      Kingdom: [Bamfordvirae] -> [Heunggongvirae]
  CRR1440130_clean_NODE_283_length_1938_cov_1.439142
      Family: [Adenoviridae] -> [Mimiviridae]
      Species: [Megaviridae environmental sample*] -> [空]
  CRR1440130_clean_NODE_313_length_1893_cov_1.703846
      Class: [Caudoviricetes] -> [Megaviricetes]
      Genus: [Efemunavirus] -> [空]
      Species: [Terrestrivirus sp.] -> [Efemunavirus Lg62]
  CRR1440130_clean_NODE_357_length_1833_cov_2.164205
      Species: [Biavirus raunefjordenense] -> [Tethysvirus ontarioense]
  CRR1440130_clean_NODE_37_length_3117_cov_9.395861
      Genus: [Polybotosvirus] -> [Heliosvirus]
  CRR1440130_clean_NODE_49_length_2889_cov_3.493963
      Species: [Apis mellifera filamentous virus] -> [Mimiviridae sp. ChoanoV1*]
  CRR1440130_clean_NODE_510_length_1647_cov_1.576239
      Genus: [Chlorovirus] -> [空]
      Species: [Chlorovirus conductrix] -> [Terrestrivirus sp.]
  CRR1440130_clean_NODE_561_length_1600_cov_5.506876
      Genus: [Alphahydrivirus] -> [Hokovirus]
      Species: [Orthopestivirus bovis] -> [Hokovirus HKV1*]
  CRR1440130_clean_NODE_57_length_2804_cov_10.443793
      Genus: [Alphahydrivirus] -> [Fadolivirus]
  CRR1440130_clean_NODE_754_length_1444_cov_1.445660
      Species: [Imitervirales sp.] -> [Mimiviridae sp. ChoanoV1*]
  CRR1440130_clean_NODE_77_length_2678_cov_2.285221
      Genus: [Wendovervirus] -> [空]
  CRR1440131_clean_NODE_101_length_2400_cov_2.507091
      Species: [Dishui Lake phycodnavirus 3] -> [Theiavirus salishense]
  CRR1440131_clean_NODE_133_length_2268_cov_1.218223
      Genus: [Polybotosvirus] -> [Heliosvirus]
  CRR1440131_clean_NODE_134_length_2265_cov_2.950274
      Species: [Chrysophyceae clade H virus] -> [Plazymidvirus ZM41]
  CRR1440131_clean_NODE_1380_length_1076_cov_8.075773
      Genus: [Pseudovirus] -> [Caulimovirus]
      Species: [Pseudovirus brassicae] -> [Caulimovirus sp.]
  CRR1440131_clean_NODE_165_length_2184_cov_2.172904
      Species: [environmental samples] -> [空]
  CRR1440131_clean_NODE_216_length_1990_cov_1.764215
      Genus: [Chlorovirus] -> [空]
      Species: [Chlorovirus americanus] -> [Terrestrivirus sp.]
  CRR1440131_clean_NODE_248_length_1943_cov_5.399465
      Species: [Pseudovirus solani] -> [Atrato Retro-like virus]
  CRR1440131_clean_NODE_2_length_7389_cov_3.717332
      Species: [Alphapithovirus siberiense] -> [Metavirus tatarabidopsis]
  CRR1440131_clean_NODE_3330_length_745_cov_2.147321
      Species: [Faunusvirus sp.] -> [空]
  CRR1440131_clean_NODE_338_length_1779_cov_1.739742
      Species: [Agnivirus brisbanense] -> [Poseidoniales virus]
  CRR1440131_clean_NODE_382_length_1718_cov_1.722796
      Genus: [Fadolivirus] -> [空]
      Species: [Fadolivirus algeromassiliense] -> [Marseillevirus LCMAC103]
  CRR1440131_clean_NODE_450_length_1631_cov_1.911425
      Species: [Fadolivirus algeromassiliense] -> [Edafosvirus sp.]
  CRR1440131_clean_NODE_495_length_1577_cov_1.245346
      Species: [Agnivirus brisbanense] -> [Poseidoniales virus]
  CRR1440131_clean_NODE_6400_length_559_cov_3.541152
      Genus: [Pseudovirus] -> [Errantivirus]
      Species: [Pseudovirus glycinis] -> [Errantivirus trichoplusiae*]
  CRR1440132_clean_NODE_112_length_2136_cov_1.819195
      Species: [Soymovirus malvae] -> [Soymovirus crispocestri]
  CRR1440132_clean_NODE_231_length_1704_cov_1.760270
      Species: [Soymovirus malvae] -> [Soymovirus maculaglycinis]
  CRR1440133_clean_NODE_1369_length_809_cov_1.964674
      Genus: [Soymovirus] -> [Caulimovirus]
      Species: [Soymovirus crispocestri] -> [Caulimovirus sp.]
  CRR1440133_clean_NODE_2041_length_681_cov_1.134868
      Species: [Alternaria alternata deltaflexivirus 1] -> [Deltaflexivirus glycinis]
  CRR1440133_clean_NODE_257_length_1549_cov_0.970190
      Species: [Agrostis stolonifera deltaflexivirus 1] -> [Deltaflexivirus glycinis]
  CRR1440134_clean_NODE_145_length_1959_cov_3.060976
      Species: [Micromonas polaris virus] -> [Theiavirus salishense]
  CRR1440134_clean_NODE_508_length_1236_cov_1.465176
      Species: [Alternaria alternata deltaflexivirus 1] -> [Deltaflexivirus glycinis]
  CRR1440134_clean_NODE_816_length_1015_cov_0.819533
      Species: [Agrostis stolonifera deltaflexivirus 1] -> [Erysiphe necator associated deltaflexivirus 1]
  CRR1440134_clean_NODE_94_length_2236_cov_6.845585
      Genus: [Immutovirus] -> [空]
  CRR1440135_clean_NODE_1010_length_2433_cov_7.328814
      Species: [environmental samples] -> [空]
  CRR1440135_clean_NODE_1032_length_2415_cov_7.133219
      Genus: [Biavirus] -> [空]
      Species: [Chrysophyceae clade H virus] -> [Berere partitivirus]
  CRR1440135_clean_NODE_103_length_5085_cov_5.194533
      Realm: [Duplodnaviria] -> [Riboviria]
      Kingdom: [Heunggongvirae] -> [Orthornavirae]
      Genus: [Biavirus] -> [空]
      Species: [Cyvirus cyprinidallo2] -> [空]
  CRR1440135_clean_NODE_1067_length_2378_cov_7.970065
      Genus: [Tupanvirus] -> [Catovirus]
  CRR1440135_clean_NODE_1110_length_2342_cov_6.617012
      Phylum: [Nucleocytoviricota] -> [Peploviricota]
      Order: [Algavirales] -> [空]
      Genus: [Coccolithovirus] -> [空]
  CRR1440135_clean_NODE_1112_length_2340_cov_2.089105
      Kingdom: [Heunggongvirae] -> [Bamfordvirae]
      Phylum: [Uroviricota] -> [Preplasmiviricota]
      Class: [Caudoviricetes] -> [Pharingeaviricetes]
      Species: [environmental samples] -> [空]
  CRR1440135_clean_NODE_1131_length_2330_cov_3.311475
      Species: [Chrysophyceae clade H virus] -> [Betanudivirus hezeae]
  CRR1440135_clean_NODE_113_length_4861_cov_18.440267
      Genus: [Biavirus] -> [空]
      Species: [Biavirus raunefjordenense] -> [Homavirus sp.]
  CRR1440135_clean_NODE_1247_length_2214_cov_3.719757
      Genus: [Biavirus] -> [空]
      Species: [Biavirus raunefjordenense] -> [Marseillevirus LCMAC202]
  CRR1440135_clean_NODE_1312_length_2144_cov_4.185901
      Genus: [Oceanusvirus] -> [空]
      Species: [Oceanusvirus kaneohense] -> [Mimivirus LCMiAC02]
  CRR1440135_clean_NODE_1391_length_2086_cov_144.091903
      Genus: [Pandoravirus] -> [Hagravirus]
      Species: [Hagravirus capitaneum] -> [空]
  CRR1440135_clean_NODE_1407_length_2079_cov_2.588734
      Phylum: [Nucleocytoviricota] -> [Uroviricota]
  CRR1440135_clean_NODE_1513_length_2018_cov_7.282262
      Species: [Chrysophyceae clade H virus] -> [Tupanvirus salinum]
  CRR1440135_clean_NODE_1518_length_2014_cov_18.986090
      Genus: [Biavirus] -> [Kratosvirus]
      Species: [Biavirus raunefjordenense] -> [Kratosvirus quantuckense]
  CRR1440135_clean_NODE_153_length_4542_cov_63.422913
      Genus: [Biavirus] -> [空]
      Species: [Biavirus raunefjordenense] -> [Marseillevirus LCMAC201]
  CRR1440135_clean_NODE_1620_length_1939_cov_8.365488
      Genus: [Alphanudivirus] -> [空]
      Species: [Alphanudivirus alterdromelanogasteris] -> [IC4 retrovirus]
  CRR1440135_clean_NODE_1631_length_1930_cov_8.946688
      Species: [Agnivirus brisbanense] -> [Poseidoniales virus]
  CRR1440135_clean_NODE_1677_length_1897_cov_7.384320
      Species: [Agnivirus brisbanense] -> [Poseidoniales virus]
  CRR1440135_clean_NODE_1688_length_1890_cov_3.548156
      Species: [Chrysophyceae clade H virus] -> [Tupanvirus salinum]
  CRR1440135_clean_NODE_1738_length_1849_cov_8.330518
      Species: [Heliosvirus raunefjordenense] -> [Tethysvirus ontarioense]
  CRR1440135_clean_NODE_1787_length_1824_cov_2.358081
      Kingdom: [Heunggongvirae] -> [Bamfordvirae]
      Phylum: [Uroviricota] -> [Nucleocytoviricota]
      Class: [Caudoviricetes] -> [Megaviricetes]
  CRR1440135_clean_NODE_1828_length_1795_cov_6.623693
      Genus: [Moumouvirus] -> [Mimivirus]
  CRR1440135_clean_NODE_1920_length_1743_cov_1.728743
      Genus: [Biavirus] -> [空]
      Species: [Klosneuvirus KNV1] -> [Guapo partitivirus]
  CRR1440135_clean_NODE_1928_length_1739_cov_1.788115
      Genus: [Lymphocystivirus] -> [Cotonvirus]
      Species: [Lymphocystivirus paralichthys1] -> [Cotonvirus japonicum]
  CRR1440135_clean_NODE_20_length_7208_cov_11.769727
      Species: [Lentivirus humimdef1] -> [Sylvanvirus sp.]
  CRR1440135_clean_NODE_2269_length_1560_cov_2.213853
      Class: [Caudoviricetes] -> [Megaviricetes]
      Genus: [Justusliebigvirus] -> [Hokovirus]
      Species: [Justusliebigvirus alia] -> [Hokovirus HKV1*]
  CRR1440135_clean_NODE_2309_length_1535_cov_20.550616
      Class: [Caudoviricetes] -> [Naldaviricetes]
      Genus: [Timquatrovirus] -> [空]
  CRR1440135_clean_NODE_232_length_4104_cov_5.015629
      Species: [Ripujen virus] -> [Tupanvirus altamarinense]
  CRR1440135_clean_NODE_2649_length_1373_cov_1.376923
      Genus: [Biavirus] -> [Rheavirus]
      Species: [Biavirus raunefjordenense] -> [Rheavirus sinusmexicani*]
  CRR1440135_clean_NODE_2737_length_1335_cov_2.587956
      Class: [Caudoviricetes] -> [Megaviricetes]
      Family: [Jeanschmidtviridae] -> [空]
      Genus: [Kikimoravirus] -> [空]
      Species: [Kikimoravirus gurke] -> [空]
  CRR1440135_clean_NODE_278_length_3874_cov_5.841358
      Species: [Porprismacovirus porci19] -> [Tupanvirus salinum]
  CRR1440135_clean_NODE_292_length_3822_cov_3.902641
      Class: [Caudoviricetes] -> [Megaviricetes]
      Genus: [Salacisavirus] -> [空]
      Species: [Salacisavirus pssm2] -> [Marseillevirus LCMAC103]
  CRR1440135_clean_NODE_32_length_6535_cov_149.046580
      Class: [Caudoviricetes] -> [Megaviricetes]
      Genus: [Polybotosvirus] -> [Heliosvirus]
  CRR1440135_clean_NODE_373_length_3569_cov_21.129005
      Species: [Pandoravirus belohorizontensis] -> [Tupanvirus altamarinense]
  CRR1440135_clean_NODE_396_length_3494_cov_4.951184
      Genus: [Biavirus] -> [Kratosvirus]
      Species: [Biavirus raunefjordenense] -> [Kratosvirus quantuckense]
  CRR1440135_clean_NODE_398_length_3486_cov_9.532962
      Genus: [Raphidovirus] -> [空]
      Species: [Raphidovirus japonicum] -> [Edafosvirus sp.]
  CRR1440135_clean_NODE_404_length_3462_cov_20.820596
      Genus: [Chlorovirus] -> [空]
      Species: [Chlorovirus americanus] -> [Terrestrivirus sp.]
  CRR1440135_clean_NODE_408_length_3459_cov_7.735972
      Species: [Beihai picorna-like virus 103] -> [Rheavirus sinusmexicani]
  CRR1440135_clean_NODE_420_length_3428_cov_2.709687
      Species: [Qianjiang marna-like virus 162] -> [Mimivirus lagoaense]
  CRR1440135_clean_NODE_561_length_3091_cov_36.802850
      Genus: [Pseudovirus] -> [空]
      Species: [Pseudovirus duosaccharomycetis] -> [Mimivirus LCMiAC01]
  CRR1440135_clean_NODE_622_length_2977_cov_2.827479
      Genus: [Biavirus] -> [空]
      Species: [Biavirus raunefjordenense] -> [Homavirus sp.]
  CRR1440135_clean_NODE_679_length_2855_cov_4.378145
      Species: [Chrysophyceae clade H virus] -> [Biavirus raunefjordenense]
  CRR1440135_clean_NODE_777_length_2726_cov_5.012062
      Genus: [Serangoonvirus] -> [空]
  CRR1440135_clean_NODE_893_length_2565_cov_4.376806
      Genus: [Medusavirus] -> [Gammaretrovirus]
  CRR1440135_clean_NODE_898_length_2556_cov_6.899718
      Genus: [Biavirus] -> [Kratosvirus]
      Species: [Biavirus raunefjordenense] -> [Kratosvirus quantuckense]
  CRR1440135_clean_NODE_938_length_2509_cov_8.882594
      Species: [Chrysophyceae clade H virus] -> [Tupanvirus altamarinense]
  CRR1440136_clean_NODE_101_length_5879_cov_14.422666
      Species: [Vetruanivirus dhakaense] -> [Virus NIOZ-UU157]
  CRR1440136_clean_NODE_104_length_5812_cov_10.086600
      Species: [Ephemerovirus febris] -> [Mimivirus lagoaense]
  CRR1440136_clean_NODE_1053_length_2603_cov_4.207905
      Genus: [Alphacedratvirus] -> [空]
      Species: [Alphacedratvirus brasiliense] -> [Mimiviridae sp. ChoanoV1*]
  CRR1440136_clean_NODE_1078_length_2576_cov_4.896524
      Genus: [Alphaorpheovirus] -> [空]
      Species: [Alphaorpheovirus massiliense] -> [Mimivirus LCMiAC01]
  CRR1440136_clean_NODE_1079_length_2574_cov_22.955218
      Genus: [Losannavirus] -> [Iridovirus]
  CRR1440136_clean_NODE_107_length_5800_cov_24.168325
      Genus: [Biavirus] -> [Kratosvirus]
      Species: [Biavirus raunefjordenense] -> [Kratosvirus quantuckense]
  CRR1440136_clean_NODE_108_length_5771_cov_19.593191
      Genus: [Chlorovirus] -> [Megavirus]
      Species: [Chlorovirus vanettense] -> [Megavirus sp.]
  CRR1440136_clean_NODE_1116_length_2535_cov_8.345248
      Genus: [Alphahydrivirus] -> [空]
      Species: [Alphahydrivirus permafrostis] -> [Edafosvirus sp.]
  CRR1440136_clean_NODE_111_length_5735_cov_19.678206
      Genus: [Alphahydrivirus] -> [空]
      Species: [Alphahydrivirus permafrostis] -> [Naiavirus sp.]
  CRR1440136_clean_NODE_117_length_5669_cov_20.771086
      Order: [Pantevenvirales] -> [空]
      Genus: [Lowelvirus] -> [Medusavirus]
      Species: [Lowelvirus tuscon4d] -> [Medusavirus medusae]
  CRR1440136_clean_NODE_1193_length_2438_cov_8.399577
      Genus: [Theiavirus] -> [Gammaretrovirus]
      Species: [Criusvirus kaneoense] -> [Gammaretrovirus felleu]
  CRR1440136_clean_NODE_120_length_5636_cov_5.651267
      Species: [Chrysophyceae clade H virus] -> [Phlebovirus gabekense]
  CRR1440136_clean_NODE_1226_length_2406_cov_4.310759
      Species: [Tupanvirus salinum] -> [Fadolivirus algeromassiliense]
  CRR1440136_clean_NODE_1248_length_2388_cov_9.698920
      Class: [Caudoviricetes] -> [Pokkesviricetes]
  CRR1440136_clean_NODE_132_length_5436_cov_12.170241
      Genus: [Alphahydrivirus] -> [Catovirus]
  CRR1440136_clean_NODE_1356_length_2267_cov_3.124886
      Species: [Cotonvirus japonicum] -> [Terrestrivirus sp.]
  CRR1440136_clean_NODE_1370_length_2256_cov_3.329363
      Species: [Alphacedratvirus brasiliense] -> [Alphaorpheovirus massiliense]
  CRR1440136_clean_NODE_137_length_5406_cov_4.939996
      Genus: [Rheavirus] -> [空]
      Species: [Rheavirus sinusmexicani] -> [空]
  CRR1440136_clean_NODE_1419_length_2206_cov_1.819503
      Genus: [Betalipothrixvirus] -> [Theiavirus]
      Species: [Betalipothrixvirus hveragerdiense] -> [Theiavirus salishense]
  CRR1440136_clean_NODE_150_length_5261_cov_14.083269
      Realm: [Riboviria] -> [Varidnaviria]
      Kingdom: [Orthornavirae] -> [Bamfordvirae]
      Class: [Stelpaviricetes] -> [Megaviricetes]
  CRR1440136_clean_NODE_1580_length_2059_cov_614.918429
      Genus: [Immutovirus] -> [空]
      Species: [Immutovirus immuto] -> [Virus NIOZ-UU157]
  CRR1440136_clean_NODE_1657_length_1995_cov_2.739334
      Phylum: [Uroviricota] -> [Nucleocytoviricota]
      Class: [Caudoviricetes] -> [Megaviricetes]
      Family: [Adenoviridae] -> [Mimiviridae]
      Genus: [Donellivirus] -> [Mimivirus]
      Species: [Donellivirus gee] -> [Mimivirus sp.]
  CRR1440136_clean_NODE_1658_length_1994_cov_5.929724
      Genus: [Minunavirus] -> [空]
  CRR1440136_clean_NODE_176_length_4964_cov_10.020650
      Species: [Mimivirus lagoaense] -> [Terrestrivirus sp.]
  CRR1440136_clean_NODE_183_length_4930_cov_7.396335
      Phylum: [Nucleocytoviricota] -> [Peploviricota]
      Genus: [Tupanvirus] -> [Batravirus]
      Species: [Tupanvirus altamarinense] -> [Bufonid herpesvirus 1*]
  CRR1440136_clean_NODE_1893_length_1828_cov_7.298575
      Genus: [Biavirus] -> [空]
      Species: [Biavirus raunefjordenense] -> [空]
  CRR1440136_clean_NODE_1959_length_1790_cov_4.125801
      Genus: [Phaeovirus] -> [空]
      Species: [Phaeovirus unasiliculosus] -> [Satyrvirus sp.*]
  CRR1440136_clean_NODE_2046_length_1737_cov_11.911058
      Species: [Agnivirus brisbanense] -> [Poseidoniales virus]
  CRR1440136_clean_NODE_2069_length_1717_cov_4.573601
      Genus: [Alphaorpheovirus] -> [Catovirus]
  CRR1440136_clean_NODE_214_length_4714_cov_116.599224
      Genus: [Theiavirus] -> [Biavirus]
  CRR1440136_clean_NODE_21_length_8874_cov_7.108397
      Class: [Caudoviricetes] -> [Megaviricetes]
      Genus: [Beejeyvirus] -> [空]
      Species: [Beejeyvirus bagaejinnorense] -> [Homavirus sp.]
  CRR1440136_clean_NODE_222_length_4679_cov_27.174989
      Genus: [Biavirus] -> [空]
      Species: [Biavirus raunefjordenense] -> [Dasosvirus sp.]
  CRR1440136_clean_NODE_2326_length_1567_cov_1.408300
      Species: [Pithovirus LCPAC103] -> [Cotonvirus japonicum]
  CRR1440136_clean_NODE_2337_length_1563_cov_2.330872
      Species: [Chrysophyceae clade H virus] -> [Tupanvirus salinum]
  CRR1440136_clean_NODE_237_length_4580_cov_9.982472
      Genus: [Biavirus] -> [Kratosvirus]
      Species: [Biavirus raunefjordenense] -> [Kratosvirus quantuckense]
  CRR1440136_clean_NODE_23_length_8739_cov_10.077544
      Genus: [Biavirus] -> [空]
      Species: [Biavirus raunefjordenense] -> [Edafosvirus sp.]
  CRR1440136_clean_NODE_240_length_4566_cov_12.651903
      Genus: [Alphahydrivirus] -> [Tupanvirus]
  CRR1440136_clean_NODE_245_length_4547_cov_11.350916
      Species: [Chrysophyceae clade H virus] -> [Alphabaculovirus angemmatalis]
  CRR1440136_clean_NODE_2563_length_1444_cov_2.528811
      Genus: [Heliosvirus] -> [Criusvirus]
      Species: [Heliosvirus raunefjordenense] -> [Criusvirus kaneoense*]
  CRR1440136_clean_NODE_2579_length_1437_cov_2.599707
      Genus: [Alphahydrivirus] -> [空]
      Species: [Alphahydrivirus permafrostis] -> [Marseillevirus LCMAC202]
  CRR1440136_clean_NODE_262_length_4445_cov_15.697164
      Species: [Indivirus ILV1] -> [Theiavirus salishense]
  CRR1440136_clean_NODE_264_length_4443_cov_2.616018
      Genus: [Heliosvirus] -> [空]
      Species: [Heliosvirus raunefjordenense] -> [空]
  CRR1440136_clean_NODE_273_length_4392_cov_9.489928
      Species: [environmental samples] -> [空]
  CRR1440136_clean_NODE_2764_length_1347_cov_11.565149
      Genus: [Biavirus] -> [空]
      Species: [Biavirus raunefjordenense] -> [Guapo partitivirus]
  CRR1440136_clean_NODE_296_length_4254_cov_4.132743
      Genus: [Theiavirus] -> [空]
      Species: [Psittacid alphaherpesvirus 6] -> [Guapo partitivirus]
  CRR1440136_clean_NODE_30_length_7912_cov_24.301697
      Species: [Alphaorpheovirus massiliense] -> [Terrestrivirus sp.]
  CRR1440136_clean_NODE_317_length_4170_cov_20.780571
      Genus: [Hagravirus] -> [空]
      Species: [Chrysophyceae clade H virus] -> [Homavirus sp.]
  CRR1440136_clean_NODE_338_length_4096_cov_12.401939
      Order: [Imitervirales] -> [Pimascovirales]
      Genus: [Fadolivirus] -> [空]
      Species: [Fadolivirus algeromassiliense] -> [Pithovirus LCPAC304]
  CRR1440136_clean_NODE_3476_length_1091_cov_6.399804
      Genus: [Tethysvirus] -> [Prasinovirus]
  CRR1440136_clean_NODE_423_length_3859_cov_6.791337
      Genus: [Moumouvirus] -> [Mimivirus]
  CRR1440136_clean_NODE_4337_length_873_cov_1.342500
      Realm: [Varidnaviria] -> [Riboviria]
      Kingdom: [Bamfordvirae] -> [Pararnavirae]
      Phylum: [Nucleocytoviricota] -> [Artverviricota]
      Class: [Megaviricetes] -> [Revtraviricetes]
      Order: [Imitervirales] -> [Ortervirales]
      Family: [Allomimiviridae] -> [Metaviridae]
      Genus: [Punuivirus] -> [Metavirus]
      Species: [Punuivirus latens] -> [Metavirus cladosporii]
  CRR1440136_clean_NODE_433_length_3832_cov_32.446129
      Genus: [Biavirus] -> [Theiavirus]
      Species: [Biavirus raunefjordenense] -> [Theiavirus salishense]
  CRR1440136_clean_NODE_446_length_3781_cov_15.409385
      Species: [Agnivirus brisbanense] -> [Poseidoniales virus]
  CRR1440136_clean_NODE_491_length_3665_cov_11.932071
      Species: [Hokovirus HKV1] -> [Fadolivirus algeromassiliense]
  CRR1440136_clean_NODE_507_length_3620_cov_3.628418
      Genus: [Biavirus] -> [Prasinovirus]
      Species: [Biavirus raunefjordenense] -> [空]
  CRR1440136_clean_NODE_524_length_3583_cov_7.179487
      Species: [Biavirus raunefjordenense] -> [Fadolivirus algeromassiliense]
  CRR1440136_clean_NODE_525_length_3581_cov_21.165336
      Species: [Fadolivirus algeromassiliense] -> [Sylvanvirus sp.]
  CRR1440136_clean_NODE_565_length_3481_cov_8.473592
      Species: [Tethysvirus norvegense] -> [Cotonvirus japonicum]
  CRR1440136_clean_NODE_606_length_3370_cov_18.017592
      Species: [Biavirus raunefjordenense] -> [Alphahydrivirus permafrostis]
  CRR1440136_clean_NODE_609_length_3361_cov_68.580292
      Species: [Fadolivirus algeromassiliense] -> [Terrestrivirus sp.]
  CRR1440136_clean_NODE_624_length_3330_cov_12.028861
      Species: [Yellowstone lake phycodnavirus 2] -> [空]
  CRR1440136_clean_NODE_652_length_3257_cov_2.505967
      Genus: [Alphahydrivirus] -> [空]
      Species: [Orthonairovirus sakhalinense] -> [Edafosvirus sp.]
  CRR1440136_clean_NODE_660_length_3237_cov_6.432364
      Phylum: [Nucleocytoviricota] -> [Uroviricota]
      Order: [Chitovirales] -> [Herpesvirales]
      Genus: [Orthopoxvirus] -> [空]
      Species: [Orthopoxvirus akhmetapox] -> [Armadillidium vulgare clopovirus]
  CRR1440136_clean_NODE_665_length_3231_cov_4.708043
      Genus: [Losannavirus] -> [空]
      Species: [Losannavirus tunisense] -> [空]
  CRR1440136_clean_NODE_706_length_3151_cov_19.444769
      Family: [Caulimoviridae] -> [Mimiviridae]
      Genus: [Badnavirus] -> [Cotonvirus]
      Species: [Badnavirus gammavirgamusae] -> [Cotonvirus japonicum]
  CRR1440136_clean_NODE_7101_length_555_cov_0.597510
      Species: [Capillovirus mali] -> [Ronodorvirus pssm3]
  CRR1440136_clean_NODE_710_length_3142_cov_13.252199
      Genus: [Alphahydrivirus] -> [空]
      Species: [Alphahydrivirus permafrostis] -> [空]
  CRR1440136_clean_NODE_717_length_3123_cov_7.528197
      Order: [Lefavirales] -> [Pimascovirales]
      Family: [Nudiviridae] -> [Orpheoviridae]
      Genus: [Alphanudivirus] -> [Alphaorpheovirus]
      Species: [Lentivirus humimdef1] -> [Alphaorpheovirus massiliense]
  CRR1440136_clean_NODE_75_length_6310_cov_4.928010
      Genus: [Theiavirus] -> [Gammaretrovirus]
  CRR1440136_clean_NODE_784_length_3006_cov_3.706103
      Species: [environmental samples] -> [空]
  CRR1440136_clean_NODE_792_length_2987_cov_515.562457
      Order: [Imitervirales] -> [空]
      Family: [Allomimiviridae] -> [空]
      Species: [Heliosvirus raunefjordenense] -> [Polybotosvirus Atuph07]
  CRR1440136_clean_NODE_835_length_2917_cov_35.168776
      Genus: [Biavirus] -> [Toursvirus]
      Species: [Biavirus raunefjordenense] -> [空]
  CRR1440136_clean_NODE_860_length_2885_cov_263.549787
      Family: [Hydriviridae] -> [空]
      Genus: [Alphahydrivirus] -> [空]
      Species: [Alphahydrivirus permafrostis] -> [空]
  CRR1440136_clean_NODE_87_length_6125_cov_6.323695
      Family: [Mimiviridae] -> [Epsomviridae]
  CRR1440136_clean_NODE_883_length_2843_cov_3.576895
      Species: [Charybnivirus charybdis] -> [Bradybaena similaris medionivirus]
  CRR1440136_clean_NODE_918_length_2785_cov_3.894174
      Species: [Lentivirus humimdef1] -> [Tupanvirus altamarinense]
  CRR1440136_clean_NODE_941_length_2748_cov_8.266916
      Species: [Biavirus raunefjordenense] -> [Chlorovirus conductrix]
  CRR1440136_clean_NODE_948_length_2734_cov_7.867719
      Genus: [Alphahydrivirus] -> [Phaeovirus]
      Species: [Alphahydrivirus permafrostis] -> [Phaeovirus irregularis]
  CRR1440136_clean_NODE_955_length_2722_cov_9.529256
      Genus: [Hatfieldvirus] -> [Catovirus]
      Species: [Hatfieldvirus porci] -> [Catovirus klosterense]
  CRR1440136_clean_NODE_994_length_2678_cov_35.075240
      Species: [Pithovirus LCPAC302] -> [Biavirus raunefjordenense]
  CRR1440137_clean_NODE_1034_length_2494_cov_7.866171
      Class: [Herviviricetes] -> [空]
      Order: [Herpesvirales] -> [空]
      Family: [Orthoherpesviridae] -> [空]
  CRR1440137_clean_NODE_1038_length_2489_cov_30.348096
      Order: [Imitervirales] -> [空]
      Species: [Biavirus raunefjordenense] -> [Plazymidvirus ZM41]
  CRR1440137_clean_NODE_1047_length_2478_cov_9.382536
      Species: [Iridovirus armadillidium1] -> [Moumouvirus australiense]
  CRR1440137_clean_NODE_1051_length_2475_cov_6.593256
      Genus: [Alphabaculovirus] -> [Gammaretrovirus]
  CRR1440137_clean_NODE_1095_length_2433_cov_8.422458
      Genus: [Pandoravirus] -> [空]
  CRR1440137_clean_NODE_1098_length_2425_cov_3.572704
      Class: [Caudoviricetes] -> [Herviviricetes]
      Family: [Alloherpesviridae] -> [Herelleviridae]
      Genus: [Ictavirus] -> [Grisebachstrassevirus]
      Species: [Ictavirus acipenseridallo2] -> [Grisebachstrassevirus goe3]
  CRR1440137_clean_NODE_1114_length_2406_cov_9.524218
      Species: [Agnivirus brisbanense] -> [Poseidoniales virus]
  CRR1440137_clean_NODE_1160_length_2368_cov_4.761656
      Genus: [Alphaorpheovirus] -> [空]
      Species: [Alphaorpheovirus massiliense] -> [Otarine gammaherpesvirus 4]
  CRR1440137_clean_NODE_1217_length_2319_cov_16.586821
      Family: [Adenoviridae] -> [Mimiviridae]
      Species: [Megaviridae environmental sample*] -> [空]
  CRR1440137_clean_NODE_1365_length_2177_cov_7.440589
      Species: [Megavirus powaiense] -> [Pithovirus LCPAC304]
  CRR1440137_clean_NODE_1418_length_2128_cov_17.132360
      Species: [Chrysochromulina ericina virus] -> [Tethysvirus raunefjordenense]
  CRR1440137_clean_NODE_1552_length_2015_cov_17.947477
      Genus: [Alphahydrivirus] -> [空]
      Species: [Alphahydrivirus permafrostis] -> [Terrestrivirus sp.]
  CRR1440137_clean_NODE_162_length_4620_cov_3.957115
      Genus: [Vetruanivirus] -> [空]
  CRR1440137_clean_NODE_16_length_7416_cov_11.252894
      Family: [Schizomimiviridae] -> [空]
      Genus: [Biavirus] -> [空]
      Species: [Biavirus raunefjordenense] -> [空]
  CRR1440137_clean_NODE_1790_length_1854_cov_17.355418
      Genus: [Mimivirus] -> [Theiavirus]
  CRR1440137_clean_NODE_185_length_4482_cov_9.193695
      Genus: [Biavirus] -> [空]
      Species: [Biavirus raunefjordenense] -> [Terrestrivirus sp.]
  CRR1440137_clean_NODE_1878_length_1803_cov_26.028324
      Family: [Kyanoviridae] -> [Phycodnaviridae]
      Genus: [Gibbetvirus] -> [空]
      Species: [Gibbetvirus rsm4] -> [空]
  CRR1440137_clean_NODE_188_length_4448_cov_3.632229
      Genus: [Pandoravirus] -> [Lentivirus]
      Species: [Lentivirus humimdef1] -> [空]
  CRR1440137_clean_NODE_1910_length_1786_cov_1.357268
      Class: [Megaviricetes] -> [Naldaviricetes]
  CRR1440137_clean_NODE_211_length_4240_cov_8.778258
      Species: [Pandoravirus japonicus] -> [Fadolivirus algeromassiliense]
  CRR1440137_clean_NODE_221_length_4196_cov_43.458404
      Species: [Lentivirus humimdef1] -> [Megavirus baoshanense]
  CRR1440137_clean_NODE_2439_length_1495_cov_2.011955
      Species: [Pithovirus LCPAC103] -> [Tupanvirus altamarinense]
  CRR1440137_clean_NODE_250_length_4074_cov_13.992752
      Species: [Biavirus raunefjordenense] -> [Tethysvirus ontarioense]
  CRR1440137_clean_NODE_314_length_3844_cov_5.647308
      Genus: [Sirevirus] -> [空]
      Species: [Sirevirus lycopersici] -> [空]
  CRR1440137_clean_NODE_331_length_3793_cov_4.064516
      Family: [Mimiviridae] -> [Retroviridae]
      Genus: [Megavirus] -> [Gammaretrovirus]
  CRR1440137_clean_NODE_356_length_3729_cov_9.879376
      Family: [Phycodnaviridae] -> [Kyanoviridae]
  CRR1440137_clean_NODE_509_length_3293_cov_2.975466
      Genus: [Biavirus] -> [Klosneuvirus]
      Species: [Biavirus raunefjordenense] -> [Klosneuvirus KNV1*]
  CRR1440137_clean_NODE_560_length_3193_cov_27.645192
      Class: [Caudoviricetes] -> [Megaviricetes]
      Order: [Pantevenvirales] -> [空]
      Family: [Kyanoviridae] -> [空]
      Genus: [Palaemonvirus] -> [空]
      Species: [Palaemonvirus pssm7] -> [空]
  CRR1440137_clean_NODE_632_length_3044_cov_3.169640
      Species: [Biavirus raunefjordenense] -> [Kratosvirus quantuckense]
  CRR1440137_clean_NODE_665_length_2993_cov_13.116438
      Genus: [Alphahydrivirus] -> [空]
      Species: [Alphahydrivirus permafrostis] -> [Edafosvirus sp.]
  CRR1440137_clean_NODE_67_length_5711_cov_11.303654
      Genus: [Alphaorpheovirus] -> [空]
      Species: [Alphaorpheovirus massiliense] -> [Otarine gammaherpesvirus 4]
  CRR1440137_clean_NODE_691_length_2960_cov_19.079667
      Species: [Chrysophyceae clade H virus] -> [Biavirus raunefjordenense]
  CRR1440137_clean_NODE_762_length_2834_cov_142.868164
      Order: [Imitervirales] -> [空]
      Family: [Mimiviridae] -> [空]
      Genus: [Fadolivirus] -> [空]
      Species: [Fadolivirus algeromassiliense] -> [Sicyoidochytrium minutum DNA virus]
  CRR1440137_clean_NODE_772_length_2813_cov_6.932847
      Species: [environmental samples] -> [空]
  CRR1440137_clean_NODE_812_length_2765_cov_2.517459
      Genus: [Biavirus] -> [空]
      Species: [Biavirus raunefjordenense] -> [Guapo partitivirus]
  CRR1440137_clean_NODE_81_length_5466_cov_7.261450
      Order: [Tymovirales] -> [Pantevenvirales]
      Family: [Tymoviridae] -> [Straboviridae]
      Genus: [Maculavirus] -> [Tegunavirus]
      Species: [Maculavirus vitis] -> [Tegunavirus r1rt]
  CRR1440137_clean_NODE_847_length_2709_cov_3.059181
      Genus: [Bertelyvirus] -> [Chlorovirus]
  CRR1440137_clean_NODE_956_length_2597_cov_4.519810
      Genus: [Fadolivirus] -> [Klosneuvirus]
      Species: [Fadolivirus algeromassiliense] -> [Klosneuvirus KNV1*]
  CRR1440137_clean_NODE_98_length_5256_cov_32.024117
      Species: [Chrysophyceae clade H virus] -> [Marfavirus F48]
  CRR2703946_clean_NODE_1036_length_2362_cov_3.648755
      Species: [Biavirus raunefjordenense] -> [Sylvanvirus sp.]
  CRR2703946_clean_NODE_1059_length_2348_cov_1.535385
      Species: [Pseudovirus artarabidopsis] -> [Atrato Retro-like virus]
  CRR2703946_clean_NODE_1061_length_2347_cov_11.375550
      Species: [Fadolivirus algeromassiliense] -> [Terrestrivirus sp.]
  CRR2703946_clean_NODE_10_length_8021_cov_15.131983
      Species: [Gammanudivirus hogammari] -> [Biavirus raunefjordenense]
  CRR2703946_clean_NODE_1126_length_2300_cov_2.893579
      Class: [Caudoviricetes] -> [Resentoviricetes]
  CRR2703946_clean_NODE_1139_length_2290_cov_57.812810
      Genus: [Alphahydrivirus] -> [Hokovirus]
      Species: [Orthopestivirus bovis] -> [Hokovirus HKV1*]
  CRR2703946_clean_NODE_114_length_4465_cov_4.097222
      Family: [Pithoviridae] -> [Orthoherpesviridae]
  CRR2703946_clean_NODE_1171_length_2271_cov_6.504550
      Genus: [Fadolivirus] -> [空]
      Species: [Fadolivirus algeromassiliense] -> [Mimiviridae sp. ChoanoV1*]
  CRR2703946_clean_NODE_1173_length_2269_cov_235.562386
      Species: [Armadillidium vulgare clopovirus] -> [Theiavirus salishense]
  CRR2703946_clean_NODE_1212_length_2238_cov_2.242494
      Genus: [Alphacedratvirus] -> [空]
      Species: [Alphacedratvirus brasiliense] -> [空]
  CRR2703946_clean_NODE_1235_length_2222_cov_8.476035
      Species: [Carp edema virus] -> [Tethysvirus raunefjordenense]
  CRR2703946_clean_NODE_1251_length_2211_cov_3.027596
      Genus: [Biavirus] -> [空]
      Species: [Biavirus raunefjordenense] -> [Homavirus sp.]
  CRR2703946_clean_NODE_1255_length_2208_cov_1.649180
      Family: [Poxviridae] -> [Orthoherpesviridae]
      Genus: [Capripoxvirus] -> [Rhadinovirus]
      Species: [Capripoxvirus sheeppox] -> [Macronycteris gammaherpesvirus 1]
  CRR2703946_clean_NODE_12620_length_630_cov_1.274686
      Genus: [Salmonpoxvirus] -> [空]
      Species: [Salmonpoxvirus gillpox] -> [Pithovirus LCPAC304]
  CRR2703946_clean_NODE_1309_length_2167_cov_2.829513
      Class: [Caudoviricetes] -> [Megaviricetes]
      Family: [Phycodnaviridae] -> [Peduoviridae]
      Genus: [Prasinovirus] -> [Plazymidvirus]
  CRR2703946_clean_NODE_1347_length_2135_cov_59.504365
      Family: [Hydriviridae] -> [空]
      Genus: [Alphahydrivirus] -> [空]
      Species: [Alphahydrivirus permafrostis] -> [空]
  CRR2703946_clean_NODE_1353_length_2134_cov_3.191655
      Class: [Caudoviricetes] -> [Megaviricetes]
      Family: [Phycodnaviridae] -> [Peduoviridae]
      Genus: [Prasinovirus] -> [Plazymidvirus]
  CRR2703946_clean_NODE_135_length_4322_cov_4.012238
      Genus: [Varicellovirus] -> [空]
      Species: [Varicellovirus bubalinealpha1] -> [Mimivirus LCMiAC02]
  CRR2703946_clean_NODE_1368_length_2122_cov_43.872133
      Family: [Hydriviridae] -> [空]
      Genus: [Alphahydrivirus] -> [空]
      Species: [Alphahydrivirus permafrostis] -> [空]
  CRR2703946_clean_NODE_1399_length_2105_cov_12.272146
      Genus: [Tethysvirus] -> [空]
      Species: [Tethysvirus hollandense] -> [Marseillevirus LCMAC103]
  CRR2703946_clean_NODE_1420_length_2095_cov_49.716617
      Genus: [Immutovirus] -> [空]
      Species: [Immutovirus immuto] -> [Virus NIOZ-UU157]
  CRR2703946_clean_NODE_143_length_4279_cov_4.163576
      Species: [Biavirus raunefjordenense] -> [Aobingvirus yangshanense]
  CRR2703946_clean_NODE_1448_length_2087_cov_2.896226
      Species: [Dishui Lake large algae virus 1] -> [Tethysvirus raunefjordenense]
  CRR2703946_clean_NODE_1451_length_2085_cov_6.096918
      Species: [Fadolivirus algeromassiliense] -> [Tupanvirus altamarinense]
  CRR2703946_clean_NODE_147_length_4260_cov_10.356580
      Species: [Alphacedratvirus brasiliense] -> [Alphacedratvirus francolausannense]
  CRR2703946_clean_NODE_15063_length_558_cov_1.109278
      Species: [Aphis spiraecola picorna-like virus] -> [Watermelon iflavirus 1]
  CRR2703946_clean_NODE_1510_length_2050_cov_2.524532
      Genus: [Alphahydrivirus] -> [Fadolivirus]
  CRR2703946_clean_NODE_1514_length_2048_cov_4.490633
      Species: [Armadillidium vulgare clopovirus] -> [Theiavirus salishense]
  CRR2703946_clean_NODE_1540_length_2036_cov_1.600611
      Genus: [Biavirus] -> [空]
      Species: [Biavirus raunefjordenense] -> [空]
  CRR2703946_clean_NODE_1564_length_2022_cov_2.112878
      Genus: [Alphaorpheovirus] -> [空]
      Species: [Alphaorpheovirus massiliense] -> [空]
  CRR2703946_clean_NODE_15671_length_543_cov_0.906383
      Species: [Alternaria alternata deltaflexivirus 1] -> [Deltaflexivirus glycinis]
  CRR2703946_clean_NODE_1617_length_1993_cov_2.338021
      Species: [Chrysophyceae clade H virus] -> [Biavirus raunefjordenense]
  CRR2703946_clean_NODE_1646_length_1978_cov_2.548556
      Genus: [Metavirus] -> [Orthohepacivirus]
  CRR2703946_clean_NODE_1720_length_1940_cov_2.355115
      Family: [Marseilleviridae] -> [Kyanoviridae]
      Species: [Lowelvirus tuscon4d] -> [空]
  CRR2703946_clean_NODE_1724_length_1937_cov_11.959227
      Species: [Tupanvirus altamarinense] -> [Tupanvirus salinum]
  CRR2703946_clean_NODE_1743_length_1927_cov_2.672600
      Genus: [Fadolivirus] -> [Marseillevirus]
  CRR2703946_clean_NODE_176_length_4060_cov_5.708051
      Species: [Lentivirus humimdef1] -> [Mimivirus bradfordmassiliense]
  CRR2703946_clean_NODE_1773_length_1911_cov_8.585419
      Genus: [Alphahydrivirus] -> [Tupanvirus]
      Species: [Alphahydrivirus permafrostis] -> [Edafosvirus sp.]
  CRR2703946_clean_NODE_177_length_4051_cov_14.178230
      Species: [Catovirus CTV1] -> [Moumouvirus australiense]
  CRR2703946_clean_NODE_1811_length_1897_cov_1.963268
      Genus: [Cotonvirus] -> [Catovirus]
      Species: [Cotonvirus japonicum] -> [Catovirus CTV1]
  CRR2703946_clean_NODE_181_length_4028_cov_3.316056
      Genus: [Biavirus] -> [Fadolivirus]
      Species: [Biavirus raunefjordenense] -> [Fadolivirus algeromassiliense]
  CRR2703946_clean_NODE_1820_length_1892_cov_2.941726
      Genus: [Biavirus] -> [Orthohepacivirus]
  CRR2703946_clean_NODE_1890_length_1862_cov_2.665735
      Genus: [Metavirus] -> [Orthohepacivirus]
  CRR2703946_clean_NODE_1891_length_1862_cov_2.083846
      Genus: [Biavirus] -> [空]
      Species: [Biavirus raunefjordenense] -> [Chrysochromulina ericina virus]
  CRR2703946_clean_NODE_1938_length_1840_cov_544.013582
      Family: [Hydriviridae] -> [空]
      Genus: [Alphahydrivirus] -> [空]
      Species: [Alphahydrivirus permafrostis] -> [空]
  CRR2703946_clean_NODE_1941_length_1839_cov_4.647225
      Species: [Pseudovirus oryzae] -> [Atrato Retro-like virus]
  CRR2703946_clean_NODE_2012_length_1810_cov_5.280368
      Species: [Simplexvirus humanalpha2] -> [Biavirus raunefjordenense]
  CRR2703946_clean_NODE_2040_length_1795_cov_4.429733
      Family: [Kyanoviridae] -> [Phycodnaviridae]
      Genus: [Yellowseavirus] -> [空]
      Species: [Yellowseavirus thirtyeight] -> [空]
  CRR2703946_clean_NODE_2104_length_1771_cov_49.835689
      Genus: [Alphahydrivirus] -> [Hokovirus]
      Species: [Orthopestivirus bovis] -> [Hokovirus HKV1*]
  CRR2703946_clean_NODE_2120_length_1766_cov_9.098641
      Genus: [Alphahydrivirus] -> [空]
  CRR2703946_clean_NODE_2337_length_1692_cov_4.029030
      Genus: [Bajunvirus] -> [空]
      Species: [Bajunvirus bajun] -> [Edafosvirus sp.]
  CRR2703946_clean_NODE_2349_length_1686_cov_2.319281
      Species: [Moumouvirus australiense] -> [空]
  CRR2703946_clean_NODE_239_length_3694_cov_3.861088
      Order: [Pimascovirales] -> [空]
      Genus: [Lymphocystivirus] -> [空]
      Species: [Lymphocystivirus micropogonias1] -> [Hemigrapsus takanoi nimavirus]
  CRR2703946_clean_NODE_2416_length_1664_cov_2.133878
      Genus: [Serangoonvirus] -> [空]
  CRR2703946_clean_NODE_2440_length_1658_cov_3.686435
      Species: [Pseudovirus artarabidopsis] -> [Atrato Retro-like virus]
  CRR2703946_clean_NODE_244_length_3663_cov_127.594986
      Genus: [Alphahydrivirus] -> [空]
      Species: [Alphahydrivirus permafrostis] -> [Naiavirus sp.]
  CRR2703946_clean_NODE_2500_length_1640_cov_2.206126
      Species: [Lentivirus humimdef1] -> [Fadolivirus algeromassiliense]
  CRR2703946_clean_NODE_2546_length_1628_cov_15.915756
      Species: [Catovirus CTV1] -> [Tupanvirus altamarinense]
  CRR2703946_clean_NODE_2661_length_1595_cov_2.273325
      Genus: [Iridovirus] -> [Catovirus]
      Species: [Iridovirus chilo1] -> [空]
  CRR2703946_clean_NODE_2672_length_1593_cov_1.686842
      Species: [Marseillevirus LCMAC202] -> [Lymphocystivirus paralichthys1]
  CRR2703946_clean_NODE_26_length_6320_cov_5.048023
      Species: [Metapenaeopsis lamellata majanivirus] -> [Agnivirus brisbanense]
  CRR2703946_clean_NODE_277_length_3548_cov_3.669065
      Genus: [Chlorovirus] -> [Megavirus]
      Species: [Chlorovirus vanettense] -> [Megavirus sp.]
  CRR2703946_clean_NODE_2786_length_1560_cov_1.722932
      Species: [Agnivirus brisbanense] -> [Poseidoniales virus]
  CRR2703946_clean_NODE_2823_length_1551_cov_18.970907
      Family: [Poxviridae] -> [Schizomimiviridae]
      Genus: [Epsilonentomopoxvirus] -> [Biavirus]
  CRR2703946_clean_NODE_2830_length_1549_cov_2.565718
      Genus: [Biavirus] -> [空]
      Species: [Biavirus raunefjordenense] -> [Guapo partitivirus]
  CRR2703946_clean_NODE_2888_length_1535_cov_1.926813
      Genus: [Wendovervirus] -> [空]
      Species: [Wendovervirus sonii] -> [Armadillidium vulgare clopovirus]
  CRR2703946_clean_NODE_28_length_6251_cov_51.205568
      Order: [Reovirales] -> [空]
  CRR2703946_clean_NODE_2918_length_1527_cov_1.713893
      Genus: [Oceanusvirus] -> [空]
      Species: [Oceanusvirus kaneohense] -> [Mimiviridae sp. ChoanoV1*]
  CRR2703946_clean_NODE_2941_length_1520_cov_3.210781
      Species: [Pithovirus LCPAC302] -> [Theiavirus salishense]
  CRR2703946_clean_NODE_308_length_3457_cov_3.130910
      Genus: [Theiavirus] -> [Gammaretrovirus]
  CRR2703946_clean_NODE_30_length_6212_cov_2.879785
      Species: [Punuivirus latens] -> [Chlorovirus americanus]
  CRR2703946_clean_NODE_310_length_3455_cov_7.112064
      Species: [Klosneuvirus KNV1] -> [Tupanvirus salinum]
  CRR2703946_clean_NODE_314_length_3439_cov_3.913250
      Genus: [Alfirinvirus] -> [空]
  CRR2703946_clean_NODE_321_length_3421_cov_2.477001
      Genus: [Biavirus] -> [Fadolivirus]
  CRR2703946_clean_NODE_346_length_3359_cov_16.281497
      Species: [Fadolivirus algeromassiliense] -> [Edafosvirus sp.]
  CRR2703946_clean_NODE_3529_length_1385_cov_2.187500
      Species: [Pseudovirus artarabidopsis] -> [Atrato Retro-like virus]
  CRR2703946_clean_NODE_382_length_3272_cov_3.328228
      Order: [Algavirales] -> [Pantevenvirales]
      Family: [Phycodnaviridae] -> [Straboviridae]
      Genus: [Chlorovirus] -> [空]
  CRR2703946_clean_NODE_397_length_3227_cov_10.818643
      Species: [Gammaretrovirus murleu] -> [Gammaretrovirus felleu]
  CRR2703946_clean_NODE_413_length_3177_cov_3.818943
      Genus: [Alphahydrivirus] -> [空]
      Species: [Alphahydrivirus permafrostis] -> [空]
  CRR2703946_clean_NODE_427_length_3152_cov_8.740500
      Species: [Hemipteran orthomyxo-related virus OKIAV183] -> [Trichoplusia ni ascovirus 2c]
  CRR2703946_clean_NODE_42_length_5887_cov_2.401617
      Class: [Caudoviricetes] -> [Naldaviricetes]
  CRR2703946_clean_NODE_430_length_3151_cov_2.746914
      Genus: [Chlorovirus] -> [空]
      Species: [Chlorovirus vanettense] -> [Homavirus sp.]
  CRR2703946_clean_NODE_436_length_3133_cov_4.000000
      Genus: [Fadolivirus] -> [Tupanvirus]
      Species: [Fadolivirus algeromassiliense] -> [空]
  CRR2703946_clean_NODE_440_length_3129_cov_4.910995
      Genus: [Mimivirus] -> [空]
      Species: [Mimivirus bradfordmassiliense] -> [空]
  CRR2703946_clean_NODE_451_length_3115_cov_1.844839
      Species: [Hemivirus drosophilae] -> [Atrato Retro-like virus]
  CRR2703946_clean_NODE_530_length_2972_cov_13.774750
      Species: [Chrysophyceae clade H virus] -> [Tupanvirus salinum]
  CRR2703946_clean_NODE_551_length_2926_cov_9.047319
      Species: [Chrysophyceae clade H virus] -> [Tupanvirus altamarinense]
  CRR2703946_clean_NODE_555_length_2916_cov_12.994724
      Genus: [Alphahydrivirus] -> [Fadolivirus]
  CRR2703946_clean_NODE_563_length_2897_cov_45.870042
      Class: [Caudoviricetes] -> [Megaviricetes]
      Family: [Phycodnaviridae] -> [Peduoviridae]
      Genus: [Prasinovirus] -> [Plazymidvirus]
  CRR2703946_clean_NODE_564_length_2897_cov_4.600921
      Genus: [Oryzopoxvirus] -> [Betaentomopoxvirus]
  CRR2703946_clean_NODE_583_length_2857_cov_5.026580
      Genus: [Theiavirus] -> [空]
      Species: [Theiavirus salishense] -> [Pentanymphon antarcticum iridovirus]
  CRR2703946_clean_NODE_588_length_2854_cov_7.042071
      Species: [Chrysophyceae clade H virus] -> [Fadolivirus algeromassiliense]
  CRR2703946_clean_NODE_602_length_2835_cov_2.356264
      Species: [Pithovirus LCPAC102] -> [Alphapithovirus massiliense]
  CRR2703946_clean_NODE_653_length_2772_cov_2.944053
      Genus: [Biavirus] -> [Fadolivirus]
  CRR2703946_clean_NODE_65_length_5273_cov_6.566731
      Species: [Coelophora bissellata virus 1] -> [Watermelon iflavirus 1]
  CRR2703946_clean_NODE_663_length_2763_cov_3.923420
      Genus: [Alphahydrivirus] -> [空]
      Species: [Alphahydrivirus permafrostis] -> [Terrestrivirus sp.]
  CRR2703946_clean_NODE_666_length_2759_cov_6.444899
      Genus: [Cotesia sesamiae bracovirus] -> [空]
  CRR2703946_clean_NODE_66_length_5266_cov_2.930483
      Class: [Caudoviricetes] -> [Herviviricetes]
      Order: [Ortervirales] -> [Herpesvirales]
      Family: [Retroviridae] -> [Malacoherpesviridae]
      Genus: [Lentivirus] -> [Aurivirus]
      Species: [Lentivirus humimdef1] -> [Aurivirus haliotidmalaco1]
  CRR2703946_clean_NODE_670_length_2756_cov_9.143496
      Genus: [Alphaorpheovirus] -> [Tupanvirus]
      Species: [Alphaorpheovirus massiliense] -> [空]
  CRR2703946_clean_NODE_700_length_2723_cov_4.764528
      Species: [Pithovirus LCPAC304] -> [Theiavirus salishense]
  CRR2703946_clean_NODE_703_length_2720_cov_2.568568
      Family: [Astroviridae] -> [Togaviridae]
      Genus: [Betasclernavirus] -> [Alphavirus]
      Species: [Solanum melongena bastro-like virus] -> [Plasmopara viticola lesion associated alpha-like virus 1]
  CRR2703946_clean_NODE_705_length_2718_cov_7.135350
      Family: [Phycodnaviridae] -> [Mimiviridae]
      Genus: [Chlorovirus] -> [空]
      Species: [Chlorovirus americanus] -> [空]
  CRR2703946_clean_NODE_70_length_5236_cov_2.761573
      Species: [environmental samples] -> [空]
  CRR2703946_clean_NODE_736_length_2677_cov_6.057604
      Genus: [Alphaorpheovirus] -> [空]
      Species: [Alphaorpheovirus massiliense] -> [空]
  CRR2703946_clean_NODE_760_length_2640_cov_5.353720
      Genus: [Alphacedratvirus] -> [空]
      Species: [Alphacedratvirus rossiense] -> [Serbia virga-like virus 1]
  CRR2703946_clean_NODE_76_length_5038_cov_2.725680
      Species: [Varicellovirus suidalpha1] -> [Rheavirus sinusmexicani]
  CRR2703946_clean_NODE_786_length_2612_cov_3.507680
      Genus: [Biavirus] -> [空]
      Species: [Mato partitivirus] -> [Guapo partitivirus]
  CRR2703946_clean_NODE_79_length_4999_cov_4.078360
      Genus: [Alphaorpheovirus] -> [空]
      Species: [Alphaorpheovirus massiliense] -> [Mimiviridae sp. ChoanoV1*]
  CRR2703946_clean_NODE_80_length_4986_cov_3.361083
      Class: [Tokiviricetes] -> [Megaviricetes]
      Genus: [Betalipothrixvirus] -> [Chlorovirus]
      Species: [Betalipothrixvirus hveragerdiense] -> [空]
  CRR2703946_clean_NODE_877_length_2517_cov_2.224632
      Genus: [Sirevirus] -> [空]
      Species: [Sirevirus lycopersici] -> [空]
  CRR2703946_clean_NODE_908_length_2485_cov_4.354892
      Species: [Tupanvirus altamarinense] -> [Fadolivirus algeromassiliense]
  CRR2703946_clean_NODE_930_length_2460_cov_22.437369
      Genus: [Alphaorpheovirus] -> [Klosneuvirus]
      Species: [Alphaorpheovirus massiliense] -> [Klosneuvirus KNV1*]
  CRR2703946_clean_NODE_936_length_2452_cov_2.765027
      Family: [Hydriviridae] -> [空]
      Genus: [Alphahydrivirus] -> [空]
  CRR2703946_clean_NODE_968_length_2425_cov_18.466412
      Species: [Agnivirus brisbanense] -> [Poseidoniales virus]
  CRR2703946_clean_NODE_96_length_4626_cov_2.769602
      Realm: [Varidnaviria] -> [Duplodnaviria]
      Kingdom: [Bamfordvirae] -> [Heunggongvirae]
  CRR2703946_clean_NODE_971_length_2422_cov_8.931886
      Species: [Tupanvirus salinum] -> [Terrestrivirus sp.]
  CRR2703946_clean_NODE_99_length_4617_cov_7.185739
      Species: [Tupanvirus salinum] -> [Tupanvirus altamarinense]
  CRR2703947_clean_NODE_102_length_2855_cov_2.708843
      Species: [Chrysophyceae clade H virus] -> [Tupanvirus salinum]
  CRR2703947_clean_NODE_1121_length_1301_cov_2.315961
      Species: [Klosneuvirus KNV1] -> [Pseudovirus brassicae]
  CRR2703947_clean_NODE_14_length_4324_cov_8.605505
      Species: [Pseudovirus glycinis] -> [Atrato Retro-like virus]
  CRR2703947_clean_NODE_1882_length_1058_cov_1.787817
      Species: [Pseudovirus artarabidopsis] -> [Atrato Retro-like virus]
  CRR2703947_clean_NODE_193_length_2332_cov_8.133687
      Class: [Caudoviricetes] -> [Megaviricetes]
      Family: [Phycodnaviridae] -> [Peduoviridae]
      Genus: [Prasinovirus] -> [Plazymidvirus]
  CRR2703947_clean_NODE_244_length_2163_cov_2.789952
      Species: [Pseudovirus evelknieveli] -> [Atrato Retro-like virus]
  CRR2703947_clean_NODE_2655_length_911_cov_1.267303
      Species: [Ullucus tymovirus 1] -> [Tymovirus dulcamarae]
  CRR2703947_clean_NODE_455_length_1770_cov_2.883913
      Species: [Biavirus raunefjordenense] -> [Tethysvirus ontarioense]
  CRR2703947_clean_NODE_551_length_1675_cov_1.619226
      Species: [Chrysophyceae clade H virus] -> [Tupanvirus salinum]
  CRR2703947_clean_NODE_6086_length_623_cov_1.038182
      Species: [Mirusvirus sp.] -> [Dishui lake phycodnavirus 1]
  CRR2703947_clean_NODE_706_length_1542_cov_3.310415
      Genus: [Pseudovirus] -> [Caulimovirus]
      Species: [Pseudovirus evelknieveli] -> [Caulimovirus sp.]
  CRR2703947_clean_NODE_74_length_3130_cov_7.489696
      Genus: [Alphahydrivirus] -> [空]
      Species: [Alphahydrivirus permafrostis] -> [Naiavirus sp.]
  CRR2703947_clean_NODE_98_length_2937_cov_1.773394
      Species: [Chrysophyceae clade H virus] -> [Fadolivirus algeromassiliense]
  CRR2703948_clean_NODE_1022_length_2258_cov_3.216934
      Species: [Cytomegalovirus humanbeta5] -> [Rheavirus sinusmexicani]
  CRR2703948_clean_NODE_1024_length_2255_cov_7.470669
      Class: [Caudoviricetes] -> [Megaviricetes]
      Genus: [Thornevirus] -> [Chlorovirus]
  CRR2703948_clean_NODE_1033_length_2250_cov_5.614607
      Family: [Orpheoviridae] -> [Mimiviridae]
      Genus: [Alphaorpheovirus] -> [空]
  CRR2703948_clean_NODE_105_length_4175_cov_16.975865
      Species: [Biavirus raunefjordenense] -> [Alphahydrivirus permafrostis]
  CRR2703948_clean_NODE_1087_length_2206_cov_7.411627
      Family: [Phycodnaviridae] -> [Mimiviridae]
      Genus: [Chlorovirus] -> [空]
      Species: [Chlorovirus vanettense] -> [Florenciella sp. virus SA1]
  CRR2703948_clean_NODE_10_length_7331_cov_3.094241
      Class: [Caudoviricetes] -> [Megaviricetes]
      Genus: [Reynauldvirus] -> [空]
  CRR2703948_clean_NODE_1100_length_2198_cov_13.985882
      Order: [Imitervirales] -> [Grandevirales]
      Genus: [Mimivirus] -> [空]
      Species: [Mimivirus lagoaense] -> [Litopenaeus vannamei majanivirus Nimav-1_LVa]
  CRR2703948_clean_NODE_1107_length_2194_cov_1.536068
      Class: [Caudoviricetes] -> [Megaviricetes]
      Genus: [Llyrvirus] -> [空]
  CRR2703948_clean_NODE_1145_length_2174_cov_2.397430
      Genus: [Biavirus] -> [空]
      Species: [Biavirus raunefjordenense] -> [Homavirus sp.]
  CRR2703948_clean_NODE_1175_length_2146_cov_143.439942
      Class: [Caudoviricetes] -> [Megaviricetes]
      Genus: [Sarumanvirus] -> [Marseillevirus]
      Species: [Sarumanvirus bcepsauron] -> [空]
  CRR2703948_clean_NODE_11854_length_598_cov_1.026667
      Species: [Pseudovirus oryzae] -> [Sylvanvirus sp.]
  CRR2703948_clean_NODE_1192_length_2140_cov_1.356072
      Genus: [Medusavirus] -> [Alpharetrovirus]
      Species: [Medusavirus sthenus] -> [Alpharetrovirus avileu]
  CRR2703948_clean_NODE_119_length_4057_cov_3.900351
      Species: [Alphabaculovirus calabietis] -> [Wendovervirus sonii]
  CRR2703948_clean_NODE_1207_length_2131_cov_3.762391
      Genus: [Cotonvirus] -> [Catovirus]
      Species: [Cotonvirus japonicum] -> [Catovirus CTV1]
  CRR2703948_clean_NODE_1215_length_2128_cov_2.763504
      Genus: [Eurybiavirus] -> [空]
      Species: [Eurybiavirus PHM2] -> [空]
  CRR2703948_clean_NODE_122_length_4043_cov_2.762972
      Genus: [Theiavirus] -> [空]
      Species: [Theiavirus salishense] -> [Pentanymphon antarcticum iridovirus]
  CRR2703948_clean_NODE_1235_length_2118_cov_32.310024
      Species: [Agnivirus brisbanense] -> [Poseidoniales virus]
  CRR2703948_clean_NODE_1253_length_2109_cov_1.605599
      Genus: [Alphaorpheovirus] -> [Cotonvirus]
  CRR2703948_clean_NODE_1285_length_2094_cov_7.095002
      Genus: [Tethysvirus] -> [空]
      Species: [Tethysvirus hollandense] -> [空]
  CRR2703948_clean_NODE_128_length_4008_cov_11.489199
      Species: [Beult virus] -> [Blunervirus vaccinii]
  CRR2703948_clean_NODE_1368_length_2046_cov_3.374050
      Realm: [Riboviria] -> [Duplodnaviria]
      Kingdom: [Orthornavirae] -> [Heunggongvirae]
  CRR2703948_clean_NODE_1412_length_2020_cov_2.654854
      Genus: [Muscavirus] -> [Alphabaculovirus]
  CRR2703948_clean_NODE_143_length_3918_cov_3.081404
      Genus: [Fadolivirus] -> [Alphanudivirus]
  CRR2703948_clean_NODE_14411_length_524_cov_1.042129
      Order: [Imitervirales] -> [Algavirales]
      Genus: [Tethysvirus] -> [空]
      Species: [Tethysvirus raunefjordenense] -> [空]
  CRR2703948_clean_NODE_1457_length_2004_cov_1.712584
      Genus: [Biavirus] -> [Kratosvirus]
      Species: [Biavirus raunefjordenense] -> [Kratosvirus quantuckense]
  CRR2703948_clean_NODE_1463_length_2001_cov_7.514004
      Order: [Imitervirales] -> [空]
      Family: [Schizomimiviridae] -> [空]
      Genus: [Biavirus] -> [空]
      Species: [Biavirus raunefjordenense] -> [Virus NIOZ-UU159]
  CRR2703948_clean_NODE_1478_length_1991_cov_30.813869
      Species: [Agnivirus brisbanense] -> [Poseidoniales virus]
  CRR2703948_clean_NODE_1509_length_1970_cov_2.968371
      Species: [virus sp. ctv2g1] -> [Howevirus mcklovin]
  CRR2703948_clean_NODE_1515_length_1965_cov_5.994715
      Genus: [Metavirus] -> [Orthohepacivirus]
  CRR2703948_clean_NODE_1519_length_1961_cov_16.412076
      Genus: [Alphahydrivirus] -> [Tupanvirus]
      Species: [Alphahydrivirus permafrostis] -> [空]
  CRR2703948_clean_NODE_1526_length_1959_cov_11.525981
      Genus: [Alphahydrivirus] -> [空]
      Species: [Alphahydrivirus permafrostis] -> [Terrestrivirus sp.]
  CRR2703948_clean_NODE_154_length_3837_cov_2.710149
      Genus: [Theiavirus] -> [Gammaretrovirus]
      Species: [Lentivirus humimdef1] -> [Gammaretrovirus felleu]
  CRR2703948_clean_NODE_1557_length_1941_cov_4.800321
      Genus: [Tupanvirus] -> [空]
      Species: [Chrysophyceae clade H virus] -> [Marseillevirus LCMAC201]
  CRR2703948_clean_NODE_158_length_3828_cov_5.541411
      Genus: [Percavirus] -> [空]
      Species: [Marseillevirus LCMAC201] -> [Marseillevirus LCMAC202]
  CRR2703948_clean_NODE_1621_length_1906_cov_5.182215
      Genus: [Betabaculovirus] -> [空]
      Species: [Betabaculovirus arrapae] -> [Iridovirus LCIVAC01]
  CRR2703948_clean_NODE_1623_length_1904_cov_1.434735
      Class: [Caudoviricetes] -> [Megaviricetes]
      Genus: [Spbetavirus] -> [Criusvirus]
      Species: [Spbetavirus SPbeta] -> [Criusvirus kaneoense*]
  CRR2703948_clean_NODE_1632_length_1899_cov_21.410186
      Family: [Lakviridae] -> [空]
      Genus: [Hatfieldvirus] -> [空]
      Species: [Hatfieldvirus porci] -> [空]
  CRR2703948_clean_NODE_1636_length_1895_cov_40.816136
      Species: [Pyongtaek Culex Virga-like virus] -> [Poseidoniales virus]
  CRR2703948_clean_NODE_1672_length_1880_cov_2.534034
      Species: [Megalocytivirus lates1] -> [European chub iridovirus]
  CRR2703948_clean_NODE_1724_length_1858_cov_2.277311
      Species: [Moumouvirus goulettemassiliense] -> [空]
  CRR2703948_clean_NODE_1773_length_1829_cov_7.003986
      Class: [Caudoviricetes] -> [Megaviricetes]
      Order: [Pantevenvirales] -> [空]
      Family: [Kyanoviridae] -> [空]
      Genus: [Salacisavirus] -> [空]
      Species: [Salacisavirus pssm2] -> [空]
  CRR2703948_clean_NODE_1781_length_1824_cov_1.898915
      Class: [Caudoviricetes] -> [Megaviricetes]
      Genus: [Efemunavirus] -> [空]
  CRR2703948_clean_NODE_1794_length_1818_cov_1.379370
      Genus: [Wendovervirus] -> [空]
      Species: [Wendovervirus sonii] -> [Homavirus sp.]
  CRR2703948_clean_NODE_1808_length_1810_cov_8.583189
      Family: [Hydriviridae] -> [空]
      Genus: [Alphahydrivirus] -> [空]
      Species: [Alphahydrivirus permafrostis] -> [空]
  CRR2703948_clean_NODE_1866_length_1785_cov_7.695093
      Genus: [Biavirus] -> [空]
      Species: [Biavirus raunefjordenense] -> [空]
  CRR2703948_clean_NODE_188_length_3681_cov_2.780488
      Species: [Gammaretrovirus murleu] -> [Gammaretrovirus felleu]
  CRR2703948_clean_NODE_1953_length_1750_cov_2.597496
      Genus: [Betabaculovirus] -> [Alphabaculovirus]
      Species: [Betabaculovirus phoperculellae] -> [空]
  CRR2703948_clean_NODE_1968_length_1744_cov_3.423698
      Species: [environmental samples] -> [空]
  CRR2703948_clean_NODE_1_length_13505_cov_12.629616
      Genus: [Chlorovirus] -> [Alphacedratvirus]
      Species: [Chlorovirus conductrix] -> [Alphacedratvirus rossiense]
  CRR2703948_clean_NODE_2013_length_1722_cov_6.201941
      Species: [Alphabaculovirus lonobliquae] -> [Epsilonentomopoxvirus dlongicaudata]
  CRR2703948_clean_NODE_210_length_3597_cov_3.154654
      Genus: [Alphaorpheovirus] -> [空]
      Species: [Alphaorpheovirus massiliense] -> [空]
  CRR2703948_clean_NODE_2141_length_1682_cov_1.588564
      Genus: [Salmonpoxvirus] -> [Gammaretrovirus]
  CRR2703948_clean_NODE_2175_length_1669_cov_1.866541
      Genus: [Theiavirus] -> [Gammaretrovirus]
  CRR2703948_clean_NODE_2259_length_1638_cov_11.304792
      Species: [Catovirus klosterense] -> [Barrevirus sp.]
  CRR2703948_clean_NODE_2386_length_1597_cov_14.257218
      Genus: [Fadolivirus] -> [空]
      Species: [Fadolivirus algeromassiliense] -> [Mimiviridae sp. ChoanoV1*]
  CRR2703948_clean_NODE_2389_length_1596_cov_2.549573
      Class: [Caudoviricetes] -> [Megaviricetes]
      Genus: [Bajunvirus] -> [空]
      Species: [Bajunvirus bajun] -> [Edafosvirus sp.]
  CRR2703948_clean_NODE_2390_length_1596_cov_2.151674
      Genus: [Biavirus] -> [空]
      Species: [Biavirus raunefjordenense] -> [空]
  CRR2703948_clean_NODE_2407_length_1588_cov_70.210561
      Kingdom: [Heunggongvirae] -> [Bamfordvirae]
      Family: [Kyanoviridae] -> [Phycodnaviridae]
      Genus: [Vellamovirus] -> [空]
      Species: [Simplexvirus atelinealpha1] -> [空]
  CRR2703948_clean_NODE_2427_length_1582_cov_1.459907
      Species: [Megalocytivirus lates1] -> [Tupanvirus salinum]
  CRR2703948_clean_NODE_2508_length_1553_cov_1.716892
      Species: [environmental samples] -> [空]
  CRR2703948_clean_NODE_2564_length_1533_cov_2.186986
      Family: [Lakviridae] -> [Mimiviridae]
      Genus: [Hatfieldvirus] -> [空]
      Species: [Hatfieldvirus porci] -> [空]
  CRR2703948_clean_NODE_2586_length_1527_cov_1.641678
      Genus: [Jenstvirus] -> [Prasinovirus]
      Species: [Jenstvirus jenst] -> [Bathycoccus sp. RCC716 virus 3]
  CRR2703948_clean_NODE_2673_length_1507_cov_7.209205
      Species: [Tupanvirus altamarinense] -> [Tupanvirus salinum]
  CRR2703948_clean_NODE_2684_length_1505_cov_5.334497
      Species: [Mimivirus LCMiAC02] -> [Fadolivirus algeromassiliense]
  CRR2703948_clean_NODE_283_length_3347_cov_5.058033
      Species: [Cytomegalovirus aotinebeta1] -> [Biavirus raunefjordenense]
  CRR2703948_clean_NODE_285_length_3343_cov_2.844648
      Genus: [Tethysvirus] -> [空]
      Species: [Tethysvirus raunefjordenense] -> [Mimivirus LCMiAC01]
  CRR2703948_clean_NODE_286_length_3341_cov_95.910649
      Species: [Marseillevirus LCMAC202] -> [Tethysvirus raunefjordenense]
  CRR2703948_clean_NODE_2891_length_1449_cov_9.904070
      Species: [Tupanvirus altamarinense] -> [Homavirus sp.]
  CRR2703948_clean_NODE_303_length_3289_cov_1.666667
      Genus: [Alphahydrivirus] -> [空]
      Species: [Alphahydrivirus permafrostis] -> [空]
  CRR2703948_clean_NODE_304_length_3288_cov_5.447900
      Genus: [Alphaorpheovirus] -> [Gammaretrovirus]
  CRR2703948_clean_NODE_314_length_3263_cov_2.202821
      Genus: [Alphahydrivirus] -> [Fadolivirus]
  CRR2703948_clean_NODE_319_length_3240_cov_4.408589
      Genus: [Biavirus] -> [Kratosvirus]
      Species: [Biavirus raunefjordenense] -> [Kratosvirus quantuckense]
  CRR2703948_clean_NODE_322_length_3234_cov_16.871876
      Genus: [Chlorovirus] -> [Megavirus]
      Species: [Chlorovirus americanus] -> [Megavirus sp.]
  CRR2703948_clean_NODE_331_length_3210_cov_2.354479
      Genus: [Semotivirus] -> [空]
      Species: [Semotivirus ninjadrosophilae] -> [Jacuba chuvirus]
  CRR2703948_clean_NODE_33_length_5461_cov_4.562546
      Order: [Herpesvirales] -> [Algavirales]
  CRR2703948_clean_NODE_344_length_3180_cov_1.938204
      Family: [Baculoviridae] -> [Phycodnaviridae]
      Genus: [Betabaculovirus] -> [Coccolithovirus]
      Species: [Betabaculovirus trini] -> [Emiliania huxleyi virus 18]
  CRR2703948_clean_NODE_365_length_3134_cov_624.277360
      Family: [Hydriviridae] -> [空]
      Genus: [Alphahydrivirus] -> [空]
      Species: [Alphahydrivirus permafrostis] -> [空]
  CRR2703948_clean_NODE_38_length_5343_cov_3.992030
      Genus: [Biavirus] -> [Kratosvirus]
      Species: [Biavirus raunefjordenense] -> [Kratosvirus quantuckense]
  CRR2703948_clean_NODE_3948_length_1223_cov_2.993913
      Species: [Ripocel virus] -> [Tymovirus chayotis]
  CRR2703948_clean_NODE_398_length_3065_cov_2.194853
      Genus: [Megavirus] -> [空]
      Species: [Megavirus baoshanense] -> [Marseillevirus LCMAC202]
  CRR2703948_clean_NODE_402_length_3056_cov_23.745893
      Genus: [Biavirus] -> [空]
  CRR2703948_clean_NODE_417_length_3008_cov_2.799659
      Species: [Guapo partitivirus] -> [Biavirus raunefjordenense]
  CRR2703948_clean_NODE_422_length_3002_cov_3.161147
      Species: [environmental samples] -> [空]
  CRR2703948_clean_NODE_452_length_2967_cov_28.314789
      Species: [Agnivirus brisbanense] -> [Poseidoniales virus]
  CRR2703948_clean_NODE_473_length_2918_cov_290.803515
      Genus: [Alphahydrivirus] -> [空]
      Species: [Alphahydrivirus permafrostis] -> [Naiavirus sp.]
  CRR2703948_clean_NODE_47_length_5053_cov_5.530321
      Genus: [Pestivirus] -> [Orthopestivirus]
      Species: [Pestivirus giraffae] -> [空]
  CRR2703948_clean_NODE_490_length_2872_cov_36.628796
      Species: [Biavirus raunefjordenense] -> [Tethysvirus ontarioense]
  CRR2703948_clean_NODE_517_length_2834_cov_3.380297
      Species: [Gammaretrovirus felleu] -> [Alpharetrovirus aviY73sar]
  CRR2703948_clean_NODE_5267_length_1022_cov_2.167545
      Species: [Insect-associated tymovirus 1] -> [Inya insect-associated virus]
  CRR2703948_clean_NODE_52_length_5021_cov_1.836297
      Species: [Goodmanvirus goodman] -> [Poseidoniales virus]
  CRR2703948_clean_NODE_537_length_2808_cov_2.390128
      Genus: [Alphahydrivirus] -> [空]
      Species: [Alphahydrivirus permafrostis] -> [空]
  CRR2703948_clean_NODE_556_length_2761_cov_2.225074
      Genus: [Alphacedratvirus] -> [Phaeovirus]
      Species: [Alphacedratvirus brasiliense] -> [Phaeovirus unasiliculosus]
  CRR2703948_clean_NODE_558_length_2761_cov_1.760789
      Species: [Megavirus baoshanense] -> [Terrestrivirus sp.]
  CRR2703948_clean_NODE_5592_length_987_cov_1.457330
      Order: [Ortervirales] -> [空]
      Genus: [Metavirus] -> [空]
  CRR2703948_clean_NODE_561_length_2759_cov_5.914371
      Genus: [Iflavirus] -> [空]
      Species: [Sitobion avenae iflavirus 1-XY] -> [European chub iridovirus]
  CRR2703948_clean_NODE_611_length_2697_cov_3.689024
      Genus: [Biavirus] -> [空]
      Species: [Biavirus raunefjordenense] -> [Guapo partitivirus]
  CRR2703948_clean_NODE_633_length_2661_cov_2.120556
      Genus: [Wendovervirus] -> [空]
      Species: [Wendovervirus sonii] -> [Homavirus sp.]
  CRR2703948_clean_NODE_662_length_2616_cov_10.067243
      Species: [Fadolivirus algeromassiliense] -> [Terrestrivirus sp.]
  CRR2703948_clean_NODE_666_length_2615_cov_1.253737
      Family: [Mimiviridae] -> [Pithoviridae]
      Genus: [Megavirus] -> [Alphacedratvirus]
      Species: [Alphacedratvirus brasiliense] -> [空]
  CRR2703948_clean_NODE_698_length_2568_cov_3.393186
      Species: [Alphaorpheovirus massiliense] -> [Sylvanvirus sp.]
  CRR2703948_clean_NODE_708_length_2554_cov_4.265619
      Class: [Caudoviricetes] -> [Megaviricetes]
      Genus: [Spinunavirus] -> [Fadolivirus]
      Species: [Fadolivirus algeromassiliense] -> [Spinunavirus IPP61]
  CRR2703948_clean_NODE_712_length_2552_cov_1205.963292
      Class: [Caudoviricetes] -> [Megaviricetes]
  CRR2703948_clean_NODE_779_length_2469_cov_2.894825
      Family: [Adenoviridae] -> [Mimiviridae]
      Species: [Megaviridae environmental sample*] -> [空]
  CRR2703948_clean_NODE_79_length_4538_cov_3.179619
      Genus: [Sirevirus] -> [空]
      Species: [Sirevirus lycopersici] -> [空]
  CRR2703948_clean_NODE_801_length_2448_cov_4.399158
      Species: [Chrysophyceae clade H virus] -> [Biavirus raunefjordenense]
  CRR2703948_clean_NODE_80_length_4534_cov_2.492939
      Genus: [Biavirus] -> [Criusvirus]
      Species: [Biavirus raunefjordenense] -> [Criusvirus kaneoense*]
  CRR2703948_clean_NODE_839_length_2412_cov_1.967935
      Species: [Squirrelpox virus Berlin_2015] -> [Orthopoxvirus akhmetapox]
  CRR2703948_clean_NODE_846_length_2406_cov_1.455637
      Class: [Caudoviricetes] -> [Megaviricetes]
      Genus: [Spbetavirus] -> [Criusvirus]
      Species: [Spbetavirus SPbeta] -> [Criusvirus kaneoense*]
  CRR2703948_clean_NODE_855_length_2399_cov_2.094153
      Genus: [Catovirus] -> [Cotonvirus]
      Species: [Catovirus CTV1] -> [Cotonvirus japonicum]
  CRR2703948_clean_NODE_856_length_2398_cov_6.544946
      Order: [Chitovirales] -> [空]
      Family: [Poxviridae] -> [空]
  CRR2703948_clean_NODE_865_length_2392_cov_7.687796
      Family: [Hydriviridae] -> [空]
      Genus: [Alphahydrivirus] -> [空]
      Species: [Alphahydrivirus permafrostis] -> [空]
  CRR2703948_clean_NODE_86_length_4452_cov_2.615666
      Class: [Caudoviricetes] -> [Naldaviricetes]
      Genus: [Sukkupivirus] -> [Alphabaculovirus]
      Species: [Pandoravirus belohorizontensis] -> [空]
  CRR2703948_clean_NODE_874_length_2386_cov_3.199308
      Order: [Pimascovirales] -> [Imitervirales]
      Genus: [Iridovirus] -> [空]
      Species: [Iridovirus armadillidium1] -> [空]
  CRR2703948_clean_NODE_889_length_2364_cov_58.681362
      Genus: [Immutovirus] -> [空]
  CRR2703948_clean_NODE_942_length_2327_cov_4.943656
      Family: [Orpheoviridae] -> [Mimiviridae]
      Genus: [Alphaorpheovirus] -> [Catovirus]
      Species: [Alphaorpheovirus massiliense] -> [Catovirus CTV1]
  CRR2703948_clean_NODE_959_length_2316_cov_15.245207
      Genus: [Alphahydrivirus] -> [Tupanvirus]
  CRR2703948_clean_NODE_964_length_2314_cov_2.715752
      Kingdom: [Heunggongvirae] -> [Bamfordvirae]
      Phylum: [Peploviricota] -> [Nucleocytoviricota]
      Class: [Herviviricetes] -> [Megaviricetes]
      Family: [Nimaviridae] -> [Pithoviridae]
      Species: [Litopenaeus vannamei majanivirus Nimav-1_LVa] -> [Alphacedratvirus rossiense]
  CRR2703948_clean_NODE_970_length_2311_cov_2.339142
      Genus: [Alphacedratvirus] -> [Phaeovirus]
  CRR2703948_clean_NODE_975_length_2308_cov_1.439821
      Class: [Megaviricetes] -> [Herviviricetes]
  CRR527035_clean_NODE_225_length_624_cov_1.520871
      Phylum: [Duplornaviricota] -> [Lenarviricota]
      Class: [Chrymotiviricetes] -> [Howeltoviricetes]
      Order: [Ghabrivirales] -> [Cryppavirales]
      Family: [Orthototiviridae] -> [Mitoviridae]
      Genus: [Totivirus] -> [Mitovirus]
      Species: [Totivirus ichi] -> [Mitovirus sp.]
  CRR527037_clean_NODE_66_length_1054_cov_1.395515
      Species: [Duamitovirus oxru1] -> [Mitoviridae sp.]
  CRR527038_clean_NODE_121_length_994_cov_1.424539
      Species: [Erysiphe necator associated ourmia-like virus 42] -> [Botoulivirus alphaplasmoparae]
  CRR527038_clean_NODE_570_length_516_cov_0.437923
      Species: [Hebei botourmia-like virus 16] -> [Scleroulivirus omicronplasmoparae]
  CRR527039_clean_NODE_108_length_1834_cov_3.218058
      Family: [Hydriviridae] -> [Mimiviridae]
      Genus: [Alphahydrivirus] -> [空]
      Species: [Alphahydrivirus permafrostis] -> [空]
  CRR527039_clean_NODE_109_length_1833_cov_3.873295
      Order: [Cryppavirales] -> [空]
      Family: [Mitoviridae] -> [Peduoviridae]
      Species: [Quwivirus caviidbeta2] -> [Dagavirus ST13OXA48phi121]
  CRR527039_clean_NODE_111_length_1816_cov_5.662077
      Genus: [Immutovirus] -> [空]
  CRR527039_clean_NODE_11_length_6929_cov_7.044049
      Species: [Tokyovirus A1] -> [Oceanusvirus kaneohense]
  CRR527039_clean_NODE_1216_length_642_cov_0.702988
      Species: [Erysiphe necator associated ourmia-like virus 87] -> [Scleroulivirus piplasmoparae]
  CRR527039_clean_NODE_125_length_1749_cov_2.001790
      Species: [Polar freshwater circular DNA virus] -> [Tupanvirus altamarinense]
  CRR527039_clean_NODE_126_length_1747_cov_3.119474
      Class: [Caudoviricetes] -> [Megaviricetes]
      Genus: [Polybotosvirus] -> [Heliosvirus]
  CRR527039_clean_NODE_1346_length_615_cov_0.843173
      Order: [Herpesvirales] -> [空]
      Family: [Orthoherpesviridae] -> [空]
      Species: [Varicellovirus cervidalpha1] -> [Baikalvirus PaBG]
  CRR527039_clean_NODE_1472_length_592_cov_2.587669
      Species: [Enterovirus betacoxsackie] -> [Actinidiaevirus Ep4]
  CRR527039_clean_NODE_149_length_1611_cov_4.570871
      Genus: [Alphahydrivirus] -> [空]
      Species: [Alphahydrivirus permafrostis] -> [空]
  CRR527039_clean_NODE_1660_length_561_cov_7.098361
      Class: [Caudoviricetes] -> [Stelpaviricetes]
      Genus: [Qadamvirus] -> [Mamastrovirus]
  CRR527039_clean_NODE_206_length_1401_cov_8.954819
      Family: [Hydriviridae] -> [空]
      Genus: [Alphahydrivirus] -> [空]
      Species: [Alphahydrivirus permafrostis] -> [空]
  CRR527039_clean_NODE_23_length_3940_cov_23.222912
      Family: [Hydriviridae] -> [Mimiviridae]
      Genus: [Alphahydrivirus] -> [空]
      Species: [Coltivirus dermacentoris] -> [空]
  CRR527039_clean_NODE_28_length_3522_cov_23.593505
      Order: [Imitervirales] -> [空]
      Family: [Orthoherpesviridae] -> [空]
      Species: [Varicellovirus equidalpha1] -> [Spinunavirus IPP61]
  CRR527039_clean_NODE_29_length_3464_cov_8.638750
      Order: [Imitervirales] -> [空]
      Family: [Mimiviridae] -> [空]
  CRR527039_clean_NODE_326_length_1141_cov_4.083333
      Family: [Discoviridae] -> [空]
      Genus: [Orthodiscovirus] -> [空]
  CRR527039_clean_NODE_35_length_3058_cov_3.437521
      Species: [Blattambidensovirus incertum3] -> [Alphaentomopoxvirus acuprea]
  CRR527039_clean_NODE_39_length_2835_cov_6.861332
      Genus: [Fadolivirus] -> [Klosneuvirus]
      Species: [Fadolivirus algeromassiliense] -> [Klosneuvirus KNV1*]
  CRR527039_clean_NODE_459_length_999_cov_5.288337
      Realm: [Varidnaviria] -> [Duplodnaviria]
      Kingdom: [Bamfordvirae] -> [Heunggongvirae]
  CRR527039_clean_NODE_45_length_2660_cov_2.389641
      Genus: [Biavirus] -> [空]
      Species: [Biavirus raunefjordenense] -> [Florenciella sp. virus SA1]
  CRR527039_clean_NODE_46_length_2649_cov_5.348602
      Genus: [Pandoravirus] -> [Chlorovirus]
      Species: [Chlorovirus sp.] -> [空]
  CRR527039_clean_NODE_47_length_2590_cov_4.172030
      Genus: [Wendovervirus] -> [空]
      Species: [Wendovervirus sonii] -> [Homavirus sp.]
  CRR527039_clean_NODE_52_length_2447_cov_6.433446
      Genus: [Biavirus] -> [空]
      Species: [Biavirus raunefjordenense] -> [Terrestrivirus sp.]
  CRR527039_clean_NODE_53_length_2439_cov_6.377430
      Species: [Biavirus raunefjordenense] -> [Rheavirus sinusmexicani]
  CRR527039_clean_NODE_580_length_894_cov_6.609013
      Genus: [Tethysvirus] -> [空]
      Species: [Tethysvirus ontarioense] -> [Chrysochromulina ericina virus]
  CRR527039_clean_NODE_625_length_864_cov_7.558786
      Genus: [Menderavirus] -> [空]
  CRR527039_clean_NODE_67_length_2243_cov_2.943318
      Species: [Alphahydrivirus permafrostis] -> [空]
  CRR527039_clean_NODE_6_length_9603_cov_4.574607
      Order: [Lavidavirales] -> [Autographivirales]
      Family: [Maviroviridae] -> [Autoscriptoviridae]
  CRR527039_clean_NODE_75_length_2129_cov_8.359436
      Genus: [Immutovirus] -> [空]
      Species: [Immutovirus immuto] -> [Virus NIOZ-UU157]
  CRR527039_clean_NODE_863_length_752_cov_0.879234
      Species: [Betascleroulivirus etaplasmoparae] -> [Taian Botou tick virus 2]
  CRR527039_clean_NODE_89_length_2017_cov_3.169239
      Class: [Caudoviricetes] -> [Megaviricetes]
      Genus: [Jouyvirus] -> [Alphacedratvirus*]
      Species: [Jouyvirus ev017] -> [空]
  CRR527039_clean_NODE_9_length_8067_cov_7.049912
      Species: [Erythrocytic necrosis virus] -> [Oceanusvirus kaneohense]
  CRR527040_clean_NODE_1080_length_582_cov_1.760314
      Species: [Betascleroulivirus botrytidis] -> [Botourmiaviridae sp.]
  CRR527040_clean_NODE_138_length_1258_cov_0.696203
      Species: [Erysiphe necator associated ourmia-like virus 42] -> [Botoulivirus alphaplasmoparae]
  CRR527040_clean_NODE_25_length_2464_cov_1.492681
      Class: [Caudoviricetes] -> [Megaviricetes]
  CRR527040_clean_NODE_28_length_2288_cov_8.038826
      Species: [Erysiphe necator associated ourmia-like virus 9] -> [Betascleroulivirus lambdaplasmoparae]
  CRR527040_clean_NODE_46_length_1926_cov_4.114949
      Family: [Closteroviridae] -> [空]
      Genus: [Closterovirus] -> [空]
  CRR527040_clean_NODE_479_length_791_cov_2.263231
      Species: [Magoulivirus lambdaplasmoparae] -> [Botourmiaviridae sp.]
  CRR527040_clean_NODE_5_length_5038_cov_6.528298
      Family: [Hydriviridae] -> [Mimiviridae]
      Genus: [Alphahydrivirus] -> [空]
      Species: [Varicellovirus equidalpha1] -> [空]
  CRR527041_clean_NODE_10059_length_756_cov_1.600293
      Species: [Alternaria alternata polymycovirus 2] -> [Polymycovirus cladosporii]
  CRR527041_clean_NODE_1006_length_2145_cov_3.257239
      Class: [Caudoviricetes] -> [Papovaviricetes]
  CRR527041_clean_NODE_10167_length_750_cov_1.672083
      Species: [Agrostis stolonifera deltaflexivirus 1] -> [Deltaflexivirus glycinis]
  CRR527041_clean_NODE_10529_length_731_cov_5.410334
      Family: [Discoviridae] -> [空]
      Genus: [Orthodiscovirus] -> [空]
  CRR527041_clean_NODE_1056_length_2119_cov_1.925220
      Order: [Herpesvirales] -> [Algavirales]
      Genus: [Alphaorpheovirus] -> [Prasinovirus]
      Species: [Lymphocryptovirus callitrichinegamma3] -> [空]
  CRR527041_clean_NODE_1082_length_2101_cov_3.795858
      Species: [Orthobunyavirus teteense] -> [Emiliania huxleyi virus 18]
  CRR527041_clean_NODE_1084_length_2100_cov_3.194869
      Species: [Pacmanvirus A23] -> [Lahexavirus LAh8]
  CRR527041_clean_NODE_1125_length_2074_cov_10.523738
      Family: [Hydriviridae] -> [Mimiviridae]
      Genus: [Alphahydrivirus] -> [Fadolivirus]
      Species: [Alphahydrivirus permafrostis] -> [Fadolivirus algeromassiliense]
  CRR527041_clean_NODE_11458_length_693_cov_1.082258
      Species: [Erysiphe necator associated deltaflexivirus 1] -> [Deltaflexivirus glycinis]
  CRR527041_clean_NODE_11647_length_686_cov_1.355628
      Genus: [Betasclernavirus] -> [Alphavirus]
      Species: [Solanum melongena bastro-like virus] -> [Plasmopara viticola lesion associated alpha-like virus 1]
  CRR527041_clean_NODE_1167_length_2056_cov_4.323752
      Genus: [Fadolivirus] -> [空]
      Species: [Fadolivirus algeromassiliense] -> [Pithovirus LCPAC403]
  CRR527041_clean_NODE_1170_length_2055_cov_4.630676
      Species: [Chrysophyceae clade H virus] -> [Rheavirus sinusmexicani]
  CRR527041_clean_NODE_11746_length_682_cov_2.180624
      Species: [Erysiphe necator associated deltaflexivirus 1] -> [Deltaflexivirus sclerotiniae]
  CRR527041_clean_NODE_1187_length_2043_cov_6.238071
      Family: [Kyanoviridae] -> [Marseilleviridae]
      Genus: [Bellamyvirus] -> [Marseillevirus]
      Species: [Bellamyvirus bellamy] -> [Marseillevirus sp.]
  CRR527041_clean_NODE_11892_length_677_cov_1.913907
      Species: [Ripacuv virus] -> [Wahrwivirus faecicola]
  CRR527041_clean_NODE_1199_length_2038_cov_9.536387
      Species: [Tupanvirus altamarinense] -> [Tupanvirus salinum]
  CRR527041_clean_NODE_12467_length_656_cov_1.259005
      Species: [Vormycovirus verticilli] -> [Vormycovirus plasmoparae]
  CRR527041_clean_NODE_124_length_3934_cov_4.972805
      Species: [Ripabeq virus] -> [Cytomegalovirus cercopithecinebeta5]
  CRR527041_clean_NODE_12769_length_646_cov_2.624782
      Species: [Betascleroulivirus miplasmoparae] -> [Erysiphe necator associated ourmia-like virus 94]
  CRR527041_clean_NODE_1289_length_1991_cov_11.270594
      Family: [Hydriviridae] -> [空]
      Genus: [Alphahydrivirus] -> [空]
      Species: [Alphahydrivirus permafrostis] -> [空]
  CRR527041_clean_NODE_1317_length_1975_cov_11.158254
      Family: [Metaviridae] -> [Mesomimiviridae]
      Genus: [Metavirus] -> [Criusvirus]
      Species: [Metavirus tatarabidopsis] -> [Criusvirus kaneoense]
  CRR527041_clean_NODE_13235_length_632_cov_1.778175
      Family: [Astroviridae] -> [Togaviridae]
      Genus: [Betasclernavirus] -> [Alphavirus]
      Species: [Solanum melongena bastro-like virus] -> [Plasmopara viticola lesion associated alpha-like virus 1]
  CRR527041_clean_NODE_1347_length_1954_cov_2.690590
      Class: [Herviviricetes] -> [Megaviricetes]
      Order: [Herpesvirales] -> [Pimascovirales]
      Genus: [Scutavirus] -> [空]
  CRR527041_clean_NODE_1384_length_1938_cov_22.159249
      Species: [environmental samples] -> [空]
  CRR527041_clean_NODE_1385_length_1938_cov_12.121716
      Species: [Agnivirus brisbanense] -> [Poseidoniales virus]
  CRR527041_clean_NODE_13864_length_614_cov_1.268022
      Species: [Leptosphaeria biglobosa fusarivirus 1] -> [Alphafusarivirus plasmoparae]
  CRR527041_clean_NODE_1393_length_1934_cov_2.910801
      Family: [Pithoviridae] -> [Orthoherpesviridae]
      Species: [Scutavirus chelonidalpha5] -> [Pithovirus LCPAC304]
  CRR527041_clean_NODE_139_length_3803_cov_4.087131
      Genus: [Donellivirus] -> [空]
      Species: [Donellivirus gee] -> [Marseillevirus LCMAC202]
  CRR527041_clean_NODE_1412_length_1928_cov_13.207008
      Species: [Sophritavirus sophrita] -> [Sicyoidochytrium minutum DNA virus]
  CRR527041_clean_NODE_1423_length_1924_cov_3.052404
      Genus: [Heliosvirus] -> [空]
      Species: [Heliosvirus raunefjordenense] -> [Micromonas commoda virus]
  CRR527041_clean_NODE_142_length_3785_cov_5.700700
      Genus: [Eurybiavirus] -> [空]
      Species: [Eurybiavirus MED4213] -> [空]
  CRR527041_clean_NODE_14345_length_601_cov_1.181818
      Species: [Agrostis stolonifera deltaflexivirus 1] -> [Deltaflexivirus glycinis]
  CRR527041_clean_NODE_14879_length_587_cov_3.132296
      Species: [Marseillevirus LCMAC201] -> [Alphaorpheovirus massiliense]
  CRR527041_clean_NODE_149_length_3724_cov_4.061353
      Order: [Algavirales] -> [空]
      Family: [Phycodnaviridae] -> [空]
      Genus: [Chlorovirus] -> [空]
  CRR527041_clean_NODE_15013_length_584_cov_2.700587
      Species: [Scleroulivirus niplasmoparae] -> [Botourmiaviridae sp.]
  CRR527041_clean_NODE_15149_length_581_cov_1.998031
      Species: [Erysiphe necator associated ourmia-like virus 122] -> [Betabotoulivirus etaplasmoparae]
  CRR527041_clean_NODE_1531_length_1876_cov_3.175818
      Class: [Caudoviricetes] -> [Howeltoviricetes]
      Genus: [Dagavirus] -> [空]
  CRR527041_clean_NODE_1556_length_1867_cov_6.547938
      Genus: [Alphahydrivirus] -> [Klosneuvirus]
      Species: [Alphahydrivirus permafrostis] -> [Klosneuvirus KNV1*]
  CRR527041_clean_NODE_1563_length_1865_cov_1.733259
      Family: [Metaviridae] -> [Mesomimiviridae]
      Genus: [Metavirus] -> [Criusvirus]
      Species: [Metavirus tatarabidopsis] -> [Criusvirus kaneoense]
  CRR527041_clean_NODE_15916_length_564_cov_1.945010
      Species: [Erysiphe necator associated deltaflexivirus 1] -> [Deltaflexivirus glycinis]
  CRR527041_clean_NODE_1593_length_1853_cov_4.065169
      Genus: [Potyvirus] -> [空]
      Species: [Potyvirus rapae] -> [Mimivirus LCMiAC01]
  CRR527041_clean_NODE_1603_length_1851_cov_4.722722
      Species: [Plurimycovirus penidigitati] -> [Polymycovirus penidigitati]
  CRR527041_clean_NODE_1612_length_1848_cov_4.467606
      Species: [environmental samples] -> [空]
  CRR527041_clean_NODE_1613_length_1848_cov_3.552113
      Family: [Adenoviridae] -> [Mimiviridae]
      Species: [Megaviridae environmental sample*] -> [空]
  CRR527041_clean_NODE_16593_length_549_cov_9.661765
      Species: [Botourmiaviridae sp.] -> [Narnaviridae sp.]
  CRR527041_clean_NODE_17116_length_539_cov_1.493562
      Genus: [Betasclernavirus] -> [Alphavirus]
      Species: [Solanum melongena bastro-like virus] -> [Plasmopara viticola lesion associated alpha-like virus 1]
  CRR527041_clean_NODE_1711_length_1813_cov_7.070690
      Genus: [Biavirus] -> [空]
      Species: [Biavirus raunefjordenense] -> [空]
  CRR527041_clean_NODE_1747_length_1799_cov_9.877752
      Species: [Culex inatomii luteo-like virus] -> [Erysiphe necator associated abispo virus 3]
  CRR527041_clean_NODE_17600_length_529_cov_2.171053
      Species: [Agrostis stolonifera deltaflexivirus 1] -> [Deltaflexivirus sclerotiniae]
  CRR527041_clean_NODE_17651_length_528_cov_1.189011
      Species: [Diplodia seriata polymycovirus 1] -> [Polymycovirus botryosphaeriae]
  CRR527041_clean_NODE_1769_length_1789_cov_1.798951
      Genus: [Tethysvirus] -> [空]
      Species: [Tethysvirus ontarioense] -> [Terrestrivirus sp.]
  CRR527041_clean_NODE_17846_length_524_cov_2.348115
      Genus: [Penoulivirus] -> [空]
      Species: [Hulunbuir Botou tick virus 1] -> [Narnaviridae sp.]
  CRR527041_clean_NODE_1798_length_1780_cov_10.751611
      Genus: [Alphahydrivirus] -> [空]
      Species: [Alphahydrivirus permafrostis] -> [空]
  CRR527041_clean_NODE_1820_length_1774_cov_1.311581
      Species: [Marseillevirus LCMAC201] -> [Phaeovirus unasiliculosus]
  CRR527041_clean_NODE_18349_length_516_cov_1.038375
      Species: [Botybirnavirus ichi] -> [Leptosphaeria biglobosa botybirnavirus 2]
  CRR527041_clean_NODE_1840_length_1768_cov_2.287316
      Class: [Megaviricetes] -> [Herviviricetes]
      Family: [Phycodnaviridae] -> [Orthoherpesviridae]
      Genus: [Coccolithovirus] -> [Rhadinovirus]
      Species: [Coccolithovirus huxleyi] -> [空]
  CRR527041_clean_NODE_1847_length_1766_cov_2.024808
      Genus: [Phaeovirus] -> [Gammaretrovirus]
  CRR527041_clean_NODE_1880_length_1755_cov_2.636742
      Genus: [Wroclawvirus] -> [Heliosvirus]
  CRR527041_clean_NODE_1969_length_1728_cov_2.429003
      Species: [environmental samples] -> [空]
  CRR527041_clean_NODE_1979_length_1724_cov_2.053301
      Class: [Caudoviricetes] -> [Megaviricetes]
      Genus: [Polybotosvirus] -> [Heliosvirus]
  CRR527041_clean_NODE_1993_length_1717_cov_22.163017
      Class: [Caudoviricetes] -> [Megaviricetes]
  CRR527041_clean_NODE_1995_length_1716_cov_23.029215
      Realm: [Riboviria] -> [Varidnaviria]
      Genus: [Metavirus] -> [Tupanvirus]
  CRR527041_clean_NODE_203_length_3487_cov_4.869947
      Species: [Alphabaculovirus opbrumatae] -> [Sylvanvirus sp.]
  CRR527041_clean_NODE_2044_length_1704_cov_3.551809
      Genus: [Tethysvirus] -> [空]
  CRR527041_clean_NODE_2104_length_1684_cov_21.445686
      Family: [Kyanoviridae] -> [Phycodnaviridae]
      Genus: [Kanaloavirus] -> [空]
      Species: [Kanaloavirus scam9] -> [空]
  CRR527041_clean_NODE_210_length_3425_cov_6.209726
      Genus: [Potexvirus] -> [空]
  CRR527041_clean_NODE_214_length_3400_cov_4.798617
      Family: [Mimiviridae] -> [Pithoviridae]
      Genus: [Theiavirus] -> [空]
      Species: [Marseillevirus LCMAC201] -> [Pithovirus LCPAC304]
  CRR527041_clean_NODE_21_length_5948_cov_6.289021
      Species: [Fadolivirus algeromassiliense] -> [Mimivirus LCMiAC02]
  CRR527041_clean_NODE_2269_length_1631_cov_2.664955
      Family: [Rhabdoviridae] -> [Kyanoviridae]
      Species: [Betacytorhabdovirus lycii] -> [Haifavirus tim68]
  CRR527041_clean_NODE_2283_length_1627_cov_1.835264
      Species: [Alphacedratvirus brasiliense] -> [Alphapithovirus siberiense]
  CRR527041_clean_NODE_2287_length_1625_cov_3.798969
      Species: [Orthohepacivirus hominis] -> [Moumouvirus goulettemassiliense]
  CRR527041_clean_NODE_230_length_3359_cov_7.297322
      Order: [Lefavirales] -> [空]
      Family: [Baculoviridae] -> [空]
  CRR527041_clean_NODE_2334_length_1612_cov_2.687459
      Species: [Chrysophyceae clade H virus] -> [Tupanvirus salinum]
  CRR527041_clean_NODE_2359_length_1604_cov_2.165251
      Species: [Alternaria alternata deltaflexivirus 1] -> [Deltaflexivirus glycinis]
  CRR527041_clean_NODE_2370_length_1600_cov_6.514735
      Class: [Caudoviricetes] -> [Megaviricetes]
  CRR527041_clean_NODE_2638_length_1531_cov_1.717421
      Genus: [Wroclawvirus] -> [Heliosvirus]
  CRR527041_clean_NODE_2678_length_1520_cov_5.421562
      Species: [Fadolivirus algeromassiliense] -> [Terrestrivirus sp.]
  CRR527041_clean_NODE_2805_length_1489_cov_2.848870
      Species: [Duamitovirus nior1] -> [Plasmopara viticola lesion associated mitovirus 49]
  CRR527041_clean_NODE_2821_length_1486_cov_2.319179
      Genus: [Fadolivirus] -> [Orthohepacivirus]
      Species: [Tupanvirus salinum] -> [Orthohepacivirus hominis]
  CRR527041_clean_NODE_2833_length_1484_cov_2.057406
      Species: [Agrostis stolonifera deltaflexivirus 1] -> [Erysiphe necator associated deltaflexivirus 1]
  CRR527041_clean_NODE_2876_length_1473_cov_1.755000
      Species: [Harvfovirus sp.] -> [空]
  CRR527041_clean_NODE_2950_length_1460_cov_2.125451
      Species: [Mimivirus lagoaense] -> [空]
  CRR527041_clean_NODE_2975_length_1454_cov_2.076032
      Genus: [Theiavirus] -> [空]
      Species: [Theiavirus salishense] -> [Guapo partitivirus]
  CRR527041_clean_NODE_3004_length_1445_cov_204.030612
      Phylum: [Lenarviricota] -> [Pisuviricota]
      Class: [Howeltoviricetes] -> [Duplopiviricetes]
      Order: [Cryppavirales] -> [Durnavirales]
      Family: [Mitoviridae] -> [Picobirnaviridae]
      Species: [Chronaparn virus] -> [Qianjiang picobirna-like virus 2]
  CRR527041_clean_NODE_302_length_3136_cov_6.670584
      Genus: [Alphahydrivirus] -> [Hokovirus]
      Species: [Orthopestivirus bovis] -> [Hokovirus HKV1]
  CRR527041_clean_NODE_304_length_3131_cov_3.377698
      Genus: [Biavirus] -> [空]
      Species: [Biavirus raunefjordenense] -> [Guapo partitivirus]
  CRR527041_clean_NODE_3069_length_1430_cov_1.890936
      Genus: [Fadolivirus] -> [空]
  CRR527041_clean_NODE_3075_length_1429_cov_1.695428
      Species: [Erysiphe necator associated deltaflexivirus 1] -> [Deltaflexivirus glycinis]
  CRR527041_clean_NODE_3263_length_1383_cov_3.452672
      Species: [Chronahyst virus] -> [Fadolivirus algeromassiliense]
  CRR527041_clean_NODE_328_length_3064_cov_12.035774
      Order: [Chitovirales] -> [空]
      Family: [Poxviridae] -> [空]
      Genus: [Centapoxvirus] -> [空]
      Species: [Centapoxvirus microtuspox] -> [空]
  CRR527041_clean_NODE_331_length_3060_cov_5.678942
      Species: [Scleroulivirus kappaplasmoparae] -> [Biavirus raunefjordenense]
  CRR527041_clean_NODE_3516_length_1340_cov_2.591160
      Class: [Caudoviricetes] -> [空]
      Genus: [Kungbxnavirus] -> [空]
  CRR527041_clean_NODE_3581_length_1328_cov_4.446215
      Class: [Caudoviricetes] -> [Megaviricetes]
      Species: [Coltivirus dermacentoris] -> [Hatfieldvirus porci]
  CRR527041_clean_NODE_365_length_2972_cov_17.068644
      Genus: [Alphahydrivirus] -> [空]
      Species: [Alphahydrivirus permafrostis] -> [空]
  CRR527041_clean_NODE_3706_length_1311_cov_2.854604
      Genus: [Polymycovirus] -> [Multimycovirus]
      Species: [Multimycovirus alternatae] -> [Plasmopara viticola lesion associated polymycovirus 1]
  CRR527041_clean_NODE_3749_length_1306_cov_2.239254
      Genus: [Alphahydrivirus] -> [Klosneuvirus]
      Species: [Alphahydrivirus permafrostis] -> [Klosneuvirus KNV1*]
  CRR527041_clean_NODE_379_length_2936_cov_4.320992
      Genus: [Moumouvirus] -> [Phaeovirus]
      Species: [Moumouvirus moumou] -> [空]
  CRR527041_clean_NODE_3856_length_1290_cov_3.053410
      Species: [Triticum polonicum deltaflexivirus 1] -> [Deltaflexivirus glycinis]
  CRR527041_clean_NODE_401_length_2899_cov_10.522293
      Order: [Lefavirales] -> [Imitervirales]
      Family: [Baculoviridae] -> [空]
      Genus: [Alphabaculovirus] -> [空]
      Species: [Alphabaculovirus opbrumatae] -> [空]
  CRR527041_clean_NODE_4280_length_1226_cov_1.663487
      Genus: [Betasclernavirus] -> [Alphavirus]
      Species: [Solanum melongena bastro-like virus] -> [Plasmopara viticola lesion associated alpha-like virus 1]
  CRR527041_clean_NODE_43_length_5125_cov_14.838876
      Genus: [Victorivirus] -> [空]
  CRR527041_clean_NODE_449_length_2795_cov_3.885011
      Order: [Imitervirales] -> [空]
      Family: [Orthoherpesviridae] -> [空]
      Species: [Varicellovirus equidalpha1] -> [Spinunavirus IPP61]
  CRR527041_clean_NODE_4642_length_1174_cov_17.622162
      Species: [Galvornvirus isengard] -> [Yellowseavirus thirtyeight]
  CRR527041_clean_NODE_4725_length_1165_cov_3.167582
      Species: [Sanya botourmia-like virus 8] -> [Magoulivirus cladosporii]
  CRR527041_clean_NODE_4769_length_1158_cov_3.055300
      Species: [Grapevine wood holobiome associated ourmia-like virus 5] -> [Magoulivirus cladosporii]
  CRR527041_clean_NODE_518_length_2673_cov_1.100385
      Species: [Marseillevirus LCMAC102] -> [Sylvanvirus sp.]
  CRR527041_clean_NODE_545_length_2614_cov_4.441558
      Species: [Megavirus baoshanense] -> [Fadolivirus algeromassiliense]
  CRR527041_clean_NODE_557_length_2594_cov_5.506545
      Genus: [Biavirus] -> [空]
  CRR527041_clean_NODE_560_length_2590_cov_10.599523
      Genus: [Alphabaculovirus] -> [Gammaretrovirus]
  CRR527041_clean_NODE_5687_length_1057_cov_3.192073
      Genus: [Betasclernavirus] -> [Alphavirus]
      Species: [Solanum melongena bastro-like virus] -> [Plasmopara viticola lesion associated alpha-like virus 1]
  CRR527041_clean_NODE_5865_length_1040_cov_3.009307
      Species: [Multimycovirus alternatae] -> [Multimycovirus erynecati]
  CRR527041_clean_NODE_627_length_2524_cov_3.966952
      Genus: [Alphahydrivirus] -> [空]
      Species: [Alphahydrivirus permafrostis] -> [空]
  CRR527041_clean_NODE_631_length_2517_cov_15.737316
      Species: [Dracophyllum associated botourmia-like virus 53] -> [Penoulivirus penicillii]
  CRR527041_clean_NODE_661_length_2475_cov_5.243131
      Species: [Betabotoulivirus thetaplasmoparae] -> [Erysiphe necator associated ourmia-like virus 112]
  CRR527041_clean_NODE_6642_length_973_cov_3.930000
      Family: [Astroviridae] -> [Togaviridae]
      Genus: [Betasclernavirus] -> [Alphavirus]
      Species: [Solanum melongena bastro-like virus] -> [Plasmopara viticola lesion associated alpha-like virus 1]
  CRR527041_clean_NODE_699_length_2422_cov_4.753938
      Species: [Tupanvirus altamarinense] -> [Tupanvirus salinum]
  CRR527041_clean_NODE_7105_length_936_cov_1.479722
      Species: [Erysiphe necator associated ourmia-like virus 98] -> [Betascleroulivirus thetaplasmoparae]
  CRR527041_clean_NODE_73_length_4441_cov_4.325549
      Family: [Hydriviridae] -> [空]
      Genus: [Alphahydrivirus] -> [空]
      Species: [Varicellovirus equidalpha1] -> [空]
  CRR527041_clean_NODE_7750_length_886_cov_3.769988
      Species: [Neofusicoccum parvum narnavirus 4] -> [Jakapalmivirus italiense]
  CRR527041_clean_NODE_784_length_2336_cov_2.503756
      Genus: [Tethysvirus] -> [空]
      Species: [Tethysvirus raunefjordenense] -> [Marseillevirus LCMAC103]
  CRR527041_clean_NODE_786_length_2335_cov_27.881521
      Order: [Imitervirales] -> [空]
  CRR527041_clean_NODE_790_length_2332_cov_8.929615
      Species: [Agnivirus brisbanense] -> [Poseidoniales virus]
  CRR527041_clean_NODE_827_length_2292_cov_6.105002
      Species: [Dishui Lake phycodnavirus 3] -> [Theiavirus salishense]
  CRR527041_clean_NODE_841_length_2281_cov_2.836051
      Species: [Erysiphe necator associated mitovirus 25] -> [Plasmopara viticola lesion associated mitovirus 39]
  CRR527041_clean_NODE_8493_length_838_cov_1.640523
      Family: [Astroviridae] -> [Togaviridae]
      Genus: [Betasclernavirus] -> [Alphavirus]
      Species: [Solanum melongena bastro-like virus] -> [Plasmopara viticola lesion associated alpha-like virus 1]
  CRR527041_clean_NODE_854_length_2269_cov_3.782787
      Genus: [Marseillevirus] -> [Catovirus]
  CRR527041_clean_NODE_87_length_4265_cov_19.054151
      Genus: [Alphabaculovirus] -> [Gammaretrovirus]
  CRR527041_clean_NODE_96_length_4137_cov_5.571112
      Genus: [Salmonpoxvirus] -> [Gammaretrovirus]
  CRR527041_clean_NODE_977_length_2164_cov_2.807747
      Species: [Poacevirus avenae] -> [Moumouvirus goulettemassiliense]
  CRR527042_clean_NODE_1021_length_2038_cov_2.271756
      Species: [Chrysophyceae clade H virus] -> [Tupanvirus salinum]
  CRR527042_clean_NODE_1056_length_2016_cov_2.206382
      Species: [Agrostis stolonifera deltaflexivirus 1] -> [Deltaflexivirus glycinis]
  CRR527042_clean_NODE_1080_length_1999_cov_19.915369
      Class: [Caudoviricetes] -> [Megaviricetes]
      Order: [Pantevenvirales] -> [空]
      Family: [Kyanoviridae] -> [空]
      Genus: [Palaemonvirus] -> [空]
      Species: [Palaemonvirus pssm7] -> [空]
  CRR527042_clean_NODE_1085_length_1996_cov_4.756630
      Species: [environmental samples] -> [空]
  CRR527042_clean_NODE_1146_length_1953_cov_5.803191
      Genus: [Chlorovirus] -> [空]
      Species: [Chlorovirus conductrix] -> [空]
  CRR527042_clean_NODE_1170_length_1941_cov_5.006424
      Kingdom: [Heunggongvirae] -> [Orthornavirae]
      Phylum: [Uroviricota] -> [Negarnaviricota]
      Class: [Caudoviricetes] -> [Monjiviricetes]
      Genus: [Efemunavirus] -> [空]
      Species: [Efemunavirus Lg62] -> [空]
  CRR527042_clean_NODE_11826_length_661_cov_10.124150
      Species: [Didymella theifolia botybirnavirus 1] -> [Botybirnavirus go]
  CRR527042_clean_NODE_1195_length_1928_cov_8.602695
      Genus: [Biavirus] -> [空]
  CRR527042_clean_NODE_1208_length_1922_cov_207.386155
      Family: [Kyanoviridae] -> [Phycodnaviridae]
      Genus: [Kanaloavirus] -> [空]
      Species: [Kanaloavirus scam9] -> [空]
  CRR527042_clean_NODE_1253_length_1902_cov_36.585019
      Class: [Megaviricetes] -> [Pharingeaviricetes]
      Genus: [Alphaorpheovirus] -> [空]
      Species: [Alphaorpheovirus massiliense] -> [空]
  CRR527042_clean_NODE_1286_length_1889_cov_5.115639
      Species: [Rheavirus sinusmexicani] -> [Homavirus sp.]
  CRR527042_clean_NODE_1290_length_1887_cov_1.504410
      Genus: [Biavirus] -> [Kratosvirus]
      Species: [Biavirus raunefjordenense] -> [Kratosvirus quantuckense*]
  CRR527042_clean_NODE_1307_length_1879_cov_1.081949
      Species: [Erysiphe necator associated narnavirus 6] -> [Narnavirus saccharomaior]
  CRR527042_clean_NODE_13488_length_611_cov_3.886617
      Genus: [Penoulivirus] -> [空]
      Species: [Penoulivirus penicillii] -> [Narnaviridae sp.]
  CRR527042_clean_NODE_13489_length_611_cov_3.855019
      Species: [Marseillevirus LCMAC201] -> [Alphaorpheovirus massiliense]
  CRR527042_clean_NODE_1360_length_1843_cov_3.543503
      Genus: [Heliosvirus] -> [空]
      Species: [Heliosvirus raunefjordenense] -> [Micromonas commoda virus]
  CRR527042_clean_NODE_1367_length_1840_cov_67.290323
      Species: [Chronaparn virus] -> [Qianjiang picobirna-like virus 2]
  CRR527042_clean_NODE_1381_length_1837_cov_2.728458
      Genus: [Biavirus] -> [Orthohepacivirus]
  CRR527042_clean_NODE_1396_length_1831_cov_3.579636
      Order: [Imitervirales] -> [Rowavirales]
      Genus: [Biavirus] -> [空]
      Species: [Biavirus raunefjordenense] -> [空]
  CRR527042_clean_NODE_1415_length_1824_cov_3.173615
      Kingdom: [Heunggongvirae] -> [Bamfordvirae]
      Phylum: [Peploviricota] -> [Nucleocytoviricota]
  CRR527042_clean_NODE_1420_length_1822_cov_8.799886
      Species: [Dishui Lake phycodnavirus 3] -> [Tethysvirus raunefjordenense]
  CRR527042_clean_NODE_14276_length_591_cov_1.478764
      Species: [Agrostis stolonifera deltaflexivirus 1] -> [Deltaflexivirus sclerotiniae]
  CRR527042_clean_NODE_1450_length_1807_cov_16.954441
      Genus: [Biavirus] -> [Toursvirus]
  CRR527042_clean_NODE_14821_length_577_cov_1.696429
      Family: [Discoviridae] -> [空]
      Genus: [Orthodiscovirus] -> [空]
  CRR527042_clean_NODE_1492_length_1791_cov_2.945285
      Species: [Pithovirus LCPAC104] -> [Tupanvirus altamarinense]
  CRR527042_clean_NODE_15492_length_561_cov_12.334016
      Species: [Botourmiaviridae sp.] -> [Narnaviridae sp.]
  CRR527042_clean_NODE_1610_length_1749_cov_24.814439
      Family: [Kyanoviridae] -> [Phycodnaviridae]
      Genus: [Vellamovirus] -> [空]
      Species: [Vellamovirus syn1] -> [空]
  CRR527042_clean_NODE_1617_length_1747_cov_2.467145
      Species: [Fadolivirus algeromassiliense] -> [Terrestrivirus sp.]
  CRR527042_clean_NODE_16454_length_542_cov_2.095949
      Family: [Astroviridae] -> [Togaviridae]
      Genus: [Betasclernavirus] -> [Alphavirus]
      Species: [Solanum melongena bastro-like virus] -> [Plasmopara viticola lesion associated alpha-like virus 1]
  CRR527042_clean_NODE_1647_length_1739_cov_15.863145
      Family: [Kyanoviridae] -> [Phycodnaviridae]
      Genus: [Kanaloavirus] -> [空]
      Species: [Kanaloavirus scam9] -> [空]
  CRR527042_clean_NODE_165_length_3419_cov_16.723551
      Species: [Sicyoidochytrium minutum DNA virus] -> [Terrestrivirus sp.]
  CRR527042_clean_NODE_16693_length_537_cov_1.750000
      Species: [Grapevine wood holobiome associated ourmia-like virus 11] -> [Magoulivirus cladosporii]
  CRR527042_clean_NODE_16890_length_534_cov_1.190889
      Genus: [Betasclernavirus] -> [Alphavirus]
      Species: [Solanum melongena bastro-like virus] -> [Plasmopara viticola lesion associated alpha-like virus 1]
  CRR527042_clean_NODE_17018_length_532_cov_1.357298
      Family: [Draupnirviridae] -> [Tombusviridae]
      Genus: [Malificivirus] -> [空]
      Species: [Malificivirus porcris] -> [Tolivirales sp.]
  CRR527042_clean_NODE_1767_length_1703_cov_11.690798
      Species: [Alternaria alternata polymycovirus 2] -> [Alphabaculovirus lafiscellariae]
  CRR527042_clean_NODE_17770_length_519_cov_1.112108
      Species: [Erysiphe necator associated ourmia-like virus 87] -> [Scleroulivirus piplasmoparae]
  CRR527042_clean_NODE_17808_length_518_cov_1.564045
      Family: [Astroviridae] -> [Togaviridae]
      Genus: [Betasclernavirus] -> [Alphavirus]
      Species: [Solanum melongena bastro-like virus] -> [Plasmopara viticola lesion associated alpha-like virus 1]
  CRR527042_clean_NODE_182_length_3351_cov_13.007016
      Genus: [Vetruanivirus] -> [空]
  CRR527042_clean_NODE_1877_length_1668_cov_2.184953
      Genus: [Donellivirus] -> [空]
      Species: [Donellivirus gee] -> [Marseillevirus LCMAC202]
  CRR527042_clean_NODE_1888_length_1662_cov_13.574575
      Species: [Pandoravirus dulcis] -> [Cyvirus cyprinidallo1]
  CRR527042_clean_NODE_1915_length_1654_cov_7.213156
      Genus: [Biavirus] -> [Orthohepacivirus]
  CRR527042_clean_NODE_1942_length_1643_cov_2.659873
      Genus: [Alphaorpheovirus] -> [Hokovirus]
      Species: [Alphaorpheovirus massiliense] -> [Hokovirus HKV1]
  CRR527042_clean_NODE_1971_length_1635_cov_3.278489
      Genus: [Wendovervirus] -> [空]
      Species: [Wendovervirus sonii] -> [Homavirus sp.]
  CRR527042_clean_NODE_1977_length_1633_cov_8.853205
      Family: [Mimiviridae] -> [Kyanoviridae]
      Species: [Mimivirus bradfordmassiliense] -> [Nilusvirus ssm2]
  CRR527042_clean_NODE_2073_length_1606_cov_10.268754
      Genus: [Alphahydrivirus] -> [空]
      Species: [Alphahydrivirus permafrostis] -> [Naiavirus sp.]
  CRR527042_clean_NODE_2203_length_1569_cov_4.771390
      Species: [Ripachek virus] -> [Tupanvirus salinum]
  CRR527042_clean_NODE_227_length_3178_cov_14.143639
      Species: [Tupanvirus salinum] -> [Fadolivirus algeromassiliense]
  CRR527042_clean_NODE_2417_length_1507_cov_1.990237
      Species: [Tupanvirus altamarinense] -> [Tupanvirus salinum]
  CRR527042_clean_NODE_2432_length_1503_cov_2.043357
      Species: [Agrostis stolonifera deltaflexivirus 1] -> [Deltaflexivirus glycinis]
  CRR527042_clean_NODE_2494_length_1487_cov_4.364215
      Genus: [Immutovirus] -> [空]
  CRR527042_clean_NODE_255_length_3089_cov_11.377984
      Species: [Fadolivirus algeromassiliense] -> [Terrestrivirus sp.]
  CRR527042_clean_NODE_2575_length_1468_cov_1.709677
      Species: [Tupanvirus salinum] -> [Mimivirus LCMiAC01]
  CRR527042_clean_NODE_2626_length_1453_cov_1.997826
      Genus: [Betasclernavirus] -> [Alphavirus]
      Species: [Solanum melongena bastro-like virus] -> [Plasmopara viticola lesion associated alpha-like virus 1]
  CRR527042_clean_NODE_2641_length_1449_cov_5.840843
      Genus: [Chlorovirus] -> [Megavirus]
      Species: [Chlorovirus americanus] -> [Megavirus sp.]
  CRR527042_clean_NODE_268_length_3053_cov_7.558054
      Species: [Orthohepacivirus hominis] -> [Sylvanvirus sp.]
  CRR527042_clean_NODE_273_length_3035_cov_27.191087
      Species: [Oceanusvirus kaneohense] -> [Hyperionvirus sp.]
  CRR527042_clean_NODE_277_length_3027_cov_24.403859
      Species: [Chrysophyceae clade H virus] -> [Tupanvirus salinum]
  CRR527042_clean_NODE_27_length_5203_cov_13.291423
      Species: [Sclerotinia sclerotiorum botybirnavirus 3] -> [Botybirnavirus go]
  CRR527042_clean_NODE_3116_length_1351_cov_9.535994
      Class: [Caudoviricetes] -> [Bunyaviricetes]
  CRR527042_clean_NODE_3369_length_1301_cov_7.089577
      Realm: [Riboviria] -> [Varidnaviria]
      Kingdom: [Orthornavirae] -> [Bamfordvirae]
      Phylum: [Kitrinoviricota] -> [Nucleocytoviricota]
      Class: [Tolucaviricetes] -> [Megaviricetes]
      Order: [Tolivirales] -> [Imitervirales]
      Family: [Tombusviridae] -> [Mimiviridae]
      Species: [Ripofluq virus] -> [Fadolivirus algeromassiliense]
  CRR527042_clean_NODE_352_length_2849_cov_6.753242
      Genus: [Lymphocystivirus] -> [Catovirus]
      Species: [Lymphocystivirus sparus1] -> [Edafosvirus sp.]
  CRR527042_clean_NODE_378_length_2790_cov_3.885904
      Genus: [Cotonvirus] -> [Catovirus]
      Species: [Cotonvirus japonicum] -> [Catovirus CTV1]
  CRR527042_clean_NODE_406_length_2723_cov_12.138113
      Phylum: [Nucleocytoviricota] -> [Artverviricota]
      Genus: [Moumouvirus] -> [Gammaretrovirus]
  CRR527042_clean_NODE_435_length_2670_cov_3.863304
      Genus: [Chlorovirus] -> [Gammaretrovirus]
  CRR527042_clean_NODE_4495_length_1138_cov_2.043192
      Species: [Triticum polonicum deltaflexivirus 1] -> [Deltaflexivirus fusarii]
  CRR527042_clean_NODE_4576_length_1128_cov_1.528910
      Species: [Agrostis stolonifera deltaflexivirus 1] -> [Deltaflexivirus sclerotiniae]
  CRR527042_clean_NODE_4632_length_1121_cov_3.700382
      Species: [Jakapalmivirus ibericum] -> [Jakapalmivirus italiense]
  CRR527042_clean_NODE_472_length_2591_cov_4.224384
      Class: [Caudoviricetes] -> [Pokkesviricetes]
      Genus: [Becedseptimavirus] -> [Betaentomopoxvirus]
  CRR527042_clean_NODE_477_length_2587_cov_5.815036
      Genus: [Biavirus] -> [空]
      Species: [Biavirus raunefjordenense] -> [Berere partitivirus]
  CRR527042_clean_NODE_485_length_2578_cov_6.537725
      Class: [Caudoviricetes] -> [Megaviricetes]
      Genus: [Spinunavirus] -> [Tupanvirus]
  CRR527042_clean_NODE_493_length_2568_cov_6.875752
      Species: [environmental samples] -> [空]
  CRR527042_clean_NODE_500_length_2551_cov_2.918886
      Class: [Caudoviricetes] -> [Megaviricetes]
      Genus: [Donellivirus] -> [空]
      Species: [Donellivirus gee] -> [Marseillevirus LCMAC202]
  CRR527042_clean_NODE_507_length_2541_cov_9.625203
      Species: [Chrocadent virus] -> [Magoulivirus epsilonplasmoparae]
  CRR527042_clean_NODE_50_length_4513_cov_81.924550
      Genus: [Biavirus] -> [空]
      Species: [Biavirus raunefjordenense] -> [Homavirus sp.]
  CRR527042_clean_NODE_525_length_2524_cov_3.147287
      Genus: [Phaeovirus] -> [Gammaretrovirus]
  CRR527042_clean_NODE_529_length_2521_cov_5.388072
      Order: [Pimascovirales] -> [Imitervirales]
      Genus: [Alphaorpheovirus] -> [空]
      Species: [Alphaorpheovirus massiliense] -> [空]
  CRR527042_clean_NODE_5653_length_1018_cov_0.923810
      Class: [Megaviricetes] -> [Miaviricetes]
      Genus: [Biavirus] -> [空]
      Species: [Biavirus raunefjordenense] -> [空]
  CRR527042_clean_NODE_586_length_2430_cov_20.333050
      Genus: [Fadolivirus] -> [空]
  CRR527042_clean_NODE_632_length_2371_cov_2.447781
      Class: [Caudoviricetes] -> [Megaviricetes]
  CRR527042_clean_NODE_666_length_2320_cov_3.282154
      Genus: [Chlorovirus] -> [空]
      Species: [Chlorovirus conductrix] -> [Terrestrivirus sp.]
  CRR527042_clean_NODE_674_length_2310_cov_18.860975
      Species: [Tupanvirus salinum] -> [Tupanvirus altamarinense]
  CRR527042_clean_NODE_6924_length_908_cov_4.118563
      Species: [Erysiphe necator associated ourmia-like virus 122] -> [Betabotoulivirus etaplasmoparae]
  CRR527042_clean_NODE_697_length_2280_cov_18.046670
      Species: [Klosneuvirus KNV1] -> [Tupanvirus salinum]
  CRR527042_clean_NODE_710_length_2255_cov_7.737855
      Order: [Herpesvirales] -> [空]
  CRR527042_clean_NODE_764_length_2213_cov_53.910748
      Species: [Erysiphe necator associated ourmia-like virus 10] -> [Betascleroulivirus lambdaplasmoparae]
  CRR527042_clean_NODE_771_length_2201_cov_60.959586
      Species: [Erysiphe necator associated ourmia-like virus 25] -> [Betascleroulivirus zetaplasmoparae]
  CRR527042_clean_NODE_778_length_2195_cov_65.497172
      Species: [Sophritavirus sophrita] -> [Sicyoidochytrium minutum DNA virus]
  CRR527042_clean_NODE_78_length_4043_cov_27.426196
      Genus: [Wendovervirus] -> [空]
      Species: [Wendovervirus sonii] -> [Homavirus sp.]
  CRR527042_clean_NODE_8148_length_828_cov_4.544371
      Species: [Erysiphe necator associated ourmia-like virus 122] -> [Betabotoulivirus etaplasmoparae]
  CRR527042_clean_NODE_8161_length_828_cov_1.536424
      Order: [Hepelivirales] -> [Martellivirales]
      Family: [Astroviridae] -> [Togaviridae]
      Genus: [Betasclernavirus] -> [Alphavirus]
      Species: [Solanum melongena bastro-like virus] -> [Plasmopara viticola lesion associated alpha-like virus 1]
  CRR527042_clean_NODE_8516_length_808_cov_1.458503
      Genus: [Cotonvirus] -> [空]
      Species: [Bat astrovirus] -> [Marseillevirus LCMAC103]
  CRR527042_clean_NODE_85_length_4016_cov_55.147096
      Genus: [Mimasvirus] -> [Heliosvirus]
  CRR527042_clean_NODE_8661_length_799_cov_2.355372
      Species: [Erysiphe necator associated deltaflexivirus 1] -> [Deltaflexivirus glycinis]
  CRR527042_clean_NODE_878_length_2133_cov_19.702427
      Species: [Chrysochromulina ericina virus] -> [Theiavirus salishense]
  CRR527042_clean_NODE_8921_length_786_cov_1.253857
      Species: [Tralespevirus gompholobii] -> [Tolivirales sp.]
  CRR527042_clean_NODE_902_length_2119_cov_5.950635
      Species: [Mastadenovirus russelli] -> [Fadolivirus algeromassiliense]
  CRR527042_clean_NODE_9046_length_779_cov_1.584986
      Species: [Botybirnavirus roku] -> [Botybirnavirus shi]
  CRR527042_clean_NODE_921_length_2105_cov_3.299213
      Genus: [Proboscivirus] -> [空]
      Species: [Elephant endotheliotropic herpesvirus 5] -> [Terrestrivirus sp.]
  CRR527042_clean_NODE_930_length_2096_cov_29.186851
      Genus: [Alphahydrivirus] -> [Tupanvirus]
      Species: [Alphahydrivirus permafrostis] -> [空]
  CRR527042_clean_NODE_9760_length_746_cov_0.783061
      Family: [Astroviridae] -> [Togaviridae]
      Genus: [Betasclernavirus] -> [Alphavirus]
      Species: [Solanum melongena bastro-like virus] -> [Plasmopara viticola lesion associated alpha-like virus 1]
  CRR527043_clean_NODE_102_length_4026_cov_8.492537
      Genus: [Sirevirus] -> [空]
      Species: [Sirevirus lycopersici] -> [空]
  CRR527043_clean_NODE_1043_length_2083_cov_44.934328
      Genus: [Cotonvirus] -> [Tupanvirus]
      Species: [Cotonvirus japonicum] -> [空]
  CRR527043_clean_NODE_10588_length_746_cov_1.601783
      Species: [Alternaria arborescens victorivirus 1] -> [Victorivirus go]
  CRR527043_clean_NODE_11058_length_725_cov_1.523006
      Family: [Mitoviridae] -> [Retroviridae]
  CRR527043_clean_NODE_1118_length_2043_cov_2.549239
      Species: [Agrostis stolonifera deltaflexivirus 1] -> [Deltaflexivirus glycinis]
  CRR527043_clean_NODE_12015_length_690_cov_1.320908
      Species: [Ripacus virus] -> [Nohrdovirus limihabitans]
  CRR527043_clean_NODE_120_length_3868_cov_7.259289
      Family: [Schizomimiviridae] -> [空]
      Genus: [Biavirus] -> [空]
      Species: [Pithovirus LCPAC302] -> [Bemisia tabaci nido-like virus 1]
  CRR527043_clean_NODE_1232_length_1981_cov_3.198113
      Family: [Astroviridae] -> [Togaviridae]
      Genus: [Betasclernavirus] -> [Alphavirus]
      Species: [Solanum melongena bastro-like virus] -> [Plasmopara viticola lesion associated alpha-like virus 1]
  CRR527043_clean_NODE_1291_length_1950_cov_3.042621
      Genus: [Phaeovirus] -> [空]
      Species: [Phaeovirus irregularis] -> [Marseillevirus LCMAC102]
  CRR527043_clean_NODE_12995_length_656_cov_2.080617
      Species: [Victorivirus go] -> [Alternaria arborescens victorivirus 1]
  CRR527043_clean_NODE_13439_length_643_cov_7.149123
      Genus: [Penoulivirus] -> [空]
      Species: [Penoulivirus betaplasmoparae] -> [Narnaviridae sp.]
  CRR527043_clean_NODE_1391_length_1906_cov_21.747409
      Genus: [Biavirus] -> [Prasinovirus]
      Species: [Biavirus raunefjordenense] -> [空]
  CRR527043_clean_NODE_1402_length_1901_cov_2.520241
      Order: [Chitovirales] -> [空]
      Family: [Poxviridae] -> [空]
      Genus: [Orthopoxvirus] -> [空]
      Species: [Orthopoxvirus cowpox] -> [空]
  CRR527043_clean_NODE_14380_length_618_cov_1.330275
      Species: [Grapevine wood holobiome associated ourmia-like virus 11] -> [Magoulivirus cladosporii]
  CRR527043_clean_NODE_145_length_3649_cov_42.877237
      Genus: [Toursvirus] -> [空]
      Species: [Toursvirus dptv1a] -> [空]
  CRR527043_clean_NODE_1469_length_1877_cov_6.840909
      Genus: [Chlorovirus] -> [Megavirus]
      Species: [Chlorovirus americanus] -> [Megavirus sp.]
  CRR527043_clean_NODE_148_length_3622_cov_5.724993
      Species: [Chrysophyceae clade H virus] -> [Getseptimavirus GMA7]
  CRR527043_clean_NODE_15090_length_600_cov_2.117647
      Species: [Erysiphe necator associated deltaflexivirus 1] -> [Deltaflexivirus glycinis]
  CRR527043_clean_NODE_15416_length_592_cov_6.146435
      Species: [Penoulivirus betaplasmoparae] -> [Botourmiaviridae sp.]
  CRR527043_clean_NODE_16673_length_565_cov_1.951220
      Species: [Erysiphe necator associated ourmia-like virus 25] -> [Betascleroulivirus epsilonplasmoparae]
  CRR527043_clean_NODE_1677_length_1796_cov_2.934417
      Genus: [Moumouvirus] -> [Gammaretrovirus]
  CRR527043_clean_NODE_1693_length_1789_cov_3.780886
      Genus: [Biavirus] -> [Toursvirus]
  CRR527043_clean_NODE_1763_length_1770_cov_2.701827
      Genus: [Alphahydrivirus] -> [Catovirus]
      Species: [Alphahydrivirus permafrostis] -> [Catovirus CTV1]
  CRR527043_clean_NODE_1877_length_1734_cov_3.966285
      Genus: [Biavirus] -> [空]
      Species: [Biavirus raunefjordenense] -> [Mimivirus LCMiAC01]
  CRR527043_clean_NODE_188_length_3422_cov_32.077635
      Species: [Catovirus CTV1] -> [Fadolivirus algeromassiliense]
  CRR527043_clean_NODE_19462_length_515_cov_3.291855
      Species: [Alternaria tenuissima partitivirus 3] -> [Delitschia confertaspora partitivirus 1]
  CRR527043_clean_NODE_1946_length_1710_cov_3.411729
      Genus: [Chlorovirus] -> [空]
      Species: [Biavirus raunefjordenense] -> [空]
  CRR527043_clean_NODE_19650_length_512_cov_1.451025
      Species: [Erysiphe necator associated ourmia-like virus 41] -> [Scleroulivirus xiplasmoparae]
  CRR527043_clean_NODE_1998_length_1694_cov_2.786552
      Genus: [Biavirus] -> [Prasinovirus]
      Species: [Biavirus raunefjordenense] -> [空]
  CRR527043_clean_NODE_2052_length_1679_cov_7.874844
      Genus: [Theiavirus] -> [空]
  CRR527043_clean_NODE_2107_length_1664_cov_1.908234
      Family: [Kleczkowskaviridae] -> [Phycodnaviridae]
      Genus: [Cuauhnahuacvirus] -> [空]
  CRR527043_clean_NODE_21_length_5873_cov_10.393793
      Order: [Sobelivirales] -> [空]
      Family: [Solemoviridae] -> [Herelleviridae]
      Genus: [Sobemovirus] -> [Goettingenvirus]
      Species: [Sobemovirus sp.] -> [Goettingenvirus goe8]
  CRR527043_clean_NODE_2207_length_1635_cov_5.128681
      Genus: [Pandoravirus] -> [Alphapithovirus]
      Species: [Alphapithovirus siberiense] -> [空]
  CRR527043_clean_NODE_226_length_3329_cov_2.732494
      Class: [Caudoviricetes] -> [Megaviricetes]
      Genus: [Donellivirus] -> [空]
      Species: [Donellivirus gee] -> [Marseillevirus LCMAC202]
  CRR527043_clean_NODE_2279_length_1614_cov_4.269306
      Species: [Chrysophyceae clade H virus] -> [Biavirus raunefjordenense]
  CRR527043_clean_NODE_2373_length_1591_cov_2.756258
      Genus: [Spinunavirus] -> [空]
      Species: [Spinunavirus IPP61] -> [空]
  CRR527043_clean_NODE_2481_length_1559_cov_162.752355
      Genus: [Biavirus] -> [空]
      Species: [Biavirus raunefjordenense] -> [Mimivirus LCMiAC02]
  CRR527043_clean_NODE_2595_length_1529_cov_2.203984
      Species: [Lymphocryptovirus callitrichinegamma3] -> [Rhadinovirus colobinegamma1]
  CRR527043_clean_NODE_2652_length_1517_cov_1.590720
      Family: [Pithoviridae] -> [Mimiviridae]
      Genus: [Alphacedratvirus] -> [Cotonvirus]
      Species: [Alphacedratvirus francolausannense] -> [Cotonvirus japonicum]
  CRR527043_clean_NODE_2657_length_1516_cov_3.507277
      Genus: [Alphahydrivirus] -> [空]
      Species: [Alphahydrivirus permafrostis] -> [Harvfovirus sp.]
  CRR527043_clean_NODE_2749_length_1495_cov_2.722222
      Genus: [Delepalmivirus] -> [Narnavirus]
  CRR527043_clean_NODE_2838_length_1475_cov_4.141940
      Class: [Caudoviricetes] -> [Megaviricetes]
      Genus: [Donellivirus] -> [空]
      Species: [Donellivirus gee] -> [Marseillevirus LCMAC202]
  CRR527043_clean_NODE_287_length_3143_cov_97.072313
      Genus: [Biavirus] -> [空]
  CRR527043_clean_NODE_2964_length_1445_cov_3.903061
      Species: [Marseillevirus LCMAC202] -> [Megavirus powaiense]
  CRR527043_clean_NODE_2_length_11851_cov_175.716930
      Family: [Closteroviridae] -> [空]
      Genus: [Closterovirus] -> [空]
  CRR527043_clean_NODE_3076_length_1423_cov_3.221481
      Genus: [Fadolivirus] -> [空]
  CRR527043_clean_NODE_315_length_3087_cov_7.076974
      Phylum: [Uroviricota] -> [Pisuviricota]
      Class: [Caudoviricetes] -> [Duplopiviricetes]
      Genus: [Kungbxnavirus] -> [空]
      Species: [Kungbxnavirus pT24] -> [Guapo partitivirus]
  CRR527043_clean_NODE_322_length_3073_cov_12.851667
      Genus: [Alphacedratvirus] -> [空]
      Species: [Alphacedratvirus francolausannense] -> [Marseillevirus LCMAC103]
  CRR527043_clean_NODE_3395_length_1360_cov_2.986791
      Species: [Triticum polonicum deltaflexivirus 1] -> [Deltaflexivirus fusarii]
  CRR527043_clean_NODE_343_length_3029_cov_12.768945
      Genus: [Alphahydrivirus] -> [空]
      Species: [Alphahydrivirus permafrostis] -> [Naiavirus sp.]
  CRR527043_clean_NODE_3704_length_1312_cov_3.061340
      Species: [Agrostis stolonifera deltaflexivirus 1] -> [Deltaflexivirus glycinis]
  CRR527043_clean_NODE_392_length_2898_cov_7.972389
      Species: [Moumouvirus goulettemassiliense] -> [Sylvanvirus sp.]
  CRR527043_clean_NODE_4081_length_1251_cov_21.533107
      Species: [Alternaria alternata polymycovirus 2] -> [Biavirus raunefjordenense]
  CRR527043_clean_NODE_408_length_2857_cov_4.782328
      Order: [Imitervirales] -> [空]
  CRR527043_clean_NODE_409_length_2856_cov_3.797341
      Genus: [Spbetavirus] -> [Criusvirus]
      Species: [Spbetavirus SPbeta] -> [Criusvirus kaneoense*]
  CRR527043_clean_NODE_468_length_2754_cov_4.838493
      Genus: [Tupanvirus] -> [Phaeovirus]
  CRR527043_clean_NODE_470_length_2744_cov_7.790715
      Genus: [Tupanvirus] -> [空]
      Species: [Tupanvirus salinum] -> [空]
  CRR527043_clean_NODE_477_length_2734_cov_6.313792
      Genus: [Alphahydrivirus] -> [空]
      Species: [Alphahydrivirus permafrostis] -> [空]
  CRR527043_clean_NODE_479_length_2729_cov_3.932229
      Genus: [Biavirus] -> [空]
  CRR527043_clean_NODE_482_length_2725_cov_8.392534
      Species: [Micromonas commoda virus] -> [Biavirus raunefjordenense]
  CRR527043_clean_NODE_517_length_2637_cov_15.971919
      Species: [Gammaretrovirus murleu] -> [Gammaretrovirus felleu]
  CRR527043_clean_NODE_570_length_2538_cov_3.452333
      Order: [Herpesvirales] -> [空]
      Family: [Orthoherpesviridae] -> [空]
      Genus: [Simplexvirus] -> [空]
      Species: [Simplexvirus macropodidalpha2] -> [空]
  CRR527043_clean_NODE_571_length_2536_cov_12.522940
      Genus: [Alphahydrivirus] -> [Marseillevirus]
      Species: [Biavirus raunefjordenense] -> [空]
  CRR527043_clean_NODE_5836_length_1047_cov_47.206366
      Species: [Catovirus CTV1] -> [Fadolivirus algeromassiliense]
  CRR527043_clean_NODE_584_length_2518_cov_5.504703
      Genus: [Moumouvirus] -> [Gammaretrovirus]
  CRR527043_clean_NODE_601_length_2493_cov_3.051240
      Species: [Varicellovirus suidalpha1] -> [Cotonvirus japonicum]
  CRR527043_clean_NODE_6202_length_1013_cov_2.290426
      Genus: [Betasclernavirus] -> [Alphavirus]
      Species: [Solanum melongena bastro-like virus] -> [Plasmopara viticola lesion associated alpha-like virus 1]
  CRR527043_clean_NODE_650_length_2426_cov_3.000425
      Genus: [Myrnavirus] -> [空]
      Species: [Myrnavirus phabba] -> [Virus NIOZ-UU157]
  CRR527043_clean_NODE_666_length_2407_cov_3.187661
      Species: [Agrostis stolonifera deltaflexivirus 1] -> [Deltaflexivirus glycinis]
  CRR527043_clean_NODE_66_length_4412_cov_5.575939
      Order: [Algavirales] -> [空]
      Family: [Phycodnaviridae] -> [空]
      Genus: [Chlorovirus] -> [空]
      Species: [Chlorovirus americanus] -> [空]
  CRR527043_clean_NODE_6702_length_972_cov_1.658509
      Species: [Erysiphe necator associated deltaflexivirus 1] -> [Deltaflexivirus glycinis]
  CRR527043_clean_NODE_715_length_2354_cov_9.484437
      Species: [Micromonas polaris virus] -> [Theiavirus salishense]
  CRR527043_clean_NODE_728_length_2330_cov_4.410279
      Genus: [Alphacedratvirus] -> [Hokovirus]
      Species: [Alphacedratvirus rossiense] -> [Hokovirus HKV1*]
  CRR527043_clean_NODE_7333_length_924_cov_2.311398
      Species: [Alternaria arborescens victorivirus 1] -> [Victorivirus go]
  CRR527043_clean_NODE_750_length_2307_cov_11.869293
      Order: [Cryppavirales] -> [空]
      Species: [Chronaparn virus] -> [Plazymidvirus ZM41]
  CRR527043_clean_NODE_7631_length_903_cov_2.146988
      Order: [Hepelivirales] -> [Martellivirales]
      Family: [Astroviridae] -> [Togaviridae]
      Genus: [Betasclernavirus] -> [Alphavirus]
      Species: [Solanum melongena bastro-like virus] -> [Plasmopara viticola lesion associated alpha-like virus 1]
  CRR527043_clean_NODE_770_length_2283_cov_56.698643
      Family: [Orpheoviridae] -> [Mimiviridae]
      Genus: [Alphaorpheovirus] -> [空]
      Species: [Alphaorpheovirus massiliense] -> [空]
  CRR527043_clean_NODE_7872_length_887_cov_3.797297
      Genus: [Penoulivirus] -> [空]
      Species: [Penoulivirus betaplasmoparae] -> [Narnaviridae sp.]
  CRR527043_clean_NODE_804_length_2248_cov_9.247816
      Species: [Chrysophyceae clade H virus] -> [Plazymidvirus ZM41]
  CRR527043_clean_NODE_819_length_2236_cov_2.428109
      Species: [Catovirus CTV1] -> [Tupanvirus altamarinense]
  CRR527043_clean_NODE_830_length_2230_cov_2.330552
      Genus: [Vetruanivirus] -> [空]
  CRR527043_clean_NODE_858_length_2208_cov_11.714286
      Species: [Chrysophyceae clade H virus] -> [Plazymidvirus ZM41]
  CRR527043_clean_NODE_8591_length_844_cov_2.530480
      Species: [Grapevine wood holobiome associated ourmia-like virus 11] -> [Magoulivirus cladosporii]
  CRR527043_clean_NODE_870_length_2201_cov_34.001880
      Class: [Caudoviricetes] -> [Megaviricetes]
      Genus: [Efemunavirus] -> [空]
  CRR527043_clean_NODE_918_length_2170_cov_2.845017
      Genus: [Alphaorpheovirus] -> [空]
      Species: [Alphaorpheovirus massiliense] -> [Edafosvirus sp.]
  CRR527043_clean_NODE_942_length_2152_cov_3.382395
      Species: [Chrysophyceae clade H virus] -> [Tupanvirus salinum]
  CRR527043_clean_NODE_948_length_2150_cov_5.366875
      Genus: [Biavirus] -> [空]
  CRR527043_clean_NODE_953_length_2146_cov_6.010130
      Genus: [Coccolithovirus] -> [Prasinovirus]
      Species: [Coccolithovirus huxleyi] -> [空]
  CRR527043_clean_NODE_9730_length_785_cov_1.705056
      Family: [Astroviridae] -> [Togaviridae]
      Genus: [Betasclernavirus] -> [Alphavirus]
      Species: [Solanum melongena bastro-like virus] -> [Plasmopara viticola lesion associated alpha-like virus 1]
  CRR527043_clean_NODE_9930_length_776_cov_0.452347
      Realm: [Duplodnaviria] -> [Varidnaviria]
      Kingdom: [Heunggongvirae] -> [Bamfordvirae]
      Phylum: [Peploviricota] -> [Nucleocytoviricota]
      Class: [Herviviricetes] -> [Megaviricetes]
      Order: [Herpesvirales] -> [Pimascovirales]
      Family: [Orthoherpesviridae] -> [Iridoviridae]
      Genus: [Lymphocryptovirus] -> [Lymphocystivirus]
      Species: [Lymphocryptovirus humangamma4] -> [空]
  CRR527046_clean_NODE_10117_length_601_cov_2.649621
      Species: [Ripasles virus] -> [Puduphavirus nemorishabitans]
  CRR527046_clean_NODE_1017_length_1480_cov_1.773987
      Species: [Ripaprix virus] -> [Hihlwovirus frumentivivens]
  CRR527046_clean_NODE_1022_length_1479_cov_1.742532
      Family: [Steitzviridae] -> [Fiersviridae]
      Genus: [Hodnevirus] -> [空]
      Species: [Hodnevirus neohumivicinum] -> [空]
  CRR527046_clean_NODE_10235_length_598_cov_3.798095
      Family: [Steitzviridae] -> [Fiersviridae]
      Genus: [Hodnevirus] -> [空]
  CRR527046_clean_NODE_10326_length_596_cov_1.332696
      Species: [Chrocadim virus] -> [Alkesdovirus terradaptatum]
  CRR527046_clean_NODE_10547_length_590_cov_3.054159
      Species: [Chronawylt virus] -> [Hodnevirus allomontisvicinum]
  CRR527046_clean_NODE_10750_length_586_cov_0.992203
      Kingdom: [Shotokuvirae] -> [Orthornavirae]
      Class: [Papovaviricetes] -> [Amabiliviricetes]
      Order: [Zurhausenvirales] -> [Wolframvirales]
  CRR527046_clean_NODE_10796_length_585_cov_1.050781
      Species: [Chrocadyns virus] -> [Hodnevirus neogeovivens]
  CRR527046_clean_NODE_107_length_3083_cov_2.405316
      Class: [Caudoviricetes] -> [Herviviricetes]
  CRR527046_clean_NODE_10858_length_583_cov_2.100000
      Order: [Ourlivirales] -> [空]
      Family: [Botourmiaviridae] -> [空]
      Genus: [Magoulivirus] -> [空]
      Species: [Qianjiang botourmia-like virus 66] -> [空]
  CRR527046_clean_NODE_10901_length_582_cov_2.055010
      Species: [Wenling levi-like virus 1] -> [Ripabrys virus]
  CRR527046_clean_NODE_1091_length_1445_cov_3.058309
      Species: [Chrocacirs virus] -> [Luhtdivirus caenihabitans]
  CRR527046_clean_NODE_11063_length_578_cov_2.400000
      Genus: [Danipivirus] -> [空]
      Species: [Danipivirus abrafi] -> [Cat Tien Hyleoglomeris seco-like virus]
  CRR527046_clean_NODE_11109_length_577_cov_9.561508
      Species: [Ripafren virus] -> [Chronazend virus]
  CRR527046_clean_NODE_1111_length_1436_cov_4.892883
      Family: [Draupnirviridae] -> [空]
      Genus: [Vegetivirus] -> [空]
      Species: [Vegetivirus portlucense] -> [Chrocofaz virus]
  CRR527046_clean_NODE_11455_length_570_cov_2.535211
      Species: [Chrocavem virus] -> [Lidtloavirus pedocola]
  CRR527046_clean_NODE_1175_length_1413_cov_3.020896
      Genus: [Biavirus] -> [Toursvirus]
      Species: [Biavirus raunefjordenense] -> [空]
  CRR527046_clean_NODE_117_length_2967_cov_25.025916
      Genus: [Biavirus] -> [空]
      Species: [Biavirus raunefjordenense] -> [Terrestrivirus sp.]
  CRR527046_clean_NODE_11861_length_561_cov_2.774590
      Family: [Astroviridae] -> [Potyviridae]
  CRR527046_clean_NODE_1190_length_1407_cov_12.658921
      Genus: [Pandoravirus] -> [Chlorovirus]
      Species: [Chlorovirus sp.] -> [空]
  CRR527046_clean_NODE_11978_length_559_cov_1.524691
      Species: [Duamitovirus gima2] -> [Mitovirus sp.]
  CRR527046_clean_NODE_1222_length_1394_cov_2.299773
      Species: [Ripachad virus] -> [Hodnevirus arvivivens]
  CRR527046_clean_NODE_122_length_2940_cov_15.374608
      Class: [Caudoviricetes] -> [Megaviricetes]
      Family: [Papillomaviridae] -> [Herelleviridae]
      Genus: [Tsamsavirus] -> [Goettingenvirus]
      Species: [Betapapillomavirus 1] -> [Tsamsavirus izhevsk]
  CRR527046_clean_NODE_123_length_2931_cov_43.449615
      Genus: [Amboselivirus] -> [Mitovirus]
      Species: [Amboselivirus simi] -> [Exserohilum turcicum mitovirus 5]
  CRR527046_clean_NODE_1274_length_1366_cov_3.040217
      Family: [Steitzviridae] -> [Fiersviridae]
      Genus: [Hihlwovirus] -> [空]
  CRR527046_clean_NODE_12_length_5924_cov_4.956076
      Family: [Orthototiviridae] -> [Mimiviridae]
      Genus: [Casadabanvirus] -> [Tupanvirus]
      Species: [Hanko totivirus 9] -> [Casadabanvirus R960]
  CRR527046_clean_NODE_13229_length_537_cov_3.411638
      Species: [Qianjiang levi-like virus 24] -> [Hodnevirus neochorenecus]
  CRR527046_clean_NODE_1401_length_1317_cov_28.587621
      Species: [Punuivirus latens] -> [Chlorovirus conductrix]
  CRR527046_clean_NODE_14217_length_522_cov_1.193764
      Species: [Chronabult virus] -> [Hodnevirus isogeoenecus]
  CRR527046_clean_NODE_14377_length_520_cov_0.794183
      Species: [Cintrevirus pelocola] -> [Ripastys virus]
  CRR527046_clean_NODE_14651_length_516_cov_1.241535
      Genus: [Vetruanivirus] -> [空]
      Species: [Vetruanivirus dhakaense] -> [Marseillevirus LCMAC103]
  CRR527046_clean_NODE_1471_length_1291_cov_2.756979
      Family: [Steitzviridae] -> [Fiersviridae]
      Genus: [Puduphavirus] -> [空]
      Species: [Puduphavirus nemorishabitans] -> [空]
  CRR527046_clean_NODE_14794_length_514_cov_1.360544
      Species: [Trichovirus necroacini] -> [Lentinula edodes betaflexi-like virus 1]
  CRR527046_clean_NODE_1484_length_1285_cov_4.835809
      Genus: [Ourmiavirus] -> [Iotaourmiavirus]
      Species: [Ourmiavirus cucurbitae] -> [空]
  CRR527046_clean_NODE_149_length_2765_cov_9.466568
      Genus: [Alphahydrivirus] -> [空]
      Species: [Alphahydrivirus permafrostis] -> [Naiavirus sp.]
  CRR527046_clean_NODE_152_length_2756_cov_12.272456
      Order: [Tymovirales] -> [空]
  CRR527046_clean_NODE_15470_length_505_cov_1.412037
      Species: [Ripachip virus] -> [Hodnevirus pseudofaecivicinum]
  CRR527046_clean_NODE_1570_length_1257_cov_3.646959
      Species: [Orthodiscovirus coniellae] -> [Coniothyrium diplodiella negative-stranded RNA-like virus 1]
  CRR527046_clean_NODE_15_length_5566_cov_5.416530
      Species: [Mastadenovirus dominans] -> [Glaucusvirus ssm5]
  CRR527046_clean_NODE_1654_length_1235_cov_4.064544
      Order: [Ourlivirales] -> [Wolframvirales]
      Genus: [Ourmiavirus] -> [空]
      Species: [Ourmiavirus cucurbitae] -> [Narnaviridae sp.]
  CRR527046_clean_NODE_171_length_2684_cov_6.459977
      Species: [Chrocafem virus] -> [Hodnevirus neochorenecus]
  CRR527046_clean_NODE_173_length_2677_cov_34.429339
      Family: [Hydriviridae] -> [Mimiviridae]
      Genus: [Alphahydrivirus] -> [空]
      Species: [Alphahydrivirus permafrostis] -> [空]
  CRR527046_clean_NODE_177_length_2672_cov_3.392843
      Species: [Marseillevirus LCMAC202] -> [Alphahydrivirus permafrostis]
  CRR527046_clean_NODE_1819_length_1194_cov_8.593220
      Class: [Caudoviricetes] -> [Naldaviricetes]
  CRR527046_clean_NODE_1829_length_1192_cov_2.795353
      Species: [Torque teno virus] -> [空]
  CRR527046_clean_NODE_18_length_5363_cov_7.853497
      Species: [Qianjiang sobemo-like virus 18] -> [Polerovirus SABYV]
  CRR527046_clean_NODE_196_length_2604_cov_283.098775
      Species: [Duamitovirus scsc3] -> [Mitovirus sp.]
  CRR527046_clean_NODE_1_length_18125_cov_301.957512
      Family: [Closteroviridae] -> [空]
      Genus: [Closterovirus] -> [空]
  CRR527046_clean_NODE_204_length_2573_cov_5.754000
      Species: [Chrocapens virus] -> [Hodnevirus solivicinum]
  CRR527046_clean_NODE_2251_length_1106_cov_1.707648
      Species: [Varicellovirus suidalpha1] -> [Biavirus raunefjordenense]
  CRR527046_clean_NODE_2316_length_1091_cov_2250.002947
      Phylum: [Lenarviricota] -> [Pisuviricota]
      Class: [Leviviricetes] -> [Duplopiviricetes]
      Species: [Sopatryb virus] -> [Qianjiang picobirna-like virus 2]
  CRR527046_clean_NODE_234_length_2441_cov_22.692145
      Class: [Caudoviricetes] -> [Flasuviricetes]
  CRR527046_clean_NODE_23_length_4929_cov_7.438221
      Class: [Caudoviricetes] -> [Megaviricetes]
      Genus: [Haetaevirus] -> [Fadolivirus]
  CRR527046_clean_NODE_2641_length_1039_cov_2.279503
      Species: [Kuhshuvirus pelovicinum] -> [Ripastys virus]
  CRR527046_clean_NODE_276_length_2321_cov_2.810943
      Family: [Hydriviridae] -> [Mimiviridae]
      Genus: [Alphahydrivirus] -> [空]
      Species: [Alphahydrivirus permafrostis] -> [空]
  CRR527046_clean_NODE_2772_length_1022_cov_1.773446
      Species: [Chronadern virus] -> [Aparavirus apisacutum]
  CRR527046_clean_NODE_27_length_4621_cov_44.511653
      Class: [Caudoviricetes] -> [Megaviricetes]
      Genus: [Yonginvirus] -> [Kratosvirus]
      Species: [Parapoxvirus reddeerpox] -> [Kratosvirus quantuckense*]
  CRR527046_clean_NODE_280_length_2293_cov_9.077027
      Kingdom: [Heunggongvirae] -> [Bamfordvirae]
      Phylum: [Uroviricota] -> [Nucleocytoviricota]
      Class: [Caudoviricetes] -> [Megaviricetes]
  CRR527046_clean_NODE_296_length_2256_cov_34.096656
      Species: [Suillus luteus botourmiavirus 3] -> [Magoulivirus lambdaplasmoparae]
  CRR527046_clean_NODE_319_length_2218_cov_9.816317
      Species: [Sopozat virus] -> [Mute swan feces associated noda-like virus 5]
  CRR527046_clean_NODE_343_length_2159_cov_13.492330
      Species: [Iotatorquevirus suida1a] -> [Theiavirus salishense]
  CRR527046_clean_NODE_344_length_2157_cov_4.349808
      Species: [Duamitovirus rhir1] -> [Mitoviridae sp.]
  CRR527046_clean_NODE_3563_length_923_cov_2.692941
      Order: [Rohanvirales] -> [Stellavirales]
      Family: [Nenyaviridae] -> [Astroviridae]
      Genus: [Galvornvirus] -> [空]
      Species: [Galvornvirus isengard] -> [空]
  CRR527046_clean_NODE_358_length_2128_cov_1.924088
      Species: [Phobpsivirus agradaptatum] -> [Ripafof virus]
  CRR527046_clean_NODE_367_length_2109_cov_4.664538
      Species: [Oceanusvirus kaneohense] -> [空]
  CRR527046_clean_NODE_3729_length_906_cov_4.927971
      Phylum: [Lenarviricota] -> [Pisuviricota]
      Class: [Miaviricetes] -> [Stelpaviricetes]
      Order: [Ourlivirales] -> [Stellavirales]
      Family: [Botourmiaviridae] -> [Astroviridae]
      Species: [Chrocavyrb virus] -> [Mamastrovirus suisorientalis]
  CRR527046_clean_NODE_375_length_2090_cov_8.758057
      Genus: [Alphapithovirus] -> [Catovirus]
      Species: [Alphapithovirus massiliense] -> [Catovirus CTV1]
  CRR527046_clean_NODE_3786_length_900_cov_3.228537
      Species: [Waikavirus primulae] -> [Cat Tien Hyleoglomeris seco-like virus]
  CRR527046_clean_NODE_37_length_4346_cov_9.934004
      Order: [Lefavirales] -> [空]
  CRR527046_clean_NODE_3849_length_894_cov_4.249695
      Species: [Chrocogyrd virus] -> [Chrocofaz virus]
  CRR527046_clean_NODE_3850_length_894_cov_4.041413
      Family: [Steitzviridae] -> [Fiersviridae]
      Genus: [Hodnevirus] -> [空]
  CRR527046_clean_NODE_3916_length_887_cov_4.422604
      Species: [Qianjiang tombus-like virus 138] -> [Hangzhou tombus-like virus 3]
  CRR527046_clean_NODE_394_length_2040_cov_4.764108
      Class: [Caudoviricetes] -> [Megaviricetes]
      Genus: [Hatfieldvirus] -> [空]
      Species: [Hatfieldvirus porci] -> [Marseillevirus LCMAC202]
  CRR527046_clean_NODE_402_length_2028_cov_2.818414
      Class: [Caudoviricetes] -> [Megaviricetes]
      Family: [Lakviridae] -> [Schizomimiviridae]
      Genus: [Hatfieldvirus] -> [Kratosvirus]
      Species: [Hatfieldvirus porci] -> [空]
  CRR527046_clean_NODE_414_length_2000_cov_4.915931
      Species: [Tupanvirus salinum] -> [Tupanvirus altamarinense]
  CRR527046_clean_NODE_416_length_1995_cov_82.958897
      Genus: [Biavirus] -> [空]
  CRR527046_clean_NODE_42_length_4148_cov_10.896196
      Class: [Caudoviricetes] -> [Megaviricetes]
      Genus: [Spbetavirus] -> [空]
  CRR527046_clean_NODE_430_length_1979_cov_13.839454
      Class: [Caudoviricetes] -> [Megaviricetes]
  CRR527046_clean_NODE_436_length_1970_cov_21.487085
      Phylum: [Cressdnaviricota] -> [Kitrinoviricota]
      Class: [Arfiviricetes] -> [Tolucaviricetes]
      Order: [Jormunvirales] -> [Tolivirales]
      Family: [Draupnirviridae] -> [空]
      Genus: [Torentivirus] -> [空]
      Species: [Torentivirus zocris] -> [空]
  CRR527046_clean_NODE_4415_length_846_cov_1.464424
      Species: [Ripaprim virus] -> [Hodnevirus geocola]
  CRR527046_clean_NODE_441_length_1966_cov_9.062863
      Genus: [Biavirus] -> [空]
      Species: [Biavirus raunefjordenense] -> [空]
  CRR527046_clean_NODE_4487_length_840_cov_1.110821
      Species: [Chrocanind virus] -> [Ripafof virus]
  CRR527046_clean_NODE_45_length_4050_cov_10.754840
      Species: [Chrocamand virus] -> [Hodnevirus geovivens]
  CRR527046_clean_NODE_4663_length_827_cov_3.960212
      Species: [Stehnavirus lutivicinum] -> [Chrocagasc virus]
  CRR527046_clean_NODE_4666_length_827_cov_2.824934
      Genus: [Sobemovirus] -> [空]
  CRR527046_clean_NODE_4685_length_826_cov_1.622842
      Order: [Nodamuvirales] -> [Tolivirales]
  CRR527046_clean_NODE_4756_length_822_cov_1.275033
      Family: [Steitzviridae] -> [Fiersviridae]
      Genus: [Hodnevirus] -> [空]
  CRR527046_clean_NODE_476_length_1930_cov_5.177706
      Order: [Imitervirales] -> [空]
      Family: [Mimiviridae] -> [空]
      Genus: [Megavirus] -> [空]
      Species: [Megavirus powaiense] -> [空]
  CRR527046_clean_NODE_479_length_1926_cov_9.542364
      Genus: [Pandoravirus] -> [空]
      Species: [Pandoravirus salinus] -> [Terrestrivirus sp.]
  CRR527046_clean_NODE_4900_length_813_cov_49.831081
      Phylum: [Negarnaviricota] -> [Lenarviricota]
      Species: [Betainfluenzavirus influenzae] -> [Chronazend virus]
  CRR527046_clean_NODE_4932_length_811_cov_5.581301
      Species: [Ripakrox virus] -> [Ripajun virus]
  CRR527046_clean_NODE_4_length_12596_cov_20.826958
      Family: [Hydriviridae] -> [Mimiviridae]
      Genus: [Alphahydrivirus] -> [空]
      Species: [Tymovirus chayotis] -> [空]
  CRR527046_clean_NODE_52_length_3923_cov_82.875325
      Species: [Sopavyc virus] -> [Kempsvovirus caenivivens]
  CRR527046_clean_NODE_5305_length_788_cov_1.786014
      Species: [Ripastys virus] -> [Yuhrihovirus nemorisvicinum]
  CRR527046_clean_NODE_5320_length_787_cov_1.973389
      Genus: [Betambiguivirus] -> [空]
  CRR527046_clean_NODE_535_length_1851_cov_2.151856
      Family: [Steitzviridae] -> [Fiersviridae]
      Genus: [Widsokivirus] -> [空]
      Species: [Widsokivirus pelovivens] -> [空]
  CRR527046_clean_NODE_5476_length_777_cov_3.413352
      Species: [Ripahez virus] -> [Andhaxevirus chorovicinum]
  CRR527046_clean_NODE_555_length_1841_cov_4.196833
      Class: [Caudoviricetes] -> [Megaviricetes]
      Family: [Papillomaviridae] -> [空]
      Species: [Betapapillomavirus 1] -> [Haetaevirus PBC2]
  CRR527046_clean_NODE_55_length_3869_cov_8.434932
      Species: [Chronaforn virus] -> [Dugnivirus solivicinum]
  CRR527046_clean_NODE_560_length_1834_cov_106.714935
      Genus: [Biavirus] -> [空]
      Species: [Biavirus raunefjordenense] -> [空]
  CRR527046_clean_NODE_5632_length_768_cov_3.369784
      Species: [Chrocajirn virus] -> [Lidtloavirus pedocola]
  CRR527046_clean_NODE_5894_length_754_cov_1.499266
      Family: [Steitzviridae] -> [Fiersviridae]
      Genus: [Kinglevirus] -> [空]
  CRR527046_clean_NODE_58_length_3851_cov_6.867920
      Order: [Norzivirales] -> [Timlovirales]
      Genus: [Nicedsevirus] -> [空]
      Species: [Nicedsevirus caenivivens] -> [Ripathug virus]
  CRR527046_clean_NODE_594_length_1800_cov_22.661841
      Genus: [Tupanvirus] -> [Fadolivirus]
  CRR527046_clean_NODE_595_length_1800_cov_20.133758
      Phylum: [Cressdnaviricota] -> [Kitrinoviricota]
      Family: [Draupnirviridae] -> [Tombusviridae]
      Genus: [Volantivirus] -> [空]
      Species: [Volantivirus lastavis] -> [空]
  CRR527046_clean_NODE_59_length_3823_cov_14.531467
      Species: [Ripastol virus] -> [Hodnevirus solenecus]
  CRR527046_clean_NODE_6062_length_745_cov_4.866071
      Species: [Ripakrox virus] -> [Ripajun virus]
  CRR527046_clean_NODE_6154_length_741_cov_1.597305
      Order: [Ourlivirales] -> [空]
  CRR527046_clean_NODE_6184_length_740_cov_2.031484
      Order: [Ourlivirales] -> [空]
  CRR527046_clean_NODE_626_length_1762_cov_5.617525
      Genus: [Immutovirus] -> [空]
      Species: [Immutovirus immuto] -> [Virus NIOZ-UU157]
  CRR527046_clean_NODE_6335_length_732_cov_3.210926
      Species: [Ripachuk virus] -> [Lidtloavirus pedocola]
  CRR527046_clean_NODE_664_length_1722_cov_3.918132
      Genus: [Pandoravirus] -> [Coccolithovirus]
  CRR527046_clean_NODE_6789_length_710_cov_1.037677
      Species: [Chronawylt virus] -> [Hodnevirus neochorenecus]
  CRR527046_clean_NODE_681_length_1709_cov_3.834352
      Species: [Changjiang tombus-like virus 20] -> [Tolivirales sp.]
  CRR527046_clean_NODE_686_length_1706_cov_4.136558
      Species: [Moumouvirus moumou] -> [空]
  CRR527046_clean_NODE_68_length_3648_cov_5.156923
      Genus: [Pavtokvirus] -> [Yonginvirus]
  CRR527046_clean_NODE_692_length_1701_cov_3.586609
      Genus: [Lymphocystivirus] -> [空]
      Species: [Lymphocystivirus micropogonias1] -> [Solivirus sp.]
  CRR527046_clean_NODE_699_length_1694_cov_2.715608
      Family: [Steitzviridae] -> [Fiersviridae]
      Genus: [Hodnevirus] -> [空]
  CRR527046_clean_NODE_6_length_7571_cov_36.300613
      Genus: [Nesevirus] -> [空]
      Species: [Nesevirus ev243] -> [Marseillevirus LCMAC202]
  CRR527046_clean_NODE_7011_length_700_cov_2.886762
      Species: [Ripakrox virus] -> [Ripajun virus]
  CRR527046_clean_NODE_708_length_1686_cov_2.026658
      Order: [Ortervirales] -> [空]
      Family: [Retroviridae] -> [空]
      Genus: [Lentivirus] -> [Efemunavirus]
      Species: [Lentivirus humimdef1] -> [Efemunavirus Lg62]
  CRR527046_clean_NODE_7095_length_696_cov_26.380417
      Class: [Caudoviricetes] -> [Herviviricetes]
  CRR527046_clean_NODE_7180_length_692_cov_15.588045
      Order: [Picornavirales] -> [空]
      Family: [Secoviridae] -> [Stanwilliamsviridae]
      Genus: [Anayavirus] -> [空]
      Species: [Yam necrosis-associated virus] -> [Anayavirus yuna]
  CRR527046_clean_NODE_7191_length_692_cov_1.638126
      Species: [Qianjiang levi-like virus 14] -> [Hodnevirus neoterrihabitans]
  CRR527046_clean_NODE_71_length_3616_cov_15.187976
      Species: [Duamitovirus clod1] -> [Mitovirus sp.]
  CRR527046_clean_NODE_739_length_1659_cov_1.987390
      Genus: [Biavirus] -> [空]
  CRR527046_clean_NODE_73_length_3593_cov_48.201420
      Order: [Ourlivirales] -> [空]
      Family: [Ourmiaviridae] -> [空]
      Genus: [Ourmiavirus] -> [空]
      Species: [Sopakyq virus] -> [Chrocarast virus]
  CRR527046_clean_NODE_7434_length_683_cov_2.047541
      Species: [Magoulivirus thetaplasmoparae] -> [Qianjiang botourmia-like virus 86]
  CRR527046_clean_NODE_743_length_1654_cov_5.304870
      Genus: [Biavirus] -> [Prasinovirus]
      Species: [Biavirus raunefjordenense] -> [空]
  CRR527046_clean_NODE_749_length_1651_cov_7.928390
      Family: [Draupnirviridae] -> [Tombusviridae]
      Genus: [Torentivirus] -> [空]
      Species: [Torentivirus orstucis] -> [空]
  CRR527046_clean_NODE_76_length_3540_cov_6.642631
      Species: [Alphanodavirus pariacotoense] -> [Mute swan feces associated noda-like virus 5]
  CRR527046_clean_NODE_7745_length_671_cov_29.036789
      Species: [Ripakrox virus] -> [Ripajun virus]
  CRR527046_clean_NODE_776_length_1632_cov_3.256575
      Order: [Imitervirales] -> [空]
      Species: [Biavirus raunefjordenense] -> [Plazymidvirus ZM41]
  CRR527046_clean_NODE_782_length_1627_cov_35.200772
      Order: [Cryppavirales] -> [Imitervirales]
      Family: [Mitoviridae] -> [空]
      Genus: [Mitovirus] -> [空]
      Species: [Mitovirus sp.] -> [空]
  CRR527046_clean_NODE_789_length_1624_cov_3.944552
      Class: [Caudoviricetes] -> [Megaviricetes]
      Genus: [Polybotosvirus] -> [Heliosvirus]
      Species: [Pandoravirus inopinatum] -> [Heliosvirus raunefjordenense]
  CRR527046_clean_NODE_8029_length_661_cov_1.724490
      Species: [Chrocators virus] -> [Hodnevirus neotellurenecus]
  CRR527046_clean_NODE_804_length_1616_cov_2.478289
      Species: [Chrysochromulina ericina virus] -> [Chlorovirus americanus]
  CRR527046_clean_NODE_8079_length_659_cov_2.486348
      Genus: [Enamovirus] -> [空]
      Species: [Enamovirus BPVE] -> [Barnaviridae sp.]
  CRR527046_clean_NODE_809_length_1614_cov_8.495133
      Order: [Grandevirales] -> [空]
      Family: [Lakviridae] -> [空]
      Genus: [Vetruanivirus] -> [空]
  CRR527046_clean_NODE_83_length_3350_cov_36.342997
      Family: [Allomimiviridae] -> [Iridoviridae]
      Genus: [Oceanusvirus] -> [空]
      Species: [Oceanusvirus kaneohense] -> [Iridovirus LCIVAC01]
  CRR527046_clean_NODE_8428_length_648_cov_2.845217
      Species: [Chronadarb virus] -> [Chrocalent virus]
  CRR527046_clean_NODE_850_length_1586_cov_2.675479
      Class: [Caudoviricetes] -> [Cardeaviricetes]
  CRR527046_clean_NODE_8533_length_645_cov_4.491259
      Species: [Orthopicobirnavirus sp.] -> [空]
  CRR527046_clean_NODE_856_length_1582_cov_9.390325
      Phylum: [Uroviricota] -> [Nucleocytoviricota]
      Class: [Caudoviricetes] -> [Megaviricetes]
      Family: [Kleczkowskaviridae] -> [空]
      Genus: [Cuauhnahuacvirus] -> [空]
      Species: [Cuauhnahuacvirus TM30] -> [空]
  CRR527046_clean_NODE_868_length_1573_cov_5.585333
      Class: [Caudoviricetes] -> [Megaviricetes]
      Genus: [Hatfieldvirus] -> [空]
      Species: [Hatfieldvirus porci] -> [Spinunavirus IPP61]
  CRR527046_clean_NODE_8771_length_639_cov_1.687279
      Family: [Steitzviridae] -> [Fiersviridae]
      Genus: [Hodnevirus] -> [空]
  CRR527046_clean_NODE_910_length_1544_cov_32.946975
      Genus: [Tethysvirus] -> [空]
      Species: [Tethysvirus raunefjordenense] -> [Harvfovirus sp.]
  CRR527046_clean_NODE_9175_length_626_cov_37.037975
      Species: [Ripocynd virus] -> [Phocid orthoreovirus 1]
  CRR527046_clean_NODE_9350_length_621_cov_2.518248
      Family: [Draupnirviridae] -> [Tombusviridae]
      Genus: [Malificivirus] -> [空]
      Species: [Malificivirus porcris] -> [Crucivirus sp.]
  CRR527046_clean_NODE_94_length_3220_cov_9.658405
      Order: [Imitervirales] -> [空]
      Family: [Allomimiviridae] -> [Herelleviridae]
      Genus: [Kenyattavirus] -> [Grisebachstrassevirus]
      Species: [Varicellovirus caprinealpha1] -> [Kenyattavirus kv136]
  CRR527046_clean_NODE_953_length_1517_cov_1.698061
      Family: [Steitzviridae] -> [Fiersviridae]
      Genus: [Hodnevirus] -> [空]
  CRR527046_clean_NODE_959_length_1509_cov_5.375348
      Species: [Hodnevirus neogeovivens] -> [Chrocajirn virus]
  CRR527046_clean_NODE_9694_length_612_cov_1.256030
      Species: [Ripaslyl virus] -> [Kuhshuvirus pelovicinum]
  CRR527046_clean_NODE_9765_length_610_cov_1.277467
      Order: [Imitervirales] -> [空]
      Family: [Mimiviridae] -> [空]
      Species: [Cotonvirus japonicum] -> [Borockvirus brock]
  CRR527046_clean_NODE_980_length_1498_cov_2.948070
      Species: [Sanxia water strider virus 13] -> [Narnavirus saccharomaior]
  CRR527046_clean_NODE_9873_length_607_cov_1.911985
      Genus: [Enamovirus] -> [空]
      Species: [Enamovirus PEEV] -> [Barnaviridae sp.]
  CRR527046_clean_NODE_992_length_1491_cov_9.545134
      Genus: [Pandoravirus] -> [Chlorovirus]
      Species: [Chlorovirus sp.] -> [空]
  CRR527048_clean_NODE_228_length_834_cov_2.077530
      Species: [Erysiphe necator associated ourmia-like virus 41] -> [Scleroulivirus xiplasmoparae]
  CRR527048_clean_NODE_7_length_3066_cov_6.674240
      Family: [Closteroviridae] -> [空]
      Genus: [Crinivirus] -> [空]
  CRR527048_clean_NODE_9_length_3003_cov_6.950853
      Order: [Herpesvirales] -> [空]
      Species: [Percavirus equidgamma2] -> [Unahavirus uv6H]
  CRR527049_clean_NODE_178_length_841_cov_0.350260
      Family: [Partitiviridae] -> [Rhabdoviridae]
      Species: [Disporopsis pernyi associated partitivirus] -> [Betacytorhabdovirus lycii]
  CRR527049_clean_NODE_19_length_1964_cov_5.403490
      Species: [Coltivirus dermacentoris] -> [Wendovervirus sonii]
  CRR527050_clean_NODE_101_length_2537_cov_2.592532
      Genus: [Alphahydrivirus] -> [空]
      Species: [Alphahydrivirus permafrostis] -> [Naiavirus sp.]
  CRR527050_clean_NODE_1133_length_1156_cov_0.819021
      Genus: [Simiispumavirus] -> [空]
      Species: [Simiispumavirus saisci] -> [Trachysalambria curvirostris nimavirus]
  CRR527050_clean_NODE_1240_length_1118_cov_1.800957
      Species: [Betascleroulivirus etaplasmoparae] -> [Taian Botou tick virus 2]
  CRR527050_clean_NODE_149_length_2301_cov_3.041293
      Species: [Jouyvirus ev017] -> [空]
  CRR527050_clean_NODE_166_length_2202_cov_3.370127
      Species: [Tupanvirus salinum] -> [Tupanvirus altamarinense]
  CRR527050_clean_NODE_169_length_2192_cov_9.700330
      Genus: [Donellivirus] -> [空]
  CRR527050_clean_NODE_17_length_4673_cov_5.696739
      Genus: [Alphaorpheovirus] -> [空]
      Species: [Alphaorpheovirus massiliense] -> [空]
  CRR527050_clean_NODE_1904_length_947_cov_2.144165
      Species: [Erysiphe necator associated ourmia-like virus 41] -> [Scleroulivirus omicronplasmoparae]
  CRR527050_clean_NODE_20_length_4436_cov_6.243640
      Species: [Lentivirus humimdef1] -> [Fadolivirus algeromassiliense]
  CRR527050_clean_NODE_237_length_1963_cov_2.727513
      Species: [Orthopneumovirus hominis] -> [空]
  CRR527050_clean_NODE_3127_length_756_cov_3.191801
      Species: [Ceratitis capitata reo-like virus 1] -> [Bercke-Baary Melophagus reo-like virus]
  CRR527050_clean_NODE_316_length_1817_cov_5.744266
      Species: [Bercke-Baary Melophagus reo-like virus] -> [Fijivirus fijiense]
  CRR527050_clean_NODE_367_length_1699_cov_6.819188
      Species: [Bercke-Baary Melophagus reo-like virus] -> [Fijivirus alporyzae]
  CRR527050_clean_NODE_4847_length_612_cov_1.755102
      Species: [Watermelon botourmiavirus 1] -> [Betascleroulivirus thetaplasmoparae]
  CRR527050_clean_NODE_4_length_9476_cov_6.476869
      Class: [Caudoviricetes] -> [Naldaviricetes]
      Family: [Nudiviridae] -> [Andersonviridae]
      Genus: [Gammanudivirus] -> [Felixounavirus]
      Species: [Gammanudivirus pevannamei] -> [Felixounavirus johannrwettstein]
  CRR527050_clean_NODE_5_length_7358_cov_246.043102
      Species: [Agave yellow streak virus Jalisco 2] -> [Vitivirus alpharubi]
  CRR527050_clean_NODE_633_length_1433_cov_3.947059
      Genus: [Chlorovirus] -> [Gammaretrovirus]
  CRR527050_clean_NODE_70_length_2898_cov_5.894867
      Genus: [Alphaorpheovirus] -> [空]
      Species: [Alphaorpheovirus massiliense] -> [Pithovirus LCPAC202]
  CRR527050_clean_NODE_7310_length_508_cov_0.685057
      Family: [Discoviridae] -> [空]
      Genus: [Orthodiscovirus] -> [空]
  CRR527050_clean_NODE_9_length_6084_cov_4.473798
      Class: [Caudoviricetes] -> [Megaviricetes]
  CRR527051_clean_NODE_18_length_1790_cov_0.271986
      Family: [Adenoviridae] -> [Mimiviridae]
      Species: [Megaviridae environmental sample*] -> [空]
  CRR527052_clean_NODE_1106_length_586_cov_1.304094
      Family: [Discoviridae] -> [空]
      Genus: [Orthodiscovirus] -> [空]
  CRR527052_clean_NODE_1359_length_541_cov_1.053419
      Species: [Vitivirus muviti] -> [Vitivirus alpharubi]
  CRR527052_clean_NODE_153_length_1171_cov_1.296903
      Species: [Pseudovirus brassicae] -> [Atrato Retro-like virus]
  CRR527052_clean_NODE_23_length_2170_cov_9.999046
      Genus: [Nitunavirus] -> [空]
      Species: [Narnaviridae sp.] -> [Satyrvirus sp.*]
  CRR527052_clean_NODE_356_length_892_cov_7.170940
      Phylum: [Pisuviricota] -> [Negarnaviricota]
      Class: [Duplopiviricetes] -> [Monjiviricetes]
      Order: [Durnavirales] -> [Mononegavirales]
      Family: [Partitiviridae] -> [Rhabdoviridae]
      Species: [Pittosporum cryptic virus-1] -> [Betacytorhabdovirus lycii]
  CRR527052_clean_NODE_406_length_844_cov_2.268482
      Species: [Orthodiscovirus coniellae] -> [Orthodiscovirus iberiae]
  CRR527052_clean_NODE_46_length_1805_cov_0.467090
      Family: [Adenoviridae] -> [Mimiviridae]
      Species: [Megaviridae environmental sample*] -> [空]
  CRR527052_clean_NODE_494_length_786_cov_1.985975
      Species: [Erysiphe necator associated ourmia-like virus 41] -> [Scleroulivirus omicronplasmoparae]
  CRR527052_clean_NODE_56_length_1664_cov_3.503457
      Class: [Caudoviricetes] -> [Megaviricetes]
      Genus: [Polybotosvirus] -> [Heliosvirus]
  CRR527052_clean_NODE_671_length_703_cov_4.855556
      Species: [Erysiphe necator associated ourmia-like virus 17] -> [Botoulivirus alphaplasmoparae]
  CRR527052_clean_NODE_6_length_4024_cov_6.909137
      Family: [Hydriviridae] -> [Mimiviridae]
      Genus: [Alphahydrivirus] -> [空]
      Species: [Coltivirus dermacentoris] -> [空]
  CRR527052_clean_NODE_871_length_636_cov_1.722913
      Species: [Alphapaprhavirus gata] -> [Sigmavirus sturtevanti]
  CRR527052_clean_NODE_926_length_624_cov_3.905626
      Genus: [Penoulivirus] -> [空]
      Species: [Penoulivirus alphaplasmoparae] -> [Narnaviridae sp.]
  CRR527053_clean_NODE_1522_length_836_cov_1.921363
      Species: [Punuivirus latens] -> [Metavirus cladosporii]
  CRR527053_clean_NODE_2_length_5406_cov_8.530096
      Species: [Pseudovirus brassicae] -> [Sylvanvirus sp.]
  CRR527053_clean_NODE_446_length_1231_cov_2.276339
      Genus: [Pseudovirus] -> [Caulimovirus]
      Species: [Pseudovirus brassicae] -> [Caulimovirus sp.]
  CRR527053_clean_NODE_87_length_1910_cov_6.771366
      Genus: [Soymovirus] -> [Caulimovirus]
      Species: [Soymovirus maculaglycinis] -> [Caulimovirus sp.]
  CRR527054_clean_NODE_187_length_1633_cov_10.925641
      Phylum: [Pisuviricota] -> [Duplornaviricota]
      Class: [Duplopiviricetes] -> [Resentoviricetes]
      Order: [Durnavirales] -> [Reovirales]
      Family: [Partitiviridae] -> [Spinareoviridae]
      Species: [Disporopsis pernyi associated partitivirus] -> [Phocid orthoreovirus 1]
  CRR527054_clean_NODE_1_length_9150_cov_2322.104550
      Species: [Agave yellow streak virus Jalisco 1] -> [Vitivirus alpharubi]
  CRR527054_clean_NODE_5707_length_515_cov_1.583710
      Family: [Hydriviridae] -> [Mimiviridae]
      Genus: [Alphahydrivirus] -> [Theiavirus]
  CRR527054_clean_NODE_79_length_2006_cov_3.079669
      Species: [environmental samples] -> [空]
  CRR527055_clean_NODE_1087_length_1086_cov_1.627838
      Genus: [Pseudovirus] -> [Caulimovirus]
      Species: [Pseudovirus brassicae] -> [Caulimovirus sp.]
  CRR527055_clean_NODE_1097_length_1082_cov_5.707631
      Species: [Ripasteg virus] -> [Salacisavirus pssm2]
  CRR527055_clean_NODE_1306_length_1014_cov_3.679065
      Species: [Sirevirus lycopersici] -> [Atrato Retro-like virus]
  CRR527055_clean_NODE_1604_length_950_cov_3.547320
      Species: [Pseudovirus nicotianae] -> [Atrato Retro-like virus]
  CRR527055_clean_NODE_1903_length_897_cov_2.065534
      Species: [Soymovirus hibisci] -> [Soymovirus maculaglycinis]
  CRR527055_clean_NODE_2388_length_824_cov_3.219707
      Genus: [Metavirus] -> [Badnavirus]
      Species: [Umbilicaria phaea caulimovirus-like 1] -> [Ambrosia asymptomatic virus 2 UKM-2007]
  CRR527055_clean_NODE_27_length_3124_cov_5.561783
      Genus: [Pseudovirus] -> [Caulimovirus]
      Species: [Pseudovirus atrearabidopsis] -> [Caulimovirus sp.]
  CRR527055_clean_NODE_3726_length_695_cov_16.347267
      Class: [Caudoviricetes] -> [Megaviricetes]
      Species: [Biavirus raunefjordenense] -> [Borockvirus brock]
  CRR527055_clean_NODE_44_length_2788_cov_6.049355
      Species: [Ripabeq virus] -> [Errantivirus drososeptemdecimum]
  CRR527055_clean_NODE_779_length_1199_cov_6.387211
      Species: [Errantivirus tomi] -> [Aedes aegypti To virus 2]
  CRR708330_clean_NODE_256_length_1181_cov_18.553249
      Genus: [Pseudovirus] -> [Caulimovirus]
      Species: [Pseudovirus brassicae] -> [Caulimovirus sp.]
  CRR708330_clean_NODE_635_length_875_cov_1.961347
      Species: [Fadolivirus algeromassiliense] -> [Edafosvirus sp.]
  CRR732634_clean_NODE_13_length_2595_cov_1.150278
      Class: [Caudoviricetes] -> [Bunyaviricetes]
      Family: [Hantaviridae] -> [Herelleviridae]
  CRR732634_clean_NODE_2153_length_561_cov_0.735656
      Species: [Pseudovirus australiense] -> [Atrato Retro-like virus]
  CRR732634_clean_NODE_28_length_2089_cov_0.391865
      Genus: [Prasinovirus] -> [空]
      Species: [Micromonas polaris virus] -> [Mimiviridae sp. ChoanoV1*]
  CRR732634_clean_NODE_334_length_1053_cov_1.910204
      Genus: [Simplexvirus] -> [空]
  CRR732635_clean_NODE_127_length_1590_cov_0.350033
      Genus: [Metavirus] -> [Orthohepacivirus]
      Species: [Tupanvirus salinum] -> [Orthohepacivirus hominis]
  CRR732635_clean_NODE_156_length_1505_cov_0.324022
      Genus: [Biavirus] -> [空]
      Species: [Biavirus raunefjordenense] -> [空]
  CRR732635_clean_NODE_186_length_1442_cov_0.414171
      Species: [Betacytorhabdovirus lycii] -> [Styphnolobium-associated cytorhabdovirus]
  CRR732635_clean_NODE_26_length_2308_cov_0.336465
      Genus: [Immutovirus] -> [空]
      Species: [Immutovirus immuto] -> [Virus NIOZ-UU157]
  CRR732635_clean_NODE_27_length_2288_cov_0.334989
      Genus: [Fadolivirus] -> [Chlorovirus]
      Species: [Fadolivirus algeromassiliense] -> [空]
  CRR732635_clean_NODE_605_length_1034_cov_0.964620
      Species: [Sirevirus lycopersici] -> [Atrato Retro-like virus]
  CRR732635_clean_NODE_642_length_1018_cov_0.210582
      Genus: [Alphahydrivirus] -> [空]
      Species: [Alphahydrivirus permafrostis] -> [空]
  CRR732636_clean_NODE_49_length_2008_cov_0.435659
      Species: [Agnivirus brisbanense] -> [Poseidoniales virus]
  CRR732636_clean_NODE_685_length_953_cov_0.369318
      Family: [Orpheoviridae] -> [Mimiviridae]
      Genus: [Alphaorpheovirus] -> [Mimivirus]
      Species: [Alphaorpheovirus massiliense] -> [Mimivirus bradfordmassiliense]
  CRR732636_clean_NODE_77_length_1742_cov_0.204913
      Genus: [Alphahydrivirus] -> [Tupanvirus]
  CRR732636_clean_NODE_98_length_1620_cov_0.517776
      Species: [Lymphocryptovirus humangamma4] -> [Lymphocystivirus sparus1]
  CRR732637_clean_NODE_23_length_2034_cov_0.714431
      Species: [Marseillevirus LCMAC202] -> [Alphahydrivirus permafrostis]
  CRR732637_clean_NODE_47_length_1760_cov_0.319502
      Species: [Chrysophyceae clade H virus] -> [Alphahydrivirus permafrostis]
  CRR732637_clean_NODE_48_length_1759_cov_1.015421
      Genus: [Myrnavirus] -> [空]
      Species: [Myrnavirus phabba] -> [空]
  CRR732637_clean_NODE_64_length_1639_cov_0.374840
      Genus: [Alphahydrivirus] -> [Tupanvirus]
  CRR732638_clean_NODE_25_length_2172_cov_0.418294
      Genus: [Biavirus] -> [空]
      Species: [Biavirus raunefjordenense] -> [Terrestrivirus sp.]
  CRR732638_clean_NODE_551_length_961_cov_0.576577
      Species: [Metavirus osvaldi] -> [Chibugado virus]
  CRR732639_clean_NODE_102_length_1727_cov_1.423821
      Genus: [Eurybiavirus] -> [空]
      Species: [Eurybiavirus PHM2] -> [空]
  CRR732639_clean_NODE_135_length_1589_cov_0.487467
      Class: [Megaviricetes] -> [Pharingeaviricetes]
      Species: [environmental samples] -> [空]
  CRR732639_clean_NODE_25_length_2287_cov_0.446703
      Order: [Imitervirales] -> [Pimascovirales]
      Genus: [Megavirus] -> [空]
      Species: [Megavirus baoshanense] -> [Marseillevirus LCMAC201]
  CRR732639_clean_NODE_27_length_2265_cov_0.979927
      Species: [Pseudovirus hordei] -> [Atrato Retro-like virus]
  CRR732639_clean_NODE_31_length_2255_cov_0.427589
      Genus: [Siadenovirus] -> [空]
  CRR732639_clean_NODE_35_length_2185_cov_2.570549
      Species: [Micromonas pusilla virus 12T] -> [Theiavirus salishense]
  CRR732639_clean_NODE_38_length_2138_cov_0.408717
      Genus: [Metavirus] -> [Moumouvirus]
  CRR732639_clean_NODE_674_length_1033_cov_0.728125
      Species: [Sirevirus maydis] -> [Sylvanvirus sp.]
  CRR732639_clean_NODE_74_length_1866_cov_0.469046
      Genus: [Fadolivirus] -> [Tupanvirus]
  CRR732639_clean_NODE_7_length_2900_cov_0.378493
      Species: [Klosneuvirus KNV1] -> [Fadolivirus algeromassiliense]
  CRR732639_clean_NODE_88_length_1782_cov_0.371562
      Species: [Mimivirus LCMiAC01] -> [Rheavirus sinusmexicani]
  CRR732639_clean_NODE_8_length_2872_cov_0.615577
      Genus: [Fadolivirus] -> [Orthohepacivirus]
  CRR732639_clean_NODE_99_length_1737_cov_0.505409
      Genus: [Pandoravirus] -> [Chlorovirus]
      Species: [Chlorovirus sp.] -> [空]
  CRR732640_clean_NODE_17_length_2340_cov_0.351125
      Species: [Chrysophyceae clade H virus] -> [Tethysvirus ontarioense]
  CRR732640_clean_NODE_3194_length_541_cov_0.613248
      Phylum: [Uroviricota] -> [Nucleocytoviricota]
      Class: [Caudoviricetes] -> [Megaviricetes]
      Family: [Adenoviridae] -> [Mimiviridae]
      Species: [Megaviridae environmental sample*] -> [空]
  CRR732640_clean_NODE_337_length_1148_cov_0.554419
      Species: [Betacytorhabdovirus lycii] -> [Styphnolobium-associated cytorhabdovirus]
  CRR732640_clean_NODE_446_length_1062_cov_1.360971
      Species: [Pseudovirus australiense] -> [Atrato Retro-like virus]
  CRR732640_clean_NODE_54_length_1830_cov_0.340353
      Genus: [Chlorovirus] -> [Theiavirus]
  CRR732640_clean_NODE_60_length_1793_cov_1.836628
      Genus: [Theiavirus] -> [空]
      Species: [Theiavirus salishense] -> [Mimiviridae sp. ChoanoV1]
  CRR732640_clean_NODE_69_length_1761_cov_0.337085
      Species: [Agnivirus brisbanense] -> [Poseidoniales virus]
  CRR732640_clean_NODE_86_length_1656_cov_0.423879
      Species: [Marmot herpesvirus 1] -> [Simplexvirus macropodidalpha2]
  CRR732642_clean_NODE_17_length_2055_cov_2.593845
      Species: [Biavirus raunefjordenense] -> [Tethysvirus raunefjordenense]
  CRR732645_clean_NODE_1348_length_531_cov_0.388646
      Order: [Tymovirales] -> [空]
      Genus: [Allexivirus] -> [空]
      Species: [Allexivirus deltallii] -> [Porcellio scaber clopovirus]
  CRR732645_clean_NODE_23_length_2434_cov_3.612029
      Species: [Pseudovirus cajani] -> [Atrato Retro-like virus]
  CRR732645_clean_NODE_843_length_629_cov_0.962230
      Genus: [Metavirus] -> [空]
      Species: [Punuivirus latens] -> [Trachysalambria curvirostris nimavirus]
  CRR732645_clean_NODE_87_length_1509_cov_7.371170
      Family: [Hydriviridae] -> [空]
      Genus: [Alphahydrivirus] -> [空]
      Species: [Alphahydrivirus permafrostis] -> [空]
  CRR732646_clean_NODE_103_length_1687_cov_0.385998
      Order: [Grandevirales] -> [Imitervirales]
      Family: [Lakviridae] -> [空]
      Genus: [Hatfieldvirus] -> [空]
  CRR732646_clean_NODE_104_length_1686_cov_0.324861
      Genus: [Metaavulavirus] -> [空]
      Species: [Metaavulavirus kunitachiense] -> [空]
  CRR732646_clean_NODE_126_length_1624_cov_2.435848
      Family: [Hydriviridae] -> [空]
      Genus: [Alphahydrivirus] -> [空]
      Species: [Alphahydrivirus permafrostis] -> [空]
  CRR732646_clean_NODE_16_length_2825_cov_0.891352
      Genus: [Innesvirus] -> [空]
  CRR732646_clean_NODE_2062_length_681_cov_0.587171
      Species: [Punuivirus latens] -> [Metavirus saccharomycetis]
  CRR732646_clean_NODE_340_length_1225_cov_0.429688
      Genus: [Alphahydrivirus] -> [空]
      Species: [Alphahydrivirus permafrostis] -> [空]
  CRR732646_clean_NODE_39_length_2251_cov_0.385675
      Realm: [Riboviria] -> [Duplodnaviria]
      Kingdom: [Orthornavirae] -> [Heunggongvirae]
  CRR732646_clean_NODE_46_length_2152_cov_0.377104
      Species: [Chrysophyceae clade H virus] -> [Tupanvirus salinum]
  CRR732647_clean_NODE_1822_length_727_cov_0.558104
      Species: [Soymovirus malvae] -> [Soymovirus maculaglycinis]
  CRR732647_clean_NODE_241_length_1422_cov_0.815419
      Species: [Pseudovirus australiense] -> [Atrato Retro-like virus]
  CRR732647_clean_NODE_60_length_2019_cov_1.995375
      Genus: [Polybotosvirus] -> [Heliosvirus]
  CRR732648_clean_NODE_123_length_1795_cov_0.263647
      Species: [Chrysophyceae clade H virus] -> [Biavirus raunefjordenense]
  CRR732648_clean_NODE_126_length_1787_cov_0.512835
      Genus: [Chlorovirus] -> [空]
      Species: [Chlorovirus conductrix] -> [Terrestrivirus sp.]
  CRR732648_clean_NODE_129_length_1770_cov_0.454920
      Genus: [Biavirus] -> [空]
      Species: [Biavirus raunefjordenense] -> [空]
  CRR732648_clean_NODE_45_length_2454_cov_0.194036
      Genus: [Alphahydrivirus] -> [空]
      Species: [Alphahydrivirus permafrostis] -> [Naiavirus sp.]
  CRR732648_clean_NODE_74_length_2128_cov_0.330900
      Class: [Caudoviricetes] -> [Megaviricetes]
  CRR732649_clean_NODE_122_length_1824_cov_0.499143
      Species: [Chrysophyceae clade H virus] -> [Biavirus raunefjordenense]
  CRR732649_clean_NODE_147_length_1722_cov_0.555488
      Species: [Lentivirus humimdef1] -> [Fadolivirus algeromassiliense]
  CRR732649_clean_NODE_178_length_1622_cov_2.963202
      Species: [environmental samples] -> [空]
  CRR732649_clean_NODE_1850_length_773_cov_0.464286
      Species: [environmental samples] -> [空]
  CRR732649_clean_NODE_34_length_2647_cov_1.520979
      Genus: [Wroclawvirus] -> [空]
      Species: [Dishui Lake large algae virus 1] -> [Guapo partitivirus]
  CRR732649_clean_NODE_386_length_1311_cov_1.444265
      Class: [Caudoviricetes] -> [Megaviricetes]
  CRR732649_clean_NODE_41_length_2406_cov_3.749679
      Genus: [Polybotosvirus] -> [Heliosvirus]
  CRR732649_clean_NODE_93_length_1960_cov_2.049285
      Genus: [Immutovirus] -> [空]
      Species: [Immutovirus immuto] -> [Virus NIOZ-UU157]
  CRR732650_clean_NODE_12_length_2814_cov_6.697556
      Class: [Caudoviricetes] -> [Megaviricetes]
      Genus: [Polybotosvirus] -> [Heliosvirus]
  CRR732650_clean_NODE_26_length_2389_cov_3.429620
      Genus: [Polybotosvirus] -> [Heliosvirus]
  CRR732650_clean_NODE_29_length_2322_cov_6.340151
      Species: [Biavirus raunefjordenense] -> [Tethysvirus ontarioense]
  CRR732650_clean_NODE_35_length_2186_cov_2.687648
      Order: [Imitervirales] -> [空]
      Family: [Mimiviridae] -> [空]
      Genus: [Theiavirus] -> [空]
  CRR732650_clean_NODE_39_length_2116_cov_7.994126
      Genus: [Tethysvirus] -> [Biavirus]
  CRR732650_clean_NODE_88_length_1498_cov_1.612632
      Genus: [Immutovirus] -> [空]
      Species: [Immutovirus immuto] -> [Virus NIOZ-UU157]
  CRR732651_clean_NODE_112_length_1785_cov_0.358061
      Species: [Mimivirus LCMiAC01] -> [Fadolivirus algeromassiliense]
  CRR732651_clean_NODE_126_length_1704_cov_0.404047
      Genus: [Alphahydrivirus] -> [Tupanvirus]
  CRR732651_clean_NODE_1761_length_737_cov_0.421687
      Species: [Betacytorhabdovirus lycii] -> [Styphnolobium-associated cytorhabdovirus]
  CRR732651_clean_NODE_3278_length_568_cov_0.535354
      Species: [Pseudovirus artarabidopsis] -> [Atrato Retro-like virus]
  CRR732651_clean_NODE_383_length_1237_cov_1.006014
      Species: [Sirevirus lycopersici] -> [Atrato Retro-like virus]
  CRR732651_clean_NODE_3983_length_522_cov_0.550111
      Species: [Soymovirus hibisci] -> [Soymovirus malvae]
  CRR732651_clean_NODE_4027_length_518_cov_1.197753
      Phylum: [Negarnaviricota] -> [Nucleocytoviricota]
      Class: [Monjiviricetes] -> [Megaviricetes]
      Order: [Jingchuvirales] -> [Imitervirales]
      Family: [Chuviridae] -> [Mimiviridae]
      Species: [Millipede chuvirus] -> [空]
  CRR732651_clean_NODE_609_length_1061_cov_0.623482
      Species: [Pseudovirus australiense] -> [Atrato Retro-like virus]
  CRR732651_clean_NODE_61_length_2170_cov_2.624702
      Species: [Dishui Lake phycodnavirus 3] -> [Mimivirus lagoaense]
  CRR732652_clean_NODE_1561_length_1061_cov_2.733871
      Class: [Caudoviricetes] -> [Revtraviricetes]
      Species: [Lentivirus humimdef1] -> [Caelumvirus alvy]
  CRR732652_clean_NODE_162_length_2274_cov_5.577324
      Genus: [Immutovirus] -> [空]
  CRR732652_clean_NODE_213_length_2105_cov_1.944499
      Class: [Caudoviricetes] -> [Megaviricetes]
      Genus: [Spbetavirus] -> [Theiavirus]
      Species: [Spbetavirus SPbeta] -> [Theiavirus salishense*]
  CRR732652_clean_NODE_222_length_2086_cov_1.944472
      Species: [Chrysophyceae clade H virus] -> [Tupanvirus salinum]
  CRR732652_clean_NODE_242_length_2039_cov_3.567005
      Class: [Caudoviricetes] -> [Megaviricetes]
      Family: [Phycodnaviridae] -> [Peduoviridae]
  CRR732652_clean_NODE_260_length_1967_cov_1.934141
      Genus: [Alphahydrivirus] -> [Tupanvirus]
      Species: [Alphahydrivirus permafrostis] -> [空]
  CRR732652_clean_NODE_263_length_1958_cov_3.011646
      Genus: [Biavirus] -> [空]
  CRR732652_clean_NODE_3462_length_757_cov_1.215116
      Realm: [Riboviria] -> [Varidnaviria]
      Kingdom: [Pararnavirae] -> [Bamfordvirae]
      Phylum: [Artverviricota] -> [Nucleocytoviricota]
      Class: [Revtraviricetes] -> [Pokkesviricetes]
      Order: [Ortervirales] -> [Chitovirales]
      Family: [Retroviridae] -> [Poxviridae]
      Genus: [Lentivirus] -> [Oryzopoxvirus]
      Species: [Lentivirus humimdef1] -> [空]
  CRR732652_clean_NODE_352_length_1815_cov_1.613975
      Species: [Gammaretrovirus murleu] -> [Gammaretrovirus felleu]
  CRR732652_clean_NODE_38_length_3145_cov_17.201235
      Genus: [Alphahydrivirus] -> [Fadolivirus]
  CRR732652_clean_NODE_475_length_1677_cov_12.069652
      Order: [Blubervirales] -> [Ortervirales]
      Genus: [Orthohepadnavirus] -> [Lentivirus]
  CRR732652_clean_NODE_514_length_1618_cov_2.455778
      Species: [Imitervirales sp.] -> [Mimiviridae sp. ChoanoV1*]
  CRR732652_clean_NODE_554_length_1586_cov_3.228082
      Genus: [Pipoluvirus] -> [空]
  CRR732652_clean_NODE_557_length_1584_cov_2.052805
      Class: [Caudoviricetes] -> [Megaviricetes]
      Genus: [Anayavirus] -> [空]
      Species: [Anayavirus adephagia] -> [Edafosvirus sp.]
  CRR732652_clean_NODE_613_length_1528_cov_1.500343
      Species: [environmental samples] -> [空]
  CRR732652_clean_NODE_634_length_1507_cov_3.367872
      Species: [Agnivirus brisbanense] -> [Poseidoniales virus]
  CRR732652_clean_NODE_729_length_1431_cov_4.412628
      Genus: [Theiavirus] -> [Kratosvirus]
      Species: [Theiavirus salishense] -> [Kratosvirus quantuckense]
  CRR732652_clean_NODE_82_length_2737_cov_13.584708
      Class: [Caudoviricetes] -> [Megaviricetes]
      Species: [Carp edema virus] -> [Tethysvirus raunefjordenense]
  CRR732652_clean_NODE_90_length_2671_cov_2.202537
      Species: [Tupanvirus altamarinense] -> [Terrestrivirus sp.]
  CRR732653_clean_NODE_106_length_2755_cov_2.859643
      Genus: [Biavirus] -> [空]
  CRR732653_clean_NODE_1165_length_1247_cov_1.329372
      Species: [Lentivirus humimdef1] -> [Biavirus raunefjordenense]
  CRR732653_clean_NODE_1262_length_1213_cov_60.269231
      Family: [Poxviridae] -> [Orthoherpesviridae]
  CRR732653_clean_NODE_130_length_2591_cov_2.335845
      Class: [Tokiviricetes] -> [Megaviricetes]
      Genus: [Betalipothrixvirus] -> [Chlorovirus]
      Species: [Betalipothrixvirus puteoliense] -> [空]
  CRR732653_clean_NODE_1428_length_1154_cov_1.336406
      Class: [Megaviricetes] -> [Pharingeaviricetes]
      Species: [environmental samples] -> [空]
  CRR732653_clean_NODE_155_length_2461_cov_7.912207
      Genus: [Borockvirus] -> [Marseillevirus]
  CRR732653_clean_NODE_19_length_4178_cov_3.258944
      Species: [Chrysophyceae clade H virus] -> [Tupanvirus altamarinense]
  CRR732653_clean_NODE_233_length_2169_cov_2.559524
      Genus: [Biavirus] -> [Fadolivirus]
      Species: [Biavirus raunefjordenense] -> [Fadolivirus algeromassiliense]
  CRR732653_clean_NODE_250_length_2123_cov_3.962512
      Family: [Kyanoviridae] -> [Phycodnaviridae]
      Genus: [Scyllavirus] -> [空]
      Species: [Scyllavirus aitchnine] -> [空]
  CRR732653_clean_NODE_272_length_2082_cov_2.017884
      Order: [Algavirales] -> [空]
      Family: [Phycodnaviridae] -> [空]
      Genus: [Chlorovirus] -> [空]
      Species: [Chlorovirus heliozoae] -> [空]
  CRR732653_clean_NODE_287_length_2042_cov_5.845920
      Class: [Caudoviricetes] -> [Megaviricetes]
      Family: [Phycodnaviridae] -> [Peduoviridae]
      Genus: [Prasinovirus] -> [Plazymidvirus]
  CRR732653_clean_NODE_297_length_2022_cov_1.971838
      Class: [Caudoviricetes] -> [Megaviricetes]
      Genus: [Reynauldvirus] -> [空]
  CRR732653_clean_NODE_345_length_1924_cov_4.694879
      Species: [Agnivirus brisbanense] -> [Poseidoniales virus]
  CRR732653_clean_NODE_353_length_1911_cov_1.800760
      Genus: [Fadolivirus] -> [空]
  CRR732653_clean_NODE_51_length_3289_cov_3.338509
      Species: [Agnivirus brisbanense] -> [Poseidoniales virus]
  CRR732653_clean_NODE_566_length_1642_cov_1.513032
      Species: [Chrysophyceae clade H virus] -> [Tupanvirus salinum]
  CRR732653_clean_NODE_5964_length_613_cov_0.705882
      Species: [Gammaretrovirus murleu] -> [Gammaretrovirus sp.]
  CRR732653_clean_NODE_6142_length_604_cov_1.005607
      Order: [Imitervirales] -> [Pimascovirales]
      Family: [Mimiviridae] -> [Pithoviridae]
      Species: [Namao virus] -> [Pithovirus LCPAC101]
  CRR732653_clean_NODE_62_length_3118_cov_1.661200
      Order: [Algavirales] -> [Pantevenvirales]
      Family: [Phycodnaviridae] -> [Straboviridae]
      Genus: [Chlorovirus] -> [空]
      Species: [Chlorovirus americanus] -> [Sylvanvirus sp.]
  CRR732653_clean_NODE_661_length_1558_cov_1.804567
      Genus: [Theiavirus] -> [Gammaretrovirus]
  CRR732653_clean_NODE_66_length_3084_cov_9.465008
      Genus: [Tethysvirus] -> [Biavirus]
  CRR732653_clean_NODE_692_length_1534_cov_1.632765
      Class: [Caudoviricetes] -> [Megaviricetes]
      Order: [Pantevenvirales] -> [空]
      Family: [Kyanoviridae] -> [空]
      Genus: [Salacisavirus] -> [空]
      Species: [Salacisavirus pssm2] -> [空]
  CRR732653_clean_NODE_728_length_1500_cov_2.051013
      Family: [Adenoviridae] -> [Mimiviridae]
      Species: [Megaviridae environmental sample*] -> [空]
  CRR732653_clean_NODE_761_length_1475_cov_2.115932
      Genus: [Sirevirus] -> [空]
      Species: [Sirevirus lycopersici] -> [Marseillevirus LCMAC201]
  CRR732653_clean_NODE_823_length_1428_cov_1.891832
      Genus: [Tethysvirus] -> [空]
      Species: [Tethysvirus raunefjordenense] -> [Chrysochromulina ericina virus]
  CRR732653_clean_NODE_863_length_1406_cov_1.551982
      Class: [Caudoviricetes] -> [Megaviricetes]
  CRR732653_clean_NODE_91_length_2841_cov_3.559163
      Species: [Lentivirus humimdef1] -> [Moumouvirus moumou]
  CRR732654_clean_NODE_101_length_2342_cov_1.507699
      Species: [Gammaretrovirus felleu] -> [Gammaretrovirus murleu]
  CRR732654_clean_NODE_173_length_1990_cov_1.895888
      Species: [Chrysophyceae clade H virus] -> [Tupanvirus altamarinense]
  CRR732654_clean_NODE_184_length_1938_cov_2.522739
      Genus: [Pandoravirus] -> [Fadolivirus]
  CRR732654_clean_NODE_474_length_1439_cov_1.407299
      Species: [Catovirus CTV1] -> [Tupanvirus altamarinense]
  CRR732654_clean_NODE_4792_length_565_cov_1.054435
      Realm: [Riboviria] -> [Varidnaviria]
      Kingdom: [Pararnavirae] -> [Bamfordvirae]
      Phylum: [Artverviricota] -> [Nucleocytoviricota]
      Class: [Revtraviricetes] -> [Pokkesviricetes]
      Order: [Ortervirales] -> [Chitovirales]
      Family: [Retroviridae] -> [Poxviridae]
      Genus: [Lentivirus] -> [Oryzopoxvirus]
      Species: [Lentivirus humimdef1] -> [空]
  CRR732654_clean_NODE_479_length_1432_cov_1.363903
      Species: [Betaentomopoxvirus mseparata] -> [Alphacedratvirus brasiliense]
  CRR732654_clean_NODE_92_length_2440_cov_1.367356
      Genus: [Alphaorpheovirus] -> [Gammaretrovirus]
  CRR732655_clean_NODE_1729_length_941_cov_4.253440
      Class: [Caudoviricetes] -> [Revtraviricetes]
      Species: [Lentivirus humimdef1] -> [Traversvirus P27]
  CRR732655_clean_NODE_1828_length_917_cov_1.570755
      Realm: [Riboviria] -> [Varidnaviria]
      Kingdom: [Pararnavirae] -> [Bamfordvirae]
      Phylum: [Artverviricota] -> [Nucleocytoviricota]
      Class: [Revtraviricetes] -> [Pokkesviricetes]
      Order: [Ortervirales] -> [Chitovirales]
      Family: [Retroviridae] -> [Poxviridae]
      Genus: [Lentivirus] -> [Oryzopoxvirus]
      Species: [Lentivirus humimdef1] -> [空]
  CRR732655_clean_NODE_347_length_1653_cov_1.916667
      Class: [Megaviricetes] -> [Herviviricetes]
      Genus: [Megavirus] -> [空]
      Species: [Megavirus powaiense] -> [Otarine gammaherpesvirus 4]
  CRR732655_clean_NODE_390_length_1600_cov_1.506858
      Class: [Caudoviricetes] -> [Megaviricetes]
      Genus: [Spbetavirus] -> [Theiavirus]
      Species: [Spbetavirus SPbeta] -> [Theiavirus salishense*]
  CRR732655_clean_NODE_407_length_1571_cov_3.824234
      Genus: [Donellivirus] -> [空]
      Species: [Donellivirus gee] -> [空]
  CRR732655_clean_NODE_63_length_2752_cov_2.190086
      Family: [Adenoviridae] -> [Mimiviridae]
      Species: [Megaviridae environmental sample*] -> [空]
  CRR732655_clean_NODE_7_length_4283_cov_11.511865
      Species: [Lentivirus humimdef1] -> [空]
  CRR732656_clean_NODE_31_length_2796_cov_7.843051
      Species: [Biavirus raunefjordenense] -> [Tethysvirus ontarioense]
  CRR732656_clean_NODE_349_length_1377_cov_0.918960
      Genus: [Sirevirus] -> [空]
      Species: [Sirevirus lycopersici] -> [Marseillevirus LCMAC201]
  CRR732656_clean_NODE_83_length_2093_cov_2.188735
      Species: [Lentivirus humimdef1] -> [Orthopoxvirus variola]
  CRR732657_clean_NODE_148_length_2005_cov_1.556302
      Species: [Agnivirus brisbanense] -> [Poseidoniales virus]
  CRR732657_clean_NODE_160_length_1980_cov_9.891680
      Order: [Ortervirales] -> [Chitovirales]
  CRR732657_clean_NODE_276_length_1664_cov_1.685893
      Species: [Mimivirus LCMiAC01] -> [Fadolivirus algeromassiliense]
  CRR732657_clean_NODE_4703_length_583_cov_46.752918
      Species: [Lentivirus humimdef1] -> [空]
  CRR732658_clean_NODE_123_length_2640_cov_1.814080
      Species: [Chrysophyceae clade H virus] -> [Tupanvirus salinum]
  CRR732658_clean_NODE_1436_length_1193_cov_1.693060
      Realm: [Riboviria] -> [Varidnaviria]
      Kingdom: [Pararnavirae] -> [Bamfordvirae]
      Phylum: [Artverviricota] -> [Nucleocytoviricota]
      Class: [Revtraviricetes] -> [Pokkesviricetes]
      Order: [Ortervirales] -> [Chitovirales]
      Family: [Retroviridae] -> [Poxviridae]
      Genus: [Lentivirus] -> [Oryzopoxvirus]
      Species: [Lentivirus humimdef1] -> [空]
  CRR732658_clean_NODE_1453_length_1186_cov_1.793196
      Species: [Lentivirus humimdef1] -> [空]
  CRR732658_clean_NODE_15_length_4575_cov_2.900355
      Species: [Lentivirus humimdef1] -> [Megavirus powaiense]
  CRR732658_clean_NODE_166_length_2420_cov_2.194385
      Class: [Caudoviricetes] -> [Pokkesviricetes]
  CRR732658_clean_NODE_206_length_2282_cov_1.545413
      Species: [Lymphocryptovirus humangamma4] -> [Lymphocystivirus micropogonias1]
  CRR732658_clean_NODE_2437_length_939_cov_8.986207
      Species: [Betacoronavirus gravedinis] -> [Betaentomopoxvirus amoorei]
  CRR732658_clean_NODE_246_length_2177_cov_3.355313
      Genus: [Biavirus] -> [空]
  CRR732658_clean_NODE_261_length_2146_cov_2.481464
      Genus: [Alphahydrivirus] -> [Tupanvirus]
      Species: [Alphahydrivirus permafrostis] -> [空]
  CRR732658_clean_NODE_2729_length_892_cov_1.521264
      Kingdom: [Pararnavirae] -> [Orthornavirae]
      Phylum: [Artverviricota] -> [Negarnaviricota]
      Class: [Revtraviricetes] -> [Bunyaviricetes]
      Order: [Ortervirales] -> [Hareavirales]
      Species: [Lentivirus humimdef1] -> [Nairoviridae sp.]
  CRR732658_clean_NODE_289_length_2067_cov_6.658659
      Species: [environmental samples] -> [空]
  CRR732658_clean_NODE_2976_length_859_cov_2.574684
      Realm: [Riboviria] -> [Varidnaviria]
      Kingdom: [Orthornavirae] -> [Bamfordvirae]
  CRR732658_clean_NODE_320_length_2013_cov_1.682099
      Order: [Chitovirales] -> [空]
      Family: [Poxviridae] -> [空]
      Genus: [Centapoxvirus] -> [空]
      Species: [Centapoxvirus microtuspox] -> [空]
  CRR732658_clean_NODE_354_length_1932_cov_1.722491
      Genus: [Wendovervirus] -> [空]
      Species: [Wendovervirus sonii] -> [Homavirus sp.]
  CRR732658_clean_NODE_355_length_1930_cov_5.276196
      Species: [Agnivirus brisbanense] -> [Poseidoniales virus]
  CRR732658_clean_NODE_356_length_1928_cov_3.693921
      Species: [Chrysophyceae clade H virus] -> [Tupanvirus altamarinense]
  CRR732658_clean_NODE_372_length_1913_cov_3.109544
      Species: [Lentivirus humimdef1] -> [Tupanvirus altamarinense]
  CRR732658_clean_NODE_374_length_1905_cov_2.099673
      Genus: [Palaemonvirus] -> [空]
      Species: [Palaemonvirus pssm7] -> [Mimiviridae sp. ChoanoV1]
  CRR732658_clean_NODE_397_length_1875_cov_1.981174
      Genus: [Anayavirus] -> [空]
      Species: [Anayavirus validus] -> [Edafosvirus sp.]
  CRR732658_clean_NODE_409_length_1862_cov_2.495817
      Species: [Biavirus raunefjordenense] -> [Alphahydrivirus permafrostis]
  CRR732658_clean_NODE_4243_length_729_cov_8.971212
      Species: [Orthonairovirus haemorrhagiae] -> [Epsilonentomopoxvirus dlongicaudata]
  CRR732658_clean_NODE_457_length_1809_cov_4.039655
      Species: [Lentivirus humimdef1] -> [Sciuripoxvirus squirrelpox]
  CRR732658_clean_NODE_473_length_1793_cov_1.661833
      Order: [Imitervirales] -> [空]
      Family: [Mimiviridae] -> [空]
      Genus: [Sarumanvirus] -> [空]
      Species: [Catovirus CTV1] -> [Virus NIOZ-UU157]
  CRR732658_clean_NODE_542_length_1718_cov_2.164948
      Genus: [Medusavirus] -> [Gammaretrovirus]
      Species: [Gammaretrovirus momursar] -> [IC4 retrovirus]
  CRR732658_clean_NODE_5485_length_646_cov_1.362218
      Species: [Lentivirus humimdef1] -> [空]
  CRR732658_clean_NODE_576_length_1685_cov_1.743812
      Genus: [Medusavirus] -> [Gammaretrovirus]
  CRR732658_clean_NODE_60_length_3162_cov_2.165858
      Family: [Nudiviridae] -> [Orthoherpesviridae]
      Species: [Alphanudivirus oryrhinocerotis] -> [空]
  CRR732658_clean_NODE_648_length_1620_cov_3.093488
      Genus: [Pipoluvirus] -> [空]
  CRR732658_clean_NODE_649_length_1619_cov_3.294839
      Species: [Coltivirus dermacentoris] -> [Hatfieldvirus porci]
  CRR732658_clean_NODE_64_length_3131_cov_3.081646
      Species: [Lentivirus humimdef1] -> [Biavirus raunefjordenense]
  CRR732658_clean_NODE_734_length_1547_cov_4.696888
      Species: [Agnivirus brisbanense] -> [Poseidoniales virus]
  CRR732658_clean_NODE_7560_length_560_cov_1.413442
      Species: [Lentivirus humimdef1] -> [空]
  CRR732658_clean_NODE_8136_length_541_cov_1.220339
      Family: [Mimiviridae] -> [Phycodnaviridae]
  CRR732658_clean_NODE_830_length_1467_cov_1.776824
      Species: [environmental samples] -> [空]
  CRR732659_clean_NODE_10030_length_511_cov_0.959276
      Realm: [Riboviria] -> [Varidnaviria]
      Kingdom: [Pararnavirae] -> [Bamfordvirae]
      Phylum: [Artverviricota] -> [Nucleocytoviricota]
      Class: [Revtraviricetes] -> [Pokkesviricetes]
      Order: [Ortervirales] -> [Chitovirales]
      Family: [Retroviridae] -> [Poxviridae]
      Genus: [Lentivirus] -> [Oryzopoxvirus]
      Species: [Lentivirus humimdef1] -> [空]
  CRR732659_clean_NODE_100_length_3247_cov_4.959723
      Genus: [Simplexvirus] -> [空]
      Species: [Simplexvirus humanalpha1] -> [Carp edema virus]
  CRR732659_clean_NODE_1025_length_1471_cov_1.268188
      Genus: [Torinovirus] -> [Heliosvirus]
  CRR732659_clean_NODE_1110_length_1424_cov_2.021402
      Family: [Adenoviridae] -> [Mimiviridae]
      Species: [Megaviridae environmental sample*] -> [空]
  CRR732659_clean_NODE_111_length_3139_cov_3.162541
      Family: [Adenoviridae] -> [Mimiviridae]
      Genus: [Minunavirus] -> [空]
  CRR732659_clean_NODE_1162_length_1397_cov_2.536898
      Genus: [Alphacedratvirus] -> [空]
      Species: [Alphacedratvirus brasiliense] -> [Mimiviridae sp. ChoanoV1*]
  CRR732659_clean_NODE_118_length_3080_cov_36.047160
      Genus: [Alphahydrivirus] -> [Fadolivirus]
  CRR732659_clean_NODE_129_length_2981_cov_2.914148
      Order: [Herpesvirales] -> [空]
      Family: [Orthoherpesviridae] -> [空]
      Genus: [Varicellovirus] -> [空]
      Species: [Varicellovirus bovinealpha5] -> [空]
  CRR732659_clean_NODE_203_length_2581_cov_3.732882
      Class: [Caudoviricetes] -> [Megaviricetes]
  CRR732659_clean_NODE_240_length_2468_cov_17.096290
      Species: [Tokyovirus A1] -> [Fadolivirus algeromassiliense]
  CRR732659_clean_NODE_257_length_2423_cov_2.892948
      Species: [Tupanvirus altamarinense] -> [Fadolivirus algeromassiliense]
  CRR732659_clean_NODE_271_length_2378_cov_0.696405
      Species: [Lymphocryptovirus humangamma4] -> [Tethysvirus raunefjordenense]
  CRR732659_clean_NODE_278_length_2351_cov_2.797546
      Species: [Tupanvirus salinum] -> [Tupanvirus altamarinense]
  CRR732659_clean_NODE_3922_length_807_cov_1.701897
      Species: [Alpharetrovirus aviY73sar] -> [空]
  CRR732659_clean_NODE_402_length_2044_cov_3.400000
      Genus: [Serangoonvirus] -> [Prasinovirus]
      Species: [Serangoonvirus essarone] -> [Bathycoccus sp. RCC716 virus 2]
  CRR732659_clean_NODE_403_length_2041_cov_20.938134
      Species: [Biavirus raunefjordenense] -> [Virus NIOZ-UU159]
  CRR732659_clean_NODE_513_length_1887_cov_2.987899
      Order: [Pantevenvirales] -> [Imitervirales]
      Family: [Kyanoviridae] -> [Schizomimiviridae]
      Genus: [Salacisavirus] -> [空]
      Species: [Salacisavirus pssm2] -> [Mimiviridae sp. ChoanoV1]
  CRR732659_clean_NODE_547_length_1852_cov_2.625911
      Species: [Fadolivirus algeromassiliense] -> [Terrestrivirus sp.]
  CRR732659_clean_NODE_611_length_1781_cov_2.555491
      Class: [Caudoviricetes] -> [Megaviricetes]
      Genus: [Reynauldvirus] -> [空]
  CRR732659_clean_NODE_615_length_1780_cov_2.293980
      Genus: [Chlorovirus] -> [Megavirus]
      Species: [Chlorovirus americanus] -> [Megavirus sp.]
  CRR732659_clean_NODE_693_length_1714_cov_1.922796
      Genus: [Tupanvirus] -> [Theiavirus]
      Species: [Tupanvirus salinum] -> [Theiavirus salishense*]
  CRR732659_clean_NODE_758_length_1668_cov_1.602877
      Genus: [Biavirus] -> [Klosneuvirus]
      Species: [Biavirus raunefjordenense] -> [Klosneuvirus KNV1*]
  CRR732659_clean_NODE_772_length_1651_cov_2.118837
      Genus: [Mimivirus] -> [空]
      Species: [Mimivirus lagoaense] -> [空]
  CRR732659_clean_NODE_779_length_1647_cov_1.537389
      Species: [Biavirus raunefjordenense] -> [Tupanvirus salinum]
  CRR732659_clean_NODE_841_length_1597_cov_1.722513
      Species: [Biavirus raunefjordenense] -> [Harvfovirus sp.]
  CRR732659_clean_NODE_870_length_1570_cov_2.469687
      Species: [Chrysophyceae clade H virus] -> [Tupanvirus altamarinense]
  CRR732659_clean_NODE_9766_length_517_cov_1.122768
      Class: [Herviviricetes] -> [Naldaviricetes]
      Order: [Herpesvirales] -> [Lefavirales]
      Family: [Orthoherpesviridae] -> [Baculoviridae]
      Genus: [Lymphocryptovirus] -> [Betabaculovirus]
      Species: [Lymphocryptovirus humangamma4] -> [Betabaculovirus sp.]
  CRR732660_clean_NODE_1065_length_1641_cov_15.029898
      Genus: [Medusavirus] -> [Prasinovirus]
      Species: [Medusavirus medusae] -> [Dishui lake phycodnavirus 1]
  CRR732660_clean_NODE_12232_length_502_cov_1.755196
      Species: [Bat faecal associated retrovirus 2] -> [Bat faecal associated retrovirus 1]
  CRR732660_clean_NODE_1247_length_1535_cov_1.303547
      Species: [Alpharetrovirus avileu] -> [Alpharetrovirus avirousar]
  CRR732660_clean_NODE_124_length_3412_cov_2.880646
      Genus: [Fadolivirus] -> [空]
      Species: [Fadolivirus algeromassiliense] -> [Pithovirus LCPAC302]
  CRR732660_clean_NODE_1381_length_1469_cov_4.984286
      Genus: [Avastrovirus] -> [空]
  CRR732660_clean_NODE_1608_length_1373_cov_2.359663
      Species: [Alpharetrovirus avileu] -> [Alpharetrovirus aviUR2sar]
  CRR732660_clean_NODE_169_length_3109_cov_1.554605
      Genus: [Sirevirus] -> [空]
      Species: [Sirevirus lycopersici] -> [空]
  CRR732660_clean_NODE_1701_length_1341_cov_1.343553
      Species: [Biavirus raunefjordenense] -> [Tethysvirus ontarioense]
  CRR732660_clean_NODE_17_length_6170_cov_6.483036
      Species: [Lymphocryptovirus humangamma4] -> [Lymphocystivirus micropogonias1]
  CRR732660_clean_NODE_1933_length_1260_cov_3.713686
      Species: [Florenciella sp. virus SA1] -> [Gilgameshvirus gilgamesh]
  CRR732660_clean_NODE_193_length_3026_cov_3.821102
      Genus: [Cotonvirus] -> [Gammaretrovirus]
      Species: [Cotonvirus japonicum] -> [空]
  CRR732660_clean_NODE_198_length_2989_cov_4.609932
      Species: [Marseillevirus LCMAC202] -> [Alphahydrivirus permafrostis]
  CRR732660_clean_NODE_199_length_2987_cov_2.539068
      Class: [Caudoviricetes] -> [Megaviricetes]
      Genus: [Reynauldvirus] -> [空]
  CRR732660_clean_NODE_269_length_2691_cov_3.205568
      Class: [Caudoviricetes] -> [Megaviricetes]
      Genus: [Haetaevirus] -> [Oceanusvirus]
      Species: [Haetaevirus PBC2] -> [Oceanusvirus sp.*]
  CRR732660_clean_NODE_317_length_2540_cov_1.589640
      Genus: [Biavirus] -> [空]
      Species: [Biavirus raunefjordenense] -> [空]
  CRR732660_clean_NODE_341_length_2488_cov_2.532865
      Species: [Crogonang virus 159] -> [Moumouvirus moumou]
  CRR732660_clean_NODE_349_length_2475_cov_2.470906
      Genus: [Alphahydrivirus] -> [空]
      Species: [Alphahydrivirus permafrostis] -> [空]
  CRR732660_clean_NODE_351_length_2470_cov_20.622241
      Class: [Caudoviricetes] -> [Pokkesviricetes]
  CRR732660_clean_NODE_36_length_4861_cov_6.308639
      Species: [Tupanvirus salinum] -> [Fadolivirus algeromassiliense]
  CRR732660_clean_NODE_372_length_2432_cov_2.164198
      Order: [Imitervirales] -> [空]
      Family: [Mimiviridae] -> [空]
      Genus: [Sarumanvirus] -> [空]
      Species: [Catovirus CTV1] -> [Virus NIOZ-UU157]
  CRR732660_clean_NODE_397_length_2382_cov_3.769563
      Species: [Gammaretrovirus murleu] -> [Gammaretrovirus felleu]
  CRR732660_clean_NODE_399_length_2381_cov_1.327855
      Genus: [Losannavirus] -> [Gammaretrovirus]
  CRR732660_clean_NODE_3_length_8817_cov_3.908893
      Class: [Caudoviricetes] -> [Herviviricetes]
  CRR732660_clean_NODE_4056_length_891_cov_2.783455
      Family: [Mimiviridae] -> [Phycodnaviridae]
  CRR732660_clean_NODE_474_length_2215_cov_3.618826
      Class: [Caudoviricetes] -> [Megaviricetes]
      Genus: [Getseptimavirus] -> [空]
  CRR732660_clean_NODE_501_length_2157_cov_4.466954
      Genus: [Alphahydrivirus] -> [Fadolivirus]
  CRR732660_clean_NODE_517_length_2138_cov_2.720155
      Species: [Torque teno midi virus] -> [Iridovirus armadillidium1]
  CRR732660_clean_NODE_51_length_4315_cov_2.366698
      Order: [Herpesvirales] -> [空]
      Species: [Babylonia areolata herpesvirus] -> [Hemigrapsus takanoi nimavirus]
  CRR732660_clean_NODE_536_length_2106_cov_5.366225
      Family: [Kyanoviridae] -> [Phycodnaviridae]
      Genus: [Vellamovirus] -> [空]
      Species: [Vellamovirus rhodeisland44] -> [空]
  CRR732660_clean_NODE_5785_length_742_cov_2.014859
      Species: [Faunusvirus sp.] -> [空]
  CRR732660_clean_NODE_599_length_2032_cov_4.563423
      Species: [Pandoravirus dulcis] -> [Sylvanvirus sp.]
  CRR732660_clean_NODE_611_length_2021_cov_4.721311
      Genus: [Biavirus] -> [空]
      Species: [Biavirus raunefjordenense] -> [空]
  CRR732660_clean_NODE_667_length_1960_cov_2.514543
      Species: [Chrysophyceae clade H virus] -> [Prasinovirus micromonas]
  CRR732660_clean_NODE_67_length_4044_cov_6.702390
      Species: [Lentivirus humimdef1] -> [Megavirus powaiense]
  CRR732660_clean_NODE_707_length_1918_cov_7.023256
      Species: [Agnivirus brisbanense] -> [Poseidoniales virus]
  CRR732660_clean_NODE_711_length_1916_cov_8.063346
      Species: [Agnivirus brisbanense] -> [Poseidoniales virus]
  CRR732660_clean_NODE_713_length_1916_cov_3.157011
      Species: [Catovirus CTV1] -> [Tupanvirus salinum]
  CRR732660_clean_NODE_767_length_1868_cov_1.540300
      Genus: [Alphacedratvirus] -> [Gammaretrovirus]
      Species: [Gammaretrovirus momursar] -> [IC4 retrovirus]
  CRR732660_clean_NODE_778_length_1857_cov_7.421141
      Species: [Agnivirus brisbanense] -> [Poseidoniales virus]
  CRR732660_clean_NODE_80_length_3777_cov_6.221143
      Species: [Chlorella virus XW01] -> [Rheavirus sinusmexicani]
  CRR732660_clean_NODE_890_length_1772_cov_4.904287
      Genus: [Minunavirus] -> [空]
  CRR732660_clean_NODE_975_length_1712_cov_3.017651
      Genus: [Alphahydrivirus] -> [空]
      Species: [Alphahydrivirus permafrostis] -> [Pithovirus LCPAC104]
  CRR732660_clean_NODE_978_length_1709_cov_1.728049
      Genus: [Wendovervirus] -> [空]
  CRR732660_clean_NODE_988_length_1702_cov_0.846908
      Realm: [Duplodnaviria] -> [Varidnaviria]
      Kingdom: [Heunggongvirae] -> [Bamfordvirae]
      Phylum: [Peploviricota] -> [Nucleocytoviricota]
      Class: [Herviviricetes] -> [Megaviricetes]
      Order: [Herpesvirales] -> [Algavirales]
      Species: [Lymphocryptovirus humangamma4] -> [Chrysochromulina ericina virus]
  CRR732660_clean_NODE_989_length_1701_cov_1.793505
      Order: [Herpesvirales] -> [空]
      Species: [Pandoravirus salinus] -> [Medusavirus sthenus]
  CRR732662_clean_NODE_1012_length_1112_cov_3.198466
      Genus: [Biavirus] -> [空]
      Species: [Biavirus raunefjordenense] -> [Terrestrivirus sp.]
  CRR732662_clean_NODE_116_length_2183_cov_2.399716
      Genus: [Biavirus] -> [Megalocytivirus]
  CRR732662_clean_NODE_2777_length_727_cov_0.922492
      Species: [Varicellovirus cervidalpha2] -> [Avian sarcoma virus 31]
  CRR732662_clean_NODE_375_length_1542_cov_1.775967
      Class: [Caudoviricetes] -> [Megaviricetes]
      Family: [Phycodnaviridae] -> [Peduoviridae]
      Genus: [Prasinovirus] -> [Plazymidvirus]
  CRR732662_clean_NODE_395_length_1526_cov_2.859986
      Species: [Mimivirus LCMiAC01] -> [Megavirus baoshanense]
  CRR732662_clean_NODE_50_length_2808_cov_6.187660
      Species: [Biavirus raunefjordenense] -> [Tethysvirus ontarioense]
  CRR732662_clean_NODE_633_length_1313_cov_2.179260
      Genus: [Biavirus] -> [Marseillevirus]
      Species: [Biavirus raunefjordenense] -> [空]
  CRR732663_clean_NODE_1111_length_1112_cov_3.049856
      Species: [Rat retrovirus SC1] -> [Mammalian gammaretrovirus group]
  CRR732663_clean_NODE_2198_length_850_cov_5.700384
      Species: [Gammaretrovirus momursar] -> [IC4 retrovirus]
  CRR732663_clean_NODE_222_length_1875_cov_2.379845
      Genus: [Moumouvirus] -> [Gammaretrovirus]
  CRR732663_clean_NODE_2571_length_786_cov_1.545328
      Species: [Lymphocryptovirus humangamma4] -> [Betabaculovirus sp.]
  CRR732663_clean_NODE_2798_length_758_cov_1.406386
      Genus: [Alpharetrovirus] -> [Gammaretrovirus]
      Species: [Alpharetrovirus avileu] -> [Gammaretrovirus felleu]
  CRR732663_clean_NODE_294_length_1757_cov_2.321682
      Family: [Poxviridae] -> [Mimiviridae]
      Genus: [Deltaentomopoxvirus] -> [空]
      Species: [Deltaentomopoxvirus msanguinipes] -> [Terrestrivirus sp.]
  CRR732663_clean_NODE_307_length_1744_cov_2.128358
      Genus: [Biavirus] -> [Orthopoxvirus]
  CRR732663_clean_NODE_4633_length_604_cov_1.157009
      Species: [Gammaretrovirus murleu] -> [Gammaretrovirus felleu]
  CRR732663_clean_NODE_697_length_1328_cov_1.470214
      Genus: [Klosneuvirus] -> [Organic Lake phycodnavirus]
      Species: [environmental samples] -> [空]
  CRR891450_clean_NODE_129_length_1397_cov_1.561178
      Species: [Tobamovirus maculacapsici] -> [Fushun virga-like virus 1]
  CRR891450_clean_NODE_167_length_1271_cov_2.361436
      Genus: [Cilevirus] -> [空]
      Species: [Cilevirus passiflorae] -> [空]
  CRR891450_clean_NODE_40_length_2010_cov_3.004646
      Class: [Caudoviricetes] -> [Megaviricetes]
      Species: [Dishui Lake large algae virus 1] -> [Tethysvirus raunefjordenense]
  CRR891450_clean_NODE_537_length_823_cov_2.313333
      Order: [Imitervirales] -> [空]
      Genus: [Biavirus] -> [空]
      Species: [Biavirus raunefjordenense] -> [Litopenaeus vannamei majanivirus Nimav-1_LVa]
  CRR891451_clean_NODE_36_length_1791_cov_44.111758
      Species: [Whispovirus xiabaidian] -> [Phocid orthoreovirus 1]
  CRR891452_clean_NODE_330_length_825_cov_8.695479
      Class: [Naldaviricetes] -> [Chrymotiviricetes]
      Family: [Nimaviridae] -> [Orthototiviridae]
      Genus: [Whispovirus] -> [Totivirus]
      Species: [Whispovirus xiabaidian] -> [Hanko totivirus 4]
  CRR891453_clean_NODE_50_length_1586_cov_3.875744
      Order: [Imitervirales] -> [空]
      Family: [Mimiviridae] -> [空]
  CRR891453_clean_NODE_53_length_1540_cov_1.778459
      Genus: [Biavirus] -> [Chlorovirus]
      Species: [Biavirus raunefjordenense] -> [空]
  CRR891453_clean_NODE_55_length_1538_cov_4.196587
      Family: [Hydriviridae] -> [空]
      Genus: [Alphahydrivirus] -> [空]
      Species: [Alphahydrivirus permafrostis] -> [空]
  CRR891453_clean_NODE_571_length_715_cov_2.155763
      Phylum: [Lenarviricota] -> [Duplornaviricota]
  CRR891453_clean_NODE_73_length_1382_cov_15.745607
      Species: [Chronidysk virus] -> [Qianjiang picobirna-like virus 2]
  CRR891454_clean_NODE_14_length_2305_cov_8.047939
      Family: [Hydriviridae] -> [Mimiviridae]
      Genus: [Alphahydrivirus] -> [空]
      Species: [Alphahydrivirus permafrostis] -> [空]
  CRR891454_clean_NODE_1_length_4951_cov_15.435834
      Species: [Whispovirus xiabaidian] -> [Porcellio scaber clopovirus]
  CRR891454_clean_NODE_23_length_2027_cov_1.922723
      Species: [Lentinula edodes beny-like virus 1-Hunong-1] -> [Benyvirus solibetae]
  CRR891454_clean_NODE_67_length_1375_cov_9.069124
      Species: [Whispovirus xiabaidian] -> [Phocid orthoreovirus 1]
  CRR891454_clean_NODE_76_length_1314_cov_1.143433
      Class: [Caudoviricetes] -> [Megaviricetes]
      Genus: [Polybotosvirus] -> [Heliosvirus]
  CRR891455_clean_NODE_13_length_2202_cov_6.118365
      Family: [Hydriviridae] -> [空]
      Genus: [Alphahydrivirus] -> [空]
      Species: [Alphahydrivirus permafrostis] -> [空]
  CRR891455_clean_NODE_1674_length_525_cov_3.809735
      Kingdom: [Pararnavirae] -> [Shotokuvirae]
      Phylum: [Artverviricota] -> [Cossaviricota]
      Class: [Revtraviricetes] -> [Papovaviricetes]
      Order: [Ortervirales] -> [Zurhausenvirales]
      Family: [Retroviridae] -> [Papillomaviridae]
      Genus: [Simiispumavirus] -> [Human papillomavirus]
      Species: [Bat spumavirus 1] -> [Human papillomavirus types]
  CRR891455_clean_NODE_584_length_740_cov_2.017991
      Species: [Potyvirus sacchari] -> [Potyvirus miscanthi]
  CRR891455_clean_NODE_59_length_1551_cov_2.718539
      Family: [Hydriviridae] -> [空]
      Genus: [Alphahydrivirus] -> [空]
      Species: [Alphahydrivirus permafrostis] -> [空]
  CRR891456_clean_NODE_283_length_893_cov_1.791463
      Class: [Leviviricetes] -> [Amabiliviricetes]
      Species: [Ripastyr virus] -> [Sonafor virus]
  CRR891456_clean_NODE_496_length_735_cov_2.519637
      Realm: [Riboviria] -> [Duplodnaviria]
      Kingdom: [Orthornavirae] -> [Heunggongvirae]
      Class: [Leviviricetes] -> [Caudoviricetes]
  CRR891456_clean_NODE_72_length_1364_cov_4.934160
      Species: [Whispovirus xiabaidian] -> [Porcellio scaber clopovirus]
  CRR891456_clean_NODE_923_length_584_cov_0.829746
      Order: [Stellavirales] -> [空]
      Family: [Astroviridae] -> [空]
      Species: [Sopikyz virus] -> [Sonafor virus]
  SRR15037477_clean_NODE_1350_length_556_cov_29.383023
      Species: [Chrocahess virus] -> [Hanko totivirus 4]
  SRR15037477_clean_NODE_733_length_655_cov_1.135739
      Species: [Lymphocryptovirus humangamma4] -> [Betabaculovirus sp.]
  SRR15037478_clean_NODE_19_length_2111_cov_3.021590
      Genus: [Betacytorhabdovirus] -> [空]
      Species: [Betacytorhabdovirus lycii] -> [Mimiviridae sp. ChoanoV1*]
  SRR15037478_clean_NODE_21_length_2108_cov_0.863391
      Species: [Millipede chuvirus] -> [Metavirus tatarabidopsis]
  SRR15037478_clean_NODE_33_length_1861_cov_0.503915
      Family: [Phycodnaviridae] -> [Mimiviridae]
      Genus: [Chlorovirus] -> [空]
  SRR15037478_clean_NODE_539_length_944_cov_0.671642
      Species: [Qianjiang tymo-like virus 1] -> [Fadolivirus algeromassiliense]
  SRR15037479_clean_NODE_1133_length_654_cov_2.779690
      Order: [Rowavirales] -> [Imitervirales]
      Family: [Adenoviridae] -> [空]
      Species: [environmental samples] -> [空]
  SRR15037479_clean_NODE_2336_length_512_cov_0.831435
      Species: [Dishui Lake phycodnavirus 3] -> [Tethysvirus raunefjordenense]
  SRR15037479_clean_NODE_2431_length_503_cov_0.723256
      Species: [Heliosvirus raunefjordenense] -> [Catovirus CTV1]
  SRR15037479_clean_NODE_25_length_1926_cov_2.574204
      Species: [Chrysophyceae clade H virus] -> [Plazymidvirus ZM41]
  SRR15037480_clean_NODE_11_length_2314_cov_10.625614
      Species: [Micromonas pusilla virus 12T] -> [Megavirus powaiense]
  SRR15037480_clean_NODE_12_length_2312_cov_3.738276
      Genus: [Alphahydrivirus] -> [Tupanvirus]
  SRR15037480_clean_NODE_13_length_2186_cov_4.629437
      Family: [Phycodnaviridae] -> [Mimiviridae]
      Genus: [Chlorovirus] -> [空]
      Species: [Chlorovirus americanus] -> [空]
  SRR15037480_clean_NODE_35_length_1825_cov_2.717466
      Species: [Micromonas commoda virus] -> [Theiavirus salishense]
  SRR15037480_clean_NODE_7_length_2621_cov_4.308870
      Realm: [Riboviria] -> [Duplodnaviria]
      Kingdom: [Orthornavirae] -> [Heunggongvirae]
  SRR15037481_clean_NODE_105_length_1436_cov_13.865737
      Species: [Whispovirus xiabaidian] -> [Hanko totivirus 4]
  SRR15037481_clean_NODE_10_length_2605_cov_4.345577
      Species: [Chrysophyceae clade H virus] -> [Plazymidvirus ZM41]
  SRR15037481_clean_NODE_13_length_2422_cov_3.151980
      Family: [Adenoviridae] -> [Mimiviridae]
      Species: [Megaviridae environmental sample*] -> [空]
  SRR15037481_clean_NODE_15_length_2147_cov_1.759402
      Species: [Flumine picornavirus 3] -> [Alphapithovirus sibericum]
  SRR15037481_clean_NODE_2153_length_547_cov_2.797468
      Species: [Chrocagosk virus] -> [Hanko totivirus 4]
  SRR15037481_clean_NODE_25_length_1877_cov_2.274945
      Species: [Heliosvirus raunefjordenense] -> [Tethysvirus ontarioense]
  SRR15037481_clean_NODE_34_length_1774_cov_2.421517
      Species: [environmental samples] -> [空]
  SRR15037481_clean_NODE_49_length_1678_cov_5.127103
      Family: [Hydriviridae] -> [Mimiviridae]
      Genus: [Alphahydrivirus] -> [空]
      Species: [Coltivirus dermacentoris] -> [空]
  SRR15037481_clean_NODE_58_length_1614_cov_8.950032
      Family: [Hydriviridae] -> [空]
      Genus: [Alphahydrivirus] -> [空]
      Species: [Alphahydrivirus permafrostis] -> [空]
  SRR15037481_clean_NODE_63_length_1602_cov_1.512099
      Genus: [Biavirus] -> [空]
  SRR15037481_clean_NODE_978_length_740_cov_0.581709
      Species: [Lymphocryptovirus humangamma4] -> [Lymphocystivirus micropogonias1]
  SRR15037481_clean_NODE_9_length_2613_cov_2.375197
      Genus: [Chlorovirus] -> [空]
      Species: [Chlorovirus conductrix] -> [Terrestrivirus sp.]
  SRR15037482_clean_NODE_1133_length_614_cov_0.578558
      Class: [Herviviricetes] -> [Naldaviricetes]
      Order: [Herpesvirales] -> [Lefavirales]
      Family: [Orthoherpesviridae] -> [Baculoviridae]
      Genus: [Lymphocryptovirus] -> [Betabaculovirus]
      Species: [Lymphocryptovirus humangamma4] -> [Betabaculovirus sp.]
  SRR15037482_clean_NODE_12_length_1984_cov_1.936159
      Species: [Heliosvirus raunefjordenense] -> [Tethysvirus ontarioense]
  SRR15037482_clean_NODE_227_length_1027_cov_0.882600
      Species: [Chrocacirn virus] -> [Human papillomavirus types]
  SRR15037482_clean_NODE_354_length_914_cov_0.467301
      Species: [Ripastyr virus] -> [Alphabaculovirus hycuneae]
  SRR15037482_clean_NODE_878_length_671_cov_1.879599
      Species: [Qianjiang picobirna-like virus 2] -> [Human papillomavirus types]
  SRR15037482_clean_NODE_919_length_660_cov_2.948893
      Species: [Rhizoctonia solani mitovirus 40] -> [Ripastyr virus]
  SRR15037483_clean_NODE_1479_length_585_cov_0.857422
      Genus: [Immutovirus] -> [Fadolivirus]
  SRR15037483_clean_NODE_1896_length_541_cov_1.044872
      Genus: [Biavirus] -> [Tupanvirus]
  SRR15037483_clean_NODE_20_length_1821_cov_6.449657
      Family: [Hydriviridae] -> [空]
      Genus: [Alphahydrivirus] -> [空]
      Species: [Alphahydrivirus permafrostis] -> [空]
  SRR15037483_clean_NODE_2306_length_504_cov_0.549884
      Species: [Namao virus] -> [Chlorovirus americanus]
  SRR15037483_clean_NODE_24_length_1786_cov_1.389959
      Class: [Caudoviricetes] -> [Megaviricetes]
      Genus: [Polybotosvirus] -> [Heliosvirus]
  SRR15037483_clean_NODE_27_length_1757_cov_6.275534
      Family: [Hydriviridae] -> [空]
      Genus: [Alphahydrivirus] -> [空]
      Species: [Alphahydrivirus permafrostis] -> [空]
  SRR15037483_clean_NODE_758_length_723_cov_0.713846
      Genus: [Theiavirus] -> [Prasinovirus]
  SRR15037494_clean_NODE_34_length_1611_cov_2.021456
      Species: [Mimivirus U306] -> [Megavirus powaiense]
  SRR15037494_clean_NODE_866_length_629_cov_0.651079
      Genus: [Criusvirus] -> [Tupanvirus]
      Species: [Criusvirus kaneoense] -> [Tupanvirus altamarinense]
  SRR15037500_clean_NODE_104_length_1139_cov_0.982176
      Species: [Pithovirus LCPAC304] -> [Alphabaculovirus spexemptae]
  SRR15037500_clean_NODE_201_length_925_cov_0.758216
      Genus: [Scutavirus] -> [空]
  SRR15037501_clean_NODE_15_length_1883_cov_8.435912
      Genus: [Alphahydrivirus] -> [Hokovirus]
      Species: [Alphahydrivirus permafrostis] -> [Hokovirus HKV1*]
  SRR15037501_clean_NODE_86_length_1178_cov_5.213575
      Species: [Faunusvirus sp.] -> [空]
  SRR15037502_clean_NODE_1161_length_587_cov_0.850195
      Species: [Micromonas pusilla virus 12T] -> [Theiavirus salishense]
  SRR15037502_clean_NODE_17_length_1783_cov_5.705848
      Family: [Hydriviridae] -> [空]
      Genus: [Alphahydrivirus] -> [空]
      Species: [Alphahydrivirus permafrostis] -> [空]
  SRR15037502_clean_NODE_510_length_758_cov_0.747445
      Phylum: [Duplornaviricota] -> [Lenarviricota]
      Class: [Chrymotiviricetes] -> [Howeltoviricetes]
      Order: [Ghabrivirales] -> [Cryppavirales]
      Family: [Orthototiviridae] -> [Mitoviridae]
      Genus: [Totivirus] -> [Mitovirus]
      Species: [Totivirus ichi] -> [Mitovirus sp.]
  SRR15037503_clean_NODE_1234_length_556_cov_1.304348
      Genus: [Toursvirus] -> [空]
      Species: [Toursvirus dptv1a] -> [Hyperionvirus sp.]
  SRR15037504_clean_NODE_651_length_699_cov_1.260383
      Genus: [Toursvirus] -> [空]
      Species: [Toursvirus dptv1a] -> [空]
  SRR15037504_clean_NODE_847_length_648_cov_0.521739
      Species: [Chrysophyceae clade H virus] -> [Fadolivirus algeromassiliense]
  SRR15037505_clean_NODE_12_length_2199_cov_2.345249
      Species: [Micromonas commoda virus] -> [Tethysvirus raunefjordenense]
  SRR15037505_clean_NODE_15_length_2102_cov_3.431247
      Genus: [Prasinovirus] -> [空]
      Species: [Prasinovirus micromonas] -> [Mimiviridae sp. ChoanoV1]
  SRR15037505_clean_NODE_20_length_2037_cov_2.605397
      Genus: [Sirevirus] -> [空]
      Species: [Sirevirus lycopersici] -> [空]
  SRR15037505_clean_NODE_293_length_1106_cov_6.783156
      Class: [Amabiliviricetes] -> [Duplopiviricetes]
      Order: [Zurhausenvirales] -> [Durnavirales]
      Family: [Papillomaviridae] -> [Picobirnaviridae]
      Genus: [Human papillomavirus] -> [空]
  SRR15037505_clean_NODE_34_length_1852_cov_2.894885
      Genus: [Pandoravirus] -> [Chlorovirus]
      Species: [Chlorovirus sp.] -> [空]
  SRR15037505_clean_NODE_386_length_1029_cov_13.394351
      Class: [Leviviricetes] -> [Amabiliviricetes]
      Species: [Ripathel virus] -> [Sonafor virus]
  SRR15037505_clean_NODE_40_length_1804_cov_3.355864
      Species: [environmental samples] -> [空]
  SRR15037505_clean_NODE_470_length_978_cov_0.750276
      Genus: [Klosneuvirus] -> [空]
      Species: [Chronaparn virus] -> [Qianjiang picobirna-like virus 2]
  SRR15037505_clean_NODE_60_length_1645_cov_3.341603
      Family: [Hydriviridae] -> [空]
      Genus: [Alphahydrivirus] -> [空]
      Species: [Alphahydrivirus permafrostis] -> [空]
  SRR15037505_clean_NODE_62_length_1636_cov_2.143954
      Species: [Tupanvirus salinum] -> [空]
  SRR15037505_clean_NODE_7_length_2358_cov_2.404376
      Realm: [Riboviria] -> [Duplodnaviria]
      Kingdom: [Orthornavirae] -> [Heunggongvirae]
  SRR15037505_clean_NODE_85_length_1536_cov_0.546138
      Species: [Lycium betacytorhabdovirus 1] -> [Betacytorhabdovirus lycii]
  SRR15037506_clean_NODE_12_length_2105_cov_2.717028
      Genus: [Eurybiavirus] -> [空]
      Species: [Eurybiavirus PHM1] -> [空]
  SRR15037506_clean_NODE_20_length_1953_cov_2.128723
      Species: [Justusliebigvirus PD06] -> [Bathycoccus sp. RCC716 virus 1]
  SRR15037506_clean_NODE_2_length_3018_cov_2.587097
      Class: [Caudoviricetes] -> [Megaviricetes]
      Genus: [Polybotosvirus] -> [Heliosvirus]
  SRR15037506_clean_NODE_437_length_969_cov_1.792411
      Species: [Varicellovirus bovinealpha1] -> [Pandoravirus macleodensis]
  SRR15037506_clean_NODE_55_length_1594_cov_2.225510
      Genus: [Immutovirus] -> [空]
      Species: [Immutovirus immuto] -> [Virus NIOZ-UU157]
  SRR15037506_clean_NODE_61_length_1554_cov_7.767725
      Family: [Hydriviridae] -> [空]
      Genus: [Alphahydrivirus] -> [空]
      Species: [Alphahydrivirus permafrostis] -> [空]
  SRR15037506_clean_NODE_696_length_837_cov_1.441099
      Genus: [Tobamovirus] -> [Human papillomavirus]
  SRR15037506_clean_NODE_747_length_819_cov_0.591153
      Class: [Herviviricetes] -> [Naldaviricetes]
      Order: [Herpesvirales] -> [Lefavirales]
      Family: [Orthoherpesviridae] -> [Baculoviridae]
      Genus: [Lymphocryptovirus] -> [Betabaculovirus]
      Species: [Lymphocryptovirus humangamma4] -> [Betabaculovirus sp.]
  SRR15037506_clean_NODE_763_length_815_cov_0.475741
      Species: [Criusvirus kaneoense] -> [Tupanvirus salinum]
  SRR15037506_clean_NODE_7_length_2265_cov_6.095803
      Species: [environmental samples] -> [空]
  SRR15037506_clean_NODE_84_length_1452_cov_1.480783
      Genus: [Alphahydrivirus] -> [Fadolivirus]
  SRR15037506_clean_NODE_926_length_761_cov_0.992733
      Kingdom: [Orthornavirae] -> [Shotokuvirae]
      Phylum: [Pisuviricota] -> [Cossaviricota]
      Class: [Duplopiviricetes] -> [Papovaviricetes]
      Order: [Durnavirales] -> [Zurhausenvirales]
      Family: [Picobirnaviridae] -> [Papillomaviridae]
      Genus: [Orthopicobirnavirus] -> [Human papillomavirus]
      Species: [Orthopicobirnavirus sp.] -> [Human papillomavirus types]
  SRR17208219_clean_NODE_122_length_1896_cov_0.857926
      Genus: [Pandoravirus] -> [Chlorovirus]
      Species: [Chlorovirus sp.] -> [空]
  SRR17208219_clean_NODE_1570_length_799_cov_3.825069
      Genus: [Tethysvirus] -> [空]
      Species: [Tethysvirus raunefjordenense] -> [Chrysochromulina ericina virus]
  SRR17208219_clean_NODE_1670_length_781_cov_3.591808
      Species: [Tupanvirus altamarinense] -> [Homavirus sp.]
  SRR17208219_clean_NODE_3828_length_554_cov_5.719335
      Species: [Florenciella sp. virus SA1] -> [Terrestrivirus sp.]
  SRR17208219_clean_NODE_69_length_2377_cov_2.457031
      Order: [Chitovirales] -> [Imitervirales]
      Family: [Poxviridae] -> [Schizomimiviridae]
      Species: [Crocodylidpoxvirus nilecrocodilepox] -> [Biavirus raunefjordenense]
  SRR17208220_clean_NODE_1232_length_799_cov_1.841598
      Genus: [Sarumanvirus] -> [空]
      Species: [Sarumanvirus bcepsauron] -> [Virus NIOZ-UU157]
  SRR17208220_clean_NODE_575_length_1071_cov_6.004008
      Class: [Caudoviricetes] -> [Megaviricetes]
  SRR17208221_clean_NODE_337_length_1317_cov_2.421222
      Genus: [Casadabanvirus] -> [空]
  SRR17208221_clean_NODE_59_length_2365_cov_31.421030
      Class: [Caudoviricetes] -> [Megaviricetes]
  SRR17208222_clean_NODE_577_length_1092_cov_7.710500
      Species: [Dishui Lake large algae virus 1] -> [Theiavirus salishense]
  SRR17208223_clean_NODE_550_length_1149_cov_1.433086
      Species: [Badnavirus etainflatheobromae] -> [Badnavirus tessellopolysciatis]
  SRR17208224_clean_NODE_109_length_2077_cov_3.482535
      Species: [environmental samples] -> [空]
  SRR17208224_clean_NODE_129_length_1962_cov_3.205400
      Species: [Punuivirus latens] -> [Metavirus lilii]
  SRR17208224_clean_NODE_3963_length_543_cov_1.604255
      Species: [Marseillevirus sp.] -> [Marseillevirus LCMAC101]
  SRR17208224_clean_NODE_49_length_2630_cov_2.119280
      Species: [Pseudovirus artarabidopsis] -> [Atrato Retro-like virus]
  SRR17208224_clean_NODE_774_length_1040_cov_2.522234
      Species: [Badnavirus etainflatheobromae] -> [Badnavirus tessellocitri]
  SRR17208225_clean_NODE_12_length_4056_cov_10.166457
      Species: [Alphahydrivirus permafrostis] -> [Mitovirus sp.]
  SRR17208225_clean_NODE_1881_length_718_cov_0.953488
      Species: [Soymovirus malvae] -> [Soymovirus maculaglycinis]
  SRR17208226_clean_NODE_10_length_3886_cov_3.201154
      Species: [Punuivirus latens] -> [Metavirus lilii]
  SRR17208226_clean_NODE_315_length_1378_cov_5.096552
      Genus: [Pseudovirus] -> [Caulimovirus]
      Species: [Pseudovirus solani] -> [Caulimovirus sp.]
  SRR17208226_clean_NODE_4_length_5528_cov_3.094775
      Genus: [Pseudovirus] -> [Caulimovirus]
      Species: [Pseudovirus glycinis] -> [Caulimovirus sp.]
  SRR17208228_clean_NODE_1453_length_713_cov_1.328125
      Species: [Faunusvirus sp.] -> [空]
  SRR17208228_clean_NODE_3054_length_531_cov_0.530568
      Species: [Lymphocryptovirus humangamma4] -> [Betabaculovirus sp.]
  SRR17208228_clean_NODE_385_length_1143_cov_6.078505
      Species: [Chrysanthemum yellow edge associated virus 2] -> [Soymovirus malvae]
  SRR17208229_clean_NODE_230_length_1404_cov_4.095417
      Genus: [Pseudovirus] -> [Caulimovirus]
      Species: [Pseudovirus brassicae] -> [Caulimovirus sp.]
  SRR17208229_clean_NODE_3251_length_522_cov_0.759465
      Genus: [Alphaorpheovirus] -> [空]
      Species: [Alphaorpheovirus massiliense] -> [Pithovirus LCPAC302]
  SRR17208230_clean_NODE_2527_length_586_cov_0.481481
      Order: [Pimascovirales] -> [Algavirales]
      Family: [Marseilleviridae] -> [Phycodnaviridae]
      Species: [Marseillevirus LCMAC202] -> [Dishui Lake phycodnavirus 3]
  SRR17208230_clean_NODE_80_length_2079_cov_12.595713
      Species: [Gammacytorhabdovirus lonatis] -> [Gammacytorhabdovirus alphafraxini]
  SRR17208232_clean_NODE_2309_length_598_cov_1.360000
      Species: [Penicillium camemberti virus - GP1] -> [Atrato Retro-like virus]
  SRR17208233_clean_NODE_1769_length_655_cov_1.634021
      Species: [Mirusvirus sp.] -> [Dishui lake phycodnavirus 1]
  SRR17208233_clean_NODE_2138_length_613_cov_1.140741
      Species: [Badnavirus etainflatheobromae] -> [Badnavirus maculapiperis]
  SRR18059512_clean_NODE_109_length_2165_cov_1.836520
      Species: [Coltivirus dermacentoris] -> [Fadolivirus algeromassiliense]
  SRR18059512_clean_NODE_1422_length_988_cov_2.472131
      Order: [Imitervirales] -> [空]
      Family: [Orthoherpesviridae] -> [空]
      Species: [Varicellovirus equidalpha1] -> [Spinunavirus IPP61]
  SRR18059512_clean_NODE_15_length_3519_cov_3.133198
      Genus: [Chlorovirus] -> [空]
      Species: [Chlorovirus americanus] -> [Terrestrivirus sp.]
  SRR18059512_clean_NODE_16_length_3487_cov_3.471880
      Class: [Caudoviricetes] -> [Megaviricetes]
      Genus: [Polybotosvirus] -> [Heliosvirus]
  SRR18059512_clean_NODE_2724_length_763_cov_0.584058
      Species: [Lymphocryptovirus humangamma4] -> [Betabaculovirus sp.]
  SRR18059512_clean_NODE_3042_length_731_cov_2.521277
      Class: [Caudoviricetes] -> [Herviviricetes]
      Genus: [Traversvirus] -> [Cytomegalovirus]
  SRR18059512_clean_NODE_3764_length_669_cov_0.395973
      Realm: [Duplodnaviria] -> [Riboviria]
      Kingdom: [Heunggongvirae] -> [Orthornavirae]
      Phylum: [Peploviricota] -> [Negarnaviricota]
      Class: [Herviviricetes] -> [Bunyaviricetes]
      Order: [Herpesvirales] -> [Hareavirales]
  SRR18059512_clean_NODE_6554_length_532_cov_1.082789
      Genus: [Alphahydrivirus] -> [空]
      Species: [Alphahydrivirus permafrostis] -> [Marseillevirus LCMAC101]
  SRR18059512_clean_NODE_834_length_1216_cov_0.734908
      Species: [Lymphocryptovirus humangamma4] -> [Lymphocystivirus sparus1]
  SRR18059513_clean_NODE_139_length_1853_cov_4.446629
      Genus: [Innesvirus] -> [空]
  SRR18059513_clean_NODE_14_length_3598_cov_18.503262
      Species: [Chrysophyceae clade H virus] -> [Tupanvirus salinum]
  SRR18059513_clean_NODE_216_length_1656_cov_5.630449
      Genus: [Chlorovirus] -> [Mimivirus]
      Species: [Chlorovirus conductrix] -> [Mimivirus AB-566-O17]
  SRR18059513_clean_NODE_2988_length_640_cov_1.222222
      Genus: [Betasclernavirus] -> [Alphavirus]
      Species: [Solanum melongena bastro-like virus] -> [Plasmopara viticola lesion associated alpha-like virus 1]
  SRR18059513_clean_NODE_4324_length_551_cov_2.102510
      Family: [Astroviridae] -> [Togaviridae]
      Genus: [Betasclernavirus] -> [Alphavirus]
      Species: [Solanum melongena bastro-like virus] -> [Plasmopara viticola lesion associated alpha-like virus 1]
  SRR18059513_clean_NODE_4443_length_546_cov_1.463002
      Family: [Astroviridae] -> [Togaviridae]
      Genus: [Betasclernavirus] -> [Alphavirus]
      Species: [Solanum melongena bastro-like virus] -> [Plasmopara viticola lesion associated alpha-like virus 1]
  SRR18059513_clean_NODE_4930_length_525_cov_1.046460
      Family: [Astroviridae] -> [Togaviridae]
      Genus: [Betasclernavirus] -> [Alphavirus]
      Species: [Solanum melongena bastro-like virus] -> [Plasmopara viticola lesion associated alpha-like virus 1]
  SRR18059513_clean_NODE_92_length_2066_cov_1.453086
      Genus: [Mimasvirus] -> [Heliosvirus]
  SRR21888382_clean_NODE_19_length_1414_cov_4.747204
      Family: [Hydriviridae] -> [空]
      Genus: [Alphahydrivirus] -> [空]
      Species: [Alphahydrivirus permafrostis] -> [空]
  SRR21888382_clean_NODE_264_length_621_cov_0.945255
      Species: [Crocidura tanakae nairovirus 1] -> [Atrato Retro-like virus]
  SRR21888382_clean_NODE_4_length_2122_cov_78.071254
      Order: [Pimascovirales] -> [Imitervirales]
      Family: [Pithoviridae] -> [Allomimiviridae]
  SRR21888384_clean_NODE_392_length_524_cov_0.824834
      Species: [Muarterivirus afrigant] -> [Sirevirus maydis]
  SRR21888388_clean_NODE_39_length_690_cov_0.560778
      Species: [Betacoronavirus pandemicum] -> [Sirevirus zeae]
  SRR21888390_clean_NODE_120_length_1442_cov_1.448503
      Species: [Chrysophyceae clade H virus] -> [Alphahydrivirus permafrostis]
  SRR21888390_clean_NODE_2537_length_638_cov_1.391150
      Species: [Sirevirus maydis] -> [Atrato Retro-like virus]
  SRR21888390_clean_NODE_2873_length_611_cov_3.462825
      Genus: [Cotesia vestalis bracovirus] -> [Bracoviriform]
  SRR21888390_clean_NODE_29_length_1800_cov_7.842501
      Genus: [Caeruleovirus] -> [空]
  SRR21888390_clean_NODE_2_length_3285_cov_4.956102
      Genus: [Alphahydrivirus] -> [空]
      Species: [Chrysophyceae clade H virus] -> [carnivorous sponge associated iridovirus]
  SRR21888390_clean_NODE_3088_length_596_cov_1.495220
      Genus: [Proboscivirus] -> [空]
      Species: [Elephant endotheliotropic herpesvirus 2] -> [Marseillevirus LCMAC202]
  SRR21888390_clean_NODE_32_length_1789_cov_4.921911
      Genus: [Pandoravirus] -> [Chlorovirus]
      Species: [Chlorovirus sp.] -> [空]
  SRR21888390_clean_NODE_57_length_1628_cov_11.870096
      Family: [Hydriviridae] -> [空]
      Genus: [Alphahydrivirus] -> [空]
      Species: [Alphahydrivirus permafrostis] -> [空]
  SRR21888390_clean_NODE_62_length_1607_cov_11.060626
      Family: [Hydriviridae] -> [空]
      Genus: [Alphahydrivirus] -> [空]
      Species: [Alphahydrivirus permafrostis] -> [空]
  SRR21888390_clean_NODE_81_length_1532_cov_11.548321
      Family: [Hydriviridae] -> [空]
      Genus: [Alphahydrivirus] -> [空]
      Species: [Alphahydrivirus permafrostis] -> [空]
  SRR21888391_clean_NODE_11_length_2421_cov_4.867973
      Species: [Heliosvirus raunefjordenense] -> [Tethysvirus ontarioense]
  SRR21888391_clean_NODE_2405_length_655_cov_2.376289
      Species: [Qianjiang picobirna-like virus 2] -> [Human papillomavirus types]
  SRR21888391_clean_NODE_38_length_1882_cov_3.737424
      Genus: [Immutovirus] -> [空]
      Species: [Immutovirus immuto] -> [Virus NIOZ-UU157]
  SRR21888391_clean_NODE_4515_length_519_cov_97.569507
      Phylum: [Pisuviricota] -> [Lenarviricota]
      Class: [Pisoniviricetes] -> [Leviviricetes]
  SRR21888391_clean_NODE_904_length_886_cov_6.286593
      Species: [Mastadenovirus exoticum] -> [Haifavirus tim68]
  SRR21888391_clean_NODE_95_length_1523_cov_6.295862
      Family: [Hydriviridae] -> [空]
      Genus: [Alphahydrivirus] -> [空]
      Species: [Alphahydrivirus permafrostis] -> [空]
  SRR21888392_clean_NODE_33_length_1619_cov_2.586028
      Genus: [Pandoravirus] -> [Chlorovirus]
      Species: [Chlorovirus sp.] -> [空]
  SRR21888393_clean_NODE_17_length_1920_cov_3.330265
      Species: [Chrysophyceae clade H virus] -> [Plazymidvirus ZM41]
  SRR21888393_clean_NODE_223_length_952_cov_1.127418
      Species: [Klosneuvirus KNV1] -> [Theiavirus salishense]
  SRR21888396_clean_NODE_7_length_1747_cov_0.425329
      Genus: [Pandoravirus] -> [Chlorovirus]
      Species: [Chlorovirus sp.] -> [空]
  SRR22330848_clean_NODE_282_length_798_cov_0.948966
      Phylum: [Lenarviricota] -> [Pisuviricota]
      Class: [Howeltoviricetes] -> [Duplopiviricetes]
      Order: [Cryppavirales] -> [Durnavirales]
      Family: [Mitoviridae] -> [Picobirnaviridae]
      Species: [Ripashof virus] -> [Qianjiang picobirna-like virus 2]
  SRR22330848_clean_NODE_31_length_1719_cov_1.532199
      Family: [Hydriviridae] -> [空]
      Genus: [Alphahydrivirus] -> [空]
      Species: [Alphahydrivirus permafrostis] -> [空]
  SRR22330848_clean_NODE_46_length_1491_cov_2.421016
      Species: [Micromonas pusilla virus 12T] -> [Tethysvirus raunefjordenense]
  SRR22330848_clean_NODE_62_length_1326_cov_3.444533
      Species: [Bemisia tabaci virga-like virus 2] -> [Insect virga-like virus 1]
  SRR22330852_clean_NODE_17_length_1897_cov_5.138158
      Family: [Hydriviridae] -> [空]
      Genus: [Alphahydrivirus] -> [空]
      Species: [Alphahydrivirus permafrostis] -> [空]
  SRR22330852_clean_NODE_9_length_2235_cov_2.898705
      Family: [Hydriviridae] -> [空]
      Genus: [Alphahydrivirus] -> [空]
      Species: [Alphahydrivirus permafrostis] -> [空]
  SRR22330853_clean_NODE_18_length_1848_cov_1.741972
      Genus: [Theiavirus] -> [空]
      Species: [Theiavirus salishense] -> [Mimiviridae sp. ChoanoV1]
  SRR22330853_clean_NODE_239_length_675_cov_1.079734
      Kingdom: [Orthornavirae] -> [Shotokuvirae]
      Phylum: [Pisuviricota] -> [Cossaviricota]
      Class: [Duplopiviricetes] -> [Papovaviricetes]
      Order: [Durnavirales] -> [Zurhausenvirales]
      Family: [Picobirnaviridae] -> [Papillomaviridae]
      Species: [Qianjiang picobirna-like virus 2] -> [Human papillomavirus types]
  SRR22330853_clean_NODE_35_length_1541_cov_4.749319
      Family: [Hydriviridae] -> [空]
      Genus: [Alphahydrivirus] -> [空]
      Species: [Alphahydrivirus permafrostis] -> [空]
  SRR22742698_clean_NODE_1021_length_1672_cov_5.635397
      Genus: [Alphahydrivirus] -> [空]
      Species: [Alphahydrivirus permafrostis] -> [Hyperionvirus sp.]
  SRR22742698_clean_NODE_1041_length_1664_cov_2.597109
      Species: [Agnivirus brisbanense] -> [Poseidoniales virus]
  SRR22742698_clean_NODE_106_length_3051_cov_11.358630
      Order: [Herpesvirales] -> [Imitervirales]
      Genus: [Alphahydrivirus] -> [空]
      Species: [Otarine gammaherpesvirus 4] -> [Alphahydrivirus permafrostis]
  SRR22742698_clean_NODE_1118_length_1619_cov_1.418499
      Species: [Tupanvirus salinum] -> [空]
  SRR22742698_clean_NODE_135_length_2897_cov_8.377125
      Genus: [Casadabanvirus] -> [空]
      Species: [Casadabanvirus AIIMSPaB1] -> [空]
  SRR22742698_clean_NODE_1390_length_1490_cov_1.432604
      Family: [Orpheoviridae] -> [Mimiviridae]
      Genus: [Alphaorpheovirus] -> [Klosneuvirus]
      Species: [Alphaorpheovirus massiliense] -> [Klosneuvirus KNV1]
  SRR22742698_clean_NODE_144_length_2851_cov_2.587473
      Genus: [Mimasvirus] -> [Heliosvirus]
  SRR22742698_clean_NODE_1464_length_1460_cov_3.004326
      Class: [Caudoviricetes] -> [Megaviricetes]
      Genus: [Marchewkavirus] -> [Cotonvirus]
      Species: [Marchewkavirus domovoi] -> [Cotonvirus japonicum]
  SRR22742698_clean_NODE_1516_length_1437_cov_1.815249
      Genus: [Alphahydrivirus] -> [空]
      Species: [Alphahydrivirus permafrostis] -> [Barrevirus sp.]
  SRR22742698_clean_NODE_1547_length_1428_cov_2.185240
      Family: [Hydriviridae] -> [空]
      Genus: [Alphahydrivirus] -> [空]
      Species: [Alphahydrivirus permafrostis] -> [空]
  SRR22742698_clean_NODE_154_length_2799_cov_3.002935
      Genus: [Megavirus] -> [Gammaretrovirus]
  SRR22742698_clean_NODE_166_length_2733_cov_4.216917
      Genus: [Immutovirus] -> [空]
  SRR22742698_clean_NODE_16_length_4773_cov_39.116809
      Species: [Lymphocryptovirus humangamma4] -> [Pseudovirus zeae]
  SRR22742698_clean_NODE_173_length_2704_cov_3.339795
      Species: [environmental samples] -> [空]
  SRR22742698_clean_NODE_174_length_2703_cov_2.190114
      Order: [Lefavirales] -> [空]
      Family: [Baculoviridae] -> [空]
      Genus: [Alphabaculovirus] -> [Pandoravirus]
      Species: [Alphabaculovirus alterchrincludentis] -> [空]
  SRR22742698_clean_NODE_17_length_4679_cov_3.103778
      Genus: [Biavirus] -> [Theiavirus]
      Species: [Theiavirus salishense] -> [Homavirus sp.]
  SRR22742698_clean_NODE_1804_length_1344_cov_3.480724
      Genus: [Alphahydrivirus] -> [空]
      Species: [Alphahydrivirus permafrostis] -> [空]
  SRR22742698_clean_NODE_181_length_2685_cov_2.018760
      Genus: [Theiavirus] -> [空]
      Species: [Theiavirus salishense] -> [Mimiviridae sp. ChoanoV1*]
  SRR22742698_clean_NODE_192_length_2660_cov_3.495168
      Genus: [Biavirus] -> [空]
  SRR22742698_clean_NODE_232_length_2537_cov_4.350244
      Genus: [Biavirus] -> [空]
      Species: [Biavirus raunefjordenense] -> [空]
  SRR22742698_clean_NODE_236_length_2528_cov_2.426069
      Genus: [Lymphocystivirus] -> [Catovirus]
  SRR22742698_clean_NODE_246_length_2502_cov_1.733635
      Class: [Caudoviricetes] -> [Megaviricetes]
      Genus: [Polybotosvirus] -> [Heliosvirus]
  SRR22742698_clean_NODE_259_length_2485_cov_1.687396
      Genus: [Fadolivirus] -> [Gammaretrovirus]
  SRR22742698_clean_NODE_272_length_2453_cov_1.842017
      Order: [Chitovirales] -> [空]
      Family: [Poxviridae] -> [空]
      Genus: [Centapoxvirus] -> [空]
      Species: [Centapoxvirus microtuspox] -> [空]
  SRR22742698_clean_NODE_27_length_4093_cov_5.349005
      Species: [Jingmenvirus rhipicephali] -> [Chlorovirus heliozoae]
  SRR22742698_clean_NODE_283_length_2434_cov_5.185938
      Genus: [Biavirus] -> [空]
      Species: [Biavirus raunefjordenense] -> [Dasosvirus sp.]
  SRR22742698_clean_NODE_290_length_2418_cov_2.277186
      Species: [Chrysophyceae clade H virus] -> [Tupanvirus salinum]
  SRR22742698_clean_NODE_295_length_2407_cov_3.154670
      Genus: [Chlorovirus] -> [空]
      Species: [Chlorovirus conductrix] -> [Edafosvirus sp.]
  SRR22742698_clean_NODE_351_length_2304_cov_2.368445
      Class: [Caudoviricetes] -> [Naldaviricetes]
      Genus: [Fowlmouthvirus] -> [Alphabaculovirus]
  SRR22742698_clean_NODE_379_length_2257_cov_9.561355
      Species: [Micromonas commoda virus] -> [Tethysvirus raunefjordenense]
  SRR22742698_clean_NODE_382_length_2255_cov_2.821723
      Order: [Algavirales] -> [Pantevenvirales]
      Family: [Phycodnaviridae] -> [Kyanoviridae]
      Genus: [Thornevirus] -> [空]
      Species: [Chlorovirus betanebraskense] -> [Thornevirus SP15]
  SRR22742698_clean_NODE_398_length_2228_cov_6.273782
      Class: [Caudoviricetes] -> [Megaviricetes]
  SRR22742698_clean_NODE_39_length_3785_cov_2.342942
      Genus: [Phaeovirus] -> [Hokovirus]
      Species: [Phaeovirus unasiliculosus] -> [Hokovirus HKV1*]
  SRR22742698_clean_NODE_3_length_6161_cov_4.557654
      Species: [Phaeovirus unasiliculosus] -> [空]
  SRR22742698_clean_NODE_407_length_2207_cov_5.334114
      Species: [Chrysophyceae clade H virus] -> [Plazymidvirus ZM41]
  SRR22742698_clean_NODE_410_length_2202_cov_8.578675
      Genus: [Biavirus] -> [Chlorovirus]
      Species: [Biavirus raunefjordenense] -> [Chlorovirus betanebraskense]
  SRR22742698_clean_NODE_414_length_2197_cov_3.815913
      Genus: [Enterovirus] -> [空]
      Species: [Enterovirus alpharhino] -> [Homavirus sp.]
  SRR22742698_clean_NODE_433_length_2165_cov_1.934990
      Genus: [Biavirus] -> [Kratosvirus]
      Species: [Biavirus raunefjordenense] -> [Kratosvirus quantuckense]
  SRR22742698_clean_NODE_459_length_2137_cov_1.868702
      Class: [Caudoviricetes] -> [Megaviricetes]
      Genus: [Donellivirus] -> [Theiavirus]
      Species: [Donellivirus gee] -> [Theiavirus salishense*]
  SRR22742698_clean_NODE_4_length_5331_cov_62.976417
      Species: [Hemivirus saccharomycetis] -> [Atrato Retro-like virus]
  SRR22742698_clean_NODE_531_length_2044_cov_3.190259
      Genus: [Metavirus] -> [Orthohepacivirus]
  SRR22742698_clean_NODE_573_length_2005_cov_5.069876
      Family: [Hydriviridae] -> [空]
      Genus: [Alphahydrivirus] -> [空]
      Species: [Alphahydrivirus permafrostis] -> [空]
  SRR22742698_clean_NODE_585_length_1996_cov_1.885595
      Genus: [Alpharetrovirus] -> [空]
      Species: [Alpharetrovirus aviY73sar] -> [Harvfovirus sp.]
  SRR22742698_clean_NODE_5_length_5252_cov_6.597992
      Species: [Pseudovirus tabaci] -> [Sylvanvirus sp.]
  SRR22742698_clean_NODE_60_length_3404_cov_1.602222
      Species: [Betaarterivirus americense] -> [Virus NIOZ-UU157]
  SRR22742698_clean_NODE_657_length_1923_cov_10.121081
      Genus: [Chlorovirus] -> [Catovirus]
      Species: [Chlorovirus vanettense] -> [Catovirus CTV1]
  SRR22742698_clean_NODE_74_length_3290_cov_5.663662
      Species: [Mimivirus lagoaense] -> [Hyperionvirus sp.]
  SRR22742698_clean_NODE_777_length_1834_cov_3.070415
      Genus: [Moumouvirus] -> [Gammaretrovirus]
  SRR22742698_clean_NODE_790_length_1828_cov_2.866097
      Genus: [Tethysvirus] -> [空]
      Species: [Tethysvirus hollandense] -> [空]
  SRR22742698_clean_NODE_814_length_1806_cov_3.046163
      Species: [Gammaretrovirus murleu] -> [Gammaretrovirus felleu]
  SRR22742698_clean_NODE_852_length_1785_cov_2.266355
      Genus: [Septuagintavirus] -> [Pandoravirus]
      Species: [Septuagintavirus A73] -> [空]
  SRR22742698_clean_NODE_86_length_3182_cov_9.889997
      Genus: [Chlorovirus] -> [空]
      Species: [Chlorovirus conductrix] -> [Terrestrivirus sp.]
  SRR22742698_clean_NODE_909_length_1742_cov_1.913721
      Species: [Agnivirus brisbanense] -> [Poseidoniales virus]
  SRR22742698_clean_NODE_936_length_1730_cov_1.706699
      Genus: [Megavirus] -> [Gammaretrovirus]
  SRR22742698_clean_NODE_939_length_1726_cov_3.793708
      Genus: [Biavirus] -> [Marseillevirus]
  SRR22742698_clean_NODE_960_length_1713_cov_8.404878
      Family: [Kyanoviridae] -> [Phycodnaviridae]
      Genus: [Leucotheavirus] -> [空]
      Species: [Leucotheavirus sp4] -> [空]
  SRR22742698_clean_NODE_965_length_1710_cov_2.579108
      Species: [Chrysophyceae clade H virus] -> [空]
  SRR22742698_clean_NODE_970_length_1704_cov_61.555487
      Family: [Hydriviridae] -> [空]
      Genus: [Alphahydrivirus] -> [空]
      Species: [Alphahydrivirus permafrostis] -> [空]
  SRR22742698_clean_NODE_997_length_1684_cov_2.568591
      Order: [Algavirales] -> [空]
      Species: [Chlorovirus minnesotense] -> [Inibicvirus 613R3]
  SRR22742698_clean_NODE_99_length_3093_cov_15.268874
      Genus: [Alphahydrivirus] -> [空]
      Species: [Alphahydrivirus permafrostis] -> [空]
  SRR22742700_clean_NODE_11_length_3050_cov_4.327847
      Genus: [Immutovirus] -> [空]
      Species: [Immutovirus immuto] -> [Virus NIOZ-UU157]
  SRR22742700_clean_NODE_351_length_994_cov_0.598263
      Species: [Pseudovirus australiense] -> [Atrato Retro-like virus]
  SRR22742700_clean_NODE_38_length_2138_cov_0.429540
      Class: [Caudoviricetes] -> [Megaviricetes]
      Genus: [Spinunavirus] -> [Tupanvirus]
      Species: [Tupanvirus altamarinense] -> [Spinunavirus IPP61]
  SRR22742700_clean_NODE_63_length_1886_cov_2.079978
      Genus: [Eurybiavirus] -> [空]
      Species: [Eurybiavirus PHM2] -> [空]
  SRR22742700_clean_NODE_78_length_1736_cov_0.344558
      Species: [Tupanvirus altamarinense] -> [Fadolivirus algeromassiliense]
  SRR22742700_clean_NODE_867_length_706_cov_1.630332
      Order: [Imitervirales] -> [空]
      Family: [Mimiviridae] -> [空]
      Genus: [Theiavirus] -> [空]
      Species: [Theiavirus salishense] -> [空]
  SRR22742702_clean_NODE_1067_length_2765_cov_3.226226
      Species: [Megaviridae environmental sample*] -> [空]
  SRR22742702_clean_NODE_1091_length_2743_cov_12.747940
      Species: [Naiavirus sp.] -> [Pithovirus LCPAC202]
  SRR22742702_clean_NODE_113_length_4853_cov_6.241004
      Genus: [Biavirus] -> [Moumouvirus]
      Species: [Biavirus raunefjordenense] -> [Moumouvirus maliense]
  SRR22742702_clean_NODE_12496_length_745_cov_26.312500
      Genus: [Cotesia vestalis bracovirus] -> [Bracoviriform]
  SRR22742702_clean_NODE_1320_length_2576_cov_9.303236
      Genus: [Theiavirus] -> [空]
      Species: [Theiavirus salishense] -> [空]
  SRR22742702_clean_NODE_151_length_4538_cov_11.552744
      Genus: [Alphahydrivirus] -> [空]
      Species: [Alphahydrivirus permafrostis] -> [Harvfovirus sp.]
  SRR22742702_clean_NODE_1530_length_2453_cov_5.060084
      Kingdom: [Bamfordvirae] -> [Orthornavirae]
      Phylum: [Nucleocytoviricota] -> [Pisuviricota]
      Class: [Megaviricetes] -> [Pisoniviricetes]
      Order: [Imitervirales] -> [Nidovirales]
      Family: [Schizomimiviridae] -> [空]
      Genus: [Biavirus] -> [空]
      Species: [Biavirus raunefjordenense] -> [Bemisia tabaci nido-like virus 1]
  SRR22742702_clean_NODE_1749_length_2321_cov_3.794484
      Genus: [Siminovitchvirus] -> [Catovirus]
      Species: [Siminovitchvirus CP51] -> [Catovirus klosterense]
  SRR22742702_clean_NODE_202_length_4255_cov_11.172884
      Kingdom: [Heunggongvirae] -> [Bamfordvirae]
      Phylum: [Peploviricota] -> [Nucleocytoviricota]
      Class: [Herviviricetes] -> [Megaviricetes]
  SRR22742702_clean_NODE_2171_length_2145_cov_5.710425
      Genus: [Alphaorpheovirus] -> [空]
      Species: [Alphaorpheovirus massiliense] -> [Edafosvirus sp.]
  SRR22742702_clean_NODE_2222_length_2127_cov_6.435248
      Genus: [Pandoravirus] -> [Maculavirus]
      Species: [Maculavirus vitis] -> [空]
  SRR22742702_clean_NODE_223_length_4172_cov_8.643816
      Species: [Pandoravirus salinus] -> [Metavirus tatarabidopsis]
  SRR22742702_clean_NODE_227_length_4160_cov_3.709078
      Genus: [Biavirus] -> [Cotonvirus]
      Species: [Biavirus raunefjordenense] -> [Cotonvirus japonicum]
  SRR22742702_clean_NODE_2425_length_2054_cov_5.000000
      Order: [Picornavirales] -> [Imitervirales]
  SRR22742702_clean_NODE_254_length_4056_cov_15.205373
      Species: [Pandoravirus belohorizontensis] -> [Biavirus raunefjordenense]
  SRR22742702_clean_NODE_25_length_6137_cov_21.249505
      Phylum: [Uroviricota] -> [Preplasmiviricota]
      Class: [Caudoviricetes] -> [Pharingeaviricetes]
      Genus: [Donellivirus] -> [Organic Lake phycodnavirus]
      Species: [Donellivirus gee] -> [空]
  SRR22742702_clean_NODE_2617_length_1994_cov_5.109318
      Genus: [Alphahydrivirus] -> [空]
      Species: [Alphahydrivirus permafrostis] -> [Barrevirus sp.]
  SRR22742702_clean_NODE_2783_length_1946_cov_8.876135
      Genus: [Playavirus] -> [空]
  SRR22742702_clean_NODE_3120_length_1854_cov_2.725435
      Genus: [Metavirus] -> [Orthohepacivirus]
  SRR22742702_clean_NODE_3171_length_1843_cov_4.358757
      Genus: [Nitunavirus] -> [Fadolivirus]
      Species: [Nitunavirus NIT1] -> [Satyrvirus sp.*]
  SRR22742702_clean_NODE_3342_length_1797_cov_2.571346
      Species: [Chrysophyceae clade H virus] -> [Chlorovirus americanus]
  SRR22742702_clean_NODE_3628_length_1725_cov_1.542373
      Order: [Lefavirales] -> [空]
      Family: [Baculoviridae] -> [空]
      Genus: [Godonkavirus] -> [Pandoravirus]
      Species: [Alphabaculovirus oxochraceae] -> [空]
  SRR22742702_clean_NODE_373_length_3713_cov_14.981319
      Genus: [Biavirus] -> [空]
      Species: [Biavirus raunefjordenense] -> [Berere partitivirus]
  SRR22742702_clean_NODE_3823_length_1678_cov_9.130841
      Genus: [Alphacedratvirus] -> [Megavirus]
      Species: [Alphacedratvirus brasiliense] -> [Megavirus sp.]
  SRR22742702_clean_NODE_386_length_3662_cov_10.765952
      Order: [Lefavirales] -> [Imitervirales]
      Family: [Baculoviridae] -> [空]
      Genus: [Alphabaculovirus] -> [空]
      Species: [Alphabaculovirus peluscae] -> [空]
  SRR22742702_clean_NODE_39_length_5798_cov_5.325764
      Order: [Pimascovirales] -> [空]
      Genus: [Lymphocystivirus] -> [空]
      Species: [Lymphocystivirus micropogonias1] -> [Hemigrapsus takanoi nimavirus]
  SRR22742702_clean_NODE_405_length_3627_cov_3.243950
      Genus: [Tethysvirus] -> [空]
      Species: [Tethysvirus ontarioense] -> [Marseillevirus LCMAC102]
  SRR22742702_clean_NODE_489_length_3447_cov_3.479846
      Species: [Orthonairovirus tomdiense] -> [Megavirus chilense]
  SRR22742702_clean_NODE_5306_length_1411_cov_2.490284
      Species: [Alphaorpheovirus massiliense] -> [Tupanvirus salinum]
  SRR22742702_clean_NODE_571_length_3317_cov_7.988903
      Family: [Marseilleviridae] -> [Poxviridae]
      Species: [Marseillevirus LCMAC202] -> [Finch poxvirus]
  SRR22742702_clean_NODE_576_length_3312_cov_37.692189
      Species: [Pseudovirus nicotianae] -> [Atrato Retro-like virus]
  SRR22742702_clean_NODE_577_length_3311_cov_6.706300
      Genus: [Medusavirus] -> [Alphabaculovirus]
  SRR22742702_clean_NODE_590_length_3290_cov_9.013677
      Genus: [Tethysvirus] -> [空]
      Species: [Tethysvirus hollandense] -> [Edafosvirus sp.]
  SRR22742702_clean_NODE_59_length_5517_cov_23.936811_self_circular
      Species: [Percavirus equidgamma5] -> [Pseudovirus tabaci]
  SRR22742702_clean_NODE_6593_length_1236_cov_0.768702
      Species: [Pseudovirus australiense] -> [Atrato Retro-like virus]
  SRR22742702_clean_NODE_677_length_3186_cov_4.003855
      Class: [Caudoviricetes] -> [Herviviricetes]
      Family: [Orthoherpesviridae] -> [Zimmerviridae]
      Genus: [Simplexvirus] -> [Lambdavirus]
      Species: [Simplexvirus humanalpha1] -> [Lambdavirus DE3]
  SRR22742702_clean_NODE_689_length_3176_cov_6.252336
      Species: [Alphahydrivirus permafrostis] -> [Sylvanvirus sp.]
  SRR22742702_clean_NODE_749_length_3097_cov_14.737434
      Genus: [Biavirus] -> [空]
      Species: [Biavirus raunefjordenense] -> [Marseillevirus LCMAC202]
  SRR22742702_clean_NODE_78_length_5257_cov_7.073302
      Family: [Astroviridae] -> [Mimiviridae]
      Genus: [Mamastrovirus] -> [Tupanvirus]
  SRR22742702_clean_NODE_832_length_2991_cov_5.103838
      Genus: [Kaohsiungvirus] -> [空]
      Species: [environmental samples] -> [空]
  SRR22742702_clean_NODE_893_length_2934_cov_14.265991
      Genus: [Circovirus] -> [空]
      Species: [Circovirus ratpenat] -> [Terrestrivirus sp.]
  SRR22742703_clean_NODE_102_length_5463_cov_9.445640
      Order: [Pimascovirales] -> [空]
      Family: [Marseilleviridae] -> [空]
  SRR22742703_clean_NODE_1045_length_3079_cov_12.753493
      Class: [Caudoviricetes] -> [Megaviricetes]
      Genus: [Natevirus] -> [Tupanvirus]
      Species: [Natevirus nate] -> [空]
  SRR22742703_clean_NODE_1068_length_3060_cov_25.936056
      Species: [Pandoravirus dulcis] -> [Moumouvirus goulettemassiliense]
  SRR22742703_clean_NODE_10711_length_898_cov_2.175758
      Family: [Marseilleviridae] -> [Phycodnaviridae]
      Species: [Marseillevirus LCMAC202] -> [空]
  SRR22742703_clean_NODE_1086_length_3044_cov_27.297543
      Kingdom: [Shotokuvirae] -> [Bamfordvirae]
      Phylum: [Commensaviricota] -> [Nucleocytoviricota]
      Class: [Cardeaviricetes] -> [Megaviricetes]
      Order: [Sanitavirales] -> [Imitervirales]
      Family: [Anelloviridae] -> [Mimiviridae]
      Genus: [Betatorquevirus] -> [Fadolivirus]
      Species: [Betatorquevirus homini36] -> [Fadolivirus algeromassiliense]
  SRR22742703_clean_NODE_1094_length_3041_cov_23.779650
      Family: [Iridoviridae] -> [Mimiviridae]
      Genus: [Iridovirus] -> [空]
      Species: [Iridovirus armadillidium1] -> [空]
  SRR22742703_clean_NODE_1105_length_3035_cov_2.500675
      Species: [Penicillium camemberti virus - GP1] -> [Atrato Retro-like virus]
  SRR22742703_clean_NODE_11124_length_868_cov_1.656604
      Species: [environmental samples] -> [空]
  SRR22742703_clean_NODE_1115_length_3020_cov_14.118426
      Genus: [Theiavirus] -> [空]
      Species: [Micromonas commoda virus] -> [Guapo partitivirus]
  SRR22742703_clean_NODE_1142_length_2996_cov_4.346562
      Family: [Mesomimiviridae] -> [Phycodnaviridae]
      Genus: [Tethysvirus] -> [空]
      Species: [Tethysvirus raunefjordenense] -> [空]
  SRR22742703_clean_NODE_116_length_5284_cov_11.450777
      Genus: [Alphaorpheovirus] -> [空]
      Species: [Alphaorpheovirus massiliense] -> [Otarine gammaherpesvirus 4]
  SRR22742703_clean_NODE_125_length_5251_cov_7.292391
      Species: [Pseudovirus nicotianae] -> [Atrato Retro-like virus]
  SRR22742703_clean_NODE_1299_length_2870_cov_6.644977
      Genus: [Fadolivirus] -> [Catovirus]
      Species: [Fadolivirus algeromassiliense] -> [Catovirus CTV1]
  SRR22742703_clean_NODE_1360_length_2825_cov_26.298692
      Genus: [Tupanvirus] -> [空]
      Species: [Dishui Lake large algae virus 1] -> [Berere partitivirus]
  SRR22742703_clean_NODE_1397_length_2796_cov_10.586118
      Genus: [Fadolivirus] -> [Coccolithovirus]
      Species: [Fadolivirus algeromassiliense] -> [空]
  SRR22742703_clean_NODE_1398_length_2795_cov_11.401543
      Order: [Algavirales] -> [空]
      Family: [Phycodnaviridae] -> [空]
      Genus: [Prasinovirus] -> [空]
      Species: [Prasinovirus micromonas] -> [空]
  SRR22742703_clean_NODE_1407_length_2790_cov_9.050423
      Species: [Pandoravirus salinus] -> [Tupanvirus salinum]
  SRR22742703_clean_NODE_141_length_5151_cov_43.517330
      Class: [Caudoviricetes] -> [Megaviricetes]
      Genus: [Spbetavirus] -> [Indivirus]
      Species: [Spbetavirus SPbeta] -> [Indivirus ILV1*]
  SRR22742703_clean_NODE_1436_length_2767_cov_13.259094
      Class: [Caudoviricetes] -> [Arfiviricetes]
  SRR22742703_clean_NODE_1519_length_2713_cov_2.523106
      Species: [Alphabaculovirus oxochraceae] -> [Prasinovirus micromonas]
  SRR22742703_clean_NODE_151_length_5080_cov_33.432195
      Genus: [Mengvirus] -> [空]
  SRR22742703_clean_NODE_1587_length_2670_cov_17.850212
      Genus: [Clandestinovirus] -> [空]
  SRR22742703_clean_NODE_172_length_4967_cov_10.236208
      Species: [Rhinolophus ferrumequinum papillomavirus 2] -> [Tupanvirus altamarinense]
  SRR22742703_clean_NODE_1787_length_2566_cov_13.067389
      Genus: [Biavirus] -> [空]
      Species: [Tupanvirus altamarinense] -> [Guapo partitivirus]
  SRR22742703_clean_NODE_187_length_4861_cov_13.503759
      Species: [Pseudovirus brassicae] -> [Atrato Retro-like virus]
  SRR22742703_clean_NODE_189_length_4831_cov_33.170870
      Species: [Alphacedratvirus aljazairmassiliense] -> [Alphacedratvirus brasiliense]
  SRR22742703_clean_NODE_1976_length_2466_cov_15.347263
      Species: [Bossavirus delphinidgamma1] -> [Patagivirus vespertilionidgamma3]
  SRR22742703_clean_NODE_1998_length_2457_cov_18.674077
      Family: [Poxviridae] -> [Mimiviridae]
      Genus: [Epsilonentomopoxvirus] -> [空]
      Species: [Epsilonentomopoxvirus dlongicaudata] -> [空]
  SRR22742703_clean_NODE_201_length_4779_cov_17.828304
      Genus: [Rheavirus] -> [空]
  SRR22742703_clean_NODE_2048_length_2431_cov_84.212468
      Order: [Imitervirales] -> [Rowavirales]
      Genus: [Biavirus] -> [空]
      Species: [Biavirus raunefjordenense] -> [空]
  SRR22742703_clean_NODE_206_length_4736_cov_17.770320
      Species: [Tupanvirus altamarinense] -> [Terrestrivirus sp.]
  SRR22742703_clean_NODE_2113_length_2402_cov_5.603693
      Species: [Wuhan sharpbelly picornavirus 1] -> [Alphacedratvirus brasiliense]
  SRR22742703_clean_NODE_2318_length_2312_cov_195.627066
      Species: [Marseillevirus LCMAC201] -> [Alphahydrivirus permafrostis]
  SRR22742703_clean_NODE_2409_length_2272_cov_3.689404
      Phylum: [Uroviricota] -> [Nucleocytoviricota]
      Class: [Caudoviricetes] -> [Megaviricetes]
      Order: [Rowavirales] -> [空]
      Family: [Adenoviridae] -> [空]
      Genus: [Donellivirus] -> [空]
      Species: [Donellivirus gee] -> [空]
  SRR22742703_clean_NODE_247_length_4574_cov_27.909353
      Order: [Herpesvirales] -> [Pantevenvirales]
      Family: [Orthoherpesviridae] -> [Kyanoviridae]
      Genus: [Quwivirus] -> [Serangoonvirus]
      Species: [Quwivirus caviidbeta2] -> [Serangoonvirus essarone]
  SRR22742703_clean_NODE_2525_length_2232_cov_9.796202
      Phylum: [Uroviricota] -> [Nucleocytoviricota]
      Class: [Caudoviricetes] -> [Megaviricetes]
      Genus: [Eurybiavirus] -> [Megavirus]
      Species: [Eurybiavirus PHM1] -> [空]
  SRR22742703_clean_NODE_253_length_4531_cov_8.783311
      Genus: [Capripoxvirus] -> [空]
      Species: [Capripoxvirus lumpyskinpox] -> [Pithovirus LCPAC304]
  SRR22742703_clean_NODE_2567_length_2216_cov_117.660289
      Genus: [Alphahydrivirus] -> [Klosneuvirus]
      Species: [Alphahydrivirus permafrostis] -> [Klosneuvirus KNV1*]
  SRR22742703_clean_NODE_2655_length_2186_cov_12.954094
      Order: [Algavirales] -> [空]
      Family: [Phycodnaviridae] -> [空]
      Genus: [Pleeduovirus] -> [空]
  SRR22742703_clean_NODE_306_length_4333_cov_18.097183
      Species: [Cytomegalovirus humanbeta5] -> [Fadolivirus algeromassiliense]
  SRR22742703_clean_NODE_3089_length_2049_cov_14.607794
      Genus: [Donellivirus] -> [Cotonvirus]
  SRR22742703_clean_NODE_3131_length_2033_cov_36.505102
      Family: [Hydriviridae] -> [Mimiviridae]
      Genus: [Alphahydrivirus] -> [空]
      Species: [Alphahydrivirus permafrostis] -> [空]
  SRR22742703_clean_NODE_3155_length_2025_cov_17.957992
      Order: [Lefavirales] -> [Pimascovirales]
      Family: [Baculoviridae] -> [Iridoviridae]
      Species: [Alphabaculovirus pastagnalis] -> [Iridovirus armadillidium1]
  SRR22742703_clean_NODE_3212_length_2010_cov_21.173464
      Species: [Hokovirus HKV1] -> [Fadolivirus algeromassiliense]
  SRR22742703_clean_NODE_322_length_4276_cov_20.111587
      Species: [environmental samples] -> [空]
  SRR22742703_clean_NODE_3238_length_2002_cov_7.211509
      Species: [environmental samples] -> [空]
  SRR22742703_clean_NODE_33_length_6362_cov_14.042137
      Order: [Algavirales] -> [空]
      Family: [Phycodnaviridae] -> [空]
  SRR22742703_clean_NODE_3478_length_1935_cov_6.619764
      Order: [Pimascovirales] -> [空]
      Family: [Pithoviridae] -> [空]
  SRR22742703_clean_NODE_3559_length_1914_cov_2.489408
      Species: [Biavirus raunefjordenense] -> [空]
  SRR22742703_clean_NODE_355_length_4176_cov_40.652937
      Family: [Schizomimiviridae] -> [空]
      Genus: [Biavirus] -> [空]
      Species: [Biavirus raunefjordenense] -> [Bemisia tabaci nido-like virus 1]
  SRR22742703_clean_NODE_3596_length_1906_cov_69.698309
      Genus: [Biavirus] -> [Kratosvirus]
      Species: [Biavirus raunefjordenense] -> [Kratosvirus quantuckense]
  SRR22742703_clean_NODE_3653_length_1892_cov_33.582738
      Order: [Algavirales] -> [Pantevenvirales]
      Family: [Phycodnaviridae] -> [空]
      Genus: [Chlorovirus] -> [空]
      Species: [Chlorovirus americanus] -> [空]
  SRR22742703_clean_NODE_3929_length_1828_cov_13.403419
      Species: [Theiavirus salishense] -> [Fadolivirus algeromassiliense]
  SRR22742703_clean_NODE_3937_length_1827_cov_7.848917
      Family: [Schizomimiviridae] -> [Mimiviridae]
      Genus: [Biavirus] -> [Hokovirus]
      Species: [Biavirus raunefjordenense] -> [Hokovirus HKV1*]
  SRR22742703_clean_NODE_39_length_6212_cov_19.578596
      Genus: [Immutovirus] -> [空]
      Species: [Immutovirus immuto] -> [Virus NIOZ-UU157]
  SRR22742703_clean_NODE_4105_length_1782_cov_2.389702
      Species: [Orthohepacivirus hominis] -> [Atrato Retro-like virus]
  SRR22742703_clean_NODE_4416_length_1718_cov_6.058967
      Genus: [Maaswegvirus] -> [Catovirus]
      Species: [Maaswegvirus Kp24] -> [Catovirus klosterense]
  SRR22742703_clean_NODE_4589_length_1682_cov_5.353014
      Species: [Yunnan shrew muarterivirus 1] -> [Bradybaena similaris medionivirus]
  SRR22742703_clean_NODE_477_length_3886_cov_34.683189
      Species: [Lentivirus humimdef1] -> [Betaentomopoxvirus crosaceana]
  SRR22742703_clean_NODE_4785_length_1644_cov_12.777849
      Species: [Otarine gammaherpesvirus 4] -> [Mimivirus lagoaense]
  SRR22742703_clean_NODE_493_length_3858_cov_2.631176
      Order: [Pimascovirales] -> [空]
      Family: [Pithoviridae] -> [空]
  SRR22742703_clean_NODE_54_length_5948_cov_104.246298
      Genus: [Fukuivirus] -> [空]
      Species: [Fukuivirus LMM01] -> [空]
  SRR22742703_clean_NODE_5658_length_1486_cov_5.803963
      Genus: [Moumouvirus] -> [Catovirus]
      Species: [Moumouvirus moumou] -> [Catovirus CTV1]
  SRR22742703_clean_NODE_58_length_5894_cov_76.777358
      Family: [Adenoviridae] -> [Mimiviridae]
      Species: [Megaviridae environmental sample*] -> [空]
  SRR22742703_clean_NODE_6040_length_1426_cov_14.637103
      Genus: [Tupanvirus] -> [空]
      Species: [Tupanvirus salinum] -> [Mimiviridae sp. ChoanoV1*]
  SRR22742703_clean_NODE_605_length_3631_cov_11.969646
      Species: [Galvornvirus isengard] -> [Biavirus raunefjordenense]
  SRR22742703_clean_NODE_659_length_3562_cov_9.868730
      Species: [Chrysophyceae clade H virus] -> [Alphabaculovirus oxochraceae]
  SRR22742703_clean_NODE_673_length_3536_cov_16.752815
      Genus: [Tethysvirus] -> [空]
      Species: [Tethysvirus hollandense] -> [Guapo partitivirus]
  SRR22742703_clean_NODE_725_length_3456_cov_2.660361
      Family: [Adenoviridae] -> [Mimiviridae]
      Species: [Megaviridae environmental sample*] -> [空]
  SRR22742703_clean_NODE_738_length_3438_cov_8.564933
      Class: [Caudoviricetes] -> [Megaviricetes]
      Genus: [Pandoravirus] -> [空]
  SRR22742703_clean_NODE_739_length_3437_cov_25.175981
      Genus: [Mimivirus] -> [Gammaretrovirus]
  SRR22742703_clean_NODE_7405_length_1233_cov_2.134483
      Species: [Parapoxvirus reddeerpox] -> [空]
  SRR22742703_clean_NODE_771_length_3403_cov_9.513814
      Class: [Caudoviricetes] -> [Megaviricetes]
      Genus: [Plotvirus] -> [空]
      Species: [Chlorella virus XW01] -> [Plotvirus plot]
  SRR22742703_clean_NODE_793_length_3365_cov_8.450790
      Genus: [Fadolivirus] -> [Orthohepacivirus]
  SRR22742703_clean_NODE_79_length_5658_cov_7.249060
      Species: [Pinela virus] -> [Pseudovirus nicotianae]
  SRR22742703_clean_NODE_8001_length_1158_cov_1.670046
      Family: [Poxviridae] -> [Mimiviridae]
  SRR22742703_clean_NODE_860_length_3295_cov_32.713222
      Class: [Caudoviricetes] -> [Megaviricetes]
  SRR22742703_clean_NODE_913_length_3226_cov_14.308278
      Class: [Caudoviricetes] -> [Megaviricetes]
      Genus: [Reynauldvirus] -> [空]
  SRR22742703_clean_NODE_9179_length_1032_cov_6.700730
      Family: [Mimiviridae] -> [Schizomimiviridae]
      Species: [Kratosvirus quantuckense] -> [Homavirus sp.]
  SRR22742703_clean_NODE_919_length_3220_cov_5.323165
      Genus: [Donellivirus] -> [空]
      Species: [Donellivirus gee] -> [Mimiviridae sp. ChoanoV1]
  SRR22742703_clean_NODE_931_length_3210_cov_55.014345
      Class: [Caudoviricetes] -> [Revtraviricetes]
  SRR22742703_clean_NODE_96_length_5510_cov_18.929741
      Genus: [Phikzvirus] -> [Pawinskivirus]
  SRR22742703_clean_NODE_980_length_3155_cov_20.995782
      Species: [Sicyoidochytrium minutum DNA virus] -> [Coccolithovirus huxleyi]
  SRR22742705_clean_NODE_18_length_2391_cov_0.384814
      Class: [Caudoviricetes] -> [Megaviricetes]
      Genus: [Spinunavirus] -> [Tupanvirus]
      Species: [Tupanvirus altamarinense] -> [Spinunavirus IPP61]
  SRR22742705_clean_NODE_367_length_1069_cov_0.698795
      Species: [Pseudovirus nicotianae] -> [Sylvanvirus sp.]
  SRR22742705_clean_NODE_52_length_1929_cov_1.744073
      Genus: [Eurybiavirus] -> [空]
      Species: [Eurybiavirus PHM1] -> [空]
  SRR23107135_clean_NODE_10064_length_1619_cov_2.490298
      Genus: [Metavirus] -> [空]
      Species: [Metavirus osvaldi] -> [Trachysalambria curvirostris nimavirus]
  SRR23107135_clean_NODE_1024_length_3322_cov_8.149584
      Species: [Criusvirus kaneoense] -> [Chlorovirus conductrix]
  SRR23107135_clean_NODE_10268_length_1606_cov_2.750163
      Species: [Catovirus CTV1] -> [Fadolivirus algeromassiliense]
  SRR23107135_clean_NODE_10279_length_1605_cov_2.272846
      Order: [Imitervirales] -> [空]
      Family: [Mimiviridae] -> [空]
      Genus: [Fadolivirus] -> [空]
      Species: [Fadolivirus algeromassiliense] -> [空]
  SRR23107135_clean_NODE_1029_length_3319_cov_3.209181
      Family: [Pithoviridae] -> [Schizomimiviridae]
      Genus: [Alphacedratvirus] -> [空]
      Species: [Alphacedratvirus brasiliense] -> [Mimiviridae sp. ChoanoV1*]
  SRR23107135_clean_NODE_10456_length_1593_cov_65.421711
      Genus: [Alphahydrivirus] -> [Hokovirus]
      Species: [Orthopestivirus bovis] -> [Hokovirus HKV1*]
  SRR23107135_clean_NODE_11137_length_1553_cov_17.845946
      Genus: [Alphahydrivirus] -> [Hokovirus]
      Species: [Orthopestivirus bovis] -> [Hokovirus HKV1*]
  SRR23107135_clean_NODE_11229_length_1549_cov_4.054878
      Genus: [Pandoravirus] -> [空]
  SRR23107135_clean_NODE_11531_length_1532_cov_10.244688
      Genus: [Biavirus] -> [Theiavirus]
      Species: [Biavirus raunefjordenense] -> [Theiavirus salishense]
  SRR23107135_clean_NODE_11545_length_1531_cov_14.795610
      Class: [Caudoviricetes] -> [Megaviricetes]
  SRR23107135_clean_NODE_11837_length_1517_cov_3.393352
      Genus: [Tupanvirus] -> [空]
      Species: [Tupanvirus salinum] -> [Marseillevirus LCMAC201]
  SRR23107135_clean_NODE_12013_length_1507_cov_3.878661
      Genus: [Phaeovirus] -> [空]
      Species: [Phaeovirus unasiliculosus] -> [Marseillevirus LCMAC201]
  SRR23107135_clean_NODE_12666_length_1473_cov_104.187143
      Genus: [Alphahydrivirus] -> [Hokovirus]
      Species: [Orthopestivirus bovis] -> [Hokovirus HKV1*]
  SRR23107135_clean_NODE_12822_length_1466_cov_1.456569
      Genus: [Chlorovirus] -> [空]
      Species: [environmental samples] -> [空]
  SRR23107135_clean_NODE_1298_length_3120_cov_12.599606
      Genus: [Alphahydrivirus] -> [空]
      Species: [Alphahydrivirus permafrostis] -> [空]
  SRR23107135_clean_NODE_1326_length_3102_cov_5.924397
      Species: [Alphabaculovirus oxochraceae] -> [Alphabaculovirus chomurinanae]
  SRR23107135_clean_NODE_13345_length_1438_cov_28.203663
      Family: [Hydriviridae] -> [空]
      Genus: [Alphahydrivirus] -> [空]
      Species: [Alphahydrivirus permafrostis] -> [空]
  SRR23107135_clean_NODE_1345_length_3089_cov_6.588196
      Genus: [Tupanvirus] -> [Oceanusvirus]
      Species: [Tupanvirus altamarinense] -> [Oceanusvirus sp.*]
  SRR23107135_clean_NODE_13682_length_1422_cov_2.583395
      Genus: [Phaeovirus] -> [Hokovirus]
      Species: [Phaeovirus unasiliculosus] -> [Terrestrivirus sp.]
  SRR23107135_clean_NODE_14598_length_1382_cov_1.656226
      Class: [Caudoviricetes] -> [Megaviricetes]
  SRR23107135_clean_NODE_1465_length_3022_cov_5.207528
      Genus: [Phaeovirus] -> [空]
      Species: [Phaeovirus unasiliculosus] -> [Terrestrivirus sp.]
  SRR23107135_clean_NODE_14775_length_1374_cov_3.212913
      Species: [Moumouvirus australiense] -> [Terrestrivirus sp.]
  SRR23107135_clean_NODE_1479_length_3014_cov_13.436926
      Genus: [Chlorovirus] -> [空]
      Species: [Chlorovirus americanus] -> [Terrestrivirus sp.]
  SRR23107135_clean_NODE_15122_length_1359_cov_4.133748
      Species: [environmental samples] -> [空]
  SRR23107135_clean_NODE_15368_length_1349_cov_2.758621
      Order: [Pantevenvirales] -> [Pimascovirales]
      Family: [Kyanoviridae] -> [Marseilleviridae]
      Genus: [Serangoonvirus] -> [空]
      Species: [Serangoonvirus essarone] -> [空]
  SRR23107135_clean_NODE_15578_length_1341_cov_5.366719
      Species: [Orthopestivirus bovis] -> [Pandoravirus salinus]
  SRR23107135_clean_NODE_15732_length_1335_cov_2.645800
      Genus: [Fadolivirus] -> [空]
      Species: [Fadolivirus algeromassiliense] -> [Marseillevirus LCMAC201]
  SRR23107135_clean_NODE_157_length_5487_cov_18.363687
      Family: [Iridoviridae] -> [Schizomimiviridae]
      Genus: [Chloriridovirus] -> [空]
      Species: [Chloriridovirus simulium1] -> [空]
  SRR23107135_clean_NODE_15820_length_1331_cov_10.494436
      Genus: [Iltovirus] -> [Mimivirus]
      Species: [Iltovirus cacatuidalpha2] -> [Mimivirus AB-566-O17]
  SRR23107135_clean_NODE_1618_length_2945_cov_3.046309
      Genus: [Serangoonvirus] -> [Prasinovirus]
      Species: [Serangoonvirus essarone] -> [空]
  SRR23107135_clean_NODE_162_length_5468_cov_4.870436
      Kingdom: [Heunggongvirae] -> [Bamfordvirae]
      Phylum: [Peploviricota] -> [Nucleocytoviricota]
      Species: [Pandoravirus belohorizontensis] -> [Alphabaculovirus myunipunctae]
  SRR23107135_clean_NODE_16516_length_1304_cov_4.367994
      Genus: [Phaeovirus] -> [空]
      Species: [Phaeovirus unasiliculosus] -> [Marseillevirus LCMAC101]
  SRR23107135_clean_NODE_1654_length_2926_cov_10.071153
      Genus: [Alphahydrivirus] -> [空]
      Species: [Alphahydrivirus permafrostis] -> [Naiavirus sp.]
  SRR23107135_clean_NODE_17472_length_1270_cov_3.261487
      Species: [Megaviridae environmental sample*] -> [空]
  SRR23107135_clean_NODE_17539_length_1268_cov_3.345607
      Genus: [Tethysvirus] -> [Theiavirus]
      Species: [Tethysvirus ontarioense] -> [Theiavirus salishense*]
  SRR23107135_clean_NODE_1757_length_2881_cov_4.194444
      Class: [Caudoviricetes] -> [Megaviricetes]
      Genus: [Polybotosvirus] -> [Heliosvirus]
  SRR23107135_clean_NODE_1820_length_2853_cov_2.968345
      Genus: [Tupanvirus] -> [Hokovirus]
      Species: [Tupanvirus altamarinense] -> [Hokovirus HKV1*]
  SRR23107135_clean_NODE_18423_length_1239_cov_2.786449
      Genus: [Phaeovirus] -> [空]
      Species: [Phaeovirus unasiliculosus] -> [Marseillevirus LCMAC101]
  SRR23107135_clean_NODE_18485_length_1237_cov_2.654639
      Genus: [Siminovitchvirus] -> [空]
      Species: [Siminovitchvirus CP51] -> [空]
  SRR23107135_clean_NODE_18669_length_1231_cov_3.096718
      Genus: [Phaeovirus] -> [Hokovirus]
      Species: [Phaeovirus irregularis] -> [Hokovirus HKV1*]
  SRR23107135_clean_NODE_18814_length_1226_cov_2.533391
      Species: [Naiavirus sp.] -> [Pithovirus LCPAC202]
  SRR23107135_clean_NODE_18914_length_1222_cov_4.020017
      Order: [Imitervirales] -> [Rowavirales]
      Genus: [Tethysvirus] -> [空]
      Species: [Tethysvirus ontarioense] -> [空]
  SRR23107135_clean_NODE_18_length_8723_cov_5.650405
      Genus: [Alphaorpheovirus] -> [Theiavirus]
      Species: [Alphaorpheovirus massiliense] -> [Theiavirus salishense*]
  SRR23107135_clean_NODE_192_length_5322_cov_5.445418
      Realm: [Varidnaviria] -> [Riboviria]
      Kingdom: [Bamfordvirae] -> [Pararnavirae]
      Phylum: [Nucleocytoviricota] -> [Artverviricota]
      Class: [Megaviricetes] -> [Revtraviricetes]
      Order: [Imitervirales] -> [Ortervirales]
      Family: [Mimiviridae] -> [Metaviridae]
      Genus: [Indivirus] -> [Metavirus]
      Species: [Indivirus ILV1] -> [Metavirus cladosporii]
  SRR23107135_clean_NODE_19400_length_1206_cov_2.472198
      Genus: [Alphahydrivirus] -> [Klosneuvirus]
      Species: [Alphahydrivirus permafrostis] -> [Klosneuvirus KNV1*]
  SRR23107135_clean_NODE_1952_length_2801_cov_3.654692
      Genus: [Jouyvirus] -> [空]
      Species: [Jouyvirus ev017] -> [Pithovirus LCPAC001]
  SRR23107135_clean_NODE_1954_length_2800_cov_5.993399
      Genus: [Biavirus] -> [Kratosvirus]
      Species: [Biavirus raunefjordenense] -> [Kratosvirus quantuckense]
  SRR23107135_clean_NODE_1961_length_2797_cov_4.286711
      Class: [Caudoviricetes] -> [Megaviricetes]
      Genus: [Polybotosvirus] -> [Heliosvirus]
  SRR23107135_clean_NODE_20086_length_1184_cov_2.259226
      Kingdom: [Heunggongvirae] -> [Bamfordvirae]
      Phylum: [Uroviricota] -> [Nucleocytoviricota]
      Class: [Caudoviricetes] -> [Megaviricetes]
      Family: [Pithoviridae] -> [Stanwilliamsviridae]
  SRR23107135_clean_NODE_2044_length_2758_cov_8.250652
      Species: [Micromonas commoda virus] -> [Tethysvirus raunefjordenense]
  SRR23107135_clean_NODE_2045_length_2758_cov_5.619367
      Family: [Phycodnaviridae] -> [Mimiviridae]
      Genus: [Chlorovirus] -> [空]
      Species: [Chlorovirus americanus] -> [空]
  SRR23107135_clean_NODE_20553_length_1170_cov_6.871468
      Species: [Alphacedratvirus brasiliense] -> [Pacmanvirus A23]
  SRR23107135_clean_NODE_2093_length_2741_cov_4.071214
      Kingdom: [Heunggongvirae] -> [Bamfordvirae]
      Phylum: [Uroviricota] -> [Nucleocytoviricota]
      Class: [Caudoviricetes] -> [Megaviricetes]
  SRR23107135_clean_NODE_21093_length_1155_cov_2.581331
      Species: [environmental samples] -> [空]
  SRR23107135_clean_NODE_21472_length_1145_cov_1.986007
      Genus: [Phaeovirus] -> [Hokovirus]
      Species: [Phaeovirus irregularis] -> [Hokovirus HKV1*]
  SRR23107135_clean_NODE_2211_length_2695_cov_8.563310
      Genus: [Alphahydrivirus] -> [空]
      Species: [Alphahydrivirus permafrostis] -> [Naiavirus sp.]
  SRR23107135_clean_NODE_22465_length_1118_cov_27.732057
      Genus: [Lymphocystivirus] -> [空]
      Species: [Lymphocystivirus sparus1] -> [Partitiviridae sp.]
  SRR23107135_clean_NODE_22744_length_1112_cov_1.620789
      Species: [Marseillevirus LCMAC101] -> [Tupanvirus salinum]
  SRR23107135_clean_NODE_23564_length_1091_cov_3.722004
      Genus: [Medusavirus] -> [Tupanvirus]
      Species: [Medusavirus medusae] -> [空]
  SRR23107135_clean_NODE_23941_length_1083_cov_1.877228
      Species: [Alphacedratvirus brasiliense] -> [Pacmanvirus A23]
  SRR23107135_clean_NODE_24015_length_1081_cov_2.868056
      Family: [Mimiviridae] -> [Phycodnaviridae]
      Species: [Phaeovirus unasiliculosus] -> [Sylvanvirus sp.]
  SRR23107135_clean_NODE_2417_length_2625_cov_20.511755
      Genus: [Biavirus] -> [Kratosvirus]
      Species: [Biavirus raunefjordenense] -> [Kratosvirus quantuckense]
  SRR23107135_clean_NODE_24204_length_1076_cov_1.799601
      Genus: [Prasinovirus] -> [空]
  SRR23107135_clean_NODE_24584_length_1067_cov_2.424547
      Order: [Autographivirales] -> [Algavirales]
      Family: [Autonotataviridae] -> [Phycodnaviridae]
      Genus: [Pollyceevirus] -> [Prasinovirus]
      Species: [Pollyceevirus pollyC] -> [空]
  SRR23107135_clean_NODE_2472_length_2608_cov_8.295464
      Genus: [Biavirus] -> [空]
  SRR23107135_clean_NODE_24750_length_1063_cov_4.228283
      Species: [Ripabeq virus] -> [Mimiviridae sp. ChoanoV1*]
  SRR23107135_clean_NODE_2482_length_2606_cov_16.005922
      Genus: [Alphahydrivirus] -> [Tupanvirus]
  SRR23107135_clean_NODE_25558_length_1044_cov_4.117405
      Genus: [Marseillevirus] -> [Alphaorpheovirus]
      Species: [Alphaorpheovirus massiliense] -> [Alphaorpheovirus massiliense*]
  SRR23107135_clean_NODE_2571_length_2579_cov_11.690742
      Genus: [Alphahydrivirus] -> [Fadolivirus]
  SRR23107135_clean_NODE_25842_length_1038_cov_2.545078
      Genus: [Phaeovirus] -> [空]
      Species: [Phaeovirus feldmanniae] -> [Terrestrivirus sp.]
  SRR23107135_clean_NODE_26148_length_1031_cov_1.949896
      Family: [Orthoherpesviridae] -> [空]
      Genus: [Simplexvirus] -> [空]
      Species: [Simplexvirus leporidalpha4] -> [空]
  SRR23107135_clean_NODE_26359_length_1026_cov_24.921301
      Class: [Caudoviricetes] -> [Megaviricetes]
  SRR23107135_clean_NODE_2643_length_2558_cov_2.895372
      Genus: [Biavirus] -> [空]
  SRR23107135_clean_NODE_26501_length_1024_cov_2.000000
      Genus: [Biavirus] -> [空]
      Species: [Biavirus raunefjordenense] -> [Iridovirus LCIVAC01]
  SRR23107135_clean_NODE_26632_length_1021_cov_1.945148
      Genus: [Fadolivirus] -> [Hokovirus]
      Species: [Fadolivirus algeromassiliense] -> [Hokovirus HKV1*]
  SRR23107135_clean_NODE_26802_length_1017_cov_3.689619
      Genus: [Alphaorpheovirus] -> [Chlorovirus]
      Species: [Alphaorpheovirus massiliense] -> [空]
  SRR23107135_clean_NODE_2773_length_2521_cov_13.484477
      Genus: [Biavirus] -> [空]
  SRR23107135_clean_NODE_2807_length_2510_cov_36.424703
      Species: [Pithovirus LCPAC201] -> [Mimivirus lagoaense]
  SRR23107135_clean_NODE_28176_length_988_cov_4.078689
      Class: [Herviviricetes] -> [Pokkesviricetes]
      Order: [Rowavirales] -> [Chitovirales]
      Family: [Adenoviridae] -> [Poxviridae]
  SRR23107135_clean_NODE_2829_length_2503_cov_8.537449
      Species: [Biavirus raunefjordenense] -> [Tethysvirus ontarioense]
  SRR23107135_clean_NODE_29323_length_965_cov_4.969731
      Family: [Pithoviridae] -> [Iridoviridae]
      Species: [Pithovirus LCDPAC02] -> [Megalocytivirus pagrus1]
  SRR23107135_clean_NODE_29359_length_965_cov_1.867713
      Genus: [Pandoravirus] -> [Dhakavirus]
  SRR23107135_clean_NODE_29730_length_958_cov_2.047458
      Class: [Caudoviricetes] -> [Megaviricetes]
      Genus: [Twortvirus] -> [空]
      Species: [Twortvirus twort] -> [空]
  SRR23107135_clean_NODE_3019_length_2458_cov_5.014256
      Genus: [Eurybiavirus] -> [空]
      Species: [Eurybiavirus PHM1] -> [空]
  SRR23107135_clean_NODE_3102_length_2439_cov_12.030431
      Genus: [Phaeovirus] -> [Megavirus]
      Species: [Phaeovirus unasiliculosus] -> [Edafosvirus sp.]
  SRR23107135_clean_NODE_31255_length_930_cov_4.430572
      Genus: [Alphahydrivirus] -> [空]
      Species: [Alphahydrivirus permafrostis] -> [Mimiviridae sp. ChoanoV1*]
  SRR23107135_clean_NODE_31398_length_928_cov_1.726316
      Genus: [Phaeovirus] -> [空]
      Species: [Phaeovirus feldmanniae] -> [空]
  SRR23107135_clean_NODE_3165_length_2424_cov_7.389621
      Genus: [Alphahydrivirus] -> [Fadolivirus]
  SRR23107135_clean_NODE_31662_length_923_cov_2.044706
      Species: [Furtivovirus sp. B10] -> [Klosneuvirus KNV1*]
  SRR23107135_clean_NODE_3174_length_2423_cov_3.559574
      Genus: [Serangoonvirus] -> [空]
  SRR23107135_clean_NODE_31_length_7715_cov_5.783172
      Genus: [Betabaculovirus] -> [空]
      Species: [Betabaculovirus agsegetum] -> [Pithovirus LCPAC302]
  SRR23107135_clean_NODE_3235_length_2410_cov_6.025674
      Genus: [Biavirus] -> [空]
  SRR23107135_clean_NODE_3254_length_2407_cov_2.068552
      Species: [Dishui Lake phycodnavirus 3] -> [Biavirus raunefjordenense]
  SRR23107135_clean_NODE_33049_length_899_cov_2.854722
      Genus: [Lentivirus] -> [空]
      Species: [Lentivirus humimdef1] -> [Dasosvirus sp.]
  SRR23107135_clean_NODE_333_length_4612_cov_5.570610
      Genus: [Wendovervirus] -> [空]
      Species: [Wendovervirus sonii] -> [Homavirus sp.]
  SRR23107135_clean_NODE_33620_length_890_cov_3.123623
      Genus: [Kratosvirus] -> [空]
      Species: [Kratosvirus quantuckense] -> [Solumvirus sp.]
  SRR23107135_clean_NODE_3366_length_2382_cov_5.978346
      Class: [Caudoviricetes] -> [Megaviricetes]
      Genus: [Spinunavirus] -> [Fadolivirus]
      Species: [Fadolivirus algeromassiliense] -> [Spinunavirus IPP61]
  SRR23107135_clean_NODE_33872_length_887_cov_1.379607
      Species: [Mimivirus lagoaense] -> [空]
  SRR23107135_clean_NODE_34214_length_881_cov_5.909653
      Genus: [Biavirus] -> [空]
      Species: [Biavirus raunefjordenense] -> [Marseillevirus LCMAC202]
  SRR23107135_clean_NODE_3439_length_2366_cov_3.677715
      Class: [Caudoviricetes] -> [Megaviricetes]
      Genus: [Spinunavirus] -> [Fadolivirus]
      Species: [Fadolivirus algeromassiliense] -> [Spinunavirus IPP61]
  SRR23107135_clean_NODE_3550_length_2341_cov_2.505291
      Order: [Herpesvirales] -> [Imitervirales]
      Family: [Orthoherpesviridae] -> [Mimiviridae]
      Genus: [Manticavirus] -> [空]
      Species: [Manticavirus vombatidgamma1] -> [空]
  SRR23107135_clean_NODE_35680_length_860_cov_1.964422
      Class: [Caudoviricetes] -> [Megaviricetes]
  SRR23107135_clean_NODE_3573_length_2336_cov_40.173663
      Species: [Heliosvirus raunefjordenense] -> [Tethysvirus ontarioense]
  SRR23107135_clean_NODE_3624_length_2328_cov_3.329490
      Genus: [Phaeovirus] -> [空]
      Species: [Phaeovirus feldmanniae] -> [Terrestrivirus sp.]
  SRR23107135_clean_NODE_37333_length_837_cov_8.958115
      Species: [Tupanvirus altamarinense] -> [Terrestrivirus sp.]
  SRR23107135_clean_NODE_37769_length_832_cov_1.905138
      Species: [Dishui Lake phycodnavirus 4] -> [Fadolivirus algeromassiliense]
  SRR23107135_clean_NODE_3784_length_2294_cov_3.734804
      Genus: [Alphahydrivirus] -> [空]
      Species: [Alphahydrivirus permafrostis] -> [空]
  SRR23107135_clean_NODE_3829_length_2286_cov_22.621780
      Genus: [Cervidpoxvirus] -> [空]
  SRR23107135_clean_NODE_38401_length_823_cov_3.782667
      Species: [Theiavirus salishense] -> [Alphacedratvirus francolausannense]
  SRR23107135_clean_NODE_3973_length_2262_cov_8.565098
      Genus: [Prasinovirus] -> [空]
      Species: [Prasinovirus micromonas] -> [Mimiviridae sp. ChoanoV1]
  SRR23107135_clean_NODE_3994_length_2259_cov_9.721866
      Order: [Herpesvirales] -> [Algavirales]
      Species: [Acipenserid herpesvirus 3] -> [Phaeovirus unasiliculosus]
  SRR23107135_clean_NODE_4004_length_2256_cov_16.115437
      Genus: [Alphahydrivirus] -> [空]
      Species: [Alphahydrivirus permafrostis] -> [Hyperionvirus sp.]
  SRR23107135_clean_NODE_40086_length_802_cov_3.072702
      Family: [Pithoviridae] -> [Orthoherpesviridae]
  SRR23107135_clean_NODE_403_length_4325_cov_3.922154
      Order: [Pantevenvirales] -> [Algavirales]
      Species: [Serangoonvirus essarone] -> [空]
  SRR23107135_clean_NODE_4087_length_2241_cov_5.489852
      Species: [Biavirus raunefjordenense] -> [Tethysvirus ontarioense]
  SRR23107135_clean_NODE_41092_length_790_cov_1.316597
      Genus: [Varicellovirus] -> [空]
  SRR23107135_clean_NODE_41623_length_784_cov_1.691983
      Genus: [Lentivirus] -> [空]
      Species: [Lentivirus capartenc] -> [Terrestrivirus sp.]
  SRR23107135_clean_NODE_419_length_4280_cov_3.517471
      Phylum: [Uroviricota] -> [Preplasmiviricota]
      Class: [Caudoviricetes] -> [Pharingeaviricetes]
      Genus: [Spbetavirus] -> [Organic Lake phycodnavirus]
      Species: [Spbetavirus SPbeta] -> [空]
  SRR23107135_clean_NODE_42261_length_777_cov_1.113636
      Kingdom: [Heunggongvirae] -> [Bamfordvirae]
      Phylum: [Peploviricota] -> [Nucleocytoviricota]
      Class: [Herviviricetes] -> [Megaviricetes]
      Family: [Mimiviridae] -> [Orthoherpesviridae]
  SRR23107135_clean_NODE_429_length_4261_cov_2.813992
      Order: [Herpesvirales] -> [Algavirales]
      Family: [Orthoherpesviridae] -> [Phycodnaviridae]
      Genus: [Macavirus] -> [空]
      Species: [Macavirus alcelaphinegamma2] -> [空]
  SRR23107135_clean_NODE_4310_length_2204_cov_3.673862
      Genus: [Chlorovirus] -> [空]
      Species: [Chlorovirus conductrix] -> [Terrestrivirus sp.]
  SRR23107135_clean_NODE_43424_length_763_cov_8.884058
      Genus: [Moumouvirus] -> [空]
  SRR23107135_clean_NODE_4355_length_2197_cov_7.752354
      Species: [Heliosvirus raunefjordenense] -> [Tethysvirus ontarioense]
  SRR23107135_clean_NODE_44044_length_757_cov_1.849415
      Genus: [uncultured partitivirus] -> [空]
      Species: [environmental samples] -> [空]
  SRR23107135_clean_NODE_4539_length_2169_cov_3.380725
      Family: [Pithoviridae] -> [空]
      Genus: [Alphacedratvirus] -> [空]
      Species: [Alphacedratvirus brasiliense] -> [空]
  SRR23107135_clean_NODE_45543_length_740_cov_9.319340
      Species: [Ripachek virus] -> [空]
  SRR23107135_clean_NODE_45609_length_740_cov_1.808096
      Genus: [Alphahydrivirus] -> [Fadolivirus]
  SRR23107135_clean_NODE_466_length_4140_cov_5.078436
      Class: [Caudoviricetes] -> [Megaviricetes]
      Family: [Phycodnaviridae] -> [Stanwilliamsviridae]
      Genus: [Prasinovirus] -> [Wilnyevirus]
  SRR23107135_clean_NODE_468_length_4134_cov_11.632849
      Family: [Pithoviridae] -> [Mimiviridae]
      Genus: [Alphacedratvirus] -> [空]
      Species: [Alphacedratvirus brasiliense] -> [空]
  SRR23107135_clean_NODE_4865_length_2122_cov_11.029283
      Family: [Mimiviridae] -> [Orthoherpesviridae]
      Species: [Manticavirus phascolarctidgamma1] -> [Hyperionvirus sp.]
  SRR23107135_clean_NODE_48759_length_709_cov_1.600629
      Realm: [Varidnaviria] -> [Duplodnaviria]
      Kingdom: [Bamfordvirae] -> [Heunggongvirae]
  SRR23107135_clean_NODE_4880_length_2120_cov_9.240840
      Species: [environmental samples] -> [空]
  SRR23107135_clean_NODE_491_length_4073_cov_90.451500
      Genus: [Biavirus] -> [空]
      Species: [Biavirus raunefjordenense] -> [Marseillevirus LCMAC202]
  SRR23107135_clean_NODE_495_length_4065_cov_4.371493
      Order: [Imitervirales] -> [Algavirales]
      Genus: [Tethysvirus] -> [空]
      Species: [Tethysvirus raunefjordenense] -> [Chrysochromulina ericina virus]
  SRR23107135_clean_NODE_497_length_4061_cov_3.347543
      Species: [Chrysophyceae clade H virus] -> [Fadolivirus algeromassiliense]
  SRR23107135_clean_NODE_50087_length_696_cov_3.003210
      Family: [Mimiviridae] -> [Marseilleviridae]
      Genus: [Fadolivirus] -> [空]
  SRR23107135_clean_NODE_5051_length_2096_cov_1.896194
      Genus: [Chlorovirus] -> [空]
      Species: [Chlorovirus conductrix] -> [Terrestrivirus sp.]
  SRR23107135_clean_NODE_523_length_4000_cov_70.977082
      Order: [Imitervirales] -> [Pimascovirales]
      Genus: [Biavirus] -> [空]
      Species: [Biavirus raunefjordenense] -> [Marseillevirus LCMAC202]
  SRR23107135_clean_NODE_52417_length_677_cov_1.874172
      Realm: [Riboviria] -> [Varidnaviria]
      Kingdom: [Orthornavirae] -> [Bamfordvirae]
      Phylum: [Pisuviricota] -> [Nucleocytoviricota]
      Class: [Pisoniviricetes] -> [Megaviricetes]
      Order: [Picornavirales] -> [Imitervirales]
      Family: [Picornaviridae] -> [Mimiviridae]
      Genus: [Kobuvirus] -> [Fadolivirus]
      Species: [Kobuvirus dekago] -> [Fadolivirus algeromassiliense]
  SRR23107135_clean_NODE_5243_length_2069_cov_6.721944
      Species: [Biavirus raunefjordenense] -> [Tethysvirus ontarioense]
  SRR23107135_clean_NODE_528_length_3989_cov_8.732635
      Species: [Alphacedratvirus francolausannense] -> [空]
  SRR23107135_clean_NODE_534_length_3974_cov_3.433222
      Genus: [Oceanusvirus] -> [空]
      Species: [Oceanusvirus kaneohense] -> [Hyperionvirus sp.]
  SRR23107135_clean_NODE_5357_length_2056_cov_4.046899
      Genus: [Scutavirus] -> [空]
  SRR23107135_clean_NODE_5360_length_2056_cov_3.000000
      Species: [Lentivirus humimdef1] -> [Theiavirus salishense]
  SRR23107135_clean_NODE_53941_length_664_cov_9.900169
      Genus: [Chlorovirus] -> [Megavirus]
  SRR23107135_clean_NODE_54313_length_661_cov_3.020408
      Family: [Adenoviridae] -> [Phycodnaviridae]
      Species: [environmental samples] -> [空]
  SRR23107135_clean_NODE_544_length_3953_cov_5.573711
      Genus: [Iridovirus] -> [空]
      Species: [Iridovirus chilo1] -> [Pithovirus LCPAC104]
  SRR23107135_clean_NODE_55703_length_651_cov_2.013841
      Species: [Indivirus ILV1] -> [Fadolivirus algeromassiliense]
  SRR23107135_clean_NODE_5571_length_2027_cov_21.651484
      Family: [Mimiviridae] -> [Iridoviridae]
      Genus: [Tupanvirus] -> [Chloriridovirus]
      Species: [Tupanvirus altamarinense] -> [空]
  SRR23107135_clean_NODE_5660_length_2014_cov_2.626996
      Genus: [Avipoxvirus] -> [Cotonvirus]
      Species: [Avipoxvirus penguinpox] -> [Cotonvirus japonicum]
  SRR23107135_clean_NODE_5687_length_2010_cov_8.325245
      Species: [Fadolivirus algeromassiliense] -> [Klosneuvirus KNV1*]
  SRR23107135_clean_NODE_5692_length_2010_cov_3.181208
      Species: [Mastadenovirus asiense] -> [Phaeovirus unasiliculosus]
  SRR23107135_clean_NODE_5746_length_2003_cov_2.679275
      Kingdom: [Heunggongvirae] -> [Bamfordvirae]
      Phylum: [Uroviricota] -> [Nucleocytoviricota]
      Class: [Caudoviricetes] -> [Megaviricetes]
  SRR23107135_clean_NODE_5749_length_2003_cov_1.682902
      Phylum: [Uroviricota] -> [Preplasmiviricota]
      Class: [Caudoviricetes] -> [Pharingeaviricetes]
      Species: [environmental samples] -> [空]
  SRR23107135_clean_NODE_5804_length_1996_cov_7.423817
      Genus: [Megavirus] -> [空]
      Species: [Megavirus powaiense] -> [空]
  SRR23107135_clean_NODE_5884_length_1986_cov_14.713016
      Family: [Hydriviridae] -> [空]
      Genus: [Alphahydrivirus] -> [空]
      Species: [Alphahydrivirus permafrostis] -> [空]
  SRR23107135_clean_NODE_5930_length_1983_cov_2.289529
      Genus: [Phaeovirus] -> [空]
      Species: [Marseillevirus LCMAC101] -> [空]
  SRR23107135_clean_NODE_5950_length_1980_cov_2.675931
      Species: [Biavirus raunefjordenense] -> [Megavirus powaiense]
  SRR23107135_clean_NODE_5984_length_1975_cov_2.179811
      Genus: [Theiavirus] -> [空]
      Species: [Theiavirus salishense] -> [Mimiviridae sp. ChoanoV1*]
  SRR23107135_clean_NODE_598_length_3849_cov_65.972458
      Species: [Fadolivirus algeromassiliense] -> [Homavirus sp.]
  SRR23107135_clean_NODE_6082_length_1960_cov_13.705882
      Family: [Poxviridae] -> [Mimiviridae]
      Genus: [Avipoxvirus] -> [空]
      Species: [Avipoxvirus canarypox] -> [空]
  SRR23107135_clean_NODE_6111_length_1958_cov_3.376658
      Genus: [Phaeovirus] -> [空]
      Species: [Marseillevirus LCMAC101] -> [Marseillevirus LCMAC201]
  SRR23107135_clean_NODE_61804_length_608_cov_4.381308
      Species: [Dishui Lake phycodnavirus 4] -> [Fadolivirus algeromassiliense]
  SRR23107135_clean_NODE_61845_length_608_cov_2.347664
      Family: [Marseilleviridae] -> [Phycodnaviridae]
      Species: [Marseillevirus LCMAC103] -> [空]
  SRR23107135_clean_NODE_6318_length_1935_cov_2.868958
      Species: [Pithovirus LCPAC304] -> [Alphahydrivirus permafrostis]
  SRR23107135_clean_NODE_63_length_6974_cov_7.684683
      Family: [Nimaviridae] -> [Kyanoviridae]
      Genus: [Jenstvirus] -> [Serangoonvirus]
  SRR23107135_clean_NODE_6426_length_1924_cov_2.973528
      Genus: [Tupanvirus] -> [空]
      Species: [Tupanvirus salinum] -> [Marseillevirus LCMAC101]
  SRR23107135_clean_NODE_6488_length_1917_cov_6.877440
      Species: [Chrysophyceae clade H virus] -> [Megavirus baoshanense]
  SRR23107135_clean_NODE_6535_length_1913_cov_3.705435
      Genus: [Oceanusvirus] -> [空]
      Species: [Oceanusvirus kaneohense] -> [Barrevirus sp.]
  SRR23107135_clean_NODE_6581_length_1909_cov_15.862200
      Order: [Chitovirales] -> [空]
  SRR23107135_clean_NODE_6600_length_1907_cov_6.014177
      Genus: [Fadolivirus] -> [空]
      Species: [Fadolivirus algeromassiliense] -> [Marseillevirus LCMAC103]
  SRR23107135_clean_NODE_669_length_3712_cov_7.201429
      Species: [Fadolivirus algeromassiliense] -> [Homavirus sp.]
  SRR23107135_clean_NODE_66_length_6905_cov_15.646956
      Species: [Chrysophyceae clade H virus] -> [Biavirus raunefjordenense]
  SRR23107135_clean_NODE_6720_length_1894_cov_4.090060
      Species: [Phaeovirus unasiliculosus] -> [Sylvanvirus sp.]
  SRR23107135_clean_NODE_67302_length_576_cov_1.677932
      Species: [Sylvanvirus sp.] -> [Solumvirus sp.]
  SRR23107135_clean_NODE_6819_length_1883_cov_2.405525
      Class: [Caudoviricetes] -> [Megaviricetes]
      Genus: [Polybotosvirus] -> [Heliosvirus]
  SRR23107135_clean_NODE_683_length_3694_cov_4.186965
      Species: [Pithovirus LCPAC304] -> [Theiavirus salishense]
  SRR23107135_clean_NODE_68973_length_567_cov_1.678138
      Species: [RV-Stripe faced dunnartII] -> [Human endogenous retrovirus W]
  SRR23107135_clean_NODE_69136_length_566_cov_1.878296
      Phylum: [Lenarviricota] -> [Pisuviricota]
      Class: [Howeltoviricetes] -> [Duplopiviricetes]
      Order: [Cryppavirales] -> [Durnavirales]
      Family: [Mitoviridae] -> [Picobirnaviridae]
      Species: [Chrocabarb virus] -> [Qianjiang picobirna-like virus 2]
  SRR23107135_clean_NODE_6935_length_1871_cov_7.592325
      Species: [Marseillevirus senegalense] -> [Marseillevirus LCMAC101]
  SRR23107135_clean_NODE_69_length_6864_cov_10.414814
      Genus: [Wendovervirus] -> [空]
      Species: [Wendovervirus sonii] -> [Homavirus sp.]
  SRR23107135_clean_NODE_7078_length_1856_cov_2.407740
      Species: [Fadolivirus algeromassiliense] -> [Terrestrivirus sp.]
  SRR23107135_clean_NODE_71046_length_556_cov_1.240166
      Realm: [Varidnaviria] -> [Duplodnaviria]
      Kingdom: [Bamfordvirae] -> [Heunggongvirae]
  SRR23107135_clean_NODE_7182_length_1846_cov_3.087422
      Species: [Pithovirus LCPAC201] -> [Theiavirus salishense]
  SRR23107135_clean_NODE_7335_length_1831_cov_3.461889
      Genus: [Immutovirus] -> [空]
      Species: [Immutovirus immuto] -> [Virus NIOZ-UU157]
  SRR23107135_clean_NODE_73576_length_543_cov_1.819149
      Class: [Caudoviricetes] -> [Megaviricetes]
      Genus: [Minunavirus] -> [空]
  SRR23107135_clean_NODE_75260_length_535_cov_2.147186
      Species: [Tupanvirus salinum] -> [Sylvanvirus sp.]
  SRR23107135_clean_NODE_7667_length_1797_cov_3.107309
      Species: [Theiavirus salishense] -> [Moumouvirus goulettemassiliense]
  SRR23107135_clean_NODE_7841_length_1782_cov_16.905208
      Family: [Hydriviridae] -> [空]
      Genus: [Alphahydrivirus] -> [空]
      Species: [Alphahydrivirus permafrostis] -> [空]
  SRR23107135_clean_NODE_8013_length_1767_cov_6.148170
      Genus: [Alphaorpheovirus] -> [Tupanvirus]
      Species: [Alphaorpheovirus massiliense] -> [空]
  SRR23107135_clean_NODE_80583_length_512_cov_1.034169
      Species: [Lentivirus humimdef1] -> [BeAn 58058 virus*]
  SRR23107135_clean_NODE_8107_length_1760_cov_2.589212
      Genus: [Phaeovirus] -> [Hokovirus]
      Species: [Phaeovirus irregularis] -> [Hokovirus HKV1*]
  SRR23107135_clean_NODE_82830_length_502_cov_73.911422
      Order: [Rowavirales] -> [空]
      Family: [Adenoviridae] -> [空]
      Species: [environmental samples] -> [空]
  SRR23107135_clean_NODE_8344_length_1740_cov_2.704259
      Genus: [Chlorovirus] -> [空]
      Species: [Chlorovirus vanettense] -> [Marseillevirus LCMAC101]
  SRR23107135_clean_NODE_8658_length_1718_cov_3.057143
      Genus: [Gaiavirus] -> [空]
      Species: [Gaiavirus gaia] -> [空]
  SRR23107135_clean_NODE_8853_length_1703_cov_3.104294
      Genus: [Fadolivirus] -> [Catovirus]
      Species: [Fadolivirus algeromassiliense] -> [Catovirus klosterense]
  SRR23107135_clean_NODE_898_length_3446_cov_7.212274
      Species: [Tethysvirus norvegense] -> [Biavirus raunefjordenense]
  SRR23107135_clean_NODE_89_length_6249_cov_12.903821
      Species: [Pandoravirus dulcis] -> [Atrato Retro-like virus]
  SRR23107135_clean_NODE_9318_length_1671_cov_6.471840
      Genus: [Cotonvirus] -> [Mimivirus]
      Species: [Cotonvirus japonicum] -> [Mimivirus bradfordmassiliense]
  SRR23107135_clean_NODE_9406_length_1665_cov_1029.474246
      Genus: [Alphahydrivirus] -> [Hokovirus]
      Species: [Orthopestivirus bovis] -> [Hokovirus HKV1*]
  SRR23107135_clean_NODE_9414_length_1665_cov_3.993719
      Genus: [Alphahydrivirus] -> [Tupanvirus]
  SRR23107135_clean_NODE_9693_length_1644_cov_258.976448
      Species: [Begomovirus ipomoeakoreaense] -> [Chloriridovirus anopheles1]
  SRR23107135_clean_NODE_969_length_3377_cov_4.483656
      Order: [Pantevenvirales] -> [Pimascovirales]
      Genus: [Serangoonvirus] -> [空]
      Species: [Serangoonvirus essarone] -> [Pithovirus LCPAC102]
  SRR23107136_clean_NODE_100824_length_587_cov_1.445525
      Species: [Bat roseolovirus 1] -> [Cotonvirus japonicum]
  SRR23107136_clean_NODE_10191_length_1953_cov_6.182447
      Genus: [Alphabaculovirus] -> [空]
      Species: [Alphabaculovirus mabrassicae] -> [Pithovirus LCPAC302]
  SRR23107136_clean_NODE_10197_length_1953_cov_3.081915
      Species: [Fadolivirus algeromassiliense] -> [Tupanvirus altamarinense]
  SRR23107136_clean_NODE_10198_length_1953_cov_2.581383
      Genus: [Laroyevirus] -> [Clandestinovirus]
      Species: [Laroyevirus lisara] -> [Clandestinovirus]
  SRR23107136_clean_NODE_102554_length_580_cov_2.749507
      Species: [Hokovirus HKV1] -> [Fadolivirus algeromassiliense]
  SRR23107136_clean_NODE_10285_length_1946_cov_5.048051
      Species: [Ostreococcus lucimarinus virus 2] -> [空]
  SRR23107136_clean_NODE_10302_length_1945_cov_2.497863
      Species: [Virus NIOZ-UU159] -> [Coccolithovirus huxleyi]
  SRR23107136_clean_NODE_103423_length_577_cov_1.605159
      Realm: [Varidnaviria] -> [Duplodnaviria]
      Kingdom: [Bamfordvirae] -> [Heunggongvirae]
  SRR23107136_clean_NODE_10398_length_1939_cov_9.815648
      Genus: [Tethysvirus] -> [空]
      Species: [Tethysvirus ontarioense] -> [Mimivirus LCMiAC01]
  SRR23107136_clean_NODE_10445_length_1937_cov_1.991416
      Genus: [Biavirus] -> [空]
  SRR23107136_clean_NODE_104711_length_572_cov_1.563126
      Species: [Klosneuvirus KNV1] -> [Fadolivirus algeromassiliense]
  SRR23107136_clean_NODE_10520_length_1932_cov_10.414739
      Genus: [Immutovirus] -> [空]
      Species: [Immutovirus immuto] -> [Virus NIOZ-UU157]
  SRR23107136_clean_NODE_105748_length_568_cov_1.769697
      Family: [Mimiviridae] -> [Orthoherpesviridae]
  SRR23107136_clean_NODE_106703_length_565_cov_0.581301
      Species: [Lymphocryptovirus humangamma4] -> [Betabaculovirus sp.]
  SRR23107136_clean_NODE_1074_length_3737_cov_5.930677
      Order: [Sanitavirales] -> [Imitervirales]
      Family: [Anelloviridae] -> [Mamonoviridae]
  SRR23107136_clean_NODE_10861_length_1906_cov_13.730496
      Genus: [Mimivirus] -> [Phaeovirus]
  SRR23107136_clean_NODE_1089_length_3723_cov_2.144384
      Class: [Caudoviricetes] -> [Pokkesviricetes]
  SRR23107136_clean_NODE_1091_length_3722_cov_3.322006
      Genus: [Biavirus] -> [空]
      Species: [Biavirus raunefjordenense] -> [Harvfovirus sp.]
  SRR23107136_clean_NODE_10946_length_1901_cov_9.572757
      Class: [Megaviricetes] -> [Revtraviricetes]
      Species: [Klosneuvirus KNV1] -> [Phaeovirus irregularis]
  SRR23107136_clean_NODE_1095_length_3714_cov_39.762703
      Genus: [Chlorovirus] -> [空]
      Species: [Chlorovirus conductrix] -> [Homavirus sp.]
  SRR23107136_clean_NODE_1099_length_3712_cov_5.955482
      Class: [Caudoviricetes] -> [Megaviricetes]
      Genus: [Polybotosvirus] -> [Heliosvirus]
  SRR23107136_clean_NODE_1105_length_3703_cov_3.066391
      Genus: [Prasinovirus] -> [空]
  SRR23107136_clean_NODE_11079_length_1894_cov_1.828116
      Genus: [Biavirus] -> [空]
  SRR23107136_clean_NODE_11143_length_1889_cov_3.734031
      Genus: [Alphahydrivirus] -> [空]
      Species: [Alphahydrivirus permafrostis] -> [Naiavirus sp.]
  SRR23107136_clean_NODE_11172_length_1887_cov_8.500000
      Order: [Imitervirales] -> [空]
      Genus: [Hokovirus] -> [空]
  SRR23107136_clean_NODE_112277_length_545_cov_1.192797
      Species: [environmental samples] -> [空]
  SRR23107136_clean_NODE_11276_length_1879_cov_52.395349
      Genus: [Alphacedratvirus] -> [Phaeovirus]
  SRR23107136_clean_NODE_11326_length_1876_cov_11.848586
      Species: [Tupanvirus salinum] -> [Tupanvirus altamarinense]
  SRR23107136_clean_NODE_1132_length_3681_cov_25.981707
      Order: [Pantevenvirales] -> [Pimascovirales]
      Genus: [Serangoonvirus] -> [空]
      Species: [Serangoonvirus essarone] -> [Pithovirus LCPAC102]
  SRR23107136_clean_NODE_11388_length_1873_cov_2.075556
      Order: [Chitovirales] -> [空]
      Family: [Poxviridae] -> [空]
      Genus: [Vespertilionpoxvirus] -> [空]
      Species: [Vespertilionpoxvirus eptesipox] -> [空]
  SRR23107136_clean_NODE_113_length_6440_cov_9.185645
      Species: [Pandoravirus inopinatum] -> [Tupanvirus salinum]
  SRR23107136_clean_NODE_11404_length_1872_cov_2.446359
      Genus: [Phaeovirus] -> [空]
  SRR23107136_clean_NODE_11433_length_1870_cov_3.663884
      Genus: [Fadolivirus] -> [空]
      Species: [Fadolivirus algeromassiliense] -> [Mimiviridae sp. ChoanoV1*]
  SRR23107136_clean_NODE_114833_length_536_cov_3.077754
      Genus: [Immutovirus] -> [空]
  SRR23107136_clean_NODE_114918_length_536_cov_1.883369
      Genus: [Pandoravirus] -> [空]
  SRR23107136_clean_NODE_114_length_6404_cov_9.818512
      Order: [Algavirales] -> [空]
      Family: [Phycodnaviridae] -> [空]
  SRR23107136_clean_NODE_115284_length_535_cov_1.521645
      Genus: [Tupanvirus] -> [空]
      Species: [Tupanvirus altamarinense] -> [Pithovirus LCPAC201]
  SRR23107136_clean_NODE_11555_length_1862_cov_7.964785
      Species: [Pithovirus LCPAC302] -> [Fadolivirus algeromassiliense]
  SRR23107136_clean_NODE_11623_length_1858_cov_6.676751
      Species: [Agnivirus brisbanense] -> [Poseidoniales virus]
  SRR23107136_clean_NODE_116521_length_531_cov_1.681223
      Species: [Alphapithovirus massiliense] -> [Alphacedratvirus rossiense]
  SRR23107136_clean_NODE_116826_length_530_cov_1.741794
      Order: [Herpesvirales] -> [Imitervirales]
      Species: [Ovine herpesvirus 1] -> [Fadolivirus algeromassiliense]
  SRR23107136_clean_NODE_117_length_6380_cov_4.269859
      Family: [Nimaviridae] -> [Kyanoviridae]
  SRR23107136_clean_NODE_11831_length_1845_cov_2.634876
      Genus: [Biavirus] -> [Prasinovirus]
      Species: [Biavirus raunefjordenense] -> [空]
  SRR23107136_clean_NODE_11923_length_1840_cov_1.655348
      Species: [Roseolovirus humanbeta6a] -> [Biavirus raunefjordenense]
  SRR23107136_clean_NODE_11931_length_1839_cov_7.765006
      Order: [Pimascovirales] -> [Imitervirales]
  SRR23107136_clean_NODE_120236_length_520_cov_1.232662
      Order: [Chitovirales] -> [空]
  SRR23107136_clean_NODE_12024_length_1832_cov_9.844230
      Species: [Agnivirus brisbanense] -> [Poseidoniales virus]
  SRR23107136_clean_NODE_1223_length_3609_cov_10.280260
      Family: [Adenoviridae] -> [Schizomimiviridae]
  SRR23107136_clean_NODE_12241_length_1819_cov_9.169530
      Species: [Biavirus raunefjordenense] -> [Theiavirus salishense]
  SRR23107136_clean_NODE_12279_length_1817_cov_2.768349
      Species: [environmental samples] -> [空]
  SRR23107136_clean_NODE_123176_length_511_cov_2.015982
      Class: [Caudoviricetes] -> [Megaviricetes]
      Genus: [Minunavirus] -> [空]
  SRR23107136_clean_NODE_12361_length_1812_cov_4.527315
      Genus: [Hagravirus] -> [空]
      Species: [Hagravirus capitaneum] -> [Homavirus sp.]
  SRR23107136_clean_NODE_12364_length_1812_cov_3.431857
      Order: [Imitervirales] -> [空]
      Family: [Mimiviridae] -> [空]
  SRR23107136_clean_NODE_12403_length_1810_cov_1.858952
      Genus: [Varicellovirus] -> [空]
      Species: [Varicellovirus humanalpha3] -> [空]
  SRR23107136_clean_NODE_124164_length_508_cov_3.179310
      Species: [environmental samples] -> [空]
  SRR23107136_clean_NODE_12510_length_1804_cov_2.374350
      Family: [Adenoviridae] -> [空]
      Species: [environmental samples] -> [空]
  SRR23107136_clean_NODE_12517_length_1803_cov_8.496532
      Genus: [Immutovirus] -> [空]
      Species: [Immutovirus immuto] -> [Virus NIOZ-UU157]
  SRR23107136_clean_NODE_126010_length_503_cov_2.365116
      Realm: [Riboviria] -> [Varidnaviria]
      Kingdom: [Pararnavirae] -> [Bamfordvirae]
      Phylum: [Artverviricota] -> [Nucleocytoviricota]
      Class: [Revtraviricetes] -> [Megaviricetes]
      Order: [Ortervirales] -> [Imitervirales]
      Species: [Lentivirus humimdef1] -> [Dasosvirus sp.]
  SRR23107136_clean_NODE_12604_length_1799_cov_5.156431
      Genus: [Megavirus] -> [Catovirus]
  SRR23107136_clean_NODE_12627_length_1798_cov_2.798841
      Species: [Tupanvirus altamarinense] -> [Fadolivirus algeromassiliense]
  SRR23107136_clean_NODE_12628_length_1798_cov_2.617971
      Order: [Chitovirales] -> [空]
  SRR23107136_clean_NODE_12664_length_1796_cov_3.617528
      Species: [Dishui Lake phycodnavirus 3] -> [Theiavirus salishense]
  SRR23107136_clean_NODE_12710_length_1794_cov_3.777455
      Species: [Alpharetrovirus avileu] -> [Alpharetrovirus aviY73sar]
  SRR23107136_clean_NODE_12712_length_1794_cov_3.345148
      Genus: [Losannavirus] -> [空]
      Species: [Losannavirus lausannense] -> [空]
  SRR23107136_clean_NODE_12732_length_1792_cov_31.472368
      Family: [Hydriviridae] -> [空]
      Genus: [Alphahydrivirus] -> [空]
      Species: [Alphahydrivirus permafrostis] -> [空]
  SRR23107136_clean_NODE_12754_length_1791_cov_10.229336
      Species: [Mimivirus LCMiAC01] -> [Fadolivirus algeromassiliense]
  SRR23107136_clean_NODE_1277_length_3575_cov_5.564820
      Genus: [Tethysvirus] -> [Prymnesiovirus]
      Species: [Tethysvirus hollandense] -> [空]
  SRR23107136_clean_NODE_12867_length_1785_cov_3.534463
      Phylum: [Uroviricota] -> [Nucleocytoviricota]
      Class: [Caudoviricetes] -> [Megaviricetes]
      Genus: [Eurybiavirus] -> [Megavirus]
      Species: [Eurybiavirus PHM2] -> [空]
  SRR23107136_clean_NODE_12908_length_1783_cov_2.483626
      Species: [Phaeovirus irregularis] -> [空]
  SRR23107136_clean_NODE_12950_length_1781_cov_2.984778
      Species: [Tupanvirus salinum] -> [Tupanvirus altamarinense]
  SRR23107136_clean_NODE_13120_length_1772_cov_7.254856
      Species: [Alphaorpheovirus massiliense] -> [空]
  SRR23107136_clean_NODE_13161_length_1770_cov_5.962876
      Genus: [Alphacedratvirus] -> [Phaeovirus]
      Species: [Alphacedratvirus rossiense] -> [Phaeovirus unasiliculosus]
  SRR23107136_clean_NODE_1322_length_3540_cov_34.329103
      Species: [Chrysophyceae clade H virus] -> [Tupanvirus altamarinense]
  SRR23107136_clean_NODE_13254_length_1766_cov_5.603662
      Genus: [Heliosvirus] -> [空]
      Species: [Pithovirus LCPAC404] -> [空]
  SRR23107136_clean_NODE_13372_length_1760_cov_8.449911
      Species: [Chrysophyceae clade H virus] -> [Teubervirus AM6]
  SRR23107136_clean_NODE_133_length_6188_cov_36.529027
      Species: [Alphacedratvirus aljazairmassiliense] -> [Catovirus klosterense]
  SRR23107136_clean_NODE_13440_length_1756_cov_72.707665
      Class: [Naldaviricetes] -> [Chrymotiviricetes]
      Family: [Nimaviridae] -> [Orthototiviridae]
      Genus: [Whispovirus] -> [Totivirus]
      Species: [Whispovirus xiabaidian] -> [Hanko totivirus 4]
  SRR23107136_clean_NODE_135_length_6156_cov_39.723656
      Realm: [Riboviria] -> [Varidnaviria]
      Genus: [Errantivirus] -> [空]
      Species: [Errantivirus zami] -> [Aedes aegypti To virus 2]
  SRR23107136_clean_NODE_13626_length_1747_cov_2.560335
      Species: [Chrysophyceae clade H virus] -> [Moumouvirus goulettemassiliense]
  SRR23107136_clean_NODE_13661_length_1745_cov_3.746411
      Realm: [Varidnaviria] -> [Duplodnaviria]
      Kingdom: [Bamfordvirae] -> [Heunggongvirae]
  SRR23107136_clean_NODE_13752_length_1741_cov_2.411871
      Species: [Tupanvirus salinum] -> [Hyperionvirus sp.]
  SRR23107136_clean_NODE_1379_length_3499_cov_7.053123
      Genus: [Chlorovirus] -> [空]
      Species: [Chlorovirus americanus] -> [Terrestrivirus sp.]
  SRR23107136_clean_NODE_13914_length_1733_cov_5.460843
      Genus: [Biavirus] -> [空]
  SRR23107136_clean_NODE_13937_length_1732_cov_2.515973
      Genus: [Biavirus] -> [Catovirus]
      Species: [Biavirus raunefjordenense] -> [Catovirus CTV1]
  SRR23107136_clean_NODE_14074_length_1726_cov_2.185118
      Species: [Pithovirus LCPAC201] -> [Alphapithovirus sibericum]
  SRR23107136_clean_NODE_1437_length_3463_cov_5.317404
      Class: [Megaviricetes] -> [Herviviricetes]
      Family: [Phycodnaviridae] -> [Orthoherpesviridae]
      Genus: [Prasinovirus] -> [Mardivirus]
  SRR23107136_clean_NODE_14457_length_1708_cov_2.507034
      Genus: [Phaeovirus] -> [空]
      Species: [Phaeovirus irregularis] -> [空]
  SRR23107136_clean_NODE_14495_length_1706_cov_3.426822
      Genus: [Alphacedratvirus] -> [Catovirus]
      Species: [Alphacedratvirus brasiliense] -> [Catovirus CTV1]
  SRR23107136_clean_NODE_14559_length_1703_cov_5.914724
      Species: [Agnivirus brisbanense] -> [Poseidoniales virus]
  SRR23107136_clean_NODE_14560_length_1703_cov_5.247853
      Species: [Chrysophyceae clade H virus] -> [Fadolivirus algeromassiliense]
  SRR23107136_clean_NODE_14758_length_1695_cov_7.143033
      Genus: [Alphahydrivirus] -> [空]
      Species: [Alphahydrivirus permafrostis] -> [空]
  SRR23107136_clean_NODE_1475_length_3433_cov_26.190179
      Genus: [Fadolivirus] -> [Klosneuvirus]
      Species: [Fadolivirus algeromassiliense] -> [Klosneuvirus KNV1*]
  SRR23107136_clean_NODE_14786_length_1694_cov_2.826033
      Species: [Fadolivirus algeromassiliense] -> [Tupanvirus salinum]
  SRR23107136_clean_NODE_14806_length_1693_cov_2.582099
      Species: [Faunusvirus sp.] -> [空]
  SRR23107136_clean_NODE_14814_length_1692_cov_9.754787
      Species: [Phaeovirus unasiliculosus] -> [Sylvanvirus sp.]
  SRR23107136_clean_NODE_1490_length_3428_cov_3.596423
      Genus: [Alpharetrovirus] -> [Gammaretrovirus]
      Species: [Alpharetrovirus aviY73sar] -> [空]
  SRR23107136_clean_NODE_1499_length_3423_cov_3.940597
      Species: [Chrysophyceae clade H virus] -> [Tupanvirus altamarinense]
  SRR23107136_clean_NODE_15003_length_1684_cov_26.130975
      Family: [Poxviridae] -> [Mimiviridae]
      Species: [Mimivirus bradfordmassiliense] -> [Finch poxvirus]
  SRR23107136_clean_NODE_15059_length_1682_cov_6.661280
      Genus: [Polybotosvirus] -> [空]
  SRR23107136_clean_NODE_15066_length_1682_cov_3.058421
      Genus: [Biavirus] -> [Orthohepacivirus]
  SRR23107136_clean_NODE_15073_length_1682_cov_1.914854
      Genus: [Alphahydrivirus] -> [空]
      Species: [Alphahydrivirus permafrostis] -> [Terrestrivirus sp.]
  SRR23107136_clean_NODE_15096_length_1681_cov_2.233831
      Phylum: [Preplasmiviricota] -> [Nucleocytoviricota]
      Class: [Pharingeaviricetes] -> [Megaviricetes]
      Order: [Rowavirales] -> [Imitervirales]
      Family: [Adenoviridae] -> [Mesomimiviridae]
  SRR23107136_clean_NODE_15124_length_1680_cov_5.161170
      Family: [Kyanoviridae] -> [Phycodnaviridae]
      Genus: [Bellamyvirus] -> [空]
      Species: [Bellamyvirus bellamy] -> [空]
  SRR23107136_clean_NODE_15272_length_1673_cov_16.423125
      Order: [Herpesvirales] -> [Imitervirales]
  SRR23107136_clean_NODE_15316_length_1671_cov_4.045682
      Genus: [Macavirus] -> [空]
      Species: [Macavirus bovinegamma6] -> [空]
  SRR23107136_clean_NODE_15354_length_1670_cov_2.235441
      Order: [Imitervirales] -> [Rowavirales]
      Species: [environmental samples] -> [空]
  SRR23107136_clean_NODE_1536_length_3401_cov_9.374700
      Order: [Imitervirales] -> [空]
      Family: [Allomimiviridae] -> [空]
      Species: [Lymphocryptovirus humangamma4] -> [Polybotosvirus Atuph07]
  SRR23107136_clean_NODE_15496_length_1664_cov_1.574481
      Genus: [Alphahydrivirus] -> [Phaeovirus]
  SRR23107136_clean_NODE_15609_length_1659_cov_3.418663
      Genus: [Biavirus] -> [空]
      Species: [Polar freshwater circular DNA virus] -> [Berere partitivirus]
  SRR23107136_clean_NODE_15728_length_1653_cov_2.873418
      Genus: [Phaeovirus] -> [Hokovirus]
      Species: [Phaeovirus irregularis] -> [Hokovirus HKV1*]
  SRR23107136_clean_NODE_1576_length_3379_cov_7.674229
      Genus: [Alphahydrivirus] -> [空]
      Species: [Alphahydrivirus permafrostis] -> [Mimivirus LCMiAC02]
  SRR23107136_clean_NODE_15801_length_1650_cov_3.041852
      Family: [Chimalliviridae] -> [Mamonoviridae]
      Genus: [Pawinskivirus] -> [Medusavirus]
  SRR23107136_clean_NODE_1585_length_3375_cov_20.705936
      Kingdom: [Bamfordvirae] -> [Pararnavirae]
      Genus: [Phaeovirus] -> [Gammaretrovirus]
  SRR23107136_clean_NODE_15959_length_1643_cov_5.393631
      Genus: [Epsilonentomopoxvirus] -> [空]
      Species: [Epsilonentomopoxvirus dlongicaudata] -> [Mimivirus LCMiAC01]
  SRR23107136_clean_NODE_15960_length_1643_cov_5.055414
      Genus: [Tupanvirus] -> [空]
      Species: [Tupanvirus salinum] -> [空]
  SRR23107136_clean_NODE_15983_length_1642_cov_7.713193
      Family: [Hydriviridae] -> [空]
      Genus: [Alphahydrivirus] -> [空]
      Species: [Alphahydrivirus permafrostis] -> [空]
  SRR23107136_clean_NODE_16019_length_1641_cov_2.567602
      Genus: [Alphahydrivirus] -> [空]
      Species: [Pithovirus LCPAC302] -> [Pithovirus LCPAC304]
  SRR23107136_clean_NODE_16221_length_1632_cov_1.983964
      Order: [Picornavirales] -> [Magrovirales]
      Family: [Iflaviridae] -> [Apasviridae]
      Genus: [Iflavirus] -> [Agnivirus]
  SRR23107136_clean_NODE_16253_length_1630_cov_11.160565
      Genus: [Alphahydrivirus] -> [空]
      Species: [Alphahydrivirus permafrostis] -> [Terrestrivirus sp.]
  SRR23107136_clean_NODE_162_length_5910_cov_4.657016
      Genus: [Theiavirus] -> [Catovirus]
      Species: [Theiavirus salishense] -> [Catovirus CTV1]
  SRR23107136_clean_NODE_1631_length_3351_cov_5.557657
      Genus: [Chlorovirus] -> [空]
      Species: [Chlorovirus americanus] -> [Terrestrivirus sp.]
  SRR23107136_clean_NODE_16337_length_1628_cov_2.757556
      Species: [Alphabaculovirus ranus] -> [Alphabaculovirus maconfiguratae]
  SRR23107136_clean_NODE_16373_length_1626_cov_4.908564
      Species: [Phaeovirus irregularis] -> [空]
  SRR23107136_clean_NODE_16389_length_1626_cov_2.117193
      Genus: [Serangoonvirus] -> [空]
      Species: [Pithovirus LCPAC102] -> [Pithovirus LCPAC202]
  SRR23107136_clean_NODE_16451_length_1623_cov_2.754839
      Genus: [Scutavirus] -> [空]
  SRR23107136_clean_NODE_1647_length_3340_cov_3.423018
      Family: [Poxviridae] -> [Orthoherpesviridae]
      Genus: [Orthopoxvirus] -> [Rhadinovirus]
  SRR23107136_clean_NODE_16481_length_1622_cov_4.043899
      Genus: [Tupanvirus] -> [空]
      Species: [Tupanvirus salinum] -> [Marseillevirus LCMAC201]
  SRR23107136_clean_NODE_16522_length_1621_cov_1.496124
      Genus: [Theiavirus] -> [空]
      Species: [Theiavirus salishense] -> [Pithovirus LCPAC103]
  SRR23107136_clean_NODE_16777_length_1611_cov_2.849805
      Genus: [Phaeovirus] -> [空]
      Species: [Phaeovirus unasiliculosus] -> [Marseillevirus LCMAC201]
  SRR23107136_clean_NODE_16827_length_1609_cov_2.292318
      Genus: [Alphacedratvirus] -> [Ascovirus]
      Species: [Alphacedratvirus brasiliense] -> [Trichoplusia ni ascovirus 6b]
  SRR23107136_clean_NODE_16844_length_1608_cov_4.757655
      Genus: [Alphahydrivirus] -> [空]
      Species: [Alphahydrivirus permafrostis] -> [Naiavirus sp.]
  SRR23107136_clean_NODE_1687_length_3321_cov_3.943042
      Genus: [Biavirus] -> [空]
      Species: [Biavirus raunefjordenense] -> [Marseillevirus LCMAC202]
  SRR23107136_clean_NODE_168_length_5889_cov_12.561554
      Species: [Micromonas polaris virus] -> [Chlorovirus americanus]
  SRR23107136_clean_NODE_17160_length_1596_cov_2.040709
      Genus: [Phaeovirus] -> [Hokovirus]
      Species: [Phaeovirus unasiliculosus] -> [Edafosvirus sp.]
  SRR23107136_clean_NODE_1716_length_3309_cov_1.520087
      Family: [Hydriviridae] -> [Mimiviridae]
      Genus: [Alphahydrivirus] -> [空]
      Species: [Alphahydrivirus permafrostis] -> [空]
  SRR23107136_clean_NODE_17258_length_1592_cov_1.988150
      Genus: [Tethysvirus] -> [Prymnesiovirus]
      Species: [Tethysvirus hollandense] -> [空]
  SRR23107136_clean_NODE_174_length_5829_cov_3.159312
      Species: [Chloriridovirus simulium1] -> [Chloriridovirus simulium2]
  SRR23107136_clean_NODE_17501_length_1582_cov_2.835653
      Species: [Rheavirus sinusmexicani] -> [Harvfovirus sp.]
  SRR23107136_clean_NODE_17557_length_1580_cov_1.262774
      Genus: [Wendovervirus] -> [空]
      Species: [Wendovervirus sonii] -> [Homavirus sp.]
  SRR23107136_clean_NODE_17711_length_1574_cov_2.003997
      Order: [Imitervirales] -> [Pimascovirales]
      Family: [Mimiviridae] -> [Pithoviridae]
      Genus: [Fadolivirus] -> [Alphapithovirus]
      Species: [Fadolivirus algeromassiliense] -> [Alphapithovirus siberiense]
  SRR23107136_clean_NODE_1779_length_3282_cov_13.554378
      Genus: [Alphahydrivirus] -> [空]
      Species: [Alphahydrivirus permafrostis] -> [Pithovirus LCPAC102]
  SRR23107136_clean_NODE_1784_length_3279_cov_9.324080
      Species: [Fadolivirus algeromassiliense] -> [Tupanvirus altamarinense]
  SRR23107136_clean_NODE_1789_length_3276_cov_4.282235
      Order: [Imitervirales] -> [空]
      Family: [Mimiviridae] -> [空]
      Genus: [Hokovirus] -> [Efemunavirus]
      Species: [Hokovirus HKV1] -> [Efemunavirus Lg62]
  SRR23107136_clean_NODE_17909_length_1566_cov_6.317482
      Genus: [Tupanvirus] -> [空]
      Species: [Tupanvirus salinum] -> [Marseillevirus LCMAC101]
  SRR23107136_clean_NODE_17912_length_1566_cov_5.462827
      Genus: [Alphacedratvirus] -> [空]
      Species: [Alphacedratvirus brasiliense] -> [Terrestrivirus sp.]
  SRR23107136_clean_NODE_1794_length_3273_cov_192.586875
      Genus: [Eurybiavirus] -> [空]
      Species: [Eurybiavirus PHM2] -> [空]
  SRR23107136_clean_NODE_18010_length_1562_cov_12.186702
      Genus: [Fadolivirus] -> [Theiavirus]
  SRR23107136_clean_NODE_1812_length_3266_cov_3.544942
      Genus: [Biavirus] -> [空]
      Species: [Biavirus raunefjordenense] -> [Marseillevirus LCMAC202]
  SRR23107136_clean_NODE_1814_length_3264_cov_8.289564
      Species: [Chrysophyceae clade H virus] -> [Alphabaculovirus anpernyi]
  SRR23107136_clean_NODE_18164_length_1557_cov_3.204178
      Genus: [Alphahydrivirus] -> [空]
  SRR23107136_clean_NODE_1822_length_3261_cov_5.227102
      Genus: [Phaeovirus] -> [Hokovirus]
      Species: [Phaeovirus unasiliculosus] -> [Hokovirus HKV1*]
  SRR23107136_clean_NODE_18233_length_1554_cov_5.827819
      Order: [Imitervirales] -> [空]
      Genus: [Hokovirus] -> [空]
  SRR23107136_clean_NODE_18244_length_1553_cov_20.896622
      Genus: [Biavirus] -> [Catovirus]
      Species: [Fadolivirus algeromassiliense] -> [空]
  SRR23107136_clean_NODE_18263_length_1553_cov_2.401351
      Class: [Caudoviricetes] -> [Megaviricetes]
      Order: [Pantevenvirales] -> [空]
      Family: [Kyanoviridae] -> [空]
      Genus: [Palaemonvirus] -> [空]
      Species: [Palaemonvirus pssm7] -> [空]
  SRR23107136_clean_NODE_1827_length_3257_cov_18.027952
      Family: [Schizomimiviridae] -> [Coronaviridae]
      Genus: [Biavirus] -> [Alphacoronavirus]
      Species: [Lasius neglectus picorna-like virus 10] -> [Nidovirales sp.]
  SRR23107136_clean_NODE_18328_length_1550_cov_5.233582
      Genus: [Heliosvirus] -> [Catovirus]
      Species: [Heliosvirus raunefjordenense] -> [空]
  SRR23107136_clean_NODE_18361_length_1549_cov_3.488482
      Species: [Tethysvirus ontarioense] -> [Dishui Lake large algae virus 1]
  SRR23107136_clean_NODE_18436_length_1546_cov_2.664630
      Genus: [Mimivirus] -> [Klosneuvirus]
      Species: [Mimivirus bradfordmassiliense] -> [Klosneuvirus KNV1*]
  SRR23107136_clean_NODE_18464_length_1545_cov_3.808424
      Genus: [Tupanvirus] -> [空]
      Species: [Tupanvirus salinum] -> [Marseillevirus LCMAC101]
  SRR23107136_clean_NODE_18495_length_1543_cov_8.426531
      Family: [Adenoviridae] -> [Mimiviridae]
  SRR23107136_clean_NODE_18666_length_1537_cov_4.079918
      Species: [Marseillevirus LCMAC101] -> [Phaeovirus unasiliculosus]
  SRR23107136_clean_NODE_186_length_5670_cov_14.392174
      Genus: [Alphahydrivirus] -> [空]
      Species: [Alphahydrivirus permafrostis] -> [Homavirus sp.]
  SRR23107136_clean_NODE_1870_length_3235_cov_14.778937
      Genus: [Chlorovirus] -> [空]
      Species: [Chlorovirus conductrix] -> [Terrestrivirus sp.]
  SRR23107136_clean_NODE_18758_length_1534_cov_6.405202
      Genus: [Heliosvirus] -> [Catovirus]
      Species: [Heliosvirus raunefjordenense] -> [空]
  SRR23107136_clean_NODE_18774_length_1534_cov_2.629021
      Genus: [Phaeovirus] -> [Hokovirus]
      Species: [Phaeovirus unasiliculosus] -> [Hokovirus HKV1*]
  SRR23107136_clean_NODE_18932_length_1528_cov_2.922337
      Genus: [Pandoravirus] -> [空]
  SRR23107136_clean_NODE_1913_length_3216_cov_10.043907
      Genus: [Heliosvirus] -> [空]
      Species: [Heliosvirus raunefjordenense] -> [空]
  SRR23107136_clean_NODE_19148_length_1521_cov_6.272790
      Genus: [Phikzvirus] -> [Pawinskivirus]
  SRR23107136_clean_NODE_19184_length_1520_cov_6.219074
      Order: [Chitovirales] -> [空]
  SRR23107136_clean_NODE_19211_length_1519_cov_5.979945
      Genus: [Alphabaculovirus] -> [Catovirus]
      Species: [Alphabaculovirus speridaniae] -> [Catovirus CTV1]
  SRR23107136_clean_NODE_1922_length_3214_cov_12.424387
      Genus: [Alphahydrivirus] -> [Fadolivirus]
  SRR23107136_clean_NODE_1984_length_3192_cov_5.136262
      Genus: [Alphahydrivirus] -> [空]
      Species: [Alphahydrivirus permafrostis] -> [Naiavirus sp.]
  SRR23107136_clean_NODE_1985_length_3192_cov_4.107406
      Family: [Phycodnaviridae] -> [Mimiviridae]
      Genus: [Chlorovirus] -> [空]
      Species: [Chlorovirus americanus] -> [空]
  SRR23107136_clean_NODE_19891_length_1497_cov_15.609551
      Species: [Tupanvirus salinum] -> [Alphaorpheovirus massiliense]
  SRR23107136_clean_NODE_1991_length_3187_cov_11.046885
      Species: [Percavirus equidgamma2] -> [Epsilonentomopoxvirus dlongicaudata]
  SRR23107136_clean_NODE_1993_length_3187_cov_8.034361
      Genus: [Vetruanivirus] -> [Hokovirus]
      Species: [Vetruanivirus porcinsecundi] -> [Hokovirus HKV1*]
  SRR23107136_clean_NODE_20091_length_1491_cov_3.909732
      Genus: [Manticavirus] -> [空]
  SRR23107136_clean_NODE_20288_length_1484_cov_70.441531
      Species: [Mammarenavirus tamiamiense] -> [Fadolivirus algeromassiliense]
  SRR23107136_clean_NODE_2034_length_3168_cov_4.418417
      Genus: [Alphahydrivirus] -> [Tupanvirus]
  SRR23107136_clean_NODE_20420_length_1481_cov_2.411932
      Genus: [Phikzvirus] -> [Pawinskivirus]
  SRR23107136_clean_NODE_20534_length_1477_cov_5.858262
      Genus: [Alphahydrivirus] -> [空]
      Species: [Coltivirus dermacentoris] -> [空]
  SRR23107136_clean_NODE_20647_length_1474_cov_1.713776
      Species: [Cotonvirus japonicum] -> [空]
  SRR23107136_clean_NODE_2082_length_3144_cov_4.207750
      Species: [Hokovirus HKV1] -> [Fadolivirus algeromassiliense]
  SRR23107136_clean_NODE_20915_length_1466_cov_2.699928
      Genus: [Phaeovirus] -> [Hokovirus]
      Species: [Phaeovirus unasiliculosus] -> [Hokovirus HKV1*]
  SRR23107136_clean_NODE_20943_length_1465_cov_3.938218
      Class: [Revtraviricetes] -> [Megaviricetes]
      Order: [Ortervirales] -> [Imitervirales]
      Family: [Retroviridae] -> [Mimiviridae]
      Genus: [Lentivirus] -> [Hokovirus]
      Species: [Lentivirus humimdef1] -> [Hokovirus HKV1]
  SRR23107136_clean_NODE_21041_length_1462_cov_3.276458
      Family: [Adenoviridae] -> [Phycodnaviridae]
      Species: [environmental samples] -> [空]
  SRR23107136_clean_NODE_21225_length_1457_cov_1.773844
      Species: [Tupanvirus altamarinense] -> [Edafosvirus sp.]
  SRR23107136_clean_NODE_21548_length_1446_cov_34.678077
      Family: [Hydriviridae] -> [空]
      Genus: [Alphahydrivirus] -> [空]
      Species: [Alphahydrivirus permafrostis] -> [空]
  SRR23107136_clean_NODE_21599_length_1445_cov_13.798105
      Family: [Mimiviridae] -> [Orpheoviridae]
      Genus: [Mimivirus] -> [Alphaorpheovirus]
      Species: [Mimivirus lagoaense] -> [Pithovirus LCPAC302]
  SRR23107136_clean_NODE_2160_length_3115_cov_20.865549
      Genus: [Tethysvirus] -> [空]
  SRR23107136_clean_NODE_21626_length_1444_cov_19.363968
      Family: [Hydriviridae] -> [空]
      Genus: [Alphahydrivirus] -> [空]
      Species: [Alphahydrivirus permafrostis] -> [空]
  SRR23107136_clean_NODE_21732_length_1441_cov_5.636696
      Realm: [Varidnaviria] -> [Duplodnaviria]
      Kingdom: [Bamfordvirae] -> [Heunggongvirae]
      Class: [Megaviricetes] -> [Caudoviricetes]
  SRR23107136_clean_NODE_21852_length_1438_cov_1.802930
      Species: [Cotonvirus japonicum] -> [Hyperionvirus sp.]
  SRR23107136_clean_NODE_2205_length_3101_cov_4.915125
      Family: [Hydriviridae] -> [Mimiviridae]
      Genus: [Alphahydrivirus] -> [空]
      Species: [Alphahydrivirus permafrostis] -> [Edafosvirus sp.]
  SRR23107136_clean_NODE_2208_length_3100_cov_5.012554
      Genus: [Chlorovirus] -> [空]
      Species: [Chlorovirus americanus] -> [Terrestrivirus sp.]
  SRR23107136_clean_NODE_22108_length_1430_cov_2.512896
      Family: [Mimiviridae] -> [Orthoherpesviridae]
      Genus: [Mimivirus] -> [Rhadinovirus]
      Species: [Mimivirus bradfordmassiliense] -> [Rhadinovirus cricetidgamma2]
  SRR23107136_clean_NODE_22192_length_1428_cov_1.611808
      Genus: [Tupanvirus] -> [空]
  SRR23107136_clean_NODE_22219_length_1427_cov_1.199409
      Species: [Tupanvirus altamarinense] -> [Dasosvirus sp.]
  SRR23107136_clean_NODE_22262_length_1426_cov_2.154472
      Genus: [Anayavirus] -> [空]
      Species: [Anayavirus kisi] -> [Edafosvirus sp.]
  SRR23107136_clean_NODE_22419_length_1421_cov_2.958457
      Species: [Phaeovirus irregularis] -> [Hokovirus HKV1*]
  SRR23107136_clean_NODE_22475_length_1419_cov_8.411590
      Order: [Lefavirales] -> [Imitervirales]
      Family: [Baculoviridae] -> [Mimiviridae]
      Genus: [Alphabaculovirus] -> [Catovirus]
      Species: [Alphabaculovirus spocosmioidis] -> [Catovirus klosterense]
  SRR23107136_clean_NODE_22665_length_1414_cov_3.718867
      Kingdom: [Heunggongvirae] -> [Bamfordvirae]
      Class: [Megaviricetes] -> [Herviviricetes]
      Genus: [Simplexvirus] -> [Varicellovirus]
      Species: [Simplexvirus macropodidalpha4] -> [Varicellovirus canidalpha1]
  SRR23107136_clean_NODE_2273_length_3075_cov_4.349101
      Species: [Lentivirus humimdef1] -> [Gammaretrovirus snythefelsar]
  SRR23107136_clean_NODE_22781_length_1410_cov_10.373224
      Genus: [Minunavirus] -> [空]
  SRR23107136_clean_NODE_22967_length_1405_cov_3.042042
      Genus: [Biavirus] -> [空]
      Species: [Biavirus raunefjordenense] -> [Hyperionvirus sp.]
  SRR23107136_clean_NODE_23014_length_1404_cov_2.024793
      Genus: [Phaeovirus] -> [空]
      Species: [Phaeovirus irregularis] -> [Marseillevirus LCMAC201]
  SRR23107136_clean_NODE_2304_length_3065_cov_18.387032
      Genus: [Chlorovirus] -> [Alphabaculovirus]
      Species: [Chlorovirus americanus] -> [Alphabaculovirus pavitrealis]
  SRR23107136_clean_NODE_2308_length_3064_cov_7.475092
      Genus: [Phaeovirus] -> [Hokovirus]
      Species: [Phaeovirus unasiliculosus] -> [空]
  SRR23107136_clean_NODE_23345_length_1394_cov_4.053747
      Genus: [Eurybiavirus] -> [空]
      Species: [Eurybiavirus PHM2] -> [空]
  SRR23107136_clean_NODE_23383_length_1393_cov_5.249242
      Species: [Faunusvirus sp.] -> [空]
  SRR23107136_clean_NODE_2338_length_3053_cov_6.991946
      Genus: [Eurybiavirus] -> [空]
      Species: [Eurybiavirus MED4213] -> [空]
  SRR23107136_clean_NODE_23484_length_1391_cov_1.968892
      Genus: [Phaeovirus] -> [空]
      Species: [Phaeovirus feldmanniae] -> [空]
  SRR23107136_clean_NODE_2373_length_3044_cov_13.568159
      Genus: [Chlorovirus] -> [空]
      Species: [Chlorovirus conductrix] -> [Terrestrivirus sp.]
  SRR23107136_clean_NODE_2381_length_3041_cov_48.388814
      Class: [Caudoviricetes] -> [Pharingeaviricetes]
      Family: [Adenoviridae] -> [Zimmerviridae]
  SRR23107136_clean_NODE_23916_length_1379_cov_2.227412
      Genus: [Serangoonvirus] -> [空]
      Species: [Serangoonvirus essarone] -> [Pithovirus LCPAC102]
  SRR23107136_clean_NODE_2399_length_3035_cov_2.740716
      Family: [Phycodnaviridae] -> [Kyanoviridae]
  SRR23107136_clean_NODE_2425_length_3028_cov_3.183756
      Genus: [Alphahydrivirus] -> [Fadolivirus]
  SRR23107136_clean_NODE_2440_length_3022_cov_2.872838
      Class: [Caudoviricetes] -> [Malgrandaviricetes]
  SRR23107136_clean_NODE_2441_length_3021_cov_18.795794
      Family: [Hydriviridae] -> [Mimiviridae]
      Genus: [Alphahydrivirus] -> [空]
      Species: [Alphahydrivirus permafrostis] -> [空]
  SRR23107136_clean_NODE_2462_length_3012_cov_5.720994
      Genus: [Alphahydrivirus] -> [空]
      Species: [Alphahydrivirus permafrostis] -> [Naiavirus sp.]
  SRR23107136_clean_NODE_24822_length_1355_cov_4.683307
      Genus: [Fadolivirus] -> [Klosneuvirus]
      Species: [Fadolivirus algeromassiliense] -> [Klosneuvirus KNV1*]
  SRR23107136_clean_NODE_24925_length_1353_cov_2.028906
      Genus: [Proboscivirus] -> [空]
      Species: [Proboscivirus elephantidbeta3] -> [空]
  SRR23107136_clean_NODE_24987_length_1351_cov_2.953052
      Family: [Pithoviridae] -> [Kyanoviridae]
  SRR23107136_clean_NODE_25055_length_1349_cov_2.845611
      Genus: [Alphaorpheovirus] -> [空]
      Species: [Alphaorpheovirus massiliense] -> [Pithovirus LCPAC102]
  SRR23107136_clean_NODE_25314_length_1342_cov_4.315209
      Genus: [Biavirus] -> [Alphapithovirus]
  SRR23107136_clean_NODE_25352_length_1341_cov_6.115142
      Species: [environmental samples] -> [空]
  SRR23107136_clean_NODE_2543_length_2987_cov_6.477694
      Genus: [Phaeovirus] -> [空]
      Species: [Phaeovirus feldmanniae] -> [Marseillevirus LCMAC201]
  SRR23107136_clean_NODE_25450_length_1339_cov_6.632701
      Genus: [Alphahydrivirus] -> [空]
      Species: [Alphahydrivirus permafrostis] -> [空]
  SRR23107136_clean_NODE_2549_length_2985_cov_14.120879
      Species: [Metapenaeus ensis majanivirus] -> [Theiavirus salishense]
  SRR23107136_clean_NODE_25718_length_1333_cov_1.822222
      Species: [Tupanvirus altamarinense] -> [Dasosvirus sp.]
  SRR23107136_clean_NODE_25765_length_1332_cov_1.433678
      Class: [Caudoviricetes] -> [Megaviricetes]
      Genus: [Kungbxnavirus] -> [Klosneuvirus]
      Species: [Kungbxnavirus pT24] -> [Klosneuvirus KNV1*]
  SRR23107136_clean_NODE_2587_length_2975_cov_2.181599
      Genus: [Biavirus] -> [空]
  SRR23107136_clean_NODE_25927_length_1327_cov_11.086922
      Species: [environmental samples] -> [空]
  SRR23107136_clean_NODE_25998_length_1326_cov_2.102953
      Genus: [Fadolivirus] -> [Tupanvirus]
      Species: [Fadolivirus algeromassiliense] -> [空]
  SRR23107136_clean_NODE_26029_length_1325_cov_3.481629
      Genus: [Alphahydrivirus] -> [Hokovirus]
      Species: [Alphahydrivirus permafrostis] -> [Hokovirus HKV1*]
  SRR23107136_clean_NODE_26053_length_1324_cov_26.199041
      Kingdom: [Heunggongvirae] -> [Bamfordvirae]
      Phylum: [Uroviricota] -> [Nucleocytoviricota]
      Class: [Caudoviricetes] -> [Megaviricetes]
  SRR23107136_clean_NODE_2627_length_2960_cov_5.015241
      Genus: [Phaeovirus] -> [空]
      Species: [Phaeovirus feldmanniae] -> [Terrestrivirus sp.]
  SRR23107136_clean_NODE_2628_length_2960_cov_2.627641
      Species: [Fadolivirus algeromassiliense] -> [Tupanvirus salinum]
  SRR23107136_clean_NODE_2664_length_2951_cov_10.874218
      Species: [Biavirus raunefjordenense] -> [Tethysvirus ontarioense]
  SRR23107136_clean_NODE_26718_length_1309_cov_2.233819
      Genus: [Phaeovirus] -> [Hokovirus]
      Species: [Phaeovirus irregularis] -> [Hokovirus HKV1*]
  SRR23107136_clean_NODE_268_length_5362_cov_29.958215
      Species: [Biavirus raunefjordenense] -> [Oceanusvirus kaneohense]
  SRR23107136_clean_NODE_2694_length_2941_cov_5.124477
      Genus: [Mimivirus] -> [Gammaretrovirus]
      Species: [Mimivirus bradfordmassiliense] -> [空]
  SRR23107136_clean_NODE_2733_length_2930_cov_3.072104
      Class: [Caudoviricetes] -> [Revtraviricetes]
      Family: [Retroviridae] -> [Chimalliviridae]
      Genus: [Lentivirus] -> [Pawinskivirus]
      Species: [Lentivirus humimdef1] -> [Pawinskivirus PS119XW]
  SRR23107136_clean_NODE_2737_length_2927_cov_6.619832
      Genus: [Alphahydrivirus] -> [Fadolivirus]
  SRR23107136_clean_NODE_27448_length_1292_cov_2.452830
      Family: [Adenoviridae] -> [Mimiviridae]
      Species: [Megaviridae environmental sample*] -> [空]
  SRR23107136_clean_NODE_27535_length_1289_cov_20.481908
      Species: [Theiavirus salishense] -> [Sylvanvirus sp.]
  SRR23107136_clean_NODE_2779_length_2916_cov_12.267323
      Order: [Chitovirales] -> [Pimascovirales]
  SRR23107136_clean_NODE_27838_length_1283_cov_1.448760
      Genus: [Phaeovirus] -> [Hokovirus]
      Species: [Phaeovirus unasiliculosus] -> [Hokovirus HKV1*]
  SRR23107136_clean_NODE_27875_length_1282_cov_1.666667
      Genus: [Alphahydrivirus] -> [Hokovirus]
      Species: [Alphahydrivirus permafrostis] -> [Hokovirus HKV1*]
  SRR23107136_clean_NODE_279_length_5339_cov_4.378656
      Genus: [Salmonpoxvirus] -> [Gammaretrovirus]
  SRR23107136_clean_NODE_28031_length_1278_cov_3.127801
      Family: [Hydriviridae] -> [空]
      Genus: [Alphahydrivirus] -> [空]
      Species: [Alphahydrivirus permafrostis] -> [空]
  SRR23107136_clean_NODE_2804_length_2910_cov_9.150511
      Order: [Chitovirales] -> [空]
      Genus: [Centapoxvirus] -> [Pawinskivirus]
      Species: [Centapoxvirus yokapox] -> [Pawinskivirus PS119XW]
  SRR23107136_clean_NODE_28167_length_1276_cov_1.438071
      Species: [Oryzopoxvirus cotia] -> [Hypsugopox virus]
  SRR23107136_clean_NODE_28391_length_1271_cov_1.710351
      Species: [Chloriridovirus simulium1] -> [Megalocytivirus lates1]
  SRR23107136_clean_NODE_28548_length_1268_cov_1.630126
      Genus: [Phaeovirus] -> [空]
      Species: [Phaeovirus irregularis] -> [Marseillevirus LCMAC201]
  SRR23107136_clean_NODE_28554_length_1267_cov_65.152429
      Species: [Biavirus raunefjordenense] -> [Tupanvirus salinum]
  SRR23107136_clean_NODE_2857_length_2891_cov_15.701207
      Species: [Chrysophyceae clade H virus] -> [Tupanvirus salinum]
  SRR23107136_clean_NODE_28709_length_1264_cov_2.899244
      Species: [Catovirus klosterense] -> [Fadolivirus algeromassiliense]
  SRR23107136_clean_NODE_28772_length_1263_cov_1.951261
      Genus: [Alphabaculovirus] -> [空]
      Species: [Alphabaculovirus leseparatae] -> [空]
  SRR23107136_clean_NODE_2877_length_2884_cov_66.520100
      Species: [Tupanvirus salinum] -> [Fadolivirus algeromassiliense]
  SRR23107136_clean_NODE_28_length_8299_cov_7.126185
      Species: [Fadolivirus algeromassiliense] -> [Harvfovirus sp.]
  SRR23107136_clean_NODE_29138_length_1255_cov_2.844332
      Genus: [Pandoravirus] -> [空]
      Species: [Faunusvirus sp.] -> [空]
  SRR23107136_clean_NODE_29173_length_1254_cov_5.637595
      Genus: [Alphahydrivirus] -> [Alphaorpheovirus]
      Species: [Alphaorpheovirus massiliense] -> [Pithovirus LCPAC201]
  SRR23107136_clean_NODE_29328_length_1251_cov_3.436333
      Genus: [Phaeovirus] -> [Fadolivirus]
      Species: [Phaeovirus unasiliculosus] -> [Fadolivirus algeromassiliense]
  SRR23107136_clean_NODE_2979_length_2860_cov_35.163258
      Family: [Pithoviridae] -> [Mimiviridae]
      Genus: [Alphacedratvirus] -> [空]
      Species: [Alphacedratvirus brasiliense] -> [空]
  SRR23107136_clean_NODE_29_length_8266_cov_7.594044
      Family: [Mesomimiviridae] -> [Phycodnaviridae]
      Genus: [Tethysvirus] -> [空]
      Species: [Tethysvirus hollandense] -> [空]
  SRR23107136_clean_NODE_3005_length_2855_cov_2.460820
      Species: [Biavirus raunefjordenense] -> [Megavirus chilense]
  SRR23107136_clean_NODE_30471_length_1226_cov_8.117086
      Genus: [Tupanvirus] -> [空]
      Species: [Tupanvirus salinum] -> [Marseillevirus LCMAC101]
  SRR23107136_clean_NODE_3048_length_2843_cov_26.770758
      Family: [Pithoviridae] -> [Schizomimiviridae]
      Genus: [Alphacedratvirus] -> [空]
      Species: [Alphacedratvirus brasiliense] -> [Mimiviridae sp. ChoanoV1]
  SRR23107136_clean_NODE_3062_length_2839_cov_10.120752
      Genus: [Phaeovirus] -> [空]
      Species: [Phaeovirus feldmanniae] -> [Marseillevirus LCMAC201]
  SRR23107136_clean_NODE_3064_length_2839_cov_3.266811
      Genus: [Phaeovirus] -> [空]
      Species: [Phaeovirus unasiliculosus] -> [Marseillevirus LCMAC201]
  SRR23107136_clean_NODE_30699_length_1222_cov_2.139252
      Genus: [Clandestinovirus] -> [空]
      Species: [Furtivovirus sp. B10] -> [Clandestinovirus]
  SRR23107136_clean_NODE_30752_length_1221_cov_2.351916
      Family: [Adenoviridae] -> [Mimiviridae]
      Species: [Megaviridae environmental sample*] -> [空]
  SRR23107136_clean_NODE_3082_length_2833_cov_14.578623
      Genus: [Pandoravirus] -> [Alpharetrovirus]
  SRR23107136_clean_NODE_30875_length_1219_cov_1.291449
      Order: [Pantevenvirales] -> [Pimascovirales]
      Genus: [Serangoonvirus] -> [空]
  SRR23107136_clean_NODE_30931_length_1217_cov_8.386364
      Genus: [Chlorovirus] -> [空]
      Species: [Chlorovirus conductrix] -> [空]
  SRR23107136_clean_NODE_3095_length_2830_cov_9.854552
      Class: [Caudoviricetes] -> [Megaviricetes]
      Genus: [Gaiavirus] -> [空]
  SRR23107136_clean_NODE_3098_length_2829_cov_33.074746
      Genus: [Biavirus] -> [空]
  SRR23107136_clean_NODE_31156_length_1213_cov_1.827193
      Genus: [Phaeovirus] -> [空]
      Species: [Phaeovirus irregularis] -> [Terrestrivirus sp.]
  SRR23107136_clean_NODE_31174_length_1212_cov_7.864794
      Genus: [Oceanusvirus] -> [空]
      Species: [Apis mellifera filamentous virus] -> [Barrevirus sp.]
  SRR23107136_clean_NODE_31202_length_1212_cov_2.530290
      Genus: [Alphahydrivirus] -> [Hokovirus]
      Species: [Alphahydrivirus permafrostis] -> [Hokovirus HKV1*]
  SRR23107136_clean_NODE_3120_length_2822_cov_34.307021
      Genus: [Phaeovirus] -> [Klosneuvirus]
      Species: [Phaeovirus unasiliculosus] -> [Klosneuvirus KNV1*]
  SRR23107136_clean_NODE_31314_length_1210_cov_2.077397
      Species: [Megavirus baoshanense] -> [Sylvanvirus sp.]
  SRR23107136_clean_NODE_3141_length_2817_cov_8.642857
      Genus: [Phaeovirus] -> [Hokovirus]
      Species: [Phaeovirus unasiliculosus] -> [空]
  SRR23107136_clean_NODE_31668_length_1203_cov_3.959292
      Family: [Tombusviridae] -> [Orthoherpesviridae]
      Genus: [Rimosavirus] -> [Simplexvirus]
      Species: [Rimosavirus rhipicephali] -> [Simplexvirus macacinealpha2]
  SRR23107136_clean_NODE_3224_length_2797_cov_7.833333
      Genus: [Chlorovirus] -> [空]
      Species: [Chlorovirus conductrix] -> [Terrestrivirus sp.]
  SRR23107136_clean_NODE_32465_length_1188_cov_1.876233
      Genus: [Tethysvirus] -> [空]
      Species: [Tethysvirus ontarioense] -> [空]
  SRR23107136_clean_NODE_3248_length_2790_cov_18.975340
      Genus: [Polybotosvirus] -> [Heliosvirus]
  SRR23107136_clean_NODE_3250_length_2789_cov_4.000368
      Genus: [Alphabaculovirus] -> [空]
      Species: [Alphabaculovirus clabilineatae] -> [Mimivirus LCMiAC01]
  SRR23107136_clean_NODE_32622_length_1185_cov_2.491007
      Genus: [Mimivirus] -> [Hokovirus]
      Species: [Mimivirus sp. 'reunion'] -> [Hokovirus HKV1*]
  SRR23107136_clean_NODE_32669_length_1184_cov_3.379838
      Genus: [Catovirus] -> [Megavirus]
  SRR23107136_clean_NODE_32805_length_1181_cov_17.248195
      Genus: [Fadolivirus] -> [空]
  SRR23107136_clean_NODE_32912_length_1179_cov_6.411392
      Genus: [Chlorovirus] -> [Klosneuvirus]
      Species: [Chlorovirus vanettense] -> [Klosneuvirus KNV1*]
  SRR23107136_clean_NODE_33108_length_1176_cov_1.338169
      Genus: [Tupanvirus] -> [空]
      Species: [Tupanvirus salinum] -> [Marseillevirus LCMAC201]
  SRR23107136_clean_NODE_33135_length_1175_cov_3.073503
      Family: [Mimiviridae] -> [空]
      Genus: [Cotonvirus] -> [空]
      Species: [Cotonvirus japonicum] -> [空]
  SRR23107136_clean_NODE_33373_length_1171_cov_1.396175
      Genus: [Phaeovirus] -> [空]
      Species: [Phaeovirus feldmanniae] -> [Marseillevirus LCMAC102]
  SRR23107136_clean_NODE_33555_length_1167_cov_4.862888
      Family: [Schizomimiviridae] -> [空]
      Genus: [Biavirus] -> [空]
      Species: [Biavirus raunefjordenense] -> [Bemisia tabaci nido-like virus 1]
  SRR23107136_clean_NODE_3358_length_2764_cov_5.849870
      Class: [Caudoviricetes] -> [Megaviricetes]
      Genus: [Polybotosvirus] -> [Heliosvirus]
      Species: [Kobuvirus dekago] -> [Heliosvirus raunefjordenense]
  SRR23107136_clean_NODE_3365_length_2763_cov_14.554275
      Phylum: [Nucleocytoviricota] -> [Artverviricota]
      Genus: [Theiavirus] -> [Gammaretrovirus]
      Species: [Salmonpoxvirus gillpox] -> [Gammaretrovirus felleu]
  SRR23107136_clean_NODE_3384_length_2759_cov_2.681310
      Order: [Lefavirales] -> [空]
      Family: [Baculoviridae] -> [空]
      Species: [Chrysophyceae clade H virus] -> [Reynauldvirus reynauld]
  SRR23107136_clean_NODE_33928_length_1160_cov_4.824287
      Species: [Sarcophaga melanura xinmovirus 1] -> [Pithovirus LCPAC304]
  SRR23107136_clean_NODE_3411_length_2752_cov_208.400523
      Genus: [Biavirus] -> [Kratosvirus]
      Species: [Biavirus raunefjordenense] -> [Kratosvirus quantuckense]
  SRR23107136_clean_NODE_34172_length_1156_cov_2.610342
      Genus: [Phaeovirus] -> [空]
      Species: [Phaeovirus unasiliculosus] -> [Sylvanvirus sp.]
  SRR23107136_clean_NODE_3429_length_2749_cov_5.184978
      Order: [Ortervirales] -> [Imitervirales]
      Family: [Metaviridae] -> [Mimiviridae]
      Genus: [Metavirus] -> [空]
      Species: [Metavirus tatarabidopsis] -> [空]
  SRR23107136_clean_NODE_3433_length_2748_cov_7.904673
      Class: [Caudoviricetes] -> [Megaviricetes]
      Genus: [Polybotosvirus] -> [Heliosvirus]
  SRR23107136_clean_NODE_3464_length_2743_cov_7.682397
      Species: [Orthopoxvirus variola] -> [Orthopoxvirus akhmetapox]
  SRR23107136_clean_NODE_3476_length_2740_cov_8.369329
      Order: [Algavirales] -> [空]
      Family: [Phycodnaviridae] -> [空]
  SRR23107136_clean_NODE_34911_length_1143_cov_1.522430
      Genus: [Phaeovirus] -> [Hokovirus]
      Species: [Phaeovirus unasiliculosus] -> [Hokovirus HKV1*]
  SRR23107136_clean_NODE_3491_length_2737_cov_4.274399
      Species: [Cotonvirus japonicum] -> [Avipoxvirus canarypox]
  SRR23107136_clean_NODE_34923_length_1142_cov_17.251637
      Genus: [Serangoonvirus] -> [空]
  SRR23107136_clean_NODE_35057_length_1140_cov_7.303655
      Species: [Chrocavynd virus] -> [Hanko totivirus 4]
  SRR23107136_clean_NODE_3507_length_2733_cov_2.913910
      Genus: [Biavirus] -> [空]
      Species: [Biavirus raunefjordenense] -> [Edafosvirus sp.]
  SRR23107136_clean_NODE_3600_length_2715_cov_4.844815
      Species: [environmental samples] -> [空]
  SRR23107136_clean_NODE_36386_length_1117_cov_3.785441
      Genus: [Phikzvirus] -> [Pawinskivirus]
  SRR23107136_clean_NODE_3643_length_2707_cov_2.785877
      Class: [Caudoviricetes] -> [Naldaviricetes]
      Genus: [Chlorovirus] -> [Alphabaculovirus]
  SRR23107136_clean_NODE_36447_length_1116_cov_4.090125
      Family: [Phycodnaviridae] -> [Kyanoviridae]
  SRR23107136_clean_NODE_3644_length_2707_cov_2.731207
      Species: [Theiavirus salishense] -> [Cotonvirus japonicum]
  SRR23107136_clean_NODE_36570_length_1114_cov_4.187320
      Species: [environmental samples] -> [空]
  SRR23107136_clean_NODE_3665_length_2703_cov_8.163118
      Genus: [Chlorovirus] -> [空]
      Species: [Chlorovirus conductrix] -> [Terrestrivirus sp.]
  SRR23107136_clean_NODE_3677_length_2701_cov_4.412100
      Genus: [Alphahydrivirus] -> [空]
      Species: [Alphahydrivirus permafrostis] -> [Naiavirus sp.]
  SRR23107136_clean_NODE_36814_length_1110_cov_3.048216
      Species: [Phaeovirus unasiliculosus] -> [Hokovirus HKV1*]
  SRR23107136_clean_NODE_36843_length_1110_cov_1.562199
      Species: [Lentivirus humimdef1] -> [Tupanvirus altamarinense]
  SRR23107136_clean_NODE_3684_length_2699_cov_12.673267
      Genus: [Phaeovirus] -> [空]
      Species: [Phaeovirus feldmanniae] -> [Mimivirus LCMiAC01]
  SRR23107136_clean_NODE_3693_length_2698_cov_10.742095
      Order: [Ortervirales] -> [Kirjokansivirales]
      Species: [Lentivirus humimdef2] -> [Deepoceanvirus guaymasense]
  SRR23107136_clean_NODE_36_length_8125_cov_8.986587
      Genus: [Alphaorpheovirus] -> [空]
      Species: [Alphaorpheovirus massiliense] -> [Metapenaeopsis lamellata majanivirus]
  SRR23107136_clean_NODE_3700_length_2697_cov_4.536966
      Genus: [Phaeovirus] -> [空]
      Species: [Phaeovirus feldmanniae] -> [Marseillevirus LCMAC201]
  SRR23107136_clean_NODE_3712_length_2695_cov_3.170862
      Genus: [Alphahydrivirus] -> [空]
      Species: [Alphahydrivirus permafrostis] -> [Naiavirus sp.]
  SRR23107136_clean_NODE_3713_length_2694_cov_56.146127
      Species: [Megaviridae environmental sample*] -> [空]
  SRR23107136_clean_NODE_37405_length_1100_cov_7.468354
      Genus: [Marseillevirus] -> [Tupanvirus]
  SRR23107136_clean_NODE_37451_length_1100_cov_1.531646
      Class: [Caudoviricetes] -> [Megaviricetes]
      Genus: [Efunavirus] -> [空]
      Species: [Efunavirus H1] -> [空]
  SRR23107136_clean_NODE_3778_length_2682_cov_159.307397
      Genus: [Alphahydrivirus] -> [空]
      Species: [Alphahydrivirus permafrostis] -> [Naiavirus sp.]
  SRR23107136_clean_NODE_3789_length_2680_cov_4.243959
      Species: [Percavirus equidgamma5] -> [Poseidoniales virus]
  SRR23107136_clean_NODE_3799_length_2678_cov_8.624952
      Class: [Caudoviricetes] -> [Megaviricetes]
      Genus: [Polybotosvirus] -> [Heliosvirus]
  SRR23107136_clean_NODE_38051_length_1090_cov_1.685349
      Species: [Marseillevirus LCMAC101] -> [Phaeovirus unasiliculosus]
  SRR23107136_clean_NODE_38163_length_1088_cov_2.711330
      Order: [Lefavirales] -> [空]
      Family: [Hytrosaviridae] -> [空]
      Genus: [Glossinavirus] -> [空]
      Species: [Glossinavirus glopallidipedis] -> [空]
  SRR23107136_clean_NODE_3822_length_2675_cov_6.580707
      Genus: [Alphahydrivirus] -> [Tupanvirus]
  SRR23107136_clean_NODE_3849_length_2669_cov_5.736518
      Genus: [Phaeovirus] -> [空]
      Species: [Phaeovirus unasiliculosus] -> [Marseillevirus LCMAC102]
  SRR23107136_clean_NODE_38540_length_1082_cov_2.639247
      Species: [Pithovirus LCPAC302] -> [空]
  SRR23107136_clean_NODE_38572_length_1081_cov_9.045635
      Genus: [Varicellovirus] -> [空]
  SRR23107136_clean_NODE_3892_length_2663_cov_4.596911
      Genus: [Luzcentumvirus] -> [空]
  SRR23107136_clean_NODE_3910_length_2660_cov_8.968303
      Genus: [Phaeovirus] -> [空]
      Species: [Phaeovirus feldmanniae] -> [Marseillevirus LCMAC201]
  SRR23107136_clean_NODE_3938_length_2654_cov_21.639675
      Genus: [Alphahydrivirus] -> [Tupanvirus]
      Species: [Alphahydrivirus permafrostis] -> [空]
  SRR23107136_clean_NODE_394_length_4925_cov_9.803586
      Genus: [Alphacedratvirus] -> [空]
  SRR23107136_clean_NODE_3981_length_2647_cov_8.518260
      Species: [Catovirus klosterense] -> [Fadolivirus algeromassiliense]
  SRR23107136_clean_NODE_3982_length_2647_cov_5.034577
      Genus: [Biavirus] -> [Kratosvirus]
      Species: [Biavirus raunefjordenense] -> [Kratosvirus quantuckense]
  SRR23107136_clean_NODE_39950_length_1060_cov_2.628166
      Order: [Herpesvirales] -> [Algavirales]
  SRR23107136_clean_NODE_40024_length_1059_cov_2.273834
      Genus: [Cotonvirus] -> [Fadolivirus]
  SRR23107136_clean_NODE_404_length_4898_cov_7.862798
      Species: [Biavirus raunefjordenense] -> [Sylvanvirus sp.]
  SRR23107136_clean_NODE_4051_length_2635_cov_19.994926
      Genus: [Alphahydrivirus] -> [空]
      Species: [Alphahydrivirus permafrostis] -> [空]
  SRR23107136_clean_NODE_4055_length_2634_cov_109.892230
      Genus: [Salmonpoxvirus] -> [空]
      Species: [Salmonpoxvirus gillpox] -> [Pentanymphon antarcticum iridovirus]
  SRR23107136_clean_NODE_4086_length_2627_cov_15.285435
      Genus: [Raphidovirus] -> [空]
      Species: [Raphidovirus japonicum] -> [空]
  SRR23107136_clean_NODE_41100_length_1043_cov_1.275258
      Genus: [Phaeovirus] -> [空]
      Species: [Phaeovirus unasiliculosus] -> [Marseillevirus LCMAC101]
  SRR23107136_clean_NODE_41253_length_1040_cov_13.962771
      Genus: [Alphaorpheovirus] -> [空]
  SRR23107136_clean_NODE_4126_length_2619_cov_11.950903
      Species: [Phaeovirus irregularis] -> [Phaeovirus unasiliculosus]
  SRR23107136_clean_NODE_41346_length_1039_cov_2.585921
      Genus: [Gammabaculovirus] -> [空]
      Species: [Gammabaculovirus neabietis] -> [Hyperionvirus sp.]
  SRR23107136_clean_NODE_41507_length_1037_cov_1.646266
      Order: [Chitovirales] -> [空]
  SRR23107136_clean_NODE_4151_length_2612_cov_3.511225
      Genus: [Biavirus] -> [空]
      Species: [Biavirus raunefjordenense] -> [空]
  SRR23107136_clean_NODE_41550_length_1036_cov_2.655244
      Genus: [Phaeovirus] -> [空]
      Species: [Phaeovirus unasiliculosus] -> [Marseillevirus LCMAC201]
  SRR23107136_clean_NODE_41675_length_1034_cov_5.888658
      Order: [Imitervirales] -> [Rowavirales]
      Genus: [Tethysvirus] -> [空]
      Species: [Tethysvirus ontarioense] -> [空]
  SRR23107136_clean_NODE_4173_length_2608_cov_62.121893
      Genus: [Salmonpoxvirus] -> [空]
      Species: [Salmonpoxvirus gillpox] -> [Pentanymphon antarcticum iridovirus]
  SRR23107136_clean_NODE_4182_length_2607_cov_51.563931
      Genus: [Salmonpoxvirus] -> [空]
      Species: [Galvornvirus isengard] -> [Pentanymphon antarcticum iridovirus]
  SRR23107136_clean_NODE_41866_length_1032_cov_1.379562
      Order: [Pantevenvirales] -> [Imitervirales]
      Family: [Kyanoviridae] -> [Phycodnaviridae]
      Genus: [Serangoonvirus] -> [Prasinovirus]
      Species: [Serangoonvirus essarone] -> [Hyperionvirus sp.]
  SRR23107136_clean_NODE_42076_length_1029_cov_1.788703
      Order: [Imitervirales] -> [Pimascovirales]
      Species: [Theiavirus salishense] -> [Alphapithovirus siberiense]
  SRR23107136_clean_NODE_421_length_4818_cov_9.513593
      Genus: [Iridovirus] -> [空]
      Species: [Iridovirus armadillidium1] -> [Pithovirus LCPAC104]
  SRR23107136_clean_NODE_4249_length_2592_cov_13.036522
      Genus: [Biavirus] -> [空]
  SRR23107136_clean_NODE_42507_length_1022_cov_16.708114
      Genus: [Ferozepurvirus] -> [Centapoxvirus]
  SRR23107136_clean_NODE_4268_length_2588_cov_2.852087
      Order: [Pimascovirales] -> [Imitervirales]
  SRR23107136_clean_NODE_43198_length_1013_cov_5.860638
      Species: [Alphacedratvirus brasiliense] -> [Pacmanvirus A23]
  SRR23107136_clean_NODE_43285_length_1012_cov_4.155485
      Genus: [Biavirus] -> [空]
      Species: [Biavirus raunefjordenense] -> [Mimivirus LCMiAC02]
  SRR23107136_clean_NODE_43351_length_1011_cov_6.654584
      Species: [Biavirus raunefjordenense] -> [Tupanvirus salinum]
  SRR23107136_clean_NODE_43513_length_1009_cov_2.835470
      Genus: [Fadolivirus] -> [Hokovirus]
      Species: [Fadolivirus algeromassiliense] -> [Hokovirus HKV1*]
  SRR23107136_clean_NODE_43759_length_1006_cov_2.812433
      Genus: [Phaeovirus] -> [空]
      Species: [Phaeovirus unasiliculosus] -> [空]
  SRR23107136_clean_NODE_43764_length_1006_cov_2.679528
      Genus: [Alphabaculovirus] -> [Klosneuvirus]
      Species: [Alphabaculovirus opbrumatae] -> [Klosneuvirus KNV1*]
  SRR23107136_clean_NODE_43966_length_1003_cov_3.266667
      Genus: [Fadolivirus] -> [空]
      Species: [Fadolivirus algeromassiliense] -> [Chrysochromulina ericina virus]
  SRR23107136_clean_NODE_43985_length_1003_cov_1.773118
      Genus: [Asteriusvirus] -> [空]
  SRR23107136_clean_NODE_44004_length_1002_cov_9.145318
      Species: [Varicellovirus equidalpha6] -> [Varicellovirus monodontidalpha1]
  SRR23107136_clean_NODE_44115_length_1001_cov_2.693966
      Genus: [Kaumoebavirus] -> [空]
  SRR23107136_clean_NODE_4447_length_2559_cov_6.504425
      Genus: [Phaeovirus] -> [Megavirus]
      Species: [Phaeovirus unasiliculosus] -> [Sylvanvirus sp.]
  SRR23107136_clean_NODE_4492_length_2549_cov_1.944265
      Species: [Chlorella virus XW01] -> [Tupanvirus altamarinense]
  SRR23107136_clean_NODE_45014_length_990_cov_1.504907
      Genus: [Deltaentomopoxvirus] -> [空]
      Species: [Deltaentomopoxvirus msanguinipes] -> [空]
  SRR23107136_clean_NODE_4506_length_2546_cov_2.575010
      Genus: [Phaeovirus] -> [空]
      Species: [Phaeovirus irregularis] -> [Marseillevirus LCMAC101]
  SRR23107136_clean_NODE_4513_length_2544_cov_24.373938
      Kingdom: [Shotokuvirae] -> [Bamfordvirae]
      Phylum: [Commensaviricota] -> [Nucleocytoviricota]
      Class: [Cardeaviricetes] -> [Megaviricetes]
      Order: [Sanitavirales] -> [Imitervirales]
      Species: [Betatorquevirus homini36] -> [空]
  SRR23107136_clean_NODE_4519_length_2544_cov_2.657628
      Genus: [Salmonpoxvirus] -> [Gammaretrovirus]
  SRR23107136_clean_NODE_45237_length_987_cov_2.347921
      Family: [Mimiviridae] -> [Kyanoviridae]
  SRR23107136_clean_NODE_454_length_4710_cov_3.054130
      Class: [Megaviricetes] -> [Duplopiviricetes]
      Genus: [Phaeovirus] -> [空]
      Species: [Mimivirus LCMiAC01] -> [空]
  SRR23107136_clean_NODE_45637_length_982_cov_2.390539
      Species: [environmental samples] -> [空]
  SRR23107136_clean_NODE_4592_length_2531_cov_7.903580
      Species: [Pithovirus LCPAC201] -> [Theiavirus salishense]
  SRR23107136_clean_NODE_4594_length_2531_cov_6.991050
      Genus: [Biavirus] -> [空]
  SRR23107136_clean_NODE_45978_length_978_cov_2.450829
      Genus: [Marseillevirus] -> [Tupanvirus]
      Species: [Marseillevirus massiliense] -> [空]
  SRR23107136_clean_NODE_459_length_4692_cov_9.001732
      Class: [Caudoviricetes] -> [Megaviricetes]
      Genus: [Lambovirus] -> [Chlorovirus]
      Species: [Lambovirus wojtek] -> [空]
  SRR23107136_clean_NODE_4613_length_2529_cov_2.387622
      Order: [Pantevenvirales] -> [Imitervirales]
      Family: [Kyanoviridae] -> [Mimiviridae]
      Genus: [Serangoonvirus] -> [空]
      Species: [Serangoonvirus essarone] -> [空]
  SRR23107136_clean_NODE_4624_length_2527_cov_8.427058
      Species: [Moumouvirus maliense] -> [Avipoxvirus canarypox]
  SRR23107136_clean_NODE_46842_length_966_cov_14.764838
      Family: [Adenoviridae] -> [Alloherpesviridae]
      Species: [environmental samples] -> [空]
  SRR23107136_clean_NODE_4707_length_2513_cov_27.415984
      Genus: [Phaeovirus] -> [Hokovirus]
      Species: [Phaeovirus irregularis] -> [Hokovirus HKV1*]
  SRR23107136_clean_NODE_4757_length_2506_cov_3.270037
      Family: [Mimiviridae] -> [Marseilleviridae]
  SRR23107136_clean_NODE_47580_length_958_cov_1.672316
      Genus: [Phaeovirus] -> [Hokovirus]
      Species: [Phaeovirus irregularis] -> [Hokovirus HKV1*]
  SRR23107136_clean_NODE_4787_length_2501_cov_9.889209
      Genus: [Salacisavirus] -> [空]
  SRR23107136_clean_NODE_48263_length_950_cov_2.064994
      Kingdom: [Orthornavirae] -> [Shotokuvirae]
      Phylum: [Pisuviricota] -> [Cossaviricota]
      Class: [Duplopiviricetes] -> [Papovaviricetes]
      Order: [Durnavirales] -> [Zurhausenvirales]
      Family: [Picobirnaviridae] -> [Papillomaviridae]
      Species: [Qianjiang picobirna-like virus 2] -> [Human papillomavirus types]
  SRR23107136_clean_NODE_4836_length_2494_cov_2.798017
      Genus: [Myoalterovirus] -> [空]
  SRR23107136_clean_NODE_494_length_4574_cov_8.475450
      Species: [Chrysophyceae clade H virus] -> [Micromonas commoda virus]
  SRR23107136_clean_NODE_4958_length_2473_cov_3.723750
      Genus: [Phaeovirus] -> [Hokovirus]
      Species: [Phaeovirus unasiliculosus] -> [Hokovirus HKV1*]
  SRR23107136_clean_NODE_496_length_4570_cov_135.633089
      Family: [Hydriviridae] -> [Mimiviridae]
      Genus: [Alphahydrivirus] -> [空]
      Species: [Alphahydrivirus permafrostis] -> [Naiavirus sp.]
  SRR23107136_clean_NODE_49705_length_933_cov_2.590698
      Realm: [Varidnaviria] -> [Duplodnaviria]
      Kingdom: [Bamfordvirae] -> [Heunggongvirae]
  SRR23107136_clean_NODE_4986_length_2469_cov_14.103088
      Realm: [Riboviria] -> [Duplodnaviria]
      Kingdom: [Orthornavirae] -> [Heunggongvirae]
  SRR23107136_clean_NODE_4_length_11872_cov_12.273922
      Genus: [Serangoonvirus] -> [空]
      Species: [Hyperionvirus sp.] -> [Metapenaeopsis lamellata majanivirus]
  SRR23107136_clean_NODE_50239_length_926_cov_9.037515
      Genus: [Ferozepurvirus] -> [Orthopoxvirus]
      Species: [Ferozepurvirus PS1] -> [空]
  SRR23107136_clean_NODE_50353_length_925_cov_3.679577
      Genus: [Biavirus] -> [Catovirus]
      Species: [Biavirus raunefjordenense] -> [空]
  SRR23107136_clean_NODE_50424_length_924_cov_14.455934
      Class: [Caudoviricetes] -> [Megaviricetes]
      Genus: [Bristolvirus] -> [空]
      Species: [Bristolvirus rhodeisland] -> [Micromonas commoda virus]
  SRR23107136_clean_NODE_5048_length_2459_cov_3.713328
      Genus: [Theiavirus] -> [空]
      Species: [Theiavirus salishense] -> [Mimiviridae sp. ChoanoV1]
  SRR23107136_clean_NODE_50620_length_922_cov_3.113074
      Genus: [Pandoravirus] -> [空]
  SRR23107136_clean_NODE_5085_length_2452_cov_7.942833
      Species: [Pithovirus LCPAC201] -> [Theiavirus salishense]
  SRR23107136_clean_NODE_5094_length_2451_cov_3.690076
      Species: [Marseillevirus LCMAC201] -> [Sylvanvirus sp.]
  SRR23107136_clean_NODE_5098_length_2451_cov_2.409588
      Genus: [Daphniairidovirus] -> [空]
      Species: [Daphniairidovirus daphnia1] -> [Marseillevirus LCMAC202]
  SRR23107136_clean_NODE_5110_length_2449_cov_3.854798
      Order: [Herpesvirales] -> [空]
      Genus: [Aurivirus] -> [空]
      Species: [Aurivirus haliotidmalaco1] -> [Trachysalambria curvirostris majanivirus]
  SRR23107136_clean_NODE_51379_length_914_cov_1.966706
      Genus: [Hokovirus] -> [Phaeovirus]
  SRR23107136_clean_NODE_5141_length_2444_cov_5.252636
      Genus: [Phaeovirus] -> [Hokovirus]
      Species: [Phaeovirus feldmanniae] -> [Hokovirus HKV1]
  SRR23107136_clean_NODE_5173_length_2440_cov_2.381073
      Genus: [Polybotosvirus] -> [Heliosvirus]
  SRR23107136_clean_NODE_5195_length_2437_cov_2.965736
      Class: [Caudoviricetes] -> [Megaviricetes]
      Genus: [Polybotosvirus] -> [Heliosvirus]
  SRR23107136_clean_NODE_5201_length_2436_cov_1.698688
      Genus: [Phaeovirus] -> [空]
      Species: [Phaeovirus irregularis] -> [Marseillevirus LCMAC102]
  SRR23107136_clean_NODE_52117_length_906_cov_1.890756
      Species: [Alphacedratvirus brasiliense] -> [Pacmanvirus A23]
  SRR23107136_clean_NODE_52395_length_903_cov_2.157831
      Genus: [Biavirus] -> [空]
      Species: [Biavirus raunefjordenense] -> [空]
  SRR23107136_clean_NODE_5258_length_2427_cov_8.392099
      Genus: [Salacisavirus] -> [空]
  SRR23107136_clean_NODE_5263_length_2427_cov_4.908241
      Genus: [Phaeovirus] -> [空]
      Species: [Phaeovirus feldmanniae] -> [Marseillevirus LCMAC201]
  SRR23107136_clean_NODE_5274_length_2425_cov_5.220238
      Class: [Caudoviricetes] -> [Megaviricetes]
      Genus: [Spinunavirus] -> [Fadolivirus]
      Species: [Fadolivirus algeromassiliense] -> [Spinunavirus IPP61]
  SRR23107136_clean_NODE_5286_length_2423_cov_32.663830
      Species: [Hokovirus HKV1] -> [Moumouvirus goulettemassiliense]
  SRR23107136_clean_NODE_52994_length_897_cov_2.934466
      Genus: [Biavirus] -> [空]
      Species: [Biavirus raunefjordenense] -> [Terrestrivirus sp.]
  SRR23107136_clean_NODE_5341_length_2414_cov_3.217001
      Species: [Indivirus ILV1] -> [Fadolivirus algeromassiliense]
  SRR23107136_clean_NODE_5347_length_2413_cov_3.248718
      Species: [Pithovirus LCPAC102] -> [Alphaorpheovirus massiliense]
  SRR23107136_clean_NODE_5370_length_2409_cov_3.806935
      Realm: [Varidnaviria] -> [Duplodnaviria]
      Kingdom: [Bamfordvirae] -> [Heunggongvirae]
  SRR23107136_clean_NODE_5385_length_2407_cov_3.790488
      Genus: [Ictavirus] -> [Catovirus]
      Species: [Ictavirus acipenseridallo2] -> [Catovirus CTV1]
  SRR23107136_clean_NODE_5393_length_2406_cov_10.917274
      Family: [Mimiviridae] -> [Marseilleviridae]
      Genus: [Theiavirus] -> [空]
  SRR23107136_clean_NODE_54255_length_884_cov_2.242910
      Genus: [Phaeovirus] -> [空]
      Species: [Phaeovirus irregularis] -> [空]
  SRR23107136_clean_NODE_544_length_4448_cov_4.017371
      Kingdom: [Heunggongvirae] -> [Bamfordvirae]
  SRR23107136_clean_NODE_5479_length_2395_cov_8.291559
      Genus: [Phaeovirus] -> [空]
  SRR23107136_clean_NODE_55016_length_876_cov_3.596513
      Order: [Pimascovirales] -> [Imitervirales]
      Family: [Pithoviridae] -> [Mimiviridae]
  SRR23107136_clean_NODE_55109_length_875_cov_9.750623
      Species: [Tupanvirus salinum] -> [Satyrvirus sp.]
  SRR23107136_clean_NODE_5524_length_2389_cov_4.214162
      Genus: [Phaeovirus] -> [Gammaretrovirus]
  SRR23107136_clean_NODE_55387_length_873_cov_1.882500
      Family: [Phycodnaviridae] -> [Mimiviridae]
      Genus: [Phaeovirus] -> [Klosneuvirus]
      Species: [Phaeovirus irregularis] -> [空]
  SRR23107136_clean_NODE_555_length_4425_cov_4.023438
      Species: [Tupanvirus salinum] -> [Mimivirus lagoaense]
  SRR23107136_clean_NODE_5564_length_2384_cov_3.203375
      Genus: [Biavirus] -> [空]
  SRR23107136_clean_NODE_55986_length_867_cov_2.910579
      Genus: [Deltaentomopoxvirus] -> [空]
      Species: [Deltaentomopoxvirus msanguinipes] -> [Hyperionvirus sp.]
  SRR23107136_clean_NODE_560_length_4421_cov_2.846596
      Genus: [Donellivirus] -> [空]
      Species: [Donellivirus gee] -> [Marseillevirus LCMAC202]
  SRR23107136_clean_NODE_562_length_4414_cov_2.250864
      Genus: [Asfivirus] -> [Hokovirus]
      Species: [Asfivirus haemorrhagiae] -> [Hokovirus HKV1*]
  SRR23107136_clean_NODE_5646_length_2370_cov_55.004354
      Genus: [Megavirus] -> [空]
      Species: [Megavirus chilense] -> [Pithovirus LCPAC304]
  SRR23107136_clean_NODE_5690_length_2364_cov_7.027935
      Species: [Megavirus powaiense] -> [Tupanvirus altamarinense]
  SRR23107136_clean_NODE_5723_length_2358_cov_39.922101
      Family: [Phycodnaviridae] -> [Mimiviridae]
      Genus: [Chlorovirus] -> [空]
      Species: [Chlorovirus americanus] -> [空]
  SRR23107136_clean_NODE_5744_length_2356_cov_6.980289
      Class: [Caudoviricetes] -> [Megaviricetes]
      Genus: [Spinunavirus] -> [Fadolivirus]
      Species: [Fadolivirus algeromassiliense] -> [Spinunavirus IPP61]
  SRR23107136_clean_NODE_57519_length_853_cov_1.296154
      Species: [Faunusvirus sp.] -> [空]
  SRR23107136_clean_NODE_5786_length_2349_cov_6.822496
      Species: [Biavirus raunefjordenense] -> [Tethysvirus ontarioense]
  SRR23107136_clean_NODE_5809_length_2346_cov_1.630004
      Family: [Adenoviridae] -> [Mimiviridae]
      Species: [Megaviridae environmental sample*] -> [空]
  SRR23107136_clean_NODE_5837_length_2342_cov_18.780961
      Species: [Theiavirus salishense] -> [Tethysvirus raunefjordenense]
  SRR23107136_clean_NODE_5876_length_2339_cov_2.236099
      Class: [Caudoviricetes] -> [Megaviricetes]
      Genus: [Gaiavirus] -> [空]
      Species: [Gaiavirus gaia] -> [Chlorella virus XW01]
  SRR23107136_clean_NODE_5877_length_2339_cov_1.946602
      Genus: [Megavirus] -> [Mimivirus]
      Species: [Megavirus baoshanense] -> [Mimivirus bradfordmassiliense]
  SRR23107136_clean_NODE_5878_length_2338_cov_279.417219
      Family: [Adenoviridae] -> [Mesomimiviridae]
  SRR23107136_clean_NODE_59109_length_839_cov_1.759791
      Class: [Caudoviricetes] -> [Megaviricetes]
      Genus: [Myoalterovirus] -> [空]
  SRR23107136_clean_NODE_59349_length_837_cov_1.603403
      Genus: [Phaeovirus] -> [空]
      Species: [Phaeovirus unasiliculosus] -> [空]
  SRR23107136_clean_NODE_5988_length_2326_cov_11.774079
      Species: [Chrysophyceae clade H virus] -> [Biavirus raunefjordenense]
  SRR23107136_clean_NODE_60134_length_830_cov_1.579921
      Order: [Algavirales] -> [空]
  SRR23107136_clean_NODE_6014_length_2322_cov_25.252557
      Genus: [Phaeovirus] -> [空]
  SRR23107136_clean_NODE_60207_length_829_cov_2.941799
      Genus: [Borockvirus] -> [空]
      Species: [Borockvirus brock] -> [空]
  SRR23107136_clean_NODE_6045_length_2318_cov_11.751893
      Genus: [Tethysvirus] -> [Biavirus]
  SRR23107136_clean_NODE_604_length_4329_cov_38.920583
      Genus: [Biavirus] -> [空]
  SRR23107136_clean_NODE_6061_length_2317_cov_8.422014
      Genus: [Alphahydrivirus] -> [Tupanvirus]
  SRR23107136_clean_NODE_6079_length_2315_cov_4.224353
      Genus: [Phaeovirus] -> [空]
      Species: [Phaeovirus unasiliculosus] -> [Terrestrivirus sp.]
  SRR23107136_clean_NODE_6111_length_2312_cov_7.640911
      Genus: [Biavirus] -> [空]
  SRR23107136_clean_NODE_6129_length_2309_cov_3.553667
      Species: [Betabaculovirus hycuneae] -> [Avian sarcoma virus 31]
  SRR23107136_clean_NODE_615_length_4313_cov_21.018160
      Genus: [Percavirus] -> [空]
      Species: [Percavirus vespertilionidgamma1] -> [Marseillevirus LCMAC202]
  SRR23107136_clean_NODE_6164_length_2305_cov_7.527330
      Genus: [Alphahydrivirus] -> [空]
      Species: [Alphahydrivirus permafrostis] -> [空]
  SRR23107136_clean_NODE_6171_length_2304_cov_16.894218
      Species: [Alphaorpheovirus massiliense] -> [Theiavirus salishense]
  SRR23107136_clean_NODE_61796_length_815_cov_2.847709
      Genus: [Chlorovirus] -> [空]
      Species: [Chlorovirus conductrix] -> [Pithovirus LCPAC304]
  SRR23107136_clean_NODE_6187_length_2303_cov_4.077578
      Species: [Chlorovirus conductrix] -> [Sylvanvirus sp.]
  SRR23107136_clean_NODE_61_length_7172_cov_33.377800
      Family: [Adenoviridae] -> [Mimiviridae]
      Genus: [Donellivirus] -> [空]
  SRR23107136_clean_NODE_6205_length_2301_cov_6.733393
      Species: [Fadolivirus algeromassiliense] -> [Sylvanvirus sp.]
  SRR23107136_clean_NODE_6217_length_2300_cov_3.202964
      Class: [Caudoviricetes] -> [Megaviricetes]
      Genus: [Spinunavirus] -> [空]
  SRR23107136_clean_NODE_62814_length_807_cov_2.170300
      Species: [Faunusvirus sp.] -> [空]
  SRR23107136_clean_NODE_6319_length_2288_cov_5.132731
      Species: [Chrysophyceae clade H virus] -> [Tupanvirus salinum]
  SRR23107136_clean_NODE_6323_length_2287_cov_25.331527
      Genus: [Alphaorpheovirus] -> [空]
  SRR23107136_clean_NODE_6326_length_2287_cov_7.948509
      Species: [Marseillevirus LCMAC201] -> [Cotonvirus japonicum]
  SRR23107136_clean_NODE_63413_length_802_cov_2.245542
      Realm: [Varidnaviria] -> [Duplodnaviria]
      Kingdom: [Bamfordvirae] -> [Heunggongvirae]
      Class: [Megaviricetes] -> [Caudoviricetes]
  SRR23107136_clean_NODE_63561_length_801_cov_1.255495
      Kingdom: [Heunggongvirae] -> [Bamfordvirae]
      Phylum: [Uroviricota] -> [Nucleocytoviricota]
      Class: [Caudoviricetes] -> [Megaviricetes]
  SRR23107136_clean_NODE_6358_length_2284_cov_2.162822
      Species: [Mimivirus LCMiAC01] -> [Rheavirus sinusmexicani]
  SRR23107136_clean_NODE_641_length_4272_cov_13.138843
      Species: [Chrysophyceae clade H virus] -> [Alphabaculovirus alterhycuneae]
  SRR23107136_clean_NODE_6493_length_2269_cov_3.420310
      Genus: [Alphahydrivirus] -> [Tupanvirus]
      Species: [Alphahydrivirus permafrostis] -> [空]
  SRR23107136_clean_NODE_6514_length_2266_cov_6.246238
      Species: [Chrysophyceae clade H virus] -> [Plazymidvirus ZM41]
  SRR23107136_clean_NODE_6527_length_2265_cov_6.008212
      Genus: [Tupanvirus] -> [Hokovirus]
      Species: [Tupanvirus altamarinense] -> [Hokovirus HKV1*]
  SRR23107136_clean_NODE_653_length_4248_cov_106.939401
      Order: [Imitervirales] -> [Pimascovirales]
      Genus: [Biavirus] -> [空]
      Species: [Biavirus raunefjordenense] -> [Marseillevirus LCMAC202]
  SRR23107136_clean_NODE_6550_length_2263_cov_3.873973
      Genus: [Chlorovirus] -> [Megavirus]
      Species: [Chlorovirus americanus] -> [Megavirus sp.]
  SRR23107136_clean_NODE_65952_length_782_cov_0.898449
      Species: [Deltahypovirus duosedimentii] -> [Tupanvirus salinum]
  SRR23107136_clean_NODE_6602_length_2258_cov_7.891533
      Species: [Tupanvirus altamarinense] -> [Moumouvirus australiense]
  SRR23107136_clean_NODE_6623_length_2256_cov_4.782410
      Genus: [Tupanvirus] -> [空]
      Species: [Tupanvirus altamarinense] -> [Marseillevirus LCMAC101]
  SRR23107136_clean_NODE_6628_length_2256_cov_2.201099
      Class: [Duplopiviricetes] -> [Naldaviricetes]
      Order: [Durnavirales] -> [Lefavirales]
      Family: [Picobirnaviridae] -> [Nudiviridae]
      Genus: [Orthopicobirnavirus] -> [Alphanudivirus]
  SRR23107136_clean_NODE_6663_length_2252_cov_3.113814
      Genus: [Mimivirus] -> [空]
      Species: [Mimivirus lagoaense] -> [空]
  SRR23107136_clean_NODE_6678_length_2250_cov_12.454295
      Order: [Herpesvirales] -> [Pimascovirales]
      Genus: [Varicellovirus] -> [空]
      Species: [Varicellovirus canidalpha1] -> [空]
  SRR23107136_clean_NODE_6714_length_2247_cov_3.082797
      Class: [Caudoviricetes] -> [Megaviricetes]
      Genus: [Lambovirus] -> [Indivirus]
      Species: [Chrysophyceae clade H virus] -> [Indivirus ILV1*]
  SRR23107136_clean_NODE_6755_length_2242_cov_6.766252
      Species: [Micromonas commoda virus] -> [Theiavirus salishense]
  SRR23107136_clean_NODE_6771_length_2241_cov_6.285517
      Family: [Iridoviridae] -> [Alloherpesviridae]
      Genus: [Megalocytivirus] -> [Cyvirus]
      Species: [Megalocytivirus lates1] -> [Cyvirus anguillidallo1]
  SRR23107136_clean_NODE_680_length_4200_cov_4.779259
      Class: [Caudoviricetes] -> [Megaviricetes]
      Genus: [Donellivirus] -> [空]
  SRR23107136_clean_NODE_6849_length_2232_cov_6.420102
      Genus: [Alphahydrivirus] -> [Hokovirus]
      Species: [Alphahydrivirus permafrostis] -> [Hokovirus HKV1*]
  SRR23107136_clean_NODE_68748_length_761_cov_1.454942
      Species: [Marseillevirus LCMAC101] -> [Hokovirus HKV1*]
  SRR23107136_clean_NODE_6889_length_2227_cov_169.804550
      Genus: [Tethysvirus] -> [空]
      Species: [Tethysvirus raunefjordenense] -> [空]
  SRR23107136_clean_NODE_6934_length_2224_cov_22.629475
      Genus: [Tethysvirus] -> [Biavirus]
  SRR23107136_clean_NODE_7010_length_2218_cov_4.161772
      Species: [Megavirus sp.] -> [Sylvanvirus sp.]
  SRR23107136_clean_NODE_7012_length_2218_cov_2.923543
      Species: [Pithovirus LCPAC101] -> [Fadolivirus algeromassiliense]
  SRR23107136_clean_NODE_70451_length_749_cov_2.025148
      Genus: [Moumouvirus] -> [空]
  SRR23107136_clean_NODE_7065_length_2212_cov_7.717625
      Species: [Rhadinovirus bovinegamma4] -> [Avian sarcoma virus 31]
  SRR23107136_clean_NODE_7082_length_2211_cov_4.397568
      Genus: [Biavirus] -> [空]
      Species: [Biavirus raunefjordenense] -> [Harvfovirus sp.]
  SRR23107136_clean_NODE_7106_length_2208_cov_62.182201
      Species: [Chrysophyceae clade H virus] -> [Plazymidvirus ZM41]
  SRR23107136_clean_NODE_7234_length_2197_cov_3.774011
      Genus: [Alphaorpheovirus] -> [Klosneuvirus]
  SRR23107136_clean_NODE_7253_length_2196_cov_2.407442
      Species: [Theiavirus salishense] -> [Tupanvirus salinum]
  SRR23107136_clean_NODE_7258_length_2195_cov_14.579171
      Species: [Phaeovirus irregularis] -> [Hokovirus HKV1*]
  SRR23107136_clean_NODE_72849_length_732_cov_4.006070
      Species: [Tupanvirus altamarinense] -> [Edafosvirus sp.]
  SRR23107136_clean_NODE_7295_length_2192_cov_6.617744
      Species: [Micromonas pusilla virus 12T] -> [Tethysvirus raunefjordenense]
  SRR23107136_clean_NODE_7304_length_2191_cov_9.089235
      Species: [Dasosvirus sp.] -> [空]
  SRR23107136_clean_NODE_73124_length_730_cov_9.290715
      Species: [Theiavirus salishense] -> [Kratosvirus quantuckense]
  SRR23107136_clean_NODE_7312_length_2191_cov_2.525024
      Genus: [Myoalterovirus] -> [空]
  SRR23107136_clean_NODE_7415_length_2181_cov_22.228653
      Genus: [Alphahydrivirus] -> [空]
      Species: [Alphahydrivirus permafrostis] -> [Terrestrivirus sp.]
  SRR23107136_clean_NODE_7443_length_2179_cov_2.668566
      Species: [Klosneuvirus KNV1] -> [Fadolivirus algeromassiliense]
  SRR23107136_clean_NODE_74688_length_720_cov_1.519320
      Species: [Alphacedratvirus rossiense] -> [Alphacedratvirus francolausannense]
  SRR23107136_clean_NODE_7472_length_2176_cov_19.960533
      Species: [environmental samples] -> [空]
  SRR23107136_clean_NODE_74759_length_719_cov_4.049536
      Realm: [Varidnaviria] -> [Duplodnaviria]
      Kingdom: [Bamfordvirae] -> [Heunggongvirae]
  SRR23107136_clean_NODE_751_length_4086_cov_35.014951
      Genus: [Biavirus] -> [Fadolivirus]
      Species: [Biavirus raunefjordenense] -> [空]
  SRR23107136_clean_NODE_7551_length_2169_cov_4.941794
      Species: [Alphabaculovirus agsegetum] -> [Pandoravirus salinus]
  SRR23107136_clean_NODE_7612_length_2162_cov_6.541407
      Genus: [Biavirus] -> [空]
  SRR23107136_clean_NODE_7628_length_2161_cov_3.167146
      Species: [Micromonas commoda virus] -> [Mimivirus lagoaense]
  SRR23107136_clean_NODE_7629_length_2161_cov_2.990421
      Order: [Chitovirales] -> [Imitervirales]
      Family: [Poxviridae] -> [Allomimiviridae]
      Genus: [Epsilonentomopoxvirus] -> [Oceanusvirus]
      Species: [Epsilonentomopoxvirus dlongicaudata] -> [Oceanusvirus kaneohense]
  SRR23107136_clean_NODE_76569_length_708_cov_5.875591
      Species: [Marseillevirus LCMAC101] -> [Iridovirus chilo1]
  SRR23107136_clean_NODE_7724_length_2152_cov_3.339105
      Genus: [Tupanvirus] -> [Hokovirus]
      Species: [Tupanvirus salinum] -> [Hokovirus HKV1*]
  SRR23107136_clean_NODE_77542_length_702_cov_2.863275
      Genus: [Kratosvirus] -> [空]
      Species: [Kratosvirus quantuckense] -> [Solumvirus sp.]
  SRR23107136_clean_NODE_779_length_4041_cov_13.815272
      Order: [Algavirales] -> [Lefavirales]
      Genus: [Chlorovirus] -> [Alphabaculovirus]
      Species: [Chlorovirus americanus] -> [Alphabaculovirus anpernyi]
  SRR23107136_clean_NODE_77_length_6937_cov_11.612471
      Family: [Phycodnaviridae] -> [Baculoviridae]
      Genus: [Chlorovirus] -> [Alphabaculovirus]
      Species: [Chlorovirus americanus] -> [Mirusvirus sp.]
  SRR23107136_clean_NODE_7813_length_2143_cov_4.187440
      Genus: [Tupanvirus] -> [Hokovirus]
      Species: [Tupanvirus altamarinense] -> [Hokovirus HKV1*]
  SRR23107136_clean_NODE_7827_length_2142_cov_3.629290
      Genus: [Biavirus] -> [Chlorovirus]
      Species: [Biavirus raunefjordenense] -> [Chlorovirus sp.]
  SRR23107136_clean_NODE_7832_length_2142_cov_2.265829
      Phylum: [Uroviricota] -> [Preplasmiviricota]
      Class: [Caudoviricetes] -> [Pharingeaviricetes]
      Genus: [Siminovitchvirus] -> [空]
      Species: [Siminovitchvirus CP51] -> [空]
  SRR23107136_clean_NODE_787_length_4034_cov_12.369351
      Family: [Phycodnaviridae] -> [Baculoviridae]
      Genus: [Chlorovirus] -> [Alphabaculovirus]
      Species: [Chlorovirus americanus] -> [空]
  SRR23107136_clean_NODE_79106_length_693_cov_2.683871
      Order: [Amarillovirales] -> [Lefavirales]
      Family: [Pestiviridae] -> [Nimaviridae]
      Genus: [Orthopestivirus] -> [Whispovirus]
  SRR23107136_clean_NODE_79246_length_692_cov_4.428110
      Species: [Tupanvirus altamarinense] -> [Sylvanvirus sp.]
  SRR23107136_clean_NODE_79473_length_691_cov_2.365696
      Species: [Alphacedratvirus francolausannense] -> [Pacmanvirus A23]
  SRR23107136_clean_NODE_7962_length_2132_cov_3.404080
      Genus: [Phaeovirus] -> [Hokovirus]
      Species: [Phaeovirus unasiliculosus] -> [空]
  SRR23107136_clean_NODE_80123_length_687_cov_3.942997
      Family: [Mimiviridae] -> [Pithoviridae]
      Genus: [Theiavirus] -> [Alphacedratvirus]
      Species: [Theiavirus salishense] -> [Alphacedratvirus brasiliense]
  SRR23107136_clean_NODE_802_length_4019_cov_17.499747
      Genus: [Alphahydrivirus] -> [空]
      Species: [Alphahydrivirus permafrostis] -> [Naiavirus sp.]
  SRR23107136_clean_NODE_8063_length_2124_cov_14.487567
      Order: [Imitervirales] -> [Pimascovirales]
      Genus: [Mimivirus] -> [空]
      Species: [Mimivirus lagoaense] -> [Pithovirus LCPAC302]
  SRR23107136_clean_NODE_8106_length_2120_cov_8.217880
      Genus: [Serangoonvirus] -> [Prasinovirus]
      Species: [Serangoonvirus essarone] -> [Bathycoccus sp. RCC1105 virus BpV]
  SRR23107136_clean_NODE_8189_length_2112_cov_9.213340
      Genus: [Phaeovirus] -> [Hokovirus]
      Species: [Phaeovirus unasiliculosus] -> [Hokovirus HKV1*]
  SRR23107136_clean_NODE_82165_length_676_cov_1.699834
      Species: [environmental samples] -> [空]
  SRR23107136_clean_NODE_82543_length_674_cov_1.455907
      Realm: [Varidnaviria] -> [Duplodnaviria]
      Kingdom: [Bamfordvirae] -> [Heunggongvirae]
  SRR23107136_clean_NODE_8285_length_2102_cov_13.602760
      Genus: [Chlorovirus] -> [Megavirus]
      Species: [Chlorovirus americanus] -> [Megavirus sp.]
  SRR23107136_clean_NODE_82874_length_672_cov_2.171953
      Species: [Tupanvirus salinum] -> [Sylvanvirus sp.]
  SRR23107136_clean_NODE_82932_length_672_cov_1.539232
      Species: [Faunusvirus sp.] -> [空]
  SRR23107136_clean_NODE_8332_length_2099_cov_10.598223
      Species: [Hokovirus HKV1] -> [Megavirus powaiense]
  SRR23107136_clean_NODE_83469_length_669_cov_1.802013
      Genus: [Alphaorpheovirus] -> [Chlorovirus]
      Species: [Alphaorpheovirus massiliense] -> [Chlorovirus minnesotense]
  SRR23107136_clean_NODE_8354_length_2097_cov_8.176877
      Genus: [Alphabaculovirus] -> [Gammaretrovirus]
  SRR23107136_clean_NODE_8448_length_2089_cov_10.114583
      Species: [Cotonvirus japonicum] -> [Theiavirus salishense]
  SRR23107136_clean_NODE_84801_length_662_cov_1.101868
      Realm: [Varidnaviria] -> [Duplodnaviria]
      Kingdom: [Bamfordvirae] -> [Heunggongvirae]
  SRR23107136_clean_NODE_8497_length_2085_cov_2.222664
      Genus: [Chlorovirus] -> [空]
      Species: [Chlorovirus americanus] -> [Homavirus sp.]
  SRR23107136_clean_NODE_8515_length_2083_cov_25.679602
      Species: [Theiavirus salishense] -> [Tupanvirus altamarinense]
  SRR23107136_clean_NODE_8525_length_2083_cov_1.530846
      Family: [Adenoviridae] -> [Mimiviridae]
      Species: [Megaviridae environmental sample*] -> [空]
  SRR23107136_clean_NODE_85616_length_657_cov_4.008562
      Species: [Tupanvirus altamarinense] -> [Hyperionvirus sp.]
  SRR23107136_clean_NODE_86000_length_655_cov_4.060137
      Genus: [Asfivirus] -> [空]
      Species: [Asfivirus haemorrhagiae] -> [Marseillevirus LCMAC101]
  SRR23107136_clean_NODE_8640_length_2074_cov_1.700650
      Species: [Tupanvirus salinum] -> [Terrestrivirus sp.]
  SRR23107136_clean_NODE_8754_length_2065_cov_17.982932
      Species: [Micromonas commoda virus] -> [Tethysvirus raunefjordenense]
  SRR23107136_clean_NODE_8781_length_2064_cov_2.738825
      Genus: [Phaeovirus] -> [空]
      Species: [Phaeovirus irregularis] -> [Marseillevirus LCMAC102]
  SRR23107136_clean_NODE_8855_length_2057_cov_2.869456
      Species: [Theiavirus salishense] -> [Imitervirales sp.]
  SRR23107136_clean_NODE_8865_length_2056_cov_2.796773
      Genus: [Wendovervirus] -> [空]
      Species: [Wendovervirus sonii] -> [Homavirus sp.]
  SRR23107136_clean_NODE_89044_length_640_cov_1.391534
      Species: [Marseillevirus LCMAC202] -> [Megavirus baoshanense]
  SRR23107136_clean_NODE_8928_length_2052_cov_1.945932
      Genus: [Cotonvirus] -> [空]
      Species: [Cotonvirus japonicum] -> [空]
  SRR23107136_clean_NODE_9000_length_2046_cov_3.853523
      Genus: [Alphahydrivirus] -> [空]
      Species: [Biavirus raunefjordenense] -> [空]
  SRR23107136_clean_NODE_90792_length_631_cov_4.718638
      Genus: [Deltaentomopoxvirus] -> [空]
      Species: [Deltaentomopoxvirus msanguinipes] -> [Hyperionvirus sp.]
  SRR23107136_clean_NODE_91485_length_628_cov_2.207207
      Species: [Whispovirus xiabaidian] -> [Porcellio scaber clopovirus]
  SRR23107136_clean_NODE_92302_length_624_cov_4.413793
      Genus: [Kratosvirus] -> [空]
      Species: [Kratosvirus quantuckense] -> [Solumvirus sp.]
  SRR23107136_clean_NODE_924_length_3881_cov_79.962710
      Genus: [Alphahydrivirus] -> [Fadolivirus]
  SRR23107136_clean_NODE_93751_length_618_cov_1.042202
      Species: [Cheloniid poxvirus 1] -> [Oriental turtle dovepox virus]
  SRR23107136_clean_NODE_942_length_3866_cov_10.346164
      Genus: [Trogglehumpervirus] -> [空]
  SRR23107136_clean_NODE_946_length_3863_cov_4.847230
      Order: [Imitervirales] -> [Pimascovirales]
      Genus: [Theiavirus] -> [空]
      Species: [Theiavirus salishense] -> [Pithovirus LCPAC104]
  SRR23107136_clean_NODE_950_length_3858_cov_3.742140
      Family: [Marseilleviridae] -> [Mimiviridae]
      Species: [Marseillevirus LCMAC202] -> [Imitervirales sp.]
  SRR23107136_clean_NODE_95200_length_611_cov_1.617100
      Species: [Mimivirus LCMiAC01] -> [Tupanvirus altamarinense]
  SRR23107136_clean_NODE_95516_length_610_cov_1.091248
      Genus: [Kozievirus] -> [Rheavirus]
  SRR23107136_clean_NODE_9620_length_1994_cov_3.520042
      Genus: [Metavirus] -> [Orthohepacivirus]
  SRR23107136_clean_NODE_9621_length_1994_cov_3.319625
      Species: [Marseillevirus LCMAC202] -> [Tethysvirus raunefjordenense]
  SRR23107136_clean_NODE_9665_length_1991_cov_3.415537
      Genus: [Mimivirus] -> [空]
      Species: [Mimivirus lagoaense] -> [空]
  SRR23107136_clean_NODE_99385_length_593_cov_1.267308
      Family: [Mimiviridae] -> [Marseilleviridae]
  SRR23107139_clean_NODE_10052_length_1393_cov_6.068939
      Species: [Faunusvirus sp.] -> [空]
  SRR23107139_clean_NODE_1006_length_2998_cov_1.869402
      Genus: [Biavirus] -> [空]
      Species: [Biavirus raunefjordenense] -> [Homavirus sp.]
  SRR23107139_clean_NODE_10286_length_1380_cov_5.996174
      Order: [Lefavirales] -> [Pimascovirales]
      Family: [Baculoviridae] -> [Iridoviridae]
      Genus: [Alphabaculovirus] -> [空]
      Species: [Alphabaculovirus altersperidaniae] -> [空]
  SRR23107139_clean_NODE_1036_length_2980_cov_17.242174
      Genus: [Paundivirus] -> [空]
  SRR23107139_clean_NODE_1042_length_2976_cov_3.653806
      Genus: [Wendovervirus] -> [空]
      Species: [Wendovervirus sonii] -> [Homavirus sp.]
  SRR23107139_clean_NODE_10479_length_1369_cov_3.749228
      Species: [Marseillevirus LCMAC101] -> [Losannavirus lausannense]
  SRR23107139_clean_NODE_10883_length_1346_cov_69.058916
      Genus: [Alpharetrovirus] -> [空]
      Species: [Iltovirus psittacidalpha5] -> [空]
  SRR23107139_clean_NODE_1115_length_2913_cov_5.577817
      Genus: [Mimivirus] -> [Moumouvirus]
  SRR23107139_clean_NODE_11183_length_1330_cov_2.569610
      Species: [Simplexvirus humanalpha2] -> [Tethysvirus raunefjordenense]
  SRR23107139_clean_NODE_1127_length_2901_cov_4.684936
      Family: [Pithoviridae] -> [Orthoherpesviridae]
  SRR23107139_clean_NODE_11316_length_1322_cov_5.241793
      Order: [Lefavirales] -> [Imitervirales]
      Family: [Baculoviridae] -> [Mimiviridae]
      Genus: [Alphabaculovirus] -> [Catovirus]
      Species: [Alphabaculovirus spocosmioidis] -> [Catovirus klosterense]
  SRR23107139_clean_NODE_1242_length_2833_cov_10.913043
      Genus: [Chlorovirus] -> [Megavirus]
      Species: [Chlorovirus americanus] -> [Megavirus sp.]
  SRR23107139_clean_NODE_12546_length_1259_cov_16.107926
      Genus: [Alphacedratvirus] -> [空]
      Species: [Alphacedratvirus brasiliense] -> [Mimivirus LCMiAC01]
  SRR23107139_clean_NODE_1372_length_2763_cov_38.038290
      Genus: [Biavirus] -> [Kratosvirus]
      Species: [Biavirus raunefjordenense] -> [Kratosvirus quantuckense]
  SRR23107139_clean_NODE_1393_length_2749_cov_2.714873
      Species: [Lentivirus humimdef1] -> [Fadolivirus algeromassiliense]
  SRR23107139_clean_NODE_1398_length_2745_cov_27.156063
      Genus: [Biavirus] -> [Kratosvirus]
      Species: [Biavirus raunefjordenense] -> [Kratosvirus quantuckense]
  SRR23107139_clean_NODE_14317_length_1182_cov_6.828674
      Class: [Caudoviricetes] -> [Megaviricetes]
      Order: [Pantevenvirales] -> [Algavirales]
      Genus: [Serangoonvirus] -> [Prasinovirus]
      Species: [Serangoonvirus essarone] -> [Bathycoccus sp. RCC716 virus 3]
  SRR23107139_clean_NODE_14434_length_1179_cov_1.133816
      Class: [Caudoviricetes] -> [Megaviricetes]
      Genus: [Traversvirus] -> [空]
  SRR23107139_clean_NODE_1465_length_2705_cov_3.467705
      Genus: [Alphahydrivirus] -> [Tupanvirus]
  SRR23107139_clean_NODE_1466_length_2705_cov_2.286854
      Family: [Pithoviridae] -> [Phycodnaviridae]
  SRR23107139_clean_NODE_1485_length_2691_cov_55.694041
      Genus: [Biavirus] -> [Kratosvirus]
      Species: [Biavirus raunefjordenense] -> [Kratosvirus quantuckense]
  SRR23107139_clean_NODE_1489_length_2686_cov_6.946422
      Species: [Phaeovirus feldmanniae] -> [空]
  SRR23107139_clean_NODE_1523_length_2666_cov_2.591593
      Genus: [Alphahydrivirus] -> [Tupanvirus]
  SRR23107139_clean_NODE_15373_length_1141_cov_23.424157
      Family: [Adenoviridae] -> [Mimiviridae]
      Species: [Megaviridae environmental sample*] -> [空]
  SRR23107139_clean_NODE_1549_length_2652_cov_5.902675
      Genus: [Biavirus] -> [空]
  SRR23107139_clean_NODE_1594_length_2627_cov_6.547377
      Family: [Hydriviridae] -> [空]
      Genus: [Alphahydrivirus] -> [空]
      Species: [Alphahydrivirus permafrostis] -> [空]
  SRR23107139_clean_NODE_1612_length_2619_cov_10.807934
      Class: [Megaviricetes] -> [Herviviricetes]
  SRR23107139_clean_NODE_1655_length_2592_cov_9.264788
      Realm: [Riboviria] -> [Duplodnaviria]
      Kingdom: [Orthornavirae] -> [Heunggongvirae]
  SRR23107139_clean_NODE_1669_length_2586_cov_16.803820
      Genus: [Salmonpoxvirus] -> [空]
      Species: [Salmonpoxvirus gillpox] -> [Pentanymphon antarcticum iridovirus]
  SRR23107139_clean_NODE_1729_length_2562_cov_2.661310
      Order: [Pantevenvirales] -> [Algavirales]
      Family: [Kyanoviridae] -> [Phycodnaviridae]
      Genus: [Serangoonvirus] -> [Prasinovirus]
      Species: [Serangoonvirus essarone] -> [空]
  SRR23107139_clean_NODE_17997_length_1052_cov_5.112360
      Species: [environmental samples] -> [空]
  SRR23107139_clean_NODE_19166_length_1016_cov_1.753977
      Genus: [Phaeovirus] -> [Hokovirus]
      Species: [Phaeovirus unasiliculosus] -> [Hokovirus HKV1*]
  SRR23107139_clean_NODE_1927_length_2483_cov_2.854357
      Family: [Marseilleviridae] -> [Kyanoviridae]
  SRR23107139_clean_NODE_1936_length_2481_cov_4.485880
      Genus: [Tupanvirus] -> [空]
      Species: [Tupanvirus salinum] -> [空]
  SRR23107139_clean_NODE_19638_length_1002_cov_1.918192
      Species: [Micromonas commoda virus] -> [Alphabaculovirus hytalacae]
  SRR23107139_clean_NODE_1968_length_2470_cov_6.076345
      Species: [Chrysochromulina ericina virus] -> [Tethysvirus raunefjordenense]
  SRR23107139_clean_NODE_20014_length_991_cov_2.913943
      Genus: [Chlorovirus] -> [空]
      Species: [Chlorovirus conductrix] -> [Mimivirus LCMiAC01]
  SRR23107139_clean_NODE_2025_length_2449_cov_5.472643
      Genus: [Tupanvirus] -> [Hokovirus]
      Species: [Tupanvirus salinum] -> [Hokovirus HKV1*]
  SRR23107139_clean_NODE_20500_length_978_cov_1.950276
      Species: [Faunusvirus sp.] -> [空]
  SRR23107139_clean_NODE_21166_length_961_cov_1.627252
      Order: [Imitervirales] -> [Pimascovirales]
      Species: [Theiavirus salishense] -> [Alphapithovirus siberiense]
  SRR23107139_clean_NODE_21610_length_951_cov_1.394077
      Genus: [Menderavirus] -> [Busanvirus]
  SRR23107139_clean_NODE_2175_length_2394_cov_4.613529
      Genus: [Biavirus] -> [空]
  SRR23107139_clean_NODE_21851_length_945_cov_2.223624
      Genus: [Deltaentomopoxvirus] -> [空]
      Species: [Deltaentomopoxvirus msanguinipes] -> [Hyperionvirus sp.]
  SRR23107139_clean_NODE_2288_length_2361_cov_2.767920
      Species: [Indivirus ILV1] -> [Fadolivirus algeromassiliense]
  SRR23107139_clean_NODE_23239_length_912_cov_3.676996
      Genus: [Manticavirus] -> [空]
  SRR23107139_clean_NODE_2350_length_2338_cov_4.695806
      Species: [Chrysophyceae clade H virus] -> [Biavirus raunefjordenense]
  SRR23107139_clean_NODE_2373_length_2334_cov_3.432994
      Genus: [Wendovervirus] -> [空]
      Species: [Wendovervirus sonii] -> [Homavirus sp.]
  SRR23107139_clean_NODE_24359_length_888_cov_2.333742
      Genus: [Chlorovirus] -> [Prasinovirus]
      Species: [Chlorovirus heliozoae] -> [空]
  SRR23107139_clean_NODE_24449_length_886_cov_2.581796
      Class: [Herviviricetes] -> [Naldaviricetes]
  SRR23107139_clean_NODE_2452_length_2304_cov_7.415957
      Genus: [Serangoonvirus] -> [空]
  SRR23107139_clean_NODE_2471_length_2299_cov_3.949236
      Genus: [Biavirus] -> [Chlorovirus]
      Species: [Biavirus raunefjordenense] -> [Chlorovirus betanebraskense]
  SRR23107139_clean_NODE_24977_length_875_cov_2.461347
      Genus: [Fadolivirus] -> [空]
      Species: [Fadolivirus algeromassiliense] -> [Mimiviridae sp. ChoanoV1*]
  SRR23107139_clean_NODE_2516_length_2287_cov_53.656730
      Species: [Moumouvirus goulettemassiliense] -> [空]
  SRR23107139_clean_NODE_251_length_4354_cov_3.361598
      Species: [Porcellio scaber clopovirus] -> [Biavirus raunefjordenense]
  SRR23107139_clean_NODE_2632_length_2255_cov_2.969294
      Species: [Biavirus raunefjordenense] -> [Tethysvirus ontarioense]
  SRR23107139_clean_NODE_26535_length_846_cov_2.206986
      Genus: [Lentivirus] -> [空]
      Species: [Lentivirus humimdef1] -> [空]
  SRR23107139_clean_NODE_2879_length_2197_cov_3.038136
      Genus: [Phaeovirus] -> [空]
      Species: [Phaeovirus unasiliculosus] -> [Marseillevirus LCMAC201]
  SRR23107139_clean_NODE_29469_length_795_cov_2.005540
      Species: [Catovirus klosterense] -> [Fadolivirus algeromassiliense]
  SRR23107139_clean_NODE_2948_length_2181_cov_6.425996
      Species: [Chrysophyceae clade H virus] -> [Biavirus raunefjordenense]
  SRR23107139_clean_NODE_3014_length_2167_cov_18.430755
      Order: [Pimascovirales] -> [Algavirales]
  SRR23107139_clean_NODE_30572_length_778_cov_1.916312
      Genus: [Alphahydrivirus] -> [空]
      Species: [Alphahydrivirus permafrostis] -> [Edafosvirus sp.]
  SRR23107139_clean_NODE_30574_length_778_cov_1.856738
      Genus: [Deltaentomopoxvirus] -> [空]
      Species: [Deltaentomopoxvirus msanguinipes] -> [空]
  SRR23107139_clean_NODE_3062_length_2159_cov_3.166826
      Order: [Pimascovirales] -> [Imitervirales]
      Family: [Marseilleviridae] -> [Mimiviridae]
      Species: [Marseillevirus LCMAC201] -> [Fadolivirus algeromassiliense]
  SRR23107139_clean_NODE_30643_length_777_cov_2.173295
      Family: [Pithoviridae] -> [Iridoviridae]
  SRR23107139_clean_NODE_3121_length_2148_cov_4.829880
      Species: [Micromonas commoda virus] -> [Tethysvirus raunefjordenense]
  SRR23107139_clean_NODE_3157_length_2143_cov_4.460870
      Genus: [Immutovirus] -> [空]
  SRR23107139_clean_NODE_31877_length_758_cov_4.665693
      Species: [environmental samples] -> [空]
  SRR23107139_clean_NODE_321_length_4048_cov_6.939623
      Order: [Imitervirales] -> [Pimascovirales]
      Genus: [Biavirus] -> [空]
      Species: [Biavirus raunefjordenense] -> [Marseillevirus LCMAC202]
  SRR23107139_clean_NODE_3237_length_2124_cov_3.310580
      Genus: [Alphahydrivirus] -> [Fadolivirus]
  SRR23107139_clean_NODE_3276_length_2116_cov_2.977484
      Family: [Metaviridae] -> [Marseilleviridae]
      Genus: [Metavirus] -> [Marseillevirus]
      Species: [Metavirus tatarabidopsis] -> [Pithovirus LCPAC102]
  SRR23107139_clean_NODE_329_length_4019_cov_4.322352
      Species: [Chrysochromulina ericina virus] -> [Theiavirus salishense]
  SRR23107139_clean_NODE_3349_length_2098_cov_11.464691
      Species: [Marseillevirus LCMAC202] -> [Mimivirus lagoaense]
  SRR23107139_clean_NODE_3417_length_2082_cov_2.445495
      Species: [Prasinovirus micromonas] -> [Yellowstone lake phycodnavirus 2]
  SRR23107139_clean_NODE_34274_length_726_cov_1.523737
      Species: [Indivirus ILV1] -> [Indivirus ILV1*]
  SRR23107139_clean_NODE_3439_length_2076_cov_6.501248
      Genus: [Megavirus] -> [Gammaretrovirus]
  SRR23107139_clean_NODE_3440_length_2076_cov_4.078882
      Genus: [Prasinovirus] -> [空]
      Species: [Prasinovirus ostreotauri] -> [Mimiviridae sp. ChoanoV1*]
  SRR23107139_clean_NODE_34785_length_719_cov_1.503096
      Class: [Caudoviricetes] -> [Megaviricetes]
      Genus: [Pandoravirus] -> [空]
  SRR23107139_clean_NODE_350_length_3962_cov_3.525071
      Kingdom: [Heunggongvirae] -> [Bamfordvirae]
  SRR23107139_clean_NODE_355_length_3938_cov_10.926003
      Genus: [Biavirus] -> [Cotonvirus]
      Species: [Biavirus raunefjordenense] -> [Cotonvirus japonicum]
  SRR23107139_clean_NODE_3564_length_2051_cov_30.238625
      Genus: [Biavirus] -> [空]
  SRR23107139_clean_NODE_3569_length_2050_cov_3.644917
      Genus: [Traversvirus] -> [空]
  SRR23107139_clean_NODE_3577_length_2048_cov_5.253165
      Species: [Catovirus klosterense] -> [Mimivirus lagoaense]
  SRR23107139_clean_NODE_3646_length_2037_cov_3.166497
      Genus: [Marseillevirus] -> [Tupanvirus]
      Species: [Marseillevirus massiliense] -> [空]
  SRR23107139_clean_NODE_368_length_3906_cov_8.542917
      Genus: [Chlorovirus] -> [Alphabaculovirus]
  SRR23107139_clean_NODE_37010_length_692_cov_1.491115
      Species: [Mimivirus LCMiAC01] -> [Pithovirus LCPAC404]
  SRR23107139_clean_NODE_39884_length_660_cov_3.897785
      Class: [Megaviricetes] -> [Pokkesviricetes]
      Genus: [Marseillevirus] -> [空]
      Species: [Cotonvirus japonicum] -> [Carp edema virus]
  SRR23107139_clean_NODE_4160_length_1948_cov_9.987733
      Species: [Biavirus raunefjordenense] -> [Mimivirus lagoaense]
  SRR23107139_clean_NODE_4166_length_1948_cov_2.125867
      Genus: [Phaeovirus] -> [空]
      Species: [Phaeovirus feldmanniae] -> [Marseillevirus LCMAC201]
  SRR23107139_clean_NODE_4179_length_1946_cov_3.362520
      Species: [Agnivirus brisbanense] -> [Poseidoniales virus]
  SRR23107139_clean_NODE_4218_length_1940_cov_2.961971
      Genus: [Biavirus] -> [Catovirus]
      Species: [Biavirus raunefjordenense] -> [Catovirus CTV1]
  SRR23107139_clean_NODE_4305_length_1927_cov_1.671521
      Genus: [Tupanvirus] -> [空]
      Species: [Tupanvirus salinum] -> [空]
  SRR23107139_clean_NODE_431_length_3751_cov_5.322186
      Family: [Marseilleviridae] -> [Schizomimiviridae]
  SRR23107139_clean_NODE_4320_length_1925_cov_6.163067
      Species: [Tupanvirus salinum] -> [Terrestrivirus sp.]
  SRR23107139_clean_NODE_4459_length_1903_cov_2.674317
      Species: [Carp edema virus] -> [Theiavirus salishense]
  SRR23107139_clean_NODE_45120_length_612_cov_1.972171
      Species: [environmental samples] -> [空]
  SRR23107139_clean_NODE_4656_length_1872_cov_3.224013
      Species: [Theiavirus salishense] -> [Moumouvirus goulettemassiliense]
  SRR23107139_clean_NODE_4702_length_1865_cov_2.856027
      Genus: [Alphahydrivirus] -> [空]
      Species: [Alphahydrivirus permafrostis] -> [Solumvirus sp.]
  SRR23107139_clean_NODE_4833_length_1844_cov_5.103331
      Order: [Imitervirales] -> [空]
      Genus: [Hokovirus] -> [空]
  SRR23107139_clean_NODE_4842_length_1843_cov_4.848588
      Species: [Tupanvirus salinum] -> [Terrestrivirus sp.]
  SRR23107139_clean_NODE_4844_length_1843_cov_2.652542
      Species: [Iridovirus LCIVAC01] -> [Tupanvirus salinum]
  SRR23107139_clean_NODE_4887_length_1837_cov_4.982993
      Species: [environmental samples] -> [空]
  SRR23107139_clean_NODE_4903_length_1834_cov_12.829642
      Genus: [Prasinovirus] -> [空]
      Species: [Prasinovirus micromonas] -> [Mimiviridae sp. ChoanoV1]
  SRR23107139_clean_NODE_5093_length_1810_cov_2.125504
      Species: [Phaeovirus unasiliculosus] -> [Chlorovirus vanettense]
  SRR23107139_clean_NODE_51920_length_561_cov_2.106557
      Genus: [Pandoravirus] -> [空]
  SRR23107139_clean_NODE_5237_length_1791_cov_6.387660
      Species: [Faunusvirus sp.] -> [空]
  SRR23107139_clean_NODE_52741_length_556_cov_1.002070
      Order: [Herpesvirales] -> [Pimascovirales]
  SRR23107139_clean_NODE_54736_length_543_cov_1.312766
      Genus: [Kratosvirus] -> [空]
      Species: [Kratosvirus quantuckense] -> [Solumvirus sp.]
  SRR23107139_clean_NODE_5496_length_1763_cov_3.137870
      Genus: [Alphacedratvirus] -> [空]
      Species: [Alphacedratvirus brasiliense] -> [空]
  SRR23107139_clean_NODE_5559_length_1757_cov_2.783848
      Class: [Caudoviricetes] -> [Megaviricetes]
      Genus: [Minunavirus] -> [空]
      Species: [Minunavirus Min1] -> [空]
  SRR23107139_clean_NODE_5710_length_1741_cov_3.220624
      Order: [Herpesvirales] -> [Imitervirales]
      Genus: [Alphacedratvirus] -> [Tupanvirus]
      Species: [Simplexvirus humanalpha2] -> [Tupanvirus altamarinense]
  SRR23107139_clean_NODE_5791_length_1732_cov_3.192285
      Species: [Biavirus raunefjordenense] -> [Tethysvirus ontarioense]
  SRR23107139_clean_NODE_57989_length_524_cov_3.450111
      Species: [Tupanvirus altamarinense] -> [Hyperionvirus sp.]
  SRR23107139_clean_NODE_6014_length_1708_cov_2.659327
      Species: [Megavirus powaiense] -> [Mimiviridae sp. ChoanoV1]
  SRR23107139_clean_NODE_61427_length_506_cov_1.131640
      Species: [Hokovirus HKV1] -> [Megavirus baoshanense]
  SRR23107139_clean_NODE_61718_length_504_cov_2.122970
      Species: [Hokovirus HKV1] -> [Mimivirus lagoaense]
  SRR23107139_clean_NODE_624_length_3376_cov_9.882834
      Genus: [Donellivirus] -> [空]
  SRR23107139_clean_NODE_6322_length_1679_cov_1.764010
      Genus: [Moumouvirus] -> [Alphaorpheovirus]
      Species: [Moumouvirus goulettemassiliense] -> [Alphaorpheovirus massiliense]
  SRR23107139_clean_NODE_6370_length_1674_cov_4.740162
      Genus: [Biavirus] -> [Klosneuvirus]
      Species: [Biavirus raunefjordenense] -> [Klosneuvirus KNV1*]
  SRR23107139_clean_NODE_6517_length_1659_cov_2.290038
      Class: [Megaviricetes] -> [Pharingeaviricetes]
      Species: [environmental samples] -> [空]
  SRR23107139_clean_NODE_654_length_3332_cov_13.248236
      Family: [Schizomimiviridae] -> [空]
      Genus: [Biavirus] -> [空]
      Species: [Biavirus raunefjordenense] -> [Nidovirales sp.]
  SRR23107139_clean_NODE_694_length_3297_cov_8.544045
      Species: [Chrysophyceae clade H virus] -> [Tupanvirus altamarinense]
  SRR23107139_clean_NODE_7269_length_1591_cov_3.835310
      Class: [Caudoviricetes] -> [Megaviricetes]
      Genus: [Spinunavirus] -> [空]
  SRR23107139_clean_NODE_7413_length_1580_cov_2.899137
      Species: [Klosneuvirus KNV1] -> [Fadolivirus algeromassiliense]
  SRR23107139_clean_NODE_7778_length_1553_cov_3.220270
      Genus: [Serangoonvirus] -> [Prasinovirus]
      Species: [Serangoonvirus essarone] -> [Bathycoccus sp. RCC1105 virus BpV]
  SRR23107139_clean_NODE_7924_length_1543_cov_6.136054
      Genus: [Biavirus] -> [空]
      Species: [Biavirus raunefjordenense] -> [Moss associated narna-like virus 14]
  SRR23107139_clean_NODE_7978_length_1537_cov_4.204918
      Genus: [Hatfieldvirus] -> [空]
      Species: [Hatfieldvirus porci] -> [Barrevirus sp.]
  SRR23107139_clean_NODE_8325_length_1508_cov_2.944251
      Genus: [Serangoonvirus] -> [Prasinovirus]
      Species: [Serangoonvirus essarone] -> [Bathycoccus sp. RCC1105 virus BpV]
  SRR23107139_clean_NODE_839_length_3146_cov_8.809307
      Genus: [Losannavirus] -> [Alphaorpheovirus]
      Species: [Losannavirus tunisense] -> [Alphaorpheovirus massiliense*]
  SRR23107139_clean_NODE_9259_length_1443_cov_12.784672
      Class: [Megaviricetes] -> [Herviviricetes]
  SRR23107139_clean_NODE_9341_length_1439_cov_1.961933
      Genus: [Phaeovirus] -> [空]
      Species: [Phaeovirus unasiliculosus] -> [Marseillevirus LCMAC101]
  SRR23107139_clean_NODE_9624_length_1420_cov_67.623608
      Kingdom: [Heunggongvirae] -> [Bamfordvirae]
      Genus: [Alpharetrovirus] -> [空]
      Species: [Alpharetrovirus aviY73sar] -> [空]
  SRR23107141_clean_NODE_1035_length_2847_cov_44.660058
      Species: [Biavirus raunefjordenense] -> [Tethysvirus ontarioense]
  SRR23107141_clean_NODE_104_length_5167_cov_4.460149
      Family: [Marseilleviridae] -> [Mimiviridae]
      Genus: [Marseillevirus] -> [空]
      Species: [Marseillevirus senegalense] -> [空]
  SRR23107141_clean_NODE_1058_length_2834_cov_3.852227
      Genus: [Phaeovirus] -> [Hokovirus]
      Species: [Phaeovirus unasiliculosus] -> [Hokovirus HKV1*]
  SRR23107141_clean_NODE_10775_length_1285_cov_2.092409
      Class: [Caudoviricetes] -> [Herviviricetes]
      Family: [Orthoherpesviridae] -> [Chimalliviridae]
      Genus: [Lymphocryptovirus] -> [Phabiovirus]
      Species: [Lymphocryptovirus humangamma4] -> [Phabiovirus phabio]
  SRR23107141_clean_NODE_10878_length_1279_cov_10.889718
      Genus: [Borockvirus] -> [空]
  SRR23107141_clean_NODE_10923_length_1277_cov_2.374585
      Species: [Fadolivirus algeromassiliense] -> [Harvfovirus sp.]
  SRR23107141_clean_NODE_1107_length_2793_cov_9.039706
      Genus: [Alphahydrivirus] -> [空]
      Species: [Alphahydrivirus permafrostis] -> [空]
  SRR23107141_clean_NODE_1114_length_2789_cov_4.045655
      Order: [Imitervirales] -> [空]
      Family: [Schizomimiviridae] -> [空]
      Genus: [Biavirus] -> [空]
      Species: [Biavirus raunefjordenense] -> [空]
  SRR23107141_clean_NODE_11350_length_1254_cov_5.604572
      Order: [Tymovirales] -> [空]
      Genus: [Allexivirus] -> [空]
      Species: [Allexivirus deltallii] -> [Porcellio scaber clopovirus]
  SRR23107141_clean_NODE_1216_length_2729_cov_31.110316
      Genus: [Phaeovirus] -> [空]
      Species: [Phaeovirus feldmanniae] -> [Mimivirus LCMiAC01]
  SRR23107141_clean_NODE_12335_length_1205_cov_9.347173
      Species: [Alphacedratvirus brasiliense] -> [Pacmanvirus A23]
  SRR23107141_clean_NODE_123_length_5032_cov_4.199839
      Genus: [Wendovervirus] -> [空]
      Species: [Wendovervirus sonii] -> [Homavirus sp.]
  SRR23107141_clean_NODE_12507_length_1198_cov_1.627556
      Genus: [Phaeovirus] -> [空]
      Species: [Phaeovirus unasiliculosus] -> [Marseillevirus LCMAC201]
  SRR23107141_clean_NODE_12697_length_1189_cov_3.026882
      Family: [Poxviridae] -> [空]
      Genus: [Betaentomopoxvirus] -> [空]
      Species: [Betaentomopoxvirus cbiennis] -> [空]
  SRR23107141_clean_NODE_12884_length_1180_cov_6.225836
      Species: [Varicellovirus monodontidalpha1] -> [Varicellovirus caprinealpha1]
  SRR23107141_clean_NODE_1289_length_2686_cov_26.745121
      Genus: [Biavirus] -> [空]
  SRR23107141_clean_NODE_13016_length_1175_cov_2.784029
      Genus: [Tupanvirus] -> [空]
      Species: [Tupanvirus salinum] -> [Marseillevirus LCMAC101]
  SRR23107141_clean_NODE_13125_length_1170_cov_2.131267
      Genus: [Biavirus] -> [空]
      Species: [Biavirus raunefjordenense] -> [Pithovirus LCPAC101]
  SRR23107141_clean_NODE_13200_length_1167_cov_1.496344
      Genus: [Phaeovirus] -> [Hokovirus]
      Species: [Phaeovirus unasiliculosus] -> [Hokovirus HKV1*]
  SRR23107141_clean_NODE_14530_length_1111_cov_1.836224
      Genus: [Phaeovirus] -> [空]
      Species: [Phaeovirus irregularis] -> [空]
  SRR23107141_clean_NODE_1468_length_2585_cov_2.945064
      Class: [Caudoviricetes] -> [Megaviricetes]
      Genus: [Questintvirus] -> [空]
      Species: [Questintvirus Q54] -> [Harvfovirus sp.]
  SRR23107141_clean_NODE_14830_length_1099_cov_1.614035
      Genus: [Phaeovirus] -> [Hokovirus]
      Species: [Phaeovirus unasiliculosus] -> [Hokovirus HKV1*]
  SRR23107141_clean_NODE_1484_length_2579_cov_2.646848
      Order: [Lefavirales] -> [Pimascovirales]
      Family: [Baculoviridae] -> [Mimiviridae]
      Genus: [Alphabaculovirus] -> [Fadolivirus]
      Species: [Alphabaculovirus busuppressariae] -> [Pentanymphon antarcticum iridovirus]
  SRR23107141_clean_NODE_14941_length_1095_cov_1.536204
      Species: [Alphacedratvirus brasiliense] -> [Pacmanvirus A23]
  SRR23107141_clean_NODE_14965_length_1094_cov_1.675808
      Family: [Herelleviridae] -> [空]
      Genus: [Schiekvirus] -> [空]
      Species: [Schiekvirus EFP01] -> [空]
  SRR23107141_clean_NODE_1501_length_2570_cov_3.535443
      Genus: [Theiavirus] -> [Kratosvirus]
      Species: [Theiavirus salishense] -> [Kratosvirus quantuckense]
  SRR23107141_clean_NODE_1515_length_2562_cov_1.897549
      Species: [Tupanvirus altamarinense] -> [Tupanvirus salinum]
  SRR23107141_clean_NODE_15785_length_1065_cov_3.377016
      Genus: [Metavirus] -> [空]
      Species: [Metavirus tatarabidopsis] -> [Pithovirus LCPAC202]
  SRR23107141_clean_NODE_15925_length_1059_cov_9.127789
      Order: [Imitervirales] -> [Rowavirales]
      Genus: [Tethysvirus] -> [空]
      Species: [Tethysvirus ontarioense] -> [空]
  SRR23107141_clean_NODE_17093_length_1019_cov_1.522199
      Species: [Catovirus klosterense] -> [Chloriridovirus anopheles1]
  SRR23107141_clean_NODE_17122_length_1018_cov_1.932275
      Genus: [Losannavirus] -> [Fadolivirus]
  SRR23107141_clean_NODE_17296_length_1012_cov_201.137380
      Species: [Theiavirus salishense] -> [Terrestrivirus sp.]
  SRR23107141_clean_NODE_18207_length_986_cov_2.407448
      Family: [Adenoviridae] -> [Mimiviridae]
      Species: [Megaviridae environmental sample*] -> [空]
  SRR23107141_clean_NODE_1832_length_2424_cov_2.705232
      Species: [Fadolivirus algeromassiliense] -> [Terrestrivirus sp.]
  SRR23107141_clean_NODE_1852_length_2415_cov_13.907344
      Genus: [Biavirus] -> [空]
  SRR23107141_clean_NODE_19550_length_947_cov_4.060641
      Species: [Iltovirus psittacidalpha5] -> [Medusavirus sthenus]
  SRR23107141_clean_NODE_19576_length_946_cov_45.096220
      Species: [Agave yellow streak virus Jalisco 2] -> [Vitivirus alpharubi]
  SRR23107141_clean_NODE_1962_length_2376_cov_3.657403
      Genus: [Eurybiavirus] -> [空]
      Species: [Eurybiavirus MED4213] -> [空]
  SRR23107141_clean_NODE_19735_length_943_cov_1.966667
      Species: [Varicellovirus canidalpha1] -> [空]
  SRR23107141_clean_NODE_19847_length_940_cov_2.239908
      Genus: [Deltaentomopoxvirus] -> [空]
      Species: [Deltaentomopoxvirus msanguinipes] -> [空]
  SRR23107141_clean_NODE_20213_length_931_cov_1.393939
      Genus: [Theiavirus] -> [空]
      Species: [Theiavirus salishense] -> [Mimiviridae sp. ChoanoV1*]
  SRR23107141_clean_NODE_20311_length_928_cov_3.109942
      Genus: [Myoalterovirus] -> [空]
  SRR23107141_clean_NODE_20583_length_921_cov_5.251179
      Species: [Dishui Lake phycodnavirus 4] -> [Fadolivirus algeromassiliense]
  SRR23107141_clean_NODE_2092_length_2334_cov_18.295002
      Family: [Adenoviridae] -> [Mesomimiviridae]
  SRR23107141_clean_NODE_2119_length_2325_cov_9.857904
      Order: [Imitervirales] -> [Pimascovirales]
  SRR23107141_clean_NODE_21256_length_904_cov_1.110710
      Class: [Herviviricetes] -> [Naldaviricetes]
      Order: [Herpesvirales] -> [Lefavirales]
      Family: [Orthoherpesviridae] -> [Baculoviridae]
      Genus: [Lymphocryptovirus] -> [Betabaculovirus]
      Species: [Lymphocryptovirus humangamma4] -> [Betabaculovirus sp.]
  SRR23107141_clean_NODE_21615_length_895_cov_3.099757
      Genus: [Pandoravirus] -> [Mardivirus]
      Species: [Mardivirus anatidalpha1] -> [空]
  SRR23107141_clean_NODE_2181_length_2301_cov_3.107271
      Order: [Elliovirales] -> [Pantevenvirales]
      Family: [Peribunyaviridae] -> [Kyanoviridae]
      Genus: [Jenstvirus] -> [Serangoonvirus]
      Species: [Orthobunyavirus teteense] -> [Jenstvirus jenst]
  SRR23107141_clean_NODE_2216_length_2287_cov_717.766034
      Family: [Adenoviridae] -> [Mesomimiviridae]
  SRR23107141_clean_NODE_2220_length_2287_cov_52.867209
      Species: [Chrysophyceae clade H virus] -> [Fadolivirus algeromassiliense]
  SRR23107141_clean_NODE_2308_length_2269_cov_3.039617
      Genus: [Centapoxvirus] -> [空]
      Species: [Centapoxvirus microtuspox] -> [空]
  SRR23107141_clean_NODE_23408_length_854_cov_4.914213
      Species: [Tupanvirus salinum] -> [Terrestrivirus sp.]
  SRR23107141_clean_NODE_2462_length_2226_cov_3.472364
      Class: [Caudoviricetes] -> [Megaviricetes]
      Genus: [Thornevirus] -> [Chlorovirus]
  SRR23107141_clean_NODE_268_length_4087_cov_6.152715
      Species: [Enterovirus cerhino] -> [Tupanvirus altamarinense]
  SRR23107141_clean_NODE_2705_length_2163_cov_15.606699
      Genus: [Theiavirus] -> [Klosneuvirus]
      Species: [Theiavirus salishense] -> [Klosneuvirus KNV1*]
  SRR23107141_clean_NODE_27568_length_777_cov_4.240057
      Species: [environmental samples] -> [空]
  SRR23107141_clean_NODE_27589_length_777_cov_1.906250
      Genus: [Tethysvirus] -> [Theiavirus]
  SRR23107141_clean_NODE_2769_length_2149_cov_26.278902
      Genus: [Alphahydrivirus] -> [空]
      Species: [Alphahydrivirus permafrostis] -> [Terrestrivirus sp.]
  SRR23107141_clean_NODE_2815_length_2137_cov_4.645349
      Species: [Biavirus raunefjordenense] -> [Tethysvirus raunefjordenense]
  SRR23107141_clean_NODE_281_length_4003_cov_5.778372
      Genus: [Biavirus] -> [空]
      Species: [Biavirus raunefjordenense] -> [Marseillevirus LCMAC202]
  SRR23107141_clean_NODE_29630_length_745_cov_1.505952
      Realm: [Riboviria] -> [Duplodnaviria]
      Kingdom: [Orthornavirae] -> [Heunggongvirae]
  SRR23107141_clean_NODE_29718_length_743_cov_4.220896
      Genus: [Betabaculovirus] -> [空]
      Species: [Betabaculovirus epaporemae] -> [空]
  SRR23107141_clean_NODE_2987_length_2094_cov_3.118258
      Species: [Iridovirus LCIVAC01] -> [Tupanvirus salinum]
  SRR23107141_clean_NODE_3007_length_2088_cov_3.921092
      Class: [Caudoviricetes] -> [Megaviricetes]
  SRR23107141_clean_NODE_3069_length_2075_cov_10.030470
      Genus: [Fadolivirus] -> [空]
  SRR23107141_clean_NODE_31071_length_724_cov_1.539171
      Class: [Naldaviricetes] -> [Chrymotiviricetes]
      Family: [Nimaviridae] -> [Orthototiviridae]
      Genus: [Whispovirus] -> [Totivirus]
      Species: [Whispovirus xiabaidian] -> [Hanko totivirus 4]
  SRR23107141_clean_NODE_31941_length_711_cov_1.405956
      Order: [Pantevenvirales] -> [Pimascovirales]
      Genus: [Serangoonvirus] -> [空]
  SRR23107141_clean_NODE_3249_length_2039_cov_5.140387
      Species: [Marseillevirus LCMAC201] -> [Alphahydrivirus permafrostis]
  SRR23107141_clean_NODE_33219_length_694_cov_1.429952
      Family: [Phycodnaviridae] -> [Kyanoviridae]
      Genus: [Prasinovirus] -> [Serangoonvirus]
  SRR23107141_clean_NODE_3372_length_2012_cov_5.034038
      Genus: [Mimivirus] -> [Klosneuvirus]
      Species: [Cotonvirus japonicum] -> [Klosneuvirus KNV1*]
  SRR23107141_clean_NODE_3418_length_2001_cov_9.617739
      Genus: [Theiavirus] -> [空]
  SRR23107141_clean_NODE_3424_length_2001_cov_2.298237
      Genus: [Metavirus] -> [Iltovirus]
      Species: [Varicellovirus equidalpha6] -> [Iltovirus gallidalpha1]
  SRR23107141_clean_NODE_342_length_3832_cov_9.389731
      Species: [Tethysvirus hollandense] -> [空]
  SRR23107141_clean_NODE_3493_length_1987_cov_12.487983
      Realm: [Riboviria] -> [Varidnaviria]
      Kingdom: [Orthornavirae] -> [Bamfordvirae]
      Phylum: [Pisuviricota] -> [Nucleocytoviricota]
      Class: [Mycopleornaviricetes] -> [Megaviricetes]
      Order: [Xenadelphovirales] -> [Algavirales]
  SRR23107141_clean_NODE_3664_length_1955_cov_11.608927
      Species: [environmental samples] -> [空]
  SRR23107141_clean_NODE_3734_length_1944_cov_3.267771
      Genus: [Alphahydrivirus] -> [空]
      Species: [Alphahydrivirus permafrostis] -> [Naiavirus sp.]
  SRR23107141_clean_NODE_3796_length_1931_cov_12.313240
      Genus: [Phaeovirus] -> [空]
  SRR23107141_clean_NODE_3799_length_1930_cov_155.859451
      Genus: [Alphahydrivirus] -> [空]
      Species: [Alphahydrivirus permafrostis] -> [Naiavirus sp.]
  SRR23107141_clean_NODE_3803_length_1930_cov_6.200862
      Genus: [Biavirus] -> [空]
      Species: [Biavirus raunefjordenense] -> [Edafosvirus sp.]
  SRR23107141_clean_NODE_389_length_3716_cov_3.693934
      Species: [Caledonia beadlet anemone dicistro-like virus 2] -> [Theiavirus salishense]
  SRR23107141_clean_NODE_3962_length_1902_cov_2.237288
      Genus: [Fadolivirus] -> [Klosneuvirus]
      Species: [Fadolivirus algeromassiliense] -> [Klosneuvirus KNV1*]
  SRR23107141_clean_NODE_3965_length_1901_cov_3.512582
      Species: [Hokovirus HKV1] -> [Mimivirus lagoaense]
  SRR23107141_clean_NODE_401_length_3683_cov_4.975346
      Species: [Alphaorpheovirus massiliense] -> [Alphahydrivirus permafrostis]
  SRR23107141_clean_NODE_403_length_3679_cov_29.938159
      Genus: [Chlorovirus] -> [Alphabaculovirus]
      Species: [Chlorovirus americanus] -> [Alphabaculovirus pavitrealis]
  SRR23107141_clean_NODE_4142_length_1870_cov_61.617140
      Family: [Hydriviridae] -> [空]
      Genus: [Alphahydrivirus] -> [空]
      Species: [Alphahydrivirus permafrostis] -> [空]
  SRR23107141_clean_NODE_4215_length_1859_cov_2.341545
      Family: [Adenoviridae] -> [Mimiviridae]
      Species: [Megaviridae environmental sample*] -> [空]
  SRR23107141_clean_NODE_43312_length_591_cov_1.488417
      Species: [Chrysophyceae clade H virus] -> [Biavirus raunefjordenense]
  SRR23107141_clean_NODE_4370_length_1833_cov_5.577841
      Genus: [Heliosvirus] -> [Catovirus]
      Species: [Heliosvirus raunefjordenense] -> [Catovirus CTV1]
  SRR23107141_clean_NODE_4530_length_1811_cov_5.703682
      Genus: [Alphahydrivirus] -> [空]
      Species: [Alphahydrivirus permafrostis] -> [Terrestrivirus sp.]
  SRR23107141_clean_NODE_46216_length_567_cov_3.368421
      Species: [Dishui Lake phycodnavirus 4] -> [Fadolivirus algeromassiliense]
  SRR23107141_clean_NODE_46956_length_562_cov_1.390593
      Species: [Deltaentomopoxvirus msanguinipes] -> [空]
  SRR23107141_clean_NODE_4824_length_1773_cov_7.289412
      Species: [Pithovirus LCPAC302] -> [Fadolivirus algeromassiliense]
  SRR23107141_clean_NODE_48854_length_548_cov_2.263158
      Species: [Faunusvirus sp.] -> [空]
  SRR23107141_clean_NODE_490_length_3513_cov_9.597965
      Class: [Caudoviricetes] -> [Megaviricetes]
      Genus: [Jenstvirus] -> [Prasinovirus]
      Species: [Jenstvirus jenst] -> [Bathycoccus sp. RCC716 virus 3]
  SRR23107141_clean_NODE_5030_length_1748_cov_5.061493
      Genus: [Alphahydrivirus] -> [空]
      Species: [Alphahydrivirus permafrostis] -> [Terrestrivirus sp.]
  SRR23107141_clean_NODE_5098_length_1739_cov_31.286315
      Genus: [Tethysvirus] -> [Oceanusvirus]
      Species: [Tethysvirus ontarioense] -> [空]
  SRR23107141_clean_NODE_5101_length_1739_cov_14.165066
      Genus: [Serangoonvirus] -> [Prasinovirus]
      Species: [Serangoonvirus essarone] -> [Bathycoccus sp. RCC1105 virus BpV]
  SRR23107141_clean_NODE_520_length_3445_cov_6.953144
      Species: [Fadolivirus algeromassiliense] -> [Homavirus sp.]
  SRR23107141_clean_NODE_5258_length_1724_cov_2.374924
      Species: [Agnivirus brisbanense] -> [Poseidoniales virus]
  SRR23107141_clean_NODE_55080_length_508_cov_50.590805
      Species: [Sylvanvirus sp.] -> [Dishui lake phycodnavirus 1]
  SRR23107141_clean_NODE_5512_length_1697_cov_2.569581
      Species: [Fadolivirus algeromassiliense] -> [空]
  SRR23107141_clean_NODE_5543_length_1694_cov_1.898828
      Genus: [Phaeovirus] -> [空]
      Species: [Phaeovirus unasiliculosus] -> [Marseillevirus LCMAC201]
  SRR23107141_clean_NODE_55551_length_506_cov_1.568129
      Genus: [Immutovirus] -> [空]
  SRR23107141_clean_NODE_55714_length_505_cov_1.986111
      Species: [environmental samples] -> [空]
  SRR23107141_clean_NODE_5931_length_1652_cov_1.836605
      Genus: [Tupanvirus] -> [空]
      Species: [Tupanvirus salinum] -> [Marseillevirus LCMAC201]
  SRR23107141_clean_NODE_6128_length_1633_cov_2.845513
      Order: [Martellivirales] -> [空]
      Family: [Togaviridae] -> [空]
      Species: [Alphavirus venezuelan] -> [Polybotosvirus Atuph07]
  SRR23107141_clean_NODE_6330_length_1615_cov_4.101816
      Species: [Coltivirus dermacentoris] -> [Hatfieldvirus porci]
  SRR23107141_clean_NODE_6499_length_1596_cov_2.846356
      Family: [Polycipiviridae] -> [Allomimiviridae]
  SRR23107141_clean_NODE_6934_length_1552_cov_7.059500
      Species: [Tethysvirus ontarioense] -> [Dishui Lake large algae virus 1]
  SRR23107141_clean_NODE_6946_length_1552_cov_1.518594
      Family: [Mimiviridae] -> [Marseilleviridae]
  SRR23107141_clean_NODE_7308_length_1520_cov_25.009675
      Genus: [Biavirus] -> [Catovirus]
      Species: [Biavirus raunefjordenense] -> [Catovirus klosterense]
  SRR23107141_clean_NODE_7430_length_1511_cov_4.187065
      Class: [Caudoviricetes] -> [Duplopiviricetes]
      Genus: [Fernvirus] -> [空]
  SRR23107141_clean_NODE_75_length_5414_cov_6.415091
      Species: [Pseudovirus nicotianae] -> [Atrato Retro-like virus]
  SRR23107141_clean_NODE_776_length_3087_cov_2.736563
      Species: [Fadolivirus algeromassiliense] -> [Homavirus sp.]
  SRR23107141_clean_NODE_8135_length_1456_cov_3.438178
      Species: [Faunusvirus sp.] -> [空]
  SRR23107141_clean_NODE_8457_length_1434_cov_1.554739
      Species: [Pseudovirus nicotianae] -> [Atrato Retro-like virus]
  SRR23107141_clean_NODE_8499_length_1431_cov_2.681885
      Genus: [Alphahydrivirus] -> [空]
      Species: [Alphahydrivirus permafrostis] -> [Pithovirus LCPAC304]
  SRR23107141_clean_NODE_8724_length_1415_cov_2.002981
      Family: [Nimaviridae] -> [Kyanoviridae]
  SRR23107141_clean_NODE_8804_length_1409_cov_4.907934
      Genus: [Fadolivirus] -> [Hokovirus]
      Species: [Fadolivirus algeromassiliense] -> [Hokovirus HKV1*]
  SRR23107141_clean_NODE_9092_length_1389_cov_2.182371
      Phylum: [Cressdnaviricota] -> [Nucleocytoviricota]
  SRR23107141_clean_NODE_943_length_2926_cov_34.341045
      Genus: [Alphahydrivirus] -> [空]
      Species: [Alphahydrivirus permafrostis] -> [空]
  SRR23107141_clean_NODE_966_length_2905_cov_30.008828
      Genus: [Theiavirus] -> [Kratosvirus]
      Species: [Theiavirus salishense] -> [Kratosvirus quantuckense*]
  SRR23107141_clean_NODE_980_length_2893_cov_3.642199
      Genus: [Wendovervirus] -> [空]
      Species: [Wendovervirus sonii] -> [Homavirus sp.]
  SRR23107141_clean_NODE_9897_length_1336_cov_5.236738
      Genus: [Metavirus] -> [Cotonvirus]
  SRR23107141_clean_NODE_9943_length_1334_cov_1.851705
      Species: [Klosneuvirus KNV1] -> [Fadolivirus algeromassiliense]
  SRR23107141_clean_NODE_9971_length_1332_cov_3.214456
      Species: [Tupanvirus altamarinense] -> [Sylvanvirus sp.]
  SRR23215176_clean_NODE_1378_length_2713_cov_8.512121
      Genus: [Alphahydrivirus] -> [空]
      Species: [Alphahydrivirus permafrostis] -> [空]
  SRR23215176_clean_NODE_14334_length_507_cov_0.783410
      Genus: [Betasclernavirus] -> [Alphavirus]
      Species: [Solanum melongena bastro-like virus] -> [Plasmopara viticola lesion associated alpha-like virus 1]
  SRR23215176_clean_NODE_2113_length_2262_cov_9.144815
      Species: [Alphabaculovirus ardigrammae] -> [Parapoxvirus sealpox]
  SRR23215176_clean_NODE_2328_length_2144_cov_4.234669
      Species: [Sylvanvirus sp.] -> [Dishui lake phycodnavirus 1]
  SRR23215176_clean_NODE_24_length_7276_cov_6.704290
      Genus: [Fadolivirus] -> [Orthohepacivirus]
      Species: [Lentivirus humimdef1] -> [Orthohepacivirus hominis]
  SRR23215176_clean_NODE_2626_length_2011_cov_7.373065
      Order: [Imitervirales] -> [Herpesvirales]
      Family: [Mimiviridae] -> [Orthoherpesviridae]
  SRR23215176_clean_NODE_288_length_4310_cov_2.456219
      Family: [Mimiviridae] -> [Orthoherpesviridae]
      Genus: [Fadolivirus] -> [Macavirus]
      Species: [Fadolivirus algeromassiliense] -> [Macavirus bovinegamma6]
  SRR23215176_clean_NODE_2995_length_1878_cov_13.906925
      Genus: [Biavirus] -> [Indivirus]
      Species: [Biavirus raunefjordenense] -> [Indivirus ILV1]
  SRR23215176_clean_NODE_3558_length_1708_cov_4.891131
      Genus: [Alphabaculovirus] -> [空]
      Species: [Alphabaculovirus pesauciae] -> [Marseillevirus LCMAC201]
  SRR23215176_clean_NODE_39_length_6648_cov_3.453688
      Genus: [Alphabaculovirus] -> [Gammaretrovirus]
  SRR23215176_clean_NODE_4095_length_1562_cov_4.161854
      Species: [Lentivirus humimdef1] -> [Rheavirus sinusmexicani]
  SRR23215176_clean_NODE_4150_length_1546_cov_2.319077
      Genus: [Alphahydrivirus] -> [空]
      Species: [Alphahydrivirus permafrostis] -> [Naiavirus sp.]
  SRR23215176_clean_NODE_436_length_3909_cov_3.057091
      Genus: [Biavirus] -> [空]
      Species: [Biavirus raunefjordenense] -> [Dasosvirus sp.]
  SRR23215176_clean_NODE_541_length_3706_cov_80.685659
      Species: [Trirhavirus picridis] -> [Medicago sativa trirhavirus 1]
  SRR23215176_clean_NODE_5431_length_1255_cov_6.327411
      Genus: [Cotonvirus] -> [空]
  SRR23215176_clean_NODE_5593_length_1223_cov_2.849565
      Species: [Bathycoccus sp. RCC1105 virus BpV] -> [Bathycoccus sp. RCC716 virus 1]
  SRR23215176_clean_NODE_605_length_3594_cov_9.685885
      Genus: [Ilarvirus] -> [空]
      Species: [Ilarvirus PNRSV] -> [Hyperionvirus sp.]
  SRR23215176_clean_NODE_6291_length_1110_cov_2.117647
      Species: [Hokovirus HKV1] -> [Oceanusvirus kaneohense]
  SRR23215176_clean_NODE_700_length_3449_cov_3.566943
      Genus: [Hatfieldvirus] -> [空]
      Species: [Coltivirus dermacentoris] -> [Edafosvirus sp.]
  SRR23215176_clean_NODE_7119_length_990_cov_2.191930
      Species: [Pseudovirus cajani] -> [Atrato Retro-like virus]
  SRR23215176_clean_NODE_910_length_3163_cov_3.371845
      Family: [Astroviridae] -> [Pithoviridae]
      Genus: [Avastrovirus] -> [空]
  SRR23215177_clean_NODE_1168_length_1113_cov_1.200962
      Species: [Solenopsis invicta virus 17] -> [Hubei virga-like virus 16]
  SRR23215177_clean_NODE_189_length_2311_cov_9.461126
      Class: [Caudoviricetes] -> [Megaviricetes]
      Family: [Phycodnaviridae] -> [Peduoviridae]
      Genus: [Prasinovirus] -> [Plazymidvirus]
  SRR23215177_clean_NODE_19_length_3703_cov_3.512397
      Genus: [Betanucleorhabdovirus] -> [空]
      Species: [Coptis betanucleorhabdovirus 1] -> [Marseillevirus LCMAC202]
  SRR23215177_clean_NODE_248_length_2123_cov_10.246829
      Family: [Hydriviridae] -> [空]
      Genus: [Alphahydrivirus] -> [空]
      Species: [Alphahydrivirus permafrostis] -> [空]
  SRR23215177_clean_NODE_3_length_5821_cov_5.721990
      Genus: [Alphaorpheovirus] -> [空]
  SRR23215177_clean_NODE_82_length_2834_cov_21.393336
      Genus: [Tethysvirus] -> [Prymnesiovirus]
      Species: [Tethysvirus hollandense] -> [空]
  SRR23215178_clean_NODE_1024_length_2455_cov_2.358942
      Genus: [Sirevirus] -> [空]
      Species: [Sirevirus lycopersici] -> [空]
  SRR23215178_clean_NODE_1084_length_2409_cov_4.003853
      Species: [Paratrioza sinica mesonivirus] -> [Theiavirus salishense]
  SRR23215178_clean_NODE_11369_length_543_cov_1.848936
      Order: [Imitervirales] -> [空]
      Family: [Mimiviridae] -> [空]
  SRR23215178_clean_NODE_1143_length_2347_cov_5.238786
      Genus: [Alphahydrivirus] -> [空]
      Species: [Alphahydrivirus permafrostis] -> [空]
  SRR23215178_clean_NODE_1191_length_2312_cov_3.960697
      Genus: [Alphahydrivirus] -> [空]
      Species: [Alphahydrivirus permafrostis] -> [空]
  SRR23215178_clean_NODE_1195_length_2310_cov_2.994189
      Class: [Caudoviricetes] -> [Megaviricetes]
  SRR23215178_clean_NODE_1223_length_2287_cov_2.136856
      Species: [Hokovirus HKV1] -> [Moumouvirus goulettemassiliense]
  SRR23215178_clean_NODE_12_length_7321_cov_8.129139
      Species: [Chrysophyceae clade H virus] -> [Biavirus raunefjordenense]
  SRR23215178_clean_NODE_1315_length_2204_cov_11.726420
      Species: [Paratrioza sinica mononegavirus 1] -> [Gordisvirus californiense]
  SRR23215178_clean_NODE_1352_length_2180_cov_10.987186
      Species: [Agnivirus brisbanense] -> [Poseidoniales virus]
  SRR23215178_clean_NODE_136_length_4582_cov_7.693945
      Class: [Caudoviricetes] -> [Megaviricetes]
      Genus: [Llyrvirus] -> [空]
  SRR23215178_clean_NODE_1443_length_2120_cov_1.758183
      Genus: [Alphahydrivirus] -> [空]
  SRR23215178_clean_NODE_159_length_4419_cov_3.944317
      Family: [Phycodnaviridae] -> [Mimiviridae]
      Genus: [Chlorovirus] -> [空]
      Species: [Chlorovirus heliozoae] -> [空]
  SRR23215178_clean_NODE_1604_length_2024_cov_2.310610
      Species: [Paratrioza sinica mesonivirus] -> [Rheavirus sinusmexicani]
  SRR23215178_clean_NODE_168_length_4386_cov_4.187572
      Genus: [Alphahydrivirus] -> [Catovirus]
      Species: [Alphahydrivirus permafrostis] -> [空]
  SRR23215178_clean_NODE_1711_length_1959_cov_2.189290
      Species: [Criusvirus kaneoense] -> [空]
  SRR23215178_clean_NODE_173_length_4353_cov_4.737617
      Genus: [Alphaorpheovirus] -> [Catovirus]
      Species: [Alphaorpheovirus massiliense] -> [Catovirus CTV1]
  SRR23215178_clean_NODE_174_length_4343_cov_3.894614
      Species: [Tupanvirus altamarinense] -> [Tupanvirus salinum]
  SRR23215178_clean_NODE_1769_length_1924_cov_1.397623
      Genus: [Biavirus] -> [Organic Lake phycodnavirus]
      Species: [Biavirus raunefjordenense] -> [空]
  SRR23215178_clean_NODE_1857_length_1876_cov_1.715474
      Species: [Pithovirus LCPAC302] -> [Fadolivirus algeromassiliense]
  SRR23215178_clean_NODE_186_length_4235_cov_8.431043
      Genus: [Vetruanivirus] -> [空]
      Species: [Chrysophyceae clade H virus] -> [Marseillevirus LCMAC103]
  SRR23215178_clean_NODE_1881_length_1866_cov_2.052984
      Order: [Herpesvirales] -> [Pimascovirales]
      Family: [Orthoherpesviridae] -> [Marseilleviridae]
      Genus: [Bossavirus] -> [空]
      Species: [Bossavirus delphinidgamma1] -> [空]
  SRR23215178_clean_NODE_2004_length_1792_cov_1.791158
      Genus: [Alphahydrivirus] -> [空]
      Species: [Alphahydrivirus permafrostis] -> [空]
  SRR23215178_clean_NODE_2040_length_1777_cov_1.350352
      Order: [Algavirales] -> [空]
      Family: [Phycodnaviridae] -> [空]
  SRR23215178_clean_NODE_2084_length_1751_cov_2.893325
      Genus: [Anayavirus] -> [空]
      Species: [Anayavirus sirphilip] -> [Edafosvirus sp.]
  SRR23215178_clean_NODE_2104_length_1745_cov_1.289474
      Species: [environmental samples] -> [空]
  SRR23215178_clean_NODE_2145_length_1722_cov_1.713159
      Species: [Paratrioza sinica mononegavirus 1] -> [Doupovirus australiaense]
  SRR23215178_clean_NODE_2274_length_1670_cov_2.208516
      Genus: [Cytomegalovirus] -> [空]
      Species: [Cytomegalovirus mandrillinebeta1] -> [空]
  SRR23215178_clean_NODE_22_length_6527_cov_15.628757
      Genus: [Alphaorpheovirus] -> [空]
      Species: [Alphaorpheovirus massiliense] -> [空]
  SRR23215178_clean_NODE_230_length_4051_cov_20.352941
      Genus: [Alphaorpheovirus] -> [空]
      Species: [Alphaorpheovirus massiliense] -> [空]
  SRR23215178_clean_NODE_240_length_3987_cov_5.553654
      Genus: [Alphahydrivirus] -> [Tupanvirus]
  SRR23215178_clean_NODE_2659_length_1522_cov_1.755003
      Genus: [Chlorovirus] -> [Megavirus]
      Species: [Chlorovirus vanettense] -> [Megavirus sp.]
  SRR23215178_clean_NODE_265_length_3854_cov_7.053161
      Genus: [Theiavirus] -> [空]
      Species: [Theiavirus salishense] -> [Pentanymphon antarcticum iridovirus]
  SRR23215178_clean_NODE_271_length_3805_cov_4.924169
      Genus: [Vetruanivirus] -> [空]
      Species: [Vetruanivirus porcinsecundi] -> [Harvfovirus sp.]
  SRR23215178_clean_NODE_285_length_3755_cov_17.614068
      Genus: [Biavirus] -> [空]
  SRR23215178_clean_NODE_306_length_3671_cov_15.454697
      Species: [Catovirus CTV1] -> [Megavirus powaiense]
  SRR23215178_clean_NODE_318_length_3645_cov_105.835106
      Genus: [Alphahydrivirus] -> [Fadolivirus]
  SRR23215178_clean_NODE_324_length_3625_cov_5.754223
      Species: [Tupanvirus altamarinense] -> [Fadolivirus algeromassiliense]
  SRR23215178_clean_NODE_3278_length_1336_cov_3.040380
      Genus: [Alphabaculovirus] -> [Alphanudivirus]
  SRR23215178_clean_NODE_334_length_3583_cov_12.231624
      Genus: [Aurunvirus] -> [Gibbetvirus]
  SRR23215178_clean_NODE_343_length_3562_cov_7.787618
      Species: [Klosneuvirus KNV1] -> [Tupanvirus salinum]
  SRR23215178_clean_NODE_3492_length_1283_cov_1.423140
      Genus: [Metavirus] -> [空]
      Species: [Metavirus tripneustis] -> [空]
  SRR23215178_clean_NODE_3592_length_1259_cov_3.241147
      Species: [Paratrioza sinica mononegavirus 1] -> [Culivirus belgradiense]
  SRR23215178_clean_NODE_368_length_3511_cov_5.898778
      Order: [Imitervirales] -> [空]
      Genus: [Biavirus] -> [空]
  SRR23215178_clean_NODE_417_length_3396_cov_16.819139
      Genus: [Immutovirus] -> [空]
  SRR23215178_clean_NODE_4238_length_1124_cov_3.311132
      Order: [Nidovirales] -> [Pimascovirales]
  SRR23215178_clean_NODE_4419_length_1093_cov_1.539216
      Genus: [Alphacedratvirus] -> [Phaeovirus]
      Species: [Alphacedratvirus brasiliense] -> [Phaeovirus unasiliculosus]
  SRR23215178_clean_NODE_511_length_3191_cov_6.860167
      Family: [Pithoviridae] -> [Orthoherpesviridae]
  SRR23215178_clean_NODE_515_length_3179_cov_10.705731
      Species: [Agnivirus brisbanense] -> [Poseidoniales virus]
  SRR23215178_clean_NODE_553_length_3101_cov_3.135403
      Genus: [Tupanvirus] -> [空]
      Species: [Tupanvirus salinum] -> [Litopenaeus vannamei majanivirus Nimav-1_LVa]
  SRR23215178_clean_NODE_559_length_3091_cov_1.453943
      Genus: [Mimivirus] -> [Alpharetrovirus]
  SRR23215178_clean_NODE_576_length_3059_cov_10.801407
      Genus: [Theiavirus] -> [空]
      Species: [Theiavirus salishense] -> [Pentanymphon antarcticum iridovirus]
  SRR23215178_clean_NODE_579_length_3054_cov_2.495807
      Family: [Mimiviridae] -> [Phycodnaviridae]
      Genus: [Moumouvirus] -> [空]
      Species: [Moumouvirus australiense] -> [空]
  SRR23215178_clean_NODE_594_length_3016_cov_6.914033
      Genus: [Fadolivirus] -> [空]
  SRR23215178_clean_NODE_5_length_8468_cov_12.986897
      Species: [Chrysophyceae clade H virus] -> [Tupanvirus altamarinense]
  SRR23215178_clean_NODE_638_length_2933_cov_2.174825
      Genus: [Glossinavirus] -> [空]
      Species: [Glossinavirus glopallidipedis] -> [Satyrvirus sp.*]
  SRR23215178_clean_NODE_71_length_5148_cov_5.012414
      Species: [Chrysophyceae clade H virus] -> [Biavirus raunefjordenense]
  SRR23215178_clean_NODE_786_length_2740_cov_4.007124
      Genus: [Tethysvirus] -> [Prasinovirus]
      Species: [Tethysvirus raunefjordenense] -> [Yellowstone lake phycodnavirus 3]
  SRR23215178_clean_NODE_8060_length_705_cov_1.726266
      Genus: [Oceanusvirus] -> [Prasinovirus]
  SRR23215178_clean_NODE_8297_length_690_cov_1.491086
      Species: [Paratrioza sinica mononegavirus 1] -> [Trocevirus haikouense]
  SRR23215178_clean_NODE_86_length_4985_cov_7.821050
      Genus: [Phaeovirus] -> [空]
      Species: [Phaeovirus feldmanniae] -> [空]
  SRR23215178_clean_NODE_9009_length_647_cov_0.926829
      Species: [Locusta migratoria xinmovirus 1] -> [Yahinvirus chinaense*]
  SRR23215178_clean_NODE_915_length_2567_cov_3.659583
      Family: [Orthoherpesviridae] -> [Phycodnaviridae]
  SRR23215178_clean_NODE_9330_length_630_cov_1.276481
      Species: [Paratrioza sinica mononegavirus 1] -> [Tecephavirus sydneyense]
  SRR23215178_clean_NODE_967_length_2517_cov_2.397709
      Class: [Tokiviricetes] -> [Megaviricetes]
      Genus: [Betalipothrixvirus] -> [空]
      Species: [Betalipothrixvirus pezzuloense] -> [Hyperionvirus sp.]
  SRR23215178_clean_NODE_977_length_2505_cov_2.810444
      Order: [Nidovirales] -> [Imitervirales]
  SRR23215178_clean_NODE_97_length_4856_cov_7.390132
      Species: [Chrysophyceae clade H virus] -> [Tupanvirus salinum]
  SRR23215178_clean_NODE_994_length_2485_cov_1.950249
      Genus: [Medusavirus] -> [空]
  SRR23215179_clean_NODE_179_length_2538_cov_33.776065
      Species: [Biavirus raunefjordenense] -> [Theiavirus salishense]
  SRR23215179_clean_NODE_1_length_6852_cov_76.557752
      Species: [Marafivirus syrahense] -> [Marafivirus sorghi]
  SRR23215179_clean_NODE_2046_length_1090_cov_1.497542
      Genus: [Biavirus] -> [空]
      Species: [Biavirus raunefjordenense] -> [Berere partitivirus]
  SRR23215179_clean_NODE_204_length_2453_cov_10.473529
      Genus: [Vellamovirus] -> [Prasinovirus]
      Species: [Vellamovirus rhodeisland44] -> [Ostreococcus tauri virus 2]
  SRR23215179_clean_NODE_273_length_2262_cov_11.136135
      Species: [Chrysophyceae clade H virus] -> [Plazymidvirus ZM41]
  SRR23215179_clean_NODE_2740_length_934_cov_1.759582
      Species: [Chrocadirk virus] -> [Alphacedratvirus rossiense]
  SRR23215179_clean_NODE_282_length_2253_cov_2.234404
      Species: [Posavirus 1] -> [Epsilonentomopoxvirus dlongicaudata]
  SRR23215179_clean_NODE_3504_length_808_cov_1.895238
      Realm: [Varidnaviria] -> [Duplodnaviria]
      Kingdom: [Bamfordvirae] -> [Heunggongvirae]
  SRR23215180_clean_NODE_1513_length_1807_cov_2.142445
      Genus: [Kylevirus] -> [Toursvirus]
      Species: [Kylevirus kyle] -> [Dasineura jujubifolia toursvirus 2a]
  SRR23215180_clean_NODE_175_length_3387_cov_5.431201
      Species: [Lentivirus simimdef] -> [Chlorovirus conductrix]
  SRR23215180_clean_NODE_2289_length_1482_cov_2.345635
      Genus: [Alphahydrivirus] -> [Hokovirus]
      Species: [Orthopestivirus bovis] -> [Hokovirus HKV1*]
  SRR23215180_clean_NODE_2600_length_1371_cov_8.328968
      Species: [Faunusvirus sp.] -> [空]
  SRR23215180_clean_NODE_29_length_4895_cov_3.956035
      Genus: [Tupanvirus] -> [Phaeovirus]
      Species: [Pithovirus LCPAC202] -> [空]
  SRR23215180_clean_NODE_53_length_4234_cov_12.630618
      Genus: [Cotonvirus] -> [空]
      Species: [Cotonvirus japonicum] -> [空]
  SRR23215180_clean_NODE_6407_length_657_cov_1.412671
      Class: [Caudoviricetes] -> [Megaviricetes]
      Family: [Allomimiviridae] -> [Zimmerviridae]
      Genus: [Oceanusvirus] -> [Glaedevirus]
      Species: [Oceanusvirus kaneohense] -> [Glaedevirus gv2H10]
  SRR23215181_clean_NODE_1352_length_2288_cov_15.829797
      Genus: [Alphahydrivirus] -> [空]
      Species: [Alphahydrivirus permafrostis] -> [Terrestrivirus sp.]
  SRR23215181_clean_NODE_137_length_4456_cov_5.203742
      Order: [Imitervirales] -> [空]
      Genus: [Biavirus] -> [空]
  SRR23215181_clean_NODE_1683_length_2075_cov_4.843157
      Species: [Lentivirus simimdef] -> [Alphaorpheovirus massiliense]
  SRR23215181_clean_NODE_267_length_3833_cov_3.942553
      Genus: [Alphaorpheovirus] -> [空]
      Species: [Alphaorpheovirus massiliense] -> [Mimiviridae sp. ChoanoV1*]
  SRR23215181_clean_NODE_310_length_3681_cov_14.129157
      Genus: [Pandoravirus] -> [空]
  SRR23215181_clean_NODE_3209_length_1446_cov_7.377276
      Species: [Trirhavirus medicagonis] -> [Trirhavirus chrysanthemi]
  SRR23215181_clean_NODE_3371_length_1398_cov_11.625660
      Species: [Millipede chuvirus] -> [Biavirus raunefjordenense]
  SRR23215181_clean_NODE_46_length_5800_cov_3.527851
      Species: [Chrysochromulina ericina virus] -> [Alphahydrivirus permafrostis]
  SRR23215181_clean_NODE_6708_length_727_cov_4.902141
      Species: [Orthoflavivirus bravoense] -> [Tupanvirus salinum]
  SRR23215181_clean_NODE_747_length_2849_cov_6.425072
      Class: [Caudoviricetes] -> [Megaviricetes]
  SRR23215181_clean_NODE_8101_length_589_cov_0.895349
      Realm: [Varidnaviria] -> [Duplodnaviria]
      Kingdom: [Bamfordvirae] -> [Heunggongvirae]
  SRR23215181_clean_NODE_894_length_2678_cov_3.240307
      Species: [environmental samples] -> [空]
  SRR23215182_clean_NODE_1122_length_3275_cov_14.128670
      Family: [Nimaviridae] -> [Marseilleviridae]
  SRR23215182_clean_NODE_1261_length_3126_cov_168.884704
      Genus: [Alphahydrivirus] -> [空]
      Species: [Alphahydrivirus permafrostis] -> [Naiavirus sp.]
  SRR23215182_clean_NODE_1448_length_2939_cov_8.700977
      Species: [Megaviridae environmental sample*] -> [空]
  SRR23215182_clean_NODE_1752_length_2669_cov_6.406009
      Species: [Chipapillomavirus 2] -> [Rheavirus sinusmexicani]
  SRR23215182_clean_NODE_177_length_5415_cov_6.049420
      Class: [Caudoviricetes] -> [Megaviricetes]
      Genus: [Magadivirus] -> [空]
  SRR23215182_clean_NODE_2259_length_2356_cov_2.502847
      Species: [Medusavirus sthenus] -> [Sylvanvirus sp.]
  SRR23215182_clean_NODE_2322_length_2312_cov_7.592675
      Species: [Tupanvirus altamarinense] -> [Terrestrivirus sp.]
  SRR23215182_clean_NODE_263_length_4937_cov_13.048314
      Genus: [Pandoravirus] -> [空]
  SRR23215182_clean_NODE_2696_length_2097_cov_17.039032
      Family: [Pithoviridae] -> [Baculoviridae]
  SRR23215182_clean_NODE_3746_length_1584_cov_9.387161
      Genus: [Alphahydrivirus] -> [空]
      Species: [Pseudo-nitzschia galaxaie RNA virus] -> [carnivorous sponge associated iridovirus]
  SRR23215182_clean_NODE_4355_length_1356_cov_4.124708
      Species: [environmental samples] -> [空]
  SRR23215182_clean_NODE_4_length_9650_cov_6.952490
      Class: [Caudoviricetes] -> [Pokkesviricetes]
      Genus: [Casadabanvirus] -> [空]
  SRR23215183_clean_NODE_68_length_1515_cov_3.122053
      Genus: [Alphahydrivirus] -> [Hokovirus]
      Species: [Orthopestivirus bovis] -> [Hokovirus HKV1*]
  SRR23215183_clean_NODE_71_length_1492_cov_1.347428
      Genus: [Alphahydrivirus] -> [Hokovirus]
      Species: [Orthopestivirus bovis] -> [Hokovirus HKV1*]
  SRR23215184_clean_NODE_1193_length_1497_cov_1.739466
      Genus: [Wendovervirus] -> [空]
      Species: [Wendovervirus sonii] -> [Harvfovirus sp.]
  SRR23215184_clean_NODE_15_length_4151_cov_2.613046
      Genus: [Biavirus] -> [空]
      Species: [Biavirus raunefjordenense] -> [Litopenaeus vannamei majanivirus Nimav-1_LVa]
  SRR23215184_clean_NODE_2188_length_1138_cov_1.883568
      Genus: [Alphaorpheovirus] -> [空]
  SRR23215184_clean_NODE_2550_length_1053_cov_1.024490
      Species: [Photinus pyralis orthomyxo-like virus 2] -> [Blattodean orthomyxo-related virus OKIAV181]
  SRR23215184_clean_NODE_3524_length_869_cov_5.628141
      Genus: [Orthonairovirus] -> [空]
      Species: [Orthonairovirus macquariense] -> [Hepatitis E virus]
  SRR23215184_clean_NODE_3571_length_862_cov_1.120406
      Order: [Picornavirales] -> [空]
      Species: [Sicinivirus ahiberni] -> [Ahduovirus AH2]
  SRR23215184_clean_NODE_971_length_1604_cov_4.112998
      Genus: [Biavirus] -> [Marseillevirus]
      Species: [Biavirus raunefjordenense] -> [空]
  SRR23215185_clean_NODE_12075_length_710_cov_2.026688
      Species: [Orthoflavivirus bravoense] -> [Tupanvirus salinum]
  SRR23215185_clean_NODE_13215_length_652_cov_1.987910
      Genus: [Alphaorpheovirus] -> [空]
      Species: [Alphaorpheovirus massiliense] -> [Terrestrivirus sp.]
  SRR23215185_clean_NODE_13869_length_624_cov_1.030853
      Species: [Paratrioza sinica mononegavirus 1] -> [Gordisvirus californiense]
  SRR23215185_clean_NODE_1542_length_2955_cov_13.749133
      Genus: [Alphahydrivirus] -> [空]
      Species: [Alphahydrivirus permafrostis] -> [carnivorous sponge associated iridovirus]
  SRR23215185_clean_NODE_15542_length_564_cov_1.250509
      Species: [environmental samples] -> [空]
  SRR23215185_clean_NODE_1591_length_2921_cov_6.418539
      Genus: [Megavirus] -> [Catovirus]
      Species: [Megavirus powaiense] -> [Catovirus CTV1]
  SRR23215185_clean_NODE_160_length_5378_cov_4.398492
      Genus: [Alphaorpheovirus] -> [Gammaretrovirus]
  SRR23215185_clean_NODE_1796_length_2779_cov_3.803030
      Genus: [Biavirus] -> [空]
      Species: [Biavirus raunefjordenense] -> [空]
  SRR23215185_clean_NODE_1837_length_2748_cov_11.892336
      Species: [Faunusvirus sp.] -> [空]
  SRR23215185_clean_NODE_1992_length_2651_cov_8.034523
      Family: [Adenoviridae] -> [Mesomimiviridae]
  SRR23215185_clean_NODE_2024_length_2631_cov_1.708757
      Species: [Pseudovirus cajani] -> [Atrato Retro-like virus]
  SRR23215185_clean_NODE_2141_length_2556_cov_227.846154
      Family: [Hydriviridae] -> [空]
      Genus: [Alphahydrivirus] -> [空]
      Species: [Alphahydrivirus permafrostis] -> [空]
  SRR23215185_clean_NODE_230_length_5013_cov_4.636032
      Species: [Wenling tombus-like virus 2] -> [Tupanvirus altamarinense]
  SRR23215185_clean_NODE_2609_length_2341_cov_7.114198
      Genus: [Biavirus] -> [Kratosvirus]
      Species: [Biavirus raunefjordenense] -> [Kratosvirus quantuckense]
  SRR23215185_clean_NODE_261_length_4840_cov_3.423327
      Order: [Pantevenvirales] -> [Imitervirales]
      Family: [Kyanoviridae] -> [Schizomimiviridae]
      Genus: [Salacisavirus] -> [空]
      Species: [Salacisavirus pssm2] -> [Mimiviridae sp. ChoanoV1]
  SRR23215185_clean_NODE_2706_length_2294_cov_6.709140
      Species: [Agnivirus brisbanense] -> [Poseidoniales virus]
  SRR23215185_clean_NODE_2858_length_2223_cov_6.605581
      Species: [environmental samples] -> [空]
  SRR23215185_clean_NODE_2935_length_2196_cov_3.699953
      Species: [Fadolivirus algeromassiliense] -> [Terrestrivirus sp.]
  SRR23215185_clean_NODE_3023_length_2155_cov_62.484630
      Genus: [Immutovirus] -> [空]
  SRR23215185_clean_NODE_3084_length_2130_cov_3.665532
      Family: [Adenoviridae] -> [Mimiviridae]
      Species: [Megaviridae environmental sample*] -> [空]
  SRR23215185_clean_NODE_3097_length_2124_cov_2.605071
      Family: [Adenoviridae] -> [Mimiviridae]
      Species: [Megaviridae environmental sample*] -> [空]
  SRR23215185_clean_NODE_3376_length_2021_cov_3.520534
      Genus: [Biavirus] -> [空]
      Species: [Biavirus raunefjordenense] -> [Terrestrivirus sp.]
  SRR23215185_clean_NODE_3410_length_2011_cov_2.033540
      Species: [Chrysophyceae clade H virus] -> [Plazymidvirus ZM41]
  SRR23215185_clean_NODE_3616_length_1944_cov_2.657402
      Genus: [Alphaorpheovirus] -> [空]
      Species: [Alphaorpheovirus massiliense] -> [Pithovirus LCPAC202]
  SRR23215185_clean_NODE_3789_length_1897_cov_4.321820
      Species: [Tupanvirus altamarinense] -> [Tupanvirus salinum]
  SRR23215185_clean_NODE_3804_length_1893_cov_1.957692
      Family: [Hydriviridae] -> [空]
      Genus: [Alphahydrivirus] -> [空]
  SRR23215185_clean_NODE_4005_length_1838_cov_4.160907
      Species: [Alphapithovirus siberiense] -> [Theiavirus salishense]
  SRR23215185_clean_NODE_403_length_4393_cov_6.396528
      Species: [Paratrioza sinica mesonivirus] -> [Cyvirus cyprinidallo2]
  SRR23215185_clean_NODE_4481_length_1708_cov_2.386544
      Family: [Kyanoviridae] -> [Phycodnaviridae]
      Genus: [Vellamovirus] -> [空]
      Species: [Vellamovirus syn1] -> [空]
  SRR23215185_clean_NODE_4629_length_1669_cov_8.296992
      Species: [Avipoxvirus penguinpox] -> [Avipoxvirus flamingopox]
  SRR23215185_clean_NODE_4934_length_1593_cov_1.673684
      Genus: [Alphahydrivirus] -> [Fadolivirus]
      Species: [Alphahydrivirus permafrostis] -> [Fadolivirus algeromassiliense]
  SRR23215185_clean_NODE_5189_length_1532_cov_1.698424
      Species: [Chrysophyceae clade H virus] -> [Tupanvirus altamarinense]
  SRR23215185_clean_NODE_519_length_4130_cov_2.900912
      Species: [Tupanvirus salinum] -> [Hyperionvirus sp.]
  SRR23215185_clean_NODE_5740_length_1421_cov_3.172849
      Genus: [Biavirus] -> [空]
      Species: [Biavirus raunefjordenense] -> [Terrestrivirus sp.]
  SRR23215185_clean_NODE_771_length_3735_cov_7.462043
      Order: [Imitervirales] -> [Pimascovirales]
  SRR23215185_clean_NODE_8322_length_1021_cov_2.482068
      Genus: [Alphahydrivirus] -> [空]
      Species: [Alphahydrivirus permafrostis] -> [空]
  SRR23215185_clean_NODE_89_length_5980_cov_5.773320
      Order: [Pimascovirales] -> [Autographivirales]
      Family: [Ascoviridae] -> [Autographiviridae]
      Genus: [Pairvirus] -> [空]
      Species: [Diabrotica toursvirus 3a] -> [Pairvirus Lo5R7ANS]
  SRR23215185_clean_NODE_97_length_5868_cov_11.574461
      Genus: [Alphaorpheovirus] -> [Gammaretrovirus]
  SRR23215187_clean_NODE_35_length_1870_cov_3.637173
      Genus: [Alphahydrivirus] -> [Hokovirus]
      Species: [Orthopestivirus bovis] -> [Hokovirus HKV1*]
  SRR2344922_clean_NODE_13_length_2565_cov_8.985748
      Species: [Dishui Lake phycodnavirus 3] -> [Theiavirus salishense]
  SRR2344922_clean_NODE_24_length_2161_cov_4.522149
      Genus: [Alphahydrivirus] -> [Fadolivirus]
  SRR2344922_clean_NODE_27_length_2107_cov_9.892166
      Family: [Hydriviridae] -> [空]
      Genus: [Alphahydrivirus] -> [空]
      Species: [Alphahydrivirus permafrostis] -> [空]
  SRR2344922_clean_NODE_6_length_2818_cov_5.714286
      Genus: [Alphahydrivirus] -> [空]
      Species: [Alphahydrivirus permafrostis] -> [空]
  SRR2344923_clean_NODE_1168_length_683_cov_3.220497
      Species: [Hubei Beny-like virus 1] -> [Benyvirus solibetae]
  SRR2344925_clean_NODE_14_length_3037_cov_5.294196
      Species: [Torque teno midi virus] -> [Biavirus raunefjordenense]
  SRR2344925_clean_NODE_150_length_1471_cov_2.680168
      Genus: [Biavirus] -> [Criusvirus]
      Species: [Biavirus raunefjordenense] -> [Criusvirus kaneoense*]
  SRR2344925_clean_NODE_17_length_2883_cov_42.952532
      Genus: [Alphahydrivirus] -> [空]
      Species: [Alphahydrivirus permafrostis] -> [Naiavirus sp.]
  SRR2344925_clean_NODE_21_length_2702_cov_20.846038
      Class: [Caudoviricetes] -> [Megaviricetes]
  SRR2344925_clean_NODE_27_length_2522_cov_6.580749
      Species: [Marseillevirus LCMAC202] -> [Megavirus powaiense]
  SRR2344925_clean_NODE_36_length_2244_cov_13.366893
      Genus: [Immutovirus] -> [空]
  SRR2344925_clean_NODE_5_length_4200_cov_17.932228
      Species: [Catovirus CTV1] -> [Fadolivirus algeromassiliense]
  SRR2344925_clean_NODE_69_length_1917_cov_13.324281
      Family: [Kyanoviridae] -> [Phycodnaviridae]
      Genus: [Bellamyvirus] -> [空]
      Species: [Bellamyvirus bellamy] -> [空]
  SRR2344925_clean_NODE_78_length_1838_cov_33.318510
      Species: [Biavirus raunefjordenense] -> [Tethysvirus ontarioense]
  SRR2344925_clean_NODE_84_length_1797_cov_3.337884
      Species: [Agnivirus brisbanense] -> [Poseidoniales virus]
  SRR2344925_clean_NODE_86_length_1783_cov_2.889908
      Species: [Tupanvirus altamarinense] -> [Terrestrivirus sp.]
  SRR2344925_clean_NODE_8_length_3812_cov_9.412669
      Species: [Chrysophyceae clade H virus] -> [Tupanvirus altamarinense]
  SRR2344929_clean_NODE_35_length_2345_cov_20.581960
      Species: [Chrysophyceae clade H virus] -> [Plazymidvirus ZM41]
  SRR2344930_clean_NODE_112_length_669_cov_1.777778
      Species: [Henan betaflexivirus 11] -> [Carlavirus chisolani]
  SRR2344934_clean_NODE_103_length_1635_cov_8.635965_self_circular
      Genus: [Alphahydrivirus] -> [Hokovirus]
      Species: [Orthopestivirus bovis] -> [Hokovirus HKV1*]
  SRR2344934_clean_NODE_113_length_1602_cov_4.746001
      Class: [Caudoviricetes] -> [Megaviricetes]
  SRR2344934_clean_NODE_11_length_2835_cov_28.555079
      Genus: [Alphahydrivirus] -> [空]
      Species: [Alphahydrivirus permafrostis] -> [空]
  SRR2344934_clean_NODE_13_length_2682_cov_6.187287
      Genus: [Biavirus] -> [空]
  SRR2344934_clean_NODE_31_length_2218_cov_18.109224
      Species: [Marseillevirus LCMAC202] -> [Tethysvirus raunefjordenense]
  SRR2344934_clean_NODE_33_length_2187_cov_11.565177
      Genus: [Immutovirus] -> [空]
      Species: [Immutovirus immuto] -> [Virus NIOZ-UU157]
  SRR2344934_clean_NODE_38_length_2062_cov_10.388532
      Class: [Caudoviricetes] -> [Megaviricetes]
      Family: [Phycodnaviridae] -> [Peduoviridae]
      Genus: [Prasinovirus] -> [Plazymidvirus]
  SRR2344934_clean_NODE_40_length_2024_cov_51.523426
      Genus: [Henunavirus] -> [Yonginvirus]
  SRR2344934_clean_NODE_56_length_1874_cov_3.864305
      Species: [Agnivirus brisbanense] -> [Poseidoniales virus]
  SRR2344934_clean_NODE_61_length_1852_cov_8.776062
      Order: [Pantevenvirales] -> [Imitervirales]
      Family: [Kyanoviridae] -> [Schizomimiviridae]
      Genus: [Palaemonvirus] -> [空]
      Species: [Palaemonvirus pssm7] -> [Mimiviridae sp. ChoanoV1]
  SRR2344934_clean_NODE_6_length_3540_cov_4.666095
      Species: [Chrysophyceae clade H virus] -> [Tupanvirus altamarinense]
  SRR2344934_clean_NODE_87_length_1704_cov_4.375976
      Species: [Agnivirus brisbanense] -> [Poseidoniales virus]
  SRR2344934_clean_NODE_97_length_1667_cov_92.091523
      Family: [Hydriviridae] -> [空]
      Genus: [Alphahydrivirus] -> [空]
      Species: [Alphahydrivirus permafrostis] -> [空]
  SRR2344934_clean_NODE_99_length_1649_cov_7.983851
      Family: [Hydriviridae] -> [空]
      Genus: [Alphahydrivirus] -> [空]
      Species: [Alphahydrivirus permafrostis] -> [空]
  SRR2344934_clean_NODE_9_length_2897_cov_8.973058
      Genus: [Vetruanivirus] -> [空]
      Species: [Vetruanivirus porcinsecundi] -> [空]
  SRR23515439_clean_NODE_137_length_893_cov_0.528049
      Species: [Tupanvirus salinum] -> [Virus NIOZ-UU157]
  SRR23515439_clean_NODE_23_length_1543_cov_2.235374
      Realm: [Varidnaviria] -> [Riboviria]
      Kingdom: [Bamfordvirae] -> [Pararnavirae]
      Phylum: [Nucleocytoviricota] -> [Artverviricota]
      Class: [Megaviricetes] -> [Revtraviricetes]
      Species: [Homavirus sp.] -> [Atrato Retro-like virus]
  SRR23515439_clean_NODE_461_length_589_cov_0.639535
      Order: [Algavirales] -> [Imitervirales]
  SRR23515439_clean_NODE_728_length_500_cov_1.262295
      Species: [Alpharetrovirus avileu] -> [Alpharetrovirus avirousar]
  SRR23515441_clean_NODE_78_length_1113_cov_3.373077
      Species: [Pseudovirus glycinis] -> [Atrato Retro-like virus]
  SRR23515442_clean_NODE_15_length_2378_cov_2.524946
      Class: [Caudoviricetes] -> [Monjiviricetes]
      Family: [Rhabdoviridae] -> [Peduoviridae]
  SRR23515442_clean_NODE_33_length_1953_cov_1.790957
      Genus: [Biavirus] -> [空]
  SRR23515444_clean_NODE_140_length_943_cov_0.914943
      Species: [environmental samples] -> [空]
  SRR23515445_clean_NODE_115_length_956_cov_0.620612
      Kingdom: [Orthornavirae] -> [Bamfordvirae]
  SRR23515446_clean_NODE_1597_length_533_cov_5.156522
      Order: [Pimascovirales] -> [Imitervirales]
      Family: [Pithoviridae] -> [Mimiviridae]
  SRR23515450_clean_NODE_1172_length_531_cov_1.307860
      Species: [Mirusvirus sp.] -> [Dishui lake phycodnavirus 1]
  SRR23561020_clean_NODE_111_length_1813_cov_5.625862
      Species: [environmental samples] -> [空]
  SRR23561020_clean_NODE_128_length_1765_cov_5.727541
      Class: [Caudoviricetes] -> [Megaviricetes]
      Genus: [Thornevirus] -> [Chlorovirus]
  SRR23561020_clean_NODE_136_length_1744_cov_6.472172
      Family: [Hydriviridae] -> [空]
      Genus: [Alphahydrivirus] -> [空]
      Species: [Alphahydrivirus permafrostis] -> [空]
  SRR23561020_clean_NODE_144_length_1732_cov_2.185654
      Species: [environmental samples] -> [空]
  SRR23561020_clean_NODE_146_length_1725_cov_3.054479
      Genus: [Lentivirus] -> [空]
      Species: [Lentivirus humimdef1] -> [空]
  SRR23561020_clean_NODE_167_length_1671_cov_2.157697
      Genus: [Immutovirus] -> [空]
      Species: [Immutovirus immuto] -> [Virus NIOZ-UU157]
  SRR23561020_clean_NODE_194_length_1621_cov_2.072997
      Species: [Pithovirus LCPAC304] -> [Tupanvirus altamarinense]
  SRR23561020_clean_NODE_19_length_2582_cov_3.129135
      Realm: [Riboviria] -> [Duplodnaviria]
      Kingdom: [Orthornavirae] -> [Heunggongvirae]
  SRR23561020_clean_NODE_23_length_2521_cov_1.775735
      Genus: [Biavirus] -> [空]
  SRR23561020_clean_NODE_24_length_2505_cov_17.909951
      Family: [Adenoviridae] -> [Mimiviridae]
      Species: [Megaviridae environmental sample*] -> [空]
  SRR23561020_clean_NODE_371_length_1371_cov_1.828968
      Species: [environmental samples] -> [空]
  SRR23561020_clean_NODE_49_length_2188_cov_2.424586
      Genus: [Prasinovirus] -> [空]
      Species: [Prasinovirus micromonas] -> [Mimiviridae sp. ChoanoV1]
  SRR23561020_clean_NODE_50_length_2188_cov_2.095508
      Species: [Micromonas commoda virus] -> [Theiavirus salishense]
  SRR23561020_clean_NODE_59_length_2100_cov_2.252097
      Species: [Begomovirus abelmoschusenation] -> [Sylvanvirus sp.]
  SRR23561020_clean_NODE_65_length_2052_cov_2.325922
      Species: [Akihdevirus balticus] -> [Virus NIOZ-UU157]
  SRR23561020_clean_NODE_771_length_1110_cov_0.873674
      Species: [Lymphocryptovirus humangamma4] -> [Biavirus raunefjordenense]
  SRR23561021_clean_NODE_10_length_2855_cov_3.286844
      Species: [Fadolivirus algeromassiliense] -> [Tupanvirus altamarinense]
  SRR23561021_clean_NODE_111_length_1819_cov_3.778923
      Class: [Caudoviricetes] -> [Megaviricetes]
      Genus: [Thornevirus] -> [Chlorovirus]
  SRR23561021_clean_NODE_114_length_1800_cov_8.251882
      Genus: [Pandoravirus] -> [Chlorovirus]
      Species: [Chlorovirus sp.] -> [空]
  SRR23561021_clean_NODE_133_length_1744_cov_1.783363
      Genus: [Eurybiavirus] -> [空]
      Species: [Eurybiavirus MED4213] -> [空]
  SRR23561021_clean_NODE_134_length_1743_cov_1.571856
      Genus: [Immutovirus] -> [空]
      Species: [Immutovirus immuto] -> [Virus NIOZ-UU157]
  SRR23561021_clean_NODE_159_length_1699_cov_3.289668
      Genus: [Alphahydrivirus] -> [空]
      Species: [Alphahydrivirus permafrostis] -> [carnivorous sponge associated iridovirus]
  SRR23561021_clean_NODE_182_length_1645_cov_1.212468
      Genus: [Sirevirus] -> [空]
      Species: [Sirevirus lycopersici] -> [Florenciella sp. virus SA1]
  SRR23561021_clean_NODE_1_length_3749_cov_6.283732
      Genus: [Eurybiavirus] -> [空]
      Species: [Eurybiavirus PHM1] -> [空]
  SRR23561021_clean_NODE_201_length_1620_cov_6.252101
      Family: [Hydriviridae] -> [空]
      Genus: [Alphahydrivirus] -> [空]
      Species: [Alphahydrivirus permafrostis] -> [空]
  SRR23561021_clean_NODE_217_length_1590_cov_1.717205
      Order: [Herpesvirales] -> [Imitervirales]
  SRR23561021_clean_NODE_296_length_1471_cov_1.520744
      Genus: [Biavirus] -> [空]
      Species: [Biavirus raunefjordenense] -> [Marseillevirus LCMAC201]
  SRR23561021_clean_NODE_30_length_2353_cov_2.502632
      Species: [Ostreococcus lucimarinus virus 2] -> [Biavirus raunefjordenense]
  SRR23561021_clean_NODE_337_length_1421_cov_1.166172
      Class: [Megaviricetes] -> [Herviviricetes]
  SRR23561021_clean_NODE_57_length_2104_cov_2.429838
      Genus: [Alphahydrivirus] -> [空]
      Species: [Alphahydrivirus permafrostis] -> [空]
  SRR23561021_clean_NODE_76_length_1995_cov_2.454214
      Species: [Chrysophyceae clade H virus] -> [Alphahydrivirus permafrostis]
  SRR23561021_clean_NODE_87_length_1916_cov_1.871405
      Genus: [Fadolivirus] -> [Orthohepacivirus]
  SRR23561022_clean_NODE_120_length_1720_cov_2.079539
      Family: [Hydriviridae] -> [空]
      Genus: [Alphahydrivirus] -> [空]
      Species: [Alphahydrivirus permafrostis] -> [空]
  SRR23561022_clean_NODE_12_length_2804_cov_6.007323
      Realm: [Riboviria] -> [Duplodnaviria]
      Kingdom: [Orthornavirae] -> [Heunggongvirae]
  SRR23561022_clean_NODE_135_length_1684_cov_1.563004
      Species: [Tupanvirus altamarinense] -> [Tupanvirus salinum]
  SRR23561022_clean_NODE_165_length_1633_cov_5.606410
      Genus: [Alphahydrivirus] -> [Hokovirus]
      Species: [Orthopestivirus bovis] -> [Hokovirus HKV1*]
  SRR23561022_clean_NODE_17_length_2586_cov_2.858735
      Genus: [Chlorovirus] -> [空]
      Species: [Chlorovirus americanus] -> [Terrestrivirus sp.]
  SRR23561022_clean_NODE_27_length_2376_cov_3.278767
      Family: [Adenoviridae] -> [Mimiviridae]
      Species: [Megaviridae environmental sample*] -> [空]
  SRR23561022_clean_NODE_305_length_1428_cov_25.781550
      Family: [Hydriviridae] -> [空]
      Genus: [Alphahydrivirus] -> [空]
      Species: [Alphahydrivirus permafrostis] -> [空]
  SRR23561022_clean_NODE_333_length_1388_cov_1.729278
      Genus: [Alphahydrivirus] -> [Fadolivirus]
  SRR23561022_clean_NODE_37_length_2252_cov_1.916017
      Family: [Adenoviridae] -> [Mimiviridae]
      Species: [Megaviridae environmental sample*] -> [空]
  SRR23561022_clean_NODE_84_length_1890_cov_2.216841
      Class: [Caudoviricetes] -> [Megaviricetes]
      Genus: [Thornevirus] -> [Chlorovirus]
  SRR23561023_clean_NODE_176_length_1558_cov_1.672727
      Genus: [Alphahydrivirus] -> [Fadolivirus]
  SRR23561023_clean_NODE_19_length_2655_cov_4.718435
      Realm: [Riboviria] -> [Duplodnaviria]
      Kingdom: [Orthornavirae] -> [Heunggongvirae]
  SRR23561023_clean_NODE_205_length_1500_cov_1.104415
      Genus: [Alphabaculovirus] -> [Gammaretrovirus]
  SRR23561023_clean_NODE_211_length_1486_cov_1.762208
      Species: [Micromonas pusilla virus 12T] -> [Theiavirus salishense]
  SRR23561023_clean_NODE_2305_length_698_cov_0.742400
      Genus: [Llyrvirus] -> [空]
  SRR23561023_clean_NODE_257_length_1416_cov_1.905436
      Species: [Lentivirus humimdef1] -> [Chlorovirus heliozoae]
  SRR23561023_clean_NODE_4_length_3545_cov_1.907546
      Genus: [Alphacedratvirus] -> [Alphapithovirus]
  SRR23561023_clean_NODE_54_length_2070_cov_3.217326
      Species: [Micromonas pusilla virus 12T] -> [Mimivirus lagoaense]
  SRR23561023_clean_NODE_68_length_1955_cov_1.560574
      Genus: [Sirevirus] -> [空]
      Species: [Sirevirus lycopersici] -> [空]
  SRR23561023_clean_NODE_7_length_3283_cov_5.733022
      Class: [Caudoviricetes] -> [Megaviricetes]
      Genus: [Polybotosvirus] -> [Heliosvirus]
  SRR23561023_clean_NODE_87_length_1799_cov_1.696408
      Class: [Caudoviricetes] -> [Megaviricetes]
      Genus: [Donellivirus] -> [空]
      Species: [Donellivirus gee] -> [Marseillevirus LCMAC202]
  SRR23561023_clean_NODE_89_length_1786_cov_1.987741
      Genus: [Moumouvirus] -> [Phaeovirus]
  SRR23561023_clean_NODE_91_length_1781_cov_3.912763
      Species: [Lolium alphanucleorhabdovirus 1] -> [Alphanucleorhabdovirus tritici]
  SRR23561024_clean_NODE_110_length_1820_cov_1.746422
      Species: [Chrysophyceae clade H virus] -> [Biavirus raunefjordenense]
  SRR23561024_clean_NODE_114_length_1801_cov_1.247106
      Genus: [Biavirus] -> [空]
  SRR23561024_clean_NODE_120_length_1778_cov_2.151320
      Family: [Hydriviridae] -> [Mimiviridae]
      Genus: [Alphahydrivirus] -> [空]
      Species: [Coltivirus dermacentoris] -> [空]
  SRR23561024_clean_NODE_130_length_1760_cov_2.189093
      Species: [Virus NIOZ-UU159] -> [Minunavirus Min1]
  SRR23561024_clean_NODE_162_length_1702_cov_2.387354
      Family: [Hydriviridae] -> [空]
      Genus: [Alphahydrivirus] -> [空]
      Species: [Alphahydrivirus permafrostis] -> [空]
  SRR23561024_clean_NODE_1716_length_797_cov_0.662983
      Species: [Betacytorhabdovirus sophorae] -> [Styphnolobium-associated cytorhabdovirus]
  SRR23561024_clean_NODE_198_length_1608_cov_4.441694
      Family: [Hydriviridae] -> [空]
      Genus: [Alphahydrivirus] -> [空]
      Species: [Alphahydrivirus permafrostis] -> [空]
  SRR23561024_clean_NODE_19_length_2732_cov_1.885671
      Genus: [Alphahydrivirus] -> [Fadolivirus]
  SRR23561024_clean_NODE_249_length_1512_cov_1.585823
      Family: [Hydriviridae] -> [Mimiviridae]
      Genus: [Alphahydrivirus] -> [空]
      Species: [Coltivirus dermacentoris] -> [空]
  SRR23561024_clean_NODE_317_length_1417_cov_3.388393
      Genus: [Pandoravirus] -> [Chlorovirus]
      Species: [Chlorovirus sp.] -> [空]
  SRR23561024_clean_NODE_4542_length_545_cov_0.709746
      Species: [Lentivirus humimdef1] -> [空]
  SRR23561024_clean_NODE_45_length_2217_cov_4.380597
      Family: [Mimiviridae] -> [Phycodnaviridae]
      Genus: [Theiavirus] -> [Prasinovirus]
  SRR23561024_clean_NODE_52_length_2158_cov_3.287290
      Genus: [Immutovirus] -> [空]
      Species: [Immutovirus immuto] -> [Virus NIOZ-UU157]
  SRR23561024_clean_NODE_59_length_2084_cov_2.651417
      Class: [Caudoviricetes] -> [Megaviricetes]
  SRR23561024_clean_NODE_61_length_2081_cov_1.959163
      Genus: [Alphahydrivirus] -> [Tupanvirus]
  SRR23561024_clean_NODE_76_length_2005_cov_2.009317
      Family: [Phycodnaviridae] -> [Mimiviridae]
      Genus: [Chlorovirus] -> [空]
      Species: [Chlorovirus americanus] -> [空]
  SRR23561024_clean_NODE_89_length_1910_cov_1.350027
      Species: [Acanthocystis turfacea Chlorella virus TN603.4.2] -> [Chlorovirus heliozoae]
  SRR23561024_clean_NODE_97_length_1856_cov_2.654515
      Genus: [Fadolivirus] -> [Orthohepacivirus]
  SRR23561024_clean_NODE_99_length_1849_cov_2.708896
      Genus: [Sirevirus] -> [空]
      Species: [Sirevirus lycopersici] -> [空]
  SRR23561025_clean_NODE_100_length_1738_cov_3.163363
      Class: [Caudoviricetes] -> [Megaviricetes]
      Genus: [Thornevirus] -> [Chlorovirus]
  SRR23561025_clean_NODE_107_length_1720_cov_2.121433
      Species: [Justusliebigvirus alia] -> [Bathycoccus sp. RCC716 virus 1]
  SRR23561025_clean_NODE_117_length_1696_cov_1.475046
      Species: [Chrysophyceae clade H virus] -> [Plazymidvirus ZM41]
  SRR23561025_clean_NODE_125_length_1669_cov_2.211779
      Species: [Tupanvirus altamarinense] -> [空]
  SRR23561025_clean_NODE_160_length_1586_cov_1.215466
      Genus: [Biavirus] -> [空]
  SRR23561025_clean_NODE_17_length_2655_cov_9.998838
      Realm: [Riboviria] -> [Duplodnaviria]
      Kingdom: [Orthornavirae] -> [Heunggongvirae]
  SRR23561025_clean_NODE_182_length_1533_cov_2.008904
      Family: [Hydriviridae] -> [空]
      Genus: [Alphahydrivirus] -> [空]
      Species: [Alphahydrivirus permafrostis] -> [空]
  SRR23561025_clean_NODE_183_length_1531_cov_1.827846
      Genus: [Pandoravirus] -> [Chlorovirus]
      Species: [Chlorovirus sp.] -> [空]
  SRR23561025_clean_NODE_225_length_1448_cov_2.488000
      Class: [Caudoviricetes] -> [Megaviricetes]
      Genus: [Thornevirus] -> [Chlorovirus]
      Species: [Betatorquevirus homini36] -> [Chlorovirus betanebraskense]
  SRR23561025_clean_NODE_35_length_2179_cov_1.412156
      Genus: [Immutovirus] -> [空]
      Species: [Immutovirus immuto] -> [Virus NIOZ-UU157]
  SRR23561025_clean_NODE_4308_length_520_cov_0.651007
      Species: [Lymphocryptovirus humangamma4] -> [Betabaculovirus sp.]
  SRR23561025_clean_NODE_45_length_2020_cov_2.960452
      Class: [Caudoviricetes] -> [Megaviricetes]
      Species: [Dishui Lake large algae virus 1] -> [Tethysvirus raunefjordenense]
  SRR23561025_clean_NODE_68_length_1861_cov_2.381991
      Class: [Caudoviricetes] -> [Megaviricetes]
      Genus: [Thornevirus] -> [Chlorovirus]
  SRR23561025_clean_NODE_69_length_1857_cov_2.670404
      Class: [Caudoviricetes] -> [Megaviricetes]
  SRR23561025_clean_NODE_7_length_3207_cov_2.182833
      Genus: [Chlorovirus] -> [空]
      Species: [Chlorovirus conductrix] -> [Terrestrivirus sp.]
  SRR23561025_clean_NODE_85_length_1789_cov_6.111305
      Genus: [Lentivirus] -> [空]
      Species: [Lentivirus humimdef1] -> [Harvfovirus sp.]
  SRR23561025_clean_NODE_86_length_1785_cov_1.491822
      Class: [Caudoviricetes] -> [Megaviricetes]
      Genus: [Polybotosvirus] -> [Heliosvirus]
  SRR23561026_clean_NODE_44_length_1772_cov_9.002943
      Genus: [Tupanvirus] -> [空]
      Species: [Tupanvirus salinum] -> [空]
  SRR23561027_clean_NODE_110_length_1447_cov_1.885007
      Genus: [Chlorovirus] -> [空]
      Species: [Chlorovirus americanus] -> [Terrestrivirus sp.]
  SRR23561027_clean_NODE_11_length_2615_cov_4.160504
      Species: [Chrysophyceae clade H virus] -> [Plazymidvirus ZM41]
  SRR23561027_clean_NODE_853_length_791_cov_0.839833
      Species: [Lymphocryptovirus humangamma4] -> [Betabaculovirus sp.]
  SRR23561028_clean_NODE_132_length_1521_cov_5.000000
      Family: [Hydriviridae] -> [空]
      Genus: [Alphahydrivirus] -> [空]
      Species: [Alphahydrivirus permafrostis] -> [空]
  SRR23561028_clean_NODE_145_length_1488_cov_1.154770
      Genus: [Alphahydrivirus] -> [Fadolivirus]
  SRR23561028_clean_NODE_1_length_3943_cov_4.060207
      Species: [Lymphocryptovirus humangamma4] -> [Lymphocystivirus sparus1]
  SRR23561028_clean_NODE_39_length_2047_cov_0.910334
      Genus: [Chlorovirus] -> [空]
      Species: [Chlorovirus americanus] -> [Terrestrivirus sp.]
  SRR23561028_clean_NODE_62_length_1844_cov_2.883117
      Family: [Hydriviridae] -> [空]
      Genus: [Alphahydrivirus] -> [空]
      Species: [Alphahydrivirus permafrostis] -> [空]
  SRR23561028_clean_NODE_79_length_1741_cov_2.744604
      Family: [Adenoviridae] -> [Mimiviridae]
      Species: [Megaviridae environmental sample*] -> [空]
  SRR23561028_clean_NODE_87_length_1700_cov_1.524278
      Species: [Biavirus raunefjordenense] -> [Mimivirus bradfordmassiliense]
  SRR23561028_clean_NODE_97_length_1651_cov_1.762991
      Genus: [Eurybiavirus] -> [空]
      Species: [Eurybiavirus MED4213] -> [空]
  SRR23587946_clean_NODE_1085_length_628_cov_0.394595
      Species: [Lymphocryptovirus humangamma4] -> [Betabaculovirus sp.]
  SRR23587946_clean_NODE_38_length_1755_cov_0.534483
      Species: [Apis mellifra filamentous-like virus] -> [Betanudivirus hezeae]
  SRR23587948_clean_NODE_469_length_883_cov_0.702469
      Species: [Betacytorhabdovirus sophorae] -> [Styphnolobium-associated cytorhabdovirus]
  SRR23587949_clean_NODE_55_length_1631_cov_2.580231
      Family: [Mimiviridae] -> [Phycodnaviridae]
      Genus: [Tupanvirus] -> [Prasinovirus]
      Species: [Tupanvirus altamarinense] -> [空]
  SRR23587951_clean_NODE_1094_length_658_cov_0.791453
      Species: [Marsupial endogenous betaretrovirus 5] -> [Alpharetrovirus avileu]
  SRR23587951_clean_NODE_1757_length_557_cov_0.619835
      Genus: [Alpharetrovirus] -> [Betaretrovirus]
  SRR23587951_clean_NODE_1_length_6193_cov_52.036601
      Species: [Lymphocryptovirus humangamma4] -> [Lymphocystivirus sparus1]
  SRR23587951_clean_NODE_223_length_1154_cov_0.710453
      Species: [Marsupial endogenous betaretrovirus 5] -> [Betaretrovirus maspfimon]
  SRR23587951_clean_NODE_2329_length_504_cov_0.881671
      Species: [Lentivirus humimdef1] -> [空]
  SRR23587951_clean_NODE_2353_length_502_cov_0.650350
      Species: [Betacytorhabdovirus lycii] -> [Styphnolobium-associated cytorhabdovirus]
  SRR23587951_clean_NODE_458_length_901_cov_1.532609
      Species: [Trichovirus mali] -> [Tupanvirus salinum]
  SRR23587951_clean_NODE_501_length_867_cov_0.345088
      Genus: [Biavirus] -> [Indivirus]
      Species: [Biavirus raunefjordenense] -> [Indivirus ILV1*]
  SRR23587951_clean_NODE_587_length_817_cov_1.864247
      Species: [Lymphocryptovirus humangamma4] -> [Betabaculovirus sp.]
  SRR23587954_clean_NODE_360_length_922_cov_0.571260
      Species: [Betacytorhabdovirus sophorae] -> [Styphnolobium-associated cytorhabdovirus]
  SRR23587955_clean_NODE_16_length_2257_cov_0.588828
      Genus: [Chlorovirus] -> [空]
      Species: [Chlorovirus conductrix] -> [Terrestrivirus sp.]
  SRR23587955_clean_NODE_1945_length_545_cov_1.616525
      Family: [Adenoviridae] -> [Mimiviridae]
      Species: [Megaviridae environmental sample*] -> [空]
  SRR23587956_clean_NODE_21_length_2565_cov_0.511236
      Genus: [Eurybiavirus] -> [空]
      Species: [Eurybiavirus PHM1] -> [空]
  SRR23587956_clean_NODE_44_length_1917_cov_0.482104
      Order: [Ortervirales] -> [空]
      Family: [Metaviridae] -> [空]
      Genus: [Metavirus] -> [空]
      Species: [Metavirus tatarabidopsis] -> [空]
  SRR23587957_clean_NODE_163_length_1338_cov_2.082213
      Genus: [Prasinovirus] -> [空]
      Species: [Prasinovirus micromonas] -> [Mimiviridae sp. ChoanoV1*]
  SRR23587957_clean_NODE_487_length_956_cov_0.403171
      Species: [Betacytorhabdovirus sophorae] -> [Styphnolobium-associated cytorhabdovirus]
  SRR23759244_clean_NODE_1054_length_674_cov_0.905158
      Species: [Arracacha latent virus V] -> [Vitivirus epsilonvitis]
  SRR23759244_clean_NODE_252_length_1100_cov_2.139241
      Species: [Pseudovirus glycinis] -> [Atrato Retro-like virus]
  SRR23759244_clean_NODE_52_length_1773_cov_3.525882
      Genus: [Pandoravirus] -> [Chlorovirus]
      Species: [Chlorovirus sp.] -> [空]
  SRR23759244_clean_NODE_65_length_1637_cov_7.701407
      Genus: [Alphahydrivirus] -> [Hokovirus]
      Species: [Orthopestivirus bovis] -> [Hokovirus HKV1*]
  SRR23759244_clean_NODE_8_length_3716_cov_3.928905
      Genus: [Chlorovirus] -> [空]
      Species: [Chlorovirus americanus] -> [Terrestrivirus sp.]
  SRR23759245_clean_NODE_27_length_2075_cov_5.933566
      Family: [Hydriviridae] -> [空]
      Genus: [Alphahydrivirus] -> [空]
      Species: [Alphahydrivirus permafrostis] -> [空]
  SRR23759245_clean_NODE_2_length_8836_cov_67.202442
      Species: [Carlavirus latensascalonici] -> [Carlavirus colei]
  SRR23759245_clean_NODE_321_length_980_cov_3.282249
      Genus: [Losannavirus] -> [Marseillevirus]
      Species: [Losannavirus tunisense] -> [Marseillevirus sp.]
  SRR23759245_clean_NODE_52_length_1703_cov_3.652761
      Family: [Hydriviridae] -> [空]
      Genus: [Alphahydrivirus] -> [空]
      Species: [Alphahydrivirus permafrostis] -> [空]
  SRR23759246_clean_NODE_16_length_2738_cov_3.248030
      Genus: [Alphahydrivirus] -> [空]
      Species: [Alphahydrivirus permafrostis] -> [Naiavirus sp.]
  SRR23759246_clean_NODE_19_length_2561_cov_3.543408
      Family: [Adenoviridae] -> [Mimiviridae]
      Species: [Megaviridae environmental sample*] -> [空]
  SRR23759246_clean_NODE_2699_length_507_cov_0.758065
      Kingdom: [Heunggongvirae] -> [Bamfordvirae]
      Phylum: [Uroviricota] -> [Nucleocytoviricota]
      Class: [Caudoviricetes] -> [Megaviricetes]
  SRR23759246_clean_NODE_32_length_2200_cov_11.632816
      Species: [Micromonas commoda virus] -> [Tethysvirus raunefjordenense]
  SRR23759246_clean_NODE_52_length_1886_cov_5.488693
      Species: [environmental samples] -> [空]
  SRR23759246_clean_NODE_552_length_891_cov_2.293399
      Class: [Caudoviricetes] -> [Megaviricetes]
      Species: [Biavirus raunefjordenense] -> [Borockvirus brock]
  SRR23759246_clean_NODE_55_length_1853_cov_3.027528
      Class: [Caudoviricetes] -> [Megaviricetes]
  SRR23908667_clean_NODE_115_length_878_cov_0.529193
      Species: [Lymphocryptovirus humangamma4] -> [Betabaculovirus sp.]
  SRR23908668_clean_NODE_63_length_1034_cov_0.601457
      Species: [Lymphocryptovirus humangamma4] -> [Betabaculovirus sp.]
  SRR23908670_clean_NODE_294_length_656_cov_0.485420
      Species: [Lymphocryptovirus humangamma4] -> [Lymphocystivirus sparus1]
  SRR23908671_clean_NODE_452_length_589_cov_4.408915
      Species: [Metapenaeus joyneri majanivirus] -> [Tethysvirus ontarioense]
  SRR23908676_clean_NODE_187_length_708_cov_0.833071
      Species: [Lymphocryptovirus humangamma4] -> [Lymphocystivirus sparus1]
  SRR23908681_clean_NODE_3_length_2341_cov_13.681658
      Species: [Micromonas commoda virus] -> [Tethysvirus raunefjordenense]
  SRR24100135_clean_NODE_33_length_1687_cov_0.330655
      Species: [Chrysophyceae clade H virus] -> [Biavirus raunefjordenense]
  SRR24100135_clean_NODE_686_length_743_cov_0.563798
      Genus: [Fijivirus] -> [空]
  SRR24100142_clean_NODE_959_length_554_cov_0.905155
      Species: [Lymphocryptovirus humangamma4] -> [Betabaculovirus sp.]
  SRR24100143_clean_NODE_19_length_2241_cov_4.201657
      Species: [Micromonas pusilla virus 12T] -> [Tethysvirus raunefjordenense]
  SRR24100143_clean_NODE_42_length_1905_cov_3.243464
      Genus: [Biavirus] -> [Toursvirus]
  SRR24100143_clean_NODE_603_length_929_cov_8.352326
      Class: [Caudoviricetes] -> [Megaviricetes]
      Genus: [Spinunavirus] -> [Tupanvirus]
      Species: [Tupanvirus altamarinense] -> [Spinunavirus IPP61]
  SRR24100143_clean_NODE_78_length_1623_cov_8.250322
      Order: [Imitervirales] -> [Rowavirales]
      Genus: [Pandoravirus] -> [空]
      Species: [environmental samples] -> [空]
  SRR24100144_clean_NODE_474_length_811_cov_0.632075
      Species: [Lymphocryptovirus humangamma4] -> [Betabaculovirus sp.]
  SRR24100144_clean_NODE_58_length_1454_cov_3.527798
      Family: [Hydriviridae] -> [空]
      Genus: [Alphahydrivirus] -> [空]
      Species: [Alphahydrivirus permafrostis] -> [空]
  SRR24100147_clean_NODE_1245_length_605_cov_1.132463
      Species: [Lymphocryptovirus humangamma4] -> [Betabaculovirus sp.]
  SRR24100147_clean_NODE_61_length_1368_cov_0.830639
      Species: [Lymphocryptovirus humangamma4] -> [Lymphocystivirus sparus1]
  SRR24100147_clean_NODE_902_length_675_cov_2.196370
      Genus: [Borockvirus] -> [空]
      Species: [Borockvirus brock] -> [Virus NIOZ-UU157]
  SRR24100148_clean_NODE_1_length_7136_cov_14.727466
      Species: [Potexvirus ecsadenii] -> [Potexvirus flavimaculae]
  SRR24100148_clean_NODE_2_length_6551_cov_11.208732
      Species: [Potexvirus ecspotati] -> [Potexvirus flavimaculae]
  SRR24100149_clean_NODE_79_length_1262_cov_0.939648
      Species: [Lymphocryptovirus humangamma4] -> [Betabaculovirus sp.]
  SRR24305226_clean_NODE_101_length_11153_cov_157.642690
      Genus: [Alphacedratvirus] -> [Gammaretrovirus]
      Species: [Lentivirus simimdef] -> [Gammaretrovirus felleu]
  SRR24305226_clean_NODE_1027_length_5567_cov_52.516746
      Class: [Megaviricetes] -> [Duplopiviricetes]
      Genus: [Marseillevirus] -> [空]
      Species: [Marseillevirus massiliense] -> [Berere partitivirus]
  SRR24305226_clean_NODE_1053_length_5532_cov_55.111193
      Class: [Caudoviricetes] -> [Revtraviricetes]
      Family: [Retroviridae] -> [Grimontviridae]
      Genus: [Gammaretrovirus] -> [Lahexavirus]
  SRR24305226_clean_NODE_1058_length_5501_cov_1266.263265
      Species: [Megavirus caiporense] -> [Fadolivirus algeromassiliense]
  SRR24305226_clean_NODE_105_length_11093_cov_45.764065
      Order: [Pimascovirales] -> [Herpesvirales]
      Family: [Orpheoviridae] -> [Orthoherpesviridae]
      Genus: [Alphaorpheovirus] -> [Varicellovirus]
      Species: [Varicellovirus bovinealpha1] -> [空]
  SRR24305226_clean_NODE_1063_length_5478_cov_54.224052
      Species: [Mimivirus bradfordmassiliense] -> [空]
  SRR24305226_clean_NODE_1133_length_5302_cov_120.769746
      Genus: [Alphaorpheovirus] -> [空]
      Species: [Alphaorpheovirus massiliense] -> [Mimiviridae sp. ChoanoV1*]
  SRR24305226_clean_NODE_1165_length_5242_cov_173.692784
      Genus: [Alphabaculovirus] -> [空]
      Species: [Alphabaculovirus ecobliquae] -> [Mimivirus LCMiAC02]
  SRR24305226_clean_NODE_11_length_15640_cov_56.569474
      Class: [Caudoviricetes] -> [Revtraviricetes]
  SRR24305226_clean_NODE_1205_length_5152_cov_69.598149
      Species: [environmental samples] -> [空]
  SRR24305226_clean_NODE_1218_length_5128_cov_55.828487
      Species: [Pithovirus LCPAC104] -> [Tupanvirus salinum]
  SRR24305226_clean_NODE_1219_length_5124_cov_150.535538
      Species: [Klosneuvirus KNV1] -> [Fadolivirus algeromassiliense]
  SRR24305226_clean_NODE_1230_length_5100_cov_188.210265
      Order: [Lefavirales] -> [空]
      Family: [Phycodnaviridae] -> [Zierdtviridae]
      Species: [Micromonas polaris virus] -> [Foxborovirus emianna]
  SRR24305226_clean_NODE_123_length_10681_cov_95.906203
      Genus: [Bracoviriform] -> [空]
  SRR24305226_clean_NODE_1279_length_4997_cov_100.463851
      Class: [Caudoviricetes] -> [Megaviricetes]
      Species: [Phaeovirus irregularis] -> [Deepoceanvirus guaymasense]
  SRR24305226_clean_NODE_12_length_15557_cov_66.611147
      Order: [Algavirales] -> [空]
      Family: [Mimiviridae] -> [空]
      Species: [Rheavirus sinusmexicani] -> [Lacusarxvirus lacusarx]
  SRR24305226_clean_NODE_1311_length_4942_cov_36.678168
      Genus: [Chloriridovirus] -> [Biavirus]
      Species: [Biavirus raunefjordenense] -> [Mimiviridae sp. ChoanoV1*]
  SRR24305226_clean_NODE_131_length_10597_cov_58.297986
      Species: [Lentivirus humimdef1] -> [Rheavirus sinusmexicani]
  SRR24305226_clean_NODE_144_length_10309_cov_199.584213
      Species: [Simplexvirus humanalpha1] -> [Fadolivirus algeromassiliense]
  SRR24305226_clean_NODE_1454_length_4665_cov_332.646559
      Genus: [Alphaorpheovirus] -> [空]
      Species: [Alphaorpheovirus massiliense] -> [Pithovirus LCPAC202]
  SRR24305226_clean_NODE_1463_length_4648_cov_76.938361
      Genus: [Alphaorpheovirus] -> [Gammaretrovirus]
  SRR24305226_clean_NODE_1522_length_4564_cov_3.974171
      Species: [Pseudovirus cajani] -> [Atrato Retro-like virus]
  SRR24305226_clean_NODE_1539_length_4539_cov_43.309673
      Genus: [Biavirus] -> [空]
      Species: [Biavirus raunefjordenense] -> [Homavirus sp.]
  SRR24305226_clean_NODE_161_length_10034_cov_96.163939
      Genus: [Donellivirus] -> [Cotonvirus]
      Species: [Donellivirus gee] -> [Cotonvirus japonicum]
  SRR24305226_clean_NODE_1632_length_4406_cov_112.266328
      Genus: [Cotonvirus] -> [空]
      Species: [Cotonvirus japonicum] -> [Berere partitivirus]
  SRR24305226_clean_NODE_1651_length_4380_cov_36.194103
      Species: [Pandoravirus belohorizontensis] -> [Coccolithovirus huxleyi]
  SRR24305226_clean_NODE_1714_length_4277_cov_289.257850
      Species: [Betacoronavirus pandemicum] -> [Haloferacalesvirus thailandense]
  SRR24305226_clean_NODE_1754_length_4206_cov_38.943866
      Species: [Pan paniscus cytomegalovirus 1] -> [Betalipothrixvirus hveragerdiense]
  SRR24305226_clean_NODE_1777_length_4170_cov_190.371979
      Species: [Lentivirus humimdef1] -> [Fadolivirus algeromassiliense]
  SRR24305226_clean_NODE_1798_length_4149_cov_107.828999
      Order: [Imitervirales] -> [Pimascovirales]
      Genus: [Megavirus] -> [空]
      Species: [Megavirus baoshanense] -> [Pithovirus LCPAC304]
  SRR24305226_clean_NODE_190_length_9537_cov_84.434066
      Species: [Marseillevirus LCMAC201] -> [Megavirus powaiense]
  SRR24305226_clean_NODE_194_length_9495_cov_47.300998
      Class: [Caudoviricetes] -> [Megaviricetes]
      Family: [Phycodnaviridae] -> [Toyamaviridae]
      Genus: [Coccolithovirus] -> [Totsukavirus]
      Species: [Emiliania huxleyi virus 18] -> [Totsukavirus waseda]
  SRR24305226_clean_NODE_1988_length_3894_cov_29.278985
      Species: [Simplexvirus cercopithecinealpha2] -> [Oceanusvirus kaneohense]
  SRR24305226_clean_NODE_2001_length_3878_cov_51.745072
      Family: [Adenoviridae] -> [Mimiviridae]
      Species: [Megaviridae environmental sample*] -> [空]
  SRR24305226_clean_NODE_2034_length_3848_cov_97.066755
      Class: [Caudoviricetes] -> [Megaviricetes]
      Genus: [Hatfieldvirus] -> [空]
      Species: [Orthohepacivirus hominis] -> [Marseillevirus LCMAC101]
  SRR24305226_clean_NODE_2085_length_3773_cov_73.683514
      Genus: [Alphahydrivirus] -> [空]
      Species: [Alphahydrivirus permafrostis] -> [Hyperionvirus sp.]
  SRR24305226_clean_NODE_2121_length_3728_cov_97.408482
      Species: [Faunusvirus sp.] -> [空]
  SRR24305226_clean_NODE_2139_length_3696_cov_180.897047
      Genus: [Tupanvirus] -> [Orthopestivirus]
  SRR24305226_clean_NODE_2197_length_3633_cov_82.968820
      Genus: [Alphaorpheovirus] -> [空]
      Species: [Alphaorpheovirus massiliense] -> [Pithovirus LCPAC404]
  SRR24305226_clean_NODE_222_length_9162_cov_24.965783
      Species: [Alphabaculovirus ranus] -> [Alphabaculovirus chrychalcites]
  SRR24305226_clean_NODE_2231_length_3595_cov_110.610449
      Species: [Tupanvirus altamarinense] -> [Fadolivirus algeromassiliense]
  SRR24305226_clean_NODE_2233_length_3591_cov_133.133883
      Genus: [Alphacedratvirus] -> [Gammaretrovirus]
  SRR24305226_clean_NODE_2267_length_3553_cov_242.465230
      Species: [Iltovirus cacatuidalpha2] -> [Tethysvirus raunefjordenense]
  SRR24305226_clean_NODE_2281_length_3537_cov_80.311778
      Genus: [Biavirus] -> [空]
      Species: [Biavirus raunefjordenense] -> [Guapo partitivirus]
  SRR24305226_clean_NODE_2345_length_3470_cov_48.089491
      Species: [Pithovirus LCPAC302] -> [Fadolivirus algeromassiliense]
  SRR24305226_clean_NODE_236_length_9020_cov_90.781044
      Order: [Patatavirales] -> [Grandevirales]
      Family: [Potyviridae] -> [Lakviridae]
      Genus: [Tritimovirus] -> [Hatfieldvirus]
      Species: [Tritimovirus eqlidense] -> [Hatfieldvirus porci]
  SRR24305226_clean_NODE_241_length_8961_cov_57.920567
      Species: [Tupanvirus salinum] -> [Biavirus raunefjordenense]
  SRR24305226_clean_NODE_247_length_8910_cov_110.349327
      Species: [Megaviridae environmental sample*] -> [空]
  SRR24305226_clean_NODE_260_length_8825_cov_68.915562
      Species: [Catovirus klosterense] -> [Rheavirus sinusmexicani]
  SRR24305226_clean_NODE_2624_length_3165_cov_86.839586
      Family: [Adenoviridae] -> [Mimiviridae]
      Species: [Megaviridae environmental sample*] -> [空]
  SRR24305226_clean_NODE_267_length_8769_cov_77.255750
      Species: [Pandoravirus inopinatum] -> [Vetruanivirus porcinprimi]
  SRR24305226_clean_NODE_2695_length_3094_cov_78.882158
      Species: [Chrysophyceae clade H virus] -> [Biavirus raunefjordenense]
  SRR24305226_clean_NODE_276_length_8725_cov_82.449838
      Genus: [Kaumoebavirus] -> [空]
  SRR24305226_clean_NODE_2799_length_2982_cov_64.529392
      Class: [Caudoviricetes] -> [Megaviricetes]
      Family: [Mimiviridae] -> [Arenbergviridae]
      Genus: [Klosneuvirus] -> [Wroclawvirus]
  SRR24305226_clean_NODE_285_length_8675_cov_69.514764
      Species: [Cytomegalovirus cercopithecinebeta5] -> [Alphapithovirus siberiense]
  SRR24305226_clean_NODE_2918_length_2862_cov_5.850484
      Class: [Caudoviricetes] -> [Revtraviricetes]
      Family: [Retroviridae] -> [Peduoviridae]
      Species: [Rhinolophus affinis foamy virus 1] -> [Baylorvirus bv1127AP1]
  SRR24305226_clean_NODE_2951_length_2834_cov_63.008330
      Phylum: [Nucleocytoviricota] -> [Peploviricota]
      Order: [Algavirales] -> [空]
      Genus: [Coccolithovirus] -> [空]
  SRR24305226_clean_NODE_2_length_21868_cov_144.091856
      Genus: [Cotonvirus] -> [Gammaretrovirus]
  SRR24305226_clean_NODE_3049_length_2733_cov_138.476316
      Species: [Chrysophyceae clade H virus] -> [Biavirus raunefjordenense]
  SRR24305226_clean_NODE_30_length_14132_cov_59.294829
      Family: [Mimiviridae] -> [Pithoviridae]
      Genus: [Theiavirus] -> [空]
      Species: [Theiavirus salishense] -> [Pithovirus LCPAC304]
  SRR24305226_clean_NODE_31_length_14124_cov_24.732261
      Family: [Hydriviridae] -> [Mimiviridae]
      Genus: [Alphahydrivirus] -> [空]
      Species: [Alphahydrivirus permafrostis] -> [Edafosvirus sp.]
  SRR24305226_clean_NODE_3254_length_2561_cov_387.933682
      Species: [Agnivirus brisbanense] -> [Poseidoniales virus]
  SRR24305226_clean_NODE_3281_length_2537_cov_2.025974
      Species: [Pseudovirus artarabidopsis] -> [Atrato Retro-like virus]
  SRR24305226_clean_NODE_338_length_8333_cov_103.744431
      Genus: [Fadolivirus] -> [空]
      Species: [Fadolivirus algeromassiliense] -> [Marseillevirus LCMAC103]
  SRR24305226_clean_NODE_3473_length_2380_cov_137.849155
      Genus: [Biavirus] -> [空]
      Species: [Biavirus raunefjordenense] -> [Homavirus sp.]
  SRR24305226_clean_NODE_34_length_14038_cov_86.573290
      Family: [Pithoviridae] -> [Iridoviridae]
  SRR24305226_clean_NODE_3523_length_2350_cov_3.007466
      Species: [Micromonas polaris virus] -> [Theiavirus salishense]
  SRR24305226_clean_NODE_3529_length_2347_cov_80.218558
      Class: [Caudoviricetes] -> [Megaviricetes]
      Genus: [Jenstvirus] -> [空]
      Species: [Jenstvirus jenst] -> [Edafosvirus sp.]
  SRR24305226_clean_NODE_3628_length_2268_cov_1.431891
      Species: [Pseudovirus arabidopsis] -> [Atrato Retro-like virus]
  SRR24305226_clean_NODE_365_length_8157_cov_199.324344
      Species: [Chrysophyceae clade H virus] -> [Chlorovirus conductrix]
  SRR24305226_clean_NODE_3725_length_2205_cov_108.318480
      Genus: [Oceanusvirus] -> [Prasinovirus]
      Species: [Oceanusvirus kaneohense] -> [Bathycoccus sp. RCC1105 virus BpV]
  SRR24305226_clean_NODE_375_length_8114_cov_35.896157
      Genus: [Nipunavirus] -> [空]
  SRR24305226_clean_NODE_379_length_8101_cov_72.148107
      Genus: [Biavirus] -> [Organic Lake phycodnavirus]
      Species: [Biavirus raunefjordenense] -> [空]
  SRR24305226_clean_NODE_400_length_7954_cov_68.658800
      Realm: [Duplodnaviria] -> [Riboviria]
      Kingdom: [Heunggongvirae] -> [Pararnavirae]
      Phylum: [Peploviricota] -> [Artverviricota]
      Class: [Herviviricetes] -> [Revtraviricetes]
      Order: [Herpesvirales] -> [Ortervirales]
      Genus: [Theiavirus] -> [Gammaretrovirus]
      Species: [Varicellovirus bovinealpha1] -> [Gammaretrovirus felleu]
  SRR24305226_clean_NODE_4014_length_1990_cov_76.128847
      Species: [Varicellovirus bovinealpha1] -> [Avian sarcoma virus 31]
  SRR24305226_clean_NODE_4159_length_1889_cov_14.683921
      Species: [Torque teno midi virus] -> [Avian sarcoma virus 31]
  SRR24305226_clean_NODE_420_length_7794_cov_207.292190
      Order: [Grandevirales] -> [空]
      Family: [Lakviridae] -> [空]
      Genus: [Hatfieldvirus] -> [空]
      Species: [Hatfieldvirus porci] -> [空]
  SRR24305226_clean_NODE_4380_length_1749_cov_3.783413
      Family: [Pithoviridae] -> [Hepaciviridae]
  SRR24305226_clean_NODE_4383_length_1748_cov_4.808955
      Species: [Sirevirus zeae] -> [Atrato Retro-like virus]
  SRR24305226_clean_NODE_4393_length_1744_cov_2.850389
      Species: [Hemivirus drosophilae] -> [Atrato Retro-like virus]
  SRR24305226_clean_NODE_4576_length_1641_cov_0.658801
      Species: [Lymphocryptovirus humangamma4] -> [Betabaculovirus sp.]
  SRR24305226_clean_NODE_458_length_7595_cov_92.841532
      Species: [Orthopoxvirus vaccinia] -> [Orthopoxvirus akhmetapox]
  SRR24305226_clean_NODE_463_length_7570_cov_57.475657
      Family: [Adenoviridae] -> [Mimiviridae]
      Species: [Megaviridae environmental sample*] -> [空]
  SRR24305226_clean_NODE_487_length_7435_cov_84.677669
      Species: [Biavirus raunefjordenense] -> [Mimivirus lagoaense]
  SRR24305226_clean_NODE_491_length_7425_cov_27.953618
      Species: [Mardivirus spheniscidalpha1] -> [Alphacedratvirus francolausannense]
  SRR24305226_clean_NODE_4_length_19174_cov_55.353646
      Genus: [Betatorquevirus] -> [空]
  SRR24305226_clean_NODE_5046_length_1396_cov_3.089191
      Species: [Pseudovirus brassicae] -> [Atrato Retro-like virus]
  SRR24305226_clean_NODE_517_length_7280_cov_142.561954
      Species: [Faunusvirus sp.] -> [空]
  SRR24305226_clean_NODE_534_length_7214_cov_285.889931
      Species: [Percavirus equidgamma2] -> [Yellowstone lake phycodnavirus 2]
  SRR24305226_clean_NODE_556_length_7137_cov_56.827860
      Genus: [Orthohepacivirus] -> [空]
      Species: [Orthohepacivirus hominis] -> [Mimivirus LCMiAC01]
  SRR24305226_clean_NODE_569_length_7086_cov_53.479253
      Genus: [Lentivirus] -> [空]
      Species: [Lentivirus capartenc] -> [Mimiviridae sp. ChoanoV1*]
  SRR24305226_clean_NODE_588_length_6970_cov_44.770335
      Species: [Megaviridae environmental sample*] -> [空]
  SRR24305226_clean_NODE_6025_length_1044_cov_1.158599
      Species: [Pseudovirus oryzae] -> [Atrato Retro-like virus]
  SRR24305226_clean_NODE_613_length_6845_cov_408.895157
      Family: [Mimiviridae] -> [Kyanoviridae]
  SRR24305226_clean_NODE_61_length_12377_cov_31.043075
      Class: [Caudoviricetes] -> [Cardeaviricetes]
  SRR24305226_clean_NODE_674_length_6628_cov_97.670938
      Class: [Megaviricetes] -> [Revtraviricetes]
      Genus: [Cotonvirus] -> [空]
      Species: [Cotonvirus japonicum] -> [空]
  SRR24305226_clean_NODE_6872_length_852_cov_0.804878
      Species: [Lymphocryptovirus humangamma4] -> [Lymphocystivirus sparus1]
  SRR24305226_clean_NODE_68_length_12136_cov_93.336649
      Phylum: [Uroviricota] -> [Nucleocytoviricota]
      Class: [Caudoviricetes] -> [Megaviricetes]
      Order: [Kirjokansivirales] -> [Imitervirales]
      Family: [Shortaselviridae] -> [Ascoviridae]
      Genus: [Lonfivirus] -> [Ascovirus]
      Species: [Lonfivirus codicilli] -> [空]
  SRR24305226_clean_NODE_694_length_6571_cov_51.055248
      Species: [Biavirus raunefjordenense] -> [Theiavirus salishense]
  SRR24305226_clean_NODE_699_length_6558_cov_87.811257
      Species: [Chrysophyceae clade H virus] -> [Tupanvirus altamarinense]
  SRR24305226_clean_NODE_69_length_12123_cov_88.561079
      Class: [Caudoviricetes] -> [Megaviricetes]
  SRR24305226_clean_NODE_709_length_6515_cov_134.046414
      Genus: [Fadolivirus] -> [Orthopestivirus]
  SRR24305226_clean_NODE_715_length_6493_cov_77.652492
      Species: [Betabaculovirus agsegetum] -> [Alphabaculovirus alterchofumiferanae]
  SRR24305226_clean_NODE_763_length_6339_cov_140.877593
      Species: [Chrysophyceae clade H virus] -> [Trogglehumpervirus trogglehumper]
  SRR24305226_clean_NODE_78_length_11808_cov_270.327823
      Genus: [Vetruanivirus] -> [空]
      Species: [Vetruanivirus dhakaense] -> [Edafosvirus sp.]
  SRR24305226_clean_NODE_7912_length_678_cov_0.791736
      Realm: [Duplodnaviria] -> [Varidnaviria]
      Kingdom: [Heunggongvirae] -> [Bamfordvirae]
      Phylum: [Peploviricota] -> [Nucleocytoviricota]
      Class: [Herviviricetes] -> [Megaviricetes]
      Order: [Herpesvirales] -> [Pimascovirales]
      Species: [Lymphocryptovirus humangamma4] -> [Erythrocytic necrosis virus]
  SRR24305226_clean_NODE_796_length_6243_cov_109.691572
      Family: [Hepaciviridae] -> [Orthoherpesviridae]
      Genus: [Orthohepacivirus] -> [空]
      Species: [Orthohepacivirus hominis] -> [空]
  SRR24305226_clean_NODE_80_length_11766_cov_99.925682
      Order: [Pimascovirales] -> [Imitervirales]
      Genus: [Alphaorpheovirus] -> [空]
      Species: [Alphaorpheovirus massiliense] -> [空]
  SRR24305226_clean_NODE_854_length_6055_cov_171.517720
      Species: [Catovirus klosterense] -> [Fadolivirus algeromassiliense]
  SRR24305226_clean_NODE_857_length_6054_cov_106.628323
      Species: [Enterovirus betacoxsackie] -> [Tupanvirus salinum]
  SRR24305226_clean_NODE_865_length_6027_cov_381.630836
      Family: [Orpheoviridae] -> [Mimiviridae]
      Genus: [Alphaorpheovirus] -> [空]
      Species: [Alphaorpheovirus massiliense] -> [空]
  SRR24305226_clean_NODE_938_length_5809_cov_26.438110
      Genus: [Chlorovirus] -> [空]
      Species: [Chlorovirus sp.] -> [Edafosvirus sp.]
  SRR24305226_clean_NODE_93_length_11408_cov_86.350507
      Species: [Gammaretrovirus felleu] -> [Alpharetrovirus aviY73sar]
  SRR24305226_clean_NODE_952_length_5777_cov_66.212482
      Order: [Imitervirales] -> [空]
      Genus: [Biavirus] -> [空]
      Species: [Phaeovirus unasiliculosus] -> [Litopenaeus vannamei majanivirus Nimav-1_LVa]
  SRR24305226_clean_NODE_98_length_11306_cov_101.556307
      Family: [Adenoviridae] -> [Mimiviridae]
      Species: [Megaviridae environmental sample*] -> [空]
  SRR24305227_clean_NODE_233_length_1079_cov_5.194831
      Phylum: [Lenarviricota] -> [Pisuviricota]
      Class: [Leviviricetes] -> [Stelpaviricetes]
      Species: [Chrocadirk virus] -> [Mamastrovirus suisorientalis]
  SRR24305227_clean_NODE_4_length_2870_cov_0.593136
      Realm: [Riboviria] -> [Duplodnaviria]
      Kingdom: [Orthornavirae] -> [Heunggongvirae]
  SRR24305227_clean_NODE_59_length_1533_cov_1.392466
      Class: [Caudoviricetes] -> [Megaviricetes]
      Family: [Mimiviridae] -> [Chimalliviridae]
      Genus: [Indivirus] -> [Elvirus]
      Species: [Indivirus ILV1] -> [Elvirus EL]
  SRR24305227_clean_NODE_5_length_2565_cov_0.609952
      Species: [Chrysophyceae clade H virus] -> [Plazymidvirus ZM41]
  SRR24305228_clean_NODE_1009_length_4659_cov_32.573485
      Genus: [Biavirus] -> [空]
      Species: [Biavirus raunefjordenense] -> [Pithovirus LCPAC102]
  SRR24305228_clean_NODE_1091_length_4496_cov_33.343206
      Genus: [Moumouvirus] -> [Indivirus]
      Species: [Moumouvirus moumou] -> [Indivirus ILV1*]
  SRR24305228_clean_NODE_1697_length_3651_cov_24.187535
      Species: [environmental samples] -> [空]
  SRR24305228_clean_NODE_1761_length_3579_cov_49.460639
      Order: [Imitervirales] -> [Algavirales]
      Genus: [Tethysvirus] -> [空]
      Species: [Tethysvirus hollandense] -> [空]
  SRR24305228_clean_NODE_1857_length_3472_cov_18.735805
      Genus: [Biavirus] -> [空]
      Species: [Biavirus raunefjordenense] -> [Marseillevirus LCMAC202]
  SRR24305228_clean_NODE_1924_length_3408_cov_14.588006
      Genus: [Biavirus] -> [空]
      Species: [Biavirus raunefjordenense] -> [Pithovirus LCPAC404]
  SRR24305228_clean_NODE_2721_length_2657_cov_17.763932
      Species: [Pithovirus LCPAC102] -> [Alphahydrivirus permafrostis]
  SRR24305228_clean_NODE_2940_length_2506_cov_21.407727
      Genus: [Tethysvirus] -> [空]
      Species: [Pithovirus LCPAC404] -> [空]
  SRR24305228_clean_NODE_296_length_6761_cov_8.387859
      Genus: [Megavirus] -> [空]
      Species: [Tropivirus awaski] -> [空]
  SRR24305228_clean_NODE_29_length_11110_cov_42.710882
      Species: [Chrysochromulina ericina virus] -> [Tethysvirus raunefjordenense]
  SRR24305228_clean_NODE_358_length_6519_cov_32.666925
      Species: [Dishui Lake large algae virus 1] -> [Chlorovirus vanettense]
  SRR24305228_clean_NODE_3642_length_2061_cov_2.127264
      Genus: [Chlorovirus] -> [空]
      Species: [Chlorovirus conductrix] -> [Terrestrivirus sp.]
  SRR24305228_clean_NODE_3_length_14474_cov_25.657315
      Phylum: [Peploviricota] -> [Preplasmiviricota]
      Class: [Herviviricetes] -> [Pharingeaviricetes]
  SRR24305228_clean_NODE_489_length_5995_cov_32.174603
      Genus: [Clandestinovirus] -> [Varicellovirus]
  SRR24305228_clean_NODE_563_length_5771_cov_30.909968
      Genus: [Eurybiavirus] -> [空]
      Species: [Eurybiavirus PHM2] -> [空]
  SRR24305228_clean_NODE_650_length_5453_cov_57.063383
      Genus: [Victorivirus] -> [空]
      Species: [Phaeobotryon rhois victorivirus 1] -> [Mimiviridae sp. ChoanoV1*]
  SRR24305228_clean_NODE_816_length_5044_cov_38.843693
      Genus: [Biavirus] -> [Kratosvirus]
      Species: [Biavirus raunefjordenense] -> [Kratosvirus quantuckense]
  SRR24305228_clean_NODE_8989_length_586_cov_0.567251
      Class: [Herviviricetes] -> [Naldaviricetes]
      Order: [Herpesvirales] -> [Lefavirales]
      Family: [Orthoherpesviridae] -> [Baculoviridae]
      Genus: [Lymphocryptovirus] -> [Betabaculovirus]
      Species: [Lymphocryptovirus humangamma4] -> [Betabaculovirus sp.]
  SRR24305228_clean_NODE_918_length_4837_cov_23.458438
      Order: [Pimascovirales] -> [Pantevenvirales]
      Family: [Pithoviridae] -> [Straboviridae]
      Genus: [Alphacedratvirus] -> [Biquartavirus]
      Species: [Alphacedratvirus aljazairmassiliense] -> [Biquartavirus 44RR2]
  SRR24305228_clean_NODE_965_length_4746_cov_47.347956
      Species: [Norovirus norwalkense] -> [Biavirus raunefjordenense]
  SRR24305229_clean_NODE_1188_length_679_cov_5.244224
      Genus: [Baoshanvirus] -> [Moumouvirus]
  SRR24305229_clean_NODE_1808_length_581_cov_1.511811
      Genus: [Shangdongvirus] -> [空]
  SRR24305229_clean_NODE_1_length_44810_cov_13.146344
      Species: [Phomopsis viticola mycovirus 961] -> [Sextaecvirus sextaec]
  SRR24305229_clean_NODE_3_length_11552_cov_12.916108
      Genus: [Sextaecvirus] -> [空]
  SRR24305229_clean_NODE_767_length_804_cov_0.512996
      Genus: [Borockvirus] -> [空]
      Species: [Borockvirus brock] -> [Marseillevirus LCMAC101]
  SRR24305230_clean_NODE_1075_length_3901_cov_24.678161
      Genus: [Biavirus] -> [空]
      Species: [Biavirus raunefjordenense] -> [Homavirus sp.]
  SRR24305230_clean_NODE_12_length_10854_cov_33.852518
      Species: [Betatorquevirus homini36] -> [Uukuvirus kaisodiense]
  SRR24305230_clean_NODE_1448_length_3425_cov_20.330847
      Genus: [Biavirus] -> [空]
      Species: [Biavirus raunefjordenense] -> [Edafosvirus sp.]
  SRR24305230_clean_NODE_1584_length_3273_cov_25.787500
      Species: [Thalassavirus gary] -> [Virus NIOZ-UU159]
  SRR24305230_clean_NODE_1720_length_3140_cov_19.516466
      Species: [Pithovirus LCPAC104] -> [Fadolivirus algeromassiliense]
  SRR24305230_clean_NODE_20_length_10126_cov_50.584104
      Genus: [Yautepecvirus] -> [空]
  SRR24305230_clean_NODE_2_length_16435_cov_11.399034
      Genus: [Alphaorpheovirus] -> [空]
      Species: [Alphaorpheovirus massiliense] -> [Pithovirus LCPAC304]
  SRR24305230_clean_NODE_3412_length_1926_cov_43.491096
      Genus: [Mimivirus] -> [空]
      Species: [Mimivirus lagoaense] -> [空]
  SRR24305230_clean_NODE_366_length_5581_cov_173.838598
      Genus: [Immutovirus] -> [空]
  SRR24305230_clean_NODE_4162_length_1551_cov_9.623816
      Species: [environmental samples] -> [空]
  SRR24305230_clean_NODE_4665_length_1332_cov_0.808578
      Species: [Lymphocryptovirus humangamma4] -> [Lymphocystivirus micropogonias1]
  SRR24305230_clean_NODE_5457_length_1065_cov_4.097782
      Class: [Duplopiviricetes] -> [Stelpaviricetes]
      Order: [Durnavirales] -> [Stellavirales]
      Family: [Picobirnaviridae] -> [Astroviridae]
      Species: [Qianjiang picobirna-like virus 2] -> [Mamastrovirus suisorientalis]
  SRR24305230_clean_NODE_5767_length_990_cov_3.787350
      Species: [Whispovirus xiabaidian] -> [Porcellio scaber clopovirus]
  SRR24305230_clean_NODE_5790_length_986_cov_0.488499
      Genus: [Oceanusvirus] -> [空]
      Species: [Oceanusvirus kaneohense] -> [Mimivirus LCMiAC02]
  SRR24305230_clean_NODE_6635_length_822_cov_1.403204
      Species: [Varicosavirus tanaceti] -> [Betahymrhavirus heterodontonyx]
  SRR24305230_clean_NODE_7702_length_670_cov_0.554439
      Genus: [Alphahydrivirus] -> [空]
  SRR24305230_clean_NODE_780_length_4418_cov_15.044879
      Species: [Pseudovirus arabidopsis] -> [Atrato Retro-like virus]
  SRR24305230_clean_NODE_80_length_7961_cov_50.379691
      Genus: [Alphacedratvirus] -> [Gammaretrovirus]
      Species: [Lentivirus simimdef] -> [Gammaretrovirus felleu]
  SRR24305230_clean_NODE_8272_length_609_cov_0.884328
      Species: [Lymphocryptovirus humangamma4] -> [Betabaculovirus sp.]
  SRR24305230_clean_NODE_993_length_4020_cov_13.416519
      Genus: [Alphacedratvirus] -> [空]
      Species: [Alphacedratvirus brasiliense] -> [空]
  SRR24305231_clean_NODE_104_length_1712_cov_2.915802
      Genus: [Pandoravirus] -> [Medusavirus]
  SRR24305231_clean_NODE_396_length_1120_cov_1.680993
      Species: [Hemivirus copiae] -> [Atrato Retro-like virus]
  SRR24305231_clean_NODE_42_length_2306_cov_5.027765
      Genus: [Alphahydrivirus] -> [Fadolivirus]
  SRR24305231_clean_NODE_68_length_1955_cov_11.312965
      Family: [Hydriviridae] -> [空]
      Genus: [Alphahydrivirus] -> [空]
      Species: [Alphahydrivirus permafrostis] -> [空]
  SRR24305231_clean_NODE_74_length_1896_cov_1.873834
      Genus: [Pandoravirus] -> [Medusavirus]
  SRR24315641_clean_NODE_10_length_2122_cov_12.221083
      Genus: [Anaposvirus] -> [空]
  SRR24315641_clean_NODE_953_length_506_cov_0.969977
      Class: [Herviviricetes] -> [Naldaviricetes]
      Order: [Herpesvirales] -> [Lefavirales]
      Family: [Orthoherpesviridae] -> [Baculoviridae]
      Genus: [Lymphocryptovirus] -> [Betabaculovirus]
      Species: [Lymphocryptovirus humangamma4] -> [Betabaculovirus sp.]
  SRR24315642_clean_NODE_647_length_563_cov_0.665306
      Phylum: [Lenarviricota] -> [Pisuviricota]
      Class: [Howeltoviricetes] -> [Duplopiviricetes]
      Order: [Cryppavirales] -> [Durnavirales]
      Family: [Mitoviridae] -> [Picobirnaviridae]
      Species: [Chrocabarb virus] -> [Qianjiang picobirna-like virus 2]
  SRR25775920_clean_NODE_88_length_948_cov_1.076571
      Species: [Lymphocryptovirus humangamma4] -> [Betabaculovirus sp.]
  SRR25775927_clean_NODE_517_length_570_cov_1.561368
      Species: [Heliosvirus raunefjordenense] -> [Biavirus raunefjordenense]
  SRR25775928_clean_NODE_977_length_512_cov_1.284738
      Class: [Duplopiviricetes] -> [Stelpaviricetes]
      Order: [Durnavirales] -> [Stellavirales]
      Family: [Picobirnaviridae] -> [Astroviridae]
      Species: [Qianjiang picobirna-like virus 2] -> [Mamastrovirus suisorientalis]
  SRR25775931_clean_NODE_385_length_750_cov_0.580502
      Class: [Herviviricetes] -> [Naldaviricetes]
      Order: [Herpesvirales] -> [Lefavirales]
      Family: [Orthoherpesviridae] -> [Baculoviridae]
      Genus: [Lymphocryptovirus] -> [Betabaculovirus]
      Species: [Lymphocryptovirus humangamma4] -> [Betabaculovirus sp.]
  SRR25775933_clean_NODE_115_length_2620_cov_25.013349
      Genus: [Alphahydrivirus] -> [Fadolivirus]
  SRR25775933_clean_NODE_121_length_2583_cov_37.491235
      Order: [Imitervirales] -> [空]
      Family: [Mimiviridae] -> [空]
      Genus: [Theiavirus] -> [空]
      Species: [Armadillidium vulgare clopovirus] -> [空]
  SRR25775933_clean_NODE_125_length_2568_cov_6.991583
      Genus: [Immutovirus] -> [空]
  SRR25775933_clean_NODE_24_length_3951_cov_4.141052
      Genus: [Biavirus] -> [空]
  SRR25775933_clean_NODE_259_length_2046_cov_133.846934
      Family: [Hydriviridae] -> [空]
      Genus: [Alphahydrivirus] -> [空]
      Species: [Alphahydrivirus permafrostis] -> [空]
  SRR25775933_clean_NODE_289_length_1963_cov_19.872487
      Genus: [Alphahydrivirus] -> [Hokovirus]
      Species: [Orthopestivirus bovis] -> [Hokovirus HKV1*]
  SRR25775933_clean_NODE_29_length_3831_cov_3.705428
      Genus: [Simplexvirus] -> [空]
      Species: [Simplexvirus macacinealpha1] -> [Edafosvirus sp.]
  SRR25775933_clean_NODE_31_length_3710_cov_2.891119
      Species: [Agnivirus brisbanense] -> [Mantoniella tinhauana virus 1]
  SRR25775933_clean_NODE_363_length_1811_cov_7.165132
      Species: [Agnivirus brisbanense] -> [Poseidoniales virus]
  SRR25775933_clean_NODE_365_length_1810_cov_4.074266
      Species: [Agnivirus brisbanense] -> [Poseidoniales virus]
  SRR25775933_clean_NODE_376_length_1794_cov_6.242301
      Species: [Agnivirus brisbanense] -> [Poseidoniales virus]
  SRR25775933_clean_NODE_66_length_3041_cov_4.200135
      Genus: [Alphahydrivirus] -> [Fadolivirus]
  SRR25775933_clean_NODE_687_length_1446_cov_0.836125
      Species: [Lymphocryptovirus humangamma4] -> [Betabaculovirus sp.]
  SRR25775933_clean_NODE_83_length_2843_cov_2.253069
      Genus: [Tethysvirus] -> [Chlorovirus]
      Species: [Tethysvirus raunefjordenense] -> [空]
  SRR25775936_clean_NODE_517_length_560_cov_0.743326
      Species: [Badnavirus venabougainvilleae] -> [Badnavirus fatsiae]
  SRR25775937_clean_NODE_20_length_2141_cov_3.889749
      Genus: [Alphaorpheovirus] -> [Klosneuvirus]
      Species: [Alphaorpheovirus massiliense] -> [Klosneuvirus KNV1*]
  SRR25775937_clean_NODE_56_length_1584_cov_5.674388
      Genus: [Batravirus] -> [空]
  SRR25775937_clean_NODE_5_length_2728_cov_2.422222
      Species: [Tokyovirus A1] -> [Marseillevirus senegalense]
  SRR25775937_clean_NODE_706_length_626_cov_0.766727
      Class: [Herviviricetes] -> [Naldaviricetes]
      Order: [Herpesvirales] -> [Lefavirales]
      Family: [Orthoherpesviridae] -> [Baculoviridae]
      Genus: [Lymphocryptovirus] -> [Betabaculovirus]
      Species: [Lymphocryptovirus humangamma4] -> [Betabaculovirus sp.]
  SRR27483474_clean_NODE_251_length_1072_cov_17.237237
      Species: [Gemycircularvirus ptero6] -> [Genomoviridae sp.]
  SRR27483474_clean_NODE_41_length_1802_cov_5.020243
      Family: [Hydriviridae] -> [空]
      Genus: [Alphahydrivirus] -> [空]
      Species: [Alphahydrivirus permafrostis] -> [空]
  SRR27483474_clean_NODE_60_length_1692_cov_3.829524
      Family: [Hydriviridae] -> [空]
      Genus: [Alphahydrivirus] -> [空]
      Species: [Alphahydrivirus permafrostis] -> [空]
  SRR27483474_clean_NODE_63_length_1675_cov_3.433208
      Class: [Caudoviricetes] -> [Megaviricetes]
      Genus: [Thornevirus] -> [Chlorovirus]
  SRR27483474_clean_NODE_69_length_1656_cov_2.290587
      Species: [Qianjiang picobirna-like virus 2] -> [Human papillomavirus types]
  SRR27483474_clean_NODE_86_length_1511_cov_5.237135
      Family: [Hydriviridae] -> [空]
      Genus: [Alphahydrivirus] -> [空]
      Species: [Alphahydrivirus permafrostis] -> [空]
  SRR27483479_clean_NODE_156_length_827_cov_2.984085
      Species: [Blueberry mitovirus 1] -> [Ripabiq virus]
  SRR27483481_clean_NODE_1806_length_625_cov_1.974638
      Species: [Soymovirus hibisci] -> [Soymovirus maculaglycinis]
  SRR27483482_clean_NODE_18_length_3078_cov_3.515141
      Genus: [Alphahydrivirus] -> [Fadolivirus]
      Species: [Alphahydrivirus permafrostis] -> [Fadolivirus algeromassiliense]
  SRR27880472_clean_NODE_1548_length_723_cov_3.980000
      Species: [Mirusvirus sp.] -> [Sylvanvirus sp.]
  SRR27880472_clean_NODE_1781_length_692_cov_0.479806
      Order: [Pimascovirales] -> [Imitervirales]
      Family: [Marseilleviridae] -> [Mesomimiviridae]
      Genus: [Marseillevirus] -> [Criusvirus]
  SRR27880472_clean_NODE_383_length_1123_cov_7.144762
      Genus: [Metavirus] -> [Tupanvirus]
      Species: [Metavirus tatarabidopsis] -> [空]
  SRR27880472_clean_NODE_44_length_2263_cov_4.039726
      Genus: [Chlorovirus] -> [空]
      Species: [Chlorovirus americanus] -> [Terrestrivirus sp.]
  SRR27880472_clean_NODE_6_length_3276_cov_11.817047
      Kingdom: [Orthornavirae] -> [Shotokuvirae]
      Phylum: [Lenarviricota] -> [Cressdnaviricota]
      Class: [Howeltoviricetes] -> [Repensiviricetes]
      Order: [Cryppavirales] -> [Geplafuvirales]
      Family: [Mitoviridae] -> [Geminiviridae]
      Genus: [Mitovirus] -> [Begomovirus]
      Species: [Exserohilum turcicum mitovirus 5] -> [Begomovirus gossypikokranense]
  SRR27880473_clean_NODE_43_length_2190_cov_0.685876
      Genus: [Mimivirus] -> [Indivirus]
      Species: [Mimivirus lagoaense] -> [Indivirus ILV1*]
  SRR27880474_clean_NODE_117_length_1631_cov_0.297176
      Species: [Mantoniella tinhauana virus 1] -> [Biavirus raunefjordenense]
  SRR27880474_clean_NODE_2983_length_582_cov_0.326130
      Species: [Soymovirus hibisci] -> [Soymovirus malvae]
  SRR27880474_clean_NODE_437_length_1093_cov_16.746078
      Genus: [Pseudovirus] -> [Caulimovirus]
      Species: [Pseudovirus brassicae] -> [Caulimovirus sp.]
  SRR27880475_clean_NODE_2660_length_673_cov_2.273333
      Genus: [Bosavirus] -> [Lymphocystivirus]
      Species: [Bosavirus Doca10] -> [Rhinella marina erythrocytic-like virus]
  SRR27880475_clean_NODE_4300_length_568_cov_5.381818
      Genus: [Sicinivirus] -> [空]
      Species: [Sicinivirus sp.] -> [Qianjiang picobirna-like virus 2]
  SRR27880475_clean_NODE_5_length_4067_cov_2.562093
      Genus: [Caulimovirus] -> [Metavirus]
      Species: [Caulimovirus incidianthi] -> [Metavirus cladosporii]
  SRR27880476_clean_NODE_107_length_1744_cov_3.844405
      Species: [Rhizoctonia solani RNA virus] -> [Sasvirus BFK20]
  SRR27880476_clean_NODE_116_length_1697_cov_0.709975
      Family: [Adenoviridae] -> [Mimiviridae]
      Species: [Megaviridae environmental sample*] -> [空]
  SRR27880476_clean_NODE_239_length_1349_cov_0.672414
      Genus: [Ascovirus] -> [Toursvirus]
      Species: [Ascovirus sfav1a] -> [空]
  SRR27880476_clean_NODE_2941_length_629_cov_3.383094
      Order: [Durnavirales] -> [空]
      Genus: [Nanhaivirus] -> [空]
  SRR27880476_clean_NODE_4763_length_532_cov_2.026144
      Order: [Imitervirales] -> [Algavirales]
      Genus: [Biavirus] -> [Prasinovirus]
      Species: [Tethysvirus norvegense] -> [空]
  SRR27880476_clean_NODE_50_length_2254_cov_3.683173
      Species: [Penicillium camemberti virus - GP1] -> [Pseudovirus atrearabidopsis]
  SRR27880476_clean_NODE_5262_length_514_cov_0.934240
      Species: [Marseillevirus LCMAC101] -> [空]
  SRR27880476_clean_NODE_73_length_2032_cov_3.406330
      Species: [environmental samples] -> [空]
  SRR27880476_clean_NODE_81_length_1995_cov_2.388137
      Species: [Foxquatrovirus fox4] -> [Pseudo-nitzschia multiseries DNA virus]
  SRR27880476_clean_NODE_82_length_1978_cov_3.268241
      Genus: [Punavirus] -> [Arsyunavirus]
  SRR27880477_clean_NODE_288_length_1165_cov_2.258242
      Species: [Pseudovirus brassicae] -> [Atrato Retro-like virus]
  SRR27880477_clean_NODE_39_length_2236_cov_2.105871
      Genus: [Alphahydrivirus] -> [Fadolivirus]
  SRR33528970_clean_NODE_102_length_1602_cov_7.285808
      Genus: [Biavirus] -> [空]
      Species: [Biavirus raunefjordenense] -> [Mimivirus LCMiAC02]
  SRR33528970_clean_NODE_11_length_3015_cov_4.576479
      Genus: [Alphahydrivirus] -> [空]
      Species: [Alphahydrivirus permafrostis] -> [Naiavirus sp.]
  SRR33528970_clean_NODE_138_length_1451_cov_2.039913
      Species: [environmental samples] -> [空]
  SRR33528970_clean_NODE_21_length_2511_cov_3.295324
      Family: [Adenoviridae] -> [Mimiviridae]
      Species: [Megaviridae environmental sample*] -> [空]
  SRR33528970_clean_NODE_32_length_2290_cov_5.928733
      Species: [Biavirus raunefjordenense] -> [Tethysvirus ontarioense]
  SRR33528970_clean_NODE_61_length_1893_cov_4.702747
      Family: [Kyanoviridae] -> [Phycodnaviridae]
      Genus: [Nilusvirus] -> [空]
      Species: [Nilusvirus ssm2] -> [空]
  SRR33528970_clean_NODE_65_length_1878_cov_1.536288
      Class: [Caudoviricetes] -> [Megaviricetes]
      Genus: [Polybotosvirus] -> [Heliosvirus]
  SRR33528970_clean_NODE_73_length_1817_cov_4.815940
      Species: [Micromonas pusilla virus 12T] -> [Theiavirus salishense]
  SRR33528970_clean_NODE_81_length_1733_cov_43.177108
      Order: [Cryppavirales] -> [Imitervirales]
      Family: [Mitoviridae] -> [空]
      Genus: [Mitovirus] -> [空]
      Species: [Mitovirus sp.] -> [空]
  SRR33528970_clean_NODE_88_length_1706_cov_3.846295
      Species: [Chrysophyceae clade H virus] -> [Plazymidvirus ZM41]
  SRR33528970_clean_NODE_89_length_1703_cov_1.250307
      Genus: [Eurybiavirus] -> [空]
      Species: [Eurybiavirus MED4213] -> [空]
  SRR33528971_clean_NODE_124_length_1581_cov_2.387931
      Genus: [Biavirus] -> [Toursvirus]
      Species: [Biavirus raunefjordenense] -> [空]
  SRR33528971_clean_NODE_125_length_1580_cov_30.262774
      Family: [Hydriviridae] -> [空]
      Genus: [Alphahydrivirus] -> [空]
      Species: [Alphahydrivirus permafrostis] -> [空]
  SRR33528971_clean_NODE_1467_length_591_cov_0.569498
      Genus: [Lentivirus] -> [空]
      Species: [Lentivirus humimdef1] -> [Marseillevirus LCMAC201]
  SRR33528971_clean_NODE_17_length_2671_cov_3.638568
      Genus: [Chlorovirus] -> [空]
      Species: [Chlorovirus conductrix] -> [Terrestrivirus sp.]
  SRR33528971_clean_NODE_21_length_2443_cov_4.985654
      Genus: [Alphahydrivirus] -> [空]
      Species: [Alphahydrivirus permafrostis] -> [Naiavirus sp.]
  SRR33528971_clean_NODE_41_length_2125_cov_2.102827
      Genus: [Biavirus] -> [Fadolivirus]
      Species: [Biavirus raunefjordenense] -> [空]
  SRR33528971_clean_NODE_56_length_2039_cov_2.370295
      Species: [Casadabanvirus AIIMSPaB1] -> [空]
  SRR33528971_clean_NODE_6_length_2921_cov_5.041433
      Genus: [Alphahydrivirus] -> [空]
      Species: [Alphahydrivirus permafrostis] -> [Naiavirus sp.]
  SRR33528971_clean_NODE_70_length_1949_cov_1.583156
      Order: [Rowavirales] -> [空]
      Family: [Adenoviridae] -> [空]
      Species: [environmental samples] -> [空]
  SRR33528971_clean_NODE_75_length_1895_cov_12.666850
      Species: [Dishui Lake phycodnavirus 3] -> [Megavirus powaiense]
  SRR33528972_clean_NODE_28_length_2049_cov_4.688765
      Genus: [Alphahydrivirus] -> [空]
      Species: [Alphahydrivirus permafrostis] -> [空]
  SRR33528972_clean_NODE_33_length_1977_cov_1.539391
      Species: [Theiavirus salishense] -> [Megavirus powaiense]
  SRR33528972_clean_NODE_38_length_1918_cov_1.990244
      Genus: [Alphaorpheovirus] -> [空]
      Species: [Alphaorpheovirus massiliense] -> [Pithovirus LCPAC404]
  SRR33528972_clean_NODE_75_length_1577_cov_3.997340
      Order: [Cryppavirales] -> [Imitervirales]
      Family: [Mitoviridae] -> [空]
      Genus: [Mitovirus] -> [空]
      Species: [Mitovirus sp.] -> [空]
  SRR33528973_clean_NODE_19_length_2182_cov_1.691797
      Species: [Dishui Lake phycodnavirus 3] -> [Tethysvirus raunefjordenense]
  SRR33528973_clean_NODE_49_length_1617_cov_10.947539
      Family: [Hydriviridae] -> [空]
      Genus: [Alphahydrivirus] -> [空]
      Species: [Alphahydrivirus permafrostis] -> [空]
  SRR33528974_clean_NODE_22_length_2279_cov_5.497280
      Species: [Pseudovirus glycinis] -> [Atrato Retro-like virus]
  SRR33536646_clean_NODE_491_length_599_cov_1.530418
      Species: [Megavirus sp.] -> [Hokovirus HKV1*]
  SRR33536646_clean_NODE_66_length_1075_cov_1.396208
      Species: [Lymphocryptovirus humangamma4] -> [Betabaculovirus sp.]
  SRR33536649_clean_NODE_103_length_3682_cov_28.091161
      Species: [Chrysophyceae clade H virus] -> [Tupanvirus altamarinense]
  SRR33536649_clean_NODE_1057_length_2131_cov_5.914480
      Class: [Caudoviricetes] -> [Megaviricetes]
      Genus: [Forzavirus] -> [空]
      Species: [Forzavirus forza] -> [Edafosvirus sp.]
  SRR33536649_clean_NODE_106_length_3673_cov_8.915000
      Phylum: [Nucleocytoviricota] -> [Kitrinoviricota]
      Class: [Megaviricetes] -> [Alsuviricetes]
      Order: [Imitervirales] -> [Martellivirales]
      Family: [Schizomimiviridae] -> [Endornaviridae]
      Genus: [Biavirus] -> [Alphaendornavirus]
      Species: [Biavirus raunefjordenense] -> [Sylvanvirus sp.]
  SRR33536649_clean_NODE_1178_length_2065_cov_14.200301
      Species: [Tokyovirus A1] -> [Marseillevirus senegalense]
  SRR33536649_clean_NODE_1233_length_2032_cov_5.138846
      Order: [Pimascovirales] -> [Herpesvirales]
      Family: [Orpheoviridae] -> [Orthoherpesviridae]
      Genus: [Alphaorpheovirus] -> [空]
      Species: [Alphaorpheovirus massiliense] -> [空]
  SRR33536649_clean_NODE_1256_length_2018_cov_4.757841
      Genus: [Theiavirus] -> [空]
  SRR33536649_clean_NODE_1269_length_2010_cov_9.561177
      Genus: [Biavirus] -> [Prasinovirus]
      Species: [Chrysophyceae clade H virus] -> [Bathycoccus sp. RCC716 virus 2]
  SRR33536649_clean_NODE_1282_length_2003_cov_13.623316
      Genus: [Alphahydrivirus] -> [Klosneuvirus]
      Species: [Cotonvirus japonicum] -> [Klosneuvirus KNV1*]
  SRR33536649_clean_NODE_1290_length_1999_cov_4.776220
      Order: [Imitervirales] -> [空]
      Species: [Biavirus raunefjordenense] -> [Plazymidvirus ZM41]
  SRR33536649_clean_NODE_1296_length_1997_cov_3.831081
      Family: [Hydriviridae] -> [空]
      Genus: [Alphahydrivirus] -> [空]
      Species: [Alphahydrivirus permafrostis] -> [空]
  SRR33536649_clean_NODE_129_length_3517_cov_7.371080
      Genus: [Phaeovirus] -> [Hokovirus]
      Species: [Phaeovirus unasiliculosus] -> [Hokovirus HKV1*]
  SRR33536649_clean_NODE_1307_length_1992_cov_7.099010
      Genus: [Kratosvirus] -> [空]
      Species: [Kratosvirus quantuckense] -> [Terrestrivirus sp.]
  SRR33536649_clean_NODE_13162_length_690_cov_1.427877
      Species: [Lymphocryptovirus humangamma4] -> [Betabaculovirus sp.]
  SRR33536649_clean_NODE_1316_length_1989_cov_4.557933
      Species: [Chrysochromulina ericina virus] -> [Tethysvirus hollandense]
  SRR33536649_clean_NODE_1340_length_1976_cov_5.930636
      Species: [environmental samples] -> [空]
  SRR33536649_clean_NODE_1376_length_1959_cov_8.021739
      Genus: [Hatfieldvirus] -> [空]
  SRR33536649_clean_NODE_13856_length_671_cov_2.434783
      Species: [environmental samples] -> [空]
  SRR33536649_clean_NODE_1419_length_1944_cov_3.443079
      Species: [Betapapillomavirus 1] -> [Moumouvirus australiense]
  SRR33536649_clean_NODE_1422_length_1943_cov_4.473262
      Species: [Pithovirus LCPAC302] -> [Fadolivirus algeromassiliense]
  SRR33536649_clean_NODE_1431_length_1939_cov_3.088424
      Species: [Xylavirus duoentoleucae] -> [Apple virus D]
  SRR33536649_clean_NODE_1469_length_1926_cov_8.164598
      Species: [Alphacedratvirus brasiliense] -> [Cotonvirus japonicum]
  SRR33536649_clean_NODE_1514_length_1909_cov_5.555011
      Genus: [Biavirus] -> [空]
      Species: [Tupanvirus salinum] -> [Guapo partitivirus]
  SRR33536649_clean_NODE_152_length_3413_cov_6.995509
      Class: [Caudoviricetes] -> [Megaviricetes]
      Genus: [Spbetavirus] -> [Criusvirus]
  SRR33536649_clean_NODE_1533_length_1902_cov_17.081465
      Species: [Agnivirus brisbanense] -> [Poseidoniales virus]
  SRR33536649_clean_NODE_1555_length_1892_cov_3.312259
      Family: [Adenoviridae] -> [Mimiviridae]
      Species: [Megaviridae environmental sample*] -> [空]
  SRR33536649_clean_NODE_15702_length_630_cov_1.393178
      Class: [Caudoviricetes] -> [Megaviricetes]
      Genus: [Mieseafarmvirus] -> [Rheavirus]
      Species: [Rheavirus sinusmexicani] -> [Mieseafarmvirus RSL1]
  SRR33536649_clean_NODE_1629_length_1866_cov_22.774122
      Genus: [Immutovirus] -> [空]
      Species: [Immutovirus immuto] -> [Virus NIOZ-UU157]
  SRR33536649_clean_NODE_1684_length_1848_cov_12.431549
      Species: [Agnivirus brisbanense] -> [Poseidoniales virus]
  SRR33536649_clean_NODE_1687_length_1846_cov_11.634518
      Species: [Agnivirus brisbanense] -> [Poseidoniales virus]
  SRR33536649_clean_NODE_1706_length_1838_cov_7.116147
      Genus: [Fadolivirus] -> [Klosneuvirus]
      Species: [Fadolivirus algeromassiliense] -> [Klosneuvirus KNV1*]
  SRR33536649_clean_NODE_173_length_3354_cov_5.380677
      Genus: [Parapoxvirus] -> [Megavirus]
  SRR33536649_clean_NODE_1740_length_1825_cov_3.795662
      Species: [Chlorella virus XW01] -> [Beejeyvirus bagaejinnorense]
  SRR33536649_clean_NODE_1770_length_1815_cov_9.346154
      Genus: [Prasinovirus] -> [空]
      Species: [Prasinovirus ostreotauri] -> [Mimiviridae sp. ChoanoV1]
  SRR33536649_clean_NODE_1856_length_1787_cov_3.418903
      Family: [Adenoviridae] -> [Mimiviridae]
      Species: [environmental samples] -> [空]
  SRR33536649_clean_NODE_1933_length_1752_cov_24.354378
      Genus: [Metavirus] -> [空]
      Species: [Metavirus tatarabidopsis] -> [空]
  SRR33536649_clean_NODE_20100_length_554_cov_1.617464
      Order: [Herpesvirales] -> [空]
  SRR33536649_clean_NODE_2035_length_1718_cov_2.755015
      Species: [Chrysophyceae clade H virus] -> [Tupanvirus salinum]
  SRR33536649_clean_NODE_2077_length_1704_cov_9.100552
      Species: [Tupanvirus altamarinense] -> [Tupanvirus salinum]
  SRR33536649_clean_NODE_2085_length_1700_cov_2.561770
      Genus: [Minunavirus] -> [空]
  SRR33536649_clean_NODE_2097_length_1695_cov_4.158446
      Order: [Herpesvirales] -> [Pimascovirales]
      Family: [Orthoherpesviridae] -> [空]
  SRR33536649_clean_NODE_20_length_5038_cov_8.722054
      Genus: [Fadolivirus] -> [Klosneuvirus]
      Species: [Fadolivirus algeromassiliense] -> [Klosneuvirus KNV1*]
  SRR33536649_clean_NODE_2102_length_1693_cov_11.217284
      Species: [Theiavirus salishense] -> [Terrestrivirus sp.]
  SRR33536649_clean_NODE_2124_length_1685_cov_6.410050
      Species: [Fadolivirus algeromassiliense] -> [Rheavirus sinusmexicani]
  SRR33536649_clean_NODE_2135_length_1683_cov_1.996273
      Species: [Losannavirus tunisense] -> [Marseillevirus LCMAC102]
  SRR33536649_clean_NODE_2144_length_1679_cov_3.463263
      Species: [Gammaretrovirus felleu] -> [Alpharetrovirus aviY73sar]
  SRR33536649_clean_NODE_2154_length_1674_cov_5.003748
      Genus: [Alphahydrivirus] -> [Alpharetrovirus]
      Species: [Alphahydrivirus permafrostis] -> [Avian sarcoma virus 16]
  SRR33536649_clean_NODE_2155_length_1674_cov_3.803248
      Species: [clidnopec virus 32] -> [Moumouvirus moumou]
  SRR33536649_clean_NODE_21_length_5013_cov_8.492105
      Family: [Pithoviridae] -> [Orthoherpesviridae]
      Genus: [Kaumoebavirus] -> [空]
  SRR33536649_clean_NODE_2211_length_1657_cov_5.983586
      Genus: [Ichnoviriform] -> [空]
  SRR33536649_clean_NODE_2218_length_1656_cov_3.716361
      Genus: [Coccolithovirus] -> [Prasinovirus]
      Species: [Coccolithovirus huxleyi] -> [空]
  SRR33536649_clean_NODE_2222_length_1655_cov_5.075221
      Species: [Alphaorpheovirus massiliense] -> [Sylvanvirus sp.]
  SRR33536649_clean_NODE_2228_length_1653_cov_43.568987
      Kingdom: [Bamfordvirae] -> [Heunggongvirae]
  SRR33536649_clean_NODE_225_length_3164_cov_4.005823
      Genus: [Alphahydrivirus] -> [Gammaretrovirus]
  SRR33536649_clean_NODE_2274_length_1643_cov_4.510191
      Species: [Klosneuvirus KNV1] -> [Biavirus raunefjordenense]
  SRR33536649_clean_NODE_2278_length_1639_cov_9.860792
      Species: [Hokovirus HKV1] -> [Chlorovirus americanus]
  SRR33536649_clean_NODE_227_length_3153_cov_9.369481
      Order: [Ortervirales] -> [Pantevenvirales]
      Family: [Retroviridae] -> [Straboviridae]
      Genus: [Lentivirus] -> [Pseudotevenvirus]
      Species: [Lentivirus humimdef1] -> [空]
  SRR33536649_clean_NODE_229_length_3147_cov_4.530904
      Species: [Biavirus raunefjordenense] -> [Epsilonentomopoxvirus dlongicaudata]
  SRR33536649_clean_NODE_2323_length_1627_cov_8.371300
      Genus: [Fadolivirus] -> [Catovirus]
      Species: [Fadolivirus algeromassiliense] -> [Catovirus CTV1]
  SRR33536649_clean_NODE_2370_length_1614_cov_4.121350
      Class: [Caudoviricetes] -> [Megaviricetes]
      Genus: [Polybotosvirus] -> [Heliosvirus]
  SRR33536649_clean_NODE_23770_length_507_cov_2.161290
      Species: [Foveavirus unasiaticum] -> [Apple virus D]
  SRR33536649_clean_NODE_2410_length_1605_cov_2.904700
      Family: [Ascoviridae] -> [Mimiviridae]
      Genus: [Toursvirus] -> [Tupanvirus]
      Species: [Toursvirus dptv1a] -> [空]
  SRR33536649_clean_NODE_2424_length_1599_cov_7.781127
      Genus: [Phikzvirus] -> [Pawinskivirus]
  SRR33536649_clean_NODE_242_length_3111_cov_15.259052
      Species: [environmental samples] -> [空]
  SRR33536649_clean_NODE_2430_length_1598_cov_7.122623
      Species: [Tupanvirus salinum] -> [Fadolivirus algeromassiliense]
  SRR33536649_clean_NODE_2485_length_1585_cov_10.248677
      Genus: [Fadolivirus] -> [空]
  SRR33536649_clean_NODE_2492_length_1584_cov_2.322965
      Genus: [Megalocytivirus] -> [空]
  SRR33536649_clean_NODE_2507_length_1579_cov_2.811421
      Genus: [Kratosvirus] -> [Theiavirus]
      Species: [Theiavirus salishense] -> [Hyperionvirus sp.]
  SRR33536649_clean_NODE_2508_length_1579_cov_2.693891
      Genus: [Megavirus] -> [空]
      Species: [Chrysophyceae clade H virus] -> [Dali Nairo tick virus 1]
  SRR33536649_clean_NODE_2590_length_1557_cov_6.189353
      Genus: [Alphahydrivirus] -> [Tupanvirus]
      Species: [Alphahydrivirus permafrostis] -> [空]
  SRR33536649_clean_NODE_2670_length_1538_cov_9.923549
      Species: [Theiavirus salishense] -> [Tupanvirus salinum]
  SRR33536649_clean_NODE_267_length_3030_cov_6.222185
      Species: [Catovirus klosterense] -> [Chlorovirus conductrix]
  SRR33536649_clean_NODE_270_length_3022_cov_6.312309
      Species: [Theiavirus salishense] -> [Salmonpoxvirus gillpox]
  SRR33536649_clean_NODE_272_length_3021_cov_4.687924
      Genus: [Grisebachstrassevirus] -> [Salmovirus]
  SRR33536649_clean_NODE_279_length_2999_cov_4.034518
      Genus: [Fadolivirus] -> [Chlorovirus]
      Species: [Fadolivirus algeromassiliense] -> [空]
  SRR33536649_clean_NODE_280_length_2996_cov_35.768047
      Species: [environmental samples] -> [空]
  SRR33536649_clean_NODE_2843_length_1502_cov_1.986004
      Genus: [Questintvirus] -> [空]
      Species: [Questintvirus Q54] -> [Harvfovirus sp.]
  SRR33536649_clean_NODE_288_length_2977_cov_9.106405
      Order: [Grandevirales] -> [Pimascovirales]
      Genus: [Vetruanivirus] -> [空]
      Species: [Vetruanivirus porcinsecundi] -> [空]
  SRR33536649_clean_NODE_299_length_2956_cov_3.570933
      Species: [Klosneuvirus KNV1] -> [Fadolivirus algeromassiliense]
  SRR33536649_clean_NODE_3054_length_1455_cov_3.518090
      Order: [Imitervirales] -> [Pimascovirales]
      Genus: [Megavirus] -> [Alphaorpheovirus]
      Species: [Megavirus chilense] -> [Alphaorpheovirus massiliense*]
  SRR33536649_clean_NODE_3153_length_1435_cov_4.151248
      Family: [Orpheoviridae] -> [Mimiviridae]
      Genus: [Alphaorpheovirus] -> [Klosneuvirus]
      Species: [Alphaorpheovirus massiliense] -> [Klosneuvirus KNV1]
  SRR33536649_clean_NODE_3168_length_1432_cov_7.144224
      Class: [Caudoviricetes] -> [Naldaviricetes]
  SRR33536649_clean_NODE_3209_length_1424_cov_3.334567
      Family: [Poxviridae] -> [Mimiviridae]
      Genus: [Epsilonentomopoxvirus] -> [空]
      Species: [Epsilonentomopoxvirus dlongicaudata] -> [空]
  SRR33536649_clean_NODE_325_length_2898_cov_4.491681
      Species: [Avipoxvirus canarypox] -> [Mudlarkpox virus]
  SRR33536649_clean_NODE_32_length_4484_cov_12.048742
      Family: [Orpheoviridae] -> [Schizomimiviridae]
      Genus: [Alphaorpheovirus] -> [空]
      Species: [Alphaorpheovirus massiliense] -> [Mimiviridae sp. ChoanoV1]
  SRR33536649_clean_NODE_330_length_2881_cov_69.359687
      Class: [Caudoviricetes] -> [Megaviricetes]
      Species: [Metapenaeus ensis majanivirus] -> [Megavirus powaiense]
  SRR33536649_clean_NODE_3334_length_1405_cov_2.024775
      Species: [Vitivirus jeivitis] -> [Apple virus D]
  SRR33536649_clean_NODE_3340_length_1404_cov_3.342600
      Genus: [Alphaorpheovirus] -> [Gammaretrovirus]
  SRR33536649_clean_NODE_3341_length_1404_cov_3.270473
      Genus: [Megavirus] -> [Tupanvirus]
  SRR33536649_clean_NODE_334_length_2873_cov_8.870357
      Genus: [Alphabaculovirus] -> [Gammaretrovirus]
  SRR33536649_clean_NODE_3355_length_1402_cov_6.519940
      Genus: [Alphahydrivirus] -> [空]
      Species: [Biavirus raunefjordenense] -> [空]
  SRR33536649_clean_NODE_338_length_2866_cov_7.474758
      Phylum: [Uroviricota] -> [Nucleocytoviricota]
      Class: [Caudoviricetes] -> [Megaviricetes]
      Order: [Imitervirales] -> [Rowavirales]
      Species: [environmental samples] -> [空]
  SRR33536649_clean_NODE_339_length_2865_cov_6.435530
      Family: [Hydriviridae] -> [Mimiviridae]
      Genus: [Alphahydrivirus] -> [空]
      Species: [Alphahydrivirus permafrostis] -> [空]
  SRR33536649_clean_NODE_342_length_2860_cov_42.786150
      Genus: [Alphahydrivirus] -> [空]
      Species: [Alphahydrivirus permafrostis] -> [Naiavirus sp.]
  SRR33536649_clean_NODE_34_length_4360_cov_93.930721
      Species: [Chrysophyceae clade H virus] -> [Tupanvirus altamarinense]
  SRR33536649_clean_NODE_353_length_2836_cov_2.996019
      Genus: [Eurybiavirus] -> [空]
      Species: [Eurybiavirus MED4213] -> [空]
  SRR33536649_clean_NODE_354_length_2834_cov_11.786671
      Species: [Orthopoxvirus cowpox] -> [Orthopoxvirus akhmetapox]
  SRR33536649_clean_NODE_359_length_2815_cov_13.993800
      Species: [Alphacedratvirus brasiliense] -> [Alphaorpheovirus massiliense]
  SRR33536649_clean_NODE_3639_length_1352_cov_3.762314
      Species: [Xylavirus duoentoleucae] -> [Apple virus D]
  SRR33536649_clean_NODE_3790_length_1325_cov_3.408946
      Genus: [Clandestinovirus] -> [空]
      Species: [Furtivovirus sp. B10] -> [Clandestinovirus]
  SRR33536649_clean_NODE_397_length_2762_cov_10.582001
      Genus: [Chlorovirus] -> [Megavirus]
      Species: [Chlorovirus americanus] -> [Megavirus sp.]
  SRR33536649_clean_NODE_3992_length_1294_cov_6.651925
      Genus: [Phikzvirus] -> [Pawinskivirus]
  SRR33536649_clean_NODE_4056_length_1285_cov_4.457921
      Genus: [Metavirus] -> [Orthohepacivirus]
  SRR33536649_clean_NODE_40_length_4241_cov_6.724088
      Species: [Hemipteran rhabdo-related virus OKIAV26] -> [Theiavirus salishense]
  SRR33536649_clean_NODE_427_length_2705_cov_13.774696
      Genus: [Biavirus] -> [Kratosvirus]
      Species: [Biavirus raunefjordenense] -> [Kratosvirus quantuckense]
  SRR33536649_clean_NODE_433_length_2699_cov_7.497715
      Species: [Cotonvirus japonicum] -> [Sylvanvirus sp.]
  SRR33536649_clean_NODE_440_length_2686_cov_28.540758
      Genus: [Biavirus] -> [空]
  SRR33536649_clean_NODE_499_length_2595_cov_13.934179
      Genus: [Alphacedratvirus] -> [Cotonvirus]
      Species: [Alphacedratvirus francolausannense] -> [Cotonvirus japonicum]
  SRR33536649_clean_NODE_518_length_2572_cov_3.289316
      Species: [Emiliania huxleyi virus M1] -> [Kratosvirus quantuckense]
  SRR33536649_clean_NODE_541_length_2547_cov_6.001617
      Genus: [Chlorovirus] -> [Megavirus]
      Species: [Chlorovirus americanus] -> [Megavirus sp.]
  SRR33536649_clean_NODE_560_length_2531_cov_19.440195
      Genus: [Gammanudivirus] -> [空]
      Species: [Gammanudivirus hogammari] -> [空]
  SRR33536649_clean_NODE_566_length_2523_cov_5.116735
      Genus: [Megavirus] -> [空]
      Species: [Megavirus baoshanense] -> [Otarine gammaherpesvirus 4]
  SRR33536649_clean_NODE_578_length_2512_cov_9.186552
      Order: [Pimascovirales] -> [Ortervirales]
      Genus: [Alphacedratvirus] -> [空]
      Species: [Alphacedratvirus brasiliense] -> [空]
  SRR33536649_clean_NODE_5862_length_1068_cov_4.442211
      Family: [Adenoviridae] -> [Mimiviridae]
      Species: [Megaviridae environmental sample*] -> [空]
  SRR33536649_clean_NODE_592_length_2496_cov_24.984730
      Genus: [Alphahydrivirus] -> [Fadolivirus]
  SRR33536649_clean_NODE_618_length_2473_cov_9.426250
      Genus: [Potyvirus] -> [空]
  SRR33536649_clean_NODE_6247_length_1032_cov_1.948905
      Class: [Revtraviricetes] -> [Pokkesviricetes]
      Order: [Ortervirales] -> [Chitovirales]
      Family: [Retroviridae] -> [Poxviridae]
      Genus: [Lentivirus] -> [Orthopoxvirus]
      Species: [Lentivirus humimdef1] -> [Orthopoxvirus raccoonpox]
  SRR33536649_clean_NODE_62_length_3991_cov_5.465799
      Class: [Megaviricetes] -> [Pharingeaviricetes]
      Genus: [Biavirus] -> [空]
      Species: [Biavirus raunefjordenense] -> [空]
  SRR33536649_clean_NODE_633_length_2464_cov_4.072355
      Species: [Tupanvirus salinum] -> [Tupanvirus altamarinense]
  SRR33536649_clean_NODE_642_length_2453_cov_5.268487
      Species: [Phaeovirus unasiliculosus] -> [Biavirus raunefjordenense]
  SRR33536649_clean_NODE_651_length_2444_cov_9.663011
      Species: [Catovirus klosterense] -> [Cotonvirus japonicum]
  SRR33536649_clean_NODE_653_length_2441_cov_4.489865
      Class: [Caudoviricetes] -> [Pokkesviricetes]
      Species: [Cetovirus ceto] -> [Virus NIOZ-UU159]
  SRR33536649_clean_NODE_6572_length_1004_cov_4.348013
      Genus: [Alphacedratvirus] -> [空]
      Species: [Alphacedratvirus brasiliense] -> [空]
  SRR33536649_clean_NODE_677_length_2413_cov_14.085897
      Species: [Megalocytivirus lates1] -> [Lymphocystivirus sparus1]
  SRR33536649_clean_NODE_71_length_3908_cov_3.076402
      Class: [Caudoviricetes] -> [Pisoniviricetes]
  SRR33536649_clean_NODE_7202_length_957_cov_4.382353
      Class: [Caudoviricetes] -> [Duplopiviricetes]
  SRR33536649_clean_NODE_7773_length_918_cov_2.059172
      Phylum: [Lenarviricota] -> [Pisuviricota]
      Class: [Howeltoviricetes] -> [Duplopiviricetes]
      Order: [Cryppavirales] -> [Durnavirales]
      Family: [Mitoviridae] -> [Picobirnaviridae]
      Species: [Chronaparn virus] -> [Qianjiang picobirna-like virus 2]
  SRR33536649_clean_NODE_8075_length_899_cov_1.438257
      Species: [Scaphytopius beny-like virus] -> [Benyvirus arctii]
  SRR33536649_clean_NODE_820_length_2282_cov_4.112268
      Species: [Cotonvirus japonicum] -> [Fadolivirus algeromassiliense]
  SRR33536649_clean_NODE_822_length_2280_cov_7.606253
      Species: [Polar freshwater circular DNA virus] -> [Catovirus CTV1]
  SRR33536649_clean_NODE_824_length_2278_cov_10.892063
      Genus: [Hatfieldvirus] -> [空]
      Species: [Coltivirus dermacentoris] -> [空]
  SRR33536649_clean_NODE_844_length_2263_cov_6.595890
      Family: [Adenoviridae] -> [Mesomimiviridae]
  SRR33536649_clean_NODE_866_length_2247_cov_5.725851
      Order: [Imitervirales] -> [空]
  SRR33536649_clean_NODE_8735_length_862_cov_1.641318
      Family: [Partitiviridae] -> [Mimiviridae]
  SRR33536649_clean_NODE_888_length_2234_cov_9.739935
      Species: [Dishui Lake phycodnavirus 3] -> [Tethysvirus raunefjordenense]
  SRR33536649_clean_NODE_89_length_3764_cov_6.276077
      Species: [Chrysophyceae clade H virus] -> [Tupanvirus altamarinense]
  SRR33536649_clean_NODE_8_length_5468_cov_12.454495
      Genus: [Biavirus] -> [空]
      Species: [Lasius neglectus picorna-like virus 10] -> [空]
  SRR33536649_clean_NODE_905_length_2225_cov_3.200743
      Species: [Mimivirus bradfordmassiliense] -> [Terrestrivirus sp.]
  SRR33536649_clean_NODE_913_length_2219_cov_4.934296
      Genus: [Mimivirus] -> [Gammaretrovirus]
  SRR33536649_clean_NODE_917_length_2214_cov_15.961700
      Species: [Biavirus raunefjordenense] -> [Tethysvirus ontarioense]
  SRR33536649_clean_NODE_920_length_2213_cov_5.577570
      Class: [Caudoviricetes] -> [Megaviricetes]
      Genus: [Spinunavirus] -> [Fadolivirus]
      Species: [Fadolivirus algeromassiliense] -> [Spinunavirus IPP61]
  SRR33536649_clean_NODE_941_length_2200_cov_6.649271
      Genus: [Chlorovirus] -> [空]
      Species: [Chlorovirus vanettense] -> [空]
  SRR33536649_clean_NODE_955_length_2192_cov_5.609250
      Genus: [Alphabaculovirus] -> [Gammaretrovirus]
  SRR33536649_clean_NODE_9771_length_809_cov_6.543478
      Order: [Imitervirales] -> [Pantevenvirales]
      Family: [Mimiviridae] -> [Kyanoviridae]
      Species: [Chlorarachniophyte virus 3] -> [Salacisavirus pssm2]
  SRR33536649_clean_NODE_99_length_3716_cov_11.698875
      Order: [Imitervirales] -> [Algavirales]
  SRR33536650_clean_NODE_1003_length_2209_cov_7.209270
      Family: [Adenoviridae] -> [Mesomimiviridae]
  SRR33536650_clean_NODE_101_length_3799_cov_7.877885
      Species: [environmental samples] -> [空]
  SRR33536650_clean_NODE_1020_length_2200_cov_3.413258
      Order: [Pimascovirales] -> [Herpesvirales]
      Family: [Orpheoviridae] -> [Orthoherpesviridae]
      Genus: [Alphaorpheovirus] -> [空]
      Species: [Alphaorpheovirus massiliense] -> [空]
  SRR33536650_clean_NODE_102_length_3796_cov_20.847972
      Genus: [Kaumoebavirus] -> [空]
  SRR33536650_clean_NODE_1030_length_2192_cov_6.549788
      Species: [Tupanvirus altamarinense] -> [Hyperionvirus sp.]
  SRR33536650_clean_NODE_10318_length_793_cov_0.833333
      Genus: [Clandestinovirus] -> [空]
      Species: [Furtivovirus sp. B10] -> [Clandestinovirus]
  SRR33536650_clean_NODE_1069_length_2170_cov_9.454936
      Genus: [Tethysvirus] -> [Prasinovirus]
  SRR33536650_clean_NODE_1071_length_2170_cov_3.826896
      Species: [Lentivirus humimdef1] -> [Tupanvirus altamarinense]
  SRR33536650_clean_NODE_108_length_3757_cov_4.712812
      Class: [Caudoviricetes] -> [Megaviricetes]
      Genus: [Fowlmouthvirus] -> [Chlorovirus]
      Species: [Fowlmouthvirus fowlmouth] -> [空]
  SRR33536650_clean_NODE_109_length_3755_cov_6.852526
      Species: [Lentivirus humimdef1] -> [Alphacedratvirus rossiense]
  SRR33536650_clean_NODE_1102_length_2147_cov_5.588235
      Order: [Herpesvirales] -> [空]
      Genus: [Aurivirus] -> [空]
  SRR33536650_clean_NODE_1105_length_2147_cov_3.791707
      Family: [Orpheoviridae] -> [Mimiviridae]
      Genus: [Alphaorpheovirus] -> [空]
      Species: [Alphaorpheovirus massiliense] -> [空]
  SRR33536650_clean_NODE_1107_length_2147_cov_2.693346
      Family: [Kanorauviridae] -> [空]
      Genus: [Shabtayvirus] -> [空]
      Species: [Shabtayvirus lawatis] -> [Tolivirales sp.]
  SRR33536650_clean_NODE_110_length_3740_cov_7.701936
      Genus: [Alphahydrivirus] -> [空]
      Species: [Alphahydrivirus permafrostis] -> [Naiavirus sp.]
  SRR33536650_clean_NODE_1121_length_2137_cov_25.580426
      Genus: [Biavirus] -> [Prasinovirus]
      Species: [Biavirus raunefjordenense] -> [Yellowstone lake phycodnavirus 2]
  SRR33536650_clean_NODE_1150_length_2119_cov_6.389541
      Species: [Kobuvirus dekago] -> [Cotonvirus japonicum]
  SRR33536650_clean_NODE_1151_length_2119_cov_4.345064
      Genus: [Fadolivirus] -> [Klosneuvirus]
      Species: [Fadolivirus algeromassiliense] -> [Klosneuvirus KNV1*]
  SRR33536650_clean_NODE_11558_length_744_cov_1.321908
      Species: [Pithovirus LCPAC403] -> [Pithovirus LCPAC406]
  SRR33536650_clean_NODE_1157_length_2115_cov_4.630754
      Species: [Agnivirus brisbanense] -> [Poseidoniales virus]
  SRR33536650_clean_NODE_11689_length_739_cov_1.438438
      Species: [Mamastrovirus pusilli] -> [Sopivec virus]
  SRR33536650_clean_NODE_1183_length_2104_cov_41.153619
      Species: [Chrysophyceae clade H virus] -> [Fadolivirus algeromassiliense]
  SRR33536650_clean_NODE_1191_length_2097_cov_6.325593
      Family: [Asfarviridae] -> [Lakviridae]
      Genus: [Asfivirus] -> [Hatfieldvirus]
      Species: [Asfivirus haemorrhagiae] -> [Hatfieldvirus porci]
  SRR33536650_clean_NODE_1216_length_2085_cov_10.544732
      Species: [Chrysophyceae clade H virus] -> [Biavirus raunefjordenense]
  SRR33536650_clean_NODE_1249_length_2067_cov_4.210632
      Species: [Tupanvirus altamarinense] -> [Fadolivirus algeromassiliense]
  SRR33536650_clean_NODE_1254_length_2064_cov_3.864892
      Class: [Caudoviricetes] -> [Megaviricetes]
      Genus: [Spinunavirus] -> [空]
  SRR33536650_clean_NODE_1256_length_2063_cov_3.790452
      Species: [Alphanudivirus alterdromelanogasteris] -> [Alphaorpheovirus massiliense]
  SRR33536650_clean_NODE_126_length_3637_cov_4.544052
      Genus: [Chlorovirus] -> [空]
      Species: [Chlorovirus vanettense] -> [Homavirus sp.]
  SRR33536650_clean_NODE_1292_length_2042_cov_31.985780
      Family: [Mimiviridae] -> [Phycodnaviridae]
      Genus: [Theiavirus] -> [Prasinovirus]
  SRR33536650_clean_NODE_1310_length_2032_cov_6.007147
      Genus: [Biavirus] -> [Prasinovirus]
  SRR33536650_clean_NODE_13261_length_689_cov_15.121753
      Genus: [Pandoravirus] -> [Chlorovirus]
  SRR33536650_clean_NODE_1341_length_2015_cov_8.105561
      Genus: [Minunavirus] -> [空]
  SRR33536650_clean_NODE_1342_length_2015_cov_7.339341
      Species: [Chrysophyceae clade H virus] -> [Tupanvirus altamarinense]
  SRR33536650_clean_NODE_1388_length_1991_cov_10.661627
      Genus: [Salmonpoxvirus] -> [Gammaretrovirus]
  SRR33536650_clean_NODE_139_length_3564_cov_4.329132
      Genus: [Alphahydrivirus] -> [空]
      Species: [Pithovirus LCPAC104] -> [空]
  SRR33536650_clean_NODE_14501_length_656_cov_1.718696
      Phylum: [Pisuviricota] -> [Lenarviricota]
      Species: [Qianjiang picobirna-like virus 2] -> [Ripabiq virus]
  SRR33536650_clean_NODE_1498_length_1947_cov_3.371398
      Species: [Imitervirales sp.] -> [Mimiviridae sp. ChoanoV1*]
  SRR33536650_clean_NODE_1499_length_1946_cov_8.203417
      Class: [Megaviricetes] -> [Revtraviricetes]
      Genus: [Chlorovirus] -> [Gammaretrovirus]
  SRR33536650_clean_NODE_1508_length_1942_cov_3.359551
      Species: [environmental samples] -> [空]
  SRR33536650_clean_NODE_152_length_3512_cov_8.613550
      Genus: [Fadolivirus] -> [Klosneuvirus]
      Species: [Fadolivirus algeromassiliense] -> [Klosneuvirus KNV1*]
  SRR33536650_clean_NODE_1536_length_1930_cov_5.297254
      Genus: [Sirevirus] -> [空]
      Species: [Sirevirus lycopersici] -> [空]
  SRR33536650_clean_NODE_1555_length_1921_cov_3.761905
      Species: [Klosneuvirus KNV1] -> [Biavirus raunefjordenense]
  SRR33536650_clean_NODE_1582_length_1908_cov_10.647956
      Species: [Pandoravirus quercus] -> [Epsilonentomopoxvirus dlongicaudata]
  SRR33536650_clean_NODE_1587_length_1906_cov_4.603928
      Genus: [Alphaorpheovirus] -> [空]
      Species: [Alphaorpheovirus massiliense] -> [Pentanymphon antarcticum iridovirus]
  SRR33536650_clean_NODE_1596_length_1904_cov_4.083015
      Genus: [Alphahydrivirus] -> [Salmovirus]
  SRR33536650_clean_NODE_1610_length_1899_cov_2.018620
      Class: [Caudoviricetes] -> [Megaviricetes]
      Genus: [Polybotosvirus] -> [Heliosvirus]
  SRR33536650_clean_NODE_1624_length_1893_cov_4.815385
      Class: [Caudoviricetes] -> [Megaviricetes]
      Genus: [Barnstormervirus] -> [空]
      Species: [Barnstormervirus caron] -> [Edafosvirus sp.]
  SRR33536650_clean_NODE_165_length_3429_cov_4.068832
      Species: [Moumouvirus lavasanguinense] -> [Fadolivirus algeromassiliense]
  SRR33536650_clean_NODE_168_length_3408_cov_16.557121
      Species: [Rheavirus sinusmexicani] -> [Fadolivirus algeromassiliense]
  SRR33536650_clean_NODE_1699_length_1864_cov_7.047460
      Genus: [Biavirus] -> [空]
      Species: [Biavirus raunefjordenense] -> [Edafosvirus sp.]
  SRR33536650_clean_NODE_1702_length_1863_cov_6.627374
      Genus: [Wroclawvirus] -> [空]
  SRR33536650_clean_NODE_1728_length_1853_cov_6.459551
      Family: [Hydriviridae] -> [Mimiviridae]
      Genus: [Alphahydrivirus] -> [空]
      Species: [Alphahydrivirus permafrostis] -> [空]
  SRR33536650_clean_NODE_1801_length_1826_cov_6.858528
      Species: [Megavirus chilense] -> [Pandoravirus quercus]
  SRR33536650_clean_NODE_1815_length_1822_cov_4.273299
      Genus: [Alphahydrivirus] -> [空]
      Species: [Alphahydrivirus permafrostis] -> [空]
  SRR33536650_clean_NODE_1851_length_1810_cov_2.885435
      Genus: [Alphaorpheovirus] -> [空]
      Species: [Alphaorpheovirus massiliense] -> [Pithovirus LCPAC202]
  SRR33536650_clean_NODE_1863_length_1806_cov_4.256780
      Family: [Adenoviridae] -> [Mimiviridae]
      Species: [Megaviridae environmental sample*] -> [空]
  SRR33536650_clean_NODE_1894_length_1793_cov_2.720930
      Class: [Caudoviricetes] -> [Megaviricetes]
      Genus: [Hatfieldvirus] -> [Theiavirus]
      Species: [Hatfieldvirus porci] -> [Theiavirus salishense*]
  SRR33536650_clean_NODE_19599_length_556_cov_1.010352
      Genus: [Alphahydrivirus] -> [空]
      Species: [Biavirus raunefjordenense] -> [空]
  SRR33536650_clean_NODE_199_length_3278_cov_4.405616
      Species: [Fadolivirus algeromassiliense] -> [Tupanvirus salinum]
  SRR33536650_clean_NODE_2048_length_1739_cov_3.695078
      Class: [Caudoviricetes] -> [Megaviricetes]
  SRR33536650_clean_NODE_20503_length_543_cov_1.361702
      Genus: [Senquatrovirus] -> [空]
  SRR33536650_clean_NODE_2093_length_1725_cov_5.421308
      Family: [Hydriviridae] -> [空]
      Genus: [Alphahydrivirus] -> [空]
      Species: [Alphahydrivirus permafrostis] -> [空]
  SRR33536650_clean_NODE_21070_length_535_cov_1.893939
      Species: [Hubei Beny-like virus 1] -> [Benyvirus solibetae]
  SRR33536650_clean_NODE_211_length_3237_cov_7.875790
      Species: [Chrysophyceae clade H virus] -> [Tupanvirus salinum]
  SRR33536650_clean_NODE_21310_length_532_cov_1.387800
      Species: [Klosneuvirus KNV1] -> [Gammaretrovirus Hamursar]
  SRR33536650_clean_NODE_2167_length_1702_cov_2.409454
      Family: [Hydriviridae] -> [空]
      Genus: [Alphahydrivirus] -> [空]
      Species: [Alphahydrivirus permafrostis] -> [空]
  SRR33536650_clean_NODE_21742_length_526_cov_1.962472
      Species: [Ripokey virus] -> [Mamastrovirus suisorientalis]
  SRR33536650_clean_NODE_218_length_3224_cov_5.417645
      Species: [Alphabaculovirus pastagnalis] -> [Alphabaculovirus anpernyi]
  SRR33536650_clean_NODE_221_length_3221_cov_29.576874
      Species: [Biavirus raunefjordenense] -> [Tethysvirus ontarioense]
  SRR33536650_clean_NODE_22239_length_519_cov_2.567265
      Order: [Imitervirales] -> [Rowavirales]
      Genus: [Biavirus] -> [空]
      Species: [Biavirus raunefjordenense] -> [空]
  SRR33536650_clean_NODE_2260_length_1676_cov_10.408609
      Genus: [Catovirus] -> [Criusvirus]
  SRR33536650_clean_NODE_233_length_3178_cov_19.682126
      Genus: [Chlorovirus] -> [空]
      Species: [Chlorovirus conductrix] -> [Terrestrivirus sp.]
  SRR33536650_clean_NODE_2373_length_1642_cov_8.496495
      Family: [Hydriviridae] -> [空]
      Genus: [Alphahydrivirus] -> [空]
      Species: [Alphahydrivirus permafrostis] -> [空]
  SRR33536650_clean_NODE_23804_length_501_cov_1.962617
      Genus: [Biavirus] -> [空]
      Species: [Biavirus raunefjordenense] -> [Marseillevirus LCMAC201]
  SRR33536650_clean_NODE_2412_length_1632_cov_9.140475
      Family: [Adenoviridae] -> [Mimiviridae]
      Species: [Megaviridae environmental sample*] -> [空]
  SRR33536650_clean_NODE_244_length_3159_cov_4.358717
      Genus: [Alphaorpheovirus] -> [空]
      Species: [Alphaorpheovirus massiliense] -> [空]
  SRR33536650_clean_NODE_246_length_3156_cov_2.788193
      Genus: [Vetruanivirus] -> [空]
      Species: [Vetruanivirus porcinprimi] -> [空]
  SRR33536650_clean_NODE_248_length_3155_cov_4.688189
      Genus: [Biavirus] -> [空]
      Species: [Biavirus raunefjordenense] -> [Homavirus sp.]
  SRR33536650_clean_NODE_254_length_3136_cov_4.323213
      Genus: [Avipoxvirus] -> [空]
      Species: [Avipoxvirus turkeypox] -> [Hyperionvirus sp.]
  SRR33536650_clean_NODE_2560_length_1587_cov_6.326948
      Family: [Hydriviridae] -> [空]
      Genus: [Alphahydrivirus] -> [空]
      Species: [Alphahydrivirus permafrostis] -> [空]
  SRR33536650_clean_NODE_256_length_3131_cov_11.801504
      Genus: [Biavirus] -> [Fadolivirus]
      Species: [Fadolivirus algeromassiliense] -> [空]
  SRR33536650_clean_NODE_2577_length_1582_cov_5.184228
      Genus: [Tethysvirus] -> [Klosneuvirus]
  SRR33536650_clean_NODE_2589_length_1578_cov_4.178073
      Family: [Mesomimiviridae] -> [Phycodnaviridae]
      Genus: [Tethysvirus] -> [空]
      Species: [Tethysvirus hollandense] -> [空]
  SRR33536650_clean_NODE_259_length_3124_cov_5.140282
      Family: [Pithoviridae] -> [Alloherpesviridae]
  SRR33536650_clean_NODE_2623_length_1569_cov_3.382353
      Species: [Micromonas commoda virus] -> [Biavirus raunefjordenense]
  SRR33536650_clean_NODE_2672_length_1558_cov_3.332660
      Class: [Caudoviricetes] -> [Megaviricetes]
  SRR33536650_clean_NODE_2705_length_1551_cov_2.926252
      Genus: [Chlorovirus] -> [空]
      Species: [Chlorovirus conductrix] -> [空]
  SRR33536650_clean_NODE_2720_length_1546_cov_11.840462
      Genus: [Makelovirus] -> [空]
      Species: [Makelovirus prm1] -> [Micromonas commoda virus]
  SRR33536650_clean_NODE_2914_length_1501_cov_3.207983
      Family: [Mimiviridae] -> [Phycodnaviridae]
      Genus: [Theiavirus] -> [Prasinovirus]
  SRR33536650_clean_NODE_2956_length_1490_cov_6.321101
      Species: [Tupanvirus altamarinense] -> [Tupanvirus salinum]
  SRR33536650_clean_NODE_296_length_3020_cov_2.824228
      Species: [Marseillevirus LCMAC202] -> [Alphahydrivirus permafrostis]
  SRR33536650_clean_NODE_3026_length_1476_cov_5.138988
      Genus: [Biavirus] -> [空]
      Species: [Biavirus raunefjordenense] -> [Berere partitivirus]
  SRR33536650_clean_NODE_3087_length_1466_cov_7.872218
      Family: [Hydriviridae] -> [空]
      Genus: [Alphahydrivirus] -> [空]
      Species: [Alphahydrivirus permafrostis] -> [空]
  SRR33536650_clean_NODE_3347_length_1418_cov_3.513755
      Genus: [Alphahydrivirus] -> [Gammaretrovirus]
  SRR33536650_clean_NODE_3373_length_1414_cov_2.942580
      Genus: [Metavirus] -> [Criusvirus]
  SRR33536650_clean_NODE_3522_length_1387_cov_1.601218
      Kingdom: [Shotokuvirae] -> [Orthornavirae]
      Class: [Cardeaviricetes] -> [Tolucaviricetes]
      Order: [Sanitavirales] -> [Tolivirales]
  SRR33536650_clean_NODE_392_length_2821_cov_3.513828
      Genus: [Theiavirus] -> [Gammaretrovirus]
  SRR33536650_clean_NODE_402_length_2798_cov_5.668624
      Genus: [Theiavirus] -> [Gammaretrovirus]
  SRR33536650_clean_NODE_40_length_4583_cov_6.473392
      Species: [Pithovirus LCPAC104] -> [Alphaorpheovirus massiliense]
  SRR33536650_clean_NODE_417_length_2781_cov_2.623708
      Order: [Herpesvirales] -> [Algavirales]
      Genus: [Bossavirus] -> [Prasinovirus]
      Species: [Bossavirus delphinidgamma1] -> [空]
  SRR33536650_clean_NODE_418_length_2778_cov_23.672089
      Family: [Phycodnaviridae] -> [空]
      Genus: [Chlorovirus] -> [空]
      Species: [Chlorovirus heliozoae] -> [Florenciella sp. virus SA1]
  SRR33536650_clean_NODE_41_length_4562_cov_5.122522
      Species: [Torque teno midi virus] -> [Mimivirus lagoaense]
  SRR33536650_clean_NODE_448_length_2734_cov_4.565201
      Species: [Chrysophyceae clade H virus] -> [Tupanvirus altamarinense]
  SRR33536650_clean_NODE_451_length_2730_cov_9.269853
      Genus: [Alphahydrivirus] -> [空]
      Species: [Alphahydrivirus permafrostis] -> [Naiavirus sp.]
  SRR33536650_clean_NODE_453_length_2729_cov_5.015060
      Species: [Gammaretrovirus murleu] -> [Gammaretrovirus felleu]
  SRR33536650_clean_NODE_455_length_2727_cov_10.990580
      Genus: [Alphahydrivirus] -> [Fadolivirus]
  SRR33536650_clean_NODE_497_length_2668_cov_4.982659
      Genus: [Alphahydrivirus] -> [Fadolivirus]
  SRR33536650_clean_NODE_500_length_2665_cov_12.463349
      Genus: [Alphahydrivirus] -> [Tupanvirus]
  SRR33536650_clean_NODE_507_length_2662_cov_4.998841
      Genus: [Biavirus] -> [空]
  SRR33536650_clean_NODE_5144_length_1158_cov_1.847005
      Species: [Vitivirus phivitis] -> [Apple virus D]
  SRR33536650_clean_NODE_520_length_2642_cov_5.346049
      Genus: [Mimivirus] -> [空]
      Species: [Mimivirus lagoaense] -> [空]
  SRR33536650_clean_NODE_523_length_2638_cov_4.454191
      Species: [Chrysophyceae clade H virus] -> [空]
  SRR33536650_clean_NODE_554_length_2606_cov_4.866167
      Species: [Tupanvirus salinum] -> [Chlorovirus americanus]
  SRR33536650_clean_NODE_570_length_2584_cov_3.179211
      Genus: [Mimivirus] -> [Alpharetrovirus]
  SRR33536650_clean_NODE_571_length_2584_cov_1.663879
      Family: [Nimaviridae] -> [Stanwilliamsviridae]
      Genus: [Whispovirus] -> [Wilnyevirus]
      Species: [Whispovirus xiabaidian] -> [Wilnyevirus billnye]
  SRR33536650_clean_NODE_572_length_2582_cov_6.780391
      Class: [Caudoviricetes] -> [Megaviricetes]
  SRR33536650_clean_NODE_579_length_2576_cov_6.460647
      Genus: [Biavirus] -> [空]
  SRR33536650_clean_NODE_598_length_2559_cov_3.357603
      Species: [Lentivirus simimdef] -> [Percavirus equidgamma2]
  SRR33536650_clean_NODE_603_length_2555_cov_5.318695
      Realm: [Riboviria] -> [Duplodnaviria]
      Kingdom: [Pararnavirae] -> [Heunggongvirae]
  SRR33536650_clean_NODE_6080_length_1061_cov_9.188259
      Family: [Adenoviridae] -> [Mimiviridae]
      Species: [Megaviridae environmental sample*] -> [空]
  SRR33536650_clean_NODE_635_length_2523_cov_5.872653
      Species: [Alphaorpheovirus massiliense] -> [Tupanvirus altamarinense]
  SRR33536650_clean_NODE_705_length_2452_cov_8.824296
      Genus: [Fadolivirus] -> [Hokovirus]
  SRR33536650_clean_NODE_709_length_2449_cov_7.950758
      Species: [Agnivirus brisbanense] -> [Poseidoniales virus]
  SRR33536650_clean_NODE_732_length_2428_cov_7.474310
      Genus: [Alphahydrivirus] -> [空]
      Species: [Alphahydrivirus permafrostis] -> [空]
  SRR33536650_clean_NODE_751_length_2409_cov_9.295805
      Species: [Faunusvirus sp.] -> [空]
  SRR33536650_clean_NODE_785_length_2374_cov_6.030422
      Order: [Algavirales] -> [空]
  SRR33536650_clean_NODE_791_length_2369_cov_6.472997
      Species: [Mimivirus bradfordmassiliense] -> [Terrestrivirus sp.]
  SRR33536650_clean_NODE_811_length_2349_cov_3.651142
      Species: [Betaentomopoxvirus mseparata] -> [Alphahydrivirus permafrostis]
  SRR33536650_clean_NODE_833_length_2327_cov_21.513310
      Species: [Biavirus raunefjordenense] -> [Tethysvirus ontarioense]
  SRR33536650_clean_NODE_877_length_2299_cov_10.251572
      Order: [Herpesvirales] -> [Imitervirales]
      Genus: [Simplexvirus] -> [空]
      Species: [Simplexvirus pteropodidalpha1] -> [空]
  SRR33536650_clean_NODE_879_length_2297_cov_9.593975
      Order: [Pimascovirales] -> [Herpesvirales]
      Genus: [Alphaorpheovirus] -> [空]
      Species: [Pithovirus LCPAC302] -> [Otarine gammaherpesvirus 4]
  SRR33536650_clean_NODE_87_length_3865_cov_4.650053
      Genus: [Tupanvirus] -> [空]
      Species: [Tupanvirus salinum] -> [Guapo partitivirus]
  SRR33536650_clean_NODE_885_length_2291_cov_4.152840
      Family: [Adenoviridae] -> [Mesomimiviridae]
  SRR33536650_clean_NODE_903_length_2279_cov_2.385766
      Species: [Pithovirus LCPAC104] -> [Tupanvirus altamarinense]
  SRR33536650_clean_NODE_909_length_2276_cov_28.938720
      Species: [environmental samples] -> [空]
  SRR33536650_clean_NODE_915_length_2272_cov_6.781719
      Species: [Micromonas commoda virus] -> [Tethysvirus raunefjordenense]
  SRR33536650_clean_NODE_918_length_2271_cov_2.741128
      Kingdom: [Heunggongvirae] -> [Bamfordvirae]
      Species: [Mooglevirus Sf14] -> [空]
  SRR33536650_clean_NODE_923_length_2269_cov_5.539162
      Kingdom: [Heunggongvirae] -> [Bamfordvirae]
      Phylum: [Uroviricota] -> [Nucleocytoviricota]
      Class: [Caudoviricetes] -> [Megaviricetes]
  SRR33536650_clean_NODE_924_length_2267_cov_4.007748
      Genus: [Biavirus] -> [Toursvirus]
      Species: [Biavirus raunefjordenense] -> [空]
  SRR33536650_clean_NODE_960_length_2239_cov_3.704524
      Genus: [Tethysvirus] -> [空]
  SRR33536650_clean_NODE_966_length_2235_cov_2.238205
      Genus: [Alphabaculovirus] -> [Gammaretrovirus]
  SRR33536651_clean_NODE_1016_length_824_cov_1.900133
      Species: [Wallace's spikemoss associated tymo-like virus 1] -> [Potexvirus pepini]
  SRR33536651_clean_NODE_112_length_1508_cov_7.834146
      Genus: [Alphahydrivirus] -> [Klosneuvirus]
  SRR33536651_clean_NODE_11_length_2740_cov_9.443570
      Species: [Triatovirus triatomae] -> [Tomato dicistro-like virus]
  SRR33536651_clean_NODE_1700_length_691_cov_1.838188
      Species: [Sogarnavirus culleyi] -> [clirnapec virus 273]
  SRR33536651_clean_NODE_198_length_1309_cov_0.889159
      Realm: [Duplodnaviria] -> [Varidnaviria]
      Kingdom: [Heunggongvirae] -> [Bamfordvirae]
      Phylum: [Peploviricota] -> [Nucleocytoviricota]
      Class: [Herviviricetes] -> [Megaviricetes]
      Order: [Herpesvirales] -> [Pimascovirales]
      Species: [Lymphocryptovirus humangamma4] -> [Erythrocytic necrosis virus]
  SRR33536651_clean_NODE_1_length_6581_cov_39.037953
      Species: [Blumeria graminis vivivirus 2] -> [Tobamovirus fortpiercense]
  SRR33536651_clean_NODE_93_length_1575_cov_11.514647
      Genus: [Alphahydrivirus] -> [Klosneuvirus]
  SRR33536652_clean_NODE_329_length_812_cov_0.487145
      Species: [Trichovirus mali] -> [Cotonvirus japonicum]
  SRR33536653_clean_NODE_646_length_617_cov_1.321691
      Species: [Lymphocryptovirus humangamma4] -> [Betabaculovirus sp.]
  SRR33536653_clean_NODE_681_length_609_cov_0.962687
      Order: [Herpesvirales] -> [空]
      Family: [Orthoherpesviridae] -> [空]
      Species: [Varicellovirus bovinealpha1] -> [Cronusvirus cronus]
  SRR33536654_clean_NODE_178_length_829_cov_0.789683
      Species: [Lymphocryptovirus humangamma4] -> [Betabaculovirus sp.]
  SRR33536656_clean_NODE_913_length_505_cov_1.263889
      Species: [Lymphocryptovirus humangamma4] -> [Betabaculovirus sp.]
  SRR33536658_clean_NODE_1174_length_552_cov_1.286013
      Species: [Hubei tombus-like virus 34] -> [Dinavirus dina]
  SRR33536658_clean_NODE_1336_length_528_cov_1.362637
      Species: [Lymphocryptovirus humangamma4] -> [Betabaculovirus sp.]
  SRR33536659_clean_NODE_211_length_837_cov_1.243455
      Genus: [Lymphocryptovirus] -> [空]
      Species: [Lymphocryptovirus humangamma4] -> [Erythrocytic necrosis virus]
  SRR33536659_clean_NODE_746_length_565_cov_1.453252
      Class: [Caudoviricetes] -> [Tolucaviricetes]
  SRR33536660_clean_NODE_108_length_1668_cov_9.417555
      Genus: [Mastadenovirus] -> [空]
  SRR33536660_clean_NODE_1241_length_850_cov_3.102960
      Genus: [Kratosvirus] -> [空]
      Species: [Kratosvirus quantuckense] -> [Solumvirus sp.]
  SRR33536660_clean_NODE_125_length_1617_cov_1.728627
      Genus: [Biavirus] -> [Chlorovirus]
  SRR33536660_clean_NODE_14_length_2646_cov_1.930431
      Genus: [Alphahydrivirus] -> [Fadolivirus]
  SRR33536660_clean_NODE_1646_length_775_cov_3.964387
      Species: [Wenzhou picorna-like virus 34] -> [Tomato dicistro-like virus]
  SRR33536660_clean_NODE_2618_length_666_cov_2.360877
      Genus: [Kratosvirus] -> [空]
      Species: [Kratosvirus quantuckense] -> [Solumvirus sp.]
  SRR33536660_clean_NODE_29_length_2148_cov_4.286265
      Species: [Biavirus raunefjordenense] -> [Megavirus powaiense]
  SRR33536660_clean_NODE_3277_length_624_cov_0.956443
      Species: [Avipoxvirus pigeonpox] -> [Mudlarkpox virus]
  SRR33536660_clean_NODE_3603_length_605_cov_1.609023
      Species: [Chrocacinb virus] -> [Chronazend virus]
  SRR33536660_clean_NODE_366_length_1221_cov_1.763066
      Class: [Caudoviricetes] -> [Megaviricetes]
      Genus: [Wendovervirus] -> [空]
      Species: [Wendovervirus sonii] -> [Hyperionvirus sp.]
  SRR33536660_clean_NODE_45_length_2010_cov_1.484254
      Genus: [Chlorovirus] -> [Megavirus]
      Species: [Chlorovirus americanus] -> [Megavirus sp.]
  SRR33536660_clean_NODE_4660_length_558_cov_2.193814
      Genus: [Thornevirus] -> [空]
      Species: [Thornevirus SP15] -> [空]
  SRR33536660_clean_NODE_4755_length_554_cov_3.218295
      Realm: [Riboviria] -> [Duplodnaviria]
      Kingdom: [Orthornavirae] -> [Heunggongvirae]
  SRR33536660_clean_NODE_4813_length_552_cov_1.033403
      Species: [Plasmopara viticola lesion associated flavi-like virus 1] -> [Mimivirus AB-566-O17]
  SRR33536660_clean_NODE_5030_length_544_cov_1.454352
      Species: [Wallace's spikemoss associated tymo-like virus 1] -> [Potexvirus ecspotati]
  SRR33536660_clean_NODE_5_length_4105_cov_6.042659
      Order: [Patatavirales] -> [Stellavirales]
      Genus: [Potyvirus] -> [空]
      Species: [Potyvirus passiflorafricanse] -> [Astroviridae sp.]
  SRR33536660_clean_NODE_6369_length_504_cov_0.677494
      Genus: [Fadolivirus] -> [空]
  SRR33536660_clean_NODE_67_length_1876_cov_3.142540
      Species: [Micromonas commoda virus] -> [Tethysvirus raunefjordenense]
  SRR33536660_clean_NODE_6_length_3735_cov_13.809394
      Species: [Cripavirus mortiferum] -> [Tomato dicistro-like virus]
  SRR33536660_clean_NODE_94_length_1731_cov_11.937274
      Family: [Hydriviridae] -> [空]
      Genus: [Alphahydrivirus] -> [空]
      Species: [Alphahydrivirus permafrostis] -> [空]
  SRR33536660_clean_NODE_96_length_1730_cov_3.683766
      Genus: [Cotonvirus] -> [Klosneuvirus]
      Species: [Cotonvirus japonicum] -> [Klosneuvirus KNV1*]
  SRR33536661_clean_NODE_1129_length_803_cov_7.971233
      Species: [Lentivirus simimdef] -> [空]
  SRR33536661_clean_NODE_1224_length_783_cov_1.753521
      Species: [Allexivirus ecsascalonicum] -> [Guangxi alphaflexi-like virus]
  SRR33536661_clean_NODE_12_length_2543_cov_4.284211
      Genus: [Alphahydrivirus] -> [空]
      Species: [Alphahydrivirus permafrostis] -> [Naiavirus sp.]
  SRR33536661_clean_NODE_18_length_2300_cov_4.083071
      Genus: [Chlorovirus] -> [空]
      Species: [Chlorovirus conductrix] -> [Terrestrivirus sp.]
  SRR33536661_clean_NODE_3279_length_572_cov_1.406814
      Genus: [Kratosvirus] -> [空]
      Species: [Kratosvirus quantuckense] -> [Solumvirus sp.]
  SRR33536661_clean_NODE_34_length_1973_cov_2.343158
      Genus: [Biavirus] -> [空]
  SRR33536661_clean_NODE_46_length_1829_cov_2.051822
      Genus: [Botoulivirus] -> [空]
      Species: [Lentivirus humimdef1] -> [Gigaspora narnavirus A]
  SRR33536661_clean_NODE_63_length_1731_cov_2.033172
      Genus: [Casadabanvirus] -> [空]
  SRR33536661_clean_NODE_830_length_885_cov_1.567734
      Species: [Lentivirus simimdef] -> [空]
  SRR33536661_clean_NODE_89_length_1586_cov_5.853272
      Genus: [Alphahydrivirus] -> [Hokovirus]
      Species: [Alphahydrivirus permafrostis] -> [Hokovirus HKV1*]
  SRR35911571_clean_NODE_1240_length_4003_cov_7.670738
      Species: [Catovirus klosterense] -> [Oceanusvirus kaneohense]
  SRR35911571_clean_NODE_135_length_7778_cov_16.749384
      Genus: [Moumouvirus] -> [Alpharetrovirus]
  SRR35911571_clean_NODE_163_length_7318_cov_9.981504
      Class: [Tokiviricetes] -> [Megaviricetes]
      Genus: [Betalipothrixvirus] -> [Chlorovirus]
      Species: [Betalipothrixvirus hveragerdiense] -> [空]
  SRR35911571_clean_NODE_1911_length_3215_cov_6.532145
      Genus: [Alphahydrivirus] -> [Fadolivirus]
  SRR35911571_clean_NODE_1934_length_3182_cov_2.157285
      Family: [Poxviridae] -> [Orthoherpesviridae]
      Genus: [Centapoxvirus] -> [Rhadinovirus]
      Species: [Centapoxvirus microtuspox] -> [空]
  SRR35911571_clean_NODE_238_length_6720_cov_35.944336
      Order: [Imitervirales] -> [Pimascovirales]
      Genus: [Biavirus] -> [空]
      Species: [Biavirus raunefjordenense] -> [Marseillevirus LCMAC201]
  SRR35911571_clean_NODE_2532_length_2697_cov_15.326220
      Family: [Hydriviridae] -> [空]
      Genus: [Alphahydrivirus] -> [空]
      Species: [Alphahydrivirus permafrostis] -> [空]
  SRR35911571_clean_NODE_2776_length_2525_cov_6.798124
      Species: [Dishui Lake phycodnavirus 3] -> [Theiavirus salishense]
  SRR35911571_clean_NODE_3003_length_2390_cov_9.712128
      Species: [Lentivirus humimdef1] -> [Alphabaculovirus leseparatae]
  SRR35911571_clean_NODE_4033_length_1855_cov_4.329966
      Species: [Biavirus raunefjordenense] -> [Theiavirus salishense]
  SRR35911571_clean_NODE_4364_length_1710_cov_17.086744
      Class: [Naldaviricetes] -> [Megaviricetes]
  SRR35911571_clean_NODE_4388_length_1701_cov_25.343366
      Species: [Betabaculovirus pluxylostellae] -> [Alphahydrivirus permafrostis]
  SRR35911571_clean_NODE_498_length_5493_cov_20.649262
      Species: [Beihai noda-like virus 10] -> [Phaeovirus unasiliculosus]
  SRR35911571_clean_NODE_522_length_5407_cov_13.368579
      Species: [Saiwaicho virus] -> [Cilevirus pistaciae]
  SRR35911571_clean_NODE_6289_length_1123_cov_30.662857
      Genus: [Pandoravirus] -> [空]
  SRR35911571_clean_NODE_67_length_8764_cov_60.927166
      Order: [Herpesvirales] -> [Pimascovirales]
      Genus: [Lymphocryptovirus] -> [空]
  SRR35911571_clean_NODE_835_length_4692_cov_27.122537
      Genus: [Tupanvirus] -> [Phaeovirus]
      Species: [Pithovirus LCPAC202] -> [空]
  SRR35911572_clean_NODE_19_length_3101_cov_2.606011
      Genus: [Biavirus] -> [空]
  SRR35911572_clean_NODE_2143_length_599_cov_0.796578
      Species: [Alphabaculovirus lydisparis] -> [Betaentomopoxvirus crosaceana]
  SRR35911574_clean_NODE_131_length_2238_cov_5.185681
      Family: [Kyanoviridae] -> [Phycodnaviridae]
      Genus: [Leucotheavirus] -> [Prasinovirus]
      Species: [Leucotheavirus sp4] -> [Ostreococcus tauri virus 2]
  SRR35911574_clean_NODE_49_length_2845_cov_3.588023
      Genus: [Vetruanivirus] -> [空]
  SRR35911574_clean_NODE_51_length_2840_cov_2.454644
      Species: [Agnivirus brisbanense] -> [Poseidoniales virus]
  SRR35911575_clean_NODE_2069_length_563_cov_0.455102
      Species: [Lymphocryptovirus humangamma4] -> [Tethysvirus raunefjordenense]
  SRR35911575_clean_NODE_479_length_1077_cov_6.382470
      Species: [Betacoronavirus gravedinis] -> [Cyvirus anguillidallo1]
  SRR35911575_clean_NODE_5_length_4027_cov_3.947648
      Order: [Ortervirales] -> [空]
      Genus: [Hemivirus] -> [空]
      Species: [Hemivirus aedis] -> [Trachysalambria curvirostris nimavirus]
  SRR35911576_clean_NODE_1593_length_601_cov_3.551136
      Species: [Whispovirus xiabaidian] -> [Hanko totivirus 4]
  SRR35911578_clean_NODE_313_length_1195_cov_6.127451
      Genus: [Pseudovirus] -> [Caulimovirus]
      Species: [Pseudovirus brassicae] -> [Caulimovirus sp.]
  SRR35911578_clean_NODE_65_length_2056_cov_0.757438
      Family: [Mimiviridae] -> [Phycodnaviridae]
      Genus: [Tupanvirus] -> [Prasinovirus]
      Species: [Tupanvirus altamarinense] -> [空]
  SRR35911579_clean_NODE_1133_length_4197_cov_17.597721
      Genus: [Kratosvirus] -> [Indivirus]
  SRR35911579_clean_NODE_122_length_8048_cov_32.957367
      Order: [Pantevenvirales] -> [Pimascovirales]
      Family: [Kyanoviridae] -> [Marseilleviridae]
      Genus: [Salacisavirus] -> [空]
  SRR35911579_clean_NODE_123_length_8037_cov_35.085510
      Family: [Orpheoviridae] -> [Orthoherpesviridae]
      Genus: [Alphaorpheovirus] -> [空]
      Species: [African cichlid nackednavirus] -> [Otarine gammaherpesvirus 4]
  SRR35911579_clean_NODE_163_length_7524_cov_6.638840
      Genus: [Alphaorpheovirus] -> [空]
      Species: [Alphaorpheovirus massiliense] -> [Pithovirus LCPAC201]
  SRR35911579_clean_NODE_1902_length_3284_cov_7.426347
      Genus: [Alphahydrivirus] -> [Fadolivirus]
  SRR35911579_clean_NODE_205_length_7132_cov_14.097748
      Class: [Caudoviricetes] -> [Megaviricetes]
      Genus: [Donellivirus] -> [Prasinovirus]
      Species: [Donellivirus gee] -> [Bathycoccus sp. RCC716 virus 1]
  SRR35911579_clean_NODE_2145_length_3066_cov_105.200802
      Species: [Mirusvirus sp.] -> [Dishui lake phycodnavirus 1]
  SRR35911579_clean_NODE_2225_length_2996_cov_59.837154
      Species: [Biavirus raunefjordenense] -> [Moumouvirus australiense]
  SRR35911579_clean_NODE_2237_length_2991_cov_6.358122
      Genus: [Tethysvirus] -> [Biavirus]
  SRR35911579_clean_NODE_2368_length_2877_cov_22.240728
      Species: [Chrysophyceae clade H virus] -> [Coccolithovirus huxleyi]
  SRR35911579_clean_NODE_284_length_6591_cov_7.743786
      Genus: [Alphahydrivirus] -> [空]
      Species: [Alphahydrivirus permafrostis] -> [Satyrvirus sp.*]
  SRR35911579_clean_NODE_2_length_15597_cov_16.483381
      Family: [Herelleviridae] -> [Alloherpesviridae]
      Genus: [Grisebachstrassevirus] -> [Salmovirus]
      Species: [Simplexvirus humanalpha1] -> [Salmovirus salmonidallo1]
  SRR35911579_clean_NODE_3105_length_2385_cov_6.136678
      Species: [Dishui Lake phycodnavirus 3] -> [Megavirus powaiense]
  SRR35911579_clean_NODE_3235_length_2310_cov_6.484578
      Genus: [Alphahydrivirus] -> [Hokovirus]
      Species: [Orthopestivirus bovis] -> [Hokovirus HKV1*]
  SRR35911579_clean_NODE_347_length_6287_cov_20.367074
      Order: [Sanitavirales] -> [Pimascovirales]
      Family: [Anelloviridae] -> [Marseilleviridae]
      Genus: [Alphatorquevirus] -> [空]
  SRR35911579_clean_NODE_3533_length_2152_cov_2.899471
      Species: [Pseudovirus cajani] -> [Atrato Retro-like virus]
  SRR35911579_clean_NODE_3981_length_1934_cov_2.729715
      Genus: [Biavirus] -> [空]
  SRR35911579_clean_NODE_460_length_5856_cov_8.004669
      Genus: [Alphabaculovirus] -> [Gammaretrovirus]
  SRR35911579_clean_NODE_5021_length_1533_cov_0.986301
      Species: [Hemivirus copiae] -> [Atrato Retro-like virus]
  SRR35911579_clean_NODE_503_length_5689_cov_39.668269
      Order: [Pimascovirales] -> [Herpesvirales]
      Family: [Orpheoviridae] -> [Orthoherpesviridae]
      Genus: [Alphaorpheovirus] -> [空]
      Species: [Pithovirus LCPAC304] -> [空]
  SRR35911579_clean_NODE_514_length_5640_cov_21.872103
      Genus: [Alphaorpheovirus] -> [空]
      Species: [Alphaorpheovirus massiliense] -> [空]
  SRR35911579_clean_NODE_711_length_5048_cov_27.961608
      Species: [Chlorella virus XW01] -> [Chlorovirus americanus]
  SRR35911579_clean_NODE_747_length_4945_cov_14.795156
      Family: [Lakviridae] -> [Mimiviridae]
      Genus: [Vetruanivirus] -> [空]
      Species: [Vetruanivirus secundi] -> [空]
  SRR35911579_clean_NODE_7490_length_998_cov_0.967568
      Species: [Hemivirus drosophilae] -> [Atrato Retro-like virus]
  SRR35911579_clean_NODE_892_length_4624_cov_21.690178
      Family: [Phycodnaviridae] -> [Mimiviridae]
      Genus: [Chlorovirus] -> [空]
      Species: [Chlorovirus americanus] -> [Florenciella sp. virus SA1]
  SRR35911579_clean_NODE_9_length_12775_cov_21.679421
      Genus: [Gorjumvirus] -> [Alphabaculovirus]
      Species: [Lentivirus humimdef1] -> [空]
  SRR35911580_clean_NODE_1149_length_4104_cov_26.591168
      Order: [Pimascovirales] -> [空]
      Family: [Pithoviridae] -> [Peduoviridae]
      Species: [Alphacedratvirus brasiliense] -> [Inibicvirus 613R3]
  SRR35911580_clean_NODE_1202_length_4022_cov_16.393264
      Species: [Mimivirus lagoaense] -> [空]
  SRR35911580_clean_NODE_1349_length_3823_cov_22.613867
      Order: [Imitervirales] -> [Algavirales]
  SRR35911580_clean_NODE_14131_length_505_cov_1.805556
      Genus: [Negevirus] -> [空]
      Species: [Cotesia chilonis virga-like virus] -> [Saiwaicho virus]
  SRR35911580_clean_NODE_1440_length_3699_cov_20.628240
      Species: [Sapelovirus anglia] -> [Mimivirus lagoaense]
  SRR35911580_clean_NODE_1775_length_3335_cov_5.820969
      Genus: [Alphahydrivirus] -> [Hokovirus]
      Species: [Orthopestivirus bovis] -> [Hokovirus HKV1*]
  SRR35911580_clean_NODE_189_length_7089_cov_35.401368
      Family: [Pithoviridae] -> [Mimiviridae]
      Species: [Megaviridae environmental sample*] -> [空]
  SRR35911580_clean_NODE_2106_length_3004_cov_20.037530
      Genus: [Chlorovirus] -> [空]
      Species: [Chlorovirus americanus] -> [空]
  SRR35911580_clean_NODE_2681_length_2589_cov_13.115660
      Family: [Hydriviridae] -> [空]
      Genus: [Alphahydrivirus] -> [空]
      Species: [Alphahydrivirus permafrostis] -> [空]
  SRR35911580_clean_NODE_304_length_6328_cov_17.700879
      Genus: [Kratosvirus] -> [Chlorovirus]
      Species: [Kratosvirus quantuckense] -> [空]
  SRR35911580_clean_NODE_3113_length_2321_cov_2.008897
      Genus: [Alphaorpheovirus] -> [空]
      Species: [Alphaorpheovirus massiliense] -> [空]
  SRR35911580_clean_NODE_3182_length_2282_cov_2.532820
      Genus: [Immutovirus] -> [空]
  SRR35911580_clean_NODE_3816_length_1963_cov_1.605291
      Species: [Agnivirus brisbanense] -> [Poseidoniales virus]
  SRR35911580_clean_NODE_428_length_5734_cov_10.349055
      Genus: [Theiavirus] -> [Klosneuvirus]
      Species: [Theiavirus salishense] -> [Klosneuvirus KNV1*]
  SRR35911580_clean_NODE_4351_length_1739_cov_1.591837
      Species: [Megalocytivirus lates1] -> [Biavirus raunefjordenense]
  SRR35911580_clean_NODE_4870_length_1548_cov_1.403390
      Genus: [Tethysvirus] -> [空]
  SRR35911580_clean_NODE_493_length_5447_cov_20.399702
      Species: [Chrysophyceae clade H virus] -> [Megavirus powaiense]
  SRR35911580_clean_NODE_605_length_5145_cov_34.937894
      Genus: [Sirevirus] -> [空]
      Species: [Sirevirus lycopersici] -> [空]
  SRR35911580_clean_NODE_618_length_5127_cov_14.204986
      Genus: [Chlorovirus] -> [空]
      Species: [Chlorovirus vanettense] -> [Homavirus sp.]
  SRR35911580_clean_NODE_7678_length_916_cov_4.511269
      Species: [Orthoflavivirus bravoense] -> [Tupanvirus salinum]
  SRR35911580_clean_NODE_880_length_4571_cov_4.275456
      Genus: [Alphahydrivirus] -> [Biavirus]
  SRR35911580_clean_NODE_988_length_4362_cov_16.735603
      Order: [Herpesvirales] -> [Imitervirales]
      Species: [Otarine gammaherpesvirus 4] -> [Fadolivirus algeromassiliense]
  SRR6202507_clean_NODE_108_length_1756_cov_1.300654
      Species: [Lentivirus humimdef1] -> [Chlorovirus conductrix]
  SRR6202507_clean_NODE_1647_length_666_cov_0.691400
      Species: [Rheavirus sinusmexicani] -> [Homavirus sp.]
  SRR6206200_clean_NODE_102_length_2898_cov_1.710796
      Species: [Alpharetrovirus avileu] -> [Alpharetrovirus avifujsar]
  SRR6206200_clean_NODE_1033_length_1378_cov_3.281992
      Genus: [Biavirus] -> [Klosneuvirus]
      Species: [Lentivirus humimdef1] -> [Klosneuvirus KNV1*]
  SRR6206200_clean_NODE_106_length_2863_cov_4.924014
      Genus: [Alphahydrivirus] -> [Fadolivirus]
  SRR6206200_clean_NODE_10855_length_549_cov_2.771008
      Realm: [Riboviria] -> [Varidnaviria]
      Genus: [Metavirus] -> [Tupanvirus]
      Species: [Fabavirus vitis] -> [空]
  SRR6206200_clean_NODE_10_length_5344_cov_3.723202
      Species: [Chrysophyceae clade H virus] -> [Marseillevirus LCMAC202]
  SRR6206200_clean_NODE_117_length_2794_cov_1.897464
      Genus: [Avastrovirus] -> [空]
      Species: [Avastrovirus intestini] -> [Marseillevirus LCMAC202]
  SRR6206200_clean_NODE_12241_length_524_cov_0.895787
      Genus: [Sarumanvirus] -> [空]
      Species: [Sarumanvirus bcepsaruman] -> [空]
  SRR6206200_clean_NODE_127_length_2743_cov_2.610861
      Family: [Orthoherpesviridae] -> [空]
      Genus: [Varicellovirus] -> [空]
      Species: [Varicellovirus caprinealpha1] -> [空]
  SRR6206200_clean_NODE_13796_length_500_cov_0.889930
      Species: [environmental samples] -> [空]
  SRR6206200_clean_NODE_149_length_2592_cov_4.119492
      Genus: [Busanvirus] -> [空]
      Species: [Busanvirus ACP17] -> [空]
  SRR6206200_clean_NODE_164_length_2522_cov_11.177624
      Species: [Biavirus raunefjordenense] -> [Tethysvirus raunefjordenense]
  SRR6206200_clean_NODE_170_length_2493_cov_2.154132
      Species: [Megalocytivirus lates1] -> [Biavirus raunefjordenense]
  SRR6206200_clean_NODE_172_length_2474_cov_6.470637
      Genus: [Tethysvirus] -> [Biavirus]
  SRR6206200_clean_NODE_181_length_2428_cov_2.573248
      Species: [Tokyovirus A1] -> [Fadolivirus algeromassiliense]
  SRR6206200_clean_NODE_233_length_2254_cov_5.314535
      Family: [Hydriviridae] -> [空]
      Genus: [Alphahydrivirus] -> [空]
      Species: [Alphahydrivirus permafrostis] -> [空]
  SRR6206200_clean_NODE_240_length_2233_cov_15.426852
      Species: [Micromonas commoda virus] -> [Tethysvirus raunefjordenense]
  SRR6206200_clean_NODE_3087_length_908_cov_4.511377
      Genus: [Marseillevirus] -> [Moumouvirus]
  SRR6206200_clean_NODE_315_length_2054_cov_15.784452
      Family: [Hydriviridae] -> [空]
      Genus: [Alphahydrivirus] -> [空]
      Species: [Alphahydrivirus permafrostis] -> [空]
  SRR6206200_clean_NODE_3239_length_894_cov_3.043849
      Genus: [Tupanvirus] -> [Klosneuvirus]
      Species: [Ceratitis capitata metavirus 2] -> [Klosneuvirus KNV1*]
  SRR6206200_clean_NODE_324_length_2037_cov_1.572301
      Species: [Gammaretrovirus felleu] -> [Gammaretrovirus hazufelsar]
  SRR6206200_clean_NODE_336_length_2015_cov_3.218847
      Genus: [Alphahydrivirus] -> [空]
      Species: [Alphahydrivirus permafrostis] -> [Terrestrivirus sp.]
  SRR6206200_clean_NODE_347_length_2001_cov_2.048755
      Species: [Chrysophyceae clade H virus] -> [Tupanvirus altamarinense]
  SRR6206200_clean_NODE_34_length_3759_cov_5.392024
      Genus: [Phaeovirus] -> [空]
      Species: [Penaeus monodon majanivirus A] -> [Terrestrivirus sp.]
  SRR6206200_clean_NODE_35_length_3749_cov_2.074266
      Genus: [Serangoonvirus] -> [Prasinovirus]
      Species: [Serangoonvirus essarone] -> [Bathycoccus sp. RCC716 virus 2]
  SRR6206200_clean_NODE_387_length_1929_cov_4.656789
      Genus: [Myrnavirus] -> [空]
  SRR6206200_clean_NODE_4552_length_782_cov_1.172073
      Species: [Gammaretrovirus felleu] -> [Gammaretrovirus hazufelsar]
  SRR6206200_clean_NODE_53_length_3412_cov_13.288410
      Species: [environmental samples] -> [空]
  SRR6206200_clean_NODE_547_length_1733_cov_1.386145
      Genus: [Alphahydrivirus] -> [空]
      Species: [Alphahydrivirus permafrostis] -> [Pithovirus LCPAC104]
  SRR6206200_clean_NODE_553_length_1730_cov_2.532891
      Species: [Iridovirus LCIVAC01] -> [Alphabaculovirus spocosmioidis]
  SRR6206200_clean_NODE_692_length_1606_cov_3.086106
      Order: [Imitervirales] -> [Pimascovirales]
      Genus: [Moumouvirus] -> [Alphaorpheovirus]
      Species: [Moumouvirus moumou] -> [Alphaorpheovirus massiliense*]
  SRR6206200_clean_NODE_6968_length_657_cov_1.529110
      Realm: [Varidnaviria] -> [Duplodnaviria]
      Kingdom: [Bamfordvirae] -> [Heunggongvirae]
  SRR6206200_clean_NODE_756_length_1561_cov_2.115591
      Family: [Phycodnaviridae] -> [Mimiviridae]
      Genus: [Chlorovirus] -> [空]
      Species: [Chlorovirus vanettense] -> [空]
  SRR6206200_clean_NODE_804_length_1524_cov_2.236389
      Realm: [Riboviria] -> [Duplodnaviria]
      Kingdom: [Orthornavirae] -> [Heunggongvirae]
      Family: [Rhabdoviridae] -> [Chimalliviridae]
      Genus: [Trirhavirus] -> [Phikzvirus]
      Species: [Trirhavirus erysimi] -> [空]
  SRR6206200_clean_NODE_808_length_1522_cov_2.681159
      Species: [Mimivirus LCMiAC01] -> [Fadolivirus algeromassiliense]
  SRR6206200_clean_NODE_8736_length_600_cov_0.924099
      Family: [Astroviridae] -> [Togaviridae]
      Genus: [Betasclernavirus] -> [Alphavirus]
      Species: [Solanum melongena bastro-like virus] -> [Plasmopara viticola lesion associated alpha-like virus 1]
  SRR6206200_clean_NODE_939_length_1432_cov_1.653422
      Genus: [Alphaorpheovirus] -> [空]
      Species: [Alphaorpheovirus massiliense] -> [Mimiviridae sp. ChoanoV1*]
  SRR6206200_clean_NODE_9524_length_578_cov_0.770297
      Realm: [Riboviria] -> [Varidnaviria]
      Kingdom: [Orthornavirae] -> [Bamfordvirae]
  SRR6896657_clean_NODE_1119_length_517_cov_3.147436
      Realm: [Riboviria] -> [Varidnaviria]
      Kingdom: [Orthornavirae] -> [Bamfordvirae]
      Phylum: [Negarnaviricota] -> [Preplasmiviricota]
      Class: [Monjiviricetes] -> [Pharingeaviricetes]
      Order: [Jingchuvirales] -> [Rowavirales]
      Family: [Chuviridae] -> [Adenoviridae]
      Species: [Millipede chuvirus] -> [空]
  SRR6896657_clean_NODE_31_length_1863_cov_2.726020
      Species: [Moumouvirus moumou] -> [Edafosvirus sp.]
  SRR6896657_clean_NODE_49_length_1615_cov_3.388250
      Family: [Hydriviridae] -> [空]
      Genus: [Alphahydrivirus] -> [空]
      Species: [Alphahydrivirus permafrostis] -> [空]
  SRR6896657_clean_NODE_610_length_644_cov_1.820168
      Species: [Umbravirus ethiopiaense] -> [Qianjiang tombus-like virus 379]
  SRR8191316_clean_NODE_344_length_795_cov_1.630194
      Species: [Insect picorna-like virus 1] -> [Koper picorna-like virus 1]
  SRR8191317_clean_NODE_131_length_1156_cov_6.266851
      Genus: [Botrexvirus] -> [Potexvirus]
      Species: [Botryosphaeria dothidea botrexvirus 1] -> [Ferula potexvirus 1]
  SRR8191317_clean_NODE_3_length_7962_cov_31585.820129
      Species: [Potexvirus fragariae] -> [Potexvirus flavimaculae]
  SRR8191317_clean_NODE_407_length_770_cov_1.340029
      Species: [Gammaretrovirus felleu] -> [Gammaretrovirus hazufelsar]
  SRR8191318_clean_NODE_732_length_602_cov_3.139887
      Genus: [Gammaretrovirus] -> [Alpharetrovirus]
  SRR8191319_clean_NODE_138_length_1150_cov_1.968431
      Species: [Lentivirus humimdef1] -> [Alpharetrovirus avileu]
  SRR8191319_clean_NODE_191_length_1013_cov_2.723404
      Phylum: [Kitrinoviricota] -> [Lenarviricota]
      Class: [Flasuviricetes] -> [Howeltoviricetes]
      Order: [Amarillovirales] -> [Cryppavirales]
      Family: [Hepaciviridae] -> [Mitoviridae]
      Genus: [Orthohepacivirus] -> [Mitovirus]
      Species: [Orthohepacivirus myodae] -> [Mitovirus sp.]
  SRR8191320_clean_NODE_1095_length_538_cov_1.350538
      Species: [Soymovirus eleocharis] -> [Soymovirus maculaglycinis]
  SRR8191320_clean_NODE_1233_length_514_cov_1.360544
      Species: [Mirusvirus sp.] -> [Dishui lake phycodnavirus 1]
  SRR8191320_clean_NODE_674_length_639_cov_11.745583
      Species: [Potexvirus ecspotati] -> [Carlavirus pisi]
  SRR8191320_clean_NODE_789_length_610_cov_1.657356
      Species: [Potexvirus ecspotati] -> [Potexvirus ecsthalassiae]
  SRR8191320_clean_NODE_856_length_589_cov_1.781008
      Species: [Gammaretrovirus murleu] -> [Gammaretrovirus felleu]
  SRR8191321_clean_NODE_139_length_1090_cov_0.563422
      Species: [Lymphocryptovirus humangamma4] -> [Betabaculovirus sp.]
  SRR8191322_clean_NODE_321_length_710_cov_0.750392
      Species: [Lymphocryptovirus humangamma4] -> [Betabaculovirus sp.]
  SRR8191322_clean_NODE_822_length_500_cov_2.644028
      Species: [Gammaretrovirus murleu] -> [Gammaretrovirus felleu]
  SRR8191325_clean_NODE_393_length_807_cov_2.079019
      Realm: [Varidnaviria] -> [Riboviria]
      Kingdom: [Bamfordvirae] -> [Pararnavirae]
      Phylum: [Nucleocytoviricota] -> [Artverviricota]
      Class: [Megaviricetes] -> [Revtraviricetes]
      Order: [Imitervirales] -> [Ortervirales]
      Family: [Allomimiviridae] -> [Metaviridae]
      Genus: [Punuivirus] -> [Metavirus]
      Species: [Punuivirus latens] -> [Metavirus cladosporii]
  SRR8191325_clean_NODE_818_length_617_cov_0.814338
      Species: [Mirusvirus sp.] -> [Dishui lake phycodnavirus 1]
  SRR8191325_clean_NODE_866_length_601_cov_2.056818
      Realm: [Duplodnaviria] -> [Varidnaviria]
      Kingdom: [Heunggongvirae] -> [Bamfordvirae]
      Phylum: [Peploviricota] -> [Nucleocytoviricota]
      Class: [Herviviricetes] -> [Megaviricetes]
      Order: [Herpesvirales] -> [Pimascovirales]
      Family: [Orthoherpesviridae] -> [Marseilleviridae]
  SRR8191326_clean_NODE_58_length_1461_cov_0.631124
      Species: [Pseudovirus artarabidopsis] -> [Atrato Retro-like virus]
  SRR8191327_clean_NODE_18_length_2354_cov_4.295484
      Genus: [Alphahydrivirus] -> [Fadolivirus]
  SRR8191327_clean_NODE_61_length_1704_cov_8.269160
      Family: [Hydriviridae] -> [空]
      Genus: [Alphahydrivirus] -> [空]
      Species: [Alphahydrivirus permafrostis] -> [空]
  SRR8191328_clean_NODE_139_length_1238_cov_1.472961
      Genus: [Pseudovirus] -> [Caulimovirus]
      Species: [Pseudovirus brassicae] -> [Caulimovirus sp.]
  SRR8191328_clean_NODE_245_length_1010_cov_0.656350
      Species: [Lymphocryptovirus humangamma4] -> [Betabaculovirus sp.]
  SRR8191328_clean_NODE_391_length_829_cov_1.330688
      Family: [Aliceevansviridae] -> [空]
      Genus: [Brussowvirus] -> [空]
  SRR8191328_clean_NODE_509_length_758_cov_2.096350
      Species: [Potexvirus ecspotati] -> [Fadolivirus algeromassiliense]
  SRR8191329_clean_NODE_38_length_2011_cov_0.694530
      Species: [Lymphocryptovirus humangamma4] -> [Lymphocystivirus sparus1]
  SRR8191329_clean_NODE_83_length_1574_cov_2.017988
      Genus: [Alphahydrivirus] -> [空]
      Species: [Alphahydrivirus permafrostis] -> [Naiavirus sp.]
  SRR8191330_clean_NODE_1929_length_612_cov_1.270872
      Species: [Potexvirus ecspotati] -> [Potexvirus ecsalstroemeriae]
  SRR8191330_clean_NODE_2035_length_598_cov_2.950476
      Species: [environmental samples] -> [空]
  SRR8191330_clean_NODE_21_length_2309_cov_4.989714
      Family: [Adenoviridae] -> [Mimiviridae]
      Species: [Megaviridae environmental sample*] -> [空]
  SRR8191330_clean_NODE_23_length_2267_cov_2.927530
      Class: [Caudoviricetes] -> [Megaviricetes]
      Genus: [Polybotosvirus] -> [Heliosvirus]
  SRR8191330_clean_NODE_851_length_830_cov_2.136063
      Genus: [Biavirus] -> [空]
      Species: [Biavirus raunefjordenense] -> [空]
  SRR8191330_clean_NODE_95_length_1572_cov_1.494997
      Species: [Chrysophyceae clade H virus] -> [Plazymidvirus ZM41]
  SRR8293185_clean_NODE_132_length_1258_cov_2.109705
      Species: [Lymphocryptovirus humangamma4] -> [Betabaculovirus sp.]
  SRR8293185_clean_NODE_31_length_2244_cov_1.991248
      Class: [Megaviricetes] -> [Pharingeaviricetes]
      Species: [environmental samples] -> [空]
  SRR8293185_clean_NODE_4_length_3447_cov_2.314760
      Species: [Dishui Lake large algae virus 1] -> [Donellivirus gee]
  SRR8293185_clean_NODE_941_length_624_cov_2.664247
      Phylum: [Preplasmiviricota] -> [Nucleocytoviricota]
      Class: [Pharingeaviricetes] -> [Megaviricetes]
      Species: [environmental samples] -> [空]
  SRR8293186_clean_NODE_55_length_1850_cov_1.428250
      Family: [Orthoherpesviridae] -> [Baculoviridae]
      Genus: [Lymphocryptovirus] -> [Betabaculovirus]
      Species: [Lymphocryptovirus humangamma4] -> [Betabaculovirus sp.]
  SRR8293186_clean_NODE_603_length_726_cov_0.954058
      Order: [Algavirales] -> [空]
      Species: [Micromonas commoda virus] -> [Dagavirus ST13OXA48phi121]
  SRR8293189_clean_NODE_78_length_1367_cov_2.221793
      Species: [Pseudovirus oryzae] -> [Atrato Retro-like virus]
  SRR8293190_clean_NODE_1_length_6362_cov_9.750994
      Species: [Lymphocryptovirus humangamma4] -> [Lymphocystivirus micropogonias1]
  SRR8293190_clean_NODE_2_length_5475_cov_8.474454
      Species: [Thielaviopsis basicola dsRNA virus OR1(11C1)] -> [Hemigrapsus takanoi nimavirus]
  SRR8293192_clean_NODE_18_length_2214_cov_1.621205
      Species: [Micromonas polaris virus] -> [Megavirus powaiense]
  SRR8293193_clean_NODE_23_length_2361_cov_2.577360
      Species: [Orthohepacivirus hominis] -> [Mimivirus lagoaense]
  SRR8293195_clean_NODE_40_length_2089_cov_1.618056
      Species: [Micromonas commoda virus] -> [Tethysvirus raunefjordenense]
  SRR8293195_clean_NODE_6_length_3723_cov_3.493151
      Order: [Imitervirales] -> [空]
      Genus: [Fadolivirus] -> [空]
  SRR8293195_clean_NODE_97_length_1459_cov_2.001443
      Class: [Caudoviricetes] -> [Revtraviricetes]
      Family: [Retroviridae] -> [Chaseviridae]
      Genus: [Lentivirus] -> [Suwonvirus]
  SRR8293196_clean_NODE_5_length_3104_cov_1.793468
      Genus: [Chlorovirus] -> [空]
      Species: [Chlorovirus americanus] -> [Terrestrivirus sp.]
  SRR8293196_clean_NODE_9_length_2909_cov_3.391044
      Genus: [Alphahydrivirus] -> [Fadolivirus]
  SRR8293198_clean_NODE_1065_length_578_cov_0.839604
      Genus: [Biavirus] -> [空]
      Species: [Biavirus raunefjordenense] -> [空]
  SRR8293198_clean_NODE_45_length_1736_cov_6.835839
      Genus: [Alphahydrivirus] -> [空]
      Species: [Alphahydrivirus permafrostis] -> [空]
  contig_1021
      Family: [Lakviridae] -> [空]
      Genus: [Hatfieldvirus] -> [空]
      Species: [Hatfieldvirus porci] -> [空]
  contig_1062
      Genus: [Megavirus] -> [Alpharetrovirus]
  contig_1067
      Species: [Pithovirus LCPAC102] -> [Alphahydrivirus permafrostis]
  contig_1090
      Species: [Tokyovirus A1] -> [Fadolivirus algeromassiliense]
  contig_1096
      Genus: [Biavirus] -> [Fadolivirus]
      Species: [Aviadenovirus hydropericardii] -> [Fadolivirus algeromassiliense]
  contig_1115
      Species: [Fadolivirus algeromassiliense] -> [Chlorovirus sp.]
  contig_1118
      Order: [Lefavirales] -> [空]
      Family: [Baculoviridae] -> [空]
      Species: [Chrysophyceae clade H virus] -> [Cukevirus cuke]
  contig_1135
      Genus: [Alphabaculovirus] -> [Gammaretrovirus]
  contig_1150
      Genus: [Alphaorpheovirus] -> [Gammaretrovirus]
  contig_1159
      Genus: [Biavirus] -> [空]
      Species: [Biavirus raunefjordenense] -> [Marseillevirus LCMAC202]
  contig_1166
      Genus: [Theiavirus] -> [空]
      Species: [Theiavirus salishense] -> [Pentanymphon antarcticum iridovirus]
  contig_1174
      Genus: [Biavirus] -> [空]
  contig_1192
      Genus: [Biavirus] -> [空]
  contig_1227
      Species: [Beihai noda-like virus 10] -> [Alphacedratvirus brasiliense]
  contig_125
      Species: [Lentivirus humimdef1] -> [Biavirus raunefjordenense]
  contig_1264
      Genus: [Alphahydrivirus] -> [Catovirus]
      Species: [Torque teno midi virus] -> [Catovirus CTV1]
  contig_1293
      Kingdom: [Heunggongvirae] -> [Bamfordvirae]
      Phylum: [Peploviricota] -> [Nucleocytoviricota]
      Class: [Herviviricetes] -> [Megaviricetes]
  contig_130
      Genus: [Fadolivirus] -> [Tupanvirus]
      Species: [Alphabaculovirus clabilineatae] -> [空]
  contig_134
      Genus: [Alphahydrivirus] -> [Fadolivirus]
  contig_1350
      Species: [Lentivirus humimdef1] -> [Apis mellifra filamentous-like virus]
  contig_1368
      Species: [Lentivirus humimdef1] -> [Mimivirus lagoaense]
  contig_1377
      Genus: [Fadolivirus] -> [Alpharetrovirus]
      Species: [Fadolivirus algeromassiliense] -> [Avian sarcoma virus 16]
  contig_1398
      Species: [Sicyoidochytrium minutum DNA virus] -> [Jouyvirus ev017]
  contig_1446
      Genus: [Chlorovirus] -> [空]
      Species: [Chlorovirus conductrix] -> [Terrestrivirus sp.]
  contig_147
      Realm: [Riboviria] -> [Duplodnaviria]
      Kingdom: [Orthornavirae] -> [Heunggongvirae]
  contig_1484
      Genus: [Donellivirus] -> [空]
      Species: [Donellivirus gee] -> [Mimiviridae sp. ChoanoV1*]
  contig_1505
      Genus: [Chlorovirus] -> [空]
      Species: [Chlorovirus conductrix] -> [Terrestrivirus sp.]
  contig_1517
      Class: [Caudoviricetes] -> [Megaviricetes]
      Genus: [Spbetavirus] -> [空]
  contig_1554
      Species: [Alphacedratvirus brasiliense] -> [Alphapithovirus siberiense]
  contig_1569
      Order: [Pimascovirales] -> [Grandevirales]
      Family: [Marseilleviridae] -> [Lakviridae]
  contig_157
      Genus: [Serangoonvirus] -> [Prasinovirus]
      Species: [Serangoonvirus essarone] -> [Bathycoccus sp. RCC716 virus 2]
  contig_1602
      Species: [Micromonas polaris virus] -> [Chlorovirus americanus]
  contig_1725
      Species: [Tupanvirus altamarinense] -> [Fadolivirus algeromassiliense]
  contig_1738
      Species: [Mimivirus bradfordmassiliense] -> [空]
  contig_1746
      Species: [Micromonas polaris virus] -> [Theiavirus salishense]
  contig_1760
      Class: [Caudoviricetes] -> [Megaviricetes]
      Genus: [Jouyvirus] -> [Kratosvirus]
      Species: [Jouyvirus ev017] -> [Kratosvirus quantuckense*]
  contig_1778
      Kingdom: [Bamfordvirae] -> [Orthornavirae]
      Family: [Adenoviridae] -> [Mesoniviridae]
      Species: [Cheiracanthium unicum nidovirus] -> [空]
  contig_1781
      Species: [Lentivirus humimdef1] -> [Moumouvirus moumou]
  contig_1824
      Genus: [Donellivirus] -> [空]
      Species: [Donellivirus gee] -> [空]
  contig_1842
      Family: [Phycodnaviridae] -> [Baculoviridae]
      Genus: [Chlorovirus] -> [Alphabaculovirus]
      Species: [Chlorovirus americanus] -> [空]
  contig_1888
      Realm: [Riboviria] -> [Duplodnaviria]
      Kingdom: [Orthornavirae] -> [Heunggongvirae]
  contig_1890
      Genus: [Alphahydrivirus] -> [空]
      Species: [Alphahydrivirus permafrostis] -> [Naiavirus sp.]
  contig_1894
      Genus: [Alphahydrivirus] -> [空]
      Species: [Alphahydrivirus permafrostis] -> [Naiavirus sp.]
  contig_1909
      Species: [Marseillevirus LCMAC202] -> [Theiavirus salishense]
  contig_1913
      Species: [Terrestrivirus sp.] -> [Klosneuvirus KNV1*]
  contig_193
      Species: [Dishui Lake phycodnavirus 3] -> [Moumouvirus moumou]
  contig_1946
      Species: [Agaricus bisporus virus 9] -> [Moumouvirus goulettemassiliense]
  contig_2005
      Family: [Pithoviridae] -> [Mimiviridae]
  contig_2029
      Species: [Bronnoya virus] -> [Fadolivirus algeromassiliense]
  contig_2031
      Genus: [Alphahydrivirus] -> [空]
      Species: [Catovirus CTV1] -> [Pithovirus LCPAC304]
  contig_2051
      Family: [Pithoviridae] -> [Mimiviridae]
      Genus: [Alphacedratvirus] -> [空]
      Species: [Alphacedratvirus brasiliense] -> [空]
  contig_2106
      Species: [Lentivirus humimdef1] -> [Chlorovirus americanus]
  contig_2107
      Family: [Hydriviridae] -> [空]
      Genus: [Alphahydrivirus] -> [空]
      Species: [Alphahydrivirus permafrostis] -> [空]
  contig_2113
      Species: [Chrysophyceae clade H virus] -> [Fadolivirus algeromassiliense]
  contig_2179
      Species: [Hokovirus HKV1] -> [Fadolivirus algeromassiliense]
  contig_2209
      Genus: [Biavirus] -> [空]
  contig_2241
      Class: [Caudoviricetes] -> [Revtraviricetes]
  contig_2260
      Species: [Chrysophyceae clade H virus] -> [Biavirus raunefjordenense]
  contig_2385
      Species: [Gammaretrovirus felleu] -> [Gammaretrovirus murleu]
  contig_2396
      Family: [Closteroviridae] -> [空]
      Genus: [Closterovirus] -> [空]
  contig_2415
      Genus: [Polybotosvirus] -> [Heliosvirus]
  contig_2453
      Genus: [Spinunavirus] -> [空]
      Species: [Spinunavirus IPP61] -> [空]
  contig_2466
      Species: [Varicosavirus ribes] -> [Serangoonvirus essarone]
  contig_2512
      Realm: [Riboviria] -> [Duplodnaviria]
      Kingdom: [Orthornavirae] -> [Heunggongvirae]
  contig_2522
      Genus: [Betalipothrixvirus] -> [Theiavirus]
      Species: [Betalipothrixvirus uzonense] -> [Theiavirus salishense*]
  contig_2563
      Species: [Lentivirus humimdef1] -> [Rheavirus sinusmexicani]
  contig_2591
      Order: [Imitervirales] -> [Chitovirales]
  contig_2626
      Order: [Imitervirales] -> [Cryppavirales]
      Genus: [Alphahydrivirus] -> [Mitovirus]
      Species: [Alphahydrivirus permafrostis] -> [Mitovirus sp.]
  contig_2641
      Species: [environmental samples] -> [空]
  contig_2696
      Genus: [Spbetavirus] -> [Theiavirus]
  contig_2712
      Genus: [Alphahydrivirus] -> [Klosneuvirus]
      Species: [Alphahydrivirus permafrostis] -> [Klosneuvirus KNV1*]
  contig_2722
      Species: [Chrysophyceae clade H virus] -> [Tupanvirus salinum]
  contig_2758
      Genus: [Biavirus] -> [空]
  contig_2765
      Genus: [Alphahydrivirus] -> [Tupanvirus]
  contig_2775
      Genus: [Alphabaculovirus] -> [空]
      Species: [Alphabaculovirus alterchrincludentis] -> [Pithovirus LCPAC304]
  contig_284
      Family: [Lakviridae] -> [Mimiviridae]
      Genus: [Vetruanivirus] -> [空]
      Species: [Aviadenovirus hydropericardii] -> [空]
  contig_2843
      Species: [Theiavirus salishense] -> [Salmonpoxvirus gillpox]
  contig_2872
      Realm: [Duplodnaviria] -> [Varidnaviria]
      Kingdom: [Heunggongvirae] -> [Bamfordvirae]
  contig_2987
      Species: [Pandoravirus japonicus] -> [Betanudivirus hezeae]
  contig_3013
      Species: [Lentivirus humimdef1] -> [Avipoxvirus fowlpox]
  contig_3053
      Genus: [Plutovirus] -> [空]
  contig_3066
      Genus: [Rheavirus] -> [空]
      Species: [Rheavirus sinusmexicani] -> [Pithovirus LCPAC302]
  contig_3086
      Family: [Nudiviridae] -> [Mimiviridae]
      Genus: [Alphanudivirus] -> [空]
      Species: [Alphanudivirus alterdromelanogasteris] -> [空]
  contig_3131
      Phylum: [Nucleocytoviricota] -> [Peploviricota]
      Class: [Megaviricetes] -> [Herviviricetes]
      Order: [Imitervirales] -> [Herpesvirales]
      Family: [Mimiviridae] -> [Orthoherpesviridae]
      Genus: [Megavirus] -> [空]
      Species: [Megavirus chilense] -> [空]
  contig_3151
      Species: [Dishui Lake phycodnavirus 3] -> [Theiavirus salishense]
  contig_3163
      Genus: [Wendovervirus] -> [空]
      Species: [Wendovervirus sonii] -> [Homavirus sp.]
  contig_3167
      Genus: [Marseillevirus] -> [空]
      Species: [Marseillevirus massiliense] -> [Mimiviridae sp. ChoanoV1*]
  contig_3194
      Species: [Chrysophyceae clade H virus] -> [Tupanvirus altamarinense]
  contig_3206
      Species: [Alphaorpheovirus massiliense] -> [Theiavirus salishense]
  contig_3224
      Family: [Adenoviridae] -> [Schizomimiviridae]
  contig_3290
      Genus: [Theiavirus] -> [Gammaretrovirus]
  contig_3321
      Genus: [Iridovirus] -> [Coccolithovirus]
  contig_3334
      Genus: [Alphahydrivirus] -> [空]
      Species: [Alphahydrivirus permafrostis] -> [空]
  contig_3353
      Order: [Timlovirales] -> [空]
      Family: [Steitzviridae] -> [Herelleviridae]
      Genus: [Huhbevirus] -> [Goettingenvirus]
      Species: [Huhbevirus nemorisenecus] -> [Goettingenvirus goe8]
  contig_3361
      Order: [Algavirales] -> [空]
      Family: [Phycodnaviridae] -> [空]
  contig_3381
      Family: [Schizomimiviridae] -> [Phycodnaviridae]
      Species: [Chrysophyceae clade H virus] -> [Ostreococcus mediterraneus virus 2]
  contig_3397
      Species: [Lentivirus humimdef1] -> [Atrato Retro-like virus]
  contig_3421
      Species: [Marseillevirus LCMAC202] -> [Moumouvirus moumou]
  contig_3425
      Species: [Marseillevirus LCMAC201] -> [Dishui Lake large algae virus 1]
  contig_352
      Species: [Haifavirus tim68] -> [Caulimovirus sp.]
  contig_3534
      Class: [Caudoviricetes] -> [Megaviricetes]
      Genus: [Thornevirus] -> [Coccolithovirus]
  contig_3567
      Species: [Oceanusvirus kaneohense] -> [Sylvanvirus sp.]
  contig_3578
      Species: [Potexvirus triasparagi] -> [Alphacedratvirus brasiliense]
  contig_3594
      Species: [environmental samples] -> [空]
  contig_3595
      Species: [Alphabaculovirus ranus] -> [Alphaorpheovirus massiliense]
  contig_3600
      Genus: [Biavirus] -> [空]
  contig_3636
      Genus: [Alphahydrivirus] -> [Hokovirus]
      Species: [Orthopestivirus bovis] -> [Hokovirus HKV1]
  contig_3652
      Kingdom: [Heunggongvirae] -> [Bamfordvirae]
      Class: [Caudoviricetes] -> [Megaviricetes]
      Genus: [Minunavirus] -> [空]
  contig_3656
      Realm: [Riboviria] -> [Varidnaviria]
      Kingdom: [Orthornavirae] -> [Bamfordvirae]
      Phylum: [Kitrinoviricota] -> [Nucleocytoviricota]
      Class: [Tolucaviricetes] -> [Megaviricetes]
      Order: [Tolivirales] -> [Pimascovirales]
      Family: [Tombusviridae] -> [Iridoviridae]
      Genus: [Umbravirus] -> [Megalocytivirus]
      Species: [Sclerotinia sclerotiorum umbra-like virus 1-U] -> [Megalocytivirus lates1]
  contig_3682
      Order: [Herpesvirales] -> [Lefavirales]
      Species: [Varicellovirus bovinealpha1] -> [Alphanudivirus oryrhinocerotis]
  contig_3731
      Species: [Chrysochromulina ericina virus] -> [Theiavirus salishense]
  contig_3743
      Genus: [Salmonpoxvirus] -> [Gammaretrovirus]
  contig_380
      Realm: [Riboviria] -> [Duplodnaviria]
      Kingdom: [Orthornavirae] -> [Heunggongvirae]
  contig_3801
      Kingdom: [Shotokuvirae] -> [Bamfordvirae]
      Phylum: [Cossaviricota] -> [Preplasmiviricota]
      Class: [Papovaviricetes] -> [Pharingeaviricetes]
      Order: [Zurhausenvirales] -> [Rowavirales]
      Species: [Chipapillomavirus 3] -> [空]
  contig_3836
      Species: [Chrysophyceae clade H virus] -> [Tupanvirus salinum]
  contig_3895
      Species: [Alphahydrivirus permafrostis] -> [空]
  contig_3901
      Species: [Orthohepacivirus hominis] -> [Biavirus raunefjordenense]
  contig_3906
      Genus: [Sirevirus] -> [空]
      Species: [Sirevirus lycopersici] -> [Marseillevirus LCMAC201]
  contig_398
      Phylum: [Uroviricota] -> [Nucleocytoviricota]
      Class: [Caudoviricetes] -> [Megaviricetes]
      Genus: [Donellivirus] -> [Cotonvirus]
      Species: [Donellivirus gee] -> [Cotonvirus japonicum]
  contig_3988
      Species: [Marseillevirus LCMAC202] -> [Alphahydrivirus permafrostis]
  contig_3991
      Order: [Pantevenvirales] -> [Imitervirales]
      Family: [Kyanoviridae] -> [Schizomimiviridae]
      Genus: [Palaemonvirus] -> [空]
      Species: [Palaemonvirus pssm7] -> [Mimiviridae sp. ChoanoV1]
  contig_4016
      Genus: [Chlorovirus] -> [空]
      Species: [Chlorovirus americanus] -> [Terrestrivirus sp.]
  contig_4023
      Genus: [Alphahydrivirus] -> [空]
      Species: [Coltivirus dermacentoris] -> [Edafosvirus sp.]
  contig_4032
      Family: [Adenoviridae] -> [Mesomimiviridae]
  contig_4074
      Family: [Lakviridae] -> [空]
      Genus: [Vetruanivirus] -> [空]
      Species: [Vetruanivirus porcinprimi] -> [空]
  contig_408
      Genus: [Phabquatrovirus] -> [空]
  contig_4096
      Species: [Tupanvirus salinum] -> [Fadolivirus algeromassiliense]
  contig_4097
      Species: [Marseillevirus LCMAC202] -> [Tethysvirus raunefjordenense]
  contig_4125
      Species: [Agnivirus brisbanense] -> [Poseidoniales virus]
  contig_4141
      Order: [Pimascovirales] -> [空]
      Family: [Pithoviridae] -> [空]
  contig_4165
      Genus: [Magadivirus] -> [空]
  contig_4185
      Species: [Lentinula edodes beny-like virus 1-Hunong-1] -> [Benyvirus oryzae]
  contig_4187
      Species: [Biavirus raunefjordenense] -> [Losannavirus lausannense]
  contig_4212
      Genus: [Fadolivirus] -> [空]
      Species: [Fadolivirus algeromassiliense] -> [Marseillevirus LCMAC201]
  contig_4222
      Kingdom: [Heunggongvirae] -> [Bamfordvirae]
      Class: [Caudoviricetes] -> [Megaviricetes]
      Family: [Schizomimiviridae] -> [Orthoherpesviridae]
      Genus: [Minunavirus] -> [空]
  contig_4239
      Family: [Lakviridae] -> [Schizomimiviridae]
      Genus: [Hatfieldvirus] -> [Biavirus]
  contig_4262
      Species: [Pseudovirus australiense] -> [Atrato Retro-like virus]
  contig_429
      Species: [Lentivirus humimdef1] -> [Rotavirus tritogastroenteritidis]
  contig_4308
      Order: [Lefavirales] -> [Algavirales]
      Family: [Baculoviridae] -> [Phycodnaviridae]
      Genus: [Alphabaculovirus] -> [Prasinovirus]
      Species: [Alphabaculovirus raous] -> [空]
  contig_4310
      Family: [Hydriviridae] -> [Mimiviridae]
      Genus: [Alphahydrivirus] -> [空]
      Species: [Coltivirus dermacentoris] -> [空]
  contig_4332
      Species: [Orthopoxvirus cowpox] -> [Orthopoxvirus volepox]
  contig_4362
      Species: [Parahenipavirus jingmenense] -> [Orbivirus chenudaense]
  contig_4374
      Genus: [Alphahydrivirus] -> [空]
      Species: [Alphahydrivirus permafrostis] -> [空]
  contig_4378
      Species: [Biavirus raunefjordenense] -> [Chlorovirus vanettense]
  contig_4413
      Species: [Betaentomopoxvirus amoorei] -> [Carp edema virus]
  contig_4420
      Class: [Caudoviricetes] -> [Herviviricetes]
      Family: [Orthoherpesviridae] -> [Zimmerviridae]
      Genus: [Simplexvirus] -> [Lambdavirus]
      Species: [Simplexvirus humanalpha1] -> [Lambdavirus DE3]
  contig_4443
      Genus: [Eurybiavirus] -> [空]
      Species: [Eurybiavirus PHM1] -> [空]
  contig_4458
      Genus: [Immutovirus] -> [空]
  contig_4487
      Genus: [Mimivirus] -> [Alphapithovirus]
  contig_4514
      Genus: [Alphahydrivirus] -> [空]
      Species: [Alphahydrivirus permafrostis] -> [Marseillevirus LCMAC102]
  contig_4519
      Order: [Lefavirales] -> [空]
      Family: [Baculoviridae] -> [空]
      Species: [Rheavirus sinusmexicani] -> [Xeniaduovirus xenia2]
  contig_4533
      Family: [Mimiviridae] -> [Phycodnaviridae]
      Genus: [Theiavirus] -> [空]
      Species: [Theiavirus salishense] -> [空]
  contig_4539
      Species: [environmental samples] -> [空]
  contig_4579
      Family: [Adenoviridae] -> [Mesomimiviridae]
  contig_458
      Species: [Potyvirus papayanuli] -> [Alphaentomopoxvirus acuprea]
  contig_4626
      Species: [Varicellovirus equidalpha1] -> [Biavirus raunefjordenense]
  contig_4661
      Species: [Catovirus klosterense] -> [Fadolivirus algeromassiliense]
  contig_4671
      Class: [Caudoviricetes] -> [Megaviricetes]
  contig_4675
      Species: [Lentivirus humimdef1] -> [Mimivirus bradfordmassiliense]
  contig_4689
      Order: [Imitervirales] -> [Cryppavirales]
      Genus: [Alphahydrivirus] -> [Mitovirus]
      Species: [Alphahydrivirus permafrostis] -> [Mitovirus sp.]
  contig_4707
      Species: [Paratrioza sinica mesonivirus] -> [Agnivirus brisbanense]
  contig_4754
      Family: [Baculoviridae] -> [Phycodnaviridae]
  contig_4763
      Species: [Gammaretrovirus felleu] -> [Gammaretrovirus hazufelsar]
  contig_4769
      Species: [Magoulivirus lambdaplasmoparae] -> [Botourmiaviridae sp.]
  contig_4788
      Species: [Lentivirus humimdef1] -> [Alphaorpheovirus massiliense]
  contig_4793
      Genus: [Alphahydrivirus] -> [空]
      Species: [Alphahydrivirus permafrostis] -> [Terrestrivirus sp.]
  contig_4818
      Species: [Chrysophyceae clade H virus] -> [Plazymidvirus ZM41]
  contig_4824
      Species: [Micromonas polaris virus] -> [Tethysvirus raunefjordenense]
  contig_4840
      Genus: [Alphahydrivirus] -> [Tupanvirus]
      Species: [Theiavirus salishense] -> [空]
  contig_4849
      Genus: [Pandoravirus] -> [Alphatorquevirus]
  contig_4877
      Genus: [Biavirus] -> [空]
  contig_4903
      Species: [Tupanvirus salinum] -> [Biavirus raunefjordenense]
  contig_4916
      Order: [Pimascovirales] -> [Herpesvirales]
      Family: [Orpheoviridae] -> [Orthoherpesviridae]
      Genus: [Alphaorpheovirus] -> [空]
      Species: [Chrysophyceae clade H virus] -> [空]
  contig_4924
      Genus: [Iridovirus] -> [Prasinovirus]
      Species: [Iridovirus armadillidium1] -> [Dishui lake phycodnavirus 1]
  contig_4925
      Genus: [Toursvirus] -> [空]
      Species: [Toursvirus dptv1a] -> [Mimiviridae sp. ChoanoV1]
  contig_4932
      Species: [Pithovirus LCPAC304] -> [Metavirus tatarabidopsis]
  contig_4934
      Genus: [Tupanvirus] -> [Gammaretrovirus]
  contig_4964
      Genus: [Alphaorpheovirus] -> [Gammaretrovirus]
  contig_5004
      Genus: [Wendovervirus] -> [空]
      Species: [Wendovervirus sonii] -> [Homavirus sp.]
  contig_5017
      Species: [Tupanvirus salinum] -> [Harvfovirus sp.]
  contig_5030
      Species: [Mimivirus lagoaense] -> [Terrestrivirus sp.]
  contig_519
      Species: [Kofsystermes virus] -> [Oryzopoxvirus cotia]
  contig_54
      Genus: [Biavirus] -> [空]
  contig_587
      Family: [Hydriviridae] -> [Mimiviridae]
      Genus: [Alphahydrivirus] -> [Tupanvirus]
      Species: [Lentivirus humimdef1] -> [Tupanvirus altamarinense]
  contig_604
      Genus: [Tupanvirus] -> [Gammaretrovirus]
  contig_628
      Species: [Mimivirus U306] -> [Mimivirus lagoaense]
  contig_672
      Order: [Imitervirales] -> [Ortervirales]
  contig_692
      Genus: [Prasinovirus] -> [空]
      Species: [Prasinovirus micromonas] -> [Mimiviridae sp. ChoanoV1*]
  contig_703
      Genus: [Biavirus] -> [Kratosvirus]
      Species: [Biavirus raunefjordenense] -> [Kratosvirus quantuckense]
  contig_722
      Kingdom: [Heunggongvirae] -> [Bamfordvirae]
      Phylum: [Uroviricota] -> [Nucleocytoviricota]
      Class: [Caudoviricetes] -> [Megaviricetes]
  contig_773
      Genus: [Pseudovirus] -> [Caulimovirus]
      Species: [Pseudovirus solani] -> [Caulimovirus sp.]
  contig_781
      Species: [Chrysochromulina ericina virus] -> [Tethysvirus raunefjordenense]
  contig_813
      Species: [Alphacedratvirus aljazairmassiliense] -> [空]
  contig_842
      Genus: [Cypovirus] -> [空]
      Species: [Cypovirus trichoplusiae] -> [Edafosvirus sp.]
  contig_853
      Species: [Marseillevirus LCMAC202] -> [Moumouvirus australiense]
  contig_859
      Species: [Criusvirus kaneoense] -> [Biavirus raunefjordenense]
  contig_885
      Species: [Tymovirus brassicae] -> [Haifavirus tim68]
  contig_887
      Order: [Rowavirales] -> [空]
      Family: [Adenoviridae] -> [空]
      Species: [environmental samples] -> [空]
  contig_89
      Genus: [Pandoravirus] -> [空]
      Species: [Megaviridae environmental sample*] -> [空]
  contig_921
      Genus: [Chlorovirus] -> [空]
      Species: [Chlorovirus conductrix] -> [Terrestrivirus sp.]
  contig_954
      Class: [Caudoviricetes] -> [Pokkesviricetes]
      Genus: [Thornevirus] -> [Vespertilionpoxvirus]
      Species: [Thornevirus SP15] -> [Vespertilionpoxvirus eptesipox*]
  contig_987
      Class: [Caudoviricetes] -> [Megaviricetes]
      Order: [Pantevenvirales] -> [空]
      Family: [Kyanoviridae] -> [空]
      Genus: [Haifavirus] -> [空]
      Species: [Haifavirus tim68] -> [Nucleocytoviricota sp.]
