/tmp/rc66_count/final_integrated_classification.tsv
vs /tmp/sens_s1/final_integrated_classification.tsv
行数 20892 / 20892

| 阶元 | 非空 v66 | 非空 v67 | 变动行 | 有->空 | 空->有 | 值变 |
|---|---|---|---|---|---|---|
| Realm | 19015 | 19015 | 524 | 0 | 0 | 524 |
| Kingdom | 19142 | 19142 | 514 | 0 | 0 | 514 |
| Phylum | 19039 | 19039 | 516 | 0 | 0 | 516 |
| Class | 19457 | 19457 | 268 | 0 | 0 | 268 |
| Order | 18028 | 18028 | 665 | 0 | 0 | 665 |
| Family | 17710 | 17710 | 399 | 0 | 0 | 399 |
| Genus | 14658 | 14657 | 626 | 1 | 0 | 625 |
| Species | 17239 | 17069 | 1822 | 188 | 18 | 1616 |

涉及 contig 合计 2374

变化行全清单（2374 行 × 8 阶元，只列有差异的阶元）
  CRR1126133_clean_NODE_281_length_867_cov_0.406801
      Realm: [Varidnaviria] -> [Duplodnaviria]
      Kingdom: [Bamfordvirae] -> [Heunggongvirae]
      Phylum: [Nucleocytoviricota] -> [Uroviricota]
      Family: [Phycodnaviridae] -> [Arenbergviridae]
      Genus: [Prasinovirus] -> [Wroclawvirus]
      Species: [Prasinovirus micromonas] -> [Wroclawvirus PA5oct]
  CRR1126135_clean_NODE_107_length_2443_cov_5.838397
      Genus: [Glaucusvirus] -> [Gibbetvirus]
      Species: [Glaucusvirus ssm5] -> [Gibbetvirus rsm4]
  CRR1126135_clean_NODE_138_length_2279_cov_4.769266
      Realm: [Duplodnaviria] -> [Varidnaviria]
  CRR1126135_clean_NODE_147_length_2253_cov_2.977064
      Species: [Cilevirus passiflorae] -> [ssRNA positive-strand virus sp.]
  CRR1126135_clean_NODE_2241_length_650_cov_0.852686
      Class: [Pokkesviricetes] -> [Megaviricetes]
      Order: [Chitovirales] -> [Imitervirales]
      Species: [Epsilonentomopoxvirus dlongicaudata] -> [Mimiviridae sp. ChoanoV1]
  CRR1126135_clean_NODE_29_length_3464_cov_4.068711
      Realm: [Duplodnaviria] -> [Varidnaviria]
      Kingdom: [Heunggongvirae] -> [Bamfordvirae]
      Phylum: [Uroviricota] -> [Nucleocytoviricota]
      Class: [Caudoviricetes] -> [Megaviricetes]
      Species: [Llyrvirus SSKS1] -> [空]
  CRR1126135_clean_NODE_318_length_1704_cov_3.572655
      Realm: [Varidnaviria] -> [Duplodnaviria]
      Kingdom: [Bamfordvirae] -> [Heunggongvirae]
      Phylum: [Nucleocytoviricota] -> [Uroviricota]
      Order: [Imitervirales] -> [Algavirales]
  CRR1126135_clean_NODE_499_length_1449_cov_2.359012
      Species: [Fadolivirus algeromassiliense] -> [Mimivirus LCMiAC01]
  CRR1126135_clean_NODE_49_length_3136_cov_6.304603
      Species: [Tupanvirus salinum] -> [Chrysophyceae clade H virus]
  CRR1126135_clean_NODE_4_length_7102_cov_6.646038
      Realm: [Varidnaviria] -> [Riboviria]
      Kingdom: [Bamfordvirae] -> [Pararnavirae]
      Phylum: [Nucleocytoviricota] -> [Artverviricota]
      Class: [Megaviricetes] -> [Revtraviricetes]
      Order: [Imitervirales] -> [Ortervirales]
      Family: [Schizomimiviridae] -> [Retroviridae]
      Genus: [Biavirus] -> [Lentivirus]
      Species: [Biavirus raunefjordenense] -> [Lentivirus humimdef1]
  CRR1126135_clean_NODE_534_length_1415_cov_2.837556
      Order: [Pimascovirales] -> [Imitervirales]
      Family: [Orpheoviridae] -> [Mimiviridae]
      Genus: [Alphaorpheovirus] -> [Tupanvirus]
      Species: [Alphaorpheovirus massiliense] -> [空]
  CRR1126135_clean_NODE_57_length_2995_cov_14.699179
      Order: [Imitervirales] -> [Pimascovirales]
      Species: [Tethysvirus raunefjordenense] -> [空]
  CRR1126135_clean_NODE_58_length_2984_cov_4.478873
      Realm: [Varidnaviria] -> [Duplodnaviria]
      Kingdom: [Bamfordvirae] -> [Heunggongvirae]
      Phylum: [Nucleocytoviricota] -> [Uroviricota]
  CRR1126135_clean_NODE_66_length_2887_cov_8.486141
      Species: [Biavirus raunefjordenense] -> [Mimiviridae sp. ChoanoV1]
  CRR1126135_clean_NODE_81_length_2695_cov_19.808924
      Species: [Marseillevirus senegalense] -> [Tokyovirus A1]
  CRR1126135_clean_NODE_96_length_2525_cov_3.936786
      Order: [Algavirales] -> [Imitervirales]
      Family: [Phycodnaviridae] -> [Mimiviridae]
      Genus: [Prasinovirus] -> [Moumouvirus]
      Species: [Prasinovirus ostreotauri] -> [Moumouvirus maliense]
  CRR1126136_clean_NODE_76_length_1261_cov_2.835859
      Kingdom: [Pararnavirae] -> [Loebvirae]
      Phylum: [Artverviricota] -> [Hofneiviricota]
      Class: [Revtraviricetes] -> [Faserviricetes]
      Species: [Pseudovirus brassicae] -> [Tubulavirales sp.]
  CRR1126137_clean_NODE_20_length_2002_cov_2.716952
      Order: [Imitervirales] -> [Pimascovirales]
      Species: [Moumouvirus australiense] -> [空]
  CRR1126139_clean_NODE_217_length_1222_cov_3.033072
      Order: [Imitervirales] -> [Pimascovirales]
      Species: [Biavirus raunefjordenense] -> [Nucleocytoviricota sp.]
  CRR1126139_clean_NODE_430_length_881_cov_3.181931
      Species: [Gammaretrovirus woomonsar] -> [Gammaretrovirus murleu]
  CRR1126139_clean_NODE_72_length_1961_cov_3.638771
      Realm: [Varidnaviria] -> [Duplodnaviria]
      Kingdom: [Bamfordvirae] -> [Heunggongvirae]
      Phylum: [Nucleocytoviricota] -> [Uroviricota]
      Order: [Imitervirales] -> [Algavirales]
      Species: [Theiavirus salishense] -> [Micromonas commoda virus]
  CRR1126140_clean_NODE_1008_length_1193_cov_1.746429
      Species: [Pseudovirus hordei] -> [Atrato Retro-like virus]
  CRR1126140_clean_NODE_1140_length_1128_cov_2.745024
      Species: [Metavirus lilii] -> [Metavirus cladosporii]
  CRR1126140_clean_NODE_1242_length_1082_cov_2.643211
      Species: [Sirevirus lycopersici] -> [Penicillium camemberti virus - GP1*]
  CRR1126140_clean_NODE_142_length_2993_cov_13.095205
      Species: [Metavirus osvaldi] -> [Aedes aegypti To virus 2]
  CRR1126140_clean_NODE_187_length_2660_cov_3.661770
      Species: [Pseudovirus brassicae] -> [Sylvanvirus sp.]
  CRR1126140_clean_NODE_238_length_2374_cov_4.402434
      Family: [Metaviridae] -> [Retroviridae]
      Genus: [Metavirus] -> [Gammaretrovirus]
      Species: [Metavirus tatarabidopsis] -> [空]
  CRR1126140_clean_NODE_273_length_2256_cov_2.959230
      Order: [Imitervirales] -> [Algavirales]
      Species: [Theiavirus salishense] -> [Micromonas commoda virus]
  CRR1126140_clean_NODE_275_length_2252_cov_1.560349
      Species: [Metavirus osvaldi] -> [Aedes aegypti To virus 2]
  CRR1126140_clean_NODE_27_length_5205_cov_4.298519
      Species: [Hemivirus copiae] -> [Atrato Retro-like virus]
  CRR1126140_clean_NODE_2852_length_693_cov_6.058065
      Species: [Badnavirus gammavirgamusae] -> [Badnavirus reterubi]
  CRR1126140_clean_NODE_3325_length_636_cov_1.452931
      Species: [Pseudovirus solani] -> [Penicillium camemberti virus - GP1]
  CRR1126140_clean_NODE_353_length_1978_cov_2.952231
      Realm: [Duplodnaviria] -> [Varidnaviria]
      Kingdom: [Heunggongvirae] -> [Bamfordvirae]
      Phylum: [Uroviricota] -> [Nucleocytoviricota]
      Species: [Thornevirus SP15] -> [Chlorovirus heliozoae]
  CRR1126140_clean_NODE_4168_length_564_cov_1.792261
      Species: [Pseudovirus artarabidopsis] -> [Atrato Retro-like virus]
  CRR1126140_clean_NODE_432_length_1794_cov_3.259733
      Species: [Gammaretrovirus fibijimursar] -> [Gammaretrovirus momursar]
  CRR1126140_clean_NODE_4509_length_539_cov_2.688841
      Species: [Pseudovirus cajani] -> [Penicillium camemberti virus - GP1*]
  CRR1126140_clean_NODE_46_length_4512_cov_5.462492
      Species: [Pseudovirus tabaci] -> [Atrato Retro-like virus]
  CRR1126140_clean_NODE_758_length_1375_cov_1.720430
      Realm: [Riboviria] -> [Duplodnaviria]
      Kingdom: [Pararnavirae] -> [Heunggongvirae]
      Phylum: [Artverviricota] -> [Uroviricota]
      Family: [Pseudoviridae] -> [Peduoviridae]
      Genus: [Pseudovirus] -> [Baylorvirus]
      Species: [Pseudovirus tabaci] -> [Baylorvirus bv1127AP1]
  CRR1126140_clean_NODE_787_length_1353_cov_2.696875
      Genus: [Tupanvirus] -> [Catovirus]
      Species: [Tupanvirus salinum] -> [Catovirus CTV1]
  CRR1126140_clean_NODE_8_length_7957_cov_5.435312
      Realm: [Varidnaviria] -> [Duplodnaviria]
      Kingdom: [Bamfordvirae] -> [Heunggongvirae]
      Phylum: [Nucleocytoviricota] -> [Uroviricota]
  CRR1126141_clean_NODE_5_length_3067_cov_1.533400
      Species: [Pseudovirus artarabidopsis] -> [Penicillium camemberti virus - GP1*]
  CRR1126143_clean_NODE_28_length_1455_cov_7.089001
      Species: [Pseudovirus zeae] -> [Atrato Retro-like virus]
  CRR1126146_clean_NODE_17_length_2781_cov_0.883309
      Species: [Chlorovirus heliozoae] -> [Chlorovirus sp.]
  CRR1126149_clean_NODE_825_length_567_cov_0.568826
      Family: [Mimiviridae] -> [Mesomimiviridae]
      Genus: [Tupanvirus] -> [Criusvirus]
      Species: [Tupanvirus altamarinense] -> [Criusvirus kaneoense]
  CRR1126150_clean_NODE_5_length_11519_cov_5.946881
      Species: [Bristolvirus rhodeisland] -> [Nucleocytoviricota sp.]
  CRR1126151_clean_NODE_9_length_2669_cov_0.328968
      Realm: [Duplodnaviria] -> [Varidnaviria]
      Kingdom: [Heunggongvirae] -> [Bamfordvirae]
      Phylum: [Uroviricota] -> [Nucleocytoviricota]
  CRR1440120_clean_NODE_34_length_2132_cov_1.545410
      Species: [Chlorovirus vanettense] -> [Chlorovirus sp.]
  CRR1440121_clean_NODE_55_length_1946_cov_1.524293
      Species: [Chlorovirus conductrix] -> [Chlorovirus sp.]
  CRR1440121_clean_NODE_75_length_1807_cov_1.201845
      Realm: [Duplodnaviria] -> [Varidnaviria]
      Kingdom: [Heunggongvirae] -> [Bamfordvirae]
      Phylum: [Uroviricota] -> [Nucleocytoviricota]
  CRR1440123_clean_NODE_1381_length_832_cov_1.504611
      Class: [Naldaviricetes] -> [Caudoviricetes]
      Order: [Lefavirales] -> [Pantevenvirales]
      Family: [Nudiviridae] -> [Straboviridae]
      Genus: [Betanudivirus] -> [Biquartavirus]
      Species: [Betanudivirus hezeae] -> [Biquartavirus 44RR2]
  CRR1440123_clean_NODE_2354_length_655_cov_1.223368
      Genus: [Fadolivirus] -> [Klosneuvirus]
      Species: [Fadolivirus algeromassiliense] -> [Klosneuvirus KNV1]
  CRR1440123_clean_NODE_3_length_7439_cov_1883.998099
      Species: [Potexvirus flavimaculae] -> [Potexvirus ecspotati]
  CRR1440123_clean_NODE_48_length_2393_cov_2.177586
      Realm: [Varidnaviria] -> [Duplodnaviria]
      Kingdom: [Bamfordvirae] -> [Heunggongvirae]
      Phylum: [Nucleocytoviricota] -> [Uroviricota]
  CRR1440124_clean_NODE_125_length_1825_cov_1.932078
      Realm: [Varidnaviria] -> [Duplodnaviria]
      Kingdom: [Bamfordvirae] -> [Heunggongvirae]
      Phylum: [Nucleocytoviricota] -> [Peploviricota]
      Class: [Megaviricetes] -> [Herviviricetes]
      Order: [Imitervirales] -> [Herpesvirales]
      Species: [Moumouvirus australiense] -> [Sylvanvirus sp.]
  CRR1440124_clean_NODE_2734_length_585_cov_0.683594
      Species: [Deltaflexivirus glycinis] -> [Agrostis stolonifera deltaflexivirus 1]
  CRR1440124_clean_NODE_417_length_1307_cov_0.604538
      Species: [Deltaflexivirus glycinis] -> [Agrostis stolonifera deltaflexivirus 1]
  CRR1440125_clean_NODE_1625_length_744_cov_0.830104
      Species: [Deltaflexivirus glycinis] -> [Agrostis stolonifera deltaflexivirus 1]
  CRR1440125_clean_NODE_2006_length_674_cov_0.971714
      Species: [Deltaflexivirus glycinis] -> [Alternaria alternata deltaflexivirus 1]
  CRR1440125_clean_NODE_2269_length_635_cov_0.946619
      Species: [Deltaflexivirus sclerotiniae] -> [Agrostis stolonifera deltaflexivirus 1]
  CRR1440126_clean_NODE_101_length_2987_cov_1.760124
      Species: [Oceanusvirus kaneohense] -> [Mimiviridae sp. ChoanoV1]
  CRR1440126_clean_NODE_1107_length_1683_cov_3.013665
      Species: [Fadolivirus algeromassiliense] -> [Barrevirus sp.]
  CRR1440126_clean_NODE_11770_length_501_cov_0.782710
      Species: [Mimivirus bradfordmassiliense] -> [Dishui Lake large algae virus 1]
  CRR1440126_clean_NODE_1367_length_1561_cov_2.372984
      Species: [Deltaflexivirus glycinis] -> [Agrostis stolonifera deltaflexivirus 1]
  CRR1440126_clean_NODE_156_length_2722_cov_6.519441
      Species: [Mimivirus bradfordmassiliense] -> [Satyrvirus sp.]
  CRR1440126_clean_NODE_213_length_2526_cov_2.118223
      Phylum: [Nucleocytoviricota] -> [Preplasmiviricota]
      Class: [Megaviricetes] -> [Pharingeaviricetes]
      Order: [Imitervirales] -> [Rowavirales]
      Species: [Megavirus powaiense] -> [空]
  CRR1440126_clean_NODE_22_length_3860_cov_2.412464
      Species: [Deltaflexivirus glycinis] -> [Erysiphe necator associated deltaflexivirus 1]
  CRR1440126_clean_NODE_239_length_2460_cov_2.910767
      Species: [Tethysvirus raunefjordenense] -> [空]
  CRR1440126_clean_NODE_334_length_2275_cov_4.453224
      Species: [Megavirus powaiense] -> [Dishui Lake large algae virus 1]
  CRR1440126_clean_NODE_3758_length_986_cov_2.088719
      Species: [Deltaflexivirus glycinis] -> [Agrostis stolonifera deltaflexivirus 1]
  CRR1440126_clean_NODE_4_length_6407_cov_6.481213
      Species: [Deltaflexivirus glycinis] -> [Leptosphaeria biglobosa deltaflexivirus 1]
  CRR1440126_clean_NODE_5272_length_808_cov_6.991837
      Species: [Biavirus raunefjordenense] -> [Mimiviridae sp. ChoanoV1*]
  CRR1440126_clean_NODE_535_length_2033_cov_4.067857
      Order: [Imitervirales] -> [Pimascovirales]
      Species: [Megavirus powaiense] -> [空]
  CRR1440126_clean_NODE_576_length_1992_cov_2.694112
      Species: [Fadolivirus algeromassiliense] -> [Barrevirus sp.]
  CRR1440126_clean_NODE_6464_length_715_cov_1.302181
      Species: [Deltaflexivirus glycinis] -> [Erysiphe necator associated deltaflexivirus 1]
  CRR1440126_clean_NODE_647_length_1936_cov_4.283951
      Species: [Teubervirus AM6] -> [Florenciella sp. virus SA1]
  CRR1440126_clean_NODE_662_length_1929_cov_1.085129
      Realm: [Duplodnaviria] -> [Varidnaviria]
      Kingdom: [Heunggongvirae] -> [Bamfordvirae]
      Phylum: [Uroviricota] -> [Nucleocytoviricota]
  CRR1440126_clean_NODE_700_length_1905_cov_2.616812
      Species: [Agnivirus brisbanense] -> [Poseidoniales virus]
  CRR1440126_clean_NODE_709_length_1902_cov_3.923455
      Realm: [Varidnaviria] -> [Riboviria]
      Kingdom: [Bamfordvirae] -> [Orthornavirae]
      Phylum: [Nucleocytoviricota] -> [Kitrinoviricota]
      Class: [Megaviricetes] -> [Flasuviricetes]
  CRR1440126_clean_NODE_873_length_1808_cov_1.077810
      Species: [Deltaflexivirus sclerotiniae] -> [Agrostis stolonifera deltaflexivirus 1]
  CRR1440126_clean_NODE_912_length_1793_cov_2.004651
      Genus: [Coccolithovirus] -> [Prasinovirus]
      Species: [Coccolithovirus huxleyi] -> [Dishui Lake phycodnavirus 3]
  CRR1440126_clean_NODE_914_length_1792_cov_3.429319
      Species: [空] -> [Marseillevirus LCMAC201]
  CRR1440126_clean_NODE_9754_length_558_cov_0.546392
      Species: [Deltaflexivirus glycinis] -> [Agrostis stolonifera deltaflexivirus 1]
  CRR1440126_clean_NODE_9_length_4719_cov_3.356436
      Species: [Phaeovirus unasiliculosus] -> [Sylvanvirus sp.]
  CRR1440127_clean_NODE_1007_length_1864_cov_3.206030
      Species: [Fadolivirus algeromassiliense] -> [Barrevirus sp.]
  CRR1440127_clean_NODE_10443_length_562_cov_1.306748
      Species: [Deltaflexivirus glycinis] -> [Agrostis stolonifera deltaflexivirus 1]
  CRR1440127_clean_NODE_1225_length_1752_cov_2.282311
      Species: [Tethysvirus raunefjordenense] -> [Mimiviridae sp. ChoanoV1]
  CRR1440127_clean_NODE_1339_length_1700_cov_1.740627
      Order: [Imitervirales] -> [Pimascovirales]
  CRR1440127_clean_NODE_1370_length_1685_cov_3.921216
      Realm: [Duplodnaviria] -> [Varidnaviria]
      Kingdom: [Heunggongvirae] -> [Bamfordvirae]
      Phylum: [Uroviricota] -> [Nucleocytoviricota]
  CRR1440127_clean_NODE_1521_length_1617_cov_1.246114
      Genus: [Cotonvirus] -> [Catovirus]
      Species: [Cotonvirus japonicum] -> [Catovirus CTV1]
  CRR1440127_clean_NODE_1533_length_1611_cov_2.310793
      Realm: [Duplodnaviria] -> [Varidnaviria]
      Kingdom: [Heunggongvirae] -> [Bamfordvirae]
      Phylum: [Uroviricota] -> [Nucleocytoviricota]
  CRR1440127_clean_NODE_153_length_3075_cov_3.881079
      Genus: [Moumouvirus] -> [Tupanvirus]
      Species: [Moumouvirus australiense] -> [Tupanvirus altamarinense]
  CRR1440127_clean_NODE_1557_length_1603_cov_2.528758
      Species: [Deltaflexivirus glycinis] -> [Agrostis stolonifera deltaflexivirus 1]
  CRR1440127_clean_NODE_1826_length_1513_cov_2.226389
      Phylum: [Uroviricota] -> [Nucleocytoviricota]
      Family: [Lakviridae] -> [Spinareoviridae]
      Genus: [Hatfieldvirus] -> [Coltivirus]
      Species: [Hatfieldvirus porci] -> [空]
  CRR1440127_clean_NODE_2299_length_1376_cov_0.988488
      Species: [Deltaflexivirus glycinis] -> [Agrostis stolonifera deltaflexivirus 1]
  CRR1440127_clean_NODE_318_length_2564_cov_10.765556
      Species: [Biavirus raunefjordenense] -> [Mimiviridae sp. ChoanoV1*]
  CRR1440127_clean_NODE_3191_length_1178_cov_1.517647
      Species: [Deltaflexivirus sclerotiniae] -> [Agrostis stolonifera deltaflexivirus 1]
  CRR1440127_clean_NODE_366_length_2459_cov_2.475692
      Order: [Algavirales] -> [Imitervirales]
  CRR1440127_clean_NODE_416_length_2378_cov_10.954447
      Order: [Imitervirales] -> [Algavirales]
      Species: [Tethysvirus raunefjordenense] -> [Micromonas commoda virus]
  CRR1440127_clean_NODE_4359_length_993_cov_5.364130
      Species: [Tupanvirus altamarinense] -> [Tupanvirus salinum]
  CRR1440127_clean_NODE_454_length_2310_cov_3.629861
      Order: [Imitervirales] -> [Algavirales]
      Family: [Mimiviridae] -> [Phycodnaviridae]
      Genus: [Tupanvirus] -> [Chlorovirus]
      Species: [Tupanvirus altamarinense] -> [空]
  CRR1440127_clean_NODE_4723_length_946_cov_0.886598
      Species: [Deltaflexivirus glycinis] -> [Agrostis stolonifera deltaflexivirus 1]
  CRR1440127_clean_NODE_473_length_2274_cov_9.568378
      Order: [Imitervirales] -> [Pimascovirales]
      Species: [Tethysvirus raunefjordenense] -> [空]
  CRR1440127_clean_NODE_510_length_2230_cov_2.217432
      Realm: [Duplodnaviria] -> [Varidnaviria]
      Kingdom: [Heunggongvirae] -> [Bamfordvirae]
  CRR1440127_clean_NODE_547_length_2179_cov_2.257360
      Realm: [Varidnaviria] -> [Riboviria]
      Kingdom: [Bamfordvirae] -> [Pararnavirae]
      Phylum: [Nucleocytoviricota] -> [Artverviricota]
      Class: [Megaviricetes] -> [Revtraviricetes]
      Order: [Pimascovirales] -> [Ortervirales]
      Family: [Hydriviridae] -> [Retroviridae]
      Genus: [Alphahydrivirus] -> [Gammaretrovirus]
      Species: [Alphahydrivirus permafrostis] -> [Gammaretrovirus felleu]
  CRR1440127_clean_NODE_640_length_2106_cov_2.167732
      Species: [Tupanvirus altamarinense] -> [Chrysophyceae clade H virus]
  CRR1440127_clean_NODE_6802_length_750_cov_0.604136
      Species: [Deltaflexivirus glycinis] -> [Alternaria alternata deltaflexivirus 1]
  CRR1440127_clean_NODE_7613_length_696_cov_1.298555
      Order: [Imitervirales] -> [Algavirales]
      Species: [Fadolivirus algeromassiliense] -> [Dishui Lake phycodnavirus 4]
  CRR1440127_clean_NODE_814_length_1973_cov_1.472632
      Realm: [Duplodnaviria] -> [Varidnaviria]
      Kingdom: [Heunggongvirae] -> [Bamfordvirae]
      Phylum: [Uroviricota] -> [Nucleocytoviricota]
      Species: [Spinunavirus IPP61] -> [Fadolivirus algeromassiliense]
  CRR1440127_clean_NODE_8826_length_628_cov_5.232432
      Species: [Deltaflexivirus glycinis] -> [Agrostis stolonifera deltaflexivirus 1]
  CRR1440128_clean_NODE_1020_length_1802_cov_5.293811
      Class: [Naldaviricetes] -> [Caudoviricetes]
      Order: [Lefavirales] -> [Pantevenvirales]
      Family: [Nudiviridae] -> [Straboviridae]
      Genus: [Betanudivirus] -> [Biquartavirus]
      Species: [Betanudivirus hezeae] -> [Biquartavirus 44RR2]
  CRR1440128_clean_NODE_1104_length_1765_cov_17.167258
      Species: [Fadolivirus algeromassiliense] -> [Mimivirus LCMiAC01]
  CRR1440128_clean_NODE_1245_length_1703_cov_1.444785
      Species: [Deltaflexivirus glycinis] -> [Agrostis stolonifera deltaflexivirus 1]
  CRR1440128_clean_NODE_1259_length_1695_cov_1.586313
      Genus: [Zhoulongquanvirus] -> [Nilusvirus]
      Species: [Zhoulongquanvirus esscess] -> [Nilusvirus ssm2]
  CRR1440128_clean_NODE_130_length_2924_cov_3.144160
      Realm: [Varidnaviria] -> [Duplodnaviria]
      Kingdom: [Bamfordvirae] -> [Heunggongvirae]
      Phylum: [Nucleocytoviricota] -> [Peploviricota]
      Class: [Megaviricetes] -> [Herviviricetes]
      Order: [Imitervirales] -> [Herpesvirales]
      Family: [Mimiviridae] -> [Anelloviridae]
      Genus: [Tupanvirus] -> [Alphatorquevirus]
  CRR1440128_clean_NODE_137_length_2897_cov_4.391289
      Realm: [Varidnaviria] -> [Duplodnaviria]
      Kingdom: [Bamfordvirae] -> [Heunggongvirae]
      Phylum: [Nucleocytoviricota] -> [Uroviricota]
  CRR1440128_clean_NODE_1685_length_1534_cov_3.859685
      Genus: [Megavirus] -> [Tupanvirus]
      Species: [Megavirus chilense] -> [Tupanvirus altamarinense]
  CRR1440128_clean_NODE_172_length_2767_cov_2.167780
      Class: [Pokkesviricetes] -> [Megaviricetes]
      Order: [Chitovirales] -> [Imitervirales]
  CRR1440128_clean_NODE_1885_length_1468_cov_2.515412
      Class: [Naldaviricetes] -> [Caudoviricetes]
      Order: [Lefavirales] -> [Pantevenvirales]
      Family: [Nudiviridae] -> [Straboviridae]
      Genus: [Betanudivirus] -> [Biquartavirus]
      Species: [Betanudivirus hezeae] -> [Biquartavirus 44RR2]
  CRR1440128_clean_NODE_1891_length_1467_cov_1.080344
      Species: [Tupanvirus salinum] -> [Chrysophyceae clade H virus]
  CRR1440128_clean_NODE_1896_length_1465_cov_1.732040
      Species: [Grisebachstrassevirus goe3] -> [Sicyoidochytrium minutum DNA virus]
  CRR1440128_clean_NODE_204_length_2661_cov_2.641036
      Realm: [Duplodnaviria] -> [Varidnaviria]
      Kingdom: [Heunggongvirae] -> [Bamfordvirae]
      Phylum: [Uroviricota] -> [Nucleocytoviricota]
  CRR1440128_clean_NODE_294_length_2468_cov_2.677244
      Class: [Megaviricetes] -> [Pokkesviricetes]
      Order: [Imitervirales] -> [Chitovirales]
      Family: [Schizomimiviridae] -> [Poxviridae]
      Genus: [Biavirus] -> [Parapoxvirus]
      Species: [Biavirus raunefjordenense] -> [Parapoxvirus orf]
  CRR1440128_clean_NODE_34_length_3725_cov_7.837897
      Species: [Chlorovirus americanus] -> [Chlorovirus sp.]
  CRR1440128_clean_NODE_3794_length_1065_cov_2.172379
      Species: [Deltaflexivirus glycinis] -> [Agrostis stolonifera deltaflexivirus 1]
  CRR1440128_clean_NODE_394_length_2289_cov_2.576264
      Species: [Alphahydrivirus permafrostis] -> [Pithovirus LCPAC304]
  CRR1440128_clean_NODE_43_length_3641_cov_12.408913
      Species: [Deltaflexivirus glycinis] -> [Agrostis stolonifera deltaflexivirus 1]
  CRR1440128_clean_NODE_468_length_2192_cov_3.300142
      Species: [Tethysvirus raunefjordenense] -> [Dishui Lake large algae virus 1]
  CRR1440128_clean_NODE_626_length_2039_cov_1.584944
      Order: [Imitervirales] -> [Pimascovirales]
      Species: [Biavirus raunefjordenense] -> [Pithovirus LCPAC406]
  CRR1440128_clean_NODE_654_length_2014_cov_2.314271
      Order: [Pimascovirales] -> [Imitervirales]
      Family: [Hydriviridae] -> [Mimiviridae]
      Genus: [Alphahydrivirus] -> [Hokovirus]
      Species: [Alphahydrivirus permafrostis] -> [Hokovirus HKV1]
  CRR1440128_clean_NODE_735_length_1961_cov_4.607521
      Species: [Prasinovirus micromonas] -> [Micromonas commoda virus 20T]
  CRR1440128_clean_NODE_785_length_1922_cov_2.789616
      Species: [Agnivirus brisbanense] -> [Poseidoniales virus]
  CRR1440128_clean_NODE_791_length_1917_cov_3.168113
      Class: [Pokkesviricetes] -> [Megaviricetes]
      Order: [Chitovirales] -> [Imitervirales]
      Family: [Poxviridae] -> [Allomimiviridae]
      Genus: [Epsilonentomopoxvirus] -> [Oceanusvirus]
      Species: [Epsilonentomopoxvirus dlongicaudata] -> [Oceanusvirus kaneohense]
  CRR1440128_clean_NODE_842_length_1891_cov_3.453245
      Species: [Tsamsavirus tsamsa] -> [Grisebachstrassevirus goe3]
  CRR1440128_clean_NODE_9021_length_628_cov_1.050450
      Species: [Deltaflexivirus glycinis] -> [Agrostis stolonifera deltaflexivirus 1]
  CRR1440128_clean_NODE_926_length_1843_cov_1.709605
      Realm: [Varidnaviria] -> [Duplodnaviria]
      Kingdom: [Bamfordvirae] -> [Heunggongvirae]
      Phylum: [Nucleocytoviricota] -> [Uroviricota]
  CRR1440128_clean_NODE_941_length_1835_cov_6.902384
      Realm: [Varidnaviria] -> [Duplodnaviria]
      Kingdom: [Bamfordvirae] -> [Heunggongvirae]
      Phylum: [Nucleocytoviricota] -> [Peploviricota]
      Class: [Megaviricetes] -> [Herviviricetes]
      Order: [Pimascovirales] -> [Herpesvirales]
      Species: [Alphaorpheovirus massiliense] -> [Sylvanvirus sp.]
  CRR1440128_clean_NODE_990_length_1814_cov_2.207352
      Species: [Eneladusvirus Yen904] -> [Eneladusvirus BF]
  CRR1440129_clean_NODE_115_length_2583_cov_1.936255
      Order: [Imitervirales] -> [Algavirales]
      Family: [Schizomimiviridae] -> [Phycodnaviridae]
      Genus: [Biavirus] -> [Chlorovirus]
      Species: [Biavirus raunefjordenense] -> [Florenciella sp. virus SA1]
  CRR1440129_clean_NODE_14_length_3814_cov_3.848704
      Realm: [Varidnaviria] -> [Duplodnaviria]
      Kingdom: [Bamfordvirae] -> [Heunggongvirae]
      Phylum: [Nucleocytoviricota] -> [Uroviricota]
  CRR1440129_clean_NODE_275_length_2088_cov_1.363772
      Order: [Imitervirales] -> [Algavirales]
      Family: [Mimiviridae] -> [Phycodnaviridae]
      Genus: [Rheavirus] -> [Chlorovirus]
      Species: [Rheavirus sinusmexicani] -> [空]
  CRR1440129_clean_NODE_282_length_2074_cov_0.388306
      Realm: [Varidnaviria] -> [Duplodnaviria]
      Kingdom: [Bamfordvirae] -> [Heunggongvirae]
      Phylum: [Nucleocytoviricota] -> [Uroviricota]
  CRR1440129_clean_NODE_348_length_1948_cov_3.374933
      Realm: [Varidnaviria] -> [Duplodnaviria]
      Kingdom: [Bamfordvirae] -> [Heunggongvirae]
      Phylum: [Nucleocytoviricota] -> [Uroviricota]
      Species: [Rheavirus sinusmexicani] -> [Litopenaeus vannamei majanivirus Nimav-1_LVa]
  CRR1440129_clean_NODE_6349_length_645_cov_4.601399
      Order: [Pimascovirales] -> [Imitervirales]
  CRR1440129_clean_NODE_719_length_1561_cov_1.293683
      Family: [Orpheoviridae] -> [Pithoviridae]
      Genus: [Alphaorpheovirus] -> [Alphacedratvirus]
      Species: [Alphaorpheovirus massiliense] -> [Alphacedratvirus brasiliense]
  CRR1440130_clean_NODE_100_length_2531_cov_27.747762
      Realm: [Duplodnaviria] -> [Varidnaviria]
      Kingdom: [Heunggongvirae] -> [Bamfordvirae]
      Phylum: [Uroviricota] -> [Nucleocytoviricota]
  CRR1440130_clean_NODE_1724_length_1048_cov_1.203077
      Species: [Pseudovirus nicotianae] -> [Sylvanvirus sp.]
  CRR1440130_clean_NODE_17_length_3767_cov_3.244180
      Species: [Chlorovirus conductrix] -> [Chlorovirus longinquus]
  CRR1440130_clean_NODE_233_length_2041_cov_1.398374
      Species: [Biavirus raunefjordenense] -> [Mimiviridae sp. ChoanoV1]
  CRR1440130_clean_NODE_237_length_2029_cov_2.379346
      Species: [Alphabaculovirus cycundantis] -> [Autographa nigrisigna nucleopolyhedrovirus]
  CRR1440130_clean_NODE_294_length_1920_cov_2.071467
      Order: [Algavirales] -> [Pimascovirales]
  CRR1440130_clean_NODE_357_length_1833_cov_2.164205
      Family: [Mesomimiviridae] -> [Schizomimiviridae]
      Genus: [Tethysvirus] -> [Biavirus]
      Species: [Tethysvirus ontarioense] -> [Biavirus raunefjordenense]
  CRR1440131_clean_NODE_101_length_2400_cov_2.507091
      Order: [Imitervirales] -> [Algavirales]
      Family: [Mimiviridae] -> [Phycodnaviridae]
      Genus: [Theiavirus] -> [Prasinovirus]
      Species: [Theiavirus salishense] -> [Dishui Lake phycodnavirus 3]
  CRR1440131_clean_NODE_149_length_2223_cov_2.361860
      Realm: [Riboviria] -> [Varidnaviria]
      Kingdom: [Pararnavirae] -> [Bamfordvirae]
      Phylum: [Artverviricota] -> [Nucleocytoviricota]
      Class: [Revtraviricetes] -> [Megaviricetes]
      Order: [Ortervirales] -> [Imitervirales]
  CRR1440131_clean_NODE_24_length_3317_cov_32.870838
      Genus: [Soymovirus] -> [Caulimovirus]
      Species: [Soymovirus crispocestri] -> [Chrysanthemum yellow edge associated virus 1]
  CRR1440131_clean_NODE_2_length_7389_cov_3.717332
      Realm: [Riboviria] -> [Duplodnaviria]
      Kingdom: [Pararnavirae] -> [Heunggongvirae]
      Phylum: [Artverviricota] -> [Peploviricota]
      Class: [Revtraviricetes] -> [Herviviricetes]
      Order: [Ortervirales] -> [Herpesvirales]
      Family: [Metaviridae] -> [Pithoviridae]
      Genus: [Metavirus] -> [Alphapithovirus]
      Species: [Metavirus tatarabidopsis] -> [Alphapithovirus siberiense]
  CRR1440131_clean_NODE_480_length_1598_cov_1.697705
      Realm: [Varidnaviria] -> [Duplodnaviria]
      Kingdom: [Bamfordvirae] -> [Heunggongvirae]
      Phylum: [Nucleocytoviricota] -> [Uroviricota]
  CRR1440131_clean_NODE_48_length_2944_cov_2.090561
      Realm: [Varidnaviria] -> [Duplodnaviria]
      Kingdom: [Bamfordvirae] -> [Heunggongvirae]
      Phylum: [Nucleocytoviricota] -> [Uroviricota]
  CRR1440131_clean_NODE_5_length_5023_cov_167.943838
      Genus: [Soymovirus] -> [Caulimovirus]
      Species: [Soymovirus maculaglycinis] -> [Caulimovirus sp.]
  CRR1440131_clean_NODE_70_length_2657_cov_4.804180
      Realm: [Varidnaviria] -> [Duplodnaviria]
      Kingdom: [Bamfordvirae] -> [Heunggongvirae]
      Phylum: [Nucleocytoviricota] -> [Uroviricota]
  CRR1440131_clean_NODE_95_length_2449_cov_3.436448
      Realm: [Varidnaviria] -> [Duplodnaviria]
      Kingdom: [Bamfordvirae] -> [Heunggongvirae]
      Phylum: [Nucleocytoviricota] -> [Uroviricota]
  CRR1440132_clean_NODE_112_length_2136_cov_1.819195
      Species: [Soymovirus crispocestri] -> [Soymovirus malvae]
  CRR1440132_clean_NODE_231_length_1704_cov_1.760270
      Species: [Soymovirus maculaglycinis] -> [Soymovirus malvae]
  CRR1440132_clean_NODE_54_length_2571_cov_2.045637
      Family: [Pseudoviridae] -> [Caulimoviridae]
      Genus: [Pseudovirus] -> [Caulimovirus]
      Species: [Pseudovirus solani] -> [Caulimovirus sp.]
  CRR1440133_clean_NODE_180_length_1734_cov_2.714028
      Species: [Pseudovirus brassicae] -> [Atrato Retro-like virus]
  CRR1440133_clean_NODE_1841_length_713_cov_0.901563
      Species: [Fadolivirus algeromassiliense] -> [Imitervirales sp.]
  CRR1440133_clean_NODE_2041_length_681_cov_1.134868
      Species: [Deltaflexivirus glycinis] -> [Alternaria alternata deltaflexivirus 1]
  CRR1440133_clean_NODE_257_length_1549_cov_0.970190
      Species: [Deltaflexivirus glycinis] -> [Agrostis stolonifera deltaflexivirus 1]
  CRR1440134_clean_NODE_2154_length_670_cov_3.536013
      Species: [Biavirus raunefjordenense] -> [Florenciella sp. virus SA1]
  CRR1440134_clean_NODE_508_length_1236_cov_1.465176
      Species: [Deltaflexivirus glycinis] -> [Alternaria alternata deltaflexivirus 1]
  CRR1440134_clean_NODE_578_length_1162_cov_1.959596
      Genus: [Soymovirus] -> [Caulimovirus]
      Species: [Soymovirus maculaglycinis] -> [Caulimovirus tessellobrassicae]
  CRR1440135_clean_NODE_1131_length_2330_cov_3.311475
      Class: [Naldaviricetes] -> [Caudoviricetes]
      Order: [Lefavirales] -> [Pantevenvirales]
      Family: [Nudiviridae] -> [Straboviridae]
      Genus: [Betanudivirus] -> [Biquartavirus]
      Species: [Betanudivirus hezeae] -> [Biquartavirus 44RR2]
  CRR1440135_clean_NODE_1159_length_2303_cov_3.065022
      Genus: [Fadolivirus] -> [Klosneuvirus]
      Species: [Fadolivirus algeromassiliense] -> [Klosneuvirus KNV1]
  CRR1440135_clean_NODE_1175_length_2280_cov_6.095605
      Species: [Teubervirus P087] -> [Florenciella sp. virus SA1]
  CRR1440135_clean_NODE_1200_length_2255_cov_6.995875
      Species: [Tupanvirus salinum] -> [Hyperionvirus sp.]
  CRR1440135_clean_NODE_1344_length_2121_cov_8.099609
      Order: [Algavirales] -> [Imitervirales]
  CRR1440135_clean_NODE_1407_length_2079_cov_2.588734
      Realm: [Varidnaviria] -> [Duplodnaviria]
      Kingdom: [Bamfordvirae] -> [Heunggongvirae]
  CRR1440135_clean_NODE_1462_length_2049_cov_1.846660
      Realm: [Varidnaviria] -> [Duplodnaviria]
      Kingdom: [Bamfordvirae] -> [Heunggongvirae]
      Phylum: [Nucleocytoviricota] -> [Uroviricota]
      Class: [Megaviricetes] -> [Caudoviricetes]
      Order: [Algavirales] -> [Pantevenvirales]
  CRR1440135_clean_NODE_1513_length_2018_cov_7.282262
      Species: [Tupanvirus salinum] -> [Chrysophyceae clade H virus]
  CRR1440135_clean_NODE_1688_length_1890_cov_3.548156
      Species: [Tupanvirus salinum] -> [Chrysophyceae clade H virus]
  CRR1440135_clean_NODE_1738_length_1849_cov_8.330518
      Family: [Mesomimiviridae] -> [Allomimiviridae]
      Genus: [Tethysvirus] -> [Heliosvirus]
      Species: [Tethysvirus ontarioense] -> [Heliosvirus raunefjordenense]
  CRR1440135_clean_NODE_2060_length_1667_cov_8.175031
      Order: [Crassvirales] -> [Magrovirales]
      Family: [Steigviridae] -> [Apasviridae]
      Genus: [Akihdevirus] -> [Agnivirus]
      Species: [Akihdevirus balticus] -> [Agnivirus brisbanense]
  CRR1440135_clean_NODE_20_length_7208_cov_11.769727
      Realm: [Varidnaviria] -> [Riboviria]
      Kingdom: [Bamfordvirae] -> [Pararnavirae]
      Phylum: [Nucleocytoviricota] -> [Artverviricota]
      Class: [Megaviricetes] -> [Revtraviricetes]
      Order: [Imitervirales] -> [Ortervirales]
      Family: [Mimiviridae] -> [Retroviridae]
      Genus: [Tupanvirus] -> [Lentivirus]
  CRR1440135_clean_NODE_2269_length_1560_cov_2.213853
      Realm: [Duplodnaviria] -> [Varidnaviria]
      Kingdom: [Heunggongvirae] -> [Bamfordvirae]
      Phylum: [Uroviricota] -> [Nucleocytoviricota]
  CRR1440135_clean_NODE_2289_length_1548_cov_2.159322
      Species: [Rhadinovirus macacinegamma12] -> [Clandestinovirus]
  CRR1440135_clean_NODE_237_length_4087_cov_9.153712
      Species: [Theiavirus salishense] -> [Terrestrivirus sp.]
  CRR1440135_clean_NODE_271_length_3909_cov_6.209593
      Realm: [Varidnaviria] -> [Duplodnaviria]
      Kingdom: [Bamfordvirae] -> [Heunggongvirae]
      Phylum: [Nucleocytoviricota] -> [Uroviricota]
      Species: [Biavirus raunefjordenense] -> [Florenciella sp. virus SA1]
  CRR1440135_clean_NODE_292_length_3822_cov_3.902641
      Realm: [Duplodnaviria] -> [Varidnaviria]
      Kingdom: [Heunggongvirae] -> [Bamfordvirae]
      Phylum: [Uroviricota] -> [Nucleocytoviricota]
  CRR1440135_clean_NODE_324_length_3736_cov_53.005460
      Species: [Metavirus saccharomycetis] -> [Metavirus sp.]
  CRR1440135_clean_NODE_32_length_6535_cov_149.046580
      Realm: [Duplodnaviria] -> [Varidnaviria]
      Kingdom: [Heunggongvirae] -> [Bamfordvirae]
      Phylum: [Uroviricota] -> [Nucleocytoviricota]
  CRR1440135_clean_NODE_348_length_3665_cov_29.918708
      Realm: [Varidnaviria] -> [Duplodnaviria]
      Kingdom: [Bamfordvirae] -> [Heunggongvirae]
      Phylum: [Nucleocytoviricota] -> [Uroviricota]
      Species: [Biavirus raunefjordenense] -> [Florenciella sp. virus SA1]
  CRR1440135_clean_NODE_368_length_3580_cov_13.171086
      Species: [Tupanvirus altamarinense] -> [Terrestrivirus sp.]
  CRR1440135_clean_NODE_373_length_3569_cov_21.129005
      Genus: [Tupanvirus] -> [Rheavirus]
      Species: [Tupanvirus altamarinense] -> [Rheavirus sinusmexicani*]
  CRR1440135_clean_NODE_438_length_3376_cov_3.058129
      Order: [Pimascovirales] -> [Imitervirales]
  CRR1440135_clean_NODE_533_length_3173_cov_5.616452
      Order: [Ortervirales] -> [Herpesvirales]
  CRR1440135_clean_NODE_5_length_8638_cov_13.717922
      Realm: [Varidnaviria] -> [Duplodnaviria]
      Kingdom: [Bamfordvirae] -> [Heunggongvirae]
      Phylum: [Nucleocytoviricota] -> [Uroviricota]
  CRR1440135_clean_NODE_615_length_2992_cov_2.907845
      Species: [Alphaendornavirus psophocarpi] -> [Carrot alphaendornavirus 1]
  CRR1440135_clean_NODE_679_length_2855_cov_4.378145
      Realm: [Varidnaviria] -> [Duplodnaviria]
      Kingdom: [Bamfordvirae] -> [Heunggongvirae]
      Phylum: [Nucleocytoviricota] -> [Uroviricota]
      Species: [Biavirus raunefjordenense] -> [Chrysophyceae clade H virus]
  CRR1440135_clean_NODE_716_length_2799_cov_4.441673
      Genus: [Aokuangvirus] -> [Aurunvirus]
      Species: [Aokuangvirus SCBWM1] -> [Aurunvirus STIM5]
  CRR1440135_clean_NODE_938_length_2509_cov_8.882594
      Species: [Tupanvirus altamarinense] -> [Chrysophyceae clade H virus]
  CRR1440135_clean_NODE_955_length_2487_cov_2.327672
      Realm: [Varidnaviria] -> [Duplodnaviria]
      Kingdom: [Bamfordvirae] -> [Heunggongvirae]
      Phylum: [Nucleocytoviricota] -> [Uroviricota]
      Class: [Megaviricetes] -> [Naldaviricetes]
      Order: [Algavirales] -> [Lefavirales]
      Family: [Phycodnaviridae] -> [Baculoviridae]
      Genus: [Chlorovirus] -> [Alphabaculovirus]
      Species: [Chlorovirus vanettense] -> [空]
  CRR1440136_clean_NODE_104_length_5812_cov_10.086600
      Kingdom: [Bamfordvirae] -> [Pararnavirae]
      Phylum: [Nucleocytoviricota] -> [Artverviricota]
      Class: [Megaviricetes] -> [Revtraviricetes]
      Order: [Imitervirales] -> [Ortervirales]
      Family: [Mimiviridae] -> [Retroviridae]
      Genus: [Mimivirus] -> [Gammaretrovirus]
      Species: [Mimivirus lagoaense] -> [Gammaretrovirus felleu]
  CRR1440136_clean_NODE_1089_length_2567_cov_3.238172
      Species: [Medusavirus medusae] -> [Medusavirus sthenus]
  CRR1440136_clean_NODE_1153_length_2484_cov_2.289506
      Species: [Biavirus raunefjordenense] -> [Riboviria sp.]
  CRR1440136_clean_NODE_1221_length_2411_cov_3.529512
      Phylum: [Nucleocytoviricota] -> [Preplasmiviricota]
      Class: [Megaviricetes] -> [Pharingeaviricetes]
      Order: [Imitervirales] -> [Rowavirales]
      Species: [Biavirus raunefjordenense] -> [空]
  CRR1440136_clean_NODE_1226_length_2406_cov_4.310759
      Genus: [Fadolivirus] -> [Tupanvirus]
      Species: [Fadolivirus algeromassiliense] -> [Tupanvirus salinum]
  CRR1440136_clean_NODE_1295_length_2321_cov_5.473754
      Species: [Biavirus raunefjordenense] -> [Satyrvirus sp.]
  CRR1440136_clean_NODE_1321_length_2299_cov_10.084456
      Species: [Biavirus raunefjordenense] -> [Mimiviridae sp. ChoanoV1*]
  CRR1440136_clean_NODE_1370_length_2256_cov_3.329363
      Family: [Orpheoviridae] -> [Pithoviridae]
      Genus: [Alphaorpheovirus] -> [Alphacedratvirus]
      Species: [Alphaorpheovirus massiliense] -> [Alphacedratvirus brasiliense]
  CRR1440136_clean_NODE_1380_length_2248_cov_4.272644
      Class: [Naldaviricetes] -> [Megaviricetes]
      Order: [Lefavirales] -> [Algavirales]
  CRR1440136_clean_NODE_141_length_5360_cov_5.717420
      Species: [Iridovirus armadillidium1] -> [Pithovirus LCPAC302]
  CRR1440136_clean_NODE_1620_length_2023_cov_5.109231
      Genus: [Fadolivirus] -> [Catovirus]
      Species: [Fadolivirus algeromassiliense] -> [Catovirus klosterense]
  CRR1440136_clean_NODE_1640_length_2003_cov_21.420725
      Order: [Imitervirales] -> [Algavirales]
  CRR1440136_clean_NODE_1746_length_1929_cov_14.964978
      Order: [Imitervirales] -> [Pimascovirales]
  CRR1440136_clean_NODE_183_length_4930_cov_7.396335
      Realm: [Varidnaviria] -> [Duplodnaviria]
      Kingdom: [Bamfordvirae] -> [Heunggongvirae]
  CRR1440136_clean_NODE_1843_length_1866_cov_19.486336
      Order: [Imitervirales] -> [Algavirales]
      Family: [Mesomimiviridae] -> [Phycodnaviridae]
      Genus: [Tethysvirus] -> [Prymnesiovirus]
      Species: [Tethysvirus hollandense] -> [空]
  CRR1440136_clean_NODE_1863_length_1852_cov_25.752108
      Species: [Agnivirus brisbanense] -> [Poseidoniales virus]
  CRR1440136_clean_NODE_18_length_9033_cov_6.706585
      Realm: [Duplodnaviria] -> [Varidnaviria]
      Kingdom: [Heunggongvirae] -> [Bamfordvirae]
      Phylum: [Uroviricota] -> [Nucleocytoviricota]
      Class: [Caudoviricetes] -> [Megaviricetes]
  CRR1440136_clean_NODE_2113_length_1693_cov_5.722222
      Realm: [Varidnaviria] -> [Duplodnaviria]
      Kingdom: [Bamfordvirae] -> [Heunggongvirae]
      Phylum: [Nucleocytoviricota] -> [Uroviricota]
  CRR1440136_clean_NODE_2171_length_1651_cov_12.574144
      Species: [Fadolivirus algeromassiliense] -> [Satyrvirus sp.*]
  CRR1440136_clean_NODE_21_length_8874_cov_7.108397
      Realm: [Duplodnaviria] -> [Varidnaviria]
      Kingdom: [Heunggongvirae] -> [Bamfordvirae]
      Phylum: [Uroviricota] -> [Nucleocytoviricota]
  CRR1440136_clean_NODE_225_length_4656_cov_7.042985
      Order: [Imitervirales] -> [Algavirales]
      Family: [Mimiviridae] -> [Phycodnaviridae]
      Genus: [Tupanvirus] -> [Phaeovirus]
      Species: [Tupanvirus salinum] -> [空]
  CRR1440136_clean_NODE_2323_length_1569_cov_8.444519
      Genus: [Moumouvirus] -> [Rheavirus]
      Species: [Moumouvirus australiense] -> [Rheavirus sinusmexicani*]
  CRR1440136_clean_NODE_2337_length_1563_cov_2.330872
      Species: [Tupanvirus salinum] -> [Chrysophyceae clade H virus]
  CRR1440136_clean_NODE_245_length_4547_cov_11.350916
      Species: [Alphabaculovirus angemmatalis] -> [Chrysophyceae clade H virus]
  CRR1440136_clean_NODE_256_length_4486_cov_15.178790
      Order: [Pimascovirales] -> [Imitervirales]
  CRR1440136_clean_NODE_262_length_4445_cov_15.697164
      Genus: [Theiavirus] -> [Indivirus]
      Species: [Theiavirus salishense] -> [Indivirus ILV1]
  CRR1440136_clean_NODE_374_length_3993_cov_9.743878
      Order: [Imitervirales] -> [Pimascovirales]
      Species: [Fadolivirus algeromassiliense] -> [空]
  CRR1440136_clean_NODE_464_length_3736_cov_14.249522
      Order: [Pimascovirales] -> [Imitervirales]
  CRR1440136_clean_NODE_491_length_3665_cov_11.932071
      Genus: [Fadolivirus] -> [Hokovirus]
      Species: [Fadolivirus algeromassiliense] -> [Hokovirus HKV1]
  CRR1440136_clean_NODE_492_length_3663_cov_144.678552
      Realm: [Varidnaviria] -> [Duplodnaviria]
      Kingdom: [Bamfordvirae] -> [Heunggongvirae]
      Phylum: [Nucleocytoviricota] -> [Uroviricota]
  CRR1440136_clean_NODE_520_length_3593_cov_46.046875
      Realm: [Varidnaviria] -> [Duplodnaviria]
      Kingdom: [Bamfordvirae] -> [Heunggongvirae]
      Phylum: [Nucleocytoviricota] -> [Uroviricota]
      Species: [Biavirus raunefjordenense] -> [Florenciella sp. virus SA1]
  CRR1440136_clean_NODE_525_length_3581_cov_21.165336
      Realm: [Varidnaviria] -> [Duplodnaviria]
      Kingdom: [Bamfordvirae] -> [Heunggongvirae]
      Phylum: [Nucleocytoviricota] -> [Peploviricota]
      Class: [Megaviricetes] -> [Herviviricetes]
      Order: [Imitervirales] -> [Herpesvirales]
  CRR1440136_clean_NODE_542_length_3539_cov_8.437969
      Realm: [Duplodnaviria] -> [Varidnaviria]
      Kingdom: [Heunggongvirae] -> [Bamfordvirae]
      Phylum: [Uroviricota] -> [Nucleocytoviricota]
      Class: [Caudoviricetes] -> [Megaviricetes]
      Order: [Grandevirales] -> [Pimascovirales]
  CRR1440136_clean_NODE_565_length_3481_cov_8.473592
      Family: [Mimiviridae] -> [Mesomimiviridae]
      Genus: [Cotonvirus] -> [Tethysvirus]
      Species: [Cotonvirus japonicum] -> [Tethysvirus norvegense]
  CRR1440136_clean_NODE_568_length_3479_cov_6.041104
      Species: [Rheavirus sinusmexicani] -> [Florenciella sp. virus SA1]
  CRR1440136_clean_NODE_570_length_3469_cov_7.496466
      Species: [Tupanvirus salinum] -> [Terrestrivirus sp.]
  CRR1440136_clean_NODE_604_length_3371_cov_7.288963
      Species: [Nimanivirus lahi] -> [Bemisia tabaci nido-like virus 1]
  CRR1440136_clean_NODE_619_length_3336_cov_3.050567
      Species: [Toursvirus dptv1a] -> [Florenciella sp. virus SA1]
  CRR1440136_clean_NODE_61_length_6570_cov_13.242266
      Family: [Schizomimiviridae] -> [Nimaviridae]
      Genus: [Biavirus] -> [Whispovirus]
      Species: [Biavirus raunefjordenense] -> [空]
  CRR1440136_clean_NODE_629_length_3309_cov_6.810878
      Species: [Biavirus raunefjordenense] -> [Florenciella sp. virus SA1]
  CRR1440136_clean_NODE_686_length_3182_cov_5.722740
      Order: [Algavirales] -> [Imitervirales]
  CRR1440136_clean_NODE_734_length_3078_cov_5.411980
      Species: [Fadolivirus algeromassiliense] -> [Satyrvirus sp.*]
  CRR1440136_clean_NODE_755_length_3052_cov_3.653239
      Realm: [Varidnaviria] -> [Duplodnaviria]
      Kingdom: [Bamfordvirae] -> [Heunggongvirae]
      Phylum: [Nucleocytoviricota] -> [Uroviricota]
      Species: [Biavirus raunefjordenense] -> [Furtivovirus sp. B10]
  CRR1440136_clean_NODE_78_length_6282_cov_4.948301
      Species: [Biavirus raunefjordenense] -> [Florenciella sp. virus SA1]
  CRR1440136_clean_NODE_87_length_6125_cov_6.323695
      Realm: [Duplodnaviria] -> [Varidnaviria]
      Kingdom: [Heunggongvirae] -> [Bamfordvirae]
      Phylum: [Uroviricota] -> [Nucleocytoviricota]
      Class: [Caudoviricetes] -> [Megaviricetes]
      Order: [Grandevirales] -> [Imitervirales]
      Species: [Wendovervirus sonii] -> [Homavirus sp.]
  CRR1440137_clean_NODE_1015_length_2527_cov_34.211899
      Order: [Imitervirales] -> [Pimascovirales]
      Species: [Biavirus raunefjordenense] -> [空]
  CRR1440137_clean_NODE_1047_length_2478_cov_9.382536
      Order: [Imitervirales] -> [Pimascovirales]
      Family: [Mimiviridae] -> [Iridoviridae]
      Genus: [Moumouvirus] -> [Iridovirus]
      Species: [Moumouvirus australiense] -> [Iridovirus armadillidium1]
  CRR1440137_clean_NODE_1365_length_2177_cov_7.440589
      Order: [Imitervirales] -> [Pimascovirales]
  CRR1440137_clean_NODE_1418_length_2128_cov_17.132360
      Order: [Imitervirales] -> [Algavirales]
      Species: [Tethysvirus raunefjordenense] -> [Chrysochromulina ericina virus]
  CRR1440137_clean_NODE_1502_length_2058_cov_2.234761
      Species: [Nitunavirus NIT1] -> [Nitunavirus SPG24]
  CRR1440137_clean_NODE_174_length_4572_cov_15.621249
      Order: [Imitervirales] -> [Pimascovirales]
      Species: [Rheavirus sinusmexicani] -> [Florenciella sp. virus SA1]
  CRR1440137_clean_NODE_1793_length_1852_cov_28.346262
      Genus: [Leucotheavirus] -> [Nilusvirus]
      Species: [Leucotheavirus sp4] -> [Nilusvirus ssm2]
  CRR1440137_clean_NODE_1959_length_1751_cov_4.058403
      Order: [Imitervirales] -> [Pimascovirales]
      Species: [Fadolivirus algeromassiliense] -> [空]
  CRR1440137_clean_NODE_2049_length_1696_cov_2.269871
      Realm: [Varidnaviria] -> [Duplodnaviria]
      Kingdom: [Bamfordvirae] -> [Heunggongvirae]
      Phylum: [Nucleocytoviricota] -> [Peploviricota]
      Class: [Megaviricetes] -> [Herviviricetes]
      Order: [Pimascovirales] -> [Herpesvirales]
  CRR1440137_clean_NODE_211_length_4240_cov_8.778258
      Species: [Fadolivirus algeromassiliense] -> [Pandoravirus japonicus]
  CRR1440137_clean_NODE_2183_length_1624_cov_2.219858
      Realm: [Duplodnaviria] -> [Varidnaviria]
      Kingdom: [Heunggongvirae] -> [Bamfordvirae]
      Phylum: [Peploviricota] -> [Nucleocytoviricota]
      Class: [Herviviricetes] -> [Megaviricetes]
  CRR1440137_clean_NODE_21_length_6997_cov_92.703206
      Order: [Imitervirales] -> [Martellivirales]
  CRR1440137_clean_NODE_250_length_4074_cov_13.992752
      Family: [Mesomimiviridae] -> [Schizomimiviridae]
      Genus: [Tethysvirus] -> [Biavirus]
      Species: [Tethysvirus ontarioense] -> [Biavirus raunefjordenense]
  CRR1440137_clean_NODE_266_length_3995_cov_4.296022
      Realm: [Varidnaviria] -> [Duplodnaviria]
      Kingdom: [Bamfordvirae] -> [Heunggongvirae]
      Phylum: [Nucleocytoviricota] -> [Uroviricota]
  CRR1440137_clean_NODE_2693_length_1370_cov_2.742483
      Genus: [Rheavirus] -> [Catovirus]
      Species: [Rheavirus sinusmexicani] -> [Catovirus CTV1]
  CRR1440137_clean_NODE_31_length_6698_cov_6.765132
      Realm: [Varidnaviria] -> [Duplodnaviria]
      Kingdom: [Bamfordvirae] -> [Heunggongvirae]
      Phylum: [Nucleocytoviricota] -> [Uroviricota]
  CRR1440137_clean_NODE_331_length_3793_cov_4.064516
      Class: [Megaviricetes] -> [Revtraviricetes]
      Order: [Imitervirales] -> [Ortervirales]
  CRR1440137_clean_NODE_356_length_3729_cov_9.879376
      Realm: [Duplodnaviria] -> [Varidnaviria]
      Kingdom: [Heunggongvirae] -> [Bamfordvirae]
      Phylum: [Uroviricota] -> [Nucleocytoviricota]
      Class: [Caudoviricetes] -> [Megaviricetes]
      Order: [Pantevenvirales] -> [Algavirales]
      Family: [Kyanoviridae] -> [Phycodnaviridae]
      Genus: [Serangoonvirus] -> [Prasinovirus]
      Species: [Serangoonvirus essarone] -> [Bathycoccus sp. RCC716 virus 3]
  CRR1440137_clean_NODE_4056_length_939_cov_3.093533
      Order: [Imitervirales] -> [Pimascovirales]
      Family: [Allomimiviridae] -> [Marseilleviridae]
      Genus: [Oceanusvirus] -> [Marseillevirus]
      Species: [Oceanusvirus kaneohense] -> [空]
  CRR1440137_clean_NODE_443_length_3479_cov_6.305637
      Order: [Pimascovirales] -> [Imitervirales]
      Species: [Marseillevirus massiliense] -> [Pandoravirus salinus]
  CRR1440137_clean_NODE_462_length_3436_cov_12.000000
      Realm: [Varidnaviria] -> [Duplodnaviria]
      Kingdom: [Bamfordvirae] -> [Heunggongvirae]
      Phylum: [Nucleocytoviricota] -> [Peploviricota]
      Class: [Megaviricetes] -> [Herviviricetes]
      Order: [Imitervirales] -> [Herpesvirales]
  CRR1440137_clean_NODE_472_length_3409_cov_10.175360
      Realm: [Varidnaviria] -> [Duplodnaviria]
      Kingdom: [Bamfordvirae] -> [Heunggongvirae]
      Phylum: [Nucleocytoviricota] -> [Peploviricota]
      Class: [Megaviricetes] -> [Herviviricetes]
      Order: [Pimascovirales] -> [Herpesvirales]
      Species: [Alphaorpheovirus massiliense] -> [Sylvanvirus sp.]
  CRR1440137_clean_NODE_5994_length_649_cov_0.739583
      Species: [Fadolivirus algeromassiliense] -> [Imitervirales sp.]
  CRR1440137_clean_NODE_632_length_3044_cov_3.169640
      Genus: [Kratosvirus] -> [Biavirus]
      Species: [Kratosvirus quantuckense] -> [Biavirus raunefjordenense]
  CRR1440137_clean_NODE_636_length_3038_cov_3.183811
      Species: [Biavirus raunefjordenense] -> [空]
  CRR1440137_clean_NODE_662_length_3000_cov_9.141442
      Realm: [Varidnaviria] -> [Duplodnaviria]
      Kingdom: [Bamfordvirae] -> [Heunggongvirae]
      Phylum: [Nucleocytoviricota] -> [Uroviricota]
  CRR1440137_clean_NODE_691_length_2960_cov_19.079667
      Realm: [Varidnaviria] -> [Duplodnaviria]
      Kingdom: [Bamfordvirae] -> [Heunggongvirae]
      Phylum: [Nucleocytoviricota] -> [Uroviricota]
      Species: [Biavirus raunefjordenense] -> [Chrysophyceae clade H virus]
  CRR1440137_clean_NODE_730_length_2879_cov_4.598004
      Species: [Alphabaculovirus pastagnalis] -> [Alphabaculovirus dijunonis]
  CRR1440137_clean_NODE_811_length_2765_cov_24.851040
      Class: [Naldaviricetes] -> [Caudoviricetes]
      Order: [Lefavirales] -> [Pantevenvirales]
      Family: [Nudiviridae] -> [Straboviridae]
      Genus: [Betanudivirus] -> [Biquartavirus]
      Species: [Betanudivirus hezeae] -> [Biquartavirus 44RR2]
  CRR1440137_clean_NODE_95_length_5320_cov_3.997904
      Class: [Pokkesviricetes] -> [Megaviricetes]
  CRR1440137_clean_NODE_98_length_5256_cov_32.024117
      Species: [Marfavirus F48] -> [Chrysophyceae clade H virus]
  CRR2703946_clean_NODE_1036_length_2362_cov_3.648755
      Realm: [Varidnaviria] -> [Riboviria]
      Kingdom: [Bamfordvirae] -> [Orthornavirae]
      Phylum: [Nucleocytoviricota] -> [Pisuviricota]
      Class: [Megaviricetes] -> [Pisoniviricetes]
      Order: [Imitervirales] -> [Nidovirales]
  CRR2703946_clean_NODE_1056_length_2350_cov_2.208608
      Genus: [Theiavirus] -> [Rheavirus]
      Species: [Theiavirus salishense] -> [Rheavirus sinusmexicani*]
  CRR2703946_clean_NODE_1079_length_2335_cov_7.908046
      Species: [Biavirus raunefjordenense] -> [Mimiviridae sp. ChoanoV1*]
  CRR2703946_clean_NODE_10_length_8021_cov_15.131983
      Realm: [Varidnaviria] -> [Duplodnaviria]
      Kingdom: [Bamfordvirae] -> [Heunggongvirae]
      Phylum: [Nucleocytoviricota] -> [Uroviricota]
      Class: [Megaviricetes] -> [Naldaviricetes]
      Order: [Imitervirales] -> [Lefavirales]
      Family: [Schizomimiviridae] -> [Peduoviridae]
      Genus: [Biavirus] -> [Gemsvirus]
      Species: [Biavirus raunefjordenense] -> [Gemsvirus gv5004652]
  CRR2703946_clean_NODE_1173_length_2269_cov_235.562386
      Realm: [Varidnaviria] -> [Duplodnaviria]
      Kingdom: [Bamfordvirae] -> [Heunggongvirae]
      Phylum: [Nucleocytoviricota] -> [Uroviricota]
      Species: [Theiavirus salishense] -> [Armadillidium vulgare clopovirus]
  CRR2703946_clean_NODE_1235_length_2222_cov_8.476035
      Class: [Megaviricetes] -> [Pokkesviricetes]
      Order: [Imitervirales] -> [Chitovirales]
      Species: [Tethysvirus raunefjordenense] -> [Carp edema virus]
  CRR2703946_clean_NODE_1362_length_2126_cov_17.792986
      Species: [Agnivirus brisbanense] -> [Poseidoniales virus]
  CRR2703946_clean_NODE_1440_length_2088_cov_14.934988
      Species: [Fadolivirus algeromassiliense] -> [Hyperionvirus sp.]
  CRR2703946_clean_NODE_1448_length_2087_cov_2.896226
      Species: [Tethysvirus raunefjordenense] -> [Dishui Lake large algae virus 1]
  CRR2703946_clean_NODE_1451_length_2085_cov_6.096918
      Genus: [Tupanvirus] -> [Fadolivirus]
      Species: [Tupanvirus altamarinense] -> [Fadolivirus algeromassiliense]
  CRR2703946_clean_NODE_1476_length_2068_cov_1.296742
      Order: [Pimascovirales] -> [Imitervirales]
      Species: [Alphaorpheovirus massiliense] -> [空]
  CRR2703946_clean_NODE_147_length_4260_cov_10.356580
      Species: [Alphacedratvirus francolausannense] -> [Alphacedratvirus brasiliense]
  CRR2703946_clean_NODE_149_length_4246_cov_4.543973
      Species: [Donellivirus gee] -> [Dishui Lake large algae virus 1]
  CRR2703946_clean_NODE_153_length_4218_cov_4.869723
      Order: [Imitervirales] -> [Pimascovirales]
  CRR2703946_clean_NODE_15671_length_543_cov_0.906383
      Species: [Deltaflexivirus glycinis] -> [Alternaria alternata deltaflexivirus 1]
  CRR2703946_clean_NODE_1604_length_2000_cov_3.680332
      Order: [Imitervirales] -> [Algavirales]
      Family: [Mimiviridae] -> [Phycodnaviridae]
      Genus: [Fadolivirus] -> [Chlorovirus]
      Species: [Fadolivirus algeromassiliense] -> [Chlorovirus sp.]
  CRR2703946_clean_NODE_1617_length_1993_cov_2.338021
      Realm: [Varidnaviria] -> [Duplodnaviria]
      Kingdom: [Bamfordvirae] -> [Heunggongvirae]
      Phylum: [Nucleocytoviricota] -> [Uroviricota]
      Species: [Biavirus raunefjordenense] -> [Chrysophyceae clade H virus]
  CRR2703946_clean_NODE_1720_length_1940_cov_2.355115
      Realm: [Duplodnaviria] -> [Varidnaviria]
      Kingdom: [Heunggongvirae] -> [Bamfordvirae]
      Phylum: [Uroviricota] -> [Nucleocytoviricota]
      Class: [Caudoviricetes] -> [Megaviricetes]
      Order: [Pantevenvirales] -> [Pimascovirales]
      Genus: [Lowelvirus] -> [Macariavirus]
  CRR2703946_clean_NODE_1724_length_1937_cov_11.959227
      Species: [Tupanvirus salinum] -> [Tupanvirus altamarinense]
  CRR2703946_clean_NODE_176_length_4060_cov_5.708051
      Realm: [Varidnaviria] -> [Duplodnaviria]
      Kingdom: [Bamfordvirae] -> [Heunggongvirae]
      Phylum: [Nucleocytoviricota] -> [Peploviricota]
      Class: [Megaviricetes] -> [Herviviricetes]
      Order: [Imitervirales] -> [Herpesvirales]
      Family: [Mimiviridae] -> [Retroviridae]
      Genus: [Mimivirus] -> [Lentivirus]
      Species: [Mimivirus bradfordmassiliense] -> [Lentivirus humimdef1]
  CRR2703946_clean_NODE_177_length_4051_cov_14.178230
      Genus: [Moumouvirus] -> [Catovirus]
      Species: [Moumouvirus australiense] -> [Catovirus CTV1]
  CRR2703946_clean_NODE_1836_length_1884_cov_25.224738
      Species: [Agnivirus brisbanense] -> [Poseidoniales virus]
  CRR2703946_clean_NODE_194_length_3957_cov_3.055870
      Species: [Tupanvirus salinum] -> [Terrestrivirus sp.]
  CRR2703946_clean_NODE_2103_length_1772_cov_2.045909
      Species: [Agnivirus brisbanense] -> [Poseidoniales virus]
  CRR2703946_clean_NODE_2126_length_1765_cov_2.243499
      Order: [Imitervirales] -> [Algavirales]
  CRR2703946_clean_NODE_2154_length_1753_cov_2.907143
      Species: [Chlorovirus americanus] -> [Chlorovirus longinquus]
  CRR2703946_clean_NODE_2227_length_1728_cov_19.512387
      Species: [Agnivirus brisbanense] -> [Poseidoniales virus]
  CRR2703946_clean_NODE_2422_length_1662_cov_11.255507
      Order: [Pimascovirales] -> [Imitervirales]
      Family: [Orpheoviridae] -> [Mimiviridae]
      Genus: [Alphaorpheovirus] -> [Tupanvirus]
      Species: [Alphaorpheovirus massiliense] -> [空]
  CRR2703946_clean_NODE_2546_length_1628_cov_15.915756
      Genus: [Tupanvirus] -> [Catovirus]
      Species: [Tupanvirus altamarinense] -> [Catovirus CTV1]
  CRR2703946_clean_NODE_264_length_3613_cov_15.858475
      Class: [Megaviricetes] -> [Naldaviricetes]
      Order: [Algavirales] -> [Lefavirales]
      Family: [Phycodnaviridae] -> [Baculoviridae]
      Genus: [Coccolithovirus] -> [Gammabaculovirus]
      Species: [Coccolithovirus huxleyi] -> [Gammabaculovirus nelecontei]
  CRR2703946_clean_NODE_2672_length_1593_cov_1.686842
      Species: [Lymphocystivirus paralichthys1] -> [空]
  CRR2703946_clean_NODE_26_length_6320_cov_5.048023
      Species: [Agnivirus brisbanense] -> [Poseidoniales virus]
  CRR2703946_clean_NODE_284_length_3540_cov_2.384482
      Species: [Kratosvirus quantuckense] -> [Mimiviridae sp. ChoanoV1*]
  CRR2703946_clean_NODE_291_length_3505_cov_4.426282
      Species: [Fadolivirus algeromassiliense] -> [Barrevirus sp.]
  CRR2703946_clean_NODE_2941_length_1520_cov_3.210781
      Order: [Imitervirales] -> [Pimascovirales]
      Species: [Theiavirus salishense] -> [Pithovirus LCPAC302]
  CRR2703946_clean_NODE_299_length_3497_cov_3.632301
      Realm: [Varidnaviria] -> [Duplodnaviria]
      Kingdom: [Bamfordvirae] -> [Heunggongvirae]
      Phylum: [Nucleocytoviricota] -> [Uroviricota]
  CRR2703946_clean_NODE_3018_length_1501_cov_2.773810
      Species: [Alphabaculovirus pesauciae] -> [Peridroma alphabaculovirus]
  CRR2703946_clean_NODE_3051_length_1495_cov_2.125176
      Species: [Pseudovirus artarabidopsis] -> [Atrato Retro-like virus]
  CRR2703946_clean_NODE_310_length_3455_cov_7.112064
      Genus: [Tupanvirus] -> [Klosneuvirus]
      Species: [Tupanvirus salinum] -> [Klosneuvirus KNV1]
  CRR2703946_clean_NODE_328_length_3408_cov_3.042579
      Realm: [Varidnaviria] -> [Duplodnaviria]
      Kingdom: [Bamfordvirae] -> [Heunggongvirae]
      Phylum: [Nucleocytoviricota] -> [Uroviricota]
      Family: [Mimiviridae] -> [Hodgkinviridae]
      Genus: [Fadolivirus] -> [Quhwahvirus]
      Species: [Fadolivirus algeromassiliense] -> [Quhwahvirus noodelyboi]
  CRR2703946_clean_NODE_384_length_3266_cov_19.835578
      Species: [Agnivirus brisbanense] -> [Poseidoniales virus]
  CRR2703946_clean_NODE_429_length_3151_cov_5.855101
      Class: [Pokkesviricetes] -> [Megaviricetes]
  CRR2703946_clean_NODE_444_length_3126_cov_5.300688
      Species: [Tupanvirus salinum] -> [Terrestrivirus sp.]
  CRR2703946_clean_NODE_480_length_3055_cov_7.753856
      Species: [Tupanvirus salinum] -> [Terrestrivirus sp.]
  CRR2703946_clean_NODE_481_length_3054_cov_4.790339
      Realm: [Varidnaviria] -> [Duplodnaviria]
      Kingdom: [Bamfordvirae] -> [Heunggongvirae]
      Phylum: [Nucleocytoviricota] -> [Uroviricota]
      Class: [Megaviricetes] -> [Caudoviricetes]
  CRR2703946_clean_NODE_505_length_3012_cov_2.429398
      Realm: [Varidnaviria] -> [Duplodnaviria]
      Kingdom: [Bamfordvirae] -> [Heunggongvirae]
      Phylum: [Nucleocytoviricota] -> [Peploviricota]
      Class: [Megaviricetes] -> [Herviviricetes]
      Order: [Imitervirales] -> [Herpesvirales]
  CRR2703946_clean_NODE_530_length_2972_cov_13.774750
      Species: [Tupanvirus salinum] -> [Chrysophyceae clade H virus]
  CRR2703946_clean_NODE_551_length_2926_cov_9.047319
      Species: [Tupanvirus altamarinense] -> [Terrestrivirus sp.]
  CRR2703946_clean_NODE_588_length_2854_cov_7.042071
      Species: [Fadolivirus algeromassiliense] -> [Chrysophyceae clade H virus]
  CRR2703946_clean_NODE_602_length_2835_cov_2.356264
      Species: [Alphapithovirus massiliense] -> [Pithovirus LCPAC102]
  CRR2703946_clean_NODE_662_length_2763_cov_13.643494
      Realm: [Varidnaviria] -> [Duplodnaviria]
      Kingdom: [Bamfordvirae] -> [Heunggongvirae]
      Phylum: [Nucleocytoviricota] -> [Uroviricota]
  CRR2703946_clean_NODE_671_length_2751_cov_18.165795
      Family: [Hydriviridae] -> [Marseilleviridae]
      Genus: [Alphahydrivirus] -> [Marseillevirus]
  CRR2703946_clean_NODE_700_length_2723_cov_4.764528
      Order: [Imitervirales] -> [Pimascovirales]
      Species: [Theiavirus salishense] -> [Pithovirus LCPAC304]
  CRR2703946_clean_NODE_7446_length_897_cov_36.593447
      Species: [Alphabaculovirus altermyunipunctae] -> [Mythimna unipuncta nucleopolyhedrovirus]
  CRR2703946_clean_NODE_768_length_2634_cov_4.277235
      Realm: [Varidnaviria] -> [Duplodnaviria]
      Kingdom: [Bamfordvirae] -> [Heunggongvirae]
      Phylum: [Nucleocytoviricota] -> [Peploviricota]
      Class: [Megaviricetes] -> [Herviviricetes]
      Order: [Imitervirales] -> [Herpesvirales]
  CRR2703946_clean_NODE_80_length_4986_cov_3.361083
      Realm: [Adnaviria] -> [Varidnaviria]
      Kingdom: [Zilligvirae] -> [Bamfordvirae]
      Phylum: [Taleaviricota] -> [Nucleocytoviricota]
  CRR2703946_clean_NODE_893_length_2499_cov_2.121187
      Species: [Biavirus raunefjordenense] -> [Mimiviridae sp. ChoanoV1*]
  CRR2703946_clean_NODE_908_length_2485_cov_4.354892
      Genus: [Fadolivirus] -> [Tupanvirus]
      Species: [Fadolivirus algeromassiliense] -> [Tupanvirus altamarinense]
  CRR2703946_clean_NODE_914_length_2478_cov_4.215385
      Family: [Schizomimiviridae] -> [Mimiviridae]
      Genus: [Biavirus] -> [Megavirus]
      Species: [Biavirus raunefjordenense] -> [Megavirus sp.]
  CRR2703946_clean_NODE_962_length_2431_cov_8.438507
      Genus: [Bellamyvirus] -> [Yellowseavirus]
      Species: [Bellamyvirus bellamy] -> [Yellowseavirus thirtyeight]
  CRR2703946_clean_NODE_989_length_2403_cov_2.222747
      Species: [Hemivirus aedis] -> [Penicillium camemberti virus - GP1*]
  CRR2703946_clean_NODE_997_length_2398_cov_4.421075
      Realm: [Varidnaviria] -> [Duplodnaviria]
      Kingdom: [Bamfordvirae] -> [Heunggongvirae]
      Phylum: [Nucleocytoviricota] -> [Uroviricota]
  CRR2703946_clean_NODE_99_length_4617_cov_7.185739
      Species: [Tupanvirus altamarinense] -> [Tupanvirus salinum]
  CRR2703947_clean_NODE_102_length_2855_cov_2.708843
      Species: [Tupanvirus salinum] -> [Chrysophyceae clade H virus]
  CRR2703947_clean_NODE_165_length_2453_cov_1.315126
      Realm: [Varidnaviria] -> [Duplodnaviria]
      Kingdom: [Bamfordvirae] -> [Heunggongvirae]
      Phylum: [Nucleocytoviricota] -> [Uroviricota]
  CRR2703947_clean_NODE_1700_length_1101_cov_6.698444
      Family: [Pseudoviridae] -> [Caulimoviridae]
      Genus: [Pseudovirus] -> [Caulimovirus]
      Species: [Pseudovirus solani] -> [Caulimovirus sp.]
  CRR2703947_clean_NODE_24_length_3954_cov_4.496006
      Genus: [Errantivirus] -> [Metavirus]
      Species: [Errantivirus zami] -> [Aedes aegypti To virus 2]
  CRR2703947_clean_NODE_2655_length_911_cov_1.267303
      Species: [Tymovirus dulcamarae] -> [Ullucus tymovirus 1]
  CRR2703947_clean_NODE_2_length_7055_cov_6.159123
      Species: [Metavirus lilii] -> [Metavirus cladosporii]
  CRR2703947_clean_NODE_304_length_1992_cov_2.962480
      Species: [Agnivirus brisbanense] -> [Poseidoniales virus]
  CRR2703947_clean_NODE_455_length_1770_cov_2.883913
      Family: [Mesomimiviridae] -> [Schizomimiviridae]
      Genus: [Tethysvirus] -> [Biavirus]
      Species: [Tethysvirus ontarioense] -> [Biavirus raunefjordenense]
  CRR2703947_clean_NODE_508_length_1713_cov_1.362805
      Species: [Percavirus phocidgamma3] -> [Yalta virus]
  CRR2703947_clean_NODE_551_length_1675_cov_1.619226
      Species: [Tupanvirus salinum] -> [Chrysophyceae clade H virus]
  CRR2703947_clean_NODE_687_length_1549_cov_6.448509
      Order: [Imitervirales] -> [Algavirales]
      Species: [Tethysvirus raunefjordenense] -> [Chrysochromulina ericina virus]
  CRR2703947_clean_NODE_82_length_3085_cov_3.447543
      Realm: [Varidnaviria] -> [Duplodnaviria]
      Kingdom: [Bamfordvirae] -> [Heunggongvirae]
      Phylum: [Nucleocytoviricota] -> [Uroviricota]
  CRR2703947_clean_NODE_98_length_2937_cov_1.773394
      Species: [Fadolivirus algeromassiliense] -> [Chrysophyceae clade H virus]
  CRR2703948_clean_NODE_1011_length_2271_cov_3.069154
      Realm: [Varidnaviria] -> [Duplodnaviria]
      Kingdom: [Bamfordvirae] -> [Heunggongvirae]
      Phylum: [Nucleocytoviricota] -> [Peploviricota]
      Class: [Megaviricetes] -> [Herviviricetes]
      Order: [Imitervirales] -> [Herpesvirales]
      Species: [Theiavirus salishense] -> [Sylvanvirus sp.]
  CRR2703948_clean_NODE_1024_length_2255_cov_7.470669
      Realm: [Duplodnaviria] -> [Varidnaviria]
      Kingdom: [Heunggongvirae] -> [Bamfordvirae]
      Phylum: [Uroviricota] -> [Nucleocytoviricota]
  CRR2703948_clean_NODE_10476_length_649_cov_1.536458
      Family: [Togaviridae] -> [Virgaviridae]
      Genus: [Alphavirus] -> [Tobamovirus]
  CRR2703948_clean_NODE_1058_length_2226_cov_4.238737
      Species: [Pseudovirus artarabidopsis] -> [Atrato Retro-like virus]
  CRR2703948_clean_NODE_10_length_7331_cov_3.094241
      Realm: [Duplodnaviria] -> [Varidnaviria]
      Kingdom: [Heunggongvirae] -> [Bamfordvirae]
      Phylum: [Uroviricota] -> [Nucleocytoviricota]
  CRR2703948_clean_NODE_1101_length_2198_cov_4.515765
      Realm: [Varidnaviria] -> [Duplodnaviria]
      Kingdom: [Bamfordvirae] -> [Heunggongvirae]
      Phylum: [Nucleocytoviricota] -> [Uroviricota]
  CRR2703948_clean_NODE_1107_length_2194_cov_1.536068
      Realm: [Duplodnaviria] -> [Varidnaviria]
      Kingdom: [Heunggongvirae] -> [Bamfordvirae]
      Phylum: [Uroviricota] -> [Nucleocytoviricota]
      Species: [Llyrvirus SSKS1] -> [Marseillevirus LCMAC202]
  CRR2703948_clean_NODE_1142_length_2174_cov_16.363636
      Genus: [Bellamyvirus] -> [Thetisvirus]
      Species: [Bellamyvirus bellamy] -> [Thetisvirus ssm1]
  CRR2703948_clean_NODE_1183_length_2142_cov_197.681972
      Species: [Tethysvirus ontarioense] -> [空]
  CRR2703948_clean_NODE_1196_length_2137_cov_2.377422
      Family: [Schizomimiviridae] -> [Mimiviridae]
      Genus: [Biavirus] -> [Fadolivirus]
      Species: [Biavirus raunefjordenense] -> [Fadolivirus algeromassiliense]
  CRR2703948_clean_NODE_128_length_4008_cov_11.489199
      Species: [Blunervirus vaccinii] -> [Beult virus]
  CRR2703948_clean_NODE_1351_length_2057_cov_1.763609
      Order: [Imitervirales] -> [Pimascovirales]
  CRR2703948_clean_NODE_136_length_3956_cov_3.000515
      Genus: [Fadolivirus] -> [Klosneuvirus]
      Species: [Fadolivirus algeromassiliense] -> [Klosneuvirus KNV1*]
  CRR2703948_clean_NODE_14891_length_512_cov_14.738041
      Order: [Imitervirales] -> [Pimascovirales]
      Family: [Allomimiviridae] -> [Marseilleviridae]
      Genus: [Oceanusvirus] -> [Marseillevirus]
      Species: [Oceanusvirus kaneohense] -> [空]
  CRR2703948_clean_NODE_151_length_3844_cov_7.266242
      Species: [Tupanvirus salinum] -> [Gaeavirus sp.]
  CRR2703948_clean_NODE_1525_length_1959_cov_11.650583
      Species: [Biavirus raunefjordenense] -> [Mimiviridae sp. ChoanoV1*]
  CRR2703948_clean_NODE_1623_length_1904_cov_1.434735
      Realm: [Duplodnaviria] -> [Varidnaviria]
      Kingdom: [Heunggongvirae] -> [Bamfordvirae]
      Phylum: [Uroviricota] -> [Nucleocytoviricota]
  CRR2703948_clean_NODE_1653_length_1888_cov_3.380716
      Genus: [Megavirus] -> [Catovirus]
      Species: [Megavirus baoshanense] -> [Catovirus CTV1]
  CRR2703948_clean_NODE_1686_length_1876_cov_1.245147
      Class: [Pokkesviricetes] -> [Megaviricetes]
      Order: [Chitovirales] -> [Pimascovirales]
  CRR2703948_clean_NODE_1700_length_1868_cov_1.812813
      Genus: [Cervidpoxvirus] -> [Centapoxvirus]
      Species: [Cervidpoxvirus muledeerpox] -> [Centapoxvirus yokapox]
  CRR2703948_clean_NODE_1704_length_1866_cov_3.318461
      Species: [Alphabaculovirus altermyunipunctae] -> [Mythimna unipuncta nucleopolyhedrovirus]
  CRR2703948_clean_NODE_1737_length_1848_cov_5.731831
      Species: [Teubervirus LW31] -> [Florenciella sp. virus SA1]
  CRR2703948_clean_NODE_178_length_3714_cov_4.598187
      Species: [Tupanvirus salinum] -> [Harvfovirus sp.]
  CRR2703948_clean_NODE_1845_length_1796_cov_1.590830
      Class: [Megaviricetes] -> [Pokkesviricetes]
      Order: [Imitervirales] -> [Chitovirales]
      Family: [Mimiviridae] -> [Poxviridae]
      Genus: [Mimivirus] -> [Cervidpoxvirus]
      Species: [Mimivirus bradfordmassiliense] -> [Cervidpoxvirus muledeerpox]
  CRR2703948_clean_NODE_1907_length_1768_cov_1.650737
      Realm: [Varidnaviria] -> [Duplodnaviria]
      Kingdom: [Bamfordvirae] -> [Heunggongvirae]
      Phylum: [Nucleocytoviricota] -> [Uroviricota]
  CRR2703948_clean_NODE_1940_length_1754_cov_19.995241
      Order: [Pimascovirales] -> [Imitervirales]
  CRR2703948_clean_NODE_1954_length_1749_cov_3.556086
      Family: [Schizomimiviridae] -> [Mimiviridae]
      Genus: [Biavirus] -> [Fadolivirus]
      Species: [Biavirus raunefjordenense] -> [Fadolivirus algeromassiliense]
  CRR2703948_clean_NODE_200_length_3626_cov_8.817619
      Species: [Vetruanivirus dhakaense] -> [Coventryvirus SP441]
  CRR2703948_clean_NODE_2013_length_1722_cov_6.201941
      Class: [Pokkesviricetes] -> [Naldaviricetes]
      Order: [Chitovirales] -> [Lefavirales]
      Family: [Poxviridae] -> [Baculoviridae]
      Genus: [Epsilonentomopoxvirus] -> [Alphabaculovirus]
      Species: [Epsilonentomopoxvirus dlongicaudata] -> [Alphabaculovirus lonobliquae]
  CRR2703948_clean_NODE_2021_length_1721_cov_1.685073
      Class: [Pokkesviricetes] -> [Megaviricetes]
  CRR2703948_clean_NODE_2182_length_1667_cov_3.897742
      Realm: [Riboviria] -> [Varidnaviria]
      Kingdom: [Pararnavirae] -> [Bamfordvirae]
      Phylum: [Artverviricota] -> [Nucleocytoviricota]
      Class: [Revtraviricetes] -> [Megaviricetes]
      Order: [Ortervirales] -> [Imitervirales]
      Family: [Metaviridae] -> [Mimiviridae]
      Genus: [Metavirus] -> [Tupanvirus]
      Species: [Metavirus tatarabidopsis] -> [Tupanvirus altamarinense]
  CRR2703948_clean_NODE_2199_length_1659_cov_1.786255
      Realm: [Varidnaviria] -> [Duplodnaviria]
      Kingdom: [Bamfordvirae] -> [Heunggongvirae]
      Phylum: [Nucleocytoviricota] -> [Peploviricota]
      Class: [Megaviricetes] -> [Herviviricetes]
      Order: [Pimascovirales] -> [Herpesvirales]
  CRR2703948_clean_NODE_220_length_3547_cov_9.885435
      Species: [Pseudovirus brassicae] -> [Penicillium camemberti virus - GP1]
  CRR2703948_clean_NODE_2290_length_1627_cov_1.954311
      Species: [Pseudovirus artarabidopsis] -> [Atrato Retro-like virus]
  CRR2703948_clean_NODE_2389_length_1596_cov_2.549573
      Realm: [Duplodnaviria] -> [Varidnaviria]
      Kingdom: [Heunggongvirae] -> [Bamfordvirae]
      Phylum: [Uroviricota] -> [Nucleocytoviricota]
  CRR2703948_clean_NODE_2407_length_1588_cov_70.210561
      Realm: [Duplodnaviria] -> [Varidnaviria]
  CRR2703948_clean_NODE_2427_length_1582_cov_1.459907
      Genus: [Tupanvirus] -> [Catovirus]
      Species: [Tupanvirus salinum] -> [Catovirus klosterense]
  CRR2703948_clean_NODE_257_length_3436_cov_6.470711
      Species: [Fadolivirus algeromassiliense] -> [Barrevirus sp.]
  CRR2703948_clean_NODE_2673_length_1507_cov_7.209205
      Species: [Tupanvirus salinum] -> [Tupanvirus altamarinense]
  CRR2703948_clean_NODE_2684_length_1505_cov_5.334497
      Species: [Fadolivirus algeromassiliense] -> [Mimivirus LCMiAC01]
  CRR2703948_clean_NODE_283_length_3347_cov_5.058033
      Realm: [Varidnaviria] -> [Duplodnaviria]
      Kingdom: [Bamfordvirae] -> [Heunggongvirae]
      Phylum: [Nucleocytoviricota] -> [Peploviricota]
      Class: [Megaviricetes] -> [Herviviricetes]
      Order: [Imitervirales] -> [Herpesvirales]
      Family: [Schizomimiviridae] -> [Orthoherpesviridae]
      Genus: [Biavirus] -> [Cytomegalovirus]
      Species: [Biavirus raunefjordenense] -> [Cytomegalovirus aotinebeta1]
  CRR2703948_clean_NODE_2853_length_1459_cov_0.888889
      Species: [Marseillevirus senegalense] -> [Marseillevirus LCMAC202]
  CRR2703948_clean_NODE_286_length_3341_cov_95.910649
      Order: [Imitervirales] -> [Pimascovirales]
      Species: [Tethysvirus raunefjordenense] -> [空]
  CRR2703948_clean_NODE_31_length_5514_cov_5.299577
      Family: [Schizomimiviridae] -> [Mimiviridae]
      Genus: [Biavirus] -> [Theiavirus]
      Species: [Biavirus raunefjordenense] -> [Theiavirus salishense*]
  CRR2703948_clean_NODE_33_length_5461_cov_4.562546
      Order: [Algavirales] -> [Imitervirales]
  CRR2703948_clean_NODE_344_length_3180_cov_1.938204
      Class: [Naldaviricetes] -> [Megaviricetes]
      Order: [Lefavirales] -> [Algavirales]
  CRR2703948_clean_NODE_360_length_3142_cov_31.697947
      Realm: [Varidnaviria] -> [Duplodnaviria]
      Kingdom: [Bamfordvirae] -> [Heunggongvirae]
      Phylum: [Nucleocytoviricota] -> [Uroviricota]
  CRR2703948_clean_NODE_375_length_3120_cov_5.744011
      Species: [Tupanvirus altamarinense] -> [Hyperionvirus sp.]
  CRR2703948_clean_NODE_3948_length_1223_cov_2.993913
      Species: [Tymovirus chayotis] -> [Ripocel virus]
  CRR2703948_clean_NODE_404_length_3051_cov_7.345198
      Family: [Schizomimiviridae] -> [Mimiviridae]
      Genus: [Biavirus] -> [Megavirus]
      Species: [Biavirus raunefjordenense] -> [Megavirus sp.]
  CRR2703948_clean_NODE_417_length_3008_cov_2.799659
      Realm: [Varidnaviria] -> [Duplodnaviria]
      Kingdom: [Bamfordvirae] -> [Heunggongvirae]
      Phylum: [Nucleocytoviricota] -> [Uroviricota]
      Class: [Megaviricetes] -> [Duplopiviricetes]
      Order: [Imitervirales] -> [Durnavirales]
      Species: [Biavirus raunefjordenense] -> [Guapo partitivirus]
  CRR2703948_clean_NODE_418_length_3006_cov_3.958063
      Species: [Tupanvirus salinum] -> [Hyperionvirus sp.]
  CRR2703948_clean_NODE_436_length_2987_cov_24.641043
      Species: [Tupanvirus salinum] -> [Hyperionvirus sp.]
  CRR2703948_clean_NODE_490_length_2872_cov_36.628796
      Family: [Mesomimiviridae] -> [Schizomimiviridae]
      Genus: [Tethysvirus] -> [Biavirus]
      Species: [Tethysvirus ontarioense] -> [Biavirus raunefjordenense]
  CRR2703948_clean_NODE_49_length_5034_cov_4.169119
      Realm: [Varidnaviria] -> [Duplodnaviria]
      Kingdom: [Bamfordvirae] -> [Heunggongvirae]
      Phylum: [Nucleocytoviricota] -> [Uroviricota]
      Species: [Chlorovirus vanettense] -> [Chlorovirus sp.]
  CRR2703948_clean_NODE_510_length_2843_cov_2.311552
      Species: [Biavirus raunefjordenense] -> [Mimiviridae sp. ChoanoV1]
  CRR2703948_clean_NODE_5267_length_1022_cov_2.167545
      Family: [Tymoviridae] -> [Alphaflexiviridae]
      Genus: [Tymovirus] -> [Potexvirus]
  CRR2703948_clean_NODE_533_length_2811_cov_11.895544
      Species: [Biavirus raunefjordenense] -> [Florenciella sp. virus SA1]
  CRR2703948_clean_NODE_534_length_2810_cov_15.835952
      Order: [Imitervirales] -> [Pimascovirales]
  CRR2703948_clean_NODE_543_length_2780_cov_3.862209
      Species: [Tupanvirus salinum] -> [Harvfovirus sp.]
  CRR2703948_clean_NODE_616_length_2690_cov_2.362247
      Species: [Biavirus raunefjordenense] -> [Mimiviridae sp. ChoanoV1*]
  CRR2703948_clean_NODE_654_length_2635_cov_1.675254
      Species: [Kratosvirus quantuckense] -> [空]
  CRR2703948_clean_NODE_698_length_2568_cov_3.393186
      Order: [Pimascovirales] -> [Imitervirales]
  CRR2703948_clean_NODE_69_length_4689_cov_6.446274
      Realm: [Varidnaviria] -> [Duplodnaviria]
      Kingdom: [Bamfordvirae] -> [Heunggongvirae]
      Phylum: [Nucleocytoviricota] -> [Uroviricota]
  CRR2703948_clean_NODE_708_length_2554_cov_4.265619
      Realm: [Duplodnaviria] -> [Varidnaviria]
      Kingdom: [Heunggongvirae] -> [Bamfordvirae]
      Phylum: [Uroviricota] -> [Nucleocytoviricota]
      Species: [Spinunavirus IPP61] -> [Fadolivirus algeromassiliense]
  CRR2703948_clean_NODE_716_length_2544_cov_3.276406
      Order: [Imitervirales] -> [Algavirales]
  CRR2703948_clean_NODE_721_length_2537_cov_2.687094
      Realm: [Varidnaviria] -> [Riboviria]
      Kingdom: [Bamfordvirae] -> [Pararnavirae]
      Phylum: [Nucleocytoviricota] -> [Artverviricota]
      Class: [Megaviricetes] -> [Revtraviricetes]
      Order: [Pimascovirales] -> [Ortervirales]
      Family: [Hydriviridae] -> [Retroviridae]
      Genus: [Alphahydrivirus] -> [Gammaretrovirus]
      Species: [Alphahydrivirus permafrostis] -> [Gammaretrovirus felleu]
  CRR2703948_clean_NODE_740_length_2508_cov_2.195893
      Species: [Cotonvirus japonicum] -> [Satyrvirus sp.]
  CRR2703948_clean_NODE_789_length_2460_cov_23.020109
      Species: [Chlorovirus americanus] -> [Chlorovirus minnesotense]
  CRR2703948_clean_NODE_7_length_7868_cov_21.054650
      Realm: [Varidnaviria] -> [Duplodnaviria]
      Kingdom: [Bamfordvirae] -> [Heunggongvirae]
      Phylum: [Nucleocytoviricota] -> [Uroviricota]
  CRR2703948_clean_NODE_801_length_2448_cov_4.399158
      Realm: [Varidnaviria] -> [Duplodnaviria]
      Kingdom: [Bamfordvirae] -> [Heunggongvirae]
      Phylum: [Nucleocytoviricota] -> [Uroviricota]
      Species: [Biavirus raunefjordenense] -> [Chrysophyceae clade H virus]
  CRR2703948_clean_NODE_839_length_2412_cov_1.967935
      Species: [Orthopoxvirus akhmetapox] -> [Squirrelpox virus Berlin_2015]
  CRR2703948_clean_NODE_841_length_2409_cov_244.246147
      Realm: [Varidnaviria] -> [Duplodnaviria]
      Kingdom: [Bamfordvirae] -> [Heunggongvirae]
      Phylum: [Nucleocytoviricota] -> [Uroviricota]
  CRR2703948_clean_NODE_846_length_2406_cov_1.455637
      Realm: [Duplodnaviria] -> [Varidnaviria]
      Kingdom: [Heunggongvirae] -> [Bamfordvirae]
      Phylum: [Uroviricota] -> [Nucleocytoviricota]
  CRR2703948_clean_NODE_86_length_4452_cov_2.615666
      Species: [空] -> [Pandoravirus belohorizontensis]
  CRR2703948_clean_NODE_877_length_2380_cov_14.408322
      Order: [Imitervirales] -> [Pimascovirales]
      Species: [Fadolivirus algeromassiliense] -> [空]
  CRR2703948_clean_NODE_932_length_2333_cov_7.568584
      Genus: [Biavirus] -> [Kratosvirus]
      Species: [Biavirus raunefjordenense] -> [Kratosvirus quantuckense]
  CRR2703948_clean_NODE_975_length_2308_cov_1.439821
      Realm: [Varidnaviria] -> [Duplodnaviria]
      Kingdom: [Bamfordvirae] -> [Heunggongvirae]
      Phylum: [Nucleocytoviricota] -> [Peploviricota]
      Species: [Medusavirus medusae] -> [Sylvanvirus sp.]
  CRR2703948_clean_NODE_984_length_2298_cov_2.853034
      Species: [Rheavirus sinusmexicani] -> [Hyperionvirus sp.]
  CRR2703948_clean_NODE_990_length_2293_cov_2.924775
      Order: [Pimascovirales] -> [Imitervirales]
      Species: [Alphaorpheovirus massiliense] -> [空]
  CRR527038_clean_NODE_121_length_994_cov_1.424539
      Species: [Botoulivirus alphaplasmoparae] -> [Erysiphe necator associated ourmia-like virus 42]
  CRR527038_clean_NODE_242_length_751_cov_1.834808
      Species: [Magoulivirus lambdaplasmoparae] -> [Botourmiaviridae sp.]
  CRR527038_clean_NODE_570_length_516_cov_0.437923
      Species: [Scleroulivirus omicronplasmoparae] -> [Hebei botourmia-like virus 16]
  CRR527039_clean_NODE_106_length_1850_cov_7.175577
      Family: [Schizomimiviridae] -> [Mimiviridae]
      Genus: [Biavirus] -> [Megavirus]
      Species: [Biavirus raunefjordenense] -> [Megavirus sp.]
  CRR527039_clean_NODE_112_length_1806_cov_3.657242
      Species: [Biavirus raunefjordenense] -> [Mimiviridae sp. ChoanoV1]
  CRR527039_clean_NODE_117_length_1774_cov_2.320400
      Species: [Fadolivirus algeromassiliense] -> [Naiavirus sp.]
  CRR527039_clean_NODE_11_length_6929_cov_7.044049
      Order: [Imitervirales] -> [Pimascovirales]
      Family: [Allomimiviridae] -> [Marseilleviridae]
      Genus: [Oceanusvirus] -> [Marseillevirus]
      Species: [Oceanusvirus kaneohense] -> [Tokyovirus A1]
  CRR527039_clean_NODE_1216_length_642_cov_0.702988
      Species: [Scleroulivirus piplasmoparae] -> [Erysiphe necator associated ourmia-like virus 87]
  CRR527039_clean_NODE_125_length_1749_cov_2.001790
      Genus: [Tupanvirus] -> [Cotonvirus]
      Species: [Tupanvirus altamarinense] -> [Cotonvirus japonicum]
  CRR527039_clean_NODE_126_length_1747_cov_3.119474
      Realm: [Duplodnaviria] -> [Varidnaviria]
      Kingdom: [Heunggongvirae] -> [Bamfordvirae]
      Phylum: [Uroviricota] -> [Nucleocytoviricota]
  CRR527039_clean_NODE_129_length_1725_cov_2.030266
      Species: [Chlorovirus americanus] -> [Chlorovirus sp.]
  CRR527039_clean_NODE_131_length_1716_cov_10.692635
      Order: [Pimascovirales] -> [Imitervirales]
  CRR527039_clean_NODE_143_length_1669_cov_5.439850
      Family: [Schizomimiviridae] -> [Mimiviridae]
      Genus: [Biavirus] -> [Megavirus]
      Species: [Biavirus raunefjordenense] -> [Megavirus sp.]
  CRR527039_clean_NODE_160_length_1558_cov_3.804714
      Family: [Schizomimiviridae] -> [Mimiviridae]
      Genus: [Biavirus] -> [Megavirus]
      Species: [Biavirus raunefjordenense] -> [Megavirus sp.]
  CRR527039_clean_NODE_197_length_1412_cov_7.026139
      Realm: [Varidnaviria] -> [Duplodnaviria]
      Kingdom: [Bamfordvirae] -> [Heunggongvirae]
      Phylum: [Nucleocytoviricota] -> [Uroviricota]
      Species: [Biavirus raunefjordenense] -> [Casadabanvirus R24]
  CRR527039_clean_NODE_198_length_1412_cov_2.005228
      Species: [Chlorovirus conductrix] -> [Chlorovirus sp.]
  CRR527039_clean_NODE_35_length_3058_cov_3.437521
      Species: [Alphaentomopoxvirus acuprea] -> [Alphaentomopoxvirus acuprea*]
  CRR527039_clean_NODE_64_length_2300_cov_7.334980
      Family: [Schizomimiviridae] -> [Mimiviridae]
      Genus: [Biavirus] -> [Megavirus]
      Species: [Biavirus raunefjordenense] -> [Megavirus sp.]
  CRR527039_clean_NODE_86_length_2036_cov_4.629139
      Species: [Biavirus raunefjordenense] -> [Mimiviridae sp. ChoanoV1*]
  CRR527039_clean_NODE_88_length_2026_cov_3.221198
      Species: [Theiavirus salishense] -> [Theiavirus salishense*]
  CRR527039_clean_NODE_89_length_2017_cov_3.169239
      Realm: [Duplodnaviria] -> [Varidnaviria]
      Kingdom: [Heunggongvirae] -> [Bamfordvirae]
      Phylum: [Uroviricota] -> [Nucleocytoviricota]
  CRR527039_clean_NODE_9_length_8067_cov_7.049912
      Order: [Imitervirales] -> [Pimascovirales]
      Species: [Oceanusvirus kaneohense] -> [Erythrocytic necrosis virus]
  CRR527040_clean_NODE_138_length_1258_cov_0.696203
      Species: [Botoulivirus alphaplasmoparae] -> [Erysiphe necator associated ourmia-like virus 42]
  CRR527040_clean_NODE_183_length_1124_cov_2.110371
      Species: [Magoulivirus lambdaplasmoparae] -> [Botourmiaviridae sp.]
  CRR527040_clean_NODE_25_length_2464_cov_1.492681
      Realm: [Duplodnaviria] -> [Varidnaviria]
      Kingdom: [Heunggongvirae] -> [Bamfordvirae]
      Phylum: [Uroviricota] -> [Nucleocytoviricota]
  CRR527040_clean_NODE_28_length_2288_cov_8.038826
      Species: [Betascleroulivirus lambdaplasmoparae] -> [Erysiphe necator associated ourmia-like virus 9]
  CRR527041_clean_NODE_10059_length_756_cov_1.600293
      Species: [Polymycovirus cladosporii] -> [Alternaria alternata polymycovirus 2]
  CRR527041_clean_NODE_10167_length_750_cov_1.672083
      Species: [Deltaflexivirus glycinis] -> [Agrostis stolonifera deltaflexivirus 1]
  CRR527041_clean_NODE_1019_length_2136_cov_25.971886
      Genus: [Megavirus] -> [Catovirus]
      Species: [Megavirus powaiense] -> [Catovirus CTV1]
  CRR527041_clean_NODE_103_length_4049_cov_8.239185
      Realm: [Varidnaviria] -> [Duplodnaviria]
      Kingdom: [Bamfordvirae] -> [Heunggongvirae]
      Phylum: [Nucleocytoviricota] -> [Uroviricota]
  CRR527041_clean_NODE_1046_length_2122_cov_12.312836
      Species: [Fadolivirus algeromassiliense] -> [Satyrvirus sp.*]
  CRR527041_clean_NODE_1084_length_2100_cov_3.194869
      Species: [Lahexavirus LAh8] -> [Pacmanvirus A23]
  CRR527041_clean_NODE_11458_length_693_cov_1.082258
      Species: [Deltaflexivirus glycinis] -> [Erysiphe necator associated deltaflexivirus 1]
  CRR527041_clean_NODE_1168_length_2056_cov_2.670701
      Species: [Biavirus raunefjordenense] -> [Imitervirales sp.]
  CRR527041_clean_NODE_1170_length_2055_cov_4.630676
      Species: [Rheavirus sinusmexicani] -> [Chrysophyceae clade H virus]
  CRR527041_clean_NODE_11746_length_682_cov_2.180624
      Species: [Deltaflexivirus sclerotiniae] -> [Erysiphe necator associated deltaflexivirus 1]
  CRR527041_clean_NODE_11892_length_677_cov_1.913907
      Species: [Wahrwivirus faecicola] -> [Ripacuv virus]
  CRR527041_clean_NODE_1191_length_2042_cov_5.381920
      Realm: [Varidnaviria] -> [Duplodnaviria]
      Kingdom: [Bamfordvirae] -> [Heunggongvirae]
      Phylum: [Nucleocytoviricota] -> [Uroviricota]
  CRR527041_clean_NODE_1199_length_2038_cov_9.536387
      Species: [Tupanvirus salinum] -> [Tupanvirus altamarinense]
  CRR527041_clean_NODE_1208_length_2035_cov_2.308359
      Species: [Tupanvirus altamarinense] -> [Tupanvirus salinum]
  CRR527041_clean_NODE_1327_length_1966_cov_12.089276
      Genus: [Cotonvirus] -> [Klosneuvirus]
      Species: [Cotonvirus japonicum] -> [Klosneuvirus KNV1*]
  CRR527041_clean_NODE_13864_length_614_cov_1.268022
      Species: [Alphafusarivirus plasmoparae] -> [Leptosphaeria biglobosa fusarivirus 1]
  CRR527041_clean_NODE_1393_length_1934_cov_2.910801
      Realm: [Duplodnaviria] -> [Varidnaviria]
      Kingdom: [Heunggongvirae] -> [Bamfordvirae]
      Phylum: [Peploviricota] -> [Nucleocytoviricota]
      Class: [Herviviricetes] -> [Megaviricetes]
      Order: [Herpesvirales] -> [Pimascovirales]
  CRR527041_clean_NODE_14345_length_601_cov_1.181818
      Species: [Deltaflexivirus glycinis] -> [Agrostis stolonifera deltaflexivirus 1]
  CRR527041_clean_NODE_14879_length_587_cov_3.132296
      Species: [Alphaorpheovirus massiliense] -> [空]
  CRR527041_clean_NODE_15149_length_581_cov_1.998031
      Species: [Betabotoulivirus etaplasmoparae] -> [Erysiphe necator associated ourmia-like virus 122]
  CRR527041_clean_NODE_1531_length_1876_cov_3.175818
      Realm: [Duplodnaviria] -> [Riboviria]
      Kingdom: [Heunggongvirae] -> [Orthornavirae]
      Phylum: [Uroviricota] -> [Lenarviricota]
  CRR527041_clean_NODE_15916_length_564_cov_1.945010
      Species: [Deltaflexivirus glycinis] -> [Erysiphe necator associated deltaflexivirus 1]
  CRR527041_clean_NODE_1603_length_1851_cov_4.722722
      Species: [Polymycovirus penidigitati] -> [Plurimycovirus penidigitati]
  CRR527041_clean_NODE_1645_length_1837_cov_5.470522
      Species: [Tupanvirus salinum] -> [Edafosvirus sp.]
  CRR527041_clean_NODE_167_length_3639_cov_14.473360
      Species: [Fadolivirus algeromassiliense] -> [Gaeavirus sp.]
  CRR527041_clean_NODE_17600_length_529_cov_2.171053
      Species: [Deltaflexivirus sclerotiniae] -> [Agrostis stolonifera deltaflexivirus 1]
  CRR527041_clean_NODE_17651_length_528_cov_1.189011
      Species: [Polymycovirus botryosphaeriae] -> [Diplodia seriata polymycovirus 1]
  CRR527041_clean_NODE_17_length_6316_cov_12.267660
      Order: [Algavirales] -> [Imitervirales]
      Family: [Phycodnaviridae] -> [Mimiviridae]
      Genus: [Phaeovirus] -> [Hokovirus]
      Species: [Phaeovirus unasiliculosus] -> [Hokovirus HKV1*]
  CRR527041_clean_NODE_1820_length_1774_cov_1.311581
      Order: [Algavirales] -> [Imitervirales]
      Family: [Phycodnaviridae] -> [Mimiviridae]
      Genus: [Phaeovirus] -> [Hokovirus]
      Species: [Phaeovirus unasiliculosus] -> [Hokovirus HKV1*]
  CRR527041_clean_NODE_1840_length_1768_cov_2.287316
      Realm: [Varidnaviria] -> [Duplodnaviria]
      Kingdom: [Bamfordvirae] -> [Heunggongvirae]
      Phylum: [Nucleocytoviricota] -> [Peploviricota]
  CRR527041_clean_NODE_1979_length_1724_cov_2.053301
      Realm: [Duplodnaviria] -> [Varidnaviria]
      Kingdom: [Heunggongvirae] -> [Bamfordvirae]
      Phylum: [Uroviricota] -> [Nucleocytoviricota]
  CRR527041_clean_NODE_203_length_3487_cov_4.869947
      Class: [Naldaviricetes] -> [Herviviricetes]
  CRR527041_clean_NODE_2170_length_1662_cov_21.117055
      Phylum: [Nucleocytoviricota] -> [Preplasmiviricota]
      Class: [Megaviricetes] -> [Pharingeaviricetes]
      Order: [Imitervirales] -> [Rowavirales]
      Species: [Megavirus powaiense] -> [空]
  CRR527041_clean_NODE_223_length_3381_cov_3.663543
      Realm: [Varidnaviria] -> [Duplodnaviria]
      Kingdom: [Bamfordvirae] -> [Heunggongvirae]
      Phylum: [Nucleocytoviricota] -> [Uroviricota]
      Family: [Schizomimiviridae] -> [Arenbergviridae]
      Genus: [Biavirus] -> [Wroclawvirus]
      Species: [Biavirus raunefjordenense] -> [Wroclawvirus PA5oct]
  CRR527041_clean_NODE_2334_length_1612_cov_2.687459
      Species: [Tupanvirus salinum] -> [Chrysophyceae clade H virus]
  CRR527041_clean_NODE_2359_length_1604_cov_2.165251
      Species: [Deltaflexivirus glycinis] -> [Alternaria alternata deltaflexivirus 1]
  CRR527041_clean_NODE_237_length_3331_cov_4.087784
      Order: [Algavirales] -> [Pimascovirales]
  CRR527041_clean_NODE_2430_length_1585_cov_4.059524
      Species: [Moumouvirus goulettemassiliense] -> [Satyrvirus sp.]
  CRR527041_clean_NODE_276_length_3201_cov_40.782609
      Species: [Cotonvirus japonicum] -> [Edafosvirus sp.]
  CRR527041_clean_NODE_279_length_3197_cov_1.966389
      Species: [Tupanvirus salinum] -> [Tupanvirus altamarinense]
  CRR527041_clean_NODE_3020_length_1441_cov_15.655702
      Realm: [Varidnaviria] -> [Duplodnaviria]
      Kingdom: [Bamfordvirae] -> [Heunggongvirae]
      Phylum: [Nucleocytoviricota] -> [Uroviricota]
      Family: [Schizomimiviridae] -> [Peduoviridae]
      Genus: [Biavirus] -> [Plazymidvirus]
      Species: [Biavirus raunefjordenense] -> [Plazymidvirus ZM41]
  CRR527041_clean_NODE_3075_length_1429_cov_1.695428
      Species: [Deltaflexivirus glycinis] -> [Erysiphe necator associated deltaflexivirus 1]
  CRR527041_clean_NODE_3296_length_1378_cov_2.818391
      Order: [Pimascovirales] -> [Imitervirales]
  CRR527041_clean_NODE_331_length_3060_cov_5.678942
      Realm: [Varidnaviria] -> [Riboviria]
      Kingdom: [Bamfordvirae] -> [Orthornavirae]
      Phylum: [Nucleocytoviricota] -> [Lenarviricota]
      Class: [Megaviricetes] -> [Miaviricetes]
      Order: [Imitervirales] -> [Ourlivirales]
      Family: [Schizomimiviridae] -> [Botourmiaviridae]
      Genus: [Biavirus] -> [Scleroulivirus]
      Species: [Biavirus raunefjordenense] -> [Scleroulivirus kappaplasmoparae]
  CRR527041_clean_NODE_3581_length_1328_cov_4.446215
      Family: [Lakviridae] -> [Spinareoviridae]
      Genus: [Hatfieldvirus] -> [Coltivirus]
      Species: [Hatfieldvirus porci] -> [Coltivirus dermacentoris]
  CRR527041_clean_NODE_3856_length_1290_cov_3.053410
      Species: [Deltaflexivirus glycinis] -> [Triticum polonicum deltaflexivirus 1]
  CRR527041_clean_NODE_470_length_2748_cov_2.514019
      Realm: [Varidnaviria] -> [Duplodnaviria]
      Kingdom: [Bamfordvirae] -> [Heunggongvirae]
      Phylum: [Nucleocytoviricota] -> [Peploviricota]
      Class: [Megaviricetes] -> [Herviviricetes]
      Order: [Pimascovirales] -> [Herpesvirales]
  CRR527041_clean_NODE_4725_length_1165_cov_3.167582
      Species: [Magoulivirus cladosporii] -> [Sanya botourmia-like virus 8]
  CRR527041_clean_NODE_4769_length_1158_cov_3.055300
      Species: [Magoulivirus cladosporii] -> [Grapevine wood holobiome associated ourmia-like virus 5]
  CRR527041_clean_NODE_545_length_2614_cov_4.441558
      Genus: [Fadolivirus] -> [Megavirus]
      Species: [Fadolivirus algeromassiliense] -> [Megavirus baoshanense]
  CRR527041_clean_NODE_5657_length_1059_cov_12.623732
      Species: [Penoulivirus penicillii] -> [Botourmiaviridae sp.]
  CRR527041_clean_NODE_57_length_4832_cov_8.708762
      Genus: [Alphacedratvirus] -> [Alphapithovirus]
      Species: [Alphacedratvirus francolausannense] -> [Alphapithovirus siberiense]
  CRR527041_clean_NODE_601_length_2549_cov_4.529887
      Order: [Pimascovirales] -> [Algavirales]
      Family: [Pithoviridae] -> [Phycodnaviridae]
      Genus: [Alphacedratvirus] -> [Phaeovirus]
      Species: [Alphacedratvirus francolausannense] -> [空]
  CRR527041_clean_NODE_608_length_2541_cov_3.784441
      Species: [Tupanvirus altamarinense] -> [Hyperionvirus sp.]
  CRR527041_clean_NODE_631_length_2517_cov_15.737316
      Species: [Penoulivirus penicillii] -> [Dracophyllum associated botourmia-like virus 53]
  CRR527041_clean_NODE_6322_length_1001_cov_0.918103
      Species: [Penoulivirus thetaplasmoparae] -> [Botourmiaviridae sp.]
  CRR527041_clean_NODE_684_length_2436_cov_63.900973
      Order: [Algavirales] -> [Imitervirales]
      Species: [Chlorovirus conductrix] -> [Edafosvirus sp.]
  CRR527041_clean_NODE_699_length_2422_cov_4.753938
      Species: [Tupanvirus salinum] -> [Tupanvirus altamarinense]
  CRR527041_clean_NODE_7105_length_936_cov_1.479722
      Species: [Betascleroulivirus thetaplasmoparae] -> [Erysiphe necator associated ourmia-like virus 98]
  CRR527041_clean_NODE_724_length_2393_cov_14.829741
      Species: [Tupanvirus altamarinense] -> [Edafosvirus sp.]
  CRR527041_clean_NODE_732_length_2384_cov_2.543920
      Species: [Tethysvirus hollandense] -> [Mimiviridae sp. ChoanoV1]
  CRR527041_clean_NODE_750_length_2369_cov_5.111934
      Species: [Moumouvirus australiense] -> [Moumouvirus maliense]
  CRR527041_clean_NODE_754_length_2367_cov_5.530950
      Realm: [Varidnaviria] -> [Duplodnaviria]
      Kingdom: [Bamfordvirae] -> [Heunggongvirae]
      Phylum: [Nucleocytoviricota] -> [Uroviricota]
      Species: [Chlorovirus vanettense] -> [Chlorovirus sp.]
  CRR527041_clean_NODE_7750_length_886_cov_3.769988
      Family: [Splipalmiviridae] -> [Narnaviridae]
      Genus: [Jakapalmivirus] -> [Narnavirus]
      Species: [Jakapalmivirus italiense] -> [Neofusicoccum parvum narnavirus 4]
  CRR527041_clean_NODE_983_length_2159_cov_9.935762
      Species: [Chlorovirus americanus] -> [Chlorovirus sp.]
  CRR527042_clean_NODE_1014_length_2043_cov_10.311675
      Species: [Fadolivirus algeromassiliense] -> [Terrestrivirus sp.]
  CRR527042_clean_NODE_1021_length_2038_cov_2.271756
      Species: [Tupanvirus salinum] -> [Chrysophyceae clade H virus]
  CRR527042_clean_NODE_102_length_3773_cov_4.101081
      Species: [Biavirus raunefjordenense] -> [Imitervirales sp.]
  CRR527042_clean_NODE_1056_length_2016_cov_2.206382
      Species: [Deltaflexivirus glycinis] -> [Agrostis stolonifera deltaflexivirus 1]
  CRR527042_clean_NODE_1141_length_1955_cov_2.161530
      Family: [Schizomimiviridae] -> [Mimiviridae]
      Genus: [Biavirus] -> [Indivirus]
      Species: [Biavirus raunefjordenense] -> [空]
  CRR527042_clean_NODE_1160_length_1944_cov_14.872261
      Realm: [Varidnaviria] -> [Duplodnaviria]
      Kingdom: [Bamfordvirae] -> [Heunggongvirae]
      Phylum: [Nucleocytoviricota] -> [Peploviricota]
      Class: [Megaviricetes] -> [Herviviricetes]
      Order: [Imitervirales] -> [Herpesvirales]
  CRR527042_clean_NODE_1162_length_1944_cov_6.626937
      Species: [Coccolithovirus huxleyi] -> [Emiliania huxleyi virus 18]
  CRR527042_clean_NODE_11826_length_661_cov_10.124150
      Species: [Botybirnavirus go] -> [Didymella theifolia botybirnavirus 1]
  CRR527042_clean_NODE_13051_length_624_cov_0.972777
      Species: [Gammapartitivirus duodisculae] -> [Partitiviridae sp.]
  CRR527042_clean_NODE_1307_length_1879_cov_1.081949
      Species: [Narnavirus saccharomaior] -> [Erysiphe necator associated narnavirus 6]
  CRR527042_clean_NODE_1336_length_1861_cov_2.833893
      Order: [Imitervirales] -> [Pimascovirales]
  CRR527042_clean_NODE_1347_length_1855_cov_3.014590
      Realm: [Riboviria] -> [Duplodnaviria]
      Kingdom: [Pararnavirae] -> [Heunggongvirae]
      Phylum: [Artverviricota] -> [Peploviricota]
      Class: [Revtraviricetes] -> [Herviviricetes]
      Order: [Ortervirales] -> [Herpesvirales]
  CRR527042_clean_NODE_13489_length_611_cov_3.855019
      Species: [Alphaorpheovirus massiliense] -> [空]
  CRR527042_clean_NODE_140_length_3513_cov_9.721512
      Species: [Shenzhenivirus sszbm1] -> [Nucleocytoviricota sp.]
  CRR527042_clean_NODE_1415_length_1824_cov_3.173615
      Class: [Naldaviricetes] -> [Megaviricetes]
      Order: [Lefavirales] -> [Imitervirales]
      Family: [Baculoviridae] -> [Mimiviridae]
      Genus: [Alphabaculovirus] -> [Catovirus]
      Species: [Alphabaculovirus mabrassicae] -> [Catovirus klosterense]
  CRR527042_clean_NODE_1420_length_1822_cov_8.799886
      Order: [Imitervirales] -> [Algavirales]
      Family: [Mesomimiviridae] -> [Phycodnaviridae]
      Genus: [Tethysvirus] -> [Prasinovirus]
      Species: [Tethysvirus raunefjordenense] -> [Dishui Lake phycodnavirus 3]
  CRR527042_clean_NODE_14276_length_591_cov_1.478764
      Species: [Deltaflexivirus sclerotiniae] -> [Agrostis stolonifera deltaflexivirus 1]
  CRR527042_clean_NODE_1557_length_1771_cov_4.242049
      Realm: [Varidnaviria] -> [Duplodnaviria]
      Kingdom: [Bamfordvirae] -> [Heunggongvirae]
      Phylum: [Nucleocytoviricota] -> [Uroviricota]
      Species: [Biavirus raunefjordenense] -> [Myrnavirus phabba]
  CRR527042_clean_NODE_16303_length_545_cov_4.404661
      Order: [Imitervirales] -> [Algavirales]
      Family: [Allomimiviridae] -> [Phycodnaviridae]
      Genus: [Oceanusvirus] -> [Chlorovirus]
      Species: [Oceanusvirus kaneohense] -> [Chlorovirus sp.]
  CRR527042_clean_NODE_16693_length_537_cov_1.750000
      Species: [Magoulivirus cladosporii] -> [Grapevine wood holobiome associated ourmia-like virus 11]
  CRR527042_clean_NODE_16898_length_534_cov_0.841649
      Class: [Miaviricetes] -> [Amabiliviricetes]
      Order: [Ourlivirales] -> [Wolframvirales]
  CRR527042_clean_NODE_1767_length_1703_cov_11.690798
      Class: [Naldaviricetes] -> [Mycopleornaviricetes]
      Order: [Lefavirales] -> [Xenadelphovirales]
      Family: [Baculoviridae] -> [Polymycoviridae]
      Genus: [Alphabaculovirus] -> [Polymycovirus]
      Species: [Alphabaculovirus lafiscellariae] -> [Alternaria alternata polymycovirus 2]
  CRR527042_clean_NODE_17770_length_519_cov_1.112108
      Species: [Scleroulivirus piplasmoparae] -> [Erysiphe necator associated ourmia-like virus 87]
  CRR527042_clean_NODE_1977_length_1633_cov_8.853205
      Realm: [Duplodnaviria] -> [Varidnaviria]
      Kingdom: [Heunggongvirae] -> [Bamfordvirae]
      Phylum: [Uroviricota] -> [Nucleocytoviricota]
      Class: [Caudoviricetes] -> [Megaviricetes]
      Order: [Pantevenvirales] -> [Imitervirales]
      Family: [Kyanoviridae] -> [Mimiviridae]
      Genus: [Nilusvirus] -> [Mimivirus]
      Species: [Nilusvirus ssm2] -> [Mimivirus bradfordmassiliense]
  CRR527042_clean_NODE_1979_length_1633_cov_3.891667
      Order: [Imitervirales] -> [Pimascovirales]
  CRR527042_clean_NODE_2076_length_1605_cov_2.426240
      Species: [Biavirus raunefjordenense] -> [Harvfovirus sp.]
  CRR527042_clean_NODE_227_length_3178_cov_14.143639
      Genus: [Fadolivirus] -> [Tupanvirus]
      Species: [Fadolivirus algeromassiliense] -> [Tupanvirus salinum]
  CRR527042_clean_NODE_2388_length_1513_cov_3.852778
      Order: [Pimascovirales] -> [Imitervirales]
      Species: [Alphacedratvirus aljazairmassiliense] -> [空]
  CRR527042_clean_NODE_2417_length_1507_cov_1.990237
      Species: [Tupanvirus salinum] -> [Tupanvirus altamarinense]
  CRR527042_clean_NODE_2432_length_1503_cov_2.043357
      Species: [Deltaflexivirus glycinis] -> [Agrostis stolonifera deltaflexivirus 1]
  CRR527042_clean_NODE_277_length_3027_cov_24.403859
      Species: [Tupanvirus salinum] -> [Chrysophyceae clade H virus]
  CRR527042_clean_NODE_27_length_5203_cov_13.291423
      Species: [Botybirnavirus go] -> [Sclerotinia sclerotiorum botybirnavirus 3]
  CRR527042_clean_NODE_2933_length_1387_cov_2.046423
      Species: [Fadolivirus algeromassiliense] -> [Terrestrivirus sp.]
  CRR527042_clean_NODE_2975_length_1380_cov_9.569243
      Species: [Tupanvirus altamarinense] -> [Tupanvirus salinum]
  CRR527042_clean_NODE_316_length_2933_cov_2.918531
      Species: [Theiavirus salishense] -> [Hyperionvirus sp.]
  CRR527042_clean_NODE_394_length_2762_cov_16.351804
      Order: [Pimascovirales] -> [Imitervirales]
  CRR527042_clean_NODE_406_length_2723_cov_12.138113
      Realm: [Varidnaviria] -> [Riboviria]
      Kingdom: [Bamfordvirae] -> [Pararnavirae]
  CRR527042_clean_NODE_4495_length_1138_cov_2.043192
      Species: [Deltaflexivirus fusarii] -> [Erysiphe necator associated deltaflexivirus 1]
  CRR527042_clean_NODE_4576_length_1128_cov_1.528910
      Species: [Deltaflexivirus sclerotiniae] -> [Agrostis stolonifera deltaflexivirus 1]
  CRR527042_clean_NODE_472_length_2591_cov_4.224384
      Realm: [Duplodnaviria] -> [Adnaviria]
      Kingdom: [Heunggongvirae] -> [Zilligvirae]
      Phylum: [Uroviricota] -> [Taleaviricota]
  CRR527042_clean_NODE_485_length_2578_cov_6.537725
      Realm: [Duplodnaviria] -> [Varidnaviria]
      Kingdom: [Heunggongvirae] -> [Bamfordvirae]
      Phylum: [Uroviricota] -> [Nucleocytoviricota]
  CRR527042_clean_NODE_500_length_2551_cov_2.918886
      Realm: [Duplodnaviria] -> [Varidnaviria]
      Kingdom: [Heunggongvirae] -> [Bamfordvirae]
      Phylum: [Uroviricota] -> [Nucleocytoviricota]
  CRR527042_clean_NODE_507_length_2541_cov_9.625203
      Species: [Magoulivirus epsilonplasmoparae] -> [Chrocadent virus]
  CRR527042_clean_NODE_5653_length_1018_cov_0.923810
      Species: [空] -> [Botourmiaviridae sp.]
  CRR527042_clean_NODE_632_length_2371_cov_2.447781
      Realm: [Duplodnaviria] -> [Varidnaviria]
      Kingdom: [Heunggongvirae] -> [Bamfordvirae]
      Phylum: [Uroviricota] -> [Nucleocytoviricota]
  CRR527042_clean_NODE_644_length_2353_cov_9.814035
      Species: [Chlorovirus heliozoae] -> [Chlorovirus sp.]
  CRR527042_clean_NODE_674_length_2310_cov_18.860975
      Species: [Tupanvirus altamarinense] -> [Tupanvirus salinum]
  CRR527042_clean_NODE_67_length_4167_cov_11.940889
      Realm: [Riboviria] -> [Varidnaviria]
      Kingdom: [Pararnavirae] -> [Bamfordvirae]
      Phylum: [Artverviricota] -> [Nucleocytoviricota]
      Class: [Revtraviricetes] -> [Megaviricetes]
      Order: [Ortervirales] -> [Imitervirales]
      Family: [Metaviridae] -> [Mimiviridae]
      Genus: [Metavirus] -> [Tupanvirus]
      Species: [Metavirus tatarabidopsis] -> [Tupanvirus altamarinense]
  CRR527042_clean_NODE_6924_length_908_cov_4.118563
      Species: [Betabotoulivirus etaplasmoparae] -> [Erysiphe necator associated ourmia-like virus 122]
  CRR527042_clean_NODE_697_length_2280_cov_18.046670
      Genus: [Tupanvirus] -> [Klosneuvirus]
      Species: [Tupanvirus salinum] -> [Klosneuvirus KNV1]
  CRR527042_clean_NODE_764_length_2213_cov_53.910748
      Species: [Betascleroulivirus lambdaplasmoparae] -> [Erysiphe necator associated ourmia-like virus 10]
  CRR527042_clean_NODE_771_length_2201_cov_60.959586
      Species: [Betascleroulivirus zetaplasmoparae] -> [Erysiphe necator associated ourmia-like virus 25]
  CRR527042_clean_NODE_8148_length_828_cov_4.544371
      Species: [Betabotoulivirus etaplasmoparae] -> [Erysiphe necator associated ourmia-like virus 122]
  CRR527042_clean_NODE_81_length_4032_cov_7.479161
      Realm: [Varidnaviria] -> [Duplodnaviria]
      Kingdom: [Bamfordvirae] -> [Heunggongvirae]
      Phylum: [Nucleocytoviricota] -> [Uroviricota]
  CRR527042_clean_NODE_8661_length_799_cov_2.355372
      Species: [Deltaflexivirus glycinis] -> [Erysiphe necator associated deltaflexivirus 1]
  CRR527042_clean_NODE_878_length_2133_cov_19.702427
      Order: [Imitervirales] -> [Algavirales]
      Species: [Theiavirus salishense] -> [Chrysochromulina ericina virus]
  CRR527042_clean_NODE_902_length_2119_cov_5.950635
      Genus: [Fadolivirus] -> [Indivirus]
      Species: [Fadolivirus algeromassiliense] -> [Indivirus ILV1*]
  CRR527042_clean_NODE_9046_length_779_cov_1.584986
      Species: [Botybirnavirus shi] -> [Botybirnavirus roku]
  CRR527042_clean_NODE_943_length_2088_cov_7.837221
      Species: [Cotonvirus japonicum] -> [Terrestrivirus sp.]
  CRR527042_clean_NODE_980_length_2066_cov_15.061214
      Species: [Coccolithovirus huxleyi] -> [Emiliania huxleyi virus 18]
  CRR527043_clean_NODE_10588_length_746_cov_1.601783
      Species: [Victorivirus go] -> [Alternaria arborescens victorivirus 1]
  CRR527043_clean_NODE_1118_length_2043_cov_2.549239
      Species: [Deltaflexivirus glycinis] -> [Agrostis stolonifera deltaflexivirus 1]
  CRR527043_clean_NODE_111_length_3953_cov_7.755412
      Species: [Alphacedratvirus brasiliense] -> [Florenciella sp. virus SA1]
  CRR527043_clean_NODE_1150_length_2020_cov_11.819723
      Species: [Agnivirus brisbanense] -> [Poseidoniales virus]
  CRR527043_clean_NODE_116_length_3888_cov_8.018349
      Realm: [Varidnaviria] -> [Duplodnaviria]
      Kingdom: [Bamfordvirae] -> [Heunggongvirae]
      Phylum: [Nucleocytoviricota] -> [Uroviricota]
  CRR527043_clean_NODE_12015_length_690_cov_1.320908
      Species: [Nohrdovirus limihabitans] -> [Ripacus virus]
  CRR527043_clean_NODE_1308_length_1945_cov_82.119658
      Genus: [Bellamyvirus] -> [Yellowseavirus]
      Species: [Bellamyvirus bellamy] -> [Yellowseavirus thirtyeight]
  CRR527043_clean_NODE_13142_length_652_cov_0.982729
      Species: [Penoulivirus thetaplasmoparae] -> [Botourmiaviridae sp.]
  CRR527043_clean_NODE_131_length_3732_cov_15.023777
      Realm: [Varidnaviria] -> [Duplodnaviria]
      Kingdom: [Bamfordvirae] -> [Heunggongvirae]
      Phylum: [Nucleocytoviricota] -> [Peploviricota]
      Class: [Megaviricetes] -> [Herviviricetes]
      Order: [Imitervirales] -> [Herpesvirales]
  CRR527043_clean_NODE_14380_length_618_cov_1.330275
      Species: [Magoulivirus cladosporii] -> [Grapevine wood holobiome associated ourmia-like virus 11]
  CRR527043_clean_NODE_148_length_3622_cov_5.724993
      Species: [Getseptimavirus GMA7] -> [Chrysophyceae clade H virus]
  CRR527043_clean_NODE_15090_length_600_cov_2.117647
      Species: [Deltaflexivirus glycinis] -> [Erysiphe necator associated deltaflexivirus 1]
  CRR527043_clean_NODE_16673_length_565_cov_1.951220
      Species: [Betascleroulivirus epsilonplasmoparae] -> [Erysiphe necator associated ourmia-like virus 25]
  CRR527043_clean_NODE_1709_length_1784_cov_3.604909
      Order: [Pimascovirales] -> [Imitervirales]
  CRR527043_clean_NODE_1722_length_1781_cov_2.058548
      Species: [Biavirus raunefjordenense] -> [Florenciella sp. virus SA1]
  CRR527043_clean_NODE_188_length_3422_cov_32.077635
      Genus: [Fadolivirus] -> [Catovirus]
      Species: [Fadolivirus algeromassiliense] -> [Catovirus CTV1]
  CRR527043_clean_NODE_19650_length_512_cov_1.451025
      Species: [Scleroulivirus xiplasmoparae] -> [Erysiphe necator associated ourmia-like virus 41]
  CRR527043_clean_NODE_226_length_3329_cov_2.732494
      Realm: [Duplodnaviria] -> [Varidnaviria]
      Kingdom: [Heunggongvirae] -> [Bamfordvirae]
      Phylum: [Uroviricota] -> [Nucleocytoviricota]
  CRR527043_clean_NODE_2279_length_1614_cov_4.269306
      Species: [Biavirus raunefjordenense] -> [Chrysophyceae clade H virus]
  CRR527043_clean_NODE_2304_length_1607_cov_4.407432
      Species: [Magoulivirus lambdaplasmoparae] -> [Botourmiaviridae sp.]
  CRR527043_clean_NODE_2407_length_1582_cov_1.316103
      Genus: [Tupanvirus] -> [Catovirus]
      Species: [Tupanvirus salinum] -> [Catovirus klosterense]
  CRR527043_clean_NODE_2595_length_1529_cov_2.203984
      Genus: [Rhadinovirus] -> [Lymphocryptovirus]
      Species: [Rhadinovirus colobinegamma1] -> [Lymphocryptovirus callitrichinegamma3]
  CRR527043_clean_NODE_2602_length_1527_cov_2.362448
      Species: [Tethysvirus raunefjordenense] -> [Florenciella sp. virus SA1]
  CRR527043_clean_NODE_2742_length_1497_cov_1.232444
      Realm: [Varidnaviria] -> [Duplodnaviria]
      Kingdom: [Bamfordvirae] -> [Heunggongvirae]
      Phylum: [Nucleocytoviricota] -> [Uroviricota]
  CRR527043_clean_NODE_2799_length_1483_cov_20.575177
      Species: [Penoulivirus penicillii] -> [Botourmiaviridae sp.]
  CRR527043_clean_NODE_2838_length_1475_cov_4.141940
      Realm: [Duplodnaviria] -> [Varidnaviria]
      Kingdom: [Heunggongvirae] -> [Bamfordvirae]
      Phylum: [Uroviricota] -> [Nucleocytoviricota]
  CRR527043_clean_NODE_2964_length_1445_cov_3.903061
      Order: [Imitervirales] -> [Pimascovirales]
      Species: [Megavirus powaiense] -> [空]
  CRR527043_clean_NODE_3019_length_1434_cov_2.694342
      Realm: [Varidnaviria] -> [Duplodnaviria]
      Kingdom: [Bamfordvirae] -> [Heunggongvirae]
      Phylum: [Nucleocytoviricota] -> [Peploviricota]
      Class: [Megaviricetes] -> [Herviviricetes]
      Order: [Imitervirales] -> [Herpesvirales]
      Family: [Mimiviridae] -> [Orthoherpesviridae]
      Genus: [Mimivirus] -> [Scutavirus]
      Species: [Mimivirus lagoaense] -> [Scutavirus testudinidalpha3]
  CRR527043_clean_NODE_3395_length_1360_cov_2.986791
      Species: [Deltaflexivirus fusarii] -> [Erysiphe necator associated deltaflexivirus 1]
  CRR527043_clean_NODE_3415_length_1356_cov_4.279813
      Realm: [Riboviria] -> [Duplodnaviria]
      Kingdom: [Pararnavirae] -> [Heunggongvirae]
      Phylum: [Artverviricota] -> [Peploviricota]
      Class: [Revtraviricetes] -> [Herviviricetes]
      Order: [Ortervirales] -> [Herpesvirales]
  CRR527043_clean_NODE_3704_length_1312_cov_3.061340
      Species: [Deltaflexivirus glycinis] -> [Agrostis stolonifera deltaflexivirus 1]
  CRR527043_clean_NODE_4081_length_1251_cov_21.533107
      Realm: [Varidnaviria] -> [Duplodnaviria]
      Kingdom: [Bamfordvirae] -> [Heunggongvirae]
      Phylum: [Nucleocytoviricota] -> [Uroviricota]
      Class: [Megaviricetes] -> [Mycopleornaviricetes]
      Order: [Imitervirales] -> [Xenadelphovirales]
      Family: [Schizomimiviridae] -> [Polymycoviridae]
      Genus: [Biavirus] -> [Polymycovirus]
      Species: [Biavirus raunefjordenense] -> [Alternaria alternata polymycovirus 2]
  CRR527043_clean_NODE_4458_length_1199_cov_1.751332
      Order: [Imitervirales] -> [Algavirales]
      Family: [Mesomimiviridae] -> [Phycodnaviridae]
      Genus: [Tethysvirus] -> [Prasinovirus]
      Species: [Tethysvirus ontarioense] -> [空]
  CRR527043_clean_NODE_482_length_2725_cov_8.392534
      Order: [Imitervirales] -> [Algavirales]
      Species: [Biavirus raunefjordenense] -> [Micromonas commoda virus]
  CRR527043_clean_NODE_502_length_2660_cov_5.339389
      Realm: [Varidnaviria] -> [Duplodnaviria]
      Kingdom: [Bamfordvirae] -> [Heunggongvirae]
      Phylum: [Nucleocytoviricota] -> [Uroviricota]
  CRR527043_clean_NODE_5721_length_1058_cov_2.433503
      Species: [Phyllomonavirus gysingense] -> [Rhizoctonia cerealis phyllomonavirus*]
  CRR527043_clean_NODE_5836_length_1047_cov_47.206366
      Genus: [Fadolivirus] -> [Catovirus]
      Species: [Fadolivirus algeromassiliense] -> [Catovirus CTV1]
  CRR527043_clean_NODE_601_length_2493_cov_3.051240
      Genus: [Cotonvirus] -> [Klosneuvirus]
      Species: [Cotonvirus japonicum] -> [Klosneuvirus KNV1]
  CRR527043_clean_NODE_607_length_2489_cov_3.608444
      Realm: [Varidnaviria] -> [Duplodnaviria]
      Kingdom: [Bamfordvirae] -> [Heunggongvirae]
      Phylum: [Nucleocytoviricota] -> [Uroviricota]
  CRR527043_clean_NODE_645_length_2434_cov_4.479458
      Species: [Chlorovirus americanus] -> [Chlorovirus sp.]
  CRR527043_clean_NODE_659_length_2414_cov_10.781717
      Species: [Tupanvirus altamarinense] -> [Naiavirus sp.]
  CRR527043_clean_NODE_666_length_2407_cov_3.187661
      Species: [Deltaflexivirus glycinis] -> [Agrostis stolonifera deltaflexivirus 1]
  CRR527043_clean_NODE_6702_length_972_cov_1.658509
      Species: [Deltaflexivirus glycinis] -> [Erysiphe necator associated deltaflexivirus 1]
  CRR527043_clean_NODE_715_length_2354_cov_9.484437
      Order: [Imitervirales] -> [Algavirales]
      Species: [Theiavirus salishense] -> [Micromonas polaris virus]
  CRR527043_clean_NODE_7333_length_924_cov_2.311398
      Species: [Victorivirus go] -> [Alternaria arborescens victorivirus 1]
  CRR527043_clean_NODE_785_length_2269_cov_2.065574
      Order: [Algavirales] -> [Imitervirales]
      Family: [Phycodnaviridae] -> [Mimiviridae]
      Genus: [Phaeovirus] -> [Hokovirus]
      Species: [Phaeovirus unasiliculosus] -> [Hokovirus HKV1*]
  CRR527043_clean_NODE_819_length_2236_cov_2.428109
      Genus: [Tupanvirus] -> [Catovirus]
      Species: [Tupanvirus altamarinense] -> [Catovirus CTV1]
  CRR527043_clean_NODE_8591_length_844_cov_2.530480
      Species: [Magoulivirus cladosporii] -> [Grapevine wood holobiome associated ourmia-like virus 11]
  CRR527043_clean_NODE_942_length_2152_cov_3.382395
      Species: [Tupanvirus salinum] -> [Chrysophyceae clade H virus]
  CRR527043_clean_NODE_995_length_2120_cov_2.237421
      Realm: [Duplodnaviria] -> [Varidnaviria]
      Kingdom: [Heunggongvirae] -> [Bamfordvirae]
      Phylum: [Uroviricota] -> [Nucleocytoviricota]
      Class: [Caudoviricetes] -> [Megaviricetes]
  CRR527046_clean_NODE_10117_length_601_cov_2.649621
      Order: [Timlovirales] -> [Norzivirales]
      Species: [Puduphavirus nemorishabitans] -> [Ripasles virus]
  CRR527046_clean_NODE_1017_length_1480_cov_1.773987
      Species: [Hihlwovirus frumentivivens] -> [Ripaprix virus]
  CRR527046_clean_NODE_10214_length_599_cov_1.623574
      Species: [Grisebachstrassevirus goe3] -> [Naiavirus sp.]
  CRR527046_clean_NODE_10326_length_596_cov_1.332696
      Species: [Alkesdovirus terradaptatum] -> [Chrocadim virus]
  CRR527046_clean_NODE_10547_length_590_cov_3.054159
      Species: [Hodnevirus allomontisvicinum] -> [Chronawylt virus]
  CRR527046_clean_NODE_10796_length_585_cov_1.050781
      Species: [Hodnevirus neogeovivens] -> [Chrocadyns virus]
  CRR527046_clean_NODE_1091_length_1445_cov_3.058309
      Species: [Luhtdivirus caenihabitans] -> [Chrocacirs virus]
  CRR527046_clean_NODE_11455_length_570_cov_2.535211
      Species: [Lidtloavirus pedocola] -> [Chrocavem virus]
  CRR527046_clean_NODE_114_length_3005_cov_10.236016
      Species: [Luteovirus rosae] -> [Qianjiang tombus-like virus 45]
  CRR527046_clean_NODE_11861_length_561_cov_2.774590
      Species: [Potyvirus nicotianavenamaculae] -> [Potyvirus rapae]
  CRR527046_clean_NODE_1222_length_1394_cov_2.299773
      Species: [Hodnevirus arvivivens] -> [Ripachad virus]
  CRR527046_clean_NODE_122_length_2940_cov_15.374608
      Realm: [Duplodnaviria] -> [Varidnaviria]
      Kingdom: [Heunggongvirae] -> [Bamfordvirae]
      Phylum: [Uroviricota] -> [Nucleocytoviricota]
      Species: [Tsamsavirus izhevsk] -> [Goettingenvirus goe8]
  CRR527046_clean_NODE_13229_length_537_cov_3.411638
      Species: [Hodnevirus neochorenecus] -> [Qianjiang levi-like virus 24]
  CRR527046_clean_NODE_13_length_5742_cov_26.135474
      Species: [Sogarnavirus kitsilanoensis] -> [Picornaviridae sp.]
  CRR527046_clean_NODE_1401_length_1317_cov_28.587621
      Order: [Algavirales] -> [Imitervirales]
      Family: [Phycodnaviridae] -> [Allomimiviridae]
      Genus: [Chlorovirus] -> [Punuivirus]
      Species: [Chlorovirus conductrix] -> [Punuivirus latens]
  CRR527046_clean_NODE_14217_length_522_cov_1.193764
      Species: [Hodnevirus isogeoenecus] -> [Chronabult virus]
  CRR527046_clean_NODE_14_length_5736_cov_7.734593
      Order: [Imitervirales] -> [Pimascovirales]
  CRR527046_clean_NODE_15470_length_505_cov_1.412037
      Species: [Hodnevirus pseudofaecivicinum] -> [Ripachip virus]
  CRR527046_clean_NODE_1570_length_1257_cov_3.646959
      Class: [Bunyaviricetes] -> [Monjiviricetes]
  CRR527046_clean_NODE_171_length_2684_cov_6.459977
      Species: [Hodnevirus neochorenecus] -> [Chrocafem virus]
  CRR527046_clean_NODE_174_length_2676_cov_8.092585
      Species: [Alphaorpheovirus massiliense] -> [Naiavirus sp.]
  CRR527046_clean_NODE_177_length_2672_cov_3.392843
      Order: [Pimascovirales] -> [Imitervirales]
      Species: [Alphahydrivirus permafrostis] -> [空]
  CRR527046_clean_NODE_18_length_5363_cov_7.853497
      Species: [Polerovirus SABYV] -> [Qianjiang sobemo-like virus 18]
  CRR527046_clean_NODE_192_length_2626_cov_7.708970
      Species: [Theiavirus salishense] -> [Theiavirus salishense*]
  CRR527046_clean_NODE_204_length_2573_cov_5.754000
      Species: [Hodnevirus solivicinum] -> [Chrocapens virus]
  CRR527046_clean_NODE_209_length_2547_cov_7.767583
      Family: [Schizomimiviridae] -> [Mimiviridae]
      Genus: [Biavirus] -> [Megavirus]
      Species: [Biavirus raunefjordenense] -> [Megavirus sp.]
  CRR527046_clean_NODE_21_length_5048_cov_2.838995
      Realm: [Duplodnaviria] -> [Varidnaviria]
      Kingdom: [Heunggongvirae] -> [Bamfordvirae]
  CRR527046_clean_NODE_2251_length_1106_cov_1.707648
      Realm: [Varidnaviria] -> [Duplodnaviria]
      Kingdom: [Bamfordvirae] -> [Heunggongvirae]
      Phylum: [Nucleocytoviricota] -> [Peploviricota]
      Class: [Megaviricetes] -> [Herviviricetes]
      Order: [Imitervirales] -> [Herpesvirales]
      Family: [Schizomimiviridae] -> [Orthoherpesviridae]
      Genus: [Biavirus] -> [Varicellovirus]
      Species: [Biavirus raunefjordenense] -> [Varicellovirus suidalpha1]
  CRR527046_clean_NODE_23_length_4929_cov_7.438221
      Realm: [Duplodnaviria] -> [Varidnaviria]
      Kingdom: [Heunggongvirae] -> [Bamfordvirae]
      Phylum: [Uroviricota] -> [Nucleocytoviricota]
  CRR527046_clean_NODE_260_length_2373_cov_28.746087
      Family: [Schizomimiviridae] -> [Mimiviridae]
      Genus: [Biavirus] -> [Megavirus]
      Species: [Biavirus raunefjordenense] -> [Megavirus sp.]
  CRR527046_clean_NODE_261_length_2373_cov_15.720000
      Family: [Schizomimiviridae] -> [Mimiviridae]
      Genus: [Biavirus] -> [Megavirus]
      Species: [Biavirus raunefjordenense] -> [Megavirus sp.]
  CRR527046_clean_NODE_296_length_2256_cov_34.096656
      Species: [Magoulivirus lambdaplasmoparae] -> [Suillus luteus botourmiavirus 3]
  CRR527046_clean_NODE_3012_length_990_cov_1.768811
      Species: [Magoulivirus lambdaplasmoparae] -> [Botourmiaviridae sp.]
  CRR527046_clean_NODE_317_length_2220_cov_23.778295
      Species: [Moumouvirus australiense] -> [Moumouvirus maliense]
  CRR527046_clean_NODE_3290_length_957_cov_3.469457
      Order: [Pimascovirales] -> [Imitervirales]
  CRR527046_clean_NODE_3429_length_938_cov_3.315607
      Realm: [Duplodnaviria] -> [Varidnaviria]
      Kingdom: [Heunggongvirae] -> [Bamfordvirae]
      Phylum: [Uroviricota] -> [Nucleocytoviricota]
  CRR527046_clean_NODE_348_length_2155_cov_3.201729
      Realm: [Varidnaviria] -> [Duplodnaviria]
      Kingdom: [Bamfordvirae] -> [Heunggongvirae]
      Phylum: [Nucleocytoviricota] -> [Peploviricota]
      Class: [Megaviricetes] -> [Herviviricetes]
  CRR527046_clean_NODE_355_length_2133_cov_2.082039
      Realm: [Varidnaviria] -> [Duplodnaviria]
      Kingdom: [Bamfordvirae] -> [Heunggongvirae]
      Phylum: [Nucleocytoviricota] -> [Uroviricota]
  CRR527046_clean_NODE_363_length_2115_cov_3.995103
      Order: [Pimascovirales] -> [Imitervirales]
      Species: [Iridovirus armadillidium1] -> [Homavirus sp.]
  CRR527046_clean_NODE_402_length_2028_cov_2.818414
      Realm: [Duplodnaviria] -> [Varidnaviria]
      Kingdom: [Heunggongvirae] -> [Bamfordvirae]
      Phylum: [Uroviricota] -> [Nucleocytoviricota]
  CRR527046_clean_NODE_414_length_2000_cov_4.915931
      Species: [Tupanvirus altamarinense] -> [Tupanvirus salinum]
  CRR527046_clean_NODE_42_length_4148_cov_10.896196
      Realm: [Duplodnaviria] -> [Varidnaviria]
      Kingdom: [Heunggongvirae] -> [Bamfordvirae]
      Phylum: [Uroviricota] -> [Nucleocytoviricota]
      Species: [Spbetavirus SPbeta] -> [Marseillevirus LCMAC103]
  CRR527046_clean_NODE_430_length_1979_cov_13.839454
      Realm: [Duplodnaviria] -> [Varidnaviria]
      Kingdom: [Heunggongvirae] -> [Bamfordvirae]
      Phylum: [Uroviricota] -> [Nucleocytoviricota]
  CRR527046_clean_NODE_4415_length_846_cov_1.464424
      Species: [Hodnevirus geocola] -> [Ripaprim virus]
  CRR527046_clean_NODE_45_length_4050_cov_10.754840
      Species: [Hodnevirus geovivens] -> [Chrocamand virus]
  CRR527046_clean_NODE_47_length_4004_cov_3.049860
      Realm: [Riboviria] -> [Varidnaviria]
      Kingdom: [Pararnavirae] -> [Bamfordvirae]
      Phylum: [Artverviricota] -> [Nucleocytoviricota]
      Class: [Revtraviricetes] -> [Megaviricetes]
      Order: [Ortervirales] -> [Imitervirales]
      Species: [Metavirus tatarabidopsis] -> [Homavirus sp.]
  CRR527046_clean_NODE_52_length_3923_cov_82.875325
      Species: [Kempsvovirus caenivivens] -> [Sopavyc virus]
  CRR527046_clean_NODE_5305_length_788_cov_1.786014
      Species: [Yuhrihovirus nemorisvicinum] -> [Ripastys virus]
  CRR527046_clean_NODE_5476_length_777_cov_3.413352
      Species: [Andhaxevirus chorovicinum] -> [Ripahez virus]
  CRR527046_clean_NODE_555_length_1841_cov_4.196833
      Realm: [Duplodnaviria] -> [Varidnaviria]
      Kingdom: [Heunggongvirae] -> [Bamfordvirae]
      Phylum: [Uroviricota] -> [Nucleocytoviricota]
  CRR527046_clean_NODE_55_length_3869_cov_8.434932
      Species: [Dugnivirus solivicinum] -> [Chronaforn virus]
  CRR527046_clean_NODE_5632_length_768_cov_3.369784
      Order: [Timlovirales] -> [Norzivirales]
      Species: [Lidtloavirus pedocola] -> [Chrocajirn virus]
  CRR527046_clean_NODE_595_length_1800_cov_20.133758
      Kingdom: [Shotokuvirae] -> [Orthornavirae]
  CRR527046_clean_NODE_59_length_3823_cov_14.531467
      Species: [Hodnevirus solenecus] -> [Ripastol virus]
  CRR527046_clean_NODE_6335_length_732_cov_3.210926
      Species: [Lidtloavirus pedocola] -> [Ripachuk virus]
  CRR527046_clean_NODE_66_length_3666_cov_11.443362
      Species: [Fagihyuvirus agrihabitans] -> [Chrocagyrd virus]
  CRR527046_clean_NODE_6788_length_710_cov_1.216641
      Species: [Orthopicobirnavirus beihaiense] -> [Picobirnavirus sp.]
  CRR527046_clean_NODE_6789_length_710_cov_1.037677
      Species: [Hodnevirus neochorenecus] -> [Chronawylt virus]
  CRR527046_clean_NODE_68_length_3648_cov_5.156923
      Species: [Pavtokvirus PEp14] -> [Yonginvirus EaP8]
  CRR527046_clean_NODE_7191_length_692_cov_1.638126
      Species: [Hodnevirus neoterrihabitans] -> [Qianjiang levi-like virus 14]
  CRR527046_clean_NODE_72_length_3616_cov_8.484335
      Species: [Mimivirus bradfordmassiliense] -> [Hyperionvirus sp.]
  CRR527046_clean_NODE_789_length_1624_cov_3.944552
      Realm: [Duplodnaviria] -> [Varidnaviria]
      Kingdom: [Heunggongvirae] -> [Bamfordvirae]
      Phylum: [Uroviricota] -> [Nucleocytoviricota]
  CRR527046_clean_NODE_8029_length_661_cov_1.724490
      Species: [Hodnevirus neotellurenecus] -> [Chrocators virus]
  CRR527046_clean_NODE_804_length_1616_cov_2.478289
      Species: [Chlorovirus americanus] -> [Chrysochromulina ericina virus]
  CRR527046_clean_NODE_837_length_1595_cov_7.850197
      Realm: [Varidnaviria] -> [Duplodnaviria]
      Kingdom: [Bamfordvirae] -> [Heunggongvirae]
      Phylum: [Nucleocytoviricota] -> [Uroviricota]
  CRR527046_clean_NODE_868_length_1573_cov_5.585333
      Realm: [Duplodnaviria] -> [Varidnaviria]
      Kingdom: [Heunggongvirae] -> [Bamfordvirae]
      Phylum: [Uroviricota] -> [Nucleocytoviricota]
  CRR527046_clean_NODE_88_length_3317_cov_13.731504
      Realm: [Varidnaviria] -> [Duplodnaviria]
      Kingdom: [Bamfordvirae] -> [Heunggongvirae]
      Phylum: [Nucleocytoviricota] -> [Uroviricota]
      Family: [Hydriviridae] -> [Herelleviridae]
      Genus: [Alphahydrivirus] -> [Goettingenvirus]
      Species: [Alphahydrivirus permafrostis] -> [Goettingenvirus goe8]
  CRR527046_clean_NODE_907_length_1546_cov_2.555329
      Order: [Imitervirales] -> [Algavirales]
      Family: [Schizomimiviridae] -> [Phycodnaviridae]
      Genus: [Biavirus] -> [Chlorovirus]
      Species: [Biavirus raunefjordenense] -> [空]
  CRR527046_clean_NODE_94_length_3220_cov_9.658405
      Species: [Kenyattavirus kv136] -> [Grisebachstrassevirus goe3]
  CRR527046_clean_NODE_9694_length_612_cov_1.256030
      Species: [Kuhshuvirus pelovicinum] -> [Ripaslyl virus]
  CRR527046_clean_NODE_980_length_1498_cov_2.948070
      Species: [Narnavirus saccharomaior] -> [Sanxia water strider virus 13]
  CRR527047_clean_NODE_154_length_874_cov_1.436954
      Order: [Imitervirales] -> [Pimascovirales]
  CRR527048_clean_NODE_228_length_834_cov_2.077530
      Species: [Scleroulivirus xiplasmoparae] -> [Erysiphe necator associated ourmia-like virus 41]
  CRR527049_clean_NODE_19_length_1964_cov_5.403490
      Phylum: [Uroviricota] -> [Nucleocytoviricota]
      Class: [Caudoviricetes] -> [Megaviricetes]
      Order: [Grandevirales] -> [Rowavirales]
      Family: [Epsomviridae] -> [Spinareoviridae]
      Genus: [Wendovervirus] -> [Coltivirus]
      Species: [Wendovervirus sonii] -> [空]
  CRR527050_clean_NODE_1085_length_1180_cov_2.439024
      Species: [Hemivirus aedis] -> [Penicillium camemberti virus - GP1*]
  CRR527050_clean_NODE_117_length_2463_cov_5.739749
      Family: [Metaviridae] -> [Caulimoviridae]
      Genus: [Metavirus] -> [Badnavirus]
      Species: [Metavirus tatarabidopsis] -> [Ambrosia asymptomatic virus 2 UKM-2007]
  CRR527050_clean_NODE_166_length_2202_cov_3.370127
      Species: [Tupanvirus altamarinense] -> [Tupanvirus salinum]
  CRR527050_clean_NODE_1904_length_947_cov_2.144165
      Species: [Scleroulivirus omicronplasmoparae] -> [Erysiphe necator associated ourmia-like virus 41]
  CRR527050_clean_NODE_20_length_4436_cov_6.243640
      Family: [Mimiviridae] -> [Schizomimiviridae]
      Genus: [Fadolivirus] -> [Kratosvirus]
      Species: [Fadolivirus algeromassiliense] -> [Kratosvirus quantuckense]
  CRR527050_clean_NODE_316_length_1817_cov_5.744266
      Species: [Fijivirus fijiense] -> [Fijivirus alporyzae]
  CRR527050_clean_NODE_4847_length_612_cov_1.755102
      Species: [Betascleroulivirus thetaplasmoparae] -> [Watermelon botourmiavirus 1]
  CRR527050_clean_NODE_5_length_7358_cov_246.043102
      Species: [Vitivirus alpharubi] -> [Agave yellow streak virus Jalisco 2]
  CRR527050_clean_NODE_94_length_2584_cov_17.600956
      Genus: [Cotonvirus] -> [Catovirus]
      Species: [Cotonvirus japonicum] -> [Catovirus CTV1]
  CRR527051_clean_NODE_23_length_1647_cov_4.153748
      Species: [Magoulivirus lambdaplasmoparae] -> [Botourmiaviridae sp.]
  CRR527052_clean_NODE_1359_length_541_cov_1.053419
      Species: [Vitivirus alpharubi] -> [Vitivirus muviti]
  CRR527052_clean_NODE_1635_length_502_cov_1.097902
      Family: [Discoviridae] -> [Phenuiviridae]
      Genus: [Orthodiscovirus] -> [Bandavirus]
  CRR527052_clean_NODE_406_length_844_cov_2.268482
      Species: [Orthodiscovirus iberiae] -> [Orthodiscovirus coniellae]
  CRR527052_clean_NODE_494_length_786_cov_1.985975
      Species: [Scleroulivirus omicronplasmoparae] -> [Erysiphe necator associated ourmia-like virus 41]
  CRR527052_clean_NODE_56_length_1664_cov_3.503457
      Realm: [Duplodnaviria] -> [Varidnaviria]
      Kingdom: [Heunggongvirae] -> [Bamfordvirae]
      Phylum: [Uroviricota] -> [Nucleocytoviricota]
  CRR527052_clean_NODE_606_length_730_cov_0.770167
      Genus: [Penoulivirus] -> [Betabotoulivirus]
      Species: [Penoulivirus thetaplasmoparae] -> [Betabotoulivirus deltaplasmoparae]
  CRR527052_clean_NODE_671_length_703_cov_4.855556
      Species: [Botoulivirus alphaplasmoparae] -> [Erysiphe necator associated ourmia-like virus 17]
  CRR527052_clean_NODE_693_length_696_cov_1.348315
      Species: [Vesiculovirus wufeng] -> [Mononegavirales sp.]
  CRR527052_clean_NODE_871_length_636_cov_1.722913
      Genus: [Sigmavirus] -> [Alphapaprhavirus]
      Species: [Sigmavirus sturtevanti] -> [Alphapaprhavirus gata]
  CRR527053_clean_NODE_191_length_1541_cov_19.597411
      Family: [Pseudoviridae] -> [Caulimoviridae]
      Genus: [Pseudovirus] -> [Caulimovirus]
      Species: [Pseudovirus oryzae] -> [Caulimovirus sp.]
  CRR527053_clean_NODE_2422_length_710_cov_1.167975
      Realm: [Varidnaviria] -> [Duplodnaviria]
      Kingdom: [Bamfordvirae] -> [Heunggongvirae]
      Phylum: [Nucleocytoviricota] -> [Uroviricota]
  CRR527053_clean_NODE_318_length_1359_cov_10.925350
      Species: [Pseudovirus oryzae] -> [Atrato Retro-like virus]
  CRR527054_clean_NODE_1_length_9150_cov_2322.104550
      Species: [Vitivirus alpharubi] -> [Agave yellow streak virus Jalisco 1]
  CRR527054_clean_NODE_3594_length_626_cov_2.754069
      Species: [Pseudovirus zeae] -> [Atrato Retro-like virus]
  CRR527054_clean_NODE_769_length_1076_cov_3.669990
      Species: [Metavirus lilii] -> [Metavirus cladosporii]
  CRR527055_clean_NODE_109_length_2170_cov_12.424416
      Family: [Pseudoviridae] -> [Caulimoviridae]
      Genus: [Pseudovirus] -> [Caulimovirus]
      Species: [Pseudovirus brassicae] -> [Caulimovirus sp.]
  CRR527055_clean_NODE_114_length_2135_cov_8.080989
      Species: [Tethysvirus raunefjordenense] -> [Harvfovirus sp.]
  CRR527055_clean_NODE_147_length_1967_cov_6.914467
      Species: [Caulimovirus venafragariae] -> [Caulimovirus sp.]
  CRR527055_clean_NODE_1903_length_897_cov_2.065534
      Species: [Soymovirus maculaglycinis] -> [Soymovirus hibisci]
  CRR527055_clean_NODE_352_length_1522_cov_6.387854
      Family: [Pseudoviridae] -> [Caulimoviridae]
      Genus: [Pseudovirus] -> [Caulimovirus]
      Species: [Pseudovirus brassicae] -> [Caulimovirus sp.]
  CRR527055_clean_NODE_3_length_5542_cov_11.473944
      Species: [Metavirus sushii] -> [Metavirus cladosporii]
  CRR527055_clean_NODE_44_length_2788_cov_6.049355
      Family: [Metaviridae] -> [Caulimoviridae]
      Genus: [Errantivirus] -> [Badnavirus]
      Species: [Errantivirus drososeptemdecimum] -> [Ambrosia asymptomatic virus 2 UKM-2007]
  CRR708330_clean_NODE_40_length_1917_cov_23.475054
      Species: [Pseudovirus glycinis] -> [Atrato Retro-like virus]
  CRR732636_clean_NODE_156_length_1491_cov_1.236248
      Order: [Imitervirales] -> [Algavirales]
      Family: [Mimiviridae] -> [Phycodnaviridae]
      Genus: [Megavirus] -> [Prasinovirus]
      Species: [Megavirus powaiense] -> [空]
  CRR732636_clean_NODE_261_length_1294_cov_0.556921
      Genus: [Mimivirus] -> [Klosneuvirus]
      Species: [Mimivirus lagoaense] -> [Klosneuvirus KNV1]
  CRR732636_clean_NODE_30_length_2224_cov_2.387727
      Species: [Pseudovirus brassicae] -> [Sylvanvirus sp.]
  CRR732636_clean_NODE_3_length_3956_cov_0.230234
      Realm: [Varidnaviria] -> [Adnaviria]
      Kingdom: [Bamfordvirae] -> [Zilligvirae]
      Phylum: [Nucleocytoviricota] -> [Taleaviricota]
  CRR732636_clean_NODE_72_length_1791_cov_0.366705
      Species: [Agnivirus brisbanense] -> [Poseidoniales virus]
  CRR732637_clean_NODE_204_length_1175_cov_0.408348
      Species: [Betacytorhabdovirus sophorae] -> [Styphnolobium-associated cytorhabdovirus]
  CRR732637_clean_NODE_23_length_2034_cov_0.714431
      Species: [Alphahydrivirus permafrostis] -> [空]
  CRR732637_clean_NODE_47_length_1760_cov_0.319502
      Species: [Alphahydrivirus permafrostis] -> [Chrysophyceae clade H virus]
  CRR732637_clean_NODE_6_length_2958_cov_9.474523
      Species: [Biavirus raunefjordenense] -> [Mimiviridae sp. ChoanoV1*]
  CRR732639_clean_NODE_35_length_2185_cov_2.570549
      Order: [Imitervirales] -> [Algavirales]
      Family: [Mimiviridae] -> [Phycodnaviridae]
      Genus: [Theiavirus] -> [Prasinovirus]
      Species: [Theiavirus salishense] -> [Micromonas pusilla virus 12T]
  CRR732639_clean_NODE_7_length_2900_cov_0.378493
      Genus: [Fadolivirus] -> [Klosneuvirus]
      Species: [Fadolivirus algeromassiliense] -> [Klosneuvirus KNV1]
  CRR732639_clean_NODE_88_length_1782_cov_0.371562
      Species: [Rheavirus sinusmexicani] -> [Mimivirus LCMiAC01]
  CRR732640_clean_NODE_17_length_2340_cov_0.351125
      Species: [Tethysvirus ontarioense] -> [Chrysophyceae clade H virus]
  CRR732640_clean_NODE_86_length_1656_cov_0.423879
      Phylum: [Peploviricota] -> [Uroviricota]
      Species: [Simplexvirus macropodidalpha2] -> [Marmot herpesvirus 1]
  CRR732640_clean_NODE_92_length_1633_cov_0.462179
      Realm: [Varidnaviria] -> [Duplodnaviria]
      Kingdom: [Bamfordvirae] -> [Heunggongvirae]
      Phylum: [Nucleocytoviricota] -> [Peploviricota]
      Class: [Megaviricetes] -> [Herviviricetes]
      Order: [Pimascovirales] -> [Herpesvirales]
  CRR732641_clean_NODE_1547_length_689_cov_0.511364
      Class: [Naldaviricetes] -> [Megaviricetes]
  CRR732642_clean_NODE_17_length_2055_cov_2.593845
      Realm: [Varidnaviria] -> [Duplodnaviria]
      Kingdom: [Bamfordvirae] -> [Heunggongvirae]
      Phylum: [Nucleocytoviricota] -> [Uroviricota]
      Family: [Mesomimiviridae] -> [Schizomimiviridae]
      Genus: [Tethysvirus] -> [Biavirus]
      Species: [Tethysvirus raunefjordenense] -> [Biavirus raunefjordenense]
  CRR732645_clean_NODE_843_length_629_cov_0.962230
      Realm: [Riboviria] -> [Varidnaviria]
      Kingdom: [Pararnavirae] -> [Bamfordvirae]
      Phylum: [Artverviricota] -> [Nucleocytoviricota]
      Order: [Ortervirales] -> [Imitervirales]
  CRR732646_clean_NODE_1437_length_779_cov_0.415014
      Family: [Mimiviridae] -> [Allomimiviridae]
      Genus: [Fadolivirus] -> [Oceanusvirus]
      Species: [Fadolivirus algeromassiliense] -> [Oceanusvirus kaneohense]
  CRR732646_clean_NODE_46_length_2152_cov_0.377104
      Species: [Tupanvirus salinum] -> [Chrysophyceae clade H virus]
  CRR732646_clean_NODE_65_length_1932_cov_0.855836
      Species: [Fadolivirus algeromassiliense] -> [Hyperionvirus sp.]
  CRR732646_clean_NODE_79_length_1816_cov_0.372347
      Species: [Chlorovirus heliozoae] -> [Chlorovirus conductrix]
  CRR732647_clean_NODE_1822_length_727_cov_0.558104
      Species: [Soymovirus maculaglycinis] -> [Soymovirus malvae]
  CRR732647_clean_NODE_212_length_1455_cov_0.714906
      Species: [Sirevirus maydis] -> [Penicillium camemberti virus - GP1*]
  CRR732648_clean_NODE_123_length_1795_cov_0.263647
      Realm: [Varidnaviria] -> [Duplodnaviria]
      Kingdom: [Bamfordvirae] -> [Heunggongvirae]
      Phylum: [Nucleocytoviricota] -> [Uroviricota]
      Family: [Schizomimiviridae] -> [Arenbergviridae]
      Genus: [Biavirus] -> [Wroclawvirus]
      Species: [Biavirus raunefjordenense] -> [Wroclawvirus PA5oct]
  CRR732648_clean_NODE_129_length_1770_cov_0.454920
      Species: [空] -> [Homavirus sp.]
  CRR732648_clean_NODE_7_length_3450_cov_1.501925
      Family: [Pseudoviridae] -> [Caulimoviridae]
      Genus: [Pseudovirus] -> [Caulimovirus]
      Species: [Pseudovirus glycinis] -> [Caulimovirus sp.]
  CRR732649_clean_NODE_122_length_1824_cov_0.499143
      Species: [Biavirus raunefjordenense] -> [Mimiviridae sp. ChoanoV1]
  CRR732649_clean_NODE_76_length_2081_cov_0.833167
      Species: [Sirevirus lycopersici] -> [Penicillium camemberti virus - GP1*]
  CRR732649_clean_NODE_98_length_1948_cov_3.332800
      Order: [Imitervirales] -> [Algavirales]
  CRR732650_clean_NODE_12_length_2814_cov_6.697556
      Realm: [Duplodnaviria] -> [Varidnaviria]
      Kingdom: [Heunggongvirae] -> [Bamfordvirae]
      Phylum: [Uroviricota] -> [Nucleocytoviricota]
  CRR732650_clean_NODE_29_length_2322_cov_6.340151
      Family: [Mesomimiviridae] -> [Schizomimiviridae]
      Genus: [Tethysvirus] -> [Biavirus]
      Species: [Tethysvirus ontarioense] -> [Biavirus raunefjordenense]
  CRR732650_clean_NODE_37_length_2159_cov_1.979866
      Realm: [Varidnaviria] -> [Duplodnaviria]
      Kingdom: [Bamfordvirae] -> [Heunggongvirae]
      Phylum: [Nucleocytoviricota] -> [Uroviricota]
  CRR732650_clean_NODE_51_length_1847_cov_1.489290
      Species: [Thornevirus SP15] -> [Sicyoidochytrium minutum DNA virus]
  CRR732650_clean_NODE_74_length_1576_cov_2.272122
      Genus: [Fadolivirus] -> [Theiavirus]
      Species: [Fadolivirus algeromassiliense] -> [Theiavirus salishense]
  CRR732650_clean_NODE_941_length_549_cov_0.970588
      Genus: [Soymovirus] -> [Caulimovirus]
      Species: [Soymovirus malvae] -> [Caulimovirus tessellobrassicae]
  CRR732651_clean_NODE_106_length_1828_cov_0.294587
      Species: [Tupanvirus altamarinense] -> [Naiavirus sp.]
  CRR732651_clean_NODE_112_length_1785_cov_0.358061
      Species: [Fadolivirus algeromassiliense] -> [Mimivirus LCMiAC01]
  CRR732651_clean_NODE_243_length_1405_cov_1.504505
      Species: [Tupanvirus salinum] -> [空]
  CRR732651_clean_NODE_3983_length_522_cov_0.550111
      Species: [Soymovirus malvae] -> [Soymovirus hibisci]
  CRR732651_clean_NODE_48_length_2335_cov_0.500884
      Family: [Schizomimiviridae] -> [Mesomimiviridae]
      Genus: [Biavirus] -> [Criusvirus]
      Species: [Biavirus raunefjordenense] -> [Criusvirus kaneoense]
  CRR732651_clean_NODE_61_length_2170_cov_2.624702
      Order: [Imitervirales] -> [Algavirales]
      Family: [Mimiviridae] -> [Phycodnaviridae]
      Genus: [Mimivirus] -> [Prasinovirus]
      Species: [Mimivirus lagoaense] -> [Dishui Lake phycodnavirus 3]
  CRR732652_clean_NODE_153_length_2329_cov_2.559292
      Genus: [Inibicvirus] -> [Wadgaonvirus]
      Species: [Inibicvirus 613R3] -> [Wadgaonvirus wv5004651]
  CRR732652_clean_NODE_157_length_2303_cov_1.518353
      Genus: [Fadolivirus] -> [Tupanvirus]
      Species: [Fadolivirus algeromassiliense] -> [Terrestrivirus sp.]
  CRR732652_clean_NODE_213_length_2105_cov_1.944499
      Realm: [Duplodnaviria] -> [Varidnaviria]
      Kingdom: [Heunggongvirae] -> [Bamfordvirae]
      Phylum: [Uroviricota] -> [Nucleocytoviricota]
  CRR732652_clean_NODE_222_length_2086_cov_1.944472
      Species: [Tupanvirus salinum] -> [Chrysophyceae clade H virus]
  CRR732652_clean_NODE_271_length_1937_cov_1.727516
      Realm: [Varidnaviria] -> [Duplodnaviria]
      Kingdom: [Bamfordvirae] -> [Heunggongvirae]
      Phylum: [Nucleocytoviricota] -> [Uroviricota]
  CRR732652_clean_NODE_424_length_1730_cov_1.319687
      Species: [Betaretrovirus maspfimon] -> [Endogenous prairie dog retrovirus]
  CRR732652_clean_NODE_557_length_1584_cov_2.052805
      Realm: [Duplodnaviria] -> [Varidnaviria]
      Kingdom: [Heunggongvirae] -> [Bamfordvirae]
      Phylum: [Uroviricota] -> [Nucleocytoviricota]
  CRR732652_clean_NODE_82_length_2737_cov_13.584708
      Class: [Megaviricetes] -> [Pokkesviricetes]
      Order: [Imitervirales] -> [Chitovirales]
      Species: [Tethysvirus raunefjordenense] -> [Carp edema virus]
  CRR732653_clean_NODE_130_length_2591_cov_2.335845
      Realm: [Adnaviria] -> [Varidnaviria]
      Kingdom: [Zilligvirae] -> [Bamfordvirae]
      Phylum: [Taleaviricota] -> [Nucleocytoviricota]
  CRR732653_clean_NODE_148_length_2495_cov_3.164056
      Species: [Fadolivirus algeromassiliense] -> [Edafosvirus sp.]
  CRR732653_clean_NODE_19_length_4178_cov_3.258944
      Species: [Tupanvirus altamarinense] -> [Chrysophyceae clade H virus]
  CRR732653_clean_NODE_275_length_2075_cov_4.094716
      Species: [Agnivirus brisbanense] -> [Poseidoniales virus]
  CRR732653_clean_NODE_297_length_2022_cov_1.971838
      Realm: [Duplodnaviria] -> [Varidnaviria]
      Kingdom: [Heunggongvirae] -> [Bamfordvirae]
      Phylum: [Uroviricota] -> [Nucleocytoviricota]
  CRR732653_clean_NODE_327_length_1964_cov_3.756201
      Species: [Agnivirus brisbanense] -> [Poseidoniales virus]
  CRR732653_clean_NODE_481_length_1728_cov_1.037975
      Realm: [Varidnaviria] -> [Duplodnaviria]
      Kingdom: [Bamfordvirae] -> [Heunggongvirae]
      Phylum: [Nucleocytoviricota] -> [Uroviricota]
  CRR732653_clean_NODE_500_length_1706_cov_1.608430
      Order: [Algavirales] -> [Imitervirales]
  CRR732653_clean_NODE_564_length_1644_cov_1.497143
      Species: [Theiavirus salishense] -> [Florenciella sp. virus SA1]
  CRR732653_clean_NODE_566_length_1642_cov_1.513032
      Species: [Tupanvirus salinum] -> [Chrysophyceae clade H virus]
  CRR732653_clean_NODE_620_length_1591_cov_1.618922
      Realm: [Varidnaviria] -> [Duplodnaviria]
      Kingdom: [Bamfordvirae] -> [Heunggongvirae]
      Phylum: [Nucleocytoviricota] -> [Uroviricota]
      Order: [Imitervirales] -> [Algavirales]
      Family: [Mimiviridae] -> [Phycodnaviridae]
      Genus: [Tupanvirus] -> [Chlorovirus]
      Species: [Tupanvirus salinum] -> [Chlorovirus sp.]
  CRR732653_clean_NODE_65_length_3087_cov_3.685553
      Realm: [Varidnaviria] -> [Duplodnaviria]
      Kingdom: [Bamfordvirae] -> [Heunggongvirae]
      Phylum: [Nucleocytoviricota] -> [Uroviricota]
      Species: [Megavirus powaiense] -> [Satyrvirus sp.]
  CRR732654_clean_NODE_101_length_2342_cov_1.507699
      Species: [Gammaretrovirus murleu] -> [Gammaretrovirus felleu]
  CRR732654_clean_NODE_173_length_1990_cov_1.895888
      Species: [Tupanvirus altamarinense] -> [Chrysophyceae clade H virus]
  CRR732654_clean_NODE_310_length_1631_cov_2.731114
      Species: [Agnivirus brisbanense] -> [Poseidoniales virus]
  CRR732654_clean_NODE_356_length_1569_cov_1.526000
      Genus: [Tupanvirus] -> [Rheavirus]
      Species: [Tupanvirus salinum] -> [Rheavirus sinusmexicani]
  CRR732654_clean_NODE_474_length_1439_cov_1.407299
      Genus: [Tupanvirus] -> [Catovirus]
      Species: [Tupanvirus altamarinense] -> [Catovirus CTV1]
  CRR732654_clean_NODE_479_length_1432_cov_1.363903
      Species: [Alphacedratvirus brasiliense] -> [Pithovirus LCPAC304]
  CRR732654_clean_NODE_490_length_1423_cov_2.003693
      Species: [Tupanvirus altamarinense] -> [Naiavirus sp.]
  CRR732655_clean_NODE_17_length_3533_cov_4.843533
      Species: [Gammaretrovirus gibleu] -> [Gammaretrovirus koa]
  CRR732655_clean_NODE_347_length_1653_cov_1.916667
      Realm: [Varidnaviria] -> [Duplodnaviria]
      Kingdom: [Bamfordvirae] -> [Heunggongvirae]
      Phylum: [Nucleocytoviricota] -> [Peploviricota]
  CRR732655_clean_NODE_390_length_1600_cov_1.506858
      Realm: [Duplodnaviria] -> [Varidnaviria]
      Kingdom: [Heunggongvirae] -> [Bamfordvirae]
      Phylum: [Uroviricota] -> [Nucleocytoviricota]
  CRR732656_clean_NODE_170_length_1705_cov_2.184597
      Species: [Gammaretrovirus gibleu] -> [Gammaretrovirus sp.]
  CRR732656_clean_NODE_31_length_2796_cov_7.843051
      Family: [Mesomimiviridae] -> [Schizomimiviridae]
      Genus: [Tethysvirus] -> [Biavirus]
      Species: [Tethysvirus ontarioense] -> [Biavirus raunefjordenense]
  CRR732657_clean_NODE_270_length_1680_cov_1.920546
      Realm: [Varidnaviria] -> [Duplodnaviria]
      Kingdom: [Bamfordvirae] -> [Heunggongvirae]
      Phylum: [Nucleocytoviricota] -> [Peploviricota]
      Class: [Megaviricetes] -> [Herviviricetes]
      Order: [Pimascovirales] -> [Herpesvirales]
  CRR732657_clean_NODE_276_length_1664_cov_1.685893
      Species: [Fadolivirus algeromassiliense] -> [Mimivirus LCMiAC01]
  CRR732657_clean_NODE_96_length_2255_cov_8.234218
      Realm: [Varidnaviria] -> [Duplodnaviria]
      Kingdom: [Bamfordvirae] -> [Heunggongvirae]
      Phylum: [Nucleocytoviricota] -> [Uroviricota]
  CRR732658_clean_NODE_1024_length_1364_cov_2.125097
      Species: [Alphahydrivirus permafrostis] -> [Naiavirus sp.]
  CRR732658_clean_NODE_123_length_2640_cov_1.814080
      Species: [Tupanvirus salinum] -> [Chrysophyceae clade H virus]
  CRR732658_clean_NODE_166_length_2420_cov_2.194385
      Class: [Pokkesviricetes] -> [Megaviricetes]
      Order: [Chitovirales] -> [Imitervirales]
      Species: [Epsilonentomopoxvirus dlongicaudata] -> [Homavirus sp.]
  CRR732658_clean_NODE_2437_length_939_cov_8.986207
      Class: [Pokkesviricetes] -> [Naldaviricetes]
      Order: [Chitovirales] -> [Lefavirales]
  CRR732658_clean_NODE_30_length_3857_cov_3.097149
      Realm: [Varidnaviria] -> [Duplodnaviria]
      Kingdom: [Bamfordvirae] -> [Heunggongvirae]
      Phylum: [Nucleocytoviricota] -> [Uroviricota]
      Species: [Biavirus raunefjordenense] -> [Donellivirus gee]
  CRR732658_clean_NODE_356_length_1928_cov_3.693921
      Species: [Tupanvirus altamarinense] -> [Chrysophyceae clade H virus]
  CRR732658_clean_NODE_364_length_1919_cov_4.276216
      Species: [Agnivirus brisbanense] -> [Poseidoniales virus]
  CRR732658_clean_NODE_409_length_1862_cov_2.495817
      Order: [Pimascovirales] -> [Imitervirales]
      Family: [Hydriviridae] -> [Schizomimiviridae]
      Genus: [Alphahydrivirus] -> [Biavirus]
      Species: [Alphahydrivirus permafrostis] -> [Biavirus raunefjordenense]
  CRR732658_clean_NODE_60_length_3162_cov_2.165858
      Class: [Herviviricetes] -> [Naldaviricetes]
      Order: [Herpesvirales] -> [Lefavirales]
      Family: [Orthoherpesviridae] -> [Nudiviridae]
      Genus: [Macavirus] -> [Alphanudivirus]
      Species: [空] -> [Alphanudivirus oryrhinocerotis]
  CRR732658_clean_NODE_619_length_1652_cov_1.830069
      Species: [Tupanvirus altamarinense] -> [Florenciella sp. virus SA1]
  CRR732658_clean_NODE_64_length_3131_cov_3.081646
      Realm: [Varidnaviria] -> [Riboviria]
      Kingdom: [Bamfordvirae] -> [Pararnavirae]
      Phylum: [Nucleocytoviricota] -> [Artverviricota]
      Class: [Megaviricetes] -> [Revtraviricetes]
      Order: [Imitervirales] -> [Ortervirales]
      Family: [Schizomimiviridae] -> [Retroviridae]
      Genus: [Biavirus] -> [Lentivirus]
      Species: [Biavirus raunefjordenense] -> [Lentivirus humimdef1]
  CRR732658_clean_NODE_660_length_1609_cov_1.946753
      Order: [Pimascovirales] -> [Imitervirales]
      Species: [Alphaorpheovirus massiliense] -> [Sylvanvirus sp.]
  CRR732659_clean_NODE_111_length_3139_cov_3.162541
      Realm: [Duplodnaviria] -> [Varidnaviria]
  CRR732659_clean_NODE_141_length_2898_cov_3.893955
      Realm: [Varidnaviria] -> [Duplodnaviria]
      Kingdom: [Bamfordvirae] -> [Heunggongvirae]
      Phylum: [Nucleocytoviricota] -> [Uroviricota]
  CRR732659_clean_NODE_201_length_2592_cov_2.066587
      Genus: [Leporipoxvirus] -> [Centapoxvirus]
      Species: [Leporipoxvirus myxoma] -> [Centapoxvirus microtuspox]
  CRR732659_clean_NODE_240_length_2468_cov_17.096290
      Order: [Imitervirales] -> [Pimascovirales]
      Family: [Mimiviridae] -> [Marseilleviridae]
      Genus: [Fadolivirus] -> [Marseillevirus]
      Species: [Fadolivirus algeromassiliense] -> [Tokyovirus A1]
  CRR732659_clean_NODE_257_length_2423_cov_2.892948
      Genus: [Fadolivirus] -> [Tupanvirus]
      Species: [Fadolivirus algeromassiliense] -> [Tupanvirus altamarinense]
  CRR732659_clean_NODE_271_length_2378_cov_0.696405
      Realm: [Varidnaviria] -> [Duplodnaviria]
      Kingdom: [Bamfordvirae] -> [Heunggongvirae]
      Phylum: [Nucleocytoviricota] -> [Peploviricota]
      Class: [Megaviricetes] -> [Herviviricetes]
      Order: [Imitervirales] -> [Herpesvirales]
      Family: [Mesomimiviridae] -> [Orthoherpesviridae]
      Genus: [Tethysvirus] -> [Lymphocryptovirus]
      Species: [Tethysvirus raunefjordenense] -> [Lymphocryptovirus humangamma4]
  CRR732659_clean_NODE_273_length_2369_cov_3.659130
      Species: [Betaentomopoxvirus amoorei] -> [Carp edema virus]
  CRR732659_clean_NODE_278_length_2351_cov_2.797546
      Species: [Tupanvirus altamarinense] -> [Tupanvirus salinum]
  CRR732659_clean_NODE_301_length_2264_cov_1.630524
      Order: [Imitervirales] -> [Algavirales]
  CRR732659_clean_NODE_351_length_2140_cov_2.923225
      Species: [Fadolivirus algeromassiliense] -> [Terrestrivirus sp.]
  CRR732659_clean_NODE_403_length_2041_cov_20.938134
      Realm: [Varidnaviria] -> [Duplodnaviria]
      Kingdom: [Bamfordvirae] -> [Heunggongvirae]
      Phylum: [Nucleocytoviricota] -> [Uroviricota]
  CRR732659_clean_NODE_483_length_1917_cov_1.558983
      Species: [Tupanvirus salinum] -> [Terrestrivirus sp.]
  CRR732659_clean_NODE_509_length_1891_cov_5.754116
      Species: [Agnivirus brisbanense] -> [Poseidoniales virus]
  CRR732659_clean_NODE_522_length_1877_cov_1.751106
      Species: [Betaretrovirus maspfimon] -> [Endogenous prairie dog retrovirus]
  CRR732659_clean_NODE_611_length_1781_cov_2.555491
      Realm: [Duplodnaviria] -> [Varidnaviria]
      Kingdom: [Heunggongvirae] -> [Bamfordvirae]
      Phylum: [Uroviricota] -> [Nucleocytoviricota]
  CRR732659_clean_NODE_779_length_1647_cov_1.537389
      Realm: [Varidnaviria] -> [Duplodnaviria]
      Kingdom: [Bamfordvirae] -> [Heunggongvirae]
      Phylum: [Nucleocytoviricota] -> [Uroviricota]
      Family: [Mimiviridae] -> [Schizomimiviridae]
      Genus: [Tupanvirus] -> [Biavirus]
      Species: [Tupanvirus salinum] -> [Biavirus raunefjordenense]
  CRR732659_clean_NODE_841_length_1597_cov_1.722513
      Genus: [Biavirus] -> [Kratosvirus]
  CRR732659_clean_NODE_870_length_1570_cov_2.469687
      Species: [Tupanvirus altamarinense] -> [Chrysophyceae clade H virus]
  CRR732660_clean_NODE_1036_length_1665_cov_7.469925
      Species: [Agnivirus brisbanense] -> [Poseidoniales virus]
  CRR732660_clean_NODE_1076_length_1638_cov_2.722753
      Realm: [Varidnaviria] -> [Duplodnaviria]
      Kingdom: [Bamfordvirae] -> [Heunggongvirae]
      Phylum: [Nucleocytoviricota] -> [Uroviricota]
      Class: [Megaviricetes] -> [Resentoviricetes]
      Order: [Imitervirales] -> [Reovirales]
      Family: [Mimiviridae] -> [Sedoreoviridae]
      Genus: [Tupanvirus] -> [Rotavirus]
      Species: [Tupanvirus altamarinense] -> [Delepquintavirus DLP5]
  CRR732660_clean_NODE_1097_length_1624_cov_1.823151
      Realm: [Adnaviria] -> [Varidnaviria]
      Kingdom: [Zilligvirae] -> [Bamfordvirae]
      Phylum: [Taleaviricota] -> [Nucleocytoviricota]
  CRR732660_clean_NODE_1188_length_1566_cov_1.780895
      Order: [Imitervirales] -> [Pimascovirales]
      Species: [Rheavirus sinusmexicani] -> [Mimiviridae sp. ChoanoV1]
  CRR732660_clean_NODE_123_length_3413_cov_5.151615
      Realm: [Varidnaviria] -> [Duplodnaviria]
      Kingdom: [Bamfordvirae] -> [Heunggongvirae]
      Phylum: [Nucleocytoviricota] -> [Uroviricota]
  CRR732660_clean_NODE_1247_length_1535_cov_1.303547
      Species: [Alpharetrovirus avirousar] -> [Alpharetrovirus avileu]
  CRR732660_clean_NODE_1517_length_1404_cov_2.487640
      Order: [Pimascovirales] -> [Imitervirales]
  CRR732660_clean_NODE_1581_length_1386_cov_2.665907
      Realm: [Varidnaviria] -> [Duplodnaviria]
      Kingdom: [Bamfordvirae] -> [Heunggongvirae]
      Phylum: [Nucleocytoviricota] -> [Peploviricota]
      Class: [Megaviricetes] -> [Herviviricetes]
      Order: [Pimascovirales] -> [Herpesvirales]
  CRR732660_clean_NODE_1608_length_1373_cov_2.359663
      Species: [Alpharetrovirus aviUR2sar] -> [Alpharetrovirus avileu]
  CRR732660_clean_NODE_1701_length_1341_cov_1.343553
      Family: [Mesomimiviridae] -> [Schizomimiviridae]
      Genus: [Tethysvirus] -> [Biavirus]
      Species: [Tethysvirus ontarioense] -> [Biavirus raunefjordenense]
  CRR732660_clean_NODE_191_length_3034_cov_7.255312
      Realm: [Varidnaviria] -> [Duplodnaviria]
      Kingdom: [Bamfordvirae] -> [Heunggongvirae]
      Phylum: [Nucleocytoviricota] -> [Uroviricota]
  CRR732660_clean_NODE_198_length_2989_cov_4.609932
      Species: [Alphahydrivirus permafrostis] -> [空]
  CRR732660_clean_NODE_199_length_2987_cov_2.539068
      Realm: [Duplodnaviria] -> [Varidnaviria]
      Kingdom: [Heunggongvirae] -> [Bamfordvirae]
      Phylum: [Uroviricota] -> [Nucleocytoviricota]
  CRR732660_clean_NODE_211_length_2926_cov_3.964998
      Realm: [Varidnaviria] -> [Duplodnaviria]
      Kingdom: [Bamfordvirae] -> [Heunggongvirae]
      Phylum: [Nucleocytoviricota] -> [Uroviricota]
  CRR732660_clean_NODE_269_length_2691_cov_3.205568
      Realm: [Duplodnaviria] -> [Varidnaviria]
      Kingdom: [Heunggongvirae] -> [Bamfordvirae]
      Phylum: [Uroviricota] -> [Nucleocytoviricota]
  CRR732660_clean_NODE_351_length_2470_cov_20.622241
      Class: [Pokkesviricetes] -> [Megaviricetes]
      Order: [Chitovirales] -> [Imitervirales]
      Species: [Epsilonentomopoxvirus dlongicaudata] -> [Homavirus sp.]
  CRR732660_clean_NODE_36_length_4861_cov_6.308639
      Genus: [Fadolivirus] -> [Tupanvirus]
      Species: [Fadolivirus algeromassiliense] -> [Tupanvirus salinum]
  CRR732660_clean_NODE_417_length_2346_cov_4.862978
      Species: [Fadolivirus algeromassiliense] -> [Naiavirus sp.]
  CRR732660_clean_NODE_474_length_2215_cov_3.618826
      Realm: [Duplodnaviria] -> [Varidnaviria]
      Kingdom: [Heunggongvirae] -> [Bamfordvirae]
      Phylum: [Uroviricota] -> [Nucleocytoviricota]
  CRR732660_clean_NODE_47_length_4451_cov_2.511867
      Realm: [Varidnaviria] -> [Riboviria]
      Kingdom: [Bamfordvirae] -> [Pararnavirae]
      Phylum: [Nucleocytoviricota] -> [Artverviricota]
      Class: [Megaviricetes] -> [Revtraviricetes]
  CRR732660_clean_NODE_517_length_2138_cov_2.720155
      Order: [Pimascovirales] -> [Algavirales]
      Family: [Iridoviridae] -> [Phycodnaviridae]
      Genus: [Iridovirus] -> [Phaeovirus]
      Species: [Iridovirus armadillidium1] -> [Phaeovirus unasiliculosus]
  CRR732660_clean_NODE_667_length_1960_cov_2.514543
      Order: [Algavirales] -> [Imitervirales]
      Species: [Prasinovirus micromonas] -> [Chrysophyceae clade H virus]
  CRR732660_clean_NODE_713_length_1916_cov_3.157011
      Genus: [Tupanvirus] -> [Catovirus]
      Species: [Tupanvirus salinum] -> [Catovirus CTV1]
  CRR732660_clean_NODE_803_length_1836_cov_3.655914
      Species: [Agnivirus brisbanense] -> [Poseidoniales virus]
  CRR732660_clean_NODE_80_length_3777_cov_6.221143
      Species: [Rheavirus sinusmexicani] -> [Chlorella virus XW01]
  CRR732660_clean_NODE_848_length_1810_cov_3.545089
      Order: [Pimascovirales] -> [Algavirales]
      Family: [Orpheoviridae] -> [Phycodnaviridae]
      Genus: [Alphaorpheovirus] -> [Prasinovirus]
      Species: [Alphaorpheovirus massiliense] -> [空]
  CRR732660_clean_NODE_873_length_1792_cov_1.814277
      Genus: [Tupanvirus] -> [Rheavirus]
      Species: [Tupanvirus salinum] -> [Rheavirus sinusmexicani]
  CRR732660_clean_NODE_890_length_1772_cov_4.904287
      Realm: [Duplodnaviria] -> [Varidnaviria]
  CRR732660_clean_NODE_933_length_1739_cov_1.653892
      Realm: [Varidnaviria] -> [Duplodnaviria]
      Kingdom: [Bamfordvirae] -> [Heunggongvirae]
      Phylum: [Nucleocytoviricota] -> [Peploviricota]
      Class: [Megaviricetes] -> [Herviviricetes]
      Order: [Pimascovirales] -> [Herpesvirales]
  CRR732660_clean_NODE_989_length_1701_cov_1.793505
      Species: [Medusavirus sthenus] -> [Medusavirus medusae]
  CRR732662_clean_NODE_395_length_1526_cov_2.859986
      Species: [Megavirus baoshanense] -> [Mimivirus LCMiAC01]
  CRR732662_clean_NODE_50_length_2808_cov_6.187660
      Family: [Mesomimiviridae] -> [Schizomimiviridae]
      Genus: [Tethysvirus] -> [Biavirus]
      Species: [Tethysvirus ontarioense] -> [Biavirus raunefjordenense]
  CRR732663_clean_NODE_180_length_2015_cov_4.923947
      Genus: [Orthopoxvirus] -> [Suipoxvirus]
      Species: [Orthopoxvirus volepox] -> [Suipoxvirus swinepox]
  CRR732663_clean_NODE_340_length_1690_cov_5.164713
      Realm: [Varidnaviria] -> [Duplodnaviria]
      Kingdom: [Bamfordvirae] -> [Heunggongvirae]
      Phylum: [Nucleocytoviricota] -> [Peploviricota]
      Class: [Megaviricetes] -> [Herviviricetes]
      Order: [Pimascovirales] -> [Herpesvirales]
  CRR732663_clean_NODE_464_length_1519_cov_3.060000
      Order: [Imitervirales] -> [Algavirales]
      Family: [Schizomimiviridae] -> [Phycodnaviridae]
      Genus: [Biavirus] -> [Prasinovirus]
      Species: [Biavirus raunefjordenense] -> [空]
  CRR891450_clean_NODE_40_length_2010_cov_3.004646
      Species: [Tethysvirus raunefjordenense] -> [Dishui Lake large algae virus 1]
  CRR891450_clean_NODE_537_length_823_cov_2.313333
      Realm: [Varidnaviria] -> [Duplodnaviria]
      Kingdom: [Bamfordvirae] -> [Heunggongvirae]
      Phylum: [Nucleocytoviricota] -> [Uroviricota]
  CRR891451_clean_NODE_65_length_1505_cov_1.574721
      Species: [Chlorovirus vanettense] -> [Chlorovirus sp.]
  CRR891454_clean_NODE_23_length_2027_cov_1.922723
      Species: [Benyvirus solibetae] -> [Lentinula edodes beny-like virus 1-Hunong-1]
  CRR891454_clean_NODE_244_length_902_cov_2.700844
      Species: [Risoevirus cronus] -> [Seunavirus PVPSE1]
  CRR891454_clean_NODE_76_length_1314_cov_1.143433
      Realm: [Duplodnaviria] -> [Varidnaviria]
      Kingdom: [Heunggongvirae] -> [Bamfordvirae]
      Phylum: [Uroviricota] -> [Nucleocytoviricota]
  CRR891456_clean_NODE_39_length_1676_cov_3.246413
      Order: [Imitervirales] -> [Pimascovirales]
  CRR891457_clean_NODE_9_length_2259_cov_2.345837
      Species: [Chlorovirus vanettense] -> [Chlorovirus sp.]
  SRR15037477_clean_NODE_3_length_2057_cov_1.480343
      Order: [Pimascovirales] -> [Imitervirales]
  SRR15037478_clean_NODE_21_length_2108_cov_0.863391
      Kingdom: [Pararnavirae] -> [Orthornavirae]
      Phylum: [Artverviricota] -> [Negarnaviricota]
      Class: [Revtraviricetes] -> [Monjiviricetes]
      Order: [Ortervirales] -> [Jingchuvirales]
      Species: [Metavirus tatarabidopsis] -> [Millipede chuvirus]
  SRR15037478_clean_NODE_6_length_2439_cov_4.741336
      Species: [Biavirus raunefjordenense] -> [Mimiviridae sp. ChoanoV1*]
  SRR15037479_clean_NODE_2336_length_512_cov_0.831435
      Order: [Imitervirales] -> [Algavirales]
      Family: [Mesomimiviridae] -> [Phycodnaviridae]
      Genus: [Tethysvirus] -> [Prasinovirus]
      Species: [Tethysvirus raunefjordenense] -> [Dishui Lake phycodnavirus 3]
  SRR15037480_clean_NODE_11_length_2314_cov_10.625614
      Order: [Imitervirales] -> [Algavirales]
      Family: [Mimiviridae] -> [Phycodnaviridae]
      Genus: [Megavirus] -> [Prasinovirus]
      Species: [Megavirus powaiense] -> [Micromonas pusilla virus 12T]
  SRR15037480_clean_NODE_35_length_1825_cov_2.717466
      Order: [Imitervirales] -> [Algavirales]
      Species: [Theiavirus salishense] -> [Micromonas commoda virus]
  SRR15037481_clean_NODE_15_length_2147_cov_1.759402
      Species: [Alphapithovirus sibericum] -> [Alphapithovirus siberiense]
  SRR15037481_clean_NODE_25_length_1877_cov_2.274945
      Family: [Mesomimiviridae] -> [Allomimiviridae]
      Genus: [Tethysvirus] -> [Heliosvirus]
      Species: [Tethysvirus ontarioense] -> [Heliosvirus raunefjordenense]
  SRR15037481_clean_NODE_978_length_740_cov_0.581709
      Realm: [Varidnaviria] -> [Duplodnaviria]
      Kingdom: [Bamfordvirae] -> [Heunggongvirae]
      Phylum: [Nucleocytoviricota] -> [Peploviricota]
      Class: [Megaviricetes] -> [Herviviricetes]
      Order: [Pimascovirales] -> [Herpesvirales]
      Family: [Iridoviridae] -> [Orthoherpesviridae]
      Genus: [Lymphocystivirus] -> [Lymphocryptovirus]
      Species: [Lymphocystivirus micropogonias1] -> [Lymphocryptovirus humangamma4]
  SRR15037482_clean_NODE_12_length_1984_cov_1.936159
      Family: [Mesomimiviridae] -> [Allomimiviridae]
      Genus: [Tethysvirus] -> [Heliosvirus]
      Species: [Tethysvirus ontarioense] -> [Heliosvirus raunefjordenense]
  SRR15037483_clean_NODE_1376_length_598_cov_0.419048
      Family: [Mimiviridae] -> [Mamonoviridae]
      Genus: [Megavirus] -> [Medusavirus]
      Species: [Megavirus baoshanense] -> [空]
  SRR15037483_clean_NODE_2306_length_504_cov_0.549884
      Order: [Algavirales] -> [Imitervirales]
      Species: [Chlorovirus americanus] -> [Namao virus]
  SRR15037483_clean_NODE_24_length_1786_cov_1.389959
      Realm: [Duplodnaviria] -> [Varidnaviria]
      Kingdom: [Heunggongvirae] -> [Bamfordvirae]
      Phylum: [Uroviricota] -> [Nucleocytoviricota]
  SRR15037483_clean_NODE_47_length_1586_cov_1.565102
      Realm: [Varidnaviria] -> [Duplodnaviria]
      Kingdom: [Bamfordvirae] -> [Heunggongvirae]
      Phylum: [Nucleocytoviricota] -> [Uroviricota]
  SRR15037483_clean_NODE_57_length_1544_cov_3.562203
      Realm: [Varidnaviria] -> [Duplodnaviria]
      Kingdom: [Bamfordvirae] -> [Heunggongvirae]
      Phylum: [Nucleocytoviricota] -> [Uroviricota]
  SRR15037494_clean_NODE_34_length_1611_cov_2.021456
      Genus: [Megavirus] -> [Mimivirus]
      Species: [Megavirus powaiense] -> [Mimivirus U306]
  SRR15037494_clean_NODE_57_length_1410_cov_2.852655
      Realm: [Varidnaviria] -> [Duplodnaviria]
      Kingdom: [Bamfordvirae] -> [Heunggongvirae]
      Phylum: [Nucleocytoviricota] -> [Uroviricota]
  SRR15037500_clean_NODE_53_length_1335_cov_2.064184
      Species: [Tupanvirus salinum] -> [空]
  SRR15037501_clean_NODE_1130_length_576_cov_9.765408
      Species: [Tupanvirus altamarinense] -> [Sylvanvirus sp.]
  SRR15037502_clean_NODE_10_length_2250_cov_2.821314
      Order: [Imitervirales] -> [Algavirales]
  SRR15037502_clean_NODE_1161_length_587_cov_0.850195
      Order: [Imitervirales] -> [Algavirales]
      Family: [Mimiviridae] -> [Phycodnaviridae]
      Genus: [Theiavirus] -> [Prasinovirus]
      Species: [Theiavirus salishense] -> [Micromonas pusilla virus 12T]
  SRR15037504_clean_NODE_847_length_648_cov_0.521739
      Species: [Fadolivirus algeromassiliense] -> [Chrysophyceae clade H virus]
  SRR15037505_clean_NODE_12_length_2199_cov_2.345249
      Order: [Imitervirales] -> [Algavirales]
      Species: [Tethysvirus raunefjordenense] -> [Micromonas commoda virus]
  SRR15037505_clean_NODE_25_length_1964_cov_6.883659
      Order: [Imitervirales] -> [Algavirales]
  SRR15037505_clean_NODE_66_length_1621_cov_6.554910
      Species: [Mimivirus bradfordmassiliense] -> [Harvfovirus sp.]
  SRR15037506_clean_NODE_2_length_3018_cov_2.587097
      Realm: [Duplodnaviria] -> [Varidnaviria]
      Kingdom: [Heunggongvirae] -> [Bamfordvirae]
      Phylum: [Uroviricota] -> [Nucleocytoviricota]
  SRR15037506_clean_NODE_36_length_1771_cov_2.557715
      Family: [Mesomimiviridae] -> [Allomimiviridae]
      Genus: [Tethysvirus] -> [Heliosvirus]
      Species: [Tethysvirus ontarioense] -> [Heliosvirus raunefjordenense]
  SRR15037506_clean_NODE_763_length_815_cov_0.475741
      Family: [Mimiviridae] -> [Mesomimiviridae]
      Genus: [Tupanvirus] -> [Criusvirus]
      Species: [Tupanvirus salinum] -> [Criusvirus kaneoense]
  SRR15037506_clean_NODE_90_length_1426_cov_1.981523
      Order: [Imitervirales] -> [Algavirales]
  SRR17208219_clean_NODE_2691_length_639_cov_18.183746
      Species: [Megavirus baoshanense] -> [Satyrvirus sp.]
  SRR17208219_clean_NODE_661_length_1095_cov_1.037182
      Species: [Pseudovirus zeae] -> [Penicillium camemberti virus - GP1*]
  SRR17208220_clean_NODE_9_length_4479_cov_5.940082
      Species: [Tupanvirus altamarinense] -> [Naiavirus sp.]
  SRR17208222_clean_NODE_577_length_1092_cov_7.710500
      Realm: [Varidnaviria] -> [Duplodnaviria]
      Kingdom: [Bamfordvirae] -> [Heunggongvirae]
      Phylum: [Nucleocytoviricota] -> [Uroviricota]
      Species: [Theiavirus salishense] -> [Dishui Lake large algae virus 1]
  SRR17208222_clean_NODE_580_length_1092_cov_2.144259
      Family: [Schizomimiviridae] -> [Allomimiviridae]
      Genus: [Biavirus] -> [Heliosvirus]
      Species: [Biavirus raunefjordenense] -> [Heliosvirus raunefjordenense]
  SRR17208223_clean_NODE_1110_length_881_cov_4.943069
      Species: [Megavirus baoshanense] -> [Satyrvirus sp.]
  SRR17208223_clean_NODE_550_length_1149_cov_1.433086
      Species: [Badnavirus tessellopolysciatis] -> [Badnavirus etainflatheobromae]
  SRR17208224_clean_NODE_129_length_1962_cov_3.205400
      Species: [Metavirus lilii] -> [Metavirus cladosporii]
  SRR17208224_clean_NODE_58_length_2560_cov_7.666265
      Family: [Pseudoviridae] -> [Caulimoviridae]
      Genus: [Pseudovirus] -> [Caulimovirus]
      Species: [Pseudovirus evelknieveli] -> [Caulimovirus sp.]
  SRR17208224_clean_NODE_774_length_1040_cov_2.522234
      Species: [Badnavirus tessellocitri] -> [Badnavirus etainflatheobromae]
  SRR17208225_clean_NODE_1881_length_718_cov_0.953488
      Species: [Soymovirus maculaglycinis] -> [Soymovirus malvae]
  SRR17208225_clean_NODE_241_length_1502_cov_0.925822
      Realm: [Varidnaviria] -> [Duplodnaviria]
      Kingdom: [Bamfordvirae] -> [Heunggongvirae]
      Phylum: [Nucleocytoviricota] -> [Uroviricota]
  SRR17208225_clean_NODE_2_length_9401_cov_4.117174
      Species: [Pseudovirus glycinis] -> [Aedes aegypti To virus 2]
  SRR17208226_clean_NODE_10_length_3886_cov_3.201154
      Species: [Metavirus lilii] -> [Metavirus cladosporii]
  SRR17208227_clean_NODE_57_length_2264_cov_3.709265
      Species: [Biavirus raunefjordenense] -> [Mimiviridae sp. ChoanoV1*]
  SRR17208230_clean_NODE_13_length_3107_cov_5.063283
      Family: [Metaviridae] -> [Caulimoviridae]
      Genus: [Metavirus] -> [Badnavirus]
      Species: [Metavirus lilii] -> [空]
  SRR17208230_clean_NODE_80_length_2079_cov_12.595713
      Species: [Gammacytorhabdovirus alphafraxini] -> [Gammacytorhabdovirus lonatis]
  SRR17208233_clean_NODE_2138_length_613_cov_1.140741
      Species: [Badnavirus maculapiperis] -> [Badnavirus etainflatheobromae]
  SRR17208233_clean_NODE_457_length_1066_cov_2.628399
      Order: [Pimascovirales] -> [Imitervirales]
  SRR18059512_clean_NODE_16_length_3487_cov_3.471880
      Realm: [Duplodnaviria] -> [Varidnaviria]
      Kingdom: [Heunggongvirae] -> [Bamfordvirae]
      Phylum: [Uroviricota] -> [Nucleocytoviricota]
  SRR18059512_clean_NODE_3042_length_731_cov_2.521277
      Phylum: [Uroviricota] -> [Peploviricota]
  SRR18059512_clean_NODE_57_length_2505_cov_3.605263
      Realm: [Varidnaviria] -> [Duplodnaviria]
      Kingdom: [Bamfordvirae] -> [Heunggongvirae]
      Phylum: [Nucleocytoviricota] -> [Peploviricota]
      Class: [Megaviricetes] -> [Herviviricetes]
      Order: [Imitervirales] -> [Herpesvirales]
      Species: [Moumouvirus australiense] -> [Sylvanvirus sp.]
  SRR18059512_clean_NODE_834_length_1216_cov_0.734908
      Realm: [Varidnaviria] -> [Duplodnaviria]
      Kingdom: [Bamfordvirae] -> [Heunggongvirae]
      Phylum: [Nucleocytoviricota] -> [Peploviricota]
      Class: [Megaviricetes] -> [Herviviricetes]
      Order: [Pimascovirales] -> [Herpesvirales]
      Family: [Iridoviridae] -> [Orthoherpesviridae]
      Genus: [Lymphocystivirus] -> [Lymphocryptovirus]
      Species: [Lymphocystivirus sparus1] -> [Lymphocryptovirus humangamma4]
  SRR18059512_clean_NODE_9_length_3643_cov_3.009244
      Species: [Chlorovirus americanus] -> [Chlorovirus sp.]
  SRR18059513_clean_NODE_14_length_3598_cov_18.503262
      Species: [Tupanvirus salinum] -> [Chrysophyceae clade H virus]
  SRR21888384_clean_NODE_392_length_524_cov_0.824834
      Kingdom: [Pararnavirae] -> [Orthornavirae]
      Phylum: [Artverviricota] -> [Pisuviricota]
      Class: [Revtraviricetes] -> [Pisoniviricetes]
      Order: [Ortervirales] -> [Nidovirales]
      Family: [Pseudoviridae] -> [Arteriviridae]
      Genus: [Sirevirus] -> [Muarterivirus]
      Species: [Sirevirus maydis] -> [Muarterivirus afrigant]
  SRR21888388_clean_NODE_39_length_690_cov_0.560778
      Kingdom: [Pararnavirae] -> [Orthornavirae]
      Phylum: [Artverviricota] -> [Pisuviricota]
      Class: [Revtraviricetes] -> [Pisoniviricetes]
      Order: [Ortervirales] -> [Nidovirales]
      Family: [Pseudoviridae] -> [Coronaviridae]
      Genus: [Sirevirus] -> [Betacoronavirus]
      Species: [Sirevirus zeae] -> [Betacoronavirus pandemicum]
  SRR21888390_clean_NODE_120_length_1442_cov_1.448503
      Species: [Alphahydrivirus permafrostis] -> [Chrysophyceae clade H virus]
  SRR21888390_clean_NODE_14_length_2132_cov_13.087907
      Order: [Imitervirales] -> [Algavirales]
      Family: [Mesomimiviridae] -> [Phycodnaviridae]
      Genus: [Tethysvirus] -> [Prasinovirus]
      Species: [Tethysvirus raunefjordenense] -> [空]
  SRR21888390_clean_NODE_23_length_1865_cov_6.607701
      Order: [Imitervirales] -> [Algavirales]
  SRR21888390_clean_NODE_2536_length_638_cov_1.460177
      Species: [Tupanvirus altamarinense] -> [Edafosvirus sp.]
  SRR21888390_clean_NODE_41_length_1727_cov_4.530230
      Class: [Naldaviricetes] -> [Caudoviricetes]
      Order: [Lefavirales] -> [Pantevenvirales]
      Family: [Nudiviridae] -> [Straboviridae]
      Genus: [Betanudivirus] -> [Biquartavirus]
      Species: [Betanudivirus hezeae] -> [Biquartavirus 44RR2]
  SRR21888391_clean_NODE_11_length_2421_cov_4.867973
      Family: [Mesomimiviridae] -> [Allomimiviridae]
      Genus: [Tethysvirus] -> [Heliosvirus]
      Species: [Tethysvirus ontarioense] -> [Heliosvirus raunefjordenense]
  SRR21888391_clean_NODE_3446_length_576_cov_3.161034
      Class: [Pokkesviricetes] -> [Megaviricetes]
      Order: [Chitovirales] -> [Imitervirales]
      Family: [Poxviridae] -> [Allomimiviridae]
      Genus: [Parapoxvirus] -> [Oceanusvirus]
      Species: [Parapoxvirus sealpox] -> [Oceanusvirus sp.]
  SRR21888391_clean_NODE_44_length_1812_cov_6.336400
      Order: [Imitervirales] -> [Algavirales]
  SRR21888392_clean_NODE_1859_length_535_cov_0.357143
      Order: [Algavirales] -> [Imitervirales]
  SRR21888393_clean_NODE_223_length_952_cov_1.127418
      Genus: [Theiavirus] -> [Klosneuvirus]
      Species: [Theiavirus salishense] -> [Klosneuvirus KNV1]
  SRR21888396_clean_NODE_636_length_500_cov_0.988290
      Species: [Sirevirus zeae] -> [Penicillium camemberti virus - GP1*]
  SRR22330847_clean_NODE_5_length_2760_cov_2.762560
      Realm: [Riboviria] -> [Varidnaviria]
      Kingdom: [Pararnavirae] -> [Bamfordvirae]
      Phylum: [Artverviricota] -> [Nucleocytoviricota]
      Class: [Revtraviricetes] -> [Megaviricetes]
      Order: [Ortervirales] -> [Imitervirales]
      Family: [Metaviridae] -> [Orthoherpesviridae]
      Genus: [Metavirus] -> [Scutavirus]
      Species: [Metavirus tatarabidopsis] -> [Scutavirus testudinidalpha3]
  SRR22330848_clean_NODE_14_length_2176_cov_1.653352
      Order: [Imitervirales] -> [Algavirales]
      Family: [Schizomimiviridae] -> [Phycodnaviridae]
      Genus: [Biavirus] -> [Prasinovirus]
      Species: [Biavirus raunefjordenense] -> [空]
  SRR22330848_clean_NODE_46_length_1491_cov_2.421016
      Order: [Imitervirales] -> [Algavirales]
      Family: [Mesomimiviridae] -> [Phycodnaviridae]
      Genus: [Tethysvirus] -> [Prasinovirus]
      Species: [Tethysvirus raunefjordenense] -> [Micromonas pusilla virus 12T]
  SRR22330854_clean_NODE_347_length_619_cov_1.399267
      Order: [Imitervirales] -> [Algavirales]
  SRR22742698_clean_NODE_106_length_3051_cov_11.358630
      Species: [Alphahydrivirus permafrostis] -> [空]
  SRR22742698_clean_NODE_1146_length_1604_cov_1.834095
      Species: [Kratosvirus quantuckense] -> [Mimiviridae sp. ChoanoV1*]
  SRR22742698_clean_NODE_1464_length_1460_cov_3.004326
      Realm: [Duplodnaviria] -> [Varidnaviria]
      Kingdom: [Heunggongvirae] -> [Bamfordvirae]
      Phylum: [Uroviricota] -> [Nucleocytoviricota]
  SRR22742698_clean_NODE_16_length_4773_cov_39.116809
      Species: [Pseudovirus zeae] -> [Atrato Retro-like virus]
  SRR22742698_clean_NODE_232_length_2537_cov_4.350244
      Species: [空] -> [Criusvirus kaneoense]
  SRR22742698_clean_NODE_246_length_2502_cov_1.733635
      Realm: [Duplodnaviria] -> [Varidnaviria]
      Kingdom: [Heunggongvirae] -> [Bamfordvirae]
      Phylum: [Uroviricota] -> [Nucleocytoviricota]
  SRR22742698_clean_NODE_256_length_2486_cov_4.010361
      Phylum: [Nucleocytoviricota] -> [Preplasmiviricota]
      Class: [Megaviricetes] -> [Pharingeaviricetes]
      Order: [Imitervirales] -> [Rowavirales]
      Species: [Moumouvirus australiense] -> [空]
  SRR22742698_clean_NODE_286_length_2423_cov_3.048936
      Phylum: [Nucleocytoviricota] -> [Preplasmiviricota]
      Class: [Megaviricetes] -> [Pharingeaviricetes]
      Order: [Imitervirales] -> [Rowavirales]
      Species: [Moumouvirus australiense] -> [空]
  SRR22742698_clean_NODE_28_length_4028_cov_4.155499
      Realm: [Varidnaviria] -> [Duplodnaviria]
      Kingdom: [Bamfordvirae] -> [Heunggongvirae]
      Phylum: [Nucleocytoviricota] -> [Uroviricota]
  SRR22742698_clean_NODE_290_length_2418_cov_2.277186
      Species: [Tupanvirus salinum] -> [Chrysophyceae clade H virus]
  SRR22742698_clean_NODE_351_length_2304_cov_2.368445
      Species: [Fowlmouthvirus fowlmouth] -> [空]
  SRR22742698_clean_NODE_379_length_2257_cov_9.561355
      Order: [Imitervirales] -> [Algavirales]
      Species: [Tethysvirus raunefjordenense] -> [Micromonas commoda virus]
  SRR22742698_clean_NODE_459_length_2137_cov_1.868702
      Realm: [Duplodnaviria] -> [Varidnaviria]
      Kingdom: [Heunggongvirae] -> [Bamfordvirae]
      Phylum: [Uroviricota] -> [Nucleocytoviricota]
  SRR22742698_clean_NODE_490_length_2095_cov_3.315529
      Species: [Fadolivirus algeromassiliense] -> [Barrevirus sp.]
  SRR22742698_clean_NODE_522_length_2056_cov_2.365608
      Genus: [Mimivirus] -> [Catovirus]
      Species: [Mimivirus lagoaense] -> [Hyperionvirus sp.]
  SRR22742698_clean_NODE_59_length_3420_cov_3.307439
      Species: [Chlorovirus americanus] -> [Chlorovirus sp.]
  SRR22742698_clean_NODE_6537_length_655_cov_1.082474
      Species: [Tethysvirus ontarioense] -> [Terrestrivirus sp.]
  SRR22742698_clean_NODE_761_length_1851_cov_2.513498
      Species: [Chlorovirus conductrix] -> [Chlorovirus sp.]
  SRR22742698_clean_NODE_88_length_3171_cov_2.294383
      Realm: [Varidnaviria] -> [Duplodnaviria]
      Kingdom: [Bamfordvirae] -> [Heunggongvirae]
      Phylum: [Nucleocytoviricota] -> [Uroviricota]
      Family: [Schizomimiviridae] -> [Arenbergviridae]
      Genus: [Biavirus] -> [Wroclawvirus]
      Species: [Biavirus raunefjordenense] -> [Wroclawvirus PA5oct]
  SRR22742700_clean_NODE_1023_length_662_cov_0.286927
      Order: [Pimascovirales] -> [Imitervirales]
      Family: [Hydriviridae] -> [Mimiviridae]
      Genus: [Alphahydrivirus] -> [Rheavirus]
      Species: [Alphahydrivirus permafrostis] -> [Rheavirus sinusmexicani]
  SRR22742700_clean_NODE_38_length_2138_cov_0.429540
      Realm: [Duplodnaviria] -> [Varidnaviria]
      Kingdom: [Heunggongvirae] -> [Bamfordvirae]
      Phylum: [Uroviricota] -> [Nucleocytoviricota]
      Species: [Spinunavirus IPP61] -> [Tupanvirus altamarinense]
  SRR22742700_clean_NODE_78_length_1736_cov_0.344558
      Genus: [Fadolivirus] -> [Tupanvirus]
      Species: [Fadolivirus algeromassiliense] -> [Tupanvirus altamarinense]
  SRR22742702_clean_NODE_223_length_4172_cov_8.643816
      Realm: [Riboviria] -> [Varidnaviria]
      Kingdom: [Pararnavirae] -> [Bamfordvirae]
      Phylum: [Artverviricota] -> [Nucleocytoviricota]
      Class: [Revtraviricetes] -> [Megaviricetes]
      Order: [Ortervirales] -> [Imitervirales]
      Species: [Metavirus tatarabidopsis] -> [Homavirus sp.]
  SRR22742702_clean_NODE_2541_length_2018_cov_2.648329
      Species: [Tupanvirus altamarinense] -> [Tupanvirus salinum]
  SRR22742702_clean_NODE_254_length_4056_cov_15.205373
      Species: [Biavirus raunefjordenense] -> [Pandoravirus belohorizontensis]
  SRR22742702_clean_NODE_2764_length_1950_cov_9.894513
      Order: [Pimascovirales] -> [Ortervirales]
      Family: [Hydriviridae] -> [Retroviridae]
      Genus: [Alphahydrivirus] -> [Gammaretrovirus]
      Species: [Alphahydrivirus permafrostis] -> [Gammaretrovirus felleu]
  SRR22742702_clean_NODE_2821_length_1935_cov_3.377551
      Species: [Rheavirus sinusmexicani] -> [Harvfovirus sp.]
  SRR22742702_clean_NODE_3342_length_1797_cov_2.571346
      Species: [Chlorovirus americanus] -> [Chrysophyceae clade H virus]
  SRR22742702_clean_NODE_3807_length_1683_cov_4.787578
      Species: [Sophritavirus sophrita] -> [Sicyoidochytrium minutum DNA virus]
  SRR22742702_clean_NODE_526_length_3389_cov_2.301870
      Realm: [Varidnaviria] -> [Duplodnaviria]
      Kingdom: [Bamfordvirae] -> [Heunggongvirae]
      Phylum: [Nucleocytoviricota] -> [Peploviricota]
      Class: [Megaviricetes] -> [Herviviricetes]
      Order: [Imitervirales] -> [Herpesvirales]
  SRR22742702_clean_NODE_5306_length_1411_cov_2.490284
      Order: [Imitervirales] -> [Pimascovirales]
      Family: [Mimiviridae] -> [Orpheoviridae]
      Genus: [Tupanvirus] -> [Alphaorpheovirus]
      Species: [Tupanvirus salinum] -> [Alphaorpheovirus massiliense]
  SRR22742702_clean_NODE_5744_length_1347_cov_18.894035
      Class: [Naldaviricetes] -> [Megaviricetes]
      Order: [Lefavirales] -> [Pimascovirales]
      Species: [Betabaculovirus helarmigerae] -> [carnivorous sponge associated iridovirus]
  SRR22742702_clean_NODE_59_length_5517_cov_23.936811_self_circular
      Realm: [Riboviria] -> [Duplodnaviria]
      Kingdom: [Pararnavirae] -> [Heunggongvirae]
      Phylum: [Artverviricota] -> [Peploviricota]
      Class: [Revtraviricetes] -> [Herviviricetes]
      Order: [Ortervirales] -> [Herpesvirales]
      Family: [Pseudoviridae] -> [Orthoherpesviridae]
      Genus: [Pseudovirus] -> [Percavirus]
      Species: [Pseudovirus tabaci] -> [Percavirus equidgamma5]
  SRR22742702_clean_NODE_5_length_8017_cov_44.291163
      Species: [Metavirus sushii] -> [Metavirus cladosporii]
  SRR22742702_clean_NODE_8178_length_1063_cov_0.720202
      Species: [Pseudovirus hordei] -> [Sylvanvirus sp.]
  SRR22742702_clean_NODE_83_length_5203_cov_11.093372
      Species: [Fadolivirus algeromassiliense] -> [Homavirus sp.]
  SRR22742702_clean_NODE_872_length_2956_cov_6.604232
      Order: [Imitervirales] -> [Pimascovirales]
      Family: [Mimiviridae] -> [Ascoviridae]
      Genus: [Tupanvirus] -> [Toursvirus]
      Species: [Tupanvirus salinum] -> [Toursvirus dptv1a]
  SRR22742702_clean_NODE_926_length_2897_cov_3.540014
      Realm: [Varidnaviria] -> [Duplodnaviria]
      Kingdom: [Bamfordvirae] -> [Heunggongvirae]
      Phylum: [Nucleocytoviricota] -> [Uroviricota]
      Class: [Megaviricetes] -> [Caudoviricetes]
      Order: [Imitervirales] -> [Pantevenvirales]
      Family: [Schizomimiviridae] -> [Kyanoviridae]
      Genus: [Biavirus] -> [Haifavirus]
      Species: [Biavirus raunefjordenense] -> [Haifavirus tim68]
  SRR22742703_clean_NODE_1045_length_3079_cov_12.753493
      Realm: [Duplodnaviria] -> [Varidnaviria]
      Kingdom: [Heunggongvirae] -> [Bamfordvirae]
      Phylum: [Uroviricota] -> [Nucleocytoviricota]
  SRR22742703_clean_NODE_1068_length_3060_cov_25.936056
      Species: [Moumouvirus goulettemassiliense] -> [Pandoravirus dulcis]
  SRR22742703_clean_NODE_1146_length_2989_cov_22.493141
      Species: [Alphaorpheovirus massiliense] -> [Pithovirus LCPAC304]
  SRR22742703_clean_NODE_1171_length_2961_cov_1.413435
      Order: [Imitervirales] -> [Pimascovirales]
  SRR22742703_clean_NODE_1202_length_2928_cov_9.300525
      Species: [Tupanvirus salinum] -> [Terrestrivirus sp.]
  SRR22742703_clean_NODE_1206_length_2925_cov_5.209327
      Order: [Pimascovirales] -> [Imitervirales]
      Family: [Hydriviridae] -> [Mimiviridae]
      Genus: [Alphahydrivirus] -> [Mimivirus]
      Species: [Alphahydrivirus permafrostis] -> [Mimivirus bradfordmassiliense]
  SRR22742703_clean_NODE_1403_length_2793_cov_7.624632
      Order: [Algavirales] -> [Pimascovirales]
      Species: [Phaeovirus unasiliculosus] -> [Sylvanvirus sp.]
  SRR22742703_clean_NODE_1407_length_2790_cov_9.050423
      Species: [Tupanvirus salinum] -> [Pandoravirus salinus]
  SRR22742703_clean_NODE_141_length_5151_cov_43.517330
      Realm: [Duplodnaviria] -> [Varidnaviria]
      Kingdom: [Heunggongvirae] -> [Bamfordvirae]
      Phylum: [Uroviricota] -> [Nucleocytoviricota]
  SRR22742703_clean_NODE_1502_length_2730_cov_19.231840
      Realm: [Varidnaviria] -> [Duplodnaviria]
      Kingdom: [Bamfordvirae] -> [Heunggongvirae]
      Phylum: [Nucleocytoviricota] -> [Peploviricota]
      Class: [Megaviricetes] -> [Herviviricetes]
      Order: [Imitervirales] -> [Herpesvirales]
  SRR22742703_clean_NODE_1519_length_2713_cov_2.523106
      Realm: [Varidnaviria] -> [Duplodnaviria]
      Kingdom: [Bamfordvirae] -> [Heunggongvirae]
      Phylum: [Nucleocytoviricota] -> [Uroviricota]
      Class: [Megaviricetes] -> [Naldaviricetes]
      Order: [Algavirales] -> [Lefavirales]
      Family: [Phycodnaviridae] -> [Baculoviridae]
      Genus: [Prasinovirus] -> [Alphabaculovirus]
      Species: [Prasinovirus micromonas] -> [Alphabaculovirus oxochraceae]
  SRR22742703_clean_NODE_1520_length_2711_cov_25.904094
      Realm: [Varidnaviria] -> [Duplodnaviria]
      Kingdom: [Bamfordvirae] -> [Heunggongvirae]
      Phylum: [Nucleocytoviricota] -> [Uroviricota]
  SRR22742703_clean_NODE_1574_length_2679_cov_5.125863
      Species: [Cotonvirus japonicum] -> [Terrestrivirus sp.]
  SRR22742703_clean_NODE_1695_length_2612_cov_16.105947
      Species: [Coccolithovirus huxleyi] -> [Emiliania huxleyi virus 18]
  SRR22742703_clean_NODE_189_length_4831_cov_33.170870
      Species: [Alphacedratvirus brasiliense] -> [Alphacedratvirus aljazairmassiliense]
  SRR22742703_clean_NODE_193_length_4810_cov_18.252058
      Species: [Tupanvirus altamarinense] -> [Terrestrivirus sp.]
  SRR22742703_clean_NODE_1974_length_2468_cov_10.780793
      Realm: [Varidnaviria] -> [Duplodnaviria]
      Kingdom: [Bamfordvirae] -> [Heunggongvirae]
      Phylum: [Nucleocytoviricota] -> [Peploviricota]
      Class: [Megaviricetes] -> [Herviviricetes]
      Order: [Algavirales] -> [Ortervirales]
      Family: [Phycodnaviridae] -> [Retroviridae]
      Genus: [Chlorovirus] -> [Gammaretrovirus]
      Species: [Chlorovirus americanus] -> [空]
  SRR22742703_clean_NODE_1976_length_2466_cov_15.347263
      Genus: [Patagivirus] -> [Bossavirus]
      Species: [Patagivirus vespertilionidgamma3] -> [Bossavirus delphinidgamma1]
  SRR22742703_clean_NODE_2218_length_2356_cov_12.987735
      Species: [Alphapithovirus sibericum] -> [Alphapithovirus siberiense]
  SRR22742703_clean_NODE_2236_length_2345_cov_79.111796
      Species: [Tethysvirus raunefjordenense] -> [空]
  SRR22742703_clean_NODE_22_length_6918_cov_58.942586
      Species: [Metavirus osvaldi] -> [Metavirus cladosporii]
  SRR22742703_clean_NODE_2318_length_2312_cov_195.627066
      Species: [Alphahydrivirus permafrostis] -> [空]
  SRR22742703_clean_NODE_262_length_4515_cov_26.957226
      Species: [Biavirus raunefjordenense] -> [Mimiviridae sp. ChoanoV1*]
  SRR22742703_clean_NODE_2778_length_2144_cov_9.179623
      Genus: [Fadolivirus] -> [Mimivirus]
      Species: [Fadolivirus algeromassiliense] -> [Mimivirus sp.]
  SRR22742703_clean_NODE_2845_length_2123_cov_17.816098
      Species: [Kratosvirus quantuckense] -> [Mimiviridae sp. ChoanoV1]
  SRR22742703_clean_NODE_28_length_6614_cov_11.073689
      Class: [Naldaviricetes] -> [Herviviricetes]
      Order: [Lefavirales] -> [Herpesvirales]
  SRR22742703_clean_NODE_3014_length_2071_cov_8.058058
      Species: [Tupanvirus altamarinense] -> [Tupanvirus salinum]
  SRR22742703_clean_NODE_3089_length_2049_cov_14.607794
      Realm: [Duplodnaviria] -> [Varidnaviria]
      Species: [Donellivirus gee] -> [空]
  SRR22742703_clean_NODE_314_length_4300_cov_4.007807
      Realm: [Varidnaviria] -> [Duplodnaviria]
      Kingdom: [Bamfordvirae] -> [Heunggongvirae]
      Phylum: [Nucleocytoviricota] -> [Uroviricota]
  SRR22742703_clean_NODE_3155_length_2025_cov_17.957992
      Order: [Pimascovirales] -> [Algavirales]
  SRR22742703_clean_NODE_320_length_4281_cov_33.156844
      Genus: [Alphacedratvirus] -> [Alphapithovirus]
      Species: [Alphacedratvirus francolausannense] -> [Alphapithovirus siberiense]
  SRR22742703_clean_NODE_3212_length_2010_cov_21.173464
      Genus: [Fadolivirus] -> [Hokovirus]
      Species: [Fadolivirus algeromassiliense] -> [Hokovirus HKV1]
  SRR22742703_clean_NODE_3265_length_1991_cov_10.118874
      Realm: [Varidnaviria] -> [Duplodnaviria]
      Kingdom: [Bamfordvirae] -> [Heunggongvirae]
      Phylum: [Nucleocytoviricota] -> [Uroviricota]
      Species: [Tupanvirus altamarinense] -> [Kaumoebavirus]
  SRR22742703_clean_NODE_328_length_4242_cov_15.462461
      Order: [Algavirales] -> [Pimascovirales]
      Species: [Phaeovirus unasiliculosus] -> [空]
  SRR22742703_clean_NODE_3559_length_1914_cov_2.489408
      Realm: [Varidnaviria] -> [Duplodnaviria]
      Kingdom: [Bamfordvirae] -> [Heunggongvirae]
      Phylum: [Nucleocytoviricota] -> [Uroviricota]
  SRR22742703_clean_NODE_367_length_4148_cov_23.875337
      Species: [Betabaculovirus cypomonellae] -> [Mirusvirus sp.]
  SRR22742703_clean_NODE_379_length_4121_cov_273.851532
      Realm: [Varidnaviria] -> [Duplodnaviria]
      Kingdom: [Bamfordvirae] -> [Heunggongvirae]
      Phylum: [Nucleocytoviricota] -> [Uroviricota]
      Species: [Moumouvirus moumou] -> [Casadabanvirus R24]
  SRR22742703_clean_NODE_38_length_6236_cov_13.762778
      Species: [Pseudovirus unisaccharomycetis] -> [Penicillium camemberti virus - GP1*]
  SRR22742703_clean_NODE_3929_length_1828_cov_13.403419
      Genus: [Fadolivirus] -> [Theiavirus]
      Species: [Fadolivirus algeromassiliense] -> [Theiavirus salishense]
  SRR22742703_clean_NODE_4435_length_1714_cov_10.607556
      Realm: [Varidnaviria] -> [Duplodnaviria]
      Kingdom: [Bamfordvirae] -> [Heunggongvirae]
      Phylum: [Nucleocytoviricota] -> [Uroviricota]
  SRR22742703_clean_NODE_4608_length_1679_cov_16.397883
      Species: [Rheavirus sinusmexicani] -> [Rheavirus sinusmexicani*]
  SRR22742703_clean_NODE_4680_length_1666_cov_5.200879
      Realm: [Duplodnaviria] -> [Varidnaviria]
      Kingdom: [Heunggongvirae] -> [Bamfordvirae]
      Phylum: [Peploviricota] -> [Nucleocytoviricota]
      Class: [Herviviricetes] -> [Pokkesviricetes]
      Species: [Aurivirus haliotidmalaco1] -> [Marsupenaeus japonicus endogenous nimavirus]
  SRR22742703_clean_NODE_477_length_3886_cov_34.683189
      Class: [Pokkesviricetes] -> [Megaviricetes]
      Order: [Chitovirales] -> [Pimascovirales]
      Family: [Poxviridae] -> [Iridoviridae]
      Genus: [Betaentomopoxvirus] -> [Iridovirus]
      Species: [Betaentomopoxvirus crosaceana] -> [Iridovirus armadillidium1]
  SRR22742703_clean_NODE_533_length_3752_cov_18.142430
      Species: [Tethysvirus raunefjordenense] -> [空]
  SRR22742703_clean_NODE_537_length_3746_cov_210.882657
      Species: [Cytomegalovirus mandrillinebeta1] -> [Cytomegalovirus cercopithecinebeta5]
  SRR22742703_clean_NODE_5523_length_1509_cov_1.417131
      Species: [Metavirus unischizosaccharomycetis] -> [Metavirus cladosporii]
  SRR22742703_clean_NODE_607_length_3630_cov_9.358729
      Realm: [Varidnaviria] -> [Duplodnaviria]
      Kingdom: [Bamfordvirae] -> [Heunggongvirae]
      Phylum: [Nucleocytoviricota] -> [Uroviricota]
  SRR22742703_clean_NODE_611_length_3625_cov_16.990146
      Order: [Imitervirales] -> [Pimascovirales]
  SRR22742703_clean_NODE_659_length_3562_cov_9.868730
      Species: [Alphabaculovirus oxochraceae] -> [Chrysophyceae clade H virus]
  SRR22742703_clean_NODE_67_length_5756_cov_524.732712
      Species: [Pseudovirus nicotianae] -> [Atrato Retro-like virus]
  SRR22742703_clean_NODE_771_length_3403_cov_9.513814
      Species: [Plotvirus plot] -> [Chlorella virus XW01]
  SRR22742703_clean_NODE_79_length_5658_cov_7.249060
      Species: [Pseudovirus nicotianae] -> [Pinela virus]
  SRR22742703_clean_NODE_823_length_3336_cov_17.824088
      Class: [Naldaviricetes] -> [Caudoviricetes]
      Order: [Lefavirales] -> [Pantevenvirales]
      Family: [Nudiviridae] -> [Straboviridae]
      Genus: [Betanudivirus] -> [Biquartavirus]
      Species: [Betanudivirus hezeae] -> [Biquartavirus 44RR2]
  SRR22742703_clean_NODE_829_length_3328_cov_5.475269
      Species: [Mimivirus lagoaense] -> [Harvfovirus sp.]
  SRR22742703_clean_NODE_860_length_3295_cov_32.713222
      Realm: [Duplodnaviria] -> [Varidnaviria]
      Kingdom: [Heunggongvirae] -> [Bamfordvirae]
      Phylum: [Uroviricota] -> [Nucleocytoviricota]
  SRR22742703_clean_NODE_980_length_3155_cov_20.995782
      Species: [Coccolithovirus huxleyi] -> [Sicyoidochytrium minutum DNA virus]
  SRR22742703_clean_NODE_998_length_3131_cov_8.394048
      Species: [Chlorovirus conductrix] -> [Chlorovirus sp.]
  SRR22742705_clean_NODE_18_length_2391_cov_0.384814
      Realm: [Duplodnaviria] -> [Varidnaviria]
      Kingdom: [Heunggongvirae] -> [Bamfordvirae]
      Phylum: [Uroviricota] -> [Nucleocytoviricota]
      Species: [Spinunavirus IPP61] -> [Tupanvirus altamarinense]
  SRR22742705_clean_NODE_6_length_3266_cov_6.930786
      Family: [Pseudoviridae] -> [Caulimoviridae]
      Genus: [Pseudovirus] -> [Caulimovirus]
      Species: [Pseudovirus brassicae] -> [Caulimovirus sp.]
  SRR22742705_clean_NODE_70_length_1778_cov_0.501466
      Species: [Pseudovirus hordei] -> [Atrato Retro-like virus]
  SRR23107135_clean_NODE_10043_length_1621_cov_3.413437
      Order: [Algavirales] -> [Pimascovirales]
      Species: [Phaeovirus unasiliculosus] -> [空]
  SRR23107135_clean_NODE_1024_length_3322_cov_8.149584
      Order: [Algavirales] -> [Imitervirales]
      Family: [Phycodnaviridae] -> [Mesomimiviridae]
      Genus: [Chlorovirus] -> [Criusvirus]
      Species: [Chlorovirus conductrix] -> [Criusvirus kaneoense]
  SRR23107135_clean_NODE_10268_length_1606_cov_2.750163
      Genus: [Fadolivirus] -> [Catovirus]
      Species: [Fadolivirus algeromassiliense] -> [Catovirus CTV1]
  SRR23107135_clean_NODE_10582_length_1586_cov_2.789822
      Genus: [Tupanvirus] -> [Hokovirus]
      Species: [Tupanvirus salinum] -> [Hokovirus HKV1*]
  SRR23107135_clean_NODE_1082_length_3280_cov_2.659495
      Species: [Chlorovirus conductrix] -> [Chlorovirus sp.]
  SRR23107135_clean_NODE_11865_length_1516_cov_2.225225
      Order: [Algavirales] -> [Imitervirales]
      Family: [Phycodnaviridae] -> [Mimiviridae]
      Genus: [Chlorovirus] -> [Catovirus]
      Species: [Chlorovirus americanus] -> [Catovirus klosterense]
  SRR23107135_clean_NODE_11952_length_1511_cov_2.839360
      Species: [Biavirus raunefjordenense] -> [空]
  SRR23107135_clean_NODE_12026_length_1507_cov_2.005579
      Order: [Algavirales] -> [Pimascovirales]
      Species: [Phaeovirus irregularis] -> [空]
  SRR23107135_clean_NODE_1202_length_3188_cov_14.182022
      Genus: [Megavirus] -> [Catovirus]
      Species: [Megavirus powaiense] -> [Catovirus CTV1]
  SRR23107135_clean_NODE_1210_length_3186_cov_18.750402
      Species: [Fadolivirus algeromassiliense] -> [Edafosvirus sp.]
  SRR23107135_clean_NODE_1326_length_3102_cov_5.924397
      Species: [Alphabaculovirus chomurinanae] -> [Alphabaculovirus oxochraceae]
  SRR23107135_clean_NODE_1362_length_3081_cov_4.130319
      Species: [Fadolivirus algeromassiliense] -> [Terrestrivirus sp.]
  SRR23107135_clean_NODE_1410_length_3055_cov_3.474178
      Species: [Phaeovirus unasiliculosus] -> [Sylvanvirus sp.]
  SRR23107135_clean_NODE_1428_length_3043_cov_28.404040
      Order: [Algavirales] -> [Pimascovirales]
      Species: [Phaeovirus feldmanniae] -> [空]
  SRR23107135_clean_NODE_1523_length_2987_cov_4.583734
      Order: [Algavirales] -> [Imitervirales]
  SRR23107135_clean_NODE_15578_length_1341_cov_5.366719
      Class: [Naldaviricetes] -> [Flasuviricetes]
      Order: [Lefavirales] -> [Amarillovirales]
      Family: [Baculoviridae] -> [Pestiviridae]
      Genus: [Alphabaculovirus] -> [Orthopestivirus]
  SRR23107135_clean_NODE_162_length_5468_cov_4.870436
      Class: [Naldaviricetes] -> [Megaviricetes]
      Order: [Lefavirales] -> [Imitervirales]
      Family: [Baculoviridae] -> [Orthoherpesviridae]
      Genus: [Alphabaculovirus] -> [Varicellovirus]
      Species: [Alphabaculovirus myunipunctae] -> [Varicellovirus equidalpha3]
  SRR23107135_clean_NODE_1639_length_2933_cov_10.368531
      Species: [Rheavirus sinusmexicani] -> [Rheavirus sinusmexicani*]
  SRR23107135_clean_NODE_1662_length_2922_cov_3.186381
      Species: [Alphahydrivirus permafrostis] -> [Naiavirus sp.]
  SRR23107135_clean_NODE_16750_length_1296_cov_3.408013
      Realm: [Varidnaviria] -> [Duplodnaviria]
      Kingdom: [Bamfordvirae] -> [Heunggongvirae]
      Phylum: [Nucleocytoviricota] -> [Uroviricota]
  SRR23107135_clean_NODE_17044_length_1285_cov_3.196370
      Order: [Algavirales] -> [Pimascovirales]
      Species: [Phaeovirus irregularis] -> [空]
  SRR23107135_clean_NODE_1757_length_2881_cov_4.194444
      Realm: [Duplodnaviria] -> [Varidnaviria]
      Kingdom: [Heunggongvirae] -> [Bamfordvirae]
      Phylum: [Uroviricota] -> [Nucleocytoviricota]
  SRR23107135_clean_NODE_17647_length_1264_cov_110.553317
      Realm: [Varidnaviria] -> [Duplodnaviria]
      Kingdom: [Bamfordvirae] -> [Heunggongvirae]
      Phylum: [Nucleocytoviricota] -> [Uroviricota]
      Species: [Biavirus raunefjordenense] -> [Dishui Lake large algae virus 1]
  SRR23107135_clean_NODE_18908_length_1222_cov_6.644038
      Order: [Imitervirales] -> [Pimascovirales]
  SRR23107135_clean_NODE_19005_length_1219_cov_2.750436
      Order: [Algavirales] -> [Pimascovirales]
      Species: [Phaeovirus unasiliculosus] -> [空]
  SRR23107135_clean_NODE_1961_length_2797_cov_4.286711
      Realm: [Duplodnaviria] -> [Varidnaviria]
      Kingdom: [Heunggongvirae] -> [Bamfordvirae]
      Phylum: [Uroviricota] -> [Nucleocytoviricota]
  SRR23107135_clean_NODE_19917_length_1189_cov_1.744624
      Realm: [Varidnaviria] -> [Duplodnaviria]
      Kingdom: [Bamfordvirae] -> [Heunggongvirae]
      Phylum: [Nucleocytoviricota] -> [Peploviricota]
      Class: [Megaviricetes] -> [Herviviricetes]
      Order: [Pimascovirales] -> [Herpesvirales]
      Family: [Hydriviridae] -> [Orthoherpesviridae]
      Genus: [Alphahydrivirus] -> [Scutavirus]
      Species: [Alphahydrivirus permafrostis] -> [Scutavirus chelonidalpha5]
  SRR23107135_clean_NODE_20045_length_1185_cov_3.197842
      Genus: [Varicellovirus] -> [Mardivirus]
      Species: [Varicellovirus equidalpha6] -> [Mardivirus columbidalpha1]
  SRR23107135_clean_NODE_2044_length_2758_cov_8.250652
      Realm: [Varidnaviria] -> [Duplodnaviria]
      Kingdom: [Bamfordvirae] -> [Heunggongvirae]
      Phylum: [Nucleocytoviricota] -> [Uroviricota]
      Order: [Imitervirales] -> [Algavirales]
      Species: [Tethysvirus raunefjordenense] -> [Micromonas commoda virus]
  SRR23107135_clean_NODE_2074_length_2748_cov_15.875888
      Species: [Biavirus raunefjordenense] -> [Mimiviridae sp. ChoanoV1]
  SRR23107135_clean_NODE_20846_length_1162_cov_2.258953
      Genus: [Theiavirus] -> [Catovirus]
      Species: [Theiavirus salishense] -> [Catovirus CTV1]
  SRR23107135_clean_NODE_21279_length_1150_cov_1.545961
      Order: [Algavirales] -> [Pimascovirales]
      Species: [Phaeovirus unasiliculosus] -> [空]
  SRR23107135_clean_NODE_21431_length_1146_cov_2.506058
      Order: [Pimascovirales] -> [Imitervirales]
  SRR23107135_clean_NODE_22490_length_1118_cov_2.414354
      Genus: [Carpasinavirus] -> [Myosmarvirus]
      Species: [Carpasinavirus FoX6] -> [Myosmarvirus MTx]
  SRR23107135_clean_NODE_22937_length_1107_cov_3.685687
      Order: [Algavirales] -> [Pimascovirales]
  SRR23107135_clean_NODE_23335_length_1097_cov_2.761719
      Class: [Pokkesviricetes] -> [Megaviricetes]
  SRR23107135_clean_NODE_25485_length_1046_cov_4.361768
      Order: [Algavirales] -> [Pimascovirales]
  SRR23107135_clean_NODE_27303_length_1006_cov_3.977492
      Order: [Pimascovirales] -> [Imitervirales]
      Family: [Marseilleviridae] -> [Mimiviridae]
      Genus: [Losannavirus] -> [Klosneuvirus]
      Species: [Losannavirus lausannense] -> [空]
  SRR23107135_clean_NODE_2769_length_2522_cov_5.119641
      Order: [Algavirales] -> [Imitervirales]
  SRR23107135_clean_NODE_2797_length_2514_cov_3.593609
      Species: [Fadolivirus algeromassiliense] -> [Florenciella sp. virus SA1]
  SRR23107135_clean_NODE_2829_length_2503_cov_8.537449
      Family: [Mesomimiviridae] -> [Schizomimiviridae]
      Genus: [Tethysvirus] -> [Biavirus]
      Species: [Tethysvirus ontarioense] -> [Biavirus raunefjordenense]
  SRR23107135_clean_NODE_29152_length_969_cov_1.949777
      Realm: [Varidnaviria] -> [Duplodnaviria]
      Kingdom: [Bamfordvirae] -> [Heunggongvirae]
      Phylum: [Nucleocytoviricota] -> [Peploviricota]
      Class: [Megaviricetes] -> [Herviviricetes]
      Order: [Imitervirales] -> [Herpesvirales]
  SRR23107135_clean_NODE_29342_length_965_cov_2.725336
      Order: [Pimascovirales] -> [Imitervirales]
      Family: [Hydriviridae] -> [Mimiviridae]
      Genus: [Alphahydrivirus] -> [Fadolivirus]
      Species: [Alphahydrivirus permafrostis] -> [Fadolivirus algeromassiliense]
  SRR23107135_clean_NODE_29730_length_958_cov_2.047458
      Realm: [Duplodnaviria] -> [Varidnaviria]
      Kingdom: [Heunggongvirae] -> [Bamfordvirae]
      Phylum: [Uroviricota] -> [Nucleocytoviricota]
  SRR23107135_clean_NODE_300_length_4777_cov_16.963648_self_circular
      Species: [Pseudovirus nicotianae] -> [Atrato Retro-like virus]
  SRR23107135_clean_NODE_30755_length_939_cov_18.443418
      Species: [Theiavirus salishense] -> [Theiavirus salishense*]
  SRR23107135_clean_NODE_31240_length_931_cov_1.120047
      Species: [Theiavirus salishense] -> [Theiavirus salishense*]
  SRR23107135_clean_NODE_31954_length_918_cov_1.340828
      Order: [Algavirales] -> [Imitervirales]
      Family: [Phycodnaviridae] -> [Mimiviridae]
      Genus: [Phaeovirus] -> [Hokovirus]
      Species: [Phaeovirus unasiliculosus] -> [Hokovirus HKV1*]
  SRR23107135_clean_NODE_3207_length_2416_cov_4.300043
      Species: [Chlorovirus conductrix] -> [Chlorovirus sp.]
  SRR23107135_clean_NODE_3254_length_2407_cov_2.068552
      Order: [Imitervirales] -> [Algavirales]
      Family: [Schizomimiviridae] -> [Phycodnaviridae]
      Genus: [Biavirus] -> [Prasinovirus]
      Species: [Biavirus raunefjordenense] -> [Dishui Lake phycodnavirus 3]
  SRR23107135_clean_NODE_3257_length_2406_cov_6.394342
      Order: [Algavirales] -> [Pimascovirales]
      Species: [Phaeovirus unasiliculosus] -> [空]
  SRR23107135_clean_NODE_3311_length_2393_cov_3.060345
      Order: [Imitervirales] -> [Algavirales]
      Family: [Schizomimiviridae] -> [Phycodnaviridae]
      Genus: [Biavirus] -> [Prymnesiovirus]
      Species: [Biavirus raunefjordenense] -> [空]
  SRR23107135_clean_NODE_3366_length_2382_cov_5.978346
      Realm: [Duplodnaviria] -> [Varidnaviria]
      Kingdom: [Heunggongvirae] -> [Bamfordvirae]
      Phylum: [Uroviricota] -> [Nucleocytoviricota]
      Species: [Spinunavirus IPP61] -> [Fadolivirus algeromassiliense]
  SRR23107135_clean_NODE_3439_length_2366_cov_3.677715
      Realm: [Duplodnaviria] -> [Varidnaviria]
      Kingdom: [Heunggongvirae] -> [Bamfordvirae]
      Phylum: [Uroviricota] -> [Nucleocytoviricota]
      Species: [Spinunavirus IPP61] -> [Fadolivirus algeromassiliense]
  SRR23107135_clean_NODE_3463_length_2362_cov_9.188292
      Realm: [Varidnaviria] -> [Duplodnaviria]
      Kingdom: [Bamfordvirae] -> [Heunggongvirae]
      Phylum: [Nucleocytoviricota] -> [Uroviricota]
      Order: [Imitervirales] -> [Algavirales]
  SRR23107135_clean_NODE_3573_length_2336_cov_40.173663
      Family: [Mesomimiviridae] -> [Allomimiviridae]
      Genus: [Tethysvirus] -> [Heliosvirus]
      Species: [Tethysvirus ontarioense] -> [Heliosvirus raunefjordenense]
  SRR23107135_clean_NODE_3739_length_2304_cov_35.664724
      Order: [Imitervirales] -> [Algavirales]
      Species: [Tethysvirus raunefjordenense] -> [Chrysochromulina ericina virus]
  SRR23107135_clean_NODE_37769_length_832_cov_1.905138
      Order: [Imitervirales] -> [Algavirales]
      Species: [Fadolivirus algeromassiliense] -> [Dishui Lake phycodnavirus 4]
  SRR23107135_clean_NODE_4087_length_2241_cov_5.489852
      Family: [Mesomimiviridae] -> [Schizomimiviridae]
      Genus: [Tethysvirus] -> [Biavirus]
      Species: [Tethysvirus ontarioense] -> [Biavirus raunefjordenense]
  SRR23107135_clean_NODE_4178_length_2225_cov_12.966078
      Species: [Tethysvirus raunefjordenense] -> [Florenciella sp. virus SA1]
  SRR23107135_clean_NODE_4228_length_2217_cov_5.383396
      Species: [Tupanvirus salinum] -> [Dasosvirus sp.]
  SRR23107135_clean_NODE_4241_length_2214_cov_5.051845
      Order: [Algavirales] -> [Imitervirales]
      Species: [Phaeovirus irregularis] -> [Sylvanvirus sp.]
  SRR23107135_clean_NODE_4354_length_2197_cov_10.098399
      Order: [Algavirales] -> [Pimascovirales]
  SRR23107135_clean_NODE_4355_length_2197_cov_7.752354
      Family: [Mesomimiviridae] -> [Allomimiviridae]
      Genus: [Tethysvirus] -> [Heliosvirus]
      Species: [Tethysvirus ontarioense] -> [Heliosvirus raunefjordenense]
  SRR23107135_clean_NODE_4394_length_2191_cov_3.469311
      Species: [Phaeovirus irregularis] -> [Phaeovirus feldmanniae]
  SRR23107135_clean_NODE_4484_length_2178_cov_19.307838
      Genus: [Fadolivirus] -> [Hokovirus]
      Species: [Fadolivirus algeromassiliense] -> [Hokovirus HKV1]
  SRR23107135_clean_NODE_4500_length_2175_cov_6.515224
      Order: [Pimascovirales] -> [Imitervirales]
  SRR23107135_clean_NODE_4510_length_2173_cov_10.307619
      Order: [Imitervirales] -> [Algavirales]
  SRR23107135_clean_NODE_47014_length_726_cov_2.156202
      Species: [Plazymidvirus ZM41] -> [Plazymidvirus ZM401]
  SRR23107135_clean_NODE_47288_length_723_cov_4.320000
      Class: [Naldaviricetes] -> [Megaviricetes]
      Order: [Lefavirales] -> [Imitervirales]
  SRR23107135_clean_NODE_4811_length_2130_cov_7.635877
      Genus: [Tupanvirus] -> [Hokovirus]
      Species: [Tupanvirus salinum] -> [Hokovirus HKV1]
  SRR23107135_clean_NODE_4865_length_2122_cov_11.029283
      Realm: [Duplodnaviria] -> [Varidnaviria]
      Kingdom: [Heunggongvirae] -> [Bamfordvirae]
      Phylum: [Peploviricota] -> [Nucleocytoviricota]
      Class: [Herviviricetes] -> [Megaviricetes]
      Order: [Herpesvirales] -> [Imitervirales]
  SRR23107135_clean_NODE_48796_length_708_cov_4.444094
      Class: [Megaviricetes] -> [Pokkesviricetes]
  SRR23107135_clean_NODE_497_length_4061_cov_3.347543
      Species: [Fadolivirus algeromassiliense] -> [Chrysophyceae clade H virus]
  SRR23107135_clean_NODE_5109_length_2087_cov_4.656902
      Species: [Agnivirus brisbanense] -> [Poseidoniales virus]
  SRR23107135_clean_NODE_5173_length_2078_cov_9.167581
      Species: [Phaeovirus unasiliculosus] -> [Phaeovirus feldmanniae]
  SRR23107135_clean_NODE_5243_length_2069_cov_6.721944
      Family: [Mesomimiviridae] -> [Schizomimiviridae]
      Genus: [Tethysvirus] -> [Biavirus]
      Species: [Tethysvirus ontarioense] -> [Biavirus raunefjordenense]
  SRR23107135_clean_NODE_54811_length_658_cov_1.418803
      Class: [Pokkesviricetes] -> [Megaviricetes]
      Order: [Asfuvirales] -> [Pimascovirales]
  SRR23107135_clean_NODE_55703_length_651_cov_2.013841
      Genus: [Fadolivirus] -> [Indivirus]
      Species: [Fadolivirus algeromassiliense] -> [Indivirus ILV1]
  SRR23107135_clean_NODE_5571_length_2027_cov_21.651484
      Order: [Imitervirales] -> [Pimascovirales]
  SRR23107135_clean_NODE_5766_length_2001_cov_7.093361
      Order: [Imitervirales] -> [Pimascovirales]
  SRR23107135_clean_NODE_5930_length_1983_cov_2.289529
      Species: [空] -> [Marseillevirus LCMAC101]
  SRR23107135_clean_NODE_5950_length_1980_cov_2.675931
      Realm: [Varidnaviria] -> [Duplodnaviria]
      Kingdom: [Bamfordvirae] -> [Heunggongvirae]
      Phylum: [Nucleocytoviricota] -> [Uroviricota]
      Family: [Mimiviridae] -> [Schizomimiviridae]
      Genus: [Megavirus] -> [Biavirus]
      Species: [Megavirus powaiense] -> [Biavirus raunefjordenense]
  SRR23107135_clean_NODE_5996_length_1974_cov_2.285639
      Order: [Algavirales] -> [Pimascovirales]
      Species: [Phaeovirus unasiliculosus] -> [空]
  SRR23107135_clean_NODE_60437_length_617_cov_2.428309
      Species: [Fadolivirus algeromassiliense] -> [Terrestrivirus sp.]
  SRR23107135_clean_NODE_616_length_3810_cov_9.144769
      Species: [Cotonvirus japonicum] -> [Imitervirales sp.]
  SRR23107135_clean_NODE_61804_length_608_cov_4.381308
      Order: [Imitervirales] -> [Algavirales]
      Species: [Fadolivirus algeromassiliense] -> [Dishui Lake phycodnavirus 4]
  SRR23107135_clean_NODE_6197_length_1950_cov_1.978157
      Order: [Imitervirales] -> [Algavirales]
      Family: [Mimiviridae] -> [Phycodnaviridae]
      Genus: [Tupanvirus] -> [Phaeovirus]
      Species: [Tupanvirus altamarinense] -> [Phaeovirus irregularis]
  SRR23107135_clean_NODE_619_length_3802_cov_16.704210
      Species: [Manticavirus vombatidgamma1] -> [Manticavirus phascolarctidgamma1]
  SRR23107135_clean_NODE_6318_length_1935_cov_2.868958
      Species: [Alphahydrivirus permafrostis] -> [Pithovirus LCPAC304]
  SRR23107135_clean_NODE_638_length_3754_cov_3.680793
      Realm: [Duplodnaviria] -> [Varidnaviria]
      Kingdom: [Heunggongvirae] -> [Bamfordvirae]
      Phylum: [Uroviricota] -> [Nucleocytoviricota]
  SRR23107135_clean_NODE_63_length_6974_cov_7.684683
      Species: [Jenstvirus jenst] -> [Serangoonvirus essarone]
  SRR23107135_clean_NODE_6488_length_1917_cov_6.877440
      Species: [Megavirus baoshanense] -> [Chrysophyceae clade H virus]
  SRR23107135_clean_NODE_66_length_6905_cov_15.646956
      Species: [Biavirus raunefjordenense] -> [Chrysophyceae clade H virus]
  SRR23107135_clean_NODE_6720_length_1894_cov_4.090060
      Order: [Algavirales] -> [Pimascovirales]
  SRR23107135_clean_NODE_6812_length_1884_cov_2.230260
      Genus: [Tupanvirus] -> [Klosneuvirus]
      Species: [Tupanvirus altamarinense] -> [Klosneuvirus KNV1]
  SRR23107135_clean_NODE_6819_length_1883_cov_2.405525
      Realm: [Duplodnaviria] -> [Varidnaviria]
      Kingdom: [Heunggongvirae] -> [Bamfordvirae]
      Phylum: [Uroviricota] -> [Nucleocytoviricota]
  SRR23107135_clean_NODE_683_length_3694_cov_4.186965
      Order: [Imitervirales] -> [Pimascovirales]
      Species: [Theiavirus salishense] -> [Pithovirus LCPAC304]
  SRR23107135_clean_NODE_68973_length_567_cov_1.678138
      Genus: [Gammaretrovirus] -> [Multiple sclerosis associated retrovirus]
  SRR23107135_clean_NODE_68_length_6883_cov_6.268576
      Family: [Mimiviridae] -> [Phycodnaviridae]
      Genus: [Theiavirus] -> [Chlorovirus]
      Species: [Theiavirus salishense] -> [Pithovirus LCPAC302]
  SRR23107135_clean_NODE_73576_length_543_cov_1.819149
      Realm: [Duplodnaviria] -> [Varidnaviria]
      Kingdom: [Heunggongvirae] -> [Bamfordvirae]
      Phylum: [Uroviricota] -> [Nucleocytoviricota]
  SRR23107135_clean_NODE_7474_length_1817_cov_4.650803
      Genus: [Tupanvirus] -> [Hokovirus]
      Species: [Tupanvirus altamarinense] -> [Hokovirus HKV1*]
  SRR23107135_clean_NODE_7667_length_1797_cov_3.107309
      Genus: [Moumouvirus] -> [Theiavirus]
      Species: [Moumouvirus goulettemassiliense] -> [Theiavirus salishense]
  SRR23107135_clean_NODE_7803_length_1786_cov_3.166959
      Species: [Tupanvirus salinum] -> [Tupanvirus altamarinense]
  SRR23107135_clean_NODE_8900_length_1699_cov_4.869619
      Species: [Alphahydrivirus permafrostis] -> [Florenciella sp. virus SA1]
  SRR23107135_clean_NODE_8959_length_1695_cov_3.115906
      Realm: [Varidnaviria] -> [Duplodnaviria]
      Kingdom: [Bamfordvirae] -> [Heunggongvirae]
      Phylum: [Nucleocytoviricota] -> [Peploviricota]
      Class: [Megaviricetes] -> [Herviviricetes]
      Order: [Pimascovirales] -> [Herpesvirales]
  SRR23107135_clean_NODE_898_length_3446_cov_7.212274
      Family: [Schizomimiviridae] -> [Mesomimiviridae]
      Genus: [Biavirus] -> [Tethysvirus]
      Species: [Biavirus raunefjordenense] -> [Tethysvirus norvegense]
  SRR23107135_clean_NODE_9598_length_1652_cov_2.701710
      Order: [Algavirales] -> [Pimascovirales]
      Species: [Phaeovirus irregularis] -> [空]
  SRR23107135_clean_NODE_9693_length_1644_cov_258.976448
      Order: [Pimascovirales] -> [Imitervirales]
      Family: [Iridoviridae] -> [Mimiviridae]
      Genus: [Chloriridovirus] -> [Catovirus]
      Species: [Chloriridovirus anopheles1] -> [空]
  SRR23107135_clean_NODE_971_length_3376_cov_4.651529
      Species: [Tupanvirus salinum] -> [Hyperionvirus sp.]
  SRR23107135_clean_NODE_972_length_3374_cov_17.987277
      Species: [Tupanvirus altamarinense] -> [Homavirus sp.]
  SRR23107136_clean_NODE_1003_length_3796_cov_5.658071
      Species: [Cotonvirus japonicum] -> [Imitervirales sp.]
  SRR23107136_clean_NODE_10109_length_1959_cov_2.937964
      Realm: [Varidnaviria] -> [Duplodnaviria]
      Kingdom: [Bamfordvirae] -> [Heunggongvirae]
      Phylum: [Nucleocytoviricota] -> [Peploviricota]
      Class: [Megaviricetes] -> [Herviviricetes]
      Order: [Pimascovirales] -> [Herpesvirales]
  SRR23107136_clean_NODE_10142_length_1957_cov_4.190552
      Order: [Algavirales] -> [Imitervirales]
      Family: [Phycodnaviridae] -> [Mimiviridae]
      Genus: [Phaeovirus] -> [Hokovirus]
      Species: [Phaeovirus unasiliculosus] -> [Hokovirus HKV1]
  SRR23107136_clean_NODE_10172_length_1955_cov_6.663124
      Species: [Agnivirus brisbanense] -> [Poseidoniales virus]
  SRR23107136_clean_NODE_10186_length_1954_cov_3.053163
      Species: [Phaeovirus unasiliculosus] -> [Phaeovirus feldmanniae]
  SRR23107136_clean_NODE_102554_length_580_cov_2.749507
      Genus: [Fadolivirus] -> [Hokovirus]
      Species: [Fadolivirus algeromassiliense] -> [Hokovirus HKV1]
  SRR23107136_clean_NODE_10302_length_1945_cov_2.497863
      Species: [Coccolithovirus huxleyi] -> [Virus NIOZ-UU159]
  SRR23107136_clean_NODE_104711_length_572_cov_1.563126
      Genus: [Fadolivirus] -> [Klosneuvirus]
      Species: [Fadolivirus algeromassiliense] -> [Klosneuvirus KNV1]
  SRR23107136_clean_NODE_10493_length_1934_cov_3.036002
      Class: [Naldaviricetes] -> [Caudoviricetes]
      Order: [Lefavirales] -> [Pantevenvirales]
      Family: [Nudiviridae] -> [Straboviridae]
      Genus: [Betanudivirus] -> [Biquartavirus]
      Species: [Betanudivirus hezeae] -> [Biquartavirus 44RR2]
  SRR23107136_clean_NODE_10626_length_1924_cov_2.682874
      Order: [Algavirales] -> [Pimascovirales]
      Species: [Phaeovirus unasiliculosus] -> [空]
  SRR23107136_clean_NODE_10667_length_1921_cov_2.796537
      Order: [Algavirales] -> [Imitervirales]
      Family: [Phycodnaviridae] -> [Mimiviridae]
      Genus: [Phaeovirus] -> [Mimivirus]
      Species: [Phaeovirus unasiliculosus] -> [空]
  SRR23107136_clean_NODE_1068_length_3744_cov_5.598747
      Species: [Biavirus raunefjordenense] -> [Florenciella sp. virus SA1]
  SRR23107136_clean_NODE_10755_length_1914_cov_9.746877
      Realm: [Varidnaviria] -> [Duplodnaviria]
      Kingdom: [Bamfordvirae] -> [Heunggongvirae]
      Phylum: [Nucleocytoviricota] -> [Peploviricota]
      Class: [Megaviricetes] -> [Herviviricetes]
      Order: [Imitervirales] -> [Herpesvirales]
  SRR23107136_clean_NODE_10824_length_1909_cov_2.732026
      Genus: [Theiavirus] -> [Catovirus]
      Species: [Theiavirus salishense] -> [Catovirus klosterense]
  SRR23107136_clean_NODE_10946_length_1901_cov_9.572757
      Realm: [Varidnaviria] -> [Riboviria]
      Kingdom: [Bamfordvirae] -> [Pararnavirae]
      Phylum: [Nucleocytoviricota] -> [Artverviricota]
      Family: [Phycodnaviridae] -> [Mimiviridae]
      Genus: [Phaeovirus] -> [Klosneuvirus]
      Species: [Phaeovirus irregularis] -> [Klosneuvirus KNV1]
  SRR23107136_clean_NODE_1099_length_3712_cov_5.955482
      Realm: [Duplodnaviria] -> [Varidnaviria]
      Kingdom: [Heunggongvirae] -> [Bamfordvirae]
      Phylum: [Uroviricota] -> [Nucleocytoviricota]
  SRR23107136_clean_NODE_11024_length_1898_cov_2.962192
      Order: [Algavirales] -> [Imitervirales]
      Family: [Phycodnaviridae] -> [Mimiviridae]
      Genus: [Phaeovirus] -> [Hokovirus]
      Species: [Phaeovirus feldmanniae] -> [Hokovirus HKV1*]
  SRR23107136_clean_NODE_11043_length_1897_cov_2.099232
      Realm: [Varidnaviria] -> [Duplodnaviria]
      Kingdom: [Bamfordvirae] -> [Heunggongvirae]
      Phylum: [Nucleocytoviricota] -> [Peploviricota]
      Class: [Megaviricetes] -> [Herviviricetes]
      Order: [Imitervirales] -> [Herpesvirales]
  SRR23107136_clean_NODE_11326_length_1876_cov_11.848586
      Species: [Tupanvirus altamarinense] -> [Tupanvirus salinum]
  SRR23107136_clean_NODE_11460_length_1868_cov_4.859610
      Realm: [Varidnaviria] -> [Duplodnaviria]
      Kingdom: [Bamfordvirae] -> [Heunggongvirae]
      Phylum: [Nucleocytoviricota] -> [Peploviricota]
      Class: [Megaviricetes] -> [Herviviricetes]
      Order: [Imitervirales] -> [Herpesvirales]
  SRR23107136_clean_NODE_11529_length_1864_cov_1.451703
      Order: [Pimascovirales] -> [Algavirales]
      Family: [Marseilleviridae] -> [Phycodnaviridae]
      Genus: [Losannavirus] -> [Phaeovirus]
      Species: [Losannavirus lausannense] -> [Phaeovirus irregularis]
  SRR23107136_clean_NODE_11541_length_1863_cov_3.075978
      Order: [Pimascovirales] -> [Algavirales]
      Family: [Hydriviridae] -> [Phycodnaviridae]
      Genus: [Alphahydrivirus] -> [Chlorovirus]
  SRR23107136_clean_NODE_11555_length_1862_cov_7.964785
      Order: [Imitervirales] -> [Pimascovirales]
      Species: [Fadolivirus algeromassiliense] -> [Pithovirus LCPAC302]
  SRR23107136_clean_NODE_116521_length_531_cov_1.681223
      Genus: [Alphacedratvirus] -> [Alphapithovirus]
      Species: [Alphacedratvirus rossiense] -> [Alphapithovirus massiliense]
  SRR23107136_clean_NODE_116777_length_530_cov_2.260394
      Order: [Imitervirales] -> [Pimascovirales]
      Family: [Mimiviridae] -> [Marseilleviridae]
      Genus: [Moumouvirus] -> [Marseillevirus]
      Species: [Moumouvirus goulettemassiliense] -> [空]
  SRR23107136_clean_NODE_11779_length_1848_cov_2.964507
      Genus: [Fadolivirus] -> [Catovirus]
      Species: [Fadolivirus algeromassiliense] -> [Catovirus klosterense]
  SRR23107136_clean_NODE_11796_length_1847_cov_3.723788
      Species: [Rheavirus sinusmexicani] -> [Harvfovirus sp.]
  SRR23107136_clean_NODE_117_length_6380_cov_4.269859
      Species: [Serangoonvirus essarone] -> [Metapenaeopsis lamellata majanivirus]
  SRR23107136_clean_NODE_12235_length_1820_cov_3.244419
      Order: [Algavirales] -> [Pimascovirales]
      Species: [Phaeovirus unasiliculosus] -> [空]
  SRR23107136_clean_NODE_1223_length_3609_cov_10.280260
      Family: [Schizomimiviridae] -> [Mimiviridae]
      Genus: [Biavirus] -> [Fadolivirus]
      Species: [Biavirus raunefjordenense] -> [Imitervirales sp.]
  SRR23107136_clean_NODE_12241_length_1819_cov_9.169530
      Family: [Mimiviridae] -> [Schizomimiviridae]
      Genus: [Theiavirus] -> [Biavirus]
      Species: [Theiavirus salishense] -> [Biavirus raunefjordenense]
  SRR23107136_clean_NODE_123176_length_511_cov_2.015982
      Realm: [Duplodnaviria] -> [Varidnaviria]
      Kingdom: [Heunggongvirae] -> [Bamfordvirae]
      Phylum: [Uroviricota] -> [Nucleocytoviricota]
  SRR23107136_clean_NODE_1233_length_3602_cov_159.527628
      Species: [Chlorovirus americanus] -> [Chlorovirus sp.]
  SRR23107136_clean_NODE_12415_length_1809_cov_2.894009
      Order: [Imitervirales] -> [Pimascovirales]
  SRR23107136_clean_NODE_12575_length_1801_cov_1.825231
      Genus: [Tupanvirus] -> [Hokovirus]
      Species: [Tupanvirus salinum] -> [Hokovirus HKV1*]
  SRR23107136_clean_NODE_12639_length_1797_cov_5.628770
      Species: [Agnivirus brisbanense] -> [Poseidoniales virus]
  SRR23107136_clean_NODE_12669_length_1796_cov_2.581544
      Species: [Kratosvirus quantuckense] -> [Florenciella sp. virus SA1]
  SRR23107136_clean_NODE_12701_length_1794_cov_9.002905
      Class: [Naldaviricetes] -> [Flasuviricetes]
      Order: [Lefavirales] -> [Amarillovirales]
  SRR23107136_clean_NODE_12710_length_1794_cov_3.777455
      Species: [Alpharetrovirus aviY73sar] -> [Alpharetrovirus avileu]
  SRR23107136_clean_NODE_12754_length_1791_cov_10.229336
      Species: [Fadolivirus algeromassiliense] -> [Mimivirus LCMiAC01]
  SRR23107136_clean_NODE_12908_length_1783_cov_2.483626
      Order: [Algavirales] -> [Pimascovirales]
  SRR23107136_clean_NODE_12940_length_1781_cov_7.223653
      Species: [Heliosvirus raunefjordenense] -> [Mimiviridae sp. ChoanoV1]
  SRR23107136_clean_NODE_12950_length_1781_cov_2.984778
      Species: [Tupanvirus altamarinense] -> [Tupanvirus salinum]
  SRR23107136_clean_NODE_13031_length_1776_cov_14.627129
      Realm: [Varidnaviria] -> [Duplodnaviria]
      Kingdom: [Bamfordvirae] -> [Heunggongvirae]
      Phylum: [Nucleocytoviricota] -> [Uroviricota]
  SRR23107136_clean_NODE_1322_length_3540_cov_34.329103
      Species: [Tupanvirus altamarinense] -> [Chrysophyceae clade H virus]
  SRR23107136_clean_NODE_1333_length_3534_cov_4.658480
      Realm: [Varidnaviria] -> [Duplodnaviria]
      Kingdom: [Bamfordvirae] -> [Heunggongvirae]
      Phylum: [Nucleocytoviricota] -> [Uroviricota]
      Class: [Megaviricetes] -> [Caudoviricetes]
      Species: [Phaeovirus unasiliculosus] -> [Foturvirus R8W]
  SRR23107136_clean_NODE_13372_length_1760_cov_8.449911
      Species: [Teubervirus AM6] -> [Chrysophyceae clade H virus]
  SRR23107136_clean_NODE_13472_length_1755_cov_2.299049
      Order: [Imitervirales] -> [Pimascovirales]
  SRR23107136_clean_NODE_13626_length_1747_cov_2.560335
      Species: [Moumouvirus goulettemassiliense] -> [Chrysophyceae clade H virus]
  SRR23107136_clean_NODE_13780_length_1740_cov_1.692262
      Order: [Algavirales] -> [Pimascovirales]
      Species: [Phaeovirus unasiliculosus] -> [空]
  SRR23107136_clean_NODE_1384_length_3498_cov_2.873285
      Species: [Fadolivirus algeromassiliense] -> [Terrestrivirus sp.]
  SRR23107136_clean_NODE_1396_length_3488_cov_4.839239
      Order: [Imitervirales] -> [Pimascovirales]
      Species: [Biavirus raunefjordenense] -> [空]
  SRR23107136_clean_NODE_14074_length_1726_cov_2.185118
      Species: [Alphapithovirus sibericum] -> [Pithovirus LCPAC201]
  SRR23107136_clean_NODE_1437_length_3463_cov_5.317404
      Realm: [Varidnaviria] -> [Duplodnaviria]
      Kingdom: [Bamfordvirae] -> [Heunggongvirae]
      Phylum: [Nucleocytoviricota] -> [Peploviricota]
  SRR23107136_clean_NODE_14389_length_1711_cov_1.943223
      Order: [Algavirales] -> [Pimascovirales]
      Species: [Phaeovirus unasiliculosus] -> [空]
  SRR23107136_clean_NODE_14551_length_1704_cov_2.043532
      Species: [Pseudovirus cajani] -> [Penicillium camemberti virus - GP1*]
  SRR23107136_clean_NODE_14560_length_1703_cov_5.247853
      Species: [Fadolivirus algeromassiliense] -> [Chrysophyceae clade H virus]
  SRR23107136_clean_NODE_14573_length_1703_cov_2.196933
      Species: [Biavirus raunefjordenense] -> [Mimiviridae sp. ChoanoV1*]
  SRR23107136_clean_NODE_145_length_6072_cov_4.374729
      Order: [Pimascovirales] -> [Imitervirales]
      Species: [Chloriridovirus simulium1] -> [Mimiviridae sp. ChoanoV1]
  SRR23107136_clean_NODE_1477_length_3433_cov_11.279167
      Species: [Chlorovirus vanettense] -> [Chlorovirus sp.]
  SRR23107136_clean_NODE_14786_length_1694_cov_2.826033
      Genus: [Tupanvirus] -> [Fadolivirus]
      Species: [Tupanvirus salinum] -> [Fadolivirus algeromassiliense]
  SRR23107136_clean_NODE_1499_length_3423_cov_3.940597
      Species: [Tupanvirus altamarinense] -> [Chrysophyceae clade H virus]
  SRR23107136_clean_NODE_15187_length_1678_cov_2.327103
      Species: [Tupanvirus altamarinense] -> [Dasosvirus sp.]
  SRR23107136_clean_NODE_1518_length_3410_cov_12.816302
      Species: [Phaeovirus feldmanniae] -> [Phaeovirus unasiliculosus]
  SRR23107136_clean_NODE_15286_length_1673_cov_1.975000
      Species: [Phaeovirus irregularis] -> [Phaeovirus unasiliculosus]
  SRR23107136_clean_NODE_1544_length_3396_cov_4.083057
      Species: [Tupanvirus salinum] -> [Terrestrivirus sp.]
  SRR23107136_clean_NODE_15493_length_1664_cov_1.981772
      Species: [Agnivirus brisbanense] -> [Poseidoniales virus]
  SRR23107136_clean_NODE_1566_length_3384_cov_7.234672
      Species: [Tupanvirus altamarinense] -> [Homavirus sp.]
  SRR23107136_clean_NODE_15684_length_1655_cov_2.960809
      Order: [Imitervirales] -> [Pimascovirales]
      Species: [Fadolivirus algeromassiliense] -> [空]
  SRR23107136_clean_NODE_1585_length_3375_cov_20.705936
      Realm: [Varidnaviria] -> [Riboviria]
  SRR23107136_clean_NODE_15924_length_1645_cov_3.314885
      Order: [Algavirales] -> [Pimascovirales]
  SRR23107136_clean_NODE_1618_length_3360_cov_5.894737
      Species: [Chlorovirus americanus] -> [Chlorovirus sp.]
  SRR23107136_clean_NODE_16337_length_1628_cov_2.757556
      Species: [Alphabaculovirus maconfiguratae] -> [Alphabaculovirus ranus]
  SRR23107136_clean_NODE_16373_length_1626_cov_4.908564
      Order: [Algavirales] -> [Pimascovirales]
  SRR23107136_clean_NODE_16643_length_1616_cov_2.729099
      Order: [Imitervirales] -> [Algavirales]
      Family: [Mimiviridae] -> [Phycodnaviridae]
      Genus: [Tupanvirus] -> [Phaeovirus]
      Species: [Tupanvirus salinum] -> [Phaeovirus unasiliculosus]
  SRR23107136_clean_NODE_1672_length_3327_cov_19.293178
      Species: [Phaeovirus feldmanniae] -> [Phaeovirus unasiliculosus]
  SRR23107136_clean_NODE_168_length_5889_cov_12.561554
      Species: [Chlorovirus americanus] -> [Micromonas polaris virus]
  SRR23107136_clean_NODE_17042_length_1600_cov_5.386379
      Genus: [Tupanvirus] -> [Hokovirus]
      Species: [Tupanvirus salinum] -> [Hokovirus HKV1*]
  SRR23107136_clean_NODE_17057_length_1600_cov_1.927963
      Species: [Agnivirus brisbanense] -> [Poseidoniales virus]
  SRR23107136_clean_NODE_17088_length_1599_cov_1.899738
      Genus: [Tupanvirus] -> [Hokovirus]
      Species: [Tupanvirus salinum] -> [Hokovirus HKV1]
  SRR23107136_clean_NODE_17275_length_1591_cov_3.409091
      Species: [Agnivirus brisbanense] -> [Poseidoniales virus]
  SRR23107136_clean_NODE_17304_length_1590_cov_5.588662
      Class: [Naldaviricetes] -> [Herviviricetes]
  SRR23107136_clean_NODE_17392_length_1586_cov_119.652346
      Class: [Naldaviricetes] -> [Megaviricetes]
      Order: [Lefavirales] -> [Pimascovirales]
      Family: [Baculoviridae] -> [Marseilleviridae]
      Genus: [Alphabaculovirus] -> [Marseillevirus]
      Species: [Alphabaculovirus leseparatae] -> [空]
  SRR23107136_clean_NODE_174_length_5829_cov_3.159312
      Species: [Chloriridovirus simulium2] -> [Chloriridovirus simulium1]
  SRR23107136_clean_NODE_1763_length_3287_cov_56.216553
      Realm: [Duplodnaviria] -> [Varidnaviria]
      Kingdom: [Heunggongvirae] -> [Bamfordvirae]
      Phylum: [Uroviricota] -> [Nucleocytoviricota]
      Class: [Caudoviricetes] -> [Megaviricetes]
  SRR23107136_clean_NODE_17778_length_1571_cov_2.772363
      Genus: [Alphabaculovirus] -> [Betabaculovirus]
      Species: [Alphabaculovirus leseparatae] -> [Betabaculovirus psincretae]
  SRR23107136_clean_NODE_1784_length_3279_cov_9.324080
      Genus: [Tupanvirus] -> [Fadolivirus]
      Species: [Tupanvirus altamarinense] -> [Fadolivirus algeromassiliense]
  SRR23107136_clean_NODE_17870_length_1567_cov_91.604418
      Order: [Pimascovirales] -> [Imitervirales]
      Family: [Marseilleviridae] -> [Mimiviridae]
      Genus: [Losannavirus] -> [Catovirus]
      Species: [Losannavirus lausannense] -> [Catovirus klosterense]
  SRR23107136_clean_NODE_18077_length_1560_cov_4.182919
      Order: [Algavirales] -> [Imitervirales]
      Species: [Phaeovirus unasiliculosus] -> [Terrestrivirus sp.]
  SRR23107136_clean_NODE_1814_length_3264_cov_8.289564
      Class: [Naldaviricetes] -> [Megaviricetes]
      Order: [Lefavirales] -> [Algavirales]
      Species: [Alphabaculovirus anpernyi] -> [Chrysophyceae clade H virus]
  SRR23107136_clean_NODE_18361_length_1549_cov_3.488482
      Order: [Imitervirales] -> [Algavirales]
      Family: [Mesomimiviridae] -> [Phycodnaviridae]
      Genus: [Tethysvirus] -> [Prasinovirus]
  SRR23107136_clean_NODE_18572_length_1541_cov_2.366485
      Order: [Pimascovirales] -> [Imitervirales]
  SRR23107136_clean_NODE_1859_length_3242_cov_4.798044
      Realm: [Varidnaviria] -> [Duplodnaviria]
      Kingdom: [Bamfordvirae] -> [Heunggongvirae]
      Phylum: [Nucleocytoviricota] -> [Uroviricota]
      Family: [Phycodnaviridae] -> [Arenbergviridae]
      Genus: [Prasinovirus] -> [Wroclawvirus]
      Species: [Prasinovirus micromonas] -> [Wroclawvirus PA5oct]
  SRR23107136_clean_NODE_1864_length_3239_cov_3.559065
      Species: [Biavirus raunefjordenense] -> [空]
  SRR23107136_clean_NODE_18666_length_1537_cov_4.079918
      Order: [Algavirales] -> [Pimascovirales]
      Species: [Phaeovirus unasiliculosus] -> [空]
  SRR23107136_clean_NODE_18807_length_1533_cov_1.928767
      Species: [Tupanvirus altamarinense] -> [Dasosvirus sp.]
  SRR23107136_clean_NODE_18827_length_1532_cov_3.778615
      Order: [Algavirales] -> [Imitervirales]
      Family: [Phycodnaviridae] -> [Mimiviridae]
      Genus: [Phaeovirus] -> [Hokovirus]
      Species: [Phaeovirus feldmanniae] -> [Hokovirus HKV1]
  SRR23107136_clean_NODE_18833_length_1532_cov_2.049349
      Order: [Algavirales] -> [Imitervirales]
      Family: [Phycodnaviridae] -> [Mimiviridae]
      Genus: [Phaeovirus] -> [Klosneuvirus]
      Species: [Phaeovirus unasiliculosus] -> [Klosneuvirus KNV1]
  SRR23107136_clean_NODE_19069_length_1524_cov_2.493453
      Family: [Allomimiviridae] -> [Mimiviridae]
      Genus: [Oceanusvirus] -> [Theiavirus]
      Species: [Oceanusvirus kaneohense] -> [Theiavirus salishense]
  SRR23107136_clean_NODE_1919_length_3215_cov_3.440165
      Order: [Algavirales] -> [Pimascovirales]
      Species: [Phaeovirus unasiliculosus] -> [Sylvanvirus sp.]
  SRR23107136_clean_NODE_19279_length_1517_cov_1.883657
      Order: [Algavirales] -> [Pimascovirales]
  SRR23107136_clean_NODE_19596_length_1506_cov_90.809491
      Family: [Marseilleviridae] -> [Pithoviridae]
      Genus: [Marseillevirus] -> [Alphacedratvirus]
      Species: [Marseillevirus massiliense] -> [Alphacedratvirus rossiense]
  SRR23107136_clean_NODE_1960_length_3200_cov_5.486089
      Species: [Fadolivirus algeromassiliense] -> [Barrevirus sp.]
  SRR23107136_clean_NODE_19769_length_1501_cov_7.815126
      Order: [Ortervirales] -> [Herpesvirales]
  SRR23107136_clean_NODE_19891_length_1497_cov_15.609551
      Order: [Pimascovirales] -> [Imitervirales]
      Family: [Orpheoviridae] -> [Mimiviridae]
      Genus: [Alphaorpheovirus] -> [Tupanvirus]
      Species: [Alphaorpheovirus massiliense] -> [Tupanvirus salinum]
  SRR23107136_clean_NODE_19967_length_1495_cov_3.111814
      Species: [Tupanvirus altamarinense] -> [Tupanvirus salinum]
  SRR23107136_clean_NODE_20225_length_1487_cov_1.559406
      Species: [Fadolivirus algeromassiliense] -> [Homavirus sp.]
  SRR23107136_clean_NODE_2082_length_3144_cov_4.207750
      Genus: [Fadolivirus] -> [Hokovirus]
      Species: [Fadolivirus algeromassiliense] -> [Hokovirus HKV1]
  SRR23107136_clean_NODE_21274_length_1455_cov_1.664978
      Order: [Algavirales] -> [Pimascovirales]
      Species: [Phaeovirus unasiliculosus] -> [空]
  SRR23107136_clean_NODE_2129_length_3129_cov_1.721204
      Realm: [Adnaviria] -> [Varidnaviria]
      Kingdom: [Zilligvirae] -> [Bamfordvirae]
      Phylum: [Taleaviricota] -> [Nucleocytoviricota]
  SRR23107136_clean_NODE_21380_length_1451_cov_6.186502
      Class: [Naldaviricetes] -> [Megaviricetes]
      Order: [Lefavirales] -> [Imitervirales]
  SRR23107136_clean_NODE_21463_length_1449_cov_2.720930
      Order: [Algavirales] -> [Pimascovirales]
      Species: [Phaeovirus unasiliculosus] -> [空]
  SRR23107136_clean_NODE_21666_length_1443_cov_6.792701
      Species: [Alphabaculovirus myunipunctae] -> [Mythimna unipuncta nucleopolyhedrovirus]
  SRR23107136_clean_NODE_21746_length_1441_cov_2.281433
      Class: [Megaviricetes] -> [Pokkesviricetes]
  SRR23107136_clean_NODE_21769_length_1440_cov_3.922458
      Species: [Tupanvirus altamarinense] -> [Dasosvirus sp.]
  SRR23107136_clean_NODE_21852_length_1438_cov_1.802930
      Genus: [Cotonvirus] -> [Klosneuvirus]
  SRR23107136_clean_NODE_22240_length_1426_cov_4.763489
      Order: [Algavirales] -> [Imitervirales]
      Species: [Phaeovirus irregularis] -> [Harvfovirus sp.]
  SRR23107136_clean_NODE_2273_length_3075_cov_4.349101
      Genus: [Gammaretrovirus] -> [Lentivirus]
      Species: [Gammaretrovirus snythefelsar] -> [Lentivirus humimdef1]
  SRR23107136_clean_NODE_23473_length_1391_cov_2.769347
      Genus: [Tupanvirus] -> [Hokovirus]
      Species: [Tupanvirus salinum] -> [Hokovirus HKV1]
  SRR23107136_clean_NODE_23774_length_1382_cov_13.035141
      Species: [Tupanvirus altamarinense] -> [Tupanvirus salinum]
  SRR23107136_clean_NODE_2381_length_3041_cov_48.388814
      Realm: [Duplodnaviria] -> [Varidnaviria]
      Kingdom: [Heunggongvirae] -> [Bamfordvirae]
      Phylum: [Uroviricota] -> [Preplasmiviricota]
  SRR23107136_clean_NODE_2399_length_3035_cov_2.740716
      Realm: [Duplodnaviria] -> [Varidnaviria]
      Kingdom: [Heunggongvirae] -> [Bamfordvirae]
      Phylum: [Uroviricota] -> [Nucleocytoviricota]
      Class: [Caudoviricetes] -> [Megaviricetes]
      Order: [Pantevenvirales] -> [Algavirales]
      Family: [Kyanoviridae] -> [Phycodnaviridae]
      Genus: [Serangoonvirus] -> [Prasinovirus]
      Species: [Serangoonvirus essarone] -> [空]
  SRR23107136_clean_NODE_24132_length_1373_cov_3.524615
      Order: [Pimascovirales] -> [Imitervirales]
      Species: [Alphaorpheovirus massiliense] -> [Terrestrivirus sp.]
  SRR23107136_clean_NODE_24418_length_1366_cov_1.808198
      Species: [Phaeovirus unasiliculosus] -> [Phaeovirus irregularis]
  SRR23107136_clean_NODE_24730_length_1357_cov_11.126947
      Order: [Imitervirales] -> [Pimascovirales]
  SRR23107136_clean_NODE_2491_length_3002_cov_12.526118
      Order: [Algavirales] -> [Imitervirales]
      Species: [Phaeovirus unasiliculosus] -> [Terrestrivirus sp.]
  SRR23107136_clean_NODE_2492_length_3002_cov_10.128371
      Species: [Phaeovirus unasiliculosus] -> [Sylvanvirus sp.]
  SRR23107136_clean_NODE_2495_length_3001_cov_4.032445
      Order: [Imitervirales] -> [Pimascovirales]
      Species: [Tupanvirus salinum] -> [空]
  SRR23107136_clean_NODE_25127_length_1347_cov_4.360283
      Order: [Algavirales] -> [Imitervirales]
      Species: [Phaeovirus feldmanniae] -> [Terrestrivirus sp.]
  SRR23107136_clean_NODE_2549_length_2985_cov_14.120879
      Species: [Theiavirus salishense] -> [Metapenaeus ensis majanivirus]
  SRR23107136_clean_NODE_25765_length_1332_cov_1.433678
      Realm: [Duplodnaviria] -> [Varidnaviria]
      Kingdom: [Heunggongvirae] -> [Bamfordvirae]
      Phylum: [Uroviricota] -> [Nucleocytoviricota]
  SRR23107136_clean_NODE_25931_length_1327_cov_9.124402
      Family: [Iridoviridae] -> [Marseilleviridae]
      Genus: [Chloriridovirus] -> [Marseillevirus]
      Species: [Chloriridovirus wiseana1] -> [空]
  SRR23107136_clean_NODE_25976_length_1326_cov_5.573025
      Order: [Imitervirales] -> [Algavirales]
  SRR23107136_clean_NODE_26036_length_1325_cov_2.984824
      Order: [Algavirales] -> [Imitervirales]
      Family: [Phycodnaviridae] -> [Mimiviridae]
      Genus: [Phaeovirus] -> [Hokovirus]
      Species: [Phaeovirus unasiliculosus] -> [Hokovirus HKV1]
  SRR23107136_clean_NODE_26115_length_1323_cov_2.153600
      Realm: [Varidnaviria] -> [Duplodnaviria]
      Kingdom: [Bamfordvirae] -> [Heunggongvirae]
      Phylum: [Nucleocytoviricota] -> [Peploviricota]
      Class: [Megaviricetes] -> [Herviviricetes]
  SRR23107136_clean_NODE_2628_length_2960_cov_2.627641
      Genus: [Tupanvirus] -> [Fadolivirus]
      Species: [Tupanvirus salinum] -> [Homavirus sp.]
  SRR23107136_clean_NODE_2664_length_2951_cov_10.874218
      Family: [Mesomimiviridae] -> [Schizomimiviridae]
      Genus: [Tethysvirus] -> [Biavirus]
      Species: [Tethysvirus ontarioense] -> [Biavirus raunefjordenense]
  SRR23107136_clean_NODE_268_length_5362_cov_29.958215
      Family: [Allomimiviridae] -> [Schizomimiviridae]
      Genus: [Oceanusvirus] -> [Biavirus]
      Species: [Oceanusvirus kaneohense] -> [Biavirus raunefjordenense]
  SRR23107136_clean_NODE_2712_length_2935_cov_4.084207
      Order: [Algavirales] -> [Imitervirales]
  SRR23107136_clean_NODE_2731_length_2930_cov_4.241512
      Order: [Algavirales] -> [Pimascovirales]
      Species: [Phaeovirus unasiliculosus] -> [空]
  SRR23107136_clean_NODE_27761_length_1284_cov_13.593724
      Order: [Pimascovirales] -> [Imitervirales]
      Species: [Alphahydrivirus permafrostis] -> [空]
  SRR23107136_clean_NODE_28220_length_1274_cov_8.357202
      Order: [Algavirales] -> [Pimascovirales]
  SRR23107136_clean_NODE_28391_length_1271_cov_1.710351
      Genus: [Megalocytivirus] -> [Chloriridovirus]
      Species: [Megalocytivirus lates1] -> [Chloriridovirus simulium1]
  SRR23107136_clean_NODE_283_length_5333_cov_5.418631
      Species: [Alphacedratvirus brasiliense] -> [空]
  SRR23107136_clean_NODE_28474_length_1269_cov_2.656355
      Species: [Rheavirus sinusmexicani] -> [Terrestrivirus sp.]
  SRR23107136_clean_NODE_28554_length_1267_cov_65.152429
      Species: [Tupanvirus salinum] -> [空]
  SRR23107136_clean_NODE_2857_length_2891_cov_15.701207
      Species: [Tupanvirus salinum] -> [Chrysophyceae clade H virus]
  SRR23107136_clean_NODE_28709_length_1264_cov_2.899244
      Genus: [Fadolivirus] -> [Catovirus]
      Species: [Fadolivirus algeromassiliense] -> [Catovirus klosterense]
  SRR23107136_clean_NODE_2877_length_2884_cov_66.520100
      Genus: [Fadolivirus] -> [Tupanvirus]
      Species: [Fadolivirus algeromassiliense] -> [Tupanvirus salinum]
  SRR23107136_clean_NODE_2894_length_2882_cov_6.606978
      Genus: [Tupanvirus] -> [Klosneuvirus]
      Species: [Tupanvirus salinum] -> [Klosneuvirus KNV1]
  SRR23107136_clean_NODE_2895_length_2882_cov_3.808829
      Order: [Algavirales] -> [Pimascovirales]
      Species: [Phaeovirus unasiliculosus] -> [空]
  SRR23107136_clean_NODE_28963_length_1259_cov_1.506745
      Order: [Algavirales] -> [Imitervirales]
      Species: [Phaeovirus unasiliculosus] -> [Edafosvirus sp.]
  SRR23107136_clean_NODE_29127_length_1255_cov_5.031303
      Species: [Alphacedratvirus aljazairmassiliense] -> [Alphacedratvirus brasiliense]
  SRR23107136_clean_NODE_2944_length_2869_cov_2.675966
      Order: [Algavirales] -> [Pimascovirales]
      Species: [Phaeovirus unasiliculosus] -> [空]
  SRR23107136_clean_NODE_2973_length_2861_cov_3.560976
      Order: [Imitervirales] -> [Pimascovirales]
  SRR23107136_clean_NODE_302_length_5251_cov_23.369641
      Genus: [Biavirus] -> [Kratosvirus]
      Species: [Biavirus raunefjordenense] -> [Kratosvirus quantuckense*]
  SRR23107136_clean_NODE_30622_length_1223_cov_12.317391
      Family: [Marseilleviridae] -> [Orpheoviridae]
      Genus: [Losannavirus] -> [Alphaorpheovirus]
      Species: [Losannavirus tunisense] -> [Alphaorpheovirus massiliense]
  SRR23107136_clean_NODE_30627_length_1223_cov_6.646087
      Order: [Pimascovirales] -> [Imitervirales]
      Family: [Hydriviridae] -> [Mimiviridae]
      Genus: [Alphahydrivirus] -> [Megavirus]
      Species: [Alphahydrivirus permafrostis] -> [Megavirus sp.]
  SRR23107136_clean_NODE_3072_length_2837_cov_3.219609
      Order: [Algavirales] -> [Imitervirales]
      Family: [Phycodnaviridae] -> [Mimiviridae]
      Genus: [Phaeovirus] -> [Hokovirus]
      Species: [Phaeovirus unasiliculosus] -> [Hokovirus HKV1*]
  SRR23107136_clean_NODE_3095_length_2830_cov_9.854552
      Realm: [Duplodnaviria] -> [Varidnaviria]
      Kingdom: [Heunggongvirae] -> [Bamfordvirae]
      Phylum: [Uroviricota] -> [Nucleocytoviricota]
      Species: [Gaiavirus gaia] -> [Pithovirus LCPAC201]
  SRR23107136_clean_NODE_3100_length_2829_cov_5.984761
      Genus: [Fadolivirus] -> [Catovirus]
      Species: [Fadolivirus algeromassiliense] -> [Catovirus klosterense]
  SRR23107136_clean_NODE_31190_length_1212_cov_3.735733
      Family: [Marseilleviridae] -> [Orpheoviridae]
      Genus: [Losannavirus] -> [Alphaorpheovirus]
      Species: [Losannavirus tunisense] -> [Alphaorpheovirus massiliense]
  SRR23107136_clean_NODE_31314_length_1210_cov_2.077397
      Realm: [Varidnaviria] -> [Duplodnaviria]
      Kingdom: [Bamfordvirae] -> [Heunggongvirae]
      Phylum: [Nucleocytoviricota] -> [Peploviricota]
      Class: [Megaviricetes] -> [Herviviricetes]
      Order: [Imitervirales] -> [Herpesvirales]
  SRR23107136_clean_NODE_3196_length_2806_cov_5.552506
      Species: [Tupanvirus salinum] -> [Harvfovirus sp.]
  SRR23107136_clean_NODE_3258_length_2788_cov_2.348435
      Species: [Alphaorpheovirus massiliense] -> [Pithovirus LCPAC102]
  SRR23107136_clean_NODE_3292_length_2781_cov_4.317947
      Order: [Algavirales] -> [Pimascovirales]
      Species: [Phaeovirus irregularis] -> [空]
  SRR23107136_clean_NODE_33276_length_1172_cov_8.295723
      Order: [Algavirales] -> [Pimascovirales]
      Species: [Phaeovirus unasiliculosus] -> [空]
  SRR23107136_clean_NODE_3358_length_2764_cov_5.849870
      Realm: [Duplodnaviria] -> [Varidnaviria]
      Kingdom: [Heunggongvirae] -> [Bamfordvirae]
      Phylum: [Uroviricota] -> [Nucleocytoviricota]
  SRR23107136_clean_NODE_3365_length_2763_cov_14.554275
      Realm: [Varidnaviria] -> [Riboviria]
      Kingdom: [Bamfordvirae] -> [Pararnavirae]
  SRR23107136_clean_NODE_3368_length_2762_cov_7.277427
      Order: [Algavirales] -> [Imitervirales]
  SRR23107136_clean_NODE_3384_length_2759_cov_2.681310
      Species: [Reynauldvirus reynauld] -> [Chrysophyceae clade H virus]
  SRR23107136_clean_NODE_3433_length_2748_cov_7.904673
      Realm: [Duplodnaviria] -> [Varidnaviria]
      Kingdom: [Heunggongvirae] -> [Bamfordvirae]
      Phylum: [Uroviricota] -> [Nucleocytoviricota]
  SRR23107136_clean_NODE_3455_length_2744_cov_3.512168
      Realm: [Riboviria] -> [Duplodnaviria]
      Kingdom: [Pararnavirae] -> [Heunggongvirae]
      Phylum: [Artverviricota] -> [Uroviricota]
  SRR23107136_clean_NODE_3464_length_2743_cov_7.682397
      Species: [Orthopoxvirus akhmetapox] -> [Orthopoxvirus variola]
  SRR23107136_clean_NODE_3485_length_2738_cov_5.989118
      Order: [Algavirales] -> [Pimascovirales]
  SRR23107136_clean_NODE_35304_length_1136_cov_2.798683
      Order: [Algavirales] -> [Imitervirales]
      Family: [Phycodnaviridae] -> [Mimiviridae]
      Genus: [Phaeovirus] -> [Hokovirus]
      Species: [Phaeovirus unasiliculosus] -> [Hokovirus HKV1]
  SRR23107136_clean_NODE_35663_length_1130_cov_3.432356
      Order: [Algavirales] -> [Pimascovirales]
      Species: [Phaeovirus unasiliculosus] -> [空]
  SRR23107136_clean_NODE_3604_length_2714_cov_13.767512
      Species: [Theiavirus salishense] -> [Theiavirus salishense*]
  SRR23107136_clean_NODE_3606_length_2714_cov_3.577433
      Realm: [Varidnaviria] -> [Duplodnaviria]
      Kingdom: [Bamfordvirae] -> [Heunggongvirae]
      Phylum: [Nucleocytoviricota] -> [Peploviricota]
      Class: [Megaviricetes] -> [Herviviricetes]
      Order: [Algavirales] -> [Herpesvirales]
      Family: [Phycodnaviridae] -> [Retroviridae]
      Genus: [Phaeovirus] -> [Gammaretrovirus]
      Species: [Phaeovirus unasiliculosus] -> [Gammaretrovirus felleu]
  SRR23107136_clean_NODE_3637_length_2708_cov_3.429602
      Order: [Algavirales] -> [Imitervirales]
      Family: [Phycodnaviridae] -> [Mimiviridae]
      Genus: [Phaeovirus] -> [Megavirus]
      Species: [Phaeovirus unasiliculosus] -> [Megavirus sp.]
  SRR23107136_clean_NODE_36447_length_1116_cov_4.090125
      Realm: [Duplodnaviria] -> [Varidnaviria]
      Kingdom: [Heunggongvirae] -> [Bamfordvirae]
      Phylum: [Uroviricota] -> [Nucleocytoviricota]
      Class: [Caudoviricetes] -> [Megaviricetes]
      Order: [Pantevenvirales] -> [Algavirales]
      Family: [Kyanoviridae] -> [Phycodnaviridae]
      Genus: [Serangoonvirus] -> [Prasinovirus]
      Species: [Serangoonvirus essarone] -> [Bathycoccus sp. RCC716 virus 2]
  SRR23107136_clean_NODE_3644_length_2707_cov_2.731207
      Order: [Imitervirales] -> [Pimascovirales]
      Genus: [Cotonvirus] -> [Theiavirus]
      Species: [Cotonvirus japonicum] -> [Theiavirus salishense]
  SRR23107136_clean_NODE_3651_length_2706_cov_1.682112
      Species: [Prasinovirus micromonas] -> [Yellowstone lake phycodnavirus 2]
  SRR23107136_clean_NODE_3705_length_2696_cov_11.480747
      Species: [Fadolivirus algeromassiliense] -> [Edafosvirus sp.]
  SRR23107136_clean_NODE_3738_length_2690_cov_3.918227
      Order: [Algavirales] -> [Imitervirales]
      Family: [Phycodnaviridae] -> [Mimiviridae]
      Genus: [Phaeovirus] -> [Hokovirus]
      Species: [Phaeovirus unasiliculosus] -> [Hokovirus HKV1*]
  SRR23107136_clean_NODE_3746_length_2688_cov_11.331549
      Species: [Phaeovirus irregularis] -> [Phaeovirus feldmanniae]
  SRR23107136_clean_NODE_37524_length_1099_cov_1.253411
      Order: [Pimascovirales] -> [Algavirales]
      Family: [Pithoviridae] -> [Phycodnaviridae]
      Genus: [Alphacedratvirus] -> [Chlorovirus]
      Species: [Alphacedratvirus brasiliense] -> [空]
  SRR23107136_clean_NODE_3799_length_2678_cov_8.624952
      Realm: [Duplodnaviria] -> [Varidnaviria]
      Kingdom: [Heunggongvirae] -> [Bamfordvirae]
      Phylum: [Uroviricota] -> [Nucleocytoviricota]
  SRR23107136_clean_NODE_38051_length_1090_cov_1.685349
      Order: [Algavirales] -> [Imitervirales]
      Species: [Phaeovirus unasiliculosus] -> [Terrestrivirus sp.]
  SRR23107136_clean_NODE_38246_length_1087_cov_1.480276
      Realm: [Varidnaviria] -> [Duplodnaviria]
      Kingdom: [Bamfordvirae] -> [Heunggongvirae]
      Phylum: [Nucleocytoviricota] -> [Peploviricota]
      Class: [Megaviricetes] -> [Herviviricetes]
      Order: [Imitervirales] -> [Herpesvirales]
  SRR23107136_clean_NODE_38673_length_1080_cov_1.846077
      Species: [Phaeovirus unasiliculosus] -> [Phaeovirus feldmanniae]
  SRR23107136_clean_NODE_3930_length_2656_cov_2.639566
      Family: [Iridoviridae] -> [Ascoviridae]
      Genus: [Chloriridovirus] -> [Ascovirus]
      Species: [Chloriridovirus simulium1] -> [空]
  SRR23107136_clean_NODE_3947_length_2652_cov_5.787902
      Species: [Phaeovirus unasiliculosus] -> [Sylvanvirus sp.]
  SRR23107136_clean_NODE_3981_length_2647_cov_8.518260
      Genus: [Fadolivirus] -> [Catovirus]
      Species: [Fadolivirus algeromassiliense] -> [Catovirus klosterense]
  SRR23107136_clean_NODE_40412_length_1053_cov_4.943878
      Class: [Naldaviricetes] -> [Megaviricetes]
      Genus: [Alphabaculovirus] -> [Betabaculovirus]
      Species: [Alphabaculovirus spofrugiperdae] -> [Betabaculovirus disaccharalis]
  SRR23107136_clean_NODE_404_length_4898_cov_7.862798
      Realm: [Varidnaviria] -> [Duplodnaviria]
      Kingdom: [Bamfordvirae] -> [Heunggongvirae]
      Phylum: [Nucleocytoviricota] -> [Uroviricota]
  SRR23107136_clean_NODE_4126_length_2619_cov_11.950903
      Species: [Phaeovirus unasiliculosus] -> [Phaeovirus irregularis]
  SRR23107136_clean_NODE_41280_length_1040_cov_2.867632
      Order: [Algavirales] -> [Imitervirales]
  SRR23107136_clean_NODE_4149_length_2612_cov_9.923986
      Class: [Naldaviricetes] -> [Herviviricetes]
      Order: [Lefavirales] -> [Herpesvirales]
  SRR23107136_clean_NODE_4151_length_2612_cov_3.511225
      Species: [空] -> [Criusvirus kaneoense]
  SRR23107136_clean_NODE_41920_length_1031_cov_1.843424
      Order: [Pimascovirales] -> [Algavirales]
      Family: [Orpheoviridae] -> [Phycodnaviridae]
      Genus: [Alphaorpheovirus] -> [Phaeovirus]
      Species: [Alphaorpheovirus massiliense] -> [Phaeovirus irregularis]
  SRR23107136_clean_NODE_42500_length_1023_cov_1.256842
      Order: [Imitervirales] -> [Algavirales]
      Family: [Mimiviridae] -> [Phycodnaviridae]
      Genus: [Moumouvirus] -> [Chlorovirus]
      Species: [Moumouvirus australiense] -> [空]
  SRR23107136_clean_NODE_4254_length_2591_cov_13.194996
      Order: [Algavirales] -> [Pimascovirales]
  SRR23107136_clean_NODE_4296_length_2582_cov_4.005978
      Order: [Imitervirales] -> [Pimascovirales]
  SRR23107136_clean_NODE_43151_length_1014_cov_2.054198
      Species: [Tupanvirus altamarinense] -> [Tupanvirus salinum]
  SRR23107136_clean_NODE_43595_length_1008_cov_2.835294
      Order: [Algavirales] -> [Imitervirales]
  SRR23107136_clean_NODE_44052_length_1002_cov_1.836383
      Order: [Algavirales] -> [Imitervirales]
  SRR23107136_clean_NODE_44745_length_993_cov_2.269565
      Order: [Imitervirales] -> [Algavirales]
      Family: [Mimiviridae] -> [Phycodnaviridae]
      Genus: [Moumouvirus] -> [Chlorovirus]
      Species: [Moumouvirus australiense] -> [空]
  SRR23107136_clean_NODE_44878_length_991_cov_9.900871
      Species: [Theiavirus salishense] -> [Terrestrivirus sp.]
  SRR23107136_clean_NODE_4492_length_2549_cov_1.944265
      Species: [Tupanvirus altamarinense] -> [Chlorella virus XW01]
  SRR23107136_clean_NODE_45237_length_987_cov_2.347921
      Realm: [Duplodnaviria] -> [Varidnaviria]
      Kingdom: [Heunggongvirae] -> [Bamfordvirae]
      Phylum: [Uroviricota] -> [Nucleocytoviricota]
      Class: [Caudoviricetes] -> [Megaviricetes]
      Order: [Pantevenvirales] -> [Imitervirales]
      Species: [Serangoonvirus essarone] -> [Hyperionvirus sp.]
  SRR23107136_clean_NODE_4533_length_2542_cov_4.325638
      Species: [Phaeovirus unasiliculosus] -> [Sylvanvirus sp.]
  SRR23107136_clean_NODE_4539_length_2540_cov_23.889339
      Order: [Imitervirales] -> [Pimascovirales]
      Species: [Tupanvirus altamarinense] -> [空]
  SRR23107136_clean_NODE_454_length_4710_cov_3.054130
      Realm: [Varidnaviria] -> [Riboviria]
      Kingdom: [Bamfordvirae] -> [Orthornavirae]
      Phylum: [Nucleocytoviricota] -> [Pisuviricota]
  SRR23107136_clean_NODE_45512_length_984_cov_1.182217
      Order: [Algavirales] -> [Imitervirales]
  SRR23107136_clean_NODE_4566_length_2535_cov_69.780260
      Order: [Imitervirales] -> [Algavirales]
      Family: [Mimiviridae] -> [Phycodnaviridae]
      Genus: [Theiavirus] -> [Chlorovirus]
      Species: [Theiavirus salishense] -> [Chlorovirus sp.]
  SRR23107136_clean_NODE_4592_length_2531_cov_7.903580
      Order: [Imitervirales] -> [Pimascovirales]
      Species: [Theiavirus salishense] -> [Pithovirus LCPAC201]
  SRR23107136_clean_NODE_459_length_4692_cov_9.001732
      Realm: [Duplodnaviria] -> [Varidnaviria]
      Kingdom: [Heunggongvirae] -> [Bamfordvirae]
      Phylum: [Uroviricota] -> [Nucleocytoviricota]
  SRR23107136_clean_NODE_4751_length_2507_cov_2.232950
      Realm: [Adnaviria] -> [Varidnaviria]
      Kingdom: [Zilligvirae] -> [Bamfordvirae]
      Phylum: [Taleaviricota] -> [Nucleocytoviricota]
      Class: [Tokiviricetes] -> [Megaviricetes]
      Order: [Ligamenvirales] -> [Imitervirales]
      Species: [Betalipothrixvirus puteoliense] -> [Terrestrivirus sp.]
  SRR23107136_clean_NODE_4793_length_2500_cov_11.380305
      Species: [Tethysvirus ontarioense] -> [Terrestrivirus sp.]
  SRR23107136_clean_NODE_4808_length_2498_cov_4.228041
      Order: [Algavirales] -> [Pimascovirales]
  SRR23107136_clean_NODE_4862_length_2489_cov_5.611755
      Realm: [Varidnaviria] -> [Duplodnaviria]
      Kingdom: [Bamfordvirae] -> [Heunggongvirae]
      Phylum: [Nucleocytoviricota] -> [Uroviricota]
  SRR23107136_clean_NODE_4900_length_2484_cov_7.752385
      Order: [Imitervirales] -> [Pimascovirales]
  SRR23107136_clean_NODE_50181_length_927_cov_2.516393
      Realm: [Varidnaviria] -> [Duplodnaviria]
      Kingdom: [Bamfordvirae] -> [Heunggongvirae]
      Phylum: [Nucleocytoviricota] -> [Uroviricota]
  SRR23107136_clean_NODE_50424_length_924_cov_14.455934
      Realm: [Duplodnaviria] -> [Varidnaviria]
      Kingdom: [Heunggongvirae] -> [Bamfordvirae]
      Phylum: [Uroviricota] -> [Nucleocytoviricota]
  SRR23107136_clean_NODE_5058_length_2457_cov_11.070050
      Species: [Alphahydrivirus permafrostis] -> [Pithovirus LCPAC201]
  SRR23107136_clean_NODE_5085_length_2452_cov_7.942833
      Order: [Imitervirales] -> [Pimascovirales]
      Species: [Theiavirus salishense] -> [Pithovirus LCPAC201]
  SRR23107136_clean_NODE_5165_length_2440_cov_5.806084
      Order: [Algavirales] -> [Imitervirales]
      Family: [Phycodnaviridae] -> [Mimiviridae]
      Genus: [Phaeovirus] -> [Megavirus]
      Species: [Phaeovirus feldmanniae] -> [Megavirus sp.]
  SRR23107136_clean_NODE_5195_length_2437_cov_2.965736
      Realm: [Duplodnaviria] -> [Varidnaviria]
      Kingdom: [Heunggongvirae] -> [Bamfordvirae]
      Phylum: [Uroviricota] -> [Nucleocytoviricota]
  SRR23107136_clean_NODE_5249_length_2428_cov_7.285350
      Order: [Algavirales] -> [Pimascovirales]
  SRR23107136_clean_NODE_5255_length_2428_cov_2.519745
      Order: [Imitervirales] -> [Pimascovirales]
  SRR23107136_clean_NODE_5274_length_2425_cov_5.220238
      Realm: [Duplodnaviria] -> [Varidnaviria]
      Kingdom: [Heunggongvirae] -> [Bamfordvirae]
      Phylum: [Uroviricota] -> [Nucleocytoviricota]
      Species: [Spinunavirus IPP61] -> [Fadolivirus algeromassiliense]
  SRR23107136_clean_NODE_5286_length_2423_cov_32.663830
      Genus: [Moumouvirus] -> [Hokovirus]
      Species: [Moumouvirus goulettemassiliense] -> [Hokovirus HKV1]
  SRR23107136_clean_NODE_5294_length_2422_cov_3.309919
      Order: [Algavirales] -> [Pimascovirales]
      Species: [Phaeovirus unasiliculosus] -> [Sylvanvirus sp.]
  SRR23107136_clean_NODE_5341_length_2414_cov_3.217001
      Genus: [Fadolivirus] -> [Indivirus]
      Species: [Fadolivirus algeromassiliense] -> [Indivirus ILV1]
  SRR23107136_clean_NODE_5347_length_2413_cov_3.248718
      Species: [Alphaorpheovirus massiliense] -> [Pithovirus LCPAC102]
  SRR23107136_clean_NODE_5401_length_2405_cov_5.920240
      Order: [Algavirales] -> [Imitervirales]
      Species: [Phaeovirus unasiliculosus] -> [Terrestrivirus sp.]
  SRR23107136_clean_NODE_5531_length_2388_cov_5.942117
      Order: [Algavirales] -> [Imitervirales]
      Species: [Phaeovirus irregularis] -> [Harvfovirus sp.]
  SRR23107136_clean_NODE_5546_length_2386_cov_2.129269
      Order: [Algavirales] -> [Imitervirales]
  SRR23107136_clean_NODE_555_length_4425_cov_4.023438
      Genus: [Mimivirus] -> [Tupanvirus]
      Species: [Mimivirus lagoaense] -> [Tupanvirus salinum]
  SRR23107136_clean_NODE_5690_length_2364_cov_7.027935
      Genus: [Tupanvirus] -> [Megavirus]
      Species: [Tupanvirus altamarinense] -> [Megavirus powaiense]
  SRR23107136_clean_NODE_5740_length_2357_cov_2.454028
      Species: [Chlorovirus vanettense] -> [Chlorovirus sp.]
  SRR23107136_clean_NODE_5744_length_2356_cov_6.980289
      Realm: [Duplodnaviria] -> [Varidnaviria]
      Kingdom: [Heunggongvirae] -> [Bamfordvirae]
      Phylum: [Uroviricota] -> [Nucleocytoviricota]
      Species: [Spinunavirus IPP61] -> [Fadolivirus algeromassiliense]
  SRR23107136_clean_NODE_57711_length_851_cov_1.984576
      Realm: [Varidnaviria] -> [Duplodnaviria]
      Kingdom: [Bamfordvirae] -> [Heunggongvirae]
      Phylum: [Nucleocytoviricota] -> [Peploviricota]
      Class: [Megaviricetes] -> [Herviviricetes]
  SRR23107136_clean_NODE_5786_length_2349_cov_6.822496
      Family: [Mesomimiviridae] -> [Schizomimiviridae]
      Genus: [Tethysvirus] -> [Biavirus]
      Species: [Tethysvirus ontarioense] -> [Biavirus raunefjordenense]
  SRR23107136_clean_NODE_5788_length_2349_cov_2.964411
      Species: [Alphabaculovirus chorosaceanae] -> [Alphabaculovirus oxochraceae]
  SRR23107136_clean_NODE_5817_length_2345_cov_2.233715
      Order: [Algavirales] -> [Pimascovirales]
      Species: [Phaeovirus unasiliculosus] -> [Sylvanvirus sp.]
  SRR23107136_clean_NODE_5837_length_2342_cov_18.780961
      Family: [Mesomimiviridae] -> [Mimiviridae]
      Genus: [Tethysvirus] -> [Theiavirus]
      Species: [Tethysvirus raunefjordenense] -> [Theiavirus salishense]
  SRR23107136_clean_NODE_5876_length_2339_cov_2.236099
      Realm: [Duplodnaviria] -> [Varidnaviria]
      Kingdom: [Heunggongvirae] -> [Bamfordvirae]
      Phylum: [Uroviricota] -> [Nucleocytoviricota]
  SRR23107136_clean_NODE_5933_length_2332_cov_4.109340
      Species: [Phaeovirus unasiliculosus] -> [Sylvanvirus sp.]
  SRR23107136_clean_NODE_5972_length_2328_cov_2.027494
      Order: [Algavirales] -> [Pimascovirales]
      Species: [Phaeovirus unasiliculosus] -> [空]
  SRR23107136_clean_NODE_5988_length_2326_cov_11.774079
      Species: [Biavirus raunefjordenense] -> [Mimiviridae sp. ChoanoV1*]
  SRR23107136_clean_NODE_6029_length_2320_cov_6.180685
      Order: [Imitervirales] -> [Pimascovirales]
      Species: [Tupanvirus altamarinense] -> [Sylvanvirus sp.]
  SRR23107136_clean_NODE_6086_length_2315_cov_2.290366
      Realm: [Varidnaviria] -> [Duplodnaviria]
      Kingdom: [Bamfordvirae] -> [Heunggongvirae]
      Phylum: [Nucleocytoviricota] -> [Uroviricota]
      Species: [Biavirus raunefjordenense] -> [Florenciella sp. virus SA1]
  SRR23107136_clean_NODE_61649_length_816_cov_5.255720
      Species: [Theiavirus salishense] -> [空]
  SRR23107136_clean_NODE_6171_length_2304_cov_16.894218
      Species: [Theiavirus salishense] -> [空]
  SRR23107136_clean_NODE_6187_length_2303_cov_4.077578
      Order: [Algavirales] -> [Imitervirales]
  SRR23107136_clean_NODE_61_length_7172_cov_33.377800
      Realm: [Duplodnaviria] -> [Varidnaviria]
      Species: [Donellivirus gee] -> [空]
  SRR23107136_clean_NODE_6217_length_2300_cov_3.202964
      Realm: [Duplodnaviria] -> [Varidnaviria]
      Kingdom: [Heunggongvirae] -> [Bamfordvirae]
      Phylum: [Uroviricota] -> [Nucleocytoviricota]
  SRR23107136_clean_NODE_6319_length_2288_cov_5.132731
      Species: [Tupanvirus salinum] -> [Chrysophyceae clade H virus]
  SRR23107136_clean_NODE_6326_length_2287_cov_7.948509
      Order: [Imitervirales] -> [Pimascovirales]
      Species: [Cotonvirus japonicum] -> [空]
  SRR23107136_clean_NODE_6340_length_2285_cov_6.940325
      Species: [Phaeovirus feldmanniae] -> [Sylvanvirus sp.]
  SRR23107136_clean_NODE_6358_length_2284_cov_2.162822
      Species: [Rheavirus sinusmexicani] -> [Mimivirus LCMiAC01]
  SRR23107136_clean_NODE_6372_length_2282_cov_5.010412
      Realm: [Varidnaviria] -> [Duplodnaviria]
      Kingdom: [Bamfordvirae] -> [Heunggongvirae]
      Phylum: [Nucleocytoviricota] -> [Peploviricota]
      Class: [Megaviricetes] -> [Herviviricetes]
      Order: [Algavirales] -> [Herpesvirales]
  SRR23107136_clean_NODE_6390_length_2280_cov_15.879021
      Genus: [Tupanvirus] -> [Hokovirus]
      Species: [Tupanvirus altamarinense] -> [Hokovirus HKV1]
  SRR23107136_clean_NODE_6391_length_2280_cov_10.582691
      Species: [Phaeovirus unasiliculosus] -> [Sylvanvirus sp.]
  SRR23107136_clean_NODE_641_length_4272_cov_13.138843
      Species: [Alphabaculovirus alterhycuneae] -> [Chrysophyceae clade H virus]
  SRR23107136_clean_NODE_6434_length_2275_cov_19.382380
      Order: [Algavirales] -> [Pimascovirales]
  SRR23107136_clean_NODE_6454_length_2273_cov_4.578182
      Realm: [Riboviria] -> [Duplodnaviria]
      Kingdom: [Pararnavirae] -> [Heunggongvirae]
      Phylum: [Artverviricota] -> [Peploviricota]
      Class: [Revtraviricetes] -> [Herviviricetes]
  SRR23107136_clean_NODE_6456_length_2273_cov_3.428636
      Class: [Megaviricetes] -> [Naldaviricetes]
      Order: [Algavirales] -> [Lefavirales]
      Family: [Phycodnaviridae] -> [Baculoviridae]
      Genus: [Phaeovirus] -> [Alphabaculovirus]
      Species: [Phaeovirus unasiliculosus] -> [Alphabaculovirus pastagnalis]
  SRR23107136_clean_NODE_6602_length_2258_cov_7.891533
      Genus: [Moumouvirus] -> [Tupanvirus]
      Species: [Moumouvirus australiense] -> [Tupanvirus altamarinense]
  SRR23107136_clean_NODE_6714_length_2247_cov_3.082797
      Realm: [Duplodnaviria] -> [Varidnaviria]
      Kingdom: [Heunggongvirae] -> [Bamfordvirae]
      Phylum: [Uroviricota] -> [Nucleocytoviricota]
  SRR23107136_clean_NODE_671_length_4212_cov_17.748007
      Species: [Chlorovirus americanus] -> [Chlorovirus sp.]
  SRR23107136_clean_NODE_6779_length_2240_cov_3.275496
      Order: [Lefavirales] -> [Pantevenvirales]
      Family: [Baculoviridae] -> [Kyanoviridae]
      Genus: [Gammabaculovirus] -> [Serangoonvirus]
      Species: [Gammabaculovirus neabietis] -> [Serangoonvirus essarone]
  SRR23107136_clean_NODE_680_length_4200_cov_4.779259
      Realm: [Duplodnaviria] -> [Varidnaviria]
      Kingdom: [Heunggongvirae] -> [Bamfordvirae]
      Phylum: [Uroviricota] -> [Nucleocytoviricota]
      Species: [Donellivirus gee] -> [Marseillevirus LCMAC202]
  SRR23107136_clean_NODE_6892_length_2227_cov_8.020427
      Species: [Fadolivirus algeromassiliense] -> [Florenciella sp. virus SA1]
  SRR23107136_clean_NODE_6902_length_2226_cov_10.082675
      Genus: [Vetruanivirus] -> [Amboselivirus]
      Species: [Vetruanivirus porcinsecundi] -> [Amboselivirus simi]
  SRR23107136_clean_NODE_7049_length_2214_cov_2.296590
      Order: [Imitervirales] -> [Pimascovirales]
      Species: [Tupanvirus salinum] -> [空]
  SRR23107136_clean_NODE_7120_length_2207_cov_10.783037
      Realm: [Duplodnaviria] -> [Varidnaviria]
      Order: [Grandevirales] -> [Imitervirales]
      Species: [Hatfieldvirus porci] -> [空]
  SRR23107136_clean_NODE_7178_length_2202_cov_1.890089
      Species: [Biavirus raunefjordenense] -> [Mimiviridae sp. ChoanoV1]
  SRR23107136_clean_NODE_7208_length_2199_cov_8.166040
      Realm: [Varidnaviria] -> [Duplodnaviria]
      Kingdom: [Bamfordvirae] -> [Heunggongvirae]
      Phylum: [Nucleocytoviricota] -> [Uroviricota]
  SRR23107136_clean_NODE_7253_length_2196_cov_2.407442
      Genus: [Tupanvirus] -> [Theiavirus]
      Species: [Tupanvirus salinum] -> [Theiavirus salishense]
  SRR23107136_clean_NODE_728_length_4108_cov_78.196035
      Family: [Schizomimiviridae] -> [Mimiviridae]
      Genus: [Biavirus] -> [Klosneuvirus]
      Species: [Biavirus raunefjordenense] -> [Imitervirales sp.]
  SRR23107136_clean_NODE_7295_length_2192_cov_6.617744
      Order: [Imitervirales] -> [Algavirales]
      Family: [Mesomimiviridae] -> [Phycodnaviridae]
      Genus: [Tethysvirus] -> [Prasinovirus]
      Species: [Tethysvirus raunefjordenense] -> [Micromonas pusilla virus 12T]
  SRR23107136_clean_NODE_73124_length_730_cov_9.290715
      Family: [Schizomimiviridae] -> [Mimiviridae]
      Genus: [Kratosvirus] -> [Theiavirus]
      Species: [Kratosvirus quantuckense] -> [Theiavirus salishense]
  SRR23107136_clean_NODE_7324_length_2190_cov_2.674067
      Order: [Algavirales] -> [Pimascovirales]
      Species: [Phaeovirus unasiliculosus] -> [空]
  SRR23107136_clean_NODE_7345_length_2188_cov_3.485579
      Species: [Phaeovirus unasiliculosus] -> [Phaeovirus feldmanniae]
  SRR23107136_clean_NODE_74088_length_724_cov_1.883257
      Species: [Tupanvirus altamarinense] -> [Dasosvirus sp.]
  SRR23107136_clean_NODE_7443_length_2179_cov_2.668566
      Genus: [Fadolivirus] -> [Klosneuvirus]
      Species: [Fadolivirus algeromassiliense] -> [Klosneuvirus KNV1]
  SRR23107136_clean_NODE_7551_length_2169_cov_4.941794
      Class: [Megaviricetes] -> [Naldaviricetes]
      Order: [Pimascovirales] -> [Lefavirales]
      Family: [Hydriviridae] -> [Baculoviridae]
      Genus: [Alphahydrivirus] -> [Alphabaculovirus]
  SRR23107136_clean_NODE_7628_length_2161_cov_3.167146
      Order: [Imitervirales] -> [Algavirales]
      Species: [Mimivirus lagoaense] -> [Micromonas commoda virus]
  SRR23107136_clean_NODE_76569_length_708_cov_5.875591
      Species: [Iridovirus chilo1] -> [空]
  SRR23107136_clean_NODE_7676_length_2157_cov_4.484165
      Order: [Algavirales] -> [Pimascovirales]
  SRR23107136_clean_NODE_7680_length_2157_cov_2.324376
      Family: [Schizomimiviridae] -> [Mesomimiviridae]
      Genus: [Biavirus] -> [Criusvirus]
      Species: [Biavirus raunefjordenense] -> [Criusvirus kaneoense]
  SRR23107136_clean_NODE_7743_length_2150_cov_5.701493
      Order: [Algavirales] -> [Pimascovirales]
      Species: [Phaeovirus unasiliculosus] -> [空]
  SRR23107136_clean_NODE_779_length_4041_cov_13.815272
      Realm: [Varidnaviria] -> [Duplodnaviria]
      Kingdom: [Bamfordvirae] -> [Heunggongvirae]
      Phylum: [Nucleocytoviricota] -> [Uroviricota]
      Class: [Megaviricetes] -> [Naldaviricetes]
  SRR23107136_clean_NODE_77_length_6937_cov_11.612471
      Realm: [Varidnaviria] -> [Duplodnaviria]
      Kingdom: [Bamfordvirae] -> [Heunggongvirae]
      Phylum: [Nucleocytoviricota] -> [Uroviricota]
  SRR23107136_clean_NODE_787_length_4034_cov_12.369351
      Realm: [Varidnaviria] -> [Duplodnaviria]
      Kingdom: [Bamfordvirae] -> [Heunggongvirae]
      Phylum: [Nucleocytoviricota] -> [Uroviricota]
      Class: [Megaviricetes] -> [Naldaviricetes]
      Order: [Algavirales] -> [Lefavirales]
  SRR23107136_clean_NODE_79439_length_691_cov_3.286408
      Realm: [Varidnaviria] -> [Duplodnaviria]
      Kingdom: [Bamfordvirae] -> [Heunggongvirae]
      Phylum: [Nucleocytoviricota] -> [Peploviricota]
      Class: [Megaviricetes] -> [Herviviricetes]
  SRR23107136_clean_NODE_7959_length_2132_cov_12.417193
      Order: [Algavirales] -> [Imitervirales]
      Family: [Phycodnaviridae] -> [Mimiviridae]
      Genus: [Phaeovirus] -> [Hokovirus]
      Species: [Phaeovirus unasiliculosus] -> [Hokovirus HKV1*]
  SRR23107136_clean_NODE_7981_length_2130_cov_6.765192
      Species: [Fadolivirus algeromassiliense] -> [Barrevirus sp.]
  SRR23107136_clean_NODE_79824_length_689_cov_2.009740
      Genus: [Atlauavirus] -> [Nodensvirus]
      Species: [Atlauavirus caeruleum] -> [Nodensvirus spm2]
  SRR23107136_clean_NODE_8017_length_2127_cov_2.798929
      Order: [Algavirales] -> [Pimascovirales]
  SRR23107136_clean_NODE_8050_length_2125_cov_4.270955
      Order: [Algavirales] -> [Imitervirales]
      Family: [Phycodnaviridae] -> [Mimiviridae]
      Genus: [Phaeovirus] -> [Hokovirus]
      Species: [Phaeovirus unasiliculosus] -> [空]
  SRR23107136_clean_NODE_8120_length_2119_cov_4.713099
      Realm: [Varidnaviria] -> [Duplodnaviria]
      Kingdom: [Bamfordvirae] -> [Heunggongvirae]
      Phylum: [Nucleocytoviricota] -> [Uroviricota]
  SRR23107136_clean_NODE_8224_length_2109_cov_4.085953
      Order: [Algavirales] -> [Imitervirales]
      Species: [Phaeovirus irregularis] -> [Sylvanvirus sp.]
  SRR23107136_clean_NODE_8332_length_2099_cov_10.598223
      Genus: [Megavirus] -> [Hokovirus]
      Species: [Megavirus powaiense] -> [Hokovirus HKV1]
  SRR23107136_clean_NODE_8357_length_2097_cov_2.962945
      Species: [Phaeovirus unasiliculosus] -> [Phaeovirus feldmanniae]
  SRR23107136_clean_NODE_8377_length_2095_cov_6.777943
      Species: [Mimivirus lagoaense] -> [空]
  SRR23107136_clean_NODE_8448_length_2089_cov_10.114583
      Genus: [Theiavirus] -> [Cotonvirus]
      Species: [Theiavirus salishense] -> [Cotonvirus japonicum]
  SRR23107136_clean_NODE_8515_length_2083_cov_25.679602
      Genus: [Tupanvirus] -> [Klosneuvirus]
      Species: [Tupanvirus altamarinense] -> [Klosneuvirus KNV1*]
  SRR23107136_clean_NODE_852_length_3956_cov_79.976307
      Species: [Chlorovirus americanus] -> [Chlorovirus sp.]
  SRR23107136_clean_NODE_8590_length_2077_cov_11.042415
      Order: [Imitervirales] -> [Pimascovirales]
  SRR23107136_clean_NODE_86788_length_651_cov_2.307958
      Class: [Naldaviricetes] -> [Herviviricetes]
      Order: [Lefavirales] -> [Herpesvirales]
  SRR23107136_clean_NODE_8754_length_2065_cov_17.982932
      Order: [Imitervirales] -> [Algavirales]
      Species: [Tethysvirus raunefjordenense] -> [Micromonas commoda virus]
  SRR23107136_clean_NODE_8771_length_2065_cov_1.652610
      Order: [Algavirales] -> [Pimascovirales]
      Species: [Phaeovirus unasiliculosus] -> [空]
  SRR23107136_clean_NODE_8803_length_2062_cov_9.325792
      Species: [Biavirus raunefjordenense] -> [Mimiviridae sp. ChoanoV1]
  SRR23107136_clean_NODE_885_length_3924_cov_2.906777
      Family: [Schizomimiviridae] -> [Mimiviridae]
      Genus: [Biavirus] -> [Fadolivirus]
      Species: [Biavirus raunefjordenense] -> [Fadolivirus algeromassiliense]
  SRR23107136_clean_NODE_9056_length_2041_cov_2.392785
      Order: [Algavirales] -> [Imitervirales]
      Family: [Phycodnaviridae] -> [Mimiviridae]
      Genus: [Phaeovirus] -> [Hokovirus]
      Species: [Phaeovirus unasiliculosus] -> [Hokovirus HKV1]
  SRR23107136_clean_NODE_9229_length_2026_cov_2.690220
      Realm: [Varidnaviria] -> [Duplodnaviria]
      Kingdom: [Bamfordvirae] -> [Heunggongvirae]
      Phylum: [Nucleocytoviricota] -> [Peploviricota]
      Class: [Megaviricetes] -> [Herviviricetes]
      Order: [Pimascovirales] -> [Herpesvirales]
  SRR23107136_clean_NODE_95200_length_611_cov_1.617100
      Species: [Tupanvirus altamarinense] -> [Mimivirus LCMiAC01]
  SRR23107136_clean_NODE_9541_length_2001_cov_2.410270
      Realm: [Varidnaviria] -> [Duplodnaviria]
      Kingdom: [Bamfordvirae] -> [Heunggongvirae]
      Phylum: [Nucleocytoviricota] -> [Uroviricota]
  SRR23107136_clean_NODE_9544_length_2000_cov_44.649196
      Order: [Algavirales] -> [Pimascovirales]
  SRR23107136_clean_NODE_9614_length_1995_cov_2.697190
      Genus: [Scutavirus] -> [Simplexvirus]
      Species: [Scutavirus chelonidalpha5] -> [Simplexvirus atelinealpha1]
  SRR23107136_clean_NODE_9621_length_1994_cov_3.319625
      Order: [Imitervirales] -> [Pimascovirales]
      Species: [Tethysvirus raunefjordenense] -> [空]
  SRR23107136_clean_NODE_9649_length_1992_cov_2.529964
      Species: [Tupanvirus salinum] -> [Dasosvirus sp.]
  SRR23107136_clean_NODE_97992_length_599_cov_1.171103
      Species: [Alphacedratvirus brasiliense] -> [Pandoravirus salinus]
  SRR23107136_clean_NODE_9810_length_1980_cov_5.096487
      Order: [Pimascovirales] -> [Algavirales]
      Family: [Hydriviridae] -> [Phycodnaviridae]
      Genus: [Alphahydrivirus] -> [Chlorovirus]
  SRR23107136_clean_NODE_9877_length_1975_cov_9.056257
      Species: [Theiavirus salishense] -> [Theiavirus salishense*]
  SRR23107136_clean_NODE_9985_length_1969_cov_2.110232
      Species: [Tupanvirus altamarinense] -> [Terrestrivirus sp.]
  SRR23107139_clean_NODE_10085_length_1391_cov_9.874810
      Order: [Algavirales] -> [Pimascovirales]
  SRR23107139_clean_NODE_10148_length_1388_cov_4.743726
      Genus: [Tupanvirus] -> [Hokovirus]
      Species: [Tupanvirus salinum] -> [Hokovirus HKV1]
  SRR23107139_clean_NODE_1033_length_2982_cov_17.102784
      Species: [Phaeovirus unasiliculosus] -> [Sylvanvirus sp.]
  SRR23107139_clean_NODE_10479_length_1369_cov_3.749228
      Species: [Losannavirus lausannense] -> [Marseillevirus LCMAC101]
  SRR23107139_clean_NODE_11183_length_1330_cov_2.569610
      Species: [Tethysvirus raunefjordenense] -> [Edafosvirus sp.]
  SRR23107139_clean_NODE_1129_length_2898_cov_3.692035
      Order: [Algavirales] -> [Pimascovirales]
      Family: [Phycodnaviridae] -> [Mimiviridae]
      Genus: [Phaeovirus] -> [Hokovirus]
      Species: [Phaeovirus unasiliculosus] -> [空]
  SRR23107139_clean_NODE_12148_length_1279_cov_3.048093
      Species: [Tupanvirus salinum] -> [Edafosvirus sp.]
  SRR23107139_clean_NODE_12875_length_1244_cov_8.807003
      Order: [Imitervirales] -> [Pimascovirales]
      Family: [Allomimiviridae] -> [Marseilleviridae]
      Genus: [Oceanusvirus] -> [Marseillevirus]
      Species: [Oceanusvirus kaneohense] -> [空]
  SRR23107139_clean_NODE_13086_length_1236_cov_2.621668
      Order: [Algavirales] -> [Pimascovirales]
      Species: [Phaeovirus unasiliculosus] -> [空]
  SRR23107139_clean_NODE_13106_length_1235_cov_2.022375
      Order: [Algavirales] -> [Imitervirales]
      Family: [Phycodnaviridae] -> [Mimiviridae]
      Genus: [Phaeovirus] -> [Hokovirus]
      Species: [Phaeovirus unasiliculosus] -> [Hokovirus HKV1]
  SRR23107139_clean_NODE_1348_length_2774_cov_5.932247
      Species: [Fadolivirus algeromassiliense] -> [Edafosvirus sp.]
  SRR23107139_clean_NODE_14434_length_1179_cov_1.133816
      Realm: [Duplodnaviria] -> [Varidnaviria]
      Kingdom: [Heunggongvirae] -> [Bamfordvirae]
      Phylum: [Uroviricota] -> [Nucleocytoviricota]
      Species: [Traversvirus min27] -> [Mimiviridae sp. ChoanoV1*]
  SRR23107139_clean_NODE_15103_length_1151_cov_27.142857
      Order: [Pimascovirales] -> [Imitervirales]
  SRR23107139_clean_NODE_1515_length_2674_cov_3.720492
      Order: [Algavirales] -> [Imitervirales]
      Species: [Phaeovirus unasiliculosus] -> [Terrestrivirus sp.]
  SRR23107139_clean_NODE_15282_length_1145_cov_2.890858
      Order: [Imitervirales] -> [Pimascovirales]
      Family: [Mimiviridae] -> [Phycodnaviridae]
      Genus: [Mimivirus] -> [Chlorovirus]
      Species: [Mimivirus lagoaense] -> [Pithovirus LCPAC302]
  SRR23107139_clean_NODE_15876_length_1123_cov_3.325714
      Class: [Naldaviricetes] -> [Herviviricetes]
      Order: [Lefavirales] -> [Herpesvirales]
  SRR23107139_clean_NODE_1612_length_2619_cov_10.807934
      Realm: [Varidnaviria] -> [Duplodnaviria]
      Kingdom: [Bamfordvirae] -> [Heunggongvirae]
      Phylum: [Nucleocytoviricota] -> [Peploviricota]
  SRR23107139_clean_NODE_16607_length_1097_cov_2.628906
      Species: [Tupanvirus altamarinense] -> [Dasosvirus sp.]
  SRR23107139_clean_NODE_1677_length_2583_cov_2.492430
      Order: [Imitervirales] -> [Pimascovirales]
      Species: [Tupanvirus salinum] -> [空]
  SRR23107139_clean_NODE_1715_length_2567_cov_2.154771
      Species: [Biavirus raunefjordenense] -> [Mimiviridae sp. ChoanoV1]
  SRR23107139_clean_NODE_17368_length_1072_cov_1.280280
      Order: [Algavirales] -> [Pimascovirales]
      Species: [Phaeovirus irregularis] -> [空]
  SRR23107139_clean_NODE_1824_length_2520_cov_12.840213
      Order: [Imitervirales] -> [Algavirales]
      Family: [Mimiviridae] -> [Phycodnaviridae]
      Genus: [Megavirus] -> [Prasinovirus]
      Species: [Megavirus powaiense] -> [Bathycoccus sp. RCC1105 virus BpV]
  SRR23107139_clean_NODE_183_length_4791_cov_10.220856
      Genus: [Fadolivirus] -> [Hokovirus]
      Species: [Fadolivirus algeromassiliense] -> [Hokovirus HKV1]
  SRR23107139_clean_NODE_1927_length_2483_cov_2.854357
      Realm: [Duplodnaviria] -> [Varidnaviria]
      Kingdom: [Heunggongvirae] -> [Bamfordvirae]
      Phylum: [Uroviricota] -> [Nucleocytoviricota]
      Class: [Caudoviricetes] -> [Megaviricetes]
      Order: [Pantevenvirales] -> [Pimascovirales]
      Species: [Salacisavirus pssm2] -> [空]
  SRR23107139_clean_NODE_1928_length_2483_cov_2.639419
      Species: [Phaeovirus irregularis] -> [Phaeovirus unasiliculosus]
  SRR23107139_clean_NODE_19638_length_1002_cov_1.918192
      Class: [Naldaviricetes] -> [Megaviricetes]
      Order: [Lefavirales] -> [Algavirales]
      Species: [Alphabaculovirus hytalacae] -> [Micromonas commoda virus]
  SRR23107139_clean_NODE_2120_length_2413_cov_3.272650
      Order: [Algavirales] -> [Pimascovirales]
      Species: [Phaeovirus irregularis] -> [空]
  SRR23107139_clean_NODE_2171_length_2396_cov_4.140336
      Order: [Algavirales] -> [Imitervirales]
      Family: [Phycodnaviridae] -> [Mimiviridae]
      Genus: [Phaeovirus] -> [Hokovirus]
      Species: [Phaeovirus unasiliculosus] -> [空]
  SRR23107139_clean_NODE_22531_length_928_cov_18.308772
      Family: [Marseilleviridae] -> [Orpheoviridae]
      Genus: [Marseillevirus] -> [Alphaorpheovirus]
      Species: [Marseillevirus senegalense] -> [Alphaorpheovirus massiliense]
  SRR23107139_clean_NODE_2288_length_2361_cov_2.767920
      Genus: [Fadolivirus] -> [Indivirus]
      Species: [Fadolivirus algeromassiliense] -> [Indivirus ILV1]
  SRR23107139_clean_NODE_2350_length_2338_cov_4.695806
      Species: [Biavirus raunefjordenense] -> [Mimiviridae sp. ChoanoV1*]
  SRR23107139_clean_NODE_23961_length_897_cov_1.850728
      Species: [Tethysvirus ontarioense] -> [空]
  SRR23107139_clean_NODE_2541_length_2280_cov_85.343453
      Realm: [Varidnaviria] -> [Duplodnaviria]
      Kingdom: [Bamfordvirae] -> [Heunggongvirae]
      Phylum: [Nucleocytoviricota] -> [Uroviricota]
  SRR23107139_clean_NODE_2632_length_2255_cov_2.969294
      Family: [Mesomimiviridae] -> [Schizomimiviridae]
      Genus: [Tethysvirus] -> [Biavirus]
      Species: [Tethysvirus ontarioense] -> [Biavirus raunefjordenense]
  SRR23107139_clean_NODE_2705_length_2238_cov_9.520092
      Order: [Imitervirales] -> [Algavirales]
      Family: [Mimiviridae] -> [Phycodnaviridae]
      Genus: [Tupanvirus] -> [Phaeovirus]
      Species: [Tupanvirus altamarinense] -> [Phaeovirus irregularis]
  SRR23107139_clean_NODE_27096_length_836_cov_1.195282
      Family: [Phycodnaviridae] -> [Marseilleviridae]
      Genus: [Chlorovirus] -> [Marseillevirus]
      Species: [Chlorovirus americanus] -> [空]
  SRR23107139_clean_NODE_2869_length_2199_cov_20.948260
      Realm: [Varidnaviria] -> [Duplodnaviria]
      Kingdom: [Bamfordvirae] -> [Heunggongvirae]
      Phylum: [Nucleocytoviricota] -> [Uroviricota]
  SRR23107139_clean_NODE_29469_length_795_cov_2.005540
      Genus: [Fadolivirus] -> [Catovirus]
      Species: [Fadolivirus algeromassiliense] -> [Catovirus klosterense]
  SRR23107139_clean_NODE_2948_length_2181_cov_6.425996
      Species: [Biavirus raunefjordenense] -> [Mimiviridae sp. ChoanoV1*]
  SRR23107139_clean_NODE_2965_length_2176_cov_12.627199
      Order: [Algavirales] -> [Imitervirales]
      Family: [Phycodnaviridae] -> [Mimiviridae]
      Genus: [Phaeovirus] -> [Hokovirus]
      Species: [Phaeovirus unasiliculosus] -> [Hokovirus HKV1]
  SRR23107139_clean_NODE_3098_length_2151_cov_27.053898
      Order: [Imitervirales] -> [Algavirales]
  SRR23107139_clean_NODE_329_length_4019_cov_4.322352
      Order: [Imitervirales] -> [Algavirales]
      Species: [Theiavirus salishense] -> [Chrysochromulina ericina virus]
  SRR23107139_clean_NODE_3349_length_2098_cov_11.464691
      Order: [Imitervirales] -> [Pimascovirales]
      Species: [Mimivirus lagoaense] -> [空]
  SRR23107139_clean_NODE_3415_length_2082_cov_2.834246
      Order: [Imitervirales] -> [Pimascovirales]
  SRR23107139_clean_NODE_3577_length_2048_cov_5.253165
      Realm: [Varidnaviria] -> [Duplodnaviria]
      Kingdom: [Bamfordvirae] -> [Heunggongvirae]
      Phylum: [Nucleocytoviricota] -> [Uroviricota]
      Genus: [Mimivirus] -> [Catovirus]
      Species: [Mimivirus lagoaense] -> [Catovirus klosterense]
  SRR23107139_clean_NODE_3665_length_2033_cov_2.302041
      Order: [Pimascovirales] -> [Algavirales]
      Family: [Pithoviridae] -> [Phycodnaviridae]
      Genus: [Alphacedratvirus] -> [Chlorovirus]
      Species: [Alphacedratvirus brasiliense] -> [空]
  SRR23107139_clean_NODE_4006_length_1973_cov_1.783158
      Realm: [Varidnaviria] -> [Duplodnaviria]
      Kingdom: [Bamfordvirae] -> [Heunggongvirae]
      Phylum: [Nucleocytoviricota] -> [Peploviricota]
      Class: [Megaviricetes] -> [Herviviricetes]
      Order: [Imitervirales] -> [Herpesvirales]
  SRR23107139_clean_NODE_4160_length_1948_cov_9.987733
      Family: [Mimiviridae] -> [Schizomimiviridae]
      Genus: [Mimivirus] -> [Biavirus]
      Species: [Mimivirus lagoaense] -> [Biavirus raunefjordenense]
  SRR23107139_clean_NODE_41700_length_643_cov_1.512281
      Order: [Imitervirales] -> [Algavirales]
  SRR23107139_clean_NODE_4207_length_1943_cov_2.456684
      Species: [Biavirus raunefjordenense] -> [Florenciella sp. virus SA1]
  SRR23107139_clean_NODE_431_length_3751_cov_5.322186
      Family: [Schizomimiviridae] -> [Mimiviridae]
      Genus: [Biavirus] -> [Theiavirus]
      Species: [Biavirus raunefjordenense] -> [Imitervirales sp.]
  SRR23107139_clean_NODE_447_length_3711_cov_7.452446
      Species: [Chlorovirus americanus] -> [Chlorovirus sp.]
  SRR23107139_clean_NODE_4620_length_1876_cov_5.926234
      Family: [Mesomimiviridae] -> [Mimiviridae]
      Genus: [Tethysvirus] -> [Catovirus]
      Species: [Tethysvirus raunefjordenense] -> [Catovirus klosterense]
  SRR23107139_clean_NODE_4656_length_1872_cov_3.224013
      Genus: [Moumouvirus] -> [Theiavirus]
      Species: [Moumouvirus goulettemassiliense] -> [Theiavirus salishense]
  SRR23107139_clean_NODE_4844_length_1843_cov_2.652542
      Order: [Imitervirales] -> [Pimascovirales]
      Species: [Tupanvirus salinum] -> [空]
  SRR23107139_clean_NODE_5093_length_1810_cov_2.125504
      Genus: [Chlorovirus] -> [Phaeovirus]
      Species: [Chlorovirus vanettense] -> [Phaeovirus unasiliculosus]
  SRR23107139_clean_NODE_51232_length_566_cov_1.107505
      Species: [Rheavirus sinusmexicani] -> [Terrestrivirus sp.]
  SRR23107139_clean_NODE_5137_length_1804_cov_4.705373
      Order: [Algavirales] -> [Pimascovirales]
      Species: [Phaeovirus unasiliculosus] -> [空]
  SRR23107139_clean_NODE_52741_length_556_cov_1.002070
      Family: [Mamonoviridae] -> [Marseilleviridae]
      Genus: [Medusavirus] -> [Marseillevirus]
      Species: [Medusavirus sthenus] -> [Marseillevirus sp.]
  SRR23107139_clean_NODE_535_length_3529_cov_3.469039
      Order: [Algavirales] -> [Imitervirales]
      Family: [Phycodnaviridae] -> [Mimiviridae]
      Genus: [Phaeovirus] -> [Hokovirus]
      Species: [Phaeovirus unasiliculosus] -> [空]
  SRR23107139_clean_NODE_5375_length_1776_cov_3.243688
      Species: [Mimivirus lagoaense] -> [Sylvanvirus sp.]
  SRR23107139_clean_NODE_53781_length_549_cov_1.588235
      Class: [Naldaviricetes] -> [Megaviricetes]
      Order: [Lefavirales] -> [Imitervirales]
  SRR23107139_clean_NODE_5423_length_1771_cov_3.103062
      Genus: [Alphapithovirus] -> [Alphacedratvirus]
      Species: [Alphapithovirus massiliense] -> [Alphacedratvirus brasiliense]
  SRR23107139_clean_NODE_5591_length_1753_cov_4.347024
      Species: [Teubervirus LW31] -> [Florenciella sp. virus SA1]
  SRR23107139_clean_NODE_5791_length_1732_cov_3.192285
      Family: [Mesomimiviridae] -> [Schizomimiviridae]
      Genus: [Tethysvirus] -> [Biavirus]
      Species: [Tethysvirus ontarioense] -> [Biavirus raunefjordenense]
  SRR23107139_clean_NODE_60007_length_513_cov_1.652273
      Species: [Rheavirus sinusmexicani] -> [空]
  SRR23107139_clean_NODE_6050_length_1703_cov_1.745399
      Species: [Fadolivirus algeromassiliense] -> [Homavirus sp.]
  SRR23107139_clean_NODE_61427_length_506_cov_1.131640
      Genus: [Megavirus] -> [Hokovirus]
      Species: [Megavirus baoshanense] -> [Hokovirus HKV1]
  SRR23107139_clean_NODE_61718_length_504_cov_2.122970
      Genus: [Mimivirus] -> [Hokovirus]
      Species: [Mimivirus lagoaense] -> [Hokovirus HKV1]
  SRR23107139_clean_NODE_624_length_3376_cov_9.882834
      Realm: [Duplodnaviria] -> [Varidnaviria]
      Species: [Donellivirus gee] -> [空]
  SRR23107139_clean_NODE_684_length_3305_cov_20.426361
      Species: [Fadolivirus algeromassiliense] -> [Edafosvirus sp.]
  SRR23107139_clean_NODE_694_length_3297_cov_8.544045
      Species: [Tupanvirus altamarinense] -> [Chrysophyceae clade H virus]
  SRR23107139_clean_NODE_7063_length_1608_cov_2.001303
      Class: [Naldaviricetes] -> [Caudoviricetes]
      Order: [Lefavirales] -> [Pantevenvirales]
      Family: [Nudiviridae] -> [Straboviridae]
      Genus: [Betanudivirus] -> [Biquartavirus]
      Species: [Betanudivirus hezeae] -> [Biquartavirus 44RR2]
  SRR23107139_clean_NODE_710_length_3278_cov_9.196568
      Realm: [Varidnaviria] -> [Duplodnaviria]
      Kingdom: [Bamfordvirae] -> [Heunggongvirae]
      Phylum: [Nucleocytoviricota] -> [Uroviricota]
  SRR23107139_clean_NODE_7269_length_1591_cov_3.835310
      Realm: [Duplodnaviria] -> [Varidnaviria]
      Kingdom: [Heunggongvirae] -> [Bamfordvirae]
      Phylum: [Uroviricota] -> [Nucleocytoviricota]
  SRR23107139_clean_NODE_7383_length_1582_cov_2.304175
      Order: [Pimascovirales] -> [Imitervirales]
      Species: [Alphaorpheovirus massiliense] -> [Terrestrivirus sp.]
  SRR23107139_clean_NODE_7413_length_1580_cov_2.899137
      Genus: [Fadolivirus] -> [Klosneuvirus]
      Species: [Fadolivirus algeromassiliense] -> [Klosneuvirus KNV1]
  SRR23107139_clean_NODE_8284_length_1511_cov_16.004868
      Class: [Megaviricetes] -> [Pokkesviricetes]
      Order: [Imitervirales] -> [Chitovirales]
      Family: [Schizomimiviridae] -> [Poxviridae]
      Genus: [Biavirus] -> [Orthopoxvirus]
      Species: [Biavirus raunefjordenense] -> [Orthopoxvirus cowpox]
  SRR23107139_clean_NODE_9097_length_1455_cov_1.949349
      Genus: [Tupanvirus] -> [Hokovirus]
      Species: [Tupanvirus salinum] -> [Hokovirus HKV1]
  SRR23107139_clean_NODE_9259_length_1443_cov_12.784672
      Realm: [Varidnaviria] -> [Duplodnaviria]
      Kingdom: [Bamfordvirae] -> [Heunggongvirae]
      Phylum: [Nucleocytoviricota] -> [Peploviricota]
  SRR23107139_clean_NODE_9624_length_1420_cov_67.623608
      Species: [空] -> [Pithovirus LCPAC302]
  SRR23107139_clean_NODE_9690_length_1416_cov_20.991809
      Family: [Marseilleviridae] -> [Orpheoviridae]
      Genus: [Losannavirus] -> [Alphaorpheovirus]
      Species: [Losannavirus lausannense] -> [Alphaorpheovirus massiliense]
  SRR23107139_clean_NODE_9745_length_1413_cov_2.295522
      Species: [Pseudovirus nicotianae] -> [Penicillium camemberti virus - GP1*]
  SRR23107141_clean_NODE_10330_length_1311_cov_3.086430
      Order: [Imitervirales] -> [Pimascovirales]
  SRR23107141_clean_NODE_1035_length_2847_cov_44.660058
      Family: [Mesomimiviridae] -> [Schizomimiviridae]
      Genus: [Tethysvirus] -> [Biavirus]
      Species: [Tethysvirus ontarioense] -> [Biavirus raunefjordenense]
  SRR23107141_clean_NODE_11272_length_1259_cov_1.879427
      Order: [Imitervirales] -> [Pimascovirales]
      Species: [Cotonvirus japonicum] -> [Solumvirus sp.]
  SRR23107141_clean_NODE_1141_length_2771_cov_5.884729
      Realm: [Riboviria] -> [Varidnaviria]
      Kingdom: [Pararnavirae] -> [Bamfordvirae]
      Phylum: [Artverviricota] -> [Nucleocytoviricota]
      Class: [Revtraviricetes] -> [Megaviricetes]
      Order: [Ortervirales] -> [Imitervirales]
  SRR23107141_clean_NODE_1250_length_2711_cov_2.287339
      Genus: [Tupanvirus] -> [Megavirus]
      Species: [Tupanvirus salinum] -> [Megavirus sp.]
  SRR23107141_clean_NODE_13798_length_1141_cov_3.734082
      Realm: [Varidnaviria] -> [Duplodnaviria]
      Kingdom: [Bamfordvirae] -> [Heunggongvirae]
      Phylum: [Nucleocytoviricota] -> [Uroviricota]
  SRR23107141_clean_NODE_1442_length_2602_cov_2.728351
      Order: [Algavirales] -> [Pimascovirales]
      Species: [Phaeovirus unasiliculosus] -> [空]
  SRR23107141_clean_NODE_1463_length_2591_cov_2.858618
      Order: [Algavirales] -> [Imitervirales]
      Family: [Phycodnaviridae] -> [Mimiviridae]
      Genus: [Phaeovirus] -> [Hokovirus]
      Species: [Phaeovirus feldmanniae] -> [Hokovirus HKV1]
  SRR23107141_clean_NODE_14671_length_1105_cov_3.029070
      Order: [Imitervirales] -> [Algavirales]
      Family: [Mimiviridae] -> [Phycodnaviridae]
      Genus: [Megavirus] -> [Phaeovirus]
      Species: [Megavirus baoshanense] -> [Phaeovirus unasiliculosus]
  SRR23107141_clean_NODE_1468_length_2585_cov_2.945064
      Realm: [Duplodnaviria] -> [Varidnaviria]
      Kingdom: [Heunggongvirae] -> [Bamfordvirae]
      Phylum: [Uroviricota] -> [Nucleocytoviricota]
  SRR23107141_clean_NODE_1515_length_2562_cov_1.897549
      Species: [Tupanvirus salinum] -> [Tupanvirus altamarinense]
  SRR23107141_clean_NODE_1610_length_2517_cov_7.002455
      Realm: [Riboviria] -> [Varidnaviria]
      Kingdom: [Pararnavirae] -> [Bamfordvirae]
      Phylum: [Artverviricota] -> [Nucleocytoviricota]
      Class: [Revtraviricetes] -> [Megaviricetes]
      Order: [Ortervirales] -> [Imitervirales]
  SRR23107141_clean_NODE_16362_length_1043_cov_3.423711
      Realm: [Varidnaviria] -> [Duplodnaviria]
      Kingdom: [Bamfordvirae] -> [Heunggongvirae]
      Phylum: [Nucleocytoviricota] -> [Peploviricota]
      Class: [Megaviricetes] -> [Herviviricetes]
  SRR23107141_clean_NODE_16971_length_1023_cov_5.431579
      Class: [Pokkesviricetes] -> [Naldaviricetes]
      Order: [Chitovirales] -> [Lefavirales]
      Family: [Poxviridae] -> [Nudiviridae]
      Genus: [Deltaentomopoxvirus] -> [Deltanudivirus]
      Species: [Deltaentomopoxvirus msanguinipes] -> [Deltanudivirus tipoleraceae]
  SRR23107141_clean_NODE_1772_length_2448_cov_8.143158
      Order: [Algavirales] -> [Imitervirales]
      Species: [Phaeovirus unasiliculosus] -> [Terrestrivirus sp.]
  SRR23107141_clean_NODE_1923_length_2388_cov_2.685529
      Species: [Chlorovirus heliozoae] -> [Chlorovirus sp.]
  SRR23107141_clean_NODE_194_length_4433_cov_6.882339
      Species: [Kratosvirus quantuckense] -> [Mimiviridae sp. ChoanoV1]
  SRR23107141_clean_NODE_19550_length_947_cov_4.060641
      Realm: [Varidnaviria] -> [Duplodnaviria]
      Family: [Mamonoviridae] -> [Orthoherpesviridae]
      Genus: [Medusavirus] -> [Iltovirus]
      Species: [Medusavirus sthenus] -> [Iltovirus psittacidalpha5]
  SRR23107141_clean_NODE_19576_length_946_cov_45.096220
      Species: [Vitivirus alpharubi] -> [Agave yellow streak virus Jalisco 2]
  SRR23107141_clean_NODE_20583_length_921_cov_5.251179
      Order: [Imitervirales] -> [Algavirales]
      Species: [Fadolivirus algeromassiliense] -> [Dishui Lake phycodnavirus 4]
  SRR23107141_clean_NODE_2077_length_2338_cov_3.611921
      Order: [Imitervirales] -> [Algavirales]
  SRR23107141_clean_NODE_2181_length_2301_cov_3.107271
      Species: [Jenstvirus jenst] -> [Serangoonvirus essarone]
  SRR23107141_clean_NODE_2196_length_2294_cov_2.801441
      Genus: [Tupanvirus] -> [Hokovirus]
      Species: [Tupanvirus salinum] -> [Hokovirus HKV1*]
  SRR23107141_clean_NODE_2220_length_2287_cov_52.867209
      Species: [Fadolivirus algeromassiliense] -> [Chrysophyceae clade H virus]
  SRR23107141_clean_NODE_2277_length_2275_cov_44.882380
      Species: [Tethysvirus raunefjordenense] -> [Mimiviridae sp. ChoanoV1]
  SRR23107141_clean_NODE_2280_length_2274_cov_213.091776
      Order: [Imitervirales] -> [Algavirales]
  SRR23107141_clean_NODE_236_length_4175_cov_4.519990
      Order: [Imitervirales] -> [Pimascovirales]
      Species: [Biavirus raunefjordenense] -> [空]
  SRR23107141_clean_NODE_2386_length_2250_cov_4.618741
      Species: [Phaeovirus unasiliculosus] -> [Sylvanvirus sp.]
  SRR23107141_clean_NODE_2462_length_2226_cov_3.472364
      Realm: [Duplodnaviria] -> [Varidnaviria]
      Kingdom: [Heunggongvirae] -> [Bamfordvirae]
      Phylum: [Uroviricota] -> [Nucleocytoviricota]
  SRR23107141_clean_NODE_2488_length_2219_cov_6.666822
      Order: [Pimascovirales] -> [Imitervirales]
      Species: [Alphaorpheovirus massiliense] -> [Terrestrivirus sp.]
  SRR23107141_clean_NODE_2745_length_2154_cov_22.172033
      Order: [Imitervirales] -> [Pimascovirales]
      Species: [Biavirus raunefjordenense] -> [Nucleocytoviricota sp.]
  SRR23107141_clean_NODE_2791_length_2143_cov_12.851208
      Order: [Imitervirales] -> [Algavirales]
  SRR23107141_clean_NODE_2815_length_2137_cov_4.645349
      Family: [Mesomimiviridae] -> [Schizomimiviridae]
      Genus: [Tethysvirus] -> [Biavirus]
      Species: [Tethysvirus raunefjordenense] -> [Biavirus raunefjordenense]
  SRR23107141_clean_NODE_28_length_6692_cov_10.014655
      Realm: [Adnaviria] -> [Varidnaviria]
      Kingdom: [Zilligvirae] -> [Bamfordvirae]
      Phylum: [Taleaviricota] -> [Nucleocytoviricota]
  SRR23107141_clean_NODE_3183_length_2052_cov_4.401213
      Order: [Pimascovirales] -> [Imitervirales]
  SRR23107141_clean_NODE_32476_length_704_cov_1.562599
      Order: [Imitervirales] -> [Algavirales]
      Family: [Mesomimiviridae] -> [Phycodnaviridae]
      Genus: [Tethysvirus] -> [Prymnesiovirus]
      Species: [Tethysvirus hollandense] -> [空]
  SRR23107141_clean_NODE_3249_length_2039_cov_5.140387
      Species: [Alphahydrivirus permafrostis] -> [空]
  SRR23107141_clean_NODE_3351_length_2016_cov_2.802882
      Genus: [Tupanvirus] -> [Hokovirus]
      Species: [Tupanvirus altamarinense] -> [Hokovirus HKV1*]
  SRR23107141_clean_NODE_353_length_3792_cov_9.632159
      Species: [Biavirus raunefjordenense] -> [Mimiviridae sp. ChoanoV1]
  SRR23107141_clean_NODE_3547_length_1978_cov_3.606824
      Species: [Biavirus raunefjordenense] -> [Florenciella sp. virus SA1]
  SRR23107141_clean_NODE_3798_length_1931_cov_2.628095
      Species: [Phaeovirus unasiliculosus] -> [Sylvanvirus sp.]
  SRR23107141_clean_NODE_389_length_3716_cov_3.693934
      Species: [Theiavirus salishense] -> [Theiavirus salishense*]
  SRR23107141_clean_NODE_3965_length_1901_cov_3.512582
      Genus: [Mimivirus] -> [Hokovirus]
      Species: [Mimivirus lagoaense] -> [Hokovirus HKV1]
  SRR23107141_clean_NODE_401_length_3683_cov_4.975346
      Family: [Hydriviridae] -> [Orpheoviridae]
      Genus: [Alphahydrivirus] -> [Alphaorpheovirus]
      Species: [Alphahydrivirus permafrostis] -> [Alphaorpheovirus massiliense]
  SRR23107141_clean_NODE_43312_length_591_cov_1.488417
      Order: [Imitervirales] -> [Pimascovirales]
      Species: [Biavirus raunefjordenense] -> [Chrysophyceae clade H virus]
  SRR23107141_clean_NODE_43871_length_586_cov_1.697856
      Realm: [Duplodnaviria] -> [Varidnaviria]
      Kingdom: [Heunggongvirae] -> [Bamfordvirae]
      Phylum: [Peploviricota] -> [Nucleocytoviricota]
      Class: [Herviviricetes] -> [Pokkesviricetes]
      Order: [Herpesvirales] -> [Chitovirales]
  SRR23107141_clean_NODE_4446_length_1821_cov_5.757437
      Realm: [Varidnaviria] -> [Riboviria]
  SRR23107141_clean_NODE_4531_length_1811_cov_5.413694
      Realm: [Varidnaviria] -> [Duplodnaviria]
      Kingdom: [Bamfordvirae] -> [Heunggongvirae]
      Phylum: [Nucleocytoviricota] -> [Uroviricota]
  SRR23107141_clean_NODE_46216_length_567_cov_3.368421
      Order: [Imitervirales] -> [Algavirales]
      Species: [Fadolivirus algeromassiliense] -> [Dishui Lake phycodnavirus 4]
  SRR23107141_clean_NODE_4676_length_1791_cov_43.614668
      Order: [Pimascovirales] -> [Imitervirales]
      Family: [Pithoviridae] -> [Mimiviridae]
      Genus: [Alphacedratvirus] -> [Klosneuvirus]
      Species: [Alphacedratvirus brasiliense] -> [Klosneuvirus KNV1*]
  SRR23107141_clean_NODE_46956_length_562_cov_1.390593
      Realm: [Varidnaviria] -> [Duplodnaviria]
      Kingdom: [Bamfordvirae] -> [Heunggongvirae]
      Phylum: [Nucleocytoviricota] -> [Peploviricota]
      Class: [Pokkesviricetes] -> [Herviviricetes]
      Order: [Chitovirales] -> [Herpesvirales]
  SRR23107141_clean_NODE_4824_length_1773_cov_7.289412
      Order: [Imitervirales] -> [Pimascovirales]
      Species: [Fadolivirus algeromassiliense] -> [Pithovirus LCPAC302]
  SRR23107141_clean_NODE_483_length_3528_cov_3.595948
      Species: [Fadolivirus algeromassiliense] -> [Terrestrivirus sp.]
  SRR23107141_clean_NODE_48453_length_551_cov_1.905858
      Class: [Pokkesviricetes] -> [Megaviricetes]
      Order: [Chitovirales] -> [Imitervirales]
      Species: [Epsilonentomopoxvirus dlongicaudata] -> [Homavirus sp.]
  SRR23107141_clean_NODE_5861_length_1659_cov_1.974779
      Species: [Fadolivirus algeromassiliense] -> [Terrestrivirus sp.]
  SRR23107141_clean_NODE_6051_length_1640_cov_5.292278
      Realm: [Riboviria] -> [Duplodnaviria]
      Kingdom: [Pararnavirae] -> [Heunggongvirae]
      Phylum: [Artverviricota] -> [Uroviricota]
      Class: [Revtraviricetes] -> [Megaviricetes]
      Order: [Ortervirales] -> [Imitervirales]
  SRR23107141_clean_NODE_6118_length_1634_cov_3.108905
      Species: [Vespertilionpoxvirus eptesipox] -> [Metapenaeopsis lamellata majanivirus]
  SRR23107141_clean_NODE_6330_length_1615_cov_4.101816
      Order: [Grandevirales] -> [Rowavirales]
      Family: [Lakviridae] -> [Spinareoviridae]
      Genus: [Hatfieldvirus] -> [Coltivirus]
      Species: [Hatfieldvirus porci] -> [空]
  SRR23107141_clean_NODE_6410_length_1606_cov_2.313112
      Order: [Algavirales] -> [Imitervirales]
      Species: [Phaeovirus unasiliculosus] -> [Terrestrivirus sp.]
  SRR23107141_clean_NODE_7430_length_1511_cov_4.187065
      Realm: [Duplodnaviria] -> [Riboviria]
      Kingdom: [Heunggongvirae] -> [Orthornavirae]
      Phylum: [Uroviricota] -> [Pisuviricota]
      Species: [Fernvirus yyerffej] -> [Berere partitivirus]
  SRR23107141_clean_NODE_8679_length_1417_cov_5.718750
      Order: [Imitervirales] -> [Pimascovirales]
      Family: [Mimiviridae] -> [Iridoviridae]
      Genus: [Tupanvirus] -> [Chloriridovirus]
      Species: [Tupanvirus altamarinense] -> [Chloriridovirus simulium1]
  SRR23107141_clean_NODE_8724_length_1415_cov_2.002981
      Species: [Serangoonvirus essarone] -> [Metapenaeopsis lamellata majanivirus]
  SRR23107141_clean_NODE_8900_length_1403_cov_3.078195
      Species: [Tupanvirus salinum] -> [Terrestrivirus sp.]
  SRR23107141_clean_NODE_9517_length_1358_cov_7.140856
      Realm: [Varidnaviria] -> [Duplodnaviria]
      Kingdom: [Bamfordvirae] -> [Heunggongvirae]
      Phylum: [Nucleocytoviricota] -> [Peploviricota]
      Class: [Megaviricetes] -> [Herviviricetes]
      Order: [Imitervirales] -> [Herpesvirales]
  SRR23107141_clean_NODE_9875_length_1338_cov_1.536759
      Order: [Algavirales] -> [Pimascovirales]
  SRR23107141_clean_NODE_9943_length_1334_cov_1.851705
      Genus: [Fadolivirus] -> [Klosneuvirus]
      Species: [Fadolivirus algeromassiliense] -> [Klosneuvirus KNV1]
  SRR23215176_clean_NODE_1156_length_2900_cov_4.162363
      Genus: [Fadolivirus] -> [Catovirus]
      Species: [Fadolivirus algeromassiliense] -> [Catovirus CTV1]
  SRR23215176_clean_NODE_187_length_4810_cov_5.615791
      Species: [Fadolivirus algeromassiliense] -> [Terrestrivirus sp.]
  SRR23215176_clean_NODE_2342_length_2139_cov_8.296225
      Species: [Tethysvirus hollandense] -> [空]
  SRR23215176_clean_NODE_493_length_3786_cov_8.000539
      Species: [Biavirus raunefjordenense] -> [Terrestrivirus sp.]
  SRR23215176_clean_NODE_6291_length_1110_cov_2.117647
      Family: [Allomimiviridae] -> [Mimiviridae]
      Genus: [Oceanusvirus] -> [Hokovirus]
      Species: [Oceanusvirus kaneohense] -> [Hokovirus HKV1]
  SRR23215178_clean_NODE_1021_length_2457_cov_11.718540
      Species: [Agnivirus brisbanense] -> [Poseidoniales virus]
  SRR23215178_clean_NODE_1093_length_2398_cov_4.707527
      Order: [Pimascovirales] -> [Imitervirales]
      Species: [Alphahydrivirus permafrostis] -> [空]
  SRR23215178_clean_NODE_1223_length_2287_cov_2.136856
      Genus: [Moumouvirus] -> [Hokovirus]
      Species: [Moumouvirus goulettemassiliense] -> [Hokovirus HKV1]
  SRR23215178_clean_NODE_12_length_7321_cov_8.129139
      Species: [Biavirus raunefjordenense] -> [Chrysophyceae clade H virus]
  SRR23215178_clean_NODE_1315_length_2204_cov_11.726420
      Species: [Gordisvirus californiense] -> [Paratrioza sinica mononegavirus 1]
  SRR23215178_clean_NODE_136_length_4582_cov_7.693945
      Realm: [Duplodnaviria] -> [Varidnaviria]
      Kingdom: [Heunggongvirae] -> [Bamfordvirae]
      Phylum: [Uroviricota] -> [Nucleocytoviricota]
      Species: [Llyrvirus SSKS1] -> [Marseillevirus LCMAC103]
  SRR23215178_clean_NODE_137_length_4577_cov_4.117007
      Realm: [Varidnaviria] -> [Duplodnaviria]
      Kingdom: [Bamfordvirae] -> [Heunggongvirae]
      Phylum: [Nucleocytoviricota] -> [Peploviricota]
      Class: [Megaviricetes] -> [Herviviricetes]
      Order: [Imitervirales] -> [Herpesvirales]
      Family: [Mimiviridae] -> [Orthoherpesviridae]
      Genus: [Megavirus] -> [Scutavirus]
      Species: [Megavirus chilense] -> [Scutavirus chelonidalpha5]
  SRR23215178_clean_NODE_1497_length_2082_cov_13.157790
      Species: [Agnivirus brisbanense] -> [Poseidoniales virus]
  SRR23215178_clean_NODE_1599_length_2027_cov_122.955476
      Realm: [Varidnaviria] -> [Duplodnaviria]
      Kingdom: [Bamfordvirae] -> [Heunggongvirae]
      Phylum: [Nucleocytoviricota] -> [Uroviricota]
  SRR23215178_clean_NODE_1737_length_1940_cov_5.336369
      Species: [Agnivirus brisbanense] -> [Poseidoniales virus]
  SRR23215178_clean_NODE_174_length_4343_cov_3.894614
      Species: [Tupanvirus salinum] -> [Tupanvirus altamarinense]
  SRR23215178_clean_NODE_1857_length_1876_cov_1.715474
      Order: [Imitervirales] -> [Pimascovirales]
      Species: [Fadolivirus algeromassiliense] -> [Pithovirus LCPAC302]
  SRR23215178_clean_NODE_19_length_6815_cov_5.236577
      Realm: [Varidnaviria] -> [Duplodnaviria]
      Kingdom: [Bamfordvirae] -> [Heunggongvirae]
      Phylum: [Nucleocytoviricota] -> [Uroviricota]
  SRR23215178_clean_NODE_2040_length_1777_cov_1.350352
      Species: [Getseptimavirus GMA7] -> [Poseidoniales virus]
  SRR23215178_clean_NODE_2145_length_1722_cov_1.713159
      Species: [Doupovirus australiaense] -> [Paratrioza sinica mononegavirus 1]
  SRR23215178_clean_NODE_2524_length_1569_cov_2.141043
      Realm: [Varidnaviria] -> [Riboviria]
      Kingdom: [Bamfordvirae] -> [Pararnavirae]
      Phylum: [Nucleocytoviricota] -> [Artverviricota]
      Class: [Megaviricetes] -> [Revtraviricetes]
      Order: [Imitervirales] -> [Ortervirales]
      Family: [Mimiviridae] -> [Retroviridae]
      Genus: [Mimivirus] -> [Gammaretrovirus]
      Species: [Mimivirus bradfordmassiliense] -> [Gammaretrovirus felleu]
  SRR23215178_clean_NODE_263_length_3857_cov_4.541755
      Order: [Imitervirales] -> [Pimascovirales]
      Species: [Tupanvirus altamarinense] -> [空]
  SRR23215178_clean_NODE_275_length_3790_cov_3.657250
      Order: [Imitervirales] -> [Algavirales]
  SRR23215178_clean_NODE_27_length_6360_cov_6.453953
      Order: [Magrovirales] -> [Pimascovirales]
      Family: [Apasviridae] -> [Ascoviridae]
      Genus: [Agnivirus] -> [Ascovirus]
      Species: [Agnivirus brisbanense] -> [Poseidoniales virus]
  SRR23215178_clean_NODE_295_length_3725_cov_5.185652
      Species: [Alphapithovirus sibericum] -> [Alphapithovirus siberiense]
  SRR23215178_clean_NODE_306_length_3671_cov_15.454697
      Realm: [Varidnaviria] -> [Duplodnaviria]
      Kingdom: [Bamfordvirae] -> [Heunggongvirae]
      Phylum: [Nucleocytoviricota] -> [Uroviricota]
      Genus: [Megavirus] -> [Catovirus]
      Species: [Megavirus powaiense] -> [Catovirus CTV1]
  SRR23215178_clean_NODE_324_length_3625_cov_5.754223
      Genus: [Fadolivirus] -> [Tupanvirus]
      Species: [Fadolivirus algeromassiliense] -> [Tupanvirus altamarinense]
  SRR23215178_clean_NODE_334_length_3583_cov_12.231624
      Species: [Aurunvirus STIM5] -> [Gibbetvirus rsm4]
  SRR23215178_clean_NODE_337_length_3581_cov_4.734607
      Species: [Alphapithovirus sibericum] -> [Alphapithovirus siberiense]
  SRR23215178_clean_NODE_357_length_3542_cov_5.423753
      Realm: [Varidnaviria] -> [Duplodnaviria]
      Kingdom: [Bamfordvirae] -> [Heunggongvirae]
      Phylum: [Nucleocytoviricota] -> [Uroviricota]
  SRR23215178_clean_NODE_3592_length_1259_cov_3.241147
      Species: [Culivirus belgradiense] -> [Paratrioza sinica mononegavirus 1]
  SRR23215178_clean_NODE_368_length_3511_cov_5.898778
      Realm: [Varidnaviria] -> [Duplodnaviria]
      Kingdom: [Bamfordvirae] -> [Heunggongvirae]
      Phylum: [Nucleocytoviricota] -> [Uroviricota]
  SRR23215178_clean_NODE_387_length_3463_cov_6.162537
      Realm: [Varidnaviria] -> [Duplodnaviria]
      Kingdom: [Bamfordvirae] -> [Heunggongvirae]
      Phylum: [Nucleocytoviricota] -> [Peploviricota]
      Class: [Megaviricetes] -> [Herviviricetes]
      Order: [Pimascovirales] -> [Herpesvirales]
  SRR23215178_clean_NODE_450_length_3315_cov_8.851635
      Species: [Agnivirus brisbanense] -> [Poseidoniales virus]
  SRR23215178_clean_NODE_482_length_3245_cov_5.343947
      Species: [Fadolivirus algeromassiliense] -> [Hyperionvirus sp.]
  SRR23215178_clean_NODE_516_length_3176_cov_2.217531
      Species: [Fadolivirus algeromassiliense] -> [Terrestrivirus sp.]
  SRR23215178_clean_NODE_553_length_3101_cov_3.135403
      Realm: [Varidnaviria] -> [Duplodnaviria]
      Kingdom: [Bamfordvirae] -> [Heunggongvirae]
      Phylum: [Nucleocytoviricota] -> [Uroviricota]
  SRR23215178_clean_NODE_5_length_8468_cov_12.986897
      Species: [Tupanvirus altamarinense] -> [Chrysophyceae clade H virus]
  SRR23215178_clean_NODE_71_length_5148_cov_5.012414
      Species: [Biavirus raunefjordenense] -> [Chrysophyceae clade H virus]
  SRR23215178_clean_NODE_8297_length_690_cov_1.491086
      Species: [Trocevirus haikouense] -> [Paratrioza sinica mononegavirus 1]
  SRR23215178_clean_NODE_909_length_2581_cov_1.713317
      Class: [Pokkesviricetes] -> [Megaviricetes]
      Order: [Chitovirales] -> [Imitervirales]
  SRR23215178_clean_NODE_9330_length_630_cov_1.276481
      Species: [Tecephavirus sydneyense] -> [Paratrioza sinica mononegavirus 1]
  SRR23215178_clean_NODE_967_length_2517_cov_2.397709
      Realm: [Adnaviria] -> [Varidnaviria]
      Kingdom: [Zilligvirae] -> [Bamfordvirae]
      Phylum: [Taleaviricota] -> [Nucleocytoviricota]
  SRR23215178_clean_NODE_969_length_2515_cov_4.956593
      Order: [Algavirales] -> [Imitervirales]
  SRR23215178_clean_NODE_97_length_4856_cov_7.390132
      Species: [Tupanvirus salinum] -> [Chrysophyceae clade H virus]
  SRR23215179_clean_NODE_179_length_2538_cov_33.776065
      Realm: [Varidnaviria] -> [Duplodnaviria]
      Kingdom: [Bamfordvirae] -> [Heunggongvirae]
      Phylum: [Nucleocytoviricota] -> [Uroviricota]
      Family: [Mimiviridae] -> [Schizomimiviridae]
      Genus: [Theiavirus] -> [Biavirus]
      Species: [Theiavirus salishense] -> [Biavirus raunefjordenense]
  SRR23215179_clean_NODE_1_length_6852_cov_76.557752
      Species: [Marafivirus sorghi] -> [Marafivirus syrahense]
  SRR23215179_clean_NODE_273_length_2262_cov_11.136135
      Species: [Plazymidvirus ZM41] -> [Chrysophyceae clade H virus]
  SRR23215180_clean_NODE_117_length_3686_cov_4.224467
      Order: [Pimascovirales] -> [Algavirales]
      Family: [Pithoviridae] -> [Phycodnaviridae]
      Genus: [Alphacedratvirus] -> [Phaeovirus]
      Species: [Alphacedratvirus brasiliense] -> [Phaeovirus unasiliculosus]
  SRR23215180_clean_NODE_29_length_4895_cov_3.956035
      Species: [空] -> [Pithovirus LCPAC202]
  SRR23215181_clean_NODE_2622_length_1636_cov_3.675624
      Species: [Biavirus raunefjordenense] -> [Mimiviridae sp. ChoanoV1*]
  SRR23215181_clean_NODE_3209_length_1446_cov_7.377276
      Species: [Trirhavirus chrysanthemi] -> [Picris cytorhabdovirus 1]
  SRR23215181_clean_NODE_3371_length_1398_cov_11.625660
      Family: [Schizomimiviridae] -> [Mimiviridae]
      Genus: [Biavirus] -> [Tupanvirus]
      Species: [Biavirus raunefjordenense] -> [Tupanvirus altamarinense]
  SRR23215181_clean_NODE_4105_length_1188_cov_1.864574
      Class: [Naldaviricetes] -> [Megaviricetes]
      Order: [Lefavirales] -> [Pimascovirales]
      Family: [Baculoviridae] -> [Marseilleviridae]
      Genus: [Alphabaculovirus] -> [Marseillevirus]
      Species: [Alphabaculovirus erankerariae] -> [空]
  SRR23215181_clean_NODE_4605_length_1074_cov_4.411588
      Species: [Tupanvirus altamarinense] -> [Tupanvirus salinum]
  SRR23215181_clean_NODE_46_length_5800_cov_3.527851
      Species: [Alphahydrivirus permafrostis] -> [Chrysochromulina ericina virus]
  SRR23215181_clean_NODE_613_length_3028_cov_9.723519
      Species: [Tupanvirus altamarinense] -> [Terrestrivirus sp.]
  SRR23215182_clean_NODE_1614_length_2794_cov_10.233370
      Species: [Cotonvirus japonicum] -> [Sylvanvirus sp.]
  SRR23215182_clean_NODE_1752_length_2669_cov_6.406009
      Genus: [Rheavirus] -> [Catovirus]
      Species: [Rheavirus sinusmexicani] -> [Catovirus CTV1]
  SRR23215182_clean_NODE_177_length_5415_cov_6.049420
      Realm: [Duplodnaviria] -> [Varidnaviria]
      Kingdom: [Heunggongvirae] -> [Bamfordvirae]
      Phylum: [Uroviricota] -> [Nucleocytoviricota]
  SRR23215182_clean_NODE_3051_length_1906_cov_10.100382
      Realm: [Varidnaviria] -> [Duplodnaviria]
      Kingdom: [Bamfordvirae] -> [Heunggongvirae]
      Phylum: [Nucleocytoviricota] -> [Peploviricota]
      Class: [Megaviricetes] -> [Herviviricetes]
      Order: [Pimascovirales] -> [Herpesvirales]
  SRR23215182_clean_NODE_3375_length_1740_cov_124.140972
      Genus: [Fadolivirus] -> [Indivirus]
      Species: [Fadolivirus algeromassiliense] -> [Indivirus ILV1]
  SRR23215182_clean_NODE_3795_length_1567_cov_18.619143
      Species: [Coccolithovirus huxleyi] -> [Emiliania huxleyi virus 18]
  SRR23215182_clean_NODE_4_length_9650_cov_6.952490
      Realm: [Duplodnaviria] -> [Varidnaviria]
      Kingdom: [Heunggongvirae] -> [Bamfordvirae]
      Phylum: [Uroviricota] -> [Nucleocytoviricota]
  SRR23215184_clean_NODE_1244_length_1468_cov_1.402151
      Species: [Tethysvirus ontarioense] -> [Mimiviridae sp. ChoanoV1]
  SRR23215184_clean_NODE_1401_length_1399_cov_1.559578
      Realm: [Duplodnaviria] -> [Varidnaviria]
      Kingdom: [Heunggongvirae] -> [Bamfordvirae]
      Phylum: [Peploviricota] -> [Nucleocytoviricota]
  SRR23215184_clean_NODE_15_length_4151_cov_2.613046
      Realm: [Varidnaviria] -> [Duplodnaviria]
      Kingdom: [Bamfordvirae] -> [Heunggongvirae]
      Phylum: [Nucleocytoviricota] -> [Uroviricota]
      Order: [Imitervirales] -> [Ortervirales]
  SRR23215184_clean_NODE_1883_length_1225_cov_273.665799
      Family: [Schizomimiviridae] -> [Allomimiviridae]
      Genus: [Biavirus] -> [Heliosvirus]
      Species: [Biavirus raunefjordenense] -> [Heliosvirus raunefjordenense]
  SRR23215184_clean_NODE_3333_length_904_cov_32.723225
      Species: [Biavirus raunefjordenense] -> [Florenciella sp. virus SA1]
  SRR23215185_clean_NODE_12075_length_710_cov_2.026688
      Realm: [Varidnaviria] -> [Riboviria]
      Kingdom: [Bamfordvirae] -> [Orthornavirae]
      Phylum: [Nucleocytoviricota] -> [Kitrinoviricota]
      Class: [Megaviricetes] -> [Flasuviricetes]
      Order: [Imitervirales] -> [Amarillovirales]
      Family: [Mimiviridae] -> [Flaviviridae]
      Genus: [Tupanvirus] -> [Orthoflavivirus]
      Species: [Tupanvirus salinum] -> [Orthoflavivirus bravoense]
  SRR23215185_clean_NODE_13869_length_624_cov_1.030853
      Genus: [Gordisvirus] -> [Tecephavirus]
      Species: [Gordisvirus californiense] -> [Tecephavirus sydneyense*]
  SRR23215185_clean_NODE_1658_length_2880_cov_6.610616
      Realm: [Varidnaviria] -> [Duplodnaviria]
      Kingdom: [Bamfordvirae] -> [Heunggongvirae]
      Phylum: [Nucleocytoviricota] -> [Peploviricota]
      Class: [Megaviricetes] -> [Herviviricetes]
      Order: [Imitervirales] -> [Herpesvirales]
  SRR23215185_clean_NODE_2935_length_2196_cov_3.699953
      Genus: [Fadolivirus] -> [Mimivirus]
  SRR23215185_clean_NODE_3629_length_1941_cov_1.780514
      Realm: [Varidnaviria] -> [Duplodnaviria]
      Kingdom: [Bamfordvirae] -> [Heunggongvirae]
      Phylum: [Nucleocytoviricota] -> [Uroviricota]
  SRR23215185_clean_NODE_3789_length_1897_cov_4.321820
      Species: [Tupanvirus salinum] -> [Tupanvirus altamarinense]
  SRR23215185_clean_NODE_4409_length_1731_cov_5.120627
      Realm: [Varidnaviria] -> [Duplodnaviria]
      Kingdom: [Bamfordvirae] -> [Heunggongvirae]
      Phylum: [Nucleocytoviricota] -> [Uroviricota]
      Family: [Mimiviridae] -> [Lindbergviridae]
      Genus: [Mimivirus] -> [Carpasinavirus]
      Species: [Mimivirus bradfordmassiliense] -> [Carpasinavirus carpasina]
  SRR23215185_clean_NODE_4629_length_1669_cov_8.296992
      Species: [Avipoxvirus flamingopox] -> [Avipoxvirus penguinpox]
  SRR23215185_clean_NODE_5189_length_1532_cov_1.698424
      Species: [Tupanvirus altamarinense] -> [Chrysophyceae clade H virus]
  SRR23215185_clean_NODE_542_length_4083_cov_2.265087
      Species: [Metavirus caenorhabditis] -> [Metavirus sp.]
  SRR23215185_clean_NODE_893_length_3567_cov_12.235833
      Species: [Biavirus raunefjordenense] -> [Barrevirus sp.]
  SRR2344922_clean_NODE_13_length_2565_cov_8.985748
      Realm: [Varidnaviria] -> [Duplodnaviria]
      Kingdom: [Bamfordvirae] -> [Heunggongvirae]
      Phylum: [Nucleocytoviricota] -> [Uroviricota]
      Order: [Imitervirales] -> [Algavirales]
      Family: [Mimiviridae] -> [Phycodnaviridae]
      Genus: [Theiavirus] -> [Prasinovirus]
      Species: [Theiavirus salishense] -> [Dishui Lake phycodnavirus 3]
  SRR2344922_clean_NODE_52_length_1761_cov_21.802555
      Genus: [Mimivirus] -> [Catovirus]
      Species: [Mimivirus lagoaense] -> [Catovirus CTV1]
  SRR2344923_clean_NODE_1168_length_683_cov_3.220497
      Species: [Benyvirus solibetae] -> [Hubei Beny-like virus 1]
  SRR2344925_clean_NODE_14_length_3037_cov_5.294196
      Kingdom: [Bamfordvirae] -> [Shotokuvirae]
      Phylum: [Nucleocytoviricota] -> [Commensaviricota]
      Class: [Megaviricetes] -> [Cardeaviricetes]
      Order: [Imitervirales] -> [Sanitavirales]
      Species: [Biavirus raunefjordenense] -> [Torque teno midi virus]
  SRR2344925_clean_NODE_20_length_2794_cov_6.974229
      Species: [Chlorovirus americanus] -> [Chlorovirus minnesotense]
  SRR2344925_clean_NODE_27_length_2522_cov_6.580749
      Realm: [Varidnaviria] -> [Duplodnaviria]
      Kingdom: [Bamfordvirae] -> [Heunggongvirae]
      Phylum: [Nucleocytoviricota] -> [Uroviricota]
      Order: [Imitervirales] -> [Pimascovirales]
      Species: [Megavirus powaiense] -> [空]
  SRR2344925_clean_NODE_48_length_2145_cov_4.345204
      Genus: [Fadolivirus] -> [Catovirus]
      Species: [Fadolivirus algeromassiliense] -> [Catovirus klosterense]
  SRR2344925_clean_NODE_5_length_4200_cov_17.932228
      Genus: [Fadolivirus] -> [Catovirus]
      Species: [Fadolivirus algeromassiliense] -> [Catovirus CTV1]
  SRR2344925_clean_NODE_70_length_1917_cov_3.526092
      Species: [Agnivirus brisbanense] -> [Poseidoniales virus]
  SRR2344925_clean_NODE_78_length_1838_cov_33.318510
      Family: [Mesomimiviridae] -> [Schizomimiviridae]
      Genus: [Tethysvirus] -> [Biavirus]
      Species: [Tethysvirus ontarioense] -> [Biavirus raunefjordenense]
  SRR2344925_clean_NODE_8_length_3812_cov_9.412669
      Species: [Tupanvirus altamarinense] -> [Chrysophyceae clade H virus]
  SRR2344929_clean_NODE_25_length_2486_cov_8.774826
      Species: [Fadolivirus algeromassiliense] -> [Terrestrivirus sp.]
  SRR2344929_clean_NODE_745_length_1019_cov_2.364286
      Species: [Moumouvirus goulettemassiliense] -> [Harvfovirus sp.]
  SRR2344930_clean_NODE_112_length_669_cov_1.777778
      Species: [Carlavirus chisolani] -> [Henan betaflexivirus 11]
  SRR2344934_clean_NODE_102_length_1640_cov_3.038101
      Genus: [Greenvirus] -> [Yellowseavirus]
      Species: [Greenvirus ssm4] -> [Yellowseavirus thirtyeight]
  SRR2344934_clean_NODE_27_length_2348_cov_5.739714
      Realm: [Varidnaviria] -> [Duplodnaviria]
      Kingdom: [Bamfordvirae] -> [Heunggongvirae]
      Phylum: [Nucleocytoviricota] -> [Uroviricota]
  SRR2344934_clean_NODE_31_length_2218_cov_18.109224
      Order: [Imitervirales] -> [Pimascovirales]
      Species: [Tethysvirus raunefjordenense] -> [空]
  SRR2344934_clean_NODE_34_length_2184_cov_67.782751
      Realm: [Varidnaviria] -> [Duplodnaviria]
      Kingdom: [Bamfordvirae] -> [Heunggongvirae]
      Phylum: [Nucleocytoviricota] -> [Uroviricota]
  SRR2344934_clean_NODE_40_length_2024_cov_51.523426
      Species: [Henunavirus SNUABM01] -> [Yonginvirus EaP8]
  SRR2344934_clean_NODE_6_length_3540_cov_4.666095
      Species: [Tupanvirus altamarinense] -> [Chrysophyceae clade H virus]
  SRR23515439_clean_NODE_137_length_893_cov_0.528049
      Realm: [Varidnaviria] -> [Duplodnaviria]
      Kingdom: [Bamfordvirae] -> [Heunggongvirae]
      Phylum: [Nucleocytoviricota] -> [Uroviricota]
  SRR23515439_clean_NODE_728_length_500_cov_1.262295
      Species: [Alpharetrovirus avirousar] -> [Alpharetrovirus avileu]
  SRR23515442_clean_NODE_146_length_1269_cov_3.556020
      Species: [Betabaculovirus trini] -> [Betabaculovirus myunipunctae]
  SRR23515443_clean_NODE_527_length_614_cov_2.292052
      Order: [Imitervirales] -> [Algavirales]
      Family: [Allomimiviridae] -> [Phycodnaviridae]
      Genus: [Oceanusvirus] -> [Chlorovirus]
      Species: [Oceanusvirus kaneohense] -> [Chlorovirus sp.]
  SRR23515446_clean_NODE_1347_length_555_cov_0.879668
      Species: [Angmobvirus SCBP1] -> [Nucleocytoviricota sp.]
  SRR23515449_clean_NODE_548_length_631_cov_0.603943
      Order: [Imitervirales] -> [Pimascovirales]
      Family: [Allomimiviridae] -> [Marseilleviridae]
      Genus: [Oceanusvirus] -> [Marseillevirus]
      Species: [Oceanusvirus kaneohense] -> [空]
  SRR23515450_clean_NODE_434_length_660_cov_6.006814
      Species: [Biavirus raunefjordenense] -> [Florenciella sp. virus SA1]
  SRR23561020_clean_NODE_128_length_1765_cov_5.727541
      Realm: [Duplodnaviria] -> [Varidnaviria]
      Kingdom: [Heunggongvirae] -> [Bamfordvirae]
      Phylum: [Uroviricota] -> [Nucleocytoviricota]
  SRR23561020_clean_NODE_178_length_1654_cov_2.015813
      Realm: [Varidnaviria] -> [Duplodnaviria]
      Kingdom: [Bamfordvirae] -> [Heunggongvirae]
      Phylum: [Nucleocytoviricota] -> [Uroviricota]
  SRR23561020_clean_NODE_192_length_1624_cov_2.213411
      Order: [Imitervirales] -> [Algavirales]
  SRR23561020_clean_NODE_194_length_1621_cov_2.072997
      Order: [Imitervirales] -> [Pimascovirales]
      Species: [Tupanvirus altamarinense] -> [Pithovirus LCPAC304]
  SRR23561020_clean_NODE_36_length_2290_cov_31.209292
      Order: [Imitervirales] -> [Algavirales]
  SRR23561020_clean_NODE_48_length_2197_cov_3.181262
      Order: [Imitervirales] -> [Algavirales]
  SRR23561020_clean_NODE_50_length_2188_cov_2.095508
      Order: [Imitervirales] -> [Algavirales]
      Species: [Theiavirus salishense] -> [Micromonas commoda virus]
  SRR23561020_clean_NODE_57_length_2118_cov_8.889487
      Realm: [Riboviria] -> [Duplodnaviria]
      Kingdom: [Pararnavirae] -> [Heunggongvirae]
      Phylum: [Artverviricota] -> [Peploviricota]
      Class: [Revtraviricetes] -> [Herviviricetes]
      Order: [Ortervirales] -> [Herpesvirales]
      Family: [Metaviridae] -> [Orthoherpesviridae]
      Genus: [Metavirus] -> [Scutavirus]
      Species: [Metavirus tatarabidopsis] -> [Scutavirus testudinidalpha3]
  SRR23561020_clean_NODE_73_length_2000_cov_1.957966
      Species: [Tethysvirus raunefjordenense] -> [Harvfovirus sp.]
  SRR23561020_clean_NODE_771_length_1110_cov_0.873674
      Species: [Biavirus raunefjordenense] -> [Homavirus sp.]
  SRR23561021_clean_NODE_10_length_2855_cov_3.286844
      Genus: [Tupanvirus] -> [Fadolivirus]
      Species: [Tupanvirus altamarinense] -> [Fadolivirus algeromassiliense]
  SRR23561021_clean_NODE_110_length_1820_cov_2.899256
      Species: [Tupanvirus salinum] -> [空]
  SRR23561021_clean_NODE_111_length_1819_cov_3.778923
      Realm: [Duplodnaviria] -> [Varidnaviria]
      Kingdom: [Heunggongvirae] -> [Bamfordvirae]
      Phylum: [Uroviricota] -> [Nucleocytoviricota]
  SRR23561021_clean_NODE_113_length_1803_cov_2.151445
      Species: [Tupanvirus salinum] -> [空]
  SRR23561021_clean_NODE_135_length_1736_cov_1.728803
      Realm: [Riboviria] -> [Duplodnaviria]
      Kingdom: [Pararnavirae] -> [Heunggongvirae]
      Phylum: [Artverviricota] -> [Peploviricota]
      Class: [Revtraviricetes] -> [Herviviricetes]
      Order: [Ortervirales] -> [Herpesvirales]
  SRR23561021_clean_NODE_30_length_2353_cov_2.502632
      Order: [Imitervirales] -> [Algavirales]
      Family: [Schizomimiviridae] -> [Phycodnaviridae]
      Genus: [Biavirus] -> [Prasinovirus]
      Species: [Biavirus raunefjordenense] -> [Ostreococcus lucimarinus virus 2]
  SRR23561021_clean_NODE_337_length_1421_cov_1.166172
      Realm: [Varidnaviria] -> [Duplodnaviria]
      Kingdom: [Bamfordvirae] -> [Heunggongvirae]
      Phylum: [Nucleocytoviricota] -> [Peploviricota]
  SRR23561021_clean_NODE_413_length_1333_cov_1.982540
      Realm: [Varidnaviria] -> [Duplodnaviria]
      Kingdom: [Bamfordvirae] -> [Heunggongvirae]
      Phylum: [Nucleocytoviricota] -> [Peploviricota]
      Class: [Megaviricetes] -> [Herviviricetes]
      Order: [Imitervirales] -> [Herpesvirales]
  SRR23561021_clean_NODE_54_length_2142_cov_1.236346
      Species: [Biavirus raunefjordenense] -> [Mimiviridae sp. ChoanoV1*]
  SRR23561021_clean_NODE_76_length_1995_cov_2.454214
      Species: [Alphahydrivirus permafrostis] -> [Chrysophyceae clade H virus]
  SRR23561022_clean_NODE_115_length_1742_cov_3.781905
      Class: [Naldaviricetes] -> [Caudoviricetes]
      Order: [Lefavirales] -> [Pantevenvirales]
      Family: [Nudiviridae] -> [Straboviridae]
      Genus: [Betanudivirus] -> [Biquartavirus]
      Species: [Betanudivirus hezeae] -> [Biquartavirus 44RR2]
  SRR23561022_clean_NODE_135_length_1684_cov_1.563004
      Species: [Tupanvirus salinum] -> [Tupanvirus altamarinense]
  SRR23561022_clean_NODE_38_length_2251_cov_5.963728
      Realm: [Varidnaviria] -> [Duplodnaviria]
      Kingdom: [Bamfordvirae] -> [Heunggongvirae]
      Phylum: [Nucleocytoviricota] -> [Uroviricota]
      Species: [Biavirus raunefjordenense] -> [Florenciella sp. virus SA1]
  SRR23561022_clean_NODE_84_length_1890_cov_2.216841
      Realm: [Duplodnaviria] -> [Varidnaviria]
      Kingdom: [Heunggongvirae] -> [Bamfordvirae]
      Phylum: [Uroviricota] -> [Nucleocytoviricota]
  SRR23561022_clean_NODE_96_length_1833_cov_2.793750
      Family: [Mimiviridae] -> [Allomimiviridae]
      Genus: [Fadolivirus] -> [Heliosvirus]
      Species: [Fadolivirus algeromassiliense] -> [Heliosvirus raunefjordenense]
  SRR23561023_clean_NODE_211_length_1486_cov_1.762208
      Order: [Imitervirales] -> [Algavirales]
      Family: [Mimiviridae] -> [Phycodnaviridae]
      Genus: [Theiavirus] -> [Prasinovirus]
      Species: [Theiavirus salishense] -> [Micromonas pusilla virus 12T]
  SRR23561023_clean_NODE_27_length_2425_cov_1.846514
      Realm: [Varidnaviria] -> [Duplodnaviria]
      Kingdom: [Bamfordvirae] -> [Heunggongvirae]
      Phylum: [Nucleocytoviricota] -> [Uroviricota]
  SRR23561023_clean_NODE_54_length_2070_cov_3.217326
      Order: [Imitervirales] -> [Algavirales]
      Family: [Mimiviridae] -> [Phycodnaviridae]
      Genus: [Mimivirus] -> [Prasinovirus]
      Species: [Mimivirus lagoaense] -> [Micromonas pusilla virus 12T]
  SRR23561023_clean_NODE_57_length_2064_cov_2.868910
      Realm: [Varidnaviria] -> [Duplodnaviria]
      Kingdom: [Bamfordvirae] -> [Heunggongvirae]
      Phylum: [Nucleocytoviricota] -> [Uroviricota]
  SRR23561023_clean_NODE_7_length_3283_cov_5.733022
      Realm: [Duplodnaviria] -> [Varidnaviria]
      Kingdom: [Heunggongvirae] -> [Bamfordvirae]
      Phylum: [Uroviricota] -> [Nucleocytoviricota]
  SRR23561023_clean_NODE_87_length_1799_cov_1.696408
      Realm: [Duplodnaviria] -> [Varidnaviria]
      Kingdom: [Heunggongvirae] -> [Bamfordvirae]
      Phylum: [Uroviricota] -> [Nucleocytoviricota]
  SRR23561023_clean_NODE_91_length_1781_cov_3.912763
      Species: [Alphanucleorhabdovirus tritici] -> [Lolium alphanucleorhabdovirus 1]
  SRR23561024_clean_NODE_110_length_1820_cov_1.746422
      Species: [Biavirus raunefjordenense] -> [Chrysophyceae clade H virus]
  SRR23561024_clean_NODE_117_length_1791_cov_3.571595
      Realm: [Varidnaviria] -> [Riboviria]
      Kingdom: [Bamfordvirae] -> [Orthornavirae]
      Phylum: [Nucleocytoviricota] -> [Negarnaviricota]
      Class: [Megaviricetes] -> [Monjiviricetes]
      Order: [Pimascovirales] -> [Mononegavirales]
  SRR23561024_clean_NODE_129_length_1761_cov_2.019550
      Realm: [Varidnaviria] -> [Duplodnaviria]
      Kingdom: [Bamfordvirae] -> [Heunggongvirae]
      Phylum: [Nucleocytoviricota] -> [Uroviricota]
  SRR23561024_clean_NODE_130_length_1760_cov_2.189093
      Genus: [Minunavirus] -> [空]
      Species: [Minunavirus Min1] -> [Virus NIOZ-UU159]
  SRR23561024_clean_NODE_133_length_1751_cov_7.340882
      Realm: [Varidnaviria] -> [Duplodnaviria]
      Kingdom: [Bamfordvirae] -> [Heunggongvirae]
      Phylum: [Nucleocytoviricota] -> [Peploviricota]
      Class: [Megaviricetes] -> [Herviviricetes]
      Order: [Pimascovirales] -> [Herpesvirales]
  SRR23561024_clean_NODE_158_length_1706_cov_2.343539
      Class: [Naldaviricetes] -> [Caudoviricetes]
      Order: [Lefavirales] -> [Pantevenvirales]
      Family: [Nudiviridae] -> [Straboviridae]
      Genus: [Betanudivirus] -> [Biquartavirus]
      Species: [Betanudivirus hezeae] -> [Biquartavirus 44RR2]
  SRR23561024_clean_NODE_29_length_2452_cov_1.912989
      Realm: [Varidnaviria] -> [Duplodnaviria]
      Kingdom: [Bamfordvirae] -> [Heunggongvirae]
      Phylum: [Nucleocytoviricota] -> [Uroviricota]
  SRR23561024_clean_NODE_71_length_2030_cov_4.846704
      Order: [Imitervirales] -> [Algavirales]
      Family: [Mesomimiviridae] -> [Phycodnaviridae]
      Genus: [Tethysvirus] -> [Prasinovirus]
      Species: [Tethysvirus raunefjordenense] -> [空]
  SRR23561024_clean_NODE_89_length_1910_cov_1.350027
      Species: [Chlorovirus heliozoae] -> [Acanthocystis turfacea Chlorella virus TN603.4.2]
  SRR23561025_clean_NODE_100_length_1738_cov_3.163363
      Realm: [Duplodnaviria] -> [Varidnaviria]
      Kingdom: [Heunggongvirae] -> [Bamfordvirae]
      Phylum: [Uroviricota] -> [Nucleocytoviricota]
  SRR23561025_clean_NODE_225_length_1448_cov_2.488000
      Realm: [Duplodnaviria] -> [Varidnaviria]
      Kingdom: [Heunggongvirae] -> [Bamfordvirae]
      Phylum: [Uroviricota] -> [Nucleocytoviricota]
  SRR23561025_clean_NODE_33_length_2229_cov_2.167904
      Species: [Chlorovirus americanus] -> [Chlorovirus sp.]
  SRR23561025_clean_NODE_45_length_2020_cov_2.960452
      Species: [Tethysvirus raunefjordenense] -> [Dishui Lake large algae virus 1]
  SRR23561025_clean_NODE_46_length_2004_cov_3.717245
      Realm: [Varidnaviria] -> [Duplodnaviria]
      Kingdom: [Bamfordvirae] -> [Heunggongvirae]
      Phylum: [Nucleocytoviricota] -> [Uroviricota]
  SRR23561025_clean_NODE_53_length_1979_cov_2.866212
      Species: [Chlorovirus heliozoae] -> [Chlorovirus conductrix]
  SRR23561025_clean_NODE_68_length_1861_cov_2.381991
      Realm: [Duplodnaviria] -> [Varidnaviria]
      Kingdom: [Heunggongvirae] -> [Bamfordvirae]
      Phylum: [Uroviricota] -> [Nucleocytoviricota]
  SRR23561025_clean_NODE_86_length_1785_cov_1.491822
      Realm: [Duplodnaviria] -> [Varidnaviria]
      Kingdom: [Heunggongvirae] -> [Bamfordvirae]
      Phylum: [Uroviricota] -> [Nucleocytoviricota]
  SRR23561026_clean_NODE_118_length_1443_cov_1.172993
      Realm: [Varidnaviria] -> [Duplodnaviria]
      Kingdom: [Bamfordvirae] -> [Heunggongvirae]
      Phylum: [Nucleocytoviricota] -> [Uroviricota]
      Species: [Biavirus raunefjordenense] -> [Florenciella sp. virus SA1]
  SRR23561026_clean_NODE_37_length_1848_cov_2.687324
      Species: [Fadolivirus algeromassiliense] -> [Mimivirus LCMiAC01]
  SRR23561026_clean_NODE_52_length_1702_cov_1.798649
      Order: [Ortervirales] -> [Herpesvirales]
  SRR23561027_clean_NODE_30_length_2004_cov_2.410150
      Order: [Imitervirales] -> [Algavirales]
  SRR23561027_clean_NODE_559_length_900_cov_1.533253
      Species: [Moumouvirus australiense] -> [Satyrvirus sp.]
  SRR23561028_clean_NODE_87_length_1700_cov_1.524278
      Family: [Mimiviridae] -> [Schizomimiviridae]
      Genus: [Mimivirus] -> [Biavirus]
      Species: [Mimivirus bradfordmassiliense] -> [Biavirus raunefjordenense]
  SRR23587946_clean_NODE_38_length_1755_cov_0.534483
      Class: [Naldaviricetes] -> [Caudoviricetes]
      Order: [Lefavirales] -> [Pantevenvirales]
      Family: [Nudiviridae] -> [Straboviridae]
      Genus: [Betanudivirus] -> [Biquartavirus]
      Species: [Betanudivirus hezeae] -> [Biquartavirus 44RR2]
  SRR23587946_clean_NODE_7_length_2463_cov_0.393305
      Realm: [Varidnaviria] -> [Duplodnaviria]
      Kingdom: [Bamfordvirae] -> [Heunggongvirae]
      Phylum: [Nucleocytoviricota] -> [Uroviricota]
  SRR23587950_clean_NODE_11_length_2491_cov_0.277916
      Realm: [Varidnaviria] -> [Duplodnaviria]
      Kingdom: [Bamfordvirae] -> [Heunggongvirae]
      Phylum: [Nucleocytoviricota] -> [Uroviricota]
  SRR23587950_clean_NODE_1679_length_533_cov_0.321739
      Order: [Pimascovirales] -> [Imitervirales]
      Species: [Alphahydrivirus permafrostis] -> [Harvfovirus sp.]
  SRR23587951_clean_NODE_1094_length_658_cov_0.791453
      Genus: [Alpharetrovirus] -> [Betaretrovirus]
      Species: [Alpharetrovirus avileu] -> [Marsupial endogenous betaretrovirus 5]
  SRR23587951_clean_NODE_1873_length_543_cov_1.225532
      Species: [Betacytorhabdovirus sophorae] -> [Styphnolobium-associated cytorhabdovirus]
  SRR23587951_clean_NODE_223_length_1154_cov_0.710453
      Species: [Betaretrovirus maspfimon] -> [Marsupial endogenous betaretrovirus 5]
  SRR23587951_clean_NODE_2369_length_501_cov_0.822430
      Genus: [Gammaretrovirus] -> [Multiple sclerosis associated retrovirus]
  SRR23587951_clean_NODE_239_length_1118_cov_0.698565
      Genus: [Gammaretrovirus] -> [Multiple sclerosis associated retrovirus]
  SRR23587951_clean_NODE_398_length_944_cov_0.602755
      Genus: [Gammaretrovirus] -> [Multiple sclerosis associated retrovirus]
  SRR23587951_clean_NODE_65_length_1812_cov_0.334675
      Realm: [Varidnaviria] -> [Duplodnaviria]
      Kingdom: [Bamfordvirae] -> [Heunggongvirae]
      Phylum: [Nucleocytoviricota] -> [Uroviricota]
      Species: [Biavirus raunefjordenense] -> [Florenciella sp. virus SA1]
  SRR23587953_clean_NODE_19_length_2713_cov_13.903030
      Realm: [Varidnaviria] -> [Duplodnaviria]
      Kingdom: [Bamfordvirae] -> [Heunggongvirae]
      Phylum: [Nucleocytoviricota] -> [Peploviricota]
      Class: [Megaviricetes] -> [Herviviricetes]
      Order: [Imitervirales] -> [Herpesvirales]
  SRR23587954_clean_NODE_28_length_1869_cov_8.321826
      Realm: [Riboviria] -> [Duplodnaviria]
      Kingdom: [Pararnavirae] -> [Heunggongvirae]
      Phylum: [Artverviricota] -> [Uroviricota]
  SRR23587956_clean_NODE_574_length_826_cov_0.580345
      Realm: [Varidnaviria] -> [Duplodnaviria]
      Kingdom: [Bamfordvirae] -> [Heunggongvirae]
      Phylum: [Nucleocytoviricota] -> [Peploviricota]
      Class: [Megaviricetes] -> [Herviviricetes]
      Order: [Imitervirales] -> [Herpesvirales]
      Species: [Mimivirus lagoaense] -> [Sylvanvirus sp.]
  SRR23587957_clean_NODE_2_length_3716_cov_4.066429
      Realm: [Riboviria] -> [Duplodnaviria]
      Kingdom: [Pararnavirae] -> [Heunggongvirae]
      Phylum: [Artverviricota] -> [Uroviricota]
  SRR23759244_clean_NODE_1054_length_674_cov_0.905158
      Species: [Vitivirus epsilonvitis] -> [Arracacha latent virus V]
  SRR23759245_clean_NODE_2_length_8836_cov_67.202442
      Species: [Carlavirus colei] -> [Carlavirus latensascalonici]
  SRR23759245_clean_NODE_416_length_892_cov_1.365079
      Family: [Schizomimiviridae] -> [Mesomimiviridae]
      Genus: [Biavirus] -> [Criusvirus]
      Species: [Biavirus raunefjordenense] -> [Criusvirus kaneoense]
  SRR23759246_clean_NODE_32_length_2200_cov_11.632816
      Order: [Imitervirales] -> [Algavirales]
      Species: [Tethysvirus raunefjordenense] -> [Micromonas commoda virus]
  SRR23908666_clean_NODE_60_length_1017_cov_1.152542
      Species: [Biavirus raunefjordenense] -> [空]
  SRR23908670_clean_NODE_294_length_656_cov_0.485420
      Realm: [Varidnaviria] -> [Duplodnaviria]
      Kingdom: [Bamfordvirae] -> [Heunggongvirae]
      Phylum: [Nucleocytoviricota] -> [Peploviricota]
      Class: [Megaviricetes] -> [Herviviricetes]
      Order: [Pimascovirales] -> [Herpesvirales]
      Family: [Iridoviridae] -> [Orthoherpesviridae]
      Genus: [Lymphocystivirus] -> [Lymphocryptovirus]
      Species: [Lymphocystivirus sparus1] -> [Lymphocryptovirus humangamma4]
  SRR23908671_clean_NODE_452_length_589_cov_4.408915
      Family: [Mesomimiviridae] -> [Allomimiviridae]
      Genus: [Tethysvirus] -> [Heliosvirus]
      Species: [Tethysvirus ontarioense] -> [Heliosvirus raunefjordenense]
  SRR23908671_clean_NODE_630_length_532_cov_0.858388
      Realm: [Varidnaviria] -> [Duplodnaviria]
      Kingdom: [Bamfordvirae] -> [Heunggongvirae]
      Phylum: [Nucleocytoviricota] -> [Uroviricota]
  SRR23908677_clean_NODE_563_length_537_cov_0.799569
      Genus: [Zhangjivirus] -> [Fernvirus]
      Species: [Zhangjivirus PJN02] -> [Fernvirus diva]
  SRR23908681_clean_NODE_3_length_2341_cov_13.681658
      Order: [Imitervirales] -> [Algavirales]
      Species: [Tethysvirus raunefjordenense] -> [Micromonas commoda virus]
  SRR24100135_clean_NODE_11_length_2152_cov_2.833413
      Species: [Tupanvirus altamarinense] -> [空]
  SRR24100135_clean_NODE_33_length_1687_cov_0.330655
      Species: [Biavirus raunefjordenense] -> [Chrysophyceae clade H virus]
  SRR24100142_clean_NODE_13_length_1875_cov_2.156146
      Genus: [Leucotheavirus] -> [Yellowseavirus]
      Species: [Leucotheavirus sp4] -> [Yellowseavirus thirtyeight]
  SRR24100143_clean_NODE_19_length_2241_cov_4.201657
      Order: [Imitervirales] -> [Algavirales]
      Family: [Mesomimiviridae] -> [Phycodnaviridae]
      Genus: [Tethysvirus] -> [Prasinovirus]
      Species: [Tethysvirus raunefjordenense] -> [Micromonas pusilla virus 12T]
  SRR24100143_clean_NODE_603_length_929_cov_8.352326
      Realm: [Duplodnaviria] -> [Varidnaviria]
      Kingdom: [Heunggongvirae] -> [Bamfordvirae]
      Phylum: [Uroviricota] -> [Nucleocytoviricota]
      Species: [Spinunavirus IPP61] -> [Tupanvirus altamarinense]
  SRR24100144_clean_NODE_1451_length_565_cov_0.600806
      Species: [Biavirus raunefjordenense] -> [Florenciella sp. virus SA1]
  SRR24100144_clean_NODE_50_length_1494_cov_6.021053
      Family: [Pseudoviridae] -> [Caulimoviridae]
      Genus: [Pseudovirus] -> [Caulimovirus]
      Species: [Pseudovirus brassicae] -> [Caulimovirus sp.]
  SRR24100146_clean_NODE_133_length_1181_cov_2.696942
      Species: [Pseudovirus nicotianae] -> [Atrato Retro-like virus]
  SRR24100147_clean_NODE_61_length_1368_cov_0.830639
      Realm: [Varidnaviria] -> [Duplodnaviria]
      Kingdom: [Bamfordvirae] -> [Heunggongvirae]
      Phylum: [Nucleocytoviricota] -> [Peploviricota]
      Class: [Megaviricetes] -> [Herviviricetes]
      Order: [Pimascovirales] -> [Herpesvirales]
      Family: [Iridoviridae] -> [Orthoherpesviridae]
      Genus: [Lymphocystivirus] -> [Lymphocryptovirus]
      Species: [Lymphocystivirus sparus1] -> [Lymphocryptovirus humangamma4]
  SRR24100148_clean_NODE_1_length_7136_cov_14.727466
      Species: [Potexvirus flavimaculae] -> [Potexvirus ecsadenii]
  SRR24100148_clean_NODE_2_length_6551_cov_11.208732
      Species: [Potexvirus flavimaculae] -> [Potexvirus ecspotati]
  SRR24305226_clean_NODE_1003_length_5637_cov_136.503415
      Order: [Pimascovirales] -> [Algavirales]
      Family: [Pithoviridae] -> [Phycodnaviridae]
      Genus: [Alphacedratvirus] -> [Phaeovirus]
      Species: [Alphacedratvirus brasiliense] -> [Phaeovirus unasiliculosus]
  SRR24305226_clean_NODE_1027_length_5567_cov_52.516746
      Realm: [Varidnaviria] -> [Riboviria]
      Kingdom: [Bamfordvirae] -> [Orthornavirae]
      Phylum: [Nucleocytoviricota] -> [Pisuviricota]
  SRR24305226_clean_NODE_1058_length_5501_cov_1266.263265
      Genus: [Fadolivirus] -> [Megavirus]
      Species: [Fadolivirus algeromassiliense] -> [Megavirus caiporense]
  SRR24305226_clean_NODE_105_length_11093_cov_45.764065
      Realm: [Varidnaviria] -> [Duplodnaviria]
      Kingdom: [Bamfordvirae] -> [Heunggongvirae]
      Phylum: [Nucleocytoviricota] -> [Peploviricota]
      Class: [Megaviricetes] -> [Herviviricetes]
      Species: [空] -> [Varicellovirus bovinealpha1]
  SRR24305226_clean_NODE_1152_length_5261_cov_73.550694
      Realm: [Duplodnaviria] -> [Varidnaviria]
      Kingdom: [Heunggongvirae] -> [Bamfordvirae]
      Phylum: [Uroviricota] -> [Nucleocytoviricota]
      Class: [Caudoviricetes] -> [Megaviricetes]
      Order: [Pantevenvirales] -> [Pimascovirales]
  SRR24305226_clean_NODE_1177_length_5221_cov_52.170163
      Order: [Imitervirales] -> [Pimascovirales]
      Species: [Biavirus raunefjordenense] -> [空]
  SRR24305226_clean_NODE_1219_length_5124_cov_150.535538
      Genus: [Fadolivirus] -> [Klosneuvirus]
      Species: [Fadolivirus algeromassiliense] -> [Klosneuvirus KNV1]
  SRR24305226_clean_NODE_121_length_10780_cov_41.918932
      Family: [Baculoviridae] -> [Hytrosaviridae]
      Genus: [Alphabaculovirus] -> [Glossinavirus]
      Species: [Alphabaculovirus eupseudoconspersae] -> [Glossinavirus glopallidipedis]
  SRR24305226_clean_NODE_1279_length_4997_cov_100.463851
      Family: [Fervensviridae] -> [Phycodnaviridae]
      Genus: [Deepoceanvirus] -> [Phaeovirus]
      Species: [Deepoceanvirus guaymasense] -> [Phaeovirus irregularis]
  SRR24305226_clean_NODE_131_length_10597_cov_58.297986
      Species: [Rheavirus sinusmexicani] -> [Homavirus sp.]
  SRR24305226_clean_NODE_135_length_10520_cov_170.981239
      Realm: [Varidnaviria] -> [Duplodnaviria]
      Kingdom: [Bamfordvirae] -> [Heunggongvirae]
      Phylum: [Nucleocytoviricota] -> [Uroviricota]
  SRR24305226_clean_NODE_1651_length_4380_cov_36.194103
      Class: [Megaviricetes] -> [Naldaviricetes]
  SRR24305226_clean_NODE_1674_length_4344_cov_75.296184
      Species: [Tupanvirus altamarinense] -> [Edafosvirus sp.]
  SRR24305226_clean_NODE_1683_length_4326_cov_15.530684
      Species: [Hemivirus drosophilae] -> [Atrato Retro-like virus]
  SRR24305226_clean_NODE_1754_length_4206_cov_38.943866
      Realm: [Adnaviria] -> [Varidnaviria]
      Order: [Ligamenvirales] -> [Imitervirales]
      Family: [Lipothrixviridae] -> [Orthoherpesviridae]
      Genus: [Betalipothrixvirus] -> [Cytomegalovirus]
      Species: [Betalipothrixvirus hveragerdiense] -> [空]
  SRR24305226_clean_NODE_1836_length_4108_cov_41.743494
      Species: [Alphabaculovirus pastagnalis] -> [Alphabaculovirus oxochraceae]
  SRR24305226_clean_NODE_1845_length_4090_cov_28.949714
      Genus: [Cotonvirus] -> [Catovirus]
      Species: [Cotonvirus japonicum] -> [Catovirus CTV1]
  SRR24305226_clean_NODE_1850_length_4084_cov_51.942408
      Order: [Algavirales] -> [Imitervirales]
      Family: [Phycodnaviridae] -> [Mimiviridae]
      Genus: [Phaeovirus] -> [Fadolivirus]
      Species: [Phaeovirus feldmanniae] -> [Fadolivirus algeromassiliense]
  SRR24305226_clean_NODE_1879_length_4036_cov_39.515266
      Species: [Moumouvirus australiense] -> [空]
  SRR24305226_clean_NODE_1988_length_3894_cov_29.278985
      Species: [Oceanusvirus kaneohense] -> [Mimiviridae sp. ChoanoV1*]
  SRR24305226_clean_NODE_202_length_9339_cov_59.700302
      Realm: [Varidnaviria] -> [Duplodnaviria]
      Kingdom: [Bamfordvirae] -> [Heunggongvirae]
      Phylum: [Nucleocytoviricota] -> [Uroviricota]
  SRR24305226_clean_NODE_2034_length_3848_cov_97.066755
      Realm: [Duplodnaviria] -> [Varidnaviria]
      Kingdom: [Heunggongvirae] -> [Bamfordvirae]
      Phylum: [Uroviricota] -> [Nucleocytoviricota]
  SRR24305226_clean_NODE_21_length_14782_cov_204.245904
      Realm: [Varidnaviria] -> [Duplodnaviria]
  SRR24305226_clean_NODE_221_length_9183_cov_142.273436
      Realm: [Varidnaviria] -> [Duplodnaviria]
      Kingdom: [Bamfordvirae] -> [Heunggongvirae]
      Phylum: [Nucleocytoviricota] -> [Peploviricota]
      Class: [Megaviricetes] -> [Herviviricetes]
      Order: [Imitervirales] -> [Herpesvirales]
  SRR24305226_clean_NODE_222_length_9162_cov_24.965783
      Species: [Alphabaculovirus chrychalcites] -> [Alphabaculovirus ranus]
  SRR24305226_clean_NODE_2231_length_3595_cov_110.610449
      Genus: [Fadolivirus] -> [Tupanvirus]
      Species: [Fadolivirus algeromassiliense] -> [Tupanvirus altamarinense]
  SRR24305226_clean_NODE_2345_length_3470_cov_48.089491
      Order: [Imitervirales] -> [Pimascovirales]
      Species: [Fadolivirus algeromassiliense] -> [Pithovirus LCPAC302]
  SRR24305226_clean_NODE_241_length_8961_cov_57.920567
      Family: [Schizomimiviridae] -> [Mimiviridae]
      Genus: [Biavirus] -> [Tupanvirus]
      Species: [Biavirus raunefjordenense] -> [Tupanvirus salinum]
  SRR24305226_clean_NODE_260_length_8825_cov_68.915562
      Genus: [Rheavirus] -> [Catovirus]
      Species: [Rheavirus sinusmexicani] -> [Catovirus klosterense]
  SRR24305226_clean_NODE_2618_length_3171_cov_5.254680
      Species: [Sirevirus zeae] -> [Penicillium camemberti virus - GP1*]
  SRR24305226_clean_NODE_267_length_8769_cov_77.255750
      Species: [Vetruanivirus porcinprimi] -> [Pandoravirus inopinatum]
  SRR24305226_clean_NODE_2695_length_3094_cov_78.882158
      Realm: [Varidnaviria] -> [Duplodnaviria]
      Kingdom: [Bamfordvirae] -> [Heunggongvirae]
      Phylum: [Nucleocytoviricota] -> [Uroviricota]
      Species: [Biavirus raunefjordenense] -> [Chrysophyceae clade H virus]
  SRR24305226_clean_NODE_2945_length_2838_cov_5.024955
      Species: [Pseudovirus nicotianae] -> [Penicillium camemberti virus - GP1*]
  SRR24305226_clean_NODE_3049_length_2733_cov_138.476316
      Realm: [Varidnaviria] -> [Duplodnaviria]
      Kingdom: [Bamfordvirae] -> [Heunggongvirae]
      Phylum: [Nucleocytoviricota] -> [Uroviricota]
      Species: [Biavirus raunefjordenense] -> [Chrysophyceae clade H virus]
  SRR24305226_clean_NODE_3420_length_2426_cov_118.380790
      Genus: [Fadolivirus] -> [Indivirus]
      Species: [Fadolivirus algeromassiliense] -> [Indivirus ILV1]
  SRR24305226_clean_NODE_3523_length_2350_cov_3.007466
      Order: [Imitervirales] -> [Algavirales]
      Species: [Theiavirus salishense] -> [Micromonas polaris virus]
  SRR24305226_clean_NODE_3529_length_2347_cov_80.218558
      Realm: [Duplodnaviria] -> [Varidnaviria]
      Kingdom: [Heunggongvirae] -> [Bamfordvirae]
      Phylum: [Uroviricota] -> [Nucleocytoviricota]
  SRR24305226_clean_NODE_365_length_8157_cov_199.324344
      Species: [Chlorovirus conductrix] -> [Chrysophyceae clade H virus]
  SRR24305226_clean_NODE_3775_length_2170_cov_115.032427
      Realm: [Varidnaviria] -> [Duplodnaviria]
      Kingdom: [Bamfordvirae] -> [Heunggongvirae]
      Phylum: [Nucleocytoviricota] -> [Uroviricota]
  SRR24305226_clean_NODE_4334_length_1778_cov_5.267449
      Species: [Pseudovirus artarabidopsis] -> [Penicillium camemberti virus - GP1*]
  SRR24305226_clean_NODE_4568_length_1646_cov_7.041958
      Species: [Pseudovirus nicotianae] -> [Atrato Retro-like virus]
  SRR24305226_clean_NODE_458_length_7595_cov_92.841532
      Realm: [Varidnaviria] -> [Duplodnaviria]
      Kingdom: [Bamfordvirae] -> [Heunggongvirae]
      Phylum: [Nucleocytoviricota] -> [Uroviricota]
      Species: [Orthopoxvirus akhmetapox] -> [Orthopoxvirus vaccinia]
  SRR24305226_clean_NODE_461_length_7579_cov_93.166400
      Realm: [Riboviria] -> [Duplodnaviria]
      Kingdom: [Pararnavirae] -> [Heunggongvirae]
      Phylum: [Artverviricota] -> [Peploviricota]
      Class: [Revtraviricetes] -> [Herviviricetes]
      Order: [Ortervirales] -> [Herpesvirales]
  SRR24305226_clean_NODE_47_length_13022_cov_39.012897
      Species: [Alphaorpheovirus massiliense] -> [Pithovirus LCPAC201]
  SRR24305226_clean_NODE_483_length_7445_cov_10.206999
      Species: [Pseudovirus maydis] -> [Penicillium camemberti virus - GP1*]
  SRR24305226_clean_NODE_487_length_7435_cov_84.677669
      Family: [Mimiviridae] -> [Schizomimiviridae]
      Genus: [Mimivirus] -> [Biavirus]
      Species: [Mimivirus lagoaense] -> [Biavirus raunefjordenense]
  SRR24305226_clean_NODE_5553_length_1185_cov_7.745504
      Species: [Errantivirus trichoplusiae] -> [Errantivirus trichoplusiae*]
  SRR24305226_clean_NODE_5741_length_1120_cov_2.705826
      Family: [Pseudoviridae] -> [Retroviridae]
      Genus: [Pseudovirus] -> [Lentivirus]
      Species: [Pseudovirus evelknieveli] -> [Lentivirus simimdef]
  SRR24305226_clean_NODE_5_length_18145_cov_39.866147
      Realm: [Varidnaviria] -> [Duplodnaviria]
      Kingdom: [Bamfordvirae] -> [Heunggongvirae]
      Phylum: [Nucleocytoviricota] -> [Peploviricota]
      Class: [Megaviricetes] -> [Herviviricetes]
      Order: [Pimascovirales] -> [Herpesvirales]
  SRR24305226_clean_NODE_6070_length_1033_cov_2.151042
      Species: [Pseudovirus nicotianae] -> [Atrato Retro-like virus]
  SRR24305226_clean_NODE_632_length_6775_cov_438.518204
      Species: [Cotonvirus japonicum] -> [Kaumoebavirus]
  SRR24305226_clean_NODE_674_length_6628_cov_97.670938
      Realm: [Varidnaviria] -> [Riboviria]
      Kingdom: [Bamfordvirae] -> [Pararnavirae]
      Phylum: [Nucleocytoviricota] -> [Artverviricota]
  SRR24305226_clean_NODE_6872_length_852_cov_0.804878
      Realm: [Varidnaviria] -> [Duplodnaviria]
      Kingdom: [Bamfordvirae] -> [Heunggongvirae]
      Phylum: [Nucleocytoviricota] -> [Peploviricota]
      Class: [Megaviricetes] -> [Herviviricetes]
      Order: [Pimascovirales] -> [Herpesvirales]
      Family: [Iridoviridae] -> [Orthoherpesviridae]
      Genus: [Lymphocystivirus] -> [Lymphocryptovirus]
      Species: [Lymphocystivirus sparus1] -> [Lymphocryptovirus humangamma4]
  SRR24305226_clean_NODE_699_length_6558_cov_87.811257
      Species: [Tupanvirus altamarinense] -> [Chrysophyceae clade H virus]
  SRR24305226_clean_NODE_69_length_12123_cov_88.561079
      Realm: [Duplodnaviria] -> [Varidnaviria]
      Kingdom: [Heunggongvirae] -> [Bamfordvirae]
      Phylum: [Uroviricota] -> [Nucleocytoviricota]
      Species: [Jouyvirus ev017] -> [空]
  SRR24305226_clean_NODE_6_length_17002_cov_179.940280
      Order: [Imitervirales] -> [Pimascovirales]
  SRR24305226_clean_NODE_715_length_6493_cov_77.652492
      Genus: [Alphabaculovirus] -> [Betabaculovirus]
      Species: [Alphabaculovirus alterchofumiferanae] -> [Betabaculovirus agsegetum]
  SRR24305226_clean_NODE_759_length_6359_cov_14.617563
      Species: [Fadolivirus algeromassiliense] -> [Mimivirus LCMiAC02]
  SRR24305226_clean_NODE_763_length_6339_cov_140.877593
      Species: [Trogglehumpervirus trogglehumper] -> [Chrysophyceae clade H virus]
  SRR24305226_clean_NODE_780_length_6285_cov_174.216999
      Species: [Agnivirus brisbanense] -> [Poseidoniales virus]
  SRR24305226_clean_NODE_80_length_11766_cov_99.925682
      Species: [空] -> [Mimiviridae sp. ChoanoV1*]
  SRR24305226_clean_NODE_83_length_11663_cov_117.770923
      Realm: [Varidnaviria] -> [Duplodnaviria]
      Kingdom: [Bamfordvirae] -> [Heunggongvirae]
      Phylum: [Nucleocytoviricota] -> [Uroviricota]
  SRR24305226_clean_NODE_854_length_6055_cov_171.517720
      Order: [Imitervirales] -> [Pimascovirales]
      Genus: [Fadolivirus] -> [Catovirus]
      Species: [Fadolivirus algeromassiliense] -> [Pithovirus LCPAC304]
  SRR24305226_clean_NODE_857_length_6054_cov_106.628323
      Realm: [Varidnaviria] -> [Duplodnaviria]
      Kingdom: [Bamfordvirae] -> [Heunggongvirae]
      Phylum: [Nucleocytoviricota] -> [Peploviricota]
      Class: [Megaviricetes] -> [Herviviricetes]
      Order: [Imitervirales] -> [Herpesvirales]
      Family: [Mimiviridae] -> [Orthoherpesviridae]
      Genus: [Tupanvirus] -> [Rhadinovirus]
      Species: [Tupanvirus salinum] -> [Rhadinovirus saimiriinegamma2]
  SRR24305226_clean_NODE_87_length_11586_cov_54.471641
      Species: [Tupanvirus altamarinense] -> [Terrestrivirus sp.]
  SRR24305226_clean_NODE_881_length_5984_cov_226.507190
      Realm: [Varidnaviria] -> [Duplodnaviria]
      Kingdom: [Bamfordvirae] -> [Heunggongvirae]
      Phylum: [Nucleocytoviricota] -> [Uroviricota]
  SRR24305226_clean_NODE_88_length_11565_cov_88.052645
      Genus: [Fadolivirus] -> [Hokovirus]
      Species: [Fadolivirus algeromassiliense] -> [Hokovirus HKV1*]
  SRR24305226_clean_NODE_8_length_16321_cov_23.420052
      Order: [Pantevenvirales] -> [Magrovirales]
      Family: [Kyanoviridae] -> [Krittikaviridae]
      Genus: [Anaposvirus] -> [Velanvirus]
      Species: [Anaposvirus socalone] -> [空]
  SRR24305226_clean_NODE_947_length_5790_cov_135.872311
      Species: [Fadolivirus algeromassiliense] -> [Hyperionvirus sp.]
  SRR24305228_clean_NODE_1330_length_4110_cov_37.252911
      Species: [Alphabaculovirus altermyunipunctae] -> [Mythimna unipuncta nucleopolyhedrovirus]
  SRR24305228_clean_NODE_137_length_8189_cov_80.011212
      Species: [Rheavirus sinusmexicani] -> [Harvfovirus sp.]
  SRR24305228_clean_NODE_14_length_12515_cov_24.883861
      Species: [Biavirus raunefjordenense] -> [空]
  SRR24305228_clean_NODE_195_length_7591_cov_8.169726
      Species: [Biavirus raunefjordenense] -> [Terrestrivirus sp.]
  SRR24305228_clean_NODE_2397_length_2916_cov_265.337320
      Species: [Marseillevirus massiliense] -> [Florenciella sp. virus SA1]
  SRR24305228_clean_NODE_2541_length_2798_cov_15.495413
      Realm: [Varidnaviria] -> [Duplodnaviria]
      Kingdom: [Bamfordvirae] -> [Heunggongvirae]
      Phylum: [Nucleocytoviricota] -> [Peploviricota]
      Class: [Megaviricetes] -> [Herviviricetes]
      Order: [Imitervirales] -> [Herpesvirales]
  SRR24305228_clean_NODE_2721_length_2657_cov_17.763932
      Family: [Hydriviridae] -> [Retroviridae]
      Genus: [Alphahydrivirus] -> [Gammaretrovirus]
      Species: [Alphahydrivirus permafrostis] -> [Gammaretrovirus felleu]
  SRR24305228_clean_NODE_29_length_11110_cov_42.710882
      Order: [Imitervirales] -> [Algavirales]
      Species: [Tethysvirus raunefjordenense] -> [Chrysochromulina ericina virus]
  SRR24305228_clean_NODE_358_length_6519_cov_32.666925
      Species: [Chlorovirus vanettense] -> [Dishui Lake large algae virus 1]
  SRR24305228_clean_NODE_3870_length_1933_cov_3.423656
      Species: [Tupanvirus salinum] -> [Hyperionvirus sp.]
  SRR24305228_clean_NODE_458_length_6120_cov_18.744501
      Species: [Pseudovirus maydis] -> [Penicillium camemberti virus - GP1*]
  SRR24305228_clean_NODE_6940_length_843_cov_1.596104
      Species: [Pseudovirus tabaci] -> [Sylvanvirus sp.]
  SRR24305228_clean_NODE_804_length_5075_cov_16.619352
      Species: [Chlorovirus americanus] -> [Chlorovirus sp.]
  SRR24305228_clean_NODE_927_length_4828_cov_14.268139
      Family: [Baculoviridae] -> [Hytrosaviridae]
      Genus: [Alphabaculovirus] -> [Glossinavirus]
      Species: [Alphabaculovirus eupseudoconspersae] -> [Glossinavirus glopallidipedis]
  SRR24305228_clean_NODE_939_length_4809_cov_55.421664
      Species: [Mimivirus lagoaense] -> [Rheavirus sinusmexicani*]
  SRR24305228_clean_NODE_965_length_4746_cov_47.347956
      Realm: [Varidnaviria] -> [Duplodnaviria]
      Kingdom: [Bamfordvirae] -> [Heunggongvirae]
      Phylum: [Nucleocytoviricota] -> [Uroviricota]
      Class: [Megaviricetes] -> [Pisoniviricetes]
      Order: [Imitervirales] -> [Picornavirales]
      Family: [Schizomimiviridae] -> [Caliciviridae]
      Genus: [Biavirus] -> [Norovirus]
      Species: [Biavirus raunefjordenense] -> [Audreyjarvisvirus WRP3]
  SRR24305228_clean_NODE_968_length_4739_cov_19.357694
      Species: [Biavirus raunefjordenense] -> [Imitervirales sp.]
  SRR24305229_clean_NODE_1_length_44810_cov_13.146344
      Species: [Sextaecvirus sextaec] -> [Phomopsis viticola mycovirus 961]
  SRR24305230_clean_NODE_1170_length_3760_cov_3.409276
      Species: [Metavirus caenorhabditis] -> [Metavirus sp.]
  SRR24305230_clean_NODE_1584_length_3273_cov_25.787500
      Realm: [Duplodnaviria] -> [Adnaviria]
      Kingdom: [Heunggongvirae] -> [Zilligvirae]
      Phylum: [Uroviricota] -> [Taleaviricota]
      Class: [Caudoviricetes] -> [Tokiviricetes]
  SRR24305230_clean_NODE_1663_length_3203_cov_6.679872
      Species: [Tupanvirus salinum] -> [Hyperionvirus sp.]
  SRR24305230_clean_NODE_1707_length_3155_cov_105.566191
      Genus: [Cotonvirus] -> [Catovirus]
      Species: [Cotonvirus japonicum] -> [Catovirus CTV1]
  SRR24305230_clean_NODE_2553_length_2467_cov_153.068505
      Species: [Agnivirus brisbanense] -> [Poseidoniales virus]
  SRR24305230_clean_NODE_3591_length_1833_cov_207.008523
      Species: [Cotonvirus japonicum] -> [Sylvanvirus sp.]
  SRR24305230_clean_NODE_3644_length_1798_cov_63.967536
      Realm: [Varidnaviria] -> [Riboviria]
      Kingdom: [Bamfordvirae] -> [Pararnavirae]
      Phylum: [Nucleocytoviricota] -> [Artverviricota]
      Class: [Megaviricetes] -> [Revtraviricetes]
  SRR24305230_clean_NODE_373_length_5563_cov_74.766302
      Species: [Pseudovirus artarabidopsis] -> [Atrato Retro-like virus]
  SRR24305230_clean_NODE_3962_length_1643_cov_8.598726
      Realm: [Varidnaviria] -> [Duplodnaviria]
      Kingdom: [Bamfordvirae] -> [Heunggongvirae]
      Phylum: [Nucleocytoviricota] -> [Peploviricota]
      Class: [Megaviricetes] -> [Herviviricetes]
      Species: [Coccolithovirus huxleyi] -> [Trachysalambria curvirostris majanivirus]
  SRR24305230_clean_NODE_519_length_5090_cov_13.605940
      Family: [Pithoviridae] -> [Marseilleviridae]
      Genus: [Alphacedratvirus] -> [Marseillevirus]
      Species: [Alphacedratvirus brasiliense] -> [空]
  SRR24305230_clean_NODE_6635_length_822_cov_1.403204
      Genus: [Betahymrhavirus] -> [Varicosavirus]
      Species: [Betahymrhavirus heterodontonyx] -> [Varicosavirus tanaceti]
  SRR24305230_clean_NODE_779_length_4421_cov_29.847286
      Species: [Biavirus raunefjordenense] -> [Mimiviridae sp. ChoanoV1]
  SRR25775927_clean_NODE_517_length_570_cov_1.561368
      Family: [Schizomimiviridae] -> [Allomimiviridae]
      Genus: [Biavirus] -> [Heliosvirus]
      Species: [Biavirus raunefjordenense] -> [Heliosvirus raunefjordenense]
  SRR25775928_clean_NODE_114_length_1006_cov_0.913183
      Family: [Schizomimiviridae] -> [Allomimiviridae]
      Genus: [Biavirus] -> [Heliosvirus]
      Species: [Biavirus raunefjordenense] -> [Florenciella sp. virus SA1]
  SRR25775933_clean_NODE_113_length_2628_cov_5.418004
      Species: [Biavirus raunefjordenense] -> [Mimiviridae sp. ChoanoV1]
  SRR25775933_clean_NODE_174_length_2329_cov_3.104610
      Realm: [Varidnaviria] -> [Duplodnaviria]
      Kingdom: [Bamfordvirae] -> [Heunggongvirae]
      Phylum: [Nucleocytoviricota] -> [Uroviricota]
  SRR25775933_clean_NODE_204_length_2236_cov_4.299584
      Species: [Biavirus raunefjordenense] -> [Mimiviridae sp. ChoanoV1*]
  SRR25775933_clean_NODE_372_length_1802_cov_4.926547
      Species: [Agnivirus brisbanense] -> [Poseidoniales virus]
  SRR25775933_clean_NODE_37_length_3504_cov_3.591081
      Species: [Fadolivirus algeromassiliense] -> [Edafosvirus sp.]
  SRR25775933_clean_NODE_422_length_1723_cov_2.156364
      Species: [Chlorovirus americanus] -> [Chlorovirus sp.]
  SRR25775933_clean_NODE_698_length_1439_cov_2.462665
      Order: [Imitervirales] -> [Algavirales]
  SRR25775937_clean_NODE_5_length_2728_cov_2.422222
      Species: [Marseillevirus senegalense] -> [Tokyovirus A1]
  SRR27483474_clean_NODE_23_length_2174_cov_10.040933
      Genus: [Megavirus] -> [Catovirus]
      Species: [Megavirus powaiense] -> [Catovirus CTV1]
  SRR27483474_clean_NODE_2540_length_506_cov_1.364896
      Species: [Gemycircularvirus bemta1] -> [Genomoviridae sp.]
  SRR27483474_clean_NODE_63_length_1675_cov_3.433208
      Realm: [Duplodnaviria] -> [Varidnaviria]
      Kingdom: [Heunggongvirae] -> [Bamfordvirae]
      Phylum: [Uroviricota] -> [Nucleocytoviricota]
  SRR27483475_clean_NODE_7_length_3701_cov_6.714168
      Species: [Hemivirus volvocis] -> [Atrato Retro-like virus]
  SRR27483480_clean_NODE_158_length_1594_cov_1.794214
      Species: [Pseudovirus artarabidopsis] -> [Atrato Retro-like virus]
  SRR27483480_clean_NODE_45_length_2357_cov_2.937391
      Genus: [Errantivirus] -> [Metavirus]
      Species: [Errantivirus drososeptemdecimum] -> [Metavirus cladosporii]
  SRR27483481_clean_NODE_1806_length_625_cov_1.974638
      Species: [Soymovirus maculaglycinis] -> [Soymovirus hibisci]
  SRR27483482_clean_NODE_108_length_1876_cov_4.528564
      Species: [Fadolivirus algeromassiliense] -> [Mimivirus LCMiAC01]
  SRR27483482_clean_NODE_29_length_2771_cov_4.476279
      Species: [Alphapithovirus massiliense] -> [Alphapithovirus siberiense]
  SRR27483482_clean_NODE_2_length_4125_cov_14.587858
      Genus: [Soymovirus] -> [Caulimovirus]
      Species: [Soymovirus malvae] -> [Caulimovirus sp.]
  SRR27880472_clean_NODE_1_length_5237_cov_13.226181
      Family: [Pseudoviridae] -> [Caulimoviridae]
      Genus: [Pseudovirus] -> [Caulimovirus]
      Species: [Pseudovirus solani] -> [Caulimovirus sp.]
  SRR27880472_clean_NODE_350_length_1148_cov_5.069767
      Species: [Pseudovirus oryzae] -> [Atrato Retro-like virus]
  SRR27880474_clean_NODE_117_length_1631_cov_0.297176
      Realm: [Varidnaviria] -> [Duplodnaviria]
      Kingdom: [Bamfordvirae] -> [Heunggongvirae]
      Phylum: [Nucleocytoviricota] -> [Uroviricota]
      Family: [Schizomimiviridae] -> [Arenbergviridae]
      Genus: [Biavirus] -> [Wroclawvirus]
      Species: [Biavirus raunefjordenense] -> [Wroclawvirus PA5oct]
  SRR27880474_clean_NODE_45_length_2150_cov_11.868079
      Species: [Pseudovirus brassicae] -> [Penicillium camemberti virus - GP1*]
  SRR27880475_clean_NODE_4641_length_555_cov_0.645228
      Species: [Biavirus raunefjordenense] -> [Mimiviridae sp. ChoanoV1]
  SRR27880475_clean_NODE_71_length_2028_cov_3.368798
      Species: [Pseudovirus glycinis] -> [Atrato Retro-like virus]
  SRR27880476_clean_NODE_387_length_1168_cov_5.682192
      Species: [Pseudovirus glycinis] -> [Atrato Retro-like virus]
  SRR27880476_clean_NODE_50_length_2254_cov_3.683173
      Species: [Pseudovirus atrearabidopsis] -> [Penicillium camemberti virus - GP1*]
  SRR27880476_clean_NODE_82_length_1978_cov_3.268241
      Species: [Punavirus RCS47] -> [Arsyunavirus RSY1]
  SRR27880476_clean_NODE_83_length_1977_cov_4.306723
      Genus: [Xuanwuvirus] -> [Peduovirus]
      Species: [Xuanwuvirus xv520873] -> [Peduovirus fiAA91ss]
  SRR27880477_clean_NODE_11_length_3276_cov_2.405245
      Genus: [Errantivirus] -> [Metavirus]
      Species: [Errantivirus idefixi] -> [Metavirus cladosporii]
  SRR33528970_clean_NODE_14_length_2925_cov_4.348527
      Species: [Chlorovirus americanus] -> [Chlorovirus sp.]
  SRR33528970_clean_NODE_32_length_2290_cov_5.928733
      Family: [Mesomimiviridae] -> [Schizomimiviridae]
      Genus: [Tethysvirus] -> [Biavirus]
      Species: [Tethysvirus ontarioense] -> [Biavirus raunefjordenense]
  SRR33528970_clean_NODE_35_length_2194_cov_5.961810
      Order: [Imitervirales] -> [Algavirales]
  SRR33528970_clean_NODE_56_length_1934_cov_3.247716
      Class: [Naldaviricetes] -> [Caudoviricetes]
      Order: [Lefavirales] -> [Pantevenvirales]
      Family: [Nudiviridae] -> [Straboviridae]
      Genus: [Betanudivirus] -> [Biquartavirus]
      Species: [Betanudivirus hezeae] -> [Biquartavirus 44RR2]
  SRR33528970_clean_NODE_58_length_1921_cov_1.621753
      Species: [Biavirus raunefjordenense] -> [Mimiviridae sp. ChoanoV1*]
  SRR33528970_clean_NODE_65_length_1878_cov_1.536288
      Realm: [Duplodnaviria] -> [Varidnaviria]
      Kingdom: [Heunggongvirae] -> [Bamfordvirae]
      Phylum: [Uroviricota] -> [Nucleocytoviricota]
  SRR33528970_clean_NODE_73_length_1817_cov_4.815940
      Order: [Imitervirales] -> [Algavirales]
      Family: [Mimiviridae] -> [Phycodnaviridae]
      Genus: [Theiavirus] -> [Prasinovirus]
      Species: [Theiavirus salishense] -> [Micromonas pusilla virus 12T]
  SRR33528970_clean_NODE_78_length_1753_cov_1.710714
      Realm: [Varidnaviria] -> [Duplodnaviria]
      Kingdom: [Bamfordvirae] -> [Heunggongvirae]
      Phylum: [Nucleocytoviricota] -> [Uroviricota]
  SRR33528971_clean_NODE_41_length_2125_cov_2.102827
      Species: [空] -> [Fadolivirus algeromassiliense]
  SRR33528971_clean_NODE_75_length_1895_cov_12.666850
      Order: [Imitervirales] -> [Algavirales]
      Family: [Mimiviridae] -> [Phycodnaviridae]
      Genus: [Megavirus] -> [Prasinovirus]
      Species: [Megavirus powaiense] -> [Dishui Lake phycodnavirus 3]
  SRR33528971_clean_NODE_88_length_1791_cov_3.536088
      Order: [Imitervirales] -> [Pimascovirales]
      Family: [Schizomimiviridae] -> [Ascoviridae]
      Genus: [Biavirus] -> [Toursvirus]
      Species: [Biavirus raunefjordenense] -> [空]
  SRR33528972_clean_NODE_33_length_1977_cov_1.539391
      Genus: [Megavirus] -> [Theiavirus]
      Species: [Megavirus powaiense] -> [Theiavirus salishense]
  SRR33528973_clean_NODE_19_length_2182_cov_1.691797
      Order: [Imitervirales] -> [Algavirales]
      Family: [Mesomimiviridae] -> [Phycodnaviridae]
      Genus: [Tethysvirus] -> [Prasinovirus]
      Species: [Tethysvirus raunefjordenense] -> [Dishui Lake phycodnavirus 3]
  SRR33528975_clean_NODE_1_length_4930_cov_135.413218
      Family: [Pseudoviridae] -> [Caulimoviridae]
      Genus: [Pseudovirus] -> [Caulimovirus]
      Species: [Pseudovirus brassicae] -> [Caulimovirus sp.]
  SRR33536649_clean_NODE_10058_length_797_cov_3.070442
      Species: [Biavirus raunefjordenense] -> [Mimiviridae sp. ChoanoV1*]
  SRR33536649_clean_NODE_1019_length_2153_cov_4.527404
      Species: [Fadolivirus algeromassiliense] -> [Mimiviridae sp. ChoanoV1]
  SRR33536649_clean_NODE_1029_length_2143_cov_4.974396
      Class: [Pokkesviricetes] -> [Megaviricetes]
  SRR33536649_clean_NODE_1035_length_2140_cov_7.086115
      Order: [Imitervirales] -> [Algavirales]
  SRR33536649_clean_NODE_103_length_3682_cov_28.091161
      Species: [Tupanvirus altamarinense] -> [Chrysophyceae clade H virus]
  SRR33536649_clean_NODE_1057_length_2131_cov_5.914480
      Realm: [Duplodnaviria] -> [Varidnaviria]
      Kingdom: [Heunggongvirae] -> [Bamfordvirae]
      Phylum: [Uroviricota] -> [Nucleocytoviricota]
  SRR33536649_clean_NODE_1099_length_2105_cov_2.616142
      Species: [Tethysvirus raunefjordenense] -> [空]
  SRR33536649_clean_NODE_1161_length_2073_cov_4.932000
      Order: [Imitervirales] -> [Algavirales]
  SRR33536649_clean_NODE_1178_length_2065_cov_14.200301
      Species: [Marseillevirus senegalense] -> [Tokyovirus A1]
  SRR33536649_clean_NODE_1221_length_2042_cov_18.253936
      Species: [Mimivirus lagoaense] -> [Mimiviridae sp. ChoanoV1]
  SRR33536649_clean_NODE_1233_length_2032_cov_5.138846
      Realm: [Varidnaviria] -> [Duplodnaviria]
      Kingdom: [Bamfordvirae] -> [Heunggongvirae]
      Phylum: [Nucleocytoviricota] -> [Peploviricota]
      Class: [Megaviricetes] -> [Herviviricetes]
  SRR33536649_clean_NODE_1316_length_1989_cov_4.557933
      Order: [Imitervirales] -> [Algavirales]
      Species: [Tethysvirus hollandense] -> [Chrysochromulina ericina virus]
  SRR33536649_clean_NODE_1324_length_1983_cov_5.203141
      Realm: [Varidnaviria] -> [Duplodnaviria]
      Kingdom: [Bamfordvirae] -> [Heunggongvirae]
      Phylum: [Nucleocytoviricota] -> [Peploviricota]
      Class: [Megaviricetes] -> [Herviviricetes]
      Order: [Pimascovirales] -> [Herpesvirales]
      Family: [Marseilleviridae] -> [Retroviridae]
      Genus: [Losannavirus] -> [Gammaretrovirus]
      Species: [Losannavirus lausannense] -> [Gammaretrovirus felleu]
  SRR33536649_clean_NODE_1422_length_1943_cov_4.473262
      Genus: [Fadolivirus] -> [Catovirus]
      Species: [Fadolivirus algeromassiliense] -> [Catovirus klosterense]
  SRR33536649_clean_NODE_152_length_3413_cov_6.995509
      Realm: [Duplodnaviria] -> [Varidnaviria]
      Kingdom: [Heunggongvirae] -> [Bamfordvirae]
      Phylum: [Uroviricota] -> [Nucleocytoviricota]
      Species: [Spbetavirus SPbeta] -> [Criusvirus kaneoense*]
  SRR33536649_clean_NODE_1539_length_1900_cov_10.278051
      Realm: [Varidnaviria] -> [Duplodnaviria]
      Kingdom: [Bamfordvirae] -> [Heunggongvirae]
      Phylum: [Nucleocytoviricota] -> [Peploviricota]
      Class: [Megaviricetes] -> [Herviviricetes]
      Order: [Pimascovirales] -> [Herpesvirales]
  SRR33536649_clean_NODE_15702_length_630_cov_1.393178
      Species: [Mieseafarmvirus RSL1] -> [Rheavirus sinusmexicani]
  SRR33536649_clean_NODE_1599_length_1875_cov_8.122087
      Realm: [Varidnaviria] -> [Duplodnaviria]
      Kingdom: [Bamfordvirae] -> [Heunggongvirae]
      Phylum: [Nucleocytoviricota] -> [Uroviricota]
  SRR33536649_clean_NODE_1602_length_1875_cov_2.506104
      Realm: [Varidnaviria] -> [Duplodnaviria]
      Kingdom: [Bamfordvirae] -> [Heunggongvirae]
      Phylum: [Nucleocytoviricota] -> [Peploviricota]
      Class: [Megaviricetes] -> [Herviviricetes]
      Order: [Imitervirales] -> [Herpesvirales]
      Family: [Mimiviridae] -> [Orthoherpesviridae]
      Genus: [Mimivirus] -> [Scutavirus]
      Species: [Mimivirus lagoaense] -> [Scutavirus chelonidalpha5]
  SRR33536649_clean_NODE_168_length_3370_cov_7.600546
      Genus: [Mimivirus] -> [Klosneuvirus]
      Species: [Mimivirus bradfordmassiliense] -> [Klosneuvirus KNV1]
  SRR33536649_clean_NODE_1907_length_1765_cov_11.114657
      Species: [Agnivirus brisbanense] -> [Poseidoniales virus]
  SRR33536649_clean_NODE_1970_length_1742_cov_14.998203
      Order: [Pimascovirales] -> [Imitervirales]
  SRR33536649_clean_NODE_2009_length_1727_cov_4.304111
      Genus: [Theiavirus] -> [Catovirus]
      Species: [Theiavirus salishense] -> [Mimivirus LCMiAC02]
  SRR33536649_clean_NODE_2035_length_1718_cov_2.755015
      Species: [Tupanvirus salinum] -> [Chrysophyceae clade H virus]
  SRR33536649_clean_NODE_2077_length_1704_cov_9.100552
      Species: [Tupanvirus salinum] -> [Tupanvirus altamarinense]
  SRR33536649_clean_NODE_2124_length_1685_cov_6.410050
      Genus: [Rheavirus] -> [Fadolivirus]
      Species: [Rheavirus sinusmexicani] -> [Fadolivirus algeromassiliense]
  SRR33536649_clean_NODE_2155_length_1674_cov_3.803248
      Species: [Moumouvirus moumou] -> [Mollivirus kamchatka]
  SRR33536649_clean_NODE_220_length_3184_cov_5.378978
      Species: [Fadolivirus algeromassiliense] -> [Mimivirus LCMiAC02]
  SRR33536649_clean_NODE_2222_length_1655_cov_5.075221
      Order: [Pimascovirales] -> [Imitervirales]
  SRR33536649_clean_NODE_2228_length_1653_cov_43.568987
      Realm: [Varidnaviria] -> [Duplodnaviria]
      Order: [Imitervirales] -> [Rowavirales]
      Species: [Theiavirus salishense] -> [空]
  SRR33536649_clean_NODE_223_length_3177_cov_6.786405
      Species: [Chlorovirus americanus] -> [Chlorovirus sp.]
  SRR33536649_clean_NODE_2274_length_1643_cov_4.510191
      Family: [Schizomimiviridae] -> [Mimiviridae]
      Genus: [Biavirus] -> [Klosneuvirus]
      Species: [Biavirus raunefjordenense] -> [Klosneuvirus KNV1]
  SRR33536649_clean_NODE_2278_length_1639_cov_9.860792
      Order: [Algavirales] -> [Imitervirales]
      Family: [Phycodnaviridae] -> [Mimiviridae]
      Genus: [Chlorovirus] -> [Hokovirus]
      Species: [Chlorovirus americanus] -> [Hokovirus HKV1]
  SRR33536649_clean_NODE_229_length_3147_cov_4.530904
      Species: [Epsilonentomopoxvirus dlongicaudata] -> [Epsilonentomopoxvirus dlongicaudata*]
  SRR33536649_clean_NODE_22_length_4957_cov_9.026618
      Family: [Schizomimiviridae] -> [Mesomimiviridae]
      Genus: [Biavirus] -> [Criusvirus]
      Species: [Biavirus raunefjordenense] -> [Criusvirus kaneoense*]
  SRR33536649_clean_NODE_2370_length_1614_cov_4.121350
      Realm: [Duplodnaviria] -> [Varidnaviria]
      Kingdom: [Heunggongvirae] -> [Bamfordvirae]
      Phylum: [Uroviricota] -> [Nucleocytoviricota]
  SRR33536649_clean_NODE_23821_length_507_cov_0.933180
      Genus: [Traversvirus] -> [Marienburgvirus]
      Species: [Traversvirus PA28] -> [Marienburgvirus BP4795]
  SRR33536649_clean_NODE_2430_length_1598_cov_7.122623
      Genus: [Fadolivirus] -> [Tupanvirus]
      Species: [Fadolivirus algeromassiliense] -> [Tupanvirus salinum]
  SRR33536649_clean_NODE_2462_length_1590_cov_3.100857
      Species: [Biavirus raunefjordenense] -> [Mimiviridae sp. ChoanoV1*]
  SRR33536649_clean_NODE_2606_length_1553_cov_6.054054
      Realm: [Riboviria] -> [Duplodnaviria]
      Kingdom: [Pararnavirae] -> [Heunggongvirae]
      Phylum: [Artverviricota] -> [Peploviricota]
      Class: [Revtraviricetes] -> [Herviviricetes]
      Order: [Ortervirales] -> [Herpesvirales]
  SRR33536649_clean_NODE_2670_length_1538_cov_9.923549
      Genus: [Tupanvirus] -> [Theiavirus]
      Species: [Tupanvirus salinum] -> [Terrestrivirus sp.]
  SRR33536649_clean_NODE_267_length_3030_cov_6.222185
      Species: [Chlorovirus conductrix] -> [Sylvanvirus sp.]
  SRR33536649_clean_NODE_270_length_3022_cov_6.312309
      Class: [Pokkesviricetes] -> [Revtraviricetes]
      Order: [Chitovirales] -> [Ortervirales]
      Family: [Poxviridae] -> [Retroviridae]
      Genus: [Salmonpoxvirus] -> [Gammaretrovirus]
      Species: [Salmonpoxvirus gillpox] -> [Gammaretrovirus felleu]
  SRR33536649_clean_NODE_2715_length_1530_cov_2.879890
      Realm: [Varidnaviria] -> [Duplodnaviria]
      Kingdom: [Bamfordvirae] -> [Heunggongvirae]
      Phylum: [Nucleocytoviricota] -> [Peploviricota]
      Class: [Megaviricetes] -> [Herviviricetes]
  SRR33536649_clean_NODE_299_length_2956_cov_3.570933
      Genus: [Fadolivirus] -> [Klosneuvirus]
      Species: [Fadolivirus algeromassiliense] -> [Klosneuvirus KNV1]
  SRR33536649_clean_NODE_330_length_2881_cov_69.359687
      Species: [Megavirus powaiense] -> [Metapenaeus ensis majanivirus]
  SRR33536649_clean_NODE_3334_length_1405_cov_2.024775
      Family: [Betaflexiviridae] -> [Alphaflexiviridae]
      Genus: [Vitivirus] -> [Potexvirus]
  SRR33536649_clean_NODE_34_length_4360_cov_93.930721
      Species: [Tupanvirus altamarinense] -> [Chrysophyceae clade H virus]
  SRR33536649_clean_NODE_354_length_2834_cov_11.786671
      Realm: [Varidnaviria] -> [Duplodnaviria]
      Kingdom: [Bamfordvirae] -> [Heunggongvirae]
      Phylum: [Nucleocytoviricota] -> [Uroviricota]
      Species: [Orthopoxvirus akhmetapox] -> [Orthopoxvirus cowpox]
  SRR33536649_clean_NODE_359_length_2815_cov_13.993800
      Order: [Pimascovirales] -> [Imitervirales]
      Family: [Orpheoviridae] -> [Pithoviridae]
      Genus: [Alphaorpheovirus] -> [Alphacedratvirus]
      Species: [Alphaorpheovirus massiliense] -> [Mimiviridae sp. ChoanoV1*]
  SRR33536649_clean_NODE_3954_length_1300_cov_2.986960
      Species: [Hemivirus aedis] -> [Penicillium camemberti virus - GP1*]
  SRR33536649_clean_NODE_3958_length_1299_cov_3.922512
      Species: [Gammapartitivirus effepenicillii] -> [Partitiviridae sp.]
  SRR33536649_clean_NODE_410_length_2730_cov_3.787354
      Realm: [Varidnaviria] -> [Riboviria]
      Kingdom: [Bamfordvirae] -> [Pararnavirae]
      Phylum: [Nucleocytoviricota] -> [Artverviricota]
      Class: [Pokkesviricetes] -> [Revtraviricetes]
      Order: [Chitovirales] -> [Ortervirales]
      Family: [Poxviridae] -> [Retroviridae]
      Genus: [Salmonpoxvirus] -> [Gammaretrovirus]
      Species: [Salmonpoxvirus gillpox] -> [Gammaretrovirus felleu]
  SRR33536649_clean_NODE_429_length_2705_cov_4.082067
      Family: [Schizomimiviridae] -> [Mimiviridae]
      Genus: [Biavirus] -> [Theiavirus]
      Species: [Biavirus raunefjordenense] -> [Theiavirus salishense*]
  SRR33536649_clean_NODE_4409_length_1238_cov_3.584549
      Family: [Betaflexiviridae] -> [Alphaflexiviridae]
      Genus: [Trichovirus] -> [Potexvirus]
      Species: [Trichovirus pinovitis] -> [空]
  SRR33536649_clean_NODE_461_length_2662_cov_7.866358
      Realm: [Varidnaviria] -> [Duplodnaviria]
      Kingdom: [Bamfordvirae] -> [Heunggongvirae]
      Phylum: [Nucleocytoviricota] -> [Uroviricota]
  SRR33536649_clean_NODE_518_length_2572_cov_3.289316
      Order: [Imitervirales] -> [Algavirales]
      Family: [Schizomimiviridae] -> [Phycodnaviridae]
      Genus: [Kratosvirus] -> [Coccolithovirus]
      Species: [Kratosvirus quantuckense] -> [Emiliania huxleyi virus M1]
  SRR33536649_clean_NODE_546_length_2541_cov_5.807942
      Realm: [Varidnaviria] -> [Duplodnaviria]
      Kingdom: [Bamfordvirae] -> [Heunggongvirae]
      Phylum: [Nucleocytoviricota] -> [Uroviricota]
      Class: [Megaviricetes] -> [Naldaviricetes]
      Order: [Algavirales] -> [Lefavirales]
      Family: [Phycodnaviridae] -> [Baculoviridae]
      Genus: [Chlorovirus] -> [Alphabaculovirus]
      Species: [Chlorovirus vanettense] -> [空]
  SRR33536649_clean_NODE_5559_length_1097_cov_1.432617
      Order: [Imitervirales] -> [Pimascovirales]
  SRR33536649_clean_NODE_578_length_2512_cov_9.186552
      Realm: [Varidnaviria] -> [Riboviria]
      Kingdom: [Bamfordvirae] -> [Pararnavirae]
      Phylum: [Nucleocytoviricota] -> [Artverviricota]
      Class: [Megaviricetes] -> [Revtraviricetes]
  SRR33536649_clean_NODE_586_length_2504_cov_2.229535
      Species: [Chlorovirus conductrix] -> [Chlorovirus sp.]
  SRR33536649_clean_NODE_631_length_2464_cov_16.636136
      Order: [Imitervirales] -> [Pimascovirales]
  SRR33536649_clean_NODE_633_length_2464_cov_4.072355
      Species: [Tupanvirus altamarinense] -> [Tupanvirus salinum]
  SRR33536649_clean_NODE_651_length_2444_cov_9.663011
      Genus: [Cotonvirus] -> [Catovirus]
      Species: [Cotonvirus japonicum] -> [Catovirus klosterense]
  SRR33536649_clean_NODE_653_length_2441_cov_4.489865
      Realm: [Duplodnaviria] -> [Adnaviria]
      Kingdom: [Heunggongvirae] -> [Zilligvirae]
      Phylum: [Uroviricota] -> [Taleaviricota]
      Family: [Demerecviridae] -> [Poxviridae]
      Genus: [Cetovirus] -> [Betaentomopoxvirus]
  SRR33536649_clean_NODE_65_length_3950_cov_10.541914
      Species: [Biavirus raunefjordenense] -> [Mimiviridae sp. ChoanoV1*]
  SRR33536649_clean_NODE_667_length_2431_cov_20.542409
      Species: [Theiavirus salishense] -> [Florenciella sp. virus SA1]
  SRR33536649_clean_NODE_677_length_2413_cov_14.085897
      Genus: [Lymphocystivirus] -> [Megalocytivirus]
      Species: [Lymphocystivirus sparus1] -> [Megalocytivirus lates1]
  SRR33536649_clean_NODE_721_length_2367_cov_6.732345
      Class: [Megaviricetes] -> [Revtraviricetes]
      Order: [Imitervirales] -> [Ortervirales]
      Family: [Mimiviridae] -> [Retroviridae]
      Genus: [Megavirus] -> [Gammaretrovirus]
      Species: [Megavirus powaiense] -> [Gammaretrovirus felleu]
  SRR33536649_clean_NODE_8075_length_899_cov_1.438257
      Species: [Benyvirus arctii] -> [Scaphytopius beny-like virus]
  SRR33536649_clean_NODE_820_length_2282_cov_4.112268
      Genus: [Fadolivirus] -> [Cotonvirus]
      Species: [Fadolivirus algeromassiliense] -> [Cotonvirus japonicum]
  SRR33536649_clean_NODE_824_length_2278_cov_10.892063
      Species: [空] -> [Edafosvirus sp.]
  SRR33536649_clean_NODE_830_length_2274_cov_6.260336
      Genus: [Megavirus] -> [Catovirus]
      Species: [Megavirus baoshanense] -> [Catovirus CTV1]
  SRR33536649_clean_NODE_888_length_2234_cov_9.739935
      Order: [Imitervirales] -> [Algavirales]
      Family: [Mesomimiviridae] -> [Phycodnaviridae]
      Genus: [Tethysvirus] -> [Prasinovirus]
      Species: [Tethysvirus raunefjordenense] -> [Dishui Lake phycodnavirus 3]
  SRR33536649_clean_NODE_89_length_3764_cov_6.276077
      Species: [Tupanvirus altamarinense] -> [Chrysophyceae clade H virus]
  SRR33536649_clean_NODE_917_length_2214_cov_15.961700
      Family: [Mesomimiviridae] -> [Schizomimiviridae]
      Genus: [Tethysvirus] -> [Biavirus]
      Species: [Tethysvirus ontarioense] -> [Biavirus raunefjordenense]
  SRR33536649_clean_NODE_920_length_2213_cov_5.577570
      Realm: [Duplodnaviria] -> [Varidnaviria]
      Kingdom: [Heunggongvirae] -> [Bamfordvirae]
      Phylum: [Uroviricota] -> [Nucleocytoviricota]
      Species: [Spinunavirus IPP61] -> [Fadolivirus algeromassiliense]
  SRR33536650_clean_NODE_1017_length_2201_cov_5.641917
      Species: [Biavirus raunefjordenense] -> [Nucleocytoviricota sp.]
  SRR33536650_clean_NODE_1020_length_2200_cov_3.413258
      Realm: [Varidnaviria] -> [Duplodnaviria]
      Kingdom: [Bamfordvirae] -> [Heunggongvirae]
      Phylum: [Nucleocytoviricota] -> [Peploviricota]
      Class: [Megaviricetes] -> [Herviviricetes]
  SRR33536650_clean_NODE_1053_length_2179_cov_4.341880
      Order: [Pimascovirales] -> [Imitervirales]
      Species: [Alphaorpheovirus massiliense] -> [空]
  SRR33536650_clean_NODE_108_length_3757_cov_4.712812
      Realm: [Duplodnaviria] -> [Varidnaviria]
      Kingdom: [Heunggongvirae] -> [Bamfordvirae]
      Phylum: [Uroviricota] -> [Nucleocytoviricota]
  SRR33536650_clean_NODE_109_length_3755_cov_6.852526
      Realm: [Varidnaviria] -> [Duplodnaviria]
      Kingdom: [Bamfordvirae] -> [Heunggongvirae]
      Phylum: [Nucleocytoviricota] -> [Peploviricota]
      Class: [Megaviricetes] -> [Herviviricetes]
      Order: [Pimascovirales] -> [Herpesvirales]
      Family: [Pithoviridae] -> [Retroviridae]
      Genus: [Alphacedratvirus] -> [Lentivirus]
      Species: [Alphacedratvirus rossiense] -> [Lentivirus humimdef1]
  SRR33536650_clean_NODE_1183_length_2104_cov_41.153619
      Species: [Fadolivirus algeromassiliense] -> [Chrysophyceae clade H virus]
  SRR33536650_clean_NODE_1213_length_2087_cov_25.756207
      Genus: [Anaposvirus] -> [Yellowseavirus]
      Species: [Anaposvirus socalone] -> [Yellowseavirus thirtyeight]
  SRR33536650_clean_NODE_1216_length_2085_cov_10.544732
      Species: [Biavirus raunefjordenense] -> [Mimiviridae sp. ChoanoV1]
  SRR33536650_clean_NODE_1249_length_2067_cov_4.210632
      Genus: [Fadolivirus] -> [Tupanvirus]
      Species: [Fadolivirus algeromassiliense] -> [Tupanvirus altamarinense]
  SRR33536650_clean_NODE_1254_length_2064_cov_3.864892
      Realm: [Duplodnaviria] -> [Varidnaviria]
      Kingdom: [Heunggongvirae] -> [Bamfordvirae]
      Phylum: [Uroviricota] -> [Nucleocytoviricota]
  SRR33536650_clean_NODE_1256_length_2063_cov_3.790452
      Realm: [Varidnaviria] -> [Duplodnaviria]
      Kingdom: [Bamfordvirae] -> [Heunggongvirae]
      Phylum: [Nucleocytoviricota] -> [Peploviricota]
      Class: [Megaviricetes] -> [Herviviricetes]
      Order: [Pimascovirales] -> [Herpesvirales]
      Family: [Orpheoviridae] -> [Nudiviridae]
      Genus: [Alphaorpheovirus] -> [Alphanudivirus]
      Species: [Alphaorpheovirus massiliense] -> [Alphanudivirus alterdromelanogasteris]
  SRR33536650_clean_NODE_125_length_3639_cov_5.713685
      Species: [Oceanusvirus kaneohense] -> [Florenciella sp. virus SA1]
  SRR33536650_clean_NODE_131_length_3603_cov_4.039377
      Genus: [Cotonvirus] -> [Moumouvirus]
      Species: [Cotonvirus japonicum] -> [Moumouvirus lavasanguinense]
  SRR33536650_clean_NODE_1326_length_2025_cov_13.070184
      Realm: [Varidnaviria] -> [Duplodnaviria]
      Kingdom: [Bamfordvirae] -> [Heunggongvirae]
      Phylum: [Nucleocytoviricota] -> [Peploviricota]
      Class: [Megaviricetes] -> [Herviviricetes]
      Order: [Imitervirales] -> [Herpesvirales]
  SRR33536650_clean_NODE_1342_length_2015_cov_7.339341
      Species: [Tupanvirus altamarinense] -> [Chrysophyceae clade H virus]
  SRR33536650_clean_NODE_1402_length_1984_cov_3.591313
      Realm: [Varidnaviria] -> [Duplodnaviria]
      Kingdom: [Bamfordvirae] -> [Heunggongvirae]
      Phylum: [Nucleocytoviricota] -> [Peploviricota]
      Class: [Megaviricetes] -> [Herviviricetes]
      Order: [Imitervirales] -> [Herpesvirales]
  SRR33536650_clean_NODE_1497_length_1947_cov_6.466916
      Species: [Phaeovirus irregularis] -> [Sylvanvirus sp.]
  SRR33536650_clean_NODE_1499_length_1946_cov_8.203417
      Realm: [Varidnaviria] -> [Riboviria]
      Kingdom: [Bamfordvirae] -> [Pararnavirae]
      Phylum: [Nucleocytoviricota] -> [Artverviricota]
  SRR33536650_clean_NODE_149_length_3525_cov_6.057358
      Realm: [Varidnaviria] -> [Duplodnaviria]
      Kingdom: [Bamfordvirae] -> [Heunggongvirae]
      Phylum: [Nucleocytoviricota] -> [Uroviricota]
  SRR33536650_clean_NODE_15485_length_633_cov_1.623214
      Order: [Algavirales] -> [Pimascovirales]
      Family: [Phycodnaviridae] -> [Mimiviridae]
      Genus: [Phaeovirus] -> [Hokovirus]
      Species: [Phaeovirus irregularis] -> [空]
  SRR33536650_clean_NODE_154_length_3506_cov_11.343140
      Species: [Chlorovirus americanus] -> [Chlorovirus sp.]
  SRR33536650_clean_NODE_1555_length_1921_cov_3.761905
      Family: [Schizomimiviridae] -> [Mimiviridae]
      Genus: [Biavirus] -> [Klosneuvirus]
      Species: [Biavirus raunefjordenense] -> [Klosneuvirus KNV1]
  SRR33536650_clean_NODE_1582_length_1908_cov_10.647956
      Species: [Epsilonentomopoxvirus dlongicaudata] -> [Pandoravirus quercus]
  SRR33536650_clean_NODE_1610_length_1899_cov_2.018620
      Realm: [Duplodnaviria] -> [Varidnaviria]
      Kingdom: [Heunggongvirae] -> [Bamfordvirae]
      Phylum: [Uroviricota] -> [Nucleocytoviricota]
  SRR33536650_clean_NODE_1624_length_1893_cov_4.815385
      Realm: [Duplodnaviria] -> [Varidnaviria]
      Kingdom: [Heunggongvirae] -> [Bamfordvirae]
      Phylum: [Uroviricota] -> [Nucleocytoviricota]
  SRR33536650_clean_NODE_1630_length_1890_cov_3.911943
      Species: [Kratosvirus quantuckense] -> [Mimiviridae sp. ChoanoV1]
  SRR33536650_clean_NODE_165_length_3429_cov_4.068832
      Genus: [Fadolivirus] -> [Moumouvirus]
      Species: [Fadolivirus algeromassiliense] -> [Moumouvirus lavasanguinense]
  SRR33536650_clean_NODE_1689_length_1867_cov_7.074693
      Species: [Agnivirus brisbanense] -> [Poseidoniales virus]
  SRR33536650_clean_NODE_168_length_3408_cov_16.557121
      Genus: [Fadolivirus] -> [Rheavirus]
      Species: [Fadolivirus algeromassiliense] -> [Rheavirus sinusmexicani]
  SRR33536650_clean_NODE_1717_length_1858_cov_2.204482
      Species: [Pseudovirus tabaci] -> [Penicillium camemberti virus - GP1*]
  SRR33536650_clean_NODE_1733_length_1852_cov_7.278808
      Species: [Tupanvirus salinum] -> [Terrestrivirus sp.]
  SRR33536650_clean_NODE_17928_length_584_cov_1.808219
      Class: [Naldaviricetes] -> [Alsuviricetes]
      Order: [Lefavirales] -> [Martellivirales]
  SRR33536650_clean_NODE_1795_length_1828_cov_3.959544
      Genus: [Celavirus] -> [Potyvirus]
      Species: [Celavirus apii] -> [Potyvirus rapae]
  SRR33536650_clean_NODE_1860_length_1807_cov_7.750865
      Species: [Agnivirus brisbanense] -> [Poseidoniales virus]
  SRR33536650_clean_NODE_1890_length_1794_cov_9.196397
      Order: [Pimascovirales] -> [Imitervirales]
  SRR33536650_clean_NODE_1894_length_1793_cov_2.720930
      Realm: [Duplodnaviria] -> [Varidnaviria]
      Kingdom: [Heunggongvirae] -> [Bamfordvirae]
      Phylum: [Uroviricota] -> [Nucleocytoviricota]
  SRR33536650_clean_NODE_1923_length_1783_cov_2.097661
      Realm: [Varidnaviria] -> [Duplodnaviria]
      Kingdom: [Bamfordvirae] -> [Heunggongvirae]
      Phylum: [Nucleocytoviricota] -> [Peploviricota]
      Class: [Megaviricetes] -> [Herviviricetes]
  SRR33536650_clean_NODE_199_length_3278_cov_4.405616
      Genus: [Tupanvirus] -> [Fadolivirus]
      Species: [Tupanvirus salinum] -> [Fadolivirus algeromassiliense]
  SRR33536650_clean_NODE_2011_length_1753_cov_2.114881
      Order: [Imitervirales] -> [Pimascovirales]
      Species: [Fadolivirus algeromassiliense] -> [Pithovirus LCPAC304]
  SRR33536650_clean_NODE_2060_length_1735_cov_7.390493
      Species: [Theiavirus salishense] -> [Barrevirus sp.]
  SRR33536650_clean_NODE_2086_length_1728_cov_2.280363
      Realm: [Varidnaviria] -> [Duplodnaviria]
      Kingdom: [Bamfordvirae] -> [Heunggongvirae]
      Phylum: [Nucleocytoviricota] -> [Peploviricota]
      Class: [Megaviricetes] -> [Herviviricetes]
      Order: [Pimascovirales] -> [Herpesvirales]
  SRR33536650_clean_NODE_2089_length_1726_cov_6.460980
      Species: [Megavirus baoshanense] -> [空]
  SRR33536650_clean_NODE_21070_length_535_cov_1.893939
      Species: [Benyvirus solibetae] -> [Hubei Beny-like virus 1]
  SRR33536650_clean_NODE_211_length_3237_cov_7.875790
      Species: [Tupanvirus salinum] -> [Chrysophyceae clade H virus]
  SRR33536650_clean_NODE_215_length_3229_cov_5.905894
      Family: [Schizomimiviridae] -> [Mimiviridae]
      Genus: [Biavirus] -> [Klosneuvirus]
      Species: [Biavirus raunefjordenense] -> [Klosneuvirus KNV1*]
  SRR33536650_clean_NODE_218_length_3224_cov_5.417645
      Species: [Alphabaculovirus anpernyi] -> [Alphabaculovirus oxochraceae]
  SRR33536650_clean_NODE_221_length_3221_cov_29.576874
      Family: [Mesomimiviridae] -> [Schizomimiviridae]
      Genus: [Tethysvirus] -> [Biavirus]
      Species: [Tethysvirus ontarioense] -> [Biavirus raunefjordenense]
  SRR33536650_clean_NODE_256_length_3131_cov_11.801504
      Species: [空] -> [Criusvirus kaneoense]
  SRR33536650_clean_NODE_2570_length_1583_cov_165.789404
      Class: [Naldaviricetes] -> [Megaviricetes]
  SRR33536650_clean_NODE_2623_length_1569_cov_3.382353
      Order: [Imitervirales] -> [Algavirales]
      Species: [Biavirus raunefjordenense] -> [Micromonas commoda virus]
  SRR33536650_clean_NODE_269_length_3088_cov_6.006633
      Family: [Lakviridae] -> [Peduoviridae]
      Genus: [Vetruanivirus] -> [Inibicvirus]
      Species: [Vetruanivirus primi] -> [Inibicvirus 613R3]
  SRR33536650_clean_NODE_273_length_3075_cov_16.022985
      Order: [Pimascovirales] -> [Imitervirales]
  SRR33536650_clean_NODE_2760_length_1537_cov_13.273224
      Species: [Salmonpoxvirus gillpox] -> [Carp edema virus]
  SRR33536650_clean_NODE_277_length_3057_cov_4.633713
      Genus: [Orthopoxvirus] -> [Centapoxvirus]
      Species: [Orthopoxvirus ectromelia] -> [Centapoxvirus microtuspox]
  SRR33536650_clean_NODE_2801_length_1529_cov_2.997940
      Species: [Biavirus raunefjordenense] -> [Mimiviridae sp. ChoanoV1*]
  SRR33536650_clean_NODE_2834_length_1520_cov_3.062889
      Genus: [Fadolivirus] -> [Klosneuvirus]
      Species: [Fadolivirus algeromassiliense] -> [Klosneuvirus KNV1]
  SRR33536650_clean_NODE_2956_length_1490_cov_6.321101
      Species: [Tupanvirus salinum] -> [Tupanvirus altamarinense]
  SRR33536650_clean_NODE_296_length_3020_cov_2.824228
      Species: [Alphahydrivirus permafrostis] -> [空]
  SRR33536650_clean_NODE_3122_length_1458_cov_3.160289
      Species: [Chlorovirus americanus] -> [Chlorovirus sp.]
  SRR33536650_clean_NODE_31_length_4699_cov_5.414829
      Species: [Chlorovirus americanus] -> [Chlorovirus sp.]
  SRR33536650_clean_NODE_349_length_2900_cov_5.260347
      Species: [Biavirus raunefjordenense] -> [Mimiviridae sp. ChoanoV1*]
  SRR33536650_clean_NODE_3907_length_1326_cov_3.078212
      Realm: [Varidnaviria] -> [Duplodnaviria]
      Kingdom: [Bamfordvirae] -> [Heunggongvirae]
      Phylum: [Nucleocytoviricota] -> [Peploviricota]
      Class: [Pokkesviricetes] -> [Herviviricetes]
      Order: [Chitovirales] -> [Herpesvirales]
      Family: [Poxviridae] -> [Orthoherpesviridae]
      Genus: [Orthopoxvirus] -> [Macavirus]
      Species: [Orthopoxvirus cowpox] -> [Macavirus alcelaphinegamma2]
  SRR33536650_clean_NODE_3_length_6309_cov_3.749840
      Species: [Sirevirus maydis] -> [Atrato Retro-like virus]
  SRR33536650_clean_NODE_40_length_4583_cov_6.473392
      Species: [Alphaorpheovirus massiliense] -> [Pithovirus LCPAC104]
  SRR33536650_clean_NODE_4101_length_1297_cov_14.437908
      Species: [Tupanvirus salinum] -> [Terrestrivirus sp.]
  SRR33536650_clean_NODE_41_length_4562_cov_5.122522
      Kingdom: [Bamfordvirae] -> [Shotokuvirae]
      Phylum: [Nucleocytoviricota] -> [Commensaviricota]
      Class: [Megaviricetes] -> [Cardeaviricetes]
      Order: [Imitervirales] -> [Sanitavirales]
      Species: [Mimivirus lagoaense] -> [Torque teno midi virus]
  SRR33536650_clean_NODE_429_length_2765_cov_12.101412
      Order: [Imitervirales] -> [Algavirales]
      Family: [Mimiviridae] -> [Phycodnaviridae]
      Genus: [Moumouvirus] -> [Prasinovirus]
      Species: [Moumouvirus australiense] -> [Dishui Lake phycodnavirus 3]
  SRR33536650_clean_NODE_448_length_2734_cov_4.565201
      Species: [Tupanvirus altamarinense] -> [Chrysophyceae clade H virus]
  SRR33536650_clean_NODE_486_length_2682_cov_3.566501
      Realm: [Varidnaviria] -> [Duplodnaviria]
      Kingdom: [Bamfordvirae] -> [Heunggongvirae]
      Phylum: [Nucleocytoviricota] -> [Peploviricota]
      Class: [Megaviricetes] -> [Herviviricetes]
      Order: [Pimascovirales] -> [Herpesvirales]
  SRR33536650_clean_NODE_5032_length_1170_cov_3.192343
      Order: [Imitervirales] -> [Pimascovirales]
  SRR33536650_clean_NODE_582_length_2575_cov_9.458433
      Species: [Teubervirus P596] -> [Florenciella sp. virus SA1]
  SRR33536650_clean_NODE_635_length_2523_cov_5.872653
      Order: [Imitervirales] -> [Pimascovirales]
      Family: [Mimiviridae] -> [Orpheoviridae]
      Genus: [Tupanvirus] -> [Alphaorpheovirus]
      Species: [Tupanvirus altamarinense] -> [Alphaorpheovirus massiliense]
  SRR33536650_clean_NODE_684_length_2471_cov_6.550876
      Species: [Fadolivirus algeromassiliense] -> [空]
  SRR33536650_clean_NODE_706_length_2450_cov_4.546066
      Species: [Biavirus raunefjordenense] -> [Mimiviridae sp. ChoanoV1]
  SRR33536650_clean_NODE_761_length_2402_cov_2.883641
      Realm: [Varidnaviria] -> [Duplodnaviria]
      Kingdom: [Bamfordvirae] -> [Heunggongvirae]
      Phylum: [Nucleocytoviricota] -> [Peploviricota]
      Class: [Megaviricetes] -> [Herviviricetes]
      Order: [Imitervirales] -> [Herpesvirales]
  SRR33536650_clean_NODE_774_length_2389_cov_4.846287
      Realm: [Varidnaviria] -> [Duplodnaviria]
      Kingdom: [Bamfordvirae] -> [Heunggongvirae]
      Phylum: [Nucleocytoviricota] -> [Uroviricota]
  SRR33536650_clean_NODE_833_length_2327_cov_21.513310
      Family: [Mesomimiviridae] -> [Schizomimiviridae]
      Genus: [Tethysvirus] -> [Biavirus]
      Species: [Tethysvirus ontarioense] -> [Biavirus raunefjordenense]
  SRR33536650_clean_NODE_846_length_2317_cov_4.577986
      Realm: [Varidnaviria] -> [Duplodnaviria]
      Kingdom: [Bamfordvirae] -> [Heunggongvirae]
      Phylum: [Nucleocytoviricota] -> [Peploviricota]
      Class: [Megaviricetes] -> [Herviviricetes]
      Order: [Pimascovirales] -> [Herpesvirales]
  SRR33536650_clean_NODE_849_length_2314_cov_6.886212
      Species: [Cotonvirus japonicum] -> [Mimivirus LCMiAC01]
  SRR33536650_clean_NODE_879_length_2297_cov_9.593975
      Realm: [Varidnaviria] -> [Duplodnaviria]
      Kingdom: [Bamfordvirae] -> [Heunggongvirae]
      Phylum: [Nucleocytoviricota] -> [Peploviricota]
      Class: [Megaviricetes] -> [Herviviricetes]
  SRR33536650_clean_NODE_901_length_2279_cov_7.776519
      Species: [Tupanvirus altamarinense] -> [Naiavirus sp.]
  SRR33536650_clean_NODE_902_length_2279_cov_5.727561
      Family: [Marseilleviridae] -> [Orpheoviridae]
      Genus: [Marseillevirus] -> [Alphaorpheovirus]
      Species: [Marseillevirus massiliense] -> [Alphaorpheovirus massiliense]
  SRR33536650_clean_NODE_915_length_2272_cov_6.781719
      Order: [Imitervirales] -> [Algavirales]
      Species: [Tethysvirus raunefjordenense] -> [Micromonas commoda virus]
  SRR33536651_clean_NODE_1016_length_824_cov_1.900133
      Species: [Potexvirus pepini] -> [Potexvirus ecspotati]
  SRR33536651_clean_NODE_1825_length_674_cov_1.534110
      Species: [Prasinovirus ostreotauri] -> [Bathycoccus sp. RCC716 virus 2]
  SRR33536651_clean_NODE_1_length_6581_cov_39.037953
      Species: [Tobamovirus fortpiercense] -> [Blumeria graminis vivivirus 2]
  SRR33536651_clean_NODE_3525_length_540_cov_0.920771
      Order: [Imitervirales] -> [Pimascovirales]
  SRR33536657_clean_NODE_499_length_605_cov_1.862782
      Genus: [Xuanwuvirus] -> [Wadgaonvirus]
      Species: [Xuanwuvirus xv520873] -> [Wadgaonvirus wv5004651]
  SRR33536660_clean_NODE_29_length_2148_cov_4.286265
      Family: [Mimiviridae] -> [Schizomimiviridae]
      Genus: [Megavirus] -> [Biavirus]
      Species: [Megavirus powaiense] -> [Biavirus raunefjordenense]
  SRR33536660_clean_NODE_3077_length_636_cov_1.367673
      Species: [Hemivirus volvocis] -> [Penicillium camemberti virus - GP1*]
  SRR33536660_clean_NODE_366_length_1221_cov_1.763066
      Realm: [Duplodnaviria] -> [Varidnaviria]
      Kingdom: [Heunggongvirae] -> [Bamfordvirae]
      Phylum: [Uroviricota] -> [Nucleocytoviricota]
  SRR33536660_clean_NODE_36_length_2055_cov_2.280020
      Order: [Imitervirales] -> [Algavirales]
  SRR33536660_clean_NODE_5030_length_544_cov_1.454352
      Species: [Potexvirus ecspotati] -> [Wallace's spikemoss associated tymo-like virus 1]
  SRR33536660_clean_NODE_67_length_1876_cov_3.142540
      Order: [Imitervirales] -> [Algavirales]
      Species: [Tethysvirus raunefjordenense] -> [Micromonas commoda virus]
  SRR35911571_clean_NODE_1240_length_4003_cov_7.670738
      Family: [Allomimiviridae] -> [Mimiviridae]
      Genus: [Oceanusvirus] -> [Catovirus]
      Species: [Oceanusvirus kaneohense] -> [Catovirus klosterense]
  SRR35911571_clean_NODE_163_length_7318_cov_9.981504
      Realm: [Adnaviria] -> [Varidnaviria]
      Kingdom: [Zilligvirae] -> [Bamfordvirae]
      Phylum: [Taleaviricota] -> [Nucleocytoviricota]
  SRR35911571_clean_NODE_2916_length_2437_cov_4.135364
      Species: [Sirevirus arabidopsis] -> [Atrato Retro-like virus]
  SRR35911571_clean_NODE_4388_length_1701_cov_25.343366
      Class: [Megaviricetes] -> [Naldaviricetes]
      Order: [Pimascovirales] -> [Lefavirales]
      Family: [Hydriviridae] -> [Baculoviridae]
      Genus: [Alphahydrivirus] -> [Betabaculovirus]
      Species: [Alphahydrivirus permafrostis] -> [Betabaculovirus pluxylostellae]
  SRR35911571_clean_NODE_498_length_5493_cov_20.649262
      Species: [Phaeovirus unasiliculosus] -> [Phaeovirus irregularis]
  SRR35911571_clean_NODE_522_length_5407_cov_13.368579
      Species: [Cilevirus pistaciae] -> [Saiwaicho virus]
  SRR35911571_clean_NODE_82_length_8543_cov_33.048996
      Realm: [Varidnaviria] -> [Duplodnaviria]
      Kingdom: [Bamfordvirae] -> [Heunggongvirae]
      Phylum: [Nucleocytoviricota] -> [Uroviricota]
  SRR35911571_clean_NODE_835_length_4692_cov_27.122537
      Species: [空] -> [Pithovirus LCPAC202]
  SRR35911571_clean_NODE_872_length_4624_cov_17.640738
      Species: [Tupanvirus salinum] -> [Harvfovirus sp.]
  SRR35911571_clean_NODE_906_length_4561_cov_13.294118
      Species: [Tupanvirus altamarinense] -> [Harvfovirus sp.]
  SRR35911572_clean_NODE_2143_length_599_cov_0.796578
      Realm: [Varidnaviria] -> [Duplodnaviria]
      Kingdom: [Bamfordvirae] -> [Heunggongvirae]
      Phylum: [Nucleocytoviricota] -> [Peploviricota]
      Class: [Pokkesviricetes] -> [Herviviricetes]
      Order: [Chitovirales] -> [Herpesvirales]
      Family: [Poxviridae] -> [Baculoviridae]
      Genus: [Betaentomopoxvirus] -> [Alphabaculovirus]
      Species: [Betaentomopoxvirus crosaceana] -> [Alphabaculovirus lydisparis]
  SRR35911574_clean_NODE_2_length_8615_cov_3.737766
      Family: [Baculoviridae] -> [Nudiviridae]
      Genus: [Betabaculovirus] -> [Alphanudivirus]
      Species: [Betabaculovirus maphaseoli] -> [Alphanudivirus apimelliferae]
  SRR35911574_clean_NODE_92_length_2526_cov_2.700367
      Class: [Naldaviricetes] -> [Megaviricetes]
      Order: [Lefavirales] -> [Imitervirales]
      Species: [Betabaculovirus trini] -> [空]
  SRR35911575_clean_NODE_2069_length_563_cov_0.455102
      Realm: [Varidnaviria] -> [Duplodnaviria]
      Kingdom: [Bamfordvirae] -> [Heunggongvirae]
      Phylum: [Nucleocytoviricota] -> [Peploviricota]
      Class: [Megaviricetes] -> [Herviviricetes]
      Order: [Imitervirales] -> [Herpesvirales]
      Family: [Mesomimiviridae] -> [Orthoherpesviridae]
      Genus: [Tethysvirus] -> [Lymphocryptovirus]
      Species: [Tethysvirus raunefjordenense] -> [Lymphocryptovirus humangamma4]
  SRR35911579_clean_NODE_1068_length_4316_cov_11.817346
      Realm: [Varidnaviria] -> [Duplodnaviria]
      Kingdom: [Bamfordvirae] -> [Heunggongvirae]
      Phylum: [Nucleocytoviricota] -> [Uroviricota]
  SRR35911579_clean_NODE_1382_length_3850_cov_3.257347
      Realm: [Riboviria] -> [Varidnaviria]
      Kingdom: [Pararnavirae] -> [Bamfordvirae]
      Phylum: [Artverviricota] -> [Nucleocytoviricota]
      Class: [Revtraviricetes] -> [Megaviricetes]
      Order: [Ortervirales] -> [Pimascovirales]
      Family: [Pseudoviridae] -> [Marseilleviridae]
      Genus: [Pseudovirus] -> [Marseillevirus]
      Species: [Pseudovirus tabaci] -> [Marseillevirus futianmevirus]
  SRR35911579_clean_NODE_14856_length_523_cov_2.053333
      Realm: [Varidnaviria] -> [Duplodnaviria]
      Kingdom: [Bamfordvirae] -> [Heunggongvirae]
      Phylum: [Nucleocytoviricota] -> [Peploviricota]
      Class: [Megaviricetes] -> [Herviviricetes]
      Order: [Pimascovirales] -> [Herpesvirales]
  SRR35911579_clean_NODE_1599_length_3600_cov_43.009356
      Realm: [Varidnaviria] -> [Duplodnaviria]
      Kingdom: [Bamfordvirae] -> [Heunggongvirae]
      Phylum: [Nucleocytoviricota] -> [Uroviricota]
  SRR35911579_clean_NODE_1906_length_3280_cov_11.778921
      Realm: [Varidnaviria] -> [Riboviria]
      Kingdom: [Bamfordvirae] -> [Pararnavirae]
      Phylum: [Nucleocytoviricota] -> [Artverviricota]
      Class: [Pokkesviricetes] -> [Revtraviricetes]
      Order: [Chitovirales] -> [Ortervirales]
      Family: [Poxviridae] -> [Retroviridae]
      Genus: [Salmonpoxvirus] -> [Gammaretrovirus]
      Species: [Salmonpoxvirus gillpox] -> [Gammaretrovirus felleu]
  SRR35911579_clean_NODE_205_length_7132_cov_14.097748
      Realm: [Duplodnaviria] -> [Varidnaviria]
      Kingdom: [Heunggongvirae] -> [Bamfordvirae]
      Phylum: [Uroviricota] -> [Nucleocytoviricota]
  SRR35911579_clean_NODE_2176_length_3037_cov_6.776991
      Species: [Pseudovirus tabaci] -> [Atrato Retro-like virus]
  SRR35911579_clean_NODE_2225_length_2996_cov_59.837154
      Species: [Moumouvirus australiense] -> [Moumouvirus maliense]
  SRR35911579_clean_NODE_2368_length_2877_cov_22.240728
      Species: [Coccolithovirus huxleyi] -> [Chrysophyceae clade H virus]
  SRR35911579_clean_NODE_414_length_6019_cov_47.900101
      Species: [Fadolivirus algeromassiliense] -> [空]
  SRR35911579_clean_NODE_4296_length_1788_cov_1.227988
      Species: [Biavirus raunefjordenense] -> [空]
  SRR35911579_clean_NODE_503_length_5689_cov_39.668269
      Realm: [Varidnaviria] -> [Duplodnaviria]
      Kingdom: [Bamfordvirae] -> [Heunggongvirae]
      Phylum: [Nucleocytoviricota] -> [Peploviricota]
      Class: [Megaviricetes] -> [Herviviricetes]
      Species: [空] -> [Otarine gammaherpesvirus 4]
  SRR35911579_clean_NODE_91_length_8428_cov_27.229204
      Genus: [Alphacedratvirus] -> [Alphapithovirus]
      Species: [Alphacedratvirus brasiliense] -> [Alphapithovirus siberiense]
  SRR35911580_clean_NODE_1149_length_4104_cov_26.591168
      Genus: [Inibicvirus] -> [Wadgaonvirus]
      Species: [Inibicvirus 613R3] -> [Wadgaonvirus wv5004651]
  SRR35911580_clean_NODE_14_length_10799_cov_41.154298
      Realm: [Varidnaviria] -> [Duplodnaviria]
      Kingdom: [Bamfordvirae] -> [Heunggongvirae]
      Phylum: [Nucleocytoviricota] -> [Uroviricota]
      Family: [Schizomimiviridae] -> [Peduoviridae]
      Genus: [Biavirus] -> [Gemsvirus]
      Species: [Biavirus raunefjordenense] -> [Gemsvirus gv5004652]
  SRR35911580_clean_NODE_1598_length_3517_cov_3.856272
      Genus: [Fadolivirus] -> [Catovirus]
      Species: [Fadolivirus algeromassiliense] -> [Catovirus klosterense]
  SRR35911580_clean_NODE_2713_length_2566_cov_43.671079
      Realm: [Varidnaviria] -> [Duplodnaviria]
      Kingdom: [Bamfordvirae] -> [Heunggongvirae]
      Phylum: [Nucleocytoviricota] -> [Uroviricota]
  SRR35911580_clean_NODE_4285_length_1761_cov_1.815166
      Species: [Sirevirus lycopersici] -> [Penicillium camemberti virus - GP1*]
  SRR35911580_clean_NODE_4351_length_1739_cov_1.591837
      Order: [Imitervirales] -> [Pimascovirales]
      Family: [Schizomimiviridae] -> [Iridoviridae]
      Genus: [Biavirus] -> [Megalocytivirus]
      Species: [Biavirus raunefjordenense] -> [Megalocytivirus lates1]
  SRR35911580_clean_NODE_493_length_5447_cov_20.399702
      Species: [Megavirus powaiense] -> [Chrysophyceae clade H virus]
  SRR35911580_clean_NODE_609_length_5140_cov_42.789619
      Genus: [Ictavirus] -> [Salmovirus]
      Species: [Ictavirus acipenseridallo2] -> [Salmovirus salmonidallo1]
  SRR35911580_clean_NODE_7638_length_923_cov_0.887059
      Species: [Pseudovirus nicotianae] -> [Atrato Retro-like virus]
  SRR35911580_clean_NODE_77_length_8446_cov_9.034635
      Realm: [Varidnaviria] -> [Riboviria]
      Kingdom: [Bamfordvirae] -> [Pararnavirae]
      Phylum: [Nucleocytoviricota] -> [Artverviricota]
      Class: [Megaviricetes] -> [Revtraviricetes]
      Order: [Imitervirales] -> [Ortervirales]
  SRR35911580_clean_NODE_988_length_4362_cov_16.735603
      Order: [Imitervirales] -> [Pimascovirales]
  SRR35911581_clean_NODE_103_length_1708_cov_1.944343
      Family: [Pseudoviridae] -> [Caulimoviridae]
      Genus: [Pseudovirus] -> [Caulimovirus]
      Species: [Pseudovirus solani] -> [Caulimovirus sp.]
  SRR6206200_clean_NODE_102_length_2898_cov_1.710796
      Species: [Alpharetrovirus avifujsar] -> [Alpharetrovirus avileu]
  SRR6206200_clean_NODE_115_length_2822_cov_4.148054
      Realm: [Varidnaviria] -> [Duplodnaviria]
      Kingdom: [Bamfordvirae] -> [Heunggongvirae]
      Phylum: [Nucleocytoviricota] -> [Uroviricota]
  SRR6206200_clean_NODE_164_length_2522_cov_11.177624
      Family: [Mesomimiviridae] -> [Schizomimiviridae]
      Genus: [Tethysvirus] -> [Biavirus]
      Species: [Tethysvirus raunefjordenense] -> [Biavirus raunefjordenense]
  SRR6206200_clean_NODE_170_length_2493_cov_2.154132
      Family: [Schizomimiviridae] -> [Mimiviridae]
      Genus: [Biavirus] -> [Catovirus]
      Species: [Biavirus raunefjordenense] -> [Catovirus klosterense]
  SRR6206200_clean_NODE_181_length_2428_cov_2.573248
      Order: [Imitervirales] -> [Pimascovirales]
      Family: [Mimiviridae] -> [Marseilleviridae]
      Genus: [Fadolivirus] -> [Marseillevirus]
      Species: [Fadolivirus algeromassiliense] -> [Tokyovirus A1]
  SRR6206200_clean_NODE_203_length_2338_cov_5.426049
      Realm: [Varidnaviria] -> [Duplodnaviria]
      Kingdom: [Bamfordvirae] -> [Heunggongvirae]
      Phylum: [Nucleocytoviricota] -> [Uroviricota]
  SRR6206200_clean_NODE_213_length_2304_cov_7.006723
      Class: [Naldaviricetes] -> [Herviviricetes]
      Order: [Lefavirales] -> [Herpesvirales]
  SRR6206200_clean_NODE_2323_length_1012_cov_2.135250
      Family: [Pseudoviridae] -> [Caulimoviridae]
      Genus: [Pseudovirus] -> [Caulimovirus]
      Species: [Pseudovirus solani] -> [Caulimovirus sp.]
  SRR6206200_clean_NODE_242_length_2233_cov_2.516667
      Realm: [Varidnaviria] -> [Duplodnaviria]
      Kingdom: [Bamfordvirae] -> [Heunggongvirae]
      Phylum: [Nucleocytoviricota] -> [Peploviricota]
      Class: [Megaviricetes] -> [Herviviricetes]
      Order: [Algavirales] -> [Herpesvirales]
      Family: [Phycodnaviridae] -> [Retroviridae]
      Genus: [Phaeovirus] -> [Gammaretrovirus]
      Species: [Phaeovirus unasiliculosus] -> [Gammaretrovirus felleu]
  SRR6206200_clean_NODE_324_length_2037_cov_1.572301
      Species: [Gammaretrovirus hazufelsar] -> [Gammaretrovirus felleu]
  SRR6206200_clean_NODE_327_length_2027_cov_1.669908
      Species: [Tupanvirus altamarinense] -> [Delepquintavirus DLP5]
  SRR6206200_clean_NODE_347_length_2001_cov_2.048755
      Species: [Tupanvirus altamarinense] -> [Chrysophyceae clade H virus]
  SRR6206200_clean_NODE_4552_length_782_cov_1.172073
      Species: [Gammaretrovirus hazufelsar] -> [Gammaretrovirus felleu]
  SRR6206200_clean_NODE_531_length_1749_cov_2.306086
      Species: [Agnivirus brisbanense] -> [Poseidoniales virus]
  SRR6206200_clean_NODE_585_length_1696_cov_2.003697
      Realm: [Varidnaviria] -> [Duplodnaviria]
      Kingdom: [Bamfordvirae] -> [Heunggongvirae]
      Phylum: [Nucleocytoviricota] -> [Uroviricota]
  SRR6206200_clean_NODE_69_length_3242_cov_2.148312
      Realm: [Varidnaviria] -> [Duplodnaviria]
      Kingdom: [Bamfordvirae] -> [Heunggongvirae]
      Phylum: [Nucleocytoviricota] -> [Uroviricota]
      Species: [Biavirus raunefjordenense] -> [Donellivirus gee]
  SRR6206200_clean_NODE_808_length_1522_cov_2.681159
      Species: [Fadolivirus algeromassiliense] -> [Mimivirus LCMiAC01]
  SRR6206200_clean_NODE_98_length_2910_cov_2.135002
      Species: [Biavirus raunefjordenense] -> [Florenciella sp. virus SA1]
  SRR6896657_clean_NODE_11_length_2526_cov_4.529269
      Species: [Pseudovirus evelknieveli] -> [Penicillium camemberti virus - GP1]
  SRR8191317_clean_NODE_3_length_7962_cov_31585.820129
      Species: [Potexvirus flavimaculae] -> [Potexvirus fragariae]
  SRR8191317_clean_NODE_407_length_770_cov_1.340029
      Species: [Gammaretrovirus hazufelsar] -> [Gammaretrovirus felleu]
  SRR8191320_clean_NODE_1095_length_538_cov_1.350538
      Species: [Soymovirus maculaglycinis] -> [Soymovirus eleocharis]
  SRR8191320_clean_NODE_674_length_639_cov_11.745583
      Family: [Betaflexiviridae] -> [Alphaflexiviridae]
      Genus: [Carlavirus] -> [Potexvirus]
      Species: [Carlavirus pisi] -> [Potexvirus ecspotati]
  SRR8191320_clean_NODE_789_length_610_cov_1.657356
      Species: [Potexvirus ecsthalassiae] -> [Potexvirus ecspotati]
  SRR8191321_clean_NODE_26_length_2050_cov_3.276176
      Species: [Pseudovirus solani] -> [Atrato Retro-like virus]
  SRR8191327_clean_NODE_24_length_2247_cov_3.793008
      Genus: [Megavirus] -> [Moumouvirus]
      Species: [Megavirus powaiense] -> [Moumouvirus maliense]
  SRR8191327_clean_NODE_29_length_2182_cov_7.436700
      Realm: [Varidnaviria] -> [Duplodnaviria]
      Kingdom: [Bamfordvirae] -> [Heunggongvirae]
      Phylum: [Nucleocytoviricota] -> [Peploviricota]
      Class: [Megaviricetes] -> [Herviviricetes]
      Order: [Algavirales] -> [Herpesvirales]
  SRR8191327_clean_NODE_35_length_2047_cov_3.529889
      Species: [Tupanvirus salinum] -> [Tupanvirus altamarinense]
  SRR8191329_clean_NODE_82_length_1583_cov_14.576159
      Species: [Pseudovirus oryzae] -> [Atrato Retro-like virus]
  SRR8191330_clean_NODE_1929_length_612_cov_1.270872
      Species: [Potexvirus ecsalstroemeriae] -> [Potexvirus ecspotati]
  SRR8191330_clean_NODE_23_length_2267_cov_2.927530
      Realm: [Duplodnaviria] -> [Varidnaviria]
      Kingdom: [Heunggongvirae] -> [Bamfordvirae]
      Phylum: [Uroviricota] -> [Nucleocytoviricota]
  SRR8293185_clean_NODE_4_length_3447_cov_2.314760
      Genus: [Donellivirus] -> [Delepquintavirus]
      Species: [Donellivirus gee] -> [Delepquintavirus DLP5]
  SRR8293190_clean_NODE_767_length_677_cov_0.687086
      Species: [Fadolivirus algeromassiliense] -> [Harvfovirus sp.]
  SRR8293192_clean_NODE_18_length_2214_cov_1.621205
      Order: [Imitervirales] -> [Algavirales]
      Species: [Megavirus powaiense] -> [Micromonas polaris virus]
  SRR8293192_clean_NODE_59_length_1415_cov_7.083458
      Order: [Imitervirales] -> [Algavirales]
      Family: [Allomimiviridae] -> [Phycodnaviridae]
      Genus: [Oceanusvirus] -> [Chlorovirus]
      Species: [Oceanusvirus kaneohense] -> [Chlorovirus sp.]
  SRR8293193_clean_NODE_23_length_2361_cov_2.577360
      Realm: [Varidnaviria] -> [Duplodnaviria]
      Kingdom: [Bamfordvirae] -> [Heunggongvirae]
      Phylum: [Nucleocytoviricota] -> [Peploviricota]
      Class: [Megaviricetes] -> [Herviviricetes]
      Order: [Imitervirales] -> [Herpesvirales]
      Family: [Mimiviridae] -> [Hepaciviridae]
      Genus: [Mimivirus] -> [Orthohepacivirus]
      Species: [Mimivirus lagoaense] -> [Orthohepacivirus hominis]
  SRR8293193_clean_NODE_5_length_3465_cov_4.663915
      Species: [Chlorovirus vanettense] -> [Chlorovirus sp.]
  SRR8293195_clean_NODE_61_length_1809_cov_14.638825
      Order: [Imitervirales] -> [Algavirales]
  contig_1067
      Species: [Alphahydrivirus permafrostis] -> [Pithovirus LCPAC102]
  contig_1090
      Order: [Imitervirales] -> [Pimascovirales]
      Family: [Mimiviridae] -> [Marseilleviridae]
      Genus: [Fadolivirus] -> [Marseillevirus]
      Species: [Fadolivirus algeromassiliense] -> [Tokyovirus A1]
  contig_1118
      Species: [Cukevirus cuke] -> [Chrysophyceae clade H virus]
  contig_1227
      Realm: [Varidnaviria] -> [Duplodnaviria]
      Kingdom: [Bamfordvirae] -> [Heunggongvirae]
      Phylum: [Nucleocytoviricota] -> [Peploviricota]
      Class: [Megaviricetes] -> [Herviviricetes]
      Order: [Pimascovirales] -> [Herpesvirales]
      Species: [Alphacedratvirus brasiliense] -> [Beihai noda-like virus 10]
  contig_125
      Realm: [Varidnaviria] -> [Riboviria]
      Kingdom: [Bamfordvirae] -> [Pararnavirae]
      Phylum: [Nucleocytoviricota] -> [Artverviricota]
      Class: [Megaviricetes] -> [Revtraviricetes]
      Order: [Imitervirales] -> [Ortervirales]
      Family: [Schizomimiviridae] -> [Retroviridae]
      Genus: [Biavirus] -> [Lentivirus]
      Species: [Biavirus raunefjordenense] -> [Lentivirus humimdef1]
  contig_1252
      Class: [Megaviricetes] -> [Pokkesviricetes]
      Order: [Imitervirales] -> [Chitovirales]
      Family: [Schizomimiviridae] -> [Poxviridae]
      Genus: [Biavirus] -> [Orthopoxvirus]
      Species: [Biavirus raunefjordenense] -> [Orthopoxvirus monkeypox]
  contig_1271
      Order: [Imitervirales] -> [Pimascovirales]
  contig_1368
      Family: [Mimiviridae] -> [Mesomimiviridae]
      Genus: [Mimivirus] -> [Criusvirus]
      Species: [Mimivirus lagoaense] -> [Criusvirus kaneoense*]
  contig_1390
      Order: [Magrovirales] -> [Picornavirales]
      Family: [Apasviridae] -> [Iflaviridae]
      Genus: [Agnivirus] -> [Iflavirus]
      Species: [Agnivirus brisbanense] -> [Poseidoniales virus]
  contig_1398
      Realm: [Duplodnaviria] -> [Varidnaviria]
      Species: [Jouyvirus ev017] -> [空]
  contig_150
      Species: [Chlorovirus conductrix] -> [Chlorovirus sp.]
  contig_1517
      Realm: [Duplodnaviria] -> [Varidnaviria]
      Kingdom: [Heunggongvirae] -> [Bamfordvirae]
      Phylum: [Uroviricota] -> [Nucleocytoviricota]
  contig_1536
      Realm: [Varidnaviria] -> [Duplodnaviria]
      Kingdom: [Bamfordvirae] -> [Heunggongvirae]
      Phylum: [Nucleocytoviricota] -> [Uroviricota]
      Species: [Biavirus raunefjordenense] -> [Fernvirus yyerffej]
  contig_1558
      Species: [Tupanvirus salinum] -> [Terrestrivirus sp.]
  contig_1602
      Species: [Chlorovirus americanus] -> [Micromonas polaris virus]
  contig_1619
      Class: [Pokkesviricetes] -> [Megaviricetes]
      Order: [Chitovirales] -> [Pimascovirales]
      Family: [Poxviridae] -> [Iridoviridae]
      Genus: [Deltaentomopoxvirus] -> [Lymphocystivirus]
      Species: [Deltaentomopoxvirus msanguinipes] -> [空]
  contig_1634
      Genus: [Fadolivirus] -> [Tupanvirus]
      Species: [Fadolivirus algeromassiliense] -> [Tupanvirus altamarinense]
  contig_1683
      Realm: [Varidnaviria] -> [Duplodnaviria]
      Kingdom: [Bamfordvirae] -> [Heunggongvirae]
      Phylum: [Nucleocytoviricota] -> [Peploviricota]
      Class: [Megaviricetes] -> [Herviviricetes]
      Order: [Imitervirales] -> [Herpesvirales]
  contig_1725
      Genus: [Fadolivirus] -> [Tupanvirus]
      Species: [Fadolivirus algeromassiliense] -> [Tupanvirus altamarinense]
  contig_1736
      Order: [Imitervirales] -> [Pimascovirales]
      Family: [Mimiviridae] -> [Pithoviridae]
      Genus: [Fadolivirus] -> [Alphacedratvirus*]
      Species: [Fadolivirus algeromassiliense] -> [Florenciella sp. virus SA1]
  contig_1746
      Realm: [Varidnaviria] -> [Duplodnaviria]
      Kingdom: [Bamfordvirae] -> [Heunggongvirae]
      Phylum: [Nucleocytoviricota] -> [Uroviricota]
      Order: [Imitervirales] -> [Algavirales]
      Species: [Theiavirus salishense] -> [Micromonas polaris virus]
  contig_1759
      Order: [Algavirales] -> [Imitervirales]
  contig_1760
      Realm: [Duplodnaviria] -> [Varidnaviria]
      Kingdom: [Heunggongvirae] -> [Bamfordvirae]
      Phylum: [Uroviricota] -> [Nucleocytoviricota]
  contig_1769
      Genus: [Tupanvirus] -> [Catovirus]
      Species: [Tupanvirus salinum] -> [Catovirus klosterense]
  contig_1842
      Realm: [Varidnaviria] -> [Duplodnaviria]
      Kingdom: [Bamfordvirae] -> [Heunggongvirae]
      Phylum: [Nucleocytoviricota] -> [Uroviricota]
      Class: [Megaviricetes] -> [Naldaviricetes]
      Order: [Algavirales] -> [Lefavirales]
  contig_1909
      Order: [Imitervirales] -> [Pimascovirales]
      Species: [Theiavirus salishense] -> [空]
  contig_193
      Order: [Imitervirales] -> [Algavirales]
      Family: [Mimiviridae] -> [Phycodnaviridae]
      Genus: [Moumouvirus] -> [Prasinovirus]
      Species: [Moumouvirus moumou] -> [Dishui Lake phycodnavirus 3]
  contig_1946
      Species: [Moumouvirus goulettemassiliense] -> [Mimivirus LCMiAC01]
  contig_1947
      Order: [Imitervirales] -> [Algavirales]
  contig_1965
      Genus: [Alphacedratvirus] -> [Alphapithovirus]
      Species: [Alphacedratvirus francolausannense] -> [Alphapithovirus siberiense]
  contig_1968
      Family: [Pseudoviridae] -> [Caulimoviridae]
      Genus: [Pseudovirus] -> [Caulimovirus]
      Species: [Pseudovirus glycinis] -> [Caulimovirus sp.]
  contig_2035
      Realm: [Varidnaviria] -> [Duplodnaviria]
      Kingdom: [Bamfordvirae] -> [Heunggongvirae]
      Phylum: [Nucleocytoviricota] -> [Uroviricota]
  contig_2055
      Realm: [Duplodnaviria] -> [Varidnaviria]
      Kingdom: [Heunggongvirae] -> [Bamfordvirae]
      Phylum: [Peploviricota] -> [Nucleocytoviricota]
      Class: [Herviviricetes] -> [Megaviricetes]
      Order: [Herpesvirales] -> [Pimascovirales]
  contig_2113
      Species: [Fadolivirus algeromassiliense] -> [空]
  contig_2141
      Species: [Biavirus raunefjordenense] -> [Terrestrivirus sp.]
  contig_2147
      Species: [Alphapithovirus sibericum] -> [Florenciella sp. virus SA1]
  contig_2179
      Genus: [Fadolivirus] -> [Hokovirus]
      Species: [Fadolivirus algeromassiliense] -> [Hokovirus HKV1]
  contig_2260
      Species: [Biavirus raunefjordenense] -> [Mimiviridae sp. ChoanoV1*]
  contig_2314
      Species: [Pseudovirus australiense] -> [Atrato Retro-like virus]
  contig_2326
      Species: [Biavirus raunefjordenense] -> [Terrestrivirus sp.]
  contig_2344
      Species: [Tethysvirus ontarioense] -> [空]
  contig_2352
      Species: [Chlorovirus vanettense] -> [Chlorovirus sp.]
  contig_2385
      Species: [Gammaretrovirus murleu] -> [Gammaretrovirus felleu]
  contig_2469
      Species: [Scleroulivirus xiplasmoparae] -> [Botourmiaviridae sp.]
  contig_2481
      Family: [Schizomimiviridae] -> [Mimiviridae]
      Genus: [Biavirus] -> [Megavirus]
      Species: [Biavirus raunefjordenense] -> [Megavirus sp.]
  contig_2549
      Species: [Tupanvirus salinum] -> [Tupanvirus altamarinense]
  contig_2563
      Realm: [Varidnaviria] -> [Duplodnaviria]
      Kingdom: [Bamfordvirae] -> [Heunggongvirae]
      Phylum: [Nucleocytoviricota] -> [Uroviricota]
  contig_2569
      Genus: [Tupanvirus] -> [Megavirus]
      Species: [Tupanvirus altamarinense] -> [Megavirus sp.]
  contig_2643
      Realm: [Varidnaviria] -> [Duplodnaviria]
      Kingdom: [Bamfordvirae] -> [Heunggongvirae]
      Phylum: [Nucleocytoviricota] -> [Uroviricota]
  contig_271
      Species: [Biavirus raunefjordenense] -> [Imitervirales sp.]
  contig_2722
      Species: [Tupanvirus salinum] -> [Terrestrivirus sp.]
  contig_2800
      Genus: [Mimivirus] -> [Catovirus]
      Species: [Mimivirus bradfordmassiliense] -> [Catovirus CTV1]
  contig_2807
      Order: [Imitervirales] -> [Pimascovirales]
  contig_2843
      Class: [Pokkesviricetes] -> [Revtraviricetes]
      Order: [Chitovirales] -> [Ortervirales]
      Family: [Poxviridae] -> [Retroviridae]
      Genus: [Salmonpoxvirus] -> [Gammaretrovirus]
      Species: [Salmonpoxvirus gillpox] -> [Gammaretrovirus felleu]
  contig_2859
      Order: [Imitervirales] -> [Algavirales]
  contig_2905
      Species: [Pseudovirus glycinis] -> [Atrato Retro-like virus]
  contig_3044
      Genus: [Tupanvirus] -> [Megavirus]
      Species: [Tupanvirus altamarinense] -> [Megavirus sp.]
  contig_3137
      Species: [Agnivirus brisbanense] -> [Poseidoniales virus]
  contig_3151
      Order: [Imitervirales] -> [Algavirales]
      Family: [Mimiviridae] -> [Phycodnaviridae]
      Genus: [Theiavirus] -> [Prasinovirus]
      Species: [Theiavirus salishense] -> [Dishui Lake phycodnavirus 3]
  contig_3178
      Order: [Ortervirales] -> [Pimascovirales]
      Family: [Metaviridae] -> [Pithoviridae]
      Genus: [Metavirus] -> [Alphacedratvirus*]
      Species: [Metavirus tatarabidopsis] -> [空]
  contig_3185
      Species: [Oceanusvirus kaneohense] -> [Mimiviridae sp. ChoanoV1]
  contig_3194
      Species: [Tupanvirus altamarinense] -> [Chrysophyceae clade H virus]
  contig_3206
      Order: [Imitervirales] -> [Pimascovirales]
      Family: [Mimiviridae] -> [Orpheoviridae]
      Genus: [Theiavirus] -> [Alphaorpheovirus]
      Species: [Theiavirus salishense] -> [Alphaorpheovirus massiliense]
  contig_3264
      Species: [Pseudovirus solani] -> [Penicillium camemberti virus - GP1]
  contig_3281
      Realm: [Varidnaviria] -> [Duplodnaviria]
      Kingdom: [Bamfordvirae] -> [Heunggongvirae]
      Phylum: [Nucleocytoviricota] -> [Uroviricota]
  contig_329
      Realm: [Varidnaviria] -> [Duplodnaviria]
  contig_333
      Realm: [Varidnaviria] -> [Duplodnaviria]
      Kingdom: [Bamfordvirae] -> [Heunggongvirae]
      Phylum: [Nucleocytoviricota] -> [Peploviricota]
      Class: [Megaviricetes] -> [Herviviricetes]
      Order: [Pimascovirales] -> [Herpesvirales]
  contig_3357
      Species: [Fadolivirus algeromassiliense] -> [Naiavirus sp.]
  contig_3371
      Species: [Rheavirus sinusmexicani] -> [空]
  contig_3393
      Species: [Tupanvirus salinum] -> [Hyperionvirus sp.]
  contig_3397
      Family: [Pseudoviridae] -> [Retroviridae]
      Genus: [Pseudovirus] -> [Lentivirus]
  contig_3422
      Order: [Pimascovirales] -> [Imitervirales]
  contig_3425
      Order: [Imitervirales] -> [Pimascovirales]
  contig_3495
      Realm: [Varidnaviria] -> [Duplodnaviria]
      Kingdom: [Bamfordvirae] -> [Heunggongvirae]
      Phylum: [Nucleocytoviricota] -> [Uroviricota]
  contig_3514
      Realm: [Varidnaviria] -> [Duplodnaviria]
      Kingdom: [Bamfordvirae] -> [Heunggongvirae]
      Phylum: [Nucleocytoviricota] -> [Peploviricota]
      Class: [Megaviricetes] -> [Herviviricetes]
      Order: [Pimascovirales] -> [Herpesvirales]
  contig_3534
      Realm: [Duplodnaviria] -> [Varidnaviria]
      Kingdom: [Heunggongvirae] -> [Bamfordvirae]
      Phylum: [Uroviricota] -> [Nucleocytoviricota]
  contig_3555
      Realm: [Varidnaviria] -> [Duplodnaviria]
      Kingdom: [Bamfordvirae] -> [Heunggongvirae]
      Phylum: [Nucleocytoviricota] -> [Uroviricota]
      Family: [Schizomimiviridae] -> [Peduoviridae]
      Genus: [Biavirus] -> [Gemsvirus]
      Species: [Biavirus raunefjordenense] -> [Gemsvirus gv5004652]
  contig_3578
      Order: [Pimascovirales] -> [Imitervirales]
      Species: [Alphacedratvirus brasiliense] -> [空]
  contig_3593
      Realm: [Adnaviria] -> [Varidnaviria]
      Kingdom: [Zilligvirae] -> [Bamfordvirae]
      Phylum: [Taleaviricota] -> [Nucleocytoviricota]
  contig_3595
      Realm: [Varidnaviria] -> [Duplodnaviria]
      Kingdom: [Bamfordvirae] -> [Heunggongvirae]
      Phylum: [Nucleocytoviricota] -> [Peploviricota]
      Class: [Megaviricetes] -> [Herviviricetes]
      Order: [Pimascovirales] -> [Herpesvirales]
      Family: [Orpheoviridae] -> [Baculoviridae]
      Genus: [Alphaorpheovirus] -> [Alphabaculovirus]
      Species: [Alphaorpheovirus massiliense] -> [Alphabaculovirus ranus]
  contig_3606
      Species: [Oceanusvirus kaneohense] -> [空]
  contig_3623
      Species: [Biavirus raunefjordenense] -> [Florenciella sp. virus SA1]
  contig_3652
      Realm: [Duplodnaviria] -> [Varidnaviria]
  contig_3731
      Order: [Imitervirales] -> [Algavirales]
      Species: [Theiavirus salishense] -> [Chrysochromulina ericina virus]
  contig_3771
      Species: [Tupanvirus altamarinense] -> [Satyrvirus sp.]
  contig_3798
      Species: [Fadolivirus algeromassiliense] -> [Edafosvirus sp.]
  contig_3836
      Species: [Tupanvirus salinum] -> [Chrysophyceae clade H virus]
  contig_3895
      Order: [Pimascovirales] -> [Imitervirales]
  contig_3901
      Realm: [Varidnaviria] -> [Duplodnaviria]
      Kingdom: [Bamfordvirae] -> [Heunggongvirae]
      Phylum: [Nucleocytoviricota] -> [Uroviricota]
      Class: [Megaviricetes] -> [Flasuviricetes]
      Order: [Imitervirales] -> [Amarillovirales]
      Family: [Schizomimiviridae] -> [Hepaciviridae]
      Genus: [Biavirus] -> [Orthohepacivirus]
      Species: [Biavirus raunefjordenense] -> [Orthohepacivirus hominis]
  contig_3959
      Order: [Imitervirales] -> [Algavirales]
  contig_3988
      Order: [Pimascovirales] -> [Algavirales]
      Species: [Alphahydrivirus permafrostis] -> [空]
  contig_4043
      Genus: [Fadolivirus] -> [Rheavirus]
      Species: [Fadolivirus algeromassiliense] -> [Rheavirus sinusmexicani]
  contig_4055
      Genus: [Mimivirus] -> [Catovirus]
      Species: [Mimivirus lagoaense] -> [Catovirus CTV1]
  contig_4097
      Order: [Imitervirales] -> [Pimascovirales]
      Species: [Tethysvirus raunefjordenense] -> [空]
  contig_4102
      Order: [Imitervirales] -> [Pimascovirales]
      Family: [Mimiviridae] -> [Marseilleviridae]
      Genus: [Megavirus] -> [Marseillevirus]
      Species: [Megavirus baoshanense] -> [空]
  contig_4121
      Order: [Pimascovirales] -> [Algavirales]
  contig_4165
      Species: [Magadivirus Mgbh1] -> [Virus NIOZ-UU159]
  contig_4185
      Species: [Benyvirus oryzae] -> [Lentinula edodes beny-like virus 1-Hunong-1]
  contig_4187
      Order: [Pimascovirales] -> [Imitervirales]
      Family: [Marseilleviridae] -> [Schizomimiviridae]
      Genus: [Losannavirus] -> [Biavirus]
      Species: [Losannavirus lausannense] -> [Biavirus raunefjordenense]
  contig_4222
      Realm: [Duplodnaviria] -> [Varidnaviria]
      Species: [Minunavirus Min1] -> [Mimiviridae sp. ChoanoV1]
  contig_423
      Realm: [Varidnaviria] -> [Duplodnaviria]
      Kingdom: [Bamfordvirae] -> [Heunggongvirae]
      Phylum: [Nucleocytoviricota] -> [Peploviricota]
      Class: [Megaviricetes] -> [Herviviricetes]
      Order: [Pimascovirales] -> [Herpesvirales]
  contig_4331
      Genus: [Tupanvirus] -> [Hokovirus]
      Species: [Tupanvirus altamarinense] -> [Hokovirus HKV1*]
  contig_4332
      Realm: [Varidnaviria] -> [Duplodnaviria]
      Kingdom: [Bamfordvirae] -> [Heunggongvirae]
      Phylum: [Nucleocytoviricota] -> [Uroviricota]
      Species: [Orthopoxvirus volepox] -> [Orthopoxvirus cowpox]
  contig_4499
      Species: [Biavirus raunefjordenense] -> [Mimiviridae sp. ChoanoV1*]
  contig_4547
      Species: [Theiavirus salishense] -> [Mimiviridae sp. ChoanoV1]
  contig_4591
      Species: [Chlorovirus conductrix] -> [Chlorovirus sp.]
  contig_4626
      Order: [Imitervirales] -> [Herpesvirales]
      Family: [Schizomimiviridae] -> [Orthoherpesviridae]
      Genus: [Biavirus] -> [Varicellovirus]
      Species: [Biavirus raunefjordenense] -> [Varicellovirus equidalpha1]
  contig_4634
      Order: [Imitervirales] -> [Algavirales]
  contig_4661
      Genus: [Fadolivirus] -> [Catovirus]
      Species: [Fadolivirus algeromassiliense] -> [Catovirus klosterense]
  contig_4751
      Species: [Chlorovirus conductrix] -> [Chlorovirus sp.]
  contig_4763
      Species: [Gammaretrovirus hazufelsar] -> [Gammaretrovirus felleu]
  contig_4785
      Genus: [Fadolivirus] -> [Megavirus]
      Species: [Fadolivirus algeromassiliense] -> [Megavirus sp.]
  contig_4788
      Order: [Pimascovirales] -> [Imitervirales]
  contig_4805
      Family: [Schizomimiviridae] -> [Mimiviridae]
      Genus: [Biavirus] -> [Indivirus]
      Species: [Biavirus raunefjordenense] -> [Indivirus ILV1*]
  contig_4824
      Order: [Imitervirales] -> [Algavirales]
      Species: [Tethysvirus raunefjordenense] -> [Micromonas polaris virus]
  contig_4898
      Family: [Pseudoviridae] -> [Caulimoviridae]
      Genus: [Pseudovirus] -> [Caulimovirus]
      Species: [Pseudovirus brassicae] -> [Caulimovirus sp.]
  contig_4903
      Family: [Schizomimiviridae] -> [Mimiviridae]
      Genus: [Biavirus] -> [Tupanvirus]
      Species: [Biavirus raunefjordenense] -> [Tupanvirus salinum]
  contig_4916
      Realm: [Varidnaviria] -> [Duplodnaviria]
      Kingdom: [Bamfordvirae] -> [Heunggongvirae]
      Phylum: [Nucleocytoviricota] -> [Peploviricota]
      Class: [Megaviricetes] -> [Herviviricetes]
      Species: [空] -> [Otarine gammaherpesvirus 4]
  contig_4932
      Realm: [Riboviria] -> [Duplodnaviria]
      Kingdom: [Pararnavirae] -> [Heunggongvirae]
      Phylum: [Artverviricota] -> [Peploviricota]
      Class: [Revtraviricetes] -> [Herviviricetes]
      Order: [Ortervirales] -> [Herpesvirales]
      Species: [Metavirus tatarabidopsis] -> [Pithovirus LCPAC304]
  contig_4977
      Family: [Poxviridae] -> [Nimaviridae]
      Genus: [Epsilonentomopoxvirus] -> [Whispovirus]
      Species: [Epsilonentomopoxvirus dlongicaudata] -> [空]
  contig_5040
      Order: [Pimascovirales] -> [Algavirales]
      Family: [Hydriviridae] -> [Phycodnaviridae]
      Genus: [Alphahydrivirus] -> [Chlorovirus]
  contig_52
      Realm: [Varidnaviria] -> [Duplodnaviria]
      Kingdom: [Bamfordvirae] -> [Heunggongvirae]
      Phylum: [Nucleocytoviricota] -> [Uroviricota]
  contig_554
      Species: [Theiavirus salishense] -> [Theiavirus salishense*]
  contig_600
      Genus: [Fadolivirus] -> [Megavirus]
      Species: [Fadolivirus algeromassiliense] -> [Megavirus sp.]
  contig_628
      Species: [Mimivirus lagoaense] -> [Mimivirus U306]
  contig_771
      Species: [Cardiovirus theileri] -> [Qianjiang picorna-like virus 47]
  contig_781
      Order: [Imitervirales] -> [Algavirales]
      Species: [Tethysvirus raunefjordenense] -> [Chrysochromulina ericina virus]
  contig_824
      Species: [Chlorovirus americanus] -> [Chlorovirus sp.]
  contig_841
      Order: [Imitervirales] -> [Algavirales]
  contig_853
      Order: [Imitervirales] -> [Pimascovirales]
      Species: [Moumouvirus australiense] -> [空]
  contig_859
      Family: [Schizomimiviridae] -> [Mimiviridae]
      Genus: [Biavirus] -> [Klosneuvirus]
      Species: [Biavirus raunefjordenense] -> [Klosneuvirus KNV1*]
  contig_92
      Realm: [Varidnaviria] -> [Duplodnaviria]
      Kingdom: [Bamfordvirae] -> [Heunggongvirae]
      Phylum: [Nucleocytoviricota] -> [Peploviricota]
      Class: [Megaviricetes] -> [Herviviricetes]
      Order: [Pimascovirales] -> [Herpesvirales]
  contig_947
      Species: [Chlorovirus americanus] -> [Chlorovirus sp.]
  contig_952
      Species: [Tupanvirus altamarinense] -> [Naiavirus sp.]
  contig_957
      Species: [Chlorovirus americanus] -> [Chlorovirus sp.]
