/tmp/rc66_count/final_integrated_classification.tsv
vs /tmp/tb_count/final_integrated_classification.tsv
行数 20892 / 20892

| 阶元 | 非空 v66 | 非空 v67 | 变动行 | 有->空 | 空->有 | 值变 |
|---|---|---|---|---|---|---|
| Realm | 19015 | 18193 | 822 | 822 | 0 | 0 |
| Kingdom | 19142 | 18312 | 830 | 830 | 0 | 0 |
| Phylum | 19039 | 18107 | 932 | 932 | 0 | 0 |
| Class | 19457 | 18899 | 558 | 558 | 0 | 0 |
| Order | 18028 | 17055 | 973 | 973 | 0 | 0 |
| Family | 17710 | 17075 | 635 | 635 | 0 | 0 |
| Genus | 14658 | 13965 | 723 | 699 | 6 | 18 |
| Species | 17239 | 14880 | 2383 | 2371 | 12 | 0 |

涉及 contig 合计 3415

变化行全清单（3415 行 × 8 阶元，只列有差异的阶元）
  CRR1126133_clean_NODE_281_length_867_cov_0.406801
      Realm: [Varidnaviria] -> [空]
      Kingdom: [Bamfordvirae] -> [空]
      Phylum: [Nucleocytoviricota] -> [空]
      Family: [Phycodnaviridae] -> [空]
      Genus: [Prasinovirus] -> [空]
      Species: [Prasinovirus micromonas] -> [空]
  CRR1126134_clean_NODE_21_length_1900_cov_0.549535
      Realm: [Duplodnaviria] -> [空]
      Kingdom: [Heunggongvirae] -> [空]
      Phylum: [Uroviricota] -> [空]
  CRR1126135_clean_NODE_105_length_2460_cov_3.217847
      Species: [Mimiviridae sp. ChoanoV1*] -> [空]
  CRR1126135_clean_NODE_107_length_2443_cov_5.838397
      Genus: [Glaucusvirus] -> [空]
      Species: [Glaucusvirus ssm5] -> [空]
  CRR1126135_clean_NODE_108_length_2432_cov_4.445952
      Species: [Mimiviridae sp. ChoanoV1*] -> [空]
  CRR1126135_clean_NODE_125_length_2363_cov_10.442795
      Phylum: [Uroviricota] -> [空]
  CRR1126135_clean_NODE_138_length_2279_cov_4.769266
      Realm: [Duplodnaviria] -> [空]
      Species: [Satyrvirus sp.*] -> [空]
  CRR1126135_clean_NODE_147_length_2253_cov_2.977064
      Species: [Cilevirus passiflorae] -> [空]
  CRR1126135_clean_NODE_152_length_2226_cov_13.373897
      Species: [Hokovirus HKV1*] -> [空]
  CRR1126135_clean_NODE_176_length_2135_cov_25.968962
      Realm: [Duplodnaviria] -> [空]
      Kingdom: [Heunggongvirae] -> [空]
      Phylum: [Uroviricota] -> [空]
  CRR1126135_clean_NODE_2241_length_650_cov_0.852686
      Class: [Pokkesviricetes] -> [空]
      Order: [Chitovirales] -> [空]
      Species: [Epsilonentomopoxvirus dlongicaudata] -> [空]
  CRR1126135_clean_NODE_235_length_1940_cov_4.753615
      Species: [Mimiviridae sp. ChoanoV1*] -> [空]
  CRR1126135_clean_NODE_278_length_1796_cov_6.343587
      Species: [Mimiviridae sp. ChoanoV1*] -> [空]
  CRR1126135_clean_NODE_29_length_3464_cov_4.068711
      Realm: [Duplodnaviria] -> [空]
      Kingdom: [Heunggongvirae] -> [空]
      Phylum: [Uroviricota] -> [空]
      Class: [Caudoviricetes] -> [空]
      Order: [Pimascovirales] -> [空]
      Genus: [Acionnavirus] -> [空]
      Species: [Llyrvirus SSKS1] -> [空]
  CRR1126135_clean_NODE_318_length_1704_cov_3.572655
      Realm: [Varidnaviria] -> [空]
      Kingdom: [Bamfordvirae] -> [空]
      Phylum: [Nucleocytoviricota] -> [空]
      Order: [Imitervirales] -> [空]
  CRR1126135_clean_NODE_3560_length_501_cov_1.079439
      Realm: [Duplodnaviria] -> [空]
      Kingdom: [Heunggongvirae] -> [空]
      Phylum: [Uroviricota] -> [空]
  CRR1126135_clean_NODE_486_length_1463_cov_3.516547
      Realm: [Duplodnaviria] -> [空]
      Kingdom: [Heunggongvirae] -> [空]
      Phylum: [Uroviricota] -> [空]
  CRR1126135_clean_NODE_499_length_1449_cov_2.359012
      Species: [Fadolivirus algeromassiliense] -> [空]
  CRR1126135_clean_NODE_49_length_3136_cov_6.304603
      Species: [Tupanvirus salinum] -> [空]
  CRR1126135_clean_NODE_4_length_7102_cov_6.646038
      Realm: [Varidnaviria] -> [空]
      Kingdom: [Bamfordvirae] -> [空]
      Phylum: [Nucleocytoviricota] -> [空]
      Class: [Megaviricetes] -> [空]
      Order: [Imitervirales] -> [空]
      Family: [Schizomimiviridae] -> [空]
      Genus: [Biavirus] -> [空]
      Species: [Biavirus raunefjordenense] -> [空]
  CRR1126135_clean_NODE_534_length_1415_cov_2.837556
      Order: [Pimascovirales] -> [空]
      Family: [Orpheoviridae] -> [空]
  CRR1126135_clean_NODE_57_length_2995_cov_14.699179
      Order: [Imitervirales] -> [空]
      Species: [Tethysvirus raunefjordenense] -> [空]
  CRR1126135_clean_NODE_58_length_2984_cov_4.478873
      Realm: [Varidnaviria] -> [空]
      Kingdom: [Bamfordvirae] -> [空]
      Phylum: [Nucleocytoviricota] -> [空]
  CRR1126135_clean_NODE_66_length_2887_cov_8.486141
      Species: [Biavirus raunefjordenense] -> [空]
  CRR1126135_clean_NODE_81_length_2695_cov_19.808924
      Species: [Marseillevirus senegalense] -> [空]
  CRR1126135_clean_NODE_96_length_2525_cov_3.936786
      Order: [Algavirales] -> [空]
      Family: [Phycodnaviridae] -> [空]
      Genus: [Prasinovirus] -> [空]
      Species: [Prasinovirus ostreotauri] -> [空]
  CRR1126136_clean_NODE_76_length_1261_cov_2.835859
      Kingdom: [Pararnavirae] -> [空]
      Phylum: [Artverviricota] -> [空]
      Class: [Revtraviricetes] -> [空]
      Species: [Pseudovirus brassicae] -> [空]
  CRR1126137_clean_NODE_20_length_2002_cov_2.716952
      Order: [Imitervirales] -> [空]
      Species: [Moumouvirus australiense] -> [空]
  CRR1126139_clean_NODE_217_length_1222_cov_3.033072
      Order: [Imitervirales] -> [空]
      Species: [Biavirus raunefjordenense] -> [空]
  CRR1126139_clean_NODE_430_length_881_cov_3.181931
      Species: [Gammaretrovirus woomonsar] -> [空]
  CRR1126139_clean_NODE_72_length_1961_cov_3.638771
      Realm: [Varidnaviria] -> [空]
      Kingdom: [Bamfordvirae] -> [空]
      Phylum: [Nucleocytoviricota] -> [空]
      Order: [Imitervirales] -> [空]
      Species: [Theiavirus salishense] -> [空]
  CRR1126140_clean_NODE_1008_length_1193_cov_1.746429
      Species: [Pseudovirus hordei] -> [空]
  CRR1126140_clean_NODE_1140_length_1128_cov_2.745024
      Species: [Metavirus lilii] -> [空]
  CRR1126140_clean_NODE_1152_length_1124_cov_1.621313
      Species: [Pylecuvirus petroselini*] -> [空]
  CRR1126140_clean_NODE_1242_length_1082_cov_2.643211
      Species: [Sirevirus lycopersici] -> [空]
  CRR1126140_clean_NODE_142_length_2993_cov_13.095205
      Species: [Metavirus osvaldi] -> [空]
  CRR1126140_clean_NODE_187_length_2660_cov_3.661770
      Species: [Pseudovirus brassicae] -> [空]
  CRR1126140_clean_NODE_238_length_2374_cov_4.402434
      Family: [Metaviridae] -> [空]
  CRR1126140_clean_NODE_273_length_2256_cov_2.959230
      Order: [Imitervirales] -> [空]
      Species: [Theiavirus salishense] -> [空]
  CRR1126140_clean_NODE_275_length_2252_cov_1.560349
      Species: [Metavirus osvaldi] -> [空]
  CRR1126140_clean_NODE_27_length_5205_cov_4.298519
      Species: [Hemivirus copiae] -> [空]
  CRR1126140_clean_NODE_2852_length_693_cov_6.058065
      Species: [Badnavirus gammavirgamusae] -> [空]
  CRR1126140_clean_NODE_3325_length_636_cov_1.452931
      Species: [Pseudovirus solani] -> [空]
  CRR1126140_clean_NODE_353_length_1978_cov_2.952231
      Realm: [Duplodnaviria] -> [空]
      Kingdom: [Heunggongvirae] -> [空]
      Phylum: [Uroviricota] -> [空]
      Genus: [Chlorovirus] -> [空]
      Species: [Thornevirus SP15] -> [空]
  CRR1126140_clean_NODE_4168_length_564_cov_1.792261
      Species: [Pseudovirus artarabidopsis] -> [空]
  CRR1126140_clean_NODE_432_length_1794_cov_3.259733
      Species: [Gammaretrovirus fibijimursar] -> [空]
  CRR1126140_clean_NODE_4509_length_539_cov_2.688841
      Species: [Pseudovirus cajani] -> [空]
  CRR1126140_clean_NODE_454_length_1755_cov_2.788942
      Realm: [Duplodnaviria] -> [空]
      Kingdom: [Heunggongvirae] -> [空]
      Phylum: [Peploviricota] -> [空]
      Class: [Herviviricetes] -> [空]
  CRR1126140_clean_NODE_46_length_4512_cov_5.462492
      Species: [Pseudovirus tabaci] -> [空]
  CRR1126140_clean_NODE_501_length_1691_cov_3.034611
      Phylum: [Nucleocytoviricota] -> [空]
      Class: [Megaviricetes] -> [空]
      Order: [Imitervirales] -> [空]
      Family: [Mimiviridae] -> [空]
  CRR1126140_clean_NODE_532_length_1639_cov_3.394636
      Species: [Dioscovirus dioscoreae*] -> [空]
  CRR1126140_clean_NODE_758_length_1375_cov_1.720430
      Realm: [Riboviria] -> [空]
      Kingdom: [Pararnavirae] -> [空]
      Phylum: [Artverviricota] -> [空]
      Family: [Pseudoviridae] -> [空]
      Genus: [Pseudovirus] -> [空]
      Species: [Pseudovirus tabaci] -> [空]
  CRR1126140_clean_NODE_787_length_1353_cov_2.696875
      Genus: [Tupanvirus] -> [空]
      Species: [Tupanvirus salinum] -> [空]
  CRR1126140_clean_NODE_8_length_7957_cov_5.435312
      Realm: [Varidnaviria] -> [空]
      Kingdom: [Bamfordvirae] -> [空]
      Phylum: [Nucleocytoviricota] -> [空]
  CRR1126141_clean_NODE_5_length_3067_cov_1.533400
      Species: [Pseudovirus artarabidopsis] -> [空]
  CRR1126143_clean_NODE_28_length_1455_cov_7.089001
      Species: [Pseudovirus zeae] -> [空]
  CRR1126146_clean_NODE_17_length_2781_cov_0.883309
      Species: [Chlorovirus heliozoae] -> [空]
  CRR1126149_clean_NODE_825_length_567_cov_0.568826
      Family: [Mimiviridae] -> [空]
      Genus: [Tupanvirus] -> [空]
      Species: [Tupanvirus altamarinense] -> [空]
  CRR1126150_clean_NODE_5_length_11519_cov_5.946881
      Realm: [Duplodnaviria] -> [空]
      Kingdom: [Heunggongvirae] -> [空]
      Species: [Bristolvirus rhodeisland] -> [空]
  CRR1126151_clean_NODE_26_length_2206_cov_0.619784
      Species: [Mimiviridae sp. ChoanoV1*] -> [空]
  CRR1126151_clean_NODE_29_length_2142_cov_0.571774
      Order: [Algavirales] -> [空]
  CRR1126151_clean_NODE_9_length_2669_cov_0.328968
      Realm: [Duplodnaviria] -> [空]
      Kingdom: [Heunggongvirae] -> [空]
      Phylum: [Uroviricota] -> [空]
  CRR1440120_clean_NODE_34_length_2132_cov_1.545410
      Species: [Chlorovirus vanettense] -> [空]
  CRR1440121_clean_NODE_2004_length_512_cov_0.615034
      Species: [Alternaria alternata deltaflexivirus 1] -> [空]
  CRR1440121_clean_NODE_55_length_1946_cov_1.524293
      Species: [Chlorovirus conductrix] -> [空]
  CRR1440121_clean_NODE_75_length_1807_cov_1.201845
      Realm: [Duplodnaviria] -> [空]
      Kingdom: [Heunggongvirae] -> [空]
      Phylum: [Uroviricota] -> [空]
  CRR1440123_clean_NODE_1381_length_832_cov_1.504611
      Class: [Naldaviricetes] -> [空]
      Order: [Lefavirales] -> [空]
      Family: [Nudiviridae] -> [空]
      Genus: [Betanudivirus] -> [空]
      Species: [Betanudivirus hezeae] -> [空]
  CRR1440123_clean_NODE_2354_length_655_cov_1.223368
      Genus: [Fadolivirus] -> [空]
      Species: [Fadolivirus algeromassiliense] -> [空]
  CRR1440123_clean_NODE_3_length_7439_cov_1883.998099
      Species: [Potexvirus flavimaculae] -> [空]
  CRR1440123_clean_NODE_48_length_2393_cov_2.177586
      Realm: [Varidnaviria] -> [空]
      Kingdom: [Bamfordvirae] -> [空]
      Phylum: [Nucleocytoviricota] -> [空]
  CRR1440123_clean_NODE_547_length_1226_cov_1.837814
      Species: [Erysiphe necator associated deltaflexivirus 1] -> [空]
  CRR1440124_clean_NODE_125_length_1825_cov_1.932078
      Realm: [Varidnaviria] -> [空]
      Kingdom: [Bamfordvirae] -> [空]
      Phylum: [Nucleocytoviricota] -> [空]
      Class: [Megaviricetes] -> [空]
      Order: [Imitervirales] -> [空]
      Species: [Moumouvirus australiense] -> [空]
  CRR1440124_clean_NODE_2734_length_585_cov_0.683594
      Species: [Deltaflexivirus glycinis] -> [空]
  CRR1440124_clean_NODE_417_length_1307_cov_0.604538
      Species: [Deltaflexivirus glycinis] -> [空]
  CRR1440124_clean_NODE_81_length_2053_cov_1.429798
      Species: [Klosneuvirus KNV1*] -> [空]
  CRR1440125_clean_NODE_1625_length_744_cov_0.830104
      Species: [Deltaflexivirus glycinis] -> [空]
  CRR1440125_clean_NODE_2006_length_674_cov_0.971714
      Species: [Deltaflexivirus glycinis] -> [空]
  CRR1440125_clean_NODE_2269_length_635_cov_0.946619
      Species: [Deltaflexivirus sclerotiniae] -> [空]
  CRR1440126_clean_NODE_101_length_2987_cov_1.760124
      Species: [Oceanusvirus kaneohense] -> [空]
  CRR1440126_clean_NODE_1107_length_1683_cov_3.013665
      Species: [Fadolivirus algeromassiliense] -> [空]
  CRR1440126_clean_NODE_1161_length_1659_cov_2.292560
      Species: [Mavirus cafeteriae*] -> [空]
  CRR1440126_clean_NODE_11770_length_501_cov_0.782710
      Species: [Mimivirus bradfordmassiliense] -> [空]
  CRR1440126_clean_NODE_1367_length_1561_cov_2.372984
      Species: [Deltaflexivirus glycinis] -> [空]
  CRR1440126_clean_NODE_156_length_2722_cov_6.519441
      Species: [Mimivirus bradfordmassiliense] -> [空]
  CRR1440126_clean_NODE_1931_length_1356_cov_40.918161
      Species: [Erysiphe necator associated deltaflexivirus 1] -> [空]
  CRR1440126_clean_NODE_213_length_2526_cov_2.118223
      Phylum: [Nucleocytoviricota] -> [空]
      Class: [Megaviricetes] -> [空]
      Order: [Imitervirales] -> [空]
      Species: [Megavirus powaiense] -> [空]
  CRR1440126_clean_NODE_22_length_3860_cov_2.412464
      Species: [Deltaflexivirus glycinis] -> [空]
  CRR1440126_clean_NODE_239_length_2460_cov_2.910767
      Species: [Tethysvirus raunefjordenense] -> [空]
  CRR1440126_clean_NODE_334_length_2275_cov_4.453224
      Species: [Megavirus powaiense] -> [空]
  CRR1440126_clean_NODE_365_length_2232_cov_2.359426
      Species: [Manticavirus phascolarctidgamma1] -> [空]
  CRR1440126_clean_NODE_3758_length_986_cov_2.088719
      Species: [Deltaflexivirus glycinis] -> [空]
  CRR1440126_clean_NODE_434_length_2138_cov_2.330266
      Species: [Hokovirus HKV1*] -> [空]
  CRR1440126_clean_NODE_441_length_2129_cov_2.384241
      Realm: [Duplodnaviria] -> [空]
      Kingdom: [Heunggongvirae] -> [空]
      Phylum: [Uroviricota] -> [空]
  CRR1440126_clean_NODE_4_length_6407_cov_6.481213
      Species: [Deltaflexivirus glycinis] -> [空]
  CRR1440126_clean_NODE_510_length_2056_cov_2.663641
      Species: [Oceanusvirus sp.*] -> [空]
  CRR1440126_clean_NODE_5272_length_808_cov_6.991837
      Species: [Biavirus raunefjordenense] -> [空]
  CRR1440126_clean_NODE_535_length_2033_cov_4.067857
      Order: [Imitervirales] -> [空]
      Species: [Megavirus powaiense] -> [空]
  CRR1440126_clean_NODE_576_length_1992_cov_2.694112
      Species: [Fadolivirus algeromassiliense] -> [空]
  CRR1440126_clean_NODE_598_length_1974_cov_1.522883
      Species: [Hokovirus HKV1*] -> [空]
  CRR1440126_clean_NODE_6464_length_715_cov_1.302181
      Species: [Deltaflexivirus glycinis] -> [空]
  CRR1440126_clean_NODE_647_length_1936_cov_4.283951
      Species: [Teubervirus AM6] -> [空]
  CRR1440126_clean_NODE_662_length_1929_cov_1.085129
      Realm: [Duplodnaviria] -> [空]
      Kingdom: [Heunggongvirae] -> [空]
      Phylum: [Uroviricota] -> [空]
  CRR1440126_clean_NODE_700_length_1905_cov_2.616812
      Species: [Agnivirus brisbanense] -> [空]
  CRR1440126_clean_NODE_709_length_1902_cov_3.923455
      Realm: [Varidnaviria] -> [空]
      Kingdom: [Bamfordvirae] -> [空]
      Phylum: [Nucleocytoviricota] -> [空]
      Class: [Megaviricetes] -> [空]
  CRR1440126_clean_NODE_873_length_1808_cov_1.077810
      Species: [Deltaflexivirus sclerotiniae] -> [空]
  CRR1440126_clean_NODE_912_length_1793_cov_2.004651
      Genus: [Coccolithovirus] -> [空]
      Species: [Coccolithovirus huxleyi] -> [空]
  CRR1440126_clean_NODE_9317_length_573_cov_1.712000
      Family: [Mimiviridae] -> [空]
  CRR1440126_clean_NODE_9754_length_558_cov_0.546392
      Species: [Deltaflexivirus glycinis] -> [空]
  CRR1440126_clean_NODE_9_length_4719_cov_3.356436
      Species: [Phaeovirus unasiliculosus] -> [空]
  CRR1440127_clean_NODE_1007_length_1864_cov_3.206030
      Species: [Fadolivirus algeromassiliense] -> [空]
  CRR1440127_clean_NODE_10443_length_562_cov_1.306748
      Species: [Deltaflexivirus glycinis] -> [空]
  CRR1440127_clean_NODE_1139_length_1796_cov_5.221706
      Species: [Klosneuvirus KNV1*] -> [空]
  CRR1440127_clean_NODE_1225_length_1752_cov_2.282311
      Species: [Tethysvirus raunefjordenense] -> [空]
  CRR1440127_clean_NODE_1339_length_1700_cov_1.740627
      Order: [Imitervirales] -> [空]
  CRR1440127_clean_NODE_1346_length_1696_cov_1.392483
      Species: [Mavirus cafeteriae*] -> [空]
  CRR1440127_clean_NODE_1370_length_1685_cov_3.921216
      Realm: [Duplodnaviria] -> [空]
      Kingdom: [Heunggongvirae] -> [空]
      Phylum: [Uroviricota] -> [空]
  CRR1440127_clean_NODE_1521_length_1617_cov_1.246114
      Genus: [Cotonvirus] -> [空]
      Species: [Cotonvirus japonicum] -> [空]
  CRR1440127_clean_NODE_1533_length_1611_cov_2.310793
      Realm: [Duplodnaviria] -> [空]
      Kingdom: [Heunggongvirae] -> [空]
      Phylum: [Uroviricota] -> [空]
  CRR1440127_clean_NODE_153_length_3075_cov_3.881079
      Genus: [Moumouvirus] -> [空]
      Species: [Moumouvirus australiense] -> [空]
  CRR1440127_clean_NODE_1557_length_1603_cov_2.528758
      Species: [Deltaflexivirus glycinis] -> [空]
  CRR1440127_clean_NODE_1687_length_1553_cov_38.452027
      Species: [Mimiviridae sp. ChoanoV1*] -> [空]
  CRR1440127_clean_NODE_1826_length_1513_cov_2.226389
      Phylum: [Uroviricota] -> [空]
      Family: [Lakviridae] -> [空]
      Genus: [Hatfieldvirus] -> [空]
      Species: [Hatfieldvirus porci] -> [空]
  CRR1440127_clean_NODE_2299_length_1376_cov_0.988488
      Species: [Deltaflexivirus glycinis] -> [空]
  CRR1440127_clean_NODE_235_length_2765_cov_4.166048
      Realm: [Duplodnaviria] -> [空]
      Kingdom: [Heunggongvirae] -> [空]
      Phylum: [Peploviricota] -> [空]
      Class: [Herviviricetes] -> [空]
  CRR1440127_clean_NODE_318_length_2564_cov_10.765556
      Species: [Biavirus raunefjordenense] -> [空]
  CRR1440127_clean_NODE_3191_length_1178_cov_1.517647
      Species: [Deltaflexivirus sclerotiniae] -> [空]
  CRR1440127_clean_NODE_366_length_2459_cov_2.475692
      Order: [Algavirales] -> [空]
  CRR1440127_clean_NODE_416_length_2378_cov_10.954447
      Order: [Imitervirales] -> [空]
      Species: [Tethysvirus raunefjordenense] -> [空]
  CRR1440127_clean_NODE_4359_length_993_cov_5.364130
      Species: [Tupanvirus altamarinense] -> [空]
  CRR1440127_clean_NODE_454_length_2310_cov_3.629861
      Order: [Imitervirales] -> [空]
      Family: [Mimiviridae] -> [空]
  CRR1440127_clean_NODE_4723_length_946_cov_0.886598
      Species: [Deltaflexivirus glycinis] -> [空]
  CRR1440127_clean_NODE_473_length_2274_cov_9.568378
      Order: [Imitervirales] -> [空]
      Species: [Tethysvirus raunefjordenense] -> [空]
  CRR1440127_clean_NODE_510_length_2230_cov_2.217432
      Realm: [Duplodnaviria] -> [空]
      Kingdom: [Heunggongvirae] -> [空]
  CRR1440127_clean_NODE_547_length_2179_cov_2.257360
      Realm: [Varidnaviria] -> [空]
      Kingdom: [Bamfordvirae] -> [空]
      Phylum: [Nucleocytoviricota] -> [空]
      Class: [Megaviricetes] -> [空]
      Order: [Pimascovirales] -> [空]
      Family: [Hydriviridae] -> [空]
      Genus: [Alphahydrivirus] -> [空]
      Species: [Alphahydrivirus permafrostis] -> [空]
  CRR1440127_clean_NODE_640_length_2106_cov_2.167732
      Species: [Tupanvirus altamarinense] -> [空]
  CRR1440127_clean_NODE_6802_length_750_cov_0.604136
      Species: [Deltaflexivirus glycinis] -> [空]
  CRR1440127_clean_NODE_701_length_2052_cov_2.780192
      Species: [Criusvirus kaneoense*] -> [空]
  CRR1440127_clean_NODE_74_length_3526_cov_4.836953
      Species: [Mimiviridae sp. ChoanoV1*] -> [空]
  CRR1440127_clean_NODE_7613_length_696_cov_1.298555
      Order: [Imitervirales] -> [空]
      Species: [Fadolivirus algeromassiliense] -> [空]
  CRR1440127_clean_NODE_814_length_1973_cov_1.472632
      Realm: [Duplodnaviria] -> [空]
      Kingdom: [Heunggongvirae] -> [空]
      Phylum: [Uroviricota] -> [空]
      Genus: [Fadolivirus] -> [空]
      Species: [Spinunavirus IPP61] -> [空]
  CRR1440127_clean_NODE_8826_length_628_cov_5.232432
      Species: [Deltaflexivirus glycinis] -> [空]
  CRR1440127_clean_NODE_937_length_1901_cov_2.935996
      Species: [Klosneuvirus KNV1*] -> [空]
  CRR1440128_clean_NODE_1020_length_1802_cov_5.293811
      Class: [Naldaviricetes] -> [空]
      Order: [Lefavirales] -> [空]
      Family: [Nudiviridae] -> [空]
      Genus: [Betanudivirus] -> [空]
      Species: [Betanudivirus hezeae] -> [空]
  CRR1440128_clean_NODE_1104_length_1765_cov_17.167258
      Species: [Fadolivirus algeromassiliense] -> [空]
  CRR1440128_clean_NODE_1245_length_1703_cov_1.444785
      Species: [Deltaflexivirus glycinis] -> [空]
  CRR1440128_clean_NODE_1259_length_1695_cov_1.586313
      Genus: [Zhoulongquanvirus] -> [空]
      Species: [Zhoulongquanvirus esscess] -> [空]
  CRR1440128_clean_NODE_1291_length_1685_cov_1.602357
      Order: [Algavirales] -> [空]
      Species: [Phaeovirus unasiliculosus] -> [空]
  CRR1440128_clean_NODE_130_length_2924_cov_3.144160
      Realm: [Varidnaviria] -> [空]
      Kingdom: [Bamfordvirae] -> [空]
      Phylum: [Nucleocytoviricota] -> [空]
      Class: [Megaviricetes] -> [空]
      Order: [Imitervirales] -> [空]
      Family: [Mimiviridae] -> [空]
      Genus: [Tupanvirus] -> [空]
  CRR1440128_clean_NODE_137_length_2897_cov_4.391289
      Realm: [Varidnaviria] -> [空]
      Kingdom: [Bamfordvirae] -> [空]
      Phylum: [Nucleocytoviricota] -> [空]
  CRR1440128_clean_NODE_1398_length_1637_cov_1.336317
      Realm: [Varidnaviria] -> [空]
      Kingdom: [Bamfordvirae] -> [空]
      Phylum: [Nucleocytoviricota] -> [空]
  CRR1440128_clean_NODE_1571_length_1570_cov_1.764863
      Species: [Mimiviridae sp. ChoanoV1*] -> [空]
  CRR1440128_clean_NODE_1685_length_1534_cov_3.859685
      Genus: [Megavirus] -> [空]
      Species: [Megavirus chilense] -> [空]
  CRR1440128_clean_NODE_172_length_2767_cov_2.167780
      Class: [Pokkesviricetes] -> [空]
      Order: [Chitovirales] -> [空]
  CRR1440128_clean_NODE_1885_length_1468_cov_2.515412
      Class: [Naldaviricetes] -> [空]
      Order: [Lefavirales] -> [空]
      Family: [Nudiviridae] -> [空]
      Genus: [Betanudivirus] -> [空]
      Species: [Betanudivirus hezeae] -> [空]
  CRR1440128_clean_NODE_1891_length_1467_cov_1.080344
      Species: [Tupanvirus salinum] -> [空]
  CRR1440128_clean_NODE_1896_length_1465_cov_1.732040
      Species: [Grisebachstrassevirus goe3] -> [空]
  CRR1440128_clean_NODE_204_length_2661_cov_2.641036
      Realm: [Duplodnaviria] -> [空]
      Kingdom: [Heunggongvirae] -> [空]
      Phylum: [Uroviricota] -> [空]
  CRR1440128_clean_NODE_294_length_2468_cov_2.677244
      Class: [Megaviricetes] -> [空]
      Order: [Imitervirales] -> [空]
      Family: [Schizomimiviridae] -> [空]
      Genus: [Biavirus] -> [空]
      Species: [Biavirus raunefjordenense] -> [空]
  CRR1440128_clean_NODE_34_length_3725_cov_7.837897
      Species: [Chlorovirus americanus] -> [空]
  CRR1440128_clean_NODE_3794_length_1065_cov_2.172379
      Species: [Deltaflexivirus glycinis] -> [空]
  CRR1440128_clean_NODE_394_length_2289_cov_2.576264
      Species: [Alphahydrivirus permafrostis] -> [空]
  CRR1440128_clean_NODE_410_length_2263_cov_3.167123
      Species: [Hokovirus HKV1*] -> [空]
  CRR1440128_clean_NODE_43_length_3641_cov_12.408913
      Species: [Deltaflexivirus glycinis] -> [空]
  CRR1440128_clean_NODE_468_length_2192_cov_3.300142
      Species: [Tethysvirus raunefjordenense] -> [空]
  CRR1440128_clean_NODE_56_length_3451_cov_2.769982
      Realm: [Varidnaviria] -> [空]
      Kingdom: [Bamfordvirae] -> [空]
      Phylum: [Nucleocytoviricota] -> [空]
  CRR1440128_clean_NODE_581_length_2081_cov_9.252490
      Species: [Terrestrivirus sp.] -> [空]
  CRR1440128_clean_NODE_626_length_2039_cov_1.584944
      Order: [Imitervirales] -> [空]
      Species: [Biavirus raunefjordenense] -> [空]
  CRR1440128_clean_NODE_630_length_2034_cov_1.577257
      Species: [Klosneuvirus KNV1*] -> [空]
  CRR1440128_clean_NODE_654_length_2014_cov_2.314271
      Order: [Pimascovirales] -> [空]
      Family: [Hydriviridae] -> [空]
      Genus: [Alphahydrivirus] -> [空]
      Species: [Alphahydrivirus permafrostis] -> [空]
  CRR1440128_clean_NODE_6806_length_752_cov_5.559647
      Realm: [Varidnaviria] -> [空]
      Kingdom: [Bamfordvirae] -> [空]
      Phylum: [Nucleocytoviricota] -> [空]
      Class: [Megaviricetes] -> [空]
      Order: [Imitervirales] -> [空]
      Family: [Mimiviridae] -> [空]
  CRR1440128_clean_NODE_7038_length_736_cov_0.886878
      Realm: [Varidnaviria] -> [空]
      Kingdom: [Bamfordvirae] -> [空]
      Phylum: [Nucleocytoviricota] -> [空]
  CRR1440128_clean_NODE_735_length_1961_cov_4.607521
      Species: [Prasinovirus micromonas] -> [空]
  CRR1440128_clean_NODE_742_length_1958_cov_1.687533
      Phylum: [Nucleocytoviricota] -> [空]
      Class: [Megaviricetes] -> [空]
  CRR1440128_clean_NODE_785_length_1922_cov_2.789616
      Species: [Agnivirus brisbanense] -> [空]
  CRR1440128_clean_NODE_791_length_1917_cov_3.168113
      Class: [Pokkesviricetes] -> [空]
      Order: [Chitovirales] -> [空]
      Family: [Poxviridae] -> [空]
      Genus: [Epsilonentomopoxvirus] -> [空]
      Species: [Epsilonentomopoxvirus dlongicaudata] -> [空]
  CRR1440128_clean_NODE_842_length_1891_cov_3.453245
      Genus: [Grisebachstrassevirus] -> [空]
      Species: [Tsamsavirus tsamsa] -> [空]
  CRR1440128_clean_NODE_9021_length_628_cov_1.050450
      Species: [Deltaflexivirus glycinis] -> [空]
  CRR1440128_clean_NODE_926_length_1843_cov_1.709605
      Realm: [Varidnaviria] -> [空]
      Kingdom: [Bamfordvirae] -> [空]
      Phylum: [Nucleocytoviricota] -> [空]
  CRR1440128_clean_NODE_941_length_1835_cov_6.902384
      Realm: [Varidnaviria] -> [空]
      Kingdom: [Bamfordvirae] -> [空]
      Phylum: [Nucleocytoviricota] -> [空]
      Class: [Megaviricetes] -> [空]
      Order: [Pimascovirales] -> [空]
      Species: [Alphaorpheovirus massiliense] -> [空]
  CRR1440128_clean_NODE_990_length_1814_cov_2.207352
      Species: [Eneladusvirus Yen904] -> [空]
  CRR1440129_clean_NODE_115_length_2583_cov_1.936255
      Order: [Imitervirales] -> [空]
      Family: [Schizomimiviridae] -> [空]
      Species: [Biavirus raunefjordenense] -> [空]
  CRR1440129_clean_NODE_14_length_3814_cov_3.848704
      Realm: [Varidnaviria] -> [空]
      Kingdom: [Bamfordvirae] -> [空]
      Phylum: [Nucleocytoviricota] -> [空]
  CRR1440129_clean_NODE_275_length_2088_cov_1.363772
      Order: [Imitervirales] -> [空]
      Family: [Mimiviridae] -> [空]
  CRR1440129_clean_NODE_282_length_2074_cov_0.388306
      Realm: [Varidnaviria] -> [空]
      Kingdom: [Bamfordvirae] -> [空]
      Phylum: [Nucleocytoviricota] -> [空]
  CRR1440129_clean_NODE_348_length_1948_cov_3.374933
      Realm: [Varidnaviria] -> [空]
      Kingdom: [Bamfordvirae] -> [空]
      Phylum: [Nucleocytoviricota] -> [空]
      Species: [Rheavirus sinusmexicani] -> [空]
  CRR1440129_clean_NODE_6349_length_645_cov_4.601399
      Order: [Pimascovirales] -> [空]
  CRR1440129_clean_NODE_719_length_1561_cov_1.293683
      Family: [Orpheoviridae] -> [空]
      Genus: [Alphaorpheovirus] -> [空]
      Species: [Alphaorpheovirus massiliense] -> [空]
  CRR1440130_clean_NODE_100_length_2531_cov_27.747762
      Realm: [Duplodnaviria] -> [空]
      Kingdom: [Heunggongvirae] -> [空]
      Phylum: [Uroviricota] -> [空]
  CRR1440130_clean_NODE_1724_length_1048_cov_1.203077
      Species: [Pseudovirus nicotianae] -> [空]
  CRR1440130_clean_NODE_17_length_3767_cov_3.244180
      Species: [Chlorovirus conductrix] -> [空]
  CRR1440130_clean_NODE_185_length_2166_cov_1.342093
      Realm: [Duplodnaviria] -> [空]
      Kingdom: [Heunggongvirae] -> [空]
      Phylum: [Uroviricota] -> [空]
  CRR1440130_clean_NODE_233_length_2041_cov_1.398374
      Species: [Biavirus raunefjordenense] -> [空]
  CRR1440130_clean_NODE_237_length_2029_cov_2.379346
      Species: [Alphabaculovirus cycundantis] -> [空]
  CRR1440130_clean_NODE_2686_length_887_cov_2.030713
      Realm: [Duplodnaviria] -> [空]
      Kingdom: [Heunggongvirae] -> [空]
      Phylum: [Uroviricota] -> [空]
  CRR1440130_clean_NODE_283_length_1938_cov_1.439142
      Phylum: [Nucleocytoviricota] -> [空]
      Class: [Megaviricetes] -> [空]
      Order: [Imitervirales] -> [空]
      Family: [Mimiviridae] -> [空]
  CRR1440130_clean_NODE_294_length_1920_cov_2.071467
      Order: [Algavirales] -> [空]
  CRR1440130_clean_NODE_313_length_1893_cov_1.703846
      Realm: [Duplodnaviria] -> [空]
      Kingdom: [Heunggongvirae] -> [空]
      Phylum: [Uroviricota] -> [空]
      Species: [Efemunavirus Lg62] -> [空]
  CRR1440130_clean_NODE_357_length_1833_cov_2.164205
      Family: [Mesomimiviridae] -> [空]
      Genus: [Tethysvirus] -> [空]
      Species: [Tethysvirus ontarioense] -> [空]
  CRR1440130_clean_NODE_49_length_2889_cov_3.493963
      Species: [Mimiviridae sp. ChoanoV1*] -> [空]
  CRR1440130_clean_NODE_561_length_1600_cov_5.506876
      Species: [Hokovirus HKV1*] -> [空]
  CRR1440130_clean_NODE_754_length_1444_cov_1.445660
      Species: [Mimiviridae sp. ChoanoV1*] -> [空]
  CRR1440131_clean_NODE_101_length_2400_cov_2.507091
      Order: [Imitervirales] -> [空]
      Family: [Mimiviridae] -> [空]
      Genus: [Theiavirus] -> [空]
      Species: [Theiavirus salishense] -> [空]
  CRR1440131_clean_NODE_149_length_2223_cov_2.361860
      Realm: [Riboviria] -> [空]
      Kingdom: [Pararnavirae] -> [空]
      Phylum: [Artverviricota] -> [空]
      Class: [Revtraviricetes] -> [空]
      Order: [Ortervirales] -> [空]
  CRR1440131_clean_NODE_24_length_3317_cov_32.870838
      Genus: [Soymovirus] -> [空]
      Species: [Soymovirus crispocestri] -> [空]
  CRR1440131_clean_NODE_2_length_7389_cov_3.717332
      Realm: [Riboviria] -> [空]
      Kingdom: [Pararnavirae] -> [空]
      Phylum: [Artverviricota] -> [空]
      Class: [Revtraviricetes] -> [空]
      Order: [Ortervirales] -> [空]
      Family: [Metaviridae] -> [空]
      Genus: [Metavirus] -> [空]
      Species: [Metavirus tatarabidopsis] -> [空]
  CRR1440131_clean_NODE_480_length_1598_cov_1.697705
      Realm: [Varidnaviria] -> [空]
      Kingdom: [Bamfordvirae] -> [空]
      Phylum: [Nucleocytoviricota] -> [空]
  CRR1440131_clean_NODE_48_length_2944_cov_2.090561
      Realm: [Varidnaviria] -> [空]
      Kingdom: [Bamfordvirae] -> [空]
      Phylum: [Nucleocytoviricota] -> [空]
  CRR1440131_clean_NODE_5_length_5023_cov_167.943838
      Genus: [Soymovirus] -> [空]
      Species: [Soymovirus maculaglycinis] -> [空]
  CRR1440131_clean_NODE_6400_length_559_cov_3.541152
      Species: [Errantivirus trichoplusiae*] -> [空]
  CRR1440131_clean_NODE_70_length_2657_cov_4.804180
      Realm: [Varidnaviria] -> [空]
      Kingdom: [Bamfordvirae] -> [空]
      Phylum: [Nucleocytoviricota] -> [空]
  CRR1440131_clean_NODE_95_length_2449_cov_3.436448
      Realm: [Varidnaviria] -> [空]
      Kingdom: [Bamfordvirae] -> [空]
      Phylum: [Nucleocytoviricota] -> [空]
  CRR1440132_clean_NODE_112_length_2136_cov_1.819195
      Species: [Soymovirus crispocestri] -> [空]
  CRR1440132_clean_NODE_231_length_1704_cov_1.760270
      Species: [Soymovirus maculaglycinis] -> [空]
  CRR1440132_clean_NODE_54_length_2571_cov_2.045637
      Family: [Pseudoviridae] -> [空]
      Genus: [Pseudovirus] -> [空]
      Species: [Pseudovirus solani] -> [空]
  CRR1440133_clean_NODE_180_length_1734_cov_2.714028
      Species: [Pseudovirus brassicae] -> [空]
  CRR1440133_clean_NODE_1841_length_713_cov_0.901563
      Species: [Fadolivirus algeromassiliense] -> [空]
  CRR1440133_clean_NODE_2041_length_681_cov_1.134868
      Species: [Deltaflexivirus glycinis] -> [空]
  CRR1440133_clean_NODE_257_length_1549_cov_0.970190
      Species: [Deltaflexivirus glycinis] -> [空]
  CRR1440134_clean_NODE_2154_length_670_cov_3.536013
      Species: [Biavirus raunefjordenense] -> [空]
  CRR1440134_clean_NODE_508_length_1236_cov_1.465176
      Species: [Deltaflexivirus glycinis] -> [空]
  CRR1440134_clean_NODE_578_length_1162_cov_1.959596
      Genus: [Soymovirus] -> [空]
      Species: [Soymovirus maculaglycinis] -> [空]
  CRR1440134_clean_NODE_816_length_1015_cov_0.819533
      Species: [Erysiphe necator associated deltaflexivirus 1] -> [空]
  CRR1440135_clean_NODE_103_length_5085_cov_5.194533
      Realm: [Riboviria] -> [空]
  CRR1440135_clean_NODE_1110_length_2342_cov_6.617012
      Phylum: [Peploviricota] -> [空]
  CRR1440135_clean_NODE_1112_length_2340_cov_2.089105
      Realm: [Varidnaviria] -> [空]
      Kingdom: [Bamfordvirae] -> [空]
      Phylum: [Preplasmiviricota] -> [空]
  CRR1440135_clean_NODE_1131_length_2330_cov_3.311475
      Class: [Naldaviricetes] -> [空]
      Order: [Lefavirales] -> [空]
      Family: [Nudiviridae] -> [空]
      Genus: [Betanudivirus] -> [空]
      Species: [Betanudivirus hezeae] -> [空]
  CRR1440135_clean_NODE_113_length_4861_cov_18.440267
      Species: [Homavirus sp.] -> [空]
  CRR1440135_clean_NODE_1159_length_2303_cov_3.065022
      Genus: [Fadolivirus] -> [空]
      Species: [Fadolivirus algeromassiliense] -> [空]
  CRR1440135_clean_NODE_1175_length_2280_cov_6.095605
      Species: [Teubervirus P087] -> [空]
  CRR1440135_clean_NODE_1200_length_2255_cov_6.995875
      Species: [Tupanvirus salinum] -> [空]
  CRR1440135_clean_NODE_1300_length_2156_cov_2.707633
      Realm: [Duplodnaviria] -> [空]
      Kingdom: [Heunggongvirae] -> [空]
      Phylum: [Uroviricota] -> [空]
  CRR1440135_clean_NODE_1344_length_2121_cov_8.099609
      Order: [Algavirales] -> [空]
  CRR1440135_clean_NODE_1407_length_2079_cov_2.588734
      Realm: [Varidnaviria] -> [空]
      Kingdom: [Bamfordvirae] -> [空]
  CRR1440135_clean_NODE_1462_length_2049_cov_1.846660
      Realm: [Varidnaviria] -> [空]
      Kingdom: [Bamfordvirae] -> [空]
      Phylum: [Nucleocytoviricota] -> [空]
      Class: [Megaviricetes] -> [空]
      Order: [Algavirales] -> [空]
  CRR1440135_clean_NODE_1513_length_2018_cov_7.282262
      Species: [Tupanvirus salinum] -> [空]
  CRR1440135_clean_NODE_1688_length_1890_cov_3.548156
      Species: [Tupanvirus salinum] -> [空]
  CRR1440135_clean_NODE_1738_length_1849_cov_8.330518
      Family: [Mesomimiviridae] -> [空]
      Genus: [Tethysvirus] -> [空]
      Species: [Tethysvirus ontarioense] -> [空]
  CRR1440135_clean_NODE_1787_length_1824_cov_2.358081
      Realm: [Varidnaviria] -> [空]
      Kingdom: [Bamfordvirae] -> [空]
      Phylum: [Nucleocytoviricota] -> [空]
      Family: [Mimiviridae] -> [空]
      Genus: [Theiavirus] -> [空]
      Species: [Theiavirus salishense*] -> [空]
  CRR1440135_clean_NODE_2060_length_1667_cov_8.175031
      Order: [Crassvirales] -> [空]
      Family: [Steigviridae] -> [空]
      Genus: [Akihdevirus] -> [空]
      Species: [Akihdevirus balticus] -> [空]
  CRR1440135_clean_NODE_20_length_7208_cov_11.769727
      Realm: [Varidnaviria] -> [空]
      Kingdom: [Bamfordvirae] -> [空]
      Phylum: [Nucleocytoviricota] -> [空]
      Class: [Megaviricetes] -> [空]
      Order: [Imitervirales] -> [空]
      Family: [Mimiviridae] -> [空]
      Genus: [Tupanvirus] -> [空]
  CRR1440135_clean_NODE_2269_length_1560_cov_2.213853
      Realm: [Duplodnaviria] -> [空]
      Kingdom: [Heunggongvirae] -> [空]
      Phylum: [Uroviricota] -> [空]
      Species: [Hokovirus HKV1*] -> [空]
  CRR1440135_clean_NODE_2289_length_1548_cov_2.159322
      Species: [Rhadinovirus macacinegamma12] -> [空]
  CRR1440135_clean_NODE_2309_length_1535_cov_20.550616
      Class: [Naldaviricetes] -> [空]
      Species: [Porcellio scaber clopovirus] -> [空]
  CRR1440135_clean_NODE_237_length_4087_cov_9.153712
      Species: [Theiavirus salishense] -> [空]
  CRR1440135_clean_NODE_2649_length_1373_cov_1.376923
      Species: [Rheavirus sinusmexicani*] -> [空]
  CRR1440135_clean_NODE_271_length_3909_cov_6.209593
      Realm: [Varidnaviria] -> [空]
      Kingdom: [Bamfordvirae] -> [空]
      Phylum: [Nucleocytoviricota] -> [空]
      Species: [Biavirus raunefjordenense] -> [空]
  CRR1440135_clean_NODE_275_length_3882_cov_122.357837
      Species: [Mimiviridae sp. ChoanoV1*] -> [空]
  CRR1440135_clean_NODE_292_length_3822_cov_3.902641
      Realm: [Duplodnaviria] -> [空]
      Kingdom: [Heunggongvirae] -> [空]
      Phylum: [Uroviricota] -> [空]
  CRR1440135_clean_NODE_324_length_3736_cov_53.005460
      Species: [Metavirus saccharomycetis] -> [空]
  CRR1440135_clean_NODE_32_length_6535_cov_149.046580
      Realm: [Duplodnaviria] -> [空]
      Kingdom: [Heunggongvirae] -> [空]
      Phylum: [Uroviricota] -> [空]
  CRR1440135_clean_NODE_348_length_3665_cov_29.918708
      Realm: [Varidnaviria] -> [空]
      Kingdom: [Bamfordvirae] -> [空]
      Phylum: [Nucleocytoviricota] -> [空]
      Species: [Biavirus raunefjordenense] -> [空]
  CRR1440135_clean_NODE_368_length_3580_cov_13.171086
      Species: [Tupanvirus altamarinense] -> [空]
  CRR1440135_clean_NODE_373_length_3569_cov_21.129005
      Genus: [Tupanvirus] -> [空]
      Species: [Tupanvirus altamarinense] -> [空]
  CRR1440135_clean_NODE_438_length_3376_cov_3.058129
      Order: [Pimascovirales] -> [空]
  CRR1440135_clean_NODE_533_length_3173_cov_5.616452
      Order: [Ortervirales] -> [空]
  CRR1440135_clean_NODE_5_length_8638_cov_13.717922
      Realm: [Varidnaviria] -> [空]
      Kingdom: [Bamfordvirae] -> [空]
      Phylum: [Nucleocytoviricota] -> [空]
  CRR1440135_clean_NODE_615_length_2992_cov_2.907845
      Species: [Alphaendornavirus psophocarpi] -> [空]
  CRR1440135_clean_NODE_622_length_2977_cov_2.827479
      Species: [Homavirus sp.] -> [空]
  CRR1440135_clean_NODE_679_length_2855_cov_4.378145
      Realm: [Varidnaviria] -> [空]
      Kingdom: [Bamfordvirae] -> [空]
      Phylum: [Nucleocytoviricota] -> [空]
      Species: [Biavirus raunefjordenense] -> [空]
  CRR1440135_clean_NODE_716_length_2799_cov_4.441673
      Genus: [Aokuangvirus] -> [空]
      Species: [Aokuangvirus SCBWM1] -> [空]
  CRR1440135_clean_NODE_938_length_2509_cov_8.882594
      Species: [Tupanvirus altamarinense] -> [空]
  CRR1440135_clean_NODE_955_length_2487_cov_2.327672
      Realm: [Varidnaviria] -> [空]
      Kingdom: [Bamfordvirae] -> [空]
      Phylum: [Nucleocytoviricota] -> [空]
      Class: [Megaviricetes] -> [空]
      Order: [Algavirales] -> [空]
      Family: [Phycodnaviridae] -> [空]
  CRR1440136_clean_NODE_104_length_5812_cov_10.086600
      Kingdom: [Bamfordvirae] -> [空]
      Phylum: [Nucleocytoviricota] -> [空]
      Class: [Megaviricetes] -> [空]
      Order: [Imitervirales] -> [空]
      Family: [Mimiviridae] -> [空]
      Genus: [Mimivirus] -> [空]
      Species: [Mimivirus lagoaense] -> [空]
  CRR1440136_clean_NODE_1053_length_2603_cov_4.207905
      Species: [Mimiviridae sp. ChoanoV1*] -> [空]
  CRR1440136_clean_NODE_1089_length_2567_cov_3.238172
      Species: [Medusavirus medusae] -> [空]
  CRR1440136_clean_NODE_1116_length_2535_cov_8.345248
      Species: [Edafosvirus sp.] -> [空]
  CRR1440136_clean_NODE_1153_length_2484_cov_2.289506
      Species: [Biavirus raunefjordenense] -> [空]
  CRR1440136_clean_NODE_120_length_5636_cov_5.651267
      Species: [Phlebovirus gabekense] -> [空]
  CRR1440136_clean_NODE_1221_length_2411_cov_3.529512
      Phylum: [Nucleocytoviricota] -> [空]
      Class: [Megaviricetes] -> [空]
      Order: [Imitervirales] -> [空]
      Species: [Biavirus raunefjordenense] -> [空]
  CRR1440136_clean_NODE_1226_length_2406_cov_4.310759
      Genus: [Fadolivirus] -> [空]
      Species: [Fadolivirus algeromassiliense] -> [空]
  CRR1440136_clean_NODE_1248_length_2388_cov_9.698920
      Realm: [Duplodnaviria] -> [空]
      Kingdom: [Heunggongvirae] -> [空]
      Phylum: [Uroviricota] -> [空]
  CRR1440136_clean_NODE_1295_length_2321_cov_5.473754
      Species: [Biavirus raunefjordenense] -> [空]
  CRR1440136_clean_NODE_1321_length_2299_cov_10.084456
      Species: [Biavirus raunefjordenense] -> [空]
  CRR1440136_clean_NODE_1370_length_2256_cov_3.329363
      Family: [Orpheoviridae] -> [空]
      Genus: [Alphaorpheovirus] -> [空]
      Species: [Alphaorpheovirus massiliense] -> [空]
  CRR1440136_clean_NODE_1380_length_2248_cov_4.272644
      Realm: [Duplodnaviria] -> [空]
      Kingdom: [Heunggongvirae] -> [空]
      Phylum: [Uroviricota] -> [空]
      Class: [Naldaviricetes] -> [空]
      Order: [Lefavirales] -> [空]
  CRR1440136_clean_NODE_141_length_5360_cov_5.717420
      Species: [Iridovirus armadillidium1] -> [空]
  CRR1440136_clean_NODE_150_length_5261_cov_14.083269
      Realm: [Varidnaviria] -> [空]
      Kingdom: [Bamfordvirae] -> [空]
      Phylum: [Nucleocytoviricota] -> [空]
      Class: [Megaviricetes] -> [空]
  CRR1440136_clean_NODE_1620_length_2023_cov_5.109231
      Genus: [Fadolivirus] -> [空]
      Species: [Fadolivirus algeromassiliense] -> [空]
  CRR1440136_clean_NODE_1640_length_2003_cov_21.420725
      Order: [Imitervirales] -> [空]
  CRR1440136_clean_NODE_1658_length_1994_cov_5.929724
      Genus: [空] -> [Minunavirus]
      Species: [Virus NIOZ-UU159] -> [空]
  CRR1440136_clean_NODE_1746_length_1929_cov_14.964978
      Order: [Imitervirales] -> [空]
  CRR1440136_clean_NODE_183_length_4930_cov_7.396335
      Realm: [Varidnaviria] -> [空]
      Kingdom: [Bamfordvirae] -> [空]
      Species: [Bufonid herpesvirus 1*] -> [空]
  CRR1440136_clean_NODE_1843_length_1866_cov_19.486336
      Order: [Imitervirales] -> [空]
      Family: [Mesomimiviridae] -> [空]
  CRR1440136_clean_NODE_1863_length_1852_cov_25.752108
      Species: [Agnivirus brisbanense] -> [空]
  CRR1440136_clean_NODE_18_length_9033_cov_6.706585
      Realm: [Duplodnaviria] -> [空]
      Kingdom: [Heunggongvirae] -> [空]
      Phylum: [Uroviricota] -> [空]
      Class: [Caudoviricetes] -> [空]
  CRR1440136_clean_NODE_1959_length_1790_cov_4.125801
      Species: [Satyrvirus sp.*] -> [空]
  CRR1440136_clean_NODE_2010_length_1761_cov_6.054502
      Species: [Hokovirus HKV1*] -> [空]
  CRR1440136_clean_NODE_2113_length_1693_cov_5.722222
      Realm: [Varidnaviria] -> [空]
      Kingdom: [Bamfordvirae] -> [空]
      Phylum: [Nucleocytoviricota] -> [空]
  CRR1440136_clean_NODE_2171_length_1651_cov_12.574144
      Species: [Fadolivirus algeromassiliense] -> [空]
  CRR1440136_clean_NODE_21_length_8874_cov_7.108397
      Realm: [Duplodnaviria] -> [空]
      Kingdom: [Heunggongvirae] -> [空]
      Phylum: [Uroviricota] -> [空]
  CRR1440136_clean_NODE_225_length_4656_cov_7.042985
      Order: [Imitervirales] -> [空]
      Family: [Mimiviridae] -> [空]
  CRR1440136_clean_NODE_2323_length_1569_cov_8.444519
      Genus: [Moumouvirus] -> [空]
      Species: [Moumouvirus australiense] -> [空]
  CRR1440136_clean_NODE_2337_length_1563_cov_2.330872
      Species: [Tupanvirus salinum] -> [空]
  CRR1440136_clean_NODE_245_length_4547_cov_11.350916
      Species: [Alphabaculovirus angemmatalis] -> [空]
  CRR1440136_clean_NODE_2563_length_1444_cov_2.528811
      Species: [Criusvirus kaneoense*] -> [空]
  CRR1440136_clean_NODE_256_length_4486_cov_15.178790
      Order: [Pimascovirales] -> [空]
  CRR1440136_clean_NODE_262_length_4445_cov_15.697164
      Genus: [Theiavirus] -> [空]
      Species: [Theiavirus salishense] -> [空]
  CRR1440136_clean_NODE_374_length_3993_cov_9.743878
      Order: [Imitervirales] -> [空]
      Species: [Fadolivirus algeromassiliense] -> [空]
  CRR1440136_clean_NODE_4337_length_873_cov_1.342500
      Realm: [Riboviria] -> [空]
      Kingdom: [Pararnavirae] -> [空]
      Phylum: [Artverviricota] -> [空]
      Class: [Revtraviricetes] -> [空]
      Order: [Ortervirales] -> [空]
      Family: [Metaviridae] -> [空]
      Genus: [Metavirus] -> [空]
      Species: [Metavirus cladosporii] -> [空]
  CRR1440136_clean_NODE_464_length_3736_cov_14.249522
      Order: [Pimascovirales] -> [空]
  CRR1440136_clean_NODE_491_length_3665_cov_11.932071
      Genus: [Fadolivirus] -> [空]
      Species: [Fadolivirus algeromassiliense] -> [空]
  CRR1440136_clean_NODE_492_length_3663_cov_144.678552
      Realm: [Varidnaviria] -> [空]
      Kingdom: [Bamfordvirae] -> [空]
      Phylum: [Nucleocytoviricota] -> [空]
  CRR1440136_clean_NODE_502_length_3630_cov_11.100365
      Realm: [Duplodnaviria] -> [空]
      Kingdom: [Heunggongvirae] -> [空]
      Phylum: [Uroviricota] -> [空]
      Class: [Caudoviricetes] -> [空]
  CRR1440136_clean_NODE_520_length_3593_cov_46.046875
      Realm: [Varidnaviria] -> [空]
      Kingdom: [Bamfordvirae] -> [空]
      Phylum: [Nucleocytoviricota] -> [空]
      Species: [Biavirus raunefjordenense] -> [空]
  CRR1440136_clean_NODE_525_length_3581_cov_21.165336
      Realm: [Varidnaviria] -> [空]
      Kingdom: [Bamfordvirae] -> [空]
      Phylum: [Nucleocytoviricota] -> [空]
      Class: [Megaviricetes] -> [空]
      Order: [Imitervirales] -> [空]
  CRR1440136_clean_NODE_542_length_3539_cov_8.437969
      Realm: [Duplodnaviria] -> [空]
      Kingdom: [Heunggongvirae] -> [空]
      Phylum: [Uroviricota] -> [空]
      Class: [Caudoviricetes] -> [空]
      Order: [Grandevirales] -> [空]
  CRR1440136_clean_NODE_565_length_3481_cov_8.473592
      Family: [Mimiviridae] -> [空]
      Genus: [Cotonvirus] -> [空]
      Species: [Cotonvirus japonicum] -> [空]
  CRR1440136_clean_NODE_568_length_3479_cov_6.041104
      Species: [Rheavirus sinusmexicani] -> [空]
  CRR1440136_clean_NODE_570_length_3469_cov_7.496466
      Species: [Tupanvirus salinum] -> [空]
  CRR1440136_clean_NODE_604_length_3371_cov_7.288963
      Species: [Nimanivirus lahi] -> [空]
  CRR1440136_clean_NODE_619_length_3336_cov_3.050567
      Species: [Toursvirus dptv1a] -> [空]
  CRR1440136_clean_NODE_61_length_6570_cov_13.242266
      Family: [Schizomimiviridae] -> [空]
  CRR1440136_clean_NODE_629_length_3309_cov_6.810878
      Species: [Biavirus raunefjordenense] -> [空]
  CRR1440136_clean_NODE_660_length_3237_cov_6.432364
      Phylum: [Uroviricota] -> [空]
  CRR1440136_clean_NODE_686_length_3182_cov_5.722740
      Order: [Algavirales] -> [空]
  CRR1440136_clean_NODE_706_length_3151_cov_19.444769
      Realm: [Varidnaviria] -> [空]
      Kingdom: [Bamfordvirae] -> [空]
      Phylum: [Nucleocytoviricota] -> [空]
      Class: [Megaviricetes] -> [空]
      Order: [Imitervirales] -> [空]
      Family: [Mimiviridae] -> [空]
      Genus: [Cotonvirus] -> [空]
      Species: [Cotonvirus japonicum] -> [空]
  CRR1440136_clean_NODE_734_length_3078_cov_5.411980
      Species: [Fadolivirus algeromassiliense] -> [空]
  CRR1440136_clean_NODE_755_length_3052_cov_3.653239
      Realm: [Varidnaviria] -> [空]
      Kingdom: [Bamfordvirae] -> [空]
      Phylum: [Nucleocytoviricota] -> [空]
      Species: [Biavirus raunefjordenense] -> [空]
  CRR1440136_clean_NODE_78_length_6282_cov_4.948301
      Species: [Biavirus raunefjordenense] -> [空]
  CRR1440136_clean_NODE_87_length_6125_cov_6.323695
      Realm: [Duplodnaviria] -> [空]
      Kingdom: [Heunggongvirae] -> [空]
      Phylum: [Uroviricota] -> [空]
      Class: [Caudoviricetes] -> [空]
      Order: [Grandevirales] -> [空]
      Species: [Wendovervirus sonii] -> [空]
  CRR1440137_clean_NODE_1015_length_2527_cov_34.211899
      Order: [Imitervirales] -> [空]
      Species: [Biavirus raunefjordenense] -> [空]
  CRR1440137_clean_NODE_1047_length_2478_cov_9.382536
      Order: [Imitervirales] -> [空]
      Family: [Mimiviridae] -> [空]
      Genus: [Moumouvirus] -> [空]
      Species: [Moumouvirus australiense] -> [空]
  CRR1440137_clean_NODE_1098_length_2425_cov_3.572704
      Phylum: [Uroviricota] -> [空]
      Family: [Herelleviridae] -> [空]
      Genus: [Grisebachstrassevirus] -> [空]
      Species: [Grisebachstrassevirus goe3] -> [空]
  CRR1440137_clean_NODE_1217_length_2319_cov_16.586821
      Phylum: [Nucleocytoviricota] -> [空]
      Class: [Megaviricetes] -> [空]
      Order: [Imitervirales] -> [空]
      Family: [Mimiviridae] -> [空]
  CRR1440137_clean_NODE_1365_length_2177_cov_7.440589
      Order: [Imitervirales] -> [空]
  CRR1440137_clean_NODE_1418_length_2128_cov_17.132360
      Order: [Imitervirales] -> [空]
      Species: [Tethysvirus raunefjordenense] -> [空]
  CRR1440137_clean_NODE_1502_length_2058_cov_2.234761
      Species: [Nitunavirus NIT1] -> [空]
  CRR1440137_clean_NODE_1552_length_2015_cov_17.947477
      Species: [Terrestrivirus sp.] -> [空]
  CRR1440137_clean_NODE_174_length_4572_cov_15.621249
      Order: [Imitervirales] -> [空]
      Species: [Rheavirus sinusmexicani] -> [空]
  CRR1440137_clean_NODE_1793_length_1852_cov_28.346262
      Genus: [Leucotheavirus] -> [空]
      Species: [Leucotheavirus sp4] -> [空]
  CRR1440137_clean_NODE_1959_length_1751_cov_4.058403
      Order: [Imitervirales] -> [空]
      Species: [Fadolivirus algeromassiliense] -> [空]
  CRR1440137_clean_NODE_2049_length_1696_cov_2.269871
      Realm: [Varidnaviria] -> [空]
      Kingdom: [Bamfordvirae] -> [空]
      Phylum: [Nucleocytoviricota] -> [空]
      Class: [Megaviricetes] -> [空]
      Order: [Pimascovirales] -> [空]
  CRR1440137_clean_NODE_211_length_4240_cov_8.778258
      Genus: [Fadolivirus] -> [空]
      Species: [Fadolivirus algeromassiliense] -> [空]
  CRR1440137_clean_NODE_2183_length_1624_cov_2.219858
      Realm: [Duplodnaviria] -> [空]
      Kingdom: [Heunggongvirae] -> [空]
      Phylum: [Peploviricota] -> [空]
      Class: [Herviviricetes] -> [空]
  CRR1440137_clean_NODE_21_length_6997_cov_92.703206
      Order: [Imitervirales] -> [空]
  CRR1440137_clean_NODE_250_length_4074_cov_13.992752
      Family: [Mesomimiviridae] -> [空]
      Genus: [Tethysvirus] -> [空]
      Species: [Tethysvirus ontarioense] -> [空]
  CRR1440137_clean_NODE_266_length_3995_cov_4.296022
      Realm: [Varidnaviria] -> [空]
      Kingdom: [Bamfordvirae] -> [空]
      Phylum: [Nucleocytoviricota] -> [空]
  CRR1440137_clean_NODE_2693_length_1370_cov_2.742483
      Genus: [Rheavirus] -> [空]
      Species: [Rheavirus sinusmexicani] -> [空]
  CRR1440137_clean_NODE_300_length_3881_cov_51.176733
      Species: [Indivirus ILV1*] -> [空]
  CRR1440137_clean_NODE_31_length_6698_cov_6.765132
      Realm: [Varidnaviria] -> [空]
      Kingdom: [Bamfordvirae] -> [空]
      Phylum: [Nucleocytoviricota] -> [空]
  CRR1440137_clean_NODE_331_length_3793_cov_4.064516
      Class: [Megaviricetes] -> [空]
      Order: [Imitervirales] -> [空]
  CRR1440137_clean_NODE_356_length_3729_cov_9.879376
      Realm: [Duplodnaviria] -> [空]
      Kingdom: [Heunggongvirae] -> [空]
      Phylum: [Uroviricota] -> [空]
      Class: [Caudoviricetes] -> [空]
      Order: [Pantevenvirales] -> [空]
      Family: [Kyanoviridae] -> [空]
      Genus: [Serangoonvirus] -> [空]
      Species: [Serangoonvirus essarone] -> [空]
  CRR1440137_clean_NODE_4056_length_939_cov_3.093533
      Order: [Imitervirales] -> [空]
      Family: [Allomimiviridae] -> [空]
  CRR1440137_clean_NODE_443_length_3479_cov_6.305637
      Order: [Pimascovirales] -> [空]
      Genus: [Marseillevirus] -> [空]
      Species: [Marseillevirus massiliense] -> [空]
  CRR1440137_clean_NODE_462_length_3436_cov_12.000000
      Realm: [Varidnaviria] -> [空]
      Kingdom: [Bamfordvirae] -> [空]
      Phylum: [Nucleocytoviricota] -> [空]
      Class: [Megaviricetes] -> [空]
      Order: [Imitervirales] -> [空]
  CRR1440137_clean_NODE_472_length_3409_cov_10.175360
      Realm: [Varidnaviria] -> [空]
      Kingdom: [Bamfordvirae] -> [空]
      Phylum: [Nucleocytoviricota] -> [空]
      Class: [Megaviricetes] -> [空]
      Order: [Pimascovirales] -> [空]
      Species: [Alphaorpheovirus massiliense] -> [空]
  CRR1440137_clean_NODE_533_length_3243_cov_5.898423
      Species: [Oceanusvirus sp.*] -> [空]
  CRR1440137_clean_NODE_5994_length_649_cov_0.739583
      Species: [Fadolivirus algeromassiliense] -> [空]
  CRR1440137_clean_NODE_632_length_3044_cov_3.169640
      Genus: [Kratosvirus] -> [空]
      Species: [Kratosvirus quantuckense] -> [空]
  CRR1440137_clean_NODE_636_length_3038_cov_3.183811
      Species: [Biavirus raunefjordenense] -> [空]
  CRR1440137_clean_NODE_662_length_3000_cov_9.141442
      Realm: [Varidnaviria] -> [空]
      Kingdom: [Bamfordvirae] -> [空]
      Phylum: [Nucleocytoviricota] -> [空]
  CRR1440137_clean_NODE_691_length_2960_cov_19.079667
      Realm: [Varidnaviria] -> [空]
      Kingdom: [Bamfordvirae] -> [空]
      Phylum: [Nucleocytoviricota] -> [空]
      Species: [Biavirus raunefjordenense] -> [空]
  CRR1440137_clean_NODE_730_length_2879_cov_4.598004
      Realm: [Duplodnaviria] -> [空]
      Kingdom: [Heunggongvirae] -> [空]
      Phylum: [Uroviricota] -> [空]
      Species: [Alphabaculovirus pastagnalis] -> [空]
  CRR1440137_clean_NODE_811_length_2765_cov_24.851040
      Class: [Naldaviricetes] -> [空]
      Order: [Lefavirales] -> [空]
      Family: [Nudiviridae] -> [空]
      Genus: [Betanudivirus] -> [空]
      Species: [Betanudivirus hezeae] -> [空]
  CRR1440137_clean_NODE_81_length_5466_cov_7.261450
      Realm: [Duplodnaviria] -> [空]
      Kingdom: [Heunggongvirae] -> [空]
      Phylum: [Uroviricota] -> [空]
      Class: [Caudoviricetes] -> [空]
      Order: [Pantevenvirales] -> [空]
      Family: [Straboviridae] -> [空]
      Genus: [Tegunavirus] -> [空]
      Species: [Tegunavirus r1rt] -> [空]
  CRR1440137_clean_NODE_956_length_2597_cov_4.519810
      Species: [Klosneuvirus KNV1*] -> [空]
  CRR1440137_clean_NODE_95_length_5320_cov_3.997904
      Class: [Pokkesviricetes] -> [空]
  CRR1440137_clean_NODE_98_length_5256_cov_32.024117
      Species: [Marfavirus F48] -> [空]
  CRR2703946_clean_NODE_1036_length_2362_cov_3.648755
      Realm: [Varidnaviria] -> [空]
      Kingdom: [Bamfordvirae] -> [空]
      Phylum: [Nucleocytoviricota] -> [空]
      Class: [Megaviricetes] -> [空]
      Order: [Imitervirales] -> [空]
  CRR2703946_clean_NODE_1056_length_2350_cov_2.208608
      Genus: [Theiavirus] -> [空]
      Species: [Theiavirus salishense] -> [空]
  CRR2703946_clean_NODE_1079_length_2335_cov_7.908046
      Species: [Biavirus raunefjordenense] -> [空]
  CRR2703946_clean_NODE_10_length_8021_cov_15.131983
      Realm: [Varidnaviria] -> [空]
      Kingdom: [Bamfordvirae] -> [空]
      Phylum: [Nucleocytoviricota] -> [空]
      Class: [Megaviricetes] -> [空]
      Order: [Imitervirales] -> [空]
      Family: [Schizomimiviridae] -> [空]
      Genus: [Biavirus] -> [空]
      Species: [Biavirus raunefjordenense] -> [空]
  CRR2703946_clean_NODE_1126_length_2300_cov_2.893579
      Realm: [Duplodnaviria] -> [空]
      Kingdom: [Heunggongvirae] -> [空]
      Phylum: [Uroviricota] -> [空]
  CRR2703946_clean_NODE_1139_length_2290_cov_57.812810
      Species: [Hokovirus HKV1*] -> [空]
  CRR2703946_clean_NODE_114_length_4465_cov_4.097222
      Realm: [Duplodnaviria] -> [空]
      Kingdom: [Heunggongvirae] -> [空]
      Phylum: [Peploviricota] -> [空]
      Class: [Herviviricetes] -> [空]
      Order: [Herpesvirales] -> [空]
  CRR2703946_clean_NODE_1171_length_2271_cov_6.504550
      Species: [Mimiviridae sp. ChoanoV1*] -> [空]
  CRR2703946_clean_NODE_1173_length_2269_cov_235.562386
      Realm: [Varidnaviria] -> [空]
      Kingdom: [Bamfordvirae] -> [空]
      Phylum: [Nucleocytoviricota] -> [空]
      Species: [Theiavirus salishense] -> [空]
  CRR2703946_clean_NODE_1235_length_2222_cov_8.476035
      Class: [Megaviricetes] -> [空]
      Order: [Imitervirales] -> [空]
      Species: [Tethysvirus raunefjordenense] -> [空]
  CRR2703946_clean_NODE_1246_length_2215_cov_11.590570
      Species: [Mimiviridae sp. ChoanoV1*] -> [空]
  CRR2703946_clean_NODE_1251_length_2211_cov_3.027596
      Species: [Homavirus sp.] -> [空]
  CRR2703946_clean_NODE_1309_length_2167_cov_2.829513
      Realm: [Duplodnaviria] -> [空]
      Kingdom: [Heunggongvirae] -> [空]
      Phylum: [Uroviricota] -> [空]
      Family: [Peduoviridae] -> [空]
  CRR2703946_clean_NODE_1330_length_2150_cov_17.490130
      Realm: [Duplodnaviria] -> [空]
      Kingdom: [Heunggongvirae] -> [空]
      Phylum: [Peploviricota] -> [空]
  CRR2703946_clean_NODE_1353_length_2134_cov_3.191655
      Realm: [Duplodnaviria] -> [空]
      Kingdom: [Heunggongvirae] -> [空]
      Phylum: [Uroviricota] -> [空]
      Family: [Peduoviridae] -> [空]
  CRR2703946_clean_NODE_1362_length_2126_cov_17.792986
      Species: [Agnivirus brisbanense] -> [空]
  CRR2703946_clean_NODE_1440_length_2088_cov_14.934988
      Species: [Fadolivirus algeromassiliense] -> [空]
  CRR2703946_clean_NODE_1448_length_2087_cov_2.896226
      Species: [Tethysvirus raunefjordenense] -> [空]
  CRR2703946_clean_NODE_1451_length_2085_cov_6.096918
      Genus: [Tupanvirus] -> [空]
      Species: [Tupanvirus altamarinense] -> [空]
  CRR2703946_clean_NODE_1476_length_2068_cov_1.296742
      Order: [Pimascovirales] -> [空]
      Species: [Alphaorpheovirus massiliense] -> [空]
  CRR2703946_clean_NODE_147_length_4260_cov_10.356580
      Species: [Alphacedratvirus francolausannense] -> [空]
  CRR2703946_clean_NODE_149_length_4246_cov_4.543973
      Species: [Donellivirus gee] -> [空]
  CRR2703946_clean_NODE_153_length_4218_cov_4.869723
      Order: [Imitervirales] -> [空]
  CRR2703946_clean_NODE_15671_length_543_cov_0.906383
      Species: [Deltaflexivirus glycinis] -> [空]
  CRR2703946_clean_NODE_1604_length_2000_cov_3.680332
      Order: [Imitervirales] -> [空]
      Family: [Mimiviridae] -> [空]
      Genus: [Fadolivirus] -> [空]
      Species: [Fadolivirus algeromassiliense] -> [空]
  CRR2703946_clean_NODE_1617_length_1993_cov_2.338021
      Realm: [Varidnaviria] -> [空]
      Kingdom: [Bamfordvirae] -> [空]
      Phylum: [Nucleocytoviricota] -> [空]
      Species: [Biavirus raunefjordenense] -> [空]
  CRR2703946_clean_NODE_1720_length_1940_cov_2.355115
      Realm: [Duplodnaviria] -> [空]
      Kingdom: [Heunggongvirae] -> [空]
      Phylum: [Uroviricota] -> [空]
      Class: [Caudoviricetes] -> [空]
      Order: [Pantevenvirales] -> [空]
      Genus: [Lowelvirus] -> [空]
  CRR2703946_clean_NODE_1724_length_1937_cov_11.959227
      Species: [Tupanvirus salinum] -> [空]
  CRR2703946_clean_NODE_176_length_4060_cov_5.708051
      Realm: [Varidnaviria] -> [空]
      Kingdom: [Bamfordvirae] -> [空]
      Phylum: [Nucleocytoviricota] -> [空]
      Class: [Megaviricetes] -> [空]
      Order: [Imitervirales] -> [空]
      Family: [Mimiviridae] -> [空]
      Genus: [Mimivirus] -> [空]
      Species: [Mimivirus bradfordmassiliense] -> [空]
  CRR2703946_clean_NODE_177_length_4051_cov_14.178230
      Genus: [Moumouvirus] -> [空]
      Species: [Moumouvirus australiense] -> [空]
  CRR2703946_clean_NODE_1836_length_1884_cov_25.224738
      Species: [Agnivirus brisbanense] -> [空]
  CRR2703946_clean_NODE_194_length_3957_cov_3.055870
      Species: [Tupanvirus salinum] -> [空]
  CRR2703946_clean_NODE_2103_length_1772_cov_2.045909
      Species: [Agnivirus brisbanense] -> [空]
  CRR2703946_clean_NODE_2104_length_1771_cov_49.835689
      Species: [Hokovirus HKV1*] -> [空]
  CRR2703946_clean_NODE_2126_length_1765_cov_2.243499
      Order: [Imitervirales] -> [空]
  CRR2703946_clean_NODE_2154_length_1753_cov_2.907143
      Species: [Chlorovirus americanus] -> [空]
  CRR2703946_clean_NODE_2227_length_1728_cov_19.512387
      Species: [Agnivirus brisbanense] -> [空]
  CRR2703946_clean_NODE_2301_length_1702_cov_4.145488
      Genus: [Bracoviriform] -> [空]
  CRR2703946_clean_NODE_2422_length_1662_cov_11.255507
      Order: [Pimascovirales] -> [空]
      Family: [Orpheoviridae] -> [空]
  CRR2703946_clean_NODE_2546_length_1628_cov_15.915756
      Genus: [Tupanvirus] -> [空]
      Species: [Tupanvirus altamarinense] -> [空]
  CRR2703946_clean_NODE_264_length_3613_cov_15.858475
      Class: [Megaviricetes] -> [空]
      Order: [Algavirales] -> [空]
      Family: [Phycodnaviridae] -> [空]
      Genus: [Coccolithovirus] -> [空]
      Species: [Coccolithovirus huxleyi] -> [空]
  CRR2703946_clean_NODE_2672_length_1593_cov_1.686842
      Species: [Lymphocystivirus paralichthys1] -> [空]
  CRR2703946_clean_NODE_26_length_6320_cov_5.048023
      Species: [Agnivirus brisbanense] -> [空]
  CRR2703946_clean_NODE_2728_length_1576_cov_2.928144
      Species: [Mimiviridae sp. ChoanoV1*] -> [空]
  CRR2703946_clean_NODE_284_length_3540_cov_2.384482
      Species: [Kratosvirus quantuckense] -> [空]
  CRR2703946_clean_NODE_2918_length_1527_cov_1.713893
      Species: [Mimiviridae sp. ChoanoV1*] -> [空]
  CRR2703946_clean_NODE_291_length_3505_cov_4.426282
      Species: [Fadolivirus algeromassiliense] -> [空]
  CRR2703946_clean_NODE_2941_length_1520_cov_3.210781
      Order: [Imitervirales] -> [空]
      Species: [Theiavirus salishense] -> [空]
  CRR2703946_clean_NODE_299_length_3497_cov_3.632301
      Realm: [Varidnaviria] -> [空]
      Kingdom: [Bamfordvirae] -> [空]
      Phylum: [Nucleocytoviricota] -> [空]
  CRR2703946_clean_NODE_3018_length_1501_cov_2.773810
      Species: [Alphabaculovirus pesauciae] -> [空]
  CRR2703946_clean_NODE_3051_length_1495_cov_2.125176
      Species: [Pseudovirus artarabidopsis] -> [空]
  CRR2703946_clean_NODE_310_length_3455_cov_7.112064
      Genus: [Tupanvirus] -> [空]
      Species: [Tupanvirus salinum] -> [空]
  CRR2703946_clean_NODE_328_length_3408_cov_3.042579
      Realm: [Varidnaviria] -> [空]
      Kingdom: [Bamfordvirae] -> [空]
      Phylum: [Nucleocytoviricota] -> [空]
      Family: [Mimiviridae] -> [空]
      Genus: [Fadolivirus] -> [空]
      Species: [Fadolivirus algeromassiliense] -> [空]
  CRR2703946_clean_NODE_367_length_3298_cov_5.747287
      Species: [Mimiviridae sp. ChoanoV1*] -> [空]
  CRR2703946_clean_NODE_384_length_3266_cov_19.835578
      Species: [Agnivirus brisbanense] -> [空]
  CRR2703946_clean_NODE_424_length_3155_cov_14.950681
      Realm: [Duplodnaviria] -> [空]
      Kingdom: [Heunggongvirae] -> [空]
      Phylum: [Uroviricota] -> [空]
  CRR2703946_clean_NODE_429_length_3151_cov_5.855101
      Class: [Pokkesviricetes] -> [空]
  CRR2703946_clean_NODE_444_length_3126_cov_5.300688
      Species: [Tupanvirus salinum] -> [空]
  CRR2703946_clean_NODE_461_length_3087_cov_27.990378
      Class: [Naldaviricetes] -> [空]
      Order: [Lefavirales] -> [空]
  CRR2703946_clean_NODE_480_length_3055_cov_7.753856
      Species: [Tupanvirus salinum] -> [空]
  CRR2703946_clean_NODE_481_length_3054_cov_4.790339
      Realm: [Varidnaviria] -> [空]
      Kingdom: [Bamfordvirae] -> [空]
      Phylum: [Nucleocytoviricota] -> [空]
      Class: [Megaviricetes] -> [空]
  CRR2703946_clean_NODE_505_length_3012_cov_2.429398
      Realm: [Varidnaviria] -> [空]
      Kingdom: [Bamfordvirae] -> [空]
      Phylum: [Nucleocytoviricota] -> [空]
      Class: [Megaviricetes] -> [空]
      Order: [Imitervirales] -> [空]
  CRR2703946_clean_NODE_530_length_2972_cov_13.774750
      Species: [Tupanvirus salinum] -> [空]
  CRR2703946_clean_NODE_551_length_2926_cov_9.047319
      Species: [Tupanvirus altamarinense] -> [空]
  CRR2703946_clean_NODE_563_length_2897_cov_45.870042
      Realm: [Duplodnaviria] -> [空]
      Kingdom: [Heunggongvirae] -> [空]
      Phylum: [Uroviricota] -> [空]
      Family: [Peduoviridae] -> [空]
  CRR2703946_clean_NODE_588_length_2854_cov_7.042071
      Species: [Fadolivirus algeromassiliense] -> [空]
  CRR2703946_clean_NODE_602_length_2835_cov_2.356264
      Species: [Alphapithovirus massiliense] -> [空]
  CRR2703946_clean_NODE_662_length_2763_cov_13.643494
      Realm: [Varidnaviria] -> [空]
      Kingdom: [Bamfordvirae] -> [空]
      Phylum: [Nucleocytoviricota] -> [空]
  CRR2703946_clean_NODE_66_length_5266_cov_2.930483
      Phylum: [Uroviricota] -> [空]
  CRR2703946_clean_NODE_671_length_2751_cov_18.165795
      Family: [Hydriviridae] -> [空]
  CRR2703946_clean_NODE_700_length_2723_cov_4.764528
      Order: [Imitervirales] -> [空]
      Species: [Theiavirus salishense] -> [空]
  CRR2703946_clean_NODE_7446_length_897_cov_36.593447
      Species: [Alphabaculovirus altermyunipunctae] -> [空]
  CRR2703946_clean_NODE_768_length_2634_cov_4.277235
      Realm: [Varidnaviria] -> [空]
      Kingdom: [Bamfordvirae] -> [空]
      Phylum: [Nucleocytoviricota] -> [空]
      Class: [Megaviricetes] -> [空]
      Order: [Imitervirales] -> [空]
  CRR2703946_clean_NODE_79_length_4999_cov_4.078360
      Species: [Mimiviridae sp. ChoanoV1*] -> [空]
  CRR2703946_clean_NODE_80_length_4986_cov_3.361083
      Realm: [Adnaviria] -> [空]
      Kingdom: [Zilligvirae] -> [空]
      Phylum: [Taleaviricota] -> [空]
  CRR2703946_clean_NODE_893_length_2499_cov_2.121187
      Species: [Biavirus raunefjordenense] -> [空]
  CRR2703946_clean_NODE_908_length_2485_cov_4.354892
      Genus: [Fadolivirus] -> [空]
      Species: [Fadolivirus algeromassiliense] -> [空]
  CRR2703946_clean_NODE_914_length_2478_cov_4.215385
      Family: [Schizomimiviridae] -> [空]
      Genus: [Biavirus] -> [空]
      Species: [Biavirus raunefjordenense] -> [空]
  CRR2703946_clean_NODE_929_length_2462_cov_8.598995
      Species: [Mimiviridae sp. ChoanoV1*] -> [空]
  CRR2703946_clean_NODE_930_length_2460_cov_22.437369
      Species: [Klosneuvirus KNV1*] -> [空]
  CRR2703946_clean_NODE_962_length_2431_cov_8.438507
      Genus: [Bellamyvirus] -> [空]
      Species: [Bellamyvirus bellamy] -> [空]
  CRR2703946_clean_NODE_96_length_4626_cov_2.769602
      Realm: [Duplodnaviria] -> [空]
      Kingdom: [Heunggongvirae] -> [空]
      Phylum: [Uroviricota] -> [空]
  CRR2703946_clean_NODE_989_length_2403_cov_2.222747
      Species: [Hemivirus aedis] -> [空]
  CRR2703946_clean_NODE_997_length_2398_cov_4.421075
      Realm: [Varidnaviria] -> [空]
      Kingdom: [Bamfordvirae] -> [空]
      Phylum: [Nucleocytoviricota] -> [空]
  CRR2703946_clean_NODE_99_length_4617_cov_7.185739
      Species: [Tupanvirus altamarinense] -> [空]
  CRR2703947_clean_NODE_102_length_2855_cov_2.708843
      Species: [Tupanvirus salinum] -> [空]
  CRR2703947_clean_NODE_165_length_2453_cov_1.315126
      Realm: [Varidnaviria] -> [空]
      Kingdom: [Bamfordvirae] -> [空]
      Phylum: [Nucleocytoviricota] -> [空]
  CRR2703947_clean_NODE_1700_length_1101_cov_6.698444
      Family: [Pseudoviridae] -> [空]
      Genus: [Pseudovirus] -> [空]
      Species: [Pseudovirus solani] -> [空]
  CRR2703947_clean_NODE_193_length_2332_cov_8.133687
      Realm: [Duplodnaviria] -> [空]
      Kingdom: [Heunggongvirae] -> [空]
      Phylum: [Uroviricota] -> [空]
      Family: [Peduoviridae] -> [空]
  CRR2703947_clean_NODE_24_length_3954_cov_4.496006
      Genus: [Errantivirus] -> [空]
      Species: [Errantivirus zami] -> [空]
  CRR2703947_clean_NODE_2655_length_911_cov_1.267303
      Species: [Tymovirus dulcamarae] -> [空]
  CRR2703947_clean_NODE_2_length_7055_cov_6.159123
      Species: [Metavirus lilii] -> [空]
  CRR2703947_clean_NODE_304_length_1992_cov_2.962480
      Species: [Agnivirus brisbanense] -> [空]
  CRR2703947_clean_NODE_3059_length_857_cov_1.471939
      Order: [Imitervirales] -> [空]
      Family: [Mimiviridae] -> [空]
  CRR2703947_clean_NODE_455_length_1770_cov_2.883913
      Family: [Mesomimiviridae] -> [空]
      Genus: [Tethysvirus] -> [空]
      Species: [Tethysvirus ontarioense] -> [空]
  CRR2703947_clean_NODE_508_length_1713_cov_1.362805
      Species: [Percavirus phocidgamma3] -> [空]
  CRR2703947_clean_NODE_551_length_1675_cov_1.619226
      Species: [Tupanvirus salinum] -> [空]
  CRR2703947_clean_NODE_6086_length_623_cov_1.038182
      Species: [Dishui lake phycodnavirus 1] -> [空]
  CRR2703947_clean_NODE_687_length_1549_cov_6.448509
      Order: [Imitervirales] -> [空]
      Species: [Tethysvirus raunefjordenense] -> [空]
  CRR2703947_clean_NODE_82_length_3085_cov_3.447543
      Realm: [Varidnaviria] -> [空]
      Kingdom: [Bamfordvirae] -> [空]
      Phylum: [Nucleocytoviricota] -> [空]
  CRR2703947_clean_NODE_98_length_2937_cov_1.773394
      Species: [Fadolivirus algeromassiliense] -> [空]
  CRR2703948_clean_NODE_1011_length_2271_cov_3.069154
      Realm: [Varidnaviria] -> [空]
      Kingdom: [Bamfordvirae] -> [空]
      Phylum: [Nucleocytoviricota] -> [空]
      Class: [Megaviricetes] -> [空]
      Order: [Imitervirales] -> [空]
      Species: [Theiavirus salishense] -> [空]
  CRR2703948_clean_NODE_1024_length_2255_cov_7.470669
      Realm: [Duplodnaviria] -> [空]
      Kingdom: [Heunggongvirae] -> [空]
      Phylum: [Uroviricota] -> [空]
  CRR2703948_clean_NODE_10476_length_649_cov_1.536458
      Family: [Togaviridae] -> [空]
  CRR2703948_clean_NODE_1058_length_2226_cov_4.238737
      Species: [Pseudovirus artarabidopsis] -> [空]
  CRR2703948_clean_NODE_10_length_7331_cov_3.094241
      Realm: [Duplodnaviria] -> [空]
      Kingdom: [Heunggongvirae] -> [空]
      Phylum: [Uroviricota] -> [空]
  CRR2703948_clean_NODE_1101_length_2198_cov_4.515765
      Realm: [Varidnaviria] -> [空]
      Kingdom: [Bamfordvirae] -> [空]
      Phylum: [Nucleocytoviricota] -> [空]
  CRR2703948_clean_NODE_1107_length_2194_cov_1.536068
      Realm: [Duplodnaviria] -> [空]
      Kingdom: [Heunggongvirae] -> [空]
      Phylum: [Uroviricota] -> [空]
      Species: [Llyrvirus SSKS1] -> [空]
  CRR2703948_clean_NODE_1142_length_2174_cov_16.363636
      Genus: [Bellamyvirus] -> [空]
      Species: [Bellamyvirus bellamy] -> [空]
  CRR2703948_clean_NODE_115_length_4085_cov_7.839482
      Species: [Satyrvirus sp.*] -> [空]
  CRR2703948_clean_NODE_1183_length_2142_cov_197.681972
      Species: [Tethysvirus ontarioense] -> [空]
  CRR2703948_clean_NODE_1196_length_2137_cov_2.377422
      Family: [Schizomimiviridae] -> [空]
      Genus: [Biavirus] -> [空]
      Species: [Biavirus raunefjordenense] -> [空]
  CRR2703948_clean_NODE_128_length_4008_cov_11.489199
      Species: [Blunervirus vaccinii] -> [空]
  CRR2703948_clean_NODE_1351_length_2057_cov_1.763609
      Order: [Imitervirales] -> [空]
  CRR2703948_clean_NODE_1353_length_2056_cov_9.784165
      Species: [Mimiviridae sp. ChoanoV1*] -> [空]
  CRR2703948_clean_NODE_1368_length_2046_cov_3.374050
      Realm: [Duplodnaviria] -> [空]
      Kingdom: [Heunggongvirae] -> [空]
      Phylum: [Uroviricota] -> [空]
  CRR2703948_clean_NODE_136_length_3956_cov_3.000515
      Genus: [Fadolivirus] -> [空]
      Species: [Fadolivirus algeromassiliense] -> [空]
  CRR2703948_clean_NODE_14891_length_512_cov_14.738041
      Order: [Imitervirales] -> [空]
      Family: [Allomimiviridae] -> [空]
  CRR2703948_clean_NODE_1509_length_1970_cov_2.968371
      Species: [Howevirus mcklovin] -> [空]
  CRR2703948_clean_NODE_151_length_3844_cov_7.266242
      Species: [Tupanvirus salinum] -> [空]
  CRR2703948_clean_NODE_1525_length_1959_cov_11.650583
      Species: [Biavirus raunefjordenense] -> [空]
  CRR2703948_clean_NODE_1623_length_1904_cov_1.434735
      Realm: [Duplodnaviria] -> [空]
      Kingdom: [Heunggongvirae] -> [空]
      Phylum: [Uroviricota] -> [空]
      Species: [Criusvirus kaneoense*] -> [空]
  CRR2703948_clean_NODE_1653_length_1888_cov_3.380716
      Genus: [Megavirus] -> [空]
      Species: [Megavirus baoshanense] -> [空]
  CRR2703948_clean_NODE_1686_length_1876_cov_1.245147
      Class: [Pokkesviricetes] -> [空]
      Order: [Chitovirales] -> [空]
  CRR2703948_clean_NODE_1700_length_1868_cov_1.812813
      Genus: [Cervidpoxvirus] -> [空]
      Species: [Cervidpoxvirus muledeerpox] -> [空]
  CRR2703948_clean_NODE_1704_length_1866_cov_3.318461
      Species: [Alphabaculovirus altermyunipunctae] -> [空]
  CRR2703948_clean_NODE_1737_length_1848_cov_5.731831
      Species: [Teubervirus LW31] -> [空]
  CRR2703948_clean_NODE_1781_length_1824_cov_1.898915
      Realm: [Duplodnaviria] -> [空]
      Kingdom: [Heunggongvirae] -> [空]
      Phylum: [Uroviricota] -> [空]
  CRR2703948_clean_NODE_178_length_3714_cov_4.598187
      Species: [Tupanvirus salinum] -> [空]
  CRR2703948_clean_NODE_1845_length_1796_cov_1.590830
      Class: [Megaviricetes] -> [空]
      Order: [Imitervirales] -> [空]
      Family: [Mimiviridae] -> [空]
      Genus: [Mimivirus] -> [空]
      Species: [Mimivirus bradfordmassiliense] -> [空]
  CRR2703948_clean_NODE_1907_length_1768_cov_1.650737
      Realm: [Varidnaviria] -> [空]
      Kingdom: [Bamfordvirae] -> [空]
      Phylum: [Nucleocytoviricota] -> [空]
  CRR2703948_clean_NODE_1940_length_1754_cov_19.995241
      Order: [Pimascovirales] -> [空]
  CRR2703948_clean_NODE_1954_length_1749_cov_3.556086
      Family: [Schizomimiviridae] -> [空]
      Genus: [Biavirus] -> [空]
      Species: [Biavirus raunefjordenense] -> [空]
  CRR2703948_clean_NODE_200_length_3626_cov_8.817619
      Genus: [Vetruanivirus] -> [空]
      Species: [Vetruanivirus dhakaense] -> [空]
  CRR2703948_clean_NODE_2013_length_1722_cov_6.201941
      Class: [Pokkesviricetes] -> [空]
      Order: [Chitovirales] -> [空]
      Family: [Poxviridae] -> [空]
      Genus: [Epsilonentomopoxvirus] -> [空]
      Species: [Epsilonentomopoxvirus dlongicaudata] -> [空]
  CRR2703948_clean_NODE_2021_length_1721_cov_1.685073
      Class: [Pokkesviricetes] -> [空]
  CRR2703948_clean_NODE_2182_length_1667_cov_3.897742
      Realm: [Riboviria] -> [空]
      Kingdom: [Pararnavirae] -> [空]
      Phylum: [Artverviricota] -> [空]
      Class: [Revtraviricetes] -> [空]
      Order: [Ortervirales] -> [空]
      Family: [Metaviridae] -> [空]
      Genus: [Metavirus] -> [空]
      Species: [Metavirus tatarabidopsis] -> [空]
  CRR2703948_clean_NODE_2199_length_1659_cov_1.786255
      Realm: [Varidnaviria] -> [空]
      Kingdom: [Bamfordvirae] -> [空]
      Phylum: [Nucleocytoviricota] -> [空]
      Class: [Megaviricetes] -> [空]
      Order: [Pimascovirales] -> [空]
  CRR2703948_clean_NODE_220_length_3547_cov_9.885435
      Species: [Pseudovirus brassicae] -> [空]
  CRR2703948_clean_NODE_2259_length_1638_cov_11.304792
      Species: [Barrevirus sp.] -> [空]
  CRR2703948_clean_NODE_2290_length_1627_cov_1.954311
      Species: [Pseudovirus artarabidopsis] -> [空]
  CRR2703948_clean_NODE_2338_length_1614_cov_0.995457
      Genus: [Bracoviriform] -> [空]
  CRR2703948_clean_NODE_2386_length_1597_cov_14.257218
      Species: [Mimiviridae sp. ChoanoV1*] -> [空]
  CRR2703948_clean_NODE_2389_length_1596_cov_2.549573
      Realm: [Duplodnaviria] -> [空]
      Kingdom: [Heunggongvirae] -> [空]
      Phylum: [Uroviricota] -> [空]
  CRR2703948_clean_NODE_2393_length_1595_cov_3.419185
      Phylum: [Nucleocytoviricota] -> [空]
  CRR2703948_clean_NODE_2407_length_1588_cov_70.210561
      Realm: [Duplodnaviria] -> [空]
  CRR2703948_clean_NODE_2427_length_1582_cov_1.459907
      Genus: [Tupanvirus] -> [空]
      Species: [Tupanvirus salinum] -> [空]
  CRR2703948_clean_NODE_257_length_3436_cov_6.470711
      Species: [Fadolivirus algeromassiliense] -> [空]
  CRR2703948_clean_NODE_2673_length_1507_cov_7.209205
      Species: [Tupanvirus salinum] -> [空]
  CRR2703948_clean_NODE_2682_length_1505_cov_7.441341
      Species: [Mimiviridae sp. ChoanoV1*] -> [空]
  CRR2703948_clean_NODE_2684_length_1505_cov_5.334497
      Species: [Fadolivirus algeromassiliense] -> [空]
  CRR2703948_clean_NODE_283_length_3347_cov_5.058033
      Realm: [Varidnaviria] -> [空]
      Kingdom: [Bamfordvirae] -> [空]
      Phylum: [Nucleocytoviricota] -> [空]
      Class: [Megaviricetes] -> [空]
      Order: [Imitervirales] -> [空]
      Family: [Schizomimiviridae] -> [空]
      Genus: [Biavirus] -> [空]
      Species: [Biavirus raunefjordenense] -> [空]
  CRR2703948_clean_NODE_2853_length_1459_cov_0.888889
      Species: [Marseillevirus senegalense] -> [空]
  CRR2703948_clean_NODE_286_length_3341_cov_95.910649
      Order: [Imitervirales] -> [空]
      Species: [Tethysvirus raunefjordenense] -> [空]
  CRR2703948_clean_NODE_31_length_5514_cov_5.299577
      Family: [Schizomimiviridae] -> [空]
      Genus: [Biavirus] -> [空]
      Species: [Biavirus raunefjordenense] -> [空]
  CRR2703948_clean_NODE_33_length_5461_cov_4.562546
      Order: [Algavirales] -> [空]
  CRR2703948_clean_NODE_344_length_3180_cov_1.938204
      Class: [Naldaviricetes] -> [空]
      Order: [Lefavirales] -> [空]
  CRR2703948_clean_NODE_360_length_3142_cov_31.697947
      Realm: [Varidnaviria] -> [空]
      Kingdom: [Bamfordvirae] -> [空]
      Phylum: [Nucleocytoviricota] -> [空]
  CRR2703948_clean_NODE_375_length_3120_cov_5.744011
      Species: [Tupanvirus altamarinense] -> [空]
  CRR2703948_clean_NODE_3948_length_1223_cov_2.993913
      Species: [Tymovirus chayotis] -> [空]
  CRR2703948_clean_NODE_404_length_3051_cov_7.345198
      Family: [Schizomimiviridae] -> [空]
      Genus: [Biavirus] -> [空]
      Species: [Biavirus raunefjordenense] -> [空]
  CRR2703948_clean_NODE_417_length_3008_cov_2.799659
      Realm: [Varidnaviria] -> [空]
      Kingdom: [Bamfordvirae] -> [空]
      Phylum: [Nucleocytoviricota] -> [空]
      Class: [Megaviricetes] -> [空]
      Order: [Imitervirales] -> [空]
      Species: [Biavirus raunefjordenense] -> [空]
  CRR2703948_clean_NODE_418_length_3006_cov_3.958063
      Species: [Tupanvirus salinum] -> [空]
  CRR2703948_clean_NODE_436_length_2987_cov_24.641043
      Species: [Tupanvirus salinum] -> [空]
  CRR2703948_clean_NODE_490_length_2872_cov_36.628796
      Family: [Mesomimiviridae] -> [空]
      Genus: [Tethysvirus] -> [空]
      Species: [Tethysvirus ontarioense] -> [空]
  CRR2703948_clean_NODE_49_length_5034_cov_4.169119
      Realm: [Varidnaviria] -> [空]
      Kingdom: [Bamfordvirae] -> [空]
      Phylum: [Nucleocytoviricota] -> [空]
      Species: [Chlorovirus vanettense] -> [空]
  CRR2703948_clean_NODE_510_length_2843_cov_2.311552
      Species: [Biavirus raunefjordenense] -> [空]
  CRR2703948_clean_NODE_5267_length_1022_cov_2.167545
      Family: [Tymoviridae] -> [空]
  CRR2703948_clean_NODE_533_length_2811_cov_11.895544
      Species: [Biavirus raunefjordenense] -> [空]
  CRR2703948_clean_NODE_534_length_2810_cov_15.835952
      Order: [Imitervirales] -> [空]
  CRR2703948_clean_NODE_543_length_2780_cov_3.862209
      Species: [Tupanvirus salinum] -> [空]
  CRR2703948_clean_NODE_556_length_2761_cov_2.225074
      Species: [Phaeovirus unasiliculosus] -> [空]
  CRR2703948_clean_NODE_574_length_2743_cov_13.061798
      Species: [Klosneuvirus KNV1*] -> [空]
  CRR2703948_clean_NODE_616_length_2690_cov_2.362247
      Species: [Biavirus raunefjordenense] -> [空]
  CRR2703948_clean_NODE_654_length_2635_cov_1.675254
      Species: [Kratosvirus quantuckense] -> [空]
  CRR2703948_clean_NODE_698_length_2568_cov_3.393186
      Order: [Pimascovirales] -> [空]
  CRR2703948_clean_NODE_69_length_4689_cov_6.446274
      Realm: [Varidnaviria] -> [空]
      Kingdom: [Bamfordvirae] -> [空]
      Phylum: [Nucleocytoviricota] -> [空]
  CRR2703948_clean_NODE_708_length_2554_cov_4.265619
      Realm: [Duplodnaviria] -> [空]
      Kingdom: [Heunggongvirae] -> [空]
      Phylum: [Uroviricota] -> [空]
      Genus: [Fadolivirus] -> [空]
      Species: [Spinunavirus IPP61] -> [空]
  CRR2703948_clean_NODE_712_length_2552_cov_1205.963292
      Realm: [Duplodnaviria] -> [空]
      Kingdom: [Heunggongvirae] -> [空]
      Phylum: [Uroviricota] -> [空]
  CRR2703948_clean_NODE_716_length_2544_cov_3.276406
      Order: [Imitervirales] -> [空]
  CRR2703948_clean_NODE_721_length_2537_cov_2.687094
      Realm: [Varidnaviria] -> [空]
      Kingdom: [Bamfordvirae] -> [空]
      Phylum: [Nucleocytoviricota] -> [空]
      Class: [Megaviricetes] -> [空]
      Order: [Pimascovirales] -> [空]
      Family: [Hydriviridae] -> [空]
      Genus: [Alphahydrivirus] -> [空]
      Species: [Alphahydrivirus permafrostis] -> [空]
  CRR2703948_clean_NODE_7235_length_834_cov_85.354796
      Realm: [Riboviria] -> [空]
      Kingdom: [Orthornavirae] -> [空]
      Phylum: [Kitrinoviricota] -> [空]
      Class: [Flasuviricetes] -> [空]
      Order: [Amarillovirales] -> [空]
      Family: [Pestiviridae] -> [空]
  CRR2703948_clean_NODE_740_length_2508_cov_2.195893
      Species: [Cotonvirus japonicum] -> [空]
  CRR2703948_clean_NODE_772_length_2473_cov_5.902500
      Species: [Mimiviridae sp. ChoanoV1*] -> [空]
  CRR2703948_clean_NODE_779_length_2469_cov_2.894825
      Phylum: [Nucleocytoviricota] -> [空]
      Class: [Megaviricetes] -> [空]
      Order: [Imitervirales] -> [空]
      Family: [Mimiviridae] -> [空]
  CRR2703948_clean_NODE_789_length_2460_cov_23.020109
      Species: [Chlorovirus americanus] -> [空]
  CRR2703948_clean_NODE_7_length_7868_cov_21.054650
      Realm: [Varidnaviria] -> [空]
      Kingdom: [Bamfordvirae] -> [空]
      Phylum: [Nucleocytoviricota] -> [空]
  CRR2703948_clean_NODE_801_length_2448_cov_4.399158
      Realm: [Varidnaviria] -> [空]
      Kingdom: [Bamfordvirae] -> [空]
      Phylum: [Nucleocytoviricota] -> [空]
      Species: [Biavirus raunefjordenense] -> [空]
  CRR2703948_clean_NODE_80_length_4534_cov_2.492939
      Species: [Criusvirus kaneoense*] -> [空]
  CRR2703948_clean_NODE_839_length_2412_cov_1.967935
      Species: [Orthopoxvirus akhmetapox] -> [空]
  CRR2703948_clean_NODE_841_length_2409_cov_244.246147
      Realm: [Varidnaviria] -> [空]
      Kingdom: [Bamfordvirae] -> [空]
      Phylum: [Nucleocytoviricota] -> [空]
  CRR2703948_clean_NODE_846_length_2406_cov_1.455637
      Realm: [Duplodnaviria] -> [空]
      Kingdom: [Heunggongvirae] -> [空]
      Phylum: [Uroviricota] -> [空]
      Species: [Criusvirus kaneoense*] -> [空]
  CRR2703948_clean_NODE_855_length_2399_cov_2.094153
      Genus: [Cotonvirus] -> [空]
      Species: [Cotonvirus japonicum] -> [空]
  CRR2703948_clean_NODE_86_length_4452_cov_2.615666
      Realm: [Duplodnaviria] -> [空]
      Kingdom: [Heunggongvirae] -> [空]
      Phylum: [Uroviricota] -> [空]
  CRR2703948_clean_NODE_877_length_2380_cov_14.408322
      Order: [Imitervirales] -> [空]
      Species: [Fadolivirus algeromassiliense] -> [空]
  CRR2703948_clean_NODE_932_length_2333_cov_7.568584
      Genus: [Biavirus] -> [空]
      Species: [Biavirus raunefjordenense] -> [空]
  CRR2703948_clean_NODE_964_length_2314_cov_2.715752
      Realm: [Varidnaviria] -> [空]
      Kingdom: [Bamfordvirae] -> [空]
      Phylum: [Nucleocytoviricota] -> [空]
      Class: [Megaviricetes] -> [空]
      Order: [Pimascovirales] -> [空]
      Species: [Alphacedratvirus rossiense] -> [空]
  CRR2703948_clean_NODE_975_length_2308_cov_1.439821
      Realm: [Varidnaviria] -> [空]
      Kingdom: [Bamfordvirae] -> [空]
      Phylum: [Nucleocytoviricota] -> [空]
      Species: [Medusavirus medusae] -> [空]
  CRR2703948_clean_NODE_984_length_2298_cov_2.853034
      Species: [Rheavirus sinusmexicani] -> [空]
  CRR2703948_clean_NODE_990_length_2293_cov_2.924775
      Order: [Pimascovirales] -> [空]
      Species: [Alphaorpheovirus massiliense] -> [空]
  CRR527035_clean_NODE_225_length_624_cov_1.520871
      Phylum: [Lenarviricota] -> [空]
      Class: [Howeltoviricetes] -> [空]
      Order: [Cryppavirales] -> [空]
      Family: [Mitoviridae] -> [空]
      Genus: [Mitovirus] -> [空]
      Species: [Mitovirus sp.] -> [空]
  CRR527038_clean_NODE_121_length_994_cov_1.424539
      Species: [Botoulivirus alphaplasmoparae] -> [空]
  CRR527038_clean_NODE_242_length_751_cov_1.834808
      Species: [Magoulivirus lambdaplasmoparae] -> [空]
  CRR527038_clean_NODE_570_length_516_cov_0.437923
      Species: [Scleroulivirus omicronplasmoparae] -> [空]
  CRR527039_clean_NODE_106_length_1850_cov_7.175577
      Family: [Schizomimiviridae] -> [空]
      Genus: [Biavirus] -> [空]
      Species: [Biavirus raunefjordenense] -> [空]
  CRR527039_clean_NODE_112_length_1806_cov_3.657242
      Species: [Biavirus raunefjordenense] -> [空]
  CRR527039_clean_NODE_117_length_1774_cov_2.320400
      Species: [Fadolivirus algeromassiliense] -> [空]
  CRR527039_clean_NODE_11_length_6929_cov_7.044049
      Order: [Imitervirales] -> [空]
      Family: [Allomimiviridae] -> [空]
      Genus: [Oceanusvirus] -> [空]
      Species: [Oceanusvirus kaneohense] -> [空]
  CRR527039_clean_NODE_1216_length_642_cov_0.702988
      Species: [Scleroulivirus piplasmoparae] -> [空]
  CRR527039_clean_NODE_125_length_1749_cov_2.001790
      Genus: [Tupanvirus] -> [空]
      Species: [Tupanvirus altamarinense] -> [空]
  CRR527039_clean_NODE_126_length_1747_cov_3.119474
      Realm: [Duplodnaviria] -> [空]
      Kingdom: [Heunggongvirae] -> [空]
      Phylum: [Uroviricota] -> [空]
  CRR527039_clean_NODE_129_length_1725_cov_2.030266
      Species: [Chlorovirus americanus] -> [空]
  CRR527039_clean_NODE_131_length_1716_cov_10.692635
      Order: [Pimascovirales] -> [空]
  CRR527039_clean_NODE_143_length_1669_cov_5.439850
      Family: [Schizomimiviridae] -> [空]
      Genus: [Biavirus] -> [空]
      Species: [Biavirus raunefjordenense] -> [空]
  CRR527039_clean_NODE_160_length_1558_cov_3.804714
      Family: [Schizomimiviridae] -> [空]
      Genus: [Biavirus] -> [空]
      Species: [Biavirus raunefjordenense] -> [空]
  CRR527039_clean_NODE_197_length_1412_cov_7.026139
      Realm: [Varidnaviria] -> [空]
      Kingdom: [Bamfordvirae] -> [空]
      Phylum: [Nucleocytoviricota] -> [空]
      Genus: [Biavirus] -> [空]
      Species: [Biavirus raunefjordenense] -> [空]
  CRR527039_clean_NODE_198_length_1412_cov_2.005228
      Species: [Chlorovirus conductrix] -> [空]
  CRR527039_clean_NODE_35_length_3058_cov_3.437521
      Species: [Alphaentomopoxvirus acuprea] -> [空]
  CRR527039_clean_NODE_459_length_999_cov_5.288337
      Realm: [Duplodnaviria] -> [空]
      Kingdom: [Heunggongvirae] -> [空]
      Phylum: [Uroviricota] -> [空]
  CRR527039_clean_NODE_64_length_2300_cov_7.334980
      Family: [Schizomimiviridae] -> [空]
      Genus: [Biavirus] -> [空]
      Species: [Biavirus raunefjordenense] -> [空]
  CRR527039_clean_NODE_86_length_2036_cov_4.629139
      Species: [Biavirus raunefjordenense] -> [空]
  CRR527039_clean_NODE_88_length_2026_cov_3.221198
      Species: [Theiavirus salishense] -> [空]
  CRR527039_clean_NODE_89_length_2017_cov_3.169239
      Realm: [Duplodnaviria] -> [空]
      Kingdom: [Heunggongvirae] -> [空]
      Phylum: [Uroviricota] -> [空]
      Genus: [Alphacedratvirus*] -> [空]
  CRR527039_clean_NODE_9_length_8067_cov_7.049912
      Order: [Imitervirales] -> [空]
      Species: [Oceanusvirus kaneohense] -> [空]
  CRR527040_clean_NODE_138_length_1258_cov_0.696203
      Species: [Botoulivirus alphaplasmoparae] -> [空]
  CRR527040_clean_NODE_183_length_1124_cov_2.110371
      Species: [Magoulivirus lambdaplasmoparae] -> [空]
  CRR527040_clean_NODE_25_length_2464_cov_1.492681
      Realm: [Duplodnaviria] -> [空]
      Kingdom: [Heunggongvirae] -> [空]
      Phylum: [Uroviricota] -> [空]
  CRR527040_clean_NODE_28_length_2288_cov_8.038826
      Species: [Betascleroulivirus lambdaplasmoparae] -> [空]
  CRR527041_clean_NODE_10059_length_756_cov_1.600293
      Species: [Polymycovirus cladosporii] -> [空]
  CRR527041_clean_NODE_1006_length_2145_cov_3.257239
      Kingdom: [Heunggongvirae] -> [空]
      Phylum: [Uroviricota] -> [空]
  CRR527041_clean_NODE_10167_length_750_cov_1.672083
      Species: [Deltaflexivirus glycinis] -> [空]
  CRR527041_clean_NODE_1019_length_2136_cov_25.971886
      Genus: [Megavirus] -> [空]
      Species: [Megavirus powaiense] -> [空]
  CRR527041_clean_NODE_103_length_4049_cov_8.239185
      Realm: [Varidnaviria] -> [空]
      Kingdom: [Bamfordvirae] -> [空]
      Phylum: [Nucleocytoviricota] -> [空]
  CRR527041_clean_NODE_1046_length_2122_cov_12.312836
      Species: [Fadolivirus algeromassiliense] -> [空]
  CRR527041_clean_NODE_1084_length_2100_cov_3.194869
      Species: [Lahexavirus LAh8] -> [空]
  CRR527041_clean_NODE_1089_length_2096_cov_67.537815
      Species: [Mavirus cafeteriae*] -> [空]
  CRR527041_clean_NODE_11113_length_707_cov_4.834385
      Class: [Bunyaviricetes] -> [空]
      Order: [Elliovirales] -> [空]
      Family: [Tospoviridae] -> [空]
  CRR527041_clean_NODE_11458_length_693_cov_1.082258
      Species: [Deltaflexivirus glycinis] -> [空]
  CRR527041_clean_NODE_1168_length_2056_cov_2.670701
      Species: [Biavirus raunefjordenense] -> [空]
  CRR527041_clean_NODE_1170_length_2055_cov_4.630676
      Species: [Rheavirus sinusmexicani] -> [空]
  CRR527041_clean_NODE_11746_length_682_cov_2.180624
      Species: [Deltaflexivirus sclerotiniae] -> [空]
  CRR527041_clean_NODE_11892_length_677_cov_1.913907
      Species: [Wahrwivirus faecicola] -> [空]
  CRR527041_clean_NODE_1191_length_2042_cov_5.381920
      Realm: [Varidnaviria] -> [空]
      Kingdom: [Bamfordvirae] -> [空]
      Phylum: [Nucleocytoviricota] -> [空]
  CRR527041_clean_NODE_1199_length_2038_cov_9.536387
      Species: [Tupanvirus salinum] -> [空]
  CRR527041_clean_NODE_1208_length_2035_cov_2.308359
      Species: [Tupanvirus altamarinense] -> [空]
  CRR527041_clean_NODE_124_length_3934_cov_4.972805
      Realm: [Duplodnaviria] -> [空]
      Kingdom: [Heunggongvirae] -> [空]
      Phylum: [Peploviricota] -> [空]
      Species: [Cytomegalovirus cercopithecinebeta5] -> [空]
  CRR527041_clean_NODE_1268_length_2000_cov_5.272444
      Species: [Indivirus ILV1*] -> [空]
  CRR527041_clean_NODE_12769_length_646_cov_2.624782
      Species: [Erysiphe necator associated ourmia-like virus 94] -> [空]
  CRR527041_clean_NODE_1282_length_1996_cov_3.332293
      Species: [Klosneuvirus KNV1*] -> [空]
  CRR527041_clean_NODE_1327_length_1966_cov_12.089276
      Genus: [Cotonvirus] -> [空]
      Species: [Cotonvirus japonicum] -> [空]
  CRR527041_clean_NODE_13864_length_614_cov_1.268022
      Species: [Alphafusarivirus plasmoparae] -> [空]
  CRR527041_clean_NODE_1393_length_1934_cov_2.910801
      Realm: [Duplodnaviria] -> [空]
      Kingdom: [Heunggongvirae] -> [空]
      Phylum: [Peploviricota] -> [空]
      Class: [Herviviricetes] -> [空]
      Order: [Herpesvirales] -> [空]
  CRR527041_clean_NODE_14345_length_601_cov_1.181818
      Species: [Deltaflexivirus glycinis] -> [空]
  CRR527041_clean_NODE_14879_length_587_cov_3.132296
      Species: [Alphaorpheovirus massiliense] -> [空]
  CRR527041_clean_NODE_15149_length_581_cov_1.998031
      Species: [Betabotoulivirus etaplasmoparae] -> [空]
  CRR527041_clean_NODE_1531_length_1876_cov_3.175818
      Realm: [Duplodnaviria] -> [空]
      Kingdom: [Heunggongvirae] -> [空]
      Phylum: [Uroviricota] -> [空]
  CRR527041_clean_NODE_1556_length_1867_cov_6.547938
      Species: [Klosneuvirus KNV1*] -> [空]
  CRR527041_clean_NODE_15916_length_564_cov_1.945010
      Species: [Deltaflexivirus glycinis] -> [空]
  CRR527041_clean_NODE_1603_length_1851_cov_4.722722
      Species: [Polymycovirus penidigitati] -> [空]
  CRR527041_clean_NODE_1613_length_1848_cov_3.552113
      Phylum: [Nucleocytoviricota] -> [空]
      Class: [Megaviricetes] -> [空]
      Order: [Imitervirales] -> [空]
      Family: [Mimiviridae] -> [空]
  CRR527041_clean_NODE_1645_length_1837_cov_5.470522
      Species: [Tupanvirus salinum] -> [空]
  CRR527041_clean_NODE_166_length_3644_cov_4.573509
      Species: [Klosneuvirus KNV1*] -> [空]
  CRR527041_clean_NODE_167_length_3639_cov_14.473360
      Species: [Fadolivirus algeromassiliense] -> [空]
  CRR527041_clean_NODE_1738_length_1803_cov_4.495376
      Species: [Mavirus cafeteriae*] -> [空]
  CRR527041_clean_NODE_17600_length_529_cov_2.171053
      Species: [Deltaflexivirus sclerotiniae] -> [空]
  CRR527041_clean_NODE_17651_length_528_cov_1.189011
      Species: [Polymycovirus botryosphaeriae] -> [空]
  CRR527041_clean_NODE_17_length_6316_cov_12.267660
      Order: [Algavirales] -> [空]
      Family: [Phycodnaviridae] -> [空]
      Genus: [Phaeovirus] -> [空]
      Species: [Phaeovirus unasiliculosus] -> [空]
  CRR527041_clean_NODE_1820_length_1774_cov_1.311581
      Order: [Algavirales] -> [空]
      Family: [Phycodnaviridae] -> [空]
      Genus: [Phaeovirus] -> [空]
      Species: [Phaeovirus unasiliculosus] -> [空]
  CRR527041_clean_NODE_1840_length_1768_cov_2.287316
      Realm: [Varidnaviria] -> [空]
      Kingdom: [Bamfordvirae] -> [空]
      Phylum: [Nucleocytoviricota] -> [空]
  CRR527041_clean_NODE_1979_length_1724_cov_2.053301
      Realm: [Duplodnaviria] -> [空]
      Kingdom: [Heunggongvirae] -> [空]
      Phylum: [Uroviricota] -> [空]
  CRR527041_clean_NODE_1993_length_1717_cov_22.163017
      Realm: [Duplodnaviria] -> [空]
      Kingdom: [Heunggongvirae] -> [空]
      Phylum: [Uroviricota] -> [空]
  CRR527041_clean_NODE_1998_length_1716_cov_3.855752
      Species: [Mavirus cafeteriae*] -> [空]
  CRR527041_clean_NODE_203_length_3487_cov_4.869947
      Realm: [Duplodnaviria] -> [空]
      Kingdom: [Heunggongvirae] -> [空]
      Phylum: [Peploviricota] -> [空]
      Class: [Naldaviricetes] -> [空]
  CRR527041_clean_NODE_214_length_3400_cov_4.798617
      Family: [Pithoviridae] -> [空]
      Species: [Pithovirus LCPAC304] -> [空]
  CRR527041_clean_NODE_2170_length_1662_cov_21.117055
      Phylum: [Nucleocytoviricota] -> [空]
      Class: [Megaviricetes] -> [空]
      Order: [Imitervirales] -> [空]
      Species: [Megavirus powaiense] -> [空]
  CRR527041_clean_NODE_223_length_3381_cov_3.663543
      Realm: [Varidnaviria] -> [空]
      Kingdom: [Bamfordvirae] -> [空]
      Phylum: [Nucleocytoviricota] -> [空]
      Family: [Schizomimiviridae] -> [空]
      Genus: [Biavirus] -> [空]
      Species: [Biavirus raunefjordenense] -> [空]
  CRR527041_clean_NODE_2269_length_1631_cov_2.664955
      Realm: [Duplodnaviria] -> [空]
      Kingdom: [Heunggongvirae] -> [空]
      Phylum: [Uroviricota] -> [空]
      Class: [Caudoviricetes] -> [空]
      Order: [Pantevenvirales] -> [空]
      Family: [Kyanoviridae] -> [空]
      Genus: [Haifavirus] -> [空]
      Species: [Haifavirus tim68] -> [空]
  CRR527041_clean_NODE_2334_length_1612_cov_2.687459
      Species: [Tupanvirus salinum] -> [空]
  CRR527041_clean_NODE_2359_length_1604_cov_2.165251
      Species: [Deltaflexivirus glycinis] -> [空]
  CRR527041_clean_NODE_2370_length_1600_cov_6.514735
      Realm: [Duplodnaviria] -> [空]
      Kingdom: [Heunggongvirae] -> [空]
      Phylum: [Uroviricota] -> [空]
  CRR527041_clean_NODE_237_length_3331_cov_4.087784
      Order: [Algavirales] -> [空]
  CRR527041_clean_NODE_2418_length_1589_cov_2.985488
      Species: [Mavirus cafeteriae*] -> [空]
  CRR527041_clean_NODE_2430_length_1585_cov_4.059524
      Species: [Moumouvirus goulettemassiliense] -> [空]
  CRR527041_clean_NODE_276_length_3201_cov_40.782609
      Species: [Cotonvirus japonicum] -> [空]
  CRR527041_clean_NODE_279_length_3197_cov_1.966389
      Species: [Tupanvirus salinum] -> [空]
  CRR527041_clean_NODE_2833_length_1484_cov_2.057406
      Species: [Erysiphe necator associated deltaflexivirus 1] -> [空]
  CRR527041_clean_NODE_2937_length_1462_cov_1.646508
      Species: [Klosneuvirus KNV1*] -> [空]
  CRR527041_clean_NODE_3004_length_1445_cov_204.030612
      Phylum: [Pisuviricota] -> [空]
      Class: [Duplopiviricetes] -> [空]
      Order: [Durnavirales] -> [空]
      Family: [Picobirnaviridae] -> [空]
      Species: [Qianjiang picobirna-like virus 2] -> [空]
  CRR527041_clean_NODE_3020_length_1441_cov_15.655702
      Realm: [Varidnaviria] -> [空]
      Kingdom: [Bamfordvirae] -> [空]
      Phylum: [Nucleocytoviricota] -> [空]
      Family: [Schizomimiviridae] -> [空]
      Genus: [Biavirus] -> [空]
      Species: [Biavirus raunefjordenense] -> [空]
  CRR527041_clean_NODE_3075_length_1429_cov_1.695428
      Species: [Deltaflexivirus glycinis] -> [空]
  CRR527041_clean_NODE_3290_length_1379_cov_5.050536
      Realm: [Riboviria] -> [空]
      Kingdom: [Orthornavirae] -> [空]
      Phylum: [Lenarviricota] -> [空]
      Class: [Howeltoviricetes] -> [空]
      Order: [Cryppavirales] -> [空]
      Family: [Mitoviridae] -> [空]
  CRR527041_clean_NODE_3296_length_1378_cov_2.818391
      Order: [Pimascovirales] -> [空]
  CRR527041_clean_NODE_331_length_3060_cov_5.678942
      Realm: [Varidnaviria] -> [空]
      Kingdom: [Bamfordvirae] -> [空]
      Phylum: [Nucleocytoviricota] -> [空]
      Class: [Megaviricetes] -> [空]
      Order: [Imitervirales] -> [空]
      Family: [Schizomimiviridae] -> [空]
      Genus: [Biavirus] -> [空]
      Species: [Biavirus raunefjordenense] -> [空]
  CRR527041_clean_NODE_3581_length_1328_cov_4.446215
      Family: [Lakviridae] -> [空]
      Genus: [Hatfieldvirus] -> [空]
      Species: [Hatfieldvirus porci] -> [空]
  CRR527041_clean_NODE_3706_length_1311_cov_2.854604
      Species: [Plasmopara viticola lesion associated polymycovirus 1] -> [空]
  CRR527041_clean_NODE_3856_length_1290_cov_3.053410
      Species: [Deltaflexivirus glycinis] -> [空]
  CRR527041_clean_NODE_470_length_2748_cov_2.514019
      Realm: [Varidnaviria] -> [空]
      Kingdom: [Bamfordvirae] -> [空]
      Phylum: [Nucleocytoviricota] -> [空]
      Class: [Megaviricetes] -> [空]
      Order: [Pimascovirales] -> [空]
  CRR527041_clean_NODE_4725_length_1165_cov_3.167582
      Species: [Magoulivirus cladosporii] -> [空]
  CRR527041_clean_NODE_4769_length_1158_cov_3.055300
      Species: [Magoulivirus cladosporii] -> [空]
  CRR527041_clean_NODE_518_length_2673_cov_1.100385
      Species: [Sylvanvirus sp.] -> [空]
  CRR527041_clean_NODE_545_length_2614_cov_4.441558
      Genus: [Fadolivirus] -> [空]
      Species: [Fadolivirus algeromassiliense] -> [空]
  CRR527041_clean_NODE_548_length_2609_cov_8.933360
      Species: [Oceanusvirus sp.*] -> [空]
  CRR527041_clean_NODE_5657_length_1059_cov_12.623732
      Species: [Penoulivirus penicillii] -> [空]
  CRR527041_clean_NODE_57_length_4832_cov_8.708762
      Genus: [Alphacedratvirus] -> [空]
      Species: [Alphacedratvirus francolausannense] -> [空]
  CRR527041_clean_NODE_601_length_2549_cov_4.529887
      Order: [Pimascovirales] -> [空]
      Family: [Pithoviridae] -> [空]
  CRR527041_clean_NODE_608_length_2541_cov_3.784441
      Species: [Tupanvirus altamarinense] -> [空]
  CRR527041_clean_NODE_631_length_2517_cov_15.737316
      Species: [Penoulivirus penicillii] -> [空]
  CRR527041_clean_NODE_6322_length_1001_cov_0.918103
      Species: [Penoulivirus thetaplasmoparae] -> [空]
  CRR527041_clean_NODE_684_length_2436_cov_63.900973
      Order: [Algavirales] -> [空]
      Species: [Chlorovirus conductrix] -> [空]
  CRR527041_clean_NODE_699_length_2422_cov_4.753938
      Species: [Tupanvirus salinum] -> [空]
  CRR527041_clean_NODE_7105_length_936_cov_1.479722
      Species: [Betascleroulivirus thetaplasmoparae] -> [空]
  CRR527041_clean_NODE_724_length_2393_cov_14.829741
      Species: [Tupanvirus altamarinense] -> [空]
  CRR527041_clean_NODE_732_length_2384_cov_2.543920
      Species: [Tethysvirus hollandense] -> [空]
  CRR527041_clean_NODE_750_length_2369_cov_5.111934
      Species: [Moumouvirus australiense] -> [空]
  CRR527041_clean_NODE_754_length_2367_cov_5.530950
      Realm: [Varidnaviria] -> [空]
      Kingdom: [Bamfordvirae] -> [空]
      Phylum: [Nucleocytoviricota] -> [空]
      Species: [Chlorovirus vanettense] -> [空]
  CRR527041_clean_NODE_7750_length_886_cov_3.769988
      Family: [Splipalmiviridae] -> [空]
      Genus: [Jakapalmivirus] -> [空]
      Species: [Jakapalmivirus italiense] -> [空]
  CRR527041_clean_NODE_841_length_2281_cov_2.836051
      Species: [Plasmopara viticola lesion associated mitovirus 39] -> [空]
  CRR527041_clean_NODE_854_length_2269_cov_3.782787
      Order: [Imitervirales] -> [空]
      Family: [Mimiviridae] -> [空]
  CRR527041_clean_NODE_983_length_2159_cov_9.935762
      Species: [Chlorovirus americanus] -> [空]
  CRR527042_clean_NODE_1014_length_2043_cov_10.311675
      Species: [Fadolivirus algeromassiliense] -> [空]
  CRR527042_clean_NODE_1021_length_2038_cov_2.271756
      Species: [Tupanvirus salinum] -> [空]
  CRR527042_clean_NODE_102_length_3773_cov_4.101081
      Species: [Biavirus raunefjordenense] -> [空]
  CRR527042_clean_NODE_1056_length_2016_cov_2.206382
      Species: [Deltaflexivirus glycinis] -> [空]
  CRR527042_clean_NODE_1141_length_1955_cov_2.161530
      Family: [Schizomimiviridae] -> [空]
  CRR527042_clean_NODE_1160_length_1944_cov_14.872261
      Realm: [Varidnaviria] -> [空]
      Kingdom: [Bamfordvirae] -> [空]
      Phylum: [Nucleocytoviricota] -> [空]
      Class: [Megaviricetes] -> [空]
      Order: [Imitervirales] -> [空]
  CRR527042_clean_NODE_1162_length_1944_cov_6.626937
      Species: [Coccolithovirus huxleyi] -> [空]
  CRR527042_clean_NODE_11826_length_661_cov_10.124150
      Species: [Botybirnavirus go] -> [空]
  CRR527042_clean_NODE_1253_length_1902_cov_36.585019
      Phylum: [Nucleocytoviricota] -> [空]
  CRR527042_clean_NODE_1290_length_1887_cov_1.504410
      Species: [Kratosvirus quantuckense*] -> [空]
  CRR527042_clean_NODE_13051_length_624_cov_0.972777
      Species: [Gammapartitivirus duodisculae] -> [空]
  CRR527042_clean_NODE_1307_length_1879_cov_1.081949
      Species: [Narnavirus saccharomaior] -> [空]
  CRR527042_clean_NODE_1336_length_1861_cov_2.833893
      Order: [Imitervirales] -> [空]
  CRR527042_clean_NODE_1347_length_1855_cov_3.014590
      Realm: [Riboviria] -> [空]
      Kingdom: [Pararnavirae] -> [空]
      Phylum: [Artverviricota] -> [空]
      Class: [Revtraviricetes] -> [空]
      Order: [Ortervirales] -> [空]
  CRR527042_clean_NODE_13489_length_611_cov_3.855019
      Species: [Alphaorpheovirus massiliense] -> [空]
  CRR527042_clean_NODE_1353_length_1852_cov_50.007870
      Species: [Mavirus cafeteriae*] -> [空]
  CRR527042_clean_NODE_1396_length_1831_cov_3.579636
      Phylum: [Nucleocytoviricota] -> [空]
      Class: [Megaviricetes] -> [空]
  CRR527042_clean_NODE_1405_length_1827_cov_2.792474
      Species: [Mavirus cafeteriae*] -> [空]
  CRR527042_clean_NODE_140_length_3513_cov_9.721512
      Realm: [Duplodnaviria] -> [空]
      Kingdom: [Heunggongvirae] -> [空]
      Species: [Shenzhenivirus sszbm1] -> [空]
  CRR527042_clean_NODE_1415_length_1824_cov_3.173615
      Realm: [Varidnaviria] -> [空]
      Kingdom: [Bamfordvirae] -> [空]
      Phylum: [Nucleocytoviricota] -> [空]
      Class: [Naldaviricetes] -> [空]
      Order: [Lefavirales] -> [空]
      Family: [Baculoviridae] -> [空]
      Genus: [Alphabaculovirus] -> [空]
      Species: [Alphabaculovirus mabrassicae] -> [空]
  CRR527042_clean_NODE_1420_length_1822_cov_8.799886
      Order: [Imitervirales] -> [空]
      Family: [Mesomimiviridae] -> [空]
      Genus: [Tethysvirus] -> [空]
      Species: [Tethysvirus raunefjordenense] -> [空]
  CRR527042_clean_NODE_14276_length_591_cov_1.478764
      Species: [Deltaflexivirus sclerotiniae] -> [空]
  CRR527042_clean_NODE_1557_length_1771_cov_4.242049
      Realm: [Varidnaviria] -> [空]
      Kingdom: [Bamfordvirae] -> [空]
      Phylum: [Nucleocytoviricota] -> [空]
      Genus: [Biavirus] -> [空]
      Species: [Biavirus raunefjordenense] -> [空]
  CRR527042_clean_NODE_16303_length_545_cov_4.404661
      Order: [Imitervirales] -> [空]
      Family: [Allomimiviridae] -> [空]
      Genus: [Oceanusvirus] -> [空]
      Species: [Oceanusvirus kaneohense] -> [空]
  CRR527042_clean_NODE_16693_length_537_cov_1.750000
      Species: [Magoulivirus cladosporii] -> [空]
  CRR527042_clean_NODE_16898_length_534_cov_0.841649
      Class: [Miaviricetes] -> [空]
      Order: [Ourlivirales] -> [空]
  CRR527042_clean_NODE_1767_length_1703_cov_11.690798
      Class: [Naldaviricetes] -> [空]
      Order: [Lefavirales] -> [空]
      Family: [Baculoviridae] -> [空]
      Genus: [Alphabaculovirus] -> [空]
      Species: [Alphabaculovirus lafiscellariae] -> [空]
  CRR527042_clean_NODE_17770_length_519_cov_1.112108
      Species: [Scleroulivirus piplasmoparae] -> [空]
  CRR527042_clean_NODE_1823_length_1684_cov_2.208566
      Species: [Hokovirus HKV1*] -> [空]
  CRR527042_clean_NODE_1977_length_1633_cov_8.853205
      Realm: [Duplodnaviria] -> [空]
      Kingdom: [Heunggongvirae] -> [空]
      Phylum: [Uroviricota] -> [空]
      Class: [Caudoviricetes] -> [空]
      Order: [Pantevenvirales] -> [空]
      Family: [Kyanoviridae] -> [空]
      Genus: [Nilusvirus] -> [空]
      Species: [Nilusvirus ssm2] -> [空]
  CRR527042_clean_NODE_1979_length_1633_cov_3.891667
      Order: [Imitervirales] -> [空]
  CRR527042_clean_NODE_2076_length_1605_cov_2.426240
      Species: [Biavirus raunefjordenense] -> [空]
  CRR527042_clean_NODE_227_length_3178_cov_14.143639
      Genus: [Fadolivirus] -> [空]
      Species: [Fadolivirus algeromassiliense] -> [空]
  CRR527042_clean_NODE_2388_length_1513_cov_3.852778
      Order: [Pimascovirales] -> [空]
      Species: [Alphacedratvirus aljazairmassiliense] -> [空]
  CRR527042_clean_NODE_2417_length_1507_cov_1.990237
      Species: [Tupanvirus salinum] -> [空]
  CRR527042_clean_NODE_2432_length_1503_cov_2.043357
      Species: [Deltaflexivirus glycinis] -> [空]
  CRR527042_clean_NODE_273_length_3035_cov_27.191087
      Species: [Hyperionvirus sp.] -> [空]
  CRR527042_clean_NODE_277_length_3027_cov_24.403859
      Species: [Tupanvirus salinum] -> [空]
  CRR527042_clean_NODE_27_length_5203_cov_13.291423
      Species: [Botybirnavirus go] -> [空]
  CRR527042_clean_NODE_2933_length_1387_cov_2.046423
      Species: [Fadolivirus algeromassiliense] -> [空]
  CRR527042_clean_NODE_2975_length_1380_cov_9.569243
      Species: [Tupanvirus altamarinense] -> [空]
  CRR527042_clean_NODE_3116_length_1351_cov_9.535994
      Realm: [Duplodnaviria] -> [空]
      Kingdom: [Heunggongvirae] -> [空]
      Phylum: [Uroviricota] -> [空]
  CRR527042_clean_NODE_316_length_2933_cov_2.918531
      Species: [Theiavirus salishense] -> [空]
  CRR527042_clean_NODE_3369_length_1301_cov_7.089577
      Realm: [Varidnaviria] -> [空]
      Kingdom: [Bamfordvirae] -> [空]
      Phylum: [Nucleocytoviricota] -> [空]
      Class: [Megaviricetes] -> [空]
      Order: [Imitervirales] -> [空]
      Species: [Fadolivirus algeromassiliense] -> [空]
  CRR527042_clean_NODE_352_length_2849_cov_6.753242
      Species: [Edafosvirus sp.] -> [空]
  CRR527042_clean_NODE_36_length_4981_cov_22.010187
      Species: [Harvfovirus sp.] -> [空]
  CRR527042_clean_NODE_394_length_2762_cov_16.351804
      Order: [Pimascovirales] -> [空]
  CRR527042_clean_NODE_406_length_2723_cov_12.138113
      Realm: [Varidnaviria] -> [空]
      Kingdom: [Bamfordvirae] -> [空]
  CRR527042_clean_NODE_4495_length_1138_cov_2.043192
      Species: [Deltaflexivirus fusarii] -> [空]
  CRR527042_clean_NODE_4576_length_1128_cov_1.528910
      Species: [Deltaflexivirus sclerotiniae] -> [空]
  CRR527042_clean_NODE_472_length_2591_cov_4.224384
      Realm: [Duplodnaviria] -> [空]
      Kingdom: [Heunggongvirae] -> [空]
      Phylum: [Uroviricota] -> [空]
      Genus: [Betaentomopoxvirus] -> [空]
  CRR527042_clean_NODE_485_length_2578_cov_6.537725
      Realm: [Duplodnaviria] -> [空]
      Kingdom: [Heunggongvirae] -> [空]
      Phylum: [Uroviricota] -> [空]
  CRR527042_clean_NODE_500_length_2551_cov_2.918886
      Realm: [Duplodnaviria] -> [空]
      Kingdom: [Heunggongvirae] -> [空]
      Phylum: [Uroviricota] -> [空]
  CRR527042_clean_NODE_507_length_2541_cov_9.625203
      Species: [Magoulivirus epsilonplasmoparae] -> [空]
  CRR527042_clean_NODE_5653_length_1018_cov_0.923810
      Realm: [Varidnaviria] -> [空]
      Kingdom: [Bamfordvirae] -> [空]
      Phylum: [Nucleocytoviricota] -> [空]
  CRR527042_clean_NODE_632_length_2371_cov_2.447781
      Realm: [Duplodnaviria] -> [空]
      Kingdom: [Heunggongvirae] -> [空]
      Phylum: [Uroviricota] -> [空]
  CRR527042_clean_NODE_644_length_2353_cov_9.814035
      Species: [Chlorovirus heliozoae] -> [空]
  CRR527042_clean_NODE_674_length_2310_cov_18.860975
      Species: [Tupanvirus altamarinense] -> [空]
  CRR527042_clean_NODE_67_length_4167_cov_11.940889
      Realm: [Riboviria] -> [空]
      Kingdom: [Pararnavirae] -> [空]
      Phylum: [Artverviricota] -> [空]
      Class: [Revtraviricetes] -> [空]
      Order: [Ortervirales] -> [空]
      Family: [Metaviridae] -> [空]
      Genus: [Metavirus] -> [空]
      Species: [Metavirus tatarabidopsis] -> [空]
  CRR527042_clean_NODE_6924_length_908_cov_4.118563
      Species: [Betabotoulivirus etaplasmoparae] -> [空]
  CRR527042_clean_NODE_697_length_2280_cov_18.046670
      Genus: [Tupanvirus] -> [空]
      Species: [Tupanvirus salinum] -> [空]
  CRR527042_clean_NODE_704_length_2273_cov_5.375000
      Species: [Mavirus cafeteriae*] -> [空]
  CRR527042_clean_NODE_764_length_2213_cov_53.910748
      Species: [Betascleroulivirus lambdaplasmoparae] -> [空]
  CRR527042_clean_NODE_771_length_2201_cov_60.959586
      Species: [Betascleroulivirus zetaplasmoparae] -> [空]
  CRR527042_clean_NODE_8148_length_828_cov_4.544371
      Species: [Betabotoulivirus etaplasmoparae] -> [空]
  CRR527042_clean_NODE_81_length_4032_cov_7.479161
      Realm: [Varidnaviria] -> [空]
      Kingdom: [Bamfordvirae] -> [空]
      Phylum: [Nucleocytoviricota] -> [空]
  CRR527042_clean_NODE_860_length_2139_cov_2.362536
      Species: [Mavirus cafeteriae*] -> [空]
  CRR527042_clean_NODE_8661_length_799_cov_2.355372
      Species: [Deltaflexivirus glycinis] -> [空]
  CRR527042_clean_NODE_878_length_2133_cov_19.702427
      Order: [Imitervirales] -> [空]
      Species: [Theiavirus salishense] -> [空]
  CRR527042_clean_NODE_902_length_2119_cov_5.950635
      Genus: [Fadolivirus] -> [空]
      Species: [Fadolivirus algeromassiliense] -> [空]
  CRR527042_clean_NODE_9046_length_779_cov_1.584986
      Species: [Botybirnavirus shi] -> [空]
  CRR527042_clean_NODE_943_length_2088_cov_7.837221
      Species: [Cotonvirus japonicum] -> [空]
  CRR527042_clean_NODE_980_length_2066_cov_15.061214
      Species: [Coccolithovirus huxleyi] -> [空]
  CRR527043_clean_NODE_10588_length_746_cov_1.601783
      Species: [Victorivirus go] -> [空]
  CRR527043_clean_NODE_11058_length_725_cov_1.523006
      Kingdom: [Orthornavirae] -> [空]
      Phylum: [Lenarviricota] -> [空]
      Class: [Howeltoviricetes] -> [空]
      Order: [Cryppavirales] -> [空]
      Species: [Chronaparn virus] -> [空]
  CRR527043_clean_NODE_1118_length_2043_cov_2.549239
      Species: [Deltaflexivirus glycinis] -> [空]
  CRR527043_clean_NODE_111_length_3953_cov_7.755412
      Species: [Alphacedratvirus brasiliense] -> [空]
  CRR527043_clean_NODE_1150_length_2020_cov_11.819723
      Species: [Agnivirus brisbanense] -> [空]
  CRR527043_clean_NODE_116_length_3888_cov_8.018349
      Realm: [Varidnaviria] -> [空]
      Kingdom: [Bamfordvirae] -> [空]
      Phylum: [Nucleocytoviricota] -> [空]
  CRR527043_clean_NODE_12015_length_690_cov_1.320908
      Species: [Nohrdovirus limihabitans] -> [空]
  CRR527043_clean_NODE_1308_length_1945_cov_82.119658
      Genus: [Bellamyvirus] -> [空]
      Species: [Bellamyvirus bellamy] -> [空]
  CRR527043_clean_NODE_13142_length_652_cov_0.982729
      Species: [Penoulivirus thetaplasmoparae] -> [空]
  CRR527043_clean_NODE_131_length_3732_cov_15.023777
      Realm: [Varidnaviria] -> [空]
      Kingdom: [Bamfordvirae] -> [空]
      Phylum: [Nucleocytoviricota] -> [空]
      Class: [Megaviricetes] -> [空]
      Order: [Imitervirales] -> [空]
  CRR527043_clean_NODE_14380_length_618_cov_1.330275
      Species: [Magoulivirus cladosporii] -> [空]
  CRR527043_clean_NODE_148_length_3622_cov_5.724993
      Species: [Getseptimavirus GMA7] -> [空]
  CRR527043_clean_NODE_1508_length_1863_cov_3.292179
      Realm: [Duplodnaviria] -> [空]
      Kingdom: [Heunggongvirae] -> [空]
      Phylum: [Uroviricota] -> [空]
  CRR527043_clean_NODE_15090_length_600_cov_2.117647
      Species: [Deltaflexivirus glycinis] -> [空]
  CRR527043_clean_NODE_15416_length_592_cov_6.146435
      Species: [Botourmiaviridae sp.] -> [空]
  CRR527043_clean_NODE_1637_length_1810_cov_4.871618
      Species: [Mavirus cafeteriae*] -> [空]
  CRR527043_clean_NODE_16673_length_565_cov_1.951220
      Species: [Betascleroulivirus epsilonplasmoparae] -> [空]
  CRR527043_clean_NODE_1709_length_1784_cov_3.604909
      Order: [Pimascovirales] -> [空]
  CRR527043_clean_NODE_1722_length_1781_cov_2.058548
      Species: [Biavirus raunefjordenense] -> [空]
  CRR527043_clean_NODE_1749_length_1775_cov_3.533490
      Species: [Mavirus cafeteriae*] -> [空]
  CRR527043_clean_NODE_1858_length_1740_cov_9.374325
      Species: [Mavirus cafeteriae*] -> [空]
  CRR527043_clean_NODE_188_length_3422_cov_32.077635
      Genus: [Fadolivirus] -> [空]
      Species: [Fadolivirus algeromassiliense] -> [空]
  CRR527043_clean_NODE_19650_length_512_cov_1.451025
      Species: [Scleroulivirus xiplasmoparae] -> [空]
  CRR527043_clean_NODE_226_length_3329_cov_2.732494
      Realm: [Duplodnaviria] -> [空]
      Kingdom: [Heunggongvirae] -> [空]
      Phylum: [Uroviricota] -> [空]
  CRR527043_clean_NODE_2279_length_1614_cov_4.269306
      Species: [Biavirus raunefjordenense] -> [空]
  CRR527043_clean_NODE_2304_length_1607_cov_4.407432
      Species: [Magoulivirus lambdaplasmoparae] -> [空]
  CRR527043_clean_NODE_2407_length_1582_cov_1.316103
      Genus: [Tupanvirus] -> [空]
      Species: [Tupanvirus salinum] -> [空]
  CRR527043_clean_NODE_2468_length_1563_cov_1.832886
      Species: [Mavirus cafeteriae*] -> [空]
  CRR527043_clean_NODE_2595_length_1529_cov_2.203984
      Genus: [Rhadinovirus] -> [空]
      Species: [Rhadinovirus colobinegamma1] -> [空]
  CRR527043_clean_NODE_2602_length_1527_cov_2.362448
      Species: [Tethysvirus raunefjordenense] -> [空]
  CRR527043_clean_NODE_2652_length_1517_cov_1.590720
      Genus: [Cotonvirus] -> [空]
      Species: [Cotonvirus japonicum] -> [空]
  CRR527043_clean_NODE_2742_length_1497_cov_1.232444
      Realm: [Varidnaviria] -> [空]
      Kingdom: [Bamfordvirae] -> [空]
      Phylum: [Nucleocytoviricota] -> [空]
  CRR527043_clean_NODE_2799_length_1483_cov_20.575177
      Species: [Penoulivirus penicillii] -> [空]
  CRR527043_clean_NODE_2838_length_1475_cov_4.141940
      Realm: [Duplodnaviria] -> [空]
      Kingdom: [Heunggongvirae] -> [空]
      Phylum: [Uroviricota] -> [空]
  CRR527043_clean_NODE_2964_length_1445_cov_3.903061
      Order: [Imitervirales] -> [空]
      Species: [Megavirus powaiense] -> [空]
  CRR527043_clean_NODE_3019_length_1434_cov_2.694342
      Realm: [Varidnaviria] -> [空]
      Kingdom: [Bamfordvirae] -> [空]
      Phylum: [Nucleocytoviricota] -> [空]
      Class: [Megaviricetes] -> [空]
      Order: [Imitervirales] -> [空]
      Family: [Mimiviridae] -> [空]
      Genus: [Mimivirus] -> [空]
      Species: [Mimivirus lagoaense] -> [空]
  CRR527043_clean_NODE_3395_length_1360_cov_2.986791
      Species: [Deltaflexivirus fusarii] -> [空]
  CRR527043_clean_NODE_3415_length_1356_cov_4.279813
      Realm: [Riboviria] -> [空]
      Kingdom: [Pararnavirae] -> [空]
      Phylum: [Artverviricota] -> [空]
      Class: [Revtraviricetes] -> [空]
      Order: [Ortervirales] -> [空]
  CRR527043_clean_NODE_3704_length_1312_cov_3.061340
      Species: [Deltaflexivirus glycinis] -> [空]
  CRR527043_clean_NODE_4081_length_1251_cov_21.533107
      Realm: [Varidnaviria] -> [空]
      Kingdom: [Bamfordvirae] -> [空]
      Phylum: [Nucleocytoviricota] -> [空]
      Class: [Megaviricetes] -> [空]
      Order: [Imitervirales] -> [空]
      Family: [Schizomimiviridae] -> [空]
      Genus: [Biavirus] -> [空]
      Species: [Biavirus raunefjordenense] -> [空]
  CRR527043_clean_NODE_409_length_2856_cov_3.797341
      Species: [Criusvirus kaneoense*] -> [空]
  CRR527043_clean_NODE_4458_length_1199_cov_1.751332
      Order: [Imitervirales] -> [空]
      Family: [Mesomimiviridae] -> [空]
  CRR527043_clean_NODE_482_length_2725_cov_8.392534
      Order: [Imitervirales] -> [空]
      Species: [Biavirus raunefjordenense] -> [空]
  CRR527043_clean_NODE_502_length_2660_cov_5.339389
      Realm: [Varidnaviria] -> [空]
      Kingdom: [Bamfordvirae] -> [空]
      Phylum: [Nucleocytoviricota] -> [空]
  CRR527043_clean_NODE_5721_length_1058_cov_2.433503
      Species: [Phyllomonavirus gysingense] -> [空]
  CRR527043_clean_NODE_5836_length_1047_cov_47.206366
      Genus: [Fadolivirus] -> [空]
      Species: [Fadolivirus algeromassiliense] -> [空]
  CRR527043_clean_NODE_601_length_2493_cov_3.051240
      Genus: [Cotonvirus] -> [空]
      Species: [Cotonvirus japonicum] -> [空]
  CRR527043_clean_NODE_607_length_2489_cov_3.608444
      Realm: [Varidnaviria] -> [空]
      Kingdom: [Bamfordvirae] -> [空]
      Phylum: [Nucleocytoviricota] -> [空]
  CRR527043_clean_NODE_645_length_2434_cov_4.479458
      Species: [Chlorovirus americanus] -> [空]
  CRR527043_clean_NODE_659_length_2414_cov_10.781717
      Species: [Tupanvirus altamarinense] -> [空]
  CRR527043_clean_NODE_666_length_2407_cov_3.187661
      Species: [Deltaflexivirus glycinis] -> [空]
  CRR527043_clean_NODE_6702_length_972_cov_1.658509
      Species: [Deltaflexivirus glycinis] -> [空]
  CRR527043_clean_NODE_682_length_2386_cov_1.904021
      Species: [Satyrvirus sp.*] -> [空]
  CRR527043_clean_NODE_715_length_2354_cov_9.484437
      Order: [Imitervirales] -> [空]
      Species: [Theiavirus salishense] -> [空]
  CRR527043_clean_NODE_728_length_2330_cov_4.410279
      Species: [Hokovirus HKV1*] -> [空]
  CRR527043_clean_NODE_7333_length_924_cov_2.311398
      Species: [Victorivirus go] -> [空]
  CRR527043_clean_NODE_785_length_2269_cov_2.065574
      Order: [Algavirales] -> [空]
      Family: [Phycodnaviridae] -> [空]
      Genus: [Phaeovirus] -> [空]
      Species: [Phaeovirus unasiliculosus] -> [空]
  CRR527043_clean_NODE_819_length_2236_cov_2.428109
      Genus: [Tupanvirus] -> [空]
      Species: [Tupanvirus altamarinense] -> [空]
  CRR527043_clean_NODE_8591_length_844_cov_2.530480
      Species: [Magoulivirus cladosporii] -> [空]
  CRR527043_clean_NODE_870_length_2201_cov_34.001880
      Realm: [Duplodnaviria] -> [空]
      Kingdom: [Heunggongvirae] -> [空]
      Phylum: [Uroviricota] -> [空]
  CRR527043_clean_NODE_903_length_2179_cov_9.365622
      Species: [Klosneuvirus KNV1*] -> [空]
  CRR527043_clean_NODE_942_length_2152_cov_3.382395
      Species: [Tupanvirus salinum] -> [空]
  CRR527043_clean_NODE_9930_length_776_cov_0.452347
      Realm: [Varidnaviria] -> [空]
      Kingdom: [Bamfordvirae] -> [空]
      Phylum: [Nucleocytoviricota] -> [空]
      Class: [Megaviricetes] -> [空]
      Order: [Pimascovirales] -> [空]
      Family: [Iridoviridae] -> [空]
      Genus: [Lymphocystivirus] -> [Lymphocryptovirus]
      Species: [空] -> [Lymphocryptovirus humangamma4]
  CRR527043_clean_NODE_995_length_2120_cov_2.237421
      Realm: [Duplodnaviria] -> [空]
      Kingdom: [Heunggongvirae] -> [空]
      Phylum: [Uroviricota] -> [空]
      Class: [Caudoviricetes] -> [空]
  CRR527046_clean_NODE_10117_length_601_cov_2.649621
      Order: [Timlovirales] -> [空]
      Species: [Puduphavirus nemorishabitans] -> [空]
  CRR527046_clean_NODE_1017_length_1480_cov_1.773987
      Species: [Hihlwovirus frumentivivens] -> [空]
  CRR527046_clean_NODE_10214_length_599_cov_1.623574
      Species: [Grisebachstrassevirus goe3] -> [空]
  CRR527046_clean_NODE_10326_length_596_cov_1.332696
      Species: [Alkesdovirus terradaptatum] -> [空]
  CRR527046_clean_NODE_10547_length_590_cov_3.054159
      Species: [Hodnevirus allomontisvicinum] -> [空]
  CRR527046_clean_NODE_10750_length_586_cov_0.992203
      Kingdom: [Orthornavirae] -> [空]
      Phylum: [Lenarviricota] -> [空]
      Class: [Amabiliviricetes] -> [空]
      Order: [Wolframvirales] -> [空]
  CRR527046_clean_NODE_10796_length_585_cov_1.050781
      Species: [Hodnevirus neogeovivens] -> [空]
  CRR527046_clean_NODE_107_length_3083_cov_2.405316
      Phylum: [Uroviricota] -> [空]
  CRR527046_clean_NODE_1091_length_1445_cov_3.058309
      Species: [Luhtdivirus caenihabitans] -> [空]
  CRR527046_clean_NODE_11455_length_570_cov_2.535211
      Species: [Lidtloavirus pedocola] -> [空]
  CRR527046_clean_NODE_114_length_3005_cov_10.236016
      Species: [Luteovirus rosae] -> [空]
  CRR527046_clean_NODE_11861_length_561_cov_2.774590
      Species: [Potyvirus nicotianavenamaculae] -> [空]
  CRR527046_clean_NODE_1222_length_1394_cov_2.299773
      Species: [Hodnevirus arvivivens] -> [空]
  CRR527046_clean_NODE_122_length_2940_cov_15.374608
      Realm: [Duplodnaviria] -> [空]
      Kingdom: [Heunggongvirae] -> [空]
      Phylum: [Uroviricota] -> [空]
      Genus: [Goettingenvirus] -> [空]
      Species: [Tsamsavirus izhevsk] -> [空]
  CRR527046_clean_NODE_12372_length_551_cov_9.267782
      Realm: [Riboviria] -> [空]
      Kingdom: [Orthornavirae] -> [空]
      Phylum: [Kitrinoviricota] -> [空]
      Class: [Flasuviricetes] -> [空]
      Order: [Amarillovirales] -> [空]
  CRR527046_clean_NODE_12_length_5924_cov_4.956076
      Order: [Imitervirales] -> [空]
      Family: [Mimiviridae] -> [空]
      Genus: [Tupanvirus] -> [Casadabanvirus]
  CRR527046_clean_NODE_13229_length_537_cov_3.411638
      Species: [Hodnevirus neochorenecus] -> [空]
  CRR527046_clean_NODE_13_length_5742_cov_26.135474
      Species: [Sogarnavirus kitsilanoensis] -> [空]
  CRR527046_clean_NODE_1401_length_1317_cov_28.587621
      Order: [Algavirales] -> [空]
      Family: [Phycodnaviridae] -> [空]
      Genus: [Chlorovirus] -> [空]
      Species: [Chlorovirus conductrix] -> [空]
  CRR527046_clean_NODE_14217_length_522_cov_1.193764
      Species: [Hodnevirus isogeoenecus] -> [空]
  CRR527046_clean_NODE_14_length_5736_cov_7.734593
      Order: [Imitervirales] -> [空]
  CRR527046_clean_NODE_15470_length_505_cov_1.412037
      Species: [Hodnevirus pseudofaecivicinum] -> [空]
  CRR527046_clean_NODE_1570_length_1257_cov_3.646959
      Class: [Bunyaviricetes] -> [空]
  CRR527046_clean_NODE_171_length_2684_cov_6.459977
      Species: [Hodnevirus neochorenecus] -> [空]
  CRR527046_clean_NODE_174_length_2676_cov_8.092585
      Species: [Alphaorpheovirus massiliense] -> [空]
  CRR527046_clean_NODE_177_length_2672_cov_3.392843
      Order: [Pimascovirales] -> [空]
      Species: [Alphahydrivirus permafrostis] -> [空]
  CRR527046_clean_NODE_18_length_5363_cov_7.853497
      Species: [Polerovirus SABYV] -> [空]
  CRR527046_clean_NODE_192_length_2626_cov_7.708970
      Species: [Theiavirus salishense] -> [空]
  CRR527046_clean_NODE_204_length_2573_cov_5.754000
      Species: [Hodnevirus solivicinum] -> [空]
  CRR527046_clean_NODE_209_length_2547_cov_7.767583
      Family: [Schizomimiviridae] -> [空]
      Genus: [Biavirus] -> [空]
      Species: [Biavirus raunefjordenense] -> [空]
  CRR527046_clean_NODE_21_length_5048_cov_2.838995
      Realm: [Duplodnaviria] -> [空]
      Kingdom: [Heunggongvirae] -> [空]
  CRR527046_clean_NODE_2251_length_1106_cov_1.707648
      Realm: [Varidnaviria] -> [空]
      Kingdom: [Bamfordvirae] -> [空]
      Phylum: [Nucleocytoviricota] -> [空]
      Class: [Megaviricetes] -> [空]
      Order: [Imitervirales] -> [空]
      Family: [Schizomimiviridae] -> [空]
      Genus: [Biavirus] -> [空]
      Species: [Biavirus raunefjordenense] -> [空]
  CRR527046_clean_NODE_2316_length_1091_cov_2250.002947
      Phylum: [Pisuviricota] -> [空]
      Species: [Qianjiang picobirna-like virus 2] -> [空]
  CRR527046_clean_NODE_234_length_2441_cov_22.692145
      Realm: [Duplodnaviria] -> [空]
      Kingdom: [Heunggongvirae] -> [空]
      Phylum: [Uroviricota] -> [空]
  CRR527046_clean_NODE_23_length_4929_cov_7.438221
      Realm: [Duplodnaviria] -> [空]
      Kingdom: [Heunggongvirae] -> [空]
      Phylum: [Uroviricota] -> [空]
  CRR527046_clean_NODE_2442_length_1069_cov_2.633534
      Species: [Hokovirus HKV1*] -> [空]
  CRR527046_clean_NODE_260_length_2373_cov_28.746087
      Family: [Schizomimiviridae] -> [空]
      Genus: [Biavirus] -> [空]
      Species: [Biavirus raunefjordenense] -> [空]
  CRR527046_clean_NODE_261_length_2373_cov_15.720000
      Family: [Schizomimiviridae] -> [空]
      Genus: [Biavirus] -> [空]
      Species: [Biavirus raunefjordenense] -> [空]
  CRR527046_clean_NODE_27_length_4621_cov_44.511653
      Species: [Kratosvirus quantuckense*] -> [空]
  CRR527046_clean_NODE_280_length_2293_cov_9.077027
      Realm: [Varidnaviria] -> [空]
      Kingdom: [Bamfordvirae] -> [空]
      Phylum: [Nucleocytoviricota] -> [空]
  CRR527046_clean_NODE_2830_length_1014_cov_3.548353
      Species: [Galvornvirus isengard*] -> [空]
  CRR527046_clean_NODE_296_length_2256_cov_34.096656
      Species: [Magoulivirus lambdaplasmoparae] -> [空]
  CRR527046_clean_NODE_3012_length_990_cov_1.768811
      Species: [Magoulivirus lambdaplasmoparae] -> [空]
  CRR527046_clean_NODE_317_length_2220_cov_23.778295
      Species: [Moumouvirus australiense] -> [空]
  CRR527046_clean_NODE_3290_length_957_cov_3.469457
      Order: [Pimascovirales] -> [空]
  CRR527046_clean_NODE_3429_length_938_cov_3.315607
      Realm: [Duplodnaviria] -> [空]
      Kingdom: [Heunggongvirae] -> [空]
      Phylum: [Uroviricota] -> [空]
  CRR527046_clean_NODE_348_length_2155_cov_3.201729
      Realm: [Varidnaviria] -> [空]
      Kingdom: [Bamfordvirae] -> [空]
      Phylum: [Nucleocytoviricota] -> [空]
      Class: [Megaviricetes] -> [空]
  CRR527046_clean_NODE_355_length_2133_cov_2.082039
      Realm: [Varidnaviria] -> [空]
      Kingdom: [Bamfordvirae] -> [空]
      Phylum: [Nucleocytoviricota] -> [空]
  CRR527046_clean_NODE_3563_length_923_cov_2.692941
      Phylum: [Kitrinoviricota] -> [空]
      Class: [Tolucaviricetes] -> [空]
  CRR527046_clean_NODE_363_length_2115_cov_3.995103
      Order: [Pimascovirales] -> [空]
      Species: [Iridovirus armadillidium1] -> [空]
  CRR527046_clean_NODE_3729_length_906_cov_4.927971
      Phylum: [Pisuviricota] -> [空]
      Class: [Stelpaviricetes] -> [空]
      Order: [Stellavirales] -> [空]
      Species: [Mamastrovirus suisorientalis] -> [空]
  CRR527046_clean_NODE_402_length_2028_cov_2.818414
      Realm: [Duplodnaviria] -> [空]
      Kingdom: [Heunggongvirae] -> [空]
      Phylum: [Uroviricota] -> [空]
  CRR527046_clean_NODE_414_length_2000_cov_4.915931
      Species: [Tupanvirus altamarinense] -> [空]
  CRR527046_clean_NODE_42_length_4148_cov_10.896196
      Realm: [Duplodnaviria] -> [空]
      Kingdom: [Heunggongvirae] -> [空]
      Phylum: [Uroviricota] -> [空]
      Species: [Spbetavirus SPbeta] -> [空]
  CRR527046_clean_NODE_430_length_1979_cov_13.839454
      Realm: [Duplodnaviria] -> [空]
      Kingdom: [Heunggongvirae] -> [空]
      Phylum: [Uroviricota] -> [空]
  CRR527046_clean_NODE_4415_length_846_cov_1.464424
      Species: [Hodnevirus geocola] -> [空]
  CRR527046_clean_NODE_45_length_4050_cov_10.754840
      Species: [Hodnevirus geovivens] -> [空]
  CRR527046_clean_NODE_4685_length_826_cov_1.622842
      Class: [Magsaviricetes] -> [空]
  CRR527046_clean_NODE_47_length_4004_cov_3.049860
      Realm: [Riboviria] -> [空]
      Kingdom: [Pararnavirae] -> [空]
      Phylum: [Artverviricota] -> [空]
      Class: [Revtraviricetes] -> [空]
      Order: [Ortervirales] -> [空]
      Species: [Metavirus tatarabidopsis] -> [空]
  CRR527046_clean_NODE_4900_length_813_cov_49.831081
      Phylum: [Lenarviricota] -> [空]
      Species: [Chronazend virus] -> [空]
  CRR527046_clean_NODE_4932_length_811_cov_5.581301
      Species: [Ripajun virus] -> [空]
  CRR527046_clean_NODE_52_length_3923_cov_82.875325
      Species: [Kempsvovirus caenivivens] -> [空]
  CRR527046_clean_NODE_5305_length_788_cov_1.786014
      Species: [Yuhrihovirus nemorisvicinum] -> [空]
  CRR527046_clean_NODE_5476_length_777_cov_3.413352
      Species: [Andhaxevirus chorovicinum] -> [空]
  CRR527046_clean_NODE_555_length_1841_cov_4.196833
      Realm: [Duplodnaviria] -> [空]
      Kingdom: [Heunggongvirae] -> [空]
      Phylum: [Uroviricota] -> [空]
  CRR527046_clean_NODE_55_length_3869_cov_8.434932
      Species: [Dugnivirus solivicinum] -> [空]
  CRR527046_clean_NODE_5632_length_768_cov_3.369784
      Order: [Timlovirales] -> [空]
      Species: [Lidtloavirus pedocola] -> [空]
  CRR527046_clean_NODE_595_length_1800_cov_20.133758
      Kingdom: [Shotokuvirae] -> [空]
  CRR527046_clean_NODE_59_length_3823_cov_14.531467
      Species: [Hodnevirus solenecus] -> [空]
  CRR527046_clean_NODE_6062_length_745_cov_4.866071
      Species: [Ripajun virus] -> [空]
  CRR527046_clean_NODE_6335_length_732_cov_3.210926
      Species: [Lidtloavirus pedocola] -> [空]
  CRR527046_clean_NODE_66_length_3666_cov_11.443362
      Species: [Fagihyuvirus agrihabitans] -> [空]
  CRR527046_clean_NODE_6788_length_710_cov_1.216641
      Species: [Orthopicobirnavirus beihaiense] -> [空]
  CRR527046_clean_NODE_6789_length_710_cov_1.037677
      Species: [Hodnevirus neochorenecus] -> [空]
  CRR527046_clean_NODE_68_length_3648_cov_5.156923
      Genus: [Yonginvirus] -> [空]
      Species: [Pavtokvirus PEp14] -> [空]
  CRR527046_clean_NODE_7011_length_700_cov_2.886762
      Species: [Ripajun virus] -> [空]
  CRR527046_clean_NODE_7095_length_696_cov_26.380417
      Phylum: [Uroviricota] -> [空]
  CRR527046_clean_NODE_7191_length_692_cov_1.638126
      Species: [Hodnevirus neoterrihabitans] -> [空]
  CRR527046_clean_NODE_72_length_3616_cov_8.484335
      Species: [Mimivirus bradfordmassiliense] -> [空]
  CRR527046_clean_NODE_73_length_3593_cov_48.201420
      Species: [Chrocarast virus] -> [空]
  CRR527046_clean_NODE_7745_length_671_cov_29.036789
      Species: [Ripajun virus] -> [空]
  CRR527046_clean_NODE_7824_length_668_cov_132.531092
      Class: [Amabiliviricetes] -> [空]
  CRR527046_clean_NODE_789_length_1624_cov_3.944552
      Realm: [Duplodnaviria] -> [空]
      Kingdom: [Heunggongvirae] -> [空]
      Phylum: [Uroviricota] -> [空]
  CRR527046_clean_NODE_8029_length_661_cov_1.724490
      Species: [Hodnevirus neotellurenecus] -> [空]
  CRR527046_clean_NODE_804_length_1616_cov_2.478289
      Species: [Chlorovirus americanus] -> [空]
  CRR527046_clean_NODE_8173_length_656_cov_1.866209
      Family: [Picornaviridae] -> [空]
      Species: [Washington bat picornavirus] -> [空]
  CRR527046_clean_NODE_837_length_1595_cov_7.850197
      Realm: [Varidnaviria] -> [空]
      Kingdom: [Bamfordvirae] -> [空]
      Phylum: [Nucleocytoviricota] -> [空]
  CRR527046_clean_NODE_8428_length_648_cov_2.845217
      Species: [Chrocalent virus] -> [空]
  CRR527046_clean_NODE_850_length_1586_cov_2.675479
      Kingdom: [Heunggongvirae] -> [空]
      Phylum: [Uroviricota] -> [空]
  CRR527046_clean_NODE_868_length_1573_cov_5.585333
      Realm: [Duplodnaviria] -> [空]
      Kingdom: [Heunggongvirae] -> [空]
      Phylum: [Uroviricota] -> [空]
  CRR527046_clean_NODE_88_length_3317_cov_13.731504
      Realm: [Varidnaviria] -> [空]
      Kingdom: [Bamfordvirae] -> [空]
      Phylum: [Nucleocytoviricota] -> [空]
      Family: [Hydriviridae] -> [空]
      Genus: [Alphahydrivirus] -> [空]
      Species: [Alphahydrivirus permafrostis] -> [空]
  CRR527046_clean_NODE_907_length_1546_cov_2.555329
      Order: [Imitervirales] -> [空]
      Family: [Schizomimiviridae] -> [空]
  CRR527046_clean_NODE_94_length_3220_cov_9.658405
      Genus: [Grisebachstrassevirus] -> [空]
      Species: [Kenyattavirus kv136] -> [空]
  CRR527046_clean_NODE_9694_length_612_cov_1.256030
      Species: [Kuhshuvirus pelovicinum] -> [空]
  CRR527046_clean_NODE_980_length_1498_cov_2.948070
      Species: [Narnavirus saccharomaior] -> [空]
  CRR527046_clean_NODE_9946_length_605_cov_2.860902
      Realm: [Riboviria] -> [空]
      Kingdom: [Pararnavirae] -> [空]
      Phylum: [Artverviricota] -> [空]
      Class: [Revtraviricetes] -> [空]
      Order: [Ortervirales] -> [空]
  CRR527047_clean_NODE_154_length_874_cov_1.436954
      Order: [Imitervirales] -> [空]
  CRR527048_clean_NODE_228_length_834_cov_2.077530
      Species: [Scleroulivirus xiplasmoparae] -> [空]
  CRR527049_clean_NODE_178_length_841_cov_0.350260
      Phylum: [Negarnaviricota] -> [空]
      Class: [Monjiviricetes] -> [空]
      Order: [Mononegavirales] -> [空]
      Species: [Betacytorhabdovirus lycii] -> [空]
  CRR527049_clean_NODE_19_length_1964_cov_5.403490
      Phylum: [Uroviricota] -> [空]
      Class: [Caudoviricetes] -> [空]
      Order: [Grandevirales] -> [空]
      Family: [Epsomviridae] -> [空]
      Genus: [Wendovervirus] -> [空]
      Species: [Wendovervirus sonii] -> [空]
  CRR527050_clean_NODE_1085_length_1180_cov_2.439024
      Species: [Hemivirus aedis] -> [空]
  CRR527050_clean_NODE_117_length_2463_cov_5.739749
      Family: [Metaviridae] -> [空]
      Genus: [Metavirus] -> [空]
      Species: [Metavirus tatarabidopsis] -> [空]
  CRR527050_clean_NODE_11_length_5440_cov_5.129495
      Genus: [Bracoviriform] -> [空]
  CRR527050_clean_NODE_166_length_2202_cov_3.370127
      Species: [Tupanvirus altamarinense] -> [空]
  CRR527050_clean_NODE_1904_length_947_cov_2.144165
      Species: [Scleroulivirus omicronplasmoparae] -> [空]
  CRR527050_clean_NODE_20_length_4436_cov_6.243640
      Family: [Mimiviridae] -> [空]
      Genus: [Fadolivirus] -> [空]
      Species: [Fadolivirus algeromassiliense] -> [空]
  CRR527050_clean_NODE_316_length_1817_cov_5.744266
      Species: [Fijivirus fijiense] -> [空]
  CRR527050_clean_NODE_367_length_1699_cov_6.819188
      Species: [Fijivirus alporyzae] -> [空]
  CRR527050_clean_NODE_4847_length_612_cov_1.755102
      Species: [Betascleroulivirus thetaplasmoparae] -> [空]
  CRR527050_clean_NODE_4_length_9476_cov_6.476869
      Family: [Andersonviridae] -> [空]
      Genus: [Felixounavirus] -> [空]
      Species: [Felixounavirus johannrwettstein] -> [空]
  CRR527050_clean_NODE_542_length_1498_cov_1.352281
      Realm: [Varidnaviria] -> [空]
      Kingdom: [Bamfordvirae] -> [空]
      Phylum: [Nucleocytoviricota] -> [空]
      Class: [Megaviricetes] -> [空]
      Order: [Imitervirales] -> [空]
      Family: [Mimiviridae] -> [空]
  CRR527050_clean_NODE_5_length_7358_cov_246.043102
      Species: [Vitivirus alpharubi] -> [空]
  CRR527050_clean_NODE_94_length_2584_cov_17.600956
      Genus: [Cotonvirus] -> [空]
      Species: [Cotonvirus japonicum] -> [空]
  CRR527050_clean_NODE_9_length_6084_cov_4.473798
      Realm: [Duplodnaviria] -> [空]
      Kingdom: [Heunggongvirae] -> [空]
      Phylum: [Uroviricota] -> [空]
  CRR527051_clean_NODE_18_length_1790_cov_0.271986
      Phylum: [Nucleocytoviricota] -> [空]
      Class: [Megaviricetes] -> [空]
      Order: [Imitervirales] -> [空]
      Family: [Mimiviridae] -> [空]
  CRR527051_clean_NODE_23_length_1647_cov_4.153748
      Species: [Magoulivirus lambdaplasmoparae] -> [空]
  CRR527052_clean_NODE_1359_length_541_cov_1.053419
      Species: [Vitivirus alpharubi] -> [空]
  CRR527052_clean_NODE_1635_length_502_cov_1.097902
      Family: [Discoviridae] -> [空]
      Genus: [Orthodiscovirus] -> [空]
  CRR527052_clean_NODE_23_length_2170_cov_9.999046
      Species: [Satyrvirus sp.*] -> [空]
  CRR527052_clean_NODE_356_length_892_cov_7.170940
      Phylum: [Negarnaviricota] -> [空]
      Class: [Monjiviricetes] -> [空]
      Order: [Mononegavirales] -> [空]
      Species: [Betacytorhabdovirus lycii] -> [空]
  CRR527052_clean_NODE_406_length_844_cov_2.268482
      Species: [Orthodiscovirus iberiae] -> [空]
  CRR527052_clean_NODE_46_length_1805_cov_0.467090
      Phylum: [Nucleocytoviricota] -> [空]
      Class: [Megaviricetes] -> [空]
      Order: [Imitervirales] -> [空]
      Family: [Mimiviridae] -> [空]
  CRR527052_clean_NODE_494_length_786_cov_1.985975
      Species: [Scleroulivirus omicronplasmoparae] -> [空]
  CRR527052_clean_NODE_56_length_1664_cov_3.503457
      Realm: [Duplodnaviria] -> [空]
      Kingdom: [Heunggongvirae] -> [空]
      Phylum: [Uroviricota] -> [空]
  CRR527052_clean_NODE_606_length_730_cov_0.770167
      Genus: [Penoulivirus] -> [空]
      Species: [Penoulivirus thetaplasmoparae] -> [空]
  CRR527052_clean_NODE_671_length_703_cov_4.855556
      Species: [Botoulivirus alphaplasmoparae] -> [空]
  CRR527052_clean_NODE_693_length_696_cov_1.348315
      Species: [Vesiculovirus wufeng] -> [空]
  CRR527052_clean_NODE_871_length_636_cov_1.722913
      Genus: [Sigmavirus] -> [空]
      Species: [Sigmavirus sturtevanti] -> [空]
  CRR527053_clean_NODE_191_length_1541_cov_19.597411
      Family: [Pseudoviridae] -> [空]
      Genus: [Pseudovirus] -> [空]
      Species: [Pseudovirus oryzae] -> [空]
  CRR527053_clean_NODE_2422_length_710_cov_1.167975
      Realm: [Varidnaviria] -> [空]
      Kingdom: [Bamfordvirae] -> [空]
      Phylum: [Nucleocytoviricota] -> [空]
  CRR527053_clean_NODE_318_length_1359_cov_10.925350
      Species: [Pseudovirus oryzae] -> [空]
  CRR527053_clean_NODE_4567_length_554_cov_4.087318
      Kingdom: [Pararnavirae] -> [空]
      Phylum: [Artverviricota] -> [空]
      Class: [Revtraviricetes] -> [空]
      Order: [Ortervirales] -> [空]
      Family: [Retroviridae] -> [空]
  CRR527053_clean_NODE_87_length_1910_cov_6.771366
      Species: [Caulimovirus sp.] -> [空]
  CRR527054_clean_NODE_187_length_1633_cov_10.925641
      Phylum: [Duplornaviricota] -> [空]
      Class: [Resentoviricetes] -> [空]
      Order: [Reovirales] -> [空]
      Species: [Phocid orthoreovirus 1] -> [空]
  CRR527054_clean_NODE_1_length_9150_cov_2322.104550
      Species: [Vitivirus alpharubi] -> [空]
  CRR527054_clean_NODE_3594_length_626_cov_2.754069
      Species: [Pseudovirus zeae] -> [空]
  CRR527054_clean_NODE_769_length_1076_cov_3.669990
      Species: [Metavirus lilii] -> [空]
  CRR527055_clean_NODE_1097_length_1082_cov_5.707631
      Realm: [Duplodnaviria] -> [空]
      Kingdom: [Heunggongvirae] -> [空]
      Phylum: [Uroviricota] -> [空]
      Species: [Salacisavirus pssm2] -> [空]
  CRR527055_clean_NODE_109_length_2170_cov_12.424416
      Family: [Pseudoviridae] -> [空]
      Genus: [Pseudovirus] -> [空]
      Species: [Pseudovirus brassicae] -> [空]
  CRR527055_clean_NODE_114_length_2135_cov_8.080989
      Species: [Tethysvirus raunefjordenense] -> [空]
  CRR527055_clean_NODE_147_length_1967_cov_6.914467
      Species: [Caulimovirus venafragariae] -> [空]
  CRR527055_clean_NODE_1903_length_897_cov_2.065534
      Species: [Soymovirus maculaglycinis] -> [空]
  CRR527055_clean_NODE_352_length_1522_cov_6.387854
      Family: [Pseudoviridae] -> [空]
      Genus: [Pseudovirus] -> [空]
      Species: [Pseudovirus brassicae] -> [空]
  CRR527055_clean_NODE_3726_length_695_cov_16.347267
      Realm: [Duplodnaviria] -> [空]
      Kingdom: [Heunggongvirae] -> [空]
      Phylum: [Uroviricota] -> [空]
      Genus: [Biavirus] -> [空]
      Species: [Borockvirus brock] -> [空]
  CRR527055_clean_NODE_3_length_5542_cov_11.473944
      Species: [Metavirus sushii] -> [空]
  CRR527055_clean_NODE_44_length_2788_cov_6.049355
      Family: [Metaviridae] -> [空]
      Genus: [Errantivirus] -> [空]
      Species: [Errantivirus drososeptemdecimum] -> [空]
  CRR708330_clean_NODE_40_length_1917_cov_23.475054
      Species: [Pseudovirus glycinis] -> [空]
  CRR708330_clean_NODE_635_length_875_cov_1.961347
      Species: [Edafosvirus sp.] -> [空]
  CRR732634_clean_NODE_13_length_2595_cov_1.150278
      Realm: [Duplodnaviria] -> [空]
      Kingdom: [Heunggongvirae] -> [空]
      Phylum: [Uroviricota] -> [空]
      Class: [Bunyaviricetes] -> [空]
  CRR732634_clean_NODE_28_length_2089_cov_0.391865
      Species: [Mimiviridae sp. ChoanoV1*] -> [空]
  CRR732636_clean_NODE_156_length_1491_cov_1.236248
      Order: [Imitervirales] -> [空]
      Family: [Mimiviridae] -> [空]
  CRR732636_clean_NODE_261_length_1294_cov_0.556921
      Genus: [Mimivirus] -> [空]
      Species: [Mimivirus lagoaense] -> [空]
  CRR732636_clean_NODE_30_length_2224_cov_2.387727
      Species: [Pseudovirus brassicae] -> [空]
  CRR732636_clean_NODE_3_length_3956_cov_0.230234
      Realm: [Varidnaviria] -> [空]
      Kingdom: [Bamfordvirae] -> [空]
      Phylum: [Nucleocytoviricota] -> [空]
  CRR732636_clean_NODE_72_length_1791_cov_0.366705
      Species: [Agnivirus brisbanense] -> [空]
  CRR732637_clean_NODE_204_length_1175_cov_0.408348
      Species: [Betacytorhabdovirus sophorae] -> [空]
  CRR732637_clean_NODE_23_length_2034_cov_0.714431
      Species: [Alphahydrivirus permafrostis] -> [空]
  CRR732637_clean_NODE_47_length_1760_cov_0.319502
      Species: [Alphahydrivirus permafrostis] -> [空]
  CRR732637_clean_NODE_6_length_2958_cov_9.474523
      Species: [Biavirus raunefjordenense] -> [空]
  CRR732639_clean_NODE_135_length_1589_cov_0.487467
      Phylum: [Nucleocytoviricota] -> [空]
  CRR732639_clean_NODE_35_length_2185_cov_2.570549
      Order: [Imitervirales] -> [空]
      Family: [Mimiviridae] -> [空]
      Genus: [Theiavirus] -> [空]
      Species: [Theiavirus salishense] -> [空]
  CRR732639_clean_NODE_55_length_1961_cov_0.428496
      Species: [Mavirus cafeteriae*] -> [空]
  CRR732639_clean_NODE_7_length_2900_cov_0.378493
      Genus: [Fadolivirus] -> [空]
      Species: [Fadolivirus algeromassiliense] -> [空]
  CRR732639_clean_NODE_88_length_1782_cov_0.371562
      Species: [Rheavirus sinusmexicani] -> [空]
  CRR732640_clean_NODE_17_length_2340_cov_0.351125
      Species: [Tethysvirus ontarioense] -> [空]
  CRR732640_clean_NODE_3194_length_541_cov_0.613248
      Phylum: [Nucleocytoviricota] -> [空]
      Class: [Megaviricetes] -> [空]
      Order: [Imitervirales] -> [空]
      Family: [Mimiviridae] -> [空]
  CRR732640_clean_NODE_86_length_1656_cov_0.423879
      Phylum: [Peploviricota] -> [空]
      Species: [Simplexvirus macropodidalpha2] -> [空]
  CRR732640_clean_NODE_92_length_1633_cov_0.462179
      Realm: [Varidnaviria] -> [空]
      Kingdom: [Bamfordvirae] -> [空]
      Phylum: [Nucleocytoviricota] -> [空]
      Class: [Megaviricetes] -> [空]
      Order: [Pimascovirales] -> [空]
  CRR732641_clean_NODE_1547_length_689_cov_0.511364
      Class: [Naldaviricetes] -> [空]
  CRR732642_clean_NODE_17_length_2055_cov_2.593845
      Realm: [Varidnaviria] -> [空]
      Kingdom: [Bamfordvirae] -> [空]
      Phylum: [Nucleocytoviricota] -> [空]
      Family: [Mesomimiviridae] -> [空]
      Genus: [Tethysvirus] -> [空]
      Species: [Tethysvirus raunefjordenense] -> [空]
  CRR732645_clean_NODE_843_length_629_cov_0.962230
      Realm: [Riboviria] -> [空]
      Kingdom: [Pararnavirae] -> [空]
      Phylum: [Artverviricota] -> [空]
      Order: [Ortervirales] -> [空]
  CRR732646_clean_NODE_1437_length_779_cov_0.415014
      Family: [Mimiviridae] -> [空]
      Genus: [Fadolivirus] -> [空]
      Species: [Fadolivirus algeromassiliense] -> [空]
  CRR732646_clean_NODE_39_length_2251_cov_0.385675
      Realm: [Duplodnaviria] -> [空]
      Kingdom: [Heunggongvirae] -> [空]
      Phylum: [Uroviricota] -> [空]
  CRR732646_clean_NODE_46_length_2152_cov_0.377104
      Species: [Tupanvirus salinum] -> [空]
  CRR732646_clean_NODE_65_length_1932_cov_0.855836
      Species: [Fadolivirus algeromassiliense] -> [空]
  CRR732646_clean_NODE_79_length_1816_cov_0.372347
      Species: [Chlorovirus heliozoae] -> [空]
  CRR732647_clean_NODE_1822_length_727_cov_0.558104
      Species: [Soymovirus maculaglycinis] -> [空]
  CRR732647_clean_NODE_212_length_1455_cov_0.714906
      Species: [Sirevirus maydis] -> [空]
  CRR732648_clean_NODE_123_length_1795_cov_0.263647
      Realm: [Varidnaviria] -> [空]
      Kingdom: [Bamfordvirae] -> [空]
      Phylum: [Nucleocytoviricota] -> [空]
      Family: [Schizomimiviridae] -> [空]
      Genus: [Biavirus] -> [空]
      Species: [Biavirus raunefjordenense] -> [空]
  CRR732648_clean_NODE_74_length_2128_cov_0.330900
      Realm: [Duplodnaviria] -> [空]
      Kingdom: [Heunggongvirae] -> [空]
      Phylum: [Uroviricota] -> [空]
  CRR732648_clean_NODE_7_length_3450_cov_1.501925
      Family: [Pseudoviridae] -> [空]
      Genus: [Pseudovirus] -> [空]
      Species: [Pseudovirus glycinis] -> [空]
  CRR732649_clean_NODE_122_length_1824_cov_0.499143
      Species: [Biavirus raunefjordenense] -> [空]
  CRR732649_clean_NODE_386_length_1311_cov_1.444265
      Realm: [Duplodnaviria] -> [空]
      Kingdom: [Heunggongvirae] -> [空]
      Phylum: [Uroviricota] -> [空]
  CRR732649_clean_NODE_76_length_2081_cov_0.833167
      Species: [Sirevirus lycopersici] -> [空]
  CRR732649_clean_NODE_98_length_1948_cov_3.332800
      Order: [Imitervirales] -> [空]
  CRR732650_clean_NODE_12_length_2814_cov_6.697556
      Realm: [Duplodnaviria] -> [空]
      Kingdom: [Heunggongvirae] -> [空]
      Phylum: [Uroviricota] -> [空]
  CRR732650_clean_NODE_29_length_2322_cov_6.340151
      Family: [Mesomimiviridae] -> [空]
      Genus: [Tethysvirus] -> [空]
      Species: [Tethysvirus ontarioense] -> [空]
  CRR732650_clean_NODE_37_length_2159_cov_1.979866
      Realm: [Varidnaviria] -> [空]
      Kingdom: [Bamfordvirae] -> [空]
      Phylum: [Nucleocytoviricota] -> [空]
  CRR732650_clean_NODE_51_length_1847_cov_1.489290
      Species: [Thornevirus SP15] -> [空]
  CRR732650_clean_NODE_74_length_1576_cov_2.272122
      Genus: [Fadolivirus] -> [空]
      Species: [Fadolivirus algeromassiliense] -> [空]
  CRR732650_clean_NODE_941_length_549_cov_0.970588
      Genus: [Soymovirus] -> [空]
      Species: [Soymovirus malvae] -> [空]
  CRR732651_clean_NODE_106_length_1828_cov_0.294587
      Species: [Tupanvirus altamarinense] -> [空]
  CRR732651_clean_NODE_112_length_1785_cov_0.358061
      Species: [Fadolivirus algeromassiliense] -> [空]
  CRR732651_clean_NODE_243_length_1405_cov_1.504505
      Species: [Tupanvirus salinum] -> [空]
  CRR732651_clean_NODE_3983_length_522_cov_0.550111
      Species: [Soymovirus malvae] -> [空]
  CRR732651_clean_NODE_4027_length_518_cov_1.197753
      Phylum: [Nucleocytoviricota] -> [空]
      Class: [Megaviricetes] -> [空]
      Order: [Imitervirales] -> [空]
      Family: [Mimiviridae] -> [空]
  CRR732651_clean_NODE_48_length_2335_cov_0.500884
      Family: [Schizomimiviridae] -> [空]
      Genus: [Biavirus] -> [空]
      Species: [Biavirus raunefjordenense] -> [空]
  CRR732651_clean_NODE_61_length_2170_cov_2.624702
      Order: [Imitervirales] -> [空]
      Family: [Mimiviridae] -> [空]
      Genus: [Mimivirus] -> [空]
      Species: [Mimivirus lagoaense] -> [空]
  CRR732652_clean_NODE_153_length_2329_cov_2.559292
      Genus: [Inibicvirus] -> [空]
      Species: [Inibicvirus 613R3] -> [空]
  CRR732652_clean_NODE_1561_length_1061_cov_2.733871
      Realm: [Duplodnaviria] -> [空]
      Kingdom: [Heunggongvirae] -> [空]
      Phylum: [Uroviricota] -> [空]
      Genus: [Lentivirus] -> [空]
      Species: [Caelumvirus alvy] -> [空]
  CRR732652_clean_NODE_157_length_2303_cov_1.518353
      Species: [Fadolivirus algeromassiliense] -> [空]
  CRR732652_clean_NODE_213_length_2105_cov_1.944499
      Realm: [Duplodnaviria] -> [空]
      Kingdom: [Heunggongvirae] -> [空]
      Phylum: [Uroviricota] -> [空]
      Species: [Theiavirus salishense*] -> [空]
  CRR732652_clean_NODE_222_length_2086_cov_1.944472
      Species: [Tupanvirus salinum] -> [空]
  CRR732652_clean_NODE_242_length_2039_cov_3.567005
      Realm: [Duplodnaviria] -> [空]
      Kingdom: [Heunggongvirae] -> [空]
      Phylum: [Uroviricota] -> [空]
  CRR732652_clean_NODE_271_length_1937_cov_1.727516
      Realm: [Varidnaviria] -> [空]
      Kingdom: [Bamfordvirae] -> [空]
      Phylum: [Nucleocytoviricota] -> [空]
  CRR732652_clean_NODE_3381_length_765_cov_1.992816
      Realm: [Riboviria] -> [空]
      Kingdom: [Pararnavirae] -> [空]
      Phylum: [Artverviricota] -> [空]
      Class: [Revtraviricetes] -> [空]
      Order: [Ortervirales] -> [空]
      Family: [Retroviridae] -> [空]
  CRR732652_clean_NODE_3462_length_757_cov_1.215116
      Realm: [Varidnaviria] -> [空]
      Kingdom: [Bamfordvirae] -> [空]
      Phylum: [Nucleocytoviricota] -> [空]
      Class: [Pokkesviricetes] -> [空]
      Order: [Chitovirales] -> [空]
      Family: [Poxviridae] -> [空]
      Genus: [Oryzopoxvirus] -> [Lentivirus]
      Species: [空] -> [Lentivirus humimdef1]
  CRR732652_clean_NODE_424_length_1730_cov_1.319687
      Species: [Betaretrovirus maspfimon] -> [空]
  CRR732652_clean_NODE_514_length_1618_cov_2.455778
      Species: [Mimiviridae sp. ChoanoV1*] -> [空]
  CRR732652_clean_NODE_542_length_1595_cov_3.053080
      Realm: [Duplodnaviria] -> [空]
      Kingdom: [Heunggongvirae] -> [空]
      Phylum: [Uroviricota] -> [空]
  CRR732652_clean_NODE_557_length_1584_cov_2.052805
      Realm: [Duplodnaviria] -> [空]
      Kingdom: [Heunggongvirae] -> [空]
      Phylum: [Uroviricota] -> [空]
  CRR732652_clean_NODE_736_length_1427_cov_1.831370
      Realm: [Varidnaviria] -> [空]
      Kingdom: [Bamfordvirae] -> [空]
      Phylum: [Nucleocytoviricota] -> [空]
      Class: [Megaviricetes] -> [空]
  CRR732652_clean_NODE_82_length_2737_cov_13.584708
      Class: [Megaviricetes] -> [空]
      Order: [Imitervirales] -> [空]
      Species: [Tethysvirus raunefjordenense] -> [空]
  CRR732652_clean_NODE_891_length_1310_cov_1.994359
      Species: [Mavirus cafeteriae*] -> [空]
  CRR732653_clean_NODE_1262_length_1213_cov_60.269231
      Realm: [Duplodnaviria] -> [空]
      Kingdom: [Heunggongvirae] -> [空]
      Phylum: [Peploviricota] -> [空]
      Class: [Herviviricetes] -> [空]
      Order: [Herpesvirales] -> [空]
  CRR732653_clean_NODE_130_length_2591_cov_2.335845
      Realm: [Adnaviria] -> [空]
      Kingdom: [Zilligvirae] -> [空]
      Phylum: [Taleaviricota] -> [空]
  CRR732653_clean_NODE_1428_length_1154_cov_1.336406
      Phylum: [Nucleocytoviricota] -> [空]
  CRR732653_clean_NODE_148_length_2495_cov_3.164056
      Species: [Fadolivirus algeromassiliense] -> [空]
  CRR732653_clean_NODE_19_length_4178_cov_3.258944
      Species: [Tupanvirus altamarinense] -> [空]
  CRR732653_clean_NODE_275_length_2075_cov_4.094716
      Species: [Agnivirus brisbanense] -> [空]
  CRR732653_clean_NODE_287_length_2042_cov_5.845920
      Realm: [Duplodnaviria] -> [空]
      Kingdom: [Heunggongvirae] -> [空]
      Phylum: [Uroviricota] -> [空]
      Family: [Peduoviridae] -> [空]
  CRR732653_clean_NODE_297_length_2022_cov_1.971838
      Realm: [Duplodnaviria] -> [空]
      Kingdom: [Heunggongvirae] -> [空]
      Phylum: [Uroviricota] -> [空]
  CRR732653_clean_NODE_327_length_1964_cov_3.756201
      Species: [Agnivirus brisbanense] -> [空]
  CRR732653_clean_NODE_481_length_1728_cov_1.037975
      Realm: [Varidnaviria] -> [空]
      Kingdom: [Bamfordvirae] -> [空]
      Phylum: [Nucleocytoviricota] -> [空]
  CRR732653_clean_NODE_500_length_1706_cov_1.608430
      Order: [Algavirales] -> [空]
  CRR732653_clean_NODE_564_length_1644_cov_1.497143
      Species: [Theiavirus salishense] -> [空]
  CRR732653_clean_NODE_5662_length_628_cov_1.354204
      Realm: [Riboviria] -> [空]
      Kingdom: [Pararnavirae] -> [空]
      Phylum: [Artverviricota] -> [空]
      Class: [Revtraviricetes] -> [空]
      Order: [Ortervirales] -> [空]
      Family: [Retroviridae] -> [空]
  CRR732653_clean_NODE_566_length_1642_cov_1.513032
      Species: [Tupanvirus salinum] -> [空]
  CRR732653_clean_NODE_60_length_3130_cov_3.223783
      Species: [Klosneuvirus KNV1*] -> [空]
  CRR732653_clean_NODE_6142_length_604_cov_1.005607
      Order: [Pimascovirales] -> [空]
      Family: [Pithoviridae] -> [空]
      Species: [Pithovirus LCPAC101] -> [空]
  CRR732653_clean_NODE_620_length_1591_cov_1.618922
      Realm: [Varidnaviria] -> [空]
      Kingdom: [Bamfordvirae] -> [空]
      Phylum: [Nucleocytoviricota] -> [空]
      Order: [Imitervirales] -> [空]
      Family: [Mimiviridae] -> [空]
      Genus: [Tupanvirus] -> [空]
      Species: [Tupanvirus salinum] -> [空]
  CRR732653_clean_NODE_65_length_3087_cov_3.685553
      Realm: [Varidnaviria] -> [空]
      Kingdom: [Bamfordvirae] -> [空]
      Phylum: [Nucleocytoviricota] -> [空]
      Species: [Megavirus powaiense] -> [空]
  CRR732653_clean_NODE_728_length_1500_cov_2.051013
      Phylum: [Nucleocytoviricota] -> [空]
      Class: [Megaviricetes] -> [空]
      Order: [Imitervirales] -> [空]
      Family: [Mimiviridae] -> [空]
  CRR732653_clean_NODE_8156_length_528_cov_1.281046
      Order: [Imitervirales] -> [空]
      Family: [Mimiviridae] -> [空]
  CRR732653_clean_NODE_863_length_1406_cov_1.551982
      Realm: [Duplodnaviria] -> [空]
      Kingdom: [Heunggongvirae] -> [空]
      Phylum: [Uroviricota] -> [空]
  CRR732653_clean_NODE_8862_length_508_cov_0.888383
      Order: [Algavirales] -> [空]
  CRR732654_clean_NODE_101_length_2342_cov_1.507699
      Species: [Gammaretrovirus murleu] -> [空]
  CRR732654_clean_NODE_173_length_1990_cov_1.895888
      Species: [Tupanvirus altamarinense] -> [空]
  CRR732654_clean_NODE_184_length_1938_cov_2.522739
      Genus: [Fadolivirus] -> [空]
      Species: [Pandoravirus dulcis] -> [空]
  CRR732654_clean_NODE_310_length_1631_cov_2.731114
      Species: [Agnivirus brisbanense] -> [空]
  CRR732654_clean_NODE_3515_length_644_cov_0.742609
      Class: [Megaviricetes] -> [空]
      Order: [Imitervirales] -> [空]
      Family: [Mimiviridae] -> [空]
  CRR732654_clean_NODE_356_length_1569_cov_1.526000
      Genus: [Tupanvirus] -> [空]
      Species: [Tupanvirus salinum] -> [空]
  CRR732654_clean_NODE_474_length_1439_cov_1.407299
      Genus: [Tupanvirus] -> [空]
      Species: [Tupanvirus altamarinense] -> [空]
  CRR732654_clean_NODE_4792_length_565_cov_1.054435
      Realm: [Varidnaviria] -> [空]
      Kingdom: [Bamfordvirae] -> [空]
      Phylum: [Nucleocytoviricota] -> [空]
      Class: [Pokkesviricetes] -> [空]
      Order: [Chitovirales] -> [空]
      Family: [Poxviridae] -> [空]
      Genus: [Oryzopoxvirus] -> [Lentivirus]
      Species: [空] -> [Lentivirus humimdef1]
  CRR732654_clean_NODE_479_length_1432_cov_1.363903
      Species: [Alphacedratvirus brasiliense] -> [空]
  CRR732654_clean_NODE_490_length_1423_cov_2.003693
      Species: [Tupanvirus altamarinense] -> [空]
  CRR732655_clean_NODE_1729_length_941_cov_4.253440
      Realm: [Duplodnaviria] -> [空]
      Kingdom: [Heunggongvirae] -> [空]
      Phylum: [Uroviricota] -> [空]
      Class: [Revtraviricetes] -> [空]
      Order: [Ortervirales] -> [空]
      Family: [Retroviridae] -> [空]
      Genus: [Lentivirus] -> [空]
      Species: [Traversvirus P27] -> [空]
  CRR732655_clean_NODE_17_length_3533_cov_4.843533
      Species: [Gammaretrovirus gibleu] -> [空]
  CRR732655_clean_NODE_1828_length_917_cov_1.570755
      Realm: [Varidnaviria] -> [空]
      Kingdom: [Bamfordvirae] -> [空]
      Phylum: [Nucleocytoviricota] -> [空]
      Class: [Pokkesviricetes] -> [空]
      Order: [Chitovirales] -> [空]
      Family: [Poxviridae] -> [空]
      Genus: [Oryzopoxvirus] -> [Lentivirus]
      Species: [空] -> [Lentivirus humimdef1]
  CRR732655_clean_NODE_1873_length_909_cov_2.794048
      Realm: [Riboviria] -> [空]
      Kingdom: [Pararnavirae] -> [空]
      Phylum: [Artverviricota] -> [空]
      Class: [Revtraviricetes] -> [空]
      Order: [Ortervirales] -> [空]
      Family: [Retroviridae] -> [空]
  CRR732655_clean_NODE_347_length_1653_cov_1.916667
      Realm: [Varidnaviria] -> [空]
      Kingdom: [Bamfordvirae] -> [空]
      Phylum: [Nucleocytoviricota] -> [空]
  CRR732655_clean_NODE_383_length_1606_cov_1.744307
      Realm: [Riboviria] -> [空]
      Kingdom: [Orthornavirae] -> [空]
      Phylum: [Negarnaviricota] -> [空]
      Class: [Bunyaviricetes] -> [空]
  CRR732655_clean_NODE_390_length_1600_cov_1.506858
      Realm: [Duplodnaviria] -> [空]
      Kingdom: [Heunggongvirae] -> [空]
      Phylum: [Uroviricota] -> [空]
      Species: [Theiavirus salishense*] -> [空]
  CRR732655_clean_NODE_5975_length_554_cov_0.997938
      Order: [Algavirales] -> [空]
  CRR732655_clean_NODE_63_length_2752_cov_2.190086
      Phylum: [Nucleocytoviricota] -> [空]
      Class: [Megaviricetes] -> [空]
      Order: [Imitervirales] -> [空]
      Family: [Mimiviridae] -> [空]
  CRR732656_clean_NODE_170_length_1705_cov_2.184597
      Species: [Gammaretrovirus gibleu] -> [空]
  CRR732656_clean_NODE_2665_length_663_cov_1.084175
      Realm: [Riboviria] -> [空]
      Kingdom: [Pararnavirae] -> [空]
      Phylum: [Artverviricota] -> [空]
      Class: [Revtraviricetes] -> [空]
      Order: [Ortervirales] -> [空]
      Family: [Retroviridae] -> [空]
  CRR732656_clean_NODE_31_length_2796_cov_7.843051
      Family: [Mesomimiviridae] -> [空]
      Genus: [Tethysvirus] -> [空]
      Species: [Tethysvirus ontarioense] -> [空]
  CRR732656_clean_NODE_3302_length_612_cov_2.383057
      Realm: [Riboviria] -> [空]
      Kingdom: [Pararnavirae] -> [空]
      Phylum: [Artverviricota] -> [空]
      Class: [Revtraviricetes] -> [空]
      Order: [Ortervirales] -> [空]
      Family: [Retroviridae] -> [空]
  CRR732657_clean_NODE_128_length_2084_cov_2.192060
      Species: [Klosneuvirus KNV1*] -> [空]
  CRR732657_clean_NODE_1318_length_990_cov_1.664495
      Realm: [Riboviria] -> [空]
      Kingdom: [Pararnavirae] -> [空]
      Phylum: [Artverviricota] -> [空]
      Class: [Revtraviricetes] -> [空]
      Order: [Ortervirales] -> [空]
  CRR732657_clean_NODE_160_length_1980_cov_9.891680
      Realm: [Riboviria] -> [空]
      Kingdom: [Pararnavirae] -> [空]
      Phylum: [Artverviricota] -> [空]
      Class: [Revtraviricetes] -> [空]
  CRR732657_clean_NODE_2049_length_830_cov_1.634691
      Order: [Imitervirales] -> [空]
      Family: [Mimiviridae] -> [空]
  CRR732657_clean_NODE_2351_length_785_cov_2.196927
      Realm: [Riboviria] -> [空]
      Kingdom: [Pararnavirae] -> [空]
      Phylum: [Artverviricota] -> [空]
      Class: [Revtraviricetes] -> [空]
      Order: [Ortervirales] -> [空]
      Family: [Retroviridae] -> [空]
  CRR732657_clean_NODE_2487_length_766_cov_1.018651
      Order: [Imitervirales] -> [空]
      Family: [Mimiviridae] -> [空]
  CRR732657_clean_NODE_270_length_1680_cov_1.920546
      Realm: [Varidnaviria] -> [空]
      Kingdom: [Bamfordvirae] -> [空]
      Phylum: [Nucleocytoviricota] -> [空]
      Class: [Megaviricetes] -> [空]
      Order: [Pimascovirales] -> [空]
  CRR732657_clean_NODE_276_length_1664_cov_1.685893
      Species: [Fadolivirus algeromassiliense] -> [空]
  CRR732657_clean_NODE_2910_length_721_cov_1.371166
      Order: [Algavirales] -> [空]
  CRR732657_clean_NODE_728_length_1232_cov_2.876182
      Realm: [Riboviria] -> [空]
      Kingdom: [Pararnavirae] -> [空]
      Phylum: [Artverviricota] -> [空]
      Class: [Revtraviricetes] -> [空]
      Order: [Ortervirales] -> [空]
      Family: [Retroviridae] -> [空]
  CRR732657_clean_NODE_96_length_2255_cov_8.234218
      Realm: [Varidnaviria] -> [空]
      Kingdom: [Bamfordvirae] -> [空]
      Phylum: [Nucleocytoviricota] -> [空]
  CRR732658_clean_NODE_1024_length_1364_cov_2.125097
      Species: [Alphahydrivirus permafrostis] -> [空]
  CRR732658_clean_NODE_123_length_2640_cov_1.814080
      Species: [Tupanvirus salinum] -> [空]
  CRR732658_clean_NODE_1436_length_1193_cov_1.693060
      Realm: [Varidnaviria] -> [空]
      Kingdom: [Bamfordvirae] -> [空]
      Phylum: [Nucleocytoviricota] -> [空]
      Class: [Pokkesviricetes] -> [空]
      Order: [Chitovirales] -> [空]
      Family: [Poxviridae] -> [空]
      Genus: [Oryzopoxvirus] -> [Lentivirus]
      Species: [空] -> [Lentivirus humimdef1]
  CRR732658_clean_NODE_162_length_2433_cov_2.988156
      Realm: [Duplodnaviria] -> [空]
      Kingdom: [Heunggongvirae] -> [空]
      Phylum: [Peploviricota] -> [空]
      Class: [Herviviricetes] -> [空]
      Order: [Herpesvirales] -> [空]
  CRR732658_clean_NODE_166_length_2420_cov_2.194385
      Class: [Pokkesviricetes] -> [空]
      Order: [Chitovirales] -> [空]
      Species: [Epsilonentomopoxvirus dlongicaudata] -> [空]
  CRR732658_clean_NODE_2405_length_945_cov_2.170091
      Realm: [Riboviria] -> [空]
      Kingdom: [Pararnavirae] -> [空]
      Phylum: [Artverviricota] -> [空]
      Class: [Revtraviricetes] -> [空]
      Order: [Ortervirales] -> [空]
      Family: [Retroviridae] -> [空]
  CRR732658_clean_NODE_2437_length_939_cov_8.986207
      Class: [Pokkesviricetes] -> [空]
      Order: [Chitovirales] -> [空]
  CRR732658_clean_NODE_2729_length_892_cov_1.521264
      Kingdom: [Orthornavirae] -> [空]
      Phylum: [Negarnaviricota] -> [空]
      Class: [Bunyaviricetes] -> [空]
      Order: [Hareavirales] -> [空]
      Species: [Nairoviridae sp.] -> [空]
  CRR732658_clean_NODE_2976_length_859_cov_2.574684
      Realm: [Varidnaviria] -> [空]
      Kingdom: [Bamfordvirae] -> [空]
  CRR732658_clean_NODE_30_length_3857_cov_3.097149
      Realm: [Varidnaviria] -> [空]
      Kingdom: [Bamfordvirae] -> [空]
      Phylum: [Nucleocytoviricota] -> [空]
      Genus: [Biavirus] -> [空]
      Species: [Biavirus raunefjordenense] -> [空]
  CRR732658_clean_NODE_3480_length_802_cov_1.076398
      Realm: [Riboviria] -> [空]
      Kingdom: [Pararnavirae] -> [空]
      Phylum: [Artverviricota] -> [空]
      Class: [Revtraviricetes] -> [空]
      Order: [Ortervirales] -> [空]
      Family: [Retroviridae] -> [空]
  CRR732658_clean_NODE_356_length_1928_cov_3.693921
      Species: [Tupanvirus altamarinense] -> [空]
  CRR732658_clean_NODE_364_length_1919_cov_4.276216
      Species: [Agnivirus brisbanense] -> [空]
  CRR732658_clean_NODE_409_length_1862_cov_2.495817
      Order: [Pimascovirales] -> [空]
      Family: [Hydriviridae] -> [空]
      Genus: [Alphahydrivirus] -> [空]
      Species: [Alphahydrivirus permafrostis] -> [空]
  CRR732658_clean_NODE_4442_length_714_cov_1.280620
      Realm: [Riboviria] -> [空]
      Kingdom: [Pararnavirae] -> [空]
      Phylum: [Artverviricota] -> [空]
      Class: [Revtraviricetes] -> [空]
      Order: [Ortervirales] -> [空]
      Family: [Retroviridae] -> [空]
  CRR732658_clean_NODE_6096_length_617_cov_0.744526
      Realm: [Riboviria] -> [空]
      Kingdom: [Pararnavirae] -> [空]
      Phylum: [Artverviricota] -> [空]
      Class: [Revtraviricetes] -> [空]
      Order: [Ortervirales] -> [空]
      Family: [Retroviridae] -> [空]
  CRR732658_clean_NODE_60_length_3162_cov_2.165858
      Class: [Herviviricetes] -> [空]
      Order: [Herpesvirales] -> [空]
      Family: [Orthoherpesviridae] -> [空]
      Genus: [Macavirus] -> [Alphanudivirus]
      Species: [空] -> [Alphanudivirus oryrhinocerotis]
  CRR732658_clean_NODE_619_length_1652_cov_1.830069
      Species: [Tupanvirus altamarinense] -> [空]
  CRR732658_clean_NODE_64_length_3131_cov_3.081646
      Realm: [Varidnaviria] -> [空]
      Kingdom: [Bamfordvirae] -> [空]
      Phylum: [Nucleocytoviricota] -> [空]
      Class: [Megaviricetes] -> [空]
      Order: [Imitervirales] -> [空]
      Family: [Schizomimiviridae] -> [空]
      Genus: [Biavirus] -> [空]
      Species: [Biavirus raunefjordenense] -> [空]
  CRR732658_clean_NODE_660_length_1609_cov_1.946753
      Order: [Pimascovirales] -> [空]
      Species: [Alphaorpheovirus massiliense] -> [空]
  CRR732658_clean_NODE_6808_length_587_cov_1.666023
      Realm: [Riboviria] -> [空]
      Kingdom: [Pararnavirae] -> [空]
      Phylum: [Artverviricota] -> [空]
      Class: [Revtraviricetes] -> [空]
      Order: [Ortervirales] -> [空]
      Family: [Retroviridae] -> [空]
  CRR732658_clean_NODE_800_length_1489_cov_2.245775
      Realm: [Riboviria] -> [空]
      Kingdom: [Pararnavirae] -> [空]
      Phylum: [Artverviricota] -> [空]
      Class: [Revtraviricetes] -> [空]
      Order: [Ortervirales] -> [空]
      Family: [Retroviridae] -> [空]
  CRR732658_clean_NODE_8136_length_541_cov_1.220339
      Order: [Imitervirales] -> [空]
  CRR732658_clean_NODE_8157_length_540_cov_1.966030
      Realm: [Riboviria] -> [空]
      Kingdom: [Pararnavirae] -> [空]
      Phylum: [Artverviricota] -> [空]
      Class: [Revtraviricetes] -> [空]
      Order: [Ortervirales] -> [空]
      Family: [Retroviridae] -> [空]
  CRR732659_clean_NODE_10030_length_511_cov_0.959276
      Realm: [Varidnaviria] -> [空]
      Kingdom: [Bamfordvirae] -> [空]
      Phylum: [Nucleocytoviricota] -> [空]
      Class: [Pokkesviricetes] -> [空]
      Order: [Chitovirales] -> [空]
      Family: [Poxviridae] -> [空]
      Genus: [Oryzopoxvirus] -> [Lentivirus]
      Species: [空] -> [Lentivirus humimdef1]
  CRR732659_clean_NODE_1110_length_1424_cov_2.021402
      Phylum: [Nucleocytoviricota] -> [空]
      Class: [Megaviricetes] -> [空]
      Order: [Imitervirales] -> [空]
      Family: [Mimiviridae] -> [空]
  CRR732659_clean_NODE_111_length_3139_cov_3.162541
      Realm: [Duplodnaviria] -> [空]
      Order: [Imitervirales] -> [空]
      Family: [Mimiviridae] -> [空]
      Genus: [空] -> [Minunavirus]
  CRR732659_clean_NODE_1162_length_1397_cov_2.536898
      Species: [Mimiviridae sp. ChoanoV1*] -> [空]
  CRR732659_clean_NODE_141_length_2898_cov_3.893955
      Realm: [Varidnaviria] -> [空]
      Kingdom: [Bamfordvirae] -> [空]
      Phylum: [Nucleocytoviricota] -> [空]
  CRR732659_clean_NODE_201_length_2592_cov_2.066587
      Genus: [Leporipoxvirus] -> [空]
      Species: [Leporipoxvirus myxoma] -> [空]
  CRR732659_clean_NODE_203_length_2581_cov_3.732882
      Realm: [Duplodnaviria] -> [空]
      Kingdom: [Heunggongvirae] -> [空]
      Phylum: [Uroviricota] -> [空]
  CRR732659_clean_NODE_239_length_2469_cov_6.038333
      Class: [Herviviricetes] -> [空]
  CRR732659_clean_NODE_240_length_2468_cov_17.096290
      Order: [Imitervirales] -> [空]
      Family: [Mimiviridae] -> [空]
      Genus: [Fadolivirus] -> [空]
      Species: [Fadolivirus algeromassiliense] -> [空]
  CRR732659_clean_NODE_257_length_2423_cov_2.892948
      Genus: [Fadolivirus] -> [空]
      Species: [Fadolivirus algeromassiliense] -> [空]
  CRR732659_clean_NODE_271_length_2378_cov_0.696405
      Realm: [Varidnaviria] -> [空]
      Kingdom: [Bamfordvirae] -> [空]
      Phylum: [Nucleocytoviricota] -> [空]
      Class: [Megaviricetes] -> [空]
      Order: [Imitervirales] -> [空]
      Family: [Mesomimiviridae] -> [空]
      Genus: [Tethysvirus] -> [空]
      Species: [Tethysvirus raunefjordenense] -> [空]
  CRR732659_clean_NODE_273_length_2369_cov_3.659130
      Species: [Betaentomopoxvirus amoorei] -> [空]
  CRR732659_clean_NODE_278_length_2351_cov_2.797546
      Species: [Tupanvirus altamarinense] -> [空]
  CRR732659_clean_NODE_301_length_2264_cov_1.630524
      Order: [Imitervirales] -> [空]
  CRR732659_clean_NODE_351_length_2140_cov_2.923225
      Species: [Fadolivirus algeromassiliense] -> [空]
  CRR732659_clean_NODE_3933_length_807_cov_0.716802
      Order: [Imitervirales] -> [空]
      Family: [Mimiviridae] -> [空]
  CRR732659_clean_NODE_403_length_2041_cov_20.938134
      Realm: [Varidnaviria] -> [空]
      Kingdom: [Bamfordvirae] -> [空]
      Phylum: [Nucleocytoviricota] -> [空]
  CRR732659_clean_NODE_483_length_1917_cov_1.558983
      Species: [Tupanvirus salinum] -> [空]
  CRR732659_clean_NODE_509_length_1891_cov_5.754116
      Species: [Agnivirus brisbanense] -> [空]
  CRR732659_clean_NODE_5224_length_702_cov_1.665087
      Species: [Oceanusvirus sp.*] -> [空]
  CRR732659_clean_NODE_522_length_1877_cov_1.751106
      Species: [Betaretrovirus maspfimon] -> [空]
  CRR732659_clean_NODE_611_length_1781_cov_2.555491
      Realm: [Duplodnaviria] -> [空]
      Kingdom: [Heunggongvirae] -> [空]
      Phylum: [Uroviricota] -> [空]
  CRR732659_clean_NODE_6525_length_631_cov_1.386121
      Order: [Imitervirales] -> [空]
      Family: [Mimiviridae] -> [空]
  CRR732659_clean_NODE_6729_length_620_cov_0.943739
      Realm: [Riboviria] -> [空]
      Kingdom: [Pararnavirae] -> [空]
      Phylum: [Artverviricota] -> [空]
      Class: [Revtraviricetes] -> [空]
      Order: [Ortervirales] -> [空]
      Family: [Retroviridae] -> [空]
  CRR732659_clean_NODE_693_length_1714_cov_1.922796
      Species: [Theiavirus salishense*] -> [空]
  CRR732659_clean_NODE_779_length_1647_cov_1.537389
      Realm: [Varidnaviria] -> [空]
      Kingdom: [Bamfordvirae] -> [空]
      Phylum: [Nucleocytoviricota] -> [空]
      Family: [Mimiviridae] -> [空]
      Genus: [Tupanvirus] -> [空]
      Species: [Tupanvirus salinum] -> [空]
  CRR732659_clean_NODE_841_length_1597_cov_1.722513
      Genus: [Biavirus] -> [空]
  CRR732659_clean_NODE_870_length_1570_cov_2.469687
      Species: [Tupanvirus altamarinense] -> [空]
  CRR732659_clean_NODE_9766_length_517_cov_1.122768
      Class: [Naldaviricetes] -> [空]
      Order: [Lefavirales] -> [空]
      Family: [Baculoviridae] -> [空]
      Genus: [Betabaculovirus] -> [空]
      Species: [Betabaculovirus sp.] -> [空]
  CRR732660_clean_NODE_1036_length_1665_cov_7.469925
      Species: [Agnivirus brisbanense] -> [空]
  CRR732660_clean_NODE_1076_length_1638_cov_2.722753
      Realm: [Varidnaviria] -> [空]
      Kingdom: [Bamfordvirae] -> [空]
      Phylum: [Nucleocytoviricota] -> [空]
      Class: [Megaviricetes] -> [空]
      Order: [Imitervirales] -> [空]
      Family: [Mimiviridae] -> [空]
      Genus: [Tupanvirus] -> [空]
      Species: [Tupanvirus altamarinense] -> [空]
  CRR732660_clean_NODE_1097_length_1624_cov_1.823151
      Realm: [Adnaviria] -> [空]
      Kingdom: [Zilligvirae] -> [空]
      Phylum: [Taleaviricota] -> [空]
  CRR732660_clean_NODE_1188_length_1566_cov_1.780895
      Order: [Imitervirales] -> [空]
      Species: [Rheavirus sinusmexicani] -> [空]
  CRR732660_clean_NODE_123_length_3413_cov_5.151615
      Realm: [Varidnaviria] -> [空]
      Kingdom: [Bamfordvirae] -> [空]
      Phylum: [Nucleocytoviricota] -> [空]
  CRR732660_clean_NODE_1247_length_1535_cov_1.303547
      Species: [Alpharetrovirus avirousar] -> [空]
  CRR732660_clean_NODE_1298_length_1505_cov_1.330084
      Species: [Klosneuvirus KNV1*] -> [空]
  CRR732660_clean_NODE_1517_length_1404_cov_2.487640
      Order: [Pimascovirales] -> [空]
  CRR732660_clean_NODE_1581_length_1386_cov_2.665907
      Realm: [Varidnaviria] -> [空]
      Kingdom: [Bamfordvirae] -> [空]
      Phylum: [Nucleocytoviricota] -> [空]
      Class: [Megaviricetes] -> [空]
      Order: [Pimascovirales] -> [空]
  CRR732660_clean_NODE_1608_length_1373_cov_2.359663
      Species: [Alpharetrovirus aviUR2sar] -> [空]
  CRR732660_clean_NODE_1701_length_1341_cov_1.343553
      Family: [Mesomimiviridae] -> [空]
      Genus: [Tethysvirus] -> [空]
      Species: [Tethysvirus ontarioense] -> [空]
  CRR732660_clean_NODE_191_length_3034_cov_7.255312
      Realm: [Varidnaviria] -> [空]
      Kingdom: [Bamfordvirae] -> [空]
      Phylum: [Nucleocytoviricota] -> [空]
  CRR732660_clean_NODE_1933_length_1260_cov_3.713686
      Species: [Gilgameshvirus gilgamesh] -> [空]
  CRR732660_clean_NODE_198_length_2989_cov_4.609932
      Species: [Alphahydrivirus permafrostis] -> [空]
  CRR732660_clean_NODE_199_length_2987_cov_2.539068
      Realm: [Duplodnaviria] -> [空]
      Kingdom: [Heunggongvirae] -> [空]
      Phylum: [Uroviricota] -> [空]
  CRR732660_clean_NODE_211_length_2926_cov_3.964998
      Realm: [Varidnaviria] -> [空]
      Kingdom: [Bamfordvirae] -> [空]
      Phylum: [Nucleocytoviricota] -> [空]
  CRR732660_clean_NODE_269_length_2691_cov_3.205568
      Realm: [Duplodnaviria] -> [空]
      Kingdom: [Heunggongvirae] -> [空]
      Phylum: [Uroviricota] -> [空]
      Species: [Oceanusvirus sp.*] -> [空]
  CRR732660_clean_NODE_351_length_2470_cov_20.622241
      Class: [Pokkesviricetes] -> [空]
      Order: [Chitovirales] -> [空]
      Species: [Epsilonentomopoxvirus dlongicaudata] -> [空]
  CRR732660_clean_NODE_36_length_4861_cov_6.308639
      Genus: [Fadolivirus] -> [空]
      Species: [Fadolivirus algeromassiliense] -> [空]
  CRR732660_clean_NODE_3_length_8817_cov_3.908893
      Phylum: [Uroviricota] -> [空]
  CRR732660_clean_NODE_4056_length_891_cov_2.783455
      Order: [Imitervirales] -> [空]
  CRR732660_clean_NODE_417_length_2346_cov_4.862978
      Species: [Fadolivirus algeromassiliense] -> [空]
  CRR732660_clean_NODE_474_length_2215_cov_3.618826
      Realm: [Duplodnaviria] -> [空]
      Kingdom: [Heunggongvirae] -> [空]
      Phylum: [Uroviricota] -> [空]
  CRR732660_clean_NODE_47_length_4451_cov_2.511867
      Realm: [Varidnaviria] -> [空]
      Kingdom: [Bamfordvirae] -> [空]
      Phylum: [Nucleocytoviricota] -> [空]
      Class: [Megaviricetes] -> [空]
  CRR732660_clean_NODE_517_length_2138_cov_2.720155
      Order: [Pimascovirales] -> [空]
      Family: [Iridoviridae] -> [空]
      Genus: [Iridovirus] -> [空]
      Species: [Iridovirus armadillidium1] -> [空]
  CRR732660_clean_NODE_599_length_2032_cov_4.563423
      Genus: [Tupanvirus] -> [空]
  CRR732660_clean_NODE_667_length_1960_cov_2.514543
      Order: [Algavirales] -> [空]
      Species: [Prasinovirus micromonas] -> [空]
  CRR732660_clean_NODE_713_length_1916_cov_3.157011
      Genus: [Tupanvirus] -> [空]
      Species: [Tupanvirus salinum] -> [空]
  CRR732660_clean_NODE_803_length_1836_cov_3.655914
      Species: [Agnivirus brisbanense] -> [空]
  CRR732660_clean_NODE_80_length_3777_cov_6.221143
      Species: [Rheavirus sinusmexicani] -> [空]
  CRR732660_clean_NODE_848_length_1810_cov_3.545089
      Order: [Pimascovirales] -> [空]
      Family: [Orpheoviridae] -> [空]
  CRR732660_clean_NODE_873_length_1792_cov_1.814277
      Genus: [Tupanvirus] -> [空]
      Species: [Tupanvirus salinum] -> [空]
  CRR732660_clean_NODE_890_length_1772_cov_4.904287
      Realm: [Duplodnaviria] -> [空]
  CRR732660_clean_NODE_933_length_1739_cov_1.653892
      Realm: [Varidnaviria] -> [空]
      Kingdom: [Bamfordvirae] -> [空]
      Phylum: [Nucleocytoviricota] -> [空]
      Class: [Megaviricetes] -> [空]
      Order: [Pimascovirales] -> [空]
  CRR732660_clean_NODE_988_length_1702_cov_0.846908
      Realm: [Varidnaviria] -> [空]
      Kingdom: [Bamfordvirae] -> [空]
      Phylum: [Nucleocytoviricota] -> [空]
      Class: [Megaviricetes] -> [空]
      Order: [Algavirales] -> [空]
      Species: [Chrysochromulina ericina virus] -> [空]
  CRR732660_clean_NODE_989_length_1701_cov_1.793505
      Species: [Medusavirus sthenus] -> [空]
  CRR732662_clean_NODE_375_length_1542_cov_1.775967
      Realm: [Duplodnaviria] -> [空]
      Kingdom: [Heunggongvirae] -> [空]
      Phylum: [Uroviricota] -> [空]
      Family: [Peduoviridae] -> [空]
  CRR732662_clean_NODE_395_length_1526_cov_2.859986
      Species: [Megavirus baoshanense] -> [空]
  CRR732662_clean_NODE_50_length_2808_cov_6.187660
      Family: [Mesomimiviridae] -> [空]
      Genus: [Tethysvirus] -> [空]
      Species: [Tethysvirus ontarioense] -> [空]
  CRR732663_clean_NODE_1111_length_1112_cov_3.049856
      Species: [Mammalian gammaretrovirus group] -> [空]
  CRR732663_clean_NODE_180_length_2015_cov_4.923947
      Genus: [Orthopoxvirus] -> [空]
      Species: [Orthopoxvirus volepox] -> [空]
  CRR732663_clean_NODE_2198_length_850_cov_5.700384
      Species: [IC4 retrovirus] -> [空]
  CRR732663_clean_NODE_3390_length_696_cov_1.510367
      Order: [Imitervirales] -> [空]
      Family: [Mimiviridae] -> [空]
  CRR732663_clean_NODE_340_length_1690_cov_5.164713
      Realm: [Varidnaviria] -> [空]
      Kingdom: [Bamfordvirae] -> [空]
      Phylum: [Nucleocytoviricota] -> [空]
      Class: [Megaviricetes] -> [空]
      Order: [Pimascovirales] -> [空]
  CRR732663_clean_NODE_464_length_1519_cov_3.060000
      Order: [Imitervirales] -> [空]
      Family: [Schizomimiviridae] -> [空]
  CRR732663_clean_NODE_4693_length_600_cov_3.337100
      Order: [Imitervirales] -> [空]
      Family: [Mimiviridae] -> [空]
  CRR732663_clean_NODE_5443_length_561_cov_2.339431
      Realm: [Riboviria] -> [空]
      Kingdom: [Pararnavirae] -> [空]
      Phylum: [Artverviricota] -> [空]
      Class: [Revtraviricetes] -> [空]
      Order: [Ortervirales] -> [空]
  CRR891450_clean_NODE_309_length_993_cov_1.650000
      Species: [Mimiviridae sp. ChoanoV1*] -> [空]
  CRR891450_clean_NODE_40_length_2010_cov_3.004646
      Species: [Tethysvirus raunefjordenense] -> [空]
  CRR891450_clean_NODE_537_length_823_cov_2.313333
      Realm: [Varidnaviria] -> [空]
      Kingdom: [Bamfordvirae] -> [空]
      Phylum: [Nucleocytoviricota] -> [空]
  CRR891451_clean_NODE_65_length_1505_cov_1.574721
      Species: [Chlorovirus vanettense] -> [空]
  CRR891451_clean_NODE_684_length_608_cov_20.818692
      Phylum: [Negarnaviricota] -> [空]
  CRR891452_clean_NODE_330_length_825_cov_8.695479
      Family: [Orthototiviridae] -> [空]
      Genus: [Totivirus] -> [空]
      Species: [Hanko totivirus 4] -> [空]
  CRR891454_clean_NODE_1_length_4951_cov_15.435834
      Species: [Porcellio scaber clopovirus] -> [空]
  CRR891454_clean_NODE_23_length_2027_cov_1.922723
      Species: [Benyvirus solibetae] -> [空]
  CRR891454_clean_NODE_244_length_902_cov_2.700844
      Genus: [Risoevirus] -> [空]
      Species: [Risoevirus cronus] -> [空]
  CRR891454_clean_NODE_76_length_1314_cov_1.143433
      Realm: [Duplodnaviria] -> [空]
      Kingdom: [Heunggongvirae] -> [空]
      Phylum: [Uroviricota] -> [空]
  CRR891455_clean_NODE_1674_length_525_cov_3.809735
      Kingdom: [Shotokuvirae] -> [空]
      Phylum: [Cossaviricota] -> [空]
      Class: [Papovaviricetes] -> [空]
      Order: [Zurhausenvirales] -> [空]
      Family: [Papillomaviridae] -> [空]
      Genus: [Human papillomavirus] -> [空]
      Species: [Human papillomavirus types] -> [空]
  CRR891456_clean_NODE_283_length_893_cov_1.791463
      Class: [Amabiliviricetes] -> [空]
      Species: [Sonafor virus] -> [空]
  CRR891456_clean_NODE_39_length_1676_cov_3.246413
      Order: [Imitervirales] -> [空]
  CRR891456_clean_NODE_496_length_735_cov_2.519637
      Realm: [Duplodnaviria] -> [空]
      Kingdom: [Heunggongvirae] -> [空]
      Phylum: [Uroviricota] -> [空]
      Class: [Caudoviricetes] -> [空]
  CRR891456_clean_NODE_72_length_1364_cov_4.934160
      Species: [Porcellio scaber clopovirus] -> [空]
  CRR891457_clean_NODE_9_length_2259_cov_2.345837
      Species: [Chlorovirus vanettense] -> [空]
  SRR15037477_clean_NODE_3_length_2057_cov_1.480343
      Order: [Pimascovirales] -> [空]
  SRR15037478_clean_NODE_1467_length_667_cov_0.813131
      Species: [Klosneuvirus KNV1*] -> [空]
  SRR15037478_clean_NODE_19_length_2111_cov_3.021590
      Species: [Mimiviridae sp. ChoanoV1*] -> [空]
  SRR15037478_clean_NODE_21_length_2108_cov_0.863391
      Kingdom: [Pararnavirae] -> [空]
      Phylum: [Artverviricota] -> [空]
      Class: [Revtraviricetes] -> [空]
      Order: [Ortervirales] -> [空]
      Species: [Metavirus tatarabidopsis] -> [空]
  SRR15037478_clean_NODE_6_length_2439_cov_4.741336
      Species: [Biavirus raunefjordenense] -> [空]
  SRR15037479_clean_NODE_2336_length_512_cov_0.831435
      Order: [Imitervirales] -> [空]
      Family: [Mesomimiviridae] -> [空]
      Genus: [Tethysvirus] -> [空]
      Species: [Tethysvirus raunefjordenense] -> [空]
  SRR15037479_clean_NODE_2431_length_503_cov_0.723256
      Family: [Mimiviridae] -> [空]
      Genus: [Catovirus] -> [空]
      Species: [Catovirus CTV1] -> [空]
  SRR15037480_clean_NODE_11_length_2314_cov_10.625614
      Order: [Imitervirales] -> [空]
      Family: [Mimiviridae] -> [空]
      Genus: [Megavirus] -> [空]
      Species: [Megavirus powaiense] -> [空]
  SRR15037480_clean_NODE_19_length_2014_cov_1.903143
      Species: [Mimiviridae sp. ChoanoV1*] -> [空]
  SRR15037480_clean_NODE_35_length_1825_cov_2.717466
      Order: [Imitervirales] -> [空]
      Species: [Theiavirus salishense] -> [空]
  SRR15037480_clean_NODE_7_length_2621_cov_4.308870
      Realm: [Duplodnaviria] -> [空]
      Kingdom: [Heunggongvirae] -> [空]
      Phylum: [Uroviricota] -> [空]
  SRR15037480_clean_NODE_876_length_734_cov_7.130106
      Species: [Mimiviridae sp. ChoanoV1*] -> [空]
  SRR15037481_clean_NODE_13_length_2422_cov_3.151980
      Order: [Imitervirales] -> [空]
      Family: [Mimiviridae] -> [空]
  SRR15037481_clean_NODE_15_length_2147_cov_1.759402
      Species: [Alphapithovirus sibericum] -> [空]
  SRR15037481_clean_NODE_168_length_1284_cov_3.799339
      Phylum: [Nucleocytoviricota] -> [空]
  SRR15037481_clean_NODE_25_length_1877_cov_2.274945
      Family: [Mesomimiviridae] -> [空]
      Genus: [Tethysvirus] -> [空]
      Species: [Tethysvirus ontarioense] -> [空]
  SRR15037481_clean_NODE_978_length_740_cov_0.581709
      Realm: [Varidnaviria] -> [空]
      Kingdom: [Bamfordvirae] -> [空]
      Phylum: [Nucleocytoviricota] -> [空]
      Class: [Megaviricetes] -> [空]
      Order: [Pimascovirales] -> [空]
      Family: [Iridoviridae] -> [空]
      Genus: [Lymphocystivirus] -> [空]
      Species: [Lymphocystivirus micropogonias1] -> [空]
  SRR15037482_clean_NODE_1133_length_614_cov_0.578558
      Class: [Naldaviricetes] -> [空]
      Order: [Lefavirales] -> [空]
      Family: [Baculoviridae] -> [空]
      Genus: [Betabaculovirus] -> [空]
      Species: [Betabaculovirus sp.] -> [空]
  SRR15037482_clean_NODE_12_length_1984_cov_1.936159
      Family: [Mesomimiviridae] -> [空]
      Genus: [Tethysvirus] -> [空]
      Species: [Tethysvirus ontarioense] -> [空]
  SRR15037482_clean_NODE_919_length_660_cov_2.948893
      Species: [Ripastyr virus] -> [空]
  SRR15037483_clean_NODE_1224_length_621_cov_0.616788
      Realm: [Duplodnaviria] -> [空]
      Kingdom: [Heunggongvirae] -> [空]
      Phylum: [Peploviricota] -> [空]
      Class: [Herviviricetes] -> [空]
      Order: [Herpesvirales] -> [空]
  SRR15037483_clean_NODE_1376_length_598_cov_0.419048
      Family: [Mimiviridae] -> [空]
  SRR15037483_clean_NODE_193_length_1096_cov_12.206256
      Phylum: [Kitrinoviricota] -> [空]
      Class: [Tolucaviricetes] -> [空]
      Order: [Tolivirales] -> [空]
      Family: [Tombusviridae] -> [空]
  SRR15037483_clean_NODE_2162_length_516_cov_3.431151
      Species: [Gammaretrovirus felleu] -> [空]
  SRR15037483_clean_NODE_2306_length_504_cov_0.549884
      Order: [Algavirales] -> [空]
      Species: [Chlorovirus americanus] -> [空]
  SRR15037483_clean_NODE_24_length_1786_cov_1.389959
      Realm: [Duplodnaviria] -> [空]
      Kingdom: [Heunggongvirae] -> [空]
      Phylum: [Uroviricota] -> [空]
  SRR15037483_clean_NODE_47_length_1586_cov_1.565102
      Realm: [Varidnaviria] -> [空]
      Kingdom: [Bamfordvirae] -> [空]
      Phylum: [Nucleocytoviricota] -> [空]
  SRR15037483_clean_NODE_57_length_1544_cov_3.562203
      Realm: [Varidnaviria] -> [空]
      Kingdom: [Bamfordvirae] -> [空]
      Phylum: [Nucleocytoviricota] -> [空]
  SRR15037494_clean_NODE_34_length_1611_cov_2.021456
      Genus: [Megavirus] -> [空]
      Species: [Megavirus powaiense] -> [空]
  SRR15037494_clean_NODE_57_length_1410_cov_2.852655
      Realm: [Varidnaviria] -> [空]
      Kingdom: [Bamfordvirae] -> [空]
      Phylum: [Nucleocytoviricota] -> [空]
  SRR15037500_clean_NODE_53_length_1335_cov_2.064184
      Species: [Tupanvirus salinum] -> [空]
  SRR15037501_clean_NODE_1130_length_576_cov_9.765408
      Species: [Tupanvirus altamarinense] -> [空]
  SRR15037501_clean_NODE_15_length_1883_cov_8.435912
      Species: [Hokovirus HKV1*] -> [空]
  SRR15037502_clean_NODE_10_length_2250_cov_2.821314
      Order: [Imitervirales] -> [空]
  SRR15037502_clean_NODE_1161_length_587_cov_0.850195
      Order: [Imitervirales] -> [空]
      Family: [Mimiviridae] -> [空]
      Genus: [Theiavirus] -> [空]
      Species: [Theiavirus salishense] -> [空]
  SRR15037502_clean_NODE_510_length_758_cov_0.747445
      Phylum: [Lenarviricota] -> [空]
      Class: [Howeltoviricetes] -> [空]
      Order: [Cryppavirales] -> [空]
      Family: [Mitoviridae] -> [空]
      Genus: [Mitovirus] -> [空]
      Species: [Mitovirus sp.] -> [空]
  SRR15037504_clean_NODE_293_length_883_cov_0.853086
      Species: [Indivirus ILV1*] -> [空]
  SRR15037504_clean_NODE_847_length_648_cov_0.521739
      Species: [Fadolivirus algeromassiliense] -> [空]
  SRR15037505_clean_NODE_107_length_1459_cov_2.025974
      Species: [Mimiviridae sp. ChoanoV1*] -> [空]
  SRR15037505_clean_NODE_1089_length_746_cov_29.371471
      Realm: [Varidnaviria] -> [空]
  SRR15037505_clean_NODE_12_length_2199_cov_2.345249
      Order: [Imitervirales] -> [空]
      Species: [Tethysvirus raunefjordenense] -> [空]
  SRR15037505_clean_NODE_25_length_1964_cov_6.883659
      Order: [Imitervirales] -> [空]
  SRR15037505_clean_NODE_293_length_1106_cov_6.783156
      Phylum: [Lenarviricota] -> [空]
  SRR15037505_clean_NODE_386_length_1029_cov_13.394351
      Class: [Amabiliviricetes] -> [空]
      Species: [Sonafor virus] -> [空]
  SRR15037505_clean_NODE_444_length_1000_cov_1.787487
      Realm: [Varidnaviria] -> [空]
      Kingdom: [Bamfordvirae] -> [空]
      Phylum: [Nucleocytoviricota] -> [空]
      Class: [Megaviricetes] -> [空]
      Order: [Pimascovirales] -> [空]
      Family: [Marseilleviridae] -> [空]
  SRR15037505_clean_NODE_62_length_1636_cov_2.143954
      Phylum: [Nucleocytoviricota] -> [空]
      Class: [Megaviricetes] -> [空]
      Order: [Imitervirales] -> [空]
  SRR15037505_clean_NODE_66_length_1621_cov_6.554910
      Species: [Mimivirus bradfordmassiliense] -> [空]
  SRR15037505_clean_NODE_7_length_2358_cov_2.404376
      Realm: [Duplodnaviria] -> [空]
      Kingdom: [Heunggongvirae] -> [空]
      Phylum: [Uroviricota] -> [空]
  SRR15037505_clean_NODE_85_length_1536_cov_0.546138
      Species: [Betacytorhabdovirus lycii] -> [空]
  SRR15037506_clean_NODE_2_length_3018_cov_2.587097
      Realm: [Duplodnaviria] -> [空]
      Kingdom: [Heunggongvirae] -> [空]
      Phylum: [Uroviricota] -> [空]
  SRR15037506_clean_NODE_36_length_1771_cov_2.557715
      Family: [Mesomimiviridae] -> [空]
      Genus: [Tethysvirus] -> [空]
      Species: [Tethysvirus ontarioense] -> [空]
  SRR15037506_clean_NODE_437_length_969_cov_1.792411
      Genus: [Varicellovirus] -> [空]
      Species: [Pandoravirus macleodensis] -> [空]
  SRR15037506_clean_NODE_747_length_819_cov_0.591153
      Class: [Naldaviricetes] -> [空]
      Order: [Lefavirales] -> [空]
      Family: [Baculoviridae] -> [空]
      Genus: [Betabaculovirus] -> [空]
      Species: [Betabaculovirus sp.] -> [空]
  SRR15037506_clean_NODE_763_length_815_cov_0.475741
      Family: [Mimiviridae] -> [空]
      Genus: [Tupanvirus] -> [空]
      Species: [Tupanvirus salinum] -> [空]
  SRR15037506_clean_NODE_90_length_1426_cov_1.981523
      Order: [Imitervirales] -> [空]
  SRR15037506_clean_NODE_926_length_761_cov_0.992733
      Kingdom: [Shotokuvirae] -> [空]
      Phylum: [Cossaviricota] -> [空]
      Class: [Papovaviricetes] -> [空]
      Order: [Zurhausenvirales] -> [空]
      Family: [Papillomaviridae] -> [空]
      Genus: [Human papillomavirus] -> [空]
      Species: [Human papillomavirus types] -> [空]
  SRR17208219_clean_NODE_2691_length_639_cov_18.183746
      Species: [Megavirus baoshanense] -> [空]
  SRR17208219_clean_NODE_3828_length_554_cov_5.719335
      Species: [Terrestrivirus sp.] -> [空]
  SRR17208219_clean_NODE_661_length_1095_cov_1.037182
      Species: [Pseudovirus zeae] -> [空]
  SRR17208220_clean_NODE_575_length_1071_cov_6.004008
      Realm: [Duplodnaviria] -> [空]
      Kingdom: [Heunggongvirae] -> [空]
      Phylum: [Uroviricota] -> [空]
  SRR17208220_clean_NODE_9_length_4479_cov_5.940082
      Species: [Tupanvirus altamarinense] -> [空]
  SRR17208221_clean_NODE_337_length_1317_cov_2.421222
      Species: [Mimiviridae sp. ChoanoV1*] -> [空]
  SRR17208221_clean_NODE_59_length_2365_cov_31.421030
      Realm: [Duplodnaviria] -> [空]
      Kingdom: [Heunggongvirae] -> [空]
      Phylum: [Uroviricota] -> [空]
  SRR17208222_clean_NODE_577_length_1092_cov_7.710500
      Realm: [Varidnaviria] -> [空]
      Kingdom: [Bamfordvirae] -> [空]
      Phylum: [Nucleocytoviricota] -> [空]
      Species: [Theiavirus salishense] -> [空]
  SRR17208222_clean_NODE_580_length_1092_cov_2.144259
      Family: [Schizomimiviridae] -> [空]
      Genus: [Biavirus] -> [空]
      Species: [Biavirus raunefjordenense] -> [空]
  SRR17208223_clean_NODE_1110_length_881_cov_4.943069
      Species: [Megavirus baoshanense] -> [空]
  SRR17208223_clean_NODE_550_length_1149_cov_1.433086
      Species: [Badnavirus tessellopolysciatis] -> [空]
  SRR17208224_clean_NODE_129_length_1962_cov_3.205400
      Species: [Metavirus lilii] -> [空]
  SRR17208224_clean_NODE_3963_length_543_cov_1.604255
      Species: [Marseillevirus LCMAC101] -> [空]
  SRR17208224_clean_NODE_58_length_2560_cov_7.666265
      Family: [Pseudoviridae] -> [空]
      Genus: [Pseudovirus] -> [空]
      Species: [Pseudovirus evelknieveli] -> [空]
  SRR17208224_clean_NODE_774_length_1040_cov_2.522234
      Species: [Badnavirus tessellocitri] -> [空]
  SRR17208225_clean_NODE_1881_length_718_cov_0.953488
      Species: [Soymovirus maculaglycinis] -> [空]
  SRR17208225_clean_NODE_241_length_1502_cov_0.925822
      Realm: [Varidnaviria] -> [空]
      Kingdom: [Bamfordvirae] -> [空]
      Phylum: [Nucleocytoviricota] -> [空]
  SRR17208225_clean_NODE_2_length_9401_cov_4.117174
      Species: [Pseudovirus glycinis] -> [空]
  SRR17208226_clean_NODE_10_length_3886_cov_3.201154
      Species: [Metavirus lilii] -> [空]
  SRR17208227_clean_NODE_57_length_2264_cov_3.709265
      Species: [Biavirus raunefjordenense] -> [空]
  SRR17208228_clean_NODE_385_length_1143_cov_6.078505
      Species: [Soymovirus malvae] -> [空]
  SRR17208230_clean_NODE_13_length_3107_cov_5.063283
      Family: [Metaviridae] -> [空]
  SRR17208230_clean_NODE_2527_length_586_cov_0.481481
      Order: [Algavirales] -> [空]
      Species: [Dishui Lake phycodnavirus 3] -> [空]
  SRR17208230_clean_NODE_80_length_2079_cov_12.595713
      Species: [Gammacytorhabdovirus alphafraxini] -> [空]
  SRR17208233_clean_NODE_1769_length_655_cov_1.634021
      Species: [Dishui lake phycodnavirus 1] -> [空]
  SRR17208233_clean_NODE_2138_length_613_cov_1.140741
      Species: [Badnavirus maculapiperis] -> [空]
  SRR17208233_clean_NODE_457_length_1066_cov_2.628399
      Order: [Pimascovirales] -> [空]
  SRR18059512_clean_NODE_16_length_3487_cov_3.471880
      Realm: [Duplodnaviria] -> [空]
      Kingdom: [Heunggongvirae] -> [空]
      Phylum: [Uroviricota] -> [空]
  SRR18059512_clean_NODE_3042_length_731_cov_2.521277
      Phylum: [Uroviricota] -> [空]
  SRR18059512_clean_NODE_3764_length_669_cov_0.395973
      Realm: [Riboviria] -> [空]
      Kingdom: [Orthornavirae] -> [空]
      Phylum: [Negarnaviricota] -> [空]
      Class: [Bunyaviricetes] -> [空]
      Order: [Hareavirales] -> [空]
  SRR18059512_clean_NODE_57_length_2505_cov_3.605263
      Realm: [Varidnaviria] -> [空]
      Kingdom: [Bamfordvirae] -> [空]
      Phylum: [Nucleocytoviricota] -> [空]
      Class: [Megaviricetes] -> [空]
      Order: [Imitervirales] -> [空]
      Species: [Moumouvirus australiense] -> [空]
  SRR18059512_clean_NODE_834_length_1216_cov_0.734908
      Realm: [Varidnaviria] -> [空]
      Kingdom: [Bamfordvirae] -> [空]
      Phylum: [Nucleocytoviricota] -> [空]
      Class: [Megaviricetes] -> [空]
      Order: [Pimascovirales] -> [空]
      Family: [Iridoviridae] -> [空]
      Genus: [Lymphocystivirus] -> [空]
      Species: [Lymphocystivirus sparus1] -> [空]
  SRR18059512_clean_NODE_9_length_3643_cov_3.009244
      Species: [Chlorovirus americanus] -> [空]
  SRR18059513_clean_NODE_14_length_3598_cov_18.503262
      Species: [Tupanvirus salinum] -> [空]
  SRR18059513_clean_NODE_194_length_1699_cov_5.117466
      Species: [Mimiviridae sp. ChoanoV1*] -> [空]
  SRR21888382_clean_NODE_4_length_2122_cov_78.071254
      Order: [Imitervirales] -> [空]
  SRR21888384_clean_NODE_392_length_524_cov_0.824834
      Kingdom: [Pararnavirae] -> [空]
      Phylum: [Artverviricota] -> [空]
      Class: [Revtraviricetes] -> [空]
      Order: [Ortervirales] -> [空]
      Family: [Pseudoviridae] -> [空]
      Genus: [Sirevirus] -> [空]
      Species: [Sirevirus maydis] -> [空]
  SRR21888388_clean_NODE_39_length_690_cov_0.560778
      Kingdom: [Pararnavirae] -> [空]
      Phylum: [Artverviricota] -> [空]
      Class: [Revtraviricetes] -> [空]
      Order: [Ortervirales] -> [空]
      Family: [Pseudoviridae] -> [空]
      Genus: [Sirevirus] -> [空]
      Species: [Sirevirus zeae] -> [空]
  SRR21888390_clean_NODE_120_length_1442_cov_1.448503
      Species: [Alphahydrivirus permafrostis] -> [空]
  SRR21888390_clean_NODE_14_length_2132_cov_13.087907
      Order: [Imitervirales] -> [空]
      Family: [Mesomimiviridae] -> [空]
  SRR21888390_clean_NODE_23_length_1865_cov_6.607701
      Order: [Imitervirales] -> [空]
  SRR21888390_clean_NODE_2536_length_638_cov_1.460177
      Species: [Tupanvirus altamarinense] -> [空]
  SRR21888390_clean_NODE_2873_length_611_cov_3.462825
      Genus: [Bracoviriform] -> [空]
  SRR21888390_clean_NODE_2_length_3285_cov_4.956102
      Species: [carnivorous sponge associated iridovirus] -> [空]
  SRR21888390_clean_NODE_41_length_1727_cov_4.530230
      Class: [Naldaviricetes] -> [空]
      Order: [Lefavirales] -> [空]
      Family: [Nudiviridae] -> [空]
      Genus: [Betanudivirus] -> [空]
      Species: [Betanudivirus hezeae] -> [空]
  SRR21888391_clean_NODE_115_length_1446_cov_1.424618
      Realm: [Riboviria] -> [空]
      Kingdom: [Orthornavirae] -> [空]
      Phylum: [Negarnaviricota] -> [空]
      Class: [Monjiviricetes] -> [空]
      Order: [Mononegavirales] -> [空]
      Family: [Rhabdoviridae] -> [空]
      Genus: [Alphaplatrhavirus] -> [空]
      Species: [Alphaplatrhavirus pseudoglobulus] -> [空]
  SRR21888391_clean_NODE_11_length_2421_cov_4.867973
      Family: [Mesomimiviridae] -> [空]
      Genus: [Tethysvirus] -> [空]
      Species: [Tethysvirus ontarioense] -> [空]
  SRR21888391_clean_NODE_3446_length_576_cov_3.161034
      Class: [Pokkesviricetes] -> [空]
      Order: [Chitovirales] -> [空]
      Family: [Poxviridae] -> [空]
      Genus: [Parapoxvirus] -> [空]
      Species: [Parapoxvirus sealpox] -> [空]
  SRR21888391_clean_NODE_44_length_1812_cov_6.336400
      Order: [Imitervirales] -> [空]
  SRR21888391_clean_NODE_4515_length_519_cov_97.569507
      Phylum: [Lenarviricota] -> [空]
      Class: [Leviviricetes] -> [空]
  SRR21888392_clean_NODE_1859_length_535_cov_0.357143
      Order: [Algavirales] -> [空]
  SRR21888393_clean_NODE_223_length_952_cov_1.127418
      Genus: [Theiavirus] -> [空]
      Species: [Theiavirus salishense] -> [空]
  SRR21888396_clean_NODE_636_length_500_cov_0.988290
      Species: [Sirevirus zeae] -> [空]
  SRR22330847_clean_NODE_5_length_2760_cov_2.762560
      Realm: [Riboviria] -> [空]
      Kingdom: [Pararnavirae] -> [空]
      Phylum: [Artverviricota] -> [空]
      Class: [Revtraviricetes] -> [空]
      Order: [Ortervirales] -> [空]
      Family: [Metaviridae] -> [空]
      Genus: [Metavirus] -> [空]
      Species: [Metavirus tatarabidopsis] -> [空]
  SRR22330848_clean_NODE_14_length_2176_cov_1.653352
      Order: [Imitervirales] -> [空]
      Family: [Schizomimiviridae] -> [空]
  SRR22330848_clean_NODE_282_length_798_cov_0.948966
      Phylum: [Pisuviricota] -> [空]
      Class: [Duplopiviricetes] -> [空]
      Order: [Durnavirales] -> [空]
      Family: [Picobirnaviridae] -> [空]
      Species: [Qianjiang picobirna-like virus 2] -> [空]
  SRR22330848_clean_NODE_46_length_1491_cov_2.421016
      Order: [Imitervirales] -> [空]
      Family: [Mesomimiviridae] -> [空]
      Genus: [Tethysvirus] -> [空]
      Species: [Tethysvirus raunefjordenense] -> [空]
  SRR22330853_clean_NODE_239_length_675_cov_1.079734
      Kingdom: [Shotokuvirae] -> [空]
      Phylum: [Cossaviricota] -> [空]
      Class: [Papovaviricetes] -> [空]
      Order: [Zurhausenvirales] -> [空]
      Species: [Human papillomavirus types] -> [空]
  SRR22330854_clean_NODE_347_length_619_cov_1.399267
      Order: [Imitervirales] -> [空]
  SRR22742698_clean_NODE_106_length_3051_cov_11.358630
      Species: [Alphahydrivirus permafrostis] -> [空]
  SRR22742698_clean_NODE_1118_length_1619_cov_1.418499
      Phylum: [Nucleocytoviricota] -> [空]
      Class: [Megaviricetes] -> [空]
      Order: [Imitervirales] -> [空]
  SRR22742698_clean_NODE_1146_length_1604_cov_1.834095
      Species: [Kratosvirus quantuckense] -> [空]
  SRR22742698_clean_NODE_1464_length_1460_cov_3.004326
      Realm: [Duplodnaviria] -> [空]
      Kingdom: [Heunggongvirae] -> [空]
      Phylum: [Uroviricota] -> [空]
      Genus: [Cotonvirus] -> [空]
      Species: [Cotonvirus japonicum] -> [空]
  SRR22742698_clean_NODE_167_length_2723_cov_2.735094
      Species: [Hokovirus HKV1*] -> [空]
  SRR22742698_clean_NODE_16_length_4773_cov_39.116809
      Species: [Pseudovirus zeae] -> [空]
  SRR22742698_clean_NODE_17_length_4679_cov_3.103778
      Species: [Homavirus sp.] -> [空]
  SRR22742698_clean_NODE_181_length_2685_cov_2.018760
      Species: [Mimiviridae sp. ChoanoV1*] -> [空]
  SRR22742698_clean_NODE_246_length_2502_cov_1.733635
      Realm: [Duplodnaviria] -> [空]
      Kingdom: [Heunggongvirae] -> [空]
      Phylum: [Uroviricota] -> [空]
  SRR22742698_clean_NODE_256_length_2486_cov_4.010361
      Phylum: [Nucleocytoviricota] -> [空]
      Class: [Megaviricetes] -> [空]
      Order: [Imitervirales] -> [空]
      Species: [Moumouvirus australiense] -> [空]
  SRR22742698_clean_NODE_286_length_2423_cov_3.048936
      Phylum: [Nucleocytoviricota] -> [空]
      Class: [Megaviricetes] -> [空]
      Order: [Imitervirales] -> [空]
      Species: [Moumouvirus australiense] -> [空]
  SRR22742698_clean_NODE_28_length_4028_cov_4.155499
      Realm: [Varidnaviria] -> [空]
      Kingdom: [Bamfordvirae] -> [空]
      Phylum: [Nucleocytoviricota] -> [空]
  SRR22742698_clean_NODE_290_length_2418_cov_2.277186
      Species: [Tupanvirus salinum] -> [空]
  SRR22742698_clean_NODE_320_length_2348_cov_22.021538
      Order: [Algavirales] -> [空]
      Family: [Phycodnaviridae] -> [空]
  SRR22742698_clean_NODE_351_length_2304_cov_2.368445
      Realm: [Duplodnaviria] -> [空]
      Kingdom: [Heunggongvirae] -> [空]
      Phylum: [Uroviricota] -> [空]
      Species: [Fowlmouthvirus fowlmouth] -> [空]
  SRR22742698_clean_NODE_379_length_2257_cov_9.561355
      Order: [Imitervirales] -> [空]
      Species: [Tethysvirus raunefjordenense] -> [空]
  SRR22742698_clean_NODE_39_length_3785_cov_2.342942
      Species: [Hokovirus HKV1*] -> [空]
  SRR22742698_clean_NODE_4521_length_824_cov_1.434088
      Order: [Imitervirales] -> [空]
  SRR22742698_clean_NODE_459_length_2137_cov_1.868702
      Realm: [Duplodnaviria] -> [空]
      Kingdom: [Heunggongvirae] -> [空]
      Phylum: [Uroviricota] -> [空]
      Species: [Theiavirus salishense*] -> [空]
  SRR22742698_clean_NODE_490_length_2095_cov_3.315529
      Species: [Fadolivirus algeromassiliense] -> [空]
  SRR22742698_clean_NODE_522_length_2056_cov_2.365608
      Species: [Mimivirus lagoaense] -> [空]
  SRR22742698_clean_NODE_59_length_3420_cov_3.307439
      Species: [Chlorovirus americanus] -> [空]
  SRR22742698_clean_NODE_6537_length_655_cov_1.082474
      Species: [Tethysvirus ontarioense] -> [空]
  SRR22742698_clean_NODE_744_length_1866_cov_9.309537
      Species: [Mavirus cafeteriae*] -> [空]
  SRR22742698_clean_NODE_761_length_1851_cov_2.513498
      Species: [Chlorovirus conductrix] -> [空]
  SRR22742698_clean_NODE_81_length_3236_cov_2.904205
      Species: [Hokovirus HKV1*] -> [空]
  SRR22742698_clean_NODE_878_length_1766_cov_1.479622
      Species: [Indivirus ILV1*] -> [空]
  SRR22742698_clean_NODE_88_length_3171_cov_2.294383
      Realm: [Varidnaviria] -> [空]
      Kingdom: [Bamfordvirae] -> [空]
      Phylum: [Nucleocytoviricota] -> [空]
      Family: [Schizomimiviridae] -> [空]
      Genus: [Biavirus] -> [空]
      Species: [Biavirus raunefjordenense] -> [空]
  SRR22742700_clean_NODE_1023_length_662_cov_0.286927
      Order: [Pimascovirales] -> [空]
      Family: [Hydriviridae] -> [空]
      Genus: [Alphahydrivirus] -> [空]
      Species: [Alphahydrivirus permafrostis] -> [空]
  SRR22742700_clean_NODE_38_length_2138_cov_0.429540
      Realm: [Duplodnaviria] -> [空]
      Kingdom: [Heunggongvirae] -> [空]
      Phylum: [Uroviricota] -> [空]
      Genus: [Tupanvirus] -> [空]
      Species: [Spinunavirus IPP61] -> [空]
  SRR22742700_clean_NODE_78_length_1736_cov_0.344558
      Genus: [Fadolivirus] -> [空]
      Species: [Fadolivirus algeromassiliense] -> [空]
  SRR22742702_clean_NODE_1091_length_2743_cov_12.747940
      Species: [Pithovirus LCPAC202] -> [空]
  SRR22742702_clean_NODE_11629_length_798_cov_0.768276
      Species: [Indivirus ILV1*] -> [空]
  SRR22742702_clean_NODE_12496_length_745_cov_26.312500
      Genus: [Bracoviriform] -> [空]
  SRR22742702_clean_NODE_2008_length_2214_cov_85.470808
      Species: [Satyrvirus sp.*] -> [空]
  SRR22742702_clean_NODE_202_length_4255_cov_11.172884
      Realm: [Varidnaviria] -> [空]
      Kingdom: [Bamfordvirae] -> [空]
      Phylum: [Nucleocytoviricota] -> [空]
      Class: [Megaviricetes] -> [空]
      Order: [Imitervirales] -> [空]
      Family: [Mimiviridae] -> [空]
  SRR22742702_clean_NODE_223_length_4172_cov_8.643816
      Realm: [Riboviria] -> [空]
      Kingdom: [Pararnavirae] -> [空]
      Phylum: [Artverviricota] -> [空]
      Class: [Revtraviricetes] -> [空]
      Order: [Ortervirales] -> [空]
      Genus: [Metavirus] -> [空]
      Species: [Metavirus tatarabidopsis] -> [空]
  SRR22742702_clean_NODE_227_length_4160_cov_3.709078
      Genus: [Cotonvirus] -> [空]
      Species: [Cotonvirus japonicum] -> [空]
  SRR22742702_clean_NODE_2425_length_2054_cov_5.000000
      Realm: [Riboviria] -> [空]
      Kingdom: [Orthornavirae] -> [空]
      Phylum: [Pisuviricota] -> [空]
      Class: [Pisoniviricetes] -> [空]
      Species: [Apis mellifra filamentous-like virus] -> [空]
  SRR22742702_clean_NODE_2541_length_2018_cov_2.648329
      Species: [Tupanvirus altamarinense] -> [空]
  SRR22742702_clean_NODE_254_length_4056_cov_15.205373
      Genus: [Biavirus] -> [空]
      Species: [Biavirus raunefjordenense] -> [空]
  SRR22742702_clean_NODE_2764_length_1950_cov_9.894513
      Order: [Pimascovirales] -> [空]
      Family: [Hydriviridae] -> [空]
      Genus: [Alphahydrivirus] -> [空]
      Species: [Alphahydrivirus permafrostis] -> [空]
  SRR22742702_clean_NODE_2821_length_1935_cov_3.377551
      Species: [Rheavirus sinusmexicani] -> [空]
  SRR22742702_clean_NODE_3171_length_1843_cov_4.358757
      Species: [Satyrvirus sp.*] -> [空]
  SRR22742702_clean_NODE_3342_length_1797_cov_2.571346
      Species: [Chlorovirus americanus] -> [空]
  SRR22742702_clean_NODE_3807_length_1683_cov_4.787578
      Species: [Sophritavirus sophrita] -> [空]
  SRR22742702_clean_NODE_4435_length_1556_cov_21.674983
      Realm: [Duplodnaviria] -> [空]
      Kingdom: [Heunggongvirae] -> [空]
      Phylum: [Peploviricota] -> [空]
      Class: [Herviviricetes] -> [空]
  SRR22742702_clean_NODE_526_length_3389_cov_2.301870
      Realm: [Varidnaviria] -> [空]
      Kingdom: [Bamfordvirae] -> [空]
      Phylum: [Nucleocytoviricota] -> [空]
      Class: [Megaviricetes] -> [空]
      Order: [Imitervirales] -> [空]
  SRR22742702_clean_NODE_5306_length_1411_cov_2.490284
      Order: [Imitervirales] -> [空]
      Family: [Mimiviridae] -> [空]
      Genus: [Tupanvirus] -> [空]
      Species: [Tupanvirus salinum] -> [空]
  SRR22742702_clean_NODE_571_length_3317_cov_7.988903
      Class: [Pokkesviricetes] -> [空]
      Order: [Chitovirales] -> [空]
      Family: [Poxviridae] -> [空]
      Species: [Finch poxvirus] -> [空]
  SRR22742702_clean_NODE_5744_length_1347_cov_18.894035
      Realm: [Duplodnaviria] -> [空]
      Kingdom: [Heunggongvirae] -> [空]
      Phylum: [Uroviricota] -> [空]
      Class: [Naldaviricetes] -> [空]
      Order: [Lefavirales] -> [空]
      Species: [Betabaculovirus helarmigerae] -> [空]
  SRR22742702_clean_NODE_594_length_3288_cov_4.798756
      Species: [Rheavirus sinusmexicani*] -> [空]
  SRR22742702_clean_NODE_59_length_5517_cov_23.936811_self_circular
      Realm: [Riboviria] -> [空]
      Kingdom: [Pararnavirae] -> [空]
      Phylum: [Artverviricota] -> [空]
      Class: [Revtraviricetes] -> [空]
      Order: [Ortervirales] -> [空]
      Family: [Pseudoviridae] -> [空]
      Genus: [Pseudovirus] -> [空]
      Species: [Pseudovirus tabaci] -> [空]
  SRR22742702_clean_NODE_5_length_8017_cov_44.291163
      Species: [Metavirus sushii] -> [空]
  SRR22742702_clean_NODE_677_length_3186_cov_4.003855
      Phylum: [Uroviricota] -> [空]
      Family: [Zimmerviridae] -> [空]
      Genus: [Lambdavirus] -> [空]
      Species: [Lambdavirus DE3] -> [空]
  SRR22742702_clean_NODE_73_length_5362_cov_67.209113
      Phylum: [Duplornaviricota] -> [空]
  SRR22742702_clean_NODE_78_length_5257_cov_7.073302
      Realm: [Varidnaviria] -> [空]
      Kingdom: [Bamfordvirae] -> [空]
      Phylum: [Nucleocytoviricota] -> [空]
      Class: [Megaviricetes] -> [空]
      Order: [Imitervirales] -> [空]
      Family: [Mimiviridae] -> [空]
      Genus: [Tupanvirus] -> [空]
  SRR22742702_clean_NODE_8178_length_1063_cov_0.720202
      Species: [Pseudovirus hordei] -> [空]
  SRR22742702_clean_NODE_83_length_5203_cov_11.093372
      Species: [Fadolivirus algeromassiliense] -> [空]
  SRR22742702_clean_NODE_8448_length_1038_cov_0.805181
      Species: [Mavirus cafeteriae*] -> [空]
  SRR22742702_clean_NODE_854_length_2968_cov_14.318826
      Realm: [Duplodnaviria] -> [空]
      Kingdom: [Heunggongvirae] -> [空]
      Phylum: [Peploviricota] -> [空]
      Class: [Herviviricetes] -> [空]
      Order: [Herpesvirales] -> [空]
  SRR22742702_clean_NODE_872_length_2956_cov_6.604232
      Order: [Imitervirales] -> [空]
      Family: [Mimiviridae] -> [空]
      Genus: [Tupanvirus] -> [空]
      Species: [Tupanvirus salinum] -> [空]
  SRR22742702_clean_NODE_926_length_2897_cov_3.540014
      Realm: [Varidnaviria] -> [空]
      Kingdom: [Bamfordvirae] -> [空]
      Phylum: [Nucleocytoviricota] -> [空]
      Class: [Megaviricetes] -> [空]
      Order: [Imitervirales] -> [空]
      Family: [Schizomimiviridae] -> [空]
      Genus: [Biavirus] -> [空]
      Species: [Biavirus raunefjordenense] -> [空]
  SRR22742703_clean_NODE_1045_length_3079_cov_12.753493
      Realm: [Duplodnaviria] -> [空]
      Kingdom: [Heunggongvirae] -> [空]
      Phylum: [Uroviricota] -> [空]
  SRR22742703_clean_NODE_1068_length_3060_cov_25.936056
      Genus: [Moumouvirus] -> [空]
      Species: [Moumouvirus goulettemassiliense] -> [空]
  SRR22742703_clean_NODE_10711_length_898_cov_2.175758
      Order: [Pimascovirales] -> [空]
  SRR22742703_clean_NODE_1086_length_3044_cov_27.297543
      Kingdom: [Bamfordvirae] -> [空]
      Phylum: [Nucleocytoviricota] -> [空]
      Class: [Megaviricetes] -> [空]
      Order: [Imitervirales] -> [空]
      Family: [Mimiviridae] -> [空]
      Genus: [Fadolivirus] -> [空]
      Species: [Fadolivirus algeromassiliense] -> [空]
  SRR22742703_clean_NODE_1116_length_3019_cov_27.431432
      Species: [Klosneuvirus KNV1*] -> [空]
  SRR22742703_clean_NODE_1146_length_2989_cov_22.493141
      Species: [Alphaorpheovirus massiliense] -> [空]
  SRR22742703_clean_NODE_1171_length_2961_cov_1.413435
      Order: [Imitervirales] -> [空]
  SRR22742703_clean_NODE_1202_length_2928_cov_9.300525
      Species: [Tupanvirus salinum] -> [空]
  SRR22742703_clean_NODE_1206_length_2925_cov_5.209327
      Order: [Pimascovirales] -> [空]
      Family: [Hydriviridae] -> [空]
      Genus: [Alphahydrivirus] -> [空]
      Species: [Alphahydrivirus permafrostis] -> [空]
  SRR22742703_clean_NODE_1360_length_2825_cov_26.298692
      Species: [Berere partitivirus] -> [空]
  SRR22742703_clean_NODE_1403_length_2793_cov_7.624632
      Order: [Algavirales] -> [空]
      Species: [Phaeovirus unasiliculosus] -> [空]
  SRR22742703_clean_NODE_1407_length_2790_cov_9.050423
      Genus: [Tupanvirus] -> [空]
      Species: [Tupanvirus salinum] -> [空]
  SRR22742703_clean_NODE_141_length_5151_cov_43.517330
      Realm: [Duplodnaviria] -> [空]
      Kingdom: [Heunggongvirae] -> [空]
      Phylum: [Uroviricota] -> [空]
      Species: [Indivirus ILV1*] -> [空]
  SRR22742703_clean_NODE_1436_length_2767_cov_13.259094
      Kingdom: [Heunggongvirae] -> [空]
      Phylum: [Uroviricota] -> [空]
  SRR22742703_clean_NODE_1502_length_2730_cov_19.231840
      Realm: [Varidnaviria] -> [空]
      Kingdom: [Bamfordvirae] -> [空]
      Phylum: [Nucleocytoviricota] -> [空]
      Class: [Megaviricetes] -> [空]
      Order: [Imitervirales] -> [空]
  SRR22742703_clean_NODE_1519_length_2713_cov_2.523106
      Realm: [Varidnaviria] -> [空]
      Kingdom: [Bamfordvirae] -> [空]
      Phylum: [Nucleocytoviricota] -> [空]
      Class: [Megaviricetes] -> [空]
      Order: [Algavirales] -> [空]
      Family: [Phycodnaviridae] -> [空]
      Genus: [Prasinovirus] -> [空]
      Species: [Prasinovirus micromonas] -> [空]
  SRR22742703_clean_NODE_1520_length_2711_cov_25.904094
      Realm: [Varidnaviria] -> [空]
      Kingdom: [Bamfordvirae] -> [空]
      Phylum: [Nucleocytoviricota] -> [空]
  SRR22742703_clean_NODE_1574_length_2679_cov_5.125863
      Species: [Cotonvirus japonicum] -> [空]
  SRR22742703_clean_NODE_16171_length_573_cov_1.014000
      Class: [Megaviricetes] -> [空]
  SRR22742703_clean_NODE_162_length_5014_cov_8.438980
      Species: [Klosneuvirus KNV1*] -> [空]
  SRR22742703_clean_NODE_1695_length_2612_cov_16.105947
      Species: [Coccolithovirus huxleyi] -> [空]
  SRR22742703_clean_NODE_1883_length_2513_cov_4.594262
      Class: [Naldaviricetes] -> [空]
      Order: [Lefavirales] -> [空]
      Family: [Baculoviridae] -> [空]
  SRR22742703_clean_NODE_189_length_4831_cov_33.170870
      Species: [Alphacedratvirus brasiliense] -> [空]
  SRR22742703_clean_NODE_193_length_4810_cov_18.252058
      Species: [Tupanvirus altamarinense] -> [空]
  SRR22742703_clean_NODE_1974_length_2468_cov_10.780793
      Realm: [Varidnaviria] -> [空]
      Kingdom: [Bamfordvirae] -> [空]
      Phylum: [Nucleocytoviricota] -> [空]
      Class: [Megaviricetes] -> [空]
      Order: [Algavirales] -> [空]
      Family: [Phycodnaviridae] -> [空]
  SRR22742703_clean_NODE_1976_length_2466_cov_15.347263
      Genus: [Patagivirus] -> [空]
      Species: [Patagivirus vespertilionidgamma3] -> [空]
  SRR22742703_clean_NODE_1998_length_2457_cov_18.674077
      Family: [Mimiviridae] -> [空]
  SRR22742703_clean_NODE_2048_length_2431_cov_84.212468
      Phylum: [Nucleocytoviricota] -> [空]
      Class: [Megaviricetes] -> [空]
  SRR22742703_clean_NODE_2218_length_2356_cov_12.987735
      Species: [Alphapithovirus sibericum] -> [空]
  SRR22742703_clean_NODE_2236_length_2345_cov_79.111796
      Species: [Tethysvirus raunefjordenense] -> [空]
  SRR22742703_clean_NODE_22_length_6918_cov_58.942586
      Species: [Metavirus osvaldi] -> [空]
  SRR22742703_clean_NODE_2318_length_2312_cov_195.627066
      Species: [Alphahydrivirus permafrostis] -> [空]
  SRR22742703_clean_NODE_247_length_4574_cov_27.909353
      Phylum: [Uroviricota] -> [空]
      Class: [Caudoviricetes] -> [空]
      Order: [Pantevenvirales] -> [空]
      Family: [Kyanoviridae] -> [空]
      Genus: [Serangoonvirus] -> [空]
      Species: [Serangoonvirus essarone] -> [空]
  SRR22742703_clean_NODE_2525_length_2232_cov_9.796202
      Phylum: [Nucleocytoviricota] -> [空]
      Class: [Megaviricetes] -> [空]
      Order: [Imitervirales] -> [空]
  SRR22742703_clean_NODE_262_length_4515_cov_26.957226
      Species: [Biavirus raunefjordenense] -> [空]
  SRR22742703_clean_NODE_2778_length_2144_cov_9.179623
      Genus: [Fadolivirus] -> [空]
      Species: [Fadolivirus algeromassiliense] -> [空]
  SRR22742703_clean_NODE_2845_length_2123_cov_17.816098
      Species: [Kratosvirus quantuckense] -> [空]
  SRR22742703_clean_NODE_28_length_6614_cov_11.073689
      Class: [Naldaviricetes] -> [空]
      Order: [Lefavirales] -> [空]
  SRR22742703_clean_NODE_2920_length_2098_cov_65.883951
      Species: [Mavirus cafeteriae*] -> [空]
  SRR22742703_clean_NODE_3014_length_2071_cov_8.058058
      Species: [Tupanvirus altamarinense] -> [空]
  SRR22742703_clean_NODE_3089_length_2049_cov_14.607794
      Realm: [Duplodnaviria] -> [空]
      Order: [Rowavirales] -> [空]
      Genus: [Cotonvirus] -> [空]
      Species: [Donellivirus gee] -> [空]
  SRR22742703_clean_NODE_314_length_4300_cov_4.007807
      Realm: [Varidnaviria] -> [空]
      Kingdom: [Bamfordvirae] -> [空]
      Phylum: [Nucleocytoviricota] -> [空]
  SRR22742703_clean_NODE_3155_length_2025_cov_17.957992
      Order: [Pimascovirales] -> [空]
  SRR22742703_clean_NODE_320_length_4281_cov_33.156844
      Genus: [Alphacedratvirus] -> [空]
      Species: [Alphacedratvirus francolausannense] -> [空]
  SRR22742703_clean_NODE_3212_length_2010_cov_21.173464
      Genus: [Fadolivirus] -> [空]
      Species: [Fadolivirus algeromassiliense] -> [空]
  SRR22742703_clean_NODE_3265_length_1991_cov_10.118874
      Realm: [Varidnaviria] -> [空]
      Kingdom: [Bamfordvirae] -> [空]
      Phylum: [Nucleocytoviricota] -> [空]
      Species: [Tupanvirus altamarinense] -> [空]
  SRR22742703_clean_NODE_328_length_4242_cov_15.462461
      Order: [Algavirales] -> [空]
      Species: [Phaeovirus unasiliculosus] -> [空]
  SRR22742703_clean_NODE_3290_length_1984_cov_29.678702
      Species: [Klosneuvirus KNV1*] -> [空]
  SRR22742703_clean_NODE_3559_length_1914_cov_2.489408
      Realm: [Varidnaviria] -> [空]
      Kingdom: [Bamfordvirae] -> [空]
      Phylum: [Nucleocytoviricota] -> [空]
  SRR22742703_clean_NODE_367_length_4148_cov_23.875337
      Realm: [Duplodnaviria] -> [空]
      Kingdom: [Heunggongvirae] -> [空]
      Species: [Betabaculovirus cypomonellae] -> [空]
  SRR22742703_clean_NODE_379_length_4121_cov_273.851532
      Realm: [Varidnaviria] -> [空]
      Kingdom: [Bamfordvirae] -> [空]
      Phylum: [Nucleocytoviricota] -> [空]
      Species: [Moumouvirus moumou] -> [空]
  SRR22742703_clean_NODE_38_length_6236_cov_13.762778
      Species: [Pseudovirus unisaccharomycetis] -> [空]
  SRR22742703_clean_NODE_3929_length_1828_cov_13.403419
      Genus: [Fadolivirus] -> [空]
      Species: [Fadolivirus algeromassiliense] -> [空]
  SRR22742703_clean_NODE_3937_length_1827_cov_7.848917
      Species: [Hokovirus HKV1*] -> [空]
  SRR22742703_clean_NODE_394_length_4077_cov_4.729770
      Class: [Pokkesviricetes] -> [空]
      Order: [Chitovirales] -> [空]
      Family: [Poxviridae] -> [空]
  SRR22742703_clean_NODE_42_length_6121_cov_23.968254
      Kingdom: [Shotokuvirae] -> [空]
      Phylum: [Commensaviricota] -> [空]
      Class: [Cardeaviricetes] -> [空]
      Order: [Sanitavirales] -> [空]
      Family: [Anelloviridae] -> [空]
  SRR22742703_clean_NODE_43_length_6110_cov_12.071062
      Species: [Criusvirus kaneoense*] -> [空]
  SRR22742703_clean_NODE_4435_length_1714_cov_10.607556
      Realm: [Varidnaviria] -> [空]
      Kingdom: [Bamfordvirae] -> [空]
      Phylum: [Nucleocytoviricota] -> [空]
  SRR22742703_clean_NODE_4608_length_1679_cov_16.397883
      Species: [Rheavirus sinusmexicani] -> [空]
  SRR22742703_clean_NODE_4680_length_1666_cov_5.200879
      Realm: [Duplodnaviria] -> [空]
      Kingdom: [Heunggongvirae] -> [空]
      Phylum: [Peploviricota] -> [空]
      Class: [Herviviricetes] -> [空]
      Species: [Aurivirus haliotidmalaco1] -> [空]
  SRR22742703_clean_NODE_477_length_3886_cov_34.683189
      Class: [Pokkesviricetes] -> [空]
      Order: [Chitovirales] -> [空]
      Family: [Poxviridae] -> [空]
      Genus: [Betaentomopoxvirus] -> [空]
      Species: [Betaentomopoxvirus crosaceana] -> [空]
  SRR22742703_clean_NODE_533_length_3752_cov_18.142430
      Species: [Tethysvirus raunefjordenense] -> [空]
  SRR22742703_clean_NODE_537_length_3746_cov_210.882657
      Species: [Cytomegalovirus mandrillinebeta1] -> [空]
  SRR22742703_clean_NODE_5523_length_1509_cov_1.417131
      Species: [Metavirus unischizosaccharomycetis] -> [空]
  SRR22742703_clean_NODE_58_length_5894_cov_76.777358
      Phylum: [Nucleocytoviricota] -> [空]
      Class: [Megaviricetes] -> [空]
      Order: [Imitervirales] -> [空]
      Family: [Mimiviridae] -> [空]
  SRR22742703_clean_NODE_6040_length_1426_cov_14.637103
      Species: [Mimiviridae sp. ChoanoV1*] -> [空]
  SRR22742703_clean_NODE_607_length_3630_cov_9.358729
      Realm: [Varidnaviria] -> [空]
      Kingdom: [Bamfordvirae] -> [空]
      Phylum: [Nucleocytoviricota] -> [空]
  SRR22742703_clean_NODE_611_length_3625_cov_16.990146
      Order: [Imitervirales] -> [空]
  SRR22742703_clean_NODE_659_length_3562_cov_9.868730
      Species: [Alphabaculovirus oxochraceae] -> [空]
  SRR22742703_clean_NODE_67_length_5756_cov_524.732712
      Species: [Pseudovirus nicotianae] -> [空]
  SRR22742703_clean_NODE_725_length_3456_cov_2.660361
      Phylum: [Nucleocytoviricota] -> [空]
      Class: [Megaviricetes] -> [空]
      Order: [Imitervirales] -> [空]
      Family: [Mimiviridae] -> [空]
  SRR22742703_clean_NODE_738_length_3438_cov_8.564933
      Realm: [Duplodnaviria] -> [空]
      Kingdom: [Heunggongvirae] -> [空]
      Phylum: [Uroviricota] -> [空]
  SRR22742703_clean_NODE_7405_length_1233_cov_2.134483
      Class: [Megaviricetes] -> [空]
      Order: [Pimascovirales] -> [空]
      Family: [Marseilleviridae] -> [空]
      Genus: [Marseillevirus] -> [Parapoxvirus]
      Species: [空] -> [Parapoxvirus reddeerpox]
  SRR22742703_clean_NODE_771_length_3403_cov_9.513814
      Realm: [Duplodnaviria] -> [空]
      Kingdom: [Heunggongvirae] -> [空]
      Phylum: [Uroviricota] -> [空]
      Species: [Plotvirus plot] -> [空]
  SRR22742703_clean_NODE_79_length_5658_cov_7.249060
      Species: [Pseudovirus nicotianae] -> [空]
  SRR22742703_clean_NODE_8001_length_1158_cov_1.670046
      Class: [Pokkesviricetes] -> [空]
      Order: [Chitovirales] -> [空]
      Species: [Teiidae poxvirus 1] -> [空]
  SRR22742703_clean_NODE_823_length_3336_cov_17.824088
      Class: [Naldaviricetes] -> [空]
      Order: [Lefavirales] -> [空]
      Family: [Nudiviridae] -> [空]
      Genus: [Betanudivirus] -> [空]
      Species: [Betanudivirus hezeae] -> [空]
  SRR22742703_clean_NODE_829_length_3328_cov_5.475269
      Species: [Mimivirus lagoaense] -> [空]
  SRR22742703_clean_NODE_860_length_3295_cov_32.713222
      Realm: [Duplodnaviria] -> [空]
      Kingdom: [Heunggongvirae] -> [空]
      Phylum: [Uroviricota] -> [空]
  SRR22742703_clean_NODE_913_length_3226_cov_14.308278
      Realm: [Duplodnaviria] -> [空]
      Kingdom: [Heunggongvirae] -> [空]
      Phylum: [Uroviricota] -> [空]
  SRR22742703_clean_NODE_9179_length_1032_cov_6.700730
      Species: [Homavirus sp.] -> [空]
  SRR22742703_clean_NODE_919_length_3220_cov_5.323165
      Family: [Schizomimiviridae] -> [空]
  SRR22742703_clean_NODE_921_length_3218_cov_17.383466
      Class: [Herviviricetes] -> [空]
      Order: [Herpesvirales] -> [空]
  SRR22742703_clean_NODE_931_length_3210_cov_55.014345
      Realm: [Duplodnaviria] -> [空]
      Kingdom: [Heunggongvirae] -> [空]
      Phylum: [Uroviricota] -> [空]
  SRR22742703_clean_NODE_976_length_3161_cov_13.437824
      Species: [Mimiviridae sp. ChoanoV1*] -> [空]
  SRR22742703_clean_NODE_980_length_3155_cov_20.995782
      Species: [Coccolithovirus huxleyi] -> [空]
  SRR22742703_clean_NODE_998_length_3131_cov_8.394048
      Species: [Chlorovirus conductrix] -> [空]
  SRR22742705_clean_NODE_18_length_2391_cov_0.384814
      Realm: [Duplodnaviria] -> [空]
      Kingdom: [Heunggongvirae] -> [空]
      Phylum: [Uroviricota] -> [空]
      Genus: [Tupanvirus] -> [空]
      Species: [Spinunavirus IPP61] -> [空]
  SRR22742705_clean_NODE_6_length_3266_cov_6.930786
      Family: [Pseudoviridae] -> [空]
      Genus: [Pseudovirus] -> [空]
      Species: [Pseudovirus brassicae] -> [空]
  SRR22742705_clean_NODE_70_length_1778_cov_0.501466
      Species: [Pseudovirus hordei] -> [空]
  SRR22742705_clean_NODE_94_length_1594_cov_0.552268
      Species: [Mavirus cafeteriae*] -> [空]
  SRR23107135_clean_NODE_10043_length_1621_cov_3.413437
      Order: [Algavirales] -> [空]
      Species: [Phaeovirus unasiliculosus] -> [空]
  SRR23107135_clean_NODE_1024_length_3322_cov_8.149584
      Order: [Algavirales] -> [空]
      Family: [Phycodnaviridae] -> [空]
      Genus: [Chlorovirus] -> [空]
      Species: [Chlorovirus conductrix] -> [空]
  SRR23107135_clean_NODE_10268_length_1606_cov_2.750163
      Genus: [Fadolivirus] -> [空]
      Species: [Fadolivirus algeromassiliense] -> [空]
  SRR23107135_clean_NODE_1029_length_3319_cov_3.209181
      Family: [Schizomimiviridae] -> [空]
  SRR23107135_clean_NODE_10456_length_1593_cov_65.421711
      Species: [Hokovirus HKV1*] -> [空]
  SRR23107135_clean_NODE_10582_length_1586_cov_2.789822
      Genus: [Tupanvirus] -> [空]
      Species: [Tupanvirus salinum] -> [空]
  SRR23107135_clean_NODE_1082_length_3280_cov_2.659495
      Species: [Chlorovirus conductrix] -> [空]
  SRR23107135_clean_NODE_11137_length_1553_cov_17.845946
      Species: [Hokovirus HKV1*] -> [空]
  SRR23107135_clean_NODE_11545_length_1531_cov_14.795610
      Realm: [Duplodnaviria] -> [空]
      Kingdom: [Heunggongvirae] -> [空]
      Phylum: [Uroviricota] -> [空]
  SRR23107135_clean_NODE_11865_length_1516_cov_2.225225
      Order: [Algavirales] -> [空]
      Family: [Phycodnaviridae] -> [空]
      Genus: [Chlorovirus] -> [空]
      Species: [Chlorovirus americanus] -> [空]
  SRR23107135_clean_NODE_11952_length_1511_cov_2.839360
      Species: [Biavirus raunefjordenense] -> [空]
  SRR23107135_clean_NODE_12026_length_1507_cov_2.005579
      Order: [Algavirales] -> [空]
      Species: [Phaeovirus irregularis] -> [空]
  SRR23107135_clean_NODE_1202_length_3188_cov_14.182022
      Genus: [Megavirus] -> [空]
      Species: [Megavirus powaiense] -> [空]
  SRR23107135_clean_NODE_1210_length_3186_cov_18.750402
      Species: [Fadolivirus algeromassiliense] -> [空]
  SRR23107135_clean_NODE_12442_length_1483_cov_1579.961702
      Species: [Hokovirus HKV1*] -> [空]
  SRR23107135_clean_NODE_12666_length_1473_cov_104.187143
      Species: [Hokovirus HKV1*] -> [空]
  SRR23107135_clean_NODE_12822_length_1466_cov_1.456569
      Phylum: [Preplasmiviricota] -> [空]
  SRR23107135_clean_NODE_1326_length_3102_cov_5.924397
      Species: [Alphabaculovirus chomurinanae] -> [空]
  SRR23107135_clean_NODE_1345_length_3089_cov_6.588196
      Species: [Oceanusvirus sp.*] -> [空]
  SRR23107135_clean_NODE_1362_length_3081_cov_4.130319
      Species: [Fadolivirus algeromassiliense] -> [空]
  SRR23107135_clean_NODE_1410_length_3055_cov_3.474178
      Species: [Phaeovirus unasiliculosus] -> [空]
  SRR23107135_clean_NODE_1428_length_3043_cov_28.404040
      Order: [Algavirales] -> [空]
      Species: [Phaeovirus feldmanniae] -> [空]
  SRR23107135_clean_NODE_14598_length_1382_cov_1.656226
      Realm: [Duplodnaviria] -> [空]
      Kingdom: [Heunggongvirae] -> [空]
      Phylum: [Uroviricota] -> [空]
  SRR23107135_clean_NODE_14873_length_1370_cov_1.835775
      Species: [Klosneuvirus KNV1*] -> [空]
  SRR23107135_clean_NODE_15082_length_1361_cov_2.620342
      Species: [Hokovirus HKV1*] -> [空]
  SRR23107135_clean_NODE_15084_length_1361_cov_2.309006
      Species: [Klosneuvirus KNV1*] -> [空]
  SRR23107135_clean_NODE_15122_length_1359_cov_4.133748
      Phylum: [Preplasmiviricota] -> [空]
  SRR23107135_clean_NODE_1523_length_2987_cov_4.583734
      Order: [Algavirales] -> [空]
  SRR23107135_clean_NODE_15578_length_1341_cov_5.366719
      Class: [Naldaviricetes] -> [空]
      Order: [Lefavirales] -> [空]
      Family: [Baculoviridae] -> [空]
      Genus: [Alphabaculovirus] -> [Pandoravirus]
  SRR23107135_clean_NODE_15948_length_1327_cov_2.594099
      Realm: [Duplodnaviria] -> [空]
      Kingdom: [Heunggongvirae] -> [空]
      Phylum: [Uroviricota] -> [空]
  SRR23107135_clean_NODE_162_length_5468_cov_4.870436
      Realm: [Varidnaviria] -> [空]
      Kingdom: [Bamfordvirae] -> [空]
      Phylum: [Nucleocytoviricota] -> [空]
      Class: [Naldaviricetes] -> [空]
      Order: [Lefavirales] -> [空]
      Family: [Baculoviridae] -> [空]
      Genus: [Alphabaculovirus] -> [空]
      Species: [Alphabaculovirus myunipunctae] -> [空]
  SRR23107135_clean_NODE_1639_length_2933_cov_10.368531
      Species: [Rheavirus sinusmexicani] -> [空]
  SRR23107135_clean_NODE_1662_length_2922_cov_3.186381
      Species: [Alphahydrivirus permafrostis] -> [空]
  SRR23107135_clean_NODE_16750_length_1296_cov_3.408013
      Realm: [Varidnaviria] -> [空]
      Kingdom: [Bamfordvirae] -> [空]
      Phylum: [Nucleocytoviricota] -> [空]
  SRR23107135_clean_NODE_17044_length_1285_cov_3.196370
      Order: [Algavirales] -> [空]
      Species: [Phaeovirus irregularis] -> [空]
  SRR23107135_clean_NODE_17539_length_1268_cov_3.345607
      Species: [Theiavirus salishense*] -> [空]
  SRR23107135_clean_NODE_1757_length_2881_cov_4.194444
      Realm: [Duplodnaviria] -> [空]
      Kingdom: [Heunggongvirae] -> [空]
      Phylum: [Uroviricota] -> [空]
  SRR23107135_clean_NODE_17647_length_1264_cov_110.553317
      Realm: [Varidnaviria] -> [空]
      Kingdom: [Bamfordvirae] -> [空]
      Phylum: [Nucleocytoviricota] -> [空]
      Species: [Biavirus raunefjordenense] -> [空]
  SRR23107135_clean_NODE_1820_length_2853_cov_2.968345
      Species: [Hokovirus HKV1*] -> [空]
  SRR23107135_clean_NODE_18547_length_1235_cov_2.698795
      Species: [Hokovirus HKV1*] -> [空]
  SRR23107135_clean_NODE_18669_length_1231_cov_3.096718
      Species: [Hokovirus HKV1*] -> [空]
  SRR23107135_clean_NODE_18814_length_1226_cov_2.533391
      Order: [Pimascovirales] -> [空]
      Family: [Pithoviridae] -> [空]
      Species: [Pithovirus LCPAC202] -> [空]
  SRR23107135_clean_NODE_18908_length_1222_cov_6.644038
      Order: [Imitervirales] -> [空]
  SRR23107135_clean_NODE_18914_length_1222_cov_4.020017
      Phylum: [Nucleocytoviricota] -> [空]
      Class: [Megaviricetes] -> [空]
  SRR23107135_clean_NODE_18_length_8723_cov_5.650405
      Species: [Theiavirus salishense*] -> [空]
  SRR23107135_clean_NODE_19005_length_1219_cov_2.750436
      Order: [Algavirales] -> [空]
      Species: [Phaeovirus unasiliculosus] -> [空]
  SRR23107135_clean_NODE_192_length_5322_cov_5.445418
      Realm: [Riboviria] -> [空]
      Kingdom: [Pararnavirae] -> [空]
      Phylum: [Artverviricota] -> [空]
      Class: [Revtraviricetes] -> [空]
      Order: [Ortervirales] -> [空]
      Family: [Metaviridae] -> [空]
      Genus: [Metavirus] -> [空]
      Species: [Metavirus cladosporii] -> [空]
  SRR23107135_clean_NODE_1961_length_2797_cov_4.286711
      Realm: [Duplodnaviria] -> [空]
      Kingdom: [Heunggongvirae] -> [空]
      Phylum: [Uroviricota] -> [空]
  SRR23107135_clean_NODE_19917_length_1189_cov_1.744624
      Realm: [Varidnaviria] -> [空]
      Kingdom: [Bamfordvirae] -> [空]
      Phylum: [Nucleocytoviricota] -> [空]
      Class: [Megaviricetes] -> [空]
      Order: [Pimascovirales] -> [空]
      Family: [Hydriviridae] -> [空]
      Genus: [Alphahydrivirus] -> [空]
      Species: [Alphahydrivirus permafrostis] -> [空]
  SRR23107135_clean_NODE_20045_length_1185_cov_3.197842
      Genus: [Varicellovirus] -> [空]
      Species: [Varicellovirus equidalpha6] -> [空]
  SRR23107135_clean_NODE_20086_length_1184_cov_2.259226
      Realm: [Varidnaviria] -> [空]
      Kingdom: [Bamfordvirae] -> [空]
      Phylum: [Nucleocytoviricota] -> [空]
      Species: [Pithovirus LCPAC403] -> [空]
  SRR23107135_clean_NODE_20241_length_1179_cov_2.729656
      Phylum: [Uroviricota] -> [空]
  SRR23107135_clean_NODE_2044_length_2758_cov_8.250652
      Realm: [Varidnaviria] -> [空]
      Kingdom: [Bamfordvirae] -> [空]
      Phylum: [Nucleocytoviricota] -> [空]
      Order: [Imitervirales] -> [空]
      Species: [Tethysvirus raunefjordenense] -> [空]
  SRR23107135_clean_NODE_2074_length_2748_cov_15.875888
      Species: [Biavirus raunefjordenense] -> [空]
  SRR23107135_clean_NODE_20846_length_1162_cov_2.258953
      Genus: [Theiavirus] -> [空]
      Species: [Theiavirus salishense] -> [空]
  SRR23107135_clean_NODE_2093_length_2741_cov_4.071214
      Realm: [Varidnaviria] -> [空]
      Kingdom: [Bamfordvirae] -> [空]
      Phylum: [Nucleocytoviricota] -> [空]
  SRR23107135_clean_NODE_21190_length_1152_cov_38.276182
      Species: [Hokovirus HKV1*] -> [空]
  SRR23107135_clean_NODE_21279_length_1150_cov_1.545961
      Order: [Algavirales] -> [空]
      Species: [Phaeovirus unasiliculosus] -> [空]
  SRR23107135_clean_NODE_21431_length_1146_cov_2.506058
      Order: [Pimascovirales] -> [空]
  SRR23107135_clean_NODE_21472_length_1145_cov_1.986007
      Species: [Hokovirus HKV1*] -> [空]
  SRR23107135_clean_NODE_22490_length_1118_cov_2.414354
      Genus: [Carpasinavirus] -> [空]
      Species: [Carpasinavirus FoX6] -> [空]
  SRR23107135_clean_NODE_22937_length_1107_cov_3.685687
      Order: [Algavirales] -> [空]
  SRR23107135_clean_NODE_23335_length_1097_cov_2.761719
      Class: [Pokkesviricetes] -> [空]
  SRR23107135_clean_NODE_23483_length_1093_cov_12.646078
      Species: [Klosneuvirus KNV1*] -> [空]
  SRR23107135_clean_NODE_23932_length_1083_cov_2.566337
      Species: [Hokovirus HKV1*] -> [空]
  SRR23107135_clean_NODE_24015_length_1081_cov_2.868056
      Order: [Imitervirales] -> [空]
      Species: [Sylvanvirus sp.] -> [空]
  SRR23107135_clean_NODE_24342_length_1072_cov_5.116116
      Species: [Mimiviridae sp. ChoanoV1*] -> [空]
  SRR23107135_clean_NODE_24750_length_1063_cov_4.228283
      Species: [Mimiviridae sp. ChoanoV1*] -> [空]
  SRR23107135_clean_NODE_25485_length_1046_cov_4.361768
      Order: [Algavirales] -> [空]
  SRR23107135_clean_NODE_25558_length_1044_cov_4.117405
      Species: [Alphaorpheovirus massiliense*] -> [空]
  SRR23107135_clean_NODE_26359_length_1026_cov_24.921301
      Realm: [Duplodnaviria] -> [空]
      Kingdom: [Heunggongvirae] -> [空]
      Phylum: [Uroviricota] -> [空]
  SRR23107135_clean_NODE_26632_length_1021_cov_1.945148
      Species: [Hokovirus HKV1*] -> [空]
  SRR23107135_clean_NODE_27303_length_1006_cov_3.977492
      Order: [Pimascovirales] -> [空]
      Family: [Marseilleviridae] -> [空]
  SRR23107135_clean_NODE_2769_length_2522_cov_5.119641
      Order: [Algavirales] -> [空]
  SRR23107135_clean_NODE_27900_length_994_cov_2.558089
      Class: [Revtraviricetes] -> [空]
  SRR23107135_clean_NODE_2797_length_2514_cov_3.593609
      Species: [Fadolivirus algeromassiliense] -> [空]
  SRR23107135_clean_NODE_2829_length_2503_cov_8.537449
      Family: [Mesomimiviridae] -> [空]
      Genus: [Tethysvirus] -> [空]
      Species: [Tethysvirus ontarioense] -> [空]
  SRR23107135_clean_NODE_29094_length_970_cov_2.256410
      Realm: [Riboviria] -> [空]
      Kingdom: [Orthornavirae] -> [空]
      Phylum: [Pisuviricota] -> [空]
      Class: [Duplopiviricetes] -> [空]
  SRR23107135_clean_NODE_29152_length_969_cov_1.949777
      Realm: [Varidnaviria] -> [空]
      Kingdom: [Bamfordvirae] -> [空]
      Phylum: [Nucleocytoviricota] -> [空]
      Class: [Megaviricetes] -> [空]
      Order: [Imitervirales] -> [空]
  SRR23107135_clean_NODE_29323_length_965_cov_4.969731
      Species: [Megalocytivirus pagrus1] -> [空]
  SRR23107135_clean_NODE_29342_length_965_cov_2.725336
      Order: [Pimascovirales] -> [空]
      Family: [Hydriviridae] -> [空]
      Genus: [Alphahydrivirus] -> [空]
      Species: [Alphahydrivirus permafrostis] -> [空]
  SRR23107135_clean_NODE_29359_length_965_cov_1.867713
      Genus: [Dhakavirus] -> [空]
  SRR23107135_clean_NODE_29730_length_958_cov_2.047458
      Realm: [Duplodnaviria] -> [空]
      Kingdom: [Heunggongvirae] -> [空]
      Phylum: [Uroviricota] -> [空]
  SRR23107135_clean_NODE_300_length_4777_cov_16.963648_self_circular
      Species: [Pseudovirus nicotianae] -> [空]
  SRR23107135_clean_NODE_30755_length_939_cov_18.443418
      Species: [Theiavirus salishense] -> [空]
  SRR23107135_clean_NODE_31022_length_935_cov_1.622970
      Class: [Megaviricetes] -> [空]
      Order: [Imitervirales] -> [空]
      Family: [Mimiviridae] -> [空]
  SRR23107135_clean_NODE_3102_length_2439_cov_12.030431
      Species: [Edafosvirus sp.] -> [空]
  SRR23107135_clean_NODE_31240_length_931_cov_1.120047
      Species: [Theiavirus salishense] -> [空]
  SRR23107135_clean_NODE_31255_length_930_cov_4.430572
      Species: [Mimiviridae sp. ChoanoV1*] -> [空]
  SRR23107135_clean_NODE_31662_length_923_cov_2.044706
      Species: [Klosneuvirus KNV1*] -> [空]
  SRR23107135_clean_NODE_31954_length_918_cov_1.340828
      Order: [Algavirales] -> [空]
      Family: [Phycodnaviridae] -> [空]
      Genus: [Phaeovirus] -> [空]
      Species: [Phaeovirus unasiliculosus] -> [空]
  SRR23107135_clean_NODE_31999_length_917_cov_1.617299
      Species: [Mimiviridae sp. ChoanoV1*] -> [空]
  SRR23107135_clean_NODE_3207_length_2416_cov_4.300043
      Species: [Chlorovirus conductrix] -> [空]
  SRR23107135_clean_NODE_3217_length_2414_cov_7.208885
      Species: [Klosneuvirus KNV1*] -> [空]
  SRR23107135_clean_NODE_3254_length_2407_cov_2.068552
      Order: [Imitervirales] -> [空]
      Family: [Schizomimiviridae] -> [空]
      Genus: [Biavirus] -> [空]
      Species: [Biavirus raunefjordenense] -> [空]
  SRR23107135_clean_NODE_3257_length_2406_cov_6.394342
      Order: [Algavirales] -> [空]
      Species: [Phaeovirus unasiliculosus] -> [空]
  SRR23107135_clean_NODE_32831_length_903_cov_3.002410
      Species: [Satyrvirus sp.*] -> [空]
  SRR23107135_clean_NODE_3303_length_2395_cov_8.575797
      Phylum: [Uroviricota] -> [空]
  SRR23107135_clean_NODE_33059_length_899_cov_2.319613
      Order: [Pimascovirales] -> [空]
      Family: [Pithoviridae] -> [空]
  SRR23107135_clean_NODE_3311_length_2393_cov_3.060345
      Order: [Imitervirales] -> [空]
      Family: [Schizomimiviridae] -> [空]
  SRR23107135_clean_NODE_3366_length_2382_cov_5.978346
      Realm: [Duplodnaviria] -> [空]
      Kingdom: [Heunggongvirae] -> [空]
      Phylum: [Uroviricota] -> [空]
      Genus: [Fadolivirus] -> [空]
      Species: [Spinunavirus IPP61] -> [空]
  SRR23107135_clean_NODE_3368_length_2382_cov_2.304894
      Species: [Criusvirus kaneoense*] -> [空]
  SRR23107135_clean_NODE_3439_length_2366_cov_3.677715
      Realm: [Duplodnaviria] -> [空]
      Kingdom: [Heunggongvirae] -> [空]
      Phylum: [Uroviricota] -> [空]
      Genus: [Fadolivirus] -> [空]
      Species: [Spinunavirus IPP61] -> [空]
  SRR23107135_clean_NODE_3463_length_2362_cov_9.188292
      Realm: [Varidnaviria] -> [空]
      Kingdom: [Bamfordvirae] -> [空]
      Phylum: [Nucleocytoviricota] -> [空]
      Order: [Imitervirales] -> [空]
  SRR23107135_clean_NODE_34699_length_874_cov_3.400749
      Species: [Criusvirus kaneoense*] -> [空]
  SRR23107135_clean_NODE_3573_length_2336_cov_40.173663
      Family: [Mesomimiviridae] -> [空]
      Genus: [Tethysvirus] -> [空]
      Species: [Tethysvirus ontarioense] -> [空]
  SRR23107135_clean_NODE_36301_length_851_cov_4.550129
      Order: [Imitervirales] -> [空]
      Family: [Mimiviridae] -> [空]
  SRR23107135_clean_NODE_3739_length_2304_cov_35.664724
      Order: [Imitervirales] -> [空]
      Species: [Tethysvirus raunefjordenense] -> [空]
  SRR23107135_clean_NODE_37769_length_832_cov_1.905138
      Order: [Imitervirales] -> [空]
      Species: [Fadolivirus algeromassiliense] -> [空]
  SRR23107135_clean_NODE_3927_length_2271_cov_3.249773
      Species: [Klosneuvirus KNV1*] -> [空]
  SRR23107135_clean_NODE_4087_length_2241_cov_5.489852
      Family: [Mesomimiviridae] -> [空]
      Genus: [Tethysvirus] -> [空]
      Species: [Tethysvirus ontarioense] -> [空]
  SRR23107135_clean_NODE_4178_length_2225_cov_12.966078
      Species: [Tethysvirus raunefjordenense] -> [空]
  SRR23107135_clean_NODE_42261_length_777_cov_1.113636
      Realm: [Varidnaviria] -> [空]
      Kingdom: [Bamfordvirae] -> [空]
      Phylum: [Nucleocytoviricota] -> [空]
      Class: [Megaviricetes] -> [空]
      Order: [Imitervirales] -> [空]
      Species: [Edafosvirus sp.] -> [空]
  SRR23107135_clean_NODE_4228_length_2217_cov_5.383396
      Species: [Tupanvirus salinum] -> [空]
  SRR23107135_clean_NODE_4241_length_2214_cov_5.051845
      Order: [Algavirales] -> [空]
      Species: [Phaeovirus irregularis] -> [空]
  SRR23107135_clean_NODE_4354_length_2197_cov_10.098399
      Order: [Algavirales] -> [空]
  SRR23107135_clean_NODE_4355_length_2197_cov_7.752354
      Family: [Mesomimiviridae] -> [空]
      Genus: [Tethysvirus] -> [空]
      Species: [Tethysvirus ontarioense] -> [空]
  SRR23107135_clean_NODE_4394_length_2191_cov_3.469311
      Species: [Phaeovirus irregularis] -> [空]
  SRR23107135_clean_NODE_4484_length_2178_cov_19.307838
      Genus: [Fadolivirus] -> [空]
      Species: [Fadolivirus algeromassiliense] -> [空]
  SRR23107135_clean_NODE_4500_length_2175_cov_6.515224
      Order: [Pimascovirales] -> [空]
  SRR23107135_clean_NODE_45091_length_745_cov_3.120536
      Order: [Imitervirales] -> [空]
      Family: [Mimiviridae] -> [空]
  SRR23107135_clean_NODE_4510_length_2173_cov_10.307619
      Order: [Imitervirales] -> [空]
  SRR23107135_clean_NODE_466_length_4140_cov_5.078436
      Realm: [Duplodnaviria] -> [空]
      Kingdom: [Heunggongvirae] -> [空]
      Phylum: [Uroviricota] -> [空]
      Family: [Stanwilliamsviridae] -> [空]
  SRR23107135_clean_NODE_47014_length_726_cov_2.156202
      Species: [Plazymidvirus ZM41] -> [空]
  SRR23107135_clean_NODE_47024_length_726_cov_1.753446
      Realm: [Duplodnaviria] -> [空]
      Kingdom: [Heunggongvirae] -> [空]
      Phylum: [Peploviricota] -> [空]
      Class: [Herviviricetes] -> [空]
  SRR23107135_clean_NODE_47288_length_723_cov_4.320000
      Class: [Naldaviricetes] -> [空]
      Order: [Lefavirales] -> [空]
  SRR23107135_clean_NODE_4811_length_2130_cov_7.635877
      Genus: [Tupanvirus] -> [空]
      Species: [Tupanvirus salinum] -> [空]
  SRR23107135_clean_NODE_48419_length_712_cov_1.874804
      Species: [Satyrvirus sp.*] -> [空]
  SRR23107135_clean_NODE_4865_length_2122_cov_11.029283
      Realm: [Duplodnaviria] -> [空]
      Kingdom: [Heunggongvirae] -> [空]
      Phylum: [Peploviricota] -> [空]
      Class: [Herviviricetes] -> [空]
      Order: [Herpesvirales] -> [空]
  SRR23107135_clean_NODE_48759_length_709_cov_1.600629
      Realm: [Duplodnaviria] -> [空]
      Kingdom: [Heunggongvirae] -> [空]
      Phylum: [Uroviricota] -> [空]
  SRR23107135_clean_NODE_48796_length_708_cov_4.444094
      Class: [Megaviricetes] -> [空]
  SRR23107135_clean_NODE_497_length_4061_cov_3.347543
      Species: [Fadolivirus algeromassiliense] -> [空]
  SRR23107135_clean_NODE_5109_length_2087_cov_4.656902
      Species: [Agnivirus brisbanense] -> [空]
  SRR23107135_clean_NODE_5173_length_2078_cov_9.167581
      Species: [Phaeovirus unasiliculosus] -> [空]
  SRR23107135_clean_NODE_52417_length_677_cov_1.874172
      Realm: [Varidnaviria] -> [空]
      Kingdom: [Bamfordvirae] -> [空]
      Phylum: [Nucleocytoviricota] -> [空]
      Class: [Megaviricetes] -> [空]
      Order: [Imitervirales] -> [空]
      Family: [Mimiviridae] -> [空]
      Genus: [Fadolivirus] -> [空]
      Species: [Fadolivirus algeromassiliense] -> [空]
  SRR23107135_clean_NODE_5243_length_2069_cov_6.721944
      Family: [Mesomimiviridae] -> [空]
      Genus: [Tethysvirus] -> [空]
      Species: [Tethysvirus ontarioense] -> [空]
  SRR23107135_clean_NODE_53941_length_664_cov_9.900169
      Order: [Imitervirales] -> [空]
      Family: [Mimiviridae] -> [空]
  SRR23107135_clean_NODE_54313_length_661_cov_3.020408
      Phylum: [Preplasmiviricota] -> [空]
      Class: [Pharingeaviricetes] -> [空]
      Order: [Rowavirales] -> [空]
  SRR23107135_clean_NODE_5458_length_2042_cov_3.400203
      Species: [Indivirus ILV1*] -> [空]
  SRR23107135_clean_NODE_54811_length_658_cov_1.418803
      Class: [Pokkesviricetes] -> [空]
      Order: [Asfuvirales] -> [空]
  SRR23107135_clean_NODE_55703_length_651_cov_2.013841
      Genus: [Fadolivirus] -> [空]
      Species: [Fadolivirus algeromassiliense] -> [空]
  SRR23107135_clean_NODE_5571_length_2027_cov_21.651484
      Order: [Imitervirales] -> [空]
  SRR23107135_clean_NODE_5687_length_2010_cov_8.325245
      Species: [Klosneuvirus KNV1*] -> [空]
  SRR23107135_clean_NODE_5746_length_2003_cov_2.679275
      Realm: [Varidnaviria] -> [空]
      Kingdom: [Bamfordvirae] -> [空]
      Phylum: [Nucleocytoviricota] -> [空]
  SRR23107135_clean_NODE_5749_length_2003_cov_1.682902
      Phylum: [Preplasmiviricota] -> [空]
  SRR23107135_clean_NODE_5766_length_2001_cov_7.093361
      Order: [Imitervirales] -> [空]
  SRR23107135_clean_NODE_57942_length_634_cov_3.212121
      Class: [Megaviricetes] -> [空]
  SRR23107135_clean_NODE_5950_length_1980_cov_2.675931
      Realm: [Varidnaviria] -> [空]
      Kingdom: [Bamfordvirae] -> [空]
      Phylum: [Nucleocytoviricota] -> [空]
      Family: [Mimiviridae] -> [空]
      Genus: [Megavirus] -> [空]
      Species: [Megavirus powaiense] -> [空]
  SRR23107135_clean_NODE_5996_length_1974_cov_2.285639
      Order: [Algavirales] -> [空]
      Species: [Phaeovirus unasiliculosus] -> [空]
  SRR23107135_clean_NODE_60159_length_619_cov_2.000000
      Species: [Klosneuvirus KNV1*] -> [空]
  SRR23107135_clean_NODE_60437_length_617_cov_2.428309
      Species: [Fadolivirus algeromassiliense] -> [空]
  SRR23107135_clean_NODE_616_length_3810_cov_9.144769
      Species: [Cotonvirus japonicum] -> [空]
  SRR23107135_clean_NODE_61804_length_608_cov_4.381308
      Order: [Imitervirales] -> [空]
      Species: [Fadolivirus algeromassiliense] -> [空]
  SRR23107135_clean_NODE_61845_length_608_cov_2.347664
      Order: [Pimascovirales] -> [空]
  SRR23107135_clean_NODE_6197_length_1950_cov_1.978157
      Order: [Imitervirales] -> [空]
      Family: [Mimiviridae] -> [空]
      Genus: [Tupanvirus] -> [空]
      Species: [Tupanvirus altamarinense] -> [空]
  SRR23107135_clean_NODE_619_length_3802_cov_16.704210
      Species: [Manticavirus vombatidgamma1] -> [空]
  SRR23107135_clean_NODE_6304_length_1936_cov_6.968867
      Class: [Megaviricetes] -> [空]
  SRR23107135_clean_NODE_6318_length_1935_cov_2.868958
      Species: [Alphahydrivirus permafrostis] -> [空]
  SRR23107135_clean_NODE_638_length_3754_cov_3.680793
      Realm: [Duplodnaviria] -> [空]
      Kingdom: [Heunggongvirae] -> [空]
      Phylum: [Uroviricota] -> [空]
  SRR23107135_clean_NODE_63_length_6974_cov_7.684683
      Genus: [Serangoonvirus] -> [空]
      Species: [Jenstvirus jenst] -> [空]
  SRR23107135_clean_NODE_6488_length_1917_cov_6.877440
      Species: [Megavirus baoshanense] -> [空]
  SRR23107135_clean_NODE_65605_length_585_cov_3.103516
      Species: [Kratosvirus quantuckense*] -> [空]
  SRR23107135_clean_NODE_66766_length_579_cov_1.859684
      Order: [Pimascovirales] -> [空]
      Family: [Marseilleviridae] -> [空]
  SRR23107135_clean_NODE_66_length_6905_cov_15.646956
      Species: [Biavirus raunefjordenense] -> [空]
  SRR23107135_clean_NODE_6720_length_1894_cov_4.090060
      Order: [Algavirales] -> [空]
  SRR23107135_clean_NODE_6812_length_1884_cov_2.230260
      Genus: [Tupanvirus] -> [空]
      Species: [Tupanvirus altamarinense] -> [空]
  SRR23107135_clean_NODE_6819_length_1883_cov_2.405525
      Realm: [Duplodnaviria] -> [空]
      Kingdom: [Heunggongvirae] -> [空]
      Phylum: [Uroviricota] -> [空]
  SRR23107135_clean_NODE_6839_length_1881_cov_4.032633
      Species: [Hyperionvirus sp.] -> [空]
  SRR23107135_clean_NODE_683_length_3694_cov_4.186965
      Order: [Imitervirales] -> [空]
      Species: [Theiavirus salishense] -> [空]
  SRR23107135_clean_NODE_68973_length_567_cov_1.678138
      Genus: [Gammaretrovirus] -> [空]
  SRR23107135_clean_NODE_68_length_6883_cov_6.268576
      Family: [Mimiviridae] -> [空]
      Genus: [Theiavirus] -> [空]
      Species: [Theiavirus salishense] -> [空]
  SRR23107135_clean_NODE_69136_length_566_cov_1.878296
      Phylum: [Pisuviricota] -> [空]
      Class: [Duplopiviricetes] -> [空]
      Order: [Durnavirales] -> [空]
      Family: [Picobirnaviridae] -> [空]
      Species: [Qianjiang picobirna-like virus 2] -> [空]
  SRR23107135_clean_NODE_71046_length_556_cov_1.240166
      Realm: [Duplodnaviria] -> [空]
      Kingdom: [Heunggongvirae] -> [空]
      Phylum: [Uroviricota] -> [空]
  SRR23107135_clean_NODE_7206_length_1844_cov_2.419537
      Species: [Mimiviridae sp. ChoanoV1*] -> [空]
  SRR23107135_clean_NODE_73576_length_543_cov_1.819149
      Realm: [Duplodnaviria] -> [空]
      Kingdom: [Heunggongvirae] -> [空]
      Phylum: [Uroviricota] -> [空]
  SRR23107135_clean_NODE_7474_length_1817_cov_4.650803
      Genus: [Tupanvirus] -> [空]
      Species: [Tupanvirus altamarinense] -> [空]
  SRR23107135_clean_NODE_7667_length_1797_cov_3.107309
      Genus: [Moumouvirus] -> [空]
      Species: [Moumouvirus goulettemassiliense] -> [空]
  SRR23107135_clean_NODE_7803_length_1786_cov_3.166959
      Species: [Tupanvirus salinum] -> [空]
  SRR23107135_clean_NODE_8107_length_1760_cov_2.589212
      Species: [Hokovirus HKV1*] -> [空]
  SRR23107135_clean_NODE_8900_length_1699_cov_4.869619
      Species: [Alphahydrivirus permafrostis] -> [空]
  SRR23107135_clean_NODE_8959_length_1695_cov_3.115906
      Realm: [Varidnaviria] -> [空]
      Kingdom: [Bamfordvirae] -> [空]
      Phylum: [Nucleocytoviricota] -> [空]
      Class: [Megaviricetes] -> [空]
      Order: [Pimascovirales] -> [空]
  SRR23107135_clean_NODE_898_length_3446_cov_7.212274
      Family: [Schizomimiviridae] -> [空]
      Genus: [Biavirus] -> [空]
      Species: [Biavirus raunefjordenense] -> [空]
  SRR23107135_clean_NODE_89_length_6249_cov_12.903821
      Genus: [Pseudovirus] -> [空]
  SRR23107135_clean_NODE_9318_length_1671_cov_6.471840
      Genus: [Mimivirus] -> [空]
      Species: [Mimivirus bradfordmassiliense] -> [空]
  SRR23107135_clean_NODE_9324_length_1671_cov_2.074468
      Species: [Mimiviridae sp. ChoanoV1*] -> [空]
  SRR23107135_clean_NODE_9406_length_1665_cov_1029.474246
      Species: [Hokovirus HKV1*] -> [空]
  SRR23107135_clean_NODE_9598_length_1652_cov_2.701710
      Order: [Algavirales] -> [空]
      Species: [Phaeovirus irregularis] -> [空]
  SRR23107135_clean_NODE_9693_length_1644_cov_258.976448
      Order: [Pimascovirales] -> [空]
      Family: [Iridoviridae] -> [空]
  SRR23107135_clean_NODE_971_length_3376_cov_4.651529
      Species: [Tupanvirus salinum] -> [空]
  SRR23107135_clean_NODE_972_length_3374_cov_17.987277
      Species: [Tupanvirus altamarinense] -> [空]
  SRR23107136_clean_NODE_1003_length_3796_cov_5.658071
      Species: [Cotonvirus japonicum] -> [空]
  SRR23107136_clean_NODE_10109_length_1959_cov_2.937964
      Realm: [Varidnaviria] -> [空]
      Kingdom: [Bamfordvirae] -> [空]
      Phylum: [Nucleocytoviricota] -> [空]
      Class: [Megaviricetes] -> [空]
      Order: [Pimascovirales] -> [空]
  SRR23107136_clean_NODE_10142_length_1957_cov_4.190552
      Order: [Algavirales] -> [空]
      Family: [Phycodnaviridae] -> [空]
      Genus: [Phaeovirus] -> [空]
      Species: [Phaeovirus unasiliculosus] -> [空]
  SRR23107136_clean_NODE_10172_length_1955_cov_6.663124
      Species: [Agnivirus brisbanense] -> [空]
  SRR23107136_clean_NODE_10186_length_1954_cov_3.053163
      Species: [Phaeovirus unasiliculosus] -> [空]
  SRR23107136_clean_NODE_1022_length_3780_cov_8.078500
      Class: [Stelpaviricetes] -> [空]
      Order: [Patatavirales] -> [空]
      Family: [Potyviridae] -> [空]
      Genus: [Potyvirus] -> [空]
      Species: [Potyvirus cucurbitaflavitesselati] -> [空]
  SRR23107136_clean_NODE_102554_length_580_cov_2.749507
      Genus: [Fadolivirus] -> [空]
      Species: [Fadolivirus algeromassiliense] -> [空]
  SRR23107136_clean_NODE_10302_length_1945_cov_2.497863
      Species: [Coccolithovirus huxleyi] -> [空]
  SRR23107136_clean_NODE_103423_length_577_cov_1.605159
      Realm: [Duplodnaviria] -> [空]
      Kingdom: [Heunggongvirae] -> [空]
      Phylum: [Uroviricota] -> [空]
  SRR23107136_clean_NODE_104711_length_572_cov_1.563126
      Genus: [Fadolivirus] -> [空]
      Species: [Fadolivirus algeromassiliense] -> [空]
  SRR23107136_clean_NODE_10493_length_1934_cov_3.036002
      Class: [Naldaviricetes] -> [空]
      Order: [Lefavirales] -> [空]
      Family: [Nudiviridae] -> [空]
      Genus: [Betanudivirus] -> [空]
      Species: [Betanudivirus hezeae] -> [空]
  SRR23107136_clean_NODE_105748_length_568_cov_1.769697
      Realm: [Duplodnaviria] -> [空]
      Kingdom: [Heunggongvirae] -> [空]
      Phylum: [Peploviricota] -> [空]
      Class: [Herviviricetes] -> [空]
      Order: [Herpesvirales] -> [空]
      Family: [Orthoherpesviridae] -> [空]
  SRR23107136_clean_NODE_10626_length_1924_cov_2.682874
      Order: [Algavirales] -> [空]
      Species: [Phaeovirus unasiliculosus] -> [空]
  SRR23107136_clean_NODE_10667_length_1921_cov_2.796537
      Order: [Algavirales] -> [空]
      Family: [Phycodnaviridae] -> [空]
  SRR23107136_clean_NODE_1068_length_3744_cov_5.598747
      Species: [Biavirus raunefjordenense] -> [空]
  SRR23107136_clean_NODE_10755_length_1914_cov_9.746877
      Realm: [Varidnaviria] -> [空]
      Kingdom: [Bamfordvirae] -> [空]
      Phylum: [Nucleocytoviricota] -> [空]
      Class: [Megaviricetes] -> [空]
      Order: [Imitervirales] -> [空]
  SRR23107136_clean_NODE_10824_length_1909_cov_2.732026
      Genus: [Theiavirus] -> [空]
      Species: [Theiavirus salishense] -> [空]
  SRR23107136_clean_NODE_108729_length_557_cov_2.396694
      Species: [Indivirus ILV1*] -> [空]
  SRR23107136_clean_NODE_1089_length_3723_cov_2.144384
      Realm: [Duplodnaviria] -> [空]
      Kingdom: [Heunggongvirae] -> [空]
      Phylum: [Uroviricota] -> [空]
  SRR23107136_clean_NODE_10919_length_1903_cov_5.273770
      Species: [Hokovirus HKV1*] -> [空]
  SRR23107136_clean_NODE_10946_length_1901_cov_9.572757
      Realm: [Varidnaviria] -> [空]
      Kingdom: [Bamfordvirae] -> [空]
      Phylum: [Nucleocytoviricota] -> [空]
      Family: [Phycodnaviridae] -> [空]
      Genus: [Phaeovirus] -> [空]
      Species: [Phaeovirus irregularis] -> [空]
  SRR23107136_clean_NODE_1099_length_3712_cov_5.955482
      Realm: [Duplodnaviria] -> [空]
      Kingdom: [Heunggongvirae] -> [空]
      Phylum: [Uroviricota] -> [空]
  SRR23107136_clean_NODE_11024_length_1898_cov_2.962192
      Order: [Algavirales] -> [空]
      Family: [Phycodnaviridae] -> [空]
      Genus: [Phaeovirus] -> [空]
      Species: [Phaeovirus feldmanniae] -> [空]
  SRR23107136_clean_NODE_11043_length_1897_cov_2.099232
      Realm: [Varidnaviria] -> [空]
      Kingdom: [Bamfordvirae] -> [空]
      Phylum: [Nucleocytoviricota] -> [空]
      Class: [Megaviricetes] -> [空]
      Order: [Imitervirales] -> [空]
  SRR23107136_clean_NODE_111603_length_547_cov_1.782700
      Species: [Terrestrivirus sp.] -> [空]
  SRR23107136_clean_NODE_1119_length_3694_cov_5.510632
      Species: [Klosneuvirus KNV1*] -> [空]
  SRR23107136_clean_NODE_11326_length_1876_cov_11.848586
      Species: [Tupanvirus altamarinense] -> [空]
  SRR23107136_clean_NODE_11433_length_1870_cov_3.663884
      Species: [Mimiviridae sp. ChoanoV1*] -> [空]
  SRR23107136_clean_NODE_11460_length_1868_cov_4.859610
      Realm: [Varidnaviria] -> [空]
      Kingdom: [Bamfordvirae] -> [空]
      Phylum: [Nucleocytoviricota] -> [空]
      Class: [Megaviricetes] -> [空]
      Order: [Imitervirales] -> [空]
  SRR23107136_clean_NODE_11529_length_1864_cov_1.451703
      Order: [Pimascovirales] -> [空]
      Family: [Marseilleviridae] -> [空]
      Genus: [Losannavirus] -> [空]
      Species: [Losannavirus lausannense] -> [空]
  SRR23107136_clean_NODE_11541_length_1863_cov_3.075978
      Order: [Pimascovirales] -> [空]
      Family: [Hydriviridae] -> [空]
  SRR23107136_clean_NODE_11555_length_1862_cov_7.964785
      Order: [Imitervirales] -> [空]
      Species: [Fadolivirus algeromassiliense] -> [空]
  SRR23107136_clean_NODE_116521_length_531_cov_1.681223
      Genus: [Alphacedratvirus] -> [空]
      Species: [Alphacedratvirus rossiense] -> [空]
  SRR23107136_clean_NODE_116777_length_530_cov_2.260394
      Order: [Imitervirales] -> [空]
      Family: [Mimiviridae] -> [空]
  SRR23107136_clean_NODE_11779_length_1848_cov_2.964507
      Genus: [Fadolivirus] -> [空]
      Species: [Fadolivirus algeromassiliense] -> [空]
  SRR23107136_clean_NODE_11796_length_1847_cov_3.723788
      Species: [Rheavirus sinusmexicani] -> [空]
  SRR23107136_clean_NODE_117_length_6380_cov_4.269859
      Species: [Serangoonvirus essarone] -> [空]
  SRR23107136_clean_NODE_12235_length_1820_cov_3.244419
      Order: [Algavirales] -> [空]
      Species: [Phaeovirus unasiliculosus] -> [空]
  SRR23107136_clean_NODE_1223_length_3609_cov_10.280260
      Family: [Schizomimiviridae] -> [空]
      Genus: [Biavirus] -> [空]
      Species: [Biavirus raunefjordenense] -> [空]
  SRR23107136_clean_NODE_12241_length_1819_cov_9.169530
      Family: [Mimiviridae] -> [空]
      Genus: [Theiavirus] -> [空]
      Species: [Theiavirus salishense] -> [空]
  SRR23107136_clean_NODE_123176_length_511_cov_2.015982
      Realm: [Duplodnaviria] -> [空]
      Kingdom: [Heunggongvirae] -> [空]
      Phylum: [Uroviricota] -> [空]
  SRR23107136_clean_NODE_1233_length_3602_cov_159.527628
      Species: [Chlorovirus americanus] -> [空]
  SRR23107136_clean_NODE_1237_length_3600_cov_4.302807
      Species: [Klosneuvirus KNV1*] -> [空]
  SRR23107136_clean_NODE_12415_length_1809_cov_2.894009
      Order: [Imitervirales] -> [空]
  SRR23107136_clean_NODE_1252_length_3590_cov_17.129372
      Species: [Klosneuvirus KNV1*] -> [空]
  SRR23107136_clean_NODE_12575_length_1801_cov_1.825231
      Genus: [Tupanvirus] -> [空]
      Species: [Tupanvirus salinum] -> [空]
  SRR23107136_clean_NODE_126010_length_503_cov_2.365116
      Realm: [Varidnaviria] -> [空]
      Kingdom: [Bamfordvirae] -> [空]
      Phylum: [Nucleocytoviricota] -> [空]
      Class: [Megaviricetes] -> [空]
      Order: [Imitervirales] -> [空]
      Species: [Dasosvirus sp.] -> [空]
  SRR23107136_clean_NODE_12639_length_1797_cov_5.628770
      Species: [Agnivirus brisbanense] -> [空]
  SRR23107136_clean_NODE_12669_length_1796_cov_2.581544
      Species: [Kratosvirus quantuckense] -> [空]
  SRR23107136_clean_NODE_12701_length_1794_cov_9.002905
      Class: [Naldaviricetes] -> [空]
      Order: [Lefavirales] -> [空]
  SRR23107136_clean_NODE_12710_length_1794_cov_3.777455
      Species: [Alpharetrovirus aviY73sar] -> [空]
  SRR23107136_clean_NODE_12754_length_1791_cov_10.229336
      Species: [Fadolivirus algeromassiliense] -> [空]
  SRR23107136_clean_NODE_12831_length_1787_cov_2.170362
      Order: [Imitervirales] -> [空]
  SRR23107136_clean_NODE_12867_length_1785_cov_3.534463
      Phylum: [Nucleocytoviricota] -> [空]
      Class: [Megaviricetes] -> [空]
      Order: [Imitervirales] -> [空]
  SRR23107136_clean_NODE_12908_length_1783_cov_2.483626
      Order: [Algavirales] -> [空]
  SRR23107136_clean_NODE_12940_length_1781_cov_7.223653
      Species: [Heliosvirus raunefjordenense] -> [空]
  SRR23107136_clean_NODE_12950_length_1781_cov_2.984778
      Species: [Tupanvirus altamarinense] -> [空]
  SRR23107136_clean_NODE_13031_length_1776_cov_14.627129
      Realm: [Varidnaviria] -> [空]
      Kingdom: [Bamfordvirae] -> [空]
      Phylum: [Nucleocytoviricota] -> [空]
  SRR23107136_clean_NODE_13107_length_1773_cov_2.343529
      Realm: [Duplodnaviria] -> [空]
      Kingdom: [Heunggongvirae] -> [空]
  SRR23107136_clean_NODE_1322_length_3540_cov_34.329103
      Species: [Tupanvirus altamarinense] -> [空]
  SRR23107136_clean_NODE_1333_length_3534_cov_4.658480
      Realm: [Varidnaviria] -> [空]
      Kingdom: [Bamfordvirae] -> [空]
      Phylum: [Nucleocytoviricota] -> [空]
      Class: [Megaviricetes] -> [空]
      Genus: [Phaeovirus] -> [空]
      Species: [Phaeovirus unasiliculosus] -> [空]
  SRR23107136_clean_NODE_13372_length_1760_cov_8.449911
      Species: [Teubervirus AM6] -> [空]
  SRR23107136_clean_NODE_13440_length_1756_cov_72.707665
      Family: [Orthototiviridae] -> [空]
      Genus: [Totivirus] -> [空]
      Species: [Hanko totivirus 4] -> [空]
  SRR23107136_clean_NODE_13472_length_1755_cov_2.299049
      Order: [Imitervirales] -> [空]
  SRR23107136_clean_NODE_135_length_6156_cov_39.723656
      Species: [Aedes aegypti To virus 2] -> [空]
  SRR23107136_clean_NODE_13626_length_1747_cov_2.560335
      Species: [Moumouvirus goulettemassiliense] -> [空]
  SRR23107136_clean_NODE_13661_length_1745_cov_3.746411
      Realm: [Duplodnaviria] -> [空]
      Kingdom: [Heunggongvirae] -> [空]
      Phylum: [Uroviricota] -> [空]
  SRR23107136_clean_NODE_13780_length_1740_cov_1.692262
      Order: [Algavirales] -> [空]
      Species: [Phaeovirus unasiliculosus] -> [空]
  SRR23107136_clean_NODE_1384_length_3498_cov_2.873285
      Species: [Fadolivirus algeromassiliense] -> [空]
  SRR23107136_clean_NODE_1396_length_3488_cov_4.839239
      Order: [Imitervirales] -> [空]
      Species: [Biavirus raunefjordenense] -> [空]
  SRR23107136_clean_NODE_14074_length_1726_cov_2.185118
      Species: [Alphapithovirus sibericum] -> [空]
  SRR23107136_clean_NODE_1437_length_3463_cov_5.317404
      Realm: [Varidnaviria] -> [空]
      Kingdom: [Bamfordvirae] -> [空]
      Phylum: [Nucleocytoviricota] -> [空]
  SRR23107136_clean_NODE_14389_length_1711_cov_1.943223
      Order: [Algavirales] -> [空]
      Species: [Phaeovirus unasiliculosus] -> [空]
  SRR23107136_clean_NODE_14464_length_1707_cov_10.034272
      Genus: [Chlorovirus] -> [空]
      Species: [Pandoravirus kuranda] -> [空]
  SRR23107136_clean_NODE_14551_length_1704_cov_2.043532
      Species: [Pseudovirus cajani] -> [空]
  SRR23107136_clean_NODE_14560_length_1703_cov_5.247853
      Species: [Fadolivirus algeromassiliense] -> [空]
  SRR23107136_clean_NODE_14573_length_1703_cov_2.196933
      Species: [Biavirus raunefjordenense] -> [空]
  SRR23107136_clean_NODE_145_length_6072_cov_4.374729
      Order: [Pimascovirales] -> [空]
      Species: [Chloriridovirus simulium1] -> [空]
  SRR23107136_clean_NODE_1475_length_3433_cov_26.190179
      Species: [Klosneuvirus KNV1*] -> [空]
  SRR23107136_clean_NODE_1477_length_3433_cov_11.279167
      Species: [Chlorovirus vanettense] -> [空]
  SRR23107136_clean_NODE_14786_length_1694_cov_2.826033
      Genus: [Tupanvirus] -> [空]
      Species: [Tupanvirus salinum] -> [空]
  SRR23107136_clean_NODE_14944_length_1687_cov_2.742875
      Realm: [Riboviria] -> [空]
      Kingdom: [Orthornavirae] -> [空]
      Phylum: [Kitrinoviricota] -> [空]
      Class: [Alsuviricetes] -> [空]
      Order: [Tymovirales] -> [空]
  SRR23107136_clean_NODE_1499_length_3423_cov_3.940597
      Species: [Tupanvirus altamarinense] -> [空]
  SRR23107136_clean_NODE_15003_length_1684_cov_26.130975
      Class: [Pokkesviricetes] -> [空]
      Order: [Chitovirales] -> [空]
      Species: [Finch poxvirus] -> [空]
  SRR23107136_clean_NODE_15096_length_1681_cov_2.233831
      Phylum: [Nucleocytoviricota] -> [空]
      Class: [Megaviricetes] -> [空]
      Order: [Imitervirales] -> [空]
      Species: [Criusvirus kaneoense] -> [空]
  SRR23107136_clean_NODE_15187_length_1678_cov_2.327103
      Species: [Tupanvirus altamarinense] -> [空]
  SRR23107136_clean_NODE_1518_length_3410_cov_12.816302
      Species: [Phaeovirus feldmanniae] -> [空]
  SRR23107136_clean_NODE_15286_length_1673_cov_1.975000
      Species: [Phaeovirus irregularis] -> [空]
  SRR23107136_clean_NODE_15354_length_1670_cov_2.235441
      Phylum: [Nucleocytoviricota] -> [空]
      Class: [Megaviricetes] -> [空]
  SRR23107136_clean_NODE_1544_length_3396_cov_4.083057
      Species: [Tupanvirus salinum] -> [空]
  SRR23107136_clean_NODE_15493_length_1664_cov_1.981772
      Species: [Agnivirus brisbanense] -> [空]
  SRR23107136_clean_NODE_1566_length_3384_cov_7.234672
      Species: [Tupanvirus altamarinense] -> [空]
  SRR23107136_clean_NODE_15684_length_1655_cov_2.960809
      Order: [Imitervirales] -> [空]
      Species: [Fadolivirus algeromassiliense] -> [空]
  SRR23107136_clean_NODE_1585_length_3375_cov_20.705936
      Realm: [Varidnaviria] -> [空]
  SRR23107136_clean_NODE_15924_length_1645_cov_3.314885
      Order: [Algavirales] -> [空]
  SRR23107136_clean_NODE_16019_length_1641_cov_2.567602
      Species: [Pithovirus LCPAC304] -> [空]
  SRR23107136_clean_NODE_1618_length_3360_cov_5.894737
      Species: [Chlorovirus americanus] -> [空]
  SRR23107136_clean_NODE_16221_length_1632_cov_1.983964
      Realm: [Duplodnaviria] -> [空]
      Kingdom: [Heunggongvirae] -> [空]
      Phylum: [Uroviricota] -> [空]
      Class: [Caudoviricetes] -> [空]
      Order: [Magrovirales] -> [空]
      Family: [Apasviridae] -> [空]
      Genus: [Agnivirus] -> [空]
  SRR23107136_clean_NODE_16337_length_1628_cov_2.757556
      Species: [Alphabaculovirus maconfiguratae] -> [空]
  SRR23107136_clean_NODE_16373_length_1626_cov_4.908564
      Order: [Algavirales] -> [空]
  SRR23107136_clean_NODE_1647_length_3340_cov_3.423018
      Realm: [Duplodnaviria] -> [空]
      Kingdom: [Heunggongvirae] -> [空]
      Phylum: [Peploviricota] -> [空]
      Class: [Herviviricetes] -> [空]
      Order: [Herpesvirales] -> [空]
      Family: [Orthoherpesviridae] -> [空]
  SRR23107136_clean_NODE_16643_length_1616_cov_2.729099
      Order: [Imitervirales] -> [空]
      Family: [Mimiviridae] -> [空]
      Genus: [Tupanvirus] -> [空]
      Species: [Tupanvirus salinum] -> [空]
  SRR23107136_clean_NODE_1672_length_3327_cov_19.293178
      Species: [Phaeovirus feldmanniae] -> [空]
  SRR23107136_clean_NODE_16750_length_1612_cov_1.759584
      Realm: [Duplodnaviria] -> [空]
      Kingdom: [Heunggongvirae] -> [空]
      Phylum: [Peploviricota] -> [空]
      Class: [Herviviricetes] -> [空]
      Order: [Herpesvirales] -> [空]
  SRR23107136_clean_NODE_168_length_5889_cov_12.561554
      Species: [Chlorovirus americanus] -> [空]
  SRR23107136_clean_NODE_17042_length_1600_cov_5.386379
      Genus: [Tupanvirus] -> [空]
      Species: [Tupanvirus salinum] -> [空]
  SRR23107136_clean_NODE_17057_length_1600_cov_1.927963
      Species: [Agnivirus brisbanense] -> [空]
  SRR23107136_clean_NODE_17088_length_1599_cov_1.899738
      Genus: [Tupanvirus] -> [空]
      Species: [Tupanvirus salinum] -> [空]
  SRR23107136_clean_NODE_17275_length_1591_cov_3.409091
      Species: [Agnivirus brisbanense] -> [空]
  SRR23107136_clean_NODE_17304_length_1590_cov_5.588662
      Class: [Naldaviricetes] -> [空]
  SRR23107136_clean_NODE_17324_length_1589_cov_10.434037
      Species: [Criusvirus kaneoense*] -> [空]
  SRR23107136_clean_NODE_17392_length_1586_cov_119.652346
      Class: [Naldaviricetes] -> [空]
      Order: [Lefavirales] -> [空]
      Family: [Baculoviridae] -> [空]
  SRR23107136_clean_NODE_174_length_5829_cov_3.159312
      Species: [Chloriridovirus simulium2] -> [空]
  SRR23107136_clean_NODE_1763_length_3287_cov_56.216553
      Realm: [Duplodnaviria] -> [空]
      Kingdom: [Heunggongvirae] -> [空]
      Phylum: [Uroviricota] -> [空]
      Class: [Caudoviricetes] -> [空]
  SRR23107136_clean_NODE_17647_length_1576_cov_3.341983
      Species: [Satyrvirus sp.*] -> [空]
  SRR23107136_clean_NODE_17711_length_1574_cov_2.003997
      Order: [Pimascovirales] -> [空]
      Family: [Pithoviridae] -> [空]
      Genus: [Alphapithovirus] -> [空]
      Species: [Alphapithovirus siberiense] -> [空]
  SRR23107136_clean_NODE_17778_length_1571_cov_2.772363
      Genus: [Alphabaculovirus] -> [空]
      Species: [Alphabaculovirus leseparatae] -> [空]
  SRR23107136_clean_NODE_1784_length_3279_cov_9.324080
      Genus: [Tupanvirus] -> [空]
      Species: [Tupanvirus altamarinense] -> [空]
  SRR23107136_clean_NODE_17870_length_1567_cov_91.604418
      Order: [Pimascovirales] -> [空]
      Family: [Marseilleviridae] -> [空]
      Genus: [Losannavirus] -> [空]
      Species: [Losannavirus lausannense] -> [空]
  SRR23107136_clean_NODE_18077_length_1560_cov_4.182919
      Order: [Algavirales] -> [空]
      Species: [Phaeovirus unasiliculosus] -> [空]
  SRR23107136_clean_NODE_1814_length_3264_cov_8.289564
      Realm: [Duplodnaviria] -> [空]
      Kingdom: [Heunggongvirae] -> [空]
      Phylum: [Uroviricota] -> [空]
      Class: [Naldaviricetes] -> [空]
      Order: [Lefavirales] -> [空]
      Species: [Alphabaculovirus anpernyi] -> [空]
  SRR23107136_clean_NODE_18361_length_1549_cov_3.488482
      Order: [Imitervirales] -> [空]
      Family: [Mesomimiviridae] -> [空]
  SRR23107136_clean_NODE_18436_length_1546_cov_2.664630
      Species: [Klosneuvirus KNV1*] -> [空]
  SRR23107136_clean_NODE_18572_length_1541_cov_2.366485
      Order: [Pimascovirales] -> [空]
  SRR23107136_clean_NODE_1857_length_3243_cov_4.283281
      Order: [Algavirales] -> [空]
  SRR23107136_clean_NODE_1859_length_3242_cov_4.798044
      Realm: [Varidnaviria] -> [空]
      Kingdom: [Bamfordvirae] -> [空]
      Phylum: [Nucleocytoviricota] -> [空]
      Family: [Phycodnaviridae] -> [空]
      Genus: [Prasinovirus] -> [空]
      Species: [Prasinovirus micromonas] -> [空]
  SRR23107136_clean_NODE_1864_length_3239_cov_3.559065
      Species: [Biavirus raunefjordenense] -> [空]
  SRR23107136_clean_NODE_18666_length_1537_cov_4.079918
      Order: [Algavirales] -> [空]
      Species: [Phaeovirus unasiliculosus] -> [空]
  SRR23107136_clean_NODE_18774_length_1534_cov_2.629021
      Species: [Hokovirus HKV1*] -> [空]
  SRR23107136_clean_NODE_18807_length_1533_cov_1.928767
      Species: [Tupanvirus altamarinense] -> [空]
  SRR23107136_clean_NODE_18827_length_1532_cov_3.778615
      Order: [Algavirales] -> [空]
      Family: [Phycodnaviridae] -> [空]
      Genus: [Phaeovirus] -> [空]
      Species: [Phaeovirus feldmanniae] -> [空]
  SRR23107136_clean_NODE_18833_length_1532_cov_2.049349
      Order: [Algavirales] -> [空]
      Family: [Phycodnaviridae] -> [空]
      Genus: [Phaeovirus] -> [空]
      Species: [Phaeovirus unasiliculosus] -> [空]
  SRR23107136_clean_NODE_19069_length_1524_cov_2.493453
      Family: [Allomimiviridae] -> [空]
      Genus: [Oceanusvirus] -> [空]
      Species: [Oceanusvirus kaneohense] -> [空]
  SRR23107136_clean_NODE_1919_length_3215_cov_3.440165
      Order: [Algavirales] -> [空]
      Species: [Phaeovirus unasiliculosus] -> [空]
  SRR23107136_clean_NODE_19279_length_1517_cov_1.883657
      Order: [Algavirales] -> [空]
  SRR23107136_clean_NODE_19596_length_1506_cov_90.809491
      Family: [Marseilleviridae] -> [空]
      Genus: [Marseillevirus] -> [空]
      Species: [Marseillevirus massiliense] -> [空]
  SRR23107136_clean_NODE_1960_length_3200_cov_5.486089
      Species: [Fadolivirus algeromassiliense] -> [空]
  SRR23107136_clean_NODE_19769_length_1501_cov_7.815126
      Order: [Ortervirales] -> [空]
  SRR23107136_clean_NODE_19891_length_1497_cov_15.609551
      Order: [Pimascovirales] -> [空]
      Family: [Orpheoviridae] -> [空]
      Genus: [Alphaorpheovirus] -> [空]
      Species: [Alphaorpheovirus massiliense] -> [空]
  SRR23107136_clean_NODE_1993_length_3187_cov_8.034361
      Species: [Hokovirus HKV1*] -> [空]
  SRR23107136_clean_NODE_19967_length_1495_cov_3.111814
      Species: [Tupanvirus altamarinense] -> [空]
  SRR23107136_clean_NODE_20225_length_1487_cov_1.559406
      Species: [Fadolivirus algeromassiliense] -> [空]
  SRR23107136_clean_NODE_2082_length_3144_cov_4.207750
      Genus: [Fadolivirus] -> [空]
      Species: [Fadolivirus algeromassiliense] -> [空]
  SRR23107136_clean_NODE_20915_length_1466_cov_2.699928
      Species: [Hokovirus HKV1*] -> [空]
  SRR23107136_clean_NODE_21041_length_1462_cov_3.276458
      Phylum: [Nucleocytoviricota] -> [空]
      Class: [Megaviricetes] -> [空]
      Order: [Algavirales] -> [空]
      Family: [Phycodnaviridae] -> [空]
  SRR23107136_clean_NODE_21274_length_1455_cov_1.664978
      Order: [Algavirales] -> [空]
      Species: [Phaeovirus unasiliculosus] -> [空]
  SRR23107136_clean_NODE_2129_length_3129_cov_1.721204
      Realm: [Adnaviria] -> [空]
      Kingdom: [Zilligvirae] -> [空]
      Phylum: [Taleaviricota] -> [空]
  SRR23107136_clean_NODE_21380_length_1451_cov_6.186502
      Class: [Naldaviricetes] -> [空]
      Order: [Lefavirales] -> [空]
  SRR23107136_clean_NODE_21463_length_1449_cov_2.720930
      Order: [Algavirales] -> [空]
      Species: [Phaeovirus unasiliculosus] -> [空]
  SRR23107136_clean_NODE_21586_length_1446_cov_1.838310
      Species: [Indivirus ILV1*] -> [空]
  SRR23107136_clean_NODE_21599_length_1445_cov_13.798105
      Species: [Pithovirus LCPAC302] -> [空]
  SRR23107136_clean_NODE_21666_length_1443_cov_6.792701
      Species: [Alphabaculovirus myunipunctae] -> [空]
  SRR23107136_clean_NODE_21732_length_1441_cov_5.636696
      Realm: [Duplodnaviria] -> [空]
      Kingdom: [Heunggongvirae] -> [空]
      Phylum: [Uroviricota] -> [空]
      Class: [Caudoviricetes] -> [空]
  SRR23107136_clean_NODE_21746_length_1441_cov_2.281433
      Class: [Megaviricetes] -> [空]
  SRR23107136_clean_NODE_21769_length_1440_cov_3.922458
      Species: [Tupanvirus altamarinense] -> [空]
  SRR23107136_clean_NODE_22108_length_1430_cov_2.512896
      Realm: [Duplodnaviria] -> [空]
      Kingdom: [Heunggongvirae] -> [空]
      Phylum: [Peploviricota] -> [空]
      Class: [Herviviricetes] -> [空]
      Order: [Herpesvirales] -> [空]
      Family: [Orthoherpesviridae] -> [空]
      Genus: [Rhadinovirus] -> [空]
      Species: [Rhadinovirus cricetidgamma2] -> [空]
  SRR23107136_clean_NODE_22240_length_1426_cov_4.763489
      Order: [Algavirales] -> [空]
      Species: [Phaeovirus irregularis] -> [空]
  SRR23107136_clean_NODE_22419_length_1421_cov_2.958457
      Species: [Hokovirus HKV1*] -> [空]
  SRR23107136_clean_NODE_22665_length_1414_cov_3.718867
      Realm: [Varidnaviria] -> [空]
      Kingdom: [Bamfordvirae] -> [空]
      Phylum: [Nucleocytoviricota] -> [空]
      Genus: [Varicellovirus] -> [空]
      Species: [Varicellovirus canidalpha1] -> [空]
  SRR23107136_clean_NODE_2273_length_3075_cov_4.349101
      Genus: [Gammaretrovirus] -> [空]
      Species: [Gammaretrovirus snythefelsar] -> [空]
  SRR23107136_clean_NODE_23473_length_1391_cov_2.769347
      Genus: [Tupanvirus] -> [空]
      Species: [Tupanvirus salinum] -> [空]
  SRR23107136_clean_NODE_23522_length_1389_cov_19.592705
      Species: [Criusvirus kaneoense*] -> [空]
  SRR23107136_clean_NODE_23774_length_1382_cov_13.035141
      Species: [Tupanvirus altamarinense] -> [空]
  SRR23107136_clean_NODE_2381_length_3041_cov_48.388814
      Realm: [Duplodnaviria] -> [空]
      Kingdom: [Heunggongvirae] -> [空]
      Phylum: [Uroviricota] -> [空]
  SRR23107136_clean_NODE_2399_length_3035_cov_2.740716
      Realm: [Duplodnaviria] -> [空]
      Kingdom: [Heunggongvirae] -> [空]
      Phylum: [Uroviricota] -> [空]
      Class: [Caudoviricetes] -> [空]
      Order: [Pantevenvirales] -> [空]
      Family: [Kyanoviridae] -> [空]
  SRR23107136_clean_NODE_24132_length_1373_cov_3.524615
      Order: [Pimascovirales] -> [空]
      Species: [Alphaorpheovirus massiliense] -> [空]
  SRR23107136_clean_NODE_2440_length_3022_cov_2.872838
      Realm: [Duplodnaviria] -> [空]
      Kingdom: [Heunggongvirae] -> [空]
      Phylum: [Uroviricota] -> [空]
  SRR23107136_clean_NODE_24416_length_1366_cov_2.077340
      Species: [Klosneuvirus KNV1*] -> [空]
  SRR23107136_clean_NODE_24418_length_1366_cov_1.808198
      Species: [Phaeovirus unasiliculosus] -> [空]
  SRR23107136_clean_NODE_24730_length_1357_cov_11.126947
      Order: [Imitervirales] -> [空]
  SRR23107136_clean_NODE_24822_length_1355_cov_4.683307
      Species: [Klosneuvirus KNV1*] -> [空]
  SRR23107136_clean_NODE_2491_length_3002_cov_12.526118
      Order: [Algavirales] -> [空]
      Species: [Phaeovirus unasiliculosus] -> [空]
  SRR23107136_clean_NODE_2492_length_3002_cov_10.128371
      Species: [Phaeovirus unasiliculosus] -> [空]
  SRR23107136_clean_NODE_2495_length_3001_cov_4.032445
      Order: [Imitervirales] -> [空]
      Species: [Tupanvirus salinum] -> [空]
  SRR23107136_clean_NODE_24987_length_1351_cov_2.953052
      Realm: [Duplodnaviria] -> [空]
      Kingdom: [Heunggongvirae] -> [空]
      Phylum: [Uroviricota] -> [空]
      Class: [Caudoviricetes] -> [空]
      Order: [Pantevenvirales] -> [空]
  SRR23107136_clean_NODE_25127_length_1347_cov_4.360283
      Order: [Algavirales] -> [空]
      Species: [Phaeovirus feldmanniae] -> [空]
  SRR23107136_clean_NODE_2549_length_2985_cov_14.120879
      Species: [Theiavirus salishense] -> [空]
  SRR23107136_clean_NODE_2570_length_2981_cov_2.166781
      Species: [Bathycoccus sp. RCC1105 virus BpV] -> [空]
  SRR23107136_clean_NODE_25765_length_1332_cov_1.433678
      Realm: [Duplodnaviria] -> [空]
      Kingdom: [Heunggongvirae] -> [空]
      Phylum: [Uroviricota] -> [空]
      Species: [Klosneuvirus KNV1*] -> [空]
  SRR23107136_clean_NODE_25931_length_1327_cov_9.124402
      Family: [Iridoviridae] -> [空]
  SRR23107136_clean_NODE_25976_length_1326_cov_5.573025
      Order: [Imitervirales] -> [空]
  SRR23107136_clean_NODE_26029_length_1325_cov_3.481629
      Species: [Hokovirus HKV1*] -> [空]
  SRR23107136_clean_NODE_26036_length_1325_cov_2.984824
      Order: [Algavirales] -> [空]
      Family: [Phycodnaviridae] -> [空]
      Genus: [Phaeovirus] -> [空]
      Species: [Phaeovirus unasiliculosus] -> [空]
  SRR23107136_clean_NODE_26053_length_1324_cov_26.199041
      Realm: [Varidnaviria] -> [空]
      Kingdom: [Bamfordvirae] -> [空]
      Phylum: [Nucleocytoviricota] -> [空]
  SRR23107136_clean_NODE_26115_length_1323_cov_2.153600
      Realm: [Varidnaviria] -> [空]
      Kingdom: [Bamfordvirae] -> [空]
      Phylum: [Nucleocytoviricota] -> [空]
      Class: [Megaviricetes] -> [空]
  SRR23107136_clean_NODE_2628_length_2960_cov_2.627641
      Genus: [Tupanvirus] -> [空]
      Species: [Tupanvirus salinum] -> [空]
  SRR23107136_clean_NODE_2664_length_2951_cov_10.874218
      Family: [Mesomimiviridae] -> [空]
      Genus: [Tethysvirus] -> [空]
      Species: [Tethysvirus ontarioense] -> [空]
  SRR23107136_clean_NODE_26718_length_1309_cov_2.233819
      Species: [Hokovirus HKV1*] -> [空]
  SRR23107136_clean_NODE_268_length_5362_cov_29.958215
      Family: [Allomimiviridae] -> [空]
      Genus: [Oceanusvirus] -> [空]
      Species: [Oceanusvirus kaneohense] -> [空]
  SRR23107136_clean_NODE_2712_length_2935_cov_4.084207
      Order: [Algavirales] -> [空]
  SRR23107136_clean_NODE_2718_length_2933_cov_6.092657
      Genus: [Bracoviriform] -> [空]
  SRR23107136_clean_NODE_2731_length_2930_cov_4.241512
      Order: [Algavirales] -> [空]
      Species: [Phaeovirus unasiliculosus] -> [空]
  SRR23107136_clean_NODE_2733_length_2930_cov_3.072104
      Realm: [Duplodnaviria] -> [空]
      Kingdom: [Heunggongvirae] -> [空]
      Phylum: [Uroviricota] -> [空]
      Family: [Chimalliviridae] -> [空]
      Genus: [Pawinskivirus] -> [空]
      Species: [Pawinskivirus PS119XW] -> [空]
  SRR23107136_clean_NODE_27403_length_1293_cov_2.826230
      Species: [Indivirus ILV1*] -> [空]
  SRR23107136_clean_NODE_27448_length_1292_cov_2.452830
      Phylum: [Nucleocytoviricota] -> [空]
      Class: [Megaviricetes] -> [空]
      Order: [Imitervirales] -> [空]
      Family: [Mimiviridae] -> [空]
  SRR23107136_clean_NODE_27598_length_1288_cov_2.916049
      Species: [Hokovirus HKV1*] -> [空]
  SRR23107136_clean_NODE_27761_length_1284_cov_13.593724
      Order: [Pimascovirales] -> [空]
      Species: [Alphahydrivirus permafrostis] -> [空]
  SRR23107136_clean_NODE_2779_length_2916_cov_12.267323
      Class: [Pokkesviricetes] -> [空]
  SRR23107136_clean_NODE_27838_length_1283_cov_1.448760
      Species: [Hokovirus HKV1*] -> [空]
  SRR23107136_clean_NODE_27875_length_1282_cov_1.666667
      Species: [Hokovirus HKV1*] -> [空]
  SRR23107136_clean_NODE_28220_length_1274_cov_8.357202
      Order: [Algavirales] -> [空]
  SRR23107136_clean_NODE_28391_length_1271_cov_1.710351
      Genus: [Megalocytivirus] -> [空]
      Species: [Megalocytivirus lates1] -> [空]
  SRR23107136_clean_NODE_283_length_5333_cov_5.418631
      Species: [Alphacedratvirus brasiliense] -> [空]
  SRR23107136_clean_NODE_28474_length_1269_cov_2.656355
      Species: [Rheavirus sinusmexicani] -> [空]
  SRR23107136_clean_NODE_28554_length_1267_cov_65.152429
      Species: [Tupanvirus salinum] -> [空]
  SRR23107136_clean_NODE_2857_length_2891_cov_15.701207
      Species: [Tupanvirus salinum] -> [空]
  SRR23107136_clean_NODE_28709_length_1264_cov_2.899244
      Genus: [Fadolivirus] -> [空]
      Species: [Fadolivirus algeromassiliense] -> [空]
  SRR23107136_clean_NODE_2877_length_2884_cov_66.520100
      Genus: [Fadolivirus] -> [空]
      Species: [Fadolivirus algeromassiliense] -> [空]
  SRR23107136_clean_NODE_2894_length_2882_cov_6.606978
      Genus: [Tupanvirus] -> [空]
      Species: [Tupanvirus salinum] -> [空]
  SRR23107136_clean_NODE_2895_length_2882_cov_3.808829
      Order: [Algavirales] -> [空]
      Species: [Phaeovirus unasiliculosus] -> [空]
  SRR23107136_clean_NODE_28963_length_1259_cov_1.506745
      Order: [Algavirales] -> [空]
      Species: [Phaeovirus unasiliculosus] -> [空]
  SRR23107136_clean_NODE_29049_length_1257_cov_3.070946
      Phylum: [Duplornaviricota] -> [空]
      Class: [Chrymotiviricetes] -> [空]
      Order: [Ghabrivirales] -> [空]
  SRR23107136_clean_NODE_29058_length_1257_cov_2.136824
      Order: [Pimascovirales] -> [空]
      Family: [Marseilleviridae] -> [空]
  SRR23107136_clean_NODE_29127_length_1255_cov_5.031303
      Species: [Alphacedratvirus aljazairmassiliense] -> [空]
  SRR23107136_clean_NODE_29173_length_1254_cov_5.637595
      Species: [Pithovirus LCPAC201] -> [空]
  SRR23107136_clean_NODE_2944_length_2869_cov_2.675966
      Order: [Algavirales] -> [空]
      Species: [Phaeovirus unasiliculosus] -> [空]
  SRR23107136_clean_NODE_2958_length_2865_cov_2.770774
      Order: [Algavirales] -> [空]
  SRR23107136_clean_NODE_2973_length_2861_cov_3.560976
      Order: [Imitervirales] -> [空]
  SRR23107136_clean_NODE_302_length_5251_cov_23.369641
      Genus: [Biavirus] -> [空]
      Species: [Biavirus raunefjordenense] -> [空]
  SRR23107136_clean_NODE_30622_length_1223_cov_12.317391
      Family: [Marseilleviridae] -> [空]
      Genus: [Losannavirus] -> [空]
      Species: [Losannavirus tunisense] -> [空]
  SRR23107136_clean_NODE_30627_length_1223_cov_6.646087
      Order: [Pimascovirales] -> [空]
      Family: [Hydriviridae] -> [空]
      Genus: [Alphahydrivirus] -> [空]
      Species: [Alphahydrivirus permafrostis] -> [空]
  SRR23107136_clean_NODE_30699_length_1222_cov_2.139252
      Species: [Clandestinovirus] -> [空]
  SRR23107136_clean_NODE_3072_length_2837_cov_3.219609
      Order: [Algavirales] -> [空]
      Family: [Phycodnaviridae] -> [空]
      Genus: [Phaeovirus] -> [空]
      Species: [Phaeovirus unasiliculosus] -> [空]
  SRR23107136_clean_NODE_30752_length_1221_cov_2.351916
      Phylum: [Nucleocytoviricota] -> [空]
      Class: [Megaviricetes] -> [空]
      Order: [Imitervirales] -> [空]
      Family: [Mimiviridae] -> [空]
  SRR23107136_clean_NODE_3095_length_2830_cov_9.854552
      Realm: [Duplodnaviria] -> [空]
      Kingdom: [Heunggongvirae] -> [空]
      Phylum: [Uroviricota] -> [空]
      Species: [Gaiavirus gaia] -> [空]
  SRR23107136_clean_NODE_3100_length_2829_cov_5.984761
      Genus: [Fadolivirus] -> [空]
      Species: [Fadolivirus algeromassiliense] -> [空]
  SRR23107136_clean_NODE_31190_length_1212_cov_3.735733
      Family: [Marseilleviridae] -> [空]
      Genus: [Losannavirus] -> [空]
      Species: [Losannavirus tunisense] -> [空]
  SRR23107136_clean_NODE_31202_length_1212_cov_2.530290
      Species: [Hokovirus HKV1*] -> [空]
  SRR23107136_clean_NODE_31314_length_1210_cov_2.077397
      Realm: [Varidnaviria] -> [空]
      Kingdom: [Bamfordvirae] -> [空]
      Phylum: [Nucleocytoviricota] -> [空]
      Class: [Megaviricetes] -> [空]
      Order: [Imitervirales] -> [空]
  SRR23107136_clean_NODE_31460_length_1207_cov_14.402998
      Realm: [Duplodnaviria] -> [空]
      Kingdom: [Heunggongvirae] -> [空]
      Phylum: [Peploviricota] -> [空]
  SRR23107136_clean_NODE_31538_length_1206_cov_2.104148
      Species: [Indivirus ILV1*] -> [空]
  SRR23107136_clean_NODE_31668_length_1203_cov_3.959292
      Realm: [Duplodnaviria] -> [空]
      Kingdom: [Heunggongvirae] -> [空]
      Phylum: [Peploviricota] -> [空]
      Class: [Herviviricetes] -> [空]
      Order: [Herpesvirales] -> [空]
      Family: [Orthoherpesviridae] -> [空]
      Genus: [Simplexvirus] -> [空]
      Species: [Simplexvirus macacinealpha2] -> [空]
  SRR23107136_clean_NODE_3196_length_2806_cov_5.552506
      Species: [Tupanvirus salinum] -> [空]
  SRR23107136_clean_NODE_3258_length_2788_cov_2.348435
      Species: [Alphaorpheovirus massiliense] -> [空]
  SRR23107136_clean_NODE_32622_length_1185_cov_2.491007
      Genus: [Hokovirus] -> [空]
      Species: [Hokovirus HKV1*] -> [空]
  SRR23107136_clean_NODE_32669_length_1184_cov_3.379838
      Genus: [Megavirus] -> [空]
      Species: [Megavirus chilense] -> [空]
  SRR23107136_clean_NODE_327_length_5174_cov_18.252892
      Species: [Klosneuvirus KNV1*] -> [空]
  SRR23107136_clean_NODE_32912_length_1179_cov_6.411392
      Species: [Klosneuvirus KNV1*] -> [空]
  SRR23107136_clean_NODE_3292_length_2781_cov_4.317947
      Order: [Algavirales] -> [空]
      Species: [Phaeovirus irregularis] -> [空]
  SRR23107136_clean_NODE_33276_length_1172_cov_8.295723
      Order: [Algavirales] -> [空]
      Species: [Phaeovirus unasiliculosus] -> [空]
  SRR23107136_clean_NODE_3358_length_2764_cov_5.849870
      Realm: [Duplodnaviria] -> [空]
      Kingdom: [Heunggongvirae] -> [空]
      Phylum: [Uroviricota] -> [空]
  SRR23107136_clean_NODE_3365_length_2763_cov_14.554275
      Realm: [Varidnaviria] -> [空]
      Kingdom: [Bamfordvirae] -> [空]
  SRR23107136_clean_NODE_3368_length_2762_cov_7.277427
      Order: [Algavirales] -> [空]
  SRR23107136_clean_NODE_3384_length_2759_cov_2.681310
      Species: [Reynauldvirus reynauld] -> [空]
  SRR23107136_clean_NODE_34156_length_1156_cov_4.565097
      Species: [Hokovirus HKV1*] -> [空]
  SRR23107136_clean_NODE_34172_length_1156_cov_2.610342
      Species: [Sylvanvirus sp.] -> [空]
  SRR23107136_clean_NODE_3433_length_2748_cov_7.904673
      Realm: [Duplodnaviria] -> [空]
      Kingdom: [Heunggongvirae] -> [空]
      Phylum: [Uroviricota] -> [空]
  SRR23107136_clean_NODE_34394_length_1152_cov_2.004634
      Species: [Mimiviridae sp. ChoanoV1*] -> [空]
  SRR23107136_clean_NODE_3455_length_2744_cov_3.512168
      Realm: [Riboviria] -> [空]
      Kingdom: [Pararnavirae] -> [空]
      Phylum: [Artverviricota] -> [空]
  SRR23107136_clean_NODE_3464_length_2743_cov_7.682397
      Species: [Orthopoxvirus akhmetapox] -> [空]
  SRR23107136_clean_NODE_3485_length_2738_cov_5.989118
      Order: [Algavirales] -> [空]
  SRR23107136_clean_NODE_34911_length_1143_cov_1.522430
      Species: [Hokovirus HKV1*] -> [空]
  SRR23107136_clean_NODE_35304_length_1136_cov_2.798683
      Order: [Algavirales] -> [空]
      Family: [Phycodnaviridae] -> [空]
      Genus: [Phaeovirus] -> [空]
      Species: [Phaeovirus unasiliculosus] -> [空]
  SRR23107136_clean_NODE_35663_length_1130_cov_3.432356
      Order: [Algavirales] -> [空]
      Species: [Phaeovirus unasiliculosus] -> [空]
  SRR23107136_clean_NODE_3604_length_2714_cov_13.767512
      Species: [Theiavirus salishense] -> [空]
  SRR23107136_clean_NODE_3606_length_2714_cov_3.577433
      Realm: [Varidnaviria] -> [空]
      Kingdom: [Bamfordvirae] -> [空]
      Phylum: [Nucleocytoviricota] -> [空]
      Class: [Megaviricetes] -> [空]
      Order: [Algavirales] -> [空]
      Family: [Phycodnaviridae] -> [空]
      Genus: [Phaeovirus] -> [空]
      Species: [Phaeovirus unasiliculosus] -> [空]
  SRR23107136_clean_NODE_3637_length_2708_cov_3.429602
      Order: [Algavirales] -> [空]
      Family: [Phycodnaviridae] -> [空]
      Genus: [Phaeovirus] -> [空]
      Species: [Phaeovirus unasiliculosus] -> [空]
  SRR23107136_clean_NODE_36447_length_1116_cov_4.090125
      Realm: [Duplodnaviria] -> [空]
      Kingdom: [Heunggongvirae] -> [空]
      Phylum: [Uroviricota] -> [空]
      Class: [Caudoviricetes] -> [空]
      Order: [Pantevenvirales] -> [空]
      Family: [Kyanoviridae] -> [空]
      Genus: [Serangoonvirus] -> [空]
      Species: [Serangoonvirus essarone] -> [空]
  SRR23107136_clean_NODE_3644_length_2707_cov_2.731207
      Order: [Imitervirales] -> [空]
      Genus: [Cotonvirus] -> [空]
      Species: [Cotonvirus japonicum] -> [空]
  SRR23107136_clean_NODE_3651_length_2706_cov_1.682112
      Species: [Prasinovirus micromonas] -> [空]
  SRR23107136_clean_NODE_36814_length_1110_cov_3.048216
      Species: [Hokovirus HKV1*] -> [空]
  SRR23107136_clean_NODE_36_length_8125_cov_8.986587
      Realm: [Duplodnaviria] -> [空]
      Kingdom: [Heunggongvirae] -> [空]
      Phylum: [Uroviricota] -> [空]
      Order: [Pantevenvirales] -> [空]
      Species: [Metapenaeopsis lamellata majanivirus] -> [空]
  SRR23107136_clean_NODE_3705_length_2696_cov_11.480747
      Species: [Fadolivirus algeromassiliense] -> [空]
  SRR23107136_clean_NODE_3738_length_2690_cov_3.918227
      Order: [Algavirales] -> [空]
      Family: [Phycodnaviridae] -> [空]
      Genus: [Phaeovirus] -> [空]
      Species: [Phaeovirus unasiliculosus] -> [空]
  SRR23107136_clean_NODE_3746_length_2688_cov_11.331549
      Species: [Phaeovirus irregularis] -> [空]
  SRR23107136_clean_NODE_37524_length_1099_cov_1.253411
      Order: [Pimascovirales] -> [空]
      Family: [Pithoviridae] -> [空]
  SRR23107136_clean_NODE_3799_length_2678_cov_8.624952
      Realm: [Duplodnaviria] -> [空]
      Kingdom: [Heunggongvirae] -> [空]
      Phylum: [Uroviricota] -> [空]
  SRR23107136_clean_NODE_38051_length_1090_cov_1.685349
      Order: [Algavirales] -> [空]
      Species: [Phaeovirus unasiliculosus] -> [空]
  SRR23107136_clean_NODE_38246_length_1087_cov_1.480276
      Realm: [Varidnaviria] -> [空]
      Kingdom: [Bamfordvirae] -> [空]
      Phylum: [Nucleocytoviricota] -> [空]
      Class: [Megaviricetes] -> [空]
      Order: [Imitervirales] -> [空]
  SRR23107136_clean_NODE_38673_length_1080_cov_1.846077
      Species: [Phaeovirus unasiliculosus] -> [空]
  SRR23107136_clean_NODE_3930_length_2656_cov_2.639566
      Family: [Iridoviridae] -> [空]
  SRR23107136_clean_NODE_39427_length_1068_cov_2.719598
      Realm: [Duplodnaviria] -> [空]
      Kingdom: [Heunggongvirae] -> [空]
      Phylum: [Peploviricota] -> [空]
  SRR23107136_clean_NODE_3947_length_2652_cov_5.787902
      Species: [Phaeovirus unasiliculosus] -> [空]
  SRR23107136_clean_NODE_3981_length_2647_cov_8.518260
      Genus: [Fadolivirus] -> [空]
      Species: [Fadolivirus algeromassiliense] -> [空]
  SRR23107136_clean_NODE_40412_length_1053_cov_4.943878
      Class: [Naldaviricetes] -> [空]
      Genus: [Alphabaculovirus] -> [空]
      Species: [Alphabaculovirus spofrugiperdae] -> [空]
  SRR23107136_clean_NODE_404_length_4898_cov_7.862798
      Realm: [Varidnaviria] -> [空]
      Kingdom: [Bamfordvirae] -> [空]
      Phylum: [Nucleocytoviricota] -> [空]
  SRR23107136_clean_NODE_41256_length_1040_cov_9.083764
      Species: [Mimiviridae sp. ChoanoV1*] -> [空]
  SRR23107136_clean_NODE_4126_length_2619_cov_11.950903
      Species: [Phaeovirus unasiliculosus] -> [空]
  SRR23107136_clean_NODE_41280_length_1040_cov_2.867632
      Order: [Algavirales] -> [空]
  SRR23107136_clean_NODE_41341_length_1039_cov_2.768116
      Species: [Hokovirus HKV1*] -> [空]
  SRR23107136_clean_NODE_4149_length_2612_cov_9.923986
      Class: [Naldaviricetes] -> [空]
      Order: [Lefavirales] -> [空]
  SRR23107136_clean_NODE_41675_length_1034_cov_5.888658
      Phylum: [Nucleocytoviricota] -> [空]
      Class: [Megaviricetes] -> [空]
  SRR23107136_clean_NODE_41794_length_1033_cov_1.851042
      Species: [Hokovirus HKV1*] -> [空]
  SRR23107136_clean_NODE_41866_length_1032_cov_1.379562
      Order: [Imitervirales] -> [空]
  SRR23107136_clean_NODE_41920_length_1031_cov_1.843424
      Order: [Pimascovirales] -> [空]
      Family: [Orpheoviridae] -> [空]
      Genus: [Alphaorpheovirus] -> [空]
      Species: [Alphaorpheovirus massiliense] -> [空]
  SRR23107136_clean_NODE_42312_length_1025_cov_7.896008
      Species: [Mimiviridae sp. ChoanoV1*] -> [空]
  SRR23107136_clean_NODE_42500_length_1023_cov_1.256842
      Order: [Imitervirales] -> [空]
      Family: [Mimiviridae] -> [空]
  SRR23107136_clean_NODE_4254_length_2591_cov_13.194996
      Order: [Algavirales] -> [空]
  SRR23107136_clean_NODE_42561_length_1022_cov_1.604847
      Class: [Megaviricetes] -> [空]
      Order: [Imitervirales] -> [空]
  SRR23107136_clean_NODE_4268_length_2588_cov_2.852087
      Order: [Imitervirales] -> [空]
  SRR23107136_clean_NODE_4296_length_2582_cov_4.005978
      Order: [Imitervirales] -> [空]
  SRR23107136_clean_NODE_42982_length_1016_cov_2.938494
      Species: [Indivirus ILV1*] -> [空]
  SRR23107136_clean_NODE_43151_length_1014_cov_2.054198
      Species: [Tupanvirus altamarinense] -> [空]
  SRR23107136_clean_NODE_43513_length_1009_cov_2.835470
      Species: [Hokovirus HKV1*] -> [空]
  SRR23107136_clean_NODE_43595_length_1008_cov_2.835294
      Order: [Algavirales] -> [空]
  SRR23107136_clean_NODE_43764_length_1006_cov_2.679528
      Species: [Klosneuvirus KNV1*] -> [空]
  SRR23107136_clean_NODE_44004_length_1002_cov_9.145318
      Species: [Varicellovirus monodontidalpha1] -> [空]
  SRR23107136_clean_NODE_44052_length_1002_cov_1.836383
      Order: [Algavirales] -> [空]
  SRR23107136_clean_NODE_4447_length_2559_cov_6.504425
      Species: [Sylvanvirus sp.] -> [空]
  SRR23107136_clean_NODE_44540_length_995_cov_13.777657
      Class: [Herviviricetes] -> [空]
      Order: [Herpesvirales] -> [空]
  SRR23107136_clean_NODE_4463_length_2555_cov_6.238517
      Order: [Pimascovirales] -> [空]
      Family: [Marseilleviridae] -> [空]
  SRR23107136_clean_NODE_44745_length_993_cov_2.269565
      Order: [Imitervirales] -> [空]
      Family: [Mimiviridae] -> [空]
  SRR23107136_clean_NODE_44878_length_991_cov_9.900871
      Species: [Theiavirus salishense] -> [空]
  SRR23107136_clean_NODE_4492_length_2549_cov_1.944265
      Species: [Tupanvirus altamarinense] -> [空]
  SRR23107136_clean_NODE_4513_length_2544_cov_24.373938
      Kingdom: [Bamfordvirae] -> [空]
      Phylum: [Nucleocytoviricota] -> [空]
      Class: [Megaviricetes] -> [空]
      Order: [Imitervirales] -> [空]
  SRR23107136_clean_NODE_45237_length_987_cov_2.347921
      Realm: [Duplodnaviria] -> [空]
      Kingdom: [Heunggongvirae] -> [空]
      Phylum: [Uroviricota] -> [空]
      Class: [Caudoviricetes] -> [空]
      Order: [Pantevenvirales] -> [空]
      Species: [Serangoonvirus essarone] -> [空]
  SRR23107136_clean_NODE_4533_length_2542_cov_4.325638
      Species: [Phaeovirus unasiliculosus] -> [空]
  SRR23107136_clean_NODE_4539_length_2540_cov_23.889339
      Order: [Imitervirales] -> [空]
      Species: [Tupanvirus altamarinense] -> [空]
  SRR23107136_clean_NODE_454_length_4710_cov_3.054130
      Realm: [Varidnaviria] -> [空]
      Kingdom: [Bamfordvirae] -> [空]
      Phylum: [Nucleocytoviricota] -> [空]
  SRR23107136_clean_NODE_45512_length_984_cov_1.182217
      Order: [Algavirales] -> [空]
  SRR23107136_clean_NODE_4566_length_2535_cov_69.780260
      Order: [Imitervirales] -> [空]
      Family: [Mimiviridae] -> [空]
      Genus: [Theiavirus] -> [空]
      Species: [Theiavirus salishense] -> [空]
  SRR23107136_clean_NODE_4592_length_2531_cov_7.903580
      Order: [Imitervirales] -> [空]
      Species: [Theiavirus salishense] -> [空]
  SRR23107136_clean_NODE_459_length_4692_cov_9.001732
      Realm: [Duplodnaviria] -> [空]
      Kingdom: [Heunggongvirae] -> [空]
      Phylum: [Uroviricota] -> [空]
  SRR23107136_clean_NODE_46842_length_966_cov_14.764838
      Realm: [Duplodnaviria] -> [空]
      Kingdom: [Heunggongvirae] -> [空]
      Phylum: [Peploviricota] -> [空]
      Class: [Herviviricetes] -> [空]
      Order: [Herpesvirales] -> [空]
      Family: [Alloherpesviridae] -> [空]
  SRR23107136_clean_NODE_4707_length_2513_cov_27.415984
      Species: [Hokovirus HKV1*] -> [空]
  SRR23107136_clean_NODE_4751_length_2507_cov_2.232950
      Realm: [Adnaviria] -> [空]
      Kingdom: [Zilligvirae] -> [空]
      Phylum: [Taleaviricota] -> [空]
      Class: [Tokiviricetes] -> [空]
      Order: [Ligamenvirales] -> [空]
      Species: [Betalipothrixvirus puteoliense] -> [空]
  SRR23107136_clean_NODE_4757_length_2506_cov_3.270037
      Order: [Pimascovirales] -> [空]
      Family: [Marseilleviridae] -> [空]
  SRR23107136_clean_NODE_47580_length_958_cov_1.672316
      Species: [Hokovirus HKV1*] -> [空]
  SRR23107136_clean_NODE_4776_length_2503_cov_6.900823
      Realm: [Riboviria] -> [空]
      Kingdom: [Pararnavirae] -> [空]
      Phylum: [Artverviricota] -> [空]
      Class: [Revtraviricetes] -> [空]
      Order: [Ortervirales] -> [空]
      Family: [Retroviridae] -> [空]
  SRR23107136_clean_NODE_4793_length_2500_cov_11.380305
      Species: [Tethysvirus ontarioense] -> [空]
  SRR23107136_clean_NODE_4808_length_2498_cov_4.228041
      Order: [Algavirales] -> [空]
  SRR23107136_clean_NODE_48146_length_951_cov_3.576310
      Species: [Klosneuvirus KNV1*] -> [空]
  SRR23107136_clean_NODE_48263_length_950_cov_2.064994
      Kingdom: [Shotokuvirae] -> [空]
      Phylum: [Cossaviricota] -> [空]
      Class: [Papovaviricetes] -> [空]
      Order: [Zurhausenvirales] -> [空]
      Species: [Human papillomavirus types] -> [空]
  SRR23107136_clean_NODE_4862_length_2489_cov_5.611755
      Realm: [Varidnaviria] -> [空]
      Kingdom: [Bamfordvirae] -> [空]
      Phylum: [Nucleocytoviricota] -> [空]
  SRR23107136_clean_NODE_48684_length_945_cov_2.191514
      Order: [Imitervirales] -> [空]
      Family: [Mimiviridae] -> [空]
  SRR23107136_clean_NODE_4900_length_2484_cov_7.752385
      Order: [Imitervirales] -> [空]
  SRR23107136_clean_NODE_4958_length_2473_cov_3.723750
      Species: [Hokovirus HKV1*] -> [空]
  SRR23107136_clean_NODE_49705_length_933_cov_2.590698
      Realm: [Duplodnaviria] -> [空]
      Kingdom: [Heunggongvirae] -> [空]
      Phylum: [Uroviricota] -> [空]
  SRR23107136_clean_NODE_4986_length_2469_cov_14.103088
      Realm: [Duplodnaviria] -> [空]
      Kingdom: [Heunggongvirae] -> [空]
      Phylum: [Uroviricota] -> [空]
  SRR23107136_clean_NODE_50181_length_927_cov_2.516393
      Realm: [Varidnaviria] -> [空]
      Kingdom: [Bamfordvirae] -> [空]
      Phylum: [Nucleocytoviricota] -> [空]
  SRR23107136_clean_NODE_50424_length_924_cov_14.455934
      Realm: [Duplodnaviria] -> [空]
      Kingdom: [Heunggongvirae] -> [空]
      Phylum: [Uroviricota] -> [空]
  SRR23107136_clean_NODE_5058_length_2457_cov_11.070050
      Species: [Alphahydrivirus permafrostis] -> [空]
  SRR23107136_clean_NODE_5085_length_2452_cov_7.942833
      Order: [Imitervirales] -> [空]
      Species: [Theiavirus salishense] -> [空]
  SRR23107136_clean_NODE_5094_length_2451_cov_3.690076
      Order: [Pimascovirales] -> [空]
      Family: [Marseilleviridae] -> [空]
      Species: [Sylvanvirus sp.] -> [空]
  SRR23107136_clean_NODE_51379_length_914_cov_1.966706
      Order: [Algavirales] -> [空]
      Family: [Phycodnaviridae] -> [空]
      Genus: [Phaeovirus] -> [空]
  SRR23107136_clean_NODE_5165_length_2440_cov_5.806084
      Order: [Algavirales] -> [空]
      Family: [Phycodnaviridae] -> [空]
      Genus: [Phaeovirus] -> [空]
      Species: [Phaeovirus feldmanniae] -> [空]
  SRR23107136_clean_NODE_5195_length_2437_cov_2.965736
      Realm: [Duplodnaviria] -> [空]
      Kingdom: [Heunggongvirae] -> [空]
      Phylum: [Uroviricota] -> [空]
  SRR23107136_clean_NODE_5228_length_2432_cov_3.761340
      Species: [Hokovirus HKV1*] -> [空]
  SRR23107136_clean_NODE_5249_length_2428_cov_7.285350
      Order: [Algavirales] -> [空]
  SRR23107136_clean_NODE_5255_length_2428_cov_2.519745
      Order: [Imitervirales] -> [空]
  SRR23107136_clean_NODE_5274_length_2425_cov_5.220238
      Realm: [Duplodnaviria] -> [空]
      Kingdom: [Heunggongvirae] -> [空]
      Phylum: [Uroviricota] -> [空]
      Genus: [Fadolivirus] -> [空]
      Species: [Spinunavirus IPP61] -> [空]
  SRR23107136_clean_NODE_5286_length_2423_cov_32.663830
      Genus: [Moumouvirus] -> [空]
      Species: [Moumouvirus goulettemassiliense] -> [空]
  SRR23107136_clean_NODE_5294_length_2422_cov_3.309919
      Order: [Algavirales] -> [空]
      Species: [Phaeovirus unasiliculosus] -> [空]
  SRR23107136_clean_NODE_5341_length_2414_cov_3.217001
      Genus: [Fadolivirus] -> [空]
      Species: [Fadolivirus algeromassiliense] -> [空]
  SRR23107136_clean_NODE_5347_length_2413_cov_3.248718
      Species: [Alphaorpheovirus massiliense] -> [空]
  SRR23107136_clean_NODE_53638_length_891_cov_1.559902
      Genus: [Cotonvirus] -> [空]
      Species: [Cotonvirus japonicum] -> [空]
  SRR23107136_clean_NODE_5370_length_2409_cov_3.806935
      Realm: [Duplodnaviria] -> [空]
      Kingdom: [Heunggongvirae] -> [空]
      Phylum: [Uroviricota] -> [空]
  SRR23107136_clean_NODE_5385_length_2407_cov_3.790488
      Realm: [Duplodnaviria] -> [空]
      Kingdom: [Heunggongvirae] -> [空]
      Phylum: [Peploviricota] -> [空]
      Class: [Herviviricetes] -> [空]
      Order: [Herpesvirales] -> [空]
      Species: [Catovirus CTV1] -> [空]
  SRR23107136_clean_NODE_5401_length_2405_cov_5.920240
      Order: [Algavirales] -> [空]
      Species: [Phaeovirus unasiliculosus] -> [空]
  SRR23107136_clean_NODE_544_length_4448_cov_4.017371
      Realm: [Varidnaviria] -> [空]
      Kingdom: [Bamfordvirae] -> [空]
  SRR23107136_clean_NODE_55016_length_876_cov_3.596513
      Order: [Imitervirales] -> [空]
      Family: [Mimiviridae] -> [空]
  SRR23107136_clean_NODE_5531_length_2388_cov_5.942117
      Order: [Algavirales] -> [空]
      Species: [Phaeovirus irregularis] -> [空]
  SRR23107136_clean_NODE_55387_length_873_cov_1.882500
      Order: [Imitervirales] -> [空]
      Family: [Mimiviridae] -> [空]
      Genus: [Klosneuvirus] -> [Phaeovirus]
      Species: [空] -> [Phaeovirus irregularis]
  SRR23107136_clean_NODE_5546_length_2386_cov_2.129269
      Order: [Algavirales] -> [空]
  SRR23107136_clean_NODE_555_length_4425_cov_4.023438
      Genus: [Mimivirus] -> [空]
      Species: [Mimivirus lagoaense] -> [空]
  SRR23107136_clean_NODE_562_length_4414_cov_2.250864
      Species: [Hokovirus HKV1*] -> [空]
  SRR23107136_clean_NODE_5690_length_2364_cov_7.027935
      Genus: [Tupanvirus] -> [空]
      Species: [Tupanvirus altamarinense] -> [空]
  SRR23107136_clean_NODE_5740_length_2357_cov_2.454028
      Species: [Chlorovirus vanettense] -> [空]
  SRR23107136_clean_NODE_5744_length_2356_cov_6.980289
      Realm: [Duplodnaviria] -> [空]
      Kingdom: [Heunggongvirae] -> [空]
      Phylum: [Uroviricota] -> [空]
      Genus: [Fadolivirus] -> [空]
      Species: [Spinunavirus IPP61] -> [空]
  SRR23107136_clean_NODE_57711_length_851_cov_1.984576
      Realm: [Varidnaviria] -> [空]
      Kingdom: [Bamfordvirae] -> [空]
      Phylum: [Nucleocytoviricota] -> [空]
      Class: [Megaviricetes] -> [空]
  SRR23107136_clean_NODE_5786_length_2349_cov_6.822496
      Family: [Mesomimiviridae] -> [空]
      Genus: [Tethysvirus] -> [空]
      Species: [Tethysvirus ontarioense] -> [空]
  SRR23107136_clean_NODE_5788_length_2349_cov_2.964411
      Species: [Alphabaculovirus chorosaceanae] -> [空]
  SRR23107136_clean_NODE_57931_length_849_cov_2.362113
      Order: [Imitervirales] -> [空]
      Family: [Mimiviridae] -> [空]
  SRR23107136_clean_NODE_5797_length_2347_cov_3.846966
      Species: [Deltanudivirus tipoleraceae*] -> [空]
  SRR23107136_clean_NODE_5809_length_2346_cov_1.630004
      Phylum: [Nucleocytoviricota] -> [空]
      Class: [Megaviricetes] -> [空]
      Order: [Imitervirales] -> [空]
      Family: [Mimiviridae] -> [空]
  SRR23107136_clean_NODE_5817_length_2345_cov_2.233715
      Order: [Algavirales] -> [空]
      Species: [Phaeovirus unasiliculosus] -> [空]
  SRR23107136_clean_NODE_5837_length_2342_cov_18.780961
      Family: [Mesomimiviridae] -> [空]
      Genus: [Tethysvirus] -> [空]
      Species: [Tethysvirus raunefjordenense] -> [空]
  SRR23107136_clean_NODE_58691_length_843_cov_1.671429
      Species: [Deltanudivirus tipoleraceae*] -> [空]
  SRR23107136_clean_NODE_5876_length_2339_cov_2.236099
      Realm: [Duplodnaviria] -> [空]
      Kingdom: [Heunggongvirae] -> [空]
      Phylum: [Uroviricota] -> [空]
  SRR23107136_clean_NODE_59109_length_839_cov_1.759791
      Realm: [Duplodnaviria] -> [空]
      Kingdom: [Heunggongvirae] -> [空]
      Phylum: [Uroviricota] -> [空]
  SRR23107136_clean_NODE_5933_length_2332_cov_4.109340
      Species: [Phaeovirus unasiliculosus] -> [空]
  SRR23107136_clean_NODE_5972_length_2328_cov_2.027494
      Order: [Algavirales] -> [空]
      Species: [Phaeovirus unasiliculosus] -> [空]
  SRR23107136_clean_NODE_5988_length_2326_cov_11.774079
      Species: [Biavirus raunefjordenense] -> [空]
  SRR23107136_clean_NODE_6029_length_2320_cov_6.180685
      Order: [Imitervirales] -> [空]
      Species: [Tupanvirus altamarinense] -> [空]
  SRR23107136_clean_NODE_6086_length_2315_cov_2.290366
      Realm: [Varidnaviria] -> [空]
      Kingdom: [Bamfordvirae] -> [空]
      Phylum: [Nucleocytoviricota] -> [空]
      Species: [Biavirus raunefjordenense] -> [空]
  SRR23107136_clean_NODE_61189_length_820_cov_3.777778
      Species: [Hokovirus HKV1*] -> [空]
  SRR23107136_clean_NODE_6148_length_2307_cov_4.659355
      Realm: [Riboviria] -> [空]
      Kingdom: [Orthornavirae] -> [空]
      Phylum: [Pisuviricota] -> [空]
      Class: [Pisoniviricetes] -> [空]
      Order: [Picornavirales] -> [空]
      Family: [Picornaviridae] -> [空]
  SRR23107136_clean_NODE_61649_length_816_cov_5.255720
      Species: [Theiavirus salishense] -> [空]
  SRR23107136_clean_NODE_6171_length_2304_cov_16.894218
      Species: [Theiavirus salishense] -> [空]
  SRR23107136_clean_NODE_6187_length_2303_cov_4.077578
      Order: [Algavirales] -> [空]
  SRR23107136_clean_NODE_61_length_7172_cov_33.377800
      Realm: [Duplodnaviria] -> [空]
      Order: [Imitervirales] -> [空]
      Family: [Mimiviridae] -> [空]
      Genus: [空] -> [Donellivirus]
      Species: [Donellivirus gee] -> [空]
  SRR23107136_clean_NODE_6217_length_2300_cov_3.202964
      Realm: [Duplodnaviria] -> [空]
      Kingdom: [Heunggongvirae] -> [空]
      Phylum: [Uroviricota] -> [空]
  SRR23107136_clean_NODE_62393_length_810_cov_5.807327
      Species: [Klosneuvirus KNV1*] -> [空]
  SRR23107136_clean_NODE_6319_length_2288_cov_5.132731
      Species: [Tupanvirus salinum] -> [空]
  SRR23107136_clean_NODE_6326_length_2287_cov_7.948509
      Order: [Imitervirales] -> [空]
      Species: [Cotonvirus japonicum] -> [空]
  SRR23107136_clean_NODE_6340_length_2285_cov_6.940325
      Species: [Phaeovirus feldmanniae] -> [空]
  SRR23107136_clean_NODE_63413_length_802_cov_2.245542
      Realm: [Duplodnaviria] -> [空]
      Kingdom: [Heunggongvirae] -> [空]
      Phylum: [Uroviricota] -> [空]
      Class: [Caudoviricetes] -> [空]
  SRR23107136_clean_NODE_63561_length_801_cov_1.255495
      Realm: [Varidnaviria] -> [空]
      Kingdom: [Bamfordvirae] -> [空]
      Phylum: [Nucleocytoviricota] -> [空]
      Class: [Megaviricetes] -> [空]
  SRR23107136_clean_NODE_6358_length_2284_cov_2.162822
      Species: [Rheavirus sinusmexicani] -> [空]
  SRR23107136_clean_NODE_6372_length_2282_cov_5.010412
      Realm: [Varidnaviria] -> [空]
      Kingdom: [Bamfordvirae] -> [空]
      Phylum: [Nucleocytoviricota] -> [空]
      Class: [Megaviricetes] -> [空]
      Order: [Algavirales] -> [空]
  SRR23107136_clean_NODE_6390_length_2280_cov_15.879021
      Genus: [Tupanvirus] -> [空]
      Species: [Tupanvirus altamarinense] -> [空]
  SRR23107136_clean_NODE_6391_length_2280_cov_10.582691
      Species: [Phaeovirus unasiliculosus] -> [空]
  SRR23107136_clean_NODE_63964_length_797_cov_15.542818
      Realm: [Riboviria] -> [空]
      Kingdom: [Orthornavirae] -> [空]
      Phylum: [Pisuviricota] -> [空]
      Class: [Pisoniviricetes] -> [空]
      Order: [Picornavirales] -> [空]
  SRR23107136_clean_NODE_641_length_4272_cov_13.138843
      Realm: [Duplodnaviria] -> [空]
      Kingdom: [Heunggongvirae] -> [空]
      Phylum: [Uroviricota] -> [空]
      Species: [Alphabaculovirus alterhycuneae] -> [空]
  SRR23107136_clean_NODE_6434_length_2275_cov_19.382380
      Order: [Algavirales] -> [空]
  SRR23107136_clean_NODE_6454_length_2273_cov_4.578182
      Realm: [Riboviria] -> [空]
      Kingdom: [Pararnavirae] -> [空]
      Phylum: [Artverviricota] -> [空]
      Class: [Revtraviricetes] -> [空]
  SRR23107136_clean_NODE_6456_length_2273_cov_3.428636
      Class: [Megaviricetes] -> [空]
      Order: [Algavirales] -> [空]
      Family: [Phycodnaviridae] -> [空]
      Genus: [Phaeovirus] -> [空]
      Species: [Phaeovirus unasiliculosus] -> [空]
  SRR23107136_clean_NODE_6527_length_2265_cov_6.008212
      Species: [Hokovirus HKV1*] -> [空]
  SRR23107136_clean_NODE_6528_length_2265_cov_5.526916
      Order: [Algavirales] -> [空]
      Family: [Phycodnaviridae] -> [空]
  SRR23107136_clean_NODE_6602_length_2258_cov_7.891533
      Genus: [Moumouvirus] -> [空]
      Species: [Moumouvirus australiense] -> [空]
  SRR23107136_clean_NODE_66086_length_780_cov_14.394625
      Family: [Pithoviridae] -> [空]
  SRR23107136_clean_NODE_66192_length_779_cov_31.361190
      Realm: [Riboviria] -> [空]
      Kingdom: [Orthornavirae] -> [空]
      Phylum: [Pisuviricota] -> [空]
      Class: [Pisoniviricetes] -> [空]
      Order: [Picornavirales] -> [空]
  SRR23107136_clean_NODE_6627_length_2256_cov_2.358223
      Species: [Hokovirus HKV1*] -> [空]
  SRR23107136_clean_NODE_6628_length_2256_cov_2.201099
      Class: [Naldaviricetes] -> [空]
      Order: [Lefavirales] -> [空]
      Family: [Nudiviridae] -> [空]
  SRR23107136_clean_NODE_66796_length_775_cov_2.202279
      Realm: [Duplodnaviria] -> [空]
      Kingdom: [Heunggongvirae] -> [空]
      Phylum: [Peploviricota] -> [空]
      Class: [Herviviricetes] -> [空]
      Order: [Herpesvirales] -> [空]
      Family: [Orthoherpesviridae] -> [空]
      Genus: [Roseolovirus] -> [空]
      Species: [Roseolovirus humanbeta7] -> [空]
  SRR23107136_clean_NODE_66959_length_774_cov_1.801712
      Class: [Megaviricetes] -> [空]
  SRR23107136_clean_NODE_6714_length_2247_cov_3.082797
      Realm: [Duplodnaviria] -> [空]
      Kingdom: [Heunggongvirae] -> [空]
      Phylum: [Uroviricota] -> [空]
      Species: [Indivirus ILV1*] -> [空]
  SRR23107136_clean_NODE_671_length_4212_cov_17.748007
      Species: [Chlorovirus americanus] -> [空]
  SRR23107136_clean_NODE_67693_length_768_cov_2.325180
      Species: [Hokovirus HKV1*] -> [空]
  SRR23107136_clean_NODE_6771_length_2241_cov_6.285517
      Realm: [Duplodnaviria] -> [空]
      Kingdom: [Heunggongvirae] -> [空]
      Phylum: [Peploviricota] -> [空]
      Class: [Herviviricetes] -> [空]
      Order: [Herpesvirales] -> [空]
      Family: [Alloherpesviridae] -> [空]
      Genus: [Cyvirus] -> [空]
      Species: [Cyvirus anguillidallo1] -> [空]
  SRR23107136_clean_NODE_6779_length_2240_cov_3.275496
      Realm: [Duplodnaviria] -> [空]
      Kingdom: [Heunggongvirae] -> [空]
      Phylum: [Uroviricota] -> [空]
      Order: [Lefavirales] -> [空]
      Family: [Baculoviridae] -> [空]
      Genus: [Gammabaculovirus] -> [空]
      Species: [Gammabaculovirus neabietis] -> [空]
  SRR23107136_clean_NODE_680_length_4200_cov_4.779259
      Realm: [Duplodnaviria] -> [空]
      Kingdom: [Heunggongvirae] -> [空]
      Phylum: [Uroviricota] -> [空]
      Species: [Donellivirus gee] -> [空]
  SRR23107136_clean_NODE_6849_length_2232_cov_6.420102
      Species: [Hokovirus HKV1*] -> [空]
  SRR23107136_clean_NODE_68748_length_761_cov_1.454942
      Species: [Hokovirus HKV1*] -> [空]
  SRR23107136_clean_NODE_6892_length_2227_cov_8.020427
      Species: [Fadolivirus algeromassiliense] -> [空]
  SRR23107136_clean_NODE_6902_length_2226_cov_10.082675
      Genus: [Vetruanivirus] -> [空]
      Species: [Vetruanivirus porcinsecundi] -> [空]
  SRR23107136_clean_NODE_6923_length_2225_cov_4.421004
      Species: [Hokovirus HKV1*] -> [空]
  SRR23107136_clean_NODE_7010_length_2218_cov_4.161772
      Species: [Sylvanvirus sp.] -> [空]
  SRR23107136_clean_NODE_7049_length_2214_cov_2.296590
      Order: [Imitervirales] -> [空]
      Species: [Tupanvirus salinum] -> [空]
  SRR23107136_clean_NODE_7120_length_2207_cov_10.783037
      Realm: [Duplodnaviria] -> [空]
      Order: [Grandevirales] -> [空]
      Species: [Hatfieldvirus porci] -> [空]
  SRR23107136_clean_NODE_7178_length_2202_cov_1.890089
      Species: [Biavirus raunefjordenense] -> [空]
  SRR23107136_clean_NODE_72068_length_738_cov_0.881203
      Class: [Megaviricetes] -> [空]
      Order: [Imitervirales] -> [空]
  SRR23107136_clean_NODE_7208_length_2199_cov_8.166040
      Realm: [Varidnaviria] -> [空]
      Kingdom: [Bamfordvirae] -> [空]
      Phylum: [Nucleocytoviricota] -> [空]
  SRR23107136_clean_NODE_7253_length_2196_cov_2.407442
      Genus: [Tupanvirus] -> [空]
      Species: [Tupanvirus salinum] -> [空]
  SRR23107136_clean_NODE_7258_length_2195_cov_14.579171
      Order: [Imitervirales] -> [空]
      Family: [Mimiviridae] -> [空]
      Genus: [Hokovirus] -> [空]
      Species: [Hokovirus HKV1*] -> [空]
  SRR23107136_clean_NODE_728_length_4108_cov_78.196035
      Family: [Schizomimiviridae] -> [空]
      Species: [Biavirus raunefjordenense] -> [空]
  SRR23107136_clean_NODE_7295_length_2192_cov_6.617744
      Order: [Imitervirales] -> [空]
      Family: [Mesomimiviridae] -> [空]
      Genus: [Tethysvirus] -> [空]
      Species: [Tethysvirus raunefjordenense] -> [空]
  SRR23107136_clean_NODE_73124_length_730_cov_9.290715
      Family: [Schizomimiviridae] -> [空]
      Genus: [Kratosvirus] -> [空]
      Species: [Kratosvirus quantuckense] -> [空]
  SRR23107136_clean_NODE_7324_length_2190_cov_2.674067
      Order: [Algavirales] -> [空]
      Species: [Phaeovirus unasiliculosus] -> [空]
  SRR23107136_clean_NODE_73354_length_729_cov_1.490854
      Species: [Klosneuvirus KNV1*] -> [空]
  SRR23107136_clean_NODE_7345_length_2188_cov_3.485579
      Species: [Phaeovirus unasiliculosus] -> [空]
  SRR23107136_clean_NODE_74088_length_724_cov_1.883257
      Species: [Tupanvirus altamarinense] -> [空]
  SRR23107136_clean_NODE_7443_length_2179_cov_2.668566
      Genus: [Fadolivirus] -> [空]
      Species: [Fadolivirus algeromassiliense] -> [空]
  SRR23107136_clean_NODE_74759_length_719_cov_4.049536
      Realm: [Duplodnaviria] -> [空]
      Kingdom: [Heunggongvirae] -> [空]
      Phylum: [Uroviricota] -> [空]
  SRR23107136_clean_NODE_7551_length_2169_cov_4.941794
      Class: [Megaviricetes] -> [空]
      Order: [Pimascovirales] -> [空]
      Family: [Hydriviridae] -> [空]
      Genus: [Alphahydrivirus] -> [Pandoravirus]
  SRR23107136_clean_NODE_7628_length_2161_cov_3.167146
      Order: [Imitervirales] -> [空]
      Species: [Mimivirus lagoaense] -> [空]
  SRR23107136_clean_NODE_76569_length_708_cov_5.875591
      Species: [Iridovirus chilo1] -> [空]
  SRR23107136_clean_NODE_7676_length_2157_cov_4.484165
      Order: [Algavirales] -> [空]
  SRR23107136_clean_NODE_7680_length_2157_cov_2.324376
      Family: [Schizomimiviridae] -> [空]
      Genus: [Biavirus] -> [空]
      Species: [Biavirus raunefjordenense] -> [空]
  SRR23107136_clean_NODE_7724_length_2152_cov_3.339105
      Species: [Hokovirus HKV1*] -> [空]
  SRR23107136_clean_NODE_7743_length_2150_cov_5.701493
      Order: [Algavirales] -> [空]
      Species: [Phaeovirus unasiliculosus] -> [空]
  SRR23107136_clean_NODE_779_length_4041_cov_13.815272
      Realm: [Varidnaviria] -> [空]
      Kingdom: [Bamfordvirae] -> [空]
      Phylum: [Nucleocytoviricota] -> [空]
      Class: [Megaviricetes] -> [空]
  SRR23107136_clean_NODE_77_length_6937_cov_11.612471
      Realm: [Varidnaviria] -> [空]
      Kingdom: [Bamfordvirae] -> [空]
      Phylum: [Nucleocytoviricota] -> [空]
  SRR23107136_clean_NODE_7813_length_2143_cov_4.187440
      Species: [Hokovirus HKV1*] -> [空]
  SRR23107136_clean_NODE_787_length_4034_cov_12.369351
      Realm: [Varidnaviria] -> [空]
      Kingdom: [Bamfordvirae] -> [空]
      Phylum: [Nucleocytoviricota] -> [空]
      Class: [Megaviricetes] -> [空]
      Order: [Algavirales] -> [空]
  SRR23107136_clean_NODE_79439_length_691_cov_3.286408
      Realm: [Varidnaviria] -> [空]
      Kingdom: [Bamfordvirae] -> [空]
      Phylum: [Nucleocytoviricota] -> [空]
      Class: [Megaviricetes] -> [空]
  SRR23107136_clean_NODE_7959_length_2132_cov_12.417193
      Order: [Algavirales] -> [空]
      Family: [Phycodnaviridae] -> [空]
      Genus: [Phaeovirus] -> [空]
      Species: [Phaeovirus unasiliculosus] -> [空]
  SRR23107136_clean_NODE_7981_length_2130_cov_6.765192
      Species: [Fadolivirus algeromassiliense] -> [空]
  SRR23107136_clean_NODE_79824_length_689_cov_2.009740
      Genus: [Atlauavirus] -> [空]
      Species: [Atlauavirus caeruleum] -> [空]
  SRR23107136_clean_NODE_80123_length_687_cov_3.942997
      Order: [Pimascovirales] -> [空]
      Family: [Pithoviridae] -> [空]
      Genus: [Alphacedratvirus] -> [空]
      Species: [Alphacedratvirus brasiliense] -> [空]
  SRR23107136_clean_NODE_8017_length_2127_cov_2.798929
      Order: [Algavirales] -> [空]
  SRR23107136_clean_NODE_8050_length_2125_cov_4.270955
      Order: [Algavirales] -> [空]
      Family: [Phycodnaviridae] -> [空]
  SRR23107136_clean_NODE_8120_length_2119_cov_4.713099
      Realm: [Varidnaviria] -> [空]
      Kingdom: [Bamfordvirae] -> [空]
      Phylum: [Nucleocytoviricota] -> [空]
  SRR23107136_clean_NODE_8189_length_2112_cov_9.213340
      Species: [Hokovirus HKV1*] -> [空]
  SRR23107136_clean_NODE_8224_length_2109_cov_4.085953
      Order: [Algavirales] -> [空]
      Species: [Phaeovirus irregularis] -> [空]
  SRR23107136_clean_NODE_82543_length_674_cov_1.455907
      Realm: [Duplodnaviria] -> [空]
      Kingdom: [Heunggongvirae] -> [空]
      Phylum: [Uroviricota] -> [空]
  SRR23107136_clean_NODE_8255_length_2105_cov_9.532480
      Realm: [Duplodnaviria] -> [空]
      Kingdom: [Heunggongvirae] -> [空]
      Phylum: [Peploviricota] -> [空]
  SRR23107136_clean_NODE_8283_length_2102_cov_40.088221
      Species: [Klosneuvirus KNV1*] -> [空]
  SRR23107136_clean_NODE_8332_length_2099_cov_10.598223
      Genus: [Megavirus] -> [空]
      Species: [Megavirus powaiense] -> [空]
  SRR23107136_clean_NODE_8357_length_2097_cov_2.962945
      Species: [Phaeovirus unasiliculosus] -> [空]
  SRR23107136_clean_NODE_8377_length_2095_cov_6.777943
      Species: [Mimivirus lagoaense] -> [空]
  SRR23107136_clean_NODE_84303_length_664_cov_3.544839
      Realm: [Duplodnaviria] -> [空]
      Kingdom: [Heunggongvirae] -> [空]
      Phylum: [Peploviricota] -> [空]
      Class: [Herviviricetes] -> [空]
      Order: [Herpesvirales] -> [空]
  SRR23107136_clean_NODE_8448_length_2089_cov_10.114583
      Genus: [Theiavirus] -> [空]
      Species: [Theiavirus salishense] -> [空]
  SRR23107136_clean_NODE_84801_length_662_cov_1.101868
      Realm: [Duplodnaviria] -> [空]
      Kingdom: [Heunggongvirae] -> [空]
      Phylum: [Uroviricota] -> [空]
  SRR23107136_clean_NODE_84999_length_660_cov_4.279387
      Realm: [Duplodnaviria] -> [空]
      Kingdom: [Heunggongvirae] -> [空]
      Phylum: [Peploviricota] -> [空]
  SRR23107136_clean_NODE_8515_length_2083_cov_25.679602
      Genus: [Tupanvirus] -> [Klosneuvirus]
      Species: [Tupanvirus altamarinense] -> [空]
  SRR23107136_clean_NODE_8525_length_2083_cov_1.530846
      Phylum: [Nucleocytoviricota] -> [空]
      Class: [Megaviricetes] -> [空]
      Order: [Imitervirales] -> [空]
      Family: [Mimiviridae] -> [空]
  SRR23107136_clean_NODE_852_length_3956_cov_79.976307
      Species: [Chlorovirus americanus] -> [空]
  SRR23107136_clean_NODE_8590_length_2077_cov_11.042415
      Order: [Imitervirales] -> [空]
  SRR23107136_clean_NODE_8639_length_2074_cov_1.935032
      Species: [Mimiviridae sp. ChoanoV1*] -> [空]
  SRR23107136_clean_NODE_86788_length_651_cov_2.307958
      Class: [Naldaviricetes] -> [空]
      Order: [Lefavirales] -> [空]
  SRR23107136_clean_NODE_8754_length_2065_cov_17.982932
      Order: [Imitervirales] -> [空]
      Species: [Tethysvirus raunefjordenense] -> [空]
  SRR23107136_clean_NODE_8771_length_2065_cov_1.652610
      Order: [Algavirales] -> [空]
      Species: [Phaeovirus unasiliculosus] -> [空]
  SRR23107136_clean_NODE_8803_length_2062_cov_9.325792
      Species: [Biavirus raunefjordenense] -> [空]
  SRR23107136_clean_NODE_8855_length_2057_cov_2.869456
      Species: [Imitervirales sp.] -> [空]
  SRR23107136_clean_NODE_885_length_3924_cov_2.906777
      Family: [Schizomimiviridae] -> [空]
      Genus: [Biavirus] -> [空]
      Species: [Biavirus raunefjordenense] -> [空]
  SRR23107136_clean_NODE_9056_length_2041_cov_2.392785
      Order: [Algavirales] -> [空]
      Family: [Phycodnaviridae] -> [空]
      Genus: [Phaeovirus] -> [空]
      Species: [Phaeovirus unasiliculosus] -> [空]
  SRR23107136_clean_NODE_91354_length_629_cov_1.158273
      Family: [Pithoviridae] -> [空]
  SRR23107136_clean_NODE_91485_length_628_cov_2.207207
      Species: [Porcellio scaber clopovirus] -> [空]
  SRR23107136_clean_NODE_9229_length_2026_cov_2.690220
      Realm: [Varidnaviria] -> [空]
      Kingdom: [Bamfordvirae] -> [空]
      Phylum: [Nucleocytoviricota] -> [空]
      Class: [Megaviricetes] -> [空]
      Order: [Pimascovirales] -> [空]
  SRR23107136_clean_NODE_93751_length_618_cov_1.042202
      Species: [Oriental turtle dovepox virus] -> [空]
  SRR23107136_clean_NODE_95200_length_611_cov_1.617100
      Species: [Tupanvirus altamarinense] -> [空]
  SRR23107136_clean_NODE_9541_length_2001_cov_2.410270
      Realm: [Varidnaviria] -> [空]
      Kingdom: [Bamfordvirae] -> [空]
      Phylum: [Nucleocytoviricota] -> [空]
  SRR23107136_clean_NODE_9544_length_2000_cov_44.649196
      Order: [Algavirales] -> [空]
  SRR23107136_clean_NODE_9614_length_1995_cov_2.697190
      Genus: [Scutavirus] -> [空]
      Species: [Scutavirus chelonidalpha5] -> [空]
  SRR23107136_clean_NODE_9621_length_1994_cov_3.319625
      Order: [Imitervirales] -> [空]
      Species: [Tethysvirus raunefjordenense] -> [空]
  SRR23107136_clean_NODE_9649_length_1992_cov_2.529964
      Species: [Tupanvirus salinum] -> [空]
  SRR23107136_clean_NODE_97992_length_599_cov_1.171103
      Genus: [Alphacedratvirus] -> [空]
      Species: [Alphacedratvirus brasiliense] -> [空]
  SRR23107136_clean_NODE_9810_length_1980_cov_5.096487
      Order: [Pimascovirales] -> [空]
      Family: [Hydriviridae] -> [空]
      Genus: [Alphahydrivirus] -> [Pandoravirus]
  SRR23107136_clean_NODE_9877_length_1975_cov_9.056257
      Species: [Theiavirus salishense] -> [空]
  SRR23107136_clean_NODE_99385_length_593_cov_1.267308
      Order: [Pimascovirales] -> [空]
      Family: [Marseilleviridae] -> [空]
  SRR23107136_clean_NODE_9985_length_1969_cov_2.110232
      Species: [Tupanvirus altamarinense] -> [空]
  SRR23107139_clean_NODE_10085_length_1391_cov_9.874810
      Order: [Algavirales] -> [空]
  SRR23107139_clean_NODE_10148_length_1388_cov_4.743726
      Genus: [Tupanvirus] -> [空]
      Species: [Tupanvirus salinum] -> [空]
  SRR23107139_clean_NODE_1033_length_2982_cov_17.102784
      Species: [Phaeovirus unasiliculosus] -> [空]
  SRR23107139_clean_NODE_10479_length_1369_cov_3.749228
      Species: [Losannavirus lausannense] -> [空]
  SRR23107139_clean_NODE_10990_length_1342_cov_1.620961
      Realm: [Riboviria] -> [空]
      Kingdom: [Pararnavirae] -> [空]
      Phylum: [Artverviricota] -> [空]
      Class: [Revtraviricetes] -> [空]
      Order: [Ortervirales] -> [空]
      Family: [Retroviridae] -> [空]
  SRR23107139_clean_NODE_11183_length_1330_cov_2.569610
      Species: [Tethysvirus raunefjordenense] -> [空]
  SRR23107139_clean_NODE_1127_length_2901_cov_4.684936
      Realm: [Duplodnaviria] -> [空]
      Kingdom: [Heunggongvirae] -> [空]
      Phylum: [Peploviricota] -> [空]
      Class: [Herviviricetes] -> [空]
      Order: [Herpesvirales] -> [空]
  SRR23107139_clean_NODE_1129_length_2898_cov_3.692035
      Order: [Algavirales] -> [空]
      Family: [Phycodnaviridae] -> [空]
      Species: [Phaeovirus unasiliculosus] -> [空]
  SRR23107139_clean_NODE_12148_length_1279_cov_3.048093
      Species: [Tupanvirus salinum] -> [空]
  SRR23107139_clean_NODE_12875_length_1244_cov_8.807003
      Order: [Imitervirales] -> [空]
      Family: [Allomimiviridae] -> [空]
  SRR23107139_clean_NODE_13086_length_1236_cov_2.621668
      Order: [Algavirales] -> [空]
      Species: [Phaeovirus unasiliculosus] -> [空]
  SRR23107139_clean_NODE_13106_length_1235_cov_2.022375
      Order: [Algavirales] -> [空]
      Family: [Phycodnaviridae] -> [空]
      Genus: [Phaeovirus] -> [空]
      Species: [Phaeovirus unasiliculosus] -> [空]
  SRR23107139_clean_NODE_1348_length_2774_cov_5.932247
      Species: [Fadolivirus algeromassiliense] -> [空]
  SRR23107139_clean_NODE_14434_length_1179_cov_1.133816
      Realm: [Duplodnaviria] -> [空]
      Kingdom: [Heunggongvirae] -> [空]
      Phylum: [Uroviricota] -> [空]
      Order: [Imitervirales] -> [空]
      Family: [Schizomimiviridae] -> [空]
      Genus: [空] -> [Traversvirus]
      Species: [Traversvirus min27] -> [空]
  SRR23107139_clean_NODE_1466_length_2705_cov_2.286854
      Order: [Algavirales] -> [空]
      Species: [Chlorovirus longinquus] -> [空]
  SRR23107139_clean_NODE_1489_length_2686_cov_6.946422
      Order: [Pimascovirales] -> [空]
  SRR23107139_clean_NODE_15103_length_1151_cov_27.142857
      Order: [Pimascovirales] -> [空]
  SRR23107139_clean_NODE_1515_length_2674_cov_3.720492
      Order: [Algavirales] -> [空]
      Species: [Phaeovirus unasiliculosus] -> [空]
  SRR23107139_clean_NODE_15282_length_1145_cov_2.890858
      Order: [Imitervirales] -> [空]
      Family: [Mimiviridae] -> [空]
      Genus: [Mimivirus] -> [空]
      Species: [Mimivirus lagoaense] -> [空]
  SRR23107139_clean_NODE_15373_length_1141_cov_23.424157
      Phylum: [Nucleocytoviricota] -> [空]
      Class: [Megaviricetes] -> [空]
      Order: [Imitervirales] -> [空]
      Family: [Mimiviridae] -> [空]
  SRR23107139_clean_NODE_15876_length_1123_cov_3.325714
      Realm: [Duplodnaviria] -> [空]
      Kingdom: [Heunggongvirae] -> [空]
      Phylum: [Peploviricota] -> [空]
      Class: [Naldaviricetes] -> [空]
      Order: [Lefavirales] -> [空]
  SRR23107139_clean_NODE_1612_length_2619_cov_10.807934
      Realm: [Varidnaviria] -> [空]
      Kingdom: [Bamfordvirae] -> [空]
      Phylum: [Nucleocytoviricota] -> [空]
  SRR23107139_clean_NODE_1655_length_2592_cov_9.264788
      Realm: [Duplodnaviria] -> [空]
      Kingdom: [Heunggongvirae] -> [空]
      Phylum: [Uroviricota] -> [空]
  SRR23107139_clean_NODE_16607_length_1097_cov_2.628906
      Species: [Tupanvirus altamarinense] -> [空]
  SRR23107139_clean_NODE_166_length_4951_cov_7.338868
      Species: [Klosneuvirus KNV1*] -> [空]
  SRR23107139_clean_NODE_1677_length_2583_cov_2.492430
      Order: [Imitervirales] -> [空]
      Species: [Tupanvirus salinum] -> [空]
  SRR23107139_clean_NODE_1715_length_2567_cov_2.154771
      Species: [Biavirus raunefjordenense] -> [空]
  SRR23107139_clean_NODE_17368_length_1072_cov_1.280280
      Order: [Algavirales] -> [空]
      Species: [Phaeovirus irregularis] -> [空]
  SRR23107139_clean_NODE_1824_length_2520_cov_12.840213
      Order: [Imitervirales] -> [空]
      Family: [Mimiviridae] -> [空]
      Genus: [Megavirus] -> [空]
      Species: [Megavirus powaiense] -> [空]
  SRR23107139_clean_NODE_18336_length_1042_cov_1.744066
      Realm: [Duplodnaviria] -> [空]
      Kingdom: [Heunggongvirae] -> [空]
      Phylum: [Peploviricota] -> [空]
  SRR23107139_clean_NODE_183_length_4791_cov_10.220856
      Genus: [Fadolivirus] -> [空]
      Species: [Fadolivirus algeromassiliense] -> [空]
  SRR23107139_clean_NODE_19166_length_1016_cov_1.753977
      Species: [Hokovirus HKV1*] -> [空]
  SRR23107139_clean_NODE_1927_length_2483_cov_2.854357
      Realm: [Duplodnaviria] -> [空]
      Kingdom: [Heunggongvirae] -> [空]
      Phylum: [Uroviricota] -> [空]
      Class: [Caudoviricetes] -> [空]
      Order: [Pantevenvirales] -> [空]
      Species: [Salacisavirus pssm2] -> [空]
  SRR23107139_clean_NODE_1928_length_2483_cov_2.639419
      Species: [Phaeovirus irregularis] -> [空]
  SRR23107139_clean_NODE_19638_length_1002_cov_1.918192
      Class: [Naldaviricetes] -> [空]
      Order: [Lefavirales] -> [空]
      Species: [Alphabaculovirus hytalacae] -> [空]
  SRR23107139_clean_NODE_20014_length_991_cov_2.913943
      Species: [Mimivirus LCMiAC01] -> [空]
  SRR23107139_clean_NODE_2025_length_2449_cov_5.472643
      Species: [Hokovirus HKV1*] -> [空]
  SRR23107139_clean_NODE_2120_length_2413_cov_3.272650
      Order: [Algavirales] -> [空]
      Species: [Phaeovirus irregularis] -> [空]
  SRR23107139_clean_NODE_2171_length_2396_cov_4.140336
      Order: [Algavirales] -> [空]
      Family: [Phycodnaviridae] -> [空]
  SRR23107139_clean_NODE_22531_length_928_cov_18.308772
      Family: [Marseilleviridae] -> [空]
      Genus: [Marseillevirus] -> [空]
      Species: [Marseillevirus senegalense] -> [空]
  SRR23107139_clean_NODE_2288_length_2361_cov_2.767920
      Genus: [Fadolivirus] -> [空]
      Species: [Fadolivirus algeromassiliense] -> [空]
  SRR23107139_clean_NODE_2350_length_2338_cov_4.695806
      Species: [Biavirus raunefjordenense] -> [空]
  SRR23107139_clean_NODE_23961_length_897_cov_1.850728
      Species: [Tethysvirus ontarioense] -> [空]
  SRR23107139_clean_NODE_24449_length_886_cov_2.581796
      Class: [Naldaviricetes] -> [空]
      Order: [Lefavirales] -> [空]
      Family: [Baculoviridae] -> [空]
      Genus: [Alphabaculovirus] -> [空]
      Species: [Alphabaculovirus ardigrammae] -> [空]
  SRR23107139_clean_NODE_24977_length_875_cov_2.461347
      Species: [Mimiviridae sp. ChoanoV1*] -> [空]
  SRR23107139_clean_NODE_2541_length_2280_cov_85.343453
      Realm: [Varidnaviria] -> [空]
      Kingdom: [Bamfordvirae] -> [空]
      Phylum: [Nucleocytoviricota] -> [空]
  SRR23107139_clean_NODE_25812_length_859_cov_1.601781
      Species: [Hokovirus HKV1*] -> [空]
  SRR23107139_clean_NODE_2609_length_2263_cov_25.216438
      Species: [Klosneuvirus KNV1*] -> [空]
  SRR23107139_clean_NODE_2632_length_2255_cov_2.969294
      Family: [Mesomimiviridae] -> [空]
      Genus: [Tethysvirus] -> [空]
      Species: [Tethysvirus ontarioense] -> [空]
  SRR23107139_clean_NODE_2705_length_2238_cov_9.520092
      Order: [Imitervirales] -> [空]
      Family: [Mimiviridae] -> [空]
      Genus: [Tupanvirus] -> [空]
      Species: [Tupanvirus altamarinense] -> [空]
  SRR23107139_clean_NODE_27096_length_836_cov_1.195282
      Family: [Phycodnaviridae] -> [空]
  SRR23107139_clean_NODE_2869_length_2199_cov_20.948260
      Realm: [Varidnaviria] -> [空]
      Kingdom: [Bamfordvirae] -> [空]
      Phylum: [Nucleocytoviricota] -> [空]
  SRR23107139_clean_NODE_29469_length_795_cov_2.005540
      Genus: [Fadolivirus] -> [空]
      Species: [Fadolivirus algeromassiliense] -> [空]
  SRR23107139_clean_NODE_2948_length_2181_cov_6.425996
      Species: [Biavirus raunefjordenense] -> [空]
  SRR23107139_clean_NODE_2965_length_2176_cov_12.627199
      Order: [Algavirales] -> [空]
      Family: [Phycodnaviridae] -> [空]
      Genus: [Phaeovirus] -> [空]
      Species: [Phaeovirus unasiliculosus] -> [空]
  SRR23107139_clean_NODE_3062_length_2159_cov_3.166826
      Order: [Imitervirales] -> [空]
      Species: [Fadolivirus algeromassiliense] -> [空]
  SRR23107139_clean_NODE_30643_length_777_cov_2.173295
      Species: [Pithovirus LCPAC103] -> [空]
  SRR23107139_clean_NODE_3098_length_2151_cov_27.053898
      Order: [Imitervirales] -> [空]
  SRR23107139_clean_NODE_3208_length_2130_cov_7.163345
      Species: [Klosneuvirus KNV1*] -> [空]
  SRR23107139_clean_NODE_329_length_4019_cov_4.322352
      Order: [Imitervirales] -> [空]
      Species: [Theiavirus salishense] -> [空]
  SRR23107139_clean_NODE_3349_length_2098_cov_11.464691
      Order: [Imitervirales] -> [空]
      Species: [Mimivirus lagoaense] -> [空]
  SRR23107139_clean_NODE_3415_length_2082_cov_2.834246
      Order: [Imitervirales] -> [空]
  SRR23107139_clean_NODE_34274_length_726_cov_1.523737
      Species: [Indivirus ILV1*] -> [空]
  SRR23107139_clean_NODE_3440_length_2076_cov_4.078882
      Species: [Mimiviridae sp. ChoanoV1*] -> [空]
  SRR23107139_clean_NODE_34785_length_719_cov_1.503096
      Realm: [Duplodnaviria] -> [空]
      Kingdom: [Heunggongvirae] -> [空]
      Phylum: [Uroviricota] -> [空]
  SRR23107139_clean_NODE_350_length_3962_cov_3.525071
      Realm: [Varidnaviria] -> [空]
      Kingdom: [Bamfordvirae] -> [空]
  SRR23107139_clean_NODE_35146_length_714_cov_2.230889
      Species: [Hokovirus HKV1*] -> [空]
  SRR23107139_clean_NODE_355_length_3938_cov_10.926003
      Genus: [Cotonvirus] -> [空]
      Species: [Cotonvirus japonicum] -> [空]
  SRR23107139_clean_NODE_3577_length_2048_cov_5.253165
      Realm: [Varidnaviria] -> [空]
      Kingdom: [Bamfordvirae] -> [空]
      Phylum: [Nucleocytoviricota] -> [空]
      Genus: [Mimivirus] -> [空]
      Species: [Mimivirus lagoaense] -> [空]
  SRR23107139_clean_NODE_36247_length_701_cov_1.455414
      Class: [Megaviricetes] -> [空]
      Order: [Imitervirales] -> [空]
      Family: [Mimiviridae] -> [空]
  SRR23107139_clean_NODE_3665_length_2033_cov_2.302041
      Order: [Pimascovirales] -> [空]
      Family: [Pithoviridae] -> [空]
  SRR23107139_clean_NODE_368_length_3906_cov_8.542917
      Species: [Chrysophyceae clade H virus] -> [空]
  SRR23107139_clean_NODE_370_length_3895_cov_4.368655
      Species: [Hokovirus HKV1*] -> [空]
  SRR23107139_clean_NODE_38779_length_672_cov_1.460768
      Realm: [Duplodnaviria] -> [空]
      Kingdom: [Heunggongvirae] -> [空]
      Phylum: [Peploviricota] -> [空]
  SRR23107139_clean_NODE_4006_length_1973_cov_1.783158
      Realm: [Varidnaviria] -> [空]
      Kingdom: [Bamfordvirae] -> [空]
      Phylum: [Nucleocytoviricota] -> [空]
      Class: [Megaviricetes] -> [空]
      Order: [Imitervirales] -> [空]
  SRR23107139_clean_NODE_41470_length_645_cov_2.323427
      Species: [Mimiviridae sp. ChoanoV1*] -> [空]
  SRR23107139_clean_NODE_4160_length_1948_cov_9.987733
      Family: [Mimiviridae] -> [空]
      Genus: [Mimivirus] -> [空]
      Species: [Mimivirus lagoaense] -> [空]
  SRR23107139_clean_NODE_41700_length_643_cov_1.512281
      Order: [Imitervirales] -> [空]
  SRR23107139_clean_NODE_4207_length_1943_cov_2.456684
      Species: [Biavirus raunefjordenense] -> [空]
  SRR23107139_clean_NODE_431_length_3751_cov_5.322186
      Family: [Schizomimiviridae] -> [空]
      Genus: [Biavirus] -> [空]
      Species: [Biavirus raunefjordenense] -> [空]
  SRR23107139_clean_NODE_435_length_3738_cov_4.871487
      Genus: [Klosneuvirus] -> [空]
      Species: [Klosneuvirus KNV1*] -> [空]
  SRR23107139_clean_NODE_447_length_3711_cov_7.452446
      Species: [Chlorovirus americanus] -> [空]
  SRR23107139_clean_NODE_4620_length_1876_cov_5.926234
      Family: [Mesomimiviridae] -> [空]
      Genus: [Tethysvirus] -> [空]
      Species: [Tethysvirus raunefjordenense] -> [空]
  SRR23107139_clean_NODE_4656_length_1872_cov_3.224013
      Genus: [Moumouvirus] -> [空]
      Species: [Moumouvirus goulettemassiliense] -> [空]
  SRR23107139_clean_NODE_4703_length_1865_cov_2.055246
      Species: [Satyrvirus sp.*] -> [空]
  SRR23107139_clean_NODE_4844_length_1843_cov_2.652542
      Order: [Imitervirales] -> [空]
      Species: [Tupanvirus salinum] -> [空]
  SRR23107139_clean_NODE_5093_length_1810_cov_2.125504
      Genus: [Chlorovirus] -> [空]
      Species: [Chlorovirus vanettense] -> [空]
  SRR23107139_clean_NODE_51232_length_566_cov_1.107505
      Species: [Rheavirus sinusmexicani] -> [空]
  SRR23107139_clean_NODE_5137_length_1804_cov_4.705373
      Order: [Algavirales] -> [空]
      Species: [Phaeovirus unasiliculosus] -> [空]
  SRR23107139_clean_NODE_52537_length_557_cov_1.564050
      Species: [Indivirus ILV1*] -> [空]
  SRR23107139_clean_NODE_52741_length_556_cov_1.002070
      Family: [Mamonoviridae] -> [空]
      Genus: [Medusavirus] -> [空]
      Species: [Medusavirus sthenus] -> [空]
  SRR23107139_clean_NODE_535_length_3529_cov_3.469039
      Order: [Algavirales] -> [空]
      Family: [Phycodnaviridae] -> [空]
  SRR23107139_clean_NODE_5375_length_1776_cov_3.243688
      Species: [Mimivirus lagoaense] -> [空]
  SRR23107139_clean_NODE_53781_length_549_cov_1.588235
      Class: [Naldaviricetes] -> [空]
      Order: [Lefavirales] -> [空]
  SRR23107139_clean_NODE_5423_length_1771_cov_3.103062
      Genus: [Alphapithovirus] -> [空]
      Species: [Alphapithovirus massiliense] -> [空]
  SRR23107139_clean_NODE_5591_length_1753_cov_4.347024
      Species: [Teubervirus LW31] -> [空]
  SRR23107139_clean_NODE_5791_length_1732_cov_3.192285
      Family: [Mesomimiviridae] -> [空]
      Genus: [Tethysvirus] -> [空]
      Species: [Tethysvirus ontarioense] -> [空]
  SRR23107139_clean_NODE_60007_length_513_cov_1.652273
      Species: [Rheavirus sinusmexicani] -> [空]
  SRR23107139_clean_NODE_6014_length_1708_cov_2.659327
      Species: [Mimiviridae sp. ChoanoV1] -> [空]
  SRR23107139_clean_NODE_6050_length_1703_cov_1.745399
      Species: [Fadolivirus algeromassiliense] -> [空]
  SRR23107139_clean_NODE_60694_length_510_cov_0.718535
      Realm: [Riboviria] -> [空]
      Kingdom: [Pararnavirae] -> [空]
  SRR23107139_clean_NODE_61427_length_506_cov_1.131640
      Genus: [Megavirus] -> [空]
      Species: [Megavirus baoshanense] -> [空]
  SRR23107139_clean_NODE_61718_length_504_cov_2.122970
      Genus: [Mimivirus] -> [空]
      Species: [Mimivirus lagoaense] -> [空]
  SRR23107139_clean_NODE_6177_length_1692_cov_2.972823
      Species: [Klosneuvirus KNV1*] -> [空]
  SRR23107139_clean_NODE_624_length_3376_cov_9.882834
      Realm: [Duplodnaviria] -> [空]
      Species: [Donellivirus gee] -> [空]
  SRR23107139_clean_NODE_6517_length_1659_cov_2.290038
      Phylum: [Nucleocytoviricota] -> [空]
  SRR23107139_clean_NODE_684_length_3305_cov_20.426361
      Species: [Fadolivirus algeromassiliense] -> [空]
  SRR23107139_clean_NODE_694_length_3297_cov_8.544045
      Species: [Tupanvirus altamarinense] -> [空]
  SRR23107139_clean_NODE_7063_length_1608_cov_2.001303
      Class: [Naldaviricetes] -> [空]
      Order: [Lefavirales] -> [空]
      Family: [Nudiviridae] -> [空]
      Genus: [Betanudivirus] -> [空]
      Species: [Betanudivirus hezeae] -> [空]
  SRR23107139_clean_NODE_710_length_3278_cov_9.196568
      Realm: [Varidnaviria] -> [空]
      Kingdom: [Bamfordvirae] -> [空]
      Phylum: [Nucleocytoviricota] -> [空]
  SRR23107139_clean_NODE_7269_length_1591_cov_3.835310
      Realm: [Duplodnaviria] -> [空]
      Kingdom: [Heunggongvirae] -> [空]
      Phylum: [Uroviricota] -> [空]
  SRR23107139_clean_NODE_7383_length_1582_cov_2.304175
      Order: [Pimascovirales] -> [空]
      Species: [Alphaorpheovirus massiliense] -> [空]
  SRR23107139_clean_NODE_7413_length_1580_cov_2.899137
      Genus: [Fadolivirus] -> [空]
      Species: [Fadolivirus algeromassiliense] -> [空]
  SRR23107139_clean_NODE_8284_length_1511_cov_16.004868
      Class: [Megaviricetes] -> [空]
      Order: [Imitervirales] -> [空]
      Family: [Schizomimiviridae] -> [空]
      Genus: [Biavirus] -> [空]
      Species: [Biavirus raunefjordenense] -> [空]
  SRR23107139_clean_NODE_839_length_3146_cov_8.809307
      Species: [Alphaorpheovirus massiliense*] -> [空]
  SRR23107139_clean_NODE_9097_length_1455_cov_1.949349
      Genus: [Tupanvirus] -> [空]
      Species: [Tupanvirus salinum] -> [空]
  SRR23107139_clean_NODE_9112_length_1454_cov_1.011586
      Species: [Hokovirus HKV1*] -> [空]
  SRR23107139_clean_NODE_9259_length_1443_cov_12.784672
      Realm: [Varidnaviria] -> [空]
      Kingdom: [Bamfordvirae] -> [空]
      Phylum: [Nucleocytoviricota] -> [空]
  SRR23107139_clean_NODE_9470_length_1430_cov_2.605011
      Species: [Hokovirus HKV1*] -> [空]
  SRR23107139_clean_NODE_9624_length_1420_cov_67.623608
      Realm: [Varidnaviria] -> [空]
      Kingdom: [Bamfordvirae] -> [空]
      Phylum: [Nucleocytoviricota] -> [空]
      Class: [Megaviricetes] -> [空]
  SRR23107139_clean_NODE_9690_length_1416_cov_20.991809
      Family: [Marseilleviridae] -> [空]
      Genus: [Losannavirus] -> [空]
      Species: [Losannavirus lausannense] -> [空]
  SRR23107139_clean_NODE_9745_length_1413_cov_2.295522
      Species: [Pseudovirus nicotianae] -> [空]
  SRR23107141_clean_NODE_10116_length_1324_cov_1.768185
      Species: [Marseillevirus LCMAC201] -> [空]
  SRR23107141_clean_NODE_10330_length_1311_cov_3.086430
      Order: [Imitervirales] -> [空]
  SRR23107141_clean_NODE_1035_length_2847_cov_44.660058
      Family: [Mesomimiviridae] -> [空]
      Genus: [Tethysvirus] -> [空]
      Species: [Tethysvirus ontarioense] -> [空]
  SRR23107141_clean_NODE_1058_length_2834_cov_3.852227
      Species: [Hokovirus HKV1*] -> [空]
  SRR23107141_clean_NODE_10775_length_1285_cov_2.092409
      Phylum: [Uroviricota] -> [空]
      Family: [Chimalliviridae] -> [空]
      Genus: [Phabiovirus] -> [空]
      Species: [Phabiovirus phabio] -> [空]
  SRR23107141_clean_NODE_11272_length_1259_cov_1.879427
      Order: [Imitervirales] -> [空]
      Species: [Cotonvirus japonicum] -> [空]
  SRR23107141_clean_NODE_1141_length_2771_cov_5.884729
      Realm: [Riboviria] -> [空]
      Kingdom: [Pararnavirae] -> [空]
      Phylum: [Artverviricota] -> [空]
      Class: [Revtraviricetes] -> [空]
      Order: [Ortervirales] -> [空]
  SRR23107141_clean_NODE_11831_length_1231_cov_2.072539
      Species: [Hokovirus HKV1*] -> [空]
  SRR23107141_clean_NODE_1250_length_2711_cov_2.287339
      Genus: [Tupanvirus] -> [空]
      Species: [Tupanvirus salinum] -> [空]
  SRR23107141_clean_NODE_12884_length_1180_cov_6.225836
      Species: [Varicellovirus caprinealpha1] -> [空]
  SRR23107141_clean_NODE_13200_length_1167_cov_1.496344
      Species: [Hokovirus HKV1*] -> [空]
  SRR23107141_clean_NODE_13798_length_1141_cov_3.734082
      Realm: [Varidnaviria] -> [空]
      Kingdom: [Bamfordvirae] -> [空]
      Phylum: [Nucleocytoviricota] -> [空]
  SRR23107141_clean_NODE_1442_length_2602_cov_2.728351
      Order: [Algavirales] -> [空]
      Species: [Phaeovirus unasiliculosus] -> [空]
  SRR23107141_clean_NODE_1463_length_2591_cov_2.858618
      Order: [Algavirales] -> [空]
      Family: [Phycodnaviridae] -> [空]
      Genus: [Phaeovirus] -> [空]
      Species: [Phaeovirus feldmanniae] -> [空]
  SRR23107141_clean_NODE_14671_length_1105_cov_3.029070
      Order: [Imitervirales] -> [空]
      Family: [Mimiviridae] -> [空]
      Genus: [Megavirus] -> [空]
      Species: [Megavirus baoshanense] -> [空]
  SRR23107141_clean_NODE_1468_length_2585_cov_2.945064
      Realm: [Duplodnaviria] -> [空]
      Kingdom: [Heunggongvirae] -> [空]
      Phylum: [Uroviricota] -> [空]
  SRR23107141_clean_NODE_14830_length_1099_cov_1.614035
      Species: [Hokovirus HKV1*] -> [空]
  SRR23107141_clean_NODE_1484_length_2579_cov_2.646848
      Order: [Pimascovirales] -> [空]
      Species: [Pentanymphon antarcticum iridovirus] -> [空]
  SRR23107141_clean_NODE_1515_length_2562_cov_1.897549
      Species: [Tupanvirus salinum] -> [空]
  SRR23107141_clean_NODE_15257_length_1083_cov_1.529703
      Species: [Klosneuvirus KNV1*] -> [空]
  SRR23107141_clean_NODE_153_length_4783_cov_6.343737
      Species: [Hokovirus HKV1*] -> [空]
  SRR23107141_clean_NODE_15925_length_1059_cov_9.127789
      Phylum: [Nucleocytoviricota] -> [空]
      Class: [Megaviricetes] -> [空]
  SRR23107141_clean_NODE_1610_length_2517_cov_7.002455
      Realm: [Riboviria] -> [空]
      Kingdom: [Pararnavirae] -> [空]
      Phylum: [Artverviricota] -> [空]
      Class: [Revtraviricetes] -> [空]
      Order: [Ortervirales] -> [空]
  SRR23107141_clean_NODE_16362_length_1043_cov_3.423711
      Realm: [Varidnaviria] -> [空]
      Kingdom: [Bamfordvirae] -> [空]
      Phylum: [Nucleocytoviricota] -> [空]
      Class: [Megaviricetes] -> [空]
  SRR23107141_clean_NODE_16951_length_1024_cov_2.793901
      Realm: [Duplodnaviria] -> [空]
      Kingdom: [Heunggongvirae] -> [空]
      Phylum: [Peploviricota] -> [空]
  SRR23107141_clean_NODE_16971_length_1023_cov_5.431579
      Class: [Pokkesviricetes] -> [空]
      Order: [Chitovirales] -> [空]
      Family: [Poxviridae] -> [空]
      Genus: [Deltaentomopoxvirus] -> [空]
      Species: [Deltaentomopoxvirus msanguinipes] -> [空]
  SRR23107141_clean_NODE_1772_length_2448_cov_8.143158
      Order: [Algavirales] -> [空]
      Species: [Phaeovirus unasiliculosus] -> [空]
  SRR23107141_clean_NODE_18207_length_986_cov_2.407448
      Phylum: [Nucleocytoviricota] -> [空]
      Class: [Megaviricetes] -> [空]
      Order: [Imitervirales] -> [空]
      Family: [Mimiviridae] -> [空]
  SRR23107141_clean_NODE_1923_length_2388_cov_2.685529
      Species: [Chlorovirus heliozoae] -> [空]
  SRR23107141_clean_NODE_194_length_4433_cov_6.882339
      Species: [Kratosvirus quantuckense] -> [空]
  SRR23107141_clean_NODE_19550_length_947_cov_4.060641
      Realm: [Varidnaviria] -> [空]
      Family: [Mamonoviridae] -> [空]
      Genus: [Medusavirus] -> [空]
      Species: [Medusavirus sthenus] -> [空]
  SRR23107141_clean_NODE_19576_length_946_cov_45.096220
      Species: [Vitivirus alpharubi] -> [空]
  SRR23107141_clean_NODE_20213_length_931_cov_1.393939
      Species: [Mimiviridae sp. ChoanoV1*] -> [空]
  SRR23107141_clean_NODE_20583_length_921_cov_5.251179
      Order: [Imitervirales] -> [空]
      Species: [Fadolivirus algeromassiliense] -> [空]
  SRR23107141_clean_NODE_2077_length_2338_cov_3.611921
      Order: [Imitervirales] -> [空]
  SRR23107141_clean_NODE_21256_length_904_cov_1.110710
      Class: [Naldaviricetes] -> [空]
      Order: [Lefavirales] -> [空]
      Family: [Baculoviridae] -> [空]
      Genus: [Betabaculovirus] -> [空]
      Species: [Betabaculovirus sp.] -> [空]
  SRR23107141_clean_NODE_2181_length_2301_cov_3.107271
      Order: [Pantevenvirales] -> [空]
      Family: [Kyanoviridae] -> [空]
      Genus: [Serangoonvirus] -> [空]
      Species: [Jenstvirus jenst] -> [空]
  SRR23107141_clean_NODE_2196_length_2294_cov_2.801441
      Genus: [Tupanvirus] -> [空]
      Species: [Tupanvirus salinum] -> [空]
  SRR23107141_clean_NODE_2220_length_2287_cov_52.867209
      Species: [Fadolivirus algeromassiliense] -> [空]
  SRR23107141_clean_NODE_2239_length_2285_cov_2.375226
      Species: [Alphaorpheovirus massiliense*] -> [空]
  SRR23107141_clean_NODE_2277_length_2275_cov_44.882380
      Species: [Tethysvirus raunefjordenense] -> [空]
  SRR23107141_clean_NODE_2280_length_2274_cov_213.091776
      Order: [Imitervirales] -> [空]
  SRR23107141_clean_NODE_236_length_4175_cov_4.519990
      Order: [Imitervirales] -> [空]
      Species: [Biavirus raunefjordenense] -> [空]
  SRR23107141_clean_NODE_2386_length_2250_cov_4.618741
      Species: [Phaeovirus unasiliculosus] -> [空]
  SRR23107141_clean_NODE_2456_length_2229_cov_2.498145
      Realm: [Varidnaviria] -> [空]
      Kingdom: [Bamfordvirae] -> [空]
      Phylum: [Nucleocytoviricota] -> [空]
      Class: [Megaviricetes] -> [空]
      Order: [Algavirales] -> [空]
      Family: [Phycodnaviridae] -> [空]
      Genus: [Prasinovirus] -> [空]
      Species: [Yellowstone lake phycodnavirus 1] -> [空]
  SRR23107141_clean_NODE_2462_length_2226_cov_3.472364
      Realm: [Duplodnaviria] -> [空]
      Kingdom: [Heunggongvirae] -> [空]
      Phylum: [Uroviricota] -> [空]
  SRR23107141_clean_NODE_2488_length_2219_cov_6.666822
      Order: [Pimascovirales] -> [空]
      Species: [Alphaorpheovirus massiliense] -> [空]
  SRR23107141_clean_NODE_2564_length_2193_cov_15.119811
      Species: [Klosneuvirus KNV1*] -> [空]
  SRR23107141_clean_NODE_2589_length_2189_cov_4.303875
      Species: [Hokovirus HKV1*] -> [空]
  SRR23107141_clean_NODE_2705_length_2163_cov_15.606699
      Genus: [Klosneuvirus] -> [空]
      Species: [Klosneuvirus KNV1*] -> [空]
  SRR23107141_clean_NODE_2745_length_2154_cov_22.172033
      Order: [Imitervirales] -> [空]
      Species: [Biavirus raunefjordenense] -> [空]
  SRR23107141_clean_NODE_2791_length_2143_cov_12.851208
      Order: [Imitervirales] -> [空]
  SRR23107141_clean_NODE_2815_length_2137_cov_4.645349
      Family: [Mesomimiviridae] -> [空]
      Genus: [Tethysvirus] -> [空]
      Species: [Tethysvirus raunefjordenense] -> [空]
  SRR23107141_clean_NODE_28_length_6692_cov_10.014655
      Realm: [Adnaviria] -> [空]
      Kingdom: [Zilligvirae] -> [空]
      Phylum: [Taleaviricota] -> [空]
  SRR23107141_clean_NODE_29630_length_745_cov_1.505952
      Realm: [Duplodnaviria] -> [空]
      Kingdom: [Heunggongvirae] -> [空]
      Phylum: [Uroviricota] -> [空]
  SRR23107141_clean_NODE_31071_length_724_cov_1.539171
      Family: [Orthototiviridae] -> [空]
      Genus: [Totivirus] -> [空]
      Species: [Hanko totivirus 4] -> [空]
  SRR23107141_clean_NODE_3183_length_2052_cov_4.401213
      Order: [Pimascovirales] -> [空]
  SRR23107141_clean_NODE_32476_length_704_cov_1.562599
      Order: [Imitervirales] -> [空]
      Family: [Mesomimiviridae] -> [空]
  SRR23107141_clean_NODE_3249_length_2039_cov_5.140387
      Species: [Alphahydrivirus permafrostis] -> [空]
  SRR23107141_clean_NODE_33219_length_694_cov_1.429952
      Realm: [Duplodnaviria] -> [空]
      Kingdom: [Heunggongvirae] -> [空]
      Phylum: [Uroviricota] -> [空]
      Class: [Caudoviricetes] -> [空]
      Order: [Pantevenvirales] -> [空]
      Family: [Kyanoviridae] -> [空]
  SRR23107141_clean_NODE_3351_length_2016_cov_2.802882
      Genus: [Tupanvirus] -> [空]
      Species: [Tupanvirus altamarinense] -> [空]
  SRR23107141_clean_NODE_3372_length_2012_cov_5.034038
      Species: [Klosneuvirus KNV1*] -> [空]
  SRR23107141_clean_NODE_3424_length_2001_cov_2.298237
      Genus: [Iltovirus] -> [空]
      Species: [Iltovirus gallidalpha1] -> [空]
  SRR23107141_clean_NODE_3493_length_1987_cov_12.487983
      Realm: [Varidnaviria] -> [空]
      Kingdom: [Bamfordvirae] -> [空]
      Phylum: [Nucleocytoviricota] -> [空]
      Class: [Megaviricetes] -> [空]
      Order: [Algavirales] -> [空]
  SRR23107141_clean_NODE_3524_length_1981_cov_3.734277
      Class: [Megaviricetes] -> [空]
  SRR23107141_clean_NODE_353_length_3792_cov_9.632159
      Species: [Biavirus raunefjordenense] -> [空]
  SRR23107141_clean_NODE_3547_length_1978_cov_3.606824
      Species: [Biavirus raunefjordenense] -> [空]
  SRR23107141_clean_NODE_3798_length_1931_cov_2.628095
      Species: [Phaeovirus unasiliculosus] -> [空]
  SRR23107141_clean_NODE_389_length_3716_cov_3.693934
      Species: [Theiavirus salishense] -> [空]
  SRR23107141_clean_NODE_3962_length_1902_cov_2.237288
      Species: [Klosneuvirus KNV1*] -> [空]
  SRR23107141_clean_NODE_3965_length_1901_cov_3.512582
      Genus: [Mimivirus] -> [空]
      Species: [Mimivirus lagoaense] -> [空]
  SRR23107141_clean_NODE_401_length_3683_cov_4.975346
      Family: [Hydriviridae] -> [空]
      Genus: [Alphahydrivirus] -> [空]
      Species: [Alphahydrivirus permafrostis] -> [空]
  SRR23107141_clean_NODE_4215_length_1859_cov_2.341545
      Phylum: [Nucleocytoviricota] -> [空]
      Class: [Megaviricetes] -> [空]
      Order: [Imitervirales] -> [空]
      Family: [Mimiviridae] -> [空]
  SRR23107141_clean_NODE_43312_length_591_cov_1.488417
      Order: [Imitervirales] -> [空]
      Species: [Biavirus raunefjordenense] -> [空]
  SRR23107141_clean_NODE_43871_length_586_cov_1.697856
      Realm: [Duplodnaviria] -> [空]
      Kingdom: [Heunggongvirae] -> [空]
      Phylum: [Peploviricota] -> [空]
      Class: [Herviviricetes] -> [空]
      Order: [Herpesvirales] -> [空]
  SRR23107141_clean_NODE_4446_length_1821_cov_5.757437
      Realm: [Varidnaviria] -> [空]
  SRR23107141_clean_NODE_4531_length_1811_cov_5.413694
      Realm: [Varidnaviria] -> [空]
      Kingdom: [Bamfordvirae] -> [空]
      Phylum: [Nucleocytoviricota] -> [空]
  SRR23107141_clean_NODE_46216_length_567_cov_3.368421
      Order: [Imitervirales] -> [空]
      Species: [Fadolivirus algeromassiliense] -> [空]
  SRR23107141_clean_NODE_4676_length_1791_cov_43.614668
      Order: [Pimascovirales] -> [空]
      Family: [Pithoviridae] -> [空]
      Genus: [Alphacedratvirus] -> [空]
      Species: [Alphacedratvirus brasiliense] -> [空]
  SRR23107141_clean_NODE_46956_length_562_cov_1.390593
      Realm: [Varidnaviria] -> [空]
      Kingdom: [Bamfordvirae] -> [空]
      Phylum: [Nucleocytoviricota] -> [空]
      Class: [Pokkesviricetes] -> [空]
      Order: [Chitovirales] -> [空]
  SRR23107141_clean_NODE_4824_length_1773_cov_7.289412
      Order: [Imitervirales] -> [空]
      Species: [Fadolivirus algeromassiliense] -> [空]
  SRR23107141_clean_NODE_483_length_3528_cov_3.595948
      Species: [Fadolivirus algeromassiliense] -> [空]
  SRR23107141_clean_NODE_48453_length_551_cov_1.905858
      Class: [Pokkesviricetes] -> [空]
      Order: [Chitovirales] -> [空]
      Species: [Epsilonentomopoxvirus dlongicaudata] -> [空]
  SRR23107141_clean_NODE_49508_length_544_cov_1.214437
      Order: [Imitervirales] -> [空]
  SRR23107141_clean_NODE_55080_length_508_cov_50.590805
      Species: [Dishui lake phycodnavirus 1] -> [空]
  SRR23107141_clean_NODE_5573_length_1690_cov_4.602350
      Species: [Mimiviridae sp. ChoanoV1*] -> [空]
  SRR23107141_clean_NODE_5861_length_1659_cov_1.974779
      Species: [Fadolivirus algeromassiliense] -> [空]
  SRR23107141_clean_NODE_6051_length_1640_cov_5.292278
      Realm: [Riboviria] -> [空]
      Kingdom: [Pararnavirae] -> [空]
      Phylum: [Artverviricota] -> [空]
      Class: [Revtraviricetes] -> [空]
      Order: [Ortervirales] -> [空]
  SRR23107141_clean_NODE_6118_length_1634_cov_3.108905
      Species: [Vespertilionpoxvirus eptesipox] -> [空]
  SRR23107141_clean_NODE_6330_length_1615_cov_4.101816
      Order: [Grandevirales] -> [空]
      Family: [Lakviridae] -> [空]
      Genus: [Hatfieldvirus] -> [空]
      Species: [Hatfieldvirus porci] -> [空]
  SRR23107141_clean_NODE_6410_length_1606_cov_2.313112
      Order: [Algavirales] -> [空]
      Species: [Phaeovirus unasiliculosus] -> [空]
  SRR23107141_clean_NODE_6499_length_1596_cov_2.846356
      Realm: [Riboviria] -> [空]
      Kingdom: [Orthornavirae] -> [空]
      Phylum: [Pisuviricota] -> [空]
      Class: [Pisoniviricetes] -> [空]
      Order: [Picornavirales] -> [空]
      Species: [Wufeng shrew polycipivirus 1] -> [空]
  SRR23107141_clean_NODE_6946_length_1552_cov_1.518594
      Order: [Pimascovirales] -> [空]
      Family: [Marseilleviridae] -> [空]
  SRR23107141_clean_NODE_7387_length_1514_cov_3.709230
      Order: [Imitervirales] -> [空]
      Family: [Mimiviridae] -> [空]
  SRR23107141_clean_NODE_7430_length_1511_cov_4.187065
      Realm: [Duplodnaviria] -> [空]
      Kingdom: [Heunggongvirae] -> [空]
      Phylum: [Uroviricota] -> [空]
      Species: [Fernvirus yyerffej] -> [空]
  SRR23107141_clean_NODE_8039_length_1463_cov_1.935252
      Species: [Hokovirus HKV1*] -> [空]
  SRR23107141_clean_NODE_8590_length_1424_cov_7.130274
      Species: [Indivirus ILV1*] -> [空]
  SRR23107141_clean_NODE_8679_length_1417_cov_5.718750
      Order: [Imitervirales] -> [空]
      Family: [Mimiviridae] -> [空]
      Genus: [Tupanvirus] -> [空]
      Species: [Tupanvirus altamarinense] -> [空]
  SRR23107141_clean_NODE_8724_length_1415_cov_2.002981
      Species: [Serangoonvirus essarone] -> [空]
  SRR23107141_clean_NODE_8804_length_1409_cov_4.907934
      Species: [Hokovirus HKV1*] -> [空]
  SRR23107141_clean_NODE_8900_length_1403_cov_3.078195
      Species: [Tupanvirus salinum] -> [空]
  SRR23107141_clean_NODE_9092_length_1389_cov_2.182371
      Kingdom: [Shotokuvirae] -> [空]
  SRR23107141_clean_NODE_9517_length_1358_cov_7.140856
      Realm: [Varidnaviria] -> [空]
      Kingdom: [Bamfordvirae] -> [空]
      Phylum: [Nucleocytoviricota] -> [空]
      Class: [Megaviricetes] -> [空]
      Order: [Imitervirales] -> [空]
  SRR23107141_clean_NODE_966_length_2905_cov_30.008828
      Species: [Kratosvirus quantuckense*] -> [空]
  SRR23107141_clean_NODE_9747_length_1345_cov_5.568396
      Kingdom: [Shotokuvirae] -> [空]
      Phylum: [Commensaviricota] -> [空]
      Class: [Cardeaviricetes] -> [空]
      Order: [Sanitavirales] -> [空]
      Family: [Anelloviridae] -> [空]
  SRR23107141_clean_NODE_9875_length_1338_cov_1.536759
      Order: [Algavirales] -> [空]
  SRR23107141_clean_NODE_9943_length_1334_cov_1.851705
      Genus: [Fadolivirus] -> [空]
      Species: [Fadolivirus algeromassiliense] -> [空]
  SRR23215176_clean_NODE_1156_length_2900_cov_4.162363
      Realm: [Varidnaviria] -> [空]
      Kingdom: [Bamfordvirae] -> [空]
      Phylum: [Nucleocytoviricota] -> [空]
      Class: [Megaviricetes] -> [空]
      Genus: [Fadolivirus] -> [空]
      Species: [Fadolivirus algeromassiliense] -> [空]
  SRR23215176_clean_NODE_187_length_4810_cov_5.615791
      Species: [Fadolivirus algeromassiliense] -> [空]
  SRR23215176_clean_NODE_2328_length_2144_cov_4.234669
      Species: [Dishui lake phycodnavirus 1] -> [空]
  SRR23215176_clean_NODE_2342_length_2139_cov_8.296225
      Species: [Tethysvirus hollandense] -> [空]
  SRR23215176_clean_NODE_2626_length_2011_cov_7.373065
      Realm: [Duplodnaviria] -> [空]
      Kingdom: [Heunggongvirae] -> [空]
      Phylum: [Peploviricota] -> [空]
      Class: [Herviviricetes] -> [空]
      Order: [Herpesvirales] -> [空]
      Species: [Yalta virus] -> [空]
  SRR23215176_clean_NODE_2890_length_1910_cov_4.941753
      Species: [Mimiviridae sp. ChoanoV1*] -> [空]
  SRR23215176_clean_NODE_493_length_3786_cov_8.000539
      Species: [Biavirus raunefjordenense] -> [空]
  SRR23215176_clean_NODE_5593_length_1223_cov_2.849565
      Species: [Bathycoccus sp. RCC716 virus 1] -> [空]
  SRR23215176_clean_NODE_6291_length_1110_cov_2.117647
      Family: [Allomimiviridae] -> [空]
      Genus: [Oceanusvirus] -> [空]
      Species: [Oceanusvirus kaneohense] -> [空]
  SRR23215177_clean_NODE_189_length_2311_cov_9.461126
      Realm: [Duplodnaviria] -> [空]
      Kingdom: [Heunggongvirae] -> [空]
      Phylum: [Uroviricota] -> [空]
      Family: [Peduoviridae] -> [空]
  SRR23215178_clean_NODE_1021_length_2457_cov_11.718540
      Species: [Agnivirus brisbanense] -> [空]
  SRR23215178_clean_NODE_1093_length_2398_cov_4.707527
      Order: [Pimascovirales] -> [空]
      Species: [Alphahydrivirus permafrostis] -> [空]
  SRR23215178_clean_NODE_11369_length_543_cov_1.848936
      Realm: [Duplodnaviria] -> [空]
      Kingdom: [Heunggongvirae] -> [空]
  SRR23215178_clean_NODE_1195_length_2310_cov_2.994189
      Class: [Megaviricetes] -> [空]
      Order: [Imitervirales] -> [空]
      Family: [Mimiviridae] -> [空]
  SRR23215178_clean_NODE_1223_length_2287_cov_2.136856
      Genus: [Moumouvirus] -> [空]
      Species: [Moumouvirus goulettemassiliense] -> [空]
  SRR23215178_clean_NODE_12_length_7321_cov_8.129139
      Species: [Biavirus raunefjordenense] -> [空]
  SRR23215178_clean_NODE_1315_length_2204_cov_11.726420
      Species: [Gordisvirus californiense] -> [空]
  SRR23215178_clean_NODE_136_length_4582_cov_7.693945
      Realm: [Duplodnaviria] -> [空]
      Kingdom: [Heunggongvirae] -> [空]
      Phylum: [Uroviricota] -> [空]
      Species: [Llyrvirus SSKS1] -> [空]
  SRR23215178_clean_NODE_137_length_4577_cov_4.117007
      Realm: [Varidnaviria] -> [空]
      Kingdom: [Bamfordvirae] -> [空]
      Phylum: [Nucleocytoviricota] -> [空]
      Class: [Megaviricetes] -> [空]
      Order: [Imitervirales] -> [空]
      Family: [Mimiviridae] -> [空]
      Genus: [Megavirus] -> [空]
      Species: [Megavirus chilense] -> [空]
  SRR23215178_clean_NODE_1497_length_2082_cov_13.157790
      Species: [Agnivirus brisbanense] -> [空]
  SRR23215178_clean_NODE_1599_length_2027_cov_122.955476
      Realm: [Varidnaviria] -> [空]
      Kingdom: [Bamfordvirae] -> [空]
      Phylum: [Nucleocytoviricota] -> [空]
  SRR23215178_clean_NODE_1737_length_1940_cov_5.336369
      Species: [Agnivirus brisbanense] -> [空]
  SRR23215178_clean_NODE_174_length_4343_cov_3.894614
      Species: [Tupanvirus salinum] -> [空]
  SRR23215178_clean_NODE_1814_length_1902_cov_2.427009
      Species: [Satyrvirus sp.*] -> [空]
  SRR23215178_clean_NODE_1857_length_1876_cov_1.715474
      Order: [Imitervirales] -> [空]
      Species: [Fadolivirus algeromassiliense] -> [空]
  SRR23215178_clean_NODE_19_length_6815_cov_5.236577
      Realm: [Varidnaviria] -> [空]
      Kingdom: [Bamfordvirae] -> [空]
      Phylum: [Nucleocytoviricota] -> [空]
  SRR23215178_clean_NODE_2040_length_1777_cov_1.350352
      Species: [Getseptimavirus GMA7] -> [空]
  SRR23215178_clean_NODE_2145_length_1722_cov_1.713159
      Species: [Doupovirus australiaense] -> [空]
  SRR23215178_clean_NODE_2524_length_1569_cov_2.141043
      Realm: [Varidnaviria] -> [空]
      Kingdom: [Bamfordvirae] -> [空]
      Phylum: [Nucleocytoviricota] -> [空]
      Class: [Megaviricetes] -> [空]
      Order: [Imitervirales] -> [空]
      Family: [Mimiviridae] -> [空]
      Genus: [Mimivirus] -> [空]
      Species: [Mimivirus bradfordmassiliense] -> [空]
  SRR23215178_clean_NODE_263_length_3857_cov_4.541755
      Order: [Imitervirales] -> [空]
      Species: [Tupanvirus altamarinense] -> [空]
  SRR23215178_clean_NODE_275_length_3790_cov_3.657250
      Order: [Imitervirales] -> [空]
  SRR23215178_clean_NODE_27_length_6360_cov_6.453953
      Realm: [Duplodnaviria] -> [空]
      Kingdom: [Heunggongvirae] -> [空]
      Phylum: [Uroviricota] -> [空]
      Class: [Caudoviricetes] -> [空]
      Order: [Magrovirales] -> [空]
      Family: [Apasviridae] -> [空]
      Genus: [Agnivirus] -> [空]
      Species: [Agnivirus brisbanense] -> [空]
  SRR23215178_clean_NODE_295_length_3725_cov_5.185652
      Species: [Alphapithovirus sibericum] -> [空]
  SRR23215178_clean_NODE_3022_length_1406_cov_6.135784
      Kingdom: [Shotokuvirae] -> [空]
      Phylum: [Cossaviricota] -> [空]
      Class: [Quintoviricetes] -> [空]
      Order: [Piccovirales] -> [空]
      Family: [Parvoviridae] -> [空]
      Genus: [Copiparvovirus] -> [空]
      Species: [Copiparvovirus ungulate1] -> [空]
  SRR23215178_clean_NODE_306_length_3671_cov_15.454697
      Realm: [Varidnaviria] -> [空]
      Kingdom: [Bamfordvirae] -> [空]
      Phylum: [Nucleocytoviricota] -> [空]
      Genus: [Megavirus] -> [空]
      Species: [Megavirus powaiense] -> [空]
  SRR23215178_clean_NODE_324_length_3625_cov_5.754223
      Genus: [Fadolivirus] -> [空]
      Species: [Fadolivirus algeromassiliense] -> [空]
  SRR23215178_clean_NODE_334_length_3583_cov_12.231624
      Genus: [Gibbetvirus] -> [空]
      Species: [Aurunvirus STIM5] -> [空]
  SRR23215178_clean_NODE_337_length_3581_cov_4.734607
      Species: [Alphapithovirus sibericum] -> [空]
  SRR23215178_clean_NODE_354_length_3545_cov_5.613767
      Class: [Megaviricetes] -> [空]
      Order: [Imitervirales] -> [空]
  SRR23215178_clean_NODE_357_length_3542_cov_5.423753
      Realm: [Varidnaviria] -> [空]
      Kingdom: [Bamfordvirae] -> [空]
      Phylum: [Nucleocytoviricota] -> [空]
  SRR23215178_clean_NODE_3592_length_1259_cov_3.241147
      Species: [Culivirus belgradiense] -> [空]
  SRR23215178_clean_NODE_368_length_3511_cov_5.898778
      Realm: [Varidnaviria] -> [空]
      Kingdom: [Bamfordvirae] -> [空]
      Phylum: [Nucleocytoviricota] -> [空]
  SRR23215178_clean_NODE_387_length_3463_cov_6.162537
      Realm: [Varidnaviria] -> [空]
      Kingdom: [Bamfordvirae] -> [空]
      Phylum: [Nucleocytoviricota] -> [空]
      Class: [Megaviricetes] -> [空]
      Order: [Pimascovirales] -> [空]
  SRR23215178_clean_NODE_4020_length_1165_cov_22.339744
      Species: [Mimiviridae sp. ChoanoV1*] -> [空]
  SRR23215178_clean_NODE_4238_length_1124_cov_3.311132
      Realm: [Riboviria] -> [空]
      Kingdom: [Orthornavirae] -> [空]
      Phylum: [Pisuviricota] -> [空]
      Class: [Pisoniviricetes] -> [空]
  SRR23215178_clean_NODE_450_length_3315_cov_8.851635
      Species: [Agnivirus brisbanense] -> [空]
  SRR23215178_clean_NODE_482_length_3245_cov_5.343947
      Species: [Fadolivirus algeromassiliense] -> [空]
  SRR23215178_clean_NODE_511_length_3191_cov_6.860167
      Realm: [Duplodnaviria] -> [空]
      Kingdom: [Heunggongvirae] -> [空]
      Phylum: [Peploviricota] -> [空]
      Class: [Herviviricetes] -> [空]
      Order: [Herpesvirales] -> [空]
  SRR23215178_clean_NODE_516_length_3176_cov_2.217531
      Species: [Fadolivirus algeromassiliense] -> [空]
  SRR23215178_clean_NODE_553_length_3101_cov_3.135403
      Realm: [Varidnaviria] -> [空]
      Kingdom: [Bamfordvirae] -> [空]
      Phylum: [Nucleocytoviricota] -> [空]
  SRR23215178_clean_NODE_5_length_8468_cov_12.986897
      Species: [Tupanvirus altamarinense] -> [空]
  SRR23215178_clean_NODE_638_length_2933_cov_2.174825
      Species: [Satyrvirus sp.*] -> [空]
  SRR23215178_clean_NODE_71_length_5148_cov_5.012414
      Species: [Biavirus raunefjordenense] -> [空]
  SRR23215178_clean_NODE_8297_length_690_cov_1.491086
      Species: [Trocevirus haikouense] -> [空]
  SRR23215178_clean_NODE_9009_length_647_cov_0.926829
      Species: [Yahinvirus chinaense*] -> [空]
  SRR23215178_clean_NODE_909_length_2581_cov_1.713317
      Class: [Pokkesviricetes] -> [空]
      Order: [Chitovirales] -> [空]
  SRR23215178_clean_NODE_915_length_2567_cov_3.659583
      Realm: [Duplodnaviria] -> [空]
      Kingdom: [Heunggongvirae] -> [空]
      Phylum: [Peploviricota] -> [空]
      Class: [Herviviricetes] -> [空]
      Order: [Herpesvirales] -> [空]
  SRR23215178_clean_NODE_9330_length_630_cov_1.276481
      Species: [Tecephavirus sydneyense] -> [空]
  SRR23215178_clean_NODE_967_length_2517_cov_2.397709
      Realm: [Adnaviria] -> [空]
      Kingdom: [Zilligvirae] -> [空]
      Phylum: [Taleaviricota] -> [空]
  SRR23215178_clean_NODE_969_length_2515_cov_4.956593
      Order: [Algavirales] -> [空]
  SRR23215178_clean_NODE_977_length_2505_cov_2.810444
      Realm: [Riboviria] -> [空]
      Kingdom: [Orthornavirae] -> [空]
      Phylum: [Pisuviricota] -> [空]
      Class: [Pisoniviricetes] -> [空]
  SRR23215178_clean_NODE_97_length_4856_cov_7.390132
      Species: [Tupanvirus salinum] -> [空]
  SRR23215179_clean_NODE_1297_length_1349_cov_1.923981
      Species: [Mimiviridae sp. ChoanoV1*] -> [空]
  SRR23215179_clean_NODE_179_length_2538_cov_33.776065
      Realm: [Varidnaviria] -> [空]
      Kingdom: [Bamfordvirae] -> [空]
      Phylum: [Nucleocytoviricota] -> [空]
      Family: [Mimiviridae] -> [空]
      Genus: [Theiavirus] -> [空]
      Species: [Theiavirus salishense] -> [空]
  SRR23215179_clean_NODE_1_length_6852_cov_76.557752
      Species: [Marafivirus sorghi] -> [空]
  SRR23215179_clean_NODE_224_length_2407_cov_17.673950
      Species: [Mimiviridae sp. ChoanoV1*] -> [空]
  SRR23215179_clean_NODE_273_length_2262_cov_11.136135
      Species: [Plazymidvirus ZM41] -> [空]
  SRR23215179_clean_NODE_3504_length_808_cov_1.895238
      Realm: [Duplodnaviria] -> [空]
      Kingdom: [Heunggongvirae] -> [空]
      Phylum: [Uroviricota] -> [空]
  SRR23215180_clean_NODE_117_length_3686_cov_4.224467
      Order: [Pimascovirales] -> [空]
      Family: [Pithoviridae] -> [空]
      Genus: [Alphacedratvirus] -> [空]
      Species: [Alphacedratvirus brasiliense] -> [空]
  SRR23215180_clean_NODE_2289_length_1482_cov_2.345635
      Species: [Hokovirus HKV1*] -> [空]
  SRR23215180_clean_NODE_2692_length_1342_cov_1.886525
      Species: [Mimiviridae sp. ChoanoV1*] -> [空]
  SRR23215180_clean_NODE_6407_length_657_cov_1.412671
      Realm: [Duplodnaviria] -> [空]
      Kingdom: [Heunggongvirae] -> [空]
      Phylum: [Uroviricota] -> [空]
      Family: [Zimmerviridae] -> [空]
      Genus: [Glaedevirus] -> [空]
      Species: [Glaedevirus gv2H10] -> [空]
  SRR23215181_clean_NODE_2622_length_1636_cov_3.675624
      Species: [Biavirus raunefjordenense] -> [空]
  SRR23215181_clean_NODE_267_length_3833_cov_3.942553
      Species: [Mimiviridae sp. ChoanoV1*] -> [空]
  SRR23215181_clean_NODE_3209_length_1446_cov_7.377276
      Species: [Trirhavirus chrysanthemi] -> [空]
  SRR23215181_clean_NODE_3371_length_1398_cov_11.625660
      Family: [Schizomimiviridae] -> [空]
      Genus: [Biavirus] -> [空]
      Species: [Biavirus raunefjordenense] -> [空]
  SRR23215181_clean_NODE_4105_length_1188_cov_1.864574
      Class: [Naldaviricetes] -> [空]
      Order: [Lefavirales] -> [空]
      Family: [Baculoviridae] -> [空]
  SRR23215181_clean_NODE_4605_length_1074_cov_4.411588
      Species: [Tupanvirus altamarinense] -> [空]
  SRR23215181_clean_NODE_46_length_5800_cov_3.527851
      Species: [Alphahydrivirus permafrostis] -> [空]
  SRR23215181_clean_NODE_4_length_8279_cov_4.032903
      Species: [Metapenaeus joyneri majanivirus] -> [空]
  SRR23215181_clean_NODE_5294_length_945_cov_1.833716
      Species: [Gammaretrovirus felleu] -> [空]
  SRR23215181_clean_NODE_613_length_3028_cov_9.723519
      Species: [Tupanvirus altamarinense] -> [空]
  SRR23215181_clean_NODE_747_length_2849_cov_6.425072
      Realm: [Duplodnaviria] -> [空]
      Kingdom: [Heunggongvirae] -> [空]
      Phylum: [Uroviricota] -> [空]
  SRR23215181_clean_NODE_8101_length_589_cov_0.895349
      Realm: [Duplodnaviria] -> [空]
      Kingdom: [Heunggongvirae] -> [空]
      Phylum: [Uroviricota] -> [空]
  SRR23215182_clean_NODE_1614_length_2794_cov_10.233370
      Species: [Cotonvirus japonicum] -> [空]
  SRR23215182_clean_NODE_1752_length_2669_cov_6.406009
      Genus: [Rheavirus] -> [空]
      Species: [Rheavirus sinusmexicani] -> [空]
  SRR23215182_clean_NODE_177_length_5415_cov_6.049420
      Realm: [Duplodnaviria] -> [空]
      Kingdom: [Heunggongvirae] -> [空]
      Phylum: [Uroviricota] -> [空]
  SRR23215182_clean_NODE_2696_length_2097_cov_17.039032
      Class: [Megaviricetes] -> [空]
      Order: [Pimascovirales] -> [空]
      Species: [Pithovirus LCPAC404] -> [空]
  SRR23215182_clean_NODE_3051_length_1906_cov_10.100382
      Realm: [Varidnaviria] -> [空]
      Kingdom: [Bamfordvirae] -> [空]
      Phylum: [Nucleocytoviricota] -> [空]
      Class: [Megaviricetes] -> [空]
      Order: [Pimascovirales] -> [空]
  SRR23215182_clean_NODE_3375_length_1740_cov_124.140972
      Genus: [Fadolivirus] -> [空]
      Species: [Fadolivirus algeromassiliense] -> [空]
  SRR23215182_clean_NODE_3795_length_1567_cov_18.619143
      Species: [Coccolithovirus huxleyi] -> [空]
  SRR23215182_clean_NODE_49_length_6703_cov_8.107089
      Class: [Naldaviricetes] -> [空]
      Order: [Lefavirales] -> [空]
      Family: [Baculoviridae] -> [空]
      Genus: [Alphabaculovirus] -> [空]
      Species: [Alphabaculovirus agipsilonis] -> [空]
  SRR23215182_clean_NODE_4_length_9650_cov_6.952490
      Realm: [Duplodnaviria] -> [空]
      Kingdom: [Heunggongvirae] -> [空]
      Phylum: [Uroviricota] -> [空]
  SRR23215182_clean_NODE_7244_length_637_cov_1.638298
      Realm: [Varidnaviria] -> [空]
      Kingdom: [Bamfordvirae] -> [空]
      Phylum: [Preplasmiviricota] -> [空]
      Class: [Pharingeaviricetes] -> [空]
      Order: [Rowavirales] -> [空]
      Family: [Adenoviridae] -> [空]
      Genus: [Aviadenovirus] -> [空]
      Species: [Aviadenovirus hydropericardii] -> [空]
  SRR23215183_clean_NODE_68_length_1515_cov_3.122053
      Species: [Hokovirus HKV1*] -> [空]
  SRR23215183_clean_NODE_71_length_1492_cov_1.347428
      Species: [Hokovirus HKV1*] -> [空]
  SRR23215184_clean_NODE_1244_length_1468_cov_1.402151
      Species: [Tethysvirus ontarioense] -> [空]
  SRR23215184_clean_NODE_1401_length_1399_cov_1.559578
      Realm: [Duplodnaviria] -> [空]
      Kingdom: [Heunggongvirae] -> [空]
      Phylum: [Peploviricota] -> [空]
  SRR23215184_clean_NODE_15_length_4151_cov_2.613046
      Realm: [Varidnaviria] -> [空]
      Kingdom: [Bamfordvirae] -> [空]
      Phylum: [Nucleocytoviricota] -> [空]
      Order: [Imitervirales] -> [空]
  SRR23215184_clean_NODE_1883_length_1225_cov_273.665799
      Family: [Schizomimiviridae] -> [空]
      Genus: [Biavirus] -> [空]
      Species: [Biavirus raunefjordenense] -> [空]
  SRR23215184_clean_NODE_32_length_3541_cov_3.271050
      Species: [Klosneuvirus KNV1*] -> [空]
  SRR23215184_clean_NODE_3333_length_904_cov_32.723225
      Species: [Biavirus raunefjordenense] -> [空]
  SRR23215185_clean_NODE_12075_length_710_cov_2.026688
      Realm: [Varidnaviria] -> [空]
      Kingdom: [Bamfordvirae] -> [空]
      Phylum: [Nucleocytoviricota] -> [空]
      Class: [Megaviricetes] -> [空]
      Order: [Imitervirales] -> [空]
      Family: [Mimiviridae] -> [空]
      Genus: [Tupanvirus] -> [空]
      Species: [Tupanvirus salinum] -> [空]
  SRR23215185_clean_NODE_13869_length_624_cov_1.030853
      Genus: [Gordisvirus] -> [Tecephavirus]
      Species: [Gordisvirus californiense] -> [空]
  SRR23215185_clean_NODE_1603_length_2914_cov_2.620204
      Species: [Mimiviridae sp. ChoanoV1*] -> [空]
  SRR23215185_clean_NODE_1658_length_2880_cov_6.610616
      Realm: [Varidnaviria] -> [空]
      Kingdom: [Bamfordvirae] -> [空]
      Phylum: [Nucleocytoviricota] -> [空]
      Class: [Megaviricetes] -> [空]
      Order: [Imitervirales] -> [空]
  SRR23215185_clean_NODE_1684_length_2863_cov_9.163799
      Species: [Klosneuvirus KNV1*] -> [空]
  SRR23215185_clean_NODE_2935_length_2196_cov_3.699953
      Genus: [Fadolivirus] -> [空]
  SRR23215185_clean_NODE_3084_length_2130_cov_3.665532
      Phylum: [Nucleocytoviricota] -> [空]
      Class: [Megaviricetes] -> [空]
      Order: [Imitervirales] -> [空]
      Family: [Mimiviridae] -> [空]
  SRR23215185_clean_NODE_3097_length_2124_cov_2.605071
      Family: [Mimiviridae] -> [空]
  SRR23215185_clean_NODE_3629_length_1941_cov_1.780514
      Realm: [Varidnaviria] -> [空]
      Kingdom: [Bamfordvirae] -> [空]
      Phylum: [Nucleocytoviricota] -> [空]
  SRR23215185_clean_NODE_3711_length_1917_cov_9.805857
      Species: [Oceanusvirus sp.*] -> [空]
  SRR23215185_clean_NODE_3789_length_1897_cov_4.321820
      Species: [Tupanvirus salinum] -> [空]
  SRR23215185_clean_NODE_4409_length_1731_cov_5.120627
      Realm: [Varidnaviria] -> [空]
      Kingdom: [Bamfordvirae] -> [空]
      Phylum: [Nucleocytoviricota] -> [空]
      Family: [Mimiviridae] -> [空]
      Genus: [Mimivirus] -> [空]
      Species: [Mimivirus bradfordmassiliense] -> [空]
  SRR23215185_clean_NODE_4629_length_1669_cov_8.296992
      Species: [Avipoxvirus flamingopox] -> [空]
  SRR23215185_clean_NODE_5189_length_1532_cov_1.698424
      Species: [Tupanvirus altamarinense] -> [空]
  SRR23215185_clean_NODE_5419_length_1483_cov_1.703546
      Class: [Herviviricetes] -> [空]
  SRR23215185_clean_NODE_542_length_4083_cov_2.265087
      Species: [Metavirus caenorhabditis] -> [空]
  SRR23215185_clean_NODE_893_length_3567_cov_12.235833
      Species: [Biavirus raunefjordenense] -> [空]
  SRR23215187_clean_NODE_35_length_1870_cov_3.637173
      Species: [Hokovirus HKV1*] -> [空]
  SRR2344922_clean_NODE_13_length_2565_cov_8.985748
      Realm: [Varidnaviria] -> [空]
      Kingdom: [Bamfordvirae] -> [空]
      Phylum: [Nucleocytoviricota] -> [空]
      Order: [Imitervirales] -> [空]
      Family: [Mimiviridae] -> [空]
      Genus: [Theiavirus] -> [空]
      Species: [Theiavirus salishense] -> [空]
  SRR2344922_clean_NODE_52_length_1761_cov_21.802555
      Genus: [Mimivirus] -> [空]
      Species: [Mimivirus lagoaense] -> [空]
  SRR2344923_clean_NODE_1168_length_683_cov_3.220497
      Species: [Benyvirus solibetae] -> [空]
  SRR2344925_clean_NODE_14_length_3037_cov_5.294196
      Kingdom: [Bamfordvirae] -> [空]
      Phylum: [Nucleocytoviricota] -> [空]
      Class: [Megaviricetes] -> [空]
      Order: [Imitervirales] -> [空]
      Species: [Biavirus raunefjordenense] -> [空]
  SRR2344925_clean_NODE_150_length_1471_cov_2.680168
      Species: [Criusvirus kaneoense*] -> [空]
  SRR2344925_clean_NODE_20_length_2794_cov_6.974229
      Species: [Chlorovirus americanus] -> [空]
  SRR2344925_clean_NODE_27_length_2522_cov_6.580749
      Realm: [Varidnaviria] -> [空]
      Kingdom: [Bamfordvirae] -> [空]
      Phylum: [Nucleocytoviricota] -> [空]
      Order: [Imitervirales] -> [空]
      Species: [Megavirus powaiense] -> [空]
  SRR2344925_clean_NODE_48_length_2145_cov_4.345204
      Genus: [Fadolivirus] -> [空]
      Species: [Fadolivirus algeromassiliense] -> [空]
  SRR2344925_clean_NODE_5_length_4200_cov_17.932228
      Genus: [Fadolivirus] -> [空]
      Species: [Fadolivirus algeromassiliense] -> [空]
  SRR2344925_clean_NODE_70_length_1917_cov_3.526092
      Species: [Agnivirus brisbanense] -> [空]
  SRR2344925_clean_NODE_78_length_1838_cov_33.318510
      Family: [Mesomimiviridae] -> [空]
      Genus: [Tethysvirus] -> [空]
      Species: [Tethysvirus ontarioense] -> [空]
  SRR2344925_clean_NODE_8_length_3812_cov_9.412669
      Species: [Tupanvirus altamarinense] -> [空]
  SRR2344929_clean_NODE_25_length_2486_cov_8.774826
      Species: [Fadolivirus algeromassiliense] -> [空]
  SRR2344929_clean_NODE_745_length_1019_cov_2.364286
      Species: [Moumouvirus goulettemassiliense] -> [空]
  SRR2344930_clean_NODE_112_length_669_cov_1.777778
      Species: [Carlavirus chisolani] -> [空]
  SRR2344934_clean_NODE_102_length_1640_cov_3.038101
      Genus: [Greenvirus] -> [空]
      Species: [Greenvirus ssm4] -> [空]
  SRR2344934_clean_NODE_103_length_1635_cov_8.635965_self_circular
      Species: [Hokovirus HKV1*] -> [空]
  SRR2344934_clean_NODE_27_length_2348_cov_5.739714
      Realm: [Varidnaviria] -> [空]
      Kingdom: [Bamfordvirae] -> [空]
      Phylum: [Nucleocytoviricota] -> [空]
  SRR2344934_clean_NODE_31_length_2218_cov_18.109224
      Order: [Imitervirales] -> [空]
      Species: [Tethysvirus raunefjordenense] -> [空]
  SRR2344934_clean_NODE_34_length_2184_cov_67.782751
      Realm: [Varidnaviria] -> [空]
      Kingdom: [Bamfordvirae] -> [空]
      Phylum: [Nucleocytoviricota] -> [空]
  SRR2344934_clean_NODE_38_length_2062_cov_10.388532
      Realm: [Duplodnaviria] -> [空]
      Kingdom: [Heunggongvirae] -> [空]
      Phylum: [Uroviricota] -> [空]
      Family: [Peduoviridae] -> [空]
  SRR2344934_clean_NODE_40_length_2024_cov_51.523426
      Genus: [Yonginvirus] -> [空]
      Species: [Henunavirus SNUABM01] -> [空]
  SRR2344934_clean_NODE_6_length_3540_cov_4.666095
      Species: [Tupanvirus altamarinense] -> [空]
  SRR23515439_clean_NODE_137_length_893_cov_0.528049
      Realm: [Varidnaviria] -> [空]
      Kingdom: [Bamfordvirae] -> [空]
      Phylum: [Nucleocytoviricota] -> [空]
  SRR23515439_clean_NODE_23_length_1543_cov_2.235374
      Realm: [Riboviria] -> [空]
      Kingdom: [Pararnavirae] -> [空]
      Phylum: [Artverviricota] -> [空]
      Class: [Revtraviricetes] -> [空]
      Species: [Atrato Retro-like virus] -> [空]
  SRR23515439_clean_NODE_461_length_589_cov_0.639535
      Order: [Imitervirales] -> [空]
  SRR23515439_clean_NODE_728_length_500_cov_1.262295
      Species: [Alpharetrovirus avirousar] -> [空]
  SRR23515441_clean_NODE_746_length_540_cov_1.576017
      Class: [Megaviricetes] -> [空]
  SRR23515442_clean_NODE_146_length_1269_cov_3.556020
      Class: [Naldaviricetes] -> [空]
      Species: [Betabaculovirus trini] -> [空]
  SRR23515442_clean_NODE_15_length_2378_cov_2.524946
      Realm: [Duplodnaviria] -> [空]
      Kingdom: [Heunggongvirae] -> [空]
      Phylum: [Uroviricota] -> [空]
      Class: [Monjiviricetes] -> [空]
      Order: [Mononegavirales] -> [空]
  SRR23515443_clean_NODE_527_length_614_cov_2.292052
      Order: [Imitervirales] -> [空]
      Family: [Allomimiviridae] -> [空]
      Genus: [Oceanusvirus] -> [空]
      Species: [Oceanusvirus kaneohense] -> [空]
  SRR23515443_clean_NODE_625_length_576_cov_0.475149
      Species: [Gammaretrovirus felleu] -> [空]
  SRR23515443_clean_NODE_718_length_547_cov_1.668776
      Species: [Gammaretrovirus felleu] -> [空]
  SRR23515444_clean_NODE_140_length_943_cov_0.914943
      Phylum: [Preplasmiviricota] -> [空]
      Class: [Pharingeaviricetes] -> [空]
      Order: [Rowavirales] -> [空]
      Family: [Adenoviridae] -> [空]
  SRR23515445_clean_NODE_115_length_956_cov_0.620612
      Realm: [Riboviria] -> [空]
  SRR23515446_clean_NODE_1202_length_571_cov_1.652610
      Class: [Megaviricetes] -> [空]
  SRR23515446_clean_NODE_1347_length_555_cov_0.879668
      Realm: [Duplodnaviria] -> [空]
      Kingdom: [Heunggongvirae] -> [空]
      Species: [Angmobvirus SCBP1] -> [空]
  SRR23515446_clean_NODE_1597_length_533_cov_5.156522
      Order: [Imitervirales] -> [空]
      Family: [Mimiviridae] -> [空]
  SRR23515446_clean_NODE_892_length_611_cov_3.425651
      Species: [Mimiviridae sp. ChoanoV1*] -> [空]
  SRR23515449_clean_NODE_548_length_631_cov_0.603943
      Order: [Imitervirales] -> [空]
      Family: [Allomimiviridae] -> [空]
  SRR23515450_clean_NODE_1172_length_531_cov_1.307860
      Species: [Dishui lake phycodnavirus 1] -> [空]
  SRR23515450_clean_NODE_193_length_819_cov_2.238606
      Species: [Orthopestivirus bovis] -> [空]
  SRR23515450_clean_NODE_434_length_660_cov_6.006814
      Species: [Biavirus raunefjordenense] -> [空]
  SRR23561020_clean_NODE_128_length_1765_cov_5.727541
      Realm: [Duplodnaviria] -> [空]
      Kingdom: [Heunggongvirae] -> [空]
      Phylum: [Uroviricota] -> [空]
  SRR23561020_clean_NODE_178_length_1654_cov_2.015813
      Realm: [Varidnaviria] -> [空]
      Kingdom: [Bamfordvirae] -> [空]
      Phylum: [Nucleocytoviricota] -> [空]
  SRR23561020_clean_NODE_192_length_1624_cov_2.213411
      Order: [Imitervirales] -> [空]
  SRR23561020_clean_NODE_194_length_1621_cov_2.072997
      Order: [Imitervirales] -> [空]
      Species: [Tupanvirus altamarinense] -> [空]
  SRR23561020_clean_NODE_19_length_2582_cov_3.129135
      Realm: [Duplodnaviria] -> [空]
      Kingdom: [Heunggongvirae] -> [空]
      Phylum: [Uroviricota] -> [空]
  SRR23561020_clean_NODE_24_length_2505_cov_17.909951
      Phylum: [Nucleocytoviricota] -> [空]
      Class: [Megaviricetes] -> [空]
      Order: [Imitervirales] -> [空]
      Family: [Mimiviridae] -> [空]
  SRR23561020_clean_NODE_36_length_2290_cov_31.209292
      Order: [Imitervirales] -> [空]
  SRR23561020_clean_NODE_48_length_2197_cov_3.181262
      Order: [Imitervirales] -> [空]
  SRR23561020_clean_NODE_50_length_2188_cov_2.095508
      Order: [Imitervirales] -> [空]
      Species: [Theiavirus salishense] -> [空]
  SRR23561020_clean_NODE_57_length_2118_cov_8.889487
      Realm: [Riboviria] -> [空]
      Kingdom: [Pararnavirae] -> [空]
      Phylum: [Artverviricota] -> [空]
      Class: [Revtraviricetes] -> [空]
      Order: [Ortervirales] -> [空]
      Family: [Metaviridae] -> [空]
      Genus: [Metavirus] -> [空]
      Species: [Metavirus tatarabidopsis] -> [空]
  SRR23561020_clean_NODE_73_length_2000_cov_1.957966
      Species: [Tethysvirus raunefjordenense] -> [空]
  SRR23561020_clean_NODE_771_length_1110_cov_0.873674
      Species: [Biavirus raunefjordenense] -> [空]
  SRR23561021_clean_NODE_10_length_2855_cov_3.286844
      Genus: [Tupanvirus] -> [空]
      Species: [Tupanvirus altamarinense] -> [空]
  SRR23561021_clean_NODE_110_length_1820_cov_2.899256
      Species: [Tupanvirus salinum] -> [空]
  SRR23561021_clean_NODE_111_length_1819_cov_3.778923
      Realm: [Duplodnaviria] -> [空]
      Kingdom: [Heunggongvirae] -> [空]
      Phylum: [Uroviricota] -> [空]
  SRR23561021_clean_NODE_113_length_1803_cov_2.151445
      Species: [Tupanvirus salinum] -> [空]
  SRR23561021_clean_NODE_135_length_1736_cov_1.728803
      Realm: [Riboviria] -> [空]
      Kingdom: [Pararnavirae] -> [空]
      Phylum: [Artverviricota] -> [空]
      Class: [Revtraviricetes] -> [空]
      Order: [Ortervirales] -> [空]
  SRR23561021_clean_NODE_30_length_2353_cov_2.502632
      Order: [Imitervirales] -> [空]
      Family: [Schizomimiviridae] -> [空]
      Genus: [Biavirus] -> [空]
      Species: [Biavirus raunefjordenense] -> [空]
  SRR23561021_clean_NODE_337_length_1421_cov_1.166172
      Realm: [Varidnaviria] -> [空]
      Kingdom: [Bamfordvirae] -> [空]
      Phylum: [Nucleocytoviricota] -> [空]
  SRR23561021_clean_NODE_413_length_1333_cov_1.982540
      Realm: [Varidnaviria] -> [空]
      Kingdom: [Bamfordvirae] -> [空]
      Phylum: [Nucleocytoviricota] -> [空]
      Class: [Megaviricetes] -> [空]
      Order: [Imitervirales] -> [空]
  SRR23561021_clean_NODE_54_length_2142_cov_1.236346
      Species: [Biavirus raunefjordenense] -> [空]
  SRR23561021_clean_NODE_76_length_1995_cov_2.454214
      Species: [Alphahydrivirus permafrostis] -> [空]
  SRR23561022_clean_NODE_115_length_1742_cov_3.781905
      Class: [Naldaviricetes] -> [空]
      Order: [Lefavirales] -> [空]
      Family: [Nudiviridae] -> [空]
      Genus: [Betanudivirus] -> [空]
      Species: [Betanudivirus hezeae] -> [空]
  SRR23561022_clean_NODE_12_length_2804_cov_6.007323
      Realm: [Duplodnaviria] -> [空]
      Kingdom: [Heunggongvirae] -> [空]
      Phylum: [Uroviricota] -> [空]
  SRR23561022_clean_NODE_135_length_1684_cov_1.563004
      Species: [Tupanvirus salinum] -> [空]
  SRR23561022_clean_NODE_165_length_1633_cov_5.606410
      Species: [Hokovirus HKV1*] -> [空]
  SRR23561022_clean_NODE_27_length_2376_cov_3.278767
      Phylum: [Nucleocytoviricota] -> [空]
      Class: [Megaviricetes] -> [空]
      Order: [Imitervirales] -> [空]
      Family: [Mimiviridae] -> [空]
  SRR23561022_clean_NODE_37_length_2252_cov_1.916017
      Phylum: [Nucleocytoviricota] -> [空]
      Class: [Megaviricetes] -> [空]
      Order: [Imitervirales] -> [空]
      Family: [Mimiviridae] -> [空]
  SRR23561022_clean_NODE_38_length_2251_cov_5.963728
      Realm: [Varidnaviria] -> [空]
      Kingdom: [Bamfordvirae] -> [空]
      Phylum: [Nucleocytoviricota] -> [空]
      Species: [Biavirus raunefjordenense] -> [空]
  SRR23561022_clean_NODE_84_length_1890_cov_2.216841
      Realm: [Duplodnaviria] -> [空]
      Kingdom: [Heunggongvirae] -> [空]
      Phylum: [Uroviricota] -> [空]
  SRR23561022_clean_NODE_96_length_1833_cov_2.793750
      Family: [Mimiviridae] -> [空]
      Genus: [Fadolivirus] -> [空]
      Species: [Fadolivirus algeromassiliense] -> [空]
  SRR23561023_clean_NODE_19_length_2655_cov_4.718435
      Realm: [Duplodnaviria] -> [空]
      Kingdom: [Heunggongvirae] -> [空]
      Phylum: [Uroviricota] -> [空]
  SRR23561023_clean_NODE_211_length_1486_cov_1.762208
      Order: [Imitervirales] -> [空]
      Family: [Mimiviridae] -> [空]
      Genus: [Theiavirus] -> [空]
      Species: [Theiavirus salishense] -> [空]
  SRR23561023_clean_NODE_27_length_2425_cov_1.846514
      Realm: [Varidnaviria] -> [空]
      Kingdom: [Bamfordvirae] -> [空]
      Phylum: [Nucleocytoviricota] -> [空]
  SRR23561023_clean_NODE_54_length_2070_cov_3.217326
      Order: [Imitervirales] -> [空]
      Family: [Mimiviridae] -> [空]
      Genus: [Mimivirus] -> [空]
      Species: [Mimivirus lagoaense] -> [空]
  SRR23561023_clean_NODE_57_length_2064_cov_2.868910
      Realm: [Varidnaviria] -> [空]
      Kingdom: [Bamfordvirae] -> [空]
      Phylum: [Nucleocytoviricota] -> [空]
  SRR23561023_clean_NODE_7_length_3283_cov_5.733022
      Realm: [Duplodnaviria] -> [空]
      Kingdom: [Heunggongvirae] -> [空]
      Phylum: [Uroviricota] -> [空]
  SRR23561023_clean_NODE_87_length_1799_cov_1.696408
      Realm: [Duplodnaviria] -> [空]
      Kingdom: [Heunggongvirae] -> [空]
      Phylum: [Uroviricota] -> [空]
  SRR23561023_clean_NODE_91_length_1781_cov_3.912763
      Species: [Alphanucleorhabdovirus tritici] -> [空]
  SRR23561024_clean_NODE_110_length_1820_cov_1.746422
      Species: [Biavirus raunefjordenense] -> [空]
  SRR23561024_clean_NODE_117_length_1791_cov_3.571595
      Realm: [Varidnaviria] -> [空]
      Kingdom: [Bamfordvirae] -> [空]
      Phylum: [Nucleocytoviricota] -> [空]
      Class: [Megaviricetes] -> [空]
      Order: [Pimascovirales] -> [空]
  SRR23561024_clean_NODE_129_length_1761_cov_2.019550
      Realm: [Varidnaviria] -> [空]
      Kingdom: [Bamfordvirae] -> [空]
      Phylum: [Nucleocytoviricota] -> [空]
  SRR23561024_clean_NODE_130_length_1760_cov_2.189093
      Species: [Minunavirus Min1] -> [空]
  SRR23561024_clean_NODE_133_length_1751_cov_7.340882
      Realm: [Varidnaviria] -> [空]
      Kingdom: [Bamfordvirae] -> [空]
      Phylum: [Nucleocytoviricota] -> [空]
      Class: [Megaviricetes] -> [空]
      Order: [Pimascovirales] -> [空]
  SRR23561024_clean_NODE_153_length_1713_cov_2.267073
      Species: [Mimiviridae sp. ChoanoV1*] -> [空]
  SRR23561024_clean_NODE_158_length_1706_cov_2.343539
      Class: [Naldaviricetes] -> [空]
      Order: [Lefavirales] -> [空]
      Family: [Nudiviridae] -> [空]
      Genus: [Betanudivirus] -> [空]
      Species: [Betanudivirus hezeae] -> [空]
  SRR23561024_clean_NODE_29_length_2452_cov_1.912989
      Realm: [Varidnaviria] -> [空]
      Kingdom: [Bamfordvirae] -> [空]
      Phylum: [Nucleocytoviricota] -> [空]
  SRR23561024_clean_NODE_71_length_2030_cov_4.846704
      Order: [Imitervirales] -> [空]
      Family: [Mesomimiviridae] -> [空]
  SRR23561024_clean_NODE_89_length_1910_cov_1.350027
      Species: [Chlorovirus heliozoae] -> [空]
  SRR23561025_clean_NODE_100_length_1738_cov_3.163363
      Realm: [Duplodnaviria] -> [空]
      Kingdom: [Heunggongvirae] -> [空]
      Phylum: [Uroviricota] -> [空]
  SRR23561025_clean_NODE_125_length_1669_cov_2.211779
      Phylum: [Nucleocytoviricota] -> [空]
      Class: [Megaviricetes] -> [空]
      Order: [Imitervirales] -> [空]
  SRR23561025_clean_NODE_17_length_2655_cov_9.998838
      Realm: [Duplodnaviria] -> [空]
      Kingdom: [Heunggongvirae] -> [空]
      Phylum: [Uroviricota] -> [空]
  SRR23561025_clean_NODE_225_length_1448_cov_2.488000
      Realm: [Duplodnaviria] -> [空]
      Kingdom: [Heunggongvirae] -> [空]
      Phylum: [Uroviricota] -> [空]
  SRR23561025_clean_NODE_33_length_2229_cov_2.167904
      Species: [Chlorovirus americanus] -> [空]
  SRR23561025_clean_NODE_45_length_2020_cov_2.960452
      Species: [Tethysvirus raunefjordenense] -> [空]
  SRR23561025_clean_NODE_46_length_2004_cov_3.717245
      Realm: [Varidnaviria] -> [空]
      Kingdom: [Bamfordvirae] -> [空]
      Phylum: [Nucleocytoviricota] -> [空]
  SRR23561025_clean_NODE_53_length_1979_cov_2.866212
      Species: [Chlorovirus heliozoae] -> [空]
  SRR23561025_clean_NODE_68_length_1861_cov_2.381991
      Realm: [Duplodnaviria] -> [空]
      Kingdom: [Heunggongvirae] -> [空]
      Phylum: [Uroviricota] -> [空]
  SRR23561025_clean_NODE_86_length_1785_cov_1.491822
      Realm: [Duplodnaviria] -> [空]
      Kingdom: [Heunggongvirae] -> [空]
      Phylum: [Uroviricota] -> [空]
  SRR23561026_clean_NODE_118_length_1443_cov_1.172993
      Realm: [Varidnaviria] -> [空]
      Kingdom: [Bamfordvirae] -> [空]
      Phylum: [Nucleocytoviricota] -> [空]
      Species: [Biavirus raunefjordenense] -> [空]
  SRR23561026_clean_NODE_37_length_1848_cov_2.687324
      Species: [Fadolivirus algeromassiliense] -> [空]
  SRR23561026_clean_NODE_52_length_1702_cov_1.798649
      Order: [Ortervirales] -> [空]
  SRR23561027_clean_NODE_30_length_2004_cov_2.410150
      Order: [Imitervirales] -> [空]
  SRR23561027_clean_NODE_559_length_900_cov_1.533253
      Species: [Moumouvirus australiense] -> [空]
  SRR23561028_clean_NODE_1744_length_660_cov_2.884157
      Realm: [Riboviria] -> [空]
      Kingdom: [Pararnavirae] -> [空]
      Phylum: [Artverviricota] -> [空]
      Class: [Revtraviricetes] -> [空]
      Order: [Ortervirales] -> [空]
      Family: [Retroviridae] -> [空]
  SRR23561028_clean_NODE_79_length_1741_cov_2.744604
      Phylum: [Nucleocytoviricota] -> [空]
      Class: [Megaviricetes] -> [空]
      Order: [Imitervirales] -> [空]
      Family: [Mimiviridae] -> [空]
  SRR23561028_clean_NODE_87_length_1700_cov_1.524278
      Family: [Mimiviridae] -> [空]
      Genus: [Mimivirus] -> [空]
      Species: [Mimivirus bradfordmassiliense] -> [空]
  SRR23587946_clean_NODE_38_length_1755_cov_0.534483
      Class: [Naldaviricetes] -> [空]
      Order: [Lefavirales] -> [空]
      Family: [Nudiviridae] -> [空]
      Genus: [Betanudivirus] -> [空]
      Species: [Betanudivirus hezeae] -> [空]
  SRR23587946_clean_NODE_7_length_2463_cov_0.393305
      Realm: [Varidnaviria] -> [空]
      Kingdom: [Bamfordvirae] -> [空]
      Phylum: [Nucleocytoviricota] -> [空]
  SRR23587950_clean_NODE_11_length_2491_cov_0.277916
      Realm: [Varidnaviria] -> [空]
      Kingdom: [Bamfordvirae] -> [空]
      Phylum: [Nucleocytoviricota] -> [空]
  SRR23587950_clean_NODE_1679_length_533_cov_0.321739
      Order: [Pimascovirales] -> [空]
      Species: [Alphahydrivirus permafrostis] -> [空]
  SRR23587951_clean_NODE_1094_length_658_cov_0.791453
      Genus: [Alpharetrovirus] -> [空]
      Species: [Alpharetrovirus avileu] -> [空]
  SRR23587951_clean_NODE_1757_length_557_cov_0.619835
      Genus: [Betaretrovirus] -> [空]
  SRR23587951_clean_NODE_1873_length_543_cov_1.225532
      Species: [Betacytorhabdovirus sophorae] -> [空]
  SRR23587951_clean_NODE_223_length_1154_cov_0.710453
      Species: [Betaretrovirus maspfimon] -> [空]
  SRR23587951_clean_NODE_2353_length_502_cov_0.650350
      Species: [Styphnolobium-associated cytorhabdovirus] -> [空]
  SRR23587951_clean_NODE_2369_length_501_cov_0.822430
      Genus: [Gammaretrovirus] -> [空]
  SRR23587951_clean_NODE_239_length_1118_cov_0.698565
      Genus: [Gammaretrovirus] -> [空]
  SRR23587951_clean_NODE_398_length_944_cov_0.602755
      Genus: [Gammaretrovirus] -> [空]
  SRR23587951_clean_NODE_501_length_867_cov_0.345088
      Species: [Indivirus ILV1*] -> [空]
  SRR23587951_clean_NODE_65_length_1812_cov_0.334675
      Realm: [Varidnaviria] -> [空]
      Kingdom: [Bamfordvirae] -> [空]
      Phylum: [Nucleocytoviricota] -> [空]
      Species: [Biavirus raunefjordenense] -> [空]
  SRR23587953_clean_NODE_19_length_2713_cov_13.903030
      Realm: [Varidnaviria] -> [空]
      Kingdom: [Bamfordvirae] -> [空]
      Phylum: [Nucleocytoviricota] -> [空]
      Class: [Megaviricetes] -> [空]
      Order: [Imitervirales] -> [空]
  SRR23587954_clean_NODE_28_length_1869_cov_8.321826
      Realm: [Riboviria] -> [空]
      Kingdom: [Pararnavirae] -> [空]
      Phylum: [Artverviricota] -> [空]
  SRR23587955_clean_NODE_1945_length_545_cov_1.616525
      Phylum: [Nucleocytoviricota] -> [空]
      Class: [Megaviricetes] -> [空]
      Order: [Imitervirales] -> [空]
      Family: [Mimiviridae] -> [空]
  SRR23587956_clean_NODE_574_length_826_cov_0.580345
      Realm: [Varidnaviria] -> [空]
      Kingdom: [Bamfordvirae] -> [空]
      Phylum: [Nucleocytoviricota] -> [空]
      Class: [Megaviricetes] -> [空]
      Order: [Imitervirales] -> [空]
      Species: [Mimivirus lagoaense] -> [空]
  SRR23587957_clean_NODE_163_length_1338_cov_2.082213
      Species: [Mimiviridae sp. ChoanoV1*] -> [空]
  SRR23587957_clean_NODE_2_length_3716_cov_4.066429
      Realm: [Riboviria] -> [空]
      Kingdom: [Pararnavirae] -> [空]
      Phylum: [Artverviricota] -> [空]
  SRR23759244_clean_NODE_1054_length_674_cov_0.905158
      Species: [Vitivirus epsilonvitis] -> [空]
  SRR23759244_clean_NODE_2111_length_529_cov_0.850877
      Species: [Gammaretrovirus felleu] -> [空]
  SRR23759244_clean_NODE_65_length_1637_cov_7.701407
      Species: [Hokovirus HKV1*] -> [空]
  SRR23759245_clean_NODE_2_length_8836_cov_67.202442
      Species: [Carlavirus colei] -> [空]
  SRR23759245_clean_NODE_302_length_1002_cov_8.286329
      Species: [Gammaretrovirus felleu] -> [空]
  SRR23759245_clean_NODE_416_length_892_cov_1.365079
      Family: [Schizomimiviridae] -> [空]
      Genus: [Biavirus] -> [空]
      Species: [Biavirus raunefjordenense] -> [空]
  SRR23759246_clean_NODE_19_length_2561_cov_3.543408
      Phylum: [Nucleocytoviricota] -> [空]
      Class: [Megaviricetes] -> [空]
      Order: [Imitervirales] -> [空]
      Family: [Mimiviridae] -> [空]
  SRR23759246_clean_NODE_2699_length_507_cov_0.758065
      Realm: [Varidnaviria] -> [空]
      Kingdom: [Bamfordvirae] -> [空]
      Phylum: [Nucleocytoviricota] -> [空]
  SRR23759246_clean_NODE_32_length_2200_cov_11.632816
      Order: [Imitervirales] -> [空]
      Species: [Tethysvirus raunefjordenense] -> [空]
  SRR23759246_clean_NODE_552_length_891_cov_2.293399
      Realm: [Duplodnaviria] -> [空]
      Kingdom: [Heunggongvirae] -> [空]
      Phylum: [Uroviricota] -> [空]
      Genus: [Biavirus] -> [空]
      Species: [Borockvirus brock] -> [空]
  SRR23908666_clean_NODE_60_length_1017_cov_1.152542
      Species: [Biavirus raunefjordenense] -> [空]
  SRR23908670_clean_NODE_294_length_656_cov_0.485420
      Realm: [Varidnaviria] -> [空]
      Kingdom: [Bamfordvirae] -> [空]
      Phylum: [Nucleocytoviricota] -> [空]
      Class: [Megaviricetes] -> [空]
      Order: [Pimascovirales] -> [空]
      Family: [Iridoviridae] -> [空]
      Genus: [Lymphocystivirus] -> [空]
      Species: [Lymphocystivirus sparus1] -> [空]
  SRR23908671_clean_NODE_452_length_589_cov_4.408915
      Family: [Mesomimiviridae] -> [空]
      Genus: [Tethysvirus] -> [空]
      Species: [Tethysvirus ontarioense] -> [空]
  SRR23908671_clean_NODE_630_length_532_cov_0.858388
      Realm: [Varidnaviria] -> [空]
      Kingdom: [Bamfordvirae] -> [空]
      Phylum: [Nucleocytoviricota] -> [空]
  SRR23908677_clean_NODE_563_length_537_cov_0.799569
      Genus: [Zhangjivirus] -> [空]
      Species: [Zhangjivirus PJN02] -> [空]
  SRR23908681_clean_NODE_3_length_2341_cov_13.681658
      Order: [Imitervirales] -> [空]
      Species: [Tethysvirus raunefjordenense] -> [空]
  SRR24100135_clean_NODE_11_length_2152_cov_2.833413
      Species: [Tupanvirus altamarinense] -> [空]
  SRR24100135_clean_NODE_33_length_1687_cov_0.330655
      Species: [Biavirus raunefjordenense] -> [空]
  SRR24100142_clean_NODE_13_length_1875_cov_2.156146
      Genus: [Leucotheavirus] -> [空]
      Species: [Leucotheavirus sp4] -> [空]
  SRR24100143_clean_NODE_19_length_2241_cov_4.201657
      Order: [Imitervirales] -> [空]
      Family: [Mesomimiviridae] -> [空]
      Genus: [Tethysvirus] -> [空]
      Species: [Tethysvirus raunefjordenense] -> [空]
  SRR24100143_clean_NODE_603_length_929_cov_8.352326
      Realm: [Duplodnaviria] -> [空]
      Kingdom: [Heunggongvirae] -> [空]
      Phylum: [Uroviricota] -> [空]
      Genus: [Tupanvirus] -> [空]
      Species: [Spinunavirus IPP61] -> [空]
  SRR24100143_clean_NODE_78_length_1623_cov_8.250322
      Phylum: [Nucleocytoviricota] -> [空]
      Class: [Megaviricetes] -> [空]
  SRR24100144_clean_NODE_1451_length_565_cov_0.600806
      Species: [Biavirus raunefjordenense] -> [空]
  SRR24100144_clean_NODE_29_length_1787_cov_1.269499
      Species: [Hokovirus HKV1*] -> [空]
  SRR24100144_clean_NODE_50_length_1494_cov_6.021053
      Family: [Pseudoviridae] -> [空]
      Genus: [Pseudovirus] -> [空]
      Species: [Pseudovirus brassicae] -> [空]
  SRR24100146_clean_NODE_133_length_1181_cov_2.696942
      Species: [Pseudovirus nicotianae] -> [空]
  SRR24100147_clean_NODE_61_length_1368_cov_0.830639
      Realm: [Varidnaviria] -> [空]
      Kingdom: [Bamfordvirae] -> [空]
      Phylum: [Nucleocytoviricota] -> [空]
      Class: [Megaviricetes] -> [空]
      Order: [Pimascovirales] -> [空]
      Family: [Iridoviridae] -> [空]
      Genus: [Lymphocystivirus] -> [空]
      Species: [Lymphocystivirus sparus1] -> [空]
  SRR24100148_clean_NODE_1_length_7136_cov_14.727466
      Species: [Potexvirus flavimaculae] -> [空]
  SRR24100148_clean_NODE_2_length_6551_cov_11.208732
      Species: [Potexvirus flavimaculae] -> [空]
  SRR24305226_clean_NODE_1003_length_5637_cov_136.503415
      Order: [Pimascovirales] -> [空]
      Family: [Pithoviridae] -> [空]
      Genus: [Alphacedratvirus] -> [空]
      Species: [Alphacedratvirus brasiliense] -> [空]
  SRR24305226_clean_NODE_1027_length_5567_cov_52.516746
      Realm: [Varidnaviria] -> [空]
      Kingdom: [Bamfordvirae] -> [空]
      Phylum: [Nucleocytoviricota] -> [空]
  SRR24305226_clean_NODE_1053_length_5532_cov_55.111193
      Realm: [Duplodnaviria] -> [空]
      Kingdom: [Heunggongvirae] -> [空]
      Phylum: [Uroviricota] -> [空]
      Family: [Grimontviridae] -> [空]
  SRR24305226_clean_NODE_1058_length_5501_cov_1266.263265
      Genus: [Fadolivirus] -> [空]
      Species: [Fadolivirus algeromassiliense] -> [空]
  SRR24305226_clean_NODE_105_length_11093_cov_45.764065
      Realm: [Varidnaviria] -> [空]
      Kingdom: [Bamfordvirae] -> [空]
      Phylum: [Nucleocytoviricota] -> [空]
      Class: [Megaviricetes] -> [空]
      Genus: [Varicellovirus] -> [空]
  SRR24305226_clean_NODE_112_length_10891_cov_55.819190
      Realm: [Varidnaviria] -> [空]
      Kingdom: [Bamfordvirae] -> [空]
      Phylum: [Nucleocytoviricota] -> [空]
  SRR24305226_clean_NODE_1133_length_5302_cov_120.769746
      Species: [Mimiviridae sp. ChoanoV1*] -> [空]
  SRR24305226_clean_NODE_1152_length_5261_cov_73.550694
      Realm: [Duplodnaviria] -> [空]
      Kingdom: [Heunggongvirae] -> [空]
      Phylum: [Uroviricota] -> [空]
      Class: [Caudoviricetes] -> [空]
      Order: [Pantevenvirales] -> [空]
  SRR24305226_clean_NODE_1177_length_5221_cov_52.170163
      Order: [Imitervirales] -> [空]
      Species: [Biavirus raunefjordenense] -> [空]
  SRR24305226_clean_NODE_11_length_15640_cov_56.569474
      Realm: [Duplodnaviria] -> [空]
      Kingdom: [Heunggongvirae] -> [空]
      Phylum: [Uroviricota] -> [空]
  SRR24305226_clean_NODE_1205_length_5152_cov_69.598149
      Phylum: [Preplasmiviricota] -> [空]
      Class: [Pharingeaviricetes] -> [空]
  SRR24305226_clean_NODE_1219_length_5124_cov_150.535538
      Genus: [Fadolivirus] -> [空]
      Species: [Fadolivirus algeromassiliense] -> [空]
  SRR24305226_clean_NODE_121_length_10780_cov_41.918932
      Family: [Baculoviridae] -> [空]
      Genus: [Alphabaculovirus] -> [空]
      Species: [Alphabaculovirus eupseudoconspersae] -> [空]
  SRR24305226_clean_NODE_1251_length_5045_cov_109.583669
      Species: [Klosneuvirus KNV1*] -> [空]
  SRR24305226_clean_NODE_1279_length_4997_cov_100.463851
      Realm: [Duplodnaviria] -> [空]
      Kingdom: [Heunggongvirae] -> [空]
      Phylum: [Uroviricota] -> [空]
      Order: [Algavirales] -> [空]
      Family: [Fervensviridae] -> [空]
      Genus: [Deepoceanvirus] -> [空]
      Species: [Deepoceanvirus guaymasense] -> [空]
  SRR24305226_clean_NODE_1311_length_4942_cov_36.678168
      Species: [Mimiviridae sp. ChoanoV1*] -> [空]
  SRR24305226_clean_NODE_131_length_10597_cov_58.297986
      Species: [Rheavirus sinusmexicani] -> [空]
  SRR24305226_clean_NODE_135_length_10520_cov_170.981239
      Realm: [Varidnaviria] -> [空]
      Kingdom: [Bamfordvirae] -> [空]
      Phylum: [Nucleocytoviricota] -> [空]
  SRR24305226_clean_NODE_1539_length_4539_cov_43.309673
      Species: [Homavirus sp.] -> [空]
  SRR24305226_clean_NODE_161_length_10034_cov_96.163939
      Species: [Cotonvirus japonicum] -> [空]
  SRR24305226_clean_NODE_1651_length_4380_cov_36.194103
      Class: [Megaviricetes] -> [空]
  SRR24305226_clean_NODE_1674_length_4344_cov_75.296184
      Species: [Tupanvirus altamarinense] -> [空]
  SRR24305226_clean_NODE_1683_length_4326_cov_15.530684
      Species: [Hemivirus drosophilae] -> [空]
  SRR24305226_clean_NODE_1754_length_4206_cov_38.943866
      Realm: [Adnaviria] -> [空]
      Order: [Ligamenvirales] -> [空]
      Family: [Lipothrixviridae] -> [空]
      Genus: [Betalipothrixvirus] -> [空]
      Species: [Betalipothrixvirus hveragerdiense] -> [空]
  SRR24305226_clean_NODE_1836_length_4108_cov_41.743494
      Species: [Alphabaculovirus pastagnalis] -> [空]
  SRR24305226_clean_NODE_1845_length_4090_cov_28.949714
      Genus: [Cotonvirus] -> [空]
      Species: [Cotonvirus japonicum] -> [空]
  SRR24305226_clean_NODE_1850_length_4084_cov_51.942408
      Order: [Algavirales] -> [空]
      Family: [Phycodnaviridae] -> [空]
      Genus: [Phaeovirus] -> [空]
      Species: [Phaeovirus feldmanniae] -> [空]
  SRR24305226_clean_NODE_1879_length_4036_cov_39.515266
      Species: [Moumouvirus australiense] -> [空]
  SRR24305226_clean_NODE_194_length_9495_cov_47.300998
      Realm: [Duplodnaviria] -> [空]
      Kingdom: [Heunggongvirae] -> [空]
      Phylum: [Uroviricota] -> [空]
      Family: [Toyamaviridae] -> [空]
      Genus: [Totsukavirus] -> [空]
      Species: [Totsukavirus waseda] -> [空]
  SRR24305226_clean_NODE_1988_length_3894_cov_29.278985
      Species: [Oceanusvirus kaneohense] -> [空]
  SRR24305226_clean_NODE_2001_length_3878_cov_51.745072
      Phylum: [Nucleocytoviricota] -> [空]
      Class: [Megaviricetes] -> [空]
      Order: [Imitervirales] -> [空]
      Family: [Mimiviridae] -> [空]
  SRR24305226_clean_NODE_202_length_9339_cov_59.700302
      Realm: [Varidnaviria] -> [空]
      Kingdom: [Bamfordvirae] -> [空]
      Phylum: [Nucleocytoviricota] -> [空]
  SRR24305226_clean_NODE_2034_length_3848_cov_97.066755
      Realm: [Duplodnaviria] -> [空]
      Kingdom: [Heunggongvirae] -> [空]
      Phylum: [Uroviricota] -> [空]
  SRR24305226_clean_NODE_215_length_9242_cov_72.751336
      Class: [Naldaviricetes] -> [空]
      Order: [Lefavirales] -> [空]
  SRR24305226_clean_NODE_21_length_14782_cov_204.245904
      Realm: [Varidnaviria] -> [空]
  SRR24305226_clean_NODE_221_length_9183_cov_142.273436
      Realm: [Varidnaviria] -> [空]
      Kingdom: [Bamfordvirae] -> [空]
      Phylum: [Nucleocytoviricota] -> [空]
      Class: [Megaviricetes] -> [空]
      Order: [Imitervirales] -> [空]
  SRR24305226_clean_NODE_222_length_9162_cov_24.965783
      Species: [Alphabaculovirus chrychalcites] -> [空]
  SRR24305226_clean_NODE_2231_length_3595_cov_110.610449
      Genus: [Fadolivirus] -> [空]
      Species: [Fadolivirus algeromassiliense] -> [空]
  SRR24305226_clean_NODE_2345_length_3470_cov_48.089491
      Order: [Imitervirales] -> [空]
      Species: [Fadolivirus algeromassiliense] -> [空]
  SRR24305226_clean_NODE_236_length_9020_cov_90.781044
      Realm: [Duplodnaviria] -> [空]
      Kingdom: [Heunggongvirae] -> [空]
      Phylum: [Uroviricota] -> [空]
      Class: [Caudoviricetes] -> [空]
      Order: [Grandevirales] -> [空]
      Family: [Lakviridae] -> [空]
      Genus: [Hatfieldvirus] -> [空]
      Species: [Hatfieldvirus porci] -> [空]
  SRR24305226_clean_NODE_241_length_8961_cov_57.920567
      Family: [Schizomimiviridae] -> [空]
      Genus: [Biavirus] -> [空]
      Species: [Biavirus raunefjordenense] -> [空]
  SRR24305226_clean_NODE_260_length_8825_cov_68.915562
      Genus: [Rheavirus] -> [空]
      Species: [Rheavirus sinusmexicani] -> [空]
  SRR24305226_clean_NODE_2618_length_3171_cov_5.254680
      Species: [Sirevirus zeae] -> [空]
  SRR24305226_clean_NODE_2624_length_3165_cov_86.839586
      Phylum: [Nucleocytoviricota] -> [空]
      Class: [Megaviricetes] -> [空]
      Order: [Imitervirales] -> [空]
      Family: [Mimiviridae] -> [空]
  SRR24305226_clean_NODE_264_length_8783_cov_95.846843
      Species: [Mimiviridae sp. ChoanoV1*] -> [空]
  SRR24305226_clean_NODE_267_length_8769_cov_77.255750
      Genus: [Vetruanivirus] -> [空]
      Species: [Vetruanivirus porcinprimi] -> [空]
  SRR24305226_clean_NODE_2695_length_3094_cov_78.882158
      Realm: [Varidnaviria] -> [空]
      Kingdom: [Bamfordvirae] -> [空]
      Phylum: [Nucleocytoviricota] -> [空]
      Species: [Biavirus raunefjordenense] -> [空]
  SRR24305226_clean_NODE_2792_length_2991_cov_82.744003
      Species: [Indivirus ILV1*] -> [空]
  SRR24305226_clean_NODE_2799_length_2982_cov_64.529392
      Realm: [Duplodnaviria] -> [空]
      Kingdom: [Heunggongvirae] -> [空]
      Phylum: [Uroviricota] -> [空]
      Family: [Arenbergviridae] -> [空]
  SRR24305226_clean_NODE_2918_length_2862_cov_5.850484
      Realm: [Duplodnaviria] -> [空]
      Kingdom: [Heunggongvirae] -> [空]
      Phylum: [Uroviricota] -> [空]
      Species: [Baylorvirus bv1127AP1] -> [空]
  SRR24305226_clean_NODE_2945_length_2838_cov_5.024955
      Species: [Pseudovirus nicotianae] -> [空]
  SRR24305226_clean_NODE_2951_length_2834_cov_63.008330
      Phylum: [Peploviricota] -> [空]
  SRR24305226_clean_NODE_3049_length_2733_cov_138.476316
      Realm: [Varidnaviria] -> [空]
      Kingdom: [Bamfordvirae] -> [空]
      Phylum: [Nucleocytoviricota] -> [空]
      Species: [Biavirus raunefjordenense] -> [空]
  SRR24305226_clean_NODE_32_length_14093_cov_75.023966
      Realm: [Duplodnaviria] -> [空]
      Kingdom: [Heunggongvirae] -> [空]
      Phylum: [Peploviricota] -> [空]
      Class: [Herviviricetes] -> [空]
      Order: [Herpesvirales] -> [空]
  SRR24305226_clean_NODE_339_length_8324_cov_100.959035
      Species: [Criusvirus kaneoense*] -> [空]
  SRR24305226_clean_NODE_3420_length_2426_cov_118.380790
      Genus: [Fadolivirus] -> [空]
      Species: [Fadolivirus algeromassiliense] -> [空]
  SRR24305226_clean_NODE_3523_length_2350_cov_3.007466
      Order: [Imitervirales] -> [空]
      Species: [Theiavirus salishense] -> [空]
  SRR24305226_clean_NODE_3529_length_2347_cov_80.218558
      Realm: [Duplodnaviria] -> [空]
      Kingdom: [Heunggongvirae] -> [空]
      Phylum: [Uroviricota] -> [空]
  SRR24305226_clean_NODE_365_length_8157_cov_199.324344
      Species: [Chlorovirus conductrix] -> [空]
  SRR24305226_clean_NODE_3775_length_2170_cov_115.032427
      Realm: [Varidnaviria] -> [空]
      Kingdom: [Bamfordvirae] -> [空]
      Phylum: [Nucleocytoviricota] -> [空]
  SRR24305226_clean_NODE_400_length_7954_cov_68.658800
      Realm: [Riboviria] -> [空]
      Kingdom: [Pararnavirae] -> [空]
      Phylum: [Artverviricota] -> [空]
      Class: [Revtraviricetes] -> [空]
      Order: [Ortervirales] -> [空]
  SRR24305226_clean_NODE_4334_length_1778_cov_5.267449
      Species: [Pseudovirus artarabidopsis] -> [空]
  SRR24305226_clean_NODE_4380_length_1749_cov_3.783413
      Realm: [Varidnaviria] -> [空]
      Kingdom: [Bamfordvirae] -> [空]
      Phylum: [Nucleocytoviricota] -> [空]
      Class: [Megaviricetes] -> [空]
      Order: [Pimascovirales] -> [空]
  SRR24305226_clean_NODE_4568_length_1646_cov_7.041958
      Species: [Pseudovirus nicotianae] -> [空]
  SRR24305226_clean_NODE_458_length_7595_cov_92.841532
      Realm: [Varidnaviria] -> [空]
      Kingdom: [Bamfordvirae] -> [空]
      Phylum: [Nucleocytoviricota] -> [空]
      Species: [Orthopoxvirus akhmetapox] -> [空]
  SRR24305226_clean_NODE_461_length_7579_cov_93.166400
      Realm: [Riboviria] -> [空]
      Kingdom: [Pararnavirae] -> [空]
      Phylum: [Artverviricota] -> [空]
      Class: [Revtraviricetes] -> [空]
      Order: [Ortervirales] -> [空]
  SRR24305226_clean_NODE_463_length_7570_cov_57.475657
      Phylum: [Nucleocytoviricota] -> [空]
      Class: [Megaviricetes] -> [空]
      Order: [Imitervirales] -> [空]
      Family: [Mimiviridae] -> [空]
  SRR24305226_clean_NODE_47_length_13022_cov_39.012897
      Species: [Alphaorpheovirus massiliense] -> [空]
  SRR24305226_clean_NODE_483_length_7445_cov_10.206999
      Species: [Pseudovirus maydis] -> [空]
  SRR24305226_clean_NODE_487_length_7435_cov_84.677669
      Family: [Mimiviridae] -> [空]
      Genus: [Mimivirus] -> [空]
      Species: [Mimivirus lagoaense] -> [空]
  SRR24305226_clean_NODE_5553_length_1185_cov_7.745504
      Species: [Errantivirus trichoplusiae] -> [空]
  SRR24305226_clean_NODE_569_length_7086_cov_53.479253
      Species: [Mimiviridae sp. ChoanoV1*] -> [空]
  SRR24305226_clean_NODE_5741_length_1120_cov_2.705826
      Family: [Pseudoviridae] -> [空]
      Genus: [Pseudovirus] -> [空]
      Species: [Pseudovirus evelknieveli] -> [空]
  SRR24305226_clean_NODE_5_length_18145_cov_39.866147
      Realm: [Varidnaviria] -> [空]
      Kingdom: [Bamfordvirae] -> [空]
      Phylum: [Nucleocytoviricota] -> [空]
      Class: [Megaviricetes] -> [空]
      Order: [Pimascovirales] -> [空]
  SRR24305226_clean_NODE_6070_length_1033_cov_2.151042
      Species: [Pseudovirus nicotianae] -> [空]
  SRR24305226_clean_NODE_613_length_6845_cov_408.895157
      Realm: [Duplodnaviria] -> [空]
      Kingdom: [Heunggongvirae] -> [空]
      Phylum: [Uroviricota] -> [空]
      Class: [Caudoviricetes] -> [空]
      Order: [Pantevenvirales] -> [空]
  SRR24305226_clean_NODE_61_length_12377_cov_31.043075
      Kingdom: [Heunggongvirae] -> [空]
      Phylum: [Uroviricota] -> [空]
  SRR24305226_clean_NODE_632_length_6775_cov_438.518204
      Species: [Cotonvirus japonicum] -> [空]
  SRR24305226_clean_NODE_642_length_6749_cov_6.897394
      Class: [Megaviricetes] -> [空]
  SRR24305226_clean_NODE_674_length_6628_cov_97.670938
      Realm: [Varidnaviria] -> [空]
      Kingdom: [Bamfordvirae] -> [空]
      Phylum: [Nucleocytoviricota] -> [空]
  SRR24305226_clean_NODE_6872_length_852_cov_0.804878
      Realm: [Varidnaviria] -> [空]
      Kingdom: [Bamfordvirae] -> [空]
      Phylum: [Nucleocytoviricota] -> [空]
      Class: [Megaviricetes] -> [空]
      Order: [Pimascovirales] -> [空]
      Family: [Iridoviridae] -> [空]
      Genus: [Lymphocystivirus] -> [空]
      Species: [Lymphocystivirus sparus1] -> [空]
  SRR24305226_clean_NODE_68_length_12136_cov_93.336649
      Order: [Imitervirales] -> [空]
  SRR24305226_clean_NODE_699_length_6558_cov_87.811257
      Species: [Tupanvirus altamarinense] -> [空]
  SRR24305226_clean_NODE_69_length_12123_cov_88.561079
      Realm: [Duplodnaviria] -> [空]
      Kingdom: [Heunggongvirae] -> [空]
      Phylum: [Uroviricota] -> [空]
      Species: [Jouyvirus ev017] -> [空]
  SRR24305226_clean_NODE_6_length_17002_cov_179.940280
      Order: [Imitervirales] -> [空]
  SRR24305226_clean_NODE_715_length_6493_cov_77.652492
      Genus: [Alphabaculovirus] -> [空]
      Species: [Alphabaculovirus alterchofumiferanae] -> [空]
  SRR24305226_clean_NODE_759_length_6359_cov_14.617563
      Species: [Fadolivirus algeromassiliense] -> [空]
  SRR24305226_clean_NODE_763_length_6339_cov_140.877593
      Species: [Trogglehumpervirus trogglehumper] -> [空]
  SRR24305226_clean_NODE_780_length_6285_cov_174.216999
      Species: [Agnivirus brisbanense] -> [空]
  SRR24305226_clean_NODE_7912_length_678_cov_0.791736
      Realm: [Varidnaviria] -> [空]
      Kingdom: [Bamfordvirae] -> [空]
      Phylum: [Nucleocytoviricota] -> [空]
      Class: [Megaviricetes] -> [空]
      Order: [Pimascovirales] -> [空]
      Species: [Erythrocytic necrosis virus] -> [空]
  SRR24305226_clean_NODE_83_length_11663_cov_117.770923
      Realm: [Varidnaviria] -> [空]
      Kingdom: [Bamfordvirae] -> [空]
      Phylum: [Nucleocytoviricota] -> [空]
  SRR24305226_clean_NODE_854_length_6055_cov_171.517720
      Order: [Imitervirales] -> [空]
      Genus: [Fadolivirus] -> [空]
      Species: [Fadolivirus algeromassiliense] -> [空]
  SRR24305226_clean_NODE_857_length_6054_cov_106.628323
      Realm: [Varidnaviria] -> [空]
      Kingdom: [Bamfordvirae] -> [空]
      Phylum: [Nucleocytoviricota] -> [空]
      Class: [Megaviricetes] -> [空]
      Order: [Imitervirales] -> [空]
      Family: [Mimiviridae] -> [空]
      Genus: [Tupanvirus] -> [空]
      Species: [Tupanvirus salinum] -> [空]
  SRR24305226_clean_NODE_87_length_11586_cov_54.471641
      Species: [Tupanvirus altamarinense] -> [空]
  SRR24305226_clean_NODE_881_length_5984_cov_226.507190
      Realm: [Varidnaviria] -> [空]
      Kingdom: [Bamfordvirae] -> [空]
      Phylum: [Nucleocytoviricota] -> [空]
  SRR24305226_clean_NODE_88_length_11565_cov_88.052645
      Genus: [Fadolivirus] -> [空]
      Species: [Fadolivirus algeromassiliense] -> [空]
  SRR24305226_clean_NODE_8_length_16321_cov_23.420052
      Order: [Pantevenvirales] -> [空]
      Family: [Kyanoviridae] -> [空]
  SRR24305226_clean_NODE_947_length_5790_cov_135.872311
      Species: [Fadolivirus algeromassiliense] -> [空]
  SRR24305226_clean_NODE_98_length_11306_cov_101.556307
      Phylum: [Nucleocytoviricota] -> [空]
      Class: [Megaviricetes] -> [空]
      Order: [Imitervirales] -> [空]
      Family: [Mimiviridae] -> [空]
  SRR24305227_clean_NODE_233_length_1079_cov_5.194831
      Phylum: [Pisuviricota] -> [空]
      Species: [Mamastrovirus suisorientalis] -> [空]
  SRR24305227_clean_NODE_4_length_2870_cov_0.593136
      Realm: [Duplodnaviria] -> [空]
      Kingdom: [Heunggongvirae] -> [空]
      Phylum: [Uroviricota] -> [空]
  SRR24305227_clean_NODE_59_length_1533_cov_1.392466
      Realm: [Duplodnaviria] -> [空]
      Kingdom: [Heunggongvirae] -> [空]
      Phylum: [Uroviricota] -> [空]
      Family: [Chimalliviridae] -> [空]
      Genus: [Elvirus] -> [空]
      Species: [Elvirus EL] -> [空]
  SRR24305228_clean_NODE_1091_length_4496_cov_33.343206
      Species: [Indivirus ILV1*] -> [空]
  SRR24305228_clean_NODE_1330_length_4110_cov_37.252911
      Species: [Alphabaculovirus altermyunipunctae] -> [空]
  SRR24305228_clean_NODE_137_length_8189_cov_80.011212
      Species: [Rheavirus sinusmexicani] -> [空]
  SRR24305228_clean_NODE_14_length_12515_cov_24.883861
      Species: [Biavirus raunefjordenense] -> [空]
  SRR24305228_clean_NODE_195_length_7591_cov_8.169726
      Species: [Biavirus raunefjordenense] -> [空]
  SRR24305228_clean_NODE_2397_length_2916_cov_265.337320
      Species: [Marseillevirus massiliense] -> [空]
  SRR24305228_clean_NODE_2541_length_2798_cov_15.495413
      Realm: [Varidnaviria] -> [空]
      Kingdom: [Bamfordvirae] -> [空]
      Phylum: [Nucleocytoviricota] -> [空]
      Class: [Megaviricetes] -> [空]
      Order: [Imitervirales] -> [空]
  SRR24305228_clean_NODE_2721_length_2657_cov_17.763932
      Family: [Hydriviridae] -> [空]
      Genus: [Alphahydrivirus] -> [空]
      Species: [Alphahydrivirus permafrostis] -> [空]
  SRR24305228_clean_NODE_29_length_11110_cov_42.710882
      Order: [Imitervirales] -> [空]
      Species: [Tethysvirus raunefjordenense] -> [空]
  SRR24305228_clean_NODE_358_length_6519_cov_32.666925
      Species: [Chlorovirus vanettense] -> [空]
  SRR24305228_clean_NODE_3870_length_1933_cov_3.423656
      Species: [Tupanvirus salinum] -> [空]
  SRR24305228_clean_NODE_3_length_14474_cov_25.657315
      Phylum: [Preplasmiviricota] -> [空]
      Class: [Pharingeaviricetes] -> [空]
      Order: [Rowavirales] -> [空]
  SRR24305228_clean_NODE_458_length_6120_cov_18.744501
      Species: [Pseudovirus maydis] -> [空]
  SRR24305228_clean_NODE_4830_length_1454_cov_0.588704
      Species: [Mavirus cafeteriae*] -> [空]
  SRR24305228_clean_NODE_489_length_5995_cov_32.174603
      Species: [Clandestinovirus] -> [空]
  SRR24305228_clean_NODE_546_length_5807_cov_21.001395
      Species: [Mimiviridae sp. ChoanoV1*] -> [空]
  SRR24305228_clean_NODE_568_length_5755_cov_58.734952
      Species: [Criusvirus kaneoense*] -> [空]
  SRR24305228_clean_NODE_650_length_5453_cov_57.063383
      Species: [Mimiviridae sp. ChoanoV1*] -> [空]
  SRR24305228_clean_NODE_6940_length_843_cov_1.596104
      Species: [Pseudovirus tabaci] -> [空]
  SRR24305228_clean_NODE_804_length_5075_cov_16.619352
      Species: [Chlorovirus americanus] -> [空]
  SRR24305228_clean_NODE_8989_length_586_cov_0.567251
      Class: [Naldaviricetes] -> [空]
      Order: [Lefavirales] -> [空]
      Family: [Baculoviridae] -> [空]
      Genus: [Betabaculovirus] -> [空]
      Species: [Betabaculovirus sp.] -> [空]
  SRR24305228_clean_NODE_918_length_4837_cov_23.458438
      Realm: [Duplodnaviria] -> [空]
      Kingdom: [Heunggongvirae] -> [空]
      Phylum: [Uroviricota] -> [空]
      Class: [Caudoviricetes] -> [空]
      Order: [Pantevenvirales] -> [空]
      Family: [Straboviridae] -> [空]
      Genus: [Biquartavirus] -> [空]
      Species: [Biquartavirus 44RR2] -> [空]
  SRR24305228_clean_NODE_927_length_4828_cov_14.268139
      Family: [Baculoviridae] -> [空]
      Genus: [Alphabaculovirus] -> [空]
      Species: [Alphabaculovirus eupseudoconspersae] -> [空]
  SRR24305228_clean_NODE_939_length_4809_cov_55.421664
      Species: [Mimivirus lagoaense] -> [空]
  SRR24305228_clean_NODE_9597_length_544_cov_0.437367
      Genus: [Caulimovirus] -> [空]
      Species: [Caulimovirus tessellobrassicae] -> [空]
  SRR24305228_clean_NODE_965_length_4746_cov_47.347956
      Realm: [Varidnaviria] -> [空]
      Kingdom: [Bamfordvirae] -> [空]
      Phylum: [Nucleocytoviricota] -> [空]
      Class: [Megaviricetes] -> [空]
      Order: [Imitervirales] -> [空]
      Family: [Schizomimiviridae] -> [空]
      Genus: [Biavirus] -> [空]
      Species: [Biavirus raunefjordenense] -> [空]
  SRR24305228_clean_NODE_968_length_4739_cov_19.357694
      Species: [Biavirus raunefjordenense] -> [空]
  SRR24305229_clean_NODE_1_length_44810_cov_13.146344
      Species: [Sextaecvirus sextaec] -> [空]
  SRR24305230_clean_NODE_1170_length_3760_cov_3.409276
      Species: [Metavirus caenorhabditis] -> [空]
  SRR24305230_clean_NODE_1584_length_3273_cov_25.787500
      Realm: [Duplodnaviria] -> [空]
      Kingdom: [Heunggongvirae] -> [空]
      Phylum: [Uroviricota] -> [空]
      Class: [Caudoviricetes] -> [空]
  SRR24305230_clean_NODE_1663_length_3203_cov_6.679872
      Species: [Tupanvirus salinum] -> [空]
  SRR24305230_clean_NODE_1707_length_3155_cov_105.566191
      Genus: [Cotonvirus] -> [空]
      Species: [Cotonvirus japonicum] -> [空]
  SRR24305230_clean_NODE_2553_length_2467_cov_153.068505
      Species: [Agnivirus brisbanense] -> [空]
  SRR24305230_clean_NODE_3023_length_2164_cov_22.258250
      Species: [Penicillium camemberti virus - GP1*] -> [空]
  SRR24305230_clean_NODE_3397_length_1935_cov_8.395274
      Kingdom: [Shotokuvirae] -> [空]
      Phylum: [Commensaviricota] -> [空]
      Class: [Cardeaviricetes] -> [空]
      Order: [Sanitavirales] -> [空]
      Species: [Gammatorquevirus sp.] -> [空]
  SRR24305230_clean_NODE_3591_length_1833_cov_207.008523
      Species: [Cotonvirus japonicum] -> [空]
  SRR24305230_clean_NODE_3644_length_1798_cov_63.967536
      Realm: [Varidnaviria] -> [空]
      Kingdom: [Bamfordvirae] -> [空]
      Phylum: [Nucleocytoviricota] -> [空]
      Class: [Megaviricetes] -> [空]
  SRR24305230_clean_NODE_373_length_5563_cov_74.766302
      Species: [Pseudovirus artarabidopsis] -> [空]
  SRR24305230_clean_NODE_3962_length_1643_cov_8.598726
      Realm: [Varidnaviria] -> [空]
      Kingdom: [Bamfordvirae] -> [空]
      Phylum: [Nucleocytoviricota] -> [空]
      Class: [Megaviricetes] -> [空]
      Species: [Coccolithovirus huxleyi] -> [空]
  SRR24305230_clean_NODE_519_length_5090_cov_13.605940
      Family: [Pithoviridae] -> [空]
  SRR24305230_clean_NODE_5457_length_1065_cov_4.097782
      Class: [Stelpaviricetes] -> [空]
      Order: [Stellavirales] -> [空]
      Species: [Mamastrovirus suisorientalis] -> [空]
  SRR24305230_clean_NODE_5616_length_1022_cov_3.021075
      Genus: [Bracoviriform] -> [空]
  SRR24305230_clean_NODE_5767_length_990_cov_3.787350
      Species: [Porcellio scaber clopovirus] -> [空]
  SRR24305230_clean_NODE_6635_length_822_cov_1.403204
      Genus: [Betahymrhavirus] -> [空]
      Species: [Betahymrhavirus heterodontonyx] -> [空]
  SRR24305230_clean_NODE_750_length_4494_cov_8.793938
      Genus: [Bracoviriform] -> [空]
  SRR24305230_clean_NODE_779_length_4421_cov_29.847286
      Species: [Biavirus raunefjordenense] -> [空]
  SRR24315641_clean_NODE_953_length_506_cov_0.969977
      Class: [Naldaviricetes] -> [空]
      Order: [Lefavirales] -> [空]
      Family: [Baculoviridae] -> [空]
      Genus: [Betabaculovirus] -> [空]
      Species: [Betabaculovirus sp.] -> [空]
  SRR24315642_clean_NODE_647_length_563_cov_0.665306
      Phylum: [Pisuviricota] -> [空]
      Class: [Duplopiviricetes] -> [空]
      Order: [Durnavirales] -> [空]
      Family: [Picobirnaviridae] -> [空]
      Species: [Qianjiang picobirna-like virus 2] -> [空]
  SRR25775927_clean_NODE_517_length_570_cov_1.561368
      Family: [Schizomimiviridae] -> [空]
      Genus: [Biavirus] -> [空]
      Species: [Biavirus raunefjordenense] -> [空]
  SRR25775928_clean_NODE_114_length_1006_cov_0.913183
      Family: [Schizomimiviridae] -> [空]
      Genus: [Biavirus] -> [空]
      Species: [Biavirus raunefjordenense] -> [空]
  SRR25775928_clean_NODE_977_length_512_cov_1.284738
      Class: [Stelpaviricetes] -> [空]
      Order: [Stellavirales] -> [空]
      Species: [Mamastrovirus suisorientalis] -> [空]
  SRR25775931_clean_NODE_385_length_750_cov_0.580502
      Class: [Naldaviricetes] -> [空]
      Order: [Lefavirales] -> [空]
      Family: [Baculoviridae] -> [空]
      Genus: [Betabaculovirus] -> [空]
      Species: [Betabaculovirus sp.] -> [空]
  SRR25775933_clean_NODE_113_length_2628_cov_5.418004
      Species: [Biavirus raunefjordenense] -> [空]
  SRR25775933_clean_NODE_174_length_2329_cov_3.104610
      Realm: [Varidnaviria] -> [空]
      Kingdom: [Bamfordvirae] -> [空]
      Phylum: [Nucleocytoviricota] -> [空]
  SRR25775933_clean_NODE_204_length_2236_cov_4.299584
      Species: [Biavirus raunefjordenense] -> [空]
  SRR25775933_clean_NODE_289_length_1963_cov_19.872487
      Species: [Hokovirus HKV1*] -> [空]
  SRR25775933_clean_NODE_372_length_1802_cov_4.926547
      Species: [Agnivirus brisbanense] -> [空]
  SRR25775933_clean_NODE_37_length_3504_cov_3.591081
      Species: [Fadolivirus algeromassiliense] -> [空]
  SRR25775933_clean_NODE_422_length_1723_cov_2.156364
      Species: [Chlorovirus americanus] -> [空]
  SRR25775933_clean_NODE_435_length_1715_cov_4.739342
      Species: [Mimiviridae sp. ChoanoV1*] -> [空]
  SRR25775933_clean_NODE_5_length_5867_cov_6.640145
      Species: [Suipoxvirus swinepox*] -> [空]
  SRR25775933_clean_NODE_698_length_1439_cov_2.462665
      Order: [Imitervirales] -> [空]
  SRR25775936_clean_NODE_517_length_560_cov_0.743326
      Species: [Badnavirus fatsiae] -> [空]
  SRR25775937_clean_NODE_20_length_2141_cov_3.889749
      Species: [Klosneuvirus KNV1*] -> [空]
  SRR25775937_clean_NODE_5_length_2728_cov_2.422222
      Species: [Marseillevirus senegalense] -> [空]
  SRR25775937_clean_NODE_706_length_626_cov_0.766727
      Class: [Naldaviricetes] -> [空]
      Order: [Lefavirales] -> [空]
      Family: [Baculoviridae] -> [空]
      Genus: [Betabaculovirus] -> [空]
      Species: [Betabaculovirus sp.] -> [空]
  SRR27483474_clean_NODE_23_length_2174_cov_10.040933
      Genus: [Megavirus] -> [空]
      Species: [Megavirus powaiense] -> [空]
  SRR27483474_clean_NODE_2540_length_506_cov_1.364896
      Species: [Gemycircularvirus bemta1] -> [空]
  SRR27483474_clean_NODE_63_length_1675_cov_3.433208
      Realm: [Duplodnaviria] -> [空]
      Kingdom: [Heunggongvirae] -> [空]
      Phylum: [Uroviricota] -> [空]
  SRR27483475_clean_NODE_7_length_3701_cov_6.714168
      Species: [Hemivirus volvocis] -> [空]
  SRR27483475_clean_NODE_912_length_613_cov_1.157407
      Species: [Gammaretrovirus felleu] -> [空]
  SRR27483476_clean_NODE_253_length_927_cov_2.510539
      Class: [Flasuviricetes] -> [空]
      Order: [Amarillovirales] -> [空]
      Family: [Pestiviridae] -> [空]
      Genus: [Orthopestivirus] -> [空]
      Species: [Orthopestivirus bovis] -> [空]
  SRR27483479_clean_NODE_156_length_827_cov_2.984085
      Species: [Ripabiq virus] -> [空]
  SRR27483480_clean_NODE_158_length_1594_cov_1.794214
      Species: [Pseudovirus artarabidopsis] -> [空]
  SRR27483480_clean_NODE_45_length_2357_cov_2.937391
      Genus: [Errantivirus] -> [空]
      Species: [Errantivirus drososeptemdecimum] -> [空]
  SRR27483481_clean_NODE_1806_length_625_cov_1.974638
      Species: [Soymovirus maculaglycinis] -> [空]
  SRR27483482_clean_NODE_108_length_1876_cov_4.528564
      Species: [Fadolivirus algeromassiliense] -> [空]
  SRR27483482_clean_NODE_29_length_2771_cov_4.476279
      Species: [Alphapithovirus massiliense] -> [空]
  SRR27483482_clean_NODE_2_length_4125_cov_14.587858
      Genus: [Soymovirus] -> [空]
      Species: [Soymovirus malvae] -> [空]
  SRR27880472_clean_NODE_1548_length_723_cov_3.980000
      Species: [Sylvanvirus sp.] -> [空]
  SRR27880472_clean_NODE_1781_length_692_cov_0.479806
      Order: [Imitervirales] -> [空]
      Family: [Mesomimiviridae] -> [空]
  SRR27880472_clean_NODE_1_length_5237_cov_13.226181
      Family: [Pseudoviridae] -> [空]
      Genus: [Pseudovirus] -> [空]
      Species: [Pseudovirus solani] -> [空]
  SRR27880472_clean_NODE_350_length_1148_cov_5.069767
      Species: [Pseudovirus oryzae] -> [空]
  SRR27880472_clean_NODE_6_length_3276_cov_11.817047
      Kingdom: [Shotokuvirae] -> [空]
      Phylum: [Cressdnaviricota] -> [空]
      Class: [Repensiviricetes] -> [空]
      Order: [Geplafuvirales] -> [空]
      Family: [Geminiviridae] -> [空]
      Genus: [Begomovirus] -> [空]
      Species: [Begomovirus gossypikokranense] -> [空]
  SRR27880473_clean_NODE_2245_length_609_cov_42.319030
      Species: [Gammaretrovirus felleu] -> [空]
  SRR27880473_clean_NODE_43_length_2190_cov_0.685876
      Species: [Indivirus ILV1*] -> [空]
  SRR27880474_clean_NODE_117_length_1631_cov_0.297176
      Realm: [Varidnaviria] -> [空]
      Kingdom: [Bamfordvirae] -> [空]
      Phylum: [Nucleocytoviricota] -> [空]
      Family: [Schizomimiviridae] -> [空]
      Genus: [Biavirus] -> [空]
      Species: [Biavirus raunefjordenense] -> [空]
  SRR27880474_clean_NODE_2983_length_582_cov_0.326130
      Species: [Soymovirus malvae] -> [空]
  SRR27880474_clean_NODE_45_length_2150_cov_11.868079
      Species: [Pseudovirus brassicae] -> [空]
  SRR27880475_clean_NODE_4641_length_555_cov_0.645228
      Species: [Biavirus raunefjordenense] -> [空]
  SRR27880475_clean_NODE_71_length_2028_cov_3.368798
      Species: [Pseudovirus glycinis] -> [空]
  SRR27880476_clean_NODE_387_length_1168_cov_5.682192
      Species: [Pseudovirus glycinis] -> [空]
  SRR27880476_clean_NODE_50_length_2254_cov_3.683173
      Species: [Pseudovirus atrearabidopsis] -> [空]
  SRR27880476_clean_NODE_82_length_1978_cov_3.268241
      Genus: [Arsyunavirus] -> [空]
      Species: [Punavirus RCS47] -> [空]
  SRR27880476_clean_NODE_83_length_1977_cov_4.306723
      Genus: [Xuanwuvirus] -> [空]
      Species: [Xuanwuvirus xv520873] -> [空]
  SRR27880477_clean_NODE_11_length_3276_cov_2.405245
      Genus: [Errantivirus] -> [空]
      Species: [Errantivirus idefixi] -> [空]
  SRR33528970_clean_NODE_14_length_2925_cov_4.348527
      Species: [Chlorovirus americanus] -> [空]
  SRR33528970_clean_NODE_21_length_2511_cov_3.295324
      Phylum: [Nucleocytoviricota] -> [空]
      Class: [Megaviricetes] -> [空]
      Order: [Imitervirales] -> [空]
      Family: [Mimiviridae] -> [空]
  SRR33528970_clean_NODE_32_length_2290_cov_5.928733
      Family: [Mesomimiviridae] -> [空]
      Genus: [Tethysvirus] -> [空]
      Species: [Tethysvirus ontarioense] -> [空]
  SRR33528970_clean_NODE_35_length_2194_cov_5.961810
      Order: [Imitervirales] -> [空]
  SRR33528970_clean_NODE_56_length_1934_cov_3.247716
      Class: [Naldaviricetes] -> [空]
      Order: [Lefavirales] -> [空]
      Family: [Nudiviridae] -> [空]
      Genus: [Betanudivirus] -> [空]
      Species: [Betanudivirus hezeae] -> [空]
  SRR33528970_clean_NODE_58_length_1921_cov_1.621753
      Species: [Biavirus raunefjordenense] -> [空]
  SRR33528970_clean_NODE_65_length_1878_cov_1.536288
      Realm: [Duplodnaviria] -> [空]
      Kingdom: [Heunggongvirae] -> [空]
      Phylum: [Uroviricota] -> [空]
  SRR33528970_clean_NODE_73_length_1817_cov_4.815940
      Order: [Imitervirales] -> [空]
      Family: [Mimiviridae] -> [空]
      Genus: [Theiavirus] -> [空]
      Species: [Theiavirus salishense] -> [空]
  SRR33528970_clean_NODE_78_length_1753_cov_1.710714
      Realm: [Varidnaviria] -> [空]
      Kingdom: [Bamfordvirae] -> [空]
      Phylum: [Nucleocytoviricota] -> [空]
  SRR33528971_clean_NODE_41_length_2125_cov_2.102827
      Genus: [Fadolivirus] -> [空]
  SRR33528971_clean_NODE_75_length_1895_cov_12.666850
      Order: [Imitervirales] -> [空]
      Family: [Mimiviridae] -> [空]
      Genus: [Megavirus] -> [空]
      Species: [Megavirus powaiense] -> [空]
  SRR33528971_clean_NODE_88_length_1791_cov_3.536088
      Order: [Imitervirales] -> [空]
      Family: [Schizomimiviridae] -> [空]
  SRR33528972_clean_NODE_33_length_1977_cov_1.539391
      Genus: [Megavirus] -> [空]
      Species: [Megavirus powaiense] -> [空]
  SRR33528973_clean_NODE_19_length_2182_cov_1.691797
      Order: [Imitervirales] -> [空]
      Family: [Mesomimiviridae] -> [空]
      Genus: [Tethysvirus] -> [空]
      Species: [Tethysvirus raunefjordenense] -> [空]
  SRR33528975_clean_NODE_1_length_4930_cov_135.413218
      Family: [Pseudoviridae] -> [空]
      Genus: [Pseudovirus] -> [空]
      Species: [Pseudovirus brassicae] -> [空]
  SRR33536646_clean_NODE_491_length_599_cov_1.530418
      Species: [Hokovirus HKV1*] -> [空]
  SRR33536649_clean_NODE_10058_length_797_cov_3.070442
      Species: [Biavirus raunefjordenense] -> [空]
  SRR33536649_clean_NODE_1019_length_2153_cov_4.527404
      Species: [Fadolivirus algeromassiliense] -> [空]
  SRR33536649_clean_NODE_1029_length_2143_cov_4.974396
      Class: [Pokkesviricetes] -> [空]
  SRR33536649_clean_NODE_1035_length_2140_cov_7.086115
      Order: [Imitervirales] -> [空]
  SRR33536649_clean_NODE_103_length_3682_cov_28.091161
      Species: [Tupanvirus altamarinense] -> [空]
  SRR33536649_clean_NODE_1057_length_2131_cov_5.914480
      Realm: [Duplodnaviria] -> [空]
      Kingdom: [Heunggongvirae] -> [空]
      Phylum: [Uroviricota] -> [空]
  SRR33536649_clean_NODE_1065_length_2128_cov_3.240389
      Species: [Avipoxvirus fowlpox] -> [空]
  SRR33536649_clean_NODE_106_length_3673_cov_8.915000
      Phylum: [Kitrinoviricota] -> [空]
      Class: [Alsuviricetes] -> [空]
  SRR33536649_clean_NODE_1099_length_2105_cov_2.616142
      Species: [Tethysvirus raunefjordenense] -> [空]
  SRR33536649_clean_NODE_1161_length_2073_cov_4.932000
      Order: [Imitervirales] -> [空]
  SRR33536649_clean_NODE_1178_length_2065_cov_14.200301
      Species: [Marseillevirus senegalense] -> [空]
  SRR33536649_clean_NODE_1221_length_2042_cov_18.253936
      Species: [Mimivirus lagoaense] -> [空]
  SRR33536649_clean_NODE_1233_length_2032_cov_5.138846
      Realm: [Varidnaviria] -> [空]
      Kingdom: [Bamfordvirae] -> [空]
      Phylum: [Nucleocytoviricota] -> [空]
      Class: [Megaviricetes] -> [空]
  SRR33536649_clean_NODE_1282_length_2003_cov_13.623316
      Species: [Klosneuvirus KNV1*] -> [空]
  SRR33536649_clean_NODE_129_length_3517_cov_7.371080
      Species: [Hokovirus HKV1*] -> [空]
  SRR33536649_clean_NODE_1316_length_1989_cov_4.557933
      Order: [Imitervirales] -> [空]
      Species: [Tethysvirus hollandense] -> [空]
  SRR33536649_clean_NODE_1324_length_1983_cov_5.203141
      Realm: [Varidnaviria] -> [空]
      Kingdom: [Bamfordvirae] -> [空]
      Phylum: [Nucleocytoviricota] -> [空]
      Class: [Megaviricetes] -> [空]
      Order: [Pimascovirales] -> [空]
      Family: [Marseilleviridae] -> [空]
      Genus: [Losannavirus] -> [空]
      Species: [Losannavirus lausannense] -> [空]
  SRR33536649_clean_NODE_1376_length_1959_cov_8.021739
      Realm: [Duplodnaviria] -> [空]
      Kingdom: [Heunggongvirae] -> [空]
      Phylum: [Uroviricota] -> [空]
      Order: [Grandevirales] -> [空]
  SRR33536649_clean_NODE_1422_length_1943_cov_4.473262
      Order: [Imitervirales] -> [空]
      Genus: [Fadolivirus] -> [空]
      Species: [Fadolivirus algeromassiliense] -> [空]
  SRR33536649_clean_NODE_152_length_3413_cov_6.995509
      Realm: [Duplodnaviria] -> [空]
      Kingdom: [Heunggongvirae] -> [空]
      Phylum: [Uroviricota] -> [空]
      Genus: [Criusvirus] -> [空]
      Species: [Spbetavirus SPbeta] -> [空]
  SRR33536649_clean_NODE_1539_length_1900_cov_10.278051
      Realm: [Varidnaviria] -> [空]
      Kingdom: [Bamfordvirae] -> [空]
      Phylum: [Nucleocytoviricota] -> [空]
      Class: [Megaviricetes] -> [空]
      Order: [Pimascovirales] -> [空]
  SRR33536649_clean_NODE_1555_length_1892_cov_3.312259
      Phylum: [Nucleocytoviricota] -> [空]
      Class: [Megaviricetes] -> [空]
      Order: [Imitervirales] -> [空]
      Family: [Mimiviridae] -> [空]
  SRR33536649_clean_NODE_15702_length_630_cov_1.393178
      Realm: [Duplodnaviria] -> [空]
      Kingdom: [Heunggongvirae] -> [空]
      Phylum: [Uroviricota] -> [空]
      Order: [Imitervirales] -> [空]
      Genus: [Rheavirus] -> [空]
      Species: [Mieseafarmvirus RSL1] -> [空]
  SRR33536649_clean_NODE_1599_length_1875_cov_8.122087
      Realm: [Varidnaviria] -> [空]
      Kingdom: [Bamfordvirae] -> [空]
      Phylum: [Nucleocytoviricota] -> [空]
  SRR33536649_clean_NODE_1602_length_1875_cov_2.506104
      Realm: [Varidnaviria] -> [空]
      Kingdom: [Bamfordvirae] -> [空]
      Phylum: [Nucleocytoviricota] -> [空]
      Class: [Megaviricetes] -> [空]
      Order: [Imitervirales] -> [空]
      Family: [Mimiviridae] -> [空]
      Genus: [Mimivirus] -> [空]
      Species: [Mimivirus lagoaense] -> [空]
  SRR33536649_clean_NODE_168_length_3370_cov_7.600546
      Genus: [Mimivirus] -> [空]
      Species: [Mimivirus bradfordmassiliense] -> [空]
  SRR33536649_clean_NODE_1706_length_1838_cov_7.116147
      Species: [Klosneuvirus KNV1*] -> [空]
  SRR33536649_clean_NODE_173_length_3354_cov_5.380677
      Class: [Megaviricetes] -> [空]
      Order: [Imitervirales] -> [空]
      Family: [Mimiviridae] -> [空]
      Genus: [Megavirus] -> [空]
      Species: [Megavirus baoshanense] -> [空]
  SRR33536649_clean_NODE_1754_length_1820_cov_20.028048
      Species: [Hokovirus HKV1*] -> [空]
  SRR33536649_clean_NODE_17734_length_591_cov_2.658301
      Realm: [Riboviria] -> [空]
      Kingdom: [Orthornavirae] -> [空]
  SRR33536649_clean_NODE_18048_length_585_cov_5.558594
      Order: [Imitervirales] -> [空]
  SRR33536649_clean_NODE_1856_length_1787_cov_3.418903
      Phylum: [Nucleocytoviricota] -> [空]
      Class: [Megaviricetes] -> [空]
      Order: [Imitervirales] -> [空]
      Family: [Mimiviridae] -> [空]
  SRR33536649_clean_NODE_1907_length_1765_cov_11.114657
      Species: [Agnivirus brisbanense] -> [空]
  SRR33536649_clean_NODE_1970_length_1742_cov_14.998203
      Order: [Pimascovirales] -> [空]
  SRR33536649_clean_NODE_2009_length_1727_cov_4.304111
      Genus: [Theiavirus] -> [空]
      Species: [Theiavirus salishense] -> [空]
  SRR33536649_clean_NODE_2035_length_1718_cov_2.755015
      Species: [Tupanvirus salinum] -> [空]
  SRR33536649_clean_NODE_2077_length_1704_cov_9.100552
      Species: [Tupanvirus salinum] -> [空]
  SRR33536649_clean_NODE_20_length_5038_cov_8.722054
      Species: [Klosneuvirus KNV1*] -> [空]
  SRR33536649_clean_NODE_2124_length_1685_cov_6.410050
      Genus: [Rheavirus] -> [空]
      Species: [Rheavirus sinusmexicani] -> [空]
  SRR33536649_clean_NODE_2155_length_1674_cov_3.803248
      Species: [Moumouvirus moumou] -> [空]
  SRR33536649_clean_NODE_2168_length_1669_cov_5.367794
      Species: [Kratosvirus quantuckense*] -> [空]
  SRR33536649_clean_NODE_21_length_5013_cov_8.492105
      Realm: [Duplodnaviria] -> [空]
      Kingdom: [Heunggongvirae] -> [空]
      Phylum: [Peploviricota] -> [空]
      Class: [Herviviricetes] -> [空]
      Order: [Herpesvirales] -> [空]
      Family: [Orthoherpesviridae] -> [空]
      Genus: [空] -> [Kaumoebavirus]
  SRR33536649_clean_NODE_220_length_3184_cov_5.378978
      Species: [Fadolivirus algeromassiliense] -> [空]
  SRR33536649_clean_NODE_2222_length_1655_cov_5.075221
      Order: [Pimascovirales] -> [空]
  SRR33536649_clean_NODE_2228_length_1653_cov_43.568987
      Realm: [Varidnaviria] -> [空]
      Order: [Imitervirales] -> [空]
      Species: [Theiavirus salishense] -> [空]
  SRR33536649_clean_NODE_223_length_3177_cov_6.786405
      Species: [Chlorovirus americanus] -> [空]
  SRR33536649_clean_NODE_2274_length_1643_cov_4.510191
      Family: [Schizomimiviridae] -> [空]
      Genus: [Biavirus] -> [空]
      Species: [Biavirus raunefjordenense] -> [空]
  SRR33536649_clean_NODE_2278_length_1639_cov_9.860792
      Order: [Algavirales] -> [空]
      Family: [Phycodnaviridae] -> [空]
      Genus: [Chlorovirus] -> [空]
      Species: [Chlorovirus americanus] -> [空]
  SRR33536649_clean_NODE_229_length_3147_cov_4.530904
      Species: [Epsilonentomopoxvirus dlongicaudata] -> [空]
  SRR33536649_clean_NODE_22_length_4957_cov_9.026618
      Family: [Schizomimiviridae] -> [空]
      Genus: [Biavirus] -> [空]
      Species: [Biavirus raunefjordenense] -> [空]
  SRR33536649_clean_NODE_2370_length_1614_cov_4.121350
      Realm: [Duplodnaviria] -> [空]
      Kingdom: [Heunggongvirae] -> [空]
      Phylum: [Uroviricota] -> [空]
  SRR33536649_clean_NODE_23821_length_507_cov_0.933180
      Genus: [Traversvirus] -> [空]
      Species: [Traversvirus PA28] -> [空]
  SRR33536649_clean_NODE_2430_length_1598_cov_7.122623
      Genus: [Fadolivirus] -> [空]
      Species: [Fadolivirus algeromassiliense] -> [空]
  SRR33536649_clean_NODE_2462_length_1590_cov_3.100857
      Species: [Biavirus raunefjordenense] -> [空]
  SRR33536649_clean_NODE_2507_length_1579_cov_2.811421
      Species: [Hyperionvirus sp.] -> [空]
  SRR33536649_clean_NODE_2606_length_1553_cov_6.054054
      Realm: [Riboviria] -> [空]
      Kingdom: [Pararnavirae] -> [空]
      Phylum: [Artverviricota] -> [空]
      Class: [Revtraviricetes] -> [空]
      Order: [Ortervirales] -> [空]
  SRR33536649_clean_NODE_2670_length_1538_cov_9.923549
      Genus: [Tupanvirus] -> [空]
      Species: [Tupanvirus salinum] -> [空]
  SRR33536649_clean_NODE_267_length_3030_cov_6.222185
      Species: [Chlorovirus conductrix] -> [空]
  SRR33536649_clean_NODE_270_length_3022_cov_6.312309
      Class: [Pokkesviricetes] -> [空]
      Order: [Chitovirales] -> [空]
      Family: [Poxviridae] -> [空]
      Genus: [Salmonpoxvirus] -> [空]
      Species: [Salmonpoxvirus gillpox] -> [空]
  SRR33536649_clean_NODE_2715_length_1530_cov_2.879890
      Realm: [Varidnaviria] -> [空]
      Kingdom: [Bamfordvirae] -> [空]
      Phylum: [Nucleocytoviricota] -> [空]
      Class: [Megaviricetes] -> [空]
  SRR33536649_clean_NODE_299_length_2956_cov_3.570933
      Genus: [Fadolivirus] -> [空]
      Species: [Fadolivirus algeromassiliense] -> [空]
  SRR33536649_clean_NODE_3054_length_1455_cov_3.518090
      Species: [Alphaorpheovirus massiliense*] -> [空]
  SRR33536649_clean_NODE_310_length_2935_cov_4.607268
      Species: [Mimiviridae sp. ChoanoV1*] -> [空]
  SRR33536649_clean_NODE_330_length_2881_cov_69.359687
      Species: [Megavirus powaiense] -> [空]
  SRR33536649_clean_NODE_3334_length_1405_cov_2.024775
      Family: [Betaflexiviridae] -> [空]
      Genus: [Vitivirus] -> [空]
  SRR33536649_clean_NODE_338_length_2866_cov_7.474758
      Phylum: [Nucleocytoviricota] -> [空]
      Class: [Megaviricetes] -> [空]
  SRR33536649_clean_NODE_34_length_4360_cov_93.930721
      Species: [Tupanvirus altamarinense] -> [空]
  SRR33536649_clean_NODE_354_length_2834_cov_11.786671
      Realm: [Varidnaviria] -> [空]
      Kingdom: [Bamfordvirae] -> [空]
      Phylum: [Nucleocytoviricota] -> [空]
      Species: [Orthopoxvirus akhmetapox] -> [空]
  SRR33536649_clean_NODE_359_length_2815_cov_13.993800
      Order: [Pimascovirales] -> [空]
      Family: [Orpheoviridae] -> [空]
      Genus: [Alphaorpheovirus] -> [空]
      Species: [Alphaorpheovirus massiliense] -> [空]
  SRR33536649_clean_NODE_3790_length_1325_cov_3.408946
      Species: [Clandestinovirus] -> [空]
  SRR33536649_clean_NODE_3954_length_1300_cov_2.986960
      Species: [Hemivirus aedis] -> [空]
  SRR33536649_clean_NODE_3958_length_1299_cov_3.922512
      Species: [Gammapartitivirus effepenicillii] -> [空]
  SRR33536649_clean_NODE_410_length_2730_cov_3.787354
      Realm: [Varidnaviria] -> [空]
      Kingdom: [Bamfordvirae] -> [空]
      Phylum: [Nucleocytoviricota] -> [空]
      Class: [Pokkesviricetes] -> [空]
      Order: [Chitovirales] -> [空]
      Family: [Poxviridae] -> [空]
      Genus: [Salmonpoxvirus] -> [空]
      Species: [Salmonpoxvirus gillpox] -> [空]
  SRR33536649_clean_NODE_422_length_2713_cov_2.732955
      Realm: [Duplodnaviria] -> [空]
      Kingdom: [Heunggongvirae] -> [空]
  SRR33536649_clean_NODE_426_length_2707_cov_2.597950
      Species: [Hokovirus HKV1*] -> [空]
  SRR33536649_clean_NODE_429_length_2705_cov_4.082067
      Family: [Schizomimiviridae] -> [空]
      Genus: [Biavirus] -> [空]
      Species: [Biavirus raunefjordenense] -> [空]
  SRR33536649_clean_NODE_4409_length_1238_cov_3.584549
      Family: [Betaflexiviridae] -> [空]
  SRR33536649_clean_NODE_461_length_2662_cov_7.866358
      Realm: [Varidnaviria] -> [空]
      Kingdom: [Bamfordvirae] -> [空]
      Phylum: [Nucleocytoviricota] -> [空]
  SRR33536649_clean_NODE_499_length_2595_cov_13.934179
      Genus: [Cotonvirus] -> [空]
      Species: [Cotonvirus japonicum] -> [空]
  SRR33536649_clean_NODE_510_length_2579_cov_18.326417
      Class: [Pokkesviricetes] -> [空]
      Order: [Chitovirales] -> [空]
  SRR33536649_clean_NODE_518_length_2572_cov_3.289316
      Order: [Imitervirales] -> [空]
      Family: [Schizomimiviridae] -> [空]
      Genus: [Kratosvirus] -> [空]
      Species: [Kratosvirus quantuckense] -> [空]
  SRR33536649_clean_NODE_546_length_2541_cov_5.807942
      Realm: [Varidnaviria] -> [空]
      Kingdom: [Bamfordvirae] -> [空]
      Phylum: [Nucleocytoviricota] -> [空]
      Class: [Megaviricetes] -> [空]
      Order: [Algavirales] -> [空]
      Family: [Phycodnaviridae] -> [空]
  SRR33536649_clean_NODE_5559_length_1097_cov_1.432617
      Order: [Imitervirales] -> [空]
  SRR33536649_clean_NODE_578_length_2512_cov_9.186552
      Realm: [Varidnaviria] -> [空]
      Kingdom: [Bamfordvirae] -> [空]
      Phylum: [Nucleocytoviricota] -> [空]
      Class: [Megaviricetes] -> [空]
  SRR33536649_clean_NODE_5862_length_1068_cov_4.442211
      Phylum: [Nucleocytoviricota] -> [空]
      Class: [Megaviricetes] -> [空]
      Order: [Imitervirales] -> [空]
      Family: [Mimiviridae] -> [空]
  SRR33536649_clean_NODE_586_length_2504_cov_2.229535
      Species: [Chlorovirus conductrix] -> [空]
  SRR33536649_clean_NODE_62_length_3991_cov_5.465799
      Phylum: [Nucleocytoviricota] -> [空]
  SRR33536649_clean_NODE_631_length_2464_cov_16.636136
      Order: [Imitervirales] -> [空]
  SRR33536649_clean_NODE_633_length_2464_cov_4.072355
      Species: [Tupanvirus altamarinense] -> [空]
  SRR33536649_clean_NODE_651_length_2444_cov_9.663011
      Genus: [Cotonvirus] -> [空]
      Species: [Cotonvirus japonicum] -> [空]
  SRR33536649_clean_NODE_653_length_2441_cov_4.489865
      Realm: [Duplodnaviria] -> [空]
      Kingdom: [Heunggongvirae] -> [空]
      Phylum: [Uroviricota] -> [空]
      Family: [Demerecviridae] -> [空]
      Genus: [Cetovirus] -> [空]
  SRR33536649_clean_NODE_65_length_3950_cov_10.541914
      Species: [Biavirus raunefjordenense] -> [空]
  SRR33536649_clean_NODE_667_length_2431_cov_20.542409
      Species: [Theiavirus salishense] -> [空]
  SRR33536649_clean_NODE_677_length_2413_cov_14.085897
      Genus: [Lymphocystivirus] -> [空]
      Species: [Lymphocystivirus sparus1] -> [空]
  SRR33536649_clean_NODE_71_length_3908_cov_3.076402
      Realm: [Duplodnaviria] -> [空]
      Kingdom: [Heunggongvirae] -> [空]
      Phylum: [Uroviricota] -> [空]
  SRR33536649_clean_NODE_7202_length_957_cov_4.382353
      Realm: [Duplodnaviria] -> [空]
      Kingdom: [Heunggongvirae] -> [空]
      Phylum: [Uroviricota] -> [空]
  SRR33536649_clean_NODE_721_length_2367_cov_6.732345
      Class: [Megaviricetes] -> [空]
      Order: [Imitervirales] -> [空]
      Family: [Mimiviridae] -> [空]
      Genus: [Megavirus] -> [空]
      Species: [Megavirus powaiense] -> [空]
  SRR33536649_clean_NODE_7773_length_918_cov_2.059172
      Phylum: [Pisuviricota] -> [空]
      Class: [Duplopiviricetes] -> [空]
      Order: [Durnavirales] -> [空]
      Family: [Picobirnaviridae] -> [空]
      Species: [Qianjiang picobirna-like virus 2] -> [空]
  SRR33536649_clean_NODE_8075_length_899_cov_1.438257
      Species: [Benyvirus arctii] -> [空]
  SRR33536649_clean_NODE_809_length_2288_cov_7.691196
      Species: [Satyrvirus sp.*] -> [空]
  SRR33536649_clean_NODE_820_length_2282_cov_4.112268
      Genus: [Fadolivirus] -> [空]
      Species: [Fadolivirus algeromassiliense] -> [空]
  SRR33536649_clean_NODE_830_length_2274_cov_6.260336
      Genus: [Megavirus] -> [空]
      Species: [Megavirus baoshanense] -> [空]
  SRR33536649_clean_NODE_8735_length_862_cov_1.641318
      Realm: [Varidnaviria] -> [空]
      Kingdom: [Bamfordvirae] -> [空]
      Phylum: [Nucleocytoviricota] -> [空]
      Class: [Megaviricetes] -> [空]
      Order: [Imitervirales] -> [空]
      Family: [Mimiviridae] -> [空]
  SRR33536649_clean_NODE_888_length_2234_cov_9.739935
      Order: [Imitervirales] -> [空]
      Family: [Mesomimiviridae] -> [空]
      Genus: [Tethysvirus] -> [空]
      Species: [Tethysvirus raunefjordenense] -> [空]
  SRR33536649_clean_NODE_89_length_3764_cov_6.276077
      Species: [Tupanvirus altamarinense] -> [空]
  SRR33536649_clean_NODE_917_length_2214_cov_15.961700
      Family: [Mesomimiviridae] -> [空]
      Genus: [Tethysvirus] -> [空]
      Species: [Tethysvirus ontarioense] -> [空]
  SRR33536649_clean_NODE_920_length_2213_cov_5.577570
      Realm: [Duplodnaviria] -> [空]
      Kingdom: [Heunggongvirae] -> [空]
      Phylum: [Uroviricota] -> [空]
      Genus: [Fadolivirus] -> [空]
      Species: [Spinunavirus IPP61] -> [空]
  SRR33536649_clean_NODE_9671_length_814_cov_2.480432
      Class: [Megaviricetes] -> [空]
      Order: [Imitervirales] -> [空]
      Family: [Mimiviridae] -> [空]
      Genus: [Catovirus] -> [空]
      Species: [Catovirus CTV1] -> [空]
  SRR33536649_clean_NODE_9771_length_809_cov_6.543478
      Realm: [Duplodnaviria] -> [空]
      Kingdom: [Heunggongvirae] -> [空]
      Phylum: [Uroviricota] -> [空]
      Class: [Caudoviricetes] -> [空]
      Order: [Pantevenvirales] -> [空]
      Species: [Salacisavirus pssm2] -> [空]
  SRR33536650_clean_NODE_1017_length_2201_cov_5.641917
      Species: [Biavirus raunefjordenense] -> [空]
  SRR33536650_clean_NODE_1020_length_2200_cov_3.413258
      Realm: [Varidnaviria] -> [空]
      Kingdom: [Bamfordvirae] -> [空]
      Phylum: [Nucleocytoviricota] -> [空]
      Class: [Megaviricetes] -> [空]
  SRR33536650_clean_NODE_10318_length_793_cov_0.833333
      Realm: [Duplodnaviria] -> [空]
      Kingdom: [Heunggongvirae] -> [空]
      Phylum: [Uroviricota] -> [空]
      Class: [Caudoviricetes] -> [空]
      Species: [Clandestinovirus] -> [空]
  SRR33536650_clean_NODE_1053_length_2179_cov_4.341880
      Order: [Pimascovirales] -> [空]
      Species: [Alphaorpheovirus massiliense] -> [空]
  SRR33536650_clean_NODE_108_length_3757_cov_4.712812
      Realm: [Duplodnaviria] -> [空]
      Kingdom: [Heunggongvirae] -> [空]
      Phylum: [Uroviricota] -> [空]
  SRR33536650_clean_NODE_1092_length_2156_cov_7.084494
      Species: [Alphaentomopoxvirus acuprea*] -> [空]
  SRR33536650_clean_NODE_109_length_3755_cov_6.852526
      Realm: [Varidnaviria] -> [空]
      Kingdom: [Bamfordvirae] -> [空]
      Phylum: [Nucleocytoviricota] -> [空]
      Class: [Megaviricetes] -> [空]
      Order: [Pimascovirales] -> [空]
      Family: [Pithoviridae] -> [空]
      Genus: [Alphacedratvirus] -> [空]
      Species: [Alphacedratvirus rossiense] -> [空]
  SRR33536650_clean_NODE_1151_length_2119_cov_4.345064
      Species: [Klosneuvirus KNV1*] -> [空]
  SRR33536650_clean_NODE_1183_length_2104_cov_41.153619
      Species: [Fadolivirus algeromassiliense] -> [空]
  SRR33536650_clean_NODE_1191_length_2097_cov_6.325593
      Realm: [Duplodnaviria] -> [空]
      Kingdom: [Heunggongvirae] -> [空]
      Phylum: [Uroviricota] -> [空]
      Class: [Caudoviricetes] -> [空]
      Order: [Grandevirales] -> [空]
      Family: [Lakviridae] -> [空]
      Genus: [Hatfieldvirus] -> [空]
      Species: [Hatfieldvirus porci] -> [空]
  SRR33536650_clean_NODE_1213_length_2087_cov_25.756207
      Genus: [Anaposvirus] -> [空]
      Species: [Anaposvirus socalone] -> [空]
  SRR33536650_clean_NODE_1216_length_2085_cov_10.544732
      Species: [Biavirus raunefjordenense] -> [空]
  SRR33536650_clean_NODE_1249_length_2067_cov_4.210632
      Genus: [Fadolivirus] -> [空]
      Species: [Fadolivirus algeromassiliense] -> [空]
  SRR33536650_clean_NODE_1254_length_2064_cov_3.864892
      Realm: [Duplodnaviria] -> [空]
      Kingdom: [Heunggongvirae] -> [空]
      Phylum: [Uroviricota] -> [空]
  SRR33536650_clean_NODE_1256_length_2063_cov_3.790452
      Realm: [Varidnaviria] -> [空]
      Kingdom: [Bamfordvirae] -> [空]
      Phylum: [Nucleocytoviricota] -> [空]
      Class: [Megaviricetes] -> [空]
      Order: [Pimascovirales] -> [空]
      Family: [Orpheoviridae] -> [空]
      Genus: [Alphaorpheovirus] -> [空]
      Species: [Alphaorpheovirus massiliense] -> [空]
  SRR33536650_clean_NODE_125_length_3639_cov_5.713685
      Species: [Oceanusvirus kaneohense] -> [空]
  SRR33536650_clean_NODE_131_length_3603_cov_4.039377
      Genus: [Cotonvirus] -> [空]
      Species: [Cotonvirus japonicum] -> [空]
  SRR33536650_clean_NODE_1326_length_2025_cov_13.070184
      Realm: [Varidnaviria] -> [空]
      Kingdom: [Bamfordvirae] -> [空]
      Phylum: [Nucleocytoviricota] -> [空]
      Class: [Megaviricetes] -> [空]
      Order: [Imitervirales] -> [空]
  SRR33536650_clean_NODE_1342_length_2015_cov_7.339341
      Species: [Tupanvirus altamarinense] -> [空]
  SRR33536650_clean_NODE_1402_length_1984_cov_3.591313
      Realm: [Varidnaviria] -> [空]
      Kingdom: [Bamfordvirae] -> [空]
      Phylum: [Nucleocytoviricota] -> [空]
      Class: [Megaviricetes] -> [空]
      Order: [Imitervirales] -> [空]
  SRR33536650_clean_NODE_14501_length_656_cov_1.718696
      Phylum: [Lenarviricota] -> [空]
      Species: [Ripabiq virus] -> [空]
  SRR33536650_clean_NODE_1497_length_1947_cov_6.466916
      Species: [Phaeovirus irregularis] -> [空]
  SRR33536650_clean_NODE_1498_length_1947_cov_3.371398
      Species: [Mimiviridae sp. ChoanoV1*] -> [空]
  SRR33536650_clean_NODE_1499_length_1946_cov_8.203417
      Realm: [Varidnaviria] -> [空]
      Kingdom: [Bamfordvirae] -> [空]
      Phylum: [Nucleocytoviricota] -> [空]
  SRR33536650_clean_NODE_149_length_3525_cov_6.057358
      Realm: [Varidnaviria] -> [空]
      Kingdom: [Bamfordvirae] -> [空]
      Phylum: [Nucleocytoviricota] -> [空]
  SRR33536650_clean_NODE_151_length_3519_cov_9.399594
      Species: [Mimiviridae sp. ChoanoV1*] -> [空]
  SRR33536650_clean_NODE_152_length_3512_cov_8.613550
      Species: [Klosneuvirus KNV1*] -> [空]
  SRR33536650_clean_NODE_15485_length_633_cov_1.623214
      Order: [Algavirales] -> [空]
      Family: [Phycodnaviridae] -> [空]
      Species: [Phaeovirus irregularis] -> [空]
  SRR33536650_clean_NODE_154_length_3506_cov_11.343140
      Species: [Chlorovirus americanus] -> [空]
  SRR33536650_clean_NODE_1555_length_1921_cov_3.761905
      Family: [Schizomimiviridae] -> [空]
      Genus: [Biavirus] -> [空]
      Species: [Biavirus raunefjordenense] -> [空]
  SRR33536650_clean_NODE_15748_length_627_cov_3.453069
      Order: [Imitervirales] -> [空]
  SRR33536650_clean_NODE_1582_length_1908_cov_10.647956
      Genus: [Epsilonentomopoxvirus] -> [空]
      Species: [Epsilonentomopoxvirus dlongicaudata] -> [空]
  SRR33536650_clean_NODE_1610_length_1899_cov_2.018620
      Realm: [Duplodnaviria] -> [空]
      Kingdom: [Heunggongvirae] -> [空]
      Phylum: [Uroviricota] -> [空]
  SRR33536650_clean_NODE_1624_length_1893_cov_4.815385
      Realm: [Duplodnaviria] -> [空]
      Kingdom: [Heunggongvirae] -> [空]
      Phylum: [Uroviricota] -> [空]
  SRR33536650_clean_NODE_1630_length_1890_cov_3.911943
      Species: [Kratosvirus quantuckense] -> [空]
  SRR33536650_clean_NODE_165_length_3429_cov_4.068832
      Genus: [Fadolivirus] -> [空]
      Species: [Fadolivirus algeromassiliense] -> [空]
  SRR33536650_clean_NODE_1689_length_1867_cov_7.074693
      Species: [Agnivirus brisbanense] -> [空]
  SRR33536650_clean_NODE_168_length_3408_cov_16.557121
      Genus: [Fadolivirus] -> [空]
      Species: [Fadolivirus algeromassiliense] -> [空]
  SRR33536650_clean_NODE_1717_length_1858_cov_2.204482
      Species: [Pseudovirus tabaci] -> [空]
  SRR33536650_clean_NODE_1733_length_1852_cov_7.278808
      Species: [Tupanvirus salinum] -> [空]
  SRR33536650_clean_NODE_17928_length_584_cov_1.808219
      Class: [Naldaviricetes] -> [空]
      Order: [Lefavirales] -> [空]
  SRR33536650_clean_NODE_1795_length_1828_cov_3.959544
      Genus: [Celavirus] -> [空]
      Species: [Celavirus apii] -> [空]
  SRR33536650_clean_NODE_1828_length_1816_cov_2.372347
      Species: [Satyrvirus sp.*] -> [空]
  SRR33536650_clean_NODE_1857_length_1808_cov_5.756196
      Species: [Indivirus ILV1*] -> [空]
  SRR33536650_clean_NODE_1860_length_1807_cov_7.750865
      Species: [Agnivirus brisbanense] -> [空]
  SRR33536650_clean_NODE_1863_length_1806_cov_4.256780
      Phylum: [Nucleocytoviricota] -> [空]
      Class: [Megaviricetes] -> [空]
      Order: [Imitervirales] -> [空]
      Family: [Mimiviridae] -> [空]
  SRR33536650_clean_NODE_1890_length_1794_cov_9.196397
      Order: [Pimascovirales] -> [空]
  SRR33536650_clean_NODE_1894_length_1793_cov_2.720930
      Realm: [Duplodnaviria] -> [空]
      Kingdom: [Heunggongvirae] -> [空]
      Phylum: [Uroviricota] -> [空]
      Species: [Theiavirus salishense*] -> [空]
  SRR33536650_clean_NODE_1923_length_1783_cov_2.097661
      Realm: [Varidnaviria] -> [空]
      Kingdom: [Bamfordvirae] -> [空]
      Phylum: [Nucleocytoviricota] -> [空]
      Class: [Megaviricetes] -> [空]
  SRR33536650_clean_NODE_199_length_3278_cov_4.405616
      Genus: [Tupanvirus] -> [空]
      Species: [Tupanvirus salinum] -> [空]
  SRR33536650_clean_NODE_2011_length_1753_cov_2.114881
      Order: [Imitervirales] -> [空]
      Species: [Fadolivirus algeromassiliense] -> [空]
  SRR33536650_clean_NODE_2048_length_1739_cov_3.695078
      Realm: [Duplodnaviria] -> [空]
      Kingdom: [Heunggongvirae] -> [空]
      Phylum: [Uroviricota] -> [空]
  SRR33536650_clean_NODE_2060_length_1735_cov_7.390493
      Species: [Theiavirus salishense] -> [空]
  SRR33536650_clean_NODE_2086_length_1728_cov_2.280363
      Realm: [Varidnaviria] -> [空]
      Kingdom: [Bamfordvirae] -> [空]
      Phylum: [Nucleocytoviricota] -> [空]
      Class: [Megaviricetes] -> [空]
      Order: [Pimascovirales] -> [空]
  SRR33536650_clean_NODE_2089_length_1726_cov_6.460980
      Species: [Megavirus baoshanense] -> [空]
  SRR33536650_clean_NODE_21070_length_535_cov_1.893939
      Species: [Benyvirus solibetae] -> [空]
  SRR33536650_clean_NODE_211_length_3237_cov_7.875790
      Species: [Tupanvirus salinum] -> [空]
  SRR33536650_clean_NODE_215_length_3229_cov_5.905894
      Family: [Schizomimiviridae] -> [空]
      Genus: [Biavirus] -> [空]
      Species: [Biavirus raunefjordenense] -> [空]
  SRR33536650_clean_NODE_218_length_3224_cov_5.417645
      Realm: [Duplodnaviria] -> [空]
      Kingdom: [Heunggongvirae] -> [空]
      Phylum: [Uroviricota] -> [空]
      Species: [Alphabaculovirus anpernyi] -> [空]
  SRR33536650_clean_NODE_221_length_3221_cov_29.576874
      Family: [Mesomimiviridae] -> [空]
      Genus: [Tethysvirus] -> [空]
      Species: [Tethysvirus ontarioense] -> [空]
  SRR33536650_clean_NODE_22239_length_519_cov_2.567265
      Phylum: [Nucleocytoviricota] -> [空]
      Class: [Megaviricetes] -> [空]
  SRR33536650_clean_NODE_2260_length_1676_cov_10.408609
      Family: [Mesomimiviridae] -> [空]
  SRR33536650_clean_NODE_23276_length_507_cov_1.774194
      Species: [Gammaretrovirus felleu] -> [空]
  SRR33536650_clean_NODE_2412_length_1632_cov_9.140475
      Family: [Mimiviridae] -> [空]
  SRR33536650_clean_NODE_256_length_3131_cov_11.801504
      Genus: [Fadolivirus] -> [空]
  SRR33536650_clean_NODE_2570_length_1583_cov_165.789404
      Class: [Naldaviricetes] -> [空]
  SRR33536650_clean_NODE_259_length_3124_cov_5.140282
      Realm: [Duplodnaviria] -> [空]
      Kingdom: [Heunggongvirae] -> [空]
      Phylum: [Peploviricota] -> [空]
      Class: [Herviviricetes] -> [空]
      Order: [Herpesvirales] -> [空]
      Family: [Alloherpesviridae] -> [空]
  SRR33536650_clean_NODE_2623_length_1569_cov_3.382353
      Order: [Imitervirales] -> [空]
      Species: [Biavirus raunefjordenense] -> [空]
  SRR33536650_clean_NODE_2624_length_1569_cov_3.128342
      Species: [Mimiviridae sp. ChoanoV1*] -> [空]
  SRR33536650_clean_NODE_2672_length_1558_cov_3.332660
      Realm: [Duplodnaviria] -> [空]
      Kingdom: [Heunggongvirae] -> [空]
      Phylum: [Uroviricota] -> [空]
  SRR33536650_clean_NODE_269_length_3088_cov_6.006633
      Family: [Lakviridae] -> [空]
      Genus: [Vetruanivirus] -> [空]
      Species: [Vetruanivirus primi] -> [空]
  SRR33536650_clean_NODE_273_length_3075_cov_16.022985
      Order: [Pimascovirales] -> [空]
  SRR33536650_clean_NODE_2760_length_1537_cov_13.273224
      Species: [Salmonpoxvirus gillpox] -> [空]
  SRR33536650_clean_NODE_277_length_3057_cov_4.633713
      Genus: [Orthopoxvirus] -> [空]
      Species: [Orthopoxvirus ectromelia] -> [空]
  SRR33536650_clean_NODE_2801_length_1529_cov_2.997940
      Species: [Biavirus raunefjordenense] -> [空]
  SRR33536650_clean_NODE_2834_length_1520_cov_3.062889
      Genus: [Fadolivirus] -> [空]
      Species: [Fadolivirus algeromassiliense] -> [空]
  SRR33536650_clean_NODE_2956_length_1490_cov_6.321101
      Species: [Tupanvirus salinum] -> [空]
  SRR33536650_clean_NODE_296_length_3020_cov_2.824228
      Species: [Alphahydrivirus permafrostis] -> [空]
  SRR33536650_clean_NODE_3122_length_1458_cov_3.160289
      Species: [Chlorovirus americanus] -> [空]
  SRR33536650_clean_NODE_31_length_4699_cov_5.414829
      Species: [Chlorovirus americanus] -> [空]
  SRR33536650_clean_NODE_349_length_2900_cov_5.260347
      Species: [Biavirus raunefjordenense] -> [空]
  SRR33536650_clean_NODE_3522_length_1387_cov_1.601218
      Kingdom: [Orthornavirae] -> [空]
      Phylum: [Kitrinoviricota] -> [空]
      Class: [Tolucaviricetes] -> [空]
      Order: [Tolivirales] -> [空]
  SRR33536650_clean_NODE_3907_length_1326_cov_3.078212
      Realm: [Varidnaviria] -> [空]
      Kingdom: [Bamfordvirae] -> [空]
      Phylum: [Nucleocytoviricota] -> [空]
      Class: [Pokkesviricetes] -> [空]
      Order: [Chitovirales] -> [空]
      Family: [Poxviridae] -> [空]
      Genus: [Orthopoxvirus] -> [空]
      Species: [Orthopoxvirus cowpox] -> [空]
  SRR33536650_clean_NODE_3_length_6309_cov_3.749840
      Species: [Sirevirus maydis] -> [空]
  SRR33536650_clean_NODE_40_length_4583_cov_6.473392
      Species: [Alphaorpheovirus massiliense] -> [空]
  SRR33536650_clean_NODE_4101_length_1297_cov_14.437908
      Species: [Tupanvirus salinum] -> [空]
  SRR33536650_clean_NODE_41_length_4562_cov_5.122522
      Kingdom: [Bamfordvirae] -> [空]
      Phylum: [Nucleocytoviricota] -> [空]
      Class: [Megaviricetes] -> [空]
      Order: [Imitervirales] -> [空]
      Species: [Mimivirus lagoaense] -> [空]
  SRR33536650_clean_NODE_429_length_2765_cov_12.101412
      Order: [Imitervirales] -> [空]
      Family: [Mimiviridae] -> [空]
      Genus: [Moumouvirus] -> [空]
      Species: [Moumouvirus australiense] -> [空]
  SRR33536650_clean_NODE_448_length_2734_cov_4.565201
      Species: [Tupanvirus altamarinense] -> [空]
  SRR33536650_clean_NODE_486_length_2682_cov_3.566501
      Realm: [Varidnaviria] -> [空]
      Kingdom: [Bamfordvirae] -> [空]
      Phylum: [Nucleocytoviricota] -> [空]
      Class: [Megaviricetes] -> [空]
      Order: [Pimascovirales] -> [空]
  SRR33536650_clean_NODE_4996_length_1174_cov_1.616712
      Species: [Klosneuvirus KNV1*] -> [空]
  SRR33536650_clean_NODE_5032_length_1170_cov_3.192343
      Order: [Imitervirales] -> [空]
  SRR33536650_clean_NODE_571_length_2584_cov_1.663879
      Class: [Caudoviricetes] -> [空]
      Family: [Stanwilliamsviridae] -> [空]
      Genus: [Wilnyevirus] -> [空]
      Species: [Wilnyevirus billnye] -> [空]
  SRR33536650_clean_NODE_572_length_2582_cov_6.780391
      Realm: [Duplodnaviria] -> [空]
      Kingdom: [Heunggongvirae] -> [空]
      Phylum: [Uroviricota] -> [空]
  SRR33536650_clean_NODE_582_length_2575_cov_9.458433
      Species: [Teubervirus P596] -> [空]
  SRR33536650_clean_NODE_603_length_2555_cov_5.318695
      Realm: [Duplodnaviria] -> [空]
      Kingdom: [Heunggongvirae] -> [空]
      Phylum: [Uroviricota] -> [空]
  SRR33536650_clean_NODE_6080_length_1061_cov_9.188259
      Phylum: [Nucleocytoviricota] -> [空]
      Class: [Megaviricetes] -> [空]
      Order: [Imitervirales] -> [空]
      Family: [Mimiviridae] -> [空]
  SRR33536650_clean_NODE_631_length_2524_cov_11.693594
      Species: [Mimiviridae sp. ChoanoV1*] -> [空]
  SRR33536650_clean_NODE_635_length_2523_cov_5.872653
      Order: [Imitervirales] -> [空]
      Family: [Mimiviridae] -> [空]
      Genus: [Tupanvirus] -> [空]
      Species: [Tupanvirus altamarinense] -> [空]
  SRR33536650_clean_NODE_684_length_2471_cov_6.550876
      Species: [Fadolivirus algeromassiliense] -> [空]
  SRR33536650_clean_NODE_706_length_2450_cov_4.546066
      Species: [Biavirus raunefjordenense] -> [空]
  SRR33536650_clean_NODE_761_length_2402_cov_2.883641
      Realm: [Varidnaviria] -> [空]
      Kingdom: [Bamfordvirae] -> [空]
      Phylum: [Nucleocytoviricota] -> [空]
      Class: [Megaviricetes] -> [空]
      Order: [Imitervirales] -> [空]
  SRR33536650_clean_NODE_774_length_2389_cov_4.846287
      Realm: [Varidnaviria] -> [空]
      Kingdom: [Bamfordvirae] -> [空]
      Phylum: [Nucleocytoviricota] -> [空]
  SRR33536650_clean_NODE_833_length_2327_cov_21.513310
      Family: [Mesomimiviridae] -> [空]
      Genus: [Tethysvirus] -> [空]
      Species: [Tethysvirus ontarioense] -> [空]
  SRR33536650_clean_NODE_846_length_2317_cov_4.577986
      Realm: [Varidnaviria] -> [空]
      Kingdom: [Bamfordvirae] -> [空]
      Phylum: [Nucleocytoviricota] -> [空]
      Class: [Megaviricetes] -> [空]
      Order: [Pimascovirales] -> [空]
  SRR33536650_clean_NODE_849_length_2314_cov_6.886212
      Species: [Cotonvirus japonicum] -> [空]
  SRR33536650_clean_NODE_879_length_2297_cov_9.593975
      Realm: [Varidnaviria] -> [空]
      Kingdom: [Bamfordvirae] -> [空]
      Phylum: [Nucleocytoviricota] -> [空]
      Class: [Megaviricetes] -> [空]
  SRR33536650_clean_NODE_901_length_2279_cov_7.776519
      Species: [Tupanvirus altamarinense] -> [空]
  SRR33536650_clean_NODE_902_length_2279_cov_5.727561
      Family: [Marseilleviridae] -> [空]
      Genus: [Marseillevirus] -> [空]
      Species: [Marseillevirus massiliense] -> [空]
  SRR33536650_clean_NODE_915_length_2272_cov_6.781719
      Order: [Imitervirales] -> [空]
      Species: [Tethysvirus raunefjordenense] -> [空]
  SRR33536650_clean_NODE_918_length_2271_cov_2.741128
      Realm: [Varidnaviria] -> [空]
  SRR33536650_clean_NODE_923_length_2269_cov_5.539162
      Realm: [Varidnaviria] -> [空]
      Kingdom: [Bamfordvirae] -> [空]
      Phylum: [Nucleocytoviricota] -> [空]
      Class: [Megaviricetes] -> [空]
      Order: [Algavirales] -> [空]
      Family: [Phycodnaviridae] -> [空]
      Genus: [Prasinovirus] -> [空]
      Species: [Bathycoccus sp. RCC1105 virus BpV] -> [空]
  SRR33536651_clean_NODE_1016_length_824_cov_1.900133
      Species: [Potexvirus pepini] -> [空]
  SRR33536651_clean_NODE_1825_length_674_cov_1.534110
      Species: [Prasinovirus ostreotauri] -> [空]
  SRR33536651_clean_NODE_198_length_1309_cov_0.889159
      Realm: [Varidnaviria] -> [空]
      Kingdom: [Bamfordvirae] -> [空]
      Phylum: [Nucleocytoviricota] -> [空]
      Class: [Megaviricetes] -> [空]
      Order: [Pimascovirales] -> [空]
      Species: [Erythrocytic necrosis virus] -> [空]
  SRR33536651_clean_NODE_1_length_6581_cov_39.037953
      Species: [Tobamovirus fortpiercense] -> [空]
  SRR33536651_clean_NODE_3036_length_569_cov_1.802419
      Phylum: [Uroviricota] -> [空]
  SRR33536651_clean_NODE_3525_length_540_cov_0.920771
      Order: [Imitervirales] -> [空]
  SRR33536657_clean_NODE_499_length_605_cov_1.862782
      Genus: [Xuanwuvirus] -> [空]
      Species: [Xuanwuvirus xv520873] -> [空]
  SRR33536659_clean_NODE_746_length_565_cov_1.453252
      Realm: [Duplodnaviria] -> [空]
      Kingdom: [Heunggongvirae] -> [空]
      Phylum: [Uroviricota] -> [空]
  SRR33536660_clean_NODE_29_length_2148_cov_4.286265
      Family: [Mimiviridae] -> [空]
      Genus: [Megavirus] -> [空]
      Species: [Megavirus powaiense] -> [空]
  SRR33536660_clean_NODE_3077_length_636_cov_1.367673
      Species: [Hemivirus volvocis] -> [空]
  SRR33536660_clean_NODE_3603_length_605_cov_1.609023
      Species: [Chronazend virus] -> [空]
  SRR33536660_clean_NODE_366_length_1221_cov_1.763066
      Realm: [Duplodnaviria] -> [空]
      Kingdom: [Heunggongvirae] -> [空]
      Phylum: [Uroviricota] -> [空]
  SRR33536660_clean_NODE_36_length_2055_cov_2.280020
      Order: [Imitervirales] -> [空]
  SRR33536660_clean_NODE_4755_length_554_cov_3.218295
      Realm: [Duplodnaviria] -> [空]
      Kingdom: [Heunggongvirae] -> [空]
      Phylum: [Uroviricota] -> [空]
  SRR33536660_clean_NODE_499_length_1123_cov_2.308571
      Phylum: [Lenarviricota] -> [空]
      Class: [Howeltoviricetes] -> [空]
      Order: [Cryppavirales] -> [空]
      Family: [Mitoviridae] -> [空]
  SRR33536660_clean_NODE_5030_length_544_cov_1.454352
      Species: [Potexvirus ecspotati] -> [空]
  SRR33536660_clean_NODE_67_length_1876_cov_3.142540
      Order: [Imitervirales] -> [空]
      Species: [Tethysvirus raunefjordenense] -> [空]
  SRR33536660_clean_NODE_96_length_1730_cov_3.683766
      Species: [Klosneuvirus KNV1*] -> [空]
  SRR33536661_clean_NODE_1129_length_803_cov_7.971233
      Family: [Caulimoviridae] -> [空]
      Genus: [Badnavirus] -> [Lentivirus]
      Species: [空] -> [Lentivirus simimdef]
  SRR33536661_clean_NODE_1224_length_783_cov_1.753521
      Species: [Guangxi alphaflexi-like virus] -> [空]
  SRR33536661_clean_NODE_830_length_885_cov_1.567734
      Class: [Naldaviricetes] -> [空]
      Order: [Lefavirales] -> [空]
      Family: [Baculoviridae] -> [空]
      Genus: [Alphabaculovirus] -> [Lentivirus]
      Species: [空] -> [Lentivirus simimdef]
  SRR33536661_clean_NODE_89_length_1586_cov_5.853272
      Species: [Hokovirus HKV1*] -> [空]
  SRR35911571_clean_NODE_1240_length_4003_cov_7.670738
      Family: [Allomimiviridae] -> [空]
      Genus: [Oceanusvirus] -> [空]
      Species: [Oceanusvirus kaneohense] -> [空]
  SRR35911571_clean_NODE_1396_length_3789_cov_20.015339
      Realm: [Riboviria] -> [空]
      Kingdom: [Pararnavirae] -> [空]
      Phylum: [Artverviricota] -> [空]
      Class: [Revtraviricetes] -> [空]
  SRR35911571_clean_NODE_163_length_7318_cov_9.981504
      Realm: [Adnaviria] -> [空]
      Kingdom: [Zilligvirae] -> [空]
      Phylum: [Taleaviricota] -> [空]
  SRR35911571_clean_NODE_2916_length_2437_cov_4.135364
      Species: [Sirevirus arabidopsis] -> [空]
  SRR35911571_clean_NODE_4364_length_1710_cov_17.086744
      Family: [Nimaviridae] -> [空]
  SRR35911571_clean_NODE_4388_length_1701_cov_25.343366
      Class: [Megaviricetes] -> [空]
      Order: [Pimascovirales] -> [空]
      Family: [Hydriviridae] -> [空]
      Genus: [Alphahydrivirus] -> [空]
      Species: [Alphahydrivirus permafrostis] -> [空]
  SRR35911571_clean_NODE_498_length_5493_cov_20.649262
      Species: [Phaeovirus unasiliculosus] -> [空]
  SRR35911571_clean_NODE_522_length_5407_cov_13.368579
      Species: [Cilevirus pistaciae] -> [空]
  SRR35911571_clean_NODE_82_length_8543_cov_33.048996
      Realm: [Varidnaviria] -> [空]
      Kingdom: [Bamfordvirae] -> [空]
      Phylum: [Nucleocytoviricota] -> [空]
  SRR35911571_clean_NODE_872_length_4624_cov_17.640738
      Species: [Tupanvirus salinum] -> [空]
  SRR35911571_clean_NODE_906_length_4561_cov_13.294118
      Species: [Tupanvirus altamarinense] -> [空]
  SRR35911572_clean_NODE_2143_length_599_cov_0.796578
      Realm: [Varidnaviria] -> [空]
      Kingdom: [Bamfordvirae] -> [空]
      Phylum: [Nucleocytoviricota] -> [空]
      Class: [Pokkesviricetes] -> [空]
      Order: [Chitovirales] -> [空]
      Family: [Poxviridae] -> [空]
      Genus: [Betaentomopoxvirus] -> [空]
      Species: [Betaentomopoxvirus crosaceana] -> [空]
  SRR35911572_clean_NODE_674_length_1021_cov_1.251055
      Order: [Imitervirales] -> [空]
  SRR35911574_clean_NODE_2_length_8615_cov_3.737766
      Family: [Baculoviridae] -> [空]
      Genus: [Betabaculovirus] -> [空]
      Species: [Betabaculovirus maphaseoli] -> [空]
  SRR35911574_clean_NODE_92_length_2526_cov_2.700367
      Phylum: [Nucleocytoviricota] -> [空]
      Class: [Naldaviricetes] -> [空]
      Order: [Lefavirales] -> [空]
      Species: [Betabaculovirus trini] -> [空]
  SRR35911575_clean_NODE_2069_length_563_cov_0.455102
      Realm: [Varidnaviria] -> [空]
      Kingdom: [Bamfordvirae] -> [空]
      Phylum: [Nucleocytoviricota] -> [空]
      Class: [Megaviricetes] -> [空]
      Order: [Imitervirales] -> [空]
      Family: [Mesomimiviridae] -> [空]
      Genus: [Tethysvirus] -> [空]
      Species: [Tethysvirus raunefjordenense] -> [空]
  SRR35911579_clean_NODE_1068_length_4316_cov_11.817346
      Realm: [Varidnaviria] -> [空]
      Kingdom: [Bamfordvirae] -> [空]
      Phylum: [Nucleocytoviricota] -> [空]
  SRR35911579_clean_NODE_1117_length_4243_cov_8.323261
      Realm: [Riboviria] -> [空]
  SRR35911579_clean_NODE_123_length_8037_cov_35.085510
      Species: [Otarine gammaherpesvirus 4] -> [空]
  SRR35911579_clean_NODE_1382_length_3850_cov_3.257347
      Realm: [Riboviria] -> [空]
      Kingdom: [Pararnavirae] -> [空]
      Phylum: [Artverviricota] -> [空]
      Class: [Revtraviricetes] -> [空]
      Order: [Ortervirales] -> [空]
      Family: [Pseudoviridae] -> [空]
      Genus: [Pseudovirus] -> [空]
      Species: [Pseudovirus tabaci] -> [空]
  SRR35911579_clean_NODE_14856_length_523_cov_2.053333
      Realm: [Varidnaviria] -> [空]
      Kingdom: [Bamfordvirae] -> [空]
      Phylum: [Nucleocytoviricota] -> [空]
      Class: [Megaviricetes] -> [空]
      Order: [Pimascovirales] -> [空]
  SRR35911579_clean_NODE_1599_length_3600_cov_43.009356
      Realm: [Varidnaviria] -> [空]
      Kingdom: [Bamfordvirae] -> [空]
      Phylum: [Nucleocytoviricota] -> [空]
  SRR35911579_clean_NODE_1906_length_3280_cov_11.778921
      Realm: [Varidnaviria] -> [空]
      Kingdom: [Bamfordvirae] -> [空]
      Phylum: [Nucleocytoviricota] -> [空]
      Class: [Pokkesviricetes] -> [空]
      Order: [Chitovirales] -> [空]
      Family: [Poxviridae] -> [空]
      Genus: [Salmonpoxvirus] -> [空]
      Species: [Salmonpoxvirus gillpox] -> [空]
  SRR35911579_clean_NODE_205_length_7132_cov_14.097748
      Realm: [Duplodnaviria] -> [空]
      Kingdom: [Heunggongvirae] -> [空]
      Phylum: [Uroviricota] -> [空]
  SRR35911579_clean_NODE_2145_length_3066_cov_105.200802
      Species: [Dishui lake phycodnavirus 1] -> [空]
  SRR35911579_clean_NODE_2176_length_3037_cov_6.776991
      Species: [Pseudovirus tabaci] -> [空]
  SRR35911579_clean_NODE_2225_length_2996_cov_59.837154
      Species: [Moumouvirus australiense] -> [空]
  SRR35911579_clean_NODE_2368_length_2877_cov_22.240728
      Species: [Coccolithovirus huxleyi] -> [空]
  SRR35911579_clean_NODE_284_length_6591_cov_7.743786
      Species: [Satyrvirus sp.*] -> [空]
  SRR35911579_clean_NODE_3235_length_2310_cov_6.484578
      Species: [Hokovirus HKV1*] -> [空]
  SRR35911579_clean_NODE_414_length_6019_cov_47.900101
      Species: [Fadolivirus algeromassiliense] -> [空]
  SRR35911579_clean_NODE_4296_length_1788_cov_1.227988
      Species: [Biavirus raunefjordenense] -> [空]
  SRR35911579_clean_NODE_503_length_5689_cov_39.668269
      Realm: [Varidnaviria] -> [空]
      Kingdom: [Bamfordvirae] -> [空]
      Phylum: [Nucleocytoviricota] -> [空]
      Class: [Megaviricetes] -> [空]
  SRR35911579_clean_NODE_5907_length_1290_cov_2.129827
      Class: [Pokkesviricetes] -> [空]
      Order: [Chitovirales] -> [空]
  SRR35911579_clean_NODE_91_length_8428_cov_27.229204
      Genus: [Alphacedratvirus] -> [空]
      Species: [Alphacedratvirus brasiliense] -> [空]
  SRR35911580_clean_NODE_1149_length_4104_cov_26.591168
      Genus: [Inibicvirus] -> [空]
      Species: [Inibicvirus 613R3] -> [空]
  SRR35911580_clean_NODE_14_length_10799_cov_41.154298
      Realm: [Varidnaviria] -> [空]
      Kingdom: [Bamfordvirae] -> [空]
      Phylum: [Nucleocytoviricota] -> [空]
      Family: [Schizomimiviridae] -> [空]
      Genus: [Biavirus] -> [空]
      Species: [Biavirus raunefjordenense] -> [空]
  SRR35911580_clean_NODE_1598_length_3517_cov_3.856272
      Genus: [Fadolivirus] -> [空]
      Species: [Fadolivirus algeromassiliense] -> [空]
  SRR35911580_clean_NODE_1775_length_3335_cov_5.820969
      Species: [Hokovirus HKV1*] -> [空]
  SRR35911580_clean_NODE_189_length_7089_cov_35.401368
      Order: [Imitervirales] -> [空]
      Family: [Mimiviridae] -> [空]
  SRR35911580_clean_NODE_2713_length_2566_cov_43.671079
      Realm: [Varidnaviria] -> [空]
      Kingdom: [Bamfordvirae] -> [空]
      Phylum: [Nucleocytoviricota] -> [空]
  SRR35911580_clean_NODE_4285_length_1761_cov_1.815166
      Species: [Sirevirus lycopersici] -> [空]
  SRR35911580_clean_NODE_428_length_5734_cov_10.349055
      Species: [Klosneuvirus KNV1*] -> [空]
  SRR35911580_clean_NODE_4351_length_1739_cov_1.591837
      Order: [Imitervirales] -> [空]
      Family: [Schizomimiviridae] -> [空]
      Genus: [Biavirus] -> [空]
      Species: [Biavirus raunefjordenense] -> [空]
  SRR35911580_clean_NODE_493_length_5447_cov_20.399702
      Species: [Megavirus powaiense] -> [空]
  SRR35911580_clean_NODE_609_length_5140_cov_42.789619
      Genus: [Ictavirus] -> [空]
      Species: [Ictavirus acipenseridallo2] -> [空]
  SRR35911580_clean_NODE_7638_length_923_cov_0.887059
      Species: [Pseudovirus nicotianae] -> [空]
  SRR35911580_clean_NODE_77_length_8446_cov_9.034635
      Realm: [Varidnaviria] -> [空]
      Kingdom: [Bamfordvirae] -> [空]
      Phylum: [Nucleocytoviricota] -> [空]
      Class: [Megaviricetes] -> [空]
      Order: [Imitervirales] -> [空]
  SRR35911580_clean_NODE_880_length_4571_cov_4.275456
      Genus: [Biavirus] -> [空]
      Species: [Biavirus raunefjordenense] -> [空]
  SRR35911580_clean_NODE_988_length_4362_cov_16.735603
      Order: [Imitervirales] -> [空]
  SRR35911581_clean_NODE_103_length_1708_cov_1.944343
      Family: [Pseudoviridae] -> [空]
      Genus: [Pseudovirus] -> [空]
      Species: [Pseudovirus solani] -> [空]
  SRR6206200_clean_NODE_102_length_2898_cov_1.710796
      Species: [Alpharetrovirus avifujsar] -> [空]
  SRR6206200_clean_NODE_1033_length_1378_cov_3.281992
      Species: [Klosneuvirus KNV1*] -> [空]
  SRR6206200_clean_NODE_115_length_2822_cov_4.148054
      Realm: [Varidnaviria] -> [空]
      Kingdom: [Bamfordvirae] -> [空]
      Phylum: [Nucleocytoviricota] -> [空]
  SRR6206200_clean_NODE_164_length_2522_cov_11.177624
      Family: [Mesomimiviridae] -> [空]
      Genus: [Tethysvirus] -> [空]
      Species: [Tethysvirus raunefjordenense] -> [空]
  SRR6206200_clean_NODE_170_length_2493_cov_2.154132
      Family: [Schizomimiviridae] -> [空]
      Genus: [Biavirus] -> [空]
      Species: [Biavirus raunefjordenense] -> [空]
  SRR6206200_clean_NODE_181_length_2428_cov_2.573248
      Order: [Imitervirales] -> [空]
      Family: [Mimiviridae] -> [空]
      Genus: [Fadolivirus] -> [空]
      Species: [Fadolivirus algeromassiliense] -> [空]
  SRR6206200_clean_NODE_188_length_2376_cov_2.569257
      Species: [Klosneuvirus KNV1*] -> [空]
  SRR6206200_clean_NODE_203_length_2338_cov_5.426049
      Realm: [Varidnaviria] -> [空]
      Kingdom: [Bamfordvirae] -> [空]
      Phylum: [Nucleocytoviricota] -> [空]
  SRR6206200_clean_NODE_213_length_2304_cov_7.006723
      Realm: [Duplodnaviria] -> [空]
      Kingdom: [Heunggongvirae] -> [空]
      Phylum: [Peploviricota] -> [空]
      Class: [Naldaviricetes] -> [空]
      Order: [Lefavirales] -> [空]
  SRR6206200_clean_NODE_2323_length_1012_cov_2.135250
      Family: [Pseudoviridae] -> [空]
      Genus: [Pseudovirus] -> [空]
      Species: [Pseudovirus solani] -> [空]
  SRR6206200_clean_NODE_242_length_2233_cov_2.516667
      Realm: [Varidnaviria] -> [空]
      Kingdom: [Bamfordvirae] -> [空]
      Phylum: [Nucleocytoviricota] -> [空]
      Class: [Megaviricetes] -> [空]
      Order: [Algavirales] -> [空]
      Family: [Phycodnaviridae] -> [空]
      Genus: [Phaeovirus] -> [空]
      Species: [Phaeovirus unasiliculosus] -> [空]
  SRR6206200_clean_NODE_3239_length_894_cov_3.043849
      Species: [Klosneuvirus KNV1*] -> [空]
  SRR6206200_clean_NODE_324_length_2037_cov_1.572301
      Species: [Gammaretrovirus hazufelsar] -> [空]
  SRR6206200_clean_NODE_327_length_2027_cov_1.669908
      Genus: [Tupanvirus] -> [空]
      Species: [Tupanvirus altamarinense] -> [空]
  SRR6206200_clean_NODE_347_length_2001_cov_2.048755
      Species: [Tupanvirus altamarinense] -> [空]
  SRR6206200_clean_NODE_387_length_1929_cov_4.656789
      Species: [Mimiviridae sp. ChoanoV1*] -> [空]
  SRR6206200_clean_NODE_4552_length_782_cov_1.172073
      Species: [Gammaretrovirus hazufelsar] -> [空]
  SRR6206200_clean_NODE_46_length_3551_cov_1.606671
      Species: [Mimiviridae sp. ChoanoV1*] -> [空]
  SRR6206200_clean_NODE_531_length_1749_cov_2.306086
      Species: [Agnivirus brisbanense] -> [空]
  SRR6206200_clean_NODE_585_length_1696_cov_2.003697
      Realm: [Varidnaviria] -> [空]
      Kingdom: [Bamfordvirae] -> [空]
      Phylum: [Nucleocytoviricota] -> [空]
  SRR6206200_clean_NODE_692_length_1606_cov_3.086106
      Species: [Alphaorpheovirus massiliense*] -> [空]
  SRR6206200_clean_NODE_6968_length_657_cov_1.529110
      Realm: [Duplodnaviria] -> [空]
      Kingdom: [Heunggongvirae] -> [空]
      Phylum: [Uroviricota] -> [空]
  SRR6206200_clean_NODE_69_length_3242_cov_2.148312
      Realm: [Varidnaviria] -> [空]
      Kingdom: [Bamfordvirae] -> [空]
      Phylum: [Nucleocytoviricota] -> [空]
      Genus: [Biavirus] -> [空]
      Species: [Biavirus raunefjordenense] -> [空]
  SRR6206200_clean_NODE_804_length_1524_cov_2.236389
      Realm: [Duplodnaviria] -> [空]
      Kingdom: [Heunggongvirae] -> [空]
      Phylum: [Uroviricota] -> [空]
      Class: [Monjiviricetes] -> [空]
      Order: [Mononegavirales] -> [空]
      Family: [Chimalliviridae] -> [空]
      Genus: [Phikzvirus] -> [Trirhavirus]
      Species: [空] -> [Trirhavirus erysimi]
  SRR6206200_clean_NODE_808_length_1522_cov_2.681159
      Species: [Fadolivirus algeromassiliense] -> [空]
  SRR6206200_clean_NODE_91_length_2972_cov_4.058296
      Realm: [Duplodnaviria] -> [空]
      Kingdom: [Heunggongvirae] -> [空]
      Phylum: [Peploviricota] -> [空]
      Class: [Herviviricetes] -> [空]
      Order: [Herpesvirales] -> [空]
  SRR6206200_clean_NODE_939_length_1432_cov_1.653422
      Species: [Mimiviridae sp. ChoanoV1*] -> [空]
  SRR6206200_clean_NODE_9524_length_578_cov_0.770297
      Realm: [Varidnaviria] -> [空]
      Kingdom: [Bamfordvirae] -> [空]
  SRR6206200_clean_NODE_98_length_2910_cov_2.135002
      Species: [Biavirus raunefjordenense] -> [空]
  SRR6896657_clean_NODE_1119_length_517_cov_3.147436
      Realm: [Varidnaviria] -> [空]
      Kingdom: [Bamfordvirae] -> [空]
      Phylum: [Preplasmiviricota] -> [空]
      Class: [Pharingeaviricetes] -> [空]
      Order: [Rowavirales] -> [空]
      Family: [Adenoviridae] -> [空]
  SRR6896657_clean_NODE_11_length_2526_cov_4.529269
      Species: [Pseudovirus evelknieveli] -> [空]
  SRR8191317_clean_NODE_1101_length_523_cov_1.453333
      Class: [Megaviricetes] -> [空]
  SRR8191317_clean_NODE_131_length_1156_cov_6.266851
      Genus: [Potexvirus] -> [空]
      Species: [Ferula potexvirus 1] -> [空]
  SRR8191317_clean_NODE_3_length_7962_cov_31585.820129
      Species: [Potexvirus flavimaculae] -> [空]
  SRR8191317_clean_NODE_407_length_770_cov_1.340029
      Species: [Gammaretrovirus hazufelsar] -> [空]
  SRR8191319_clean_NODE_191_length_1013_cov_2.723404
      Phylum: [Lenarviricota] -> [空]
      Class: [Howeltoviricetes] -> [空]
      Order: [Cryppavirales] -> [空]
      Family: [Mitoviridae] -> [空]
      Genus: [Mitovirus] -> [空]
      Species: [Mitovirus sp.] -> [空]
  SRR8191320_clean_NODE_1095_length_538_cov_1.350538
      Species: [Soymovirus maculaglycinis] -> [空]
  SRR8191320_clean_NODE_1233_length_514_cov_1.360544
      Species: [Dishui lake phycodnavirus 1] -> [空]
  SRR8191320_clean_NODE_674_length_639_cov_11.745583
      Family: [Betaflexiviridae] -> [空]
      Genus: [Carlavirus] -> [空]
      Species: [Carlavirus pisi] -> [空]
  SRR8191320_clean_NODE_789_length_610_cov_1.657356
      Species: [Potexvirus ecsthalassiae] -> [空]
  SRR8191320_clean_NODE_933_length_570_cov_0.849095
      Realm: [Riboviria] -> [空]
      Kingdom: [Pararnavirae] -> [空]
      Phylum: [Artverviricota] -> [空]
      Class: [Revtraviricetes] -> [空]
      Order: [Ortervirales] -> [空]
      Family: [Retroviridae] -> [空]
  SRR8191321_clean_NODE_26_length_2050_cov_3.276176
      Species: [Pseudovirus solani] -> [空]
  SRR8191325_clean_NODE_393_length_807_cov_2.079019
      Realm: [Riboviria] -> [空]
      Kingdom: [Pararnavirae] -> [空]
      Phylum: [Artverviricota] -> [空]
      Class: [Revtraviricetes] -> [空]
      Order: [Ortervirales] -> [空]
      Family: [Metaviridae] -> [空]
      Genus: [Metavirus] -> [空]
      Species: [Metavirus cladosporii] -> [空]
  SRR8191325_clean_NODE_818_length_617_cov_0.814338
      Species: [Dishui lake phycodnavirus 1] -> [空]
  SRR8191325_clean_NODE_866_length_601_cov_2.056818
      Realm: [Varidnaviria] -> [空]
      Kingdom: [Bamfordvirae] -> [空]
      Phylum: [Nucleocytoviricota] -> [空]
      Class: [Megaviricetes] -> [空]
      Order: [Pimascovirales] -> [空]
      Family: [Marseilleviridae] -> [空]
  SRR8191327_clean_NODE_24_length_2247_cov_3.793008
      Genus: [Megavirus] -> [空]
      Species: [Megavirus powaiense] -> [空]
  SRR8191327_clean_NODE_29_length_2182_cov_7.436700
      Realm: [Varidnaviria] -> [空]
      Kingdom: [Bamfordvirae] -> [空]
      Phylum: [Nucleocytoviricota] -> [空]
      Class: [Megaviricetes] -> [空]
      Order: [Algavirales] -> [空]
  SRR8191327_clean_NODE_35_length_2047_cov_3.529889
      Species: [Tupanvirus salinum] -> [空]
  SRR8191327_clean_NODE_48_length_1841_cov_5.492647
      Species: [Gammaretrovirus felleu] -> [空]
  SRR8191328_clean_NODE_509_length_758_cov_2.096350
      Realm: [Varidnaviria] -> [空]
      Kingdom: [Bamfordvirae] -> [空]
      Phylum: [Nucleocytoviricota] -> [空]
  SRR8191329_clean_NODE_82_length_1583_cov_14.576159
      Species: [Pseudovirus oryzae] -> [空]
  SRR8191330_clean_NODE_1929_length_612_cov_1.270872
      Species: [Potexvirus ecsalstroemeriae] -> [空]
  SRR8191330_clean_NODE_21_length_2309_cov_4.989714
      Phylum: [Nucleocytoviricota] -> [空]
      Class: [Megaviricetes] -> [空]
      Order: [Imitervirales] -> [空]
      Family: [Mimiviridae] -> [空]
  SRR8191330_clean_NODE_23_length_2267_cov_2.927530
      Realm: [Duplodnaviria] -> [空]
      Kingdom: [Heunggongvirae] -> [空]
      Phylum: [Uroviricota] -> [空]
  SRR8293185_clean_NODE_31_length_2244_cov_1.991248
      Phylum: [Nucleocytoviricota] -> [空]
  SRR8293185_clean_NODE_4_length_3447_cov_2.314760
      Genus: [Donellivirus] -> [空]
      Species: [Donellivirus gee] -> [空]
  SRR8293185_clean_NODE_54_length_1753_cov_2.002381
      Species: [Mimiviridae sp. ChoanoV1*] -> [空]
  SRR8293185_clean_NODE_941_length_624_cov_2.664247
      Phylum: [Nucleocytoviricota] -> [空]
      Class: [Megaviricetes] -> [空]
  SRR8293186_clean_NODE_55_length_1850_cov_1.428250
      Class: [Naldaviricetes] -> [空]
      Order: [Lefavirales] -> [空]
      Family: [Baculoviridae] -> [空]
      Genus: [Betabaculovirus] -> [空]
      Species: [Betabaculovirus sp.] -> [空]
  SRR8293190_clean_NODE_767_length_677_cov_0.687086
      Species: [Fadolivirus algeromassiliense] -> [空]
  SRR8293192_clean_NODE_18_length_2214_cov_1.621205
      Order: [Imitervirales] -> [空]
      Species: [Megavirus powaiense] -> [空]
  SRR8293192_clean_NODE_59_length_1415_cov_7.083458
      Order: [Imitervirales] -> [空]
      Family: [Allomimiviridae] -> [空]
      Genus: [Oceanusvirus] -> [空]
      Species: [Oceanusvirus kaneohense] -> [空]
  SRR8293193_clean_NODE_23_length_2361_cov_2.577360
      Realm: [Varidnaviria] -> [空]
      Kingdom: [Bamfordvirae] -> [空]
      Phylum: [Nucleocytoviricota] -> [空]
      Class: [Megaviricetes] -> [空]
      Order: [Imitervirales] -> [空]
      Family: [Mimiviridae] -> [空]
      Genus: [Mimivirus] -> [空]
      Species: [Mimivirus lagoaense] -> [空]
  SRR8293193_clean_NODE_5_length_3465_cov_4.663915
      Species: [Chlorovirus vanettense] -> [空]
  SRR8293195_clean_NODE_61_length_1809_cov_14.638825
      Order: [Imitervirales] -> [空]
  SRR8293195_clean_NODE_64_length_1793_cov_3.792442
      Species: [Gammaretrovirus felleu] -> [空]
  SRR8293195_clean_NODE_97_length_1459_cov_2.001443
      Realm: [Duplodnaviria] -> [空]
      Kingdom: [Heunggongvirae] -> [空]
      Phylum: [Uroviricota] -> [空]
      Family: [Chaseviridae] -> [空]
  SRR8293196_clean_NODE_875_length_612_cov_1.027829
      Species: [Gammaretrovirus felleu] -> [空]
  contig_1067
      Species: [Alphahydrivirus permafrostis] -> [空]
  contig_1090
      Order: [Imitervirales] -> [空]
      Family: [Mimiviridae] -> [空]
      Genus: [Fadolivirus] -> [空]
      Species: [Fadolivirus algeromassiliense] -> [空]
  contig_1118
      Species: [Cukevirus cuke] -> [空]
  contig_1227
      Realm: [Varidnaviria] -> [空]
      Kingdom: [Bamfordvirae] -> [空]
      Phylum: [Nucleocytoviricota] -> [空]
      Class: [Megaviricetes] -> [空]
      Order: [Pimascovirales] -> [空]
      Species: [Alphacedratvirus brasiliense] -> [空]
  contig_125
      Realm: [Varidnaviria] -> [空]
      Kingdom: [Bamfordvirae] -> [空]
      Phylum: [Nucleocytoviricota] -> [空]
      Class: [Megaviricetes] -> [空]
      Order: [Imitervirales] -> [空]
      Family: [Schizomimiviridae] -> [空]
      Genus: [Biavirus] -> [空]
      Species: [Biavirus raunefjordenense] -> [空]
  contig_1252
      Class: [Megaviricetes] -> [空]
      Order: [Imitervirales] -> [空]
      Family: [Schizomimiviridae] -> [空]
      Genus: [Biavirus] -> [空]
      Species: [Biavirus raunefjordenense] -> [空]
  contig_1271
      Order: [Imitervirales] -> [空]
  contig_1293
      Realm: [Varidnaviria] -> [空]
      Kingdom: [Bamfordvirae] -> [空]
      Phylum: [Nucleocytoviricota] -> [空]
      Class: [Megaviricetes] -> [空]
      Order: [Imitervirales] -> [空]
      Family: [Mimiviridae] -> [空]
      Genus: [Catovirus] -> [空]
      Species: [Catovirus CTV1] -> [空]
  contig_1368
      Family: [Mimiviridae] -> [空]
      Genus: [Mimivirus] -> [空]
      Species: [Mimivirus lagoaense] -> [空]
  contig_1390
      Order: [Magrovirales] -> [空]
      Family: [Apasviridae] -> [空]
      Genus: [Agnivirus] -> [空]
      Species: [Agnivirus brisbanense] -> [空]
  contig_1398
      Realm: [Duplodnaviria] -> [空]
      Species: [Jouyvirus ev017] -> [空]
  contig_147
      Realm: [Duplodnaviria] -> [空]
      Kingdom: [Heunggongvirae] -> [空]
      Phylum: [Uroviricota] -> [空]
  contig_1484
      Species: [Mimiviridae sp. ChoanoV1*] -> [空]
  contig_150
      Species: [Chlorovirus conductrix] -> [空]
  contig_1517
      Realm: [Duplodnaviria] -> [空]
      Kingdom: [Heunggongvirae] -> [空]
      Phylum: [Uroviricota] -> [空]
  contig_1536
      Realm: [Varidnaviria] -> [空]
      Kingdom: [Bamfordvirae] -> [空]
      Phylum: [Nucleocytoviricota] -> [空]
      Genus: [Biavirus] -> [空]
      Species: [Biavirus raunefjordenense] -> [空]
  contig_1558
      Species: [Tupanvirus salinum] -> [空]
  contig_1602
      Species: [Chlorovirus americanus] -> [空]
  contig_1619
      Class: [Pokkesviricetes] -> [空]
      Order: [Chitovirales] -> [空]
      Family: [Poxviridae] -> [空]
  contig_1634
      Genus: [Fadolivirus] -> [空]
      Species: [Fadolivirus algeromassiliense] -> [空]
  contig_1665
      Species: [Sylvanvirus sp.] -> [空]
  contig_1683
      Realm: [Varidnaviria] -> [空]
      Kingdom: [Bamfordvirae] -> [空]
      Phylum: [Nucleocytoviricota] -> [空]
      Class: [Megaviricetes] -> [空]
      Order: [Imitervirales] -> [空]
  contig_1725
      Genus: [Fadolivirus] -> [空]
      Species: [Fadolivirus algeromassiliense] -> [空]
  contig_1736
      Order: [Imitervirales] -> [空]
      Family: [Mimiviridae] -> [空]
      Species: [Fadolivirus algeromassiliense] -> [空]
  contig_1746
      Realm: [Varidnaviria] -> [空]
      Kingdom: [Bamfordvirae] -> [空]
      Phylum: [Nucleocytoviricota] -> [空]
      Order: [Imitervirales] -> [空]
      Species: [Theiavirus salishense] -> [空]
  contig_1759
      Order: [Algavirales] -> [空]
  contig_1760
      Realm: [Duplodnaviria] -> [空]
      Kingdom: [Heunggongvirae] -> [空]
      Phylum: [Uroviricota] -> [空]
      Species: [Kratosvirus quantuckense*] -> [空]
  contig_1769
      Genus: [Tupanvirus] -> [空]
      Species: [Tupanvirus salinum] -> [空]
  contig_1778
      Realm: [Varidnaviria] -> [空]
  contig_1842
      Realm: [Varidnaviria] -> [空]
      Kingdom: [Bamfordvirae] -> [空]
      Phylum: [Nucleocytoviricota] -> [空]
      Class: [Megaviricetes] -> [空]
      Order: [Algavirales] -> [空]
  contig_1888
      Realm: [Duplodnaviria] -> [空]
      Kingdom: [Heunggongvirae] -> [空]
      Phylum: [Uroviricota] -> [空]
  contig_1909
      Order: [Imitervirales] -> [空]
      Species: [Theiavirus salishense] -> [空]
  contig_1913
      Species: [Klosneuvirus KNV1*] -> [空]
  contig_193
      Order: [Imitervirales] -> [空]
      Family: [Mimiviridae] -> [空]
      Genus: [Moumouvirus] -> [空]
      Species: [Moumouvirus moumou] -> [空]
  contig_1946
      Species: [Moumouvirus goulettemassiliense] -> [空]
  contig_1947
      Order: [Imitervirales] -> [空]
  contig_1965
      Genus: [Alphacedratvirus] -> [空]
      Species: [Alphacedratvirus francolausannense] -> [空]
  contig_1968
      Family: [Pseudoviridae] -> [空]
      Genus: [Pseudovirus] -> [空]
      Species: [Pseudovirus glycinis] -> [空]
  contig_2005
      Order: [Imitervirales] -> [空]
      Family: [Mimiviridae] -> [空]
  contig_2035
      Realm: [Varidnaviria] -> [空]
      Kingdom: [Bamfordvirae] -> [空]
      Phylum: [Nucleocytoviricota] -> [空]
  contig_2055
      Realm: [Duplodnaviria] -> [空]
      Kingdom: [Heunggongvirae] -> [空]
      Phylum: [Peploviricota] -> [空]
      Class: [Herviviricetes] -> [空]
      Order: [Herpesvirales] -> [空]
  contig_2113
      Species: [Fadolivirus algeromassiliense] -> [空]
  contig_2141
      Species: [Biavirus raunefjordenense] -> [空]
  contig_2147
      Species: [Alphapithovirus sibericum] -> [空]
  contig_2162
      Species: [Hokovirus HKV1*] -> [空]
  contig_2179
      Genus: [Fadolivirus] -> [空]
      Species: [Fadolivirus algeromassiliense] -> [空]
  contig_2241
      Realm: [Duplodnaviria] -> [空]
      Kingdom: [Heunggongvirae] -> [空]
      Phylum: [Uroviricota] -> [空]
  contig_2246
      Realm: [Riboviria] -> [空]
      Kingdom: [Orthornavirae] -> [空]
      Phylum: [Pisuviricota] -> [空]
      Class: [Stelpaviricetes] -> [空]
      Order: [Patatavirales] -> [空]
  contig_2260
      Species: [Biavirus raunefjordenense] -> [空]
  contig_2314
      Species: [Pseudovirus australiense] -> [空]
  contig_2326
      Species: [Biavirus raunefjordenense] -> [空]
  contig_2344
      Species: [Tethysvirus ontarioense] -> [空]
  contig_2352
      Species: [Chlorovirus vanettense] -> [空]
  contig_2385
      Species: [Gammaretrovirus murleu] -> [空]
  contig_2469
      Species: [Scleroulivirus xiplasmoparae] -> [空]
  contig_2481
      Family: [Schizomimiviridae] -> [空]
      Genus: [Biavirus] -> [空]
      Species: [Biavirus raunefjordenense] -> [空]
  contig_2512
      Realm: [Duplodnaviria] -> [空]
      Kingdom: [Heunggongvirae] -> [空]
      Phylum: [Uroviricota] -> [空]
  contig_2522
      Species: [Theiavirus salishense*] -> [空]
  contig_2549
      Species: [Tupanvirus salinum] -> [空]
  contig_2563
      Realm: [Varidnaviria] -> [空]
      Kingdom: [Bamfordvirae] -> [空]
      Phylum: [Nucleocytoviricota] -> [空]
  contig_2564
      Order: [Algavirales] -> [空]
  contig_2569
      Genus: [Tupanvirus] -> [空]
      Species: [Tupanvirus altamarinense] -> [空]
  contig_2591
      Class: [Megaviricetes] -> [空]
  contig_2643
      Realm: [Varidnaviria] -> [空]
      Kingdom: [Bamfordvirae] -> [空]
      Phylum: [Nucleocytoviricota] -> [空]
  contig_271
      Species: [Biavirus raunefjordenense] -> [空]
  contig_2722
      Species: [Tupanvirus salinum] -> [空]
  contig_2800
      Genus: [Mimivirus] -> [空]
      Species: [Mimivirus bradfordmassiliense] -> [空]
  contig_2807
      Order: [Imitervirales] -> [空]
  contig_2843
      Class: [Pokkesviricetes] -> [空]
      Order: [Chitovirales] -> [空]
      Family: [Poxviridae] -> [空]
      Genus: [Salmonpoxvirus] -> [空]
      Species: [Salmonpoxvirus gillpox] -> [空]
  contig_2859
      Order: [Imitervirales] -> [空]
  contig_2872
      Realm: [Varidnaviria] -> [空]
      Kingdom: [Bamfordvirae] -> [空]
  contig_2905
      Species: [Pseudovirus glycinis] -> [空]
  contig_3044
      Genus: [Tupanvirus] -> [空]
      Species: [Tupanvirus altamarinense] -> [空]
  contig_3053
      Species: [Mimiviridae sp. ChoanoV1*] -> [空]
  contig_3131
      Phylum: [Peploviricota] -> [空]
  contig_3137
      Species: [Agnivirus brisbanense] -> [空]
  contig_3147
      Species: [Mavirus cafeteriae*] -> [空]
  contig_3151
      Order: [Imitervirales] -> [空]
      Family: [Mimiviridae] -> [空]
      Genus: [Theiavirus] -> [空]
      Species: [Theiavirus salishense] -> [空]
  contig_3167
      Species: [Mimiviridae sp. ChoanoV1*] -> [空]
  contig_3178
      Order: [Ortervirales] -> [空]
      Family: [Metaviridae] -> [空]
  contig_3185
      Species: [Oceanusvirus kaneohense] -> [空]
  contig_3194
      Species: [Tupanvirus altamarinense] -> [空]
  contig_3206
      Order: [Imitervirales] -> [空]
      Family: [Mimiviridae] -> [空]
      Genus: [Theiavirus] -> [空]
      Species: [Theiavirus salishense] -> [空]
  contig_3264
      Species: [Pseudovirus solani] -> [空]
  contig_3281
      Realm: [Varidnaviria] -> [空]
      Kingdom: [Bamfordvirae] -> [空]
      Phylum: [Nucleocytoviricota] -> [空]
  contig_329
      Realm: [Varidnaviria] -> [空]
  contig_333
      Realm: [Varidnaviria] -> [空]
      Kingdom: [Bamfordvirae] -> [空]
      Phylum: [Nucleocytoviricota] -> [空]
      Class: [Megaviricetes] -> [空]
      Order: [Pimascovirales] -> [空]
  contig_3357
      Species: [Fadolivirus algeromassiliense] -> [空]
  contig_3371
      Species: [Rheavirus sinusmexicani] -> [空]
  contig_3381
      Order: [Algavirales] -> [空]
      Species: [Ostreococcus mediterraneus virus 2] -> [空]
  contig_3393
      Species: [Tupanvirus salinum] -> [空]
  contig_3397
      Family: [Pseudoviridae] -> [空]
      Genus: [Pseudovirus] -> [空]
  contig_3422
      Order: [Pimascovirales] -> [空]
  contig_3425
      Order: [Imitervirales] -> [空]
  contig_3495
      Realm: [Varidnaviria] -> [空]
      Kingdom: [Bamfordvirae] -> [空]
      Phylum: [Nucleocytoviricota] -> [空]
  contig_3514
      Realm: [Varidnaviria] -> [空]
      Kingdom: [Bamfordvirae] -> [空]
      Phylum: [Nucleocytoviricota] -> [空]
      Class: [Megaviricetes] -> [空]
      Order: [Pimascovirales] -> [空]
  contig_3534
      Realm: [Duplodnaviria] -> [空]
      Kingdom: [Heunggongvirae] -> [空]
      Phylum: [Uroviricota] -> [空]
  contig_3555
      Realm: [Varidnaviria] -> [空]
      Kingdom: [Bamfordvirae] -> [空]
      Phylum: [Nucleocytoviricota] -> [空]
      Family: [Schizomimiviridae] -> [空]
      Genus: [Biavirus] -> [空]
      Species: [Biavirus raunefjordenense] -> [空]
  contig_3578
      Order: [Pimascovirales] -> [空]
      Species: [Alphacedratvirus brasiliense] -> [空]
  contig_3593
      Realm: [Adnaviria] -> [空]
      Kingdom: [Zilligvirae] -> [空]
      Phylum: [Taleaviricota] -> [空]
  contig_3595
      Realm: [Varidnaviria] -> [空]
      Kingdom: [Bamfordvirae] -> [空]
      Phylum: [Nucleocytoviricota] -> [空]
      Class: [Megaviricetes] -> [空]
      Order: [Pimascovirales] -> [空]
      Family: [Orpheoviridae] -> [空]
      Genus: [Alphaorpheovirus] -> [空]
      Species: [Alphaorpheovirus massiliense] -> [空]
  contig_3606
      Species: [Oceanusvirus kaneohense] -> [空]
  contig_3623
      Species: [Biavirus raunefjordenense] -> [空]
  contig_3652
      Realm: [Duplodnaviria] -> [空]
  contig_3656
      Realm: [Varidnaviria] -> [空]
      Kingdom: [Bamfordvirae] -> [空]
      Phylum: [Nucleocytoviricota] -> [空]
      Class: [Megaviricetes] -> [空]
      Order: [Pimascovirales] -> [空]
      Family: [Iridoviridae] -> [空]
      Genus: [Megalocytivirus] -> [空]
      Species: [Megalocytivirus lates1] -> [空]
  contig_3731
      Order: [Imitervirales] -> [空]
      Species: [Theiavirus salishense] -> [空]
  contig_3771
      Species: [Tupanvirus altamarinense] -> [空]
  contig_3798
      Species: [Fadolivirus algeromassiliense] -> [空]
  contig_380
      Realm: [Duplodnaviria] -> [空]
      Kingdom: [Heunggongvirae] -> [空]
      Phylum: [Uroviricota] -> [空]
  contig_3801
      Kingdom: [Bamfordvirae] -> [空]
      Phylum: [Preplasmiviricota] -> [空]
      Class: [Pharingeaviricetes] -> [空]
      Order: [Rowavirales] -> [空]
  contig_3836
      Species: [Tupanvirus salinum] -> [空]
  contig_3850
      Species: [Klosneuvirus KNV1*] -> [空]
  contig_3895
      Order: [Pimascovirales] -> [空]
  contig_3901
      Realm: [Varidnaviria] -> [空]
      Kingdom: [Bamfordvirae] -> [空]
      Phylum: [Nucleocytoviricota] -> [空]
      Class: [Megaviricetes] -> [空]
      Order: [Imitervirales] -> [空]
      Family: [Schizomimiviridae] -> [空]
      Genus: [Biavirus] -> [空]
      Species: [Biavirus raunefjordenense] -> [空]
  contig_3959
      Order: [Imitervirales] -> [空]
  contig_398
      Species: [Cotonvirus japonicum] -> [空]
  contig_3988
      Order: [Pimascovirales] -> [空]
      Species: [Alphahydrivirus permafrostis] -> [空]
  contig_4043
      Genus: [Fadolivirus] -> [空]
      Species: [Fadolivirus algeromassiliense] -> [空]
  contig_4055
      Genus: [Mimivirus] -> [空]
      Species: [Mimivirus lagoaense] -> [空]
  contig_4071
      Order: [Pimascovirales] -> [空]
      Family: [Marseilleviridae] -> [空]
  contig_4097
      Order: [Imitervirales] -> [空]
      Species: [Tethysvirus raunefjordenense] -> [空]
  contig_4102
      Order: [Imitervirales] -> [空]
      Family: [Mimiviridae] -> [空]
  contig_4121
      Order: [Pimascovirales] -> [空]
  contig_4165
      Species: [Magadivirus Mgbh1] -> [空]
  contig_4177
      Species: [Satyrvirus sp.*] -> [空]
  contig_4185
      Species: [Benyvirus oryzae] -> [空]
  contig_4187
      Order: [Pimascovirales] -> [空]
      Family: [Marseilleviridae] -> [空]
      Genus: [Losannavirus] -> [空]
      Species: [Losannavirus lausannense] -> [空]
  contig_4221
      Realm: [Duplodnaviria] -> [空]
      Kingdom: [Heunggongvirae] -> [空]
  contig_4222
      Realm: [Duplodnaviria] -> [空]
      Order: [Herpesvirales] -> [空]
      Family: [Orthoherpesviridae] -> [空]
      Genus: [空] -> [Minunavirus]
      Species: [Minunavirus Min1] -> [空]
  contig_423
      Realm: [Varidnaviria] -> [空]
      Kingdom: [Bamfordvirae] -> [空]
      Phylum: [Nucleocytoviricota] -> [空]
      Class: [Megaviricetes] -> [空]
      Order: [Pimascovirales] -> [空]
  contig_4240
      Species: [Mimiviridae sp. ChoanoV1*] -> [空]
  contig_4250
      Species: [Mimiviridae sp. ChoanoV1*] -> [空]
  contig_4331
      Genus: [Tupanvirus] -> [空]
      Species: [Tupanvirus altamarinense] -> [空]
  contig_4332
      Realm: [Varidnaviria] -> [空]
      Kingdom: [Bamfordvirae] -> [空]
      Phylum: [Nucleocytoviricota] -> [空]
      Species: [Orthopoxvirus volepox] -> [空]
  contig_4420
      Phylum: [Uroviricota] -> [空]
      Family: [Zimmerviridae] -> [空]
      Genus: [Lambdavirus] -> [空]
      Species: [Lambdavirus DE3] -> [空]
  contig_4499
      Species: [Biavirus raunefjordenense] -> [空]
  contig_4547
      Species: [Theiavirus salishense] -> [空]
  contig_4591
      Species: [Chlorovirus conductrix] -> [空]
  contig_4626
      Realm: [Varidnaviria] -> [空]
      Kingdom: [Bamfordvirae] -> [空]
      Phylum: [Nucleocytoviricota] -> [空]
      Order: [Imitervirales] -> [空]
      Family: [Schizomimiviridae] -> [空]
      Genus: [Biavirus] -> [空]
      Species: [Biavirus raunefjordenense] -> [空]
  contig_4634
      Order: [Imitervirales] -> [空]
  contig_4661
      Genus: [Fadolivirus] -> [空]
      Species: [Fadolivirus algeromassiliense] -> [空]
  contig_4671
      Realm: [Duplodnaviria] -> [空]
      Kingdom: [Heunggongvirae] -> [空]
      Phylum: [Uroviricota] -> [空]
  contig_4751
      Species: [Chlorovirus conductrix] -> [空]
  contig_4763
      Species: [Gammaretrovirus hazufelsar] -> [空]
  contig_4785
      Genus: [Fadolivirus] -> [空]
      Species: [Fadolivirus algeromassiliense] -> [空]
  contig_4788
      Order: [Pimascovirales] -> [空]
  contig_4805
      Family: [Schizomimiviridae] -> [空]
      Genus: [Biavirus] -> [空]
      Species: [Biavirus raunefjordenense] -> [空]
  contig_4824
      Order: [Imitervirales] -> [空]
      Species: [Tethysvirus raunefjordenense] -> [空]
  contig_4849
      Kingdom: [Heunggongvirae] -> [空]
      Phylum: [Peploviricota] -> [空]
      Class: [Herviviricetes] -> [空]
  contig_4898
      Family: [Pseudoviridae] -> [空]
      Genus: [Pseudovirus] -> [空]
      Species: [Pseudovirus brassicae] -> [空]
  contig_4903
      Family: [Schizomimiviridae] -> [空]
      Genus: [Biavirus] -> [空]
      Species: [Biavirus raunefjordenense] -> [空]
  contig_4916
      Realm: [Varidnaviria] -> [空]
      Kingdom: [Bamfordvirae] -> [空]
      Phylum: [Nucleocytoviricota] -> [空]
      Class: [Megaviricetes] -> [空]
  contig_4932
      Realm: [Riboviria] -> [空]
      Kingdom: [Pararnavirae] -> [空]
      Phylum: [Artverviricota] -> [空]
      Class: [Revtraviricetes] -> [空]
      Order: [Ortervirales] -> [空]
      Species: [Metavirus tatarabidopsis] -> [空]
  contig_4977
      Family: [Poxviridae] -> [空]
  contig_5040
      Order: [Pimascovirales] -> [空]
      Family: [Hydriviridae] -> [空]
  contig_52
      Realm: [Varidnaviria] -> [空]
      Kingdom: [Bamfordvirae] -> [空]
      Phylum: [Nucleocytoviricota] -> [空]
  contig_554
      Species: [Theiavirus salishense] -> [空]
  contig_558
      Species: [Klosneuvirus KNV1*] -> [空]
  contig_600
      Genus: [Fadolivirus] -> [空]
      Species: [Fadolivirus algeromassiliense] -> [空]
  contig_628
      Species: [Mimivirus lagoaense] -> [空]
  contig_637
      Kingdom: [Bamfordvirae] -> [空]
      Phylum: [Nucleocytoviricota] -> [空]
      Class: [Megaviricetes] -> [空]
      Order: [Imitervirales] -> [空]
  contig_672
      Realm: [Varidnaviria] -> [空]
      Kingdom: [Bamfordvirae] -> [空]
      Phylum: [Nucleocytoviricota] -> [空]
      Class: [Megaviricetes] -> [空]
  contig_692
      Species: [Mimiviridae sp. ChoanoV1*] -> [空]
  contig_722
      Realm: [Varidnaviria] -> [空]
      Kingdom: [Bamfordvirae] -> [空]
      Phylum: [Nucleocytoviricota] -> [空]
  contig_745
      Class: [Caudoviricetes] -> [空]
  contig_766
      Species: [Satyrvirus sp.*] -> [空]
  contig_771
      Species: [Cardiovirus theileri] -> [空]
  contig_781
      Order: [Imitervirales] -> [空]
      Species: [Tethysvirus raunefjordenense] -> [空]
  contig_824
      Species: [Chlorovirus americanus] -> [空]
  contig_828
      Species: [Mimiviridae sp. ChoanoV1*] -> [空]
  contig_841
      Order: [Imitervirales] -> [空]
  contig_853
      Order: [Imitervirales] -> [空]
      Species: [Moumouvirus australiense] -> [空]
  contig_859
      Family: [Schizomimiviridae] -> [空]
      Genus: [Biavirus] -> [空]
      Species: [Biavirus raunefjordenense] -> [空]
  contig_877
      Phylum: [Pisuviricota] -> [空]
      Class: [Pisoniviricetes] -> [空]
  contig_89
      Realm: [Varidnaviria] -> [空]
      Kingdom: [Bamfordvirae] -> [空]
      Phylum: [Nucleocytoviricota] -> [空]
  contig_92
      Realm: [Varidnaviria] -> [空]
      Kingdom: [Bamfordvirae] -> [空]
      Phylum: [Nucleocytoviricota] -> [空]
      Class: [Megaviricetes] -> [空]
      Order: [Pimascovirales] -> [空]
  contig_947
      Species: [Chlorovirus americanus] -> [空]
  contig_952
      Species: [Tupanvirus altamarinense] -> [空]
  contig_954
      Species: [Vespertilionpoxvirus eptesipox*] -> [空]
  contig_957
      Species: [Chlorovirus americanus] -> [空]
