link_relpath	old_target	rule	new_target	action
02b_Filter/CRR1126132/CRR1126132_virus.all.candidate.fasta	/home/zhangwenda/goji-virome/01_data/data-test/RNA-Lycium_barbarum_out/02a_Identification/CRR1126132/CRR1126132_virus.all.candidate.fasta	02a_all_candidate	../../02a_Identification/CRR1126132/CRR1126132_virus.all.candidate.fasta	DRY
02b_Filter/CRR1126132/CRR1126132.virus.candidate_cdd_filtered.fasta	/home/zhangwenda/goji-virome/01_data/data-test/RNA-Lycium_barbarum_out/02b_Filter/CRR1126132/cdd/all_candidates_cdd_filter.fasta	cdd_filtered	cdd/all_candidates_cdd_filter.fasta	DRY
02b_Filter/CRR1126132/CRR1126132.virus.candidate_uniprot_filtered.fasta	/home/zhangwenda/goji-virome/01_data/data-test/RNA-Lycium_barbarum_out/02b_Filter/CRR1126132/uniprot/all_candidates_uniprot.fasta	uniprot_filtered	uniprot/all_candidates_uniprot.fasta	DRY
02b_Filter/CRR1126132/CRR1126132.virus.candidate_filtered.fasta	/home/zhangwenda/goji-virome/01_data/data-test/RNA-Lycium_barbarum_out/02b_Filter/CRR1126132/uniprot/all_candidates_uniprot.fasta	strict_from_uniprot	uniprot/all_candidates_uniprot.fasta	DRY
02b_Filter/CRR1126133/CRR1126133_virus.all.candidate.fasta	/home/zhangwenda/goji-virome/01_data/data-test/RNA-Lycium_barbarum_out/02a_Identification/CRR1126133/CRR1126133_virus.all.candidate.fasta	02a_all_candidate	../../02a_Identification/CRR1126133/CRR1126133_virus.all.candidate.fasta	DRY
02b_Filter/CRR1126133/CRR1126133.virus.candidate_cdd_filtered.fasta	/home/zhangwenda/goji-virome/01_data/data-test/RNA-Lycium_barbarum_out/02b_Filter/CRR1126133/cdd/all_candidates_cdd_filter.fasta	cdd_filtered	cdd/all_candidates_cdd_filter.fasta	DRY
02b_Filter/CRR1126133/CRR1126133.virus.candidate_uniprot_filtered.fasta	/home/zhangwenda/goji-virome/01_data/data-test/RNA-Lycium_barbarum_out/02b_Filter/CRR1126133/uniprot/all_candidates_uniprot.fasta	uniprot_filtered	uniprot/all_candidates_uniprot.fasta	DRY
02b_Filter/CRR1126133/CRR1126133.virus.candidate_filtered.fasta	/home/zhangwenda/goji-virome/01_data/data-test/RNA-Lycium_barbarum_out/02b_Filter/CRR1126133/uniprot/all_candidates_uniprot.fasta	strict_from_uniprot	uniprot/all_candidates_uniprot.fasta	DRY
02b_Filter/CRR1126134/CRR1126134_virus.all.candidate.fasta	/home/zhangwenda/goji-virome/01_data/data-test/RNA-Lycium_barbarum_out/02a_Identification/CRR1126134/CRR1126134_virus.all.candidate.fasta	02a_all_candidate	../../02a_Identification/CRR1126134/CRR1126134_virus.all.candidate.fasta	DRY
02b_Filter/CRR1126134/CRR1126134.virus.candidate_cdd_filtered.fasta	/home/zhangwenda/goji-virome/01_data/data-test/RNA-Lycium_barbarum_out/02b_Filter/CRR1126134/cdd/all_candidates_cdd_filter.fasta	cdd_filtered	cdd/all_candidates_cdd_filter.fasta	DRY
02b_Filter/CRR1126134/CRR1126134.virus.candidate_uniprot_filtered.fasta	/home/zhangwenda/goji-virome/01_data/data-test/RNA-Lycium_barbarum_out/02b_Filter/CRR1126134/uniprot/all_candidates_uniprot.fasta	uniprot_filtered	uniprot/all_candidates_uniprot.fasta	DRY
02b_Filter/CRR1126134/CRR1126134.virus.candidate_filtered.fasta	/home/zhangwenda/goji-virome/01_data/data-test/RNA-Lycium_barbarum_out/02b_Filter/CRR1126134/uniprot/all_candidates_uniprot.fasta	strict_from_uniprot	uniprot/all_candidates_uniprot.fasta	DRY
02b_Filter/CRR1126135/CRR1126135_virus.all.candidate.fasta	/home/zhangwenda/goji-virome/01_data/data-test/RNA-Lycium_barbarum_out/02a_Identification/CRR1126135/CRR1126135_virus.all.candidate.fasta	02a_all_candidate	../../02a_Identification/CRR1126135/CRR1126135_virus.all.candidate.fasta	DRY
02b_Filter/CRR1126135/CRR1126135.virus.candidate_cdd_filtered.fasta	/home/zhangwenda/goji-virome/01_data/data-test/RNA-Lycium_barbarum_out/02b_Filter/CRR1126135/cdd/all_candidates_cdd_filter.fasta	cdd_filtered	cdd/all_candidates_cdd_filter.fasta	DRY
02b_Filter/CRR1126135/CRR1126135.virus.candidate_uniprot_filtered.fasta	/home/zhangwenda/goji-virome/01_data/data-test/RNA-Lycium_barbarum_out/02b_Filter/CRR1126135/uniprot/all_candidates_uniprot.fasta	uniprot_filtered	uniprot/all_candidates_uniprot.fasta	DRY
02b_Filter/CRR1126135/CRR1126135.virus.candidate_filtered.fasta	/home/zhangwenda/goji-virome/01_data/data-test/RNA-Lycium_barbarum_out/02b_Filter/CRR1126135/uniprot/all_candidates_uniprot.fasta	strict_from_uniprot	uniprot/all_candidates_uniprot.fasta	DRY
02b_Filter/CRR1126136/CRR1126136_virus.all.candidate.fasta	/home/zhangwenda/goji-virome/01_data/data-test/RNA-Lycium_barbarum_out/02a_Identification/CRR1126136/CRR1126136_virus.all.candidate.fasta	02a_all_candidate	../../02a_Identification/CRR1126136/CRR1126136_virus.all.candidate.fasta	DRY
02b_Filter/CRR1126136/CRR1126136.virus.candidate_cdd_filtered.fasta	/home/zhangwenda/goji-virome/01_data/data-test/RNA-Lycium_barbarum_out/02b_Filter/CRR1126136/cdd/all_candidates_cdd_filter.fasta	cdd_filtered	cdd/all_candidates_cdd_filter.fasta	DRY
02b_Filter/CRR1126136/CRR1126136.virus.candidate_uniprot_filtered.fasta	/home/zhangwenda/goji-virome/01_data/data-test/RNA-Lycium_barbarum_out/02b_Filter/CRR1126136/uniprot/all_candidates_uniprot.fasta	uniprot_filtered	uniprot/all_candidates_uniprot.fasta	DRY
02b_Filter/CRR1126136/CRR1126136.virus.candidate_filtered.fasta	/home/zhangwenda/goji-virome/01_data/data-test/RNA-Lycium_barbarum_out/02b_Filter/CRR1126136/uniprot/all_candidates_uniprot.fasta	strict_from_uniprot	uniprot/all_candidates_uniprot.fasta	DRY
02b_Filter/CRR1126137/CRR1126137_virus.all.candidate.fasta	/home/zhangwenda/goji-virome/01_data/data-test/RNA-Lycium_barbarum_out/02a_Identification/CRR1126137/CRR1126137_virus.all.candidate.fasta	02a_all_candidate	../../02a_Identification/CRR1126137/CRR1126137_virus.all.candidate.fasta	DRY
02b_Filter/CRR1126137/CRR1126137.virus.candidate_cdd_filtered.fasta	/home/zhangwenda/goji-virome/01_data/data-test/RNA-Lycium_barbarum_out/02b_Filter/CRR1126137/cdd/all_candidates_cdd_filter.fasta	cdd_filtered	cdd/all_candidates_cdd_filter.fasta	DRY
02b_Filter/CRR1126137/CRR1126137.virus.candidate_uniprot_filtered.fasta	/home/zhangwenda/goji-virome/01_data/data-test/RNA-Lycium_barbarum_out/02b_Filter/CRR1126137/uniprot/all_candidates_uniprot.fasta	uniprot_filtered	uniprot/all_candidates_uniprot.fasta	DRY
02b_Filter/CRR1126137/CRR1126137.virus.candidate_filtered.fasta	/home/zhangwenda/goji-virome/01_data/data-test/RNA-Lycium_barbarum_out/02b_Filter/CRR1126137/uniprot/all_candidates_uniprot.fasta	strict_from_uniprot	uniprot/all_candidates_uniprot.fasta	DRY
02b_Filter/CRR1126138/CRR1126138_virus.all.candidate.fasta	/home/zhangwenda/goji-virome/01_data/data-test/RNA-Lycium_barbarum_out/02a_Identification/CRR1126138/CRR1126138_virus.all.candidate.fasta	02a_all_candidate	../../02a_Identification/CRR1126138/CRR1126138_virus.all.candidate.fasta	DRY
02b_Filter/CRR1126138/CRR1126138.virus.candidate_cdd_filtered.fasta	/home/zhangwenda/goji-virome/01_data/data-test/RNA-Lycium_barbarum_out/02b_Filter/CRR1126138/cdd/all_candidates_cdd_filter.fasta	cdd_filtered	cdd/all_candidates_cdd_filter.fasta	DRY
02b_Filter/CRR1126138/CRR1126138.virus.candidate_uniprot_filtered.fasta	/home/zhangwenda/goji-virome/01_data/data-test/RNA-Lycium_barbarum_out/02b_Filter/CRR1126138/uniprot/all_candidates_uniprot.fasta	uniprot_filtered	uniprot/all_candidates_uniprot.fasta	DRY
02b_Filter/CRR1126138/CRR1126138.virus.candidate_filtered.fasta	/home/zhangwenda/goji-virome/01_data/data-test/RNA-Lycium_barbarum_out/02b_Filter/CRR1126138/uniprot/all_candidates_uniprot.fasta	strict_from_uniprot	uniprot/all_candidates_uniprot.fasta	DRY
02b_Filter/CRR1126139/CRR1126139_virus.all.candidate.fasta	/home/zhangwenda/goji-virome/01_data/data-test/RNA-Lycium_barbarum_out/02a_Identification/CRR1126139/CRR1126139_virus.all.candidate.fasta	02a_all_candidate	../../02a_Identification/CRR1126139/CRR1126139_virus.all.candidate.fasta	DRY
02b_Filter/CRR1126139/CRR1126139.virus.candidate_cdd_filtered.fasta	/home/zhangwenda/goji-virome/01_data/data-test/RNA-Lycium_barbarum_out/02b_Filter/CRR1126139/cdd/all_candidates_cdd_filter.fasta	cdd_filtered	cdd/all_candidates_cdd_filter.fasta	DRY
02b_Filter/CRR1126139/CRR1126139.virus.candidate_uniprot_filtered.fasta	/home/zhangwenda/goji-virome/01_data/data-test/RNA-Lycium_barbarum_out/02b_Filter/CRR1126139/uniprot/all_candidates_uniprot.fasta	uniprot_filtered	uniprot/all_candidates_uniprot.fasta	DRY
02b_Filter/CRR1126139/CRR1126139.virus.candidate_filtered.fasta	/home/zhangwenda/goji-virome/01_data/data-test/RNA-Lycium_barbarum_out/02b_Filter/CRR1126139/uniprot/all_candidates_uniprot.fasta	strict_from_uniprot	uniprot/all_candidates_uniprot.fasta	DRY
02b_Filter/CRR1126140/CRR1126140_virus.all.candidate.fasta	/home/zhangwenda/goji-virome/01_data/data-test/RNA-Lycium_barbarum_out/02a_Identification/CRR1126140/CRR1126140_virus.all.candidate.fasta	02a_all_candidate	../../02a_Identification/CRR1126140/CRR1126140_virus.all.candidate.fasta	DRY
02b_Filter/CRR1126140/CRR1126140.virus.candidate_cdd_filtered.fasta	/home/zhangwenda/goji-virome/01_data/data-test/RNA-Lycium_barbarum_out/02b_Filter/CRR1126140/cdd/all_candidates_cdd_filter.fasta	cdd_filtered	cdd/all_candidates_cdd_filter.fasta	DRY
02b_Filter/CRR1126140/CRR1126140.virus.candidate_uniprot_filtered.fasta	/home/zhangwenda/goji-virome/01_data/data-test/RNA-Lycium_barbarum_out/02b_Filter/CRR1126140/uniprot/all_candidates_uniprot.fasta	uniprot_filtered	uniprot/all_candidates_uniprot.fasta	DRY
02b_Filter/CRR1126140/CRR1126140.virus.candidate_filtered.fasta	/home/zhangwenda/goji-virome/01_data/data-test/RNA-Lycium_barbarum_out/02b_Filter/CRR1126140/uniprot/all_candidates_uniprot.fasta	strict_from_uniprot	uniprot/all_candidates_uniprot.fasta	DRY
02b_Filter/CRR1126141/CRR1126141_virus.all.candidate.fasta	/home/zhangwenda/goji-virome/01_data/data-test/RNA-Lycium_barbarum_out/02a_Identification/CRR1126141/CRR1126141_virus.all.candidate.fasta	02a_all_candidate	../../02a_Identification/CRR1126141/CRR1126141_virus.all.candidate.fasta	DRY
02b_Filter/CRR1126141/CRR1126141.virus.candidate_cdd_filtered.fasta	/home/zhangwenda/goji-virome/01_data/data-test/RNA-Lycium_barbarum_out/02b_Filter/CRR1126141/cdd/all_candidates_cdd_filter.fasta	cdd_filtered	cdd/all_candidates_cdd_filter.fasta	DRY
02b_Filter/CRR1126141/CRR1126141.virus.candidate_uniprot_filtered.fasta	/home/zhangwenda/goji-virome/01_data/data-test/RNA-Lycium_barbarum_out/02b_Filter/CRR1126141/uniprot/all_candidates_uniprot.fasta	uniprot_filtered	uniprot/all_candidates_uniprot.fasta	DRY
02b_Filter/CRR1126141/CRR1126141.virus.candidate_filtered.fasta	/home/zhangwenda/goji-virome/01_data/data-test/RNA-Lycium_barbarum_out/02b_Filter/CRR1126141/uniprot/all_candidates_uniprot.fasta	strict_from_uniprot	uniprot/all_candidates_uniprot.fasta	DRY
02b_Filter/CRR1126142/CRR1126142_virus.all.candidate.fasta	/home/zhangwenda/goji-virome/01_data/data-test/RNA-Lycium_barbarum_out/02a_Identification/CRR1126142/CRR1126142_virus.all.candidate.fasta	02a_all_candidate	../../02a_Identification/CRR1126142/CRR1126142_virus.all.candidate.fasta	DRY
02b_Filter/CRR1126142/CRR1126142.virus.candidate_cdd_filtered.fasta	/home/zhangwenda/goji-virome/01_data/data-test/RNA-Lycium_barbarum_out/02b_Filter/CRR1126142/cdd/all_candidates_cdd_filter.fasta	cdd_filtered	cdd/all_candidates_cdd_filter.fasta	DRY
02b_Filter/CRR1126142/CRR1126142.virus.candidate_uniprot_filtered.fasta	/home/zhangwenda/goji-virome/01_data/data-test/RNA-Lycium_barbarum_out/02b_Filter/CRR1126142/uniprot/all_candidates_uniprot.fasta	uniprot_filtered	uniprot/all_candidates_uniprot.fasta	DRY
02b_Filter/CRR1126142/CRR1126142.virus.candidate_filtered.fasta	/home/zhangwenda/goji-virome/01_data/data-test/RNA-Lycium_barbarum_out/02b_Filter/CRR1126142/uniprot/all_candidates_uniprot.fasta	strict_from_uniprot	uniprot/all_candidates_uniprot.fasta	DRY
02b_Filter/CRR1126143/CRR1126143_virus.all.candidate.fasta	/home/zhangwenda/goji-virome/01_data/data-test/RNA-Lycium_barbarum_out/02a_Identification/CRR1126143/CRR1126143_virus.all.candidate.fasta	02a_all_candidate	../../02a_Identification/CRR1126143/CRR1126143_virus.all.candidate.fasta	DRY
02b_Filter/CRR1126143/CRR1126143.virus.candidate_cdd_filtered.fasta	/home/zhangwenda/goji-virome/01_data/data-test/RNA-Lycium_barbarum_out/02b_Filter/CRR1126143/cdd/all_candidates_cdd_filter.fasta	cdd_filtered	cdd/all_candidates_cdd_filter.fasta	DRY
02b_Filter/CRR1126143/CRR1126143.virus.candidate_uniprot_filtered.fasta	/home/zhangwenda/goji-virome/01_data/data-test/RNA-Lycium_barbarum_out/02b_Filter/CRR1126143/uniprot/all_candidates_uniprot.fasta	uniprot_filtered	uniprot/all_candidates_uniprot.fasta	DRY
02b_Filter/CRR1126143/CRR1126143.virus.candidate_filtered.fasta	/home/zhangwenda/goji-virome/01_data/data-test/RNA-Lycium_barbarum_out/02b_Filter/CRR1126143/uniprot/all_candidates_uniprot.fasta	strict_from_uniprot	uniprot/all_candidates_uniprot.fasta	DRY
02b_Filter/CRR1126144/CRR1126144_virus.all.candidate.fasta	/home/zhangwenda/goji-virome/01_data/data-test/RNA-Lycium_barbarum_out/02a_Identification/CRR1126144/CRR1126144_virus.all.candidate.fasta	02a_all_candidate	../../02a_Identification/CRR1126144/CRR1126144_virus.all.candidate.fasta	DRY
02b_Filter/CRR1126144/CRR1126144.virus.candidate_cdd_filtered.fasta	/home/zhangwenda/goji-virome/01_data/data-test/RNA-Lycium_barbarum_out/02b_Filter/CRR1126144/cdd/all_candidates_cdd_filter.fasta	cdd_filtered	cdd/all_candidates_cdd_filter.fasta	DRY
02b_Filter/CRR1126144/CRR1126144.virus.candidate_uniprot_filtered.fasta	/home/zhangwenda/goji-virome/01_data/data-test/RNA-Lycium_barbarum_out/02b_Filter/CRR1126144/uniprot/all_candidates_uniprot.fasta	uniprot_filtered	uniprot/all_candidates_uniprot.fasta	DRY
02b_Filter/CRR1126144/CRR1126144.virus.candidate_filtered.fasta	/home/zhangwenda/goji-virome/01_data/data-test/RNA-Lycium_barbarum_out/02b_Filter/CRR1126144/uniprot/all_candidates_uniprot.fasta	strict_from_uniprot	uniprot/all_candidates_uniprot.fasta	DRY
02b_Filter/CRR1126145/CRR1126145_virus.all.candidate.fasta	/home/zhangwenda/goji-virome/01_data/data-test/RNA-Lycium_barbarum_out/02a_Identification/CRR1126145/CRR1126145_virus.all.candidate.fasta	02a_all_candidate	../../02a_Identification/CRR1126145/CRR1126145_virus.all.candidate.fasta	DRY
02b_Filter/CRR1126145/CRR1126145.virus.candidate_cdd_filtered.fasta	/home/zhangwenda/goji-virome/01_data/data-test/RNA-Lycium_barbarum_out/02b_Filter/CRR1126145/cdd/all_candidates_cdd_filter.fasta	cdd_filtered	cdd/all_candidates_cdd_filter.fasta	DRY
02b_Filter/CRR1126145/CRR1126145.virus.candidate_uniprot_filtered.fasta	/home/zhangwenda/goji-virome/01_data/data-test/RNA-Lycium_barbarum_out/02b_Filter/CRR1126145/uniprot/all_candidates_uniprot.fasta	uniprot_filtered	uniprot/all_candidates_uniprot.fasta	DRY
02b_Filter/CRR1126145/CRR1126145.virus.candidate_filtered.fasta	/home/zhangwenda/goji-virome/01_data/data-test/RNA-Lycium_barbarum_out/02b_Filter/CRR1126145/uniprot/all_candidates_uniprot.fasta	strict_from_uniprot	uniprot/all_candidates_uniprot.fasta	DRY
02b_Filter/CRR1126146/CRR1126146_virus.all.candidate.fasta	/home/zhangwenda/goji-virome/01_data/data-test/RNA-Lycium_barbarum_out/02a_Identification/CRR1126146/CRR1126146_virus.all.candidate.fasta	02a_all_candidate	../../02a_Identification/CRR1126146/CRR1126146_virus.all.candidate.fasta	DRY
02b_Filter/CRR1126146/CRR1126146.virus.candidate_cdd_filtered.fasta	/home/zhangwenda/goji-virome/01_data/data-test/RNA-Lycium_barbarum_out/02b_Filter/CRR1126146/cdd/all_candidates_cdd_filter.fasta	cdd_filtered	cdd/all_candidates_cdd_filter.fasta	DRY
02b_Filter/CRR1126146/CRR1126146.virus.candidate_uniprot_filtered.fasta	/home/zhangwenda/goji-virome/01_data/data-test/RNA-Lycium_barbarum_out/02b_Filter/CRR1126146/uniprot/all_candidates_uniprot.fasta	uniprot_filtered	uniprot/all_candidates_uniprot.fasta	DRY
02b_Filter/CRR1126146/CRR1126146.virus.candidate_filtered.fasta	/home/zhangwenda/goji-virome/01_data/data-test/RNA-Lycium_barbarum_out/02b_Filter/CRR1126146/uniprot/all_candidates_uniprot.fasta	strict_from_uniprot	uniprot/all_candidates_uniprot.fasta	DRY
02b_Filter/CRR1126147/CRR1126147_virus.all.candidate.fasta	/home/zhangwenda/goji-virome/01_data/data-test/RNA-Lycium_barbarum_out/02a_Identification/CRR1126147/CRR1126147_virus.all.candidate.fasta	02a_all_candidate	../../02a_Identification/CRR1126147/CRR1126147_virus.all.candidate.fasta	DRY
02b_Filter/CRR1126147/CRR1126147.virus.candidate_cdd_filtered.fasta	/home/zhangwenda/goji-virome/01_data/data-test/RNA-Lycium_barbarum_out/02b_Filter/CRR1126147/cdd/all_candidates_cdd_filter.fasta	cdd_filtered	cdd/all_candidates_cdd_filter.fasta	DRY
02b_Filter/CRR1126147/CRR1126147.virus.candidate_uniprot_filtered.fasta	/home/zhangwenda/goji-virome/01_data/data-test/RNA-Lycium_barbarum_out/02b_Filter/CRR1126147/uniprot/all_candidates_uniprot.fasta	uniprot_filtered	uniprot/all_candidates_uniprot.fasta	DRY
02b_Filter/CRR1126147/CRR1126147.virus.candidate_filtered.fasta	/home/zhangwenda/goji-virome/01_data/data-test/RNA-Lycium_barbarum_out/02b_Filter/CRR1126147/uniprot/all_candidates_uniprot.fasta	strict_from_uniprot	uniprot/all_candidates_uniprot.fasta	DRY
02b_Filter/CRR1126148/CRR1126148_virus.all.candidate.fasta	/home/zhangwenda/goji-virome/01_data/data-test/RNA-Lycium_barbarum_out/02a_Identification/CRR1126148/CRR1126148_virus.all.candidate.fasta	02a_all_candidate	../../02a_Identification/CRR1126148/CRR1126148_virus.all.candidate.fasta	DRY
02b_Filter/CRR1126148/CRR1126148.virus.candidate_cdd_filtered.fasta	/home/zhangwenda/goji-virome/01_data/data-test/RNA-Lycium_barbarum_out/02b_Filter/CRR1126148/cdd/all_candidates_cdd_filter.fasta	cdd_filtered	cdd/all_candidates_cdd_filter.fasta	DRY
02b_Filter/CRR1126148/CRR1126148.virus.candidate_uniprot_filtered.fasta	/home/zhangwenda/goji-virome/01_data/data-test/RNA-Lycium_barbarum_out/02b_Filter/CRR1126148/uniprot/all_candidates_uniprot.fasta	uniprot_filtered	uniprot/all_candidates_uniprot.fasta	DRY
02b_Filter/CRR1126148/CRR1126148.virus.candidate_filtered.fasta	/home/zhangwenda/goji-virome/01_data/data-test/RNA-Lycium_barbarum_out/02b_Filter/CRR1126148/uniprot/all_candidates_uniprot.fasta	strict_from_uniprot	uniprot/all_candidates_uniprot.fasta	DRY
02b_Filter/CRR1126149/CRR1126149_virus.all.candidate.fasta	/home/zhangwenda/goji-virome/01_data/data-test/RNA-Lycium_barbarum_out/02a_Identification/CRR1126149/CRR1126149_virus.all.candidate.fasta	02a_all_candidate	../../02a_Identification/CRR1126149/CRR1126149_virus.all.candidate.fasta	DRY
02b_Filter/CRR1126149/CRR1126149.virus.candidate_cdd_filtered.fasta	/home/zhangwenda/goji-virome/01_data/data-test/RNA-Lycium_barbarum_out/02b_Filter/CRR1126149/cdd/all_candidates_cdd_filter.fasta	cdd_filtered	cdd/all_candidates_cdd_filter.fasta	DRY
02b_Filter/CRR1126149/CRR1126149.virus.candidate_uniprot_filtered.fasta	/home/zhangwenda/goji-virome/01_data/data-test/RNA-Lycium_barbarum_out/02b_Filter/CRR1126149/uniprot/all_candidates_uniprot.fasta	uniprot_filtered	uniprot/all_candidates_uniprot.fasta	DRY
02b_Filter/CRR1126149/CRR1126149.virus.candidate_filtered.fasta	/home/zhangwenda/goji-virome/01_data/data-test/RNA-Lycium_barbarum_out/02b_Filter/CRR1126149/uniprot/all_candidates_uniprot.fasta	strict_from_uniprot	uniprot/all_candidates_uniprot.fasta	DRY
02b_Filter/CRR1126150/CRR1126150_virus.all.candidate.fasta	/home/zhangwenda/goji-virome/01_data/data-test/RNA-Lycium_barbarum_out/02a_Identification/CRR1126150/CRR1126150_virus.all.candidate.fasta	02a_all_candidate	../../02a_Identification/CRR1126150/CRR1126150_virus.all.candidate.fasta	DRY
02b_Filter/CRR1126150/CRR1126150.virus.candidate_cdd_filtered.fasta	/home/zhangwenda/goji-virome/01_data/data-test/RNA-Lycium_barbarum_out/02b_Filter/CRR1126150/cdd/all_candidates_cdd_filter.fasta	cdd_filtered	cdd/all_candidates_cdd_filter.fasta	DRY
02b_Filter/CRR1126150/CRR1126150.virus.candidate_uniprot_filtered.fasta	/home/zhangwenda/goji-virome/01_data/data-test/RNA-Lycium_barbarum_out/02b_Filter/CRR1126150/uniprot/all_candidates_uniprot.fasta	uniprot_filtered	uniprot/all_candidates_uniprot.fasta	DRY
02b_Filter/CRR1126150/CRR1126150.virus.candidate_filtered.fasta	/home/zhangwenda/goji-virome/01_data/data-test/RNA-Lycium_barbarum_out/02b_Filter/CRR1126150/uniprot/all_candidates_uniprot.fasta	strict_from_uniprot	uniprot/all_candidates_uniprot.fasta	DRY
02b_Filter/CRR1126151/CRR1126151_virus.all.candidate.fasta	/home/zhangwenda/goji-virome/01_data/data-test/RNA-Lycium_barbarum_out/02a_Identification/CRR1126151/CRR1126151_virus.all.candidate.fasta	02a_all_candidate	../../02a_Identification/CRR1126151/CRR1126151_virus.all.candidate.fasta	DRY
02b_Filter/CRR1126151/CRR1126151.virus.candidate_cdd_filtered.fasta	/home/zhangwenda/goji-virome/01_data/data-test/RNA-Lycium_barbarum_out/02b_Filter/CRR1126151/cdd/all_candidates_cdd_filter.fasta	cdd_filtered	cdd/all_candidates_cdd_filter.fasta	DRY
02b_Filter/CRR1126151/CRR1126151.virus.candidate_uniprot_filtered.fasta	/home/zhangwenda/goji-virome/01_data/data-test/RNA-Lycium_barbarum_out/02b_Filter/CRR1126151/uniprot/all_candidates_uniprot.fasta	uniprot_filtered	uniprot/all_candidates_uniprot.fasta	DRY
02b_Filter/CRR1126151/CRR1126151.virus.candidate_filtered.fasta	/home/zhangwenda/goji-virome/01_data/data-test/RNA-Lycium_barbarum_out/02b_Filter/CRR1126151/uniprot/all_candidates_uniprot.fasta	strict_from_uniprot	uniprot/all_candidates_uniprot.fasta	DRY
02b_Filter/CRR1126152/CRR1126152_virus.all.candidate.fasta	/home/zhangwenda/goji-virome/01_data/data-test/RNA-Lycium_barbarum_out/02a_Identification/CRR1126152/CRR1126152_virus.all.candidate.fasta	02a_all_candidate	../../02a_Identification/CRR1126152/CRR1126152_virus.all.candidate.fasta	DRY
02b_Filter/CRR1126152/CRR1126152.virus.candidate_cdd_filtered.fasta	/home/zhangwenda/goji-virome/01_data/data-test/RNA-Lycium_barbarum_out/02b_Filter/CRR1126152/cdd/all_candidates_cdd_filter.fasta	cdd_filtered	cdd/all_candidates_cdd_filter.fasta	DRY
02b_Filter/CRR1126152/CRR1126152.virus.candidate_uniprot_filtered.fasta	/home/zhangwenda/goji-virome/01_data/data-test/RNA-Lycium_barbarum_out/02b_Filter/CRR1126152/uniprot/all_candidates_uniprot.fasta	uniprot_filtered	uniprot/all_candidates_uniprot.fasta	DRY
02b_Filter/CRR1126152/CRR1126152.virus.candidate_filtered.fasta	/home/zhangwenda/goji-virome/01_data/data-test/RNA-Lycium_barbarum_out/02b_Filter/CRR1126152/uniprot/all_candidates_uniprot.fasta	strict_from_uniprot	uniprot/all_candidates_uniprot.fasta	DRY
02b_Filter/CRR1440120/CRR1440120_virus.all.candidate.fasta	/home/zhangwenda/goji-virome/01_data/data-test/RNA-Lycium_barbarum_out/02a_Identification/CRR1440120/CRR1440120_virus.all.candidate.fasta	02a_all_candidate	../../02a_Identification/CRR1440120/CRR1440120_virus.all.candidate.fasta	DRY
02b_Filter/CRR1440120/CRR1440120.virus.candidate_cdd_filtered.fasta	/home/zhangwenda/goji-virome/01_data/data-test/RNA-Lycium_barbarum_out/02b_Filter/CRR1440120/cdd/all_candidates_cdd_filter.fasta	cdd_filtered	cdd/all_candidates_cdd_filter.fasta	DRY
02b_Filter/CRR1440120/CRR1440120.virus.candidate_uniprot_filtered.fasta	/home/zhangwenda/goji-virome/01_data/data-test/RNA-Lycium_barbarum_out/02b_Filter/CRR1440120/uniprot/all_candidates_uniprot.fasta	uniprot_filtered	uniprot/all_candidates_uniprot.fasta	DRY
02b_Filter/CRR1440120/CRR1440120.virus.candidate_filtered.fasta	/home/zhangwenda/goji-virome/01_data/data-test/RNA-Lycium_barbarum_out/02b_Filter/CRR1440120/uniprot/all_candidates_uniprot.fasta	strict_from_uniprot	uniprot/all_candidates_uniprot.fasta	DRY
02b_Filter/CRR1440121/CRR1440121_virus.all.candidate.fasta	/home/zhangwenda/goji-virome/01_data/data-test/RNA-Lycium_barbarum_out/02a_Identification/CRR1440121/CRR1440121_virus.all.candidate.fasta	02a_all_candidate	../../02a_Identification/CRR1440121/CRR1440121_virus.all.candidate.fasta	DRY
02b_Filter/CRR1440121/CRR1440121.virus.candidate_cdd_filtered.fasta	/home/zhangwenda/goji-virome/01_data/data-test/RNA-Lycium_barbarum_out/02b_Filter/CRR1440121/cdd/all_candidates_cdd_filter.fasta	cdd_filtered	cdd/all_candidates_cdd_filter.fasta	DRY
02b_Filter/CRR1440121/CRR1440121.virus.candidate_uniprot_filtered.fasta	/home/zhangwenda/goji-virome/01_data/data-test/RNA-Lycium_barbarum_out/02b_Filter/CRR1440121/uniprot/all_candidates_uniprot.fasta	uniprot_filtered	uniprot/all_candidates_uniprot.fasta	DRY
02b_Filter/CRR1440121/CRR1440121.virus.candidate_filtered.fasta	/home/zhangwenda/goji-virome/01_data/data-test/RNA-Lycium_barbarum_out/02b_Filter/CRR1440121/uniprot/all_candidates_uniprot.fasta	strict_from_uniprot	uniprot/all_candidates_uniprot.fasta	DRY
02b_Filter/CRR1440122/CRR1440122_virus.all.candidate.fasta	/home/zhangwenda/goji-virome/01_data/data-test/RNA-Lycium_barbarum_out/02a_Identification/CRR1440122/CRR1440122_virus.all.candidate.fasta	02a_all_candidate	../../02a_Identification/CRR1440122/CRR1440122_virus.all.candidate.fasta	DRY
02b_Filter/CRR1440122/CRR1440122.virus.candidate_cdd_filtered.fasta	/home/zhangwenda/goji-virome/01_data/data-test/RNA-Lycium_barbarum_out/02b_Filter/CRR1440122/cdd/all_candidates_cdd_filter.fasta	cdd_filtered	cdd/all_candidates_cdd_filter.fasta	DRY
02b_Filter/CRR1440122/CRR1440122.virus.candidate_uniprot_filtered.fasta	/home/zhangwenda/goji-virome/01_data/data-test/RNA-Lycium_barbarum_out/02b_Filter/CRR1440122/uniprot/all_candidates_uniprot.fasta	uniprot_filtered	uniprot/all_candidates_uniprot.fasta	DRY
02b_Filter/CRR1440122/CRR1440122.virus.candidate_filtered.fasta	/home/zhangwenda/goji-virome/01_data/data-test/RNA-Lycium_barbarum_out/02b_Filter/CRR1440122/uniprot/all_candidates_uniprot.fasta	strict_from_uniprot	uniprot/all_candidates_uniprot.fasta	DRY
02b_Filter/CRR1440123/CRR1440123_virus.all.candidate.fasta	/home/zhangwenda/goji-virome/01_data/data-test/RNA-Lycium_barbarum_out/02a_Identification/CRR1440123/CRR1440123_virus.all.candidate.fasta	02a_all_candidate	../../02a_Identification/CRR1440123/CRR1440123_virus.all.candidate.fasta	DRY
02b_Filter/CRR1440123/CRR1440123.virus.candidate_cdd_filtered.fasta	/home/zhangwenda/goji-virome/01_data/data-test/RNA-Lycium_barbarum_out/02b_Filter/CRR1440123/cdd/all_candidates_cdd_filter.fasta	cdd_filtered	cdd/all_candidates_cdd_filter.fasta	DRY
02b_Filter/CRR1440123/CRR1440123.virus.candidate_uniprot_filtered.fasta	/home/zhangwenda/goji-virome/01_data/data-test/RNA-Lycium_barbarum_out/02b_Filter/CRR1440123/uniprot/all_candidates_uniprot.fasta	uniprot_filtered	uniprot/all_candidates_uniprot.fasta	DRY
02b_Filter/CRR1440123/CRR1440123.virus.candidate_filtered.fasta	/home/zhangwenda/goji-virome/01_data/data-test/RNA-Lycium_barbarum_out/02b_Filter/CRR1440123/uniprot/all_candidates_uniprot.fasta	strict_from_uniprot	uniprot/all_candidates_uniprot.fasta	DRY
02b_Filter/CRR1440124/CRR1440124_virus.all.candidate.fasta	/home/zhangwenda/goji-virome/01_data/data-test/RNA-Lycium_barbarum_out/02a_Identification/CRR1440124/CRR1440124_virus.all.candidate.fasta	02a_all_candidate	../../02a_Identification/CRR1440124/CRR1440124_virus.all.candidate.fasta	DRY
02b_Filter/CRR1440124/CRR1440124.virus.candidate_cdd_filtered.fasta	/home/zhangwenda/goji-virome/01_data/data-test/RNA-Lycium_barbarum_out/02b_Filter/CRR1440124/cdd/all_candidates_cdd_filter.fasta	cdd_filtered	cdd/all_candidates_cdd_filter.fasta	DRY
02b_Filter/CRR1440124/CRR1440124.virus.candidate_uniprot_filtered.fasta	/home/zhangwenda/goji-virome/01_data/data-test/RNA-Lycium_barbarum_out/02b_Filter/CRR1440124/uniprot/all_candidates_uniprot.fasta	uniprot_filtered	uniprot/all_candidates_uniprot.fasta	DRY
02b_Filter/CRR1440124/CRR1440124.virus.candidate_filtered.fasta	/home/zhangwenda/goji-virome/01_data/data-test/RNA-Lycium_barbarum_out/02b_Filter/CRR1440124/uniprot/all_candidates_uniprot.fasta	strict_from_uniprot	uniprot/all_candidates_uniprot.fasta	DRY
02b_Filter/CRR1440125/CRR1440125_virus.all.candidate.fasta	/home/zhangwenda/goji-virome/01_data/data-test/RNA-Lycium_barbarum_out/02a_Identification/CRR1440125/CRR1440125_virus.all.candidate.fasta	02a_all_candidate	../../02a_Identification/CRR1440125/CRR1440125_virus.all.candidate.fasta	DRY
02b_Filter/CRR1440125/CRR1440125.virus.candidate_cdd_filtered.fasta	/home/zhangwenda/goji-virome/01_data/data-test/RNA-Lycium_barbarum_out/02b_Filter/CRR1440125/cdd/all_candidates_cdd_filter.fasta	cdd_filtered	cdd/all_candidates_cdd_filter.fasta	DRY
02b_Filter/CRR1440125/CRR1440125.virus.candidate_uniprot_filtered.fasta	/home/zhangwenda/goji-virome/01_data/data-test/RNA-Lycium_barbarum_out/02b_Filter/CRR1440125/uniprot/all_candidates_uniprot.fasta	uniprot_filtered	uniprot/all_candidates_uniprot.fasta	DRY
02b_Filter/CRR1440125/CRR1440125.virus.candidate_filtered.fasta	/home/zhangwenda/goji-virome/01_data/data-test/RNA-Lycium_barbarum_out/02b_Filter/CRR1440125/uniprot/all_candidates_uniprot.fasta	strict_from_uniprot	uniprot/all_candidates_uniprot.fasta	DRY
02b_Filter/CRR1440126/CRR1440126_virus.all.candidate.fasta	/home/zhangwenda/goji-virome/01_data/data-test/RNA-Lycium_barbarum_out/02a_Identification/CRR1440126/CRR1440126_virus.all.candidate.fasta	02a_all_candidate	../../02a_Identification/CRR1440126/CRR1440126_virus.all.candidate.fasta	DRY
02b_Filter/CRR1440126/CRR1440126.virus.candidate_cdd_filtered.fasta	/home/zhangwenda/goji-virome/01_data/data-test/RNA-Lycium_barbarum_out/02b_Filter/CRR1440126/cdd/all_candidates_cdd_filter.fasta	cdd_filtered	cdd/all_candidates_cdd_filter.fasta	DRY
02b_Filter/CRR1440126/CRR1440126.virus.candidate_uniprot_filtered.fasta	/home/zhangwenda/goji-virome/01_data/data-test/RNA-Lycium_barbarum_out/02b_Filter/CRR1440126/uniprot/all_candidates_uniprot.fasta	uniprot_filtered	uniprot/all_candidates_uniprot.fasta	DRY
02b_Filter/CRR1440126/CRR1440126.virus.candidate_filtered.fasta	/home/zhangwenda/goji-virome/01_data/data-test/RNA-Lycium_barbarum_out/02b_Filter/CRR1440126/uniprot/all_candidates_uniprot.fasta	strict_from_uniprot	uniprot/all_candidates_uniprot.fasta	DRY
02b_Filter/CRR1440127/CRR1440127_virus.all.candidate.fasta	/home/zhangwenda/goji-virome/01_data/data-test/RNA-Lycium_barbarum_out/02a_Identification/CRR1440127/CRR1440127_virus.all.candidate.fasta	02a_all_candidate	../../02a_Identification/CRR1440127/CRR1440127_virus.all.candidate.fasta	DRY
02b_Filter/CRR1440127/CRR1440127.virus.candidate_cdd_filtered.fasta	/home/zhangwenda/goji-virome/01_data/data-test/RNA-Lycium_barbarum_out/02b_Filter/CRR1440127/cdd/all_candidates_cdd_filter.fasta	cdd_filtered	cdd/all_candidates_cdd_filter.fasta	DRY
02b_Filter/CRR1440127/CRR1440127.virus.candidate_uniprot_filtered.fasta	/home/zhangwenda/goji-virome/01_data/data-test/RNA-Lycium_barbarum_out/02b_Filter/CRR1440127/uniprot/all_candidates_uniprot.fasta	uniprot_filtered	uniprot/all_candidates_uniprot.fasta	DRY
02b_Filter/CRR1440127/CRR1440127.virus.candidate_filtered.fasta	/home/zhangwenda/goji-virome/01_data/data-test/RNA-Lycium_barbarum_out/02b_Filter/CRR1440127/uniprot/all_candidates_uniprot.fasta	strict_from_uniprot	uniprot/all_candidates_uniprot.fasta	DRY
02b_Filter/CRR1440128/CRR1440128_virus.all.candidate.fasta	/home/zhangwenda/goji-virome/01_data/data-test/RNA-Lycium_barbarum_out/02a_Identification/CRR1440128/CRR1440128_virus.all.candidate.fasta	02a_all_candidate	../../02a_Identification/CRR1440128/CRR1440128_virus.all.candidate.fasta	DRY
02b_Filter/CRR1440128/CRR1440128.virus.candidate_cdd_filtered.fasta	/home/zhangwenda/goji-virome/01_data/data-test/RNA-Lycium_barbarum_out/02b_Filter/CRR1440128/cdd/all_candidates_cdd_filter.fasta	cdd_filtered	cdd/all_candidates_cdd_filter.fasta	DRY
02b_Filter/CRR1440128/CRR1440128.virus.candidate_uniprot_filtered.fasta	/home/zhangwenda/goji-virome/01_data/data-test/RNA-Lycium_barbarum_out/02b_Filter/CRR1440128/uniprot/all_candidates_uniprot.fasta	uniprot_filtered	uniprot/all_candidates_uniprot.fasta	DRY
02b_Filter/CRR1440128/CRR1440128.virus.candidate_filtered.fasta	/home/zhangwenda/goji-virome/01_data/data-test/RNA-Lycium_barbarum_out/02b_Filter/CRR1440128/uniprot/all_candidates_uniprot.fasta	strict_from_uniprot	uniprot/all_candidates_uniprot.fasta	DRY
02b_Filter/CRR1440129/CRR1440129_virus.all.candidate.fasta	/home/zhangwenda/goji-virome/01_data/data-test/RNA-Lycium_barbarum_out/02a_Identification/CRR1440129/CRR1440129_virus.all.candidate.fasta	02a_all_candidate	../../02a_Identification/CRR1440129/CRR1440129_virus.all.candidate.fasta	DRY
02b_Filter/CRR1440129/CRR1440129.virus.candidate_cdd_filtered.fasta	/home/zhangwenda/goji-virome/01_data/data-test/RNA-Lycium_barbarum_out/02b_Filter/CRR1440129/cdd/all_candidates_cdd_filter.fasta	cdd_filtered	cdd/all_candidates_cdd_filter.fasta	DRY
02b_Filter/CRR1440129/CRR1440129.virus.candidate_uniprot_filtered.fasta	/home/zhangwenda/goji-virome/01_data/data-test/RNA-Lycium_barbarum_out/02b_Filter/CRR1440129/uniprot/all_candidates_uniprot.fasta	uniprot_filtered	uniprot/all_candidates_uniprot.fasta	DRY
02b_Filter/CRR1440129/CRR1440129.virus.candidate_filtered.fasta	/home/zhangwenda/goji-virome/01_data/data-test/RNA-Lycium_barbarum_out/02b_Filter/CRR1440129/uniprot/all_candidates_uniprot.fasta	strict_from_uniprot	uniprot/all_candidates_uniprot.fasta	DRY
02b_Filter/CRR1440130/CRR1440130_virus.all.candidate.fasta	/home/zhangwenda/goji-virome/01_data/data-test/RNA-Lycium_barbarum_out/02a_Identification/CRR1440130/CRR1440130_virus.all.candidate.fasta	02a_all_candidate	../../02a_Identification/CRR1440130/CRR1440130_virus.all.candidate.fasta	DRY
02b_Filter/CRR1440130/CRR1440130.virus.candidate_cdd_filtered.fasta	/home/zhangwenda/goji-virome/01_data/data-test/RNA-Lycium_barbarum_out/02b_Filter/CRR1440130/cdd/all_candidates_cdd_filter.fasta	cdd_filtered	cdd/all_candidates_cdd_filter.fasta	DRY
02b_Filter/CRR1440130/CRR1440130.virus.candidate_uniprot_filtered.fasta	/home/zhangwenda/goji-virome/01_data/data-test/RNA-Lycium_barbarum_out/02b_Filter/CRR1440130/uniprot/all_candidates_uniprot.fasta	uniprot_filtered	uniprot/all_candidates_uniprot.fasta	DRY
02b_Filter/CRR1440130/CRR1440130.virus.candidate_filtered.fasta	/home/zhangwenda/goji-virome/01_data/data-test/RNA-Lycium_barbarum_out/02b_Filter/CRR1440130/uniprot/all_candidates_uniprot.fasta	strict_from_uniprot	uniprot/all_candidates_uniprot.fasta	DRY
02b_Filter/CRR1440131/CRR1440131_virus.all.candidate.fasta	/home/zhangwenda/goji-virome/01_data/data-test/RNA-Lycium_barbarum_out/02a_Identification/CRR1440131/CRR1440131_virus.all.candidate.fasta	02a_all_candidate	../../02a_Identification/CRR1440131/CRR1440131_virus.all.candidate.fasta	DRY
02b_Filter/CRR1440131/CRR1440131.virus.candidate_cdd_filtered.fasta	/home/zhangwenda/goji-virome/01_data/data-test/RNA-Lycium_barbarum_out/02b_Filter/CRR1440131/cdd/all_candidates_cdd_filter.fasta	cdd_filtered	cdd/all_candidates_cdd_filter.fasta	DRY
02b_Filter/CRR1440131/CRR1440131.virus.candidate_uniprot_filtered.fasta	/home/zhangwenda/goji-virome/01_data/data-test/RNA-Lycium_barbarum_out/02b_Filter/CRR1440131/uniprot/all_candidates_uniprot.fasta	uniprot_filtered	uniprot/all_candidates_uniprot.fasta	DRY
02b_Filter/CRR1440131/CRR1440131.virus.candidate_filtered.fasta	/home/zhangwenda/goji-virome/01_data/data-test/RNA-Lycium_barbarum_out/02b_Filter/CRR1440131/uniprot/all_candidates_uniprot.fasta	strict_from_uniprot	uniprot/all_candidates_uniprot.fasta	DRY
02b_Filter/CRR1440132/CRR1440132_virus.all.candidate.fasta	/home/zhangwenda/goji-virome/01_data/data-test/RNA-Lycium_barbarum_out/02a_Identification/CRR1440132/CRR1440132_virus.all.candidate.fasta	02a_all_candidate	../../02a_Identification/CRR1440132/CRR1440132_virus.all.candidate.fasta	DRY
02b_Filter/CRR1440132/CRR1440132.virus.candidate_cdd_filtered.fasta	/home/zhangwenda/goji-virome/01_data/data-test/RNA-Lycium_barbarum_out/02b_Filter/CRR1440132/cdd/all_candidates_cdd_filter.fasta	cdd_filtered	cdd/all_candidates_cdd_filter.fasta	DRY
02b_Filter/CRR1440132/CRR1440132.virus.candidate_uniprot_filtered.fasta	/home/zhangwenda/goji-virome/01_data/data-test/RNA-Lycium_barbarum_out/02b_Filter/CRR1440132/uniprot/all_candidates_uniprot.fasta	uniprot_filtered	uniprot/all_candidates_uniprot.fasta	DRY
02b_Filter/CRR1440132/CRR1440132.virus.candidate_filtered.fasta	/home/zhangwenda/goji-virome/01_data/data-test/RNA-Lycium_barbarum_out/02b_Filter/CRR1440132/uniprot/all_candidates_uniprot.fasta	strict_from_uniprot	uniprot/all_candidates_uniprot.fasta	DRY
02b_Filter/CRR1440133/CRR1440133_virus.all.candidate.fasta	/home/zhangwenda/goji-virome/01_data/data-test/RNA-Lycium_barbarum_out/02a_Identification/CRR1440133/CRR1440133_virus.all.candidate.fasta	02a_all_candidate	../../02a_Identification/CRR1440133/CRR1440133_virus.all.candidate.fasta	DRY
02b_Filter/CRR1440133/CRR1440133.virus.candidate_cdd_filtered.fasta	/home/zhangwenda/goji-virome/01_data/data-test/RNA-Lycium_barbarum_out/02b_Filter/CRR1440133/cdd/all_candidates_cdd_filter.fasta	cdd_filtered	cdd/all_candidates_cdd_filter.fasta	DRY
02b_Filter/CRR1440133/CRR1440133.virus.candidate_uniprot_filtered.fasta	/home/zhangwenda/goji-virome/01_data/data-test/RNA-Lycium_barbarum_out/02b_Filter/CRR1440133/uniprot/all_candidates_uniprot.fasta	uniprot_filtered	uniprot/all_candidates_uniprot.fasta	DRY
02b_Filter/CRR1440133/CRR1440133.virus.candidate_filtered.fasta	/home/zhangwenda/goji-virome/01_data/data-test/RNA-Lycium_barbarum_out/02b_Filter/CRR1440133/uniprot/all_candidates_uniprot.fasta	strict_from_uniprot	uniprot/all_candidates_uniprot.fasta	DRY
02b_Filter/CRR1440134/CRR1440134_virus.all.candidate.fasta	/home/zhangwenda/goji-virome/01_data/data-test/RNA-Lycium_barbarum_out/02a_Identification/CRR1440134/CRR1440134_virus.all.candidate.fasta	02a_all_candidate	../../02a_Identification/CRR1440134/CRR1440134_virus.all.candidate.fasta	DRY
02b_Filter/CRR1440134/CRR1440134.virus.candidate_cdd_filtered.fasta	/home/zhangwenda/goji-virome/01_data/data-test/RNA-Lycium_barbarum_out/02b_Filter/CRR1440134/cdd/all_candidates_cdd_filter.fasta	cdd_filtered	cdd/all_candidates_cdd_filter.fasta	DRY
02b_Filter/CRR1440134/CRR1440134.virus.candidate_uniprot_filtered.fasta	/home/zhangwenda/goji-virome/01_data/data-test/RNA-Lycium_barbarum_out/02b_Filter/CRR1440134/uniprot/all_candidates_uniprot.fasta	uniprot_filtered	uniprot/all_candidates_uniprot.fasta	DRY
02b_Filter/CRR1440134/CRR1440134.virus.candidate_filtered.fasta	/home/zhangwenda/goji-virome/01_data/data-test/RNA-Lycium_barbarum_out/02b_Filter/CRR1440134/uniprot/all_candidates_uniprot.fasta	strict_from_uniprot	uniprot/all_candidates_uniprot.fasta	DRY
02b_Filter/CRR1440135/CRR1440135_virus.all.candidate.fasta	/home/zhangwenda/goji-virome/01_data/data-test/RNA-Lycium_barbarum_out/02a_Identification/CRR1440135/CRR1440135_virus.all.candidate.fasta	02a_all_candidate	../../02a_Identification/CRR1440135/CRR1440135_virus.all.candidate.fasta	DRY
02b_Filter/CRR1440135/CRR1440135.virus.candidate_cdd_filtered.fasta	/home/zhangwenda/goji-virome/01_data/data-test/RNA-Lycium_barbarum_out/02b_Filter/CRR1440135/cdd/all_candidates_cdd_filter.fasta	cdd_filtered	cdd/all_candidates_cdd_filter.fasta	DRY
02b_Filter/CRR1440135/CRR1440135.virus.candidate_uniprot_filtered.fasta	/home/zhangwenda/goji-virome/01_data/data-test/RNA-Lycium_barbarum_out/02b_Filter/CRR1440135/uniprot/all_candidates_uniprot.fasta	uniprot_filtered	uniprot/all_candidates_uniprot.fasta	DRY
02b_Filter/CRR1440135/CRR1440135.virus.candidate_filtered.fasta	/home/zhangwenda/goji-virome/01_data/data-test/RNA-Lycium_barbarum_out/02b_Filter/CRR1440135/uniprot/all_candidates_uniprot.fasta	strict_from_uniprot	uniprot/all_candidates_uniprot.fasta	DRY
02b_Filter/CRR1440136/CRR1440136_virus.all.candidate.fasta	/home/zhangwenda/goji-virome/01_data/data-test/RNA-Lycium_barbarum_out/02a_Identification/CRR1440136/CRR1440136_virus.all.candidate.fasta	02a_all_candidate	../../02a_Identification/CRR1440136/CRR1440136_virus.all.candidate.fasta	DRY
02b_Filter/CRR1440136/CRR1440136.virus.candidate_cdd_filtered.fasta	/home/zhangwenda/goji-virome/01_data/data-test/RNA-Lycium_barbarum_out/02b_Filter/CRR1440136/cdd/all_candidates_cdd_filter.fasta	cdd_filtered	cdd/all_candidates_cdd_filter.fasta	DRY
02b_Filter/CRR1440136/CRR1440136.virus.candidate_uniprot_filtered.fasta	/home/zhangwenda/goji-virome/01_data/data-test/RNA-Lycium_barbarum_out/02b_Filter/CRR1440136/uniprot/all_candidates_uniprot.fasta	uniprot_filtered	uniprot/all_candidates_uniprot.fasta	DRY
02b_Filter/CRR1440136/CRR1440136.virus.candidate_filtered.fasta	/home/zhangwenda/goji-virome/01_data/data-test/RNA-Lycium_barbarum_out/02b_Filter/CRR1440136/uniprot/all_candidates_uniprot.fasta	strict_from_uniprot	uniprot/all_candidates_uniprot.fasta	DRY
02b_Filter/CRR1440137/CRR1440137_virus.all.candidate.fasta	/home/zhangwenda/goji-virome/01_data/data-test/RNA-Lycium_barbarum_out/02a_Identification/CRR1440137/CRR1440137_virus.all.candidate.fasta	02a_all_candidate	../../02a_Identification/CRR1440137/CRR1440137_virus.all.candidate.fasta	DRY
02b_Filter/CRR1440137/CRR1440137.virus.candidate_cdd_filtered.fasta	/home/zhangwenda/goji-virome/01_data/data-test/RNA-Lycium_barbarum_out/02b_Filter/CRR1440137/cdd/all_candidates_cdd_filter.fasta	cdd_filtered	cdd/all_candidates_cdd_filter.fasta	DRY
02b_Filter/CRR1440137/CRR1440137.virus.candidate_uniprot_filtered.fasta	/home/zhangwenda/goji-virome/01_data/data-test/RNA-Lycium_barbarum_out/02b_Filter/CRR1440137/uniprot/all_candidates_uniprot.fasta	uniprot_filtered	uniprot/all_candidates_uniprot.fasta	DRY
02b_Filter/CRR1440137/CRR1440137.virus.candidate_filtered.fasta	/home/zhangwenda/goji-virome/01_data/data-test/RNA-Lycium_barbarum_out/02b_Filter/CRR1440137/uniprot/all_candidates_uniprot.fasta	strict_from_uniprot	uniprot/all_candidates_uniprot.fasta	DRY
02b_Filter/CRR2703946/CRR2703946_virus.all.candidate.fasta	/home/zhangwenda/goji-virome/01_data/data-test/RNA-Lycium_barbarum_out/02a_Identification/CRR2703946/CRR2703946_virus.all.candidate.fasta	02a_all_candidate	../../02a_Identification/CRR2703946/CRR2703946_virus.all.candidate.fasta	DRY
02b_Filter/CRR2703946/CRR2703946.virus.candidate_cdd_filtered.fasta	/home/zhangwenda/goji-virome/01_data/data-test/RNA-Lycium_barbarum_out/02b_Filter/CRR2703946/cdd/all_candidates_cdd_filter.fasta	cdd_filtered	cdd/all_candidates_cdd_filter.fasta	DRY
02b_Filter/CRR2703946/CRR2703946.virus.candidate_uniprot_filtered.fasta	/home/zhangwenda/goji-virome/01_data/data-test/RNA-Lycium_barbarum_out/02b_Filter/CRR2703946/uniprot/all_candidates_uniprot.fasta	uniprot_filtered	uniprot/all_candidates_uniprot.fasta	DRY
02b_Filter/CRR2703946/CRR2703946.virus.candidate_filtered.fasta	/home/zhangwenda/goji-virome/01_data/data-test/RNA-Lycium_barbarum_out/02b_Filter/CRR2703946/uniprot/all_candidates_uniprot.fasta	strict_from_uniprot	uniprot/all_candidates_uniprot.fasta	DRY
02b_Filter/CRR2703947/CRR2703947_virus.all.candidate.fasta	/home/zhangwenda/goji-virome/01_data/data-test/RNA-Lycium_barbarum_out/02a_Identification/CRR2703947/CRR2703947_virus.all.candidate.fasta	02a_all_candidate	../../02a_Identification/CRR2703947/CRR2703947_virus.all.candidate.fasta	DRY
02b_Filter/CRR2703947/CRR2703947.virus.candidate_cdd_filtered.fasta	/home/zhangwenda/goji-virome/01_data/data-test/RNA-Lycium_barbarum_out/02b_Filter/CRR2703947/cdd/all_candidates_cdd_filter.fasta	cdd_filtered	cdd/all_candidates_cdd_filter.fasta	DRY
02b_Filter/CRR2703947/CRR2703947.virus.candidate_uniprot_filtered.fasta	/home/zhangwenda/goji-virome/01_data/data-test/RNA-Lycium_barbarum_out/02b_Filter/CRR2703947/uniprot/all_candidates_uniprot.fasta	uniprot_filtered	uniprot/all_candidates_uniprot.fasta	DRY
02b_Filter/CRR2703947/CRR2703947.virus.candidate_filtered.fasta	/home/zhangwenda/goji-virome/01_data/data-test/RNA-Lycium_barbarum_out/02b_Filter/CRR2703947/uniprot/all_candidates_uniprot.fasta	strict_from_uniprot	uniprot/all_candidates_uniprot.fasta	DRY
02b_Filter/CRR2703948/CRR2703948_virus.all.candidate.fasta	/home/zhangwenda/goji-virome/01_data/data-test/RNA-Lycium_barbarum_out/02a_Identification/CRR2703948/CRR2703948_virus.all.candidate.fasta	02a_all_candidate	../../02a_Identification/CRR2703948/CRR2703948_virus.all.candidate.fasta	DRY
02b_Filter/CRR2703948/CRR2703948.virus.candidate_cdd_filtered.fasta	/home/zhangwenda/goji-virome/01_data/data-test/RNA-Lycium_barbarum_out/02b_Filter/CRR2703948/cdd/all_candidates_cdd_filter.fasta	cdd_filtered	cdd/all_candidates_cdd_filter.fasta	DRY
02b_Filter/CRR2703948/CRR2703948.virus.candidate_uniprot_filtered.fasta	/home/zhangwenda/goji-virome/01_data/data-test/RNA-Lycium_barbarum_out/02b_Filter/CRR2703948/uniprot/all_candidates_uniprot.fasta	uniprot_filtered	uniprot/all_candidates_uniprot.fasta	DRY
02b_Filter/CRR2703948/CRR2703948.virus.candidate_filtered.fasta	/home/zhangwenda/goji-virome/01_data/data-test/RNA-Lycium_barbarum_out/02b_Filter/CRR2703948/uniprot/all_candidates_uniprot.fasta	strict_from_uniprot	uniprot/all_candidates_uniprot.fasta	DRY
02b_Filter/CRR527035/CRR527035_virus.all.candidate.fasta	/home/zhangwenda/goji-virome/01_data/data-test/RNA-Lycium_barbarum_out/02a_Identification/CRR527035/CRR527035_virus.all.candidate.fasta	02a_all_candidate	../../02a_Identification/CRR527035/CRR527035_virus.all.candidate.fasta	DRY
02b_Filter/CRR527035/CRR527035.virus.candidate_cdd_filtered.fasta	/home/zhangwenda/goji-virome/01_data/data-test/RNA-Lycium_barbarum_out/02b_Filter/CRR527035/cdd/all_candidates_cdd_filter.fasta	cdd_filtered	cdd/all_candidates_cdd_filter.fasta	DRY
02b_Filter/CRR527035/CRR527035.virus.candidate_uniprot_filtered.fasta	/home/zhangwenda/goji-virome/01_data/data-test/RNA-Lycium_barbarum_out/02b_Filter/CRR527035/uniprot/all_candidates_uniprot.fasta	uniprot_filtered	uniprot/all_candidates_uniprot.fasta	DRY
02b_Filter/CRR527035/CRR527035.virus.candidate_filtered.fasta	/home/zhangwenda/goji-virome/01_data/data-test/RNA-Lycium_barbarum_out/02b_Filter/CRR527035/uniprot/all_candidates_uniprot.fasta	strict_from_uniprot	uniprot/all_candidates_uniprot.fasta	DRY
02b_Filter/CRR527036/CRR527036_virus.all.candidate.fasta	/home/zhangwenda/goji-virome/01_data/data-test/RNA-Lycium_barbarum_out/02a_Identification/CRR527036/CRR527036_virus.all.candidate.fasta	02a_all_candidate	../../02a_Identification/CRR527036/CRR527036_virus.all.candidate.fasta	DRY
02b_Filter/CRR527036/CRR527036.virus.candidate_cdd_filtered.fasta	/home/zhangwenda/goji-virome/01_data/data-test/RNA-Lycium_barbarum_out/02b_Filter/CRR527036/cdd/all_candidates_cdd_filter.fasta	cdd_filtered	cdd/all_candidates_cdd_filter.fasta	DRY
02b_Filter/CRR527036/CRR527036.virus.candidate_uniprot_filtered.fasta	/home/zhangwenda/goji-virome/01_data/data-test/RNA-Lycium_barbarum_out/02b_Filter/CRR527036/uniprot/all_candidates_uniprot.fasta	uniprot_filtered	uniprot/all_candidates_uniprot.fasta	DRY
02b_Filter/CRR527036/CRR527036.virus.candidate_filtered.fasta	/home/zhangwenda/goji-virome/01_data/data-test/RNA-Lycium_barbarum_out/02b_Filter/CRR527036/uniprot/all_candidates_uniprot.fasta	strict_from_uniprot	uniprot/all_candidates_uniprot.fasta	DRY
02b_Filter/CRR527037/CRR527037_virus.all.candidate.fasta	/home/zhangwenda/goji-virome/01_data/data-test/RNA-Lycium_barbarum_out/02a_Identification/CRR527037/CRR527037_virus.all.candidate.fasta	02a_all_candidate	../../02a_Identification/CRR527037/CRR527037_virus.all.candidate.fasta	DRY
02b_Filter/CRR527037/CRR527037.virus.candidate_cdd_filtered.fasta	/home/zhangwenda/goji-virome/01_data/data-test/RNA-Lycium_barbarum_out/02b_Filter/CRR527037/cdd/all_candidates_cdd_filter.fasta	cdd_filtered	cdd/all_candidates_cdd_filter.fasta	DRY
02b_Filter/CRR527037/CRR527037.virus.candidate_uniprot_filtered.fasta	/home/zhangwenda/goji-virome/01_data/data-test/RNA-Lycium_barbarum_out/02b_Filter/CRR527037/uniprot/all_candidates_uniprot.fasta	uniprot_filtered	uniprot/all_candidates_uniprot.fasta	DRY
02b_Filter/CRR527037/CRR527037.virus.candidate_filtered.fasta	/home/zhangwenda/goji-virome/01_data/data-test/RNA-Lycium_barbarum_out/02b_Filter/CRR527037/uniprot/all_candidates_uniprot.fasta	strict_from_uniprot	uniprot/all_candidates_uniprot.fasta	DRY
02b_Filter/CRR527038/CRR527038_virus.all.candidate.fasta	/home/zhangwenda/goji-virome/01_data/data-test/RNA-Lycium_barbarum_out/02a_Identification/CRR527038/CRR527038_virus.all.candidate.fasta	02a_all_candidate	../../02a_Identification/CRR527038/CRR527038_virus.all.candidate.fasta	DRY
02b_Filter/CRR527038/CRR527038.virus.candidate_cdd_filtered.fasta	/home/zhangwenda/goji-virome/01_data/data-test/RNA-Lycium_barbarum_out/02b_Filter/CRR527038/cdd/all_candidates_cdd_filter.fasta	cdd_filtered	cdd/all_candidates_cdd_filter.fasta	DRY
02b_Filter/CRR527038/CRR527038.virus.candidate_uniprot_filtered.fasta	/home/zhangwenda/goji-virome/01_data/data-test/RNA-Lycium_barbarum_out/02b_Filter/CRR527038/uniprot/all_candidates_uniprot.fasta	uniprot_filtered	uniprot/all_candidates_uniprot.fasta	DRY
02b_Filter/CRR527038/CRR527038.virus.candidate_filtered.fasta	/home/zhangwenda/goji-virome/01_data/data-test/RNA-Lycium_barbarum_out/02b_Filter/CRR527038/uniprot/all_candidates_uniprot.fasta	strict_from_uniprot	uniprot/all_candidates_uniprot.fasta	DRY
02b_Filter/CRR527039/CRR527039_virus.all.candidate.fasta	/home/zhangwenda/goji-virome/01_data/data-test/RNA-Lycium_barbarum_out/02a_Identification/CRR527039/CRR527039_virus.all.candidate.fasta	02a_all_candidate	../../02a_Identification/CRR527039/CRR527039_virus.all.candidate.fasta	DRY
02b_Filter/CRR527039/CRR527039.virus.candidate_cdd_filtered.fasta	/home/zhangwenda/goji-virome/01_data/data-test/RNA-Lycium_barbarum_out/02b_Filter/CRR527039/cdd/all_candidates_cdd_filter.fasta	cdd_filtered	cdd/all_candidates_cdd_filter.fasta	DRY
02b_Filter/CRR527039/CRR527039.virus.candidate_uniprot_filtered.fasta	/home/zhangwenda/goji-virome/01_data/data-test/RNA-Lycium_barbarum_out/02b_Filter/CRR527039/uniprot/all_candidates_uniprot.fasta	uniprot_filtered	uniprot/all_candidates_uniprot.fasta	DRY
02b_Filter/CRR527039/CRR527039.virus.candidate_filtered.fasta	/home/zhangwenda/goji-virome/01_data/data-test/RNA-Lycium_barbarum_out/02b_Filter/CRR527039/uniprot/all_candidates_uniprot.fasta	strict_from_uniprot	uniprot/all_candidates_uniprot.fasta	DRY
02b_Filter/CRR527040/CRR527040_virus.all.candidate.fasta	/home/zhangwenda/goji-virome/01_data/data-test/RNA-Lycium_barbarum_out/02a_Identification/CRR527040/CRR527040_virus.all.candidate.fasta	02a_all_candidate	../../02a_Identification/CRR527040/CRR527040_virus.all.candidate.fasta	DRY
02b_Filter/CRR527040/CRR527040.virus.candidate_cdd_filtered.fasta	/home/zhangwenda/goji-virome/01_data/data-test/RNA-Lycium_barbarum_out/02b_Filter/CRR527040/cdd/all_candidates_cdd_filter.fasta	cdd_filtered	cdd/all_candidates_cdd_filter.fasta	DRY
02b_Filter/CRR527040/CRR527040.virus.candidate_uniprot_filtered.fasta	/home/zhangwenda/goji-virome/01_data/data-test/RNA-Lycium_barbarum_out/02b_Filter/CRR527040/uniprot/all_candidates_uniprot.fasta	uniprot_filtered	uniprot/all_candidates_uniprot.fasta	DRY
02b_Filter/CRR527040/CRR527040.virus.candidate_filtered.fasta	/home/zhangwenda/goji-virome/01_data/data-test/RNA-Lycium_barbarum_out/02b_Filter/CRR527040/uniprot/all_candidates_uniprot.fasta	strict_from_uniprot	uniprot/all_candidates_uniprot.fasta	DRY
02b_Filter/CRR527041/CRR527041_virus.all.candidate.fasta	/home/zhangwenda/goji-virome/01_data/data-test/RNA-Lycium_barbarum_out/02a_Identification/CRR527041/CRR527041_virus.all.candidate.fasta	02a_all_candidate	../../02a_Identification/CRR527041/CRR527041_virus.all.candidate.fasta	DRY
02b_Filter/CRR527041/CRR527041.virus.candidate_cdd_filtered.fasta	/home/zhangwenda/goji-virome/01_data/data-test/RNA-Lycium_barbarum_out/02b_Filter/CRR527041/cdd/all_candidates_cdd_filter.fasta	cdd_filtered	cdd/all_candidates_cdd_filter.fasta	DRY
02b_Filter/CRR527041/CRR527041.virus.candidate_uniprot_filtered.fasta	/home/zhangwenda/goji-virome/01_data/data-test/RNA-Lycium_barbarum_out/02b_Filter/CRR527041/uniprot/all_candidates_uniprot.fasta	uniprot_filtered	uniprot/all_candidates_uniprot.fasta	DRY
02b_Filter/CRR527041/CRR527041.virus.candidate_filtered.fasta	/home/zhangwenda/goji-virome/01_data/data-test/RNA-Lycium_barbarum_out/02b_Filter/CRR527041/uniprot/all_candidates_uniprot.fasta	strict_from_uniprot	uniprot/all_candidates_uniprot.fasta	DRY
02b_Filter/CRR527042/CRR527042_virus.all.candidate.fasta	/home/zhangwenda/goji-virome/01_data/data-test/RNA-Lycium_barbarum_out/02a_Identification/CRR527042/CRR527042_virus.all.candidate.fasta	02a_all_candidate	../../02a_Identification/CRR527042/CRR527042_virus.all.candidate.fasta	DRY
02b_Filter/CRR527042/CRR527042.virus.candidate_cdd_filtered.fasta	/home/zhangwenda/goji-virome/01_data/data-test/RNA-Lycium_barbarum_out/02b_Filter/CRR527042/cdd/all_candidates_cdd_filter.fasta	cdd_filtered	cdd/all_candidates_cdd_filter.fasta	DRY
02b_Filter/CRR527042/CRR527042.virus.candidate_uniprot_filtered.fasta	/home/zhangwenda/goji-virome/01_data/data-test/RNA-Lycium_barbarum_out/02b_Filter/CRR527042/uniprot/all_candidates_uniprot.fasta	uniprot_filtered	uniprot/all_candidates_uniprot.fasta	DRY
02b_Filter/CRR527042/CRR527042.virus.candidate_filtered.fasta	/home/zhangwenda/goji-virome/01_data/data-test/RNA-Lycium_barbarum_out/02b_Filter/CRR527042/uniprot/all_candidates_uniprot.fasta	strict_from_uniprot	uniprot/all_candidates_uniprot.fasta	DRY
02b_Filter/CRR527043/CRR527043_virus.all.candidate.fasta	/home/zhangwenda/goji-virome/01_data/data-test/RNA-Lycium_barbarum_out/02a_Identification/CRR527043/CRR527043_virus.all.candidate.fasta	02a_all_candidate	../../02a_Identification/CRR527043/CRR527043_virus.all.candidate.fasta	DRY
02b_Filter/CRR527043/CRR527043.virus.candidate_cdd_filtered.fasta	/home/zhangwenda/goji-virome/01_data/data-test/RNA-Lycium_barbarum_out/02b_Filter/CRR527043/cdd/all_candidates_cdd_filter.fasta	cdd_filtered	cdd/all_candidates_cdd_filter.fasta	DRY
02b_Filter/CRR527043/CRR527043.virus.candidate_uniprot_filtered.fasta	/home/zhangwenda/goji-virome/01_data/data-test/RNA-Lycium_barbarum_out/02b_Filter/CRR527043/uniprot/all_candidates_uniprot.fasta	uniprot_filtered	uniprot/all_candidates_uniprot.fasta	DRY
02b_Filter/CRR527043/CRR527043.virus.candidate_filtered.fasta	/home/zhangwenda/goji-virome/01_data/data-test/RNA-Lycium_barbarum_out/02b_Filter/CRR527043/uniprot/all_candidates_uniprot.fasta	strict_from_uniprot	uniprot/all_candidates_uniprot.fasta	DRY
02b_Filter/CRR527044/CRR527044_virus.all.candidate.fasta	/home/zhangwenda/goji-virome/01_data/data-test/RNA-Lycium_barbarum_out/02a_Identification/CRR527044/CRR527044_virus.all.candidate.fasta	02a_all_candidate	../../02a_Identification/CRR527044/CRR527044_virus.all.candidate.fasta	DRY
02b_Filter/CRR527044/CRR527044.virus.candidate_cdd_filtered.fasta	/home/zhangwenda/goji-virome/01_data/data-test/RNA-Lycium_barbarum_out/02b_Filter/CRR527044/cdd/all_candidates_cdd_filter.fasta	cdd_filtered	cdd/all_candidates_cdd_filter.fasta	DRY
02b_Filter/CRR527044/CRR527044.virus.candidate_uniprot_filtered.fasta	/home/zhangwenda/goji-virome/01_data/data-test/RNA-Lycium_barbarum_out/02b_Filter/CRR527044/uniprot/all_candidates_uniprot.fasta	uniprot_filtered	uniprot/all_candidates_uniprot.fasta	DRY
02b_Filter/CRR527044/CRR527044.virus.candidate_filtered.fasta	/home/zhangwenda/goji-virome/01_data/data-test/RNA-Lycium_barbarum_out/02b_Filter/CRR527044/uniprot/all_candidates_uniprot.fasta	strict_from_uniprot	uniprot/all_candidates_uniprot.fasta	DRY
02b_Filter/CRR527045/CRR527045_virus.all.candidate.fasta	/home/zhangwenda/goji-virome/01_data/data-test/RNA-Lycium_barbarum_out/02a_Identification/CRR527045/CRR527045_virus.all.candidate.fasta	02a_all_candidate	../../02a_Identification/CRR527045/CRR527045_virus.all.candidate.fasta	DRY
02b_Filter/CRR527045/CRR527045.virus.candidate_cdd_filtered.fasta	/home/zhangwenda/goji-virome/01_data/data-test/RNA-Lycium_barbarum_out/02b_Filter/CRR527045/cdd/all_candidates_cdd_filter.fasta	cdd_filtered	cdd/all_candidates_cdd_filter.fasta	DRY
02b_Filter/CRR527045/CRR527045.virus.candidate_uniprot_filtered.fasta	/home/zhangwenda/goji-virome/01_data/data-test/RNA-Lycium_barbarum_out/02b_Filter/CRR527045/uniprot/all_candidates_uniprot.fasta	uniprot_filtered	uniprot/all_candidates_uniprot.fasta	DRY
02b_Filter/CRR527045/CRR527045.virus.candidate_filtered.fasta	/home/zhangwenda/goji-virome/01_data/data-test/RNA-Lycium_barbarum_out/02b_Filter/CRR527045/uniprot/all_candidates_uniprot.fasta	strict_from_uniprot	uniprot/all_candidates_uniprot.fasta	DRY
02b_Filter/CRR527046/CRR527046_virus.all.candidate.fasta	/home/zhangwenda/goji-virome/01_data/data-test/RNA-Lycium_barbarum_out/02a_Identification/CRR527046/CRR527046_virus.all.candidate.fasta	02a_all_candidate	../../02a_Identification/CRR527046/CRR527046_virus.all.candidate.fasta	DRY
02b_Filter/CRR527046/CRR527046.virus.candidate_cdd_filtered.fasta	/home/zhangwenda/goji-virome/01_data/data-test/RNA-Lycium_barbarum_out/02b_Filter/CRR527046/cdd/all_candidates_cdd_filter.fasta	cdd_filtered	cdd/all_candidates_cdd_filter.fasta	DRY
02b_Filter/CRR527046/CRR527046.virus.candidate_uniprot_filtered.fasta	/home/zhangwenda/goji-virome/01_data/data-test/RNA-Lycium_barbarum_out/02b_Filter/CRR527046/uniprot/all_candidates_uniprot.fasta	uniprot_filtered	uniprot/all_candidates_uniprot.fasta	DRY
02b_Filter/CRR527046/CRR527046.virus.candidate_filtered.fasta	/home/zhangwenda/goji-virome/01_data/data-test/RNA-Lycium_barbarum_out/02b_Filter/CRR527046/uniprot/all_candidates_uniprot.fasta	strict_from_uniprot	uniprot/all_candidates_uniprot.fasta	DRY
02b_Filter/CRR527047/CRR527047_virus.all.candidate.fasta	/home/zhangwenda/goji-virome/01_data/data-test/RNA-Lycium_barbarum_out/02a_Identification/CRR527047/CRR527047_virus.all.candidate.fasta	02a_all_candidate	../../02a_Identification/CRR527047/CRR527047_virus.all.candidate.fasta	DRY
02b_Filter/CRR527047/CRR527047.virus.candidate_cdd_filtered.fasta	/home/zhangwenda/goji-virome/01_data/data-test/RNA-Lycium_barbarum_out/02b_Filter/CRR527047/cdd/all_candidates_cdd_filter.fasta	cdd_filtered	cdd/all_candidates_cdd_filter.fasta	DRY
02b_Filter/CRR527047/CRR527047.virus.candidate_uniprot_filtered.fasta	/home/zhangwenda/goji-virome/01_data/data-test/RNA-Lycium_barbarum_out/02b_Filter/CRR527047/uniprot/all_candidates_uniprot.fasta	uniprot_filtered	uniprot/all_candidates_uniprot.fasta	DRY
02b_Filter/CRR527047/CRR527047.virus.candidate_filtered.fasta	/home/zhangwenda/goji-virome/01_data/data-test/RNA-Lycium_barbarum_out/02b_Filter/CRR527047/uniprot/all_candidates_uniprot.fasta	strict_from_uniprot	uniprot/all_candidates_uniprot.fasta	DRY
02b_Filter/CRR527048/CRR527048_virus.all.candidate.fasta	/home/zhangwenda/goji-virome/01_data/data-test/RNA-Lycium_barbarum_out/02a_Identification/CRR527048/CRR527048_virus.all.candidate.fasta	02a_all_candidate	../../02a_Identification/CRR527048/CRR527048_virus.all.candidate.fasta	DRY
02b_Filter/CRR527048/CRR527048.virus.candidate_cdd_filtered.fasta	/home/zhangwenda/goji-virome/01_data/data-test/RNA-Lycium_barbarum_out/02b_Filter/CRR527048/cdd/all_candidates_cdd_filter.fasta	cdd_filtered	cdd/all_candidates_cdd_filter.fasta	DRY
02b_Filter/CRR527048/CRR527048.virus.candidate_uniprot_filtered.fasta	/home/zhangwenda/goji-virome/01_data/data-test/RNA-Lycium_barbarum_out/02b_Filter/CRR527048/uniprot/all_candidates_uniprot.fasta	uniprot_filtered	uniprot/all_candidates_uniprot.fasta	DRY
02b_Filter/CRR527048/CRR527048.virus.candidate_filtered.fasta	/home/zhangwenda/goji-virome/01_data/data-test/RNA-Lycium_barbarum_out/02b_Filter/CRR527048/uniprot/all_candidates_uniprot.fasta	strict_from_uniprot	uniprot/all_candidates_uniprot.fasta	DRY
02b_Filter/CRR527049/CRR527049_virus.all.candidate.fasta	/home/zhangwenda/goji-virome/01_data/data-test/RNA-Lycium_barbarum_out/02a_Identification/CRR527049/CRR527049_virus.all.candidate.fasta	02a_all_candidate	../../02a_Identification/CRR527049/CRR527049_virus.all.candidate.fasta	DRY
02b_Filter/CRR527049/CRR527049.virus.candidate_cdd_filtered.fasta	/home/zhangwenda/goji-virome/01_data/data-test/RNA-Lycium_barbarum_out/02b_Filter/CRR527049/cdd/all_candidates_cdd_filter.fasta	cdd_filtered	cdd/all_candidates_cdd_filter.fasta	DRY
02b_Filter/CRR527049/CRR527049.virus.candidate_uniprot_filtered.fasta	/home/zhangwenda/goji-virome/01_data/data-test/RNA-Lycium_barbarum_out/02b_Filter/CRR527049/uniprot/all_candidates_uniprot.fasta	uniprot_filtered	uniprot/all_candidates_uniprot.fasta	DRY
02b_Filter/CRR527049/CRR527049.virus.candidate_filtered.fasta	/home/zhangwenda/goji-virome/01_data/data-test/RNA-Lycium_barbarum_out/02b_Filter/CRR527049/uniprot/all_candidates_uniprot.fasta	strict_from_uniprot	uniprot/all_candidates_uniprot.fasta	DRY
02b_Filter/CRR527050/CRR527050_virus.all.candidate.fasta	/home/zhangwenda/goji-virome/01_data/data-test/RNA-Lycium_barbarum_out/02a_Identification/CRR527050/CRR527050_virus.all.candidate.fasta	02a_all_candidate	../../02a_Identification/CRR527050/CRR527050_virus.all.candidate.fasta	DRY
02b_Filter/CRR527050/CRR527050.virus.candidate_cdd_filtered.fasta	/home/zhangwenda/goji-virome/01_data/data-test/RNA-Lycium_barbarum_out/02b_Filter/CRR527050/cdd/all_candidates_cdd_filter.fasta	cdd_filtered	cdd/all_candidates_cdd_filter.fasta	DRY
02b_Filter/CRR527050/CRR527050.virus.candidate_uniprot_filtered.fasta	/home/zhangwenda/goji-virome/01_data/data-test/RNA-Lycium_barbarum_out/02b_Filter/CRR527050/uniprot/all_candidates_uniprot.fasta	uniprot_filtered	uniprot/all_candidates_uniprot.fasta	DRY
02b_Filter/CRR527050/CRR527050.virus.candidate_filtered.fasta	/home/zhangwenda/goji-virome/01_data/data-test/RNA-Lycium_barbarum_out/02b_Filter/CRR527050/uniprot/all_candidates_uniprot.fasta	strict_from_uniprot	uniprot/all_candidates_uniprot.fasta	DRY
02b_Filter/CRR527051/CRR527051_virus.all.candidate.fasta	/home/zhangwenda/goji-virome/01_data/data-test/RNA-Lycium_barbarum_out/02a_Identification/CRR527051/CRR527051_virus.all.candidate.fasta	02a_all_candidate	../../02a_Identification/CRR527051/CRR527051_virus.all.candidate.fasta	DRY
02b_Filter/CRR527051/CRR527051.virus.candidate_cdd_filtered.fasta	/home/zhangwenda/goji-virome/01_data/data-test/RNA-Lycium_barbarum_out/02b_Filter/CRR527051/cdd/all_candidates_cdd_filter.fasta	cdd_filtered	cdd/all_candidates_cdd_filter.fasta	DRY
02b_Filter/CRR527051/CRR527051.virus.candidate_uniprot_filtered.fasta	/home/zhangwenda/goji-virome/01_data/data-test/RNA-Lycium_barbarum_out/02b_Filter/CRR527051/uniprot/all_candidates_uniprot.fasta	uniprot_filtered	uniprot/all_candidates_uniprot.fasta	DRY
02b_Filter/CRR527051/CRR527051.virus.candidate_filtered.fasta	/home/zhangwenda/goji-virome/01_data/data-test/RNA-Lycium_barbarum_out/02b_Filter/CRR527051/uniprot/all_candidates_uniprot.fasta	strict_from_uniprot	uniprot/all_candidates_uniprot.fasta	DRY
02b_Filter/CRR527052/CRR527052_virus.all.candidate.fasta	/home/zhangwenda/goji-virome/01_data/data-test/RNA-Lycium_barbarum_out/02a_Identification/CRR527052/CRR527052_virus.all.candidate.fasta	02a_all_candidate	../../02a_Identification/CRR527052/CRR527052_virus.all.candidate.fasta	DRY
02b_Filter/CRR527052/CRR527052.virus.candidate_cdd_filtered.fasta	/home/zhangwenda/goji-virome/01_data/data-test/RNA-Lycium_barbarum_out/02b_Filter/CRR527052/cdd/all_candidates_cdd_filter.fasta	cdd_filtered	cdd/all_candidates_cdd_filter.fasta	DRY
02b_Filter/CRR527052/CRR527052.virus.candidate_uniprot_filtered.fasta	/home/zhangwenda/goji-virome/01_data/data-test/RNA-Lycium_barbarum_out/02b_Filter/CRR527052/uniprot/all_candidates_uniprot.fasta	uniprot_filtered	uniprot/all_candidates_uniprot.fasta	DRY
02b_Filter/CRR527052/CRR527052.virus.candidate_filtered.fasta	/home/zhangwenda/goji-virome/01_data/data-test/RNA-Lycium_barbarum_out/02b_Filter/CRR527052/uniprot/all_candidates_uniprot.fasta	strict_from_uniprot	uniprot/all_candidates_uniprot.fasta	DRY
02b_Filter/CRR527053/CRR527053_virus.all.candidate.fasta	/home/zhangwenda/goji-virome/01_data/data-test/RNA-Lycium_barbarum_out/02a_Identification/CRR527053/CRR527053_virus.all.candidate.fasta	02a_all_candidate	../../02a_Identification/CRR527053/CRR527053_virus.all.candidate.fasta	DRY
02b_Filter/CRR527053/CRR527053.virus.candidate_cdd_filtered.fasta	/home/zhangwenda/goji-virome/01_data/data-test/RNA-Lycium_barbarum_out/02b_Filter/CRR527053/cdd/all_candidates_cdd_filter.fasta	cdd_filtered	cdd/all_candidates_cdd_filter.fasta	DRY
02b_Filter/CRR527053/CRR527053.virus.candidate_uniprot_filtered.fasta	/home/zhangwenda/goji-virome/01_data/data-test/RNA-Lycium_barbarum_out/02b_Filter/CRR527053/uniprot/all_candidates_uniprot.fasta	uniprot_filtered	uniprot/all_candidates_uniprot.fasta	DRY
02b_Filter/CRR527053/CRR527053.virus.candidate_filtered.fasta	/home/zhangwenda/goji-virome/01_data/data-test/RNA-Lycium_barbarum_out/02b_Filter/CRR527053/uniprot/all_candidates_uniprot.fasta	strict_from_uniprot	uniprot/all_candidates_uniprot.fasta	DRY
02b_Filter/CRR527054/CRR527054_virus.all.candidate.fasta	/home/zhangwenda/goji-virome/01_data/data-test/RNA-Lycium_barbarum_out/02a_Identification/CRR527054/CRR527054_virus.all.candidate.fasta	02a_all_candidate	../../02a_Identification/CRR527054/CRR527054_virus.all.candidate.fasta	DRY
02b_Filter/CRR527054/CRR527054.virus.candidate_cdd_filtered.fasta	/home/zhangwenda/goji-virome/01_data/data-test/RNA-Lycium_barbarum_out/02b_Filter/CRR527054/cdd/all_candidates_cdd_filter.fasta	cdd_filtered	cdd/all_candidates_cdd_filter.fasta	DRY
02b_Filter/CRR527054/CRR527054.virus.candidate_uniprot_filtered.fasta	/home/zhangwenda/goji-virome/01_data/data-test/RNA-Lycium_barbarum_out/02b_Filter/CRR527054/uniprot/all_candidates_uniprot.fasta	uniprot_filtered	uniprot/all_candidates_uniprot.fasta	DRY
02b_Filter/CRR527054/CRR527054.virus.candidate_filtered.fasta	/home/zhangwenda/goji-virome/01_data/data-test/RNA-Lycium_barbarum_out/02b_Filter/CRR527054/uniprot/all_candidates_uniprot.fasta	strict_from_uniprot	uniprot/all_candidates_uniprot.fasta	DRY
02b_Filter/CRR527055/CRR527055_virus.all.candidate.fasta	/home/zhangwenda/goji-virome/01_data/data-test/RNA-Lycium_barbarum_out/02a_Identification/CRR527055/CRR527055_virus.all.candidate.fasta	02a_all_candidate	../../02a_Identification/CRR527055/CRR527055_virus.all.candidate.fasta	DRY
02b_Filter/CRR527055/CRR527055.virus.candidate_cdd_filtered.fasta	/home/zhangwenda/goji-virome/01_data/data-test/RNA-Lycium_barbarum_out/02b_Filter/CRR527055/cdd/all_candidates_cdd_filter.fasta	cdd_filtered	cdd/all_candidates_cdd_filter.fasta	DRY
02b_Filter/CRR527055/CRR527055.virus.candidate_uniprot_filtered.fasta	/home/zhangwenda/goji-virome/01_data/data-test/RNA-Lycium_barbarum_out/02b_Filter/CRR527055/uniprot/all_candidates_uniprot.fasta	uniprot_filtered	uniprot/all_candidates_uniprot.fasta	DRY
02b_Filter/CRR527055/CRR527055.virus.candidate_filtered.fasta	/home/zhangwenda/goji-virome/01_data/data-test/RNA-Lycium_barbarum_out/02b_Filter/CRR527055/uniprot/all_candidates_uniprot.fasta	strict_from_uniprot	uniprot/all_candidates_uniprot.fasta	DRY
02b_Filter/CRR708330/CRR708330_virus.all.candidate.fasta	/home/zhangwenda/goji-virome/01_data/data-test/RNA-Lycium_barbarum_out/02a_Identification/CRR708330/CRR708330_virus.all.candidate.fasta	02a_all_candidate	../../02a_Identification/CRR708330/CRR708330_virus.all.candidate.fasta	DRY
02b_Filter/CRR708330/CRR708330.virus.candidate_cdd_filtered.fasta	/home/zhangwenda/goji-virome/01_data/data-test/RNA-Lycium_barbarum_out/02b_Filter/CRR708330/cdd/all_candidates_cdd_filter.fasta	cdd_filtered	cdd/all_candidates_cdd_filter.fasta	DRY
02b_Filter/CRR708330/CRR708330.virus.candidate_uniprot_filtered.fasta	/home/zhangwenda/goji-virome/01_data/data-test/RNA-Lycium_barbarum_out/02b_Filter/CRR708330/uniprot/all_candidates_uniprot.fasta	uniprot_filtered	uniprot/all_candidates_uniprot.fasta	DRY
02b_Filter/CRR708330/CRR708330.virus.candidate_filtered.fasta	/home/zhangwenda/goji-virome/01_data/data-test/RNA-Lycium_barbarum_out/02b_Filter/CRR708330/uniprot/all_candidates_uniprot.fasta	strict_from_uniprot	uniprot/all_candidates_uniprot.fasta	DRY
02b_Filter/CRR732634/CRR732634_virus.all.candidate.fasta	/home/zhangwenda/goji-virome/01_data/data-test/RNA-Lycium_barbarum_out/02a_Identification/CRR732634/CRR732634_virus.all.candidate.fasta	02a_all_candidate	../../02a_Identification/CRR732634/CRR732634_virus.all.candidate.fasta	DRY
02b_Filter/CRR732634/CRR732634.virus.candidate_cdd_filtered.fasta	/home/zhangwenda/goji-virome/01_data/data-test/RNA-Lycium_barbarum_out/02b_Filter/CRR732634/cdd/all_candidates_cdd_filter.fasta	cdd_filtered	cdd/all_candidates_cdd_filter.fasta	DRY
02b_Filter/CRR732634/CRR732634.virus.candidate_uniprot_filtered.fasta	/home/zhangwenda/goji-virome/01_data/data-test/RNA-Lycium_barbarum_out/02b_Filter/CRR732634/uniprot/all_candidates_uniprot.fasta	uniprot_filtered	uniprot/all_candidates_uniprot.fasta	DRY
02b_Filter/CRR732634/CRR732634.virus.candidate_filtered.fasta	/home/zhangwenda/goji-virome/01_data/data-test/RNA-Lycium_barbarum_out/02b_Filter/CRR732634/uniprot/all_candidates_uniprot.fasta	strict_from_uniprot	uniprot/all_candidates_uniprot.fasta	DRY
02b_Filter/CRR732635/CRR732635_virus.all.candidate.fasta	/home/zhangwenda/goji-virome/01_data/data-test/RNA-Lycium_barbarum_out/02a_Identification/CRR732635/CRR732635_virus.all.candidate.fasta	02a_all_candidate	../../02a_Identification/CRR732635/CRR732635_virus.all.candidate.fasta	DRY
02b_Filter/CRR732635/CRR732635.virus.candidate_cdd_filtered.fasta	/home/zhangwenda/goji-virome/01_data/data-test/RNA-Lycium_barbarum_out/02b_Filter/CRR732635/cdd/all_candidates_cdd_filter.fasta	cdd_filtered	cdd/all_candidates_cdd_filter.fasta	DRY
02b_Filter/CRR732635/CRR732635.virus.candidate_uniprot_filtered.fasta	/home/zhangwenda/goji-virome/01_data/data-test/RNA-Lycium_barbarum_out/02b_Filter/CRR732635/uniprot/all_candidates_uniprot.fasta	uniprot_filtered	uniprot/all_candidates_uniprot.fasta	DRY
02b_Filter/CRR732635/CRR732635.virus.candidate_filtered.fasta	/home/zhangwenda/goji-virome/01_data/data-test/RNA-Lycium_barbarum_out/02b_Filter/CRR732635/uniprot/all_candidates_uniprot.fasta	strict_from_uniprot	uniprot/all_candidates_uniprot.fasta	DRY
02b_Filter/CRR732636/CRR732636_virus.all.candidate.fasta	/home/zhangwenda/goji-virome/01_data/data-test/RNA-Lycium_barbarum_out/02a_Identification/CRR732636/CRR732636_virus.all.candidate.fasta	02a_all_candidate	../../02a_Identification/CRR732636/CRR732636_virus.all.candidate.fasta	DRY
02b_Filter/CRR732636/CRR732636.virus.candidate_cdd_filtered.fasta	/home/zhangwenda/goji-virome/01_data/data-test/RNA-Lycium_barbarum_out/02b_Filter/CRR732636/cdd/all_candidates_cdd_filter.fasta	cdd_filtered	cdd/all_candidates_cdd_filter.fasta	DRY
02b_Filter/CRR732636/CRR732636.virus.candidate_uniprot_filtered.fasta	/home/zhangwenda/goji-virome/01_data/data-test/RNA-Lycium_barbarum_out/02b_Filter/CRR732636/uniprot/all_candidates_uniprot.fasta	uniprot_filtered	uniprot/all_candidates_uniprot.fasta	DRY
02b_Filter/CRR732636/CRR732636.virus.candidate_filtered.fasta	/home/zhangwenda/goji-virome/01_data/data-test/RNA-Lycium_barbarum_out/02b_Filter/CRR732636/uniprot/all_candidates_uniprot.fasta	strict_from_uniprot	uniprot/all_candidates_uniprot.fasta	DRY
02b_Filter/CRR732637/CRR732637_virus.all.candidate.fasta	/home/zhangwenda/goji-virome/01_data/data-test/RNA-Lycium_barbarum_out/02a_Identification/CRR732637/CRR732637_virus.all.candidate.fasta	02a_all_candidate	../../02a_Identification/CRR732637/CRR732637_virus.all.candidate.fasta	DRY
02b_Filter/CRR732637/CRR732637.virus.candidate_cdd_filtered.fasta	/home/zhangwenda/goji-virome/01_data/data-test/RNA-Lycium_barbarum_out/02b_Filter/CRR732637/cdd/all_candidates_cdd_filter.fasta	cdd_filtered	cdd/all_candidates_cdd_filter.fasta	DRY
02b_Filter/CRR732637/CRR732637.virus.candidate_uniprot_filtered.fasta	/home/zhangwenda/goji-virome/01_data/data-test/RNA-Lycium_barbarum_out/02b_Filter/CRR732637/uniprot/all_candidates_uniprot.fasta	uniprot_filtered	uniprot/all_candidates_uniprot.fasta	DRY
02b_Filter/CRR732637/CRR732637.virus.candidate_filtered.fasta	/home/zhangwenda/goji-virome/01_data/data-test/RNA-Lycium_barbarum_out/02b_Filter/CRR732637/uniprot/all_candidates_uniprot.fasta	strict_from_uniprot	uniprot/all_candidates_uniprot.fasta	DRY
02b_Filter/CRR732638/CRR732638_virus.all.candidate.fasta	/home/zhangwenda/goji-virome/01_data/data-test/RNA-Lycium_barbarum_out/02a_Identification/CRR732638/CRR732638_virus.all.candidate.fasta	02a_all_candidate	../../02a_Identification/CRR732638/CRR732638_virus.all.candidate.fasta	DRY
02b_Filter/CRR732638/CRR732638.virus.candidate_cdd_filtered.fasta	/home/zhangwenda/goji-virome/01_data/data-test/RNA-Lycium_barbarum_out/02b_Filter/CRR732638/cdd/all_candidates_cdd_filter.fasta	cdd_filtered	cdd/all_candidates_cdd_filter.fasta	DRY
02b_Filter/CRR732638/CRR732638.virus.candidate_uniprot_filtered.fasta	/home/zhangwenda/goji-virome/01_data/data-test/RNA-Lycium_barbarum_out/02b_Filter/CRR732638/uniprot/all_candidates_uniprot.fasta	uniprot_filtered	uniprot/all_candidates_uniprot.fasta	DRY
02b_Filter/CRR732638/CRR732638.virus.candidate_filtered.fasta	/home/zhangwenda/goji-virome/01_data/data-test/RNA-Lycium_barbarum_out/02b_Filter/CRR732638/uniprot/all_candidates_uniprot.fasta	strict_from_uniprot	uniprot/all_candidates_uniprot.fasta	DRY
02b_Filter/CRR732639/CRR732639_virus.all.candidate.fasta	/home/zhangwenda/goji-virome/01_data/data-test/RNA-Lycium_barbarum_out/02a_Identification/CRR732639/CRR732639_virus.all.candidate.fasta	02a_all_candidate	../../02a_Identification/CRR732639/CRR732639_virus.all.candidate.fasta	DRY
02b_Filter/CRR732639/CRR732639.virus.candidate_cdd_filtered.fasta	/home/zhangwenda/goji-virome/01_data/data-test/RNA-Lycium_barbarum_out/02b_Filter/CRR732639/cdd/all_candidates_cdd_filter.fasta	cdd_filtered	cdd/all_candidates_cdd_filter.fasta	DRY
02b_Filter/CRR732639/CRR732639.virus.candidate_uniprot_filtered.fasta	/home/zhangwenda/goji-virome/01_data/data-test/RNA-Lycium_barbarum_out/02b_Filter/CRR732639/uniprot/all_candidates_uniprot.fasta	uniprot_filtered	uniprot/all_candidates_uniprot.fasta	DRY
02b_Filter/CRR732639/CRR732639.virus.candidate_filtered.fasta	/home/zhangwenda/goji-virome/01_data/data-test/RNA-Lycium_barbarum_out/02b_Filter/CRR732639/uniprot/all_candidates_uniprot.fasta	strict_from_uniprot	uniprot/all_candidates_uniprot.fasta	DRY
02b_Filter/CRR732640/CRR732640_virus.all.candidate.fasta	/home/zhangwenda/goji-virome/01_data/data-test/RNA-Lycium_barbarum_out/02a_Identification/CRR732640/CRR732640_virus.all.candidate.fasta	02a_all_candidate	../../02a_Identification/CRR732640/CRR732640_virus.all.candidate.fasta	DRY
02b_Filter/CRR732640/CRR732640.virus.candidate_cdd_filtered.fasta	/home/zhangwenda/goji-virome/01_data/data-test/RNA-Lycium_barbarum_out/02b_Filter/CRR732640/cdd/all_candidates_cdd_filter.fasta	cdd_filtered	cdd/all_candidates_cdd_filter.fasta	DRY
02b_Filter/CRR732640/CRR732640.virus.candidate_uniprot_filtered.fasta	/home/zhangwenda/goji-virome/01_data/data-test/RNA-Lycium_barbarum_out/02b_Filter/CRR732640/uniprot/all_candidates_uniprot.fasta	uniprot_filtered	uniprot/all_candidates_uniprot.fasta	DRY
02b_Filter/CRR732640/CRR732640.virus.candidate_filtered.fasta	/home/zhangwenda/goji-virome/01_data/data-test/RNA-Lycium_barbarum_out/02b_Filter/CRR732640/uniprot/all_candidates_uniprot.fasta	strict_from_uniprot	uniprot/all_candidates_uniprot.fasta	DRY
02b_Filter/CRR732641/CRR732641_virus.all.candidate.fasta	/home/zhangwenda/goji-virome/01_data/data-test/RNA-Lycium_barbarum_out/02a_Identification/CRR732641/CRR732641_virus.all.candidate.fasta	02a_all_candidate	../../02a_Identification/CRR732641/CRR732641_virus.all.candidate.fasta	DRY
02b_Filter/CRR732641/CRR732641.virus.candidate_cdd_filtered.fasta	/home/zhangwenda/goji-virome/01_data/data-test/RNA-Lycium_barbarum_out/02b_Filter/CRR732641/cdd/all_candidates_cdd_filter.fasta	cdd_filtered	cdd/all_candidates_cdd_filter.fasta	DRY
02b_Filter/CRR732641/CRR732641.virus.candidate_uniprot_filtered.fasta	/home/zhangwenda/goji-virome/01_data/data-test/RNA-Lycium_barbarum_out/02b_Filter/CRR732641/uniprot/all_candidates_uniprot.fasta	uniprot_filtered	uniprot/all_candidates_uniprot.fasta	DRY
02b_Filter/CRR732641/CRR732641.virus.candidate_filtered.fasta	/home/zhangwenda/goji-virome/01_data/data-test/RNA-Lycium_barbarum_out/02b_Filter/CRR732641/uniprot/all_candidates_uniprot.fasta	strict_from_uniprot	uniprot/all_candidates_uniprot.fasta	DRY
02b_Filter/CRR732642/CRR732642_virus.all.candidate.fasta	/home/zhangwenda/goji-virome/01_data/data-test/RNA-Lycium_barbarum_out/02a_Identification/CRR732642/CRR732642_virus.all.candidate.fasta	02a_all_candidate	../../02a_Identification/CRR732642/CRR732642_virus.all.candidate.fasta	DRY
02b_Filter/CRR732642/CRR732642.virus.candidate_cdd_filtered.fasta	/home/zhangwenda/goji-virome/01_data/data-test/RNA-Lycium_barbarum_out/02b_Filter/CRR732642/cdd/all_candidates_cdd_filter.fasta	cdd_filtered	cdd/all_candidates_cdd_filter.fasta	DRY
02b_Filter/CRR732642/CRR732642.virus.candidate_uniprot_filtered.fasta	/home/zhangwenda/goji-virome/01_data/data-test/RNA-Lycium_barbarum_out/02b_Filter/CRR732642/uniprot/all_candidates_uniprot.fasta	uniprot_filtered	uniprot/all_candidates_uniprot.fasta	DRY
02b_Filter/CRR732642/CRR732642.virus.candidate_filtered.fasta	/home/zhangwenda/goji-virome/01_data/data-test/RNA-Lycium_barbarum_out/02b_Filter/CRR732642/uniprot/all_candidates_uniprot.fasta	strict_from_uniprot	uniprot/all_candidates_uniprot.fasta	DRY
02b_Filter/CRR732643/CRR732643_virus.all.candidate.fasta	/home/zhangwenda/goji-virome/01_data/data-test/RNA-Lycium_barbarum_out/02a_Identification/CRR732643/CRR732643_virus.all.candidate.fasta	02a_all_candidate	../../02a_Identification/CRR732643/CRR732643_virus.all.candidate.fasta	DRY
02b_Filter/CRR732643/CRR732643.virus.candidate_cdd_filtered.fasta	/home/zhangwenda/goji-virome/01_data/data-test/RNA-Lycium_barbarum_out/02b_Filter/CRR732643/cdd/all_candidates_cdd_filter.fasta	cdd_filtered	cdd/all_candidates_cdd_filter.fasta	DRY
02b_Filter/CRR732643/CRR732643.virus.candidate_uniprot_filtered.fasta	/home/zhangwenda/goji-virome/01_data/data-test/RNA-Lycium_barbarum_out/02b_Filter/CRR732643/uniprot/all_candidates_uniprot.fasta	uniprot_filtered	uniprot/all_candidates_uniprot.fasta	DRY
02b_Filter/CRR732643/CRR732643.virus.candidate_filtered.fasta	/home/zhangwenda/goji-virome/01_data/data-test/RNA-Lycium_barbarum_out/02b_Filter/CRR732643/uniprot/all_candidates_uniprot.fasta	strict_from_uniprot	uniprot/all_candidates_uniprot.fasta	DRY
02b_Filter/CRR732644/CRR732644_virus.all.candidate.fasta	/home/zhangwenda/goji-virome/01_data/data-test/RNA-Lycium_barbarum_out/02a_Identification/CRR732644/CRR732644_virus.all.candidate.fasta	02a_all_candidate	../../02a_Identification/CRR732644/CRR732644_virus.all.candidate.fasta	DRY
02b_Filter/CRR732644/CRR732644.virus.candidate_cdd_filtered.fasta	/home/zhangwenda/goji-virome/01_data/data-test/RNA-Lycium_barbarum_out/02b_Filter/CRR732644/cdd/all_candidates_cdd_filter.fasta	cdd_filtered	cdd/all_candidates_cdd_filter.fasta	DRY
02b_Filter/CRR732644/CRR732644.virus.candidate_uniprot_filtered.fasta	/home/zhangwenda/goji-virome/01_data/data-test/RNA-Lycium_barbarum_out/02b_Filter/CRR732644/uniprot/all_candidates_uniprot.fasta	uniprot_filtered	uniprot/all_candidates_uniprot.fasta	DRY
02b_Filter/CRR732644/CRR732644.virus.candidate_filtered.fasta	/home/zhangwenda/goji-virome/01_data/data-test/RNA-Lycium_barbarum_out/02b_Filter/CRR732644/uniprot/all_candidates_uniprot.fasta	strict_from_uniprot	uniprot/all_candidates_uniprot.fasta	DRY
02b_Filter/CRR732645/CRR732645_virus.all.candidate.fasta	/home/zhangwenda/goji-virome/01_data/data-test/RNA-Lycium_barbarum_out/02a_Identification/CRR732645/CRR732645_virus.all.candidate.fasta	02a_all_candidate	../../02a_Identification/CRR732645/CRR732645_virus.all.candidate.fasta	DRY
02b_Filter/CRR732645/CRR732645.virus.candidate_cdd_filtered.fasta	/home/zhangwenda/goji-virome/01_data/data-test/RNA-Lycium_barbarum_out/02b_Filter/CRR732645/cdd/all_candidates_cdd_filter.fasta	cdd_filtered	cdd/all_candidates_cdd_filter.fasta	DRY
02b_Filter/CRR732645/CRR732645.virus.candidate_uniprot_filtered.fasta	/home/zhangwenda/goji-virome/01_data/data-test/RNA-Lycium_barbarum_out/02b_Filter/CRR732645/uniprot/all_candidates_uniprot.fasta	uniprot_filtered	uniprot/all_candidates_uniprot.fasta	DRY
02b_Filter/CRR732645/CRR732645.virus.candidate_filtered.fasta	/home/zhangwenda/goji-virome/01_data/data-test/RNA-Lycium_barbarum_out/02b_Filter/CRR732645/uniprot/all_candidates_uniprot.fasta	strict_from_uniprot	uniprot/all_candidates_uniprot.fasta	DRY
02b_Filter/CRR732646/CRR732646_virus.all.candidate.fasta	/home/zhangwenda/goji-virome/01_data/data-test/RNA-Lycium_barbarum_out/02a_Identification/CRR732646/CRR732646_virus.all.candidate.fasta	02a_all_candidate	../../02a_Identification/CRR732646/CRR732646_virus.all.candidate.fasta	DRY
02b_Filter/CRR732646/CRR732646.virus.candidate_cdd_filtered.fasta	/home/zhangwenda/goji-virome/01_data/data-test/RNA-Lycium_barbarum_out/02b_Filter/CRR732646/cdd/all_candidates_cdd_filter.fasta	cdd_filtered	cdd/all_candidates_cdd_filter.fasta	DRY
02b_Filter/CRR732646/CRR732646.virus.candidate_uniprot_filtered.fasta	/home/zhangwenda/goji-virome/01_data/data-test/RNA-Lycium_barbarum_out/02b_Filter/CRR732646/uniprot/all_candidates_uniprot.fasta	uniprot_filtered	uniprot/all_candidates_uniprot.fasta	DRY
02b_Filter/CRR732646/CRR732646.virus.candidate_filtered.fasta	/home/zhangwenda/goji-virome/01_data/data-test/RNA-Lycium_barbarum_out/02b_Filter/CRR732646/uniprot/all_candidates_uniprot.fasta	strict_from_uniprot	uniprot/all_candidates_uniprot.fasta	DRY
02b_Filter/CRR732647/CRR732647_virus.all.candidate.fasta	/home/zhangwenda/goji-virome/01_data/data-test/RNA-Lycium_barbarum_out/02a_Identification/CRR732647/CRR732647_virus.all.candidate.fasta	02a_all_candidate	../../02a_Identification/CRR732647/CRR732647_virus.all.candidate.fasta	DRY
02b_Filter/CRR732647/CRR732647.virus.candidate_cdd_filtered.fasta	/home/zhangwenda/goji-virome/01_data/data-test/RNA-Lycium_barbarum_out/02b_Filter/CRR732647/cdd/all_candidates_cdd_filter.fasta	cdd_filtered	cdd/all_candidates_cdd_filter.fasta	DRY
02b_Filter/CRR732647/CRR732647.virus.candidate_uniprot_filtered.fasta	/home/zhangwenda/goji-virome/01_data/data-test/RNA-Lycium_barbarum_out/02b_Filter/CRR732647/uniprot/all_candidates_uniprot.fasta	uniprot_filtered	uniprot/all_candidates_uniprot.fasta	DRY
02b_Filter/CRR732647/CRR732647.virus.candidate_filtered.fasta	/home/zhangwenda/goji-virome/01_data/data-test/RNA-Lycium_barbarum_out/02b_Filter/CRR732647/uniprot/all_candidates_uniprot.fasta	strict_from_uniprot	uniprot/all_candidates_uniprot.fasta	DRY
02b_Filter/CRR732648/CRR732648_virus.all.candidate.fasta	/home/zhangwenda/goji-virome/01_data/data-test/RNA-Lycium_barbarum_out/02a_Identification/CRR732648/CRR732648_virus.all.candidate.fasta	02a_all_candidate	../../02a_Identification/CRR732648/CRR732648_virus.all.candidate.fasta	DRY
02b_Filter/CRR732648/CRR732648.virus.candidate_cdd_filtered.fasta	/home/zhangwenda/goji-virome/01_data/data-test/RNA-Lycium_barbarum_out/02b_Filter/CRR732648/cdd/all_candidates_cdd_filter.fasta	cdd_filtered	cdd/all_candidates_cdd_filter.fasta	DRY
02b_Filter/CRR732648/CRR732648.virus.candidate_uniprot_filtered.fasta	/home/zhangwenda/goji-virome/01_data/data-test/RNA-Lycium_barbarum_out/02b_Filter/CRR732648/uniprot/all_candidates_uniprot.fasta	uniprot_filtered	uniprot/all_candidates_uniprot.fasta	DRY
02b_Filter/CRR732648/CRR732648.virus.candidate_filtered.fasta	/home/zhangwenda/goji-virome/01_data/data-test/RNA-Lycium_barbarum_out/02b_Filter/CRR732648/uniprot/all_candidates_uniprot.fasta	strict_from_uniprot	uniprot/all_candidates_uniprot.fasta	DRY
02b_Filter/CRR732649/CRR732649_virus.all.candidate.fasta	/home/zhangwenda/goji-virome/01_data/data-test/RNA-Lycium_barbarum_out/02a_Identification/CRR732649/CRR732649_virus.all.candidate.fasta	02a_all_candidate	../../02a_Identification/CRR732649/CRR732649_virus.all.candidate.fasta	DRY
02b_Filter/CRR732649/CRR732649.virus.candidate_cdd_filtered.fasta	/home/zhangwenda/goji-virome/01_data/data-test/RNA-Lycium_barbarum_out/02b_Filter/CRR732649/cdd/all_candidates_cdd_filter.fasta	cdd_filtered	cdd/all_candidates_cdd_filter.fasta	DRY
02b_Filter/CRR732649/CRR732649.virus.candidate_uniprot_filtered.fasta	/home/zhangwenda/goji-virome/01_data/data-test/RNA-Lycium_barbarum_out/02b_Filter/CRR732649/uniprot/all_candidates_uniprot.fasta	uniprot_filtered	uniprot/all_candidates_uniprot.fasta	DRY
02b_Filter/CRR732649/CRR732649.virus.candidate_filtered.fasta	/home/zhangwenda/goji-virome/01_data/data-test/RNA-Lycium_barbarum_out/02b_Filter/CRR732649/uniprot/all_candidates_uniprot.fasta	strict_from_uniprot	uniprot/all_candidates_uniprot.fasta	DRY
02b_Filter/CRR732650/CRR732650_virus.all.candidate.fasta	/home/zhangwenda/goji-virome/01_data/data-test/RNA-Lycium_barbarum_out/02a_Identification/CRR732650/CRR732650_virus.all.candidate.fasta	02a_all_candidate	../../02a_Identification/CRR732650/CRR732650_virus.all.candidate.fasta	DRY
02b_Filter/CRR732650/CRR732650.virus.candidate_cdd_filtered.fasta	/home/zhangwenda/goji-virome/01_data/data-test/RNA-Lycium_barbarum_out/02b_Filter/CRR732650/cdd/all_candidates_cdd_filter.fasta	cdd_filtered	cdd/all_candidates_cdd_filter.fasta	DRY
02b_Filter/CRR732650/CRR732650.virus.candidate_uniprot_filtered.fasta	/home/zhangwenda/goji-virome/01_data/data-test/RNA-Lycium_barbarum_out/02b_Filter/CRR732650/uniprot/all_candidates_uniprot.fasta	uniprot_filtered	uniprot/all_candidates_uniprot.fasta	DRY
02b_Filter/CRR732650/CRR732650.virus.candidate_filtered.fasta	/home/zhangwenda/goji-virome/01_data/data-test/RNA-Lycium_barbarum_out/02b_Filter/CRR732650/uniprot/all_candidates_uniprot.fasta	strict_from_uniprot	uniprot/all_candidates_uniprot.fasta	DRY
02b_Filter/CRR732651/CRR732651_virus.all.candidate.fasta	/home/zhangwenda/goji-virome/01_data/data-test/RNA-Lycium_barbarum_out/02a_Identification/CRR732651/CRR732651_virus.all.candidate.fasta	02a_all_candidate	../../02a_Identification/CRR732651/CRR732651_virus.all.candidate.fasta	DRY
02b_Filter/CRR732651/CRR732651.virus.candidate_cdd_filtered.fasta	/home/zhangwenda/goji-virome/01_data/data-test/RNA-Lycium_barbarum_out/02b_Filter/CRR732651/cdd/all_candidates_cdd_filter.fasta	cdd_filtered	cdd/all_candidates_cdd_filter.fasta	DRY
02b_Filter/CRR732651/CRR732651.virus.candidate_uniprot_filtered.fasta	/home/zhangwenda/goji-virome/01_data/data-test/RNA-Lycium_barbarum_out/02b_Filter/CRR732651/uniprot/all_candidates_uniprot.fasta	uniprot_filtered	uniprot/all_candidates_uniprot.fasta	DRY
02b_Filter/CRR732651/CRR732651.virus.candidate_filtered.fasta	/home/zhangwenda/goji-virome/01_data/data-test/RNA-Lycium_barbarum_out/02b_Filter/CRR732651/uniprot/all_candidates_uniprot.fasta	strict_from_uniprot	uniprot/all_candidates_uniprot.fasta	DRY
02b_Filter/CRR732652/CRR732652_virus.all.candidate.fasta	/home/zhangwenda/goji-virome/01_data/data-test/RNA-Lycium_barbarum_out/02a_Identification/CRR732652/CRR732652_virus.all.candidate.fasta	02a_all_candidate	../../02a_Identification/CRR732652/CRR732652_virus.all.candidate.fasta	DRY
02b_Filter/CRR732652/CRR732652.virus.candidate_cdd_filtered.fasta	/home/zhangwenda/goji-virome/01_data/data-test/RNA-Lycium_barbarum_out/02b_Filter/CRR732652/cdd/all_candidates_cdd_filter.fasta	cdd_filtered	cdd/all_candidates_cdd_filter.fasta	DRY
02b_Filter/CRR732652/CRR732652.virus.candidate_uniprot_filtered.fasta	/home/zhangwenda/goji-virome/01_data/data-test/RNA-Lycium_barbarum_out/02b_Filter/CRR732652/uniprot/all_candidates_uniprot.fasta	uniprot_filtered	uniprot/all_candidates_uniprot.fasta	DRY
02b_Filter/CRR732652/CRR732652.virus.candidate_filtered.fasta	/home/zhangwenda/goji-virome/01_data/data-test/RNA-Lycium_barbarum_out/02b_Filter/CRR732652/uniprot/all_candidates_uniprot.fasta	strict_from_uniprot	uniprot/all_candidates_uniprot.fasta	DRY
02b_Filter/CRR732653/CRR732653_virus.all.candidate.fasta	/home/zhangwenda/goji-virome/01_data/data-test/RNA-Lycium_barbarum_out/02a_Identification/CRR732653/CRR732653_virus.all.candidate.fasta	02a_all_candidate	../../02a_Identification/CRR732653/CRR732653_virus.all.candidate.fasta	DRY
02b_Filter/CRR732653/CRR732653.virus.candidate_cdd_filtered.fasta	/home/zhangwenda/goji-virome/01_data/data-test/RNA-Lycium_barbarum_out/02b_Filter/CRR732653/cdd/all_candidates_cdd_filter.fasta	cdd_filtered	cdd/all_candidates_cdd_filter.fasta	DRY
02b_Filter/CRR732653/CRR732653.virus.candidate_uniprot_filtered.fasta	/home/zhangwenda/goji-virome/01_data/data-test/RNA-Lycium_barbarum_out/02b_Filter/CRR732653/uniprot/all_candidates_uniprot.fasta	uniprot_filtered	uniprot/all_candidates_uniprot.fasta	DRY
02b_Filter/CRR732653/CRR732653.virus.candidate_filtered.fasta	/home/zhangwenda/goji-virome/01_data/data-test/RNA-Lycium_barbarum_out/02b_Filter/CRR732653/uniprot/all_candidates_uniprot.fasta	strict_from_uniprot	uniprot/all_candidates_uniprot.fasta	DRY
02b_Filter/CRR732654/CRR732654_virus.all.candidate.fasta	/home/zhangwenda/goji-virome/01_data/data-test/RNA-Lycium_barbarum_out/02a_Identification/CRR732654/CRR732654_virus.all.candidate.fasta	02a_all_candidate	../../02a_Identification/CRR732654/CRR732654_virus.all.candidate.fasta	DRY
02b_Filter/CRR732654/CRR732654.virus.candidate_cdd_filtered.fasta	/home/zhangwenda/goji-virome/01_data/data-test/RNA-Lycium_barbarum_out/02b_Filter/CRR732654/cdd/all_candidates_cdd_filter.fasta	cdd_filtered	cdd/all_candidates_cdd_filter.fasta	DRY
02b_Filter/CRR732654/CRR732654.virus.candidate_uniprot_filtered.fasta	/home/zhangwenda/goji-virome/01_data/data-test/RNA-Lycium_barbarum_out/02b_Filter/CRR732654/uniprot/all_candidates_uniprot.fasta	uniprot_filtered	uniprot/all_candidates_uniprot.fasta	DRY
02b_Filter/CRR732654/CRR732654.virus.candidate_filtered.fasta	/home/zhangwenda/goji-virome/01_data/data-test/RNA-Lycium_barbarum_out/02b_Filter/CRR732654/uniprot/all_candidates_uniprot.fasta	strict_from_uniprot	uniprot/all_candidates_uniprot.fasta	DRY
02b_Filter/CRR732655/CRR732655_virus.all.candidate.fasta	/home/zhangwenda/goji-virome/01_data/data-test/RNA-Lycium_barbarum_out/02a_Identification/CRR732655/CRR732655_virus.all.candidate.fasta	02a_all_candidate	../../02a_Identification/CRR732655/CRR732655_virus.all.candidate.fasta	DRY
02b_Filter/CRR732655/CRR732655.virus.candidate_cdd_filtered.fasta	/home/zhangwenda/goji-virome/01_data/data-test/RNA-Lycium_barbarum_out/02b_Filter/CRR732655/cdd/all_candidates_cdd_filter.fasta	cdd_filtered	cdd/all_candidates_cdd_filter.fasta	DRY
02b_Filter/CRR732655/CRR732655.virus.candidate_uniprot_filtered.fasta	/home/zhangwenda/goji-virome/01_data/data-test/RNA-Lycium_barbarum_out/02b_Filter/CRR732655/uniprot/all_candidates_uniprot.fasta	uniprot_filtered	uniprot/all_candidates_uniprot.fasta	DRY
02b_Filter/CRR732655/CRR732655.virus.candidate_filtered.fasta	/home/zhangwenda/goji-virome/01_data/data-test/RNA-Lycium_barbarum_out/02b_Filter/CRR732655/uniprot/all_candidates_uniprot.fasta	strict_from_uniprot	uniprot/all_candidates_uniprot.fasta	DRY
02b_Filter/CRR732656/CRR732656_virus.all.candidate.fasta	/home/zhangwenda/goji-virome/01_data/data-test/RNA-Lycium_barbarum_out/02a_Identification/CRR732656/CRR732656_virus.all.candidate.fasta	02a_all_candidate	../../02a_Identification/CRR732656/CRR732656_virus.all.candidate.fasta	DRY
02b_Filter/CRR732656/CRR732656.virus.candidate_cdd_filtered.fasta	/home/zhangwenda/goji-virome/01_data/data-test/RNA-Lycium_barbarum_out/02b_Filter/CRR732656/cdd/all_candidates_cdd_filter.fasta	cdd_filtered	cdd/all_candidates_cdd_filter.fasta	DRY
02b_Filter/CRR732656/CRR732656.virus.candidate_uniprot_filtered.fasta	/home/zhangwenda/goji-virome/01_data/data-test/RNA-Lycium_barbarum_out/02b_Filter/CRR732656/uniprot/all_candidates_uniprot.fasta	uniprot_filtered	uniprot/all_candidates_uniprot.fasta	DRY
02b_Filter/CRR732656/CRR732656.virus.candidate_filtered.fasta	/home/zhangwenda/goji-virome/01_data/data-test/RNA-Lycium_barbarum_out/02b_Filter/CRR732656/uniprot/all_candidates_uniprot.fasta	strict_from_uniprot	uniprot/all_candidates_uniprot.fasta	DRY
02b_Filter/CRR732657/CRR732657_virus.all.candidate.fasta	/home/zhangwenda/goji-virome/01_data/data-test/RNA-Lycium_barbarum_out/02a_Identification/CRR732657/CRR732657_virus.all.candidate.fasta	02a_all_candidate	../../02a_Identification/CRR732657/CRR732657_virus.all.candidate.fasta	DRY
02b_Filter/CRR732657/CRR732657.virus.candidate_cdd_filtered.fasta	/home/zhangwenda/goji-virome/01_data/data-test/RNA-Lycium_barbarum_out/02b_Filter/CRR732657/cdd/all_candidates_cdd_filter.fasta	cdd_filtered	cdd/all_candidates_cdd_filter.fasta	DRY
02b_Filter/CRR732657/CRR732657.virus.candidate_uniprot_filtered.fasta	/home/zhangwenda/goji-virome/01_data/data-test/RNA-Lycium_barbarum_out/02b_Filter/CRR732657/uniprot/all_candidates_uniprot.fasta	uniprot_filtered	uniprot/all_candidates_uniprot.fasta	DRY
02b_Filter/CRR732657/CRR732657.virus.candidate_filtered.fasta	/home/zhangwenda/goji-virome/01_data/data-test/RNA-Lycium_barbarum_out/02b_Filter/CRR732657/uniprot/all_candidates_uniprot.fasta	strict_from_uniprot	uniprot/all_candidates_uniprot.fasta	DRY
02b_Filter/CRR732658/CRR732658_virus.all.candidate.fasta	/home/zhangwenda/goji-virome/01_data/data-test/RNA-Lycium_barbarum_out/02a_Identification/CRR732658/CRR732658_virus.all.candidate.fasta	02a_all_candidate	../../02a_Identification/CRR732658/CRR732658_virus.all.candidate.fasta	DRY
02b_Filter/CRR732658/CRR732658.virus.candidate_cdd_filtered.fasta	/home/zhangwenda/goji-virome/01_data/data-test/RNA-Lycium_barbarum_out/02b_Filter/CRR732658/cdd/all_candidates_cdd_filter.fasta	cdd_filtered	cdd/all_candidates_cdd_filter.fasta	DRY
02b_Filter/CRR732658/CRR732658.virus.candidate_uniprot_filtered.fasta	/home/zhangwenda/goji-virome/01_data/data-test/RNA-Lycium_barbarum_out/02b_Filter/CRR732658/uniprot/all_candidates_uniprot.fasta	uniprot_filtered	uniprot/all_candidates_uniprot.fasta	DRY
02b_Filter/CRR732658/CRR732658.virus.candidate_filtered.fasta	/home/zhangwenda/goji-virome/01_data/data-test/RNA-Lycium_barbarum_out/02b_Filter/CRR732658/uniprot/all_candidates_uniprot.fasta	strict_from_uniprot	uniprot/all_candidates_uniprot.fasta	DRY
02b_Filter/CRR732659/CRR732659_virus.all.candidate.fasta	/home/zhangwenda/goji-virome/01_data/data-test/RNA-Lycium_barbarum_out/02a_Identification/CRR732659/CRR732659_virus.all.candidate.fasta	02a_all_candidate	../../02a_Identification/CRR732659/CRR732659_virus.all.candidate.fasta	DRY
02b_Filter/CRR732659/CRR732659.virus.candidate_cdd_filtered.fasta	/home/zhangwenda/goji-virome/01_data/data-test/RNA-Lycium_barbarum_out/02b_Filter/CRR732659/cdd/all_candidates_cdd_filter.fasta	cdd_filtered	cdd/all_candidates_cdd_filter.fasta	DRY
02b_Filter/CRR732659/CRR732659.virus.candidate_uniprot_filtered.fasta	/home/zhangwenda/goji-virome/01_data/data-test/RNA-Lycium_barbarum_out/02b_Filter/CRR732659/uniprot/all_candidates_uniprot.fasta	uniprot_filtered	uniprot/all_candidates_uniprot.fasta	DRY
02b_Filter/CRR732659/CRR732659.virus.candidate_filtered.fasta	/home/zhangwenda/goji-virome/01_data/data-test/RNA-Lycium_barbarum_out/02b_Filter/CRR732659/uniprot/all_candidates_uniprot.fasta	strict_from_uniprot	uniprot/all_candidates_uniprot.fasta	DRY
02b_Filter/CRR732660/CRR732660_virus.all.candidate.fasta	/home/zhangwenda/goji-virome/01_data/data-test/RNA-Lycium_barbarum_out/02a_Identification/CRR732660/CRR732660_virus.all.candidate.fasta	02a_all_candidate	../../02a_Identification/CRR732660/CRR732660_virus.all.candidate.fasta	DRY
02b_Filter/CRR732660/CRR732660.virus.candidate_cdd_filtered.fasta	/home/zhangwenda/goji-virome/01_data/data-test/RNA-Lycium_barbarum_out/02b_Filter/CRR732660/cdd/all_candidates_cdd_filter.fasta	cdd_filtered	cdd/all_candidates_cdd_filter.fasta	DRY
02b_Filter/CRR732660/CRR732660.virus.candidate_uniprot_filtered.fasta	/home/zhangwenda/goji-virome/01_data/data-test/RNA-Lycium_barbarum_out/02b_Filter/CRR732660/uniprot/all_candidates_uniprot.fasta	uniprot_filtered	uniprot/all_candidates_uniprot.fasta	DRY
02b_Filter/CRR732660/CRR732660.virus.candidate_filtered.fasta	/home/zhangwenda/goji-virome/01_data/data-test/RNA-Lycium_barbarum_out/02b_Filter/CRR732660/uniprot/all_candidates_uniprot.fasta	strict_from_uniprot	uniprot/all_candidates_uniprot.fasta	DRY
02b_Filter/CRR732662/CRR732662_virus.all.candidate.fasta	/home/zhangwenda/goji-virome/01_data/data-test/RNA-Lycium_barbarum_out/02a_Identification/CRR732662/CRR732662_virus.all.candidate.fasta	02a_all_candidate	../../02a_Identification/CRR732662/CRR732662_virus.all.candidate.fasta	DRY
02b_Filter/CRR732662/CRR732662.virus.candidate_cdd_filtered.fasta	/home/zhangwenda/goji-virome/01_data/data-test/RNA-Lycium_barbarum_out/02b_Filter/CRR732662/cdd/all_candidates_cdd_filter.fasta	cdd_filtered	cdd/all_candidates_cdd_filter.fasta	DRY
02b_Filter/CRR732662/CRR732662.virus.candidate_uniprot_filtered.fasta	/home/zhangwenda/goji-virome/01_data/data-test/RNA-Lycium_barbarum_out/02b_Filter/CRR732662/uniprot/all_candidates_uniprot.fasta	uniprot_filtered	uniprot/all_candidates_uniprot.fasta	DRY
02b_Filter/CRR732662/CRR732662.virus.candidate_filtered.fasta	/home/zhangwenda/goji-virome/01_data/data-test/RNA-Lycium_barbarum_out/02b_Filter/CRR732662/uniprot/all_candidates_uniprot.fasta	strict_from_uniprot	uniprot/all_candidates_uniprot.fasta	DRY
02b_Filter/CRR732663/CRR732663_virus.all.candidate.fasta	/home/zhangwenda/goji-virome/01_data/data-test/RNA-Lycium_barbarum_out/02a_Identification/CRR732663/CRR732663_virus.all.candidate.fasta	02a_all_candidate	../../02a_Identification/CRR732663/CRR732663_virus.all.candidate.fasta	DRY
02b_Filter/CRR732663/CRR732663.virus.candidate_cdd_filtered.fasta	/home/zhangwenda/goji-virome/01_data/data-test/RNA-Lycium_barbarum_out/02b_Filter/CRR732663/cdd/all_candidates_cdd_filter.fasta	cdd_filtered	cdd/all_candidates_cdd_filter.fasta	DRY
02b_Filter/CRR732663/CRR732663.virus.candidate_uniprot_filtered.fasta	/home/zhangwenda/goji-virome/01_data/data-test/RNA-Lycium_barbarum_out/02b_Filter/CRR732663/uniprot/all_candidates_uniprot.fasta	uniprot_filtered	uniprot/all_candidates_uniprot.fasta	DRY
02b_Filter/CRR732663/CRR732663.virus.candidate_filtered.fasta	/home/zhangwenda/goji-virome/01_data/data-test/RNA-Lycium_barbarum_out/02b_Filter/CRR732663/uniprot/all_candidates_uniprot.fasta	strict_from_uniprot	uniprot/all_candidates_uniprot.fasta	DRY
02b_Filter/CRR891450/CRR891450_virus.all.candidate.fasta	/home/zhangwenda/goji-virome/01_data/data-test/RNA-Lycium_barbarum_out/02a_Identification/CRR891450/CRR891450_virus.all.candidate.fasta	02a_all_candidate	../../02a_Identification/CRR891450/CRR891450_virus.all.candidate.fasta	DRY
02b_Filter/CRR891450/CRR891450.virus.candidate_cdd_filtered.fasta	/home/zhangwenda/goji-virome/01_data/data-test/RNA-Lycium_barbarum_out/02b_Filter/CRR891450/cdd/all_candidates_cdd_filter.fasta	cdd_filtered	cdd/all_candidates_cdd_filter.fasta	DRY
02b_Filter/CRR891450/CRR891450.virus.candidate_uniprot_filtered.fasta	/home/zhangwenda/goji-virome/01_data/data-test/RNA-Lycium_barbarum_out/02b_Filter/CRR891450/uniprot/all_candidates_uniprot.fasta	uniprot_filtered	uniprot/all_candidates_uniprot.fasta	DRY
02b_Filter/CRR891450/CRR891450.virus.candidate_filtered.fasta	/home/zhangwenda/goji-virome/01_data/data-test/RNA-Lycium_barbarum_out/02b_Filter/CRR891450/uniprot/all_candidates_uniprot.fasta	strict_from_uniprot	uniprot/all_candidates_uniprot.fasta	DRY
02b_Filter/CRR891451/CRR891451_virus.all.candidate.fasta	/home/zhangwenda/goji-virome/01_data/data-test/RNA-Lycium_barbarum_out/02a_Identification/CRR891451/CRR891451_virus.all.candidate.fasta	02a_all_candidate	../../02a_Identification/CRR891451/CRR891451_virus.all.candidate.fasta	DRY
02b_Filter/CRR891451/CRR891451.virus.candidate_cdd_filtered.fasta	/home/zhangwenda/goji-virome/01_data/data-test/RNA-Lycium_barbarum_out/02b_Filter/CRR891451/cdd/all_candidates_cdd_filter.fasta	cdd_filtered	cdd/all_candidates_cdd_filter.fasta	DRY
02b_Filter/CRR891451/CRR891451.virus.candidate_uniprot_filtered.fasta	/home/zhangwenda/goji-virome/01_data/data-test/RNA-Lycium_barbarum_out/02b_Filter/CRR891451/uniprot/all_candidates_uniprot.fasta	uniprot_filtered	uniprot/all_candidates_uniprot.fasta	DRY
02b_Filter/CRR891451/CRR891451.virus.candidate_filtered.fasta	/home/zhangwenda/goji-virome/01_data/data-test/RNA-Lycium_barbarum_out/02b_Filter/CRR891451/uniprot/all_candidates_uniprot.fasta	strict_from_uniprot	uniprot/all_candidates_uniprot.fasta	DRY
02b_Filter/CRR891452/CRR891452_virus.all.candidate.fasta	/home/zhangwenda/goji-virome/01_data/data-test/RNA-Lycium_barbarum_out/02a_Identification/CRR891452/CRR891452_virus.all.candidate.fasta	02a_all_candidate	../../02a_Identification/CRR891452/CRR891452_virus.all.candidate.fasta	DRY
02b_Filter/CRR891452/CRR891452.virus.candidate_cdd_filtered.fasta	/home/zhangwenda/goji-virome/01_data/data-test/RNA-Lycium_barbarum_out/02b_Filter/CRR891452/cdd/all_candidates_cdd_filter.fasta	cdd_filtered	cdd/all_candidates_cdd_filter.fasta	DRY
02b_Filter/CRR891452/CRR891452.virus.candidate_uniprot_filtered.fasta	/home/zhangwenda/goji-virome/01_data/data-test/RNA-Lycium_barbarum_out/02b_Filter/CRR891452/uniprot/all_candidates_uniprot.fasta	uniprot_filtered	uniprot/all_candidates_uniprot.fasta	DRY
02b_Filter/CRR891452/CRR891452.virus.candidate_filtered.fasta	/home/zhangwenda/goji-virome/01_data/data-test/RNA-Lycium_barbarum_out/02b_Filter/CRR891452/uniprot/all_candidates_uniprot.fasta	strict_from_uniprot	uniprot/all_candidates_uniprot.fasta	DRY
02b_Filter/CRR891453/CRR891453_virus.all.candidate.fasta	/home/zhangwenda/goji-virome/01_data/data-test/RNA-Lycium_barbarum_out/02a_Identification/CRR891453/CRR891453_virus.all.candidate.fasta	02a_all_candidate	../../02a_Identification/CRR891453/CRR891453_virus.all.candidate.fasta	DRY
02b_Filter/CRR891453/CRR891453.virus.candidate_cdd_filtered.fasta	/home/zhangwenda/goji-virome/01_data/data-test/RNA-Lycium_barbarum_out/02b_Filter/CRR891453/cdd/all_candidates_cdd_filter.fasta	cdd_filtered	cdd/all_candidates_cdd_filter.fasta	DRY
02b_Filter/CRR891453/CRR891453.virus.candidate_uniprot_filtered.fasta	/home/zhangwenda/goji-virome/01_data/data-test/RNA-Lycium_barbarum_out/02b_Filter/CRR891453/uniprot/all_candidates_uniprot.fasta	uniprot_filtered	uniprot/all_candidates_uniprot.fasta	DRY
02b_Filter/CRR891453/CRR891453.virus.candidate_filtered.fasta	/home/zhangwenda/goji-virome/01_data/data-test/RNA-Lycium_barbarum_out/02b_Filter/CRR891453/uniprot/all_candidates_uniprot.fasta	strict_from_uniprot	uniprot/all_candidates_uniprot.fasta	DRY
02b_Filter/CRR891454/CRR891454_virus.all.candidate.fasta	/home/zhangwenda/goji-virome/01_data/data-test/RNA-Lycium_barbarum_out/02a_Identification/CRR891454/CRR891454_virus.all.candidate.fasta	02a_all_candidate	../../02a_Identification/CRR891454/CRR891454_virus.all.candidate.fasta	DRY
02b_Filter/CRR891454/CRR891454.virus.candidate_cdd_filtered.fasta	/home/zhangwenda/goji-virome/01_data/data-test/RNA-Lycium_barbarum_out/02b_Filter/CRR891454/cdd/all_candidates_cdd_filter.fasta	cdd_filtered	cdd/all_candidates_cdd_filter.fasta	DRY
02b_Filter/CRR891454/CRR891454.virus.candidate_uniprot_filtered.fasta	/home/zhangwenda/goji-virome/01_data/data-test/RNA-Lycium_barbarum_out/02b_Filter/CRR891454/uniprot/all_candidates_uniprot.fasta	uniprot_filtered	uniprot/all_candidates_uniprot.fasta	DRY
02b_Filter/CRR891454/CRR891454.virus.candidate_filtered.fasta	/home/zhangwenda/goji-virome/01_data/data-test/RNA-Lycium_barbarum_out/02b_Filter/CRR891454/uniprot/all_candidates_uniprot.fasta	strict_from_uniprot	uniprot/all_candidates_uniprot.fasta	DRY
02b_Filter/CRR891455/CRR891455_virus.all.candidate.fasta	/home/zhangwenda/goji-virome/01_data/data-test/RNA-Lycium_barbarum_out/02a_Identification/CRR891455/CRR891455_virus.all.candidate.fasta	02a_all_candidate	../../02a_Identification/CRR891455/CRR891455_virus.all.candidate.fasta	DRY
02b_Filter/CRR891455/CRR891455.virus.candidate_cdd_filtered.fasta	/home/zhangwenda/goji-virome/01_data/data-test/RNA-Lycium_barbarum_out/02b_Filter/CRR891455/cdd/all_candidates_cdd_filter.fasta	cdd_filtered	cdd/all_candidates_cdd_filter.fasta	DRY
02b_Filter/CRR891455/CRR891455.virus.candidate_uniprot_filtered.fasta	/home/zhangwenda/goji-virome/01_data/data-test/RNA-Lycium_barbarum_out/02b_Filter/CRR891455/uniprot/all_candidates_uniprot.fasta	uniprot_filtered	uniprot/all_candidates_uniprot.fasta	DRY
02b_Filter/CRR891455/CRR891455.virus.candidate_filtered.fasta	/home/zhangwenda/goji-virome/01_data/data-test/RNA-Lycium_barbarum_out/02b_Filter/CRR891455/uniprot/all_candidates_uniprot.fasta	strict_from_uniprot	uniprot/all_candidates_uniprot.fasta	DRY
02b_Filter/CRR891456/CRR891456_virus.all.candidate.fasta	/home/zhangwenda/goji-virome/01_data/data-test/RNA-Lycium_barbarum_out/02a_Identification/CRR891456/CRR891456_virus.all.candidate.fasta	02a_all_candidate	../../02a_Identification/CRR891456/CRR891456_virus.all.candidate.fasta	DRY
02b_Filter/CRR891456/CRR891456.virus.candidate_cdd_filtered.fasta	/home/zhangwenda/goji-virome/01_data/data-test/RNA-Lycium_barbarum_out/02b_Filter/CRR891456/cdd/all_candidates_cdd_filter.fasta	cdd_filtered	cdd/all_candidates_cdd_filter.fasta	DRY
02b_Filter/CRR891456/CRR891456.virus.candidate_uniprot_filtered.fasta	/home/zhangwenda/goji-virome/01_data/data-test/RNA-Lycium_barbarum_out/02b_Filter/CRR891456/uniprot/all_candidates_uniprot.fasta	uniprot_filtered	uniprot/all_candidates_uniprot.fasta	DRY
02b_Filter/CRR891456/CRR891456.virus.candidate_filtered.fasta	/home/zhangwenda/goji-virome/01_data/data-test/RNA-Lycium_barbarum_out/02b_Filter/CRR891456/uniprot/all_candidates_uniprot.fasta	strict_from_uniprot	uniprot/all_candidates_uniprot.fasta	DRY
02b_Filter/CRR891457/CRR891457_virus.all.candidate.fasta	/home/zhangwenda/goji-virome/01_data/data-test/RNA-Lycium_barbarum_out/02a_Identification/CRR891457/CRR891457_virus.all.candidate.fasta	02a_all_candidate	../../02a_Identification/CRR891457/CRR891457_virus.all.candidate.fasta	DRY
02b_Filter/CRR891457/CRR891457.virus.candidate_cdd_filtered.fasta	/home/zhangwenda/goji-virome/01_data/data-test/RNA-Lycium_barbarum_out/02b_Filter/CRR891457/cdd/all_candidates_cdd_filter.fasta	cdd_filtered	cdd/all_candidates_cdd_filter.fasta	DRY
02b_Filter/CRR891457/CRR891457.virus.candidate_uniprot_filtered.fasta	/home/zhangwenda/goji-virome/01_data/data-test/RNA-Lycium_barbarum_out/02b_Filter/CRR891457/uniprot/all_candidates_uniprot.fasta	uniprot_filtered	uniprot/all_candidates_uniprot.fasta	DRY
02b_Filter/CRR891457/CRR891457.virus.candidate_filtered.fasta	/home/zhangwenda/goji-virome/01_data/data-test/RNA-Lycium_barbarum_out/02b_Filter/CRR891457/uniprot/all_candidates_uniprot.fasta	strict_from_uniprot	uniprot/all_candidates_uniprot.fasta	DRY
02b_Filter/CRR891458/CRR891458_virus.all.candidate.fasta	/home/zhangwenda/goji-virome/01_data/data-test/RNA-Lycium_barbarum_out/02a_Identification/CRR891458/CRR891458_virus.all.candidate.fasta	02a_all_candidate	../../02a_Identification/CRR891458/CRR891458_virus.all.candidate.fasta	DRY
02b_Filter/CRR891458/CRR891458.virus.candidate_cdd_filtered.fasta	/home/zhangwenda/goji-virome/01_data/data-test/RNA-Lycium_barbarum_out/02b_Filter/CRR891458/cdd/all_candidates_cdd_filter.fasta	cdd_filtered	cdd/all_candidates_cdd_filter.fasta	DRY
02b_Filter/CRR891458/CRR891458.virus.candidate_uniprot_filtered.fasta	/home/zhangwenda/goji-virome/01_data/data-test/RNA-Lycium_barbarum_out/02b_Filter/CRR891458/uniprot/all_candidates_uniprot.fasta	uniprot_filtered	uniprot/all_candidates_uniprot.fasta	DRY
02b_Filter/CRR891458/CRR891458.virus.candidate_filtered.fasta	/home/zhangwenda/goji-virome/01_data/data-test/RNA-Lycium_barbarum_out/02b_Filter/CRR891458/uniprot/all_candidates_uniprot.fasta	strict_from_uniprot	uniprot/all_candidates_uniprot.fasta	DRY
02b_Filter/ERR2040629/ERR2040629_virus.all.candidate.fasta	/home/zhangwenda/goji-virome/01_data/data-test/RNA-Lycium_barbarum_out/02a_Identification/ERR2040629/ERR2040629_virus.all.candidate.fasta	02a_all_candidate	../../02a_Identification/ERR2040629/ERR2040629_virus.all.candidate.fasta	DRY
02b_Filter/ERR2040629/ERR2040629.virus.candidate_cdd_filtered.fasta	/home/zhangwenda/goji-virome/01_data/data-test/RNA-Lycium_barbarum_out/02b_Filter/ERR2040629/cdd/all_candidates_cdd_filter.fasta	cdd_filtered	cdd/all_candidates_cdd_filter.fasta	DRY
02b_Filter/ERR2040629/ERR2040629.virus.candidate_uniprot_filtered.fasta	/home/zhangwenda/goji-virome/01_data/data-test/RNA-Lycium_barbarum_out/02b_Filter/ERR2040629/uniprot/all_candidates_uniprot.fasta	uniprot_filtered	uniprot/all_candidates_uniprot.fasta	DRY
02b_Filter/ERR2040629/ERR2040629.virus.candidate_filtered.fasta	/home/zhangwenda/goji-virome/01_data/data-test/RNA-Lycium_barbarum_out/02b_Filter/ERR2040629/uniprot/all_candidates_uniprot.fasta	strict_from_uniprot	uniprot/all_candidates_uniprot.fasta	DRY
02b_Filter/SRR11912455/SRR11912455_virus.all.candidate.fasta	/home/zhangwenda/goji-virome/01_data/data-test/RNA-Lycium_barbarum_out/02a_Identification/SRR11912455/SRR11912455_virus.all.candidate.fasta	02a_all_candidate	../../02a_Identification/SRR11912455/SRR11912455_virus.all.candidate.fasta	DRY
02b_Filter/SRR11912455/SRR11912455.virus.candidate_cdd_filtered.fasta	/home/zhangwenda/goji-virome/01_data/data-test/RNA-Lycium_barbarum_out/02b_Filter/SRR11912455/cdd/all_candidates_cdd_filter.fasta	cdd_filtered	cdd/all_candidates_cdd_filter.fasta	DRY
02b_Filter/SRR11912455/SRR11912455.virus.candidate_uniprot_filtered.fasta	/home/zhangwenda/goji-virome/01_data/data-test/RNA-Lycium_barbarum_out/02b_Filter/SRR11912455/uniprot/all_candidates_uniprot.fasta	uniprot_filtered	uniprot/all_candidates_uniprot.fasta	DRY
02b_Filter/SRR11912455/SRR11912455.virus.candidate_filtered.fasta	/home/zhangwenda/goji-virome/01_data/data-test/RNA-Lycium_barbarum_out/02b_Filter/SRR11912455/uniprot/all_candidates_uniprot.fasta	strict_from_uniprot	uniprot/all_candidates_uniprot.fasta	DRY
02b_Filter/SRR15037477/SRR15037477_virus.all.candidate.fasta	/home/zhangwenda/goji-virome/01_data/data-test/RNA-Lycium_barbarum_out/02a_Identification/SRR15037477/SRR15037477_virus.all.candidate.fasta	02a_all_candidate	../../02a_Identification/SRR15037477/SRR15037477_virus.all.candidate.fasta	DRY
02b_Filter/SRR15037477/SRR15037477.virus.candidate_cdd_filtered.fasta	/home/zhangwenda/goji-virome/01_data/data-test/RNA-Lycium_barbarum_out/02b_Filter/SRR15037477/cdd/all_candidates_cdd_filter.fasta	cdd_filtered	cdd/all_candidates_cdd_filter.fasta	DRY
02b_Filter/SRR15037477/SRR15037477.virus.candidate_uniprot_filtered.fasta	/home/zhangwenda/goji-virome/01_data/data-test/RNA-Lycium_barbarum_out/02b_Filter/SRR15037477/uniprot/all_candidates_uniprot.fasta	uniprot_filtered	uniprot/all_candidates_uniprot.fasta	DRY
02b_Filter/SRR15037477/SRR15037477.virus.candidate_filtered.fasta	/home/zhangwenda/goji-virome/01_data/data-test/RNA-Lycium_barbarum_out/02b_Filter/SRR15037477/uniprot/all_candidates_uniprot.fasta	strict_from_uniprot	uniprot/all_candidates_uniprot.fasta	DRY
02b_Filter/SRR15037478/SRR15037478_virus.all.candidate.fasta	/home/zhangwenda/goji-virome/01_data/data-test/RNA-Lycium_barbarum_out/02a_Identification/SRR15037478/SRR15037478_virus.all.candidate.fasta	02a_all_candidate	../../02a_Identification/SRR15037478/SRR15037478_virus.all.candidate.fasta	DRY
02b_Filter/SRR15037478/SRR15037478.virus.candidate_cdd_filtered.fasta	/home/zhangwenda/goji-virome/01_data/data-test/RNA-Lycium_barbarum_out/02b_Filter/SRR15037478/cdd/all_candidates_cdd_filter.fasta	cdd_filtered	cdd/all_candidates_cdd_filter.fasta	DRY
02b_Filter/SRR15037478/SRR15037478.virus.candidate_uniprot_filtered.fasta	/home/zhangwenda/goji-virome/01_data/data-test/RNA-Lycium_barbarum_out/02b_Filter/SRR15037478/uniprot/all_candidates_uniprot.fasta	uniprot_filtered	uniprot/all_candidates_uniprot.fasta	DRY
02b_Filter/SRR15037478/SRR15037478.virus.candidate_filtered.fasta	/home/zhangwenda/goji-virome/01_data/data-test/RNA-Lycium_barbarum_out/02b_Filter/SRR15037478/uniprot/all_candidates_uniprot.fasta	strict_from_uniprot	uniprot/all_candidates_uniprot.fasta	DRY
02b_Filter/SRR15037479/SRR15037479_virus.all.candidate.fasta	/home/zhangwenda/goji-virome/01_data/data-test/RNA-Lycium_barbarum_out/02a_Identification/SRR15037479/SRR15037479_virus.all.candidate.fasta	02a_all_candidate	../../02a_Identification/SRR15037479/SRR15037479_virus.all.candidate.fasta	DRY
02b_Filter/SRR15037479/SRR15037479.virus.candidate_cdd_filtered.fasta	/home/zhangwenda/goji-virome/01_data/data-test/RNA-Lycium_barbarum_out/02b_Filter/SRR15037479/cdd/all_candidates_cdd_filter.fasta	cdd_filtered	cdd/all_candidates_cdd_filter.fasta	DRY
02b_Filter/SRR15037479/SRR15037479.virus.candidate_uniprot_filtered.fasta	/home/zhangwenda/goji-virome/01_data/data-test/RNA-Lycium_barbarum_out/02b_Filter/SRR15037479/uniprot/all_candidates_uniprot.fasta	uniprot_filtered	uniprot/all_candidates_uniprot.fasta	DRY
02b_Filter/SRR15037479/SRR15037479.virus.candidate_filtered.fasta	/home/zhangwenda/goji-virome/01_data/data-test/RNA-Lycium_barbarum_out/02b_Filter/SRR15037479/uniprot/all_candidates_uniprot.fasta	strict_from_uniprot	uniprot/all_candidates_uniprot.fasta	DRY
02b_Filter/SRR15037480/SRR15037480_virus.all.candidate.fasta	/home/zhangwenda/goji-virome/01_data/data-test/RNA-Lycium_barbarum_out/02a_Identification/SRR15037480/SRR15037480_virus.all.candidate.fasta	02a_all_candidate	../../02a_Identification/SRR15037480/SRR15037480_virus.all.candidate.fasta	DRY
02b_Filter/SRR15037480/SRR15037480.virus.candidate_cdd_filtered.fasta	/home/zhangwenda/goji-virome/01_data/data-test/RNA-Lycium_barbarum_out/02b_Filter/SRR15037480/cdd/all_candidates_cdd_filter.fasta	cdd_filtered	cdd/all_candidates_cdd_filter.fasta	DRY
02b_Filter/SRR15037480/SRR15037480.virus.candidate_uniprot_filtered.fasta	/home/zhangwenda/goji-virome/01_data/data-test/RNA-Lycium_barbarum_out/02b_Filter/SRR15037480/uniprot/all_candidates_uniprot.fasta	uniprot_filtered	uniprot/all_candidates_uniprot.fasta	DRY
02b_Filter/SRR15037480/SRR15037480.virus.candidate_filtered.fasta	/home/zhangwenda/goji-virome/01_data/data-test/RNA-Lycium_barbarum_out/02b_Filter/SRR15037480/uniprot/all_candidates_uniprot.fasta	strict_from_uniprot	uniprot/all_candidates_uniprot.fasta	DRY
02b_Filter/SRR15037481/SRR15037481_virus.all.candidate.fasta	/home/zhangwenda/goji-virome/01_data/data-test/RNA-Lycium_barbarum_out/02a_Identification/SRR15037481/SRR15037481_virus.all.candidate.fasta	02a_all_candidate	../../02a_Identification/SRR15037481/SRR15037481_virus.all.candidate.fasta	DRY
02b_Filter/SRR15037481/SRR15037481.virus.candidate_cdd_filtered.fasta	/home/zhangwenda/goji-virome/01_data/data-test/RNA-Lycium_barbarum_out/02b_Filter/SRR15037481/cdd/all_candidates_cdd_filter.fasta	cdd_filtered	cdd/all_candidates_cdd_filter.fasta	DRY
02b_Filter/SRR15037481/SRR15037481.virus.candidate_uniprot_filtered.fasta	/home/zhangwenda/goji-virome/01_data/data-test/RNA-Lycium_barbarum_out/02b_Filter/SRR15037481/uniprot/all_candidates_uniprot.fasta	uniprot_filtered	uniprot/all_candidates_uniprot.fasta	DRY
02b_Filter/SRR15037481/SRR15037481.virus.candidate_filtered.fasta	/home/zhangwenda/goji-virome/01_data/data-test/RNA-Lycium_barbarum_out/02b_Filter/SRR15037481/uniprot/all_candidates_uniprot.fasta	strict_from_uniprot	uniprot/all_candidates_uniprot.fasta	DRY
02b_Filter/SRR15037482/SRR15037482_virus.all.candidate.fasta	/home/zhangwenda/goji-virome/01_data/data-test/RNA-Lycium_barbarum_out/02a_Identification/SRR15037482/SRR15037482_virus.all.candidate.fasta	02a_all_candidate	../../02a_Identification/SRR15037482/SRR15037482_virus.all.candidate.fasta	DRY
02b_Filter/SRR15037482/SRR15037482.virus.candidate_cdd_filtered.fasta	/home/zhangwenda/goji-virome/01_data/data-test/RNA-Lycium_barbarum_out/02b_Filter/SRR15037482/cdd/all_candidates_cdd_filter.fasta	cdd_filtered	cdd/all_candidates_cdd_filter.fasta	DRY
02b_Filter/SRR15037482/SRR15037482.virus.candidate_uniprot_filtered.fasta	/home/zhangwenda/goji-virome/01_data/data-test/RNA-Lycium_barbarum_out/02b_Filter/SRR15037482/uniprot/all_candidates_uniprot.fasta	uniprot_filtered	uniprot/all_candidates_uniprot.fasta	DRY
02b_Filter/SRR15037482/SRR15037482.virus.candidate_filtered.fasta	/home/zhangwenda/goji-virome/01_data/data-test/RNA-Lycium_barbarum_out/02b_Filter/SRR15037482/uniprot/all_candidates_uniprot.fasta	strict_from_uniprot	uniprot/all_candidates_uniprot.fasta	DRY
02b_Filter/SRR15037483/SRR15037483_virus.all.candidate.fasta	/home/zhangwenda/goji-virome/01_data/data-test/RNA-Lycium_barbarum_out/02a_Identification/SRR15037483/SRR15037483_virus.all.candidate.fasta	02a_all_candidate	../../02a_Identification/SRR15037483/SRR15037483_virus.all.candidate.fasta	DRY
02b_Filter/SRR15037483/SRR15037483.virus.candidate_cdd_filtered.fasta	/home/zhangwenda/goji-virome/01_data/data-test/RNA-Lycium_barbarum_out/02b_Filter/SRR15037483/cdd/all_candidates_cdd_filter.fasta	cdd_filtered	cdd/all_candidates_cdd_filter.fasta	DRY
02b_Filter/SRR15037483/SRR15037483.virus.candidate_uniprot_filtered.fasta	/home/zhangwenda/goji-virome/01_data/data-test/RNA-Lycium_barbarum_out/02b_Filter/SRR15037483/uniprot/all_candidates_uniprot.fasta	uniprot_filtered	uniprot/all_candidates_uniprot.fasta	DRY
02b_Filter/SRR15037483/SRR15037483.virus.candidate_filtered.fasta	/home/zhangwenda/goji-virome/01_data/data-test/RNA-Lycium_barbarum_out/02b_Filter/SRR15037483/uniprot/all_candidates_uniprot.fasta	strict_from_uniprot	uniprot/all_candidates_uniprot.fasta	DRY
02b_Filter/SRR15037494/SRR15037494_virus.all.candidate.fasta	/home/zhangwenda/goji-virome/01_data/data-test/RNA-Lycium_barbarum_out/02a_Identification/SRR15037494/SRR15037494_virus.all.candidate.fasta	02a_all_candidate	../../02a_Identification/SRR15037494/SRR15037494_virus.all.candidate.fasta	DRY
02b_Filter/SRR15037494/SRR15037494.virus.candidate_cdd_filtered.fasta	/home/zhangwenda/goji-virome/01_data/data-test/RNA-Lycium_barbarum_out/02b_Filter/SRR15037494/cdd/all_candidates_cdd_filter.fasta	cdd_filtered	cdd/all_candidates_cdd_filter.fasta	DRY
02b_Filter/SRR15037494/SRR15037494.virus.candidate_uniprot_filtered.fasta	/home/zhangwenda/goji-virome/01_data/data-test/RNA-Lycium_barbarum_out/02b_Filter/SRR15037494/uniprot/all_candidates_uniprot.fasta	uniprot_filtered	uniprot/all_candidates_uniprot.fasta	DRY
02b_Filter/SRR15037494/SRR15037494.virus.candidate_filtered.fasta	/home/zhangwenda/goji-virome/01_data/data-test/RNA-Lycium_barbarum_out/02b_Filter/SRR15037494/uniprot/all_candidates_uniprot.fasta	strict_from_uniprot	uniprot/all_candidates_uniprot.fasta	DRY
02b_Filter/SRR15037500/SRR15037500_virus.all.candidate.fasta	/home/zhangwenda/goji-virome/01_data/data-test/RNA-Lycium_barbarum_out/02a_Identification/SRR15037500/SRR15037500_virus.all.candidate.fasta	02a_all_candidate	../../02a_Identification/SRR15037500/SRR15037500_virus.all.candidate.fasta	DRY
02b_Filter/SRR15037500/SRR15037500.virus.candidate_cdd_filtered.fasta	/home/zhangwenda/goji-virome/01_data/data-test/RNA-Lycium_barbarum_out/02b_Filter/SRR15037500/cdd/all_candidates_cdd_filter.fasta	cdd_filtered	cdd/all_candidates_cdd_filter.fasta	DRY
02b_Filter/SRR15037500/SRR15037500.virus.candidate_uniprot_filtered.fasta	/home/zhangwenda/goji-virome/01_data/data-test/RNA-Lycium_barbarum_out/02b_Filter/SRR15037500/uniprot/all_candidates_uniprot.fasta	uniprot_filtered	uniprot/all_candidates_uniprot.fasta	DRY
02b_Filter/SRR15037500/SRR15037500.virus.candidate_filtered.fasta	/home/zhangwenda/goji-virome/01_data/data-test/RNA-Lycium_barbarum_out/02b_Filter/SRR15037500/uniprot/all_candidates_uniprot.fasta	strict_from_uniprot	uniprot/all_candidates_uniprot.fasta	DRY
02b_Filter/SRR15037501/SRR15037501_virus.all.candidate.fasta	/home/zhangwenda/goji-virome/01_data/data-test/RNA-Lycium_barbarum_out/02a_Identification/SRR15037501/SRR15037501_virus.all.candidate.fasta	02a_all_candidate	../../02a_Identification/SRR15037501/SRR15037501_virus.all.candidate.fasta	DRY
02b_Filter/SRR15037501/SRR15037501.virus.candidate_cdd_filtered.fasta	/home/zhangwenda/goji-virome/01_data/data-test/RNA-Lycium_barbarum_out/02b_Filter/SRR15037501/cdd/all_candidates_cdd_filter.fasta	cdd_filtered	cdd/all_candidates_cdd_filter.fasta	DRY
02b_Filter/SRR15037501/SRR15037501.virus.candidate_uniprot_filtered.fasta	/home/zhangwenda/goji-virome/01_data/data-test/RNA-Lycium_barbarum_out/02b_Filter/SRR15037501/uniprot/all_candidates_uniprot.fasta	uniprot_filtered	uniprot/all_candidates_uniprot.fasta	DRY
02b_Filter/SRR15037501/SRR15037501.virus.candidate_filtered.fasta	/home/zhangwenda/goji-virome/01_data/data-test/RNA-Lycium_barbarum_out/02b_Filter/SRR15037501/uniprot/all_candidates_uniprot.fasta	strict_from_uniprot	uniprot/all_candidates_uniprot.fasta	DRY
02b_Filter/SRR15037502/SRR15037502_virus.all.candidate.fasta	/home/zhangwenda/goji-virome/01_data/data-test/RNA-Lycium_barbarum_out/02a_Identification/SRR15037502/SRR15037502_virus.all.candidate.fasta	02a_all_candidate	../../02a_Identification/SRR15037502/SRR15037502_virus.all.candidate.fasta	DRY
02b_Filter/SRR15037502/SRR15037502.virus.candidate_cdd_filtered.fasta	/home/zhangwenda/goji-virome/01_data/data-test/RNA-Lycium_barbarum_out/02b_Filter/SRR15037502/cdd/all_candidates_cdd_filter.fasta	cdd_filtered	cdd/all_candidates_cdd_filter.fasta	DRY
02b_Filter/SRR15037502/SRR15037502.virus.candidate_uniprot_filtered.fasta	/home/zhangwenda/goji-virome/01_data/data-test/RNA-Lycium_barbarum_out/02b_Filter/SRR15037502/uniprot/all_candidates_uniprot.fasta	uniprot_filtered	uniprot/all_candidates_uniprot.fasta	DRY
02b_Filter/SRR15037502/SRR15037502.virus.candidate_filtered.fasta	/home/zhangwenda/goji-virome/01_data/data-test/RNA-Lycium_barbarum_out/02b_Filter/SRR15037502/uniprot/all_candidates_uniprot.fasta	strict_from_uniprot	uniprot/all_candidates_uniprot.fasta	DRY
02b_Filter/SRR15037503/SRR15037503_virus.all.candidate.fasta	/home/zhangwenda/goji-virome/01_data/data-test/RNA-Lycium_barbarum_out/02a_Identification/SRR15037503/SRR15037503_virus.all.candidate.fasta	02a_all_candidate	../../02a_Identification/SRR15037503/SRR15037503_virus.all.candidate.fasta	DRY
02b_Filter/SRR15037503/SRR15037503.virus.candidate_cdd_filtered.fasta	/home/zhangwenda/goji-virome/01_data/data-test/RNA-Lycium_barbarum_out/02b_Filter/SRR15037503/cdd/all_candidates_cdd_filter.fasta	cdd_filtered	cdd/all_candidates_cdd_filter.fasta	DRY
02b_Filter/SRR15037503/SRR15037503.virus.candidate_uniprot_filtered.fasta	/home/zhangwenda/goji-virome/01_data/data-test/RNA-Lycium_barbarum_out/02b_Filter/SRR15037503/uniprot/all_candidates_uniprot.fasta	uniprot_filtered	uniprot/all_candidates_uniprot.fasta	DRY
02b_Filter/SRR15037503/SRR15037503.virus.candidate_filtered.fasta	/home/zhangwenda/goji-virome/01_data/data-test/RNA-Lycium_barbarum_out/02b_Filter/SRR15037503/uniprot/all_candidates_uniprot.fasta	strict_from_uniprot	uniprot/all_candidates_uniprot.fasta	DRY
02b_Filter/SRR15037504/SRR15037504_virus.all.candidate.fasta	/home/zhangwenda/goji-virome/01_data/data-test/RNA-Lycium_barbarum_out/02a_Identification/SRR15037504/SRR15037504_virus.all.candidate.fasta	02a_all_candidate	../../02a_Identification/SRR15037504/SRR15037504_virus.all.candidate.fasta	DRY
02b_Filter/SRR15037504/SRR15037504.virus.candidate_cdd_filtered.fasta	/home/zhangwenda/goji-virome/01_data/data-test/RNA-Lycium_barbarum_out/02b_Filter/SRR15037504/cdd/all_candidates_cdd_filter.fasta	cdd_filtered	cdd/all_candidates_cdd_filter.fasta	DRY
02b_Filter/SRR15037504/SRR15037504.virus.candidate_uniprot_filtered.fasta	/home/zhangwenda/goji-virome/01_data/data-test/RNA-Lycium_barbarum_out/02b_Filter/SRR15037504/uniprot/all_candidates_uniprot.fasta	uniprot_filtered	uniprot/all_candidates_uniprot.fasta	DRY
02b_Filter/SRR15037504/SRR15037504.virus.candidate_filtered.fasta	/home/zhangwenda/goji-virome/01_data/data-test/RNA-Lycium_barbarum_out/02b_Filter/SRR15037504/uniprot/all_candidates_uniprot.fasta	strict_from_uniprot	uniprot/all_candidates_uniprot.fasta	DRY
02b_Filter/SRR15037505/SRR15037505_virus.all.candidate.fasta	/home/zhangwenda/goji-virome/01_data/data-test/RNA-Lycium_barbarum_out/02a_Identification/SRR15037505/SRR15037505_virus.all.candidate.fasta	02a_all_candidate	../../02a_Identification/SRR15037505/SRR15037505_virus.all.candidate.fasta	DRY
02b_Filter/SRR15037505/SRR15037505.virus.candidate_cdd_filtered.fasta	/home/zhangwenda/goji-virome/01_data/data-test/RNA-Lycium_barbarum_out/02b_Filter/SRR15037505/cdd/all_candidates_cdd_filter.fasta	cdd_filtered	cdd/all_candidates_cdd_filter.fasta	DRY
02b_Filter/SRR15037505/SRR15037505.virus.candidate_uniprot_filtered.fasta	/home/zhangwenda/goji-virome/01_data/data-test/RNA-Lycium_barbarum_out/02b_Filter/SRR15037505/uniprot/all_candidates_uniprot.fasta	uniprot_filtered	uniprot/all_candidates_uniprot.fasta	DRY
02b_Filter/SRR15037505/SRR15037505.virus.candidate_filtered.fasta	/home/zhangwenda/goji-virome/01_data/data-test/RNA-Lycium_barbarum_out/02b_Filter/SRR15037505/uniprot/all_candidates_uniprot.fasta	strict_from_uniprot	uniprot/all_candidates_uniprot.fasta	DRY
02b_Filter/SRR15037506/SRR15037506_virus.all.candidate.fasta	/home/zhangwenda/goji-virome/01_data/data-test/RNA-Lycium_barbarum_out/02a_Identification/SRR15037506/SRR15037506_virus.all.candidate.fasta	02a_all_candidate	../../02a_Identification/SRR15037506/SRR15037506_virus.all.candidate.fasta	DRY
02b_Filter/SRR15037506/SRR15037506.virus.candidate_cdd_filtered.fasta	/home/zhangwenda/goji-virome/01_data/data-test/RNA-Lycium_barbarum_out/02b_Filter/SRR15037506/cdd/all_candidates_cdd_filter.fasta	cdd_filtered	cdd/all_candidates_cdd_filter.fasta	DRY
02b_Filter/SRR15037506/SRR15037506.virus.candidate_uniprot_filtered.fasta	/home/zhangwenda/goji-virome/01_data/data-test/RNA-Lycium_barbarum_out/02b_Filter/SRR15037506/uniprot/all_candidates_uniprot.fasta	uniprot_filtered	uniprot/all_candidates_uniprot.fasta	DRY
02b_Filter/SRR15037506/SRR15037506.virus.candidate_filtered.fasta	/home/zhangwenda/goji-virome/01_data/data-test/RNA-Lycium_barbarum_out/02b_Filter/SRR15037506/uniprot/all_candidates_uniprot.fasta	strict_from_uniprot	uniprot/all_candidates_uniprot.fasta	DRY
02b_Filter/SRR17208219/SRR17208219_virus.all.candidate.fasta	/home/zhangwenda/goji-virome/01_data/data-test/RNA-Lycium_barbarum_out/02a_Identification/SRR17208219/SRR17208219_virus.all.candidate.fasta	02a_all_candidate	../../02a_Identification/SRR17208219/SRR17208219_virus.all.candidate.fasta	DRY
02b_Filter/SRR17208219/SRR17208219.virus.candidate_cdd_filtered.fasta	/home/zhangwenda/goji-virome/01_data/data-test/RNA-Lycium_barbarum_out/02b_Filter/SRR17208219/cdd/all_candidates_cdd_filter.fasta	cdd_filtered	cdd/all_candidates_cdd_filter.fasta	DRY
02b_Filter/SRR17208219/SRR17208219.virus.candidate_uniprot_filtered.fasta	/home/zhangwenda/goji-virome/01_data/data-test/RNA-Lycium_barbarum_out/02b_Filter/SRR17208219/uniprot/all_candidates_uniprot.fasta	uniprot_filtered	uniprot/all_candidates_uniprot.fasta	DRY
02b_Filter/SRR17208219/SRR17208219.virus.candidate_filtered.fasta	/home/zhangwenda/goji-virome/01_data/data-test/RNA-Lycium_barbarum_out/02b_Filter/SRR17208219/uniprot/all_candidates_uniprot.fasta	strict_from_uniprot	uniprot/all_candidates_uniprot.fasta	DRY
02b_Filter/SRR17208220/SRR17208220_virus.all.candidate.fasta	/home/zhangwenda/goji-virome/01_data/data-test/RNA-Lycium_barbarum_out/02a_Identification/SRR17208220/SRR17208220_virus.all.candidate.fasta	02a_all_candidate	../../02a_Identification/SRR17208220/SRR17208220_virus.all.candidate.fasta	DRY
02b_Filter/SRR17208220/SRR17208220.virus.candidate_cdd_filtered.fasta	/home/zhangwenda/goji-virome/01_data/data-test/RNA-Lycium_barbarum_out/02b_Filter/SRR17208220/cdd/all_candidates_cdd_filter.fasta	cdd_filtered	cdd/all_candidates_cdd_filter.fasta	DRY
02b_Filter/SRR17208220/SRR17208220.virus.candidate_uniprot_filtered.fasta	/home/zhangwenda/goji-virome/01_data/data-test/RNA-Lycium_barbarum_out/02b_Filter/SRR17208220/uniprot/all_candidates_uniprot.fasta	uniprot_filtered	uniprot/all_candidates_uniprot.fasta	DRY
02b_Filter/SRR17208220/SRR17208220.virus.candidate_filtered.fasta	/home/zhangwenda/goji-virome/01_data/data-test/RNA-Lycium_barbarum_out/02b_Filter/SRR17208220/uniprot/all_candidates_uniprot.fasta	strict_from_uniprot	uniprot/all_candidates_uniprot.fasta	DRY
02b_Filter/SRR17208221/SRR17208221_virus.all.candidate.fasta	/home/zhangwenda/goji-virome/01_data/data-test/RNA-Lycium_barbarum_out/02a_Identification/SRR17208221/SRR17208221_virus.all.candidate.fasta	02a_all_candidate	../../02a_Identification/SRR17208221/SRR17208221_virus.all.candidate.fasta	DRY
02b_Filter/SRR17208221/SRR17208221.virus.candidate_cdd_filtered.fasta	/home/zhangwenda/goji-virome/01_data/data-test/RNA-Lycium_barbarum_out/02b_Filter/SRR17208221/cdd/all_candidates_cdd_filter.fasta	cdd_filtered	cdd/all_candidates_cdd_filter.fasta	DRY
02b_Filter/SRR17208221/SRR17208221.virus.candidate_uniprot_filtered.fasta	/home/zhangwenda/goji-virome/01_data/data-test/RNA-Lycium_barbarum_out/02b_Filter/SRR17208221/uniprot/all_candidates_uniprot.fasta	uniprot_filtered	uniprot/all_candidates_uniprot.fasta	DRY
02b_Filter/SRR17208221/SRR17208221.virus.candidate_filtered.fasta	/home/zhangwenda/goji-virome/01_data/data-test/RNA-Lycium_barbarum_out/02b_Filter/SRR17208221/uniprot/all_candidates_uniprot.fasta	strict_from_uniprot	uniprot/all_candidates_uniprot.fasta	DRY
02b_Filter/SRR17208222/SRR17208222_virus.all.candidate.fasta	/home/zhangwenda/goji-virome/01_data/data-test/RNA-Lycium_barbarum_out/02a_Identification/SRR17208222/SRR17208222_virus.all.candidate.fasta	02a_all_candidate	../../02a_Identification/SRR17208222/SRR17208222_virus.all.candidate.fasta	DRY
02b_Filter/SRR17208222/SRR17208222.virus.candidate_cdd_filtered.fasta	/home/zhangwenda/goji-virome/01_data/data-test/RNA-Lycium_barbarum_out/02b_Filter/SRR17208222/cdd/all_candidates_cdd_filter.fasta	cdd_filtered	cdd/all_candidates_cdd_filter.fasta	DRY
02b_Filter/SRR17208222/SRR17208222.virus.candidate_uniprot_filtered.fasta	/home/zhangwenda/goji-virome/01_data/data-test/RNA-Lycium_barbarum_out/02b_Filter/SRR17208222/uniprot/all_candidates_uniprot.fasta	uniprot_filtered	uniprot/all_candidates_uniprot.fasta	DRY
02b_Filter/SRR17208222/SRR17208222.virus.candidate_filtered.fasta	/home/zhangwenda/goji-virome/01_data/data-test/RNA-Lycium_barbarum_out/02b_Filter/SRR17208222/uniprot/all_candidates_uniprot.fasta	strict_from_uniprot	uniprot/all_candidates_uniprot.fasta	DRY
02b_Filter/SRR17208223/SRR17208223_virus.all.candidate.fasta	/home/zhangwenda/goji-virome/01_data/data-test/RNA-Lycium_barbarum_out/02a_Identification/SRR17208223/SRR17208223_virus.all.candidate.fasta	02a_all_candidate	../../02a_Identification/SRR17208223/SRR17208223_virus.all.candidate.fasta	DRY
02b_Filter/SRR17208223/SRR17208223.virus.candidate_cdd_filtered.fasta	/home/zhangwenda/goji-virome/01_data/data-test/RNA-Lycium_barbarum_out/02b_Filter/SRR17208223/cdd/all_candidates_cdd_filter.fasta	cdd_filtered	cdd/all_candidates_cdd_filter.fasta	DRY
02b_Filter/SRR17208223/SRR17208223.virus.candidate_uniprot_filtered.fasta	/home/zhangwenda/goji-virome/01_data/data-test/RNA-Lycium_barbarum_out/02b_Filter/SRR17208223/uniprot/all_candidates_uniprot.fasta	uniprot_filtered	uniprot/all_candidates_uniprot.fasta	DRY
02b_Filter/SRR17208223/SRR17208223.virus.candidate_filtered.fasta	/home/zhangwenda/goji-virome/01_data/data-test/RNA-Lycium_barbarum_out/02b_Filter/SRR17208223/uniprot/all_candidates_uniprot.fasta	strict_from_uniprot	uniprot/all_candidates_uniprot.fasta	DRY
02b_Filter/SRR17208224/SRR17208224_virus.all.candidate.fasta	/home/zhangwenda/goji-virome/01_data/data-test/RNA-Lycium_barbarum_out/02a_Identification/SRR17208224/SRR17208224_virus.all.candidate.fasta	02a_all_candidate	../../02a_Identification/SRR17208224/SRR17208224_virus.all.candidate.fasta	DRY
02b_Filter/SRR17208224/SRR17208224.virus.candidate_cdd_filtered.fasta	/home/zhangwenda/goji-virome/01_data/data-test/RNA-Lycium_barbarum_out/02b_Filter/SRR17208224/cdd/all_candidates_cdd_filter.fasta	cdd_filtered	cdd/all_candidates_cdd_filter.fasta	DRY
02b_Filter/SRR17208224/SRR17208224.virus.candidate_uniprot_filtered.fasta	/home/zhangwenda/goji-virome/01_data/data-test/RNA-Lycium_barbarum_out/02b_Filter/SRR17208224/uniprot/all_candidates_uniprot.fasta	uniprot_filtered	uniprot/all_candidates_uniprot.fasta	DRY
02b_Filter/SRR17208224/SRR17208224.virus.candidate_filtered.fasta	/home/zhangwenda/goji-virome/01_data/data-test/RNA-Lycium_barbarum_out/02b_Filter/SRR17208224/uniprot/all_candidates_uniprot.fasta	strict_from_uniprot	uniprot/all_candidates_uniprot.fasta	DRY
02b_Filter/SRR17208225/SRR17208225_virus.all.candidate.fasta	/home/zhangwenda/goji-virome/01_data/data-test/RNA-Lycium_barbarum_out/02a_Identification/SRR17208225/SRR17208225_virus.all.candidate.fasta	02a_all_candidate	../../02a_Identification/SRR17208225/SRR17208225_virus.all.candidate.fasta	DRY
02b_Filter/SRR17208225/SRR17208225.virus.candidate_cdd_filtered.fasta	/home/zhangwenda/goji-virome/01_data/data-test/RNA-Lycium_barbarum_out/02b_Filter/SRR17208225/cdd/all_candidates_cdd_filter.fasta	cdd_filtered	cdd/all_candidates_cdd_filter.fasta	DRY
02b_Filter/SRR17208225/SRR17208225.virus.candidate_uniprot_filtered.fasta	/home/zhangwenda/goji-virome/01_data/data-test/RNA-Lycium_barbarum_out/02b_Filter/SRR17208225/uniprot/all_candidates_uniprot.fasta	uniprot_filtered	uniprot/all_candidates_uniprot.fasta	DRY
02b_Filter/SRR17208225/SRR17208225.virus.candidate_filtered.fasta	/home/zhangwenda/goji-virome/01_data/data-test/RNA-Lycium_barbarum_out/02b_Filter/SRR17208225/uniprot/all_candidates_uniprot.fasta	strict_from_uniprot	uniprot/all_candidates_uniprot.fasta	DRY
02b_Filter/SRR17208226/SRR17208226_virus.all.candidate.fasta	/home/zhangwenda/goji-virome/01_data/data-test/RNA-Lycium_barbarum_out/02a_Identification/SRR17208226/SRR17208226_virus.all.candidate.fasta	02a_all_candidate	../../02a_Identification/SRR17208226/SRR17208226_virus.all.candidate.fasta	DRY
02b_Filter/SRR17208226/SRR17208226.virus.candidate_cdd_filtered.fasta	/home/zhangwenda/goji-virome/01_data/data-test/RNA-Lycium_barbarum_out/02b_Filter/SRR17208226/cdd/all_candidates_cdd_filter.fasta	cdd_filtered	cdd/all_candidates_cdd_filter.fasta	DRY
02b_Filter/SRR17208226/SRR17208226.virus.candidate_uniprot_filtered.fasta	/home/zhangwenda/goji-virome/01_data/data-test/RNA-Lycium_barbarum_out/02b_Filter/SRR17208226/uniprot/all_candidates_uniprot.fasta	uniprot_filtered	uniprot/all_candidates_uniprot.fasta	DRY
02b_Filter/SRR17208226/SRR17208226.virus.candidate_filtered.fasta	/home/zhangwenda/goji-virome/01_data/data-test/RNA-Lycium_barbarum_out/02b_Filter/SRR17208226/uniprot/all_candidates_uniprot.fasta	strict_from_uniprot	uniprot/all_candidates_uniprot.fasta	DRY
02b_Filter/SRR17208227/SRR17208227_virus.all.candidate.fasta	/home/zhangwenda/goji-virome/01_data/data-test/RNA-Lycium_barbarum_out/02a_Identification/SRR17208227/SRR17208227_virus.all.candidate.fasta	02a_all_candidate	../../02a_Identification/SRR17208227/SRR17208227_virus.all.candidate.fasta	DRY
02b_Filter/SRR17208227/SRR17208227.virus.candidate_cdd_filtered.fasta	/home/zhangwenda/goji-virome/01_data/data-test/RNA-Lycium_barbarum_out/02b_Filter/SRR17208227/cdd/all_candidates_cdd_filter.fasta	cdd_filtered	cdd/all_candidates_cdd_filter.fasta	DRY
02b_Filter/SRR17208227/SRR17208227.virus.candidate_uniprot_filtered.fasta	/home/zhangwenda/goji-virome/01_data/data-test/RNA-Lycium_barbarum_out/02b_Filter/SRR17208227/uniprot/all_candidates_uniprot.fasta	uniprot_filtered	uniprot/all_candidates_uniprot.fasta	DRY
02b_Filter/SRR17208227/SRR17208227.virus.candidate_filtered.fasta	/home/zhangwenda/goji-virome/01_data/data-test/RNA-Lycium_barbarum_out/02b_Filter/SRR17208227/uniprot/all_candidates_uniprot.fasta	strict_from_uniprot	uniprot/all_candidates_uniprot.fasta	DRY
02b_Filter/SRR17208228/SRR17208228_virus.all.candidate.fasta	/home/zhangwenda/goji-virome/01_data/data-test/RNA-Lycium_barbarum_out/02a_Identification/SRR17208228/SRR17208228_virus.all.candidate.fasta	02a_all_candidate	../../02a_Identification/SRR17208228/SRR17208228_virus.all.candidate.fasta	DRY
02b_Filter/SRR17208228/SRR17208228.virus.candidate_cdd_filtered.fasta	/home/zhangwenda/goji-virome/01_data/data-test/RNA-Lycium_barbarum_out/02b_Filter/SRR17208228/cdd/all_candidates_cdd_filter.fasta	cdd_filtered	cdd/all_candidates_cdd_filter.fasta	DRY
02b_Filter/SRR17208228/SRR17208228.virus.candidate_uniprot_filtered.fasta	/home/zhangwenda/goji-virome/01_data/data-test/RNA-Lycium_barbarum_out/02b_Filter/SRR17208228/uniprot/all_candidates_uniprot.fasta	uniprot_filtered	uniprot/all_candidates_uniprot.fasta	DRY
02b_Filter/SRR17208228/SRR17208228.virus.candidate_filtered.fasta	/home/zhangwenda/goji-virome/01_data/data-test/RNA-Lycium_barbarum_out/02b_Filter/SRR17208228/uniprot/all_candidates_uniprot.fasta	strict_from_uniprot	uniprot/all_candidates_uniprot.fasta	DRY
02b_Filter/SRR17208229/SRR17208229_virus.all.candidate.fasta	/home/zhangwenda/goji-virome/01_data/data-test/RNA-Lycium_barbarum_out/02a_Identification/SRR17208229/SRR17208229_virus.all.candidate.fasta	02a_all_candidate	../../02a_Identification/SRR17208229/SRR17208229_virus.all.candidate.fasta	DRY
02b_Filter/SRR17208229/SRR17208229.virus.candidate_cdd_filtered.fasta	/home/zhangwenda/goji-virome/01_data/data-test/RNA-Lycium_barbarum_out/02b_Filter/SRR17208229/cdd/all_candidates_cdd_filter.fasta	cdd_filtered	cdd/all_candidates_cdd_filter.fasta	DRY
02b_Filter/SRR17208229/SRR17208229.virus.candidate_uniprot_filtered.fasta	/home/zhangwenda/goji-virome/01_data/data-test/RNA-Lycium_barbarum_out/02b_Filter/SRR17208229/uniprot/all_candidates_uniprot.fasta	uniprot_filtered	uniprot/all_candidates_uniprot.fasta	DRY
02b_Filter/SRR17208229/SRR17208229.virus.candidate_filtered.fasta	/home/zhangwenda/goji-virome/01_data/data-test/RNA-Lycium_barbarum_out/02b_Filter/SRR17208229/uniprot/all_candidates_uniprot.fasta	strict_from_uniprot	uniprot/all_candidates_uniprot.fasta	DRY
02b_Filter/SRR17208230/SRR17208230_virus.all.candidate.fasta	/home/zhangwenda/goji-virome/01_data/data-test/RNA-Lycium_barbarum_out/02a_Identification/SRR17208230/SRR17208230_virus.all.candidate.fasta	02a_all_candidate	../../02a_Identification/SRR17208230/SRR17208230_virus.all.candidate.fasta	DRY
02b_Filter/SRR17208230/SRR17208230.virus.candidate_cdd_filtered.fasta	/home/zhangwenda/goji-virome/01_data/data-test/RNA-Lycium_barbarum_out/02b_Filter/SRR17208230/cdd/all_candidates_cdd_filter.fasta	cdd_filtered	cdd/all_candidates_cdd_filter.fasta	DRY
02b_Filter/SRR17208230/SRR17208230.virus.candidate_uniprot_filtered.fasta	/home/zhangwenda/goji-virome/01_data/data-test/RNA-Lycium_barbarum_out/02b_Filter/SRR17208230/uniprot/all_candidates_uniprot.fasta	uniprot_filtered	uniprot/all_candidates_uniprot.fasta	DRY
02b_Filter/SRR17208230/SRR17208230.virus.candidate_filtered.fasta	/home/zhangwenda/goji-virome/01_data/data-test/RNA-Lycium_barbarum_out/02b_Filter/SRR17208230/uniprot/all_candidates_uniprot.fasta	strict_from_uniprot	uniprot/all_candidates_uniprot.fasta	DRY
02b_Filter/SRR17208231/SRR17208231_virus.all.candidate.fasta	/home/zhangwenda/goji-virome/01_data/data-test/RNA-Lycium_barbarum_out/02a_Identification/SRR17208231/SRR17208231_virus.all.candidate.fasta	02a_all_candidate	../../02a_Identification/SRR17208231/SRR17208231_virus.all.candidate.fasta	DRY
02b_Filter/SRR17208231/SRR17208231.virus.candidate_cdd_filtered.fasta	/home/zhangwenda/goji-virome/01_data/data-test/RNA-Lycium_barbarum_out/02b_Filter/SRR17208231/cdd/all_candidates_cdd_filter.fasta	cdd_filtered	cdd/all_candidates_cdd_filter.fasta	DRY
02b_Filter/SRR17208231/SRR17208231.virus.candidate_uniprot_filtered.fasta	/home/zhangwenda/goji-virome/01_data/data-test/RNA-Lycium_barbarum_out/02b_Filter/SRR17208231/uniprot/all_candidates_uniprot.fasta	uniprot_filtered	uniprot/all_candidates_uniprot.fasta	DRY
02b_Filter/SRR17208231/SRR17208231.virus.candidate_filtered.fasta	/home/zhangwenda/goji-virome/01_data/data-test/RNA-Lycium_barbarum_out/02b_Filter/SRR17208231/uniprot/all_candidates_uniprot.fasta	strict_from_uniprot	uniprot/all_candidates_uniprot.fasta	DRY
02b_Filter/SRR17208232/SRR17208232_virus.all.candidate.fasta	/home/zhangwenda/goji-virome/01_data/data-test/RNA-Lycium_barbarum_out/02a_Identification/SRR17208232/SRR17208232_virus.all.candidate.fasta	02a_all_candidate	../../02a_Identification/SRR17208232/SRR17208232_virus.all.candidate.fasta	DRY
02b_Filter/SRR17208232/SRR17208232.virus.candidate_cdd_filtered.fasta	/home/zhangwenda/goji-virome/01_data/data-test/RNA-Lycium_barbarum_out/02b_Filter/SRR17208232/cdd/all_candidates_cdd_filter.fasta	cdd_filtered	cdd/all_candidates_cdd_filter.fasta	DRY
02b_Filter/SRR17208232/SRR17208232.virus.candidate_uniprot_filtered.fasta	/home/zhangwenda/goji-virome/01_data/data-test/RNA-Lycium_barbarum_out/02b_Filter/SRR17208232/uniprot/all_candidates_uniprot.fasta	uniprot_filtered	uniprot/all_candidates_uniprot.fasta	DRY
02b_Filter/SRR17208232/SRR17208232.virus.candidate_filtered.fasta	/home/zhangwenda/goji-virome/01_data/data-test/RNA-Lycium_barbarum_out/02b_Filter/SRR17208232/uniprot/all_candidates_uniprot.fasta	strict_from_uniprot	uniprot/all_candidates_uniprot.fasta	DRY
02b_Filter/SRR17208233/SRR17208233_virus.all.candidate.fasta	/home/zhangwenda/goji-virome/01_data/data-test/RNA-Lycium_barbarum_out/02a_Identification/SRR17208233/SRR17208233_virus.all.candidate.fasta	02a_all_candidate	../../02a_Identification/SRR17208233/SRR17208233_virus.all.candidate.fasta	DRY
02b_Filter/SRR17208233/SRR17208233.virus.candidate_cdd_filtered.fasta	/home/zhangwenda/goji-virome/01_data/data-test/RNA-Lycium_barbarum_out/02b_Filter/SRR17208233/cdd/all_candidates_cdd_filter.fasta	cdd_filtered	cdd/all_candidates_cdd_filter.fasta	DRY
02b_Filter/SRR17208233/SRR17208233.virus.candidate_uniprot_filtered.fasta	/home/zhangwenda/goji-virome/01_data/data-test/RNA-Lycium_barbarum_out/02b_Filter/SRR17208233/uniprot/all_candidates_uniprot.fasta	uniprot_filtered	uniprot/all_candidates_uniprot.fasta	DRY
02b_Filter/SRR17208233/SRR17208233.virus.candidate_filtered.fasta	/home/zhangwenda/goji-virome/01_data/data-test/RNA-Lycium_barbarum_out/02b_Filter/SRR17208233/uniprot/all_candidates_uniprot.fasta	strict_from_uniprot	uniprot/all_candidates_uniprot.fasta	DRY
02b_Filter/SRR18059512/SRR18059512_virus.all.candidate.fasta	/home/zhangwenda/goji-virome/01_data/data-test/RNA-Lycium_barbarum_out/02a_Identification/SRR18059512/SRR18059512_virus.all.candidate.fasta	02a_all_candidate	../../02a_Identification/SRR18059512/SRR18059512_virus.all.candidate.fasta	DRY
02b_Filter/SRR18059512/SRR18059512.virus.candidate_cdd_filtered.fasta	/home/zhangwenda/goji-virome/01_data/data-test/RNA-Lycium_barbarum_out/02b_Filter/SRR18059512/cdd/all_candidates_cdd_filter.fasta	cdd_filtered	cdd/all_candidates_cdd_filter.fasta	DRY
02b_Filter/SRR18059512/SRR18059512.virus.candidate_uniprot_filtered.fasta	/home/zhangwenda/goji-virome/01_data/data-test/RNA-Lycium_barbarum_out/02b_Filter/SRR18059512/uniprot/all_candidates_uniprot.fasta	uniprot_filtered	uniprot/all_candidates_uniprot.fasta	DRY
02b_Filter/SRR18059512/SRR18059512.virus.candidate_filtered.fasta	/home/zhangwenda/goji-virome/01_data/data-test/RNA-Lycium_barbarum_out/02b_Filter/SRR18059512/uniprot/all_candidates_uniprot.fasta	strict_from_uniprot	uniprot/all_candidates_uniprot.fasta	DRY
02b_Filter/SRR18059513/SRR18059513_virus.all.candidate.fasta	/home/zhangwenda/goji-virome/01_data/data-test/RNA-Lycium_barbarum_out/02a_Identification/SRR18059513/SRR18059513_virus.all.candidate.fasta	02a_all_candidate	../../02a_Identification/SRR18059513/SRR18059513_virus.all.candidate.fasta	DRY
02b_Filter/SRR18059513/SRR18059513.virus.candidate_cdd_filtered.fasta	/home/zhangwenda/goji-virome/01_data/data-test/RNA-Lycium_barbarum_out/02b_Filter/SRR18059513/cdd/all_candidates_cdd_filter.fasta	cdd_filtered	cdd/all_candidates_cdd_filter.fasta	DRY
02b_Filter/SRR18059513/SRR18059513.virus.candidate_uniprot_filtered.fasta	/home/zhangwenda/goji-virome/01_data/data-test/RNA-Lycium_barbarum_out/02b_Filter/SRR18059513/uniprot/all_candidates_uniprot.fasta	uniprot_filtered	uniprot/all_candidates_uniprot.fasta	DRY
02b_Filter/SRR18059513/SRR18059513.virus.candidate_filtered.fasta	/home/zhangwenda/goji-virome/01_data/data-test/RNA-Lycium_barbarum_out/02b_Filter/SRR18059513/uniprot/all_candidates_uniprot.fasta	strict_from_uniprot	uniprot/all_candidates_uniprot.fasta	DRY
02b_Filter/SRR18059514/SRR18059514_virus.all.candidate.fasta	/home/zhangwenda/goji-virome/01_data/data-test/RNA-Lycium_barbarum_out/02a_Identification/SRR18059514/SRR18059514_virus.all.candidate.fasta	02a_all_candidate	../../02a_Identification/SRR18059514/SRR18059514_virus.all.candidate.fasta	DRY
02b_Filter/SRR18059514/SRR18059514.virus.candidate_cdd_filtered.fasta	/home/zhangwenda/goji-virome/01_data/data-test/RNA-Lycium_barbarum_out/02b_Filter/SRR18059514/cdd/all_candidates_cdd_filter.fasta	cdd_filtered	cdd/all_candidates_cdd_filter.fasta	DRY
02b_Filter/SRR18059514/SRR18059514.virus.candidate_uniprot_filtered.fasta	/home/zhangwenda/goji-virome/01_data/data-test/RNA-Lycium_barbarum_out/02b_Filter/SRR18059514/uniprot/all_candidates_uniprot.fasta	uniprot_filtered	uniprot/all_candidates_uniprot.fasta	DRY
02b_Filter/SRR18059514/SRR18059514.virus.candidate_filtered.fasta	/home/zhangwenda/goji-virome/01_data/data-test/RNA-Lycium_barbarum_out/02b_Filter/SRR18059514/uniprot/all_candidates_uniprot.fasta	strict_from_uniprot	uniprot/all_candidates_uniprot.fasta	DRY
02b_Filter/SRR18059515/SRR18059515_virus.all.candidate.fasta	/home/zhangwenda/goji-virome/01_data/data-test/RNA-Lycium_barbarum_out/02a_Identification/SRR18059515/SRR18059515_virus.all.candidate.fasta	02a_all_candidate	../../02a_Identification/SRR18059515/SRR18059515_virus.all.candidate.fasta	DRY
02b_Filter/SRR18059515/SRR18059515.virus.candidate_cdd_filtered.fasta	/home/zhangwenda/goji-virome/01_data/data-test/RNA-Lycium_barbarum_out/02b_Filter/SRR18059515/cdd/all_candidates_cdd_filter.fasta	cdd_filtered	cdd/all_candidates_cdd_filter.fasta	DRY
02b_Filter/SRR18059515/SRR18059515.virus.candidate_uniprot_filtered.fasta	/home/zhangwenda/goji-virome/01_data/data-test/RNA-Lycium_barbarum_out/02b_Filter/SRR18059515/uniprot/all_candidates_uniprot.fasta	uniprot_filtered	uniprot/all_candidates_uniprot.fasta	DRY
02b_Filter/SRR18059515/SRR18059515.virus.candidate_filtered.fasta	/home/zhangwenda/goji-virome/01_data/data-test/RNA-Lycium_barbarum_out/02b_Filter/SRR18059515/uniprot/all_candidates_uniprot.fasta	strict_from_uniprot	uniprot/all_candidates_uniprot.fasta	DRY
02b_Filter/SRR18059518/SRR18059518_virus.all.candidate.fasta	/home/zhangwenda/goji-virome/01_data/data-test/RNA-Lycium_barbarum_out/02a_Identification/SRR18059518/SRR18059518_virus.all.candidate.fasta	02a_all_candidate	../../02a_Identification/SRR18059518/SRR18059518_virus.all.candidate.fasta	DRY
02b_Filter/SRR18059518/SRR18059518.virus.candidate_cdd_filtered.fasta	/home/zhangwenda/goji-virome/01_data/data-test/RNA-Lycium_barbarum_out/02b_Filter/SRR18059518/cdd/all_candidates_cdd_filter.fasta	cdd_filtered	cdd/all_candidates_cdd_filter.fasta	DRY
02b_Filter/SRR18059518/SRR18059518.virus.candidate_uniprot_filtered.fasta	/home/zhangwenda/goji-virome/01_data/data-test/RNA-Lycium_barbarum_out/02b_Filter/SRR18059518/uniprot/all_candidates_uniprot.fasta	uniprot_filtered	uniprot/all_candidates_uniprot.fasta	DRY
02b_Filter/SRR18059518/SRR18059518.virus.candidate_filtered.fasta	/home/zhangwenda/goji-virome/01_data/data-test/RNA-Lycium_barbarum_out/02b_Filter/SRR18059518/uniprot/all_candidates_uniprot.fasta	strict_from_uniprot	uniprot/all_candidates_uniprot.fasta	DRY
02b_Filter/SRR18059519/SRR18059519_virus.all.candidate.fasta	/home/zhangwenda/goji-virome/01_data/data-test/RNA-Lycium_barbarum_out/02a_Identification/SRR18059519/SRR18059519_virus.all.candidate.fasta	02a_all_candidate	../../02a_Identification/SRR18059519/SRR18059519_virus.all.candidate.fasta	DRY
02b_Filter/SRR18059519/SRR18059519.virus.candidate_cdd_filtered.fasta	/home/zhangwenda/goji-virome/01_data/data-test/RNA-Lycium_barbarum_out/02b_Filter/SRR18059519/cdd/all_candidates_cdd_filter.fasta	cdd_filtered	cdd/all_candidates_cdd_filter.fasta	DRY
02b_Filter/SRR18059519/SRR18059519.virus.candidate_uniprot_filtered.fasta	/home/zhangwenda/goji-virome/01_data/data-test/RNA-Lycium_barbarum_out/02b_Filter/SRR18059519/uniprot/all_candidates_uniprot.fasta	uniprot_filtered	uniprot/all_candidates_uniprot.fasta	DRY
02b_Filter/SRR18059519/SRR18059519.virus.candidate_filtered.fasta	/home/zhangwenda/goji-virome/01_data/data-test/RNA-Lycium_barbarum_out/02b_Filter/SRR18059519/uniprot/all_candidates_uniprot.fasta	strict_from_uniprot	uniprot/all_candidates_uniprot.fasta	DRY
02b_Filter/SRR18059520/SRR18059520_virus.all.candidate.fasta	/home/zhangwenda/goji-virome/01_data/data-test/RNA-Lycium_barbarum_out/02a_Identification/SRR18059520/SRR18059520_virus.all.candidate.fasta	02a_all_candidate	../../02a_Identification/SRR18059520/SRR18059520_virus.all.candidate.fasta	DRY
02b_Filter/SRR18059520/SRR18059520.virus.candidate_cdd_filtered.fasta	/home/zhangwenda/goji-virome/01_data/data-test/RNA-Lycium_barbarum_out/02b_Filter/SRR18059520/cdd/all_candidates_cdd_filter.fasta	cdd_filtered	cdd/all_candidates_cdd_filter.fasta	DRY
02b_Filter/SRR18059520/SRR18059520.virus.candidate_uniprot_filtered.fasta	/home/zhangwenda/goji-virome/01_data/data-test/RNA-Lycium_barbarum_out/02b_Filter/SRR18059520/uniprot/all_candidates_uniprot.fasta	uniprot_filtered	uniprot/all_candidates_uniprot.fasta	DRY
02b_Filter/SRR18059520/SRR18059520.virus.candidate_filtered.fasta	/home/zhangwenda/goji-virome/01_data/data-test/RNA-Lycium_barbarum_out/02b_Filter/SRR18059520/uniprot/all_candidates_uniprot.fasta	strict_from_uniprot	uniprot/all_candidates_uniprot.fasta	DRY
02b_Filter/SRR18059521/SRR18059521_virus.all.candidate.fasta	/home/zhangwenda/goji-virome/01_data/data-test/RNA-Lycium_barbarum_out/02a_Identification/SRR18059521/SRR18059521_virus.all.candidate.fasta	02a_all_candidate	../../02a_Identification/SRR18059521/SRR18059521_virus.all.candidate.fasta	DRY
02b_Filter/SRR18059521/SRR18059521.virus.candidate_cdd_filtered.fasta	/home/zhangwenda/goji-virome/01_data/data-test/RNA-Lycium_barbarum_out/02b_Filter/SRR18059521/cdd/all_candidates_cdd_filter.fasta	cdd_filtered	cdd/all_candidates_cdd_filter.fasta	DRY
02b_Filter/SRR18059521/SRR18059521.virus.candidate_uniprot_filtered.fasta	/home/zhangwenda/goji-virome/01_data/data-test/RNA-Lycium_barbarum_out/02b_Filter/SRR18059521/uniprot/all_candidates_uniprot.fasta	uniprot_filtered	uniprot/all_candidates_uniprot.fasta	DRY
02b_Filter/SRR18059521/SRR18059521.virus.candidate_filtered.fasta	/home/zhangwenda/goji-virome/01_data/data-test/RNA-Lycium_barbarum_out/02b_Filter/SRR18059521/uniprot/all_candidates_uniprot.fasta	strict_from_uniprot	uniprot/all_candidates_uniprot.fasta	DRY
02b_Filter/SRR18059522/SRR18059522_virus.all.candidate.fasta	/home/zhangwenda/goji-virome/01_data/data-test/RNA-Lycium_barbarum_out/02a_Identification/SRR18059522/SRR18059522_virus.all.candidate.fasta	02a_all_candidate	../../02a_Identification/SRR18059522/SRR18059522_virus.all.candidate.fasta	DRY
02b_Filter/SRR18059522/SRR18059522.virus.candidate_cdd_filtered.fasta	/home/zhangwenda/goji-virome/01_data/data-test/RNA-Lycium_barbarum_out/02b_Filter/SRR18059522/cdd/all_candidates_cdd_filter.fasta	cdd_filtered	cdd/all_candidates_cdd_filter.fasta	DRY
02b_Filter/SRR18059522/SRR18059522.virus.candidate_uniprot_filtered.fasta	/home/zhangwenda/goji-virome/01_data/data-test/RNA-Lycium_barbarum_out/02b_Filter/SRR18059522/uniprot/all_candidates_uniprot.fasta	uniprot_filtered	uniprot/all_candidates_uniprot.fasta	DRY
02b_Filter/SRR18059522/SRR18059522.virus.candidate_filtered.fasta	/home/zhangwenda/goji-virome/01_data/data-test/RNA-Lycium_barbarum_out/02b_Filter/SRR18059522/uniprot/all_candidates_uniprot.fasta	strict_from_uniprot	uniprot/all_candidates_uniprot.fasta	DRY
02b_Filter/SRR18059523/SRR18059523_virus.all.candidate.fasta	/home/zhangwenda/goji-virome/01_data/data-test/RNA-Lycium_barbarum_out/02a_Identification/SRR18059523/SRR18059523_virus.all.candidate.fasta	02a_all_candidate	../../02a_Identification/SRR18059523/SRR18059523_virus.all.candidate.fasta	DRY
02b_Filter/SRR18059523/SRR18059523.virus.candidate_cdd_filtered.fasta	/home/zhangwenda/goji-virome/01_data/data-test/RNA-Lycium_barbarum_out/02b_Filter/SRR18059523/cdd/all_candidates_cdd_filter.fasta	cdd_filtered	cdd/all_candidates_cdd_filter.fasta	DRY
02b_Filter/SRR18059523/SRR18059523.virus.candidate_uniprot_filtered.fasta	/home/zhangwenda/goji-virome/01_data/data-test/RNA-Lycium_barbarum_out/02b_Filter/SRR18059523/uniprot/all_candidates_uniprot.fasta	uniprot_filtered	uniprot/all_candidates_uniprot.fasta	DRY
02b_Filter/SRR18059523/SRR18059523.virus.candidate_filtered.fasta	/home/zhangwenda/goji-virome/01_data/data-test/RNA-Lycium_barbarum_out/02b_Filter/SRR18059523/uniprot/all_candidates_uniprot.fasta	strict_from_uniprot	uniprot/all_candidates_uniprot.fasta	DRY
02b_Filter/SRR18909608/SRR18909608_virus.all.candidate.fasta	/home/zhangwenda/goji-virome/01_data/data-test/RNA-Lycium_barbarum_out/02a_Identification/SRR18909608/SRR18909608_virus.all.candidate.fasta	02a_all_candidate	../../02a_Identification/SRR18909608/SRR18909608_virus.all.candidate.fasta	DRY
02b_Filter/SRR18909608/SRR18909608.virus.candidate_cdd_filtered.fasta	/home/zhangwenda/goji-virome/01_data/data-test/RNA-Lycium_barbarum_out/02b_Filter/SRR18909608/cdd/all_candidates_cdd_filter.fasta	cdd_filtered	cdd/all_candidates_cdd_filter.fasta	DRY
02b_Filter/SRR18909608/SRR18909608.virus.candidate_uniprot_filtered.fasta	/home/zhangwenda/goji-virome/01_data/data-test/RNA-Lycium_barbarum_out/02b_Filter/SRR18909608/uniprot/all_candidates_uniprot.fasta	uniprot_filtered	uniprot/all_candidates_uniprot.fasta	DRY
02b_Filter/SRR18909608/SRR18909608.virus.candidate_filtered.fasta	/home/zhangwenda/goji-virome/01_data/data-test/RNA-Lycium_barbarum_out/02b_Filter/SRR18909608/uniprot/all_candidates_uniprot.fasta	strict_from_uniprot	uniprot/all_candidates_uniprot.fasta	DRY
02b_Filter/SRR20722142/SRR20722142_virus.all.candidate.fasta	/home/zhangwenda/goji-virome/01_data/data-test/RNA-Lycium_barbarum_out/02a_Identification/SRR20722142/SRR20722142_virus.all.candidate.fasta	02a_all_candidate	../../02a_Identification/SRR20722142/SRR20722142_virus.all.candidate.fasta	DRY
02b_Filter/SRR20722142/SRR20722142.virus.candidate_cdd_filtered.fasta	/home/zhangwenda/goji-virome/01_data/data-test/RNA-Lycium_barbarum_out/02b_Filter/SRR20722142/cdd/all_candidates_cdd_filter.fasta	cdd_filtered	cdd/all_candidates_cdd_filter.fasta	DRY
02b_Filter/SRR20722142/SRR20722142.virus.candidate_uniprot_filtered.fasta	/home/zhangwenda/goji-virome/01_data/data-test/RNA-Lycium_barbarum_out/02b_Filter/SRR20722142/uniprot/all_candidates_uniprot.fasta	uniprot_filtered	uniprot/all_candidates_uniprot.fasta	DRY
02b_Filter/SRR20722142/SRR20722142.virus.candidate_filtered.fasta	/home/zhangwenda/goji-virome/01_data/data-test/RNA-Lycium_barbarum_out/02b_Filter/SRR20722142/uniprot/all_candidates_uniprot.fasta	strict_from_uniprot	uniprot/all_candidates_uniprot.fasta	DRY
02b_Filter/SRR20722143/SRR20722143_virus.all.candidate.fasta	/home/zhangwenda/goji-virome/01_data/data-test/RNA-Lycium_barbarum_out/02a_Identification/SRR20722143/SRR20722143_virus.all.candidate.fasta	02a_all_candidate	../../02a_Identification/SRR20722143/SRR20722143_virus.all.candidate.fasta	DRY
02b_Filter/SRR20722143/SRR20722143.virus.candidate_cdd_filtered.fasta	/home/zhangwenda/goji-virome/01_data/data-test/RNA-Lycium_barbarum_out/02b_Filter/SRR20722143/cdd/all_candidates_cdd_filter.fasta	cdd_filtered	cdd/all_candidates_cdd_filter.fasta	DRY
02b_Filter/SRR20722143/SRR20722143.virus.candidate_uniprot_filtered.fasta	/home/zhangwenda/goji-virome/01_data/data-test/RNA-Lycium_barbarum_out/02b_Filter/SRR20722143/uniprot/all_candidates_uniprot.fasta	uniprot_filtered	uniprot/all_candidates_uniprot.fasta	DRY
02b_Filter/SRR20722143/SRR20722143.virus.candidate_filtered.fasta	/home/zhangwenda/goji-virome/01_data/data-test/RNA-Lycium_barbarum_out/02b_Filter/SRR20722143/uniprot/all_candidates_uniprot.fasta	strict_from_uniprot	uniprot/all_candidates_uniprot.fasta	DRY
02b_Filter/SRR20722144/SRR20722144_virus.all.candidate.fasta	/home/zhangwenda/goji-virome/01_data/data-test/RNA-Lycium_barbarum_out/02a_Identification/SRR20722144/SRR20722144_virus.all.candidate.fasta	02a_all_candidate	../../02a_Identification/SRR20722144/SRR20722144_virus.all.candidate.fasta	DRY
02b_Filter/SRR20722144/SRR20722144.virus.candidate_cdd_filtered.fasta	/home/zhangwenda/goji-virome/01_data/data-test/RNA-Lycium_barbarum_out/02b_Filter/SRR20722144/cdd/all_candidates_cdd_filter.fasta	cdd_filtered	cdd/all_candidates_cdd_filter.fasta	DRY
02b_Filter/SRR20722144/SRR20722144.virus.candidate_uniprot_filtered.fasta	/home/zhangwenda/goji-virome/01_data/data-test/RNA-Lycium_barbarum_out/02b_Filter/SRR20722144/uniprot/all_candidates_uniprot.fasta	uniprot_filtered	uniprot/all_candidates_uniprot.fasta	DRY
02b_Filter/SRR20722144/SRR20722144.virus.candidate_filtered.fasta	/home/zhangwenda/goji-virome/01_data/data-test/RNA-Lycium_barbarum_out/02b_Filter/SRR20722144/uniprot/all_candidates_uniprot.fasta	strict_from_uniprot	uniprot/all_candidates_uniprot.fasta	DRY
02b_Filter/SRR20722145/SRR20722145_virus.all.candidate.fasta	/home/zhangwenda/goji-virome/01_data/data-test/RNA-Lycium_barbarum_out/02a_Identification/SRR20722145/SRR20722145_virus.all.candidate.fasta	02a_all_candidate	../../02a_Identification/SRR20722145/SRR20722145_virus.all.candidate.fasta	DRY
02b_Filter/SRR20722145/SRR20722145.virus.candidate_cdd_filtered.fasta	/home/zhangwenda/goji-virome/01_data/data-test/RNA-Lycium_barbarum_out/02b_Filter/SRR20722145/cdd/all_candidates_cdd_filter.fasta	cdd_filtered	cdd/all_candidates_cdd_filter.fasta	DRY
02b_Filter/SRR20722145/SRR20722145.virus.candidate_uniprot_filtered.fasta	/home/zhangwenda/goji-virome/01_data/data-test/RNA-Lycium_barbarum_out/02b_Filter/SRR20722145/uniprot/all_candidates_uniprot.fasta	uniprot_filtered	uniprot/all_candidates_uniprot.fasta	DRY
02b_Filter/SRR20722145/SRR20722145.virus.candidate_filtered.fasta	/home/zhangwenda/goji-virome/01_data/data-test/RNA-Lycium_barbarum_out/02b_Filter/SRR20722145/uniprot/all_candidates_uniprot.fasta	strict_from_uniprot	uniprot/all_candidates_uniprot.fasta	DRY
02b_Filter/SRR21888382/SRR21888382_virus.all.candidate.fasta	/home/zhangwenda/goji-virome/01_data/data-test/RNA-Lycium_barbarum_out/02a_Identification/SRR21888382/SRR21888382_virus.all.candidate.fasta	02a_all_candidate	../../02a_Identification/SRR21888382/SRR21888382_virus.all.candidate.fasta	DRY
02b_Filter/SRR21888382/SRR21888382.virus.candidate_cdd_filtered.fasta	/home/zhangwenda/goji-virome/01_data/data-test/RNA-Lycium_barbarum_out/02b_Filter/SRR21888382/cdd/all_candidates_cdd_filter.fasta	cdd_filtered	cdd/all_candidates_cdd_filter.fasta	DRY
02b_Filter/SRR21888382/SRR21888382.virus.candidate_uniprot_filtered.fasta	/home/zhangwenda/goji-virome/01_data/data-test/RNA-Lycium_barbarum_out/02b_Filter/SRR21888382/uniprot/all_candidates_uniprot.fasta	uniprot_filtered	uniprot/all_candidates_uniprot.fasta	DRY
02b_Filter/SRR21888382/SRR21888382.virus.candidate_filtered.fasta	/home/zhangwenda/goji-virome/01_data/data-test/RNA-Lycium_barbarum_out/02b_Filter/SRR21888382/uniprot/all_candidates_uniprot.fasta	strict_from_uniprot	uniprot/all_candidates_uniprot.fasta	DRY
02b_Filter/SRR21888383/SRR21888383_virus.all.candidate.fasta	/home/zhangwenda/goji-virome/01_data/data-test/RNA-Lycium_barbarum_out/02a_Identification/SRR21888383/SRR21888383_virus.all.candidate.fasta	02a_all_candidate	../../02a_Identification/SRR21888383/SRR21888383_virus.all.candidate.fasta	DRY
02b_Filter/SRR21888383/SRR21888383.virus.candidate_cdd_filtered.fasta	/home/zhangwenda/goji-virome/01_data/data-test/RNA-Lycium_barbarum_out/02b_Filter/SRR21888383/cdd/all_candidates_cdd_filter.fasta	cdd_filtered	cdd/all_candidates_cdd_filter.fasta	DRY
02b_Filter/SRR21888383/SRR21888383.virus.candidate_uniprot_filtered.fasta	/home/zhangwenda/goji-virome/01_data/data-test/RNA-Lycium_barbarum_out/02b_Filter/SRR21888383/uniprot/all_candidates_uniprot.fasta	uniprot_filtered	uniprot/all_candidates_uniprot.fasta	DRY
02b_Filter/SRR21888383/SRR21888383.virus.candidate_filtered.fasta	/home/zhangwenda/goji-virome/01_data/data-test/RNA-Lycium_barbarum_out/02b_Filter/SRR21888383/uniprot/all_candidates_uniprot.fasta	strict_from_uniprot	uniprot/all_candidates_uniprot.fasta	DRY
02b_Filter/SRR21888384/SRR21888384_virus.all.candidate.fasta	/home/zhangwenda/goji-virome/01_data/data-test/RNA-Lycium_barbarum_out/02a_Identification/SRR21888384/SRR21888384_virus.all.candidate.fasta	02a_all_candidate	../../02a_Identification/SRR21888384/SRR21888384_virus.all.candidate.fasta	DRY
02b_Filter/SRR21888384/SRR21888384.virus.candidate_cdd_filtered.fasta	/home/zhangwenda/goji-virome/01_data/data-test/RNA-Lycium_barbarum_out/02b_Filter/SRR21888384/cdd/all_candidates_cdd_filter.fasta	cdd_filtered	cdd/all_candidates_cdd_filter.fasta	DRY
02b_Filter/SRR21888384/SRR21888384.virus.candidate_uniprot_filtered.fasta	/home/zhangwenda/goji-virome/01_data/data-test/RNA-Lycium_barbarum_out/02b_Filter/SRR21888384/uniprot/all_candidates_uniprot.fasta	uniprot_filtered	uniprot/all_candidates_uniprot.fasta	DRY
02b_Filter/SRR21888384/SRR21888384.virus.candidate_filtered.fasta	/home/zhangwenda/goji-virome/01_data/data-test/RNA-Lycium_barbarum_out/02b_Filter/SRR21888384/uniprot/all_candidates_uniprot.fasta	strict_from_uniprot	uniprot/all_candidates_uniprot.fasta	DRY
02b_Filter/SRR21888385/SRR21888385_virus.all.candidate.fasta	/home/zhangwenda/goji-virome/01_data/data-test/RNA-Lycium_barbarum_out/02a_Identification/SRR21888385/SRR21888385_virus.all.candidate.fasta	02a_all_candidate	../../02a_Identification/SRR21888385/SRR21888385_virus.all.candidate.fasta	DRY
02b_Filter/SRR21888385/SRR21888385.virus.candidate_cdd_filtered.fasta	/home/zhangwenda/goji-virome/01_data/data-test/RNA-Lycium_barbarum_out/02b_Filter/SRR21888385/cdd/all_candidates_cdd_filter.fasta	cdd_filtered	cdd/all_candidates_cdd_filter.fasta	DRY
02b_Filter/SRR21888385/SRR21888385.virus.candidate_uniprot_filtered.fasta	/home/zhangwenda/goji-virome/01_data/data-test/RNA-Lycium_barbarum_out/02b_Filter/SRR21888385/uniprot/all_candidates_uniprot.fasta	uniprot_filtered	uniprot/all_candidates_uniprot.fasta	DRY
02b_Filter/SRR21888385/SRR21888385.virus.candidate_filtered.fasta	/home/zhangwenda/goji-virome/01_data/data-test/RNA-Lycium_barbarum_out/02b_Filter/SRR21888385/uniprot/all_candidates_uniprot.fasta	strict_from_uniprot	uniprot/all_candidates_uniprot.fasta	DRY
02b_Filter/SRR21888386/SRR21888386_virus.all.candidate.fasta	/home/zhangwenda/goji-virome/01_data/data-test/RNA-Lycium_barbarum_out/02a_Identification/SRR21888386/SRR21888386_virus.all.candidate.fasta	02a_all_candidate	../../02a_Identification/SRR21888386/SRR21888386_virus.all.candidate.fasta	DRY
02b_Filter/SRR21888386/SRR21888386.virus.candidate_cdd_filtered.fasta	/home/zhangwenda/goji-virome/01_data/data-test/RNA-Lycium_barbarum_out/02b_Filter/SRR21888386/cdd/all_candidates_cdd_filter.fasta	cdd_filtered	cdd/all_candidates_cdd_filter.fasta	DRY
02b_Filter/SRR21888386/SRR21888386.virus.candidate_uniprot_filtered.fasta	/home/zhangwenda/goji-virome/01_data/data-test/RNA-Lycium_barbarum_out/02b_Filter/SRR21888386/uniprot/all_candidates_uniprot.fasta	uniprot_filtered	uniprot/all_candidates_uniprot.fasta	DRY
02b_Filter/SRR21888386/SRR21888386.virus.candidate_filtered.fasta	/home/zhangwenda/goji-virome/01_data/data-test/RNA-Lycium_barbarum_out/02b_Filter/SRR21888386/uniprot/all_candidates_uniprot.fasta	strict_from_uniprot	uniprot/all_candidates_uniprot.fasta	DRY
02b_Filter/SRR21888387/SRR21888387_virus.all.candidate.fasta	/home/zhangwenda/goji-virome/01_data/data-test/RNA-Lycium_barbarum_out/02a_Identification/SRR21888387/SRR21888387_virus.all.candidate.fasta	02a_all_candidate	../../02a_Identification/SRR21888387/SRR21888387_virus.all.candidate.fasta	DRY
02b_Filter/SRR21888387/SRR21888387.virus.candidate_cdd_filtered.fasta	/home/zhangwenda/goji-virome/01_data/data-test/RNA-Lycium_barbarum_out/02b_Filter/SRR21888387/cdd/all_candidates_cdd_filter.fasta	cdd_filtered	cdd/all_candidates_cdd_filter.fasta	DRY
02b_Filter/SRR21888387/SRR21888387.virus.candidate_uniprot_filtered.fasta	/home/zhangwenda/goji-virome/01_data/data-test/RNA-Lycium_barbarum_out/02b_Filter/SRR21888387/uniprot/all_candidates_uniprot.fasta	uniprot_filtered	uniprot/all_candidates_uniprot.fasta	DRY
02b_Filter/SRR21888387/SRR21888387.virus.candidate_filtered.fasta	/home/zhangwenda/goji-virome/01_data/data-test/RNA-Lycium_barbarum_out/02b_Filter/SRR21888387/uniprot/all_candidates_uniprot.fasta	strict_from_uniprot	uniprot/all_candidates_uniprot.fasta	DRY
02b_Filter/SRR21888388/SRR21888388_virus.all.candidate.fasta	/home/zhangwenda/goji-virome/01_data/data-test/RNA-Lycium_barbarum_out/02a_Identification/SRR21888388/SRR21888388_virus.all.candidate.fasta	02a_all_candidate	../../02a_Identification/SRR21888388/SRR21888388_virus.all.candidate.fasta	DRY
02b_Filter/SRR21888388/SRR21888388.virus.candidate_cdd_filtered.fasta	/home/zhangwenda/goji-virome/01_data/data-test/RNA-Lycium_barbarum_out/02b_Filter/SRR21888388/cdd/all_candidates_cdd_filter.fasta	cdd_filtered	cdd/all_candidates_cdd_filter.fasta	DRY
02b_Filter/SRR21888388/SRR21888388.virus.candidate_uniprot_filtered.fasta	/home/zhangwenda/goji-virome/01_data/data-test/RNA-Lycium_barbarum_out/02b_Filter/SRR21888388/uniprot/all_candidates_uniprot.fasta	uniprot_filtered	uniprot/all_candidates_uniprot.fasta	DRY
02b_Filter/SRR21888388/SRR21888388.virus.candidate_filtered.fasta	/home/zhangwenda/goji-virome/01_data/data-test/RNA-Lycium_barbarum_out/02b_Filter/SRR21888388/uniprot/all_candidates_uniprot.fasta	strict_from_uniprot	uniprot/all_candidates_uniprot.fasta	DRY
02b_Filter/SRR21888389/SRR21888389_virus.all.candidate.fasta	/home/zhangwenda/goji-virome/01_data/data-test/RNA-Lycium_barbarum_out/02a_Identification/SRR21888389/SRR21888389_virus.all.candidate.fasta	02a_all_candidate	../../02a_Identification/SRR21888389/SRR21888389_virus.all.candidate.fasta	DRY
02b_Filter/SRR21888389/SRR21888389.virus.candidate_cdd_filtered.fasta	/home/zhangwenda/goji-virome/01_data/data-test/RNA-Lycium_barbarum_out/02b_Filter/SRR21888389/cdd/all_candidates_cdd_filter.fasta	cdd_filtered	cdd/all_candidates_cdd_filter.fasta	DRY
02b_Filter/SRR21888389/SRR21888389.virus.candidate_uniprot_filtered.fasta	/home/zhangwenda/goji-virome/01_data/data-test/RNA-Lycium_barbarum_out/02b_Filter/SRR21888389/uniprot/all_candidates_uniprot.fasta	uniprot_filtered	uniprot/all_candidates_uniprot.fasta	DRY
02b_Filter/SRR21888389/SRR21888389.virus.candidate_filtered.fasta	/home/zhangwenda/goji-virome/01_data/data-test/RNA-Lycium_barbarum_out/02b_Filter/SRR21888389/uniprot/all_candidates_uniprot.fasta	strict_from_uniprot	uniprot/all_candidates_uniprot.fasta	DRY
02b_Filter/SRR21888390/SRR21888390_virus.all.candidate.fasta	/home/zhangwenda/goji-virome/01_data/data-test/RNA-Lycium_barbarum_out/02a_Identification/SRR21888390/SRR21888390_virus.all.candidate.fasta	02a_all_candidate	../../02a_Identification/SRR21888390/SRR21888390_virus.all.candidate.fasta	DRY
02b_Filter/SRR21888390/SRR21888390.virus.candidate_cdd_filtered.fasta	/home/zhangwenda/goji-virome/01_data/data-test/RNA-Lycium_barbarum_out/02b_Filter/SRR21888390/cdd/all_candidates_cdd_filter.fasta	cdd_filtered	cdd/all_candidates_cdd_filter.fasta	DRY
02b_Filter/SRR21888390/SRR21888390.virus.candidate_uniprot_filtered.fasta	/home/zhangwenda/goji-virome/01_data/data-test/RNA-Lycium_barbarum_out/02b_Filter/SRR21888390/uniprot/all_candidates_uniprot.fasta	uniprot_filtered	uniprot/all_candidates_uniprot.fasta	DRY
02b_Filter/SRR21888390/SRR21888390.virus.candidate_filtered.fasta	/home/zhangwenda/goji-virome/01_data/data-test/RNA-Lycium_barbarum_out/02b_Filter/SRR21888390/uniprot/all_candidates_uniprot.fasta	strict_from_uniprot	uniprot/all_candidates_uniprot.fasta	DRY
02b_Filter/SRR21888391/SRR21888391_virus.all.candidate.fasta	/home/zhangwenda/goji-virome/01_data/data-test/RNA-Lycium_barbarum_out/02a_Identification/SRR21888391/SRR21888391_virus.all.candidate.fasta	02a_all_candidate	../../02a_Identification/SRR21888391/SRR21888391_virus.all.candidate.fasta	DRY
02b_Filter/SRR21888391/SRR21888391.virus.candidate_cdd_filtered.fasta	/home/zhangwenda/goji-virome/01_data/data-test/RNA-Lycium_barbarum_out/02b_Filter/SRR21888391/cdd/all_candidates_cdd_filter.fasta	cdd_filtered	cdd/all_candidates_cdd_filter.fasta	DRY
02b_Filter/SRR21888391/SRR21888391.virus.candidate_uniprot_filtered.fasta	/home/zhangwenda/goji-virome/01_data/data-test/RNA-Lycium_barbarum_out/02b_Filter/SRR21888391/uniprot/all_candidates_uniprot.fasta	uniprot_filtered	uniprot/all_candidates_uniprot.fasta	DRY
02b_Filter/SRR21888391/SRR21888391.virus.candidate_filtered.fasta	/home/zhangwenda/goji-virome/01_data/data-test/RNA-Lycium_barbarum_out/02b_Filter/SRR21888391/uniprot/all_candidates_uniprot.fasta	strict_from_uniprot	uniprot/all_candidates_uniprot.fasta	DRY
02b_Filter/SRR21888392/SRR21888392_virus.all.candidate.fasta	/home/zhangwenda/goji-virome/01_data/data-test/RNA-Lycium_barbarum_out/02a_Identification/SRR21888392/SRR21888392_virus.all.candidate.fasta	02a_all_candidate	../../02a_Identification/SRR21888392/SRR21888392_virus.all.candidate.fasta	DRY
02b_Filter/SRR21888392/SRR21888392.virus.candidate_cdd_filtered.fasta	/home/zhangwenda/goji-virome/01_data/data-test/RNA-Lycium_barbarum_out/02b_Filter/SRR21888392/cdd/all_candidates_cdd_filter.fasta	cdd_filtered	cdd/all_candidates_cdd_filter.fasta	DRY
02b_Filter/SRR21888392/SRR21888392.virus.candidate_uniprot_filtered.fasta	/home/zhangwenda/goji-virome/01_data/data-test/RNA-Lycium_barbarum_out/02b_Filter/SRR21888392/uniprot/all_candidates_uniprot.fasta	uniprot_filtered	uniprot/all_candidates_uniprot.fasta	DRY
02b_Filter/SRR21888392/SRR21888392.virus.candidate_filtered.fasta	/home/zhangwenda/goji-virome/01_data/data-test/RNA-Lycium_barbarum_out/02b_Filter/SRR21888392/uniprot/all_candidates_uniprot.fasta	strict_from_uniprot	uniprot/all_candidates_uniprot.fasta	DRY
02b_Filter/SRR21888393/SRR21888393_virus.all.candidate.fasta	/home/zhangwenda/goji-virome/01_data/data-test/RNA-Lycium_barbarum_out/02a_Identification/SRR21888393/SRR21888393_virus.all.candidate.fasta	02a_all_candidate	../../02a_Identification/SRR21888393/SRR21888393_virus.all.candidate.fasta	DRY
02b_Filter/SRR21888393/SRR21888393.virus.candidate_cdd_filtered.fasta	/home/zhangwenda/goji-virome/01_data/data-test/RNA-Lycium_barbarum_out/02b_Filter/SRR21888393/cdd/all_candidates_cdd_filter.fasta	cdd_filtered	cdd/all_candidates_cdd_filter.fasta	DRY
02b_Filter/SRR21888393/SRR21888393.virus.candidate_uniprot_filtered.fasta	/home/zhangwenda/goji-virome/01_data/data-test/RNA-Lycium_barbarum_out/02b_Filter/SRR21888393/uniprot/all_candidates_uniprot.fasta	uniprot_filtered	uniprot/all_candidates_uniprot.fasta	DRY
02b_Filter/SRR21888393/SRR21888393.virus.candidate_filtered.fasta	/home/zhangwenda/goji-virome/01_data/data-test/RNA-Lycium_barbarum_out/02b_Filter/SRR21888393/uniprot/all_candidates_uniprot.fasta	strict_from_uniprot	uniprot/all_candidates_uniprot.fasta	DRY
02b_Filter/SRR21888394/SRR21888394_virus.all.candidate.fasta	/home/zhangwenda/goji-virome/01_data/data-test/RNA-Lycium_barbarum_out/02a_Identification/SRR21888394/SRR21888394_virus.all.candidate.fasta	02a_all_candidate	../../02a_Identification/SRR21888394/SRR21888394_virus.all.candidate.fasta	DRY
02b_Filter/SRR21888394/SRR21888394.virus.candidate_cdd_filtered.fasta	/home/zhangwenda/goji-virome/01_data/data-test/RNA-Lycium_barbarum_out/02b_Filter/SRR21888394/cdd/all_candidates_cdd_filter.fasta	cdd_filtered	cdd/all_candidates_cdd_filter.fasta	DRY
02b_Filter/SRR21888394/SRR21888394.virus.candidate_uniprot_filtered.fasta	/home/zhangwenda/goji-virome/01_data/data-test/RNA-Lycium_barbarum_out/02b_Filter/SRR21888394/uniprot/all_candidates_uniprot.fasta	uniprot_filtered	uniprot/all_candidates_uniprot.fasta	DRY
02b_Filter/SRR21888394/SRR21888394.virus.candidate_filtered.fasta	/home/zhangwenda/goji-virome/01_data/data-test/RNA-Lycium_barbarum_out/02b_Filter/SRR21888394/uniprot/all_candidates_uniprot.fasta	strict_from_uniprot	uniprot/all_candidates_uniprot.fasta	DRY
02b_Filter/SRR21888396/SRR21888396_virus.all.candidate.fasta	/home/zhangwenda/goji-virome/01_data/data-test/RNA-Lycium_barbarum_out/02a_Identification/SRR21888396/SRR21888396_virus.all.candidate.fasta	02a_all_candidate	../../02a_Identification/SRR21888396/SRR21888396_virus.all.candidate.fasta	DRY
02b_Filter/SRR21888396/SRR21888396.virus.candidate_cdd_filtered.fasta	/home/zhangwenda/goji-virome/01_data/data-test/RNA-Lycium_barbarum_out/02b_Filter/SRR21888396/cdd/all_candidates_cdd_filter.fasta	cdd_filtered	cdd/all_candidates_cdd_filter.fasta	DRY
02b_Filter/SRR21888396/SRR21888396.virus.candidate_uniprot_filtered.fasta	/home/zhangwenda/goji-virome/01_data/data-test/RNA-Lycium_barbarum_out/02b_Filter/SRR21888396/uniprot/all_candidates_uniprot.fasta	uniprot_filtered	uniprot/all_candidates_uniprot.fasta	DRY
02b_Filter/SRR21888396/SRR21888396.virus.candidate_filtered.fasta	/home/zhangwenda/goji-virome/01_data/data-test/RNA-Lycium_barbarum_out/02b_Filter/SRR21888396/uniprot/all_candidates_uniprot.fasta	strict_from_uniprot	uniprot/all_candidates_uniprot.fasta	DRY
02b_Filter/SRR22330847/SRR22330847_virus.all.candidate.fasta	/home/zhangwenda/goji-virome/01_data/data-test/RNA-Lycium_barbarum_out/02a_Identification/SRR22330847/SRR22330847_virus.all.candidate.fasta	02a_all_candidate	../../02a_Identification/SRR22330847/SRR22330847_virus.all.candidate.fasta	DRY
02b_Filter/SRR22330847/SRR22330847.virus.candidate_cdd_filtered.fasta	/home/zhangwenda/goji-virome/01_data/data-test/RNA-Lycium_barbarum_out/02b_Filter/SRR22330847/cdd/all_candidates_cdd_filter.fasta	cdd_filtered	cdd/all_candidates_cdd_filter.fasta	DRY
02b_Filter/SRR22330847/SRR22330847.virus.candidate_uniprot_filtered.fasta	/home/zhangwenda/goji-virome/01_data/data-test/RNA-Lycium_barbarum_out/02b_Filter/SRR22330847/uniprot/all_candidates_uniprot.fasta	uniprot_filtered	uniprot/all_candidates_uniprot.fasta	DRY
02b_Filter/SRR22330847/SRR22330847.virus.candidate_filtered.fasta	/home/zhangwenda/goji-virome/01_data/data-test/RNA-Lycium_barbarum_out/02b_Filter/SRR22330847/uniprot/all_candidates_uniprot.fasta	strict_from_uniprot	uniprot/all_candidates_uniprot.fasta	DRY
02b_Filter/SRR22330848/SRR22330848_virus.all.candidate.fasta	/home/zhangwenda/goji-virome/01_data/data-test/RNA-Lycium_barbarum_out/02a_Identification/SRR22330848/SRR22330848_virus.all.candidate.fasta	02a_all_candidate	../../02a_Identification/SRR22330848/SRR22330848_virus.all.candidate.fasta	DRY
02b_Filter/SRR22330848/SRR22330848.virus.candidate_cdd_filtered.fasta	/home/zhangwenda/goji-virome/01_data/data-test/RNA-Lycium_barbarum_out/02b_Filter/SRR22330848/cdd/all_candidates_cdd_filter.fasta	cdd_filtered	cdd/all_candidates_cdd_filter.fasta	DRY
02b_Filter/SRR22330848/SRR22330848.virus.candidate_uniprot_filtered.fasta	/home/zhangwenda/goji-virome/01_data/data-test/RNA-Lycium_barbarum_out/02b_Filter/SRR22330848/uniprot/all_candidates_uniprot.fasta	uniprot_filtered	uniprot/all_candidates_uniprot.fasta	DRY
02b_Filter/SRR22330848/SRR22330848.virus.candidate_filtered.fasta	/home/zhangwenda/goji-virome/01_data/data-test/RNA-Lycium_barbarum_out/02b_Filter/SRR22330848/uniprot/all_candidates_uniprot.fasta	strict_from_uniprot	uniprot/all_candidates_uniprot.fasta	DRY
02b_Filter/SRR22330849/SRR22330849_virus.all.candidate.fasta	/home/zhangwenda/goji-virome/01_data/data-test/RNA-Lycium_barbarum_out/02a_Identification/SRR22330849/SRR22330849_virus.all.candidate.fasta	02a_all_candidate	../../02a_Identification/SRR22330849/SRR22330849_virus.all.candidate.fasta	DRY
02b_Filter/SRR22330849/SRR22330849.virus.candidate_cdd_filtered.fasta	/home/zhangwenda/goji-virome/01_data/data-test/RNA-Lycium_barbarum_out/02b_Filter/SRR22330849/cdd/all_candidates_cdd_filter.fasta	cdd_filtered	cdd/all_candidates_cdd_filter.fasta	DRY
02b_Filter/SRR22330849/SRR22330849.virus.candidate_uniprot_filtered.fasta	/home/zhangwenda/goji-virome/01_data/data-test/RNA-Lycium_barbarum_out/02b_Filter/SRR22330849/uniprot/all_candidates_uniprot.fasta	uniprot_filtered	uniprot/all_candidates_uniprot.fasta	DRY
02b_Filter/SRR22330849/SRR22330849.virus.candidate_filtered.fasta	/home/zhangwenda/goji-virome/01_data/data-test/RNA-Lycium_barbarum_out/02b_Filter/SRR22330849/uniprot/all_candidates_uniprot.fasta	strict_from_uniprot	uniprot/all_candidates_uniprot.fasta	DRY
02b_Filter/SRR22330850/SRR22330850_virus.all.candidate.fasta	/home/zhangwenda/goji-virome/01_data/data-test/RNA-Lycium_barbarum_out/02a_Identification/SRR22330850/SRR22330850_virus.all.candidate.fasta	02a_all_candidate	../../02a_Identification/SRR22330850/SRR22330850_virus.all.candidate.fasta	DRY
02b_Filter/SRR22330850/SRR22330850.virus.candidate_cdd_filtered.fasta	/home/zhangwenda/goji-virome/01_data/data-test/RNA-Lycium_barbarum_out/02b_Filter/SRR22330850/cdd/all_candidates_cdd_filter.fasta	cdd_filtered	cdd/all_candidates_cdd_filter.fasta	DRY
02b_Filter/SRR22330850/SRR22330850.virus.candidate_uniprot_filtered.fasta	/home/zhangwenda/goji-virome/01_data/data-test/RNA-Lycium_barbarum_out/02b_Filter/SRR22330850/uniprot/all_candidates_uniprot.fasta	uniprot_filtered	uniprot/all_candidates_uniprot.fasta	DRY
02b_Filter/SRR22330850/SRR22330850.virus.candidate_filtered.fasta	/home/zhangwenda/goji-virome/01_data/data-test/RNA-Lycium_barbarum_out/02b_Filter/SRR22330850/uniprot/all_candidates_uniprot.fasta	strict_from_uniprot	uniprot/all_candidates_uniprot.fasta	DRY
02b_Filter/SRR22330851/SRR22330851_virus.all.candidate.fasta	/home/zhangwenda/goji-virome/01_data/data-test/RNA-Lycium_barbarum_out/02a_Identification/SRR22330851/SRR22330851_virus.all.candidate.fasta	02a_all_candidate	../../02a_Identification/SRR22330851/SRR22330851_virus.all.candidate.fasta	DRY
02b_Filter/SRR22330851/SRR22330851.virus.candidate_cdd_filtered.fasta	/home/zhangwenda/goji-virome/01_data/data-test/RNA-Lycium_barbarum_out/02b_Filter/SRR22330851/cdd/all_candidates_cdd_filter.fasta	cdd_filtered	cdd/all_candidates_cdd_filter.fasta	DRY
02b_Filter/SRR22330851/SRR22330851.virus.candidate_uniprot_filtered.fasta	/home/zhangwenda/goji-virome/01_data/data-test/RNA-Lycium_barbarum_out/02b_Filter/SRR22330851/uniprot/all_candidates_uniprot.fasta	uniprot_filtered	uniprot/all_candidates_uniprot.fasta	DRY
02b_Filter/SRR22330851/SRR22330851.virus.candidate_filtered.fasta	/home/zhangwenda/goji-virome/01_data/data-test/RNA-Lycium_barbarum_out/02b_Filter/SRR22330851/uniprot/all_candidates_uniprot.fasta	strict_from_uniprot	uniprot/all_candidates_uniprot.fasta	DRY
02b_Filter/SRR22330852/SRR22330852_virus.all.candidate.fasta	/home/zhangwenda/goji-virome/01_data/data-test/RNA-Lycium_barbarum_out/02a_Identification/SRR22330852/SRR22330852_virus.all.candidate.fasta	02a_all_candidate	../../02a_Identification/SRR22330852/SRR22330852_virus.all.candidate.fasta	DRY
02b_Filter/SRR22330852/SRR22330852.virus.candidate_cdd_filtered.fasta	/home/zhangwenda/goji-virome/01_data/data-test/RNA-Lycium_barbarum_out/02b_Filter/SRR22330852/cdd/all_candidates_cdd_filter.fasta	cdd_filtered	cdd/all_candidates_cdd_filter.fasta	DRY
02b_Filter/SRR22330852/SRR22330852.virus.candidate_uniprot_filtered.fasta	/home/zhangwenda/goji-virome/01_data/data-test/RNA-Lycium_barbarum_out/02b_Filter/SRR22330852/uniprot/all_candidates_uniprot.fasta	uniprot_filtered	uniprot/all_candidates_uniprot.fasta	DRY
02b_Filter/SRR22330852/SRR22330852.virus.candidate_filtered.fasta	/home/zhangwenda/goji-virome/01_data/data-test/RNA-Lycium_barbarum_out/02b_Filter/SRR22330852/uniprot/all_candidates_uniprot.fasta	strict_from_uniprot	uniprot/all_candidates_uniprot.fasta	DRY
02b_Filter/SRR22330853/SRR22330853_virus.all.candidate.fasta	/home/zhangwenda/goji-virome/01_data/data-test/RNA-Lycium_barbarum_out/02a_Identification/SRR22330853/SRR22330853_virus.all.candidate.fasta	02a_all_candidate	../../02a_Identification/SRR22330853/SRR22330853_virus.all.candidate.fasta	DRY
02b_Filter/SRR22330853/SRR22330853.virus.candidate_cdd_filtered.fasta	/home/zhangwenda/goji-virome/01_data/data-test/RNA-Lycium_barbarum_out/02b_Filter/SRR22330853/cdd/all_candidates_cdd_filter.fasta	cdd_filtered	cdd/all_candidates_cdd_filter.fasta	DRY
02b_Filter/SRR22330853/SRR22330853.virus.candidate_uniprot_filtered.fasta	/home/zhangwenda/goji-virome/01_data/data-test/RNA-Lycium_barbarum_out/02b_Filter/SRR22330853/uniprot/all_candidates_uniprot.fasta	uniprot_filtered	uniprot/all_candidates_uniprot.fasta	DRY
02b_Filter/SRR22330853/SRR22330853.virus.candidate_filtered.fasta	/home/zhangwenda/goji-virome/01_data/data-test/RNA-Lycium_barbarum_out/02b_Filter/SRR22330853/uniprot/all_candidates_uniprot.fasta	strict_from_uniprot	uniprot/all_candidates_uniprot.fasta	DRY
02b_Filter/SRR22330854/SRR22330854_virus.all.candidate.fasta	/home/zhangwenda/goji-virome/01_data/data-test/RNA-Lycium_barbarum_out/02a_Identification/SRR22330854/SRR22330854_virus.all.candidate.fasta	02a_all_candidate	../../02a_Identification/SRR22330854/SRR22330854_virus.all.candidate.fasta	DRY
02b_Filter/SRR22330854/SRR22330854.virus.candidate_cdd_filtered.fasta	/home/zhangwenda/goji-virome/01_data/data-test/RNA-Lycium_barbarum_out/02b_Filter/SRR22330854/cdd/all_candidates_cdd_filter.fasta	cdd_filtered	cdd/all_candidates_cdd_filter.fasta	DRY
02b_Filter/SRR22330854/SRR22330854.virus.candidate_uniprot_filtered.fasta	/home/zhangwenda/goji-virome/01_data/data-test/RNA-Lycium_barbarum_out/02b_Filter/SRR22330854/uniprot/all_candidates_uniprot.fasta	uniprot_filtered	uniprot/all_candidates_uniprot.fasta	DRY
02b_Filter/SRR22330854/SRR22330854.virus.candidate_filtered.fasta	/home/zhangwenda/goji-virome/01_data/data-test/RNA-Lycium_barbarum_out/02b_Filter/SRR22330854/uniprot/all_candidates_uniprot.fasta	strict_from_uniprot	uniprot/all_candidates_uniprot.fasta	DRY
02b_Filter/SRR22330855/SRR22330855_virus.all.candidate.fasta	/home/zhangwenda/goji-virome/01_data/data-test/RNA-Lycium_barbarum_out/02a_Identification/SRR22330855/SRR22330855_virus.all.candidate.fasta	02a_all_candidate	../../02a_Identification/SRR22330855/SRR22330855_virus.all.candidate.fasta	DRY
02b_Filter/SRR22330855/SRR22330855.virus.candidate_cdd_filtered.fasta	/home/zhangwenda/goji-virome/01_data/data-test/RNA-Lycium_barbarum_out/02b_Filter/SRR22330855/cdd/all_candidates_cdd_filter.fasta	cdd_filtered	cdd/all_candidates_cdd_filter.fasta	DRY
02b_Filter/SRR22330855/SRR22330855.virus.candidate_uniprot_filtered.fasta	/home/zhangwenda/goji-virome/01_data/data-test/RNA-Lycium_barbarum_out/02b_Filter/SRR22330855/uniprot/all_candidates_uniprot.fasta	uniprot_filtered	uniprot/all_candidates_uniprot.fasta	DRY
02b_Filter/SRR22330855/SRR22330855.virus.candidate_filtered.fasta	/home/zhangwenda/goji-virome/01_data/data-test/RNA-Lycium_barbarum_out/02b_Filter/SRR22330855/uniprot/all_candidates_uniprot.fasta	strict_from_uniprot	uniprot/all_candidates_uniprot.fasta	DRY
02b_Filter/SRR22742698/SRR22742698_virus.all.candidate.fasta	/home/zhangwenda/goji-virome/01_data/data-test/RNA-Lycium_barbarum_out/02a_Identification/SRR22742698/SRR22742698_virus.all.candidate.fasta	02a_all_candidate	../../02a_Identification/SRR22742698/SRR22742698_virus.all.candidate.fasta	DRY
02b_Filter/SRR22742698/SRR22742698.virus.candidate_cdd_filtered.fasta	/home/zhangwenda/goji-virome/01_data/data-test/RNA-Lycium_barbarum_out/02b_Filter/SRR22742698/cdd/all_candidates_cdd_filter.fasta	cdd_filtered	cdd/all_candidates_cdd_filter.fasta	DRY
02b_Filter/SRR22742698/SRR22742698.virus.candidate_uniprot_filtered.fasta	/home/zhangwenda/goji-virome/01_data/data-test/RNA-Lycium_barbarum_out/02b_Filter/SRR22742698/uniprot/all_candidates_uniprot.fasta	uniprot_filtered	uniprot/all_candidates_uniprot.fasta	DRY
02b_Filter/SRR22742698/SRR22742698.virus.candidate_filtered.fasta	/home/zhangwenda/goji-virome/01_data/data-test/RNA-Lycium_barbarum_out/02b_Filter/SRR22742698/uniprot/all_candidates_uniprot.fasta	strict_from_uniprot	uniprot/all_candidates_uniprot.fasta	DRY
02b_Filter/SRR22742699/SRR22742699_virus.all.candidate.fasta	/home/zhangwenda/goji-virome/01_data/data-test/RNA-Lycium_barbarum_out/02a_Identification/SRR22742699/SRR22742699_virus.all.candidate.fasta	02a_all_candidate	../../02a_Identification/SRR22742699/SRR22742699_virus.all.candidate.fasta	DRY
02b_Filter/SRR22742699/SRR22742699.virus.candidate_cdd_filtered.fasta	/home/zhangwenda/goji-virome/01_data/data-test/RNA-Lycium_barbarum_out/02b_Filter/SRR22742699/cdd/all_candidates_cdd_filter.fasta	cdd_filtered	cdd/all_candidates_cdd_filter.fasta	DRY
02b_Filter/SRR22742699/SRR22742699.virus.candidate_uniprot_filtered.fasta	/home/zhangwenda/goji-virome/01_data/data-test/RNA-Lycium_barbarum_out/02b_Filter/SRR22742699/uniprot/all_candidates_uniprot.fasta	uniprot_filtered	uniprot/all_candidates_uniprot.fasta	DRY
02b_Filter/SRR22742699/SRR22742699.virus.candidate_filtered.fasta	/home/zhangwenda/goji-virome/01_data/data-test/RNA-Lycium_barbarum_out/02b_Filter/SRR22742699/uniprot/all_candidates_uniprot.fasta	strict_from_uniprot	uniprot/all_candidates_uniprot.fasta	DRY
02b_Filter/SRR22742700/SRR22742700_virus.all.candidate.fasta	/home/zhangwenda/goji-virome/01_data/data-test/RNA-Lycium_barbarum_out/02a_Identification/SRR22742700/SRR22742700_virus.all.candidate.fasta	02a_all_candidate	../../02a_Identification/SRR22742700/SRR22742700_virus.all.candidate.fasta	DRY
02b_Filter/SRR22742700/SRR22742700.virus.candidate_cdd_filtered.fasta	/home/zhangwenda/goji-virome/01_data/data-test/RNA-Lycium_barbarum_out/02b_Filter/SRR22742700/cdd/all_candidates_cdd_filter.fasta	cdd_filtered	cdd/all_candidates_cdd_filter.fasta	DRY
02b_Filter/SRR22742700/SRR22742700.virus.candidate_uniprot_filtered.fasta	/home/zhangwenda/goji-virome/01_data/data-test/RNA-Lycium_barbarum_out/02b_Filter/SRR22742700/uniprot/all_candidates_uniprot.fasta	uniprot_filtered	uniprot/all_candidates_uniprot.fasta	DRY
02b_Filter/SRR22742700/SRR22742700.virus.candidate_filtered.fasta	/home/zhangwenda/goji-virome/01_data/data-test/RNA-Lycium_barbarum_out/02b_Filter/SRR22742700/uniprot/all_candidates_uniprot.fasta	strict_from_uniprot	uniprot/all_candidates_uniprot.fasta	DRY
02b_Filter/SRR22742702/SRR22742702_virus.all.candidate.fasta	/home/zhangwenda/goji-virome/01_data/data-test/RNA-Lycium_barbarum_out/02a_Identification/SRR22742702/SRR22742702_virus.all.candidate.fasta	02a_all_candidate	../../02a_Identification/SRR22742702/SRR22742702_virus.all.candidate.fasta	DRY
02b_Filter/SRR22742702/SRR22742702.virus.candidate_cdd_filtered.fasta	/home/zhangwenda/goji-virome/01_data/data-test/RNA-Lycium_barbarum_out/02b_Filter/SRR22742702/cdd/all_candidates_cdd_filter.fasta	cdd_filtered	cdd/all_candidates_cdd_filter.fasta	DRY
02b_Filter/SRR22742702/SRR22742702.virus.candidate_uniprot_filtered.fasta	/home/zhangwenda/goji-virome/01_data/data-test/RNA-Lycium_barbarum_out/02b_Filter/SRR22742702/uniprot/all_candidates_uniprot.fasta	uniprot_filtered	uniprot/all_candidates_uniprot.fasta	DRY
02b_Filter/SRR22742702/SRR22742702.virus.candidate_filtered.fasta	/home/zhangwenda/goji-virome/01_data/data-test/RNA-Lycium_barbarum_out/02b_Filter/SRR22742702/uniprot/all_candidates_uniprot.fasta	strict_from_uniprot	uniprot/all_candidates_uniprot.fasta	DRY
02b_Filter/SRR22742703/SRR22742703_virus.all.candidate.fasta	/home/zhangwenda/goji-virome/01_data/data-test/RNA-Lycium_barbarum_out/02a_Identification/SRR22742703/SRR22742703_virus.all.candidate.fasta	02a_all_candidate	../../02a_Identification/SRR22742703/SRR22742703_virus.all.candidate.fasta	DRY
02b_Filter/SRR22742703/SRR22742703.virus.candidate_cdd_filtered.fasta	/home/zhangwenda/goji-virome/01_data/data-test/RNA-Lycium_barbarum_out/02b_Filter/SRR22742703/cdd/all_candidates_cdd_filter.fasta	cdd_filtered	cdd/all_candidates_cdd_filter.fasta	DRY
02b_Filter/SRR22742703/SRR22742703.virus.candidate_uniprot_filtered.fasta	/home/zhangwenda/goji-virome/01_data/data-test/RNA-Lycium_barbarum_out/02b_Filter/SRR22742703/uniprot/all_candidates_uniprot.fasta	uniprot_filtered	uniprot/all_candidates_uniprot.fasta	DRY
02b_Filter/SRR22742703/SRR22742703.virus.candidate_filtered.fasta	/home/zhangwenda/goji-virome/01_data/data-test/RNA-Lycium_barbarum_out/02b_Filter/SRR22742703/uniprot/all_candidates_uniprot.fasta	strict_from_uniprot	uniprot/all_candidates_uniprot.fasta	DRY
02b_Filter/SRR22742704/SRR22742704_virus.all.candidate.fasta	/home/zhangwenda/goji-virome/01_data/data-test/RNA-Lycium_barbarum_out/02a_Identification/SRR22742704/SRR22742704_virus.all.candidate.fasta	02a_all_candidate	../../02a_Identification/SRR22742704/SRR22742704_virus.all.candidate.fasta	DRY
02b_Filter/SRR22742704/SRR22742704.virus.candidate_cdd_filtered.fasta	/home/zhangwenda/goji-virome/01_data/data-test/RNA-Lycium_barbarum_out/02b_Filter/SRR22742704/cdd/all_candidates_cdd_filter.fasta	cdd_filtered	cdd/all_candidates_cdd_filter.fasta	DRY
02b_Filter/SRR22742704/SRR22742704.virus.candidate_uniprot_filtered.fasta	/home/zhangwenda/goji-virome/01_data/data-test/RNA-Lycium_barbarum_out/02b_Filter/SRR22742704/uniprot/all_candidates_uniprot.fasta	uniprot_filtered	uniprot/all_candidates_uniprot.fasta	DRY
02b_Filter/SRR22742704/SRR22742704.virus.candidate_filtered.fasta	/home/zhangwenda/goji-virome/01_data/data-test/RNA-Lycium_barbarum_out/02b_Filter/SRR22742704/uniprot/all_candidates_uniprot.fasta	strict_from_uniprot	uniprot/all_candidates_uniprot.fasta	DRY
02b_Filter/SRR22742705/SRR22742705_virus.all.candidate.fasta	/home/zhangwenda/goji-virome/01_data/data-test/RNA-Lycium_barbarum_out/02a_Identification/SRR22742705/SRR22742705_virus.all.candidate.fasta	02a_all_candidate	../../02a_Identification/SRR22742705/SRR22742705_virus.all.candidate.fasta	DRY
02b_Filter/SRR22742705/SRR22742705.virus.candidate_cdd_filtered.fasta	/home/zhangwenda/goji-virome/01_data/data-test/RNA-Lycium_barbarum_out/02b_Filter/SRR22742705/cdd/all_candidates_cdd_filter.fasta	cdd_filtered	cdd/all_candidates_cdd_filter.fasta	DRY
02b_Filter/SRR22742705/SRR22742705.virus.candidate_uniprot_filtered.fasta	/home/zhangwenda/goji-virome/01_data/data-test/RNA-Lycium_barbarum_out/02b_Filter/SRR22742705/uniprot/all_candidates_uniprot.fasta	uniprot_filtered	uniprot/all_candidates_uniprot.fasta	DRY
02b_Filter/SRR22742705/SRR22742705.virus.candidate_filtered.fasta	/home/zhangwenda/goji-virome/01_data/data-test/RNA-Lycium_barbarum_out/02b_Filter/SRR22742705/uniprot/all_candidates_uniprot.fasta	strict_from_uniprot	uniprot/all_candidates_uniprot.fasta	DRY
02b_Filter/SRR23107135/SRR23107135_virus.all.candidate.fasta	/home/zhangwenda/goji-virome/01_data/data-test/RNA-Lycium_barbarum_out/02a_Identification/SRR23107135/SRR23107135_virus.all.candidate.fasta	02a_all_candidate	../../02a_Identification/SRR23107135/SRR23107135_virus.all.candidate.fasta	DRY
02b_Filter/SRR23107135/SRR23107135.virus.candidate_cdd_filtered.fasta	/home/zhangwenda/goji-virome/01_data/data-test/RNA-Lycium_barbarum_out/02b_Filter/SRR23107135/cdd/all_candidates_cdd_filter.fasta	cdd_filtered	cdd/all_candidates_cdd_filter.fasta	DRY
02b_Filter/SRR23107135/SRR23107135.virus.candidate_uniprot_filtered.fasta	/home/zhangwenda/goji-virome/01_data/data-test/RNA-Lycium_barbarum_out/02b_Filter/SRR23107135/uniprot/all_candidates_uniprot.fasta	uniprot_filtered	uniprot/all_candidates_uniprot.fasta	DRY
02b_Filter/SRR23107135/SRR23107135.virus.candidate_filtered.fasta	/home/zhangwenda/goji-virome/01_data/data-test/RNA-Lycium_barbarum_out/02b_Filter/SRR23107135/uniprot/all_candidates_uniprot.fasta	strict_from_uniprot	uniprot/all_candidates_uniprot.fasta	DRY
02b_Filter/SRR23107136/SRR23107136_virus.all.candidate.fasta	/home/zhangwenda/goji-virome/01_data/data-test/RNA-Lycium_barbarum_out/02a_Identification/SRR23107136/SRR23107136_virus.all.candidate.fasta	02a_all_candidate	../../02a_Identification/SRR23107136/SRR23107136_virus.all.candidate.fasta	DRY
02b_Filter/SRR23107136/SRR23107136.virus.candidate_cdd_filtered.fasta	/home/zhangwenda/goji-virome/01_data/data-test/RNA-Lycium_barbarum_out/02b_Filter/SRR23107136/cdd/all_candidates_cdd_filter.fasta	cdd_filtered	cdd/all_candidates_cdd_filter.fasta	DRY
02b_Filter/SRR23107136/SRR23107136.virus.candidate_uniprot_filtered.fasta	/home/zhangwenda/goji-virome/01_data/data-test/RNA-Lycium_barbarum_out/02b_Filter/SRR23107136/uniprot/all_candidates_uniprot.fasta	uniprot_filtered	uniprot/all_candidates_uniprot.fasta	DRY
02b_Filter/SRR23107136/SRR23107136.virus.candidate_filtered.fasta	/home/zhangwenda/goji-virome/01_data/data-test/RNA-Lycium_barbarum_out/02b_Filter/SRR23107136/uniprot/all_candidates_uniprot.fasta	strict_from_uniprot	uniprot/all_candidates_uniprot.fasta	DRY
02b_Filter/SRR23107137/SRR23107137_virus.all.candidate.fasta	/home/zhangwenda/goji-virome/01_data/data-test/RNA-Lycium_barbarum_out/02a_Identification/SRR23107137/SRR23107137_virus.all.candidate.fasta	02a_all_candidate	../../02a_Identification/SRR23107137/SRR23107137_virus.all.candidate.fasta	DRY
02b_Filter/SRR23107137/SRR23107137.virus.candidate_cdd_filtered.fasta	/home/zhangwenda/goji-virome/01_data/data-test/RNA-Lycium_barbarum_out/02b_Filter/SRR23107137/cdd/all_candidates_cdd_filter.fasta	cdd_filtered	cdd/all_candidates_cdd_filter.fasta	DRY
02b_Filter/SRR23107137/SRR23107137.virus.candidate_uniprot_filtered.fasta	/home/zhangwenda/goji-virome/01_data/data-test/RNA-Lycium_barbarum_out/02b_Filter/SRR23107137/uniprot/all_candidates_uniprot.fasta	uniprot_filtered	uniprot/all_candidates_uniprot.fasta	DRY
02b_Filter/SRR23107137/SRR23107137.virus.candidate_filtered.fasta	/home/zhangwenda/goji-virome/01_data/data-test/RNA-Lycium_barbarum_out/02b_Filter/SRR23107137/uniprot/all_candidates_uniprot.fasta	strict_from_uniprot	uniprot/all_candidates_uniprot.fasta	DRY
02b_Filter/SRR23107139/SRR23107139_virus.all.candidate.fasta	/home/zhangwenda/goji-virome/01_data/data-test/RNA-Lycium_barbarum_out/02a_Identification/SRR23107139/SRR23107139_virus.all.candidate.fasta	02a_all_candidate	../../02a_Identification/SRR23107139/SRR23107139_virus.all.candidate.fasta	DRY
02b_Filter/SRR23107139/SRR23107139.virus.candidate_cdd_filtered.fasta	/home/zhangwenda/goji-virome/01_data/data-test/RNA-Lycium_barbarum_out/02b_Filter/SRR23107139/cdd/all_candidates_cdd_filter.fasta	cdd_filtered	cdd/all_candidates_cdd_filter.fasta	DRY
02b_Filter/SRR23107139/SRR23107139.virus.candidate_uniprot_filtered.fasta	/home/zhangwenda/goji-virome/01_data/data-test/RNA-Lycium_barbarum_out/02b_Filter/SRR23107139/uniprot/all_candidates_uniprot.fasta	uniprot_filtered	uniprot/all_candidates_uniprot.fasta	DRY
02b_Filter/SRR23107139/SRR23107139.virus.candidate_filtered.fasta	/home/zhangwenda/goji-virome/01_data/data-test/RNA-Lycium_barbarum_out/02b_Filter/SRR23107139/uniprot/all_candidates_uniprot.fasta	strict_from_uniprot	uniprot/all_candidates_uniprot.fasta	DRY
02b_Filter/SRR23107141/SRR23107141_virus.all.candidate.fasta	/home/zhangwenda/goji-virome/01_data/data-test/RNA-Lycium_barbarum_out/02a_Identification/SRR23107141/SRR23107141_virus.all.candidate.fasta	02a_all_candidate	../../02a_Identification/SRR23107141/SRR23107141_virus.all.candidate.fasta	DRY
02b_Filter/SRR23107141/SRR23107141.virus.candidate_cdd_filtered.fasta	/home/zhangwenda/goji-virome/01_data/data-test/RNA-Lycium_barbarum_out/02b_Filter/SRR23107141/cdd/all_candidates_cdd_filter.fasta	cdd_filtered	cdd/all_candidates_cdd_filter.fasta	DRY
02b_Filter/SRR23107141/SRR23107141.virus.candidate_uniprot_filtered.fasta	/home/zhangwenda/goji-virome/01_data/data-test/RNA-Lycium_barbarum_out/02b_Filter/SRR23107141/uniprot/all_candidates_uniprot.fasta	uniprot_filtered	uniprot/all_candidates_uniprot.fasta	DRY
02b_Filter/SRR23107141/SRR23107141.virus.candidate_filtered.fasta	/home/zhangwenda/goji-virome/01_data/data-test/RNA-Lycium_barbarum_out/02b_Filter/SRR23107141/uniprot/all_candidates_uniprot.fasta	strict_from_uniprot	uniprot/all_candidates_uniprot.fasta	DRY
02b_Filter/SRR23107142/SRR23107142_virus.all.candidate.fasta	/home/zhangwenda/goji-virome/01_data/data-test/RNA-Lycium_barbarum_out/02a_Identification/SRR23107142/SRR23107142_virus.all.candidate.fasta	02a_all_candidate	../../02a_Identification/SRR23107142/SRR23107142_virus.all.candidate.fasta	DRY
02b_Filter/SRR23107142/SRR23107142.virus.candidate_cdd_filtered.fasta	/home/zhangwenda/goji-virome/01_data/data-test/RNA-Lycium_barbarum_out/02b_Filter/SRR23107142/cdd/all_candidates_cdd_filter.fasta	cdd_filtered	cdd/all_candidates_cdd_filter.fasta	DRY
02b_Filter/SRR23107142/SRR23107142.virus.candidate_uniprot_filtered.fasta	/home/zhangwenda/goji-virome/01_data/data-test/RNA-Lycium_barbarum_out/02b_Filter/SRR23107142/uniprot/all_candidates_uniprot.fasta	uniprot_filtered	uniprot/all_candidates_uniprot.fasta	DRY
02b_Filter/SRR23107142/SRR23107142.virus.candidate_filtered.fasta	/home/zhangwenda/goji-virome/01_data/data-test/RNA-Lycium_barbarum_out/02b_Filter/SRR23107142/uniprot/all_candidates_uniprot.fasta	strict_from_uniprot	uniprot/all_candidates_uniprot.fasta	DRY
02b_Filter/SRR23215176/SRR23215176_virus.all.candidate.fasta	/home/zhangwenda/goji-virome/01_data/data-test/RNA-Lycium_barbarum_out/02a_Identification/SRR23215176/SRR23215176_virus.all.candidate.fasta	02a_all_candidate	../../02a_Identification/SRR23215176/SRR23215176_virus.all.candidate.fasta	DRY
02b_Filter/SRR23215176/SRR23215176.virus.candidate_cdd_filtered.fasta	/home/zhangwenda/goji-virome/01_data/data-test/RNA-Lycium_barbarum_out/02b_Filter/SRR23215176/cdd/all_candidates_cdd_filter.fasta	cdd_filtered	cdd/all_candidates_cdd_filter.fasta	DRY
02b_Filter/SRR23215176/SRR23215176.virus.candidate_uniprot_filtered.fasta	/home/zhangwenda/goji-virome/01_data/data-test/RNA-Lycium_barbarum_out/02b_Filter/SRR23215176/uniprot/all_candidates_uniprot.fasta	uniprot_filtered	uniprot/all_candidates_uniprot.fasta	DRY
02b_Filter/SRR23215176/SRR23215176.virus.candidate_filtered.fasta	/home/zhangwenda/goji-virome/01_data/data-test/RNA-Lycium_barbarum_out/02b_Filter/SRR23215176/uniprot/all_candidates_uniprot.fasta	strict_from_uniprot	uniprot/all_candidates_uniprot.fasta	DRY
02b_Filter/SRR23215177/SRR23215177_virus.all.candidate.fasta	/home/zhangwenda/goji-virome/01_data/data-test/RNA-Lycium_barbarum_out/02a_Identification/SRR23215177/SRR23215177_virus.all.candidate.fasta	02a_all_candidate	../../02a_Identification/SRR23215177/SRR23215177_virus.all.candidate.fasta	DRY
02b_Filter/SRR23215177/SRR23215177.virus.candidate_cdd_filtered.fasta	/home/zhangwenda/goji-virome/01_data/data-test/RNA-Lycium_barbarum_out/02b_Filter/SRR23215177/cdd/all_candidates_cdd_filter.fasta	cdd_filtered	cdd/all_candidates_cdd_filter.fasta	DRY
02b_Filter/SRR23215177/SRR23215177.virus.candidate_uniprot_filtered.fasta	/home/zhangwenda/goji-virome/01_data/data-test/RNA-Lycium_barbarum_out/02b_Filter/SRR23215177/uniprot/all_candidates_uniprot.fasta	uniprot_filtered	uniprot/all_candidates_uniprot.fasta	DRY
02b_Filter/SRR23215177/SRR23215177.virus.candidate_filtered.fasta	/home/zhangwenda/goji-virome/01_data/data-test/RNA-Lycium_barbarum_out/02b_Filter/SRR23215177/uniprot/all_candidates_uniprot.fasta	strict_from_uniprot	uniprot/all_candidates_uniprot.fasta	DRY
02b_Filter/SRR23215178/SRR23215178_virus.all.candidate.fasta	/home/zhangwenda/goji-virome/01_data/data-test/RNA-Lycium_barbarum_out/02a_Identification/SRR23215178/SRR23215178_virus.all.candidate.fasta	02a_all_candidate	../../02a_Identification/SRR23215178/SRR23215178_virus.all.candidate.fasta	DRY
02b_Filter/SRR23215178/SRR23215178.virus.candidate_cdd_filtered.fasta	/home/zhangwenda/goji-virome/01_data/data-test/RNA-Lycium_barbarum_out/02b_Filter/SRR23215178/cdd/all_candidates_cdd_filter.fasta	cdd_filtered	cdd/all_candidates_cdd_filter.fasta	DRY
02b_Filter/SRR23215178/SRR23215178.virus.candidate_uniprot_filtered.fasta	/home/zhangwenda/goji-virome/01_data/data-test/RNA-Lycium_barbarum_out/02b_Filter/SRR23215178/uniprot/all_candidates_uniprot.fasta	uniprot_filtered	uniprot/all_candidates_uniprot.fasta	DRY
02b_Filter/SRR23215178/SRR23215178.virus.candidate_filtered.fasta	/home/zhangwenda/goji-virome/01_data/data-test/RNA-Lycium_barbarum_out/02b_Filter/SRR23215178/uniprot/all_candidates_uniprot.fasta	strict_from_uniprot	uniprot/all_candidates_uniprot.fasta	DRY
02b_Filter/SRR23215179/SRR23215179_virus.all.candidate.fasta	/home/zhangwenda/goji-virome/01_data/data-test/RNA-Lycium_barbarum_out/02a_Identification/SRR23215179/SRR23215179_virus.all.candidate.fasta	02a_all_candidate	../../02a_Identification/SRR23215179/SRR23215179_virus.all.candidate.fasta	DRY
02b_Filter/SRR23215179/SRR23215179.virus.candidate_cdd_filtered.fasta	/home/zhangwenda/goji-virome/01_data/data-test/RNA-Lycium_barbarum_out/02b_Filter/SRR23215179/cdd/all_candidates_cdd_filter.fasta	cdd_filtered	cdd/all_candidates_cdd_filter.fasta	DRY
02b_Filter/SRR23215179/SRR23215179.virus.candidate_uniprot_filtered.fasta	/home/zhangwenda/goji-virome/01_data/data-test/RNA-Lycium_barbarum_out/02b_Filter/SRR23215179/uniprot/all_candidates_uniprot.fasta	uniprot_filtered	uniprot/all_candidates_uniprot.fasta	DRY
02b_Filter/SRR23215179/SRR23215179.virus.candidate_filtered.fasta	/home/zhangwenda/goji-virome/01_data/data-test/RNA-Lycium_barbarum_out/02b_Filter/SRR23215179/uniprot/all_candidates_uniprot.fasta	strict_from_uniprot	uniprot/all_candidates_uniprot.fasta	DRY
02b_Filter/SRR23215180/SRR23215180_virus.all.candidate.fasta	/home/zhangwenda/goji-virome/01_data/data-test/RNA-Lycium_barbarum_out/02a_Identification/SRR23215180/SRR23215180_virus.all.candidate.fasta	02a_all_candidate	../../02a_Identification/SRR23215180/SRR23215180_virus.all.candidate.fasta	DRY
02b_Filter/SRR23215180/SRR23215180.virus.candidate_cdd_filtered.fasta	/home/zhangwenda/goji-virome/01_data/data-test/RNA-Lycium_barbarum_out/02b_Filter/SRR23215180/cdd/all_candidates_cdd_filter.fasta	cdd_filtered	cdd/all_candidates_cdd_filter.fasta	DRY
02b_Filter/SRR23215180/SRR23215180.virus.candidate_uniprot_filtered.fasta	/home/zhangwenda/goji-virome/01_data/data-test/RNA-Lycium_barbarum_out/02b_Filter/SRR23215180/uniprot/all_candidates_uniprot.fasta	uniprot_filtered	uniprot/all_candidates_uniprot.fasta	DRY
02b_Filter/SRR23215180/SRR23215180.virus.candidate_filtered.fasta	/home/zhangwenda/goji-virome/01_data/data-test/RNA-Lycium_barbarum_out/02b_Filter/SRR23215180/uniprot/all_candidates_uniprot.fasta	strict_from_uniprot	uniprot/all_candidates_uniprot.fasta	DRY
02b_Filter/SRR23215181/SRR23215181_virus.all.candidate.fasta	/home/zhangwenda/goji-virome/01_data/data-test/RNA-Lycium_barbarum_out/02a_Identification/SRR23215181/SRR23215181_virus.all.candidate.fasta	02a_all_candidate	../../02a_Identification/SRR23215181/SRR23215181_virus.all.candidate.fasta	DRY
02b_Filter/SRR23215181/SRR23215181.virus.candidate_cdd_filtered.fasta	/home/zhangwenda/goji-virome/01_data/data-test/RNA-Lycium_barbarum_out/02b_Filter/SRR23215181/cdd/all_candidates_cdd_filter.fasta	cdd_filtered	cdd/all_candidates_cdd_filter.fasta	DRY
02b_Filter/SRR23215181/SRR23215181.virus.candidate_uniprot_filtered.fasta	/home/zhangwenda/goji-virome/01_data/data-test/RNA-Lycium_barbarum_out/02b_Filter/SRR23215181/uniprot/all_candidates_uniprot.fasta	uniprot_filtered	uniprot/all_candidates_uniprot.fasta	DRY
02b_Filter/SRR23215181/SRR23215181.virus.candidate_filtered.fasta	/home/zhangwenda/goji-virome/01_data/data-test/RNA-Lycium_barbarum_out/02b_Filter/SRR23215181/uniprot/all_candidates_uniprot.fasta	strict_from_uniprot	uniprot/all_candidates_uniprot.fasta	DRY
02b_Filter/SRR23215182/SRR23215182_virus.all.candidate.fasta	/home/zhangwenda/goji-virome/01_data/data-test/RNA-Lycium_barbarum_out/02a_Identification/SRR23215182/SRR23215182_virus.all.candidate.fasta	02a_all_candidate	../../02a_Identification/SRR23215182/SRR23215182_virus.all.candidate.fasta	DRY
02b_Filter/SRR23215182/SRR23215182.virus.candidate_cdd_filtered.fasta	/home/zhangwenda/goji-virome/01_data/data-test/RNA-Lycium_barbarum_out/02b_Filter/SRR23215182/cdd/all_candidates_cdd_filter.fasta	cdd_filtered	cdd/all_candidates_cdd_filter.fasta	DRY
02b_Filter/SRR23215182/SRR23215182.virus.candidate_uniprot_filtered.fasta	/home/zhangwenda/goji-virome/01_data/data-test/RNA-Lycium_barbarum_out/02b_Filter/SRR23215182/uniprot/all_candidates_uniprot.fasta	uniprot_filtered	uniprot/all_candidates_uniprot.fasta	DRY
02b_Filter/SRR23215182/SRR23215182.virus.candidate_filtered.fasta	/home/zhangwenda/goji-virome/01_data/data-test/RNA-Lycium_barbarum_out/02b_Filter/SRR23215182/uniprot/all_candidates_uniprot.fasta	strict_from_uniprot	uniprot/all_candidates_uniprot.fasta	DRY
02b_Filter/SRR23215183/SRR23215183_virus.all.candidate.fasta	/home/zhangwenda/goji-virome/01_data/data-test/RNA-Lycium_barbarum_out/02a_Identification/SRR23215183/SRR23215183_virus.all.candidate.fasta	02a_all_candidate	../../02a_Identification/SRR23215183/SRR23215183_virus.all.candidate.fasta	DRY
02b_Filter/SRR23215183/SRR23215183.virus.candidate_cdd_filtered.fasta	/home/zhangwenda/goji-virome/01_data/data-test/RNA-Lycium_barbarum_out/02b_Filter/SRR23215183/cdd/all_candidates_cdd_filter.fasta	cdd_filtered	cdd/all_candidates_cdd_filter.fasta	DRY
02b_Filter/SRR23215183/SRR23215183.virus.candidate_uniprot_filtered.fasta	/home/zhangwenda/goji-virome/01_data/data-test/RNA-Lycium_barbarum_out/02b_Filter/SRR23215183/uniprot/all_candidates_uniprot.fasta	uniprot_filtered	uniprot/all_candidates_uniprot.fasta	DRY
02b_Filter/SRR23215183/SRR23215183.virus.candidate_filtered.fasta	/home/zhangwenda/goji-virome/01_data/data-test/RNA-Lycium_barbarum_out/02b_Filter/SRR23215183/uniprot/all_candidates_uniprot.fasta	strict_from_uniprot	uniprot/all_candidates_uniprot.fasta	DRY
02b_Filter/SRR23215184/SRR23215184_virus.all.candidate.fasta	/home/zhangwenda/goji-virome/01_data/data-test/RNA-Lycium_barbarum_out/02a_Identification/SRR23215184/SRR23215184_virus.all.candidate.fasta	02a_all_candidate	../../02a_Identification/SRR23215184/SRR23215184_virus.all.candidate.fasta	DRY
02b_Filter/SRR23215184/SRR23215184.virus.candidate_cdd_filtered.fasta	/home/zhangwenda/goji-virome/01_data/data-test/RNA-Lycium_barbarum_out/02b_Filter/SRR23215184/cdd/all_candidates_cdd_filter.fasta	cdd_filtered	cdd/all_candidates_cdd_filter.fasta	DRY
02b_Filter/SRR23215184/SRR23215184.virus.candidate_uniprot_filtered.fasta	/home/zhangwenda/goji-virome/01_data/data-test/RNA-Lycium_barbarum_out/02b_Filter/SRR23215184/uniprot/all_candidates_uniprot.fasta	uniprot_filtered	uniprot/all_candidates_uniprot.fasta	DRY
02b_Filter/SRR23215184/SRR23215184.virus.candidate_filtered.fasta	/home/zhangwenda/goji-virome/01_data/data-test/RNA-Lycium_barbarum_out/02b_Filter/SRR23215184/uniprot/all_candidates_uniprot.fasta	strict_from_uniprot	uniprot/all_candidates_uniprot.fasta	DRY
02b_Filter/SRR23215185/SRR23215185_virus.all.candidate.fasta	/home/zhangwenda/goji-virome/01_data/data-test/RNA-Lycium_barbarum_out/02a_Identification/SRR23215185/SRR23215185_virus.all.candidate.fasta	02a_all_candidate	../../02a_Identification/SRR23215185/SRR23215185_virus.all.candidate.fasta	DRY
02b_Filter/SRR23215185/SRR23215185.virus.candidate_cdd_filtered.fasta	/home/zhangwenda/goji-virome/01_data/data-test/RNA-Lycium_barbarum_out/02b_Filter/SRR23215185/cdd/all_candidates_cdd_filter.fasta	cdd_filtered	cdd/all_candidates_cdd_filter.fasta	DRY
02b_Filter/SRR23215185/SRR23215185.virus.candidate_uniprot_filtered.fasta	/home/zhangwenda/goji-virome/01_data/data-test/RNA-Lycium_barbarum_out/02b_Filter/SRR23215185/uniprot/all_candidates_uniprot.fasta	uniprot_filtered	uniprot/all_candidates_uniprot.fasta	DRY
02b_Filter/SRR23215185/SRR23215185.virus.candidate_filtered.fasta	/home/zhangwenda/goji-virome/01_data/data-test/RNA-Lycium_barbarum_out/02b_Filter/SRR23215185/uniprot/all_candidates_uniprot.fasta	strict_from_uniprot	uniprot/all_candidates_uniprot.fasta	DRY
02b_Filter/SRR23215186/SRR23215186_virus.all.candidate.fasta	/home/zhangwenda/goji-virome/01_data/data-test/RNA-Lycium_barbarum_out/02a_Identification/SRR23215186/SRR23215186_virus.all.candidate.fasta	02a_all_candidate	../../02a_Identification/SRR23215186/SRR23215186_virus.all.candidate.fasta	DRY
02b_Filter/SRR23215186/SRR23215186.virus.candidate_cdd_filtered.fasta	/home/zhangwenda/goji-virome/01_data/data-test/RNA-Lycium_barbarum_out/02b_Filter/SRR23215186/cdd/all_candidates_cdd_filter.fasta	cdd_filtered	cdd/all_candidates_cdd_filter.fasta	DRY
02b_Filter/SRR23215186/SRR23215186.virus.candidate_uniprot_filtered.fasta	/home/zhangwenda/goji-virome/01_data/data-test/RNA-Lycium_barbarum_out/02b_Filter/SRR23215186/uniprot/all_candidates_uniprot.fasta	uniprot_filtered	uniprot/all_candidates_uniprot.fasta	DRY
02b_Filter/SRR23215186/SRR23215186.virus.candidate_filtered.fasta	/home/zhangwenda/goji-virome/01_data/data-test/RNA-Lycium_barbarum_out/02b_Filter/SRR23215186/uniprot/all_candidates_uniprot.fasta	strict_from_uniprot	uniprot/all_candidates_uniprot.fasta	DRY
02b_Filter/SRR23215187/SRR23215187_virus.all.candidate.fasta	/home/zhangwenda/goji-virome/01_data/data-test/RNA-Lycium_barbarum_out/02a_Identification/SRR23215187/SRR23215187_virus.all.candidate.fasta	02a_all_candidate	../../02a_Identification/SRR23215187/SRR23215187_virus.all.candidate.fasta	DRY
02b_Filter/SRR23215187/SRR23215187.virus.candidate_cdd_filtered.fasta	/home/zhangwenda/goji-virome/01_data/data-test/RNA-Lycium_barbarum_out/02b_Filter/SRR23215187/cdd/all_candidates_cdd_filter.fasta	cdd_filtered	cdd/all_candidates_cdd_filter.fasta	DRY
02b_Filter/SRR23215187/SRR23215187.virus.candidate_uniprot_filtered.fasta	/home/zhangwenda/goji-virome/01_data/data-test/RNA-Lycium_barbarum_out/02b_Filter/SRR23215187/uniprot/all_candidates_uniprot.fasta	uniprot_filtered	uniprot/all_candidates_uniprot.fasta	DRY
02b_Filter/SRR23215187/SRR23215187.virus.candidate_filtered.fasta	/home/zhangwenda/goji-virome/01_data/data-test/RNA-Lycium_barbarum_out/02b_Filter/SRR23215187/uniprot/all_candidates_uniprot.fasta	strict_from_uniprot	uniprot/all_candidates_uniprot.fasta	DRY
02b_Filter/SRR2344922/SRR2344922_virus.all.candidate.fasta	/home/zhangwenda/goji-virome/01_data/data-test/RNA-Lycium_barbarum_out/02a_Identification/SRR2344922/SRR2344922_virus.all.candidate.fasta	02a_all_candidate	../../02a_Identification/SRR2344922/SRR2344922_virus.all.candidate.fasta	DRY
02b_Filter/SRR2344922/SRR2344922.virus.candidate_cdd_filtered.fasta	/home/zhangwenda/goji-virome/01_data/data-test/RNA-Lycium_barbarum_out/02b_Filter/SRR2344922/cdd/all_candidates_cdd_filter.fasta	cdd_filtered	cdd/all_candidates_cdd_filter.fasta	DRY
02b_Filter/SRR2344922/SRR2344922.virus.candidate_uniprot_filtered.fasta	/home/zhangwenda/goji-virome/01_data/data-test/RNA-Lycium_barbarum_out/02b_Filter/SRR2344922/uniprot/all_candidates_uniprot.fasta	uniprot_filtered	uniprot/all_candidates_uniprot.fasta	DRY
02b_Filter/SRR2344922/SRR2344922.virus.candidate_filtered.fasta	/home/zhangwenda/goji-virome/01_data/data-test/RNA-Lycium_barbarum_out/02b_Filter/SRR2344922/uniprot/all_candidates_uniprot.fasta	strict_from_uniprot	uniprot/all_candidates_uniprot.fasta	DRY
02b_Filter/SRR2344923/SRR2344923_virus.all.candidate.fasta	/home/zhangwenda/goji-virome/01_data/data-test/RNA-Lycium_barbarum_out/02a_Identification/SRR2344923/SRR2344923_virus.all.candidate.fasta	02a_all_candidate	../../02a_Identification/SRR2344923/SRR2344923_virus.all.candidate.fasta	DRY
02b_Filter/SRR2344923/SRR2344923.virus.candidate_cdd_filtered.fasta	/home/zhangwenda/goji-virome/01_data/data-test/RNA-Lycium_barbarum_out/02b_Filter/SRR2344923/cdd/all_candidates_cdd_filter.fasta	cdd_filtered	cdd/all_candidates_cdd_filter.fasta	DRY
02b_Filter/SRR2344923/SRR2344923.virus.candidate_uniprot_filtered.fasta	/home/zhangwenda/goji-virome/01_data/data-test/RNA-Lycium_barbarum_out/02b_Filter/SRR2344923/uniprot/all_candidates_uniprot.fasta	uniprot_filtered	uniprot/all_candidates_uniprot.fasta	DRY
02b_Filter/SRR2344923/SRR2344923.virus.candidate_filtered.fasta	/home/zhangwenda/goji-virome/01_data/data-test/RNA-Lycium_barbarum_out/02b_Filter/SRR2344923/uniprot/all_candidates_uniprot.fasta	strict_from_uniprot	uniprot/all_candidates_uniprot.fasta	DRY
02b_Filter/SRR2344924/SRR2344924_virus.all.candidate.fasta	/home/zhangwenda/goji-virome/01_data/data-test/RNA-Lycium_barbarum_out/02a_Identification/SRR2344924/SRR2344924_virus.all.candidate.fasta	02a_all_candidate	../../02a_Identification/SRR2344924/SRR2344924_virus.all.candidate.fasta	DRY
02b_Filter/SRR2344924/SRR2344924.virus.candidate_cdd_filtered.fasta	/home/zhangwenda/goji-virome/01_data/data-test/RNA-Lycium_barbarum_out/02b_Filter/SRR2344924/cdd/all_candidates_cdd_filter.fasta	cdd_filtered	cdd/all_candidates_cdd_filter.fasta	DRY
02b_Filter/SRR2344924/SRR2344924.virus.candidate_uniprot_filtered.fasta	/home/zhangwenda/goji-virome/01_data/data-test/RNA-Lycium_barbarum_out/02b_Filter/SRR2344924/uniprot/all_candidates_uniprot.fasta	uniprot_filtered	uniprot/all_candidates_uniprot.fasta	DRY
02b_Filter/SRR2344924/SRR2344924.virus.candidate_filtered.fasta	/home/zhangwenda/goji-virome/01_data/data-test/RNA-Lycium_barbarum_out/02b_Filter/SRR2344924/uniprot/all_candidates_uniprot.fasta	strict_from_uniprot	uniprot/all_candidates_uniprot.fasta	DRY
02b_Filter/SRR2344925/SRR2344925_virus.all.candidate.fasta	/home/zhangwenda/goji-virome/01_data/data-test/RNA-Lycium_barbarum_out/02a_Identification/SRR2344925/SRR2344925_virus.all.candidate.fasta	02a_all_candidate	../../02a_Identification/SRR2344925/SRR2344925_virus.all.candidate.fasta	DRY
02b_Filter/SRR2344925/SRR2344925.virus.candidate_cdd_filtered.fasta	/home/zhangwenda/goji-virome/01_data/data-test/RNA-Lycium_barbarum_out/02b_Filter/SRR2344925/cdd/all_candidates_cdd_filter.fasta	cdd_filtered	cdd/all_candidates_cdd_filter.fasta	DRY
02b_Filter/SRR2344925/SRR2344925.virus.candidate_uniprot_filtered.fasta	/home/zhangwenda/goji-virome/01_data/data-test/RNA-Lycium_barbarum_out/02b_Filter/SRR2344925/uniprot/all_candidates_uniprot.fasta	uniprot_filtered	uniprot/all_candidates_uniprot.fasta	DRY
02b_Filter/SRR2344925/SRR2344925.virus.candidate_filtered.fasta	/home/zhangwenda/goji-virome/01_data/data-test/RNA-Lycium_barbarum_out/02b_Filter/SRR2344925/uniprot/all_candidates_uniprot.fasta	strict_from_uniprot	uniprot/all_candidates_uniprot.fasta	DRY
02b_Filter/SRR2344926/SRR2344926_virus.all.candidate.fasta	/home/zhangwenda/goji-virome/01_data/data-test/RNA-Lycium_barbarum_out/02a_Identification/SRR2344926/SRR2344926_virus.all.candidate.fasta	02a_all_candidate	../../02a_Identification/SRR2344926/SRR2344926_virus.all.candidate.fasta	DRY
02b_Filter/SRR2344926/SRR2344926.virus.candidate_cdd_filtered.fasta	/home/zhangwenda/goji-virome/01_data/data-test/RNA-Lycium_barbarum_out/02b_Filter/SRR2344926/cdd/all_candidates_cdd_filter.fasta	cdd_filtered	cdd/all_candidates_cdd_filter.fasta	DRY
02b_Filter/SRR2344926/SRR2344926.virus.candidate_uniprot_filtered.fasta	/home/zhangwenda/goji-virome/01_data/data-test/RNA-Lycium_barbarum_out/02b_Filter/SRR2344926/uniprot/all_candidates_uniprot.fasta	uniprot_filtered	uniprot/all_candidates_uniprot.fasta	DRY
02b_Filter/SRR2344926/SRR2344926.virus.candidate_filtered.fasta	/home/zhangwenda/goji-virome/01_data/data-test/RNA-Lycium_barbarum_out/02b_Filter/SRR2344926/uniprot/all_candidates_uniprot.fasta	strict_from_uniprot	uniprot/all_candidates_uniprot.fasta	DRY
02b_Filter/SRR2344927/SRR2344927_virus.all.candidate.fasta	/home/zhangwenda/goji-virome/01_data/data-test/RNA-Lycium_barbarum_out/02a_Identification/SRR2344927/SRR2344927_virus.all.candidate.fasta	02a_all_candidate	../../02a_Identification/SRR2344927/SRR2344927_virus.all.candidate.fasta	DRY
02b_Filter/SRR2344927/SRR2344927.virus.candidate_cdd_filtered.fasta	/home/zhangwenda/goji-virome/01_data/data-test/RNA-Lycium_barbarum_out/02b_Filter/SRR2344927/cdd/all_candidates_cdd_filter.fasta	cdd_filtered	cdd/all_candidates_cdd_filter.fasta	DRY
02b_Filter/SRR2344927/SRR2344927.virus.candidate_uniprot_filtered.fasta	/home/zhangwenda/goji-virome/01_data/data-test/RNA-Lycium_barbarum_out/02b_Filter/SRR2344927/uniprot/all_candidates_uniprot.fasta	uniprot_filtered	uniprot/all_candidates_uniprot.fasta	DRY
02b_Filter/SRR2344927/SRR2344927.virus.candidate_filtered.fasta	/home/zhangwenda/goji-virome/01_data/data-test/RNA-Lycium_barbarum_out/02b_Filter/SRR2344927/uniprot/all_candidates_uniprot.fasta	strict_from_uniprot	uniprot/all_candidates_uniprot.fasta	DRY
02b_Filter/SRR2344928/SRR2344928_virus.all.candidate.fasta	/home/zhangwenda/goji-virome/01_data/data-test/RNA-Lycium_barbarum_out/02a_Identification/SRR2344928/SRR2344928_virus.all.candidate.fasta	02a_all_candidate	../../02a_Identification/SRR2344928/SRR2344928_virus.all.candidate.fasta	DRY
02b_Filter/SRR2344928/SRR2344928.virus.candidate_cdd_filtered.fasta	/home/zhangwenda/goji-virome/01_data/data-test/RNA-Lycium_barbarum_out/02b_Filter/SRR2344928/cdd/all_candidates_cdd_filter.fasta	cdd_filtered	cdd/all_candidates_cdd_filter.fasta	DRY
02b_Filter/SRR2344928/SRR2344928.virus.candidate_uniprot_filtered.fasta	/home/zhangwenda/goji-virome/01_data/data-test/RNA-Lycium_barbarum_out/02b_Filter/SRR2344928/uniprot/all_candidates_uniprot.fasta	uniprot_filtered	uniprot/all_candidates_uniprot.fasta	DRY
02b_Filter/SRR2344928/SRR2344928.virus.candidate_filtered.fasta	/home/zhangwenda/goji-virome/01_data/data-test/RNA-Lycium_barbarum_out/02b_Filter/SRR2344928/uniprot/all_candidates_uniprot.fasta	strict_from_uniprot	uniprot/all_candidates_uniprot.fasta	DRY
02b_Filter/SRR2344929/SRR2344929_virus.all.candidate.fasta	/home/zhangwenda/goji-virome/01_data/data-test/RNA-Lycium_barbarum_out/02a_Identification/SRR2344929/SRR2344929_virus.all.candidate.fasta	02a_all_candidate	../../02a_Identification/SRR2344929/SRR2344929_virus.all.candidate.fasta	DRY
02b_Filter/SRR2344929/SRR2344929.virus.candidate_cdd_filtered.fasta	/home/zhangwenda/goji-virome/01_data/data-test/RNA-Lycium_barbarum_out/02b_Filter/SRR2344929/cdd/all_candidates_cdd_filter.fasta	cdd_filtered	cdd/all_candidates_cdd_filter.fasta	DRY
02b_Filter/SRR2344929/SRR2344929.virus.candidate_uniprot_filtered.fasta	/home/zhangwenda/goji-virome/01_data/data-test/RNA-Lycium_barbarum_out/02b_Filter/SRR2344929/uniprot/all_candidates_uniprot.fasta	uniprot_filtered	uniprot/all_candidates_uniprot.fasta	DRY
02b_Filter/SRR2344929/SRR2344929.virus.candidate_filtered.fasta	/home/zhangwenda/goji-virome/01_data/data-test/RNA-Lycium_barbarum_out/02b_Filter/SRR2344929/uniprot/all_candidates_uniprot.fasta	strict_from_uniprot	uniprot/all_candidates_uniprot.fasta	DRY
02b_Filter/SRR2344930/SRR2344930_virus.all.candidate.fasta	/home/zhangwenda/goji-virome/01_data/data-test/RNA-Lycium_barbarum_out/02a_Identification/SRR2344930/SRR2344930_virus.all.candidate.fasta	02a_all_candidate	../../02a_Identification/SRR2344930/SRR2344930_virus.all.candidate.fasta	DRY
02b_Filter/SRR2344930/SRR2344930.virus.candidate_cdd_filtered.fasta	/home/zhangwenda/goji-virome/01_data/data-test/RNA-Lycium_barbarum_out/02b_Filter/SRR2344930/cdd/all_candidates_cdd_filter.fasta	cdd_filtered	cdd/all_candidates_cdd_filter.fasta	DRY
02b_Filter/SRR2344930/SRR2344930.virus.candidate_uniprot_filtered.fasta	/home/zhangwenda/goji-virome/01_data/data-test/RNA-Lycium_barbarum_out/02b_Filter/SRR2344930/uniprot/all_candidates_uniprot.fasta	uniprot_filtered	uniprot/all_candidates_uniprot.fasta	DRY
02b_Filter/SRR2344930/SRR2344930.virus.candidate_filtered.fasta	/home/zhangwenda/goji-virome/01_data/data-test/RNA-Lycium_barbarum_out/02b_Filter/SRR2344930/uniprot/all_candidates_uniprot.fasta	strict_from_uniprot	uniprot/all_candidates_uniprot.fasta	DRY
02b_Filter/SRR2344931/SRR2344931_virus.all.candidate.fasta	/home/zhangwenda/goji-virome/01_data/data-test/RNA-Lycium_barbarum_out/02a_Identification/SRR2344931/SRR2344931_virus.all.candidate.fasta	02a_all_candidate	../../02a_Identification/SRR2344931/SRR2344931_virus.all.candidate.fasta	DRY
02b_Filter/SRR2344931/SRR2344931.virus.candidate_cdd_filtered.fasta	/home/zhangwenda/goji-virome/01_data/data-test/RNA-Lycium_barbarum_out/02b_Filter/SRR2344931/cdd/all_candidates_cdd_filter.fasta	cdd_filtered	cdd/all_candidates_cdd_filter.fasta	DRY
02b_Filter/SRR2344931/SRR2344931.virus.candidate_uniprot_filtered.fasta	/home/zhangwenda/goji-virome/01_data/data-test/RNA-Lycium_barbarum_out/02b_Filter/SRR2344931/uniprot/all_candidates_uniprot.fasta	uniprot_filtered	uniprot/all_candidates_uniprot.fasta	DRY
02b_Filter/SRR2344931/SRR2344931.virus.candidate_filtered.fasta	/home/zhangwenda/goji-virome/01_data/data-test/RNA-Lycium_barbarum_out/02b_Filter/SRR2344931/uniprot/all_candidates_uniprot.fasta	strict_from_uniprot	uniprot/all_candidates_uniprot.fasta	DRY
02b_Filter/SRR2344932/SRR2344932_virus.all.candidate.fasta	/home/zhangwenda/goji-virome/01_data/data-test/RNA-Lycium_barbarum_out/02a_Identification/SRR2344932/SRR2344932_virus.all.candidate.fasta	02a_all_candidate	../../02a_Identification/SRR2344932/SRR2344932_virus.all.candidate.fasta	DRY
02b_Filter/SRR2344932/SRR2344932.virus.candidate_cdd_filtered.fasta	/home/zhangwenda/goji-virome/01_data/data-test/RNA-Lycium_barbarum_out/02b_Filter/SRR2344932/cdd/all_candidates_cdd_filter.fasta	cdd_filtered	cdd/all_candidates_cdd_filter.fasta	DRY
02b_Filter/SRR2344932/SRR2344932.virus.candidate_uniprot_filtered.fasta	/home/zhangwenda/goji-virome/01_data/data-test/RNA-Lycium_barbarum_out/02b_Filter/SRR2344932/uniprot/all_candidates_uniprot.fasta	uniprot_filtered	uniprot/all_candidates_uniprot.fasta	DRY
02b_Filter/SRR2344932/SRR2344932.virus.candidate_filtered.fasta	/home/zhangwenda/goji-virome/01_data/data-test/RNA-Lycium_barbarum_out/02b_Filter/SRR2344932/uniprot/all_candidates_uniprot.fasta	strict_from_uniprot	uniprot/all_candidates_uniprot.fasta	DRY
02b_Filter/SRR2344933/SRR2344933_virus.all.candidate.fasta	/home/zhangwenda/goji-virome/01_data/data-test/RNA-Lycium_barbarum_out/02a_Identification/SRR2344933/SRR2344933_virus.all.candidate.fasta	02a_all_candidate	../../02a_Identification/SRR2344933/SRR2344933_virus.all.candidate.fasta	DRY
02b_Filter/SRR2344933/SRR2344933.virus.candidate_cdd_filtered.fasta	/home/zhangwenda/goji-virome/01_data/data-test/RNA-Lycium_barbarum_out/02b_Filter/SRR2344933/cdd/all_candidates_cdd_filter.fasta	cdd_filtered	cdd/all_candidates_cdd_filter.fasta	DRY
02b_Filter/SRR2344933/SRR2344933.virus.candidate_uniprot_filtered.fasta	/home/zhangwenda/goji-virome/01_data/data-test/RNA-Lycium_barbarum_out/02b_Filter/SRR2344933/uniprot/all_candidates_uniprot.fasta	uniprot_filtered	uniprot/all_candidates_uniprot.fasta	DRY
02b_Filter/SRR2344933/SRR2344933.virus.candidate_filtered.fasta	/home/zhangwenda/goji-virome/01_data/data-test/RNA-Lycium_barbarum_out/02b_Filter/SRR2344933/uniprot/all_candidates_uniprot.fasta	strict_from_uniprot	uniprot/all_candidates_uniprot.fasta	DRY
02b_Filter/SRR2344934/SRR2344934_virus.all.candidate.fasta	/home/zhangwenda/goji-virome/01_data/data-test/RNA-Lycium_barbarum_out/02a_Identification/SRR2344934/SRR2344934_virus.all.candidate.fasta	02a_all_candidate	../../02a_Identification/SRR2344934/SRR2344934_virus.all.candidate.fasta	DRY
02b_Filter/SRR2344934/SRR2344934.virus.candidate_cdd_filtered.fasta	/home/zhangwenda/goji-virome/01_data/data-test/RNA-Lycium_barbarum_out/02b_Filter/SRR2344934/cdd/all_candidates_cdd_filter.fasta	cdd_filtered	cdd/all_candidates_cdd_filter.fasta	DRY
02b_Filter/SRR2344934/SRR2344934.virus.candidate_uniprot_filtered.fasta	/home/zhangwenda/goji-virome/01_data/data-test/RNA-Lycium_barbarum_out/02b_Filter/SRR2344934/uniprot/all_candidates_uniprot.fasta	uniprot_filtered	uniprot/all_candidates_uniprot.fasta	DRY
02b_Filter/SRR2344934/SRR2344934.virus.candidate_filtered.fasta	/home/zhangwenda/goji-virome/01_data/data-test/RNA-Lycium_barbarum_out/02b_Filter/SRR2344934/uniprot/all_candidates_uniprot.fasta	strict_from_uniprot	uniprot/all_candidates_uniprot.fasta	DRY
02b_Filter/SRR2344935/SRR2344935_virus.all.candidate.fasta	/home/zhangwenda/goji-virome/01_data/data-test/RNA-Lycium_barbarum_out/02a_Identification/SRR2344935/SRR2344935_virus.all.candidate.fasta	02a_all_candidate	../../02a_Identification/SRR2344935/SRR2344935_virus.all.candidate.fasta	DRY
02b_Filter/SRR2344935/SRR2344935.virus.candidate_cdd_filtered.fasta	/home/zhangwenda/goji-virome/01_data/data-test/RNA-Lycium_barbarum_out/02b_Filter/SRR2344935/cdd/all_candidates_cdd_filter.fasta	cdd_filtered	cdd/all_candidates_cdd_filter.fasta	DRY
02b_Filter/SRR2344935/SRR2344935.virus.candidate_uniprot_filtered.fasta	/home/zhangwenda/goji-virome/01_data/data-test/RNA-Lycium_barbarum_out/02b_Filter/SRR2344935/uniprot/all_candidates_uniprot.fasta	uniprot_filtered	uniprot/all_candidates_uniprot.fasta	DRY
02b_Filter/SRR2344935/SRR2344935.virus.candidate_filtered.fasta	/home/zhangwenda/goji-virome/01_data/data-test/RNA-Lycium_barbarum_out/02b_Filter/SRR2344935/uniprot/all_candidates_uniprot.fasta	strict_from_uniprot	uniprot/all_candidates_uniprot.fasta	DRY
02b_Filter/SRR2344936/SRR2344936_virus.all.candidate.fasta	/home/zhangwenda/goji-virome/01_data/data-test/RNA-Lycium_barbarum_out/02a_Identification/SRR2344936/SRR2344936_virus.all.candidate.fasta	02a_all_candidate	../../02a_Identification/SRR2344936/SRR2344936_virus.all.candidate.fasta	DRY
02b_Filter/SRR2344936/SRR2344936.virus.candidate_cdd_filtered.fasta	/home/zhangwenda/goji-virome/01_data/data-test/RNA-Lycium_barbarum_out/02b_Filter/SRR2344936/cdd/all_candidates_cdd_filter.fasta	cdd_filtered	cdd/all_candidates_cdd_filter.fasta	DRY
02b_Filter/SRR2344936/SRR2344936.virus.candidate_uniprot_filtered.fasta	/home/zhangwenda/goji-virome/01_data/data-test/RNA-Lycium_barbarum_out/02b_Filter/SRR2344936/uniprot/all_candidates_uniprot.fasta	uniprot_filtered	uniprot/all_candidates_uniprot.fasta	DRY
02b_Filter/SRR2344936/SRR2344936.virus.candidate_filtered.fasta	/home/zhangwenda/goji-virome/01_data/data-test/RNA-Lycium_barbarum_out/02b_Filter/SRR2344936/uniprot/all_candidates_uniprot.fasta	strict_from_uniprot	uniprot/all_candidates_uniprot.fasta	DRY
02b_Filter/SRR2344937/SRR2344937_virus.all.candidate.fasta	/home/zhangwenda/goji-virome/01_data/data-test/RNA-Lycium_barbarum_out/02a_Identification/SRR2344937/SRR2344937_virus.all.candidate.fasta	02a_all_candidate	../../02a_Identification/SRR2344937/SRR2344937_virus.all.candidate.fasta	DRY
02b_Filter/SRR2344937/SRR2344937.virus.candidate_cdd_filtered.fasta	/home/zhangwenda/goji-virome/01_data/data-test/RNA-Lycium_barbarum_out/02b_Filter/SRR2344937/cdd/all_candidates_cdd_filter.fasta	cdd_filtered	cdd/all_candidates_cdd_filter.fasta	DRY
02b_Filter/SRR2344937/SRR2344937.virus.candidate_uniprot_filtered.fasta	/home/zhangwenda/goji-virome/01_data/data-test/RNA-Lycium_barbarum_out/02b_Filter/SRR2344937/uniprot/all_candidates_uniprot.fasta	uniprot_filtered	uniprot/all_candidates_uniprot.fasta	DRY
02b_Filter/SRR2344937/SRR2344937.virus.candidate_filtered.fasta	/home/zhangwenda/goji-virome/01_data/data-test/RNA-Lycium_barbarum_out/02b_Filter/SRR2344937/uniprot/all_candidates_uniprot.fasta	strict_from_uniprot	uniprot/all_candidates_uniprot.fasta	DRY
02b_Filter/SRR23515439/SRR23515439_virus.all.candidate.fasta	/home/zhangwenda/goji-virome/01_data/data-test/RNA-Lycium_barbarum_out/02a_Identification/SRR23515439/SRR23515439_virus.all.candidate.fasta	02a_all_candidate	../../02a_Identification/SRR23515439/SRR23515439_virus.all.candidate.fasta	DRY
02b_Filter/SRR23515439/SRR23515439.virus.candidate_cdd_filtered.fasta	/home/zhangwenda/goji-virome/01_data/data-test/RNA-Lycium_barbarum_out/02b_Filter/SRR23515439/cdd/all_candidates_cdd_filter.fasta	cdd_filtered	cdd/all_candidates_cdd_filter.fasta	DRY
02b_Filter/SRR23515439/SRR23515439.virus.candidate_uniprot_filtered.fasta	/home/zhangwenda/goji-virome/01_data/data-test/RNA-Lycium_barbarum_out/02b_Filter/SRR23515439/uniprot/all_candidates_uniprot.fasta	uniprot_filtered	uniprot/all_candidates_uniprot.fasta	DRY
02b_Filter/SRR23515439/SRR23515439.virus.candidate_filtered.fasta	/home/zhangwenda/goji-virome/01_data/data-test/RNA-Lycium_barbarum_out/02b_Filter/SRR23515439/uniprot/all_candidates_uniprot.fasta	strict_from_uniprot	uniprot/all_candidates_uniprot.fasta	DRY
02b_Filter/SRR23515440/SRR23515440_virus.all.candidate.fasta	/home/zhangwenda/goji-virome/01_data/data-test/RNA-Lycium_barbarum_out/02a_Identification/SRR23515440/SRR23515440_virus.all.candidate.fasta	02a_all_candidate	../../02a_Identification/SRR23515440/SRR23515440_virus.all.candidate.fasta	DRY
02b_Filter/SRR23515440/SRR23515440.virus.candidate_cdd_filtered.fasta	/home/zhangwenda/goji-virome/01_data/data-test/RNA-Lycium_barbarum_out/02b_Filter/SRR23515440/cdd/all_candidates_cdd_filter.fasta	cdd_filtered	cdd/all_candidates_cdd_filter.fasta	DRY
02b_Filter/SRR23515440/SRR23515440.virus.candidate_uniprot_filtered.fasta	/home/zhangwenda/goji-virome/01_data/data-test/RNA-Lycium_barbarum_out/02b_Filter/SRR23515440/uniprot/all_candidates_uniprot.fasta	uniprot_filtered	uniprot/all_candidates_uniprot.fasta	DRY
02b_Filter/SRR23515440/SRR23515440.virus.candidate_filtered.fasta	/home/zhangwenda/goji-virome/01_data/data-test/RNA-Lycium_barbarum_out/02b_Filter/SRR23515440/uniprot/all_candidates_uniprot.fasta	strict_from_uniprot	uniprot/all_candidates_uniprot.fasta	DRY
02b_Filter/SRR23515441/SRR23515441_virus.all.candidate.fasta	/home/zhangwenda/goji-virome/01_data/data-test/RNA-Lycium_barbarum_out/02a_Identification/SRR23515441/SRR23515441_virus.all.candidate.fasta	02a_all_candidate	../../02a_Identification/SRR23515441/SRR23515441_virus.all.candidate.fasta	DRY
02b_Filter/SRR23515441/SRR23515441.virus.candidate_cdd_filtered.fasta	/home/zhangwenda/goji-virome/01_data/data-test/RNA-Lycium_barbarum_out/02b_Filter/SRR23515441/cdd/all_candidates_cdd_filter.fasta	cdd_filtered	cdd/all_candidates_cdd_filter.fasta	DRY
02b_Filter/SRR23515441/SRR23515441.virus.candidate_uniprot_filtered.fasta	/home/zhangwenda/goji-virome/01_data/data-test/RNA-Lycium_barbarum_out/02b_Filter/SRR23515441/uniprot/all_candidates_uniprot.fasta	uniprot_filtered	uniprot/all_candidates_uniprot.fasta	DRY
02b_Filter/SRR23515441/SRR23515441.virus.candidate_filtered.fasta	/home/zhangwenda/goji-virome/01_data/data-test/RNA-Lycium_barbarum_out/02b_Filter/SRR23515441/uniprot/all_candidates_uniprot.fasta	strict_from_uniprot	uniprot/all_candidates_uniprot.fasta	DRY
02b_Filter/SRR23515442/SRR23515442_virus.all.candidate.fasta	/home/zhangwenda/goji-virome/01_data/data-test/RNA-Lycium_barbarum_out/02a_Identification/SRR23515442/SRR23515442_virus.all.candidate.fasta	02a_all_candidate	../../02a_Identification/SRR23515442/SRR23515442_virus.all.candidate.fasta	DRY
02b_Filter/SRR23515442/SRR23515442.virus.candidate_cdd_filtered.fasta	/home/zhangwenda/goji-virome/01_data/data-test/RNA-Lycium_barbarum_out/02b_Filter/SRR23515442/cdd/all_candidates_cdd_filter.fasta	cdd_filtered	cdd/all_candidates_cdd_filter.fasta	DRY
02b_Filter/SRR23515442/SRR23515442.virus.candidate_uniprot_filtered.fasta	/home/zhangwenda/goji-virome/01_data/data-test/RNA-Lycium_barbarum_out/02b_Filter/SRR23515442/uniprot/all_candidates_uniprot.fasta	uniprot_filtered	uniprot/all_candidates_uniprot.fasta	DRY
02b_Filter/SRR23515442/SRR23515442.virus.candidate_filtered.fasta	/home/zhangwenda/goji-virome/01_data/data-test/RNA-Lycium_barbarum_out/02b_Filter/SRR23515442/uniprot/all_candidates_uniprot.fasta	strict_from_uniprot	uniprot/all_candidates_uniprot.fasta	DRY
02b_Filter/SRR23515443/SRR23515443_virus.all.candidate.fasta	/home/zhangwenda/goji-virome/01_data/data-test/RNA-Lycium_barbarum_out/02a_Identification/SRR23515443/SRR23515443_virus.all.candidate.fasta	02a_all_candidate	../../02a_Identification/SRR23515443/SRR23515443_virus.all.candidate.fasta	DRY
02b_Filter/SRR23515443/SRR23515443.virus.candidate_cdd_filtered.fasta	/home/zhangwenda/goji-virome/01_data/data-test/RNA-Lycium_barbarum_out/02b_Filter/SRR23515443/cdd/all_candidates_cdd_filter.fasta	cdd_filtered	cdd/all_candidates_cdd_filter.fasta	DRY
02b_Filter/SRR23515443/SRR23515443.virus.candidate_uniprot_filtered.fasta	/home/zhangwenda/goji-virome/01_data/data-test/RNA-Lycium_barbarum_out/02b_Filter/SRR23515443/uniprot/all_candidates_uniprot.fasta	uniprot_filtered	uniprot/all_candidates_uniprot.fasta	DRY
02b_Filter/SRR23515443/SRR23515443.virus.candidate_filtered.fasta	/home/zhangwenda/goji-virome/01_data/data-test/RNA-Lycium_barbarum_out/02b_Filter/SRR23515443/uniprot/all_candidates_uniprot.fasta	strict_from_uniprot	uniprot/all_candidates_uniprot.fasta	DRY
02b_Filter/SRR23515444/SRR23515444_virus.all.candidate.fasta	/home/zhangwenda/goji-virome/01_data/data-test/RNA-Lycium_barbarum_out/02a_Identification/SRR23515444/SRR23515444_virus.all.candidate.fasta	02a_all_candidate	../../02a_Identification/SRR23515444/SRR23515444_virus.all.candidate.fasta	DRY
02b_Filter/SRR23515444/SRR23515444.virus.candidate_cdd_filtered.fasta	/home/zhangwenda/goji-virome/01_data/data-test/RNA-Lycium_barbarum_out/02b_Filter/SRR23515444/cdd/all_candidates_cdd_filter.fasta	cdd_filtered	cdd/all_candidates_cdd_filter.fasta	DRY
02b_Filter/SRR23515444/SRR23515444.virus.candidate_uniprot_filtered.fasta	/home/zhangwenda/goji-virome/01_data/data-test/RNA-Lycium_barbarum_out/02b_Filter/SRR23515444/uniprot/all_candidates_uniprot.fasta	uniprot_filtered	uniprot/all_candidates_uniprot.fasta	DRY
02b_Filter/SRR23515444/SRR23515444.virus.candidate_filtered.fasta	/home/zhangwenda/goji-virome/01_data/data-test/RNA-Lycium_barbarum_out/02b_Filter/SRR23515444/uniprot/all_candidates_uniprot.fasta	strict_from_uniprot	uniprot/all_candidates_uniprot.fasta	DRY
02b_Filter/SRR23515445/SRR23515445_virus.all.candidate.fasta	/home/zhangwenda/goji-virome/01_data/data-test/RNA-Lycium_barbarum_out/02a_Identification/SRR23515445/SRR23515445_virus.all.candidate.fasta	02a_all_candidate	../../02a_Identification/SRR23515445/SRR23515445_virus.all.candidate.fasta	DRY
02b_Filter/SRR23515445/SRR23515445.virus.candidate_cdd_filtered.fasta	/home/zhangwenda/goji-virome/01_data/data-test/RNA-Lycium_barbarum_out/02b_Filter/SRR23515445/cdd/all_candidates_cdd_filter.fasta	cdd_filtered	cdd/all_candidates_cdd_filter.fasta	DRY
02b_Filter/SRR23515445/SRR23515445.virus.candidate_uniprot_filtered.fasta	/home/zhangwenda/goji-virome/01_data/data-test/RNA-Lycium_barbarum_out/02b_Filter/SRR23515445/uniprot/all_candidates_uniprot.fasta	uniprot_filtered	uniprot/all_candidates_uniprot.fasta	DRY
02b_Filter/SRR23515445/SRR23515445.virus.candidate_filtered.fasta	/home/zhangwenda/goji-virome/01_data/data-test/RNA-Lycium_barbarum_out/02b_Filter/SRR23515445/uniprot/all_candidates_uniprot.fasta	strict_from_uniprot	uniprot/all_candidates_uniprot.fasta	DRY
02b_Filter/SRR23515446/SRR23515446_virus.all.candidate.fasta	/home/zhangwenda/goji-virome/01_data/data-test/RNA-Lycium_barbarum_out/02a_Identification/SRR23515446/SRR23515446_virus.all.candidate.fasta	02a_all_candidate	../../02a_Identification/SRR23515446/SRR23515446_virus.all.candidate.fasta	DRY
02b_Filter/SRR23515446/SRR23515446.virus.candidate_cdd_filtered.fasta	/home/zhangwenda/goji-virome/01_data/data-test/RNA-Lycium_barbarum_out/02b_Filter/SRR23515446/cdd/all_candidates_cdd_filter.fasta	cdd_filtered	cdd/all_candidates_cdd_filter.fasta	DRY
02b_Filter/SRR23515446/SRR23515446.virus.candidate_uniprot_filtered.fasta	/home/zhangwenda/goji-virome/01_data/data-test/RNA-Lycium_barbarum_out/02b_Filter/SRR23515446/uniprot/all_candidates_uniprot.fasta	uniprot_filtered	uniprot/all_candidates_uniprot.fasta	DRY
02b_Filter/SRR23515446/SRR23515446.virus.candidate_filtered.fasta	/home/zhangwenda/goji-virome/01_data/data-test/RNA-Lycium_barbarum_out/02b_Filter/SRR23515446/uniprot/all_candidates_uniprot.fasta	strict_from_uniprot	uniprot/all_candidates_uniprot.fasta	DRY
02b_Filter/SRR23515447/SRR23515447_virus.all.candidate.fasta	/home/zhangwenda/goji-virome/01_data/data-test/RNA-Lycium_barbarum_out/02a_Identification/SRR23515447/SRR23515447_virus.all.candidate.fasta	02a_all_candidate	../../02a_Identification/SRR23515447/SRR23515447_virus.all.candidate.fasta	DRY
02b_Filter/SRR23515447/SRR23515447.virus.candidate_cdd_filtered.fasta	/home/zhangwenda/goji-virome/01_data/data-test/RNA-Lycium_barbarum_out/02b_Filter/SRR23515447/cdd/all_candidates_cdd_filter.fasta	cdd_filtered	cdd/all_candidates_cdd_filter.fasta	DRY
02b_Filter/SRR23515447/SRR23515447.virus.candidate_uniprot_filtered.fasta	/home/zhangwenda/goji-virome/01_data/data-test/RNA-Lycium_barbarum_out/02b_Filter/SRR23515447/uniprot/all_candidates_uniprot.fasta	uniprot_filtered	uniprot/all_candidates_uniprot.fasta	DRY
02b_Filter/SRR23515447/SRR23515447.virus.candidate_filtered.fasta	/home/zhangwenda/goji-virome/01_data/data-test/RNA-Lycium_barbarum_out/02b_Filter/SRR23515447/uniprot/all_candidates_uniprot.fasta	strict_from_uniprot	uniprot/all_candidates_uniprot.fasta	DRY
02b_Filter/SRR23515449/SRR23515449_virus.all.candidate.fasta	/home/zhangwenda/goji-virome/01_data/data-test/RNA-Lycium_barbarum_out/02a_Identification/SRR23515449/SRR23515449_virus.all.candidate.fasta	02a_all_candidate	../../02a_Identification/SRR23515449/SRR23515449_virus.all.candidate.fasta	DRY
02b_Filter/SRR23515449/SRR23515449.virus.candidate_cdd_filtered.fasta	/home/zhangwenda/goji-virome/01_data/data-test/RNA-Lycium_barbarum_out/02b_Filter/SRR23515449/cdd/all_candidates_cdd_filter.fasta	cdd_filtered	cdd/all_candidates_cdd_filter.fasta	DRY
02b_Filter/SRR23515449/SRR23515449.virus.candidate_uniprot_filtered.fasta	/home/zhangwenda/goji-virome/01_data/data-test/RNA-Lycium_barbarum_out/02b_Filter/SRR23515449/uniprot/all_candidates_uniprot.fasta	uniprot_filtered	uniprot/all_candidates_uniprot.fasta	DRY
02b_Filter/SRR23515449/SRR23515449.virus.candidate_filtered.fasta	/home/zhangwenda/goji-virome/01_data/data-test/RNA-Lycium_barbarum_out/02b_Filter/SRR23515449/uniprot/all_candidates_uniprot.fasta	strict_from_uniprot	uniprot/all_candidates_uniprot.fasta	DRY
02b_Filter/SRR23515450/SRR23515450_virus.all.candidate.fasta	/home/zhangwenda/goji-virome/01_data/data-test/RNA-Lycium_barbarum_out/02a_Identification/SRR23515450/SRR23515450_virus.all.candidate.fasta	02a_all_candidate	../../02a_Identification/SRR23515450/SRR23515450_virus.all.candidate.fasta	DRY
02b_Filter/SRR23515450/SRR23515450.virus.candidate_cdd_filtered.fasta	/home/zhangwenda/goji-virome/01_data/data-test/RNA-Lycium_barbarum_out/02b_Filter/SRR23515450/cdd/all_candidates_cdd_filter.fasta	cdd_filtered	cdd/all_candidates_cdd_filter.fasta	DRY
02b_Filter/SRR23515450/SRR23515450.virus.candidate_uniprot_filtered.fasta	/home/zhangwenda/goji-virome/01_data/data-test/RNA-Lycium_barbarum_out/02b_Filter/SRR23515450/uniprot/all_candidates_uniprot.fasta	uniprot_filtered	uniprot/all_candidates_uniprot.fasta	DRY
02b_Filter/SRR23515450/SRR23515450.virus.candidate_filtered.fasta	/home/zhangwenda/goji-virome/01_data/data-test/RNA-Lycium_barbarum_out/02b_Filter/SRR23515450/uniprot/all_candidates_uniprot.fasta	strict_from_uniprot	uniprot/all_candidates_uniprot.fasta	DRY
02b_Filter/SRR23561020/SRR23561020_virus.all.candidate.fasta	/home/zhangwenda/goji-virome/01_data/data-test/RNA-Lycium_barbarum_out/02a_Identification/SRR23561020/SRR23561020_virus.all.candidate.fasta	02a_all_candidate	../../02a_Identification/SRR23561020/SRR23561020_virus.all.candidate.fasta	DRY
02b_Filter/SRR23561020/SRR23561020.virus.candidate_cdd_filtered.fasta	/home/zhangwenda/goji-virome/01_data/data-test/RNA-Lycium_barbarum_out/02b_Filter/SRR23561020/cdd/all_candidates_cdd_filter.fasta	cdd_filtered	cdd/all_candidates_cdd_filter.fasta	DRY
02b_Filter/SRR23561020/SRR23561020.virus.candidate_uniprot_filtered.fasta	/home/zhangwenda/goji-virome/01_data/data-test/RNA-Lycium_barbarum_out/02b_Filter/SRR23561020/uniprot/all_candidates_uniprot.fasta	uniprot_filtered	uniprot/all_candidates_uniprot.fasta	DRY
02b_Filter/SRR23561020/SRR23561020.virus.candidate_filtered.fasta	/home/zhangwenda/goji-virome/01_data/data-test/RNA-Lycium_barbarum_out/02b_Filter/SRR23561020/uniprot/all_candidates_uniprot.fasta	strict_from_uniprot	uniprot/all_candidates_uniprot.fasta	DRY
02b_Filter/SRR23561021/SRR23561021_virus.all.candidate.fasta	/home/zhangwenda/goji-virome/01_data/data-test/RNA-Lycium_barbarum_out/02a_Identification/SRR23561021/SRR23561021_virus.all.candidate.fasta	02a_all_candidate	../../02a_Identification/SRR23561021/SRR23561021_virus.all.candidate.fasta	DRY
02b_Filter/SRR23561021/SRR23561021.virus.candidate_cdd_filtered.fasta	/home/zhangwenda/goji-virome/01_data/data-test/RNA-Lycium_barbarum_out/02b_Filter/SRR23561021/cdd/all_candidates_cdd_filter.fasta	cdd_filtered	cdd/all_candidates_cdd_filter.fasta	DRY
02b_Filter/SRR23561021/SRR23561021.virus.candidate_uniprot_filtered.fasta	/home/zhangwenda/goji-virome/01_data/data-test/RNA-Lycium_barbarum_out/02b_Filter/SRR23561021/uniprot/all_candidates_uniprot.fasta	uniprot_filtered	uniprot/all_candidates_uniprot.fasta	DRY
02b_Filter/SRR23561021/SRR23561021.virus.candidate_filtered.fasta	/home/zhangwenda/goji-virome/01_data/data-test/RNA-Lycium_barbarum_out/02b_Filter/SRR23561021/uniprot/all_candidates_uniprot.fasta	strict_from_uniprot	uniprot/all_candidates_uniprot.fasta	DRY
02b_Filter/SRR23561022/SRR23561022_virus.all.candidate.fasta	/home/zhangwenda/goji-virome/01_data/data-test/RNA-Lycium_barbarum_out/02a_Identification/SRR23561022/SRR23561022_virus.all.candidate.fasta	02a_all_candidate	../../02a_Identification/SRR23561022/SRR23561022_virus.all.candidate.fasta	DRY
02b_Filter/SRR23561022/SRR23561022.virus.candidate_cdd_filtered.fasta	/home/zhangwenda/goji-virome/01_data/data-test/RNA-Lycium_barbarum_out/02b_Filter/SRR23561022/cdd/all_candidates_cdd_filter.fasta	cdd_filtered	cdd/all_candidates_cdd_filter.fasta	DRY
02b_Filter/SRR23561022/SRR23561022.virus.candidate_uniprot_filtered.fasta	/home/zhangwenda/goji-virome/01_data/data-test/RNA-Lycium_barbarum_out/02b_Filter/SRR23561022/uniprot/all_candidates_uniprot.fasta	uniprot_filtered	uniprot/all_candidates_uniprot.fasta	DRY
02b_Filter/SRR23561022/SRR23561022.virus.candidate_filtered.fasta	/home/zhangwenda/goji-virome/01_data/data-test/RNA-Lycium_barbarum_out/02b_Filter/SRR23561022/uniprot/all_candidates_uniprot.fasta	strict_from_uniprot	uniprot/all_candidates_uniprot.fasta	DRY
02b_Filter/SRR23561023/SRR23561023_virus.all.candidate.fasta	/home/zhangwenda/goji-virome/01_data/data-test/RNA-Lycium_barbarum_out/02a_Identification/SRR23561023/SRR23561023_virus.all.candidate.fasta	02a_all_candidate	../../02a_Identification/SRR23561023/SRR23561023_virus.all.candidate.fasta	DRY
02b_Filter/SRR23561023/SRR23561023.virus.candidate_cdd_filtered.fasta	/home/zhangwenda/goji-virome/01_data/data-test/RNA-Lycium_barbarum_out/02b_Filter/SRR23561023/cdd/all_candidates_cdd_filter.fasta	cdd_filtered	cdd/all_candidates_cdd_filter.fasta	DRY
02b_Filter/SRR23561023/SRR23561023.virus.candidate_uniprot_filtered.fasta	/home/zhangwenda/goji-virome/01_data/data-test/RNA-Lycium_barbarum_out/02b_Filter/SRR23561023/uniprot/all_candidates_uniprot.fasta	uniprot_filtered	uniprot/all_candidates_uniprot.fasta	DRY
02b_Filter/SRR23561023/SRR23561023.virus.candidate_filtered.fasta	/home/zhangwenda/goji-virome/01_data/data-test/RNA-Lycium_barbarum_out/02b_Filter/SRR23561023/uniprot/all_candidates_uniprot.fasta	strict_from_uniprot	uniprot/all_candidates_uniprot.fasta	DRY
02b_Filter/SRR23561024/SRR23561024_virus.all.candidate.fasta	/home/zhangwenda/goji-virome/01_data/data-test/RNA-Lycium_barbarum_out/02a_Identification/SRR23561024/SRR23561024_virus.all.candidate.fasta	02a_all_candidate	../../02a_Identification/SRR23561024/SRR23561024_virus.all.candidate.fasta	DRY
02b_Filter/SRR23561024/SRR23561024.virus.candidate_cdd_filtered.fasta	/home/zhangwenda/goji-virome/01_data/data-test/RNA-Lycium_barbarum_out/02b_Filter/SRR23561024/cdd/all_candidates_cdd_filter.fasta	cdd_filtered	cdd/all_candidates_cdd_filter.fasta	DRY
02b_Filter/SRR23561024/SRR23561024.virus.candidate_uniprot_filtered.fasta	/home/zhangwenda/goji-virome/01_data/data-test/RNA-Lycium_barbarum_out/02b_Filter/SRR23561024/uniprot/all_candidates_uniprot.fasta	uniprot_filtered	uniprot/all_candidates_uniprot.fasta	DRY
02b_Filter/SRR23561024/SRR23561024.virus.candidate_filtered.fasta	/home/zhangwenda/goji-virome/01_data/data-test/RNA-Lycium_barbarum_out/02b_Filter/SRR23561024/uniprot/all_candidates_uniprot.fasta	strict_from_uniprot	uniprot/all_candidates_uniprot.fasta	DRY
02b_Filter/SRR23561025/SRR23561025_virus.all.candidate.fasta	/home/zhangwenda/goji-virome/01_data/data-test/RNA-Lycium_barbarum_out/02a_Identification/SRR23561025/SRR23561025_virus.all.candidate.fasta	02a_all_candidate	../../02a_Identification/SRR23561025/SRR23561025_virus.all.candidate.fasta	DRY
02b_Filter/SRR23561025/SRR23561025.virus.candidate_cdd_filtered.fasta	/home/zhangwenda/goji-virome/01_data/data-test/RNA-Lycium_barbarum_out/02b_Filter/SRR23561025/cdd/all_candidates_cdd_filter.fasta	cdd_filtered	cdd/all_candidates_cdd_filter.fasta	DRY
02b_Filter/SRR23561025/SRR23561025.virus.candidate_uniprot_filtered.fasta	/home/zhangwenda/goji-virome/01_data/data-test/RNA-Lycium_barbarum_out/02b_Filter/SRR23561025/uniprot/all_candidates_uniprot.fasta	uniprot_filtered	uniprot/all_candidates_uniprot.fasta	DRY
02b_Filter/SRR23561025/SRR23561025.virus.candidate_filtered.fasta	/home/zhangwenda/goji-virome/01_data/data-test/RNA-Lycium_barbarum_out/02b_Filter/SRR23561025/uniprot/all_candidates_uniprot.fasta	strict_from_uniprot	uniprot/all_candidates_uniprot.fasta	DRY
02b_Filter/SRR23561026/SRR23561026_virus.all.candidate.fasta	/home/zhangwenda/goji-virome/01_data/data-test/RNA-Lycium_barbarum_out/02a_Identification/SRR23561026/SRR23561026_virus.all.candidate.fasta	02a_all_candidate	../../02a_Identification/SRR23561026/SRR23561026_virus.all.candidate.fasta	DRY
02b_Filter/SRR23561026/SRR23561026.virus.candidate_cdd_filtered.fasta	/home/zhangwenda/goji-virome/01_data/data-test/RNA-Lycium_barbarum_out/02b_Filter/SRR23561026/cdd/all_candidates_cdd_filter.fasta	cdd_filtered	cdd/all_candidates_cdd_filter.fasta	DRY
02b_Filter/SRR23561026/SRR23561026.virus.candidate_uniprot_filtered.fasta	/home/zhangwenda/goji-virome/01_data/data-test/RNA-Lycium_barbarum_out/02b_Filter/SRR23561026/uniprot/all_candidates_uniprot.fasta	uniprot_filtered	uniprot/all_candidates_uniprot.fasta	DRY
02b_Filter/SRR23561026/SRR23561026.virus.candidate_filtered.fasta	/home/zhangwenda/goji-virome/01_data/data-test/RNA-Lycium_barbarum_out/02b_Filter/SRR23561026/uniprot/all_candidates_uniprot.fasta	strict_from_uniprot	uniprot/all_candidates_uniprot.fasta	DRY
02b_Filter/SRR23561027/SRR23561027_virus.all.candidate.fasta	/home/zhangwenda/goji-virome/01_data/data-test/RNA-Lycium_barbarum_out/02a_Identification/SRR23561027/SRR23561027_virus.all.candidate.fasta	02a_all_candidate	../../02a_Identification/SRR23561027/SRR23561027_virus.all.candidate.fasta	DRY
02b_Filter/SRR23561027/SRR23561027.virus.candidate_cdd_filtered.fasta	/home/zhangwenda/goji-virome/01_data/data-test/RNA-Lycium_barbarum_out/02b_Filter/SRR23561027/cdd/all_candidates_cdd_filter.fasta	cdd_filtered	cdd/all_candidates_cdd_filter.fasta	DRY
02b_Filter/SRR23561027/SRR23561027.virus.candidate_uniprot_filtered.fasta	/home/zhangwenda/goji-virome/01_data/data-test/RNA-Lycium_barbarum_out/02b_Filter/SRR23561027/uniprot/all_candidates_uniprot.fasta	uniprot_filtered	uniprot/all_candidates_uniprot.fasta	DRY
02b_Filter/SRR23561027/SRR23561027.virus.candidate_filtered.fasta	/home/zhangwenda/goji-virome/01_data/data-test/RNA-Lycium_barbarum_out/02b_Filter/SRR23561027/uniprot/all_candidates_uniprot.fasta	strict_from_uniprot	uniprot/all_candidates_uniprot.fasta	DRY
02b_Filter/SRR23561028/SRR23561028_virus.all.candidate.fasta	/home/zhangwenda/goji-virome/01_data/data-test/RNA-Lycium_barbarum_out/02a_Identification/SRR23561028/SRR23561028_virus.all.candidate.fasta	02a_all_candidate	../../02a_Identification/SRR23561028/SRR23561028_virus.all.candidate.fasta	DRY
02b_Filter/SRR23561028/SRR23561028.virus.candidate_cdd_filtered.fasta	/home/zhangwenda/goji-virome/01_data/data-test/RNA-Lycium_barbarum_out/02b_Filter/SRR23561028/cdd/all_candidates_cdd_filter.fasta	cdd_filtered	cdd/all_candidates_cdd_filter.fasta	DRY
02b_Filter/SRR23561028/SRR23561028.virus.candidate_uniprot_filtered.fasta	/home/zhangwenda/goji-virome/01_data/data-test/RNA-Lycium_barbarum_out/02b_Filter/SRR23561028/uniprot/all_candidates_uniprot.fasta	uniprot_filtered	uniprot/all_candidates_uniprot.fasta	DRY
02b_Filter/SRR23561028/SRR23561028.virus.candidate_filtered.fasta	/home/zhangwenda/goji-virome/01_data/data-test/RNA-Lycium_barbarum_out/02b_Filter/SRR23561028/uniprot/all_candidates_uniprot.fasta	strict_from_uniprot	uniprot/all_candidates_uniprot.fasta	DRY
02b_Filter/SRR23587946/SRR23587946_virus.all.candidate.fasta	/home/zhangwenda/goji-virome/01_data/data-test/RNA-Lycium_barbarum_out/02a_Identification/SRR23587946/SRR23587946_virus.all.candidate.fasta	02a_all_candidate	../../02a_Identification/SRR23587946/SRR23587946_virus.all.candidate.fasta	DRY
02b_Filter/SRR23587946/SRR23587946.virus.candidate_cdd_filtered.fasta	/home/zhangwenda/goji-virome/01_data/data-test/RNA-Lycium_barbarum_out/02b_Filter/SRR23587946/cdd/all_candidates_cdd_filter.fasta	cdd_filtered	cdd/all_candidates_cdd_filter.fasta	DRY
02b_Filter/SRR23587946/SRR23587946.virus.candidate_uniprot_filtered.fasta	/home/zhangwenda/goji-virome/01_data/data-test/RNA-Lycium_barbarum_out/02b_Filter/SRR23587946/uniprot/all_candidates_uniprot.fasta	uniprot_filtered	uniprot/all_candidates_uniprot.fasta	DRY
02b_Filter/SRR23587946/SRR23587946.virus.candidate_filtered.fasta	/home/zhangwenda/goji-virome/01_data/data-test/RNA-Lycium_barbarum_out/02b_Filter/SRR23587946/uniprot/all_candidates_uniprot.fasta	strict_from_uniprot	uniprot/all_candidates_uniprot.fasta	DRY
02b_Filter/SRR23587947/SRR23587947_virus.all.candidate.fasta	/home/zhangwenda/goji-virome/01_data/data-test/RNA-Lycium_barbarum_out/02a_Identification/SRR23587947/SRR23587947_virus.all.candidate.fasta	02a_all_candidate	../../02a_Identification/SRR23587947/SRR23587947_virus.all.candidate.fasta	DRY
02b_Filter/SRR23587947/SRR23587947.virus.candidate_cdd_filtered.fasta	/home/zhangwenda/goji-virome/01_data/data-test/RNA-Lycium_barbarum_out/02b_Filter/SRR23587947/cdd/all_candidates_cdd_filter.fasta	cdd_filtered	cdd/all_candidates_cdd_filter.fasta	DRY
02b_Filter/SRR23587947/SRR23587947.virus.candidate_uniprot_filtered.fasta	/home/zhangwenda/goji-virome/01_data/data-test/RNA-Lycium_barbarum_out/02b_Filter/SRR23587947/uniprot/all_candidates_uniprot.fasta	uniprot_filtered	uniprot/all_candidates_uniprot.fasta	DRY
02b_Filter/SRR23587947/SRR23587947.virus.candidate_filtered.fasta	/home/zhangwenda/goji-virome/01_data/data-test/RNA-Lycium_barbarum_out/02b_Filter/SRR23587947/uniprot/all_candidates_uniprot.fasta	strict_from_uniprot	uniprot/all_candidates_uniprot.fasta	DRY
02b_Filter/SRR23587948/SRR23587948_virus.all.candidate.fasta	/home/zhangwenda/goji-virome/01_data/data-test/RNA-Lycium_barbarum_out/02a_Identification/SRR23587948/SRR23587948_virus.all.candidate.fasta	02a_all_candidate	../../02a_Identification/SRR23587948/SRR23587948_virus.all.candidate.fasta	DRY
02b_Filter/SRR23587948/SRR23587948.virus.candidate_cdd_filtered.fasta	/home/zhangwenda/goji-virome/01_data/data-test/RNA-Lycium_barbarum_out/02b_Filter/SRR23587948/cdd/all_candidates_cdd_filter.fasta	cdd_filtered	cdd/all_candidates_cdd_filter.fasta	DRY
02b_Filter/SRR23587948/SRR23587948.virus.candidate_uniprot_filtered.fasta	/home/zhangwenda/goji-virome/01_data/data-test/RNA-Lycium_barbarum_out/02b_Filter/SRR23587948/uniprot/all_candidates_uniprot.fasta	uniprot_filtered	uniprot/all_candidates_uniprot.fasta	DRY
02b_Filter/SRR23587948/SRR23587948.virus.candidate_filtered.fasta	/home/zhangwenda/goji-virome/01_data/data-test/RNA-Lycium_barbarum_out/02b_Filter/SRR23587948/uniprot/all_candidates_uniprot.fasta	strict_from_uniprot	uniprot/all_candidates_uniprot.fasta	DRY
02b_Filter/SRR23587949/SRR23587949_virus.all.candidate.fasta	/home/zhangwenda/goji-virome/01_data/data-test/RNA-Lycium_barbarum_out/02a_Identification/SRR23587949/SRR23587949_virus.all.candidate.fasta	02a_all_candidate	../../02a_Identification/SRR23587949/SRR23587949_virus.all.candidate.fasta	DRY
02b_Filter/SRR23587949/SRR23587949.virus.candidate_cdd_filtered.fasta	/home/zhangwenda/goji-virome/01_data/data-test/RNA-Lycium_barbarum_out/02b_Filter/SRR23587949/cdd/all_candidates_cdd_filter.fasta	cdd_filtered	cdd/all_candidates_cdd_filter.fasta	DRY
02b_Filter/SRR23587949/SRR23587949.virus.candidate_uniprot_filtered.fasta	/home/zhangwenda/goji-virome/01_data/data-test/RNA-Lycium_barbarum_out/02b_Filter/SRR23587949/uniprot/all_candidates_uniprot.fasta	uniprot_filtered	uniprot/all_candidates_uniprot.fasta	DRY
02b_Filter/SRR23587949/SRR23587949.virus.candidate_filtered.fasta	/home/zhangwenda/goji-virome/01_data/data-test/RNA-Lycium_barbarum_out/02b_Filter/SRR23587949/uniprot/all_candidates_uniprot.fasta	strict_from_uniprot	uniprot/all_candidates_uniprot.fasta	DRY
02b_Filter/SRR23587950/SRR23587950_virus.all.candidate.fasta	/home/zhangwenda/goji-virome/01_data/data-test/RNA-Lycium_barbarum_out/02a_Identification/SRR23587950/SRR23587950_virus.all.candidate.fasta	02a_all_candidate	../../02a_Identification/SRR23587950/SRR23587950_virus.all.candidate.fasta	DRY
02b_Filter/SRR23587950/SRR23587950.virus.candidate_cdd_filtered.fasta	/home/zhangwenda/goji-virome/01_data/data-test/RNA-Lycium_barbarum_out/02b_Filter/SRR23587950/cdd/all_candidates_cdd_filter.fasta	cdd_filtered	cdd/all_candidates_cdd_filter.fasta	DRY
02b_Filter/SRR23587950/SRR23587950.virus.candidate_uniprot_filtered.fasta	/home/zhangwenda/goji-virome/01_data/data-test/RNA-Lycium_barbarum_out/02b_Filter/SRR23587950/uniprot/all_candidates_uniprot.fasta	uniprot_filtered	uniprot/all_candidates_uniprot.fasta	DRY
02b_Filter/SRR23587950/SRR23587950.virus.candidate_filtered.fasta	/home/zhangwenda/goji-virome/01_data/data-test/RNA-Lycium_barbarum_out/02b_Filter/SRR23587950/uniprot/all_candidates_uniprot.fasta	strict_from_uniprot	uniprot/all_candidates_uniprot.fasta	DRY
02b_Filter/SRR23587951/SRR23587951_virus.all.candidate.fasta	/home/zhangwenda/goji-virome/01_data/data-test/RNA-Lycium_barbarum_out/02a_Identification/SRR23587951/SRR23587951_virus.all.candidate.fasta	02a_all_candidate	../../02a_Identification/SRR23587951/SRR23587951_virus.all.candidate.fasta	DRY
02b_Filter/SRR23587951/SRR23587951.virus.candidate_cdd_filtered.fasta	/home/zhangwenda/goji-virome/01_data/data-test/RNA-Lycium_barbarum_out/02b_Filter/SRR23587951/cdd/all_candidates_cdd_filter.fasta	cdd_filtered	cdd/all_candidates_cdd_filter.fasta	DRY
02b_Filter/SRR23587951/SRR23587951.virus.candidate_uniprot_filtered.fasta	/home/zhangwenda/goji-virome/01_data/data-test/RNA-Lycium_barbarum_out/02b_Filter/SRR23587951/uniprot/all_candidates_uniprot.fasta	uniprot_filtered	uniprot/all_candidates_uniprot.fasta	DRY
02b_Filter/SRR23587951/SRR23587951.virus.candidate_filtered.fasta	/home/zhangwenda/goji-virome/01_data/data-test/RNA-Lycium_barbarum_out/02b_Filter/SRR23587951/uniprot/all_candidates_uniprot.fasta	strict_from_uniprot	uniprot/all_candidates_uniprot.fasta	DRY
02b_Filter/SRR23587952/SRR23587952_virus.all.candidate.fasta	/home/zhangwenda/goji-virome/01_data/data-test/RNA-Lycium_barbarum_out/02a_Identification/SRR23587952/SRR23587952_virus.all.candidate.fasta	02a_all_candidate	../../02a_Identification/SRR23587952/SRR23587952_virus.all.candidate.fasta	DRY
02b_Filter/SRR23587952/SRR23587952.virus.candidate_cdd_filtered.fasta	/home/zhangwenda/goji-virome/01_data/data-test/RNA-Lycium_barbarum_out/02b_Filter/SRR23587952/cdd/all_candidates_cdd_filter.fasta	cdd_filtered	cdd/all_candidates_cdd_filter.fasta	DRY
02b_Filter/SRR23587952/SRR23587952.virus.candidate_uniprot_filtered.fasta	/home/zhangwenda/goji-virome/01_data/data-test/RNA-Lycium_barbarum_out/02b_Filter/SRR23587952/uniprot/all_candidates_uniprot.fasta	uniprot_filtered	uniprot/all_candidates_uniprot.fasta	DRY
02b_Filter/SRR23587952/SRR23587952.virus.candidate_filtered.fasta	/home/zhangwenda/goji-virome/01_data/data-test/RNA-Lycium_barbarum_out/02b_Filter/SRR23587952/uniprot/all_candidates_uniprot.fasta	strict_from_uniprot	uniprot/all_candidates_uniprot.fasta	DRY
02b_Filter/SRR23587953/SRR23587953_virus.all.candidate.fasta	/home/zhangwenda/goji-virome/01_data/data-test/RNA-Lycium_barbarum_out/02a_Identification/SRR23587953/SRR23587953_virus.all.candidate.fasta	02a_all_candidate	../../02a_Identification/SRR23587953/SRR23587953_virus.all.candidate.fasta	DRY
02b_Filter/SRR23587953/SRR23587953.virus.candidate_cdd_filtered.fasta	/home/zhangwenda/goji-virome/01_data/data-test/RNA-Lycium_barbarum_out/02b_Filter/SRR23587953/cdd/all_candidates_cdd_filter.fasta	cdd_filtered	cdd/all_candidates_cdd_filter.fasta	DRY
02b_Filter/SRR23587953/SRR23587953.virus.candidate_uniprot_filtered.fasta	/home/zhangwenda/goji-virome/01_data/data-test/RNA-Lycium_barbarum_out/02b_Filter/SRR23587953/uniprot/all_candidates_uniprot.fasta	uniprot_filtered	uniprot/all_candidates_uniprot.fasta	DRY
02b_Filter/SRR23587953/SRR23587953.virus.candidate_filtered.fasta	/home/zhangwenda/goji-virome/01_data/data-test/RNA-Lycium_barbarum_out/02b_Filter/SRR23587953/uniprot/all_candidates_uniprot.fasta	strict_from_uniprot	uniprot/all_candidates_uniprot.fasta	DRY
02b_Filter/SRR23587954/SRR23587954_virus.all.candidate.fasta	/home/zhangwenda/goji-virome/01_data/data-test/RNA-Lycium_barbarum_out/02a_Identification/SRR23587954/SRR23587954_virus.all.candidate.fasta	02a_all_candidate	../../02a_Identification/SRR23587954/SRR23587954_virus.all.candidate.fasta	DRY
02b_Filter/SRR23587954/SRR23587954.virus.candidate_cdd_filtered.fasta	/home/zhangwenda/goji-virome/01_data/data-test/RNA-Lycium_barbarum_out/02b_Filter/SRR23587954/cdd/all_candidates_cdd_filter.fasta	cdd_filtered	cdd/all_candidates_cdd_filter.fasta	DRY
02b_Filter/SRR23587954/SRR23587954.virus.candidate_uniprot_filtered.fasta	/home/zhangwenda/goji-virome/01_data/data-test/RNA-Lycium_barbarum_out/02b_Filter/SRR23587954/uniprot/all_candidates_uniprot.fasta	uniprot_filtered	uniprot/all_candidates_uniprot.fasta	DRY
02b_Filter/SRR23587954/SRR23587954.virus.candidate_filtered.fasta	/home/zhangwenda/goji-virome/01_data/data-test/RNA-Lycium_barbarum_out/02b_Filter/SRR23587954/uniprot/all_candidates_uniprot.fasta	strict_from_uniprot	uniprot/all_candidates_uniprot.fasta	DRY
02b_Filter/SRR23587955/SRR23587955_virus.all.candidate.fasta	/home/zhangwenda/goji-virome/01_data/data-test/RNA-Lycium_barbarum_out/02a_Identification/SRR23587955/SRR23587955_virus.all.candidate.fasta	02a_all_candidate	../../02a_Identification/SRR23587955/SRR23587955_virus.all.candidate.fasta	DRY
02b_Filter/SRR23587955/SRR23587955.virus.candidate_cdd_filtered.fasta	/home/zhangwenda/goji-virome/01_data/data-test/RNA-Lycium_barbarum_out/02b_Filter/SRR23587955/cdd/all_candidates_cdd_filter.fasta	cdd_filtered	cdd/all_candidates_cdd_filter.fasta	DRY
02b_Filter/SRR23587955/SRR23587955.virus.candidate_uniprot_filtered.fasta	/home/zhangwenda/goji-virome/01_data/data-test/RNA-Lycium_barbarum_out/02b_Filter/SRR23587955/uniprot/all_candidates_uniprot.fasta	uniprot_filtered	uniprot/all_candidates_uniprot.fasta	DRY
02b_Filter/SRR23587955/SRR23587955.virus.candidate_filtered.fasta	/home/zhangwenda/goji-virome/01_data/data-test/RNA-Lycium_barbarum_out/02b_Filter/SRR23587955/uniprot/all_candidates_uniprot.fasta	strict_from_uniprot	uniprot/all_candidates_uniprot.fasta	DRY
02b_Filter/SRR23587956/SRR23587956_virus.all.candidate.fasta	/home/zhangwenda/goji-virome/01_data/data-test/RNA-Lycium_barbarum_out/02a_Identification/SRR23587956/SRR23587956_virus.all.candidate.fasta	02a_all_candidate	../../02a_Identification/SRR23587956/SRR23587956_virus.all.candidate.fasta	DRY
02b_Filter/SRR23587956/SRR23587956.virus.candidate_cdd_filtered.fasta	/home/zhangwenda/goji-virome/01_data/data-test/RNA-Lycium_barbarum_out/02b_Filter/SRR23587956/cdd/all_candidates_cdd_filter.fasta	cdd_filtered	cdd/all_candidates_cdd_filter.fasta	DRY
02b_Filter/SRR23587956/SRR23587956.virus.candidate_uniprot_filtered.fasta	/home/zhangwenda/goji-virome/01_data/data-test/RNA-Lycium_barbarum_out/02b_Filter/SRR23587956/uniprot/all_candidates_uniprot.fasta	uniprot_filtered	uniprot/all_candidates_uniprot.fasta	DRY
02b_Filter/SRR23587956/SRR23587956.virus.candidate_filtered.fasta	/home/zhangwenda/goji-virome/01_data/data-test/RNA-Lycium_barbarum_out/02b_Filter/SRR23587956/uniprot/all_candidates_uniprot.fasta	strict_from_uniprot	uniprot/all_candidates_uniprot.fasta	DRY
02b_Filter/SRR23587957/SRR23587957_virus.all.candidate.fasta	/home/zhangwenda/goji-virome/01_data/data-test/RNA-Lycium_barbarum_out/02a_Identification/SRR23587957/SRR23587957_virus.all.candidate.fasta	02a_all_candidate	../../02a_Identification/SRR23587957/SRR23587957_virus.all.candidate.fasta	DRY
02b_Filter/SRR23587957/SRR23587957.virus.candidate_cdd_filtered.fasta	/home/zhangwenda/goji-virome/01_data/data-test/RNA-Lycium_barbarum_out/02b_Filter/SRR23587957/cdd/all_candidates_cdd_filter.fasta	cdd_filtered	cdd/all_candidates_cdd_filter.fasta	DRY
02b_Filter/SRR23587957/SRR23587957.virus.candidate_uniprot_filtered.fasta	/home/zhangwenda/goji-virome/01_data/data-test/RNA-Lycium_barbarum_out/02b_Filter/SRR23587957/uniprot/all_candidates_uniprot.fasta	uniprot_filtered	uniprot/all_candidates_uniprot.fasta	DRY
02b_Filter/SRR23587957/SRR23587957.virus.candidate_filtered.fasta	/home/zhangwenda/goji-virome/01_data/data-test/RNA-Lycium_barbarum_out/02b_Filter/SRR23587957/uniprot/all_candidates_uniprot.fasta	strict_from_uniprot	uniprot/all_candidates_uniprot.fasta	DRY
02b_Filter/SRR23759244/SRR23759244_virus.all.candidate.fasta	/home/zhangwenda/goji-virome/01_data/data-test/RNA-Lycium_barbarum_out/02a_Identification/SRR23759244/SRR23759244_virus.all.candidate.fasta	02a_all_candidate	../../02a_Identification/SRR23759244/SRR23759244_virus.all.candidate.fasta	DRY
02b_Filter/SRR23759244/SRR23759244.virus.candidate_cdd_filtered.fasta	/home/zhangwenda/goji-virome/01_data/data-test/RNA-Lycium_barbarum_out/02b_Filter/SRR23759244/cdd/all_candidates_cdd_filter.fasta	cdd_filtered	cdd/all_candidates_cdd_filter.fasta	DRY
02b_Filter/SRR23759244/SRR23759244.virus.candidate_uniprot_filtered.fasta	/home/zhangwenda/goji-virome/01_data/data-test/RNA-Lycium_barbarum_out/02b_Filter/SRR23759244/uniprot/all_candidates_uniprot.fasta	uniprot_filtered	uniprot/all_candidates_uniprot.fasta	DRY
02b_Filter/SRR23759244/SRR23759244.virus.candidate_filtered.fasta	/home/zhangwenda/goji-virome/01_data/data-test/RNA-Lycium_barbarum_out/02b_Filter/SRR23759244/uniprot/all_candidates_uniprot.fasta	strict_from_uniprot	uniprot/all_candidates_uniprot.fasta	DRY
02b_Filter/SRR23759245/SRR23759245_virus.all.candidate.fasta	/home/zhangwenda/goji-virome/01_data/data-test/RNA-Lycium_barbarum_out/02a_Identification/SRR23759245/SRR23759245_virus.all.candidate.fasta	02a_all_candidate	../../02a_Identification/SRR23759245/SRR23759245_virus.all.candidate.fasta	DRY
02b_Filter/SRR23759245/SRR23759245.virus.candidate_cdd_filtered.fasta	/home/zhangwenda/goji-virome/01_data/data-test/RNA-Lycium_barbarum_out/02b_Filter/SRR23759245/cdd/all_candidates_cdd_filter.fasta	cdd_filtered	cdd/all_candidates_cdd_filter.fasta	DRY
02b_Filter/SRR23759245/SRR23759245.virus.candidate_uniprot_filtered.fasta	/home/zhangwenda/goji-virome/01_data/data-test/RNA-Lycium_barbarum_out/02b_Filter/SRR23759245/uniprot/all_candidates_uniprot.fasta	uniprot_filtered	uniprot/all_candidates_uniprot.fasta	DRY
02b_Filter/SRR23759245/SRR23759245.virus.candidate_filtered.fasta	/home/zhangwenda/goji-virome/01_data/data-test/RNA-Lycium_barbarum_out/02b_Filter/SRR23759245/uniprot/all_candidates_uniprot.fasta	strict_from_uniprot	uniprot/all_candidates_uniprot.fasta	DRY
02b_Filter/SRR23759246/SRR23759246_virus.all.candidate.fasta	/home/zhangwenda/goji-virome/01_data/data-test/RNA-Lycium_barbarum_out/02a_Identification/SRR23759246/SRR23759246_virus.all.candidate.fasta	02a_all_candidate	../../02a_Identification/SRR23759246/SRR23759246_virus.all.candidate.fasta	DRY
02b_Filter/SRR23759246/SRR23759246.virus.candidate_cdd_filtered.fasta	/home/zhangwenda/goji-virome/01_data/data-test/RNA-Lycium_barbarum_out/02b_Filter/SRR23759246/cdd/all_candidates_cdd_filter.fasta	cdd_filtered	cdd/all_candidates_cdd_filter.fasta	DRY
02b_Filter/SRR23759246/SRR23759246.virus.candidate_uniprot_filtered.fasta	/home/zhangwenda/goji-virome/01_data/data-test/RNA-Lycium_barbarum_out/02b_Filter/SRR23759246/uniprot/all_candidates_uniprot.fasta	uniprot_filtered	uniprot/all_candidates_uniprot.fasta	DRY
02b_Filter/SRR23759246/SRR23759246.virus.candidate_filtered.fasta	/home/zhangwenda/goji-virome/01_data/data-test/RNA-Lycium_barbarum_out/02b_Filter/SRR23759246/uniprot/all_candidates_uniprot.fasta	strict_from_uniprot	uniprot/all_candidates_uniprot.fasta	DRY
02b_Filter/SRR23908664/SRR23908664_virus.all.candidate.fasta	/home/zhangwenda/goji-virome/01_data/data-test/RNA-Lycium_barbarum_out/02a_Identification/SRR23908664/SRR23908664_virus.all.candidate.fasta	02a_all_candidate	../../02a_Identification/SRR23908664/SRR23908664_virus.all.candidate.fasta	DRY
02b_Filter/SRR23908664/SRR23908664.virus.candidate_cdd_filtered.fasta	/home/zhangwenda/goji-virome/01_data/data-test/RNA-Lycium_barbarum_out/02b_Filter/SRR23908664/cdd/all_candidates_cdd_filter.fasta	cdd_filtered	cdd/all_candidates_cdd_filter.fasta	DRY
02b_Filter/SRR23908664/SRR23908664.virus.candidate_uniprot_filtered.fasta	/home/zhangwenda/goji-virome/01_data/data-test/RNA-Lycium_barbarum_out/02b_Filter/SRR23908664/uniprot/all_candidates_uniprot.fasta	uniprot_filtered	uniprot/all_candidates_uniprot.fasta	DRY
02b_Filter/SRR23908664/SRR23908664.virus.candidate_filtered.fasta	/home/zhangwenda/goji-virome/01_data/data-test/RNA-Lycium_barbarum_out/02b_Filter/SRR23908664/uniprot/all_candidates_uniprot.fasta	strict_from_uniprot	uniprot/all_candidates_uniprot.fasta	DRY
02b_Filter/SRR23908665/SRR23908665_virus.all.candidate.fasta	/home/zhangwenda/goji-virome/01_data/data-test/RNA-Lycium_barbarum_out/02a_Identification/SRR23908665/SRR23908665_virus.all.candidate.fasta	02a_all_candidate	../../02a_Identification/SRR23908665/SRR23908665_virus.all.candidate.fasta	DRY
02b_Filter/SRR23908665/SRR23908665.virus.candidate_cdd_filtered.fasta	/home/zhangwenda/goji-virome/01_data/data-test/RNA-Lycium_barbarum_out/02b_Filter/SRR23908665/cdd/all_candidates_cdd_filter.fasta	cdd_filtered	cdd/all_candidates_cdd_filter.fasta	DRY
02b_Filter/SRR23908665/SRR23908665.virus.candidate_uniprot_filtered.fasta	/home/zhangwenda/goji-virome/01_data/data-test/RNA-Lycium_barbarum_out/02b_Filter/SRR23908665/uniprot/all_candidates_uniprot.fasta	uniprot_filtered	uniprot/all_candidates_uniprot.fasta	DRY
02b_Filter/SRR23908665/SRR23908665.virus.candidate_filtered.fasta	/home/zhangwenda/goji-virome/01_data/data-test/RNA-Lycium_barbarum_out/02b_Filter/SRR23908665/uniprot/all_candidates_uniprot.fasta	strict_from_uniprot	uniprot/all_candidates_uniprot.fasta	DRY
02b_Filter/SRR23908666/SRR23908666_virus.all.candidate.fasta	/home/zhangwenda/goji-virome/01_data/data-test/RNA-Lycium_barbarum_out/02a_Identification/SRR23908666/SRR23908666_virus.all.candidate.fasta	02a_all_candidate	../../02a_Identification/SRR23908666/SRR23908666_virus.all.candidate.fasta	DRY
02b_Filter/SRR23908666/SRR23908666.virus.candidate_cdd_filtered.fasta	/home/zhangwenda/goji-virome/01_data/data-test/RNA-Lycium_barbarum_out/02b_Filter/SRR23908666/cdd/all_candidates_cdd_filter.fasta	cdd_filtered	cdd/all_candidates_cdd_filter.fasta	DRY
02b_Filter/SRR23908666/SRR23908666.virus.candidate_uniprot_filtered.fasta	/home/zhangwenda/goji-virome/01_data/data-test/RNA-Lycium_barbarum_out/02b_Filter/SRR23908666/uniprot/all_candidates_uniprot.fasta	uniprot_filtered	uniprot/all_candidates_uniprot.fasta	DRY
02b_Filter/SRR23908666/SRR23908666.virus.candidate_filtered.fasta	/home/zhangwenda/goji-virome/01_data/data-test/RNA-Lycium_barbarum_out/02b_Filter/SRR23908666/uniprot/all_candidates_uniprot.fasta	strict_from_uniprot	uniprot/all_candidates_uniprot.fasta	DRY
02b_Filter/SRR23908667/SRR23908667_virus.all.candidate.fasta	/home/zhangwenda/goji-virome/01_data/data-test/RNA-Lycium_barbarum_out/02a_Identification/SRR23908667/SRR23908667_virus.all.candidate.fasta	02a_all_candidate	../../02a_Identification/SRR23908667/SRR23908667_virus.all.candidate.fasta	DRY
02b_Filter/SRR23908667/SRR23908667.virus.candidate_cdd_filtered.fasta	/home/zhangwenda/goji-virome/01_data/data-test/RNA-Lycium_barbarum_out/02b_Filter/SRR23908667/cdd/all_candidates_cdd_filter.fasta	cdd_filtered	cdd/all_candidates_cdd_filter.fasta	DRY
02b_Filter/SRR23908667/SRR23908667.virus.candidate_uniprot_filtered.fasta	/home/zhangwenda/goji-virome/01_data/data-test/RNA-Lycium_barbarum_out/02b_Filter/SRR23908667/uniprot/all_candidates_uniprot.fasta	uniprot_filtered	uniprot/all_candidates_uniprot.fasta	DRY
02b_Filter/SRR23908667/SRR23908667.virus.candidate_filtered.fasta	/home/zhangwenda/goji-virome/01_data/data-test/RNA-Lycium_barbarum_out/02b_Filter/SRR23908667/uniprot/all_candidates_uniprot.fasta	strict_from_uniprot	uniprot/all_candidates_uniprot.fasta	DRY
02b_Filter/SRR23908668/SRR23908668_virus.all.candidate.fasta	/home/zhangwenda/goji-virome/01_data/data-test/RNA-Lycium_barbarum_out/02a_Identification/SRR23908668/SRR23908668_virus.all.candidate.fasta	02a_all_candidate	../../02a_Identification/SRR23908668/SRR23908668_virus.all.candidate.fasta	DRY
02b_Filter/SRR23908668/SRR23908668.virus.candidate_cdd_filtered.fasta	/home/zhangwenda/goji-virome/01_data/data-test/RNA-Lycium_barbarum_out/02b_Filter/SRR23908668/cdd/all_candidates_cdd_filter.fasta	cdd_filtered	cdd/all_candidates_cdd_filter.fasta	DRY
02b_Filter/SRR23908668/SRR23908668.virus.candidate_uniprot_filtered.fasta	/home/zhangwenda/goji-virome/01_data/data-test/RNA-Lycium_barbarum_out/02b_Filter/SRR23908668/uniprot/all_candidates_uniprot.fasta	uniprot_filtered	uniprot/all_candidates_uniprot.fasta	DRY
02b_Filter/SRR23908668/SRR23908668.virus.candidate_filtered.fasta	/home/zhangwenda/goji-virome/01_data/data-test/RNA-Lycium_barbarum_out/02b_Filter/SRR23908668/uniprot/all_candidates_uniprot.fasta	strict_from_uniprot	uniprot/all_candidates_uniprot.fasta	DRY
02b_Filter/SRR23908669/SRR23908669_virus.all.candidate.fasta	/home/zhangwenda/goji-virome/01_data/data-test/RNA-Lycium_barbarum_out/02a_Identification/SRR23908669/SRR23908669_virus.all.candidate.fasta	02a_all_candidate	../../02a_Identification/SRR23908669/SRR23908669_virus.all.candidate.fasta	DRY
02b_Filter/SRR23908669/SRR23908669.virus.candidate_cdd_filtered.fasta	/home/zhangwenda/goji-virome/01_data/data-test/RNA-Lycium_barbarum_out/02b_Filter/SRR23908669/cdd/all_candidates_cdd_filter.fasta	cdd_filtered	cdd/all_candidates_cdd_filter.fasta	DRY
02b_Filter/SRR23908669/SRR23908669.virus.candidate_uniprot_filtered.fasta	/home/zhangwenda/goji-virome/01_data/data-test/RNA-Lycium_barbarum_out/02b_Filter/SRR23908669/uniprot/all_candidates_uniprot.fasta	uniprot_filtered	uniprot/all_candidates_uniprot.fasta	DRY
02b_Filter/SRR23908669/SRR23908669.virus.candidate_filtered.fasta	/home/zhangwenda/goji-virome/01_data/data-test/RNA-Lycium_barbarum_out/02b_Filter/SRR23908669/uniprot/all_candidates_uniprot.fasta	strict_from_uniprot	uniprot/all_candidates_uniprot.fasta	DRY
02b_Filter/SRR23908670/SRR23908670_virus.all.candidate.fasta	/home/zhangwenda/goji-virome/01_data/data-test/RNA-Lycium_barbarum_out/02a_Identification/SRR23908670/SRR23908670_virus.all.candidate.fasta	02a_all_candidate	../../02a_Identification/SRR23908670/SRR23908670_virus.all.candidate.fasta	DRY
02b_Filter/SRR23908670/SRR23908670.virus.candidate_cdd_filtered.fasta	/home/zhangwenda/goji-virome/01_data/data-test/RNA-Lycium_barbarum_out/02b_Filter/SRR23908670/cdd/all_candidates_cdd_filter.fasta	cdd_filtered	cdd/all_candidates_cdd_filter.fasta	DRY
02b_Filter/SRR23908670/SRR23908670.virus.candidate_uniprot_filtered.fasta	/home/zhangwenda/goji-virome/01_data/data-test/RNA-Lycium_barbarum_out/02b_Filter/SRR23908670/uniprot/all_candidates_uniprot.fasta	uniprot_filtered	uniprot/all_candidates_uniprot.fasta	DRY
02b_Filter/SRR23908670/SRR23908670.virus.candidate_filtered.fasta	/home/zhangwenda/goji-virome/01_data/data-test/RNA-Lycium_barbarum_out/02b_Filter/SRR23908670/uniprot/all_candidates_uniprot.fasta	strict_from_uniprot	uniprot/all_candidates_uniprot.fasta	DRY
02b_Filter/SRR23908671/SRR23908671_virus.all.candidate.fasta	/home/zhangwenda/goji-virome/01_data/data-test/RNA-Lycium_barbarum_out/02a_Identification/SRR23908671/SRR23908671_virus.all.candidate.fasta	02a_all_candidate	../../02a_Identification/SRR23908671/SRR23908671_virus.all.candidate.fasta	DRY
02b_Filter/SRR23908671/SRR23908671.virus.candidate_cdd_filtered.fasta	/home/zhangwenda/goji-virome/01_data/data-test/RNA-Lycium_barbarum_out/02b_Filter/SRR23908671/cdd/all_candidates_cdd_filter.fasta	cdd_filtered	cdd/all_candidates_cdd_filter.fasta	DRY
02b_Filter/SRR23908671/SRR23908671.virus.candidate_uniprot_filtered.fasta	/home/zhangwenda/goji-virome/01_data/data-test/RNA-Lycium_barbarum_out/02b_Filter/SRR23908671/uniprot/all_candidates_uniprot.fasta	uniprot_filtered	uniprot/all_candidates_uniprot.fasta	DRY
02b_Filter/SRR23908671/SRR23908671.virus.candidate_filtered.fasta	/home/zhangwenda/goji-virome/01_data/data-test/RNA-Lycium_barbarum_out/02b_Filter/SRR23908671/uniprot/all_candidates_uniprot.fasta	strict_from_uniprot	uniprot/all_candidates_uniprot.fasta	DRY
02b_Filter/SRR23908672/SRR23908672_virus.all.candidate.fasta	/home/zhangwenda/goji-virome/01_data/data-test/RNA-Lycium_barbarum_out/02a_Identification/SRR23908672/SRR23908672_virus.all.candidate.fasta	02a_all_candidate	../../02a_Identification/SRR23908672/SRR23908672_virus.all.candidate.fasta	DRY
02b_Filter/SRR23908672/SRR23908672.virus.candidate_cdd_filtered.fasta	/home/zhangwenda/goji-virome/01_data/data-test/RNA-Lycium_barbarum_out/02b_Filter/SRR23908672/cdd/all_candidates_cdd_filter.fasta	cdd_filtered	cdd/all_candidates_cdd_filter.fasta	DRY
02b_Filter/SRR23908672/SRR23908672.virus.candidate_uniprot_filtered.fasta	/home/zhangwenda/goji-virome/01_data/data-test/RNA-Lycium_barbarum_out/02b_Filter/SRR23908672/uniprot/all_candidates_uniprot.fasta	uniprot_filtered	uniprot/all_candidates_uniprot.fasta	DRY
02b_Filter/SRR23908672/SRR23908672.virus.candidate_filtered.fasta	/home/zhangwenda/goji-virome/01_data/data-test/RNA-Lycium_barbarum_out/02b_Filter/SRR23908672/uniprot/all_candidates_uniprot.fasta	strict_from_uniprot	uniprot/all_candidates_uniprot.fasta	DRY
02b_Filter/SRR23908673/SRR23908673_virus.all.candidate.fasta	/home/zhangwenda/goji-virome/01_data/data-test/RNA-Lycium_barbarum_out/02a_Identification/SRR23908673/SRR23908673_virus.all.candidate.fasta	02a_all_candidate	../../02a_Identification/SRR23908673/SRR23908673_virus.all.candidate.fasta	DRY
02b_Filter/SRR23908673/SRR23908673.virus.candidate_cdd_filtered.fasta	/home/zhangwenda/goji-virome/01_data/data-test/RNA-Lycium_barbarum_out/02b_Filter/SRR23908673/cdd/all_candidates_cdd_filter.fasta	cdd_filtered	cdd/all_candidates_cdd_filter.fasta	DRY
02b_Filter/SRR23908673/SRR23908673.virus.candidate_uniprot_filtered.fasta	/home/zhangwenda/goji-virome/01_data/data-test/RNA-Lycium_barbarum_out/02b_Filter/SRR23908673/uniprot/all_candidates_uniprot.fasta	uniprot_filtered	uniprot/all_candidates_uniprot.fasta	DRY
02b_Filter/SRR23908673/SRR23908673.virus.candidate_filtered.fasta	/home/zhangwenda/goji-virome/01_data/data-test/RNA-Lycium_barbarum_out/02b_Filter/SRR23908673/uniprot/all_candidates_uniprot.fasta	strict_from_uniprot	uniprot/all_candidates_uniprot.fasta	DRY
02b_Filter/SRR23908674/SRR23908674_virus.all.candidate.fasta	/home/zhangwenda/goji-virome/01_data/data-test/RNA-Lycium_barbarum_out/02a_Identification/SRR23908674/SRR23908674_virus.all.candidate.fasta	02a_all_candidate	../../02a_Identification/SRR23908674/SRR23908674_virus.all.candidate.fasta	DRY
02b_Filter/SRR23908674/SRR23908674.virus.candidate_cdd_filtered.fasta	/home/zhangwenda/goji-virome/01_data/data-test/RNA-Lycium_barbarum_out/02b_Filter/SRR23908674/cdd/all_candidates_cdd_filter.fasta	cdd_filtered	cdd/all_candidates_cdd_filter.fasta	DRY
02b_Filter/SRR23908674/SRR23908674.virus.candidate_uniprot_filtered.fasta	/home/zhangwenda/goji-virome/01_data/data-test/RNA-Lycium_barbarum_out/02b_Filter/SRR23908674/uniprot/all_candidates_uniprot.fasta	uniprot_filtered	uniprot/all_candidates_uniprot.fasta	DRY
02b_Filter/SRR23908674/SRR23908674.virus.candidate_filtered.fasta	/home/zhangwenda/goji-virome/01_data/data-test/RNA-Lycium_barbarum_out/02b_Filter/SRR23908674/uniprot/all_candidates_uniprot.fasta	strict_from_uniprot	uniprot/all_candidates_uniprot.fasta	DRY
02b_Filter/SRR23908675/SRR23908675_virus.all.candidate.fasta	/home/zhangwenda/goji-virome/01_data/data-test/RNA-Lycium_barbarum_out/02a_Identification/SRR23908675/SRR23908675_virus.all.candidate.fasta	02a_all_candidate	../../02a_Identification/SRR23908675/SRR23908675_virus.all.candidate.fasta	DRY
02b_Filter/SRR23908675/SRR23908675.virus.candidate_cdd_filtered.fasta	/home/zhangwenda/goji-virome/01_data/data-test/RNA-Lycium_barbarum_out/02b_Filter/SRR23908675/cdd/all_candidates_cdd_filter.fasta	cdd_filtered	cdd/all_candidates_cdd_filter.fasta	DRY
02b_Filter/SRR23908675/SRR23908675.virus.candidate_uniprot_filtered.fasta	/home/zhangwenda/goji-virome/01_data/data-test/RNA-Lycium_barbarum_out/02b_Filter/SRR23908675/uniprot/all_candidates_uniprot.fasta	uniprot_filtered	uniprot/all_candidates_uniprot.fasta	DRY
02b_Filter/SRR23908675/SRR23908675.virus.candidate_filtered.fasta	/home/zhangwenda/goji-virome/01_data/data-test/RNA-Lycium_barbarum_out/02b_Filter/SRR23908675/uniprot/all_candidates_uniprot.fasta	strict_from_uniprot	uniprot/all_candidates_uniprot.fasta	DRY
02b_Filter/SRR23908676/SRR23908676_virus.all.candidate.fasta	/home/zhangwenda/goji-virome/01_data/data-test/RNA-Lycium_barbarum_out/02a_Identification/SRR23908676/SRR23908676_virus.all.candidate.fasta	02a_all_candidate	../../02a_Identification/SRR23908676/SRR23908676_virus.all.candidate.fasta	DRY
02b_Filter/SRR23908676/SRR23908676.virus.candidate_cdd_filtered.fasta	/home/zhangwenda/goji-virome/01_data/data-test/RNA-Lycium_barbarum_out/02b_Filter/SRR23908676/cdd/all_candidates_cdd_filter.fasta	cdd_filtered	cdd/all_candidates_cdd_filter.fasta	DRY
02b_Filter/SRR23908676/SRR23908676.virus.candidate_uniprot_filtered.fasta	/home/zhangwenda/goji-virome/01_data/data-test/RNA-Lycium_barbarum_out/02b_Filter/SRR23908676/uniprot/all_candidates_uniprot.fasta	uniprot_filtered	uniprot/all_candidates_uniprot.fasta	DRY
02b_Filter/SRR23908676/SRR23908676.virus.candidate_filtered.fasta	/home/zhangwenda/goji-virome/01_data/data-test/RNA-Lycium_barbarum_out/02b_Filter/SRR23908676/uniprot/all_candidates_uniprot.fasta	strict_from_uniprot	uniprot/all_candidates_uniprot.fasta	DRY
02b_Filter/SRR23908677/SRR23908677_virus.all.candidate.fasta	/home/zhangwenda/goji-virome/01_data/data-test/RNA-Lycium_barbarum_out/02a_Identification/SRR23908677/SRR23908677_virus.all.candidate.fasta	02a_all_candidate	../../02a_Identification/SRR23908677/SRR23908677_virus.all.candidate.fasta	DRY
02b_Filter/SRR23908677/SRR23908677.virus.candidate_cdd_filtered.fasta	/home/zhangwenda/goji-virome/01_data/data-test/RNA-Lycium_barbarum_out/02b_Filter/SRR23908677/cdd/all_candidates_cdd_filter.fasta	cdd_filtered	cdd/all_candidates_cdd_filter.fasta	DRY
02b_Filter/SRR23908677/SRR23908677.virus.candidate_uniprot_filtered.fasta	/home/zhangwenda/goji-virome/01_data/data-test/RNA-Lycium_barbarum_out/02b_Filter/SRR23908677/uniprot/all_candidates_uniprot.fasta	uniprot_filtered	uniprot/all_candidates_uniprot.fasta	DRY
02b_Filter/SRR23908677/SRR23908677.virus.candidate_filtered.fasta	/home/zhangwenda/goji-virome/01_data/data-test/RNA-Lycium_barbarum_out/02b_Filter/SRR23908677/uniprot/all_candidates_uniprot.fasta	strict_from_uniprot	uniprot/all_candidates_uniprot.fasta	DRY
02b_Filter/SRR23908678/SRR23908678_virus.all.candidate.fasta	/home/zhangwenda/goji-virome/01_data/data-test/RNA-Lycium_barbarum_out/02a_Identification/SRR23908678/SRR23908678_virus.all.candidate.fasta	02a_all_candidate	../../02a_Identification/SRR23908678/SRR23908678_virus.all.candidate.fasta	DRY
02b_Filter/SRR23908678/SRR23908678.virus.candidate_cdd_filtered.fasta	/home/zhangwenda/goji-virome/01_data/data-test/RNA-Lycium_barbarum_out/02b_Filter/SRR23908678/cdd/all_candidates_cdd_filter.fasta	cdd_filtered	cdd/all_candidates_cdd_filter.fasta	DRY
02b_Filter/SRR23908678/SRR23908678.virus.candidate_uniprot_filtered.fasta	/home/zhangwenda/goji-virome/01_data/data-test/RNA-Lycium_barbarum_out/02b_Filter/SRR23908678/uniprot/all_candidates_uniprot.fasta	uniprot_filtered	uniprot/all_candidates_uniprot.fasta	DRY
02b_Filter/SRR23908678/SRR23908678.virus.candidate_filtered.fasta	/home/zhangwenda/goji-virome/01_data/data-test/RNA-Lycium_barbarum_out/02b_Filter/SRR23908678/uniprot/all_candidates_uniprot.fasta	strict_from_uniprot	uniprot/all_candidates_uniprot.fasta	DRY
02b_Filter/SRR23908679/SRR23908679_virus.all.candidate.fasta	/home/zhangwenda/goji-virome/01_data/data-test/RNA-Lycium_barbarum_out/02a_Identification/SRR23908679/SRR23908679_virus.all.candidate.fasta	02a_all_candidate	../../02a_Identification/SRR23908679/SRR23908679_virus.all.candidate.fasta	DRY
02b_Filter/SRR23908679/SRR23908679.virus.candidate_cdd_filtered.fasta	/home/zhangwenda/goji-virome/01_data/data-test/RNA-Lycium_barbarum_out/02b_Filter/SRR23908679/cdd/all_candidates_cdd_filter.fasta	cdd_filtered	cdd/all_candidates_cdd_filter.fasta	DRY
02b_Filter/SRR23908679/SRR23908679.virus.candidate_uniprot_filtered.fasta	/home/zhangwenda/goji-virome/01_data/data-test/RNA-Lycium_barbarum_out/02b_Filter/SRR23908679/uniprot/all_candidates_uniprot.fasta	uniprot_filtered	uniprot/all_candidates_uniprot.fasta	DRY
02b_Filter/SRR23908679/SRR23908679.virus.candidate_filtered.fasta	/home/zhangwenda/goji-virome/01_data/data-test/RNA-Lycium_barbarum_out/02b_Filter/SRR23908679/uniprot/all_candidates_uniprot.fasta	strict_from_uniprot	uniprot/all_candidates_uniprot.fasta	DRY
02b_Filter/SRR23908680/SRR23908680_virus.all.candidate.fasta	/home/zhangwenda/goji-virome/01_data/data-test/RNA-Lycium_barbarum_out/02a_Identification/SRR23908680/SRR23908680_virus.all.candidate.fasta	02a_all_candidate	../../02a_Identification/SRR23908680/SRR23908680_virus.all.candidate.fasta	DRY
02b_Filter/SRR23908680/SRR23908680.virus.candidate_cdd_filtered.fasta	/home/zhangwenda/goji-virome/01_data/data-test/RNA-Lycium_barbarum_out/02b_Filter/SRR23908680/cdd/all_candidates_cdd_filter.fasta	cdd_filtered	cdd/all_candidates_cdd_filter.fasta	DRY
02b_Filter/SRR23908680/SRR23908680.virus.candidate_uniprot_filtered.fasta	/home/zhangwenda/goji-virome/01_data/data-test/RNA-Lycium_barbarum_out/02b_Filter/SRR23908680/uniprot/all_candidates_uniprot.fasta	uniprot_filtered	uniprot/all_candidates_uniprot.fasta	DRY
02b_Filter/SRR23908680/SRR23908680.virus.candidate_filtered.fasta	/home/zhangwenda/goji-virome/01_data/data-test/RNA-Lycium_barbarum_out/02b_Filter/SRR23908680/uniprot/all_candidates_uniprot.fasta	strict_from_uniprot	uniprot/all_candidates_uniprot.fasta	DRY
02b_Filter/SRR23908681/SRR23908681_virus.all.candidate.fasta	/home/zhangwenda/goji-virome/01_data/data-test/RNA-Lycium_barbarum_out/02a_Identification/SRR23908681/SRR23908681_virus.all.candidate.fasta	02a_all_candidate	../../02a_Identification/SRR23908681/SRR23908681_virus.all.candidate.fasta	DRY
02b_Filter/SRR23908681/SRR23908681.virus.candidate_cdd_filtered.fasta	/home/zhangwenda/goji-virome/01_data/data-test/RNA-Lycium_barbarum_out/02b_Filter/SRR23908681/cdd/all_candidates_cdd_filter.fasta	cdd_filtered	cdd/all_candidates_cdd_filter.fasta	DRY
02b_Filter/SRR23908681/SRR23908681.virus.candidate_uniprot_filtered.fasta	/home/zhangwenda/goji-virome/01_data/data-test/RNA-Lycium_barbarum_out/02b_Filter/SRR23908681/uniprot/all_candidates_uniprot.fasta	uniprot_filtered	uniprot/all_candidates_uniprot.fasta	DRY
02b_Filter/SRR23908681/SRR23908681.virus.candidate_filtered.fasta	/home/zhangwenda/goji-virome/01_data/data-test/RNA-Lycium_barbarum_out/02b_Filter/SRR23908681/uniprot/all_candidates_uniprot.fasta	strict_from_uniprot	uniprot/all_candidates_uniprot.fasta	DRY
02b_Filter/SRR24100135/SRR24100135_virus.all.candidate.fasta	/home/zhangwenda/goji-virome/01_data/data-test/RNA-Lycium_barbarum_out/02a_Identification/SRR24100135/SRR24100135_virus.all.candidate.fasta	02a_all_candidate	../../02a_Identification/SRR24100135/SRR24100135_virus.all.candidate.fasta	DRY
02b_Filter/SRR24100135/SRR24100135.virus.candidate_cdd_filtered.fasta	/home/zhangwenda/goji-virome/01_data/data-test/RNA-Lycium_barbarum_out/02b_Filter/SRR24100135/cdd/all_candidates_cdd_filter.fasta	cdd_filtered	cdd/all_candidates_cdd_filter.fasta	DRY
02b_Filter/SRR24100135/SRR24100135.virus.candidate_uniprot_filtered.fasta	/home/zhangwenda/goji-virome/01_data/data-test/RNA-Lycium_barbarum_out/02b_Filter/SRR24100135/uniprot/all_candidates_uniprot.fasta	uniprot_filtered	uniprot/all_candidates_uniprot.fasta	DRY
02b_Filter/SRR24100135/SRR24100135.virus.candidate_filtered.fasta	/home/zhangwenda/goji-virome/01_data/data-test/RNA-Lycium_barbarum_out/02b_Filter/SRR24100135/uniprot/all_candidates_uniprot.fasta	strict_from_uniprot	uniprot/all_candidates_uniprot.fasta	DRY
02b_Filter/SRR24100142/SRR24100142_virus.all.candidate.fasta	/home/zhangwenda/goji-virome/01_data/data-test/RNA-Lycium_barbarum_out/02a_Identification/SRR24100142/SRR24100142_virus.all.candidate.fasta	02a_all_candidate	../../02a_Identification/SRR24100142/SRR24100142_virus.all.candidate.fasta	DRY
02b_Filter/SRR24100142/SRR24100142.virus.candidate_cdd_filtered.fasta	/home/zhangwenda/goji-virome/01_data/data-test/RNA-Lycium_barbarum_out/02b_Filter/SRR24100142/cdd/all_candidates_cdd_filter.fasta	cdd_filtered	cdd/all_candidates_cdd_filter.fasta	DRY
02b_Filter/SRR24100142/SRR24100142.virus.candidate_uniprot_filtered.fasta	/home/zhangwenda/goji-virome/01_data/data-test/RNA-Lycium_barbarum_out/02b_Filter/SRR24100142/uniprot/all_candidates_uniprot.fasta	uniprot_filtered	uniprot/all_candidates_uniprot.fasta	DRY
02b_Filter/SRR24100142/SRR24100142.virus.candidate_filtered.fasta	/home/zhangwenda/goji-virome/01_data/data-test/RNA-Lycium_barbarum_out/02b_Filter/SRR24100142/uniprot/all_candidates_uniprot.fasta	strict_from_uniprot	uniprot/all_candidates_uniprot.fasta	DRY
02b_Filter/SRR24100143/SRR24100143_virus.all.candidate.fasta	/home/zhangwenda/goji-virome/01_data/data-test/RNA-Lycium_barbarum_out/02a_Identification/SRR24100143/SRR24100143_virus.all.candidate.fasta	02a_all_candidate	../../02a_Identification/SRR24100143/SRR24100143_virus.all.candidate.fasta	DRY
02b_Filter/SRR24100143/SRR24100143.virus.candidate_cdd_filtered.fasta	/home/zhangwenda/goji-virome/01_data/data-test/RNA-Lycium_barbarum_out/02b_Filter/SRR24100143/cdd/all_candidates_cdd_filter.fasta	cdd_filtered	cdd/all_candidates_cdd_filter.fasta	DRY
02b_Filter/SRR24100143/SRR24100143.virus.candidate_uniprot_filtered.fasta	/home/zhangwenda/goji-virome/01_data/data-test/RNA-Lycium_barbarum_out/02b_Filter/SRR24100143/uniprot/all_candidates_uniprot.fasta	uniprot_filtered	uniprot/all_candidates_uniprot.fasta	DRY
02b_Filter/SRR24100143/SRR24100143.virus.candidate_filtered.fasta	/home/zhangwenda/goji-virome/01_data/data-test/RNA-Lycium_barbarum_out/02b_Filter/SRR24100143/uniprot/all_candidates_uniprot.fasta	strict_from_uniprot	uniprot/all_candidates_uniprot.fasta	DRY
02b_Filter/SRR24100144/SRR24100144_virus.all.candidate.fasta	/home/zhangwenda/goji-virome/01_data/data-test/RNA-Lycium_barbarum_out/02a_Identification/SRR24100144/SRR24100144_virus.all.candidate.fasta	02a_all_candidate	../../02a_Identification/SRR24100144/SRR24100144_virus.all.candidate.fasta	DRY
02b_Filter/SRR24100144/SRR24100144.virus.candidate_cdd_filtered.fasta	/home/zhangwenda/goji-virome/01_data/data-test/RNA-Lycium_barbarum_out/02b_Filter/SRR24100144/cdd/all_candidates_cdd_filter.fasta	cdd_filtered	cdd/all_candidates_cdd_filter.fasta	DRY
02b_Filter/SRR24100144/SRR24100144.virus.candidate_uniprot_filtered.fasta	/home/zhangwenda/goji-virome/01_data/data-test/RNA-Lycium_barbarum_out/02b_Filter/SRR24100144/uniprot/all_candidates_uniprot.fasta	uniprot_filtered	uniprot/all_candidates_uniprot.fasta	DRY
02b_Filter/SRR24100144/SRR24100144.virus.candidate_filtered.fasta	/home/zhangwenda/goji-virome/01_data/data-test/RNA-Lycium_barbarum_out/02b_Filter/SRR24100144/uniprot/all_candidates_uniprot.fasta	strict_from_uniprot	uniprot/all_candidates_uniprot.fasta	DRY
02b_Filter/SRR24100145/SRR24100145_virus.all.candidate.fasta	/home/zhangwenda/goji-virome/01_data/data-test/RNA-Lycium_barbarum_out/02a_Identification/SRR24100145/SRR24100145_virus.all.candidate.fasta	02a_all_candidate	../../02a_Identification/SRR24100145/SRR24100145_virus.all.candidate.fasta	DRY
02b_Filter/SRR24100145/SRR24100145.virus.candidate_cdd_filtered.fasta	/home/zhangwenda/goji-virome/01_data/data-test/RNA-Lycium_barbarum_out/02b_Filter/SRR24100145/cdd/all_candidates_cdd_filter.fasta	cdd_filtered	cdd/all_candidates_cdd_filter.fasta	DRY
02b_Filter/SRR24100145/SRR24100145.virus.candidate_uniprot_filtered.fasta	/home/zhangwenda/goji-virome/01_data/data-test/RNA-Lycium_barbarum_out/02b_Filter/SRR24100145/uniprot/all_candidates_uniprot.fasta	uniprot_filtered	uniprot/all_candidates_uniprot.fasta	DRY
02b_Filter/SRR24100145/SRR24100145.virus.candidate_filtered.fasta	/home/zhangwenda/goji-virome/01_data/data-test/RNA-Lycium_barbarum_out/02b_Filter/SRR24100145/uniprot/all_candidates_uniprot.fasta	strict_from_uniprot	uniprot/all_candidates_uniprot.fasta	DRY
02b_Filter/SRR24100146/SRR24100146_virus.all.candidate.fasta	/home/zhangwenda/goji-virome/01_data/data-test/RNA-Lycium_barbarum_out/02a_Identification/SRR24100146/SRR24100146_virus.all.candidate.fasta	02a_all_candidate	../../02a_Identification/SRR24100146/SRR24100146_virus.all.candidate.fasta	DRY
02b_Filter/SRR24100146/SRR24100146.virus.candidate_cdd_filtered.fasta	/home/zhangwenda/goji-virome/01_data/data-test/RNA-Lycium_barbarum_out/02b_Filter/SRR24100146/cdd/all_candidates_cdd_filter.fasta	cdd_filtered	cdd/all_candidates_cdd_filter.fasta	DRY
02b_Filter/SRR24100146/SRR24100146.virus.candidate_uniprot_filtered.fasta	/home/zhangwenda/goji-virome/01_data/data-test/RNA-Lycium_barbarum_out/02b_Filter/SRR24100146/uniprot/all_candidates_uniprot.fasta	uniprot_filtered	uniprot/all_candidates_uniprot.fasta	DRY
02b_Filter/SRR24100146/SRR24100146.virus.candidate_filtered.fasta	/home/zhangwenda/goji-virome/01_data/data-test/RNA-Lycium_barbarum_out/02b_Filter/SRR24100146/uniprot/all_candidates_uniprot.fasta	strict_from_uniprot	uniprot/all_candidates_uniprot.fasta	DRY
02b_Filter/SRR24100147/SRR24100147_virus.all.candidate.fasta	/home/zhangwenda/goji-virome/01_data/data-test/RNA-Lycium_barbarum_out/02a_Identification/SRR24100147/SRR24100147_virus.all.candidate.fasta	02a_all_candidate	../../02a_Identification/SRR24100147/SRR24100147_virus.all.candidate.fasta	DRY
02b_Filter/SRR24100147/SRR24100147.virus.candidate_cdd_filtered.fasta	/home/zhangwenda/goji-virome/01_data/data-test/RNA-Lycium_barbarum_out/02b_Filter/SRR24100147/cdd/all_candidates_cdd_filter.fasta	cdd_filtered	cdd/all_candidates_cdd_filter.fasta	DRY
02b_Filter/SRR24100147/SRR24100147.virus.candidate_uniprot_filtered.fasta	/home/zhangwenda/goji-virome/01_data/data-test/RNA-Lycium_barbarum_out/02b_Filter/SRR24100147/uniprot/all_candidates_uniprot.fasta	uniprot_filtered	uniprot/all_candidates_uniprot.fasta	DRY
02b_Filter/SRR24100147/SRR24100147.virus.candidate_filtered.fasta	/home/zhangwenda/goji-virome/01_data/data-test/RNA-Lycium_barbarum_out/02b_Filter/SRR24100147/uniprot/all_candidates_uniprot.fasta	strict_from_uniprot	uniprot/all_candidates_uniprot.fasta	DRY
02b_Filter/SRR24100148/SRR24100148_virus.all.candidate.fasta	/home/zhangwenda/goji-virome/01_data/data-test/RNA-Lycium_barbarum_out/02a_Identification/SRR24100148/SRR24100148_virus.all.candidate.fasta	02a_all_candidate	../../02a_Identification/SRR24100148/SRR24100148_virus.all.candidate.fasta	DRY
02b_Filter/SRR24100148/SRR24100148.virus.candidate_cdd_filtered.fasta	/home/zhangwenda/goji-virome/01_data/data-test/RNA-Lycium_barbarum_out/02b_Filter/SRR24100148/cdd/all_candidates_cdd_filter.fasta	cdd_filtered	cdd/all_candidates_cdd_filter.fasta	DRY
02b_Filter/SRR24100148/SRR24100148.virus.candidate_uniprot_filtered.fasta	/home/zhangwenda/goji-virome/01_data/data-test/RNA-Lycium_barbarum_out/02b_Filter/SRR24100148/uniprot/all_candidates_uniprot.fasta	uniprot_filtered	uniprot/all_candidates_uniprot.fasta	DRY
02b_Filter/SRR24100148/SRR24100148.virus.candidate_filtered.fasta	/home/zhangwenda/goji-virome/01_data/data-test/RNA-Lycium_barbarum_out/02b_Filter/SRR24100148/uniprot/all_candidates_uniprot.fasta	strict_from_uniprot	uniprot/all_candidates_uniprot.fasta	DRY
02b_Filter/SRR24100149/SRR24100149_virus.all.candidate.fasta	/home/zhangwenda/goji-virome/01_data/data-test/RNA-Lycium_barbarum_out/02a_Identification/SRR24100149/SRR24100149_virus.all.candidate.fasta	02a_all_candidate	../../02a_Identification/SRR24100149/SRR24100149_virus.all.candidate.fasta	DRY
02b_Filter/SRR24100149/SRR24100149.virus.candidate_cdd_filtered.fasta	/home/zhangwenda/goji-virome/01_data/data-test/RNA-Lycium_barbarum_out/02b_Filter/SRR24100149/cdd/all_candidates_cdd_filter.fasta	cdd_filtered	cdd/all_candidates_cdd_filter.fasta	DRY
02b_Filter/SRR24100149/SRR24100149.virus.candidate_uniprot_filtered.fasta	/home/zhangwenda/goji-virome/01_data/data-test/RNA-Lycium_barbarum_out/02b_Filter/SRR24100149/uniprot/all_candidates_uniprot.fasta	uniprot_filtered	uniprot/all_candidates_uniprot.fasta	DRY
02b_Filter/SRR24100149/SRR24100149.virus.candidate_filtered.fasta	/home/zhangwenda/goji-virome/01_data/data-test/RNA-Lycium_barbarum_out/02b_Filter/SRR24100149/uniprot/all_candidates_uniprot.fasta	strict_from_uniprot	uniprot/all_candidates_uniprot.fasta	DRY
02b_Filter/SRR24305226/SRR24305226_virus.all.candidate.fasta	/home/zhangwenda/goji-virome/01_data/data-test/RNA-Lycium_barbarum_out/02a_Identification/SRR24305226/SRR24305226_virus.all.candidate.fasta	02a_all_candidate	../../02a_Identification/SRR24305226/SRR24305226_virus.all.candidate.fasta	DRY
02b_Filter/SRR24305226/SRR24305226.virus.candidate_cdd_filtered.fasta	/home/zhangwenda/goji-virome/01_data/data-test/RNA-Lycium_barbarum_out/02b_Filter/SRR24305226/cdd/all_candidates_cdd_filter.fasta	cdd_filtered	cdd/all_candidates_cdd_filter.fasta	DRY
02b_Filter/SRR24305226/SRR24305226.virus.candidate_uniprot_filtered.fasta	/home/zhangwenda/goji-virome/01_data/data-test/RNA-Lycium_barbarum_out/02b_Filter/SRR24305226/uniprot/all_candidates_uniprot.fasta	uniprot_filtered	uniprot/all_candidates_uniprot.fasta	DRY
02b_Filter/SRR24305226/SRR24305226.virus.candidate_filtered.fasta	/home/zhangwenda/goji-virome/01_data/data-test/RNA-Lycium_barbarum_out/02b_Filter/SRR24305226/uniprot/all_candidates_uniprot.fasta	strict_from_uniprot	uniprot/all_candidates_uniprot.fasta	DRY
02b_Filter/SRR24305227/SRR24305227_virus.all.candidate.fasta	/home/zhangwenda/goji-virome/01_data/data-test/RNA-Lycium_barbarum_out/02a_Identification/SRR24305227/SRR24305227_virus.all.candidate.fasta	02a_all_candidate	../../02a_Identification/SRR24305227/SRR24305227_virus.all.candidate.fasta	DRY
02b_Filter/SRR24305227/SRR24305227.virus.candidate_cdd_filtered.fasta	/home/zhangwenda/goji-virome/01_data/data-test/RNA-Lycium_barbarum_out/02b_Filter/SRR24305227/cdd/all_candidates_cdd_filter.fasta	cdd_filtered	cdd/all_candidates_cdd_filter.fasta	DRY
02b_Filter/SRR24305227/SRR24305227.virus.candidate_uniprot_filtered.fasta	/home/zhangwenda/goji-virome/01_data/data-test/RNA-Lycium_barbarum_out/02b_Filter/SRR24305227/uniprot/all_candidates_uniprot.fasta	uniprot_filtered	uniprot/all_candidates_uniprot.fasta	DRY
02b_Filter/SRR24305227/SRR24305227.virus.candidate_filtered.fasta	/home/zhangwenda/goji-virome/01_data/data-test/RNA-Lycium_barbarum_out/02b_Filter/SRR24305227/uniprot/all_candidates_uniprot.fasta	strict_from_uniprot	uniprot/all_candidates_uniprot.fasta	DRY
02b_Filter/SRR24305228/SRR24305228_virus.all.candidate.fasta	/home/zhangwenda/goji-virome/01_data/data-test/RNA-Lycium_barbarum_out/02a_Identification/SRR24305228/SRR24305228_virus.all.candidate.fasta	02a_all_candidate	../../02a_Identification/SRR24305228/SRR24305228_virus.all.candidate.fasta	DRY
02b_Filter/SRR24305228/SRR24305228.virus.candidate_cdd_filtered.fasta	/home/zhangwenda/goji-virome/01_data/data-test/RNA-Lycium_barbarum_out/02b_Filter/SRR24305228/cdd/all_candidates_cdd_filter.fasta	cdd_filtered	cdd/all_candidates_cdd_filter.fasta	DRY
02b_Filter/SRR24305228/SRR24305228.virus.candidate_uniprot_filtered.fasta	/home/zhangwenda/goji-virome/01_data/data-test/RNA-Lycium_barbarum_out/02b_Filter/SRR24305228/uniprot/all_candidates_uniprot.fasta	uniprot_filtered	uniprot/all_candidates_uniprot.fasta	DRY
02b_Filter/SRR24305228/SRR24305228.virus.candidate_filtered.fasta	/home/zhangwenda/goji-virome/01_data/data-test/RNA-Lycium_barbarum_out/02b_Filter/SRR24305228/uniprot/all_candidates_uniprot.fasta	strict_from_uniprot	uniprot/all_candidates_uniprot.fasta	DRY
02b_Filter/SRR24305229/SRR24305229_virus.all.candidate.fasta	/home/zhangwenda/goji-virome/01_data/data-test/RNA-Lycium_barbarum_out/02a_Identification/SRR24305229/SRR24305229_virus.all.candidate.fasta	02a_all_candidate	../../02a_Identification/SRR24305229/SRR24305229_virus.all.candidate.fasta	DRY
02b_Filter/SRR24305229/SRR24305229.virus.candidate_cdd_filtered.fasta	/home/zhangwenda/goji-virome/01_data/data-test/RNA-Lycium_barbarum_out/02b_Filter/SRR24305229/cdd/all_candidates_cdd_filter.fasta	cdd_filtered	cdd/all_candidates_cdd_filter.fasta	DRY
02b_Filter/SRR24305229/SRR24305229.virus.candidate_uniprot_filtered.fasta	/home/zhangwenda/goji-virome/01_data/data-test/RNA-Lycium_barbarum_out/02b_Filter/SRR24305229/uniprot/all_candidates_uniprot.fasta	uniprot_filtered	uniprot/all_candidates_uniprot.fasta	DRY
02b_Filter/SRR24305229/SRR24305229.virus.candidate_filtered.fasta	/home/zhangwenda/goji-virome/01_data/data-test/RNA-Lycium_barbarum_out/02b_Filter/SRR24305229/uniprot/all_candidates_uniprot.fasta	strict_from_uniprot	uniprot/all_candidates_uniprot.fasta	DRY
02b_Filter/SRR24305230/SRR24305230_virus.all.candidate.fasta	/home/zhangwenda/goji-virome/01_data/data-test/RNA-Lycium_barbarum_out/02a_Identification/SRR24305230/SRR24305230_virus.all.candidate.fasta	02a_all_candidate	../../02a_Identification/SRR24305230/SRR24305230_virus.all.candidate.fasta	DRY
02b_Filter/SRR24305230/SRR24305230.virus.candidate_cdd_filtered.fasta	/home/zhangwenda/goji-virome/01_data/data-test/RNA-Lycium_barbarum_out/02b_Filter/SRR24305230/cdd/all_candidates_cdd_filter.fasta	cdd_filtered	cdd/all_candidates_cdd_filter.fasta	DRY
02b_Filter/SRR24305230/SRR24305230.virus.candidate_uniprot_filtered.fasta	/home/zhangwenda/goji-virome/01_data/data-test/RNA-Lycium_barbarum_out/02b_Filter/SRR24305230/uniprot/all_candidates_uniprot.fasta	uniprot_filtered	uniprot/all_candidates_uniprot.fasta	DRY
02b_Filter/SRR24305230/SRR24305230.virus.candidate_filtered.fasta	/home/zhangwenda/goji-virome/01_data/data-test/RNA-Lycium_barbarum_out/02b_Filter/SRR24305230/uniprot/all_candidates_uniprot.fasta	strict_from_uniprot	uniprot/all_candidates_uniprot.fasta	DRY
02b_Filter/SRR24305231/SRR24305231_virus.all.candidate.fasta	/home/zhangwenda/goji-virome/01_data/data-test/RNA-Lycium_barbarum_out/02a_Identification/SRR24305231/SRR24305231_virus.all.candidate.fasta	02a_all_candidate	../../02a_Identification/SRR24305231/SRR24305231_virus.all.candidate.fasta	DRY
02b_Filter/SRR24305231/SRR24305231.virus.candidate_cdd_filtered.fasta	/home/zhangwenda/goji-virome/01_data/data-test/RNA-Lycium_barbarum_out/02b_Filter/SRR24305231/cdd/all_candidates_cdd_filter.fasta	cdd_filtered	cdd/all_candidates_cdd_filter.fasta	DRY
02b_Filter/SRR24305231/SRR24305231.virus.candidate_uniprot_filtered.fasta	/home/zhangwenda/goji-virome/01_data/data-test/RNA-Lycium_barbarum_out/02b_Filter/SRR24305231/uniprot/all_candidates_uniprot.fasta	uniprot_filtered	uniprot/all_candidates_uniprot.fasta	DRY
02b_Filter/SRR24305231/SRR24305231.virus.candidate_filtered.fasta	/home/zhangwenda/goji-virome/01_data/data-test/RNA-Lycium_barbarum_out/02b_Filter/SRR24305231/uniprot/all_candidates_uniprot.fasta	strict_from_uniprot	uniprot/all_candidates_uniprot.fasta	DRY
02b_Filter/SRR24315640/SRR24315640_virus.all.candidate.fasta	/home/zhangwenda/goji-virome/01_data/data-test/RNA-Lycium_barbarum_out/02a_Identification/SRR24315640/SRR24315640_virus.all.candidate.fasta	02a_all_candidate	../../02a_Identification/SRR24315640/SRR24315640_virus.all.candidate.fasta	DRY
02b_Filter/SRR24315640/SRR24315640.virus.candidate_cdd_filtered.fasta	/home/zhangwenda/goji-virome/01_data/data-test/RNA-Lycium_barbarum_out/02b_Filter/SRR24315640/cdd/all_candidates_cdd_filter.fasta	cdd_filtered	cdd/all_candidates_cdd_filter.fasta	DRY
02b_Filter/SRR24315640/SRR24315640.virus.candidate_uniprot_filtered.fasta	/home/zhangwenda/goji-virome/01_data/data-test/RNA-Lycium_barbarum_out/02b_Filter/SRR24315640/uniprot/all_candidates_uniprot.fasta	uniprot_filtered	uniprot/all_candidates_uniprot.fasta	DRY
02b_Filter/SRR24315640/SRR24315640.virus.candidate_filtered.fasta	/home/zhangwenda/goji-virome/01_data/data-test/RNA-Lycium_barbarum_out/02b_Filter/SRR24315640/uniprot/all_candidates_uniprot.fasta	strict_from_uniprot	uniprot/all_candidates_uniprot.fasta	DRY
02b_Filter/SRR24315641/SRR24315641_virus.all.candidate.fasta	/home/zhangwenda/goji-virome/01_data/data-test/RNA-Lycium_barbarum_out/02a_Identification/SRR24315641/SRR24315641_virus.all.candidate.fasta	02a_all_candidate	../../02a_Identification/SRR24315641/SRR24315641_virus.all.candidate.fasta	DRY
02b_Filter/SRR24315641/SRR24315641.virus.candidate_cdd_filtered.fasta	/home/zhangwenda/goji-virome/01_data/data-test/RNA-Lycium_barbarum_out/02b_Filter/SRR24315641/cdd/all_candidates_cdd_filter.fasta	cdd_filtered	cdd/all_candidates_cdd_filter.fasta	DRY
02b_Filter/SRR24315641/SRR24315641.virus.candidate_uniprot_filtered.fasta	/home/zhangwenda/goji-virome/01_data/data-test/RNA-Lycium_barbarum_out/02b_Filter/SRR24315641/uniprot/all_candidates_uniprot.fasta	uniprot_filtered	uniprot/all_candidates_uniprot.fasta	DRY
02b_Filter/SRR24315641/SRR24315641.virus.candidate_filtered.fasta	/home/zhangwenda/goji-virome/01_data/data-test/RNA-Lycium_barbarum_out/02b_Filter/SRR24315641/uniprot/all_candidates_uniprot.fasta	strict_from_uniprot	uniprot/all_candidates_uniprot.fasta	DRY
02b_Filter/SRR24315642/SRR24315642_virus.all.candidate.fasta	/home/zhangwenda/goji-virome/01_data/data-test/RNA-Lycium_barbarum_out/02a_Identification/SRR24315642/SRR24315642_virus.all.candidate.fasta	02a_all_candidate	../../02a_Identification/SRR24315642/SRR24315642_virus.all.candidate.fasta	DRY
02b_Filter/SRR24315642/SRR24315642.virus.candidate_cdd_filtered.fasta	/home/zhangwenda/goji-virome/01_data/data-test/RNA-Lycium_barbarum_out/02b_Filter/SRR24315642/cdd/all_candidates_cdd_filter.fasta	cdd_filtered	cdd/all_candidates_cdd_filter.fasta	DRY
02b_Filter/SRR24315642/SRR24315642.virus.candidate_uniprot_filtered.fasta	/home/zhangwenda/goji-virome/01_data/data-test/RNA-Lycium_barbarum_out/02b_Filter/SRR24315642/uniprot/all_candidates_uniprot.fasta	uniprot_filtered	uniprot/all_candidates_uniprot.fasta	DRY
02b_Filter/SRR24315642/SRR24315642.virus.candidate_filtered.fasta	/home/zhangwenda/goji-virome/01_data/data-test/RNA-Lycium_barbarum_out/02b_Filter/SRR24315642/uniprot/all_candidates_uniprot.fasta	strict_from_uniprot	uniprot/all_candidates_uniprot.fasta	DRY
02b_Filter/SRR25180699/SRR25180699.virus.candidate_cdd_filtered.fasta	/home/zhangwenda/goji-virome/01_data/data-test/RNA-Lycium_barbarum_out/02b_Filter/SRR25180699/cdd/all_candidates_cdd_filter.fasta	cdd_filtered	cdd/all_candidates_cdd_filter.fasta	DRY
02b_Filter/SRR25180699/SRR25180699.virus.candidate_uniprot_filtered.fasta	/home/zhangwenda/goji-virome/01_data/data-test/RNA-Lycium_barbarum_out/02b_Filter/SRR25180699/uniprot/all_candidates_uniprot.fasta	uniprot_filtered	uniprot/all_candidates_uniprot.fasta	DRY
02b_Filter/SRR25180699/SRR25180699.virus.candidate_filtered.fasta	/home/zhangwenda/goji-virome/01_data/data-test/RNA-Lycium_barbarum_out/02b_Filter/SRR25180699/uniprot/all_candidates_uniprot.fasta	strict_from_uniprot	uniprot/all_candidates_uniprot.fasta	DRY
02b_Filter/SRR25180701/SRR25180701.virus.candidate_cdd_filtered.fasta	/home/zhangwenda/goji-virome/01_data/data-test/RNA-Lycium_barbarum_out/02b_Filter/SRR25180701/cdd/all_candidates_cdd_filter.fasta	cdd_filtered	cdd/all_candidates_cdd_filter.fasta	DRY
02b_Filter/SRR25180701/SRR25180701.virus.candidate_uniprot_filtered.fasta	/home/zhangwenda/goji-virome/01_data/data-test/RNA-Lycium_barbarum_out/02b_Filter/SRR25180701/uniprot/all_candidates_uniprot.fasta	uniprot_filtered	uniprot/all_candidates_uniprot.fasta	DRY
02b_Filter/SRR25180701/SRR25180701.virus.candidate_filtered.fasta	/home/zhangwenda/goji-virome/01_data/data-test/RNA-Lycium_barbarum_out/02b_Filter/SRR25180701/uniprot/all_candidates_uniprot.fasta	strict_from_uniprot	uniprot/all_candidates_uniprot.fasta	DRY
02b_Filter/SRR25180702/SRR25180702_virus.all.candidate.fasta	/home/zhangwenda/goji-virome/01_data/data-test/RNA-Lycium_barbarum_out/02a_Identification/SRR25180702/SRR25180702_virus.all.candidate.fasta	02a_all_candidate	../../02a_Identification/SRR25180702/SRR25180702_virus.all.candidate.fasta	DRY
02b_Filter/SRR25180702/SRR25180702.virus.candidate_cdd_filtered.fasta	/home/zhangwenda/goji-virome/01_data/data-test/RNA-Lycium_barbarum_out/02b_Filter/SRR25180702/cdd/all_candidates_cdd_filter.fasta	cdd_filtered	cdd/all_candidates_cdd_filter.fasta	DRY
02b_Filter/SRR25180702/SRR25180702.virus.candidate_uniprot_filtered.fasta	/home/zhangwenda/goji-virome/01_data/data-test/RNA-Lycium_barbarum_out/02b_Filter/SRR25180702/uniprot/all_candidates_uniprot.fasta	uniprot_filtered	uniprot/all_candidates_uniprot.fasta	DRY
02b_Filter/SRR25180702/SRR25180702.virus.candidate_filtered.fasta	/home/zhangwenda/goji-virome/01_data/data-test/RNA-Lycium_barbarum_out/02b_Filter/SRR25180702/uniprot/all_candidates_uniprot.fasta	strict_from_uniprot	uniprot/all_candidates_uniprot.fasta	DRY
02b_Filter/SRR25180706/SRR25180706.virus.candidate_cdd_filtered.fasta	/home/zhangwenda/goji-virome/01_data/data-test/RNA-Lycium_barbarum_out/02b_Filter/SRR25180706/cdd/all_candidates_cdd_filter.fasta	cdd_filtered	cdd/all_candidates_cdd_filter.fasta	DRY
02b_Filter/SRR25180706/SRR25180706.virus.candidate_uniprot_filtered.fasta	/home/zhangwenda/goji-virome/01_data/data-test/RNA-Lycium_barbarum_out/02b_Filter/SRR25180706/uniprot/all_candidates_uniprot.fasta	uniprot_filtered	uniprot/all_candidates_uniprot.fasta	DRY
02b_Filter/SRR25180706/SRR25180706.virus.candidate_filtered.fasta	/home/zhangwenda/goji-virome/01_data/data-test/RNA-Lycium_barbarum_out/02b_Filter/SRR25180706/uniprot/all_candidates_uniprot.fasta	strict_from_uniprot	uniprot/all_candidates_uniprot.fasta	DRY
02b_Filter/SRR25180707/SRR25180707.virus.candidate_cdd_filtered.fasta	/home/zhangwenda/goji-virome/01_data/data-test/RNA-Lycium_barbarum_out/02b_Filter/SRR25180707/cdd/all_candidates_cdd_filter.fasta	cdd_filtered	cdd/all_candidates_cdd_filter.fasta	DRY
02b_Filter/SRR25180707/SRR25180707.virus.candidate_uniprot_filtered.fasta	/home/zhangwenda/goji-virome/01_data/data-test/RNA-Lycium_barbarum_out/02b_Filter/SRR25180707/uniprot/all_candidates_uniprot.fasta	uniprot_filtered	uniprot/all_candidates_uniprot.fasta	DRY
02b_Filter/SRR25180707/SRR25180707.virus.candidate_filtered.fasta	/home/zhangwenda/goji-virome/01_data/data-test/RNA-Lycium_barbarum_out/02b_Filter/SRR25180707/uniprot/all_candidates_uniprot.fasta	strict_from_uniprot	uniprot/all_candidates_uniprot.fasta	DRY
02b_Filter/SRR25775920/SRR25775920_virus.all.candidate.fasta	/home/zhangwenda/goji-virome/01_data/data-test/RNA-Lycium_barbarum_out/02a_Identification/SRR25775920/SRR25775920_virus.all.candidate.fasta	02a_all_candidate	../../02a_Identification/SRR25775920/SRR25775920_virus.all.candidate.fasta	DRY
02b_Filter/SRR25775920/SRR25775920.virus.candidate_cdd_filtered.fasta	/home/zhangwenda/goji-virome/01_data/data-test/RNA-Lycium_barbarum_out/02b_Filter/SRR25775920/cdd/all_candidates_cdd_filter.fasta	cdd_filtered	cdd/all_candidates_cdd_filter.fasta	DRY
02b_Filter/SRR25775920/SRR25775920.virus.candidate_uniprot_filtered.fasta	/home/zhangwenda/goji-virome/01_data/data-test/RNA-Lycium_barbarum_out/02b_Filter/SRR25775920/uniprot/all_candidates_uniprot.fasta	uniprot_filtered	uniprot/all_candidates_uniprot.fasta	DRY
02b_Filter/SRR25775920/SRR25775920.virus.candidate_filtered.fasta	/home/zhangwenda/goji-virome/01_data/data-test/RNA-Lycium_barbarum_out/02b_Filter/SRR25775920/uniprot/all_candidates_uniprot.fasta	strict_from_uniprot	uniprot/all_candidates_uniprot.fasta	DRY
02b_Filter/SRR25775921/SRR25775921_virus.all.candidate.fasta	/home/zhangwenda/goji-virome/01_data/data-test/RNA-Lycium_barbarum_out/02a_Identification/SRR25775921/SRR25775921_virus.all.candidate.fasta	02a_all_candidate	../../02a_Identification/SRR25775921/SRR25775921_virus.all.candidate.fasta	DRY
02b_Filter/SRR25775921/SRR25775921.virus.candidate_cdd_filtered.fasta	/home/zhangwenda/goji-virome/01_data/data-test/RNA-Lycium_barbarum_out/02b_Filter/SRR25775921/cdd/all_candidates_cdd_filter.fasta	cdd_filtered	cdd/all_candidates_cdd_filter.fasta	DRY
02b_Filter/SRR25775921/SRR25775921.virus.candidate_uniprot_filtered.fasta	/home/zhangwenda/goji-virome/01_data/data-test/RNA-Lycium_barbarum_out/02b_Filter/SRR25775921/uniprot/all_candidates_uniprot.fasta	uniprot_filtered	uniprot/all_candidates_uniprot.fasta	DRY
02b_Filter/SRR25775921/SRR25775921.virus.candidate_filtered.fasta	/home/zhangwenda/goji-virome/01_data/data-test/RNA-Lycium_barbarum_out/02b_Filter/SRR25775921/uniprot/all_candidates_uniprot.fasta	strict_from_uniprot	uniprot/all_candidates_uniprot.fasta	DRY
02b_Filter/SRR25775922/SRR25775922_virus.all.candidate.fasta	/home/zhangwenda/goji-virome/01_data/data-test/RNA-Lycium_barbarum_out/02a_Identification/SRR25775922/SRR25775922_virus.all.candidate.fasta	02a_all_candidate	../../02a_Identification/SRR25775922/SRR25775922_virus.all.candidate.fasta	DRY
02b_Filter/SRR25775922/SRR25775922.virus.candidate_cdd_filtered.fasta	/home/zhangwenda/goji-virome/01_data/data-test/RNA-Lycium_barbarum_out/02b_Filter/SRR25775922/cdd/all_candidates_cdd_filter.fasta	cdd_filtered	cdd/all_candidates_cdd_filter.fasta	DRY
02b_Filter/SRR25775922/SRR25775922.virus.candidate_uniprot_filtered.fasta	/home/zhangwenda/goji-virome/01_data/data-test/RNA-Lycium_barbarum_out/02b_Filter/SRR25775922/uniprot/all_candidates_uniprot.fasta	uniprot_filtered	uniprot/all_candidates_uniprot.fasta	DRY
02b_Filter/SRR25775922/SRR25775922.virus.candidate_filtered.fasta	/home/zhangwenda/goji-virome/01_data/data-test/RNA-Lycium_barbarum_out/02b_Filter/SRR25775922/uniprot/all_candidates_uniprot.fasta	strict_from_uniprot	uniprot/all_candidates_uniprot.fasta	DRY
02b_Filter/SRR25775923/SRR25775923_virus.all.candidate.fasta	/home/zhangwenda/goji-virome/01_data/data-test/RNA-Lycium_barbarum_out/02a_Identification/SRR25775923/SRR25775923_virus.all.candidate.fasta	02a_all_candidate	../../02a_Identification/SRR25775923/SRR25775923_virus.all.candidate.fasta	DRY
02b_Filter/SRR25775923/SRR25775923.virus.candidate_cdd_filtered.fasta	/home/zhangwenda/goji-virome/01_data/data-test/RNA-Lycium_barbarum_out/02b_Filter/SRR25775923/cdd/all_candidates_cdd_filter.fasta	cdd_filtered	cdd/all_candidates_cdd_filter.fasta	DRY
02b_Filter/SRR25775923/SRR25775923.virus.candidate_uniprot_filtered.fasta	/home/zhangwenda/goji-virome/01_data/data-test/RNA-Lycium_barbarum_out/02b_Filter/SRR25775923/uniprot/all_candidates_uniprot.fasta	uniprot_filtered	uniprot/all_candidates_uniprot.fasta	DRY
02b_Filter/SRR25775923/SRR25775923.virus.candidate_filtered.fasta	/home/zhangwenda/goji-virome/01_data/data-test/RNA-Lycium_barbarum_out/02b_Filter/SRR25775923/uniprot/all_candidates_uniprot.fasta	strict_from_uniprot	uniprot/all_candidates_uniprot.fasta	DRY
02b_Filter/SRR25775924/SRR25775924_virus.all.candidate.fasta	/home/zhangwenda/goji-virome/01_data/data-test/RNA-Lycium_barbarum_out/02a_Identification/SRR25775924/SRR25775924_virus.all.candidate.fasta	02a_all_candidate	../../02a_Identification/SRR25775924/SRR25775924_virus.all.candidate.fasta	DRY
02b_Filter/SRR25775924/SRR25775924.virus.candidate_cdd_filtered.fasta	/home/zhangwenda/goji-virome/01_data/data-test/RNA-Lycium_barbarum_out/02b_Filter/SRR25775924/cdd/all_candidates_cdd_filter.fasta	cdd_filtered	cdd/all_candidates_cdd_filter.fasta	DRY
02b_Filter/SRR25775924/SRR25775924.virus.candidate_uniprot_filtered.fasta	/home/zhangwenda/goji-virome/01_data/data-test/RNA-Lycium_barbarum_out/02b_Filter/SRR25775924/uniprot/all_candidates_uniprot.fasta	uniprot_filtered	uniprot/all_candidates_uniprot.fasta	DRY
02b_Filter/SRR25775924/SRR25775924.virus.candidate_filtered.fasta	/home/zhangwenda/goji-virome/01_data/data-test/RNA-Lycium_barbarum_out/02b_Filter/SRR25775924/uniprot/all_candidates_uniprot.fasta	strict_from_uniprot	uniprot/all_candidates_uniprot.fasta	DRY
02b_Filter/SRR25775925/SRR25775925_virus.all.candidate.fasta	/home/zhangwenda/goji-virome/01_data/data-test/RNA-Lycium_barbarum_out/02a_Identification/SRR25775925/SRR25775925_virus.all.candidate.fasta	02a_all_candidate	../../02a_Identification/SRR25775925/SRR25775925_virus.all.candidate.fasta	DRY
02b_Filter/SRR25775925/SRR25775925.virus.candidate_cdd_filtered.fasta	/home/zhangwenda/goji-virome/01_data/data-test/RNA-Lycium_barbarum_out/02b_Filter/SRR25775925/cdd/all_candidates_cdd_filter.fasta	cdd_filtered	cdd/all_candidates_cdd_filter.fasta	DRY
02b_Filter/SRR25775925/SRR25775925.virus.candidate_uniprot_filtered.fasta	/home/zhangwenda/goji-virome/01_data/data-test/RNA-Lycium_barbarum_out/02b_Filter/SRR25775925/uniprot/all_candidates_uniprot.fasta	uniprot_filtered	uniprot/all_candidates_uniprot.fasta	DRY
02b_Filter/SRR25775925/SRR25775925.virus.candidate_filtered.fasta	/home/zhangwenda/goji-virome/01_data/data-test/RNA-Lycium_barbarum_out/02b_Filter/SRR25775925/uniprot/all_candidates_uniprot.fasta	strict_from_uniprot	uniprot/all_candidates_uniprot.fasta	DRY
02b_Filter/SRR25775926/SRR25775926_virus.all.candidate.fasta	/home/zhangwenda/goji-virome/01_data/data-test/RNA-Lycium_barbarum_out/02a_Identification/SRR25775926/SRR25775926_virus.all.candidate.fasta	02a_all_candidate	../../02a_Identification/SRR25775926/SRR25775926_virus.all.candidate.fasta	DRY
02b_Filter/SRR25775926/SRR25775926.virus.candidate_cdd_filtered.fasta	/home/zhangwenda/goji-virome/01_data/data-test/RNA-Lycium_barbarum_out/02b_Filter/SRR25775926/cdd/all_candidates_cdd_filter.fasta	cdd_filtered	cdd/all_candidates_cdd_filter.fasta	DRY
02b_Filter/SRR25775926/SRR25775926.virus.candidate_uniprot_filtered.fasta	/home/zhangwenda/goji-virome/01_data/data-test/RNA-Lycium_barbarum_out/02b_Filter/SRR25775926/uniprot/all_candidates_uniprot.fasta	uniprot_filtered	uniprot/all_candidates_uniprot.fasta	DRY
02b_Filter/SRR25775926/SRR25775926.virus.candidate_filtered.fasta	/home/zhangwenda/goji-virome/01_data/data-test/RNA-Lycium_barbarum_out/02b_Filter/SRR25775926/uniprot/all_candidates_uniprot.fasta	strict_from_uniprot	uniprot/all_candidates_uniprot.fasta	DRY
02b_Filter/SRR25775927/SRR25775927_virus.all.candidate.fasta	/home/zhangwenda/goji-virome/01_data/data-test/RNA-Lycium_barbarum_out/02a_Identification/SRR25775927/SRR25775927_virus.all.candidate.fasta	02a_all_candidate	../../02a_Identification/SRR25775927/SRR25775927_virus.all.candidate.fasta	DRY
02b_Filter/SRR25775927/SRR25775927.virus.candidate_cdd_filtered.fasta	/home/zhangwenda/goji-virome/01_data/data-test/RNA-Lycium_barbarum_out/02b_Filter/SRR25775927/cdd/all_candidates_cdd_filter.fasta	cdd_filtered	cdd/all_candidates_cdd_filter.fasta	DRY
02b_Filter/SRR25775927/SRR25775927.virus.candidate_uniprot_filtered.fasta	/home/zhangwenda/goji-virome/01_data/data-test/RNA-Lycium_barbarum_out/02b_Filter/SRR25775927/uniprot/all_candidates_uniprot.fasta	uniprot_filtered	uniprot/all_candidates_uniprot.fasta	DRY
02b_Filter/SRR25775927/SRR25775927.virus.candidate_filtered.fasta	/home/zhangwenda/goji-virome/01_data/data-test/RNA-Lycium_barbarum_out/02b_Filter/SRR25775927/uniprot/all_candidates_uniprot.fasta	strict_from_uniprot	uniprot/all_candidates_uniprot.fasta	DRY
02b_Filter/SRR25775928/SRR25775928_virus.all.candidate.fasta	/home/zhangwenda/goji-virome/01_data/data-test/RNA-Lycium_barbarum_out/02a_Identification/SRR25775928/SRR25775928_virus.all.candidate.fasta	02a_all_candidate	../../02a_Identification/SRR25775928/SRR25775928_virus.all.candidate.fasta	DRY
02b_Filter/SRR25775928/SRR25775928.virus.candidate_cdd_filtered.fasta	/home/zhangwenda/goji-virome/01_data/data-test/RNA-Lycium_barbarum_out/02b_Filter/SRR25775928/cdd/all_candidates_cdd_filter.fasta	cdd_filtered	cdd/all_candidates_cdd_filter.fasta	DRY
02b_Filter/SRR25775928/SRR25775928.virus.candidate_uniprot_filtered.fasta	/home/zhangwenda/goji-virome/01_data/data-test/RNA-Lycium_barbarum_out/02b_Filter/SRR25775928/uniprot/all_candidates_uniprot.fasta	uniprot_filtered	uniprot/all_candidates_uniprot.fasta	DRY
02b_Filter/SRR25775928/SRR25775928.virus.candidate_filtered.fasta	/home/zhangwenda/goji-virome/01_data/data-test/RNA-Lycium_barbarum_out/02b_Filter/SRR25775928/uniprot/all_candidates_uniprot.fasta	strict_from_uniprot	uniprot/all_candidates_uniprot.fasta	DRY
02b_Filter/SRR25775929/SRR25775929_virus.all.candidate.fasta	/home/zhangwenda/goji-virome/01_data/data-test/RNA-Lycium_barbarum_out/02a_Identification/SRR25775929/SRR25775929_virus.all.candidate.fasta	02a_all_candidate	../../02a_Identification/SRR25775929/SRR25775929_virus.all.candidate.fasta	DRY
02b_Filter/SRR25775929/SRR25775929.virus.candidate_cdd_filtered.fasta	/home/zhangwenda/goji-virome/01_data/data-test/RNA-Lycium_barbarum_out/02b_Filter/SRR25775929/cdd/all_candidates_cdd_filter.fasta	cdd_filtered	cdd/all_candidates_cdd_filter.fasta	DRY
02b_Filter/SRR25775929/SRR25775929.virus.candidate_uniprot_filtered.fasta	/home/zhangwenda/goji-virome/01_data/data-test/RNA-Lycium_barbarum_out/02b_Filter/SRR25775929/uniprot/all_candidates_uniprot.fasta	uniprot_filtered	uniprot/all_candidates_uniprot.fasta	DRY
02b_Filter/SRR25775929/SRR25775929.virus.candidate_filtered.fasta	/home/zhangwenda/goji-virome/01_data/data-test/RNA-Lycium_barbarum_out/02b_Filter/SRR25775929/uniprot/all_candidates_uniprot.fasta	strict_from_uniprot	uniprot/all_candidates_uniprot.fasta	DRY
02b_Filter/SRR25775930/SRR25775930_virus.all.candidate.fasta	/home/zhangwenda/goji-virome/01_data/data-test/RNA-Lycium_barbarum_out/02a_Identification/SRR25775930/SRR25775930_virus.all.candidate.fasta	02a_all_candidate	../../02a_Identification/SRR25775930/SRR25775930_virus.all.candidate.fasta	DRY
02b_Filter/SRR25775930/SRR25775930.virus.candidate_cdd_filtered.fasta	/home/zhangwenda/goji-virome/01_data/data-test/RNA-Lycium_barbarum_out/02b_Filter/SRR25775930/cdd/all_candidates_cdd_filter.fasta	cdd_filtered	cdd/all_candidates_cdd_filter.fasta	DRY
02b_Filter/SRR25775930/SRR25775930.virus.candidate_uniprot_filtered.fasta	/home/zhangwenda/goji-virome/01_data/data-test/RNA-Lycium_barbarum_out/02b_Filter/SRR25775930/uniprot/all_candidates_uniprot.fasta	uniprot_filtered	uniprot/all_candidates_uniprot.fasta	DRY
02b_Filter/SRR25775930/SRR25775930.virus.candidate_filtered.fasta	/home/zhangwenda/goji-virome/01_data/data-test/RNA-Lycium_barbarum_out/02b_Filter/SRR25775930/uniprot/all_candidates_uniprot.fasta	strict_from_uniprot	uniprot/all_candidates_uniprot.fasta	DRY
02b_Filter/SRR25775931/SRR25775931_virus.all.candidate.fasta	/home/zhangwenda/goji-virome/01_data/data-test/RNA-Lycium_barbarum_out/02a_Identification/SRR25775931/SRR25775931_virus.all.candidate.fasta	02a_all_candidate	../../02a_Identification/SRR25775931/SRR25775931_virus.all.candidate.fasta	DRY
02b_Filter/SRR25775931/SRR25775931.virus.candidate_cdd_filtered.fasta	/home/zhangwenda/goji-virome/01_data/data-test/RNA-Lycium_barbarum_out/02b_Filter/SRR25775931/cdd/all_candidates_cdd_filter.fasta	cdd_filtered	cdd/all_candidates_cdd_filter.fasta	DRY
02b_Filter/SRR25775931/SRR25775931.virus.candidate_uniprot_filtered.fasta	/home/zhangwenda/goji-virome/01_data/data-test/RNA-Lycium_barbarum_out/02b_Filter/SRR25775931/uniprot/all_candidates_uniprot.fasta	uniprot_filtered	uniprot/all_candidates_uniprot.fasta	DRY
02b_Filter/SRR25775931/SRR25775931.virus.candidate_filtered.fasta	/home/zhangwenda/goji-virome/01_data/data-test/RNA-Lycium_barbarum_out/02b_Filter/SRR25775931/uniprot/all_candidates_uniprot.fasta	strict_from_uniprot	uniprot/all_candidates_uniprot.fasta	DRY
02b_Filter/SRR25775932/SRR25775932_virus.all.candidate.fasta	/home/zhangwenda/goji-virome/01_data/data-test/RNA-Lycium_barbarum_out/02a_Identification/SRR25775932/SRR25775932_virus.all.candidate.fasta	02a_all_candidate	../../02a_Identification/SRR25775932/SRR25775932_virus.all.candidate.fasta	DRY
02b_Filter/SRR25775932/SRR25775932.virus.candidate_cdd_filtered.fasta	/home/zhangwenda/goji-virome/01_data/data-test/RNA-Lycium_barbarum_out/02b_Filter/SRR25775932/cdd/all_candidates_cdd_filter.fasta	cdd_filtered	cdd/all_candidates_cdd_filter.fasta	DRY
02b_Filter/SRR25775932/SRR25775932.virus.candidate_uniprot_filtered.fasta	/home/zhangwenda/goji-virome/01_data/data-test/RNA-Lycium_barbarum_out/02b_Filter/SRR25775932/uniprot/all_candidates_uniprot.fasta	uniprot_filtered	uniprot/all_candidates_uniprot.fasta	DRY
02b_Filter/SRR25775932/SRR25775932.virus.candidate_filtered.fasta	/home/zhangwenda/goji-virome/01_data/data-test/RNA-Lycium_barbarum_out/02b_Filter/SRR25775932/uniprot/all_candidates_uniprot.fasta	strict_from_uniprot	uniprot/all_candidates_uniprot.fasta	DRY
02b_Filter/SRR25775933/SRR25775933_virus.all.candidate.fasta	/home/zhangwenda/goji-virome/01_data/data-test/RNA-Lycium_barbarum_out/02a_Identification/SRR25775933/SRR25775933_virus.all.candidate.fasta	02a_all_candidate	../../02a_Identification/SRR25775933/SRR25775933_virus.all.candidate.fasta	DRY
02b_Filter/SRR25775933/SRR25775933.virus.candidate_cdd_filtered.fasta	/home/zhangwenda/goji-virome/01_data/data-test/RNA-Lycium_barbarum_out/02b_Filter/SRR25775933/cdd/all_candidates_cdd_filter.fasta	cdd_filtered	cdd/all_candidates_cdd_filter.fasta	DRY
02b_Filter/SRR25775933/SRR25775933.virus.candidate_uniprot_filtered.fasta	/home/zhangwenda/goji-virome/01_data/data-test/RNA-Lycium_barbarum_out/02b_Filter/SRR25775933/uniprot/all_candidates_uniprot.fasta	uniprot_filtered	uniprot/all_candidates_uniprot.fasta	DRY
02b_Filter/SRR25775933/SRR25775933.virus.candidate_filtered.fasta	/home/zhangwenda/goji-virome/01_data/data-test/RNA-Lycium_barbarum_out/02b_Filter/SRR25775933/uniprot/all_candidates_uniprot.fasta	strict_from_uniprot	uniprot/all_candidates_uniprot.fasta	DRY
02b_Filter/SRR25775934/SRR25775934_virus.all.candidate.fasta	/home/zhangwenda/goji-virome/01_data/data-test/RNA-Lycium_barbarum_out/02a_Identification/SRR25775934/SRR25775934_virus.all.candidate.fasta	02a_all_candidate	../../02a_Identification/SRR25775934/SRR25775934_virus.all.candidate.fasta	DRY
02b_Filter/SRR25775934/SRR25775934.virus.candidate_cdd_filtered.fasta	/home/zhangwenda/goji-virome/01_data/data-test/RNA-Lycium_barbarum_out/02b_Filter/SRR25775934/cdd/all_candidates_cdd_filter.fasta	cdd_filtered	cdd/all_candidates_cdd_filter.fasta	DRY
02b_Filter/SRR25775934/SRR25775934.virus.candidate_uniprot_filtered.fasta	/home/zhangwenda/goji-virome/01_data/data-test/RNA-Lycium_barbarum_out/02b_Filter/SRR25775934/uniprot/all_candidates_uniprot.fasta	uniprot_filtered	uniprot/all_candidates_uniprot.fasta	DRY
02b_Filter/SRR25775934/SRR25775934.virus.candidate_filtered.fasta	/home/zhangwenda/goji-virome/01_data/data-test/RNA-Lycium_barbarum_out/02b_Filter/SRR25775934/uniprot/all_candidates_uniprot.fasta	strict_from_uniprot	uniprot/all_candidates_uniprot.fasta	DRY
02b_Filter/SRR25775935/SRR25775935_virus.all.candidate.fasta	/home/zhangwenda/goji-virome/01_data/data-test/RNA-Lycium_barbarum_out/02a_Identification/SRR25775935/SRR25775935_virus.all.candidate.fasta	02a_all_candidate	../../02a_Identification/SRR25775935/SRR25775935_virus.all.candidate.fasta	DRY
02b_Filter/SRR25775935/SRR25775935.virus.candidate_cdd_filtered.fasta	/home/zhangwenda/goji-virome/01_data/data-test/RNA-Lycium_barbarum_out/02b_Filter/SRR25775935/cdd/all_candidates_cdd_filter.fasta	cdd_filtered	cdd/all_candidates_cdd_filter.fasta	DRY
02b_Filter/SRR25775935/SRR25775935.virus.candidate_uniprot_filtered.fasta	/home/zhangwenda/goji-virome/01_data/data-test/RNA-Lycium_barbarum_out/02b_Filter/SRR25775935/uniprot/all_candidates_uniprot.fasta	uniprot_filtered	uniprot/all_candidates_uniprot.fasta	DRY
02b_Filter/SRR25775935/SRR25775935.virus.candidate_filtered.fasta	/home/zhangwenda/goji-virome/01_data/data-test/RNA-Lycium_barbarum_out/02b_Filter/SRR25775935/uniprot/all_candidates_uniprot.fasta	strict_from_uniprot	uniprot/all_candidates_uniprot.fasta	DRY
02b_Filter/SRR25775936/SRR25775936_virus.all.candidate.fasta	/home/zhangwenda/goji-virome/01_data/data-test/RNA-Lycium_barbarum_out/02a_Identification/SRR25775936/SRR25775936_virus.all.candidate.fasta	02a_all_candidate	../../02a_Identification/SRR25775936/SRR25775936_virus.all.candidate.fasta	DRY
02b_Filter/SRR25775936/SRR25775936.virus.candidate_cdd_filtered.fasta	/home/zhangwenda/goji-virome/01_data/data-test/RNA-Lycium_barbarum_out/02b_Filter/SRR25775936/cdd/all_candidates_cdd_filter.fasta	cdd_filtered	cdd/all_candidates_cdd_filter.fasta	DRY
02b_Filter/SRR25775936/SRR25775936.virus.candidate_uniprot_filtered.fasta	/home/zhangwenda/goji-virome/01_data/data-test/RNA-Lycium_barbarum_out/02b_Filter/SRR25775936/uniprot/all_candidates_uniprot.fasta	uniprot_filtered	uniprot/all_candidates_uniprot.fasta	DRY
02b_Filter/SRR25775936/SRR25775936.virus.candidate_filtered.fasta	/home/zhangwenda/goji-virome/01_data/data-test/RNA-Lycium_barbarum_out/02b_Filter/SRR25775936/uniprot/all_candidates_uniprot.fasta	strict_from_uniprot	uniprot/all_candidates_uniprot.fasta	DRY
02b_Filter/SRR25775937/SRR25775937_virus.all.candidate.fasta	/home/zhangwenda/goji-virome/01_data/data-test/RNA-Lycium_barbarum_out/02a_Identification/SRR25775937/SRR25775937_virus.all.candidate.fasta	02a_all_candidate	../../02a_Identification/SRR25775937/SRR25775937_virus.all.candidate.fasta	DRY
02b_Filter/SRR25775937/SRR25775937.virus.candidate_cdd_filtered.fasta	/home/zhangwenda/goji-virome/01_data/data-test/RNA-Lycium_barbarum_out/02b_Filter/SRR25775937/cdd/all_candidates_cdd_filter.fasta	cdd_filtered	cdd/all_candidates_cdd_filter.fasta	DRY
02b_Filter/SRR25775937/SRR25775937.virus.candidate_uniprot_filtered.fasta	/home/zhangwenda/goji-virome/01_data/data-test/RNA-Lycium_barbarum_out/02b_Filter/SRR25775937/uniprot/all_candidates_uniprot.fasta	uniprot_filtered	uniprot/all_candidates_uniprot.fasta	DRY
02b_Filter/SRR25775937/SRR25775937.virus.candidate_filtered.fasta	/home/zhangwenda/goji-virome/01_data/data-test/RNA-Lycium_barbarum_out/02b_Filter/SRR25775937/uniprot/all_candidates_uniprot.fasta	strict_from_uniprot	uniprot/all_candidates_uniprot.fasta	DRY
02b_Filter/SRR27483474/SRR27483474_virus.all.candidate.fasta	/home/zhangwenda/goji-virome/01_data/data-test/RNA-Lycium_barbarum_out/02a_Identification/SRR27483474/SRR27483474_virus.all.candidate.fasta	02a_all_candidate	../../02a_Identification/SRR27483474/SRR27483474_virus.all.candidate.fasta	DRY
02b_Filter/SRR27483474/SRR27483474.virus.candidate_cdd_filtered.fasta	/home/zhangwenda/goji-virome/01_data/data-test/RNA-Lycium_barbarum_out/02b_Filter/SRR27483474/cdd/all_candidates_cdd_filter.fasta	cdd_filtered	cdd/all_candidates_cdd_filter.fasta	DRY
02b_Filter/SRR27483474/SRR27483474.virus.candidate_uniprot_filtered.fasta	/home/zhangwenda/goji-virome/01_data/data-test/RNA-Lycium_barbarum_out/02b_Filter/SRR27483474/uniprot/all_candidates_uniprot.fasta	uniprot_filtered	uniprot/all_candidates_uniprot.fasta	DRY
02b_Filter/SRR27483474/SRR27483474.virus.candidate_filtered.fasta	/home/zhangwenda/goji-virome/01_data/data-test/RNA-Lycium_barbarum_out/02b_Filter/SRR27483474/uniprot/all_candidates_uniprot.fasta	strict_from_uniprot	uniprot/all_candidates_uniprot.fasta	DRY
02b_Filter/SRR27483475/SRR27483475_virus.all.candidate.fasta	/home/zhangwenda/goji-virome/01_data/data-test/RNA-Lycium_barbarum_out/02a_Identification/SRR27483475/SRR27483475_virus.all.candidate.fasta	02a_all_candidate	../../02a_Identification/SRR27483475/SRR27483475_virus.all.candidate.fasta	DRY
02b_Filter/SRR27483475/SRR27483475.virus.candidate_cdd_filtered.fasta	/home/zhangwenda/goji-virome/01_data/data-test/RNA-Lycium_barbarum_out/02b_Filter/SRR27483475/cdd/all_candidates_cdd_filter.fasta	cdd_filtered	cdd/all_candidates_cdd_filter.fasta	DRY
02b_Filter/SRR27483475/SRR27483475.virus.candidate_uniprot_filtered.fasta	/home/zhangwenda/goji-virome/01_data/data-test/RNA-Lycium_barbarum_out/02b_Filter/SRR27483475/uniprot/all_candidates_uniprot.fasta	uniprot_filtered	uniprot/all_candidates_uniprot.fasta	DRY
02b_Filter/SRR27483475/SRR27483475.virus.candidate_filtered.fasta	/home/zhangwenda/goji-virome/01_data/data-test/RNA-Lycium_barbarum_out/02b_Filter/SRR27483475/uniprot/all_candidates_uniprot.fasta	strict_from_uniprot	uniprot/all_candidates_uniprot.fasta	DRY
02b_Filter/SRR27483476/SRR27483476_virus.all.candidate.fasta	/home/zhangwenda/goji-virome/01_data/data-test/RNA-Lycium_barbarum_out/02a_Identification/SRR27483476/SRR27483476_virus.all.candidate.fasta	02a_all_candidate	../../02a_Identification/SRR27483476/SRR27483476_virus.all.candidate.fasta	DRY
02b_Filter/SRR27483476/SRR27483476.virus.candidate_cdd_filtered.fasta	/home/zhangwenda/goji-virome/01_data/data-test/RNA-Lycium_barbarum_out/02b_Filter/SRR27483476/cdd/all_candidates_cdd_filter.fasta	cdd_filtered	cdd/all_candidates_cdd_filter.fasta	DRY
02b_Filter/SRR27483476/SRR27483476.virus.candidate_uniprot_filtered.fasta	/home/zhangwenda/goji-virome/01_data/data-test/RNA-Lycium_barbarum_out/02b_Filter/SRR27483476/uniprot/all_candidates_uniprot.fasta	uniprot_filtered	uniprot/all_candidates_uniprot.fasta	DRY
02b_Filter/SRR27483476/SRR27483476.virus.candidate_filtered.fasta	/home/zhangwenda/goji-virome/01_data/data-test/RNA-Lycium_barbarum_out/02b_Filter/SRR27483476/uniprot/all_candidates_uniprot.fasta	strict_from_uniprot	uniprot/all_candidates_uniprot.fasta	DRY
02b_Filter/SRR27483477/SRR27483477_virus.all.candidate.fasta	/home/zhangwenda/goji-virome/01_data/data-test/RNA-Lycium_barbarum_out/02a_Identification/SRR27483477/SRR27483477_virus.all.candidate.fasta	02a_all_candidate	../../02a_Identification/SRR27483477/SRR27483477_virus.all.candidate.fasta	DRY
02b_Filter/SRR27483477/SRR27483477.virus.candidate_cdd_filtered.fasta	/home/zhangwenda/goji-virome/01_data/data-test/RNA-Lycium_barbarum_out/02b_Filter/SRR27483477/cdd/all_candidates_cdd_filter.fasta	cdd_filtered	cdd/all_candidates_cdd_filter.fasta	DRY
02b_Filter/SRR27483477/SRR27483477.virus.candidate_uniprot_filtered.fasta	/home/zhangwenda/goji-virome/01_data/data-test/RNA-Lycium_barbarum_out/02b_Filter/SRR27483477/uniprot/all_candidates_uniprot.fasta	uniprot_filtered	uniprot/all_candidates_uniprot.fasta	DRY
02b_Filter/SRR27483477/SRR27483477.virus.candidate_filtered.fasta	/home/zhangwenda/goji-virome/01_data/data-test/RNA-Lycium_barbarum_out/02b_Filter/SRR27483477/uniprot/all_candidates_uniprot.fasta	strict_from_uniprot	uniprot/all_candidates_uniprot.fasta	DRY
02b_Filter/SRR27483478/SRR27483478_virus.all.candidate.fasta	/home/zhangwenda/goji-virome/01_data/data-test/RNA-Lycium_barbarum_out/02a_Identification/SRR27483478/SRR27483478_virus.all.candidate.fasta	02a_all_candidate	../../02a_Identification/SRR27483478/SRR27483478_virus.all.candidate.fasta	DRY
02b_Filter/SRR27483478/SRR27483478.virus.candidate_cdd_filtered.fasta	/home/zhangwenda/goji-virome/01_data/data-test/RNA-Lycium_barbarum_out/02b_Filter/SRR27483478/cdd/all_candidates_cdd_filter.fasta	cdd_filtered	cdd/all_candidates_cdd_filter.fasta	DRY
02b_Filter/SRR27483478/SRR27483478.virus.candidate_uniprot_filtered.fasta	/home/zhangwenda/goji-virome/01_data/data-test/RNA-Lycium_barbarum_out/02b_Filter/SRR27483478/uniprot/all_candidates_uniprot.fasta	uniprot_filtered	uniprot/all_candidates_uniprot.fasta	DRY
02b_Filter/SRR27483478/SRR27483478.virus.candidate_filtered.fasta	/home/zhangwenda/goji-virome/01_data/data-test/RNA-Lycium_barbarum_out/02b_Filter/SRR27483478/uniprot/all_candidates_uniprot.fasta	strict_from_uniprot	uniprot/all_candidates_uniprot.fasta	DRY
02b_Filter/SRR27483479/SRR27483479_virus.all.candidate.fasta	/home/zhangwenda/goji-virome/01_data/data-test/RNA-Lycium_barbarum_out/02a_Identification/SRR27483479/SRR27483479_virus.all.candidate.fasta	02a_all_candidate	../../02a_Identification/SRR27483479/SRR27483479_virus.all.candidate.fasta	DRY
02b_Filter/SRR27483479/SRR27483479.virus.candidate_cdd_filtered.fasta	/home/zhangwenda/goji-virome/01_data/data-test/RNA-Lycium_barbarum_out/02b_Filter/SRR27483479/cdd/all_candidates_cdd_filter.fasta	cdd_filtered	cdd/all_candidates_cdd_filter.fasta	DRY
02b_Filter/SRR27483479/SRR27483479.virus.candidate_uniprot_filtered.fasta	/home/zhangwenda/goji-virome/01_data/data-test/RNA-Lycium_barbarum_out/02b_Filter/SRR27483479/uniprot/all_candidates_uniprot.fasta	uniprot_filtered	uniprot/all_candidates_uniprot.fasta	DRY
02b_Filter/SRR27483479/SRR27483479.virus.candidate_filtered.fasta	/home/zhangwenda/goji-virome/01_data/data-test/RNA-Lycium_barbarum_out/02b_Filter/SRR27483479/uniprot/all_candidates_uniprot.fasta	strict_from_uniprot	uniprot/all_candidates_uniprot.fasta	DRY
02b_Filter/SRR27483480/SRR27483480_virus.all.candidate.fasta	/home/zhangwenda/goji-virome/01_data/data-test/RNA-Lycium_barbarum_out/02a_Identification/SRR27483480/SRR27483480_virus.all.candidate.fasta	02a_all_candidate	../../02a_Identification/SRR27483480/SRR27483480_virus.all.candidate.fasta	DRY
02b_Filter/SRR27483480/SRR27483480.virus.candidate_cdd_filtered.fasta	/home/zhangwenda/goji-virome/01_data/data-test/RNA-Lycium_barbarum_out/02b_Filter/SRR27483480/cdd/all_candidates_cdd_filter.fasta	cdd_filtered	cdd/all_candidates_cdd_filter.fasta	DRY
02b_Filter/SRR27483480/SRR27483480.virus.candidate_uniprot_filtered.fasta	/home/zhangwenda/goji-virome/01_data/data-test/RNA-Lycium_barbarum_out/02b_Filter/SRR27483480/uniprot/all_candidates_uniprot.fasta	uniprot_filtered	uniprot/all_candidates_uniprot.fasta	DRY
02b_Filter/SRR27483480/SRR27483480.virus.candidate_filtered.fasta	/home/zhangwenda/goji-virome/01_data/data-test/RNA-Lycium_barbarum_out/02b_Filter/SRR27483480/uniprot/all_candidates_uniprot.fasta	strict_from_uniprot	uniprot/all_candidates_uniprot.fasta	DRY
02b_Filter/SRR27483481/SRR27483481_virus.all.candidate.fasta	/home/zhangwenda/goji-virome/01_data/data-test/RNA-Lycium_barbarum_out/02a_Identification/SRR27483481/SRR27483481_virus.all.candidate.fasta	02a_all_candidate	../../02a_Identification/SRR27483481/SRR27483481_virus.all.candidate.fasta	DRY
02b_Filter/SRR27483481/SRR27483481.virus.candidate_cdd_filtered.fasta	/home/zhangwenda/goji-virome/01_data/data-test/RNA-Lycium_barbarum_out/02b_Filter/SRR27483481/cdd/all_candidates_cdd_filter.fasta	cdd_filtered	cdd/all_candidates_cdd_filter.fasta	DRY
02b_Filter/SRR27483481/SRR27483481.virus.candidate_uniprot_filtered.fasta	/home/zhangwenda/goji-virome/01_data/data-test/RNA-Lycium_barbarum_out/02b_Filter/SRR27483481/uniprot/all_candidates_uniprot.fasta	uniprot_filtered	uniprot/all_candidates_uniprot.fasta	DRY
02b_Filter/SRR27483481/SRR27483481.virus.candidate_filtered.fasta	/home/zhangwenda/goji-virome/01_data/data-test/RNA-Lycium_barbarum_out/02b_Filter/SRR27483481/uniprot/all_candidates_uniprot.fasta	strict_from_uniprot	uniprot/all_candidates_uniprot.fasta	DRY
02b_Filter/SRR27483482/SRR27483482_virus.all.candidate.fasta	/home/zhangwenda/goji-virome/01_data/data-test/RNA-Lycium_barbarum_out/02a_Identification/SRR27483482/SRR27483482_virus.all.candidate.fasta	02a_all_candidate	../../02a_Identification/SRR27483482/SRR27483482_virus.all.candidate.fasta	DRY
02b_Filter/SRR27483482/SRR27483482.virus.candidate_cdd_filtered.fasta	/home/zhangwenda/goji-virome/01_data/data-test/RNA-Lycium_barbarum_out/02b_Filter/SRR27483482/cdd/all_candidates_cdd_filter.fasta	cdd_filtered	cdd/all_candidates_cdd_filter.fasta	DRY
02b_Filter/SRR27483482/SRR27483482.virus.candidate_uniprot_filtered.fasta	/home/zhangwenda/goji-virome/01_data/data-test/RNA-Lycium_barbarum_out/02b_Filter/SRR27483482/uniprot/all_candidates_uniprot.fasta	uniprot_filtered	uniprot/all_candidates_uniprot.fasta	DRY
02b_Filter/SRR27483482/SRR27483482.virus.candidate_filtered.fasta	/home/zhangwenda/goji-virome/01_data/data-test/RNA-Lycium_barbarum_out/02b_Filter/SRR27483482/uniprot/all_candidates_uniprot.fasta	strict_from_uniprot	uniprot/all_candidates_uniprot.fasta	DRY
02b_Filter/SRR27880472/SRR27880472_virus.all.candidate.fasta	/home/zhangwenda/goji-virome/01_data/data-test/RNA-Lycium_barbarum_out/02a_Identification/SRR27880472/SRR27880472_virus.all.candidate.fasta	02a_all_candidate	../../02a_Identification/SRR27880472/SRR27880472_virus.all.candidate.fasta	DRY
02b_Filter/SRR27880472/SRR27880472.virus.candidate_cdd_filtered.fasta	/home/zhangwenda/goji-virome/01_data/data-test/RNA-Lycium_barbarum_out/02b_Filter/SRR27880472/cdd/all_candidates_cdd_filter.fasta	cdd_filtered	cdd/all_candidates_cdd_filter.fasta	DRY
02b_Filter/SRR27880472/SRR27880472.virus.candidate_uniprot_filtered.fasta	/home/zhangwenda/goji-virome/01_data/data-test/RNA-Lycium_barbarum_out/02b_Filter/SRR27880472/uniprot/all_candidates_uniprot.fasta	uniprot_filtered	uniprot/all_candidates_uniprot.fasta	DRY
02b_Filter/SRR27880472/SRR27880472.virus.candidate_filtered.fasta	/home/zhangwenda/goji-virome/01_data/data-test/RNA-Lycium_barbarum_out/02b_Filter/SRR27880472/uniprot/all_candidates_uniprot.fasta	strict_from_uniprot	uniprot/all_candidates_uniprot.fasta	DRY
02b_Filter/SRR27880473/SRR27880473_virus.all.candidate.fasta	/home/zhangwenda/goji-virome/01_data/data-test/RNA-Lycium_barbarum_out/02a_Identification/SRR27880473/SRR27880473_virus.all.candidate.fasta	02a_all_candidate	../../02a_Identification/SRR27880473/SRR27880473_virus.all.candidate.fasta	DRY
02b_Filter/SRR27880473/SRR27880473.virus.candidate_cdd_filtered.fasta	/home/zhangwenda/goji-virome/01_data/data-test/RNA-Lycium_barbarum_out/02b_Filter/SRR27880473/cdd/all_candidates_cdd_filter.fasta	cdd_filtered	cdd/all_candidates_cdd_filter.fasta	DRY
02b_Filter/SRR27880473/SRR27880473.virus.candidate_uniprot_filtered.fasta	/home/zhangwenda/goji-virome/01_data/data-test/RNA-Lycium_barbarum_out/02b_Filter/SRR27880473/uniprot/all_candidates_uniprot.fasta	uniprot_filtered	uniprot/all_candidates_uniprot.fasta	DRY
02b_Filter/SRR27880473/SRR27880473.virus.candidate_filtered.fasta	/home/zhangwenda/goji-virome/01_data/data-test/RNA-Lycium_barbarum_out/02b_Filter/SRR27880473/uniprot/all_candidates_uniprot.fasta	strict_from_uniprot	uniprot/all_candidates_uniprot.fasta	DRY
02b_Filter/SRR27880474/SRR27880474_virus.all.candidate.fasta	/home/zhangwenda/goji-virome/01_data/data-test/RNA-Lycium_barbarum_out/02a_Identification/SRR27880474/SRR27880474_virus.all.candidate.fasta	02a_all_candidate	../../02a_Identification/SRR27880474/SRR27880474_virus.all.candidate.fasta	DRY
02b_Filter/SRR27880474/SRR27880474.virus.candidate_cdd_filtered.fasta	/home/zhangwenda/goji-virome/01_data/data-test/RNA-Lycium_barbarum_out/02b_Filter/SRR27880474/cdd/all_candidates_cdd_filter.fasta	cdd_filtered	cdd/all_candidates_cdd_filter.fasta	DRY
02b_Filter/SRR27880474/SRR27880474.virus.candidate_uniprot_filtered.fasta	/home/zhangwenda/goji-virome/01_data/data-test/RNA-Lycium_barbarum_out/02b_Filter/SRR27880474/uniprot/all_candidates_uniprot.fasta	uniprot_filtered	uniprot/all_candidates_uniprot.fasta	DRY
02b_Filter/SRR27880474/SRR27880474.virus.candidate_filtered.fasta	/home/zhangwenda/goji-virome/01_data/data-test/RNA-Lycium_barbarum_out/02b_Filter/SRR27880474/uniprot/all_candidates_uniprot.fasta	strict_from_uniprot	uniprot/all_candidates_uniprot.fasta	DRY
02b_Filter/SRR27880475/SRR27880475_virus.all.candidate.fasta	/home/zhangwenda/goji-virome/01_data/data-test/RNA-Lycium_barbarum_out/02a_Identification/SRR27880475/SRR27880475_virus.all.candidate.fasta	02a_all_candidate	../../02a_Identification/SRR27880475/SRR27880475_virus.all.candidate.fasta	DRY
02b_Filter/SRR27880475/SRR27880475.virus.candidate_cdd_filtered.fasta	/home/zhangwenda/goji-virome/01_data/data-test/RNA-Lycium_barbarum_out/02b_Filter/SRR27880475/cdd/all_candidates_cdd_filter.fasta	cdd_filtered	cdd/all_candidates_cdd_filter.fasta	DRY
02b_Filter/SRR27880475/SRR27880475.virus.candidate_uniprot_filtered.fasta	/home/zhangwenda/goji-virome/01_data/data-test/RNA-Lycium_barbarum_out/02b_Filter/SRR27880475/uniprot/all_candidates_uniprot.fasta	uniprot_filtered	uniprot/all_candidates_uniprot.fasta	DRY
02b_Filter/SRR27880475/SRR27880475.virus.candidate_filtered.fasta	/home/zhangwenda/goji-virome/01_data/data-test/RNA-Lycium_barbarum_out/02b_Filter/SRR27880475/uniprot/all_candidates_uniprot.fasta	strict_from_uniprot	uniprot/all_candidates_uniprot.fasta	DRY
02b_Filter/SRR27880476/SRR27880476_virus.all.candidate.fasta	/home/zhangwenda/goji-virome/01_data/data-test/RNA-Lycium_barbarum_out/02a_Identification/SRR27880476/SRR27880476_virus.all.candidate.fasta	02a_all_candidate	../../02a_Identification/SRR27880476/SRR27880476_virus.all.candidate.fasta	DRY
02b_Filter/SRR27880476/SRR27880476.virus.candidate_cdd_filtered.fasta	/home/zhangwenda/goji-virome/01_data/data-test/RNA-Lycium_barbarum_out/02b_Filter/SRR27880476/cdd/all_candidates_cdd_filter.fasta	cdd_filtered	cdd/all_candidates_cdd_filter.fasta	DRY
02b_Filter/SRR27880476/SRR27880476.virus.candidate_uniprot_filtered.fasta	/home/zhangwenda/goji-virome/01_data/data-test/RNA-Lycium_barbarum_out/02b_Filter/SRR27880476/uniprot/all_candidates_uniprot.fasta	uniprot_filtered	uniprot/all_candidates_uniprot.fasta	DRY
02b_Filter/SRR27880476/SRR27880476.virus.candidate_filtered.fasta	/home/zhangwenda/goji-virome/01_data/data-test/RNA-Lycium_barbarum_out/02b_Filter/SRR27880476/uniprot/all_candidates_uniprot.fasta	strict_from_uniprot	uniprot/all_candidates_uniprot.fasta	DRY
02b_Filter/SRR27880477/SRR27880477_virus.all.candidate.fasta	/home/zhangwenda/goji-virome/01_data/data-test/RNA-Lycium_barbarum_out/02a_Identification/SRR27880477/SRR27880477_virus.all.candidate.fasta	02a_all_candidate	../../02a_Identification/SRR27880477/SRR27880477_virus.all.candidate.fasta	DRY
02b_Filter/SRR27880477/SRR27880477.virus.candidate_cdd_filtered.fasta	/home/zhangwenda/goji-virome/01_data/data-test/RNA-Lycium_barbarum_out/02b_Filter/SRR27880477/cdd/all_candidates_cdd_filter.fasta	cdd_filtered	cdd/all_candidates_cdd_filter.fasta	DRY
02b_Filter/SRR27880477/SRR27880477.virus.candidate_uniprot_filtered.fasta	/home/zhangwenda/goji-virome/01_data/data-test/RNA-Lycium_barbarum_out/02b_Filter/SRR27880477/uniprot/all_candidates_uniprot.fasta	uniprot_filtered	uniprot/all_candidates_uniprot.fasta	DRY
02b_Filter/SRR27880477/SRR27880477.virus.candidate_filtered.fasta	/home/zhangwenda/goji-virome/01_data/data-test/RNA-Lycium_barbarum_out/02b_Filter/SRR27880477/uniprot/all_candidates_uniprot.fasta	strict_from_uniprot	uniprot/all_candidates_uniprot.fasta	DRY
02b_Filter/SRR33528970/SRR33528970_virus.all.candidate.fasta	/home/zhangwenda/goji-virome/01_data/data-test/RNA-Lycium_barbarum_out/02a_Identification/SRR33528970/SRR33528970_virus.all.candidate.fasta	02a_all_candidate	../../02a_Identification/SRR33528970/SRR33528970_virus.all.candidate.fasta	DRY
02b_Filter/SRR33528970/SRR33528970.virus.candidate_cdd_filtered.fasta	/home/zhangwenda/goji-virome/01_data/data-test/RNA-Lycium_barbarum_out/02b_Filter/SRR33528970/cdd/all_candidates_cdd_filter.fasta	cdd_filtered	cdd/all_candidates_cdd_filter.fasta	DRY
02b_Filter/SRR33528970/SRR33528970.virus.candidate_uniprot_filtered.fasta	/home/zhangwenda/goji-virome/01_data/data-test/RNA-Lycium_barbarum_out/02b_Filter/SRR33528970/uniprot/all_candidates_uniprot.fasta	uniprot_filtered	uniprot/all_candidates_uniprot.fasta	DRY
02b_Filter/SRR33528970/SRR33528970.virus.candidate_filtered.fasta	/home/zhangwenda/goji-virome/01_data/data-test/RNA-Lycium_barbarum_out/02b_Filter/SRR33528970/uniprot/all_candidates_uniprot.fasta	strict_from_uniprot	uniprot/all_candidates_uniprot.fasta	DRY
02b_Filter/SRR33528971/SRR33528971_virus.all.candidate.fasta	/home/zhangwenda/goji-virome/01_data/data-test/RNA-Lycium_barbarum_out/02a_Identification/SRR33528971/SRR33528971_virus.all.candidate.fasta	02a_all_candidate	../../02a_Identification/SRR33528971/SRR33528971_virus.all.candidate.fasta	DRY
02b_Filter/SRR33528971/SRR33528971.virus.candidate_cdd_filtered.fasta	/home/zhangwenda/goji-virome/01_data/data-test/RNA-Lycium_barbarum_out/02b_Filter/SRR33528971/cdd/all_candidates_cdd_filter.fasta	cdd_filtered	cdd/all_candidates_cdd_filter.fasta	DRY
02b_Filter/SRR33528971/SRR33528971.virus.candidate_uniprot_filtered.fasta	/home/zhangwenda/goji-virome/01_data/data-test/RNA-Lycium_barbarum_out/02b_Filter/SRR33528971/uniprot/all_candidates_uniprot.fasta	uniprot_filtered	uniprot/all_candidates_uniprot.fasta	DRY
02b_Filter/SRR33528971/SRR33528971.virus.candidate_filtered.fasta	/home/zhangwenda/goji-virome/01_data/data-test/RNA-Lycium_barbarum_out/02b_Filter/SRR33528971/uniprot/all_candidates_uniprot.fasta	strict_from_uniprot	uniprot/all_candidates_uniprot.fasta	DRY
02b_Filter/SRR33528972/SRR33528972_virus.all.candidate.fasta	/home/zhangwenda/goji-virome/01_data/data-test/RNA-Lycium_barbarum_out/02a_Identification/SRR33528972/SRR33528972_virus.all.candidate.fasta	02a_all_candidate	../../02a_Identification/SRR33528972/SRR33528972_virus.all.candidate.fasta	DRY
02b_Filter/SRR33528972/SRR33528972.virus.candidate_cdd_filtered.fasta	/home/zhangwenda/goji-virome/01_data/data-test/RNA-Lycium_barbarum_out/02b_Filter/SRR33528972/cdd/all_candidates_cdd_filter.fasta	cdd_filtered	cdd/all_candidates_cdd_filter.fasta	DRY
02b_Filter/SRR33528972/SRR33528972.virus.candidate_uniprot_filtered.fasta	/home/zhangwenda/goji-virome/01_data/data-test/RNA-Lycium_barbarum_out/02b_Filter/SRR33528972/uniprot/all_candidates_uniprot.fasta	uniprot_filtered	uniprot/all_candidates_uniprot.fasta	DRY
02b_Filter/SRR33528972/SRR33528972.virus.candidate_filtered.fasta	/home/zhangwenda/goji-virome/01_data/data-test/RNA-Lycium_barbarum_out/02b_Filter/SRR33528972/uniprot/all_candidates_uniprot.fasta	strict_from_uniprot	uniprot/all_candidates_uniprot.fasta	DRY
02b_Filter/SRR33528973/SRR33528973_virus.all.candidate.fasta	/home/zhangwenda/goji-virome/01_data/data-test/RNA-Lycium_barbarum_out/02a_Identification/SRR33528973/SRR33528973_virus.all.candidate.fasta	02a_all_candidate	../../02a_Identification/SRR33528973/SRR33528973_virus.all.candidate.fasta	DRY
02b_Filter/SRR33528973/SRR33528973.virus.candidate_cdd_filtered.fasta	/home/zhangwenda/goji-virome/01_data/data-test/RNA-Lycium_barbarum_out/02b_Filter/SRR33528973/cdd/all_candidates_cdd_filter.fasta	cdd_filtered	cdd/all_candidates_cdd_filter.fasta	DRY
02b_Filter/SRR33528973/SRR33528973.virus.candidate_uniprot_filtered.fasta	/home/zhangwenda/goji-virome/01_data/data-test/RNA-Lycium_barbarum_out/02b_Filter/SRR33528973/uniprot/all_candidates_uniprot.fasta	uniprot_filtered	uniprot/all_candidates_uniprot.fasta	DRY
02b_Filter/SRR33528973/SRR33528973.virus.candidate_filtered.fasta	/home/zhangwenda/goji-virome/01_data/data-test/RNA-Lycium_barbarum_out/02b_Filter/SRR33528973/uniprot/all_candidates_uniprot.fasta	strict_from_uniprot	uniprot/all_candidates_uniprot.fasta	DRY
02b_Filter/SRR33528974/SRR33528974_virus.all.candidate.fasta	/home/zhangwenda/goji-virome/01_data/data-test/RNA-Lycium_barbarum_out/02a_Identification/SRR33528974/SRR33528974_virus.all.candidate.fasta	02a_all_candidate	../../02a_Identification/SRR33528974/SRR33528974_virus.all.candidate.fasta	DRY
02b_Filter/SRR33528974/SRR33528974.virus.candidate_cdd_filtered.fasta	/home/zhangwenda/goji-virome/01_data/data-test/RNA-Lycium_barbarum_out/02b_Filter/SRR33528974/cdd/all_candidates_cdd_filter.fasta	cdd_filtered	cdd/all_candidates_cdd_filter.fasta	DRY
02b_Filter/SRR33528974/SRR33528974.virus.candidate_uniprot_filtered.fasta	/home/zhangwenda/goji-virome/01_data/data-test/RNA-Lycium_barbarum_out/02b_Filter/SRR33528974/uniprot/all_candidates_uniprot.fasta	uniprot_filtered	uniprot/all_candidates_uniprot.fasta	DRY
02b_Filter/SRR33528974/SRR33528974.virus.candidate_filtered.fasta	/home/zhangwenda/goji-virome/01_data/data-test/RNA-Lycium_barbarum_out/02b_Filter/SRR33528974/uniprot/all_candidates_uniprot.fasta	strict_from_uniprot	uniprot/all_candidates_uniprot.fasta	DRY
02b_Filter/SRR33528975/SRR33528975_virus.all.candidate.fasta	/home/zhangwenda/goji-virome/01_data/data-test/RNA-Lycium_barbarum_out/02a_Identification/SRR33528975/SRR33528975_virus.all.candidate.fasta	02a_all_candidate	../../02a_Identification/SRR33528975/SRR33528975_virus.all.candidate.fasta	DRY
02b_Filter/SRR33528975/SRR33528975.virus.candidate_cdd_filtered.fasta	/home/zhangwenda/goji-virome/01_data/data-test/RNA-Lycium_barbarum_out/02b_Filter/SRR33528975/cdd/all_candidates_cdd_filter.fasta	cdd_filtered	cdd/all_candidates_cdd_filter.fasta	DRY
02b_Filter/SRR33528975/SRR33528975.virus.candidate_uniprot_filtered.fasta	/home/zhangwenda/goji-virome/01_data/data-test/RNA-Lycium_barbarum_out/02b_Filter/SRR33528975/uniprot/all_candidates_uniprot.fasta	uniprot_filtered	uniprot/all_candidates_uniprot.fasta	DRY
02b_Filter/SRR33528975/SRR33528975.virus.candidate_filtered.fasta	/home/zhangwenda/goji-virome/01_data/data-test/RNA-Lycium_barbarum_out/02b_Filter/SRR33528975/uniprot/all_candidates_uniprot.fasta	strict_from_uniprot	uniprot/all_candidates_uniprot.fasta	DRY
02b_Filter/SRR33536644/SRR33536644_virus.all.candidate.fasta	/home/zhangwenda/goji-virome/01_data/data-test/RNA-Lycium_barbarum_out/02a_Identification/SRR33536644/SRR33536644_virus.all.candidate.fasta	02a_all_candidate	../../02a_Identification/SRR33536644/SRR33536644_virus.all.candidate.fasta	DRY
02b_Filter/SRR33536644/SRR33536644.virus.candidate_cdd_filtered.fasta	/home/zhangwenda/goji-virome/01_data/data-test/RNA-Lycium_barbarum_out/02b_Filter/SRR33536644/cdd/all_candidates_cdd_filter.fasta	cdd_filtered	cdd/all_candidates_cdd_filter.fasta	DRY
02b_Filter/SRR33536644/SRR33536644.virus.candidate_uniprot_filtered.fasta	/home/zhangwenda/goji-virome/01_data/data-test/RNA-Lycium_barbarum_out/02b_Filter/SRR33536644/uniprot/all_candidates_uniprot.fasta	uniprot_filtered	uniprot/all_candidates_uniprot.fasta	DRY
02b_Filter/SRR33536644/SRR33536644.virus.candidate_filtered.fasta	/home/zhangwenda/goji-virome/01_data/data-test/RNA-Lycium_barbarum_out/02b_Filter/SRR33536644/uniprot/all_candidates_uniprot.fasta	strict_from_uniprot	uniprot/all_candidates_uniprot.fasta	DRY
02b_Filter/SRR33536645/SRR33536645_virus.all.candidate.fasta	/home/zhangwenda/goji-virome/01_data/data-test/RNA-Lycium_barbarum_out/02a_Identification/SRR33536645/SRR33536645_virus.all.candidate.fasta	02a_all_candidate	../../02a_Identification/SRR33536645/SRR33536645_virus.all.candidate.fasta	DRY
02b_Filter/SRR33536645/SRR33536645.virus.candidate_cdd_filtered.fasta	/home/zhangwenda/goji-virome/01_data/data-test/RNA-Lycium_barbarum_out/02b_Filter/SRR33536645/cdd/all_candidates_cdd_filter.fasta	cdd_filtered	cdd/all_candidates_cdd_filter.fasta	DRY
02b_Filter/SRR33536645/SRR33536645.virus.candidate_uniprot_filtered.fasta	/home/zhangwenda/goji-virome/01_data/data-test/RNA-Lycium_barbarum_out/02b_Filter/SRR33536645/uniprot/all_candidates_uniprot.fasta	uniprot_filtered	uniprot/all_candidates_uniprot.fasta	DRY
02b_Filter/SRR33536645/SRR33536645.virus.candidate_filtered.fasta	/home/zhangwenda/goji-virome/01_data/data-test/RNA-Lycium_barbarum_out/02b_Filter/SRR33536645/uniprot/all_candidates_uniprot.fasta	strict_from_uniprot	uniprot/all_candidates_uniprot.fasta	DRY
02b_Filter/SRR33536646/SRR33536646_virus.all.candidate.fasta	/home/zhangwenda/goji-virome/01_data/data-test/RNA-Lycium_barbarum_out/02a_Identification/SRR33536646/SRR33536646_virus.all.candidate.fasta	02a_all_candidate	../../02a_Identification/SRR33536646/SRR33536646_virus.all.candidate.fasta	DRY
02b_Filter/SRR33536646/SRR33536646.virus.candidate_cdd_filtered.fasta	/home/zhangwenda/goji-virome/01_data/data-test/RNA-Lycium_barbarum_out/02b_Filter/SRR33536646/cdd/all_candidates_cdd_filter.fasta	cdd_filtered	cdd/all_candidates_cdd_filter.fasta	DRY
02b_Filter/SRR33536646/SRR33536646.virus.candidate_uniprot_filtered.fasta	/home/zhangwenda/goji-virome/01_data/data-test/RNA-Lycium_barbarum_out/02b_Filter/SRR33536646/uniprot/all_candidates_uniprot.fasta	uniprot_filtered	uniprot/all_candidates_uniprot.fasta	DRY
02b_Filter/SRR33536646/SRR33536646.virus.candidate_filtered.fasta	/home/zhangwenda/goji-virome/01_data/data-test/RNA-Lycium_barbarum_out/02b_Filter/SRR33536646/uniprot/all_candidates_uniprot.fasta	strict_from_uniprot	uniprot/all_candidates_uniprot.fasta	DRY
02b_Filter/SRR33536647/SRR33536647_virus.all.candidate.fasta	/home/zhangwenda/goji-virome/01_data/data-test/RNA-Lycium_barbarum_out/02a_Identification/SRR33536647/SRR33536647_virus.all.candidate.fasta	02a_all_candidate	../../02a_Identification/SRR33536647/SRR33536647_virus.all.candidate.fasta	DRY
02b_Filter/SRR33536647/SRR33536647.virus.candidate_cdd_filtered.fasta	/home/zhangwenda/goji-virome/01_data/data-test/RNA-Lycium_barbarum_out/02b_Filter/SRR33536647/cdd/all_candidates_cdd_filter.fasta	cdd_filtered	cdd/all_candidates_cdd_filter.fasta	DRY
02b_Filter/SRR33536647/SRR33536647.virus.candidate_uniprot_filtered.fasta	/home/zhangwenda/goji-virome/01_data/data-test/RNA-Lycium_barbarum_out/02b_Filter/SRR33536647/uniprot/all_candidates_uniprot.fasta	uniprot_filtered	uniprot/all_candidates_uniprot.fasta	DRY
02b_Filter/SRR33536647/SRR33536647.virus.candidate_filtered.fasta	/home/zhangwenda/goji-virome/01_data/data-test/RNA-Lycium_barbarum_out/02b_Filter/SRR33536647/uniprot/all_candidates_uniprot.fasta	strict_from_uniprot	uniprot/all_candidates_uniprot.fasta	DRY
02b_Filter/SRR33536648/SRR33536648_virus.all.candidate.fasta	/home/zhangwenda/goji-virome/01_data/data-test/RNA-Lycium_barbarum_out/02a_Identification/SRR33536648/SRR33536648_virus.all.candidate.fasta	02a_all_candidate	../../02a_Identification/SRR33536648/SRR33536648_virus.all.candidate.fasta	DRY
02b_Filter/SRR33536648/SRR33536648.virus.candidate_cdd_filtered.fasta	/home/zhangwenda/goji-virome/01_data/data-test/RNA-Lycium_barbarum_out/02b_Filter/SRR33536648/cdd/all_candidates_cdd_filter.fasta	cdd_filtered	cdd/all_candidates_cdd_filter.fasta	DRY
02b_Filter/SRR33536648/SRR33536648.virus.candidate_uniprot_filtered.fasta	/home/zhangwenda/goji-virome/01_data/data-test/RNA-Lycium_barbarum_out/02b_Filter/SRR33536648/uniprot/all_candidates_uniprot.fasta	uniprot_filtered	uniprot/all_candidates_uniprot.fasta	DRY
02b_Filter/SRR33536648/SRR33536648.virus.candidate_filtered.fasta	/home/zhangwenda/goji-virome/01_data/data-test/RNA-Lycium_barbarum_out/02b_Filter/SRR33536648/uniprot/all_candidates_uniprot.fasta	strict_from_uniprot	uniprot/all_candidates_uniprot.fasta	DRY
02b_Filter/SRR33536649/SRR33536649_virus.all.candidate.fasta	/home/zhangwenda/goji-virome/01_data/data-test/RNA-Lycium_barbarum_out/02a_Identification/SRR33536649/SRR33536649_virus.all.candidate.fasta	02a_all_candidate	../../02a_Identification/SRR33536649/SRR33536649_virus.all.candidate.fasta	DRY
02b_Filter/SRR33536649/SRR33536649.virus.candidate_cdd_filtered.fasta	/home/zhangwenda/goji-virome/01_data/data-test/RNA-Lycium_barbarum_out/02b_Filter/SRR33536649/cdd/all_candidates_cdd_filter.fasta	cdd_filtered	cdd/all_candidates_cdd_filter.fasta	DRY
02b_Filter/SRR33536649/SRR33536649.virus.candidate_uniprot_filtered.fasta	/home/zhangwenda/goji-virome/01_data/data-test/RNA-Lycium_barbarum_out/02b_Filter/SRR33536649/uniprot/all_candidates_uniprot.fasta	uniprot_filtered	uniprot/all_candidates_uniprot.fasta	DRY
02b_Filter/SRR33536649/SRR33536649.virus.candidate_filtered.fasta	/home/zhangwenda/goji-virome/01_data/data-test/RNA-Lycium_barbarum_out/02b_Filter/SRR33536649/uniprot/all_candidates_uniprot.fasta	strict_from_uniprot	uniprot/all_candidates_uniprot.fasta	DRY
02b_Filter/SRR33536650/SRR33536650_virus.all.candidate.fasta	/home/zhangwenda/goji-virome/01_data/data-test/RNA-Lycium_barbarum_out/02a_Identification/SRR33536650/SRR33536650_virus.all.candidate.fasta	02a_all_candidate	../../02a_Identification/SRR33536650/SRR33536650_virus.all.candidate.fasta	DRY
02b_Filter/SRR33536650/SRR33536650.virus.candidate_cdd_filtered.fasta	/home/zhangwenda/goji-virome/01_data/data-test/RNA-Lycium_barbarum_out/02b_Filter/SRR33536650/cdd/all_candidates_cdd_filter.fasta	cdd_filtered	cdd/all_candidates_cdd_filter.fasta	DRY
02b_Filter/SRR33536650/SRR33536650.virus.candidate_uniprot_filtered.fasta	/home/zhangwenda/goji-virome/01_data/data-test/RNA-Lycium_barbarum_out/02b_Filter/SRR33536650/uniprot/all_candidates_uniprot.fasta	uniprot_filtered	uniprot/all_candidates_uniprot.fasta	DRY
02b_Filter/SRR33536650/SRR33536650.virus.candidate_filtered.fasta	/home/zhangwenda/goji-virome/01_data/data-test/RNA-Lycium_barbarum_out/02b_Filter/SRR33536650/uniprot/all_candidates_uniprot.fasta	strict_from_uniprot	uniprot/all_candidates_uniprot.fasta	DRY
02b_Filter/SRR33536651/SRR33536651_virus.all.candidate.fasta	/home/zhangwenda/goji-virome/01_data/data-test/RNA-Lycium_barbarum_out/02a_Identification/SRR33536651/SRR33536651_virus.all.candidate.fasta	02a_all_candidate	../../02a_Identification/SRR33536651/SRR33536651_virus.all.candidate.fasta	DRY
02b_Filter/SRR33536651/SRR33536651.virus.candidate_cdd_filtered.fasta	/home/zhangwenda/goji-virome/01_data/data-test/RNA-Lycium_barbarum_out/02b_Filter/SRR33536651/cdd/all_candidates_cdd_filter.fasta	cdd_filtered	cdd/all_candidates_cdd_filter.fasta	DRY
02b_Filter/SRR33536651/SRR33536651.virus.candidate_uniprot_filtered.fasta	/home/zhangwenda/goji-virome/01_data/data-test/RNA-Lycium_barbarum_out/02b_Filter/SRR33536651/uniprot/all_candidates_uniprot.fasta	uniprot_filtered	uniprot/all_candidates_uniprot.fasta	DRY
02b_Filter/SRR33536651/SRR33536651.virus.candidate_filtered.fasta	/home/zhangwenda/goji-virome/01_data/data-test/RNA-Lycium_barbarum_out/02b_Filter/SRR33536651/uniprot/all_candidates_uniprot.fasta	strict_from_uniprot	uniprot/all_candidates_uniprot.fasta	DRY
02b_Filter/SRR33536652/SRR33536652_virus.all.candidate.fasta	/home/zhangwenda/goji-virome/01_data/data-test/RNA-Lycium_barbarum_out/02a_Identification/SRR33536652/SRR33536652_virus.all.candidate.fasta	02a_all_candidate	../../02a_Identification/SRR33536652/SRR33536652_virus.all.candidate.fasta	DRY
02b_Filter/SRR33536652/SRR33536652.virus.candidate_cdd_filtered.fasta	/home/zhangwenda/goji-virome/01_data/data-test/RNA-Lycium_barbarum_out/02b_Filter/SRR33536652/cdd/all_candidates_cdd_filter.fasta	cdd_filtered	cdd/all_candidates_cdd_filter.fasta	DRY
02b_Filter/SRR33536652/SRR33536652.virus.candidate_uniprot_filtered.fasta	/home/zhangwenda/goji-virome/01_data/data-test/RNA-Lycium_barbarum_out/02b_Filter/SRR33536652/uniprot/all_candidates_uniprot.fasta	uniprot_filtered	uniprot/all_candidates_uniprot.fasta	DRY
02b_Filter/SRR33536652/SRR33536652.virus.candidate_filtered.fasta	/home/zhangwenda/goji-virome/01_data/data-test/RNA-Lycium_barbarum_out/02b_Filter/SRR33536652/uniprot/all_candidates_uniprot.fasta	strict_from_uniprot	uniprot/all_candidates_uniprot.fasta	DRY
02b_Filter/SRR33536653/SRR33536653_virus.all.candidate.fasta	/home/zhangwenda/goji-virome/01_data/data-test/RNA-Lycium_barbarum_out/02a_Identification/SRR33536653/SRR33536653_virus.all.candidate.fasta	02a_all_candidate	../../02a_Identification/SRR33536653/SRR33536653_virus.all.candidate.fasta	DRY
02b_Filter/SRR33536653/SRR33536653.virus.candidate_cdd_filtered.fasta	/home/zhangwenda/goji-virome/01_data/data-test/RNA-Lycium_barbarum_out/02b_Filter/SRR33536653/cdd/all_candidates_cdd_filter.fasta	cdd_filtered	cdd/all_candidates_cdd_filter.fasta	DRY
02b_Filter/SRR33536653/SRR33536653.virus.candidate_uniprot_filtered.fasta	/home/zhangwenda/goji-virome/01_data/data-test/RNA-Lycium_barbarum_out/02b_Filter/SRR33536653/uniprot/all_candidates_uniprot.fasta	uniprot_filtered	uniprot/all_candidates_uniprot.fasta	DRY
02b_Filter/SRR33536653/SRR33536653.virus.candidate_filtered.fasta	/home/zhangwenda/goji-virome/01_data/data-test/RNA-Lycium_barbarum_out/02b_Filter/SRR33536653/uniprot/all_candidates_uniprot.fasta	strict_from_uniprot	uniprot/all_candidates_uniprot.fasta	DRY
02b_Filter/SRR33536654/SRR33536654_virus.all.candidate.fasta	/home/zhangwenda/goji-virome/01_data/data-test/RNA-Lycium_barbarum_out/02a_Identification/SRR33536654/SRR33536654_virus.all.candidate.fasta	02a_all_candidate	../../02a_Identification/SRR33536654/SRR33536654_virus.all.candidate.fasta	DRY
02b_Filter/SRR33536654/SRR33536654.virus.candidate_cdd_filtered.fasta	/home/zhangwenda/goji-virome/01_data/data-test/RNA-Lycium_barbarum_out/02b_Filter/SRR33536654/cdd/all_candidates_cdd_filter.fasta	cdd_filtered	cdd/all_candidates_cdd_filter.fasta	DRY
02b_Filter/SRR33536654/SRR33536654.virus.candidate_uniprot_filtered.fasta	/home/zhangwenda/goji-virome/01_data/data-test/RNA-Lycium_barbarum_out/02b_Filter/SRR33536654/uniprot/all_candidates_uniprot.fasta	uniprot_filtered	uniprot/all_candidates_uniprot.fasta	DRY
02b_Filter/SRR33536654/SRR33536654.virus.candidate_filtered.fasta	/home/zhangwenda/goji-virome/01_data/data-test/RNA-Lycium_barbarum_out/02b_Filter/SRR33536654/uniprot/all_candidates_uniprot.fasta	strict_from_uniprot	uniprot/all_candidates_uniprot.fasta	DRY
02b_Filter/SRR33536655/SRR33536655_virus.all.candidate.fasta	/home/zhangwenda/goji-virome/01_data/data-test/RNA-Lycium_barbarum_out/02a_Identification/SRR33536655/SRR33536655_virus.all.candidate.fasta	02a_all_candidate	../../02a_Identification/SRR33536655/SRR33536655_virus.all.candidate.fasta	DRY
02b_Filter/SRR33536655/SRR33536655.virus.candidate_cdd_filtered.fasta	/home/zhangwenda/goji-virome/01_data/data-test/RNA-Lycium_barbarum_out/02b_Filter/SRR33536655/cdd/all_candidates_cdd_filter.fasta	cdd_filtered	cdd/all_candidates_cdd_filter.fasta	DRY
02b_Filter/SRR33536655/SRR33536655.virus.candidate_uniprot_filtered.fasta	/home/zhangwenda/goji-virome/01_data/data-test/RNA-Lycium_barbarum_out/02b_Filter/SRR33536655/uniprot/all_candidates_uniprot.fasta	uniprot_filtered	uniprot/all_candidates_uniprot.fasta	DRY
02b_Filter/SRR33536655/SRR33536655.virus.candidate_filtered.fasta	/home/zhangwenda/goji-virome/01_data/data-test/RNA-Lycium_barbarum_out/02b_Filter/SRR33536655/uniprot/all_candidates_uniprot.fasta	strict_from_uniprot	uniprot/all_candidates_uniprot.fasta	DRY
02b_Filter/SRR33536656/SRR33536656_virus.all.candidate.fasta	/home/zhangwenda/goji-virome/01_data/data-test/RNA-Lycium_barbarum_out/02a_Identification/SRR33536656/SRR33536656_virus.all.candidate.fasta	02a_all_candidate	../../02a_Identification/SRR33536656/SRR33536656_virus.all.candidate.fasta	DRY
02b_Filter/SRR33536656/SRR33536656.virus.candidate_cdd_filtered.fasta	/home/zhangwenda/goji-virome/01_data/data-test/RNA-Lycium_barbarum_out/02b_Filter/SRR33536656/cdd/all_candidates_cdd_filter.fasta	cdd_filtered	cdd/all_candidates_cdd_filter.fasta	DRY
02b_Filter/SRR33536656/SRR33536656.virus.candidate_uniprot_filtered.fasta	/home/zhangwenda/goji-virome/01_data/data-test/RNA-Lycium_barbarum_out/02b_Filter/SRR33536656/uniprot/all_candidates_uniprot.fasta	uniprot_filtered	uniprot/all_candidates_uniprot.fasta	DRY
02b_Filter/SRR33536656/SRR33536656.virus.candidate_filtered.fasta	/home/zhangwenda/goji-virome/01_data/data-test/RNA-Lycium_barbarum_out/02b_Filter/SRR33536656/uniprot/all_candidates_uniprot.fasta	strict_from_uniprot	uniprot/all_candidates_uniprot.fasta	DRY
02b_Filter/SRR33536657/SRR33536657_virus.all.candidate.fasta	/home/zhangwenda/goji-virome/01_data/data-test/RNA-Lycium_barbarum_out/02a_Identification/SRR33536657/SRR33536657_virus.all.candidate.fasta	02a_all_candidate	../../02a_Identification/SRR33536657/SRR33536657_virus.all.candidate.fasta	DRY
02b_Filter/SRR33536657/SRR33536657.virus.candidate_cdd_filtered.fasta	/home/zhangwenda/goji-virome/01_data/data-test/RNA-Lycium_barbarum_out/02b_Filter/SRR33536657/cdd/all_candidates_cdd_filter.fasta	cdd_filtered	cdd/all_candidates_cdd_filter.fasta	DRY
02b_Filter/SRR33536657/SRR33536657.virus.candidate_uniprot_filtered.fasta	/home/zhangwenda/goji-virome/01_data/data-test/RNA-Lycium_barbarum_out/02b_Filter/SRR33536657/uniprot/all_candidates_uniprot.fasta	uniprot_filtered	uniprot/all_candidates_uniprot.fasta	DRY
02b_Filter/SRR33536657/SRR33536657.virus.candidate_filtered.fasta	/home/zhangwenda/goji-virome/01_data/data-test/RNA-Lycium_barbarum_out/02b_Filter/SRR33536657/uniprot/all_candidates_uniprot.fasta	strict_from_uniprot	uniprot/all_candidates_uniprot.fasta	DRY
02b_Filter/SRR33536658/SRR33536658_virus.all.candidate.fasta	/home/zhangwenda/goji-virome/01_data/data-test/RNA-Lycium_barbarum_out/02a_Identification/SRR33536658/SRR33536658_virus.all.candidate.fasta	02a_all_candidate	../../02a_Identification/SRR33536658/SRR33536658_virus.all.candidate.fasta	DRY
02b_Filter/SRR33536658/SRR33536658.virus.candidate_cdd_filtered.fasta	/home/zhangwenda/goji-virome/01_data/data-test/RNA-Lycium_barbarum_out/02b_Filter/SRR33536658/cdd/all_candidates_cdd_filter.fasta	cdd_filtered	cdd/all_candidates_cdd_filter.fasta	DRY
02b_Filter/SRR33536658/SRR33536658.virus.candidate_uniprot_filtered.fasta	/home/zhangwenda/goji-virome/01_data/data-test/RNA-Lycium_barbarum_out/02b_Filter/SRR33536658/uniprot/all_candidates_uniprot.fasta	uniprot_filtered	uniprot/all_candidates_uniprot.fasta	DRY
02b_Filter/SRR33536658/SRR33536658.virus.candidate_filtered.fasta	/home/zhangwenda/goji-virome/01_data/data-test/RNA-Lycium_barbarum_out/02b_Filter/SRR33536658/uniprot/all_candidates_uniprot.fasta	strict_from_uniprot	uniprot/all_candidates_uniprot.fasta	DRY
02b_Filter/SRR33536659/SRR33536659_virus.all.candidate.fasta	/home/zhangwenda/goji-virome/01_data/data-test/RNA-Lycium_barbarum_out/02a_Identification/SRR33536659/SRR33536659_virus.all.candidate.fasta	02a_all_candidate	../../02a_Identification/SRR33536659/SRR33536659_virus.all.candidate.fasta	DRY
02b_Filter/SRR33536659/SRR33536659.virus.candidate_cdd_filtered.fasta	/home/zhangwenda/goji-virome/01_data/data-test/RNA-Lycium_barbarum_out/02b_Filter/SRR33536659/cdd/all_candidates_cdd_filter.fasta	cdd_filtered	cdd/all_candidates_cdd_filter.fasta	DRY
02b_Filter/SRR33536659/SRR33536659.virus.candidate_uniprot_filtered.fasta	/home/zhangwenda/goji-virome/01_data/data-test/RNA-Lycium_barbarum_out/02b_Filter/SRR33536659/uniprot/all_candidates_uniprot.fasta	uniprot_filtered	uniprot/all_candidates_uniprot.fasta	DRY
02b_Filter/SRR33536659/SRR33536659.virus.candidate_filtered.fasta	/home/zhangwenda/goji-virome/01_data/data-test/RNA-Lycium_barbarum_out/02b_Filter/SRR33536659/uniprot/all_candidates_uniprot.fasta	strict_from_uniprot	uniprot/all_candidates_uniprot.fasta	DRY
02b_Filter/SRR33536660/SRR33536660_virus.all.candidate.fasta	/home/zhangwenda/goji-virome/01_data/data-test/RNA-Lycium_barbarum_out/02a_Identification/SRR33536660/SRR33536660_virus.all.candidate.fasta	02a_all_candidate	../../02a_Identification/SRR33536660/SRR33536660_virus.all.candidate.fasta	DRY
02b_Filter/SRR33536660/SRR33536660.virus.candidate_cdd_filtered.fasta	/home/zhangwenda/goji-virome/01_data/data-test/RNA-Lycium_barbarum_out/02b_Filter/SRR33536660/cdd/all_candidates_cdd_filter.fasta	cdd_filtered	cdd/all_candidates_cdd_filter.fasta	DRY
02b_Filter/SRR33536660/SRR33536660.virus.candidate_uniprot_filtered.fasta	/home/zhangwenda/goji-virome/01_data/data-test/RNA-Lycium_barbarum_out/02b_Filter/SRR33536660/uniprot/all_candidates_uniprot.fasta	uniprot_filtered	uniprot/all_candidates_uniprot.fasta	DRY
02b_Filter/SRR33536660/SRR33536660.virus.candidate_filtered.fasta	/home/zhangwenda/goji-virome/01_data/data-test/RNA-Lycium_barbarum_out/02b_Filter/SRR33536660/uniprot/all_candidates_uniprot.fasta	strict_from_uniprot	uniprot/all_candidates_uniprot.fasta	DRY
02b_Filter/SRR33536661/SRR33536661_virus.all.candidate.fasta	/home/zhangwenda/goji-virome/01_data/data-test/RNA-Lycium_barbarum_out/02a_Identification/SRR33536661/SRR33536661_virus.all.candidate.fasta	02a_all_candidate	../../02a_Identification/SRR33536661/SRR33536661_virus.all.candidate.fasta	DRY
02b_Filter/SRR33536661/SRR33536661.virus.candidate_cdd_filtered.fasta	/home/zhangwenda/goji-virome/01_data/data-test/RNA-Lycium_barbarum_out/02b_Filter/SRR33536661/cdd/all_candidates_cdd_filter.fasta	cdd_filtered	cdd/all_candidates_cdd_filter.fasta	DRY
02b_Filter/SRR33536661/SRR33536661.virus.candidate_uniprot_filtered.fasta	/home/zhangwenda/goji-virome/01_data/data-test/RNA-Lycium_barbarum_out/02b_Filter/SRR33536661/uniprot/all_candidates_uniprot.fasta	uniprot_filtered	uniprot/all_candidates_uniprot.fasta	DRY
02b_Filter/SRR33536661/SRR33536661.virus.candidate_filtered.fasta	/home/zhangwenda/goji-virome/01_data/data-test/RNA-Lycium_barbarum_out/02b_Filter/SRR33536661/uniprot/all_candidates_uniprot.fasta	strict_from_uniprot	uniprot/all_candidates_uniprot.fasta	DRY
02b_Filter/SRR35911571/SRR35911571_virus.all.candidate.fasta	/home/zhangwenda/goji-virome/01_data/data-test/RNA-Lycium_barbarum_out/02a_Identification/SRR35911571/SRR35911571_virus.all.candidate.fasta	02a_all_candidate	../../02a_Identification/SRR35911571/SRR35911571_virus.all.candidate.fasta	DRY
02b_Filter/SRR35911571/SRR35911571.virus.candidate_cdd_filtered.fasta	/home/zhangwenda/goji-virome/01_data/data-test/RNA-Lycium_barbarum_out/02b_Filter/SRR35911571/cdd/all_candidates_cdd_filter.fasta	cdd_filtered	cdd/all_candidates_cdd_filter.fasta	DRY
02b_Filter/SRR35911571/SRR35911571.virus.candidate_uniprot_filtered.fasta	/home/zhangwenda/goji-virome/01_data/data-test/RNA-Lycium_barbarum_out/02b_Filter/SRR35911571/uniprot/all_candidates_uniprot.fasta	uniprot_filtered	uniprot/all_candidates_uniprot.fasta	DRY
02b_Filter/SRR35911571/SRR35911571.virus.candidate_filtered.fasta	/home/zhangwenda/goji-virome/01_data/data-test/RNA-Lycium_barbarum_out/02b_Filter/SRR35911571/uniprot/all_candidates_uniprot.fasta	strict_from_uniprot	uniprot/all_candidates_uniprot.fasta	DRY
02b_Filter/SRR35911572/SRR35911572_virus.all.candidate.fasta	/home/zhangwenda/goji-virome/01_data/data-test/RNA-Lycium_barbarum_out/02a_Identification/SRR35911572/SRR35911572_virus.all.candidate.fasta	02a_all_candidate	../../02a_Identification/SRR35911572/SRR35911572_virus.all.candidate.fasta	DRY
02b_Filter/SRR35911572/SRR35911572.virus.candidate_cdd_filtered.fasta	/home/zhangwenda/goji-virome/01_data/data-test/RNA-Lycium_barbarum_out/02b_Filter/SRR35911572/cdd/all_candidates_cdd_filter.fasta	cdd_filtered	cdd/all_candidates_cdd_filter.fasta	DRY
02b_Filter/SRR35911572/SRR35911572.virus.candidate_uniprot_filtered.fasta	/home/zhangwenda/goji-virome/01_data/data-test/RNA-Lycium_barbarum_out/02b_Filter/SRR35911572/uniprot/all_candidates_uniprot.fasta	uniprot_filtered	uniprot/all_candidates_uniprot.fasta	DRY
02b_Filter/SRR35911572/SRR35911572.virus.candidate_filtered.fasta	/home/zhangwenda/goji-virome/01_data/data-test/RNA-Lycium_barbarum_out/02b_Filter/SRR35911572/uniprot/all_candidates_uniprot.fasta	strict_from_uniprot	uniprot/all_candidates_uniprot.fasta	DRY
02b_Filter/SRR35911573/SRR35911573_virus.all.candidate.fasta	/home/zhangwenda/goji-virome/01_data/data-test/RNA-Lycium_barbarum_out/02a_Identification/SRR35911573/SRR35911573_virus.all.candidate.fasta	02a_all_candidate	../../02a_Identification/SRR35911573/SRR35911573_virus.all.candidate.fasta	DRY
02b_Filter/SRR35911573/SRR35911573.virus.candidate_cdd_filtered.fasta	/home/zhangwenda/goji-virome/01_data/data-test/RNA-Lycium_barbarum_out/02b_Filter/SRR35911573/cdd/all_candidates_cdd_filter.fasta	cdd_filtered	cdd/all_candidates_cdd_filter.fasta	DRY
02b_Filter/SRR35911573/SRR35911573.virus.candidate_uniprot_filtered.fasta	/home/zhangwenda/goji-virome/01_data/data-test/RNA-Lycium_barbarum_out/02b_Filter/SRR35911573/uniprot/all_candidates_uniprot.fasta	uniprot_filtered	uniprot/all_candidates_uniprot.fasta	DRY
02b_Filter/SRR35911573/SRR35911573.virus.candidate_filtered.fasta	/home/zhangwenda/goji-virome/01_data/data-test/RNA-Lycium_barbarum_out/02b_Filter/SRR35911573/uniprot/all_candidates_uniprot.fasta	strict_from_uniprot	uniprot/all_candidates_uniprot.fasta	DRY
02b_Filter/SRR35911574/SRR35911574_virus.all.candidate.fasta	/home/zhangwenda/goji-virome/01_data/data-test/RNA-Lycium_barbarum_out/02a_Identification/SRR35911574/SRR35911574_virus.all.candidate.fasta	02a_all_candidate	../../02a_Identification/SRR35911574/SRR35911574_virus.all.candidate.fasta	DRY
02b_Filter/SRR35911574/SRR35911574.virus.candidate_cdd_filtered.fasta	/home/zhangwenda/goji-virome/01_data/data-test/RNA-Lycium_barbarum_out/02b_Filter/SRR35911574/cdd/all_candidates_cdd_filter.fasta	cdd_filtered	cdd/all_candidates_cdd_filter.fasta	DRY
02b_Filter/SRR35911574/SRR35911574.virus.candidate_uniprot_filtered.fasta	/home/zhangwenda/goji-virome/01_data/data-test/RNA-Lycium_barbarum_out/02b_Filter/SRR35911574/uniprot/all_candidates_uniprot.fasta	uniprot_filtered	uniprot/all_candidates_uniprot.fasta	DRY
02b_Filter/SRR35911574/SRR35911574.virus.candidate_filtered.fasta	/home/zhangwenda/goji-virome/01_data/data-test/RNA-Lycium_barbarum_out/02b_Filter/SRR35911574/uniprot/all_candidates_uniprot.fasta	strict_from_uniprot	uniprot/all_candidates_uniprot.fasta	DRY
02b_Filter/SRR35911575/SRR35911575_virus.all.candidate.fasta	/home/zhangwenda/goji-virome/01_data/data-test/RNA-Lycium_barbarum_out/02a_Identification/SRR35911575/SRR35911575_virus.all.candidate.fasta	02a_all_candidate	../../02a_Identification/SRR35911575/SRR35911575_virus.all.candidate.fasta	DRY
02b_Filter/SRR35911575/SRR35911575.virus.candidate_cdd_filtered.fasta	/home/zhangwenda/goji-virome/01_data/data-test/RNA-Lycium_barbarum_out/02b_Filter/SRR35911575/cdd/all_candidates_cdd_filter.fasta	cdd_filtered	cdd/all_candidates_cdd_filter.fasta	DRY
02b_Filter/SRR35911575/SRR35911575.virus.candidate_uniprot_filtered.fasta	/home/zhangwenda/goji-virome/01_data/data-test/RNA-Lycium_barbarum_out/02b_Filter/SRR35911575/uniprot/all_candidates_uniprot.fasta	uniprot_filtered	uniprot/all_candidates_uniprot.fasta	DRY
02b_Filter/SRR35911575/SRR35911575.virus.candidate_filtered.fasta	/home/zhangwenda/goji-virome/01_data/data-test/RNA-Lycium_barbarum_out/02b_Filter/SRR35911575/uniprot/all_candidates_uniprot.fasta	strict_from_uniprot	uniprot/all_candidates_uniprot.fasta	DRY
02b_Filter/SRR35911576/SRR35911576_virus.all.candidate.fasta	/home/zhangwenda/goji-virome/01_data/data-test/RNA-Lycium_barbarum_out/02a_Identification/SRR35911576/SRR35911576_virus.all.candidate.fasta	02a_all_candidate	../../02a_Identification/SRR35911576/SRR35911576_virus.all.candidate.fasta	DRY
02b_Filter/SRR35911576/SRR35911576.virus.candidate_cdd_filtered.fasta	/home/zhangwenda/goji-virome/01_data/data-test/RNA-Lycium_barbarum_out/02b_Filter/SRR35911576/cdd/all_candidates_cdd_filter.fasta	cdd_filtered	cdd/all_candidates_cdd_filter.fasta	DRY
02b_Filter/SRR35911576/SRR35911576.virus.candidate_uniprot_filtered.fasta	/home/zhangwenda/goji-virome/01_data/data-test/RNA-Lycium_barbarum_out/02b_Filter/SRR35911576/uniprot/all_candidates_uniprot.fasta	uniprot_filtered	uniprot/all_candidates_uniprot.fasta	DRY
02b_Filter/SRR35911576/SRR35911576.virus.candidate_filtered.fasta	/home/zhangwenda/goji-virome/01_data/data-test/RNA-Lycium_barbarum_out/02b_Filter/SRR35911576/uniprot/all_candidates_uniprot.fasta	strict_from_uniprot	uniprot/all_candidates_uniprot.fasta	DRY
02b_Filter/SRR35911577/SRR35911577_virus.all.candidate.fasta	/home/zhangwenda/goji-virome/01_data/data-test/RNA-Lycium_barbarum_out/02a_Identification/SRR35911577/SRR35911577_virus.all.candidate.fasta	02a_all_candidate	../../02a_Identification/SRR35911577/SRR35911577_virus.all.candidate.fasta	DRY
02b_Filter/SRR35911577/SRR35911577.virus.candidate_cdd_filtered.fasta	/home/zhangwenda/goji-virome/01_data/data-test/RNA-Lycium_barbarum_out/02b_Filter/SRR35911577/cdd/all_candidates_cdd_filter.fasta	cdd_filtered	cdd/all_candidates_cdd_filter.fasta	DRY
02b_Filter/SRR35911577/SRR35911577.virus.candidate_uniprot_filtered.fasta	/home/zhangwenda/goji-virome/01_data/data-test/RNA-Lycium_barbarum_out/02b_Filter/SRR35911577/uniprot/all_candidates_uniprot.fasta	uniprot_filtered	uniprot/all_candidates_uniprot.fasta	DRY
02b_Filter/SRR35911577/SRR35911577.virus.candidate_filtered.fasta	/home/zhangwenda/goji-virome/01_data/data-test/RNA-Lycium_barbarum_out/02b_Filter/SRR35911577/uniprot/all_candidates_uniprot.fasta	strict_from_uniprot	uniprot/all_candidates_uniprot.fasta	DRY
02b_Filter/SRR35911578/SRR35911578_virus.all.candidate.fasta	/home/zhangwenda/goji-virome/01_data/data-test/RNA-Lycium_barbarum_out/02a_Identification/SRR35911578/SRR35911578_virus.all.candidate.fasta	02a_all_candidate	../../02a_Identification/SRR35911578/SRR35911578_virus.all.candidate.fasta	DRY
02b_Filter/SRR35911578/SRR35911578.virus.candidate_cdd_filtered.fasta	/home/zhangwenda/goji-virome/01_data/data-test/RNA-Lycium_barbarum_out/02b_Filter/SRR35911578/cdd/all_candidates_cdd_filter.fasta	cdd_filtered	cdd/all_candidates_cdd_filter.fasta	DRY
02b_Filter/SRR35911578/SRR35911578.virus.candidate_uniprot_filtered.fasta	/home/zhangwenda/goji-virome/01_data/data-test/RNA-Lycium_barbarum_out/02b_Filter/SRR35911578/uniprot/all_candidates_uniprot.fasta	uniprot_filtered	uniprot/all_candidates_uniprot.fasta	DRY
02b_Filter/SRR35911578/SRR35911578.virus.candidate_filtered.fasta	/home/zhangwenda/goji-virome/01_data/data-test/RNA-Lycium_barbarum_out/02b_Filter/SRR35911578/uniprot/all_candidates_uniprot.fasta	strict_from_uniprot	uniprot/all_candidates_uniprot.fasta	DRY
02b_Filter/SRR35911579/SRR35911579_virus.all.candidate.fasta	/home/zhangwenda/goji-virome/01_data/data-test/RNA-Lycium_barbarum_out/02a_Identification/SRR35911579/SRR35911579_virus.all.candidate.fasta	02a_all_candidate	../../02a_Identification/SRR35911579/SRR35911579_virus.all.candidate.fasta	DRY
02b_Filter/SRR35911579/SRR35911579.virus.candidate_cdd_filtered.fasta	/home/zhangwenda/goji-virome/01_data/data-test/RNA-Lycium_barbarum_out/02b_Filter/SRR35911579/cdd/all_candidates_cdd_filter.fasta	cdd_filtered	cdd/all_candidates_cdd_filter.fasta	DRY
02b_Filter/SRR35911579/SRR35911579.virus.candidate_uniprot_filtered.fasta	/home/zhangwenda/goji-virome/01_data/data-test/RNA-Lycium_barbarum_out/02b_Filter/SRR35911579/uniprot/all_candidates_uniprot.fasta	uniprot_filtered	uniprot/all_candidates_uniprot.fasta	DRY
02b_Filter/SRR35911579/SRR35911579.virus.candidate_filtered.fasta	/home/zhangwenda/goji-virome/01_data/data-test/RNA-Lycium_barbarum_out/02b_Filter/SRR35911579/uniprot/all_candidates_uniprot.fasta	strict_from_uniprot	uniprot/all_candidates_uniprot.fasta	DRY
02b_Filter/SRR35911580/SRR35911580_virus.all.candidate.fasta	/home/zhangwenda/goji-virome/01_data/data-test/RNA-Lycium_barbarum_out/02a_Identification/SRR35911580/SRR35911580_virus.all.candidate.fasta	02a_all_candidate	../../02a_Identification/SRR35911580/SRR35911580_virus.all.candidate.fasta	DRY
02b_Filter/SRR35911580/SRR35911580.virus.candidate_cdd_filtered.fasta	/home/zhangwenda/goji-virome/01_data/data-test/RNA-Lycium_barbarum_out/02b_Filter/SRR35911580/cdd/all_candidates_cdd_filter.fasta	cdd_filtered	cdd/all_candidates_cdd_filter.fasta	DRY
02b_Filter/SRR35911580/SRR35911580.virus.candidate_uniprot_filtered.fasta	/home/zhangwenda/goji-virome/01_data/data-test/RNA-Lycium_barbarum_out/02b_Filter/SRR35911580/uniprot/all_candidates_uniprot.fasta	uniprot_filtered	uniprot/all_candidates_uniprot.fasta	DRY
02b_Filter/SRR35911580/SRR35911580.virus.candidate_filtered.fasta	/home/zhangwenda/goji-virome/01_data/data-test/RNA-Lycium_barbarum_out/02b_Filter/SRR35911580/uniprot/all_candidates_uniprot.fasta	strict_from_uniprot	uniprot/all_candidates_uniprot.fasta	DRY
02b_Filter/SRR35911581/SRR35911581_virus.all.candidate.fasta	/home/zhangwenda/goji-virome/01_data/data-test/RNA-Lycium_barbarum_out/02a_Identification/SRR35911581/SRR35911581_virus.all.candidate.fasta	02a_all_candidate	../../02a_Identification/SRR35911581/SRR35911581_virus.all.candidate.fasta	DRY
02b_Filter/SRR35911581/SRR35911581.virus.candidate_cdd_filtered.fasta	/home/zhangwenda/goji-virome/01_data/data-test/RNA-Lycium_barbarum_out/02b_Filter/SRR35911581/cdd/all_candidates_cdd_filter.fasta	cdd_filtered	cdd/all_candidates_cdd_filter.fasta	DRY
02b_Filter/SRR35911581/SRR35911581.virus.candidate_uniprot_filtered.fasta	/home/zhangwenda/goji-virome/01_data/data-test/RNA-Lycium_barbarum_out/02b_Filter/SRR35911581/uniprot/all_candidates_uniprot.fasta	uniprot_filtered	uniprot/all_candidates_uniprot.fasta	DRY
02b_Filter/SRR35911581/SRR35911581.virus.candidate_filtered.fasta	/home/zhangwenda/goji-virome/01_data/data-test/RNA-Lycium_barbarum_out/02b_Filter/SRR35911581/uniprot/all_candidates_uniprot.fasta	strict_from_uniprot	uniprot/all_candidates_uniprot.fasta	DRY
02b_Filter/SRR35911582/SRR35911582_virus.all.candidate.fasta	/home/zhangwenda/goji-virome/01_data/data-test/RNA-Lycium_barbarum_out/02a_Identification/SRR35911582/SRR35911582_virus.all.candidate.fasta	02a_all_candidate	../../02a_Identification/SRR35911582/SRR35911582_virus.all.candidate.fasta	DRY
02b_Filter/SRR35911582/SRR35911582.virus.candidate_cdd_filtered.fasta	/home/zhangwenda/goji-virome/01_data/data-test/RNA-Lycium_barbarum_out/02b_Filter/SRR35911582/cdd/all_candidates_cdd_filter.fasta	cdd_filtered	cdd/all_candidates_cdd_filter.fasta	DRY
02b_Filter/SRR35911582/SRR35911582.virus.candidate_uniprot_filtered.fasta	/home/zhangwenda/goji-virome/01_data/data-test/RNA-Lycium_barbarum_out/02b_Filter/SRR35911582/uniprot/all_candidates_uniprot.fasta	uniprot_filtered	uniprot/all_candidates_uniprot.fasta	DRY
02b_Filter/SRR35911582/SRR35911582.virus.candidate_filtered.fasta	/home/zhangwenda/goji-virome/01_data/data-test/RNA-Lycium_barbarum_out/02b_Filter/SRR35911582/uniprot/all_candidates_uniprot.fasta	strict_from_uniprot	uniprot/all_candidates_uniprot.fasta	DRY
02b_Filter/SRR36147586/SRR36147586_virus.all.candidate.fasta	/home/zhangwenda/goji-virome/01_data/data-test/RNA-Lycium_barbarum_out/02a_Identification/SRR36147586/SRR36147586_virus.all.candidate.fasta	02a_all_candidate	../../02a_Identification/SRR36147586/SRR36147586_virus.all.candidate.fasta	DRY
02b_Filter/SRR36147586/SRR36147586.virus.candidate_cdd_filtered.fasta	/home/zhangwenda/goji-virome/01_data/data-test/RNA-Lycium_barbarum_out/02b_Filter/SRR36147586/cdd/all_candidates_cdd_filter.fasta	cdd_filtered	cdd/all_candidates_cdd_filter.fasta	DRY
02b_Filter/SRR36147586/SRR36147586.virus.candidate_uniprot_filtered.fasta	/home/zhangwenda/goji-virome/01_data/data-test/RNA-Lycium_barbarum_out/02b_Filter/SRR36147586/uniprot/all_candidates_uniprot.fasta	uniprot_filtered	uniprot/all_candidates_uniprot.fasta	DRY
02b_Filter/SRR36147586/SRR36147586.virus.candidate_filtered.fasta	/home/zhangwenda/goji-virome/01_data/data-test/RNA-Lycium_barbarum_out/02b_Filter/SRR36147586/uniprot/all_candidates_uniprot.fasta	strict_from_uniprot	uniprot/all_candidates_uniprot.fasta	DRY
02b_Filter/SRR36147587/SRR36147587_virus.all.candidate.fasta	/home/zhangwenda/goji-virome/01_data/data-test/RNA-Lycium_barbarum_out/02a_Identification/SRR36147587/SRR36147587_virus.all.candidate.fasta	02a_all_candidate	../../02a_Identification/SRR36147587/SRR36147587_virus.all.candidate.fasta	DRY
02b_Filter/SRR36147587/SRR36147587.virus.candidate_cdd_filtered.fasta	/home/zhangwenda/goji-virome/01_data/data-test/RNA-Lycium_barbarum_out/02b_Filter/SRR36147587/cdd/all_candidates_cdd_filter.fasta	cdd_filtered	cdd/all_candidates_cdd_filter.fasta	DRY
02b_Filter/SRR36147587/SRR36147587.virus.candidate_uniprot_filtered.fasta	/home/zhangwenda/goji-virome/01_data/data-test/RNA-Lycium_barbarum_out/02b_Filter/SRR36147587/uniprot/all_candidates_uniprot.fasta	uniprot_filtered	uniprot/all_candidates_uniprot.fasta	DRY
02b_Filter/SRR36147587/SRR36147587.virus.candidate_filtered.fasta	/home/zhangwenda/goji-virome/01_data/data-test/RNA-Lycium_barbarum_out/02b_Filter/SRR36147587/uniprot/all_candidates_uniprot.fasta	strict_from_uniprot	uniprot/all_candidates_uniprot.fasta	DRY
02b_Filter/SRR36147589/SRR36147589_virus.all.candidate.fasta	/home/zhangwenda/goji-virome/01_data/data-test/RNA-Lycium_barbarum_out/02a_Identification/SRR36147589/SRR36147589_virus.all.candidate.fasta	02a_all_candidate	../../02a_Identification/SRR36147589/SRR36147589_virus.all.candidate.fasta	DRY
02b_Filter/SRR36147589/SRR36147589.virus.candidate_cdd_filtered.fasta	/home/zhangwenda/goji-virome/01_data/data-test/RNA-Lycium_barbarum_out/02b_Filter/SRR36147589/cdd/all_candidates_cdd_filter.fasta	cdd_filtered	cdd/all_candidates_cdd_filter.fasta	DRY
02b_Filter/SRR36147589/SRR36147589.virus.candidate_uniprot_filtered.fasta	/home/zhangwenda/goji-virome/01_data/data-test/RNA-Lycium_barbarum_out/02b_Filter/SRR36147589/uniprot/all_candidates_uniprot.fasta	uniprot_filtered	uniprot/all_candidates_uniprot.fasta	DRY
02b_Filter/SRR36147589/SRR36147589.virus.candidate_filtered.fasta	/home/zhangwenda/goji-virome/01_data/data-test/RNA-Lycium_barbarum_out/02b_Filter/SRR36147589/uniprot/all_candidates_uniprot.fasta	strict_from_uniprot	uniprot/all_candidates_uniprot.fasta	DRY
02b_Filter/SRR36147590/SRR36147590.virus.candidate_cdd_filtered.fasta	/home/zhangwenda/goji-virome/01_data/data-test/RNA-Lycium_barbarum_out/02b_Filter/SRR36147590/cdd/all_candidates_cdd_filter.fasta	cdd_filtered	cdd/all_candidates_cdd_filter.fasta	DRY
02b_Filter/SRR36147590/SRR36147590.virus.candidate_uniprot_filtered.fasta	/home/zhangwenda/goji-virome/01_data/data-test/RNA-Lycium_barbarum_out/02b_Filter/SRR36147590/uniprot/all_candidates_uniprot.fasta	uniprot_filtered	uniprot/all_candidates_uniprot.fasta	DRY
02b_Filter/SRR36147590/SRR36147590.virus.candidate_filtered.fasta	/home/zhangwenda/goji-virome/01_data/data-test/RNA-Lycium_barbarum_out/02b_Filter/SRR36147590/uniprot/all_candidates_uniprot.fasta	strict_from_uniprot	uniprot/all_candidates_uniprot.fasta	DRY
02b_Filter/SRR36147591/SRR36147591_virus.all.candidate.fasta	/home/zhangwenda/goji-virome/01_data/data-test/RNA-Lycium_barbarum_out/02a_Identification/SRR36147591/SRR36147591_virus.all.candidate.fasta	02a_all_candidate	../../02a_Identification/SRR36147591/SRR36147591_virus.all.candidate.fasta	DRY
02b_Filter/SRR36147591/SRR36147591.virus.candidate_cdd_filtered.fasta	/home/zhangwenda/goji-virome/01_data/data-test/RNA-Lycium_barbarum_out/02b_Filter/SRR36147591/cdd/all_candidates_cdd_filter.fasta	cdd_filtered	cdd/all_candidates_cdd_filter.fasta	DRY
02b_Filter/SRR36147591/SRR36147591.virus.candidate_uniprot_filtered.fasta	/home/zhangwenda/goji-virome/01_data/data-test/RNA-Lycium_barbarum_out/02b_Filter/SRR36147591/uniprot/all_candidates_uniprot.fasta	uniprot_filtered	uniprot/all_candidates_uniprot.fasta	DRY
02b_Filter/SRR36147591/SRR36147591.virus.candidate_filtered.fasta	/home/zhangwenda/goji-virome/01_data/data-test/RNA-Lycium_barbarum_out/02b_Filter/SRR36147591/uniprot/all_candidates_uniprot.fasta	strict_from_uniprot	uniprot/all_candidates_uniprot.fasta	DRY
02b_Filter/SRR6202507/SRR6202507_virus.all.candidate.fasta	/home/zhangwenda/goji-virome/01_data/data-test/RNA-Lycium_barbarum_out/02a_Identification/SRR6202507/SRR6202507_virus.all.candidate.fasta	02a_all_candidate	../../02a_Identification/SRR6202507/SRR6202507_virus.all.candidate.fasta	DRY
02b_Filter/SRR6202507/SRR6202507.virus.candidate_cdd_filtered.fasta	/home/zhangwenda/goji-virome/01_data/data-test/RNA-Lycium_barbarum_out/02b_Filter/SRR6202507/cdd/all_candidates_cdd_filter.fasta	cdd_filtered	cdd/all_candidates_cdd_filter.fasta	DRY
02b_Filter/SRR6202507/SRR6202507.virus.candidate_uniprot_filtered.fasta	/home/zhangwenda/goji-virome/01_data/data-test/RNA-Lycium_barbarum_out/02b_Filter/SRR6202507/uniprot/all_candidates_uniprot.fasta	uniprot_filtered	uniprot/all_candidates_uniprot.fasta	DRY
02b_Filter/SRR6202507/SRR6202507.virus.candidate_filtered.fasta	/home/zhangwenda/goji-virome/01_data/data-test/RNA-Lycium_barbarum_out/02b_Filter/SRR6202507/uniprot/all_candidates_uniprot.fasta	strict_from_uniprot	uniprot/all_candidates_uniprot.fasta	DRY
02b_Filter/SRR6206200/SRR6206200_virus.all.candidate.fasta	/home/zhangwenda/goji-virome/01_data/data-test/RNA-Lycium_barbarum_out/02a_Identification/SRR6206200/SRR6206200_virus.all.candidate.fasta	02a_all_candidate	../../02a_Identification/SRR6206200/SRR6206200_virus.all.candidate.fasta	DRY
02b_Filter/SRR6206200/SRR6206200.virus.candidate_cdd_filtered.fasta	/home/zhangwenda/goji-virome/01_data/data-test/RNA-Lycium_barbarum_out/02b_Filter/SRR6206200/cdd/all_candidates_cdd_filter.fasta	cdd_filtered	cdd/all_candidates_cdd_filter.fasta	DRY
02b_Filter/SRR6206200/SRR6206200.virus.candidate_uniprot_filtered.fasta	/home/zhangwenda/goji-virome/01_data/data-test/RNA-Lycium_barbarum_out/02b_Filter/SRR6206200/uniprot/all_candidates_uniprot.fasta	uniprot_filtered	uniprot/all_candidates_uniprot.fasta	DRY
02b_Filter/SRR6206200/SRR6206200.virus.candidate_filtered.fasta	/home/zhangwenda/goji-virome/01_data/data-test/RNA-Lycium_barbarum_out/02b_Filter/SRR6206200/uniprot/all_candidates_uniprot.fasta	strict_from_uniprot	uniprot/all_candidates_uniprot.fasta	DRY
02b_Filter/SRR6896657/SRR6896657_virus.all.candidate.fasta	/home/zhangwenda/goji-virome/01_data/data-test/RNA-Lycium_barbarum_out/02a_Identification/SRR6896657/SRR6896657_virus.all.candidate.fasta	02a_all_candidate	../../02a_Identification/SRR6896657/SRR6896657_virus.all.candidate.fasta	DRY
02b_Filter/SRR6896657/SRR6896657.virus.candidate_cdd_filtered.fasta	/home/zhangwenda/goji-virome/01_data/data-test/RNA-Lycium_barbarum_out/02b_Filter/SRR6896657/cdd/all_candidates_cdd_filter.fasta	cdd_filtered	cdd/all_candidates_cdd_filter.fasta	DRY
02b_Filter/SRR6896657/SRR6896657.virus.candidate_uniprot_filtered.fasta	/home/zhangwenda/goji-virome/01_data/data-test/RNA-Lycium_barbarum_out/02b_Filter/SRR6896657/uniprot/all_candidates_uniprot.fasta	uniprot_filtered	uniprot/all_candidates_uniprot.fasta	DRY
02b_Filter/SRR6896657/SRR6896657.virus.candidate_filtered.fasta	/home/zhangwenda/goji-virome/01_data/data-test/RNA-Lycium_barbarum_out/02b_Filter/SRR6896657/uniprot/all_candidates_uniprot.fasta	strict_from_uniprot	uniprot/all_candidates_uniprot.fasta	DRY
02b_Filter/SRR8191316/SRR8191316_virus.all.candidate.fasta	/home/zhangwenda/goji-virome/01_data/data-test/RNA-Lycium_barbarum_out/02a_Identification/SRR8191316/SRR8191316_virus.all.candidate.fasta	02a_all_candidate	../../02a_Identification/SRR8191316/SRR8191316_virus.all.candidate.fasta	DRY
02b_Filter/SRR8191316/SRR8191316.virus.candidate_cdd_filtered.fasta	/home/zhangwenda/goji-virome/01_data/data-test/RNA-Lycium_barbarum_out/02b_Filter/SRR8191316/cdd/all_candidates_cdd_filter.fasta	cdd_filtered	cdd/all_candidates_cdd_filter.fasta	DRY
02b_Filter/SRR8191316/SRR8191316.virus.candidate_uniprot_filtered.fasta	/home/zhangwenda/goji-virome/01_data/data-test/RNA-Lycium_barbarum_out/02b_Filter/SRR8191316/uniprot/all_candidates_uniprot.fasta	uniprot_filtered	uniprot/all_candidates_uniprot.fasta	DRY
02b_Filter/SRR8191316/SRR8191316.virus.candidate_filtered.fasta	/home/zhangwenda/goji-virome/01_data/data-test/RNA-Lycium_barbarum_out/02b_Filter/SRR8191316/uniprot/all_candidates_uniprot.fasta	strict_from_uniprot	uniprot/all_candidates_uniprot.fasta	DRY
02b_Filter/SRR8191317/SRR8191317_virus.all.candidate.fasta	/home/zhangwenda/goji-virome/01_data/data-test/RNA-Lycium_barbarum_out/02a_Identification/SRR8191317/SRR8191317_virus.all.candidate.fasta	02a_all_candidate	../../02a_Identification/SRR8191317/SRR8191317_virus.all.candidate.fasta	DRY
02b_Filter/SRR8191317/SRR8191317.virus.candidate_cdd_filtered.fasta	/home/zhangwenda/goji-virome/01_data/data-test/RNA-Lycium_barbarum_out/02b_Filter/SRR8191317/cdd/all_candidates_cdd_filter.fasta	cdd_filtered	cdd/all_candidates_cdd_filter.fasta	DRY
02b_Filter/SRR8191317/SRR8191317.virus.candidate_uniprot_filtered.fasta	/home/zhangwenda/goji-virome/01_data/data-test/RNA-Lycium_barbarum_out/02b_Filter/SRR8191317/uniprot/all_candidates_uniprot.fasta	uniprot_filtered	uniprot/all_candidates_uniprot.fasta	DRY
02b_Filter/SRR8191317/SRR8191317.virus.candidate_filtered.fasta	/home/zhangwenda/goji-virome/01_data/data-test/RNA-Lycium_barbarum_out/02b_Filter/SRR8191317/uniprot/all_candidates_uniprot.fasta	strict_from_uniprot	uniprot/all_candidates_uniprot.fasta	DRY
02b_Filter/SRR8191318/SRR8191318_virus.all.candidate.fasta	/home/zhangwenda/goji-virome/01_data/data-test/RNA-Lycium_barbarum_out/02a_Identification/SRR8191318/SRR8191318_virus.all.candidate.fasta	02a_all_candidate	../../02a_Identification/SRR8191318/SRR8191318_virus.all.candidate.fasta	DRY
02b_Filter/SRR8191318/SRR8191318.virus.candidate_cdd_filtered.fasta	/home/zhangwenda/goji-virome/01_data/data-test/RNA-Lycium_barbarum_out/02b_Filter/SRR8191318/cdd/all_candidates_cdd_filter.fasta	cdd_filtered	cdd/all_candidates_cdd_filter.fasta	DRY
02b_Filter/SRR8191318/SRR8191318.virus.candidate_uniprot_filtered.fasta	/home/zhangwenda/goji-virome/01_data/data-test/RNA-Lycium_barbarum_out/02b_Filter/SRR8191318/uniprot/all_candidates_uniprot.fasta	uniprot_filtered	uniprot/all_candidates_uniprot.fasta	DRY
02b_Filter/SRR8191318/SRR8191318.virus.candidate_filtered.fasta	/home/zhangwenda/goji-virome/01_data/data-test/RNA-Lycium_barbarum_out/02b_Filter/SRR8191318/uniprot/all_candidates_uniprot.fasta	strict_from_uniprot	uniprot/all_candidates_uniprot.fasta	DRY
02b_Filter/SRR8191319/SRR8191319_virus.all.candidate.fasta	/home/zhangwenda/goji-virome/01_data/data-test/RNA-Lycium_barbarum_out/02a_Identification/SRR8191319/SRR8191319_virus.all.candidate.fasta	02a_all_candidate	../../02a_Identification/SRR8191319/SRR8191319_virus.all.candidate.fasta	DRY
02b_Filter/SRR8191319/SRR8191319.virus.candidate_cdd_filtered.fasta	/home/zhangwenda/goji-virome/01_data/data-test/RNA-Lycium_barbarum_out/02b_Filter/SRR8191319/cdd/all_candidates_cdd_filter.fasta	cdd_filtered	cdd/all_candidates_cdd_filter.fasta	DRY
02b_Filter/SRR8191319/SRR8191319.virus.candidate_uniprot_filtered.fasta	/home/zhangwenda/goji-virome/01_data/data-test/RNA-Lycium_barbarum_out/02b_Filter/SRR8191319/uniprot/all_candidates_uniprot.fasta	uniprot_filtered	uniprot/all_candidates_uniprot.fasta	DRY
02b_Filter/SRR8191319/SRR8191319.virus.candidate_filtered.fasta	/home/zhangwenda/goji-virome/01_data/data-test/RNA-Lycium_barbarum_out/02b_Filter/SRR8191319/uniprot/all_candidates_uniprot.fasta	strict_from_uniprot	uniprot/all_candidates_uniprot.fasta	DRY
02b_Filter/SRR8191320/SRR8191320_virus.all.candidate.fasta	/home/zhangwenda/goji-virome/01_data/data-test/RNA-Lycium_barbarum_out/02a_Identification/SRR8191320/SRR8191320_virus.all.candidate.fasta	02a_all_candidate	../../02a_Identification/SRR8191320/SRR8191320_virus.all.candidate.fasta	DRY
02b_Filter/SRR8191320/SRR8191320.virus.candidate_cdd_filtered.fasta	/home/zhangwenda/goji-virome/01_data/data-test/RNA-Lycium_barbarum_out/02b_Filter/SRR8191320/cdd/all_candidates_cdd_filter.fasta	cdd_filtered	cdd/all_candidates_cdd_filter.fasta	DRY
02b_Filter/SRR8191320/SRR8191320.virus.candidate_uniprot_filtered.fasta	/home/zhangwenda/goji-virome/01_data/data-test/RNA-Lycium_barbarum_out/02b_Filter/SRR8191320/uniprot/all_candidates_uniprot.fasta	uniprot_filtered	uniprot/all_candidates_uniprot.fasta	DRY
02b_Filter/SRR8191320/SRR8191320.virus.candidate_filtered.fasta	/home/zhangwenda/goji-virome/01_data/data-test/RNA-Lycium_barbarum_out/02b_Filter/SRR8191320/uniprot/all_candidates_uniprot.fasta	strict_from_uniprot	uniprot/all_candidates_uniprot.fasta	DRY
02b_Filter/SRR8191321/SRR8191321_virus.all.candidate.fasta	/home/zhangwenda/goji-virome/01_data/data-test/RNA-Lycium_barbarum_out/02a_Identification/SRR8191321/SRR8191321_virus.all.candidate.fasta	02a_all_candidate	../../02a_Identification/SRR8191321/SRR8191321_virus.all.candidate.fasta	DRY
02b_Filter/SRR8191321/SRR8191321.virus.candidate_cdd_filtered.fasta	/home/zhangwenda/goji-virome/01_data/data-test/RNA-Lycium_barbarum_out/02b_Filter/SRR8191321/cdd/all_candidates_cdd_filter.fasta	cdd_filtered	cdd/all_candidates_cdd_filter.fasta	DRY
02b_Filter/SRR8191321/SRR8191321.virus.candidate_uniprot_filtered.fasta	/home/zhangwenda/goji-virome/01_data/data-test/RNA-Lycium_barbarum_out/02b_Filter/SRR8191321/uniprot/all_candidates_uniprot.fasta	uniprot_filtered	uniprot/all_candidates_uniprot.fasta	DRY
02b_Filter/SRR8191321/SRR8191321.virus.candidate_filtered.fasta	/home/zhangwenda/goji-virome/01_data/data-test/RNA-Lycium_barbarum_out/02b_Filter/SRR8191321/uniprot/all_candidates_uniprot.fasta	strict_from_uniprot	uniprot/all_candidates_uniprot.fasta	DRY
02b_Filter/SRR8191322/SRR8191322_virus.all.candidate.fasta	/home/zhangwenda/goji-virome/01_data/data-test/RNA-Lycium_barbarum_out/02a_Identification/SRR8191322/SRR8191322_virus.all.candidate.fasta	02a_all_candidate	../../02a_Identification/SRR8191322/SRR8191322_virus.all.candidate.fasta	DRY
02b_Filter/SRR8191322/SRR8191322.virus.candidate_cdd_filtered.fasta	/home/zhangwenda/goji-virome/01_data/data-test/RNA-Lycium_barbarum_out/02b_Filter/SRR8191322/cdd/all_candidates_cdd_filter.fasta	cdd_filtered	cdd/all_candidates_cdd_filter.fasta	DRY
02b_Filter/SRR8191322/SRR8191322.virus.candidate_uniprot_filtered.fasta	/home/zhangwenda/goji-virome/01_data/data-test/RNA-Lycium_barbarum_out/02b_Filter/SRR8191322/uniprot/all_candidates_uniprot.fasta	uniprot_filtered	uniprot/all_candidates_uniprot.fasta	DRY
02b_Filter/SRR8191322/SRR8191322.virus.candidate_filtered.fasta	/home/zhangwenda/goji-virome/01_data/data-test/RNA-Lycium_barbarum_out/02b_Filter/SRR8191322/uniprot/all_candidates_uniprot.fasta	strict_from_uniprot	uniprot/all_candidates_uniprot.fasta	DRY
02b_Filter/SRR8191323/SRR8191323_virus.all.candidate.fasta	/home/zhangwenda/goji-virome/01_data/data-test/RNA-Lycium_barbarum_out/02a_Identification/SRR8191323/SRR8191323_virus.all.candidate.fasta	02a_all_candidate	../../02a_Identification/SRR8191323/SRR8191323_virus.all.candidate.fasta	DRY
02b_Filter/SRR8191323/SRR8191323.virus.candidate_cdd_filtered.fasta	/home/zhangwenda/goji-virome/01_data/data-test/RNA-Lycium_barbarum_out/02b_Filter/SRR8191323/cdd/all_candidates_cdd_filter.fasta	cdd_filtered	cdd/all_candidates_cdd_filter.fasta	DRY
02b_Filter/SRR8191323/SRR8191323.virus.candidate_uniprot_filtered.fasta	/home/zhangwenda/goji-virome/01_data/data-test/RNA-Lycium_barbarum_out/02b_Filter/SRR8191323/uniprot/all_candidates_uniprot.fasta	uniprot_filtered	uniprot/all_candidates_uniprot.fasta	DRY
02b_Filter/SRR8191323/SRR8191323.virus.candidate_filtered.fasta	/home/zhangwenda/goji-virome/01_data/data-test/RNA-Lycium_barbarum_out/02b_Filter/SRR8191323/uniprot/all_candidates_uniprot.fasta	strict_from_uniprot	uniprot/all_candidates_uniprot.fasta	DRY
02b_Filter/SRR8191324/SRR8191324_virus.all.candidate.fasta	/home/zhangwenda/goji-virome/01_data/data-test/RNA-Lycium_barbarum_out/02a_Identification/SRR8191324/SRR8191324_virus.all.candidate.fasta	02a_all_candidate	../../02a_Identification/SRR8191324/SRR8191324_virus.all.candidate.fasta	DRY
02b_Filter/SRR8191324/SRR8191324.virus.candidate_cdd_filtered.fasta	/home/zhangwenda/goji-virome/01_data/data-test/RNA-Lycium_barbarum_out/02b_Filter/SRR8191324/cdd/all_candidates_cdd_filter.fasta	cdd_filtered	cdd/all_candidates_cdd_filter.fasta	DRY
02b_Filter/SRR8191324/SRR8191324.virus.candidate_uniprot_filtered.fasta	/home/zhangwenda/goji-virome/01_data/data-test/RNA-Lycium_barbarum_out/02b_Filter/SRR8191324/uniprot/all_candidates_uniprot.fasta	uniprot_filtered	uniprot/all_candidates_uniprot.fasta	DRY
02b_Filter/SRR8191324/SRR8191324.virus.candidate_filtered.fasta	/home/zhangwenda/goji-virome/01_data/data-test/RNA-Lycium_barbarum_out/02b_Filter/SRR8191324/uniprot/all_candidates_uniprot.fasta	strict_from_uniprot	uniprot/all_candidates_uniprot.fasta	DRY
02b_Filter/SRR8191325/SRR8191325_virus.all.candidate.fasta	/home/zhangwenda/goji-virome/01_data/data-test/RNA-Lycium_barbarum_out/02a_Identification/SRR8191325/SRR8191325_virus.all.candidate.fasta	02a_all_candidate	../../02a_Identification/SRR8191325/SRR8191325_virus.all.candidate.fasta	DRY
02b_Filter/SRR8191325/SRR8191325.virus.candidate_cdd_filtered.fasta	/home/zhangwenda/goji-virome/01_data/data-test/RNA-Lycium_barbarum_out/02b_Filter/SRR8191325/cdd/all_candidates_cdd_filter.fasta	cdd_filtered	cdd/all_candidates_cdd_filter.fasta	DRY
02b_Filter/SRR8191325/SRR8191325.virus.candidate_uniprot_filtered.fasta	/home/zhangwenda/goji-virome/01_data/data-test/RNA-Lycium_barbarum_out/02b_Filter/SRR8191325/uniprot/all_candidates_uniprot.fasta	uniprot_filtered	uniprot/all_candidates_uniprot.fasta	DRY
02b_Filter/SRR8191325/SRR8191325.virus.candidate_filtered.fasta	/home/zhangwenda/goji-virome/01_data/data-test/RNA-Lycium_barbarum_out/02b_Filter/SRR8191325/uniprot/all_candidates_uniprot.fasta	strict_from_uniprot	uniprot/all_candidates_uniprot.fasta	DRY
02b_Filter/SRR8191326/SRR8191326_virus.all.candidate.fasta	/home/zhangwenda/goji-virome/01_data/data-test/RNA-Lycium_barbarum_out/02a_Identification/SRR8191326/SRR8191326_virus.all.candidate.fasta	02a_all_candidate	../../02a_Identification/SRR8191326/SRR8191326_virus.all.candidate.fasta	DRY
02b_Filter/SRR8191326/SRR8191326.virus.candidate_cdd_filtered.fasta	/home/zhangwenda/goji-virome/01_data/data-test/RNA-Lycium_barbarum_out/02b_Filter/SRR8191326/cdd/all_candidates_cdd_filter.fasta	cdd_filtered	cdd/all_candidates_cdd_filter.fasta	DRY
02b_Filter/SRR8191326/SRR8191326.virus.candidate_uniprot_filtered.fasta	/home/zhangwenda/goji-virome/01_data/data-test/RNA-Lycium_barbarum_out/02b_Filter/SRR8191326/uniprot/all_candidates_uniprot.fasta	uniprot_filtered	uniprot/all_candidates_uniprot.fasta	DRY
02b_Filter/SRR8191326/SRR8191326.virus.candidate_filtered.fasta	/home/zhangwenda/goji-virome/01_data/data-test/RNA-Lycium_barbarum_out/02b_Filter/SRR8191326/uniprot/all_candidates_uniprot.fasta	strict_from_uniprot	uniprot/all_candidates_uniprot.fasta	DRY
02b_Filter/SRR8191327/SRR8191327_virus.all.candidate.fasta	/home/zhangwenda/goji-virome/01_data/data-test/RNA-Lycium_barbarum_out/02a_Identification/SRR8191327/SRR8191327_virus.all.candidate.fasta	02a_all_candidate	../../02a_Identification/SRR8191327/SRR8191327_virus.all.candidate.fasta	DRY
02b_Filter/SRR8191327/SRR8191327.virus.candidate_cdd_filtered.fasta	/home/zhangwenda/goji-virome/01_data/data-test/RNA-Lycium_barbarum_out/02b_Filter/SRR8191327/cdd/all_candidates_cdd_filter.fasta	cdd_filtered	cdd/all_candidates_cdd_filter.fasta	DRY
02b_Filter/SRR8191327/SRR8191327.virus.candidate_uniprot_filtered.fasta	/home/zhangwenda/goji-virome/01_data/data-test/RNA-Lycium_barbarum_out/02b_Filter/SRR8191327/uniprot/all_candidates_uniprot.fasta	uniprot_filtered	uniprot/all_candidates_uniprot.fasta	DRY
02b_Filter/SRR8191327/SRR8191327.virus.candidate_filtered.fasta	/home/zhangwenda/goji-virome/01_data/data-test/RNA-Lycium_barbarum_out/02b_Filter/SRR8191327/uniprot/all_candidates_uniprot.fasta	strict_from_uniprot	uniprot/all_candidates_uniprot.fasta	DRY
02b_Filter/SRR8191328/SRR8191328_virus.all.candidate.fasta	/home/zhangwenda/goji-virome/01_data/data-test/RNA-Lycium_barbarum_out/02a_Identification/SRR8191328/SRR8191328_virus.all.candidate.fasta	02a_all_candidate	../../02a_Identification/SRR8191328/SRR8191328_virus.all.candidate.fasta	DRY
02b_Filter/SRR8191328/SRR8191328.virus.candidate_cdd_filtered.fasta	/home/zhangwenda/goji-virome/01_data/data-test/RNA-Lycium_barbarum_out/02b_Filter/SRR8191328/cdd/all_candidates_cdd_filter.fasta	cdd_filtered	cdd/all_candidates_cdd_filter.fasta	DRY
02b_Filter/SRR8191328/SRR8191328.virus.candidate_uniprot_filtered.fasta	/home/zhangwenda/goji-virome/01_data/data-test/RNA-Lycium_barbarum_out/02b_Filter/SRR8191328/uniprot/all_candidates_uniprot.fasta	uniprot_filtered	uniprot/all_candidates_uniprot.fasta	DRY
02b_Filter/SRR8191328/SRR8191328.virus.candidate_filtered.fasta	/home/zhangwenda/goji-virome/01_data/data-test/RNA-Lycium_barbarum_out/02b_Filter/SRR8191328/uniprot/all_candidates_uniprot.fasta	strict_from_uniprot	uniprot/all_candidates_uniprot.fasta	DRY
02b_Filter/SRR8191329/SRR8191329_virus.all.candidate.fasta	/home/zhangwenda/goji-virome/01_data/data-test/RNA-Lycium_barbarum_out/02a_Identification/SRR8191329/SRR8191329_virus.all.candidate.fasta	02a_all_candidate	../../02a_Identification/SRR8191329/SRR8191329_virus.all.candidate.fasta	DRY
02b_Filter/SRR8191329/SRR8191329.virus.candidate_cdd_filtered.fasta	/home/zhangwenda/goji-virome/01_data/data-test/RNA-Lycium_barbarum_out/02b_Filter/SRR8191329/cdd/all_candidates_cdd_filter.fasta	cdd_filtered	cdd/all_candidates_cdd_filter.fasta	DRY
02b_Filter/SRR8191329/SRR8191329.virus.candidate_uniprot_filtered.fasta	/home/zhangwenda/goji-virome/01_data/data-test/RNA-Lycium_barbarum_out/02b_Filter/SRR8191329/uniprot/all_candidates_uniprot.fasta	uniprot_filtered	uniprot/all_candidates_uniprot.fasta	DRY
02b_Filter/SRR8191329/SRR8191329.virus.candidate_filtered.fasta	/home/zhangwenda/goji-virome/01_data/data-test/RNA-Lycium_barbarum_out/02b_Filter/SRR8191329/uniprot/all_candidates_uniprot.fasta	strict_from_uniprot	uniprot/all_candidates_uniprot.fasta	DRY
02b_Filter/SRR8191330/SRR8191330_virus.all.candidate.fasta	/home/zhangwenda/goji-virome/01_data/data-test/RNA-Lycium_barbarum_out/02a_Identification/SRR8191330/SRR8191330_virus.all.candidate.fasta	02a_all_candidate	../../02a_Identification/SRR8191330/SRR8191330_virus.all.candidate.fasta	DRY
02b_Filter/SRR8191330/SRR8191330.virus.candidate_cdd_filtered.fasta	/home/zhangwenda/goji-virome/01_data/data-test/RNA-Lycium_barbarum_out/02b_Filter/SRR8191330/cdd/all_candidates_cdd_filter.fasta	cdd_filtered	cdd/all_candidates_cdd_filter.fasta	DRY
02b_Filter/SRR8191330/SRR8191330.virus.candidate_uniprot_filtered.fasta	/home/zhangwenda/goji-virome/01_data/data-test/RNA-Lycium_barbarum_out/02b_Filter/SRR8191330/uniprot/all_candidates_uniprot.fasta	uniprot_filtered	uniprot/all_candidates_uniprot.fasta	DRY
02b_Filter/SRR8191330/SRR8191330.virus.candidate_filtered.fasta	/home/zhangwenda/goji-virome/01_data/data-test/RNA-Lycium_barbarum_out/02b_Filter/SRR8191330/uniprot/all_candidates_uniprot.fasta	strict_from_uniprot	uniprot/all_candidates_uniprot.fasta	DRY
02b_Filter/SRR8293185/SRR8293185_virus.all.candidate.fasta	/home/zhangwenda/goji-virome/01_data/data-test/RNA-Lycium_barbarum_out/02a_Identification/SRR8293185/SRR8293185_virus.all.candidate.fasta	02a_all_candidate	../../02a_Identification/SRR8293185/SRR8293185_virus.all.candidate.fasta	DRY
02b_Filter/SRR8293185/SRR8293185.virus.candidate_cdd_filtered.fasta	/home/zhangwenda/goji-virome/01_data/data-test/RNA-Lycium_barbarum_out/02b_Filter/SRR8293185/cdd/all_candidates_cdd_filter.fasta	cdd_filtered	cdd/all_candidates_cdd_filter.fasta	DRY
02b_Filter/SRR8293185/SRR8293185.virus.candidate_uniprot_filtered.fasta	/home/zhangwenda/goji-virome/01_data/data-test/RNA-Lycium_barbarum_out/02b_Filter/SRR8293185/uniprot/all_candidates_uniprot.fasta	uniprot_filtered	uniprot/all_candidates_uniprot.fasta	DRY
02b_Filter/SRR8293185/SRR8293185.virus.candidate_filtered.fasta	/home/zhangwenda/goji-virome/01_data/data-test/RNA-Lycium_barbarum_out/02b_Filter/SRR8293185/uniprot/all_candidates_uniprot.fasta	strict_from_uniprot	uniprot/all_candidates_uniprot.fasta	DRY
02b_Filter/SRR8293186/SRR8293186_virus.all.candidate.fasta	/home/zhangwenda/goji-virome/01_data/data-test/RNA-Lycium_barbarum_out/02a_Identification/SRR8293186/SRR8293186_virus.all.candidate.fasta	02a_all_candidate	../../02a_Identification/SRR8293186/SRR8293186_virus.all.candidate.fasta	DRY
02b_Filter/SRR8293186/SRR8293186.virus.candidate_cdd_filtered.fasta	/home/zhangwenda/goji-virome/01_data/data-test/RNA-Lycium_barbarum_out/02b_Filter/SRR8293186/cdd/all_candidates_cdd_filter.fasta	cdd_filtered	cdd/all_candidates_cdd_filter.fasta	DRY
02b_Filter/SRR8293186/SRR8293186.virus.candidate_uniprot_filtered.fasta	/home/zhangwenda/goji-virome/01_data/data-test/RNA-Lycium_barbarum_out/02b_Filter/SRR8293186/uniprot/all_candidates_uniprot.fasta	uniprot_filtered	uniprot/all_candidates_uniprot.fasta	DRY
02b_Filter/SRR8293186/SRR8293186.virus.candidate_filtered.fasta	/home/zhangwenda/goji-virome/01_data/data-test/RNA-Lycium_barbarum_out/02b_Filter/SRR8293186/uniprot/all_candidates_uniprot.fasta	strict_from_uniprot	uniprot/all_candidates_uniprot.fasta	DRY
02b_Filter/SRR8293189/SRR8293189_virus.all.candidate.fasta	/home/zhangwenda/goji-virome/01_data/data-test/RNA-Lycium_barbarum_out/02a_Identification/SRR8293189/SRR8293189_virus.all.candidate.fasta	02a_all_candidate	../../02a_Identification/SRR8293189/SRR8293189_virus.all.candidate.fasta	DRY
02b_Filter/SRR8293189/SRR8293189.virus.candidate_cdd_filtered.fasta	/home/zhangwenda/goji-virome/01_data/data-test/RNA-Lycium_barbarum_out/02b_Filter/SRR8293189/cdd/all_candidates_cdd_filter.fasta	cdd_filtered	cdd/all_candidates_cdd_filter.fasta	DRY
02b_Filter/SRR8293189/SRR8293189.virus.candidate_uniprot_filtered.fasta	/home/zhangwenda/goji-virome/01_data/data-test/RNA-Lycium_barbarum_out/02b_Filter/SRR8293189/uniprot/all_candidates_uniprot.fasta	uniprot_filtered	uniprot/all_candidates_uniprot.fasta	DRY
02b_Filter/SRR8293189/SRR8293189.virus.candidate_filtered.fasta	/home/zhangwenda/goji-virome/01_data/data-test/RNA-Lycium_barbarum_out/02b_Filter/SRR8293189/uniprot/all_candidates_uniprot.fasta	strict_from_uniprot	uniprot/all_candidates_uniprot.fasta	DRY
02b_Filter/SRR8293190/SRR8293190_virus.all.candidate.fasta	/home/zhangwenda/goji-virome/01_data/data-test/RNA-Lycium_barbarum_out/02a_Identification/SRR8293190/SRR8293190_virus.all.candidate.fasta	02a_all_candidate	../../02a_Identification/SRR8293190/SRR8293190_virus.all.candidate.fasta	DRY
02b_Filter/SRR8293190/SRR8293190.virus.candidate_cdd_filtered.fasta	/home/zhangwenda/goji-virome/01_data/data-test/RNA-Lycium_barbarum_out/02b_Filter/SRR8293190/cdd/all_candidates_cdd_filter.fasta	cdd_filtered	cdd/all_candidates_cdd_filter.fasta	DRY
02b_Filter/SRR8293190/SRR8293190.virus.candidate_uniprot_filtered.fasta	/home/zhangwenda/goji-virome/01_data/data-test/RNA-Lycium_barbarum_out/02b_Filter/SRR8293190/uniprot/all_candidates_uniprot.fasta	uniprot_filtered	uniprot/all_candidates_uniprot.fasta	DRY
02b_Filter/SRR8293190/SRR8293190.virus.candidate_filtered.fasta	/home/zhangwenda/goji-virome/01_data/data-test/RNA-Lycium_barbarum_out/02b_Filter/SRR8293190/uniprot/all_candidates_uniprot.fasta	strict_from_uniprot	uniprot/all_candidates_uniprot.fasta	DRY
02b_Filter/SRR8293192/SRR8293192_virus.all.candidate.fasta	/home/zhangwenda/goji-virome/01_data/data-test/RNA-Lycium_barbarum_out/02a_Identification/SRR8293192/SRR8293192_virus.all.candidate.fasta	02a_all_candidate	../../02a_Identification/SRR8293192/SRR8293192_virus.all.candidate.fasta	DRY
02b_Filter/SRR8293192/SRR8293192.virus.candidate_cdd_filtered.fasta	/home/zhangwenda/goji-virome/01_data/data-test/RNA-Lycium_barbarum_out/02b_Filter/SRR8293192/cdd/all_candidates_cdd_filter.fasta	cdd_filtered	cdd/all_candidates_cdd_filter.fasta	DRY
02b_Filter/SRR8293192/SRR8293192.virus.candidate_uniprot_filtered.fasta	/home/zhangwenda/goji-virome/01_data/data-test/RNA-Lycium_barbarum_out/02b_Filter/SRR8293192/uniprot/all_candidates_uniprot.fasta	uniprot_filtered	uniprot/all_candidates_uniprot.fasta	DRY
02b_Filter/SRR8293192/SRR8293192.virus.candidate_filtered.fasta	/home/zhangwenda/goji-virome/01_data/data-test/RNA-Lycium_barbarum_out/02b_Filter/SRR8293192/uniprot/all_candidates_uniprot.fasta	strict_from_uniprot	uniprot/all_candidates_uniprot.fasta	DRY
02b_Filter/SRR8293193/SRR8293193_virus.all.candidate.fasta	/home/zhangwenda/goji-virome/01_data/data-test/RNA-Lycium_barbarum_out/02a_Identification/SRR8293193/SRR8293193_virus.all.candidate.fasta	02a_all_candidate	../../02a_Identification/SRR8293193/SRR8293193_virus.all.candidate.fasta	DRY
02b_Filter/SRR8293193/SRR8293193.virus.candidate_cdd_filtered.fasta	/home/zhangwenda/goji-virome/01_data/data-test/RNA-Lycium_barbarum_out/02b_Filter/SRR8293193/cdd/all_candidates_cdd_filter.fasta	cdd_filtered	cdd/all_candidates_cdd_filter.fasta	DRY
02b_Filter/SRR8293193/SRR8293193.virus.candidate_uniprot_filtered.fasta	/home/zhangwenda/goji-virome/01_data/data-test/RNA-Lycium_barbarum_out/02b_Filter/SRR8293193/uniprot/all_candidates_uniprot.fasta	uniprot_filtered	uniprot/all_candidates_uniprot.fasta	DRY
02b_Filter/SRR8293193/SRR8293193.virus.candidate_filtered.fasta	/home/zhangwenda/goji-virome/01_data/data-test/RNA-Lycium_barbarum_out/02b_Filter/SRR8293193/uniprot/all_candidates_uniprot.fasta	strict_from_uniprot	uniprot/all_candidates_uniprot.fasta	DRY
02b_Filter/SRR8293195/SRR8293195_virus.all.candidate.fasta	/home/zhangwenda/goji-virome/01_data/data-test/RNA-Lycium_barbarum_out/02a_Identification/SRR8293195/SRR8293195_virus.all.candidate.fasta	02a_all_candidate	../../02a_Identification/SRR8293195/SRR8293195_virus.all.candidate.fasta	DRY
02b_Filter/SRR8293195/SRR8293195.virus.candidate_cdd_filtered.fasta	/home/zhangwenda/goji-virome/01_data/data-test/RNA-Lycium_barbarum_out/02b_Filter/SRR8293195/cdd/all_candidates_cdd_filter.fasta	cdd_filtered	cdd/all_candidates_cdd_filter.fasta	DRY
02b_Filter/SRR8293195/SRR8293195.virus.candidate_uniprot_filtered.fasta	/home/zhangwenda/goji-virome/01_data/data-test/RNA-Lycium_barbarum_out/02b_Filter/SRR8293195/uniprot/all_candidates_uniprot.fasta	uniprot_filtered	uniprot/all_candidates_uniprot.fasta	DRY
02b_Filter/SRR8293195/SRR8293195.virus.candidate_filtered.fasta	/home/zhangwenda/goji-virome/01_data/data-test/RNA-Lycium_barbarum_out/02b_Filter/SRR8293195/uniprot/all_candidates_uniprot.fasta	strict_from_uniprot	uniprot/all_candidates_uniprot.fasta	DRY
02b_Filter/SRR8293196/SRR8293196_virus.all.candidate.fasta	/home/zhangwenda/goji-virome/01_data/data-test/RNA-Lycium_barbarum_out/02a_Identification/SRR8293196/SRR8293196_virus.all.candidate.fasta	02a_all_candidate	../../02a_Identification/SRR8293196/SRR8293196_virus.all.candidate.fasta	DRY
02b_Filter/SRR8293196/SRR8293196.virus.candidate_cdd_filtered.fasta	/home/zhangwenda/goji-virome/01_data/data-test/RNA-Lycium_barbarum_out/02b_Filter/SRR8293196/cdd/all_candidates_cdd_filter.fasta	cdd_filtered	cdd/all_candidates_cdd_filter.fasta	DRY
02b_Filter/SRR8293196/SRR8293196.virus.candidate_uniprot_filtered.fasta	/home/zhangwenda/goji-virome/01_data/data-test/RNA-Lycium_barbarum_out/02b_Filter/SRR8293196/uniprot/all_candidates_uniprot.fasta	uniprot_filtered	uniprot/all_candidates_uniprot.fasta	DRY
02b_Filter/SRR8293196/SRR8293196.virus.candidate_filtered.fasta	/home/zhangwenda/goji-virome/01_data/data-test/RNA-Lycium_barbarum_out/02b_Filter/SRR8293196/uniprot/all_candidates_uniprot.fasta	strict_from_uniprot	uniprot/all_candidates_uniprot.fasta	DRY
02b_Filter/SRR8293198/SRR8293198_virus.all.candidate.fasta	/home/zhangwenda/goji-virome/01_data/data-test/RNA-Lycium_barbarum_out/02a_Identification/SRR8293198/SRR8293198_virus.all.candidate.fasta	02a_all_candidate	../../02a_Identification/SRR8293198/SRR8293198_virus.all.candidate.fasta	DRY
02b_Filter/SRR8293198/SRR8293198.virus.candidate_cdd_filtered.fasta	/home/zhangwenda/goji-virome/01_data/data-test/RNA-Lycium_barbarum_out/02b_Filter/SRR8293198/cdd/all_candidates_cdd_filter.fasta	cdd_filtered	cdd/all_candidates_cdd_filter.fasta	DRY
02b_Filter/SRR8293198/SRR8293198.virus.candidate_uniprot_filtered.fasta	/home/zhangwenda/goji-virome/01_data/data-test/RNA-Lycium_barbarum_out/02b_Filter/SRR8293198/uniprot/all_candidates_uniprot.fasta	uniprot_filtered	uniprot/all_candidates_uniprot.fasta	DRY
02b_Filter/SRR8293198/SRR8293198.virus.candidate_filtered.fasta	/home/zhangwenda/goji-virome/01_data/data-test/RNA-Lycium_barbarum_out/02b_Filter/SRR8293198/uniprot/all_candidates_uniprot.fasta	strict_from_uniprot	uniprot/all_candidates_uniprot.fasta	DRY
00b_HostDepletion/CRR1126132_clean_1.fa.gz	/home/zhangwenda/goji-virome/01_data/sra_rna.data4/4.host_depletion_norrna/RNA-Lycium_barbarum/CRR1126132_clean_1.fa.gz	generic	CRR1126132_clean_1.fa.gz	DRY
00b_HostDepletion/CRR1126132_clean_2.fa.gz	/home/zhangwenda/goji-virome/01_data/sra_rna.data4/4.host_depletion_norrna/RNA-Lycium_barbarum/CRR1126132_clean_2.fa.gz	generic	CRR1126132_clean_2.fa.gz	DRY
00b_HostDepletion/CRR1126133_clean_1.fa.gz	/home/zhangwenda/goji-virome/01_data/sra_rna.data4/4.host_depletion_norrna/RNA-Lycium_barbarum/CRR1126133_clean_1.fa.gz	generic	CRR1126133_clean_1.fa.gz	DRY
00b_HostDepletion/CRR1126133_clean_2.fa.gz	/home/zhangwenda/goji-virome/01_data/sra_rna.data4/4.host_depletion_norrna/RNA-Lycium_barbarum/CRR1126133_clean_2.fa.gz	generic	CRR1126133_clean_2.fa.gz	DRY
00b_HostDepletion/CRR1126134_clean_1.fa.gz	/home/zhangwenda/goji-virome/01_data/sra_rna.data4/4.host_depletion_norrna/RNA-Lycium_barbarum/CRR1126134_clean_1.fa.gz	generic	CRR1126134_clean_1.fa.gz	DRY
00b_HostDepletion/CRR1126134_clean_2.fa.gz	/home/zhangwenda/goji-virome/01_data/sra_rna.data4/4.host_depletion_norrna/RNA-Lycium_barbarum/CRR1126134_clean_2.fa.gz	generic	CRR1126134_clean_2.fa.gz	DRY
00b_HostDepletion/CRR1126136_clean_1.fa.gz	/home/zhangwenda/goji-virome/01_data/sra_rna.data4/4.host_depletion_norrna/RNA-Lycium_barbarum/CRR1126136_clean_1.fa.gz	generic	CRR1126136_clean_1.fa.gz	DRY
00b_HostDepletion/CRR1126136_clean_2.fa.gz	/home/zhangwenda/goji-virome/01_data/sra_rna.data4/4.host_depletion_norrna/RNA-Lycium_barbarum/CRR1126136_clean_2.fa.gz	generic	CRR1126136_clean_2.fa.gz	DRY
00b_HostDepletion/CRR1126137_clean_1.fa.gz	/home/zhangwenda/goji-virome/01_data/sra_rna.data4/4.host_depletion_norrna/RNA-Lycium_barbarum/CRR1126137_clean_1.fa.gz	generic	CRR1126137_clean_1.fa.gz	DRY
00b_HostDepletion/CRR1126137_clean_2.fa.gz	/home/zhangwenda/goji-virome/01_data/sra_rna.data4/4.host_depletion_norrna/RNA-Lycium_barbarum/CRR1126137_clean_2.fa.gz	generic	CRR1126137_clean_2.fa.gz	DRY
00b_HostDepletion/CRR1126138_clean_1.fa.gz	/home/zhangwenda/goji-virome/01_data/sra_rna.data4/4.host_depletion_norrna/RNA-Lycium_barbarum/CRR1126138_clean_1.fa.gz	generic	CRR1126138_clean_1.fa.gz	DRY
00b_HostDepletion/CRR1126138_clean_2.fa.gz	/home/zhangwenda/goji-virome/01_data/sra_rna.data4/4.host_depletion_norrna/RNA-Lycium_barbarum/CRR1126138_clean_2.fa.gz	generic	CRR1126138_clean_2.fa.gz	DRY
00b_HostDepletion/CRR1126139_clean_1.fa.gz	/home/zhangwenda/goji-virome/01_data/sra_rna.data4/4.host_depletion_norrna/RNA-Lycium_barbarum/CRR1126139_clean_1.fa.gz	generic	CRR1126139_clean_1.fa.gz	DRY
00b_HostDepletion/CRR1126139_clean_2.fa.gz	/home/zhangwenda/goji-virome/01_data/sra_rna.data4/4.host_depletion_norrna/RNA-Lycium_barbarum/CRR1126139_clean_2.fa.gz	generic	CRR1126139_clean_2.fa.gz	DRY
00b_HostDepletion/CRR1126141_clean_1.fa.gz	/home/zhangwenda/goji-virome/01_data/sra_rna.data4/4.host_depletion_norrna/RNA-Lycium_barbarum/CRR1126141_clean_1.fa.gz	generic	CRR1126141_clean_1.fa.gz	DRY
00b_HostDepletion/CRR1126141_clean_2.fa.gz	/home/zhangwenda/goji-virome/01_data/sra_rna.data4/4.host_depletion_norrna/RNA-Lycium_barbarum/CRR1126141_clean_2.fa.gz	generic	CRR1126141_clean_2.fa.gz	DRY
00b_HostDepletion/CRR1126142_clean_1.fa.gz	/home/zhangwenda/goji-virome/01_data/sra_rna.data4/4.host_depletion_norrna/RNA-Lycium_barbarum/CRR1126142_clean_1.fa.gz	generic	CRR1126142_clean_1.fa.gz	DRY
00b_HostDepletion/CRR1126142_clean_2.fa.gz	/home/zhangwenda/goji-virome/01_data/sra_rna.data4/4.host_depletion_norrna/RNA-Lycium_barbarum/CRR1126142_clean_2.fa.gz	generic	CRR1126142_clean_2.fa.gz	DRY
00b_HostDepletion/CRR1126143_clean_1.fa.gz	/home/zhangwenda/goji-virome/01_data/sra_rna.data4/4.host_depletion_norrna/RNA-Lycium_barbarum/CRR1126143_clean_1.fa.gz	generic	CRR1126143_clean_1.fa.gz	DRY
00b_HostDepletion/CRR1126143_clean_2.fa.gz	/home/zhangwenda/goji-virome/01_data/sra_rna.data4/4.host_depletion_norrna/RNA-Lycium_barbarum/CRR1126143_clean_2.fa.gz	generic	CRR1126143_clean_2.fa.gz	DRY
00b_HostDepletion/CRR1126144_clean_1.fa.gz	/home/zhangwenda/goji-virome/01_data/sra_rna.data4/4.host_depletion_norrna/RNA-Lycium_barbarum/CRR1126144_clean_1.fa.gz	generic	CRR1126144_clean_1.fa.gz	DRY
00b_HostDepletion/CRR1126144_clean_2.fa.gz	/home/zhangwenda/goji-virome/01_data/sra_rna.data4/4.host_depletion_norrna/RNA-Lycium_barbarum/CRR1126144_clean_2.fa.gz	generic	CRR1126144_clean_2.fa.gz	DRY
00b_HostDepletion/CRR1126145_clean_1.fa.gz	/home/zhangwenda/goji-virome/01_data/sra_rna.data4/4.host_depletion_norrna/RNA-Lycium_barbarum/CRR1126145_clean_1.fa.gz	generic	CRR1126145_clean_1.fa.gz	DRY
00b_HostDepletion/CRR1126145_clean_2.fa.gz	/home/zhangwenda/goji-virome/01_data/sra_rna.data4/4.host_depletion_norrna/RNA-Lycium_barbarum/CRR1126145_clean_2.fa.gz	generic	CRR1126145_clean_2.fa.gz	DRY
00b_HostDepletion/CRR1126147_clean_1.fa.gz	/home/zhangwenda/goji-virome/01_data/sra_rna.data4/4.host_depletion_norrna/RNA-Lycium_barbarum/CRR1126147_clean_1.fa.gz	generic	CRR1126147_clean_1.fa.gz	DRY
00b_HostDepletion/CRR1126147_clean_2.fa.gz	/home/zhangwenda/goji-virome/01_data/sra_rna.data4/4.host_depletion_norrna/RNA-Lycium_barbarum/CRR1126147_clean_2.fa.gz	generic	CRR1126147_clean_2.fa.gz	DRY
00b_HostDepletion/CRR1126148_clean_1.fa.gz	/home/zhangwenda/goji-virome/01_data/sra_rna.data4/4.host_depletion_norrna/RNA-Lycium_barbarum/CRR1126148_clean_1.fa.gz	generic	CRR1126148_clean_1.fa.gz	DRY
00b_HostDepletion/CRR1126148_clean_2.fa.gz	/home/zhangwenda/goji-virome/01_data/sra_rna.data4/4.host_depletion_norrna/RNA-Lycium_barbarum/CRR1126148_clean_2.fa.gz	generic	CRR1126148_clean_2.fa.gz	DRY
00b_HostDepletion/CRR1126149_clean_1.fa.gz	/home/zhangwenda/goji-virome/01_data/sra_rna.data4/4.host_depletion_norrna/RNA-Lycium_barbarum/CRR1126149_clean_1.fa.gz	generic	CRR1126149_clean_1.fa.gz	DRY
00b_HostDepletion/CRR1126149_clean_2.fa.gz	/home/zhangwenda/goji-virome/01_data/sra_rna.data4/4.host_depletion_norrna/RNA-Lycium_barbarum/CRR1126149_clean_2.fa.gz	generic	CRR1126149_clean_2.fa.gz	DRY
00b_HostDepletion/CRR1126150_clean_1.fa.gz	/home/zhangwenda/goji-virome/01_data/sra_rna.data4/4.host_depletion_norrna/RNA-Lycium_barbarum/CRR1126150_clean_1.fa.gz	generic	CRR1126150_clean_1.fa.gz	DRY
00b_HostDepletion/CRR1126150_clean_2.fa.gz	/home/zhangwenda/goji-virome/01_data/sra_rna.data4/4.host_depletion_norrna/RNA-Lycium_barbarum/CRR1126150_clean_2.fa.gz	generic	CRR1126150_clean_2.fa.gz	DRY
00b_HostDepletion/CRR1126151_clean_1.fa.gz	/home/zhangwenda/goji-virome/01_data/sra_rna.data4/4.host_depletion_norrna/RNA-Lycium_barbarum/CRR1126151_clean_1.fa.gz	generic	CRR1126151_clean_1.fa.gz	DRY
00b_HostDepletion/CRR1126151_clean_2.fa.gz	/home/zhangwenda/goji-virome/01_data/sra_rna.data4/4.host_depletion_norrna/RNA-Lycium_barbarum/CRR1126151_clean_2.fa.gz	generic	CRR1126151_clean_2.fa.gz	DRY
00b_HostDepletion/CRR1126152_clean_1.fa.gz	/home/zhangwenda/goji-virome/01_data/sra_rna.data4/4.host_depletion_norrna/RNA-Lycium_barbarum/CRR1126152_clean_1.fa.gz	generic	CRR1126152_clean_1.fa.gz	DRY
00b_HostDepletion/CRR1126152_clean_2.fa.gz	/home/zhangwenda/goji-virome/01_data/sra_rna.data4/4.host_depletion_norrna/RNA-Lycium_barbarum/CRR1126152_clean_2.fa.gz	generic	CRR1126152_clean_2.fa.gz	DRY
00b_HostDepletion/CRR1295698_1_clean.fa.gz	/home/zhangwenda/goji-virome/01_data/sra_rna.data4/4.host_depletion_norrna/RNA-Lycium_barbarum/CRR1295698_1_clean.fa.gz	generic	CRR1295698_1_clean.fa.gz	DRY
00b_HostDepletion/CRR1295699_1_clean.fa.gz	/home/zhangwenda/goji-virome/01_data/sra_rna.data4/4.host_depletion_norrna/RNA-Lycium_barbarum/CRR1295699_1_clean.fa.gz	generic	CRR1295699_1_clean.fa.gz	DRY
00b_HostDepletion/CRR1295700_1_clean.fa.gz	/home/zhangwenda/goji-virome/01_data/sra_rna.data4/4.host_depletion_norrna/RNA-Lycium_barbarum/CRR1295700_1_clean.fa.gz	generic	CRR1295700_1_clean.fa.gz	DRY
00b_HostDepletion/CRR1295701_1_clean.fa.gz	/home/zhangwenda/goji-virome/01_data/sra_rna.data4/4.host_depletion_norrna/RNA-Lycium_barbarum/CRR1295701_1_clean.fa.gz	generic	CRR1295701_1_clean.fa.gz	DRY
00b_HostDepletion/CRR1295702_1_clean.fa.gz	/home/zhangwenda/goji-virome/01_data/sra_rna.data4/4.host_depletion_norrna/RNA-Lycium_barbarum/CRR1295702_1_clean.fa.gz	generic	CRR1295702_1_clean.fa.gz	DRY
00b_HostDepletion/CRR1295703_1_clean.fa.gz	/home/zhangwenda/goji-virome/01_data/sra_rna.data4/4.host_depletion_norrna/RNA-Lycium_barbarum/CRR1295703_1_clean.fa.gz	generic	CRR1295703_1_clean.fa.gz	DRY
00b_HostDepletion/CRR1295704_1_clean.fa.gz	/home/zhangwenda/goji-virome/01_data/sra_rna.data4/4.host_depletion_norrna/RNA-Lycium_barbarum/CRR1295704_1_clean.fa.gz	generic	CRR1295704_1_clean.fa.gz	DRY
00b_HostDepletion/CRR1295705_1_clean.fa.gz	/home/zhangwenda/goji-virome/01_data/sra_rna.data4/4.host_depletion_norrna/RNA-Lycium_barbarum/CRR1295705_1_clean.fa.gz	generic	CRR1295705_1_clean.fa.gz	DRY
00b_HostDepletion/CRR1295706_1_clean.fa.gz	/home/zhangwenda/goji-virome/01_data/sra_rna.data4/4.host_depletion_norrna/RNA-Lycium_barbarum/CRR1295706_1_clean.fa.gz	generic	CRR1295706_1_clean.fa.gz	DRY
00b_HostDepletion/CRR1440120_clean_1.fa.gz	/home/zhangwenda/goji-virome/01_data/sra_rna.data4/4.host_depletion_norrna/RNA-Lycium_barbarum/CRR1440120_clean_1.fa.gz	generic	CRR1440120_clean_1.fa.gz	DRY
00b_HostDepletion/CRR1440120_clean_2.fa.gz	/home/zhangwenda/goji-virome/01_data/sra_rna.data4/4.host_depletion_norrna/RNA-Lycium_barbarum/CRR1440120_clean_2.fa.gz	generic	CRR1440120_clean_2.fa.gz	DRY
00b_HostDepletion/CRR1440122_clean_1.fa.gz	/home/zhangwenda/goji-virome/01_data/sra_rna.data4/4.host_depletion_norrna/RNA-Lycium_barbarum/CRR1440122_clean_1.fa.gz	generic	CRR1440122_clean_1.fa.gz	DRY
00b_HostDepletion/CRR1440122_clean_2.fa.gz	/home/zhangwenda/goji-virome/01_data/sra_rna.data4/4.host_depletion_norrna/RNA-Lycium_barbarum/CRR1440122_clean_2.fa.gz	generic	CRR1440122_clean_2.fa.gz	DRY
00b_HostDepletion/CRR1440123_clean_1.fa.gz	/home/zhangwenda/goji-virome/01_data/sra_rna.data4/4.host_depletion_norrna/RNA-Lycium_barbarum/CRR1440123_clean_1.fa.gz	generic	CRR1440123_clean_1.fa.gz	DRY
00b_HostDepletion/CRR1440123_clean_2.fa.gz	/home/zhangwenda/goji-virome/01_data/sra_rna.data4/4.host_depletion_norrna/RNA-Lycium_barbarum/CRR1440123_clean_2.fa.gz	generic	CRR1440123_clean_2.fa.gz	DRY
00b_HostDepletion/CRR1440124_clean_1.fa.gz	/home/zhangwenda/goji-virome/01_data/sra_rna.data4/4.host_depletion_norrna/RNA-Lycium_barbarum/CRR1440124_clean_1.fa.gz	generic	CRR1440124_clean_1.fa.gz	DRY
00b_HostDepletion/CRR1440124_clean_2.fa.gz	/home/zhangwenda/goji-virome/01_data/sra_rna.data4/4.host_depletion_norrna/RNA-Lycium_barbarum/CRR1440124_clean_2.fa.gz	generic	CRR1440124_clean_2.fa.gz	DRY
00b_HostDepletion/CRR1440125_clean_1.fa.gz	/home/zhangwenda/goji-virome/01_data/sra_rna.data4/4.host_depletion_norrna/RNA-Lycium_barbarum/CRR1440125_clean_1.fa.gz	generic	CRR1440125_clean_1.fa.gz	DRY
00b_HostDepletion/CRR1440125_clean_2.fa.gz	/home/zhangwenda/goji-virome/01_data/sra_rna.data4/4.host_depletion_norrna/RNA-Lycium_barbarum/CRR1440125_clean_2.fa.gz	generic	CRR1440125_clean_2.fa.gz	DRY
00b_HostDepletion/CRR1440129_clean_1.fa.gz	/home/zhangwenda/goji-virome/01_data/sra_rna.data4/4.host_depletion_norrna/RNA-Lycium_barbarum/CRR1440129_clean_1.fa.gz	generic	CRR1440129_clean_1.fa.gz	DRY
00b_HostDepletion/CRR1440129_clean_2.fa.gz	/home/zhangwenda/goji-virome/01_data/sra_rna.data4/4.host_depletion_norrna/RNA-Lycium_barbarum/CRR1440129_clean_2.fa.gz	generic	CRR1440129_clean_2.fa.gz	DRY
00b_HostDepletion/CRR1440131_clean_1.fa.gz	/home/zhangwenda/goji-virome/01_data/sra_rna.data4/4.host_depletion_norrna/RNA-Lycium_barbarum/CRR1440131_clean_1.fa.gz	generic	CRR1440131_clean_1.fa.gz	DRY
00b_HostDepletion/CRR1440131_clean_2.fa.gz	/home/zhangwenda/goji-virome/01_data/sra_rna.data4/4.host_depletion_norrna/RNA-Lycium_barbarum/CRR1440131_clean_2.fa.gz	generic	CRR1440131_clean_2.fa.gz	DRY
00b_HostDepletion/CRR1440132_clean_1.fa.gz	/home/zhangwenda/goji-virome/01_data/sra_rna.data4/4.host_depletion_norrna/RNA-Lycium_barbarum/CRR1440132_clean_1.fa.gz	generic	CRR1440132_clean_1.fa.gz	DRY
00b_HostDepletion/CRR1440132_clean_2.fa.gz	/home/zhangwenda/goji-virome/01_data/sra_rna.data4/4.host_depletion_norrna/RNA-Lycium_barbarum/CRR1440132_clean_2.fa.gz	generic	CRR1440132_clean_2.fa.gz	DRY
00b_HostDepletion/CRR1440133_clean_1.fa.gz	/home/zhangwenda/goji-virome/01_data/sra_rna.data4/4.host_depletion_norrna/RNA-Lycium_barbarum/CRR1440133_clean_1.fa.gz	generic	CRR1440133_clean_1.fa.gz	DRY
00b_HostDepletion/CRR1440133_clean_2.fa.gz	/home/zhangwenda/goji-virome/01_data/sra_rna.data4/4.host_depletion_norrna/RNA-Lycium_barbarum/CRR1440133_clean_2.fa.gz	generic	CRR1440133_clean_2.fa.gz	DRY
00b_HostDepletion/CRR1440134_clean_1.fa.gz	/home/zhangwenda/goji-virome/01_data/sra_rna.data4/4.host_depletion_norrna/RNA-Lycium_barbarum/CRR1440134_clean_1.fa.gz	generic	CRR1440134_clean_1.fa.gz	DRY
00b_HostDepletion/CRR1440134_clean_2.fa.gz	/home/zhangwenda/goji-virome/01_data/sra_rna.data4/4.host_depletion_norrna/RNA-Lycium_barbarum/CRR1440134_clean_2.fa.gz	generic	CRR1440134_clean_2.fa.gz	DRY
00b_HostDepletion/CRR527035_clean_1.fa.gz	/home/zhangwenda/goji-virome/01_data/sra_rna.data4/4.host_depletion_norrna/RNA-Lycium_barbarum/CRR527035_clean_1.fa.gz	generic	CRR527035_clean_1.fa.gz	DRY
00b_HostDepletion/CRR527035_clean_2.fa.gz	/home/zhangwenda/goji-virome/01_data/sra_rna.data4/4.host_depletion_norrna/RNA-Lycium_barbarum/CRR527035_clean_2.fa.gz	generic	CRR527035_clean_2.fa.gz	DRY
00b_HostDepletion/CRR527037_clean_1.fa.gz	/home/zhangwenda/goji-virome/01_data/sra_rna.data4/4.host_depletion_norrna/RNA-Lycium_barbarum/CRR527037_clean_1.fa.gz	generic	CRR527037_clean_1.fa.gz	DRY
00b_HostDepletion/CRR527037_clean_2.fa.gz	/home/zhangwenda/goji-virome/01_data/sra_rna.data4/4.host_depletion_norrna/RNA-Lycium_barbarum/CRR527037_clean_2.fa.gz	generic	CRR527037_clean_2.fa.gz	DRY
00b_HostDepletion/CRR527038_clean_1.fa.gz	/home/zhangwenda/goji-virome/01_data/sra_rna.data4/4.host_depletion_norrna/RNA-Lycium_barbarum/CRR527038_clean_1.fa.gz	generic	CRR527038_clean_1.fa.gz	DRY
00b_HostDepletion/CRR527038_clean_2.fa.gz	/home/zhangwenda/goji-virome/01_data/sra_rna.data4/4.host_depletion_norrna/RNA-Lycium_barbarum/CRR527038_clean_2.fa.gz	generic	CRR527038_clean_2.fa.gz	DRY
00b_HostDepletion/CRR527039_clean_1.fa.gz	/home/zhangwenda/goji-virome/01_data/sra_rna.data4/4.host_depletion_norrna/RNA-Lycium_barbarum/CRR527039_clean_1.fa.gz	generic	CRR527039_clean_1.fa.gz	DRY
00b_HostDepletion/CRR527039_clean_2.fa.gz	/home/zhangwenda/goji-virome/01_data/sra_rna.data4/4.host_depletion_norrna/RNA-Lycium_barbarum/CRR527039_clean_2.fa.gz	generic	CRR527039_clean_2.fa.gz	DRY
00b_HostDepletion/CRR527040_clean_1.fa.gz	/home/zhangwenda/goji-virome/01_data/sra_rna.data4/4.host_depletion_norrna/RNA-Lycium_barbarum/CRR527040_clean_1.fa.gz	generic	CRR527040_clean_1.fa.gz	DRY
00b_HostDepletion/CRR527040_clean_2.fa.gz	/home/zhangwenda/goji-virome/01_data/sra_rna.data4/4.host_depletion_norrna/RNA-Lycium_barbarum/CRR527040_clean_2.fa.gz	generic	CRR527040_clean_2.fa.gz	DRY
00b_HostDepletion/SRR35911580_clean_1.fa.gz	/home/zhangwenda/goji-virome/01_data/sra_rna.data4/4.host_depletion_norrna/RNA-Lycium_barbarum/SRR35911580_clean_1.fa.gz	generic	SRR35911580_clean_1.fa.gz	DRY
00b_HostDepletion/SRR35911580_clean_2.fa.gz	/home/zhangwenda/goji-virome/01_data/sra_rna.data4/4.host_depletion_norrna/RNA-Lycium_barbarum/SRR35911580_clean_2.fa.gz	generic	SRR35911580_clean_2.fa.gz	DRY
00b_HostDepletion/SRR8191324_clean_1.fa.gz	/home/zhangwenda/goji-virome/01_data/sra_rna.data4/4.host_depletion_norrna/RNA-Lycium_barbarum/SRR8191324_clean_1.fa.gz	generic	SRR8191324_clean_1.fa.gz	DRY
00b_HostDepletion/SRR8191324_clean_2.fa.gz	/home/zhangwenda/goji-virome/01_data/sra_rna.data4/4.host_depletion_norrna/RNA-Lycium_barbarum/SRR8191324_clean_2.fa.gz	generic	SRR8191324_clean_2.fa.gz	DRY
00b_HostDepletion/CRR732659_clean_1.fa.gz	/home/zhangwenda/goji-virome/01_data/sra_rna.data4/4.host_depletion_norrna/RNA-Lycium_barbarum/CRR732659_clean_1.fa.gz	generic	CRR732659_clean_1.fa.gz	DRY
00b_HostDepletion/CRR732659_clean_2.fa.gz	/home/zhangwenda/goji-virome/01_data/sra_rna.data4/4.host_depletion_norrna/RNA-Lycium_barbarum/CRR732659_clean_2.fa.gz	generic	CRR732659_clean_2.fa.gz	DRY
00b_HostDepletion/CRR527047_clean_1.fa.gz	/home/zhangwenda/goji-virome/01_data/sra_rna.data4/4.host_depletion_norrna/RNA-Lycium_barbarum/CRR527047_clean_1.fa.gz	generic	CRR527047_clean_1.fa.gz	DRY
00b_HostDepletion/CRR527047_clean_2.fa.gz	/home/zhangwenda/goji-virome/01_data/sra_rna.data4/4.host_depletion_norrna/RNA-Lycium_barbarum/CRR527047_clean_2.fa.gz	generic	CRR527047_clean_2.fa.gz	DRY
00b_HostDepletion/CRR527050_clean_1.fa.gz	/home/zhangwenda/goji-virome/01_data/sra_rna.data4/4.host_depletion_norrna/RNA-Lycium_barbarum/CRR527050_clean_1.fa.gz	generic	CRR527050_clean_1.fa.gz	DRY
00b_HostDepletion/CRR527050_clean_2.fa.gz	/home/zhangwenda/goji-virome/01_data/sra_rna.data4/4.host_depletion_norrna/RNA-Lycium_barbarum/CRR527050_clean_2.fa.gz	generic	CRR527050_clean_2.fa.gz	DRY
00b_HostDepletion/CRR527051_clean_1.fa.gz	/home/zhangwenda/goji-virome/01_data/sra_rna.data4/4.host_depletion_norrna/RNA-Lycium_barbarum/CRR527051_clean_1.fa.gz	generic	CRR527051_clean_1.fa.gz	DRY
00b_HostDepletion/CRR527051_clean_2.fa.gz	/home/zhangwenda/goji-virome/01_data/sra_rna.data4/4.host_depletion_norrna/RNA-Lycium_barbarum/CRR527051_clean_2.fa.gz	generic	CRR527051_clean_2.fa.gz	DRY
00b_HostDepletion/CRR527052_clean_1.fa.gz	/home/zhangwenda/goji-virome/01_data/sra_rna.data4/4.host_depletion_norrna/RNA-Lycium_barbarum/CRR527052_clean_1.fa.gz	generic	CRR527052_clean_1.fa.gz	DRY
00b_HostDepletion/CRR527052_clean_2.fa.gz	/home/zhangwenda/goji-virome/01_data/sra_rna.data4/4.host_depletion_norrna/RNA-Lycium_barbarum/CRR527052_clean_2.fa.gz	generic	CRR527052_clean_2.fa.gz	DRY
00b_HostDepletion/CRR527053_clean_1.fa.gz	/home/zhangwenda/goji-virome/01_data/sra_rna.data4/4.host_depletion_norrna/RNA-Lycium_barbarum/CRR527053_clean_1.fa.gz	generic	CRR527053_clean_1.fa.gz	DRY
00b_HostDepletion/CRR527053_clean_2.fa.gz	/home/zhangwenda/goji-virome/01_data/sra_rna.data4/4.host_depletion_norrna/RNA-Lycium_barbarum/CRR527053_clean_2.fa.gz	generic	CRR527053_clean_2.fa.gz	DRY
00b_HostDepletion/CRR527054_clean_1.fa.gz	/home/zhangwenda/goji-virome/01_data/sra_rna.data4/4.host_depletion_norrna/RNA-Lycium_barbarum/CRR527054_clean_1.fa.gz	generic	CRR527054_clean_1.fa.gz	DRY
00b_HostDepletion/CRR527054_clean_2.fa.gz	/home/zhangwenda/goji-virome/01_data/sra_rna.data4/4.host_depletion_norrna/RNA-Lycium_barbarum/CRR527054_clean_2.fa.gz	generic	CRR527054_clean_2.fa.gz	DRY
00b_HostDepletion/CRR527055_clean_1.fa.gz	/home/zhangwenda/goji-virome/01_data/sra_rna.data4/4.host_depletion_norrna/RNA-Lycium_barbarum/CRR527055_clean_1.fa.gz	generic	CRR527055_clean_1.fa.gz	DRY
00b_HostDepletion/CRR527055_clean_2.fa.gz	/home/zhangwenda/goji-virome/01_data/sra_rna.data4/4.host_depletion_norrna/RNA-Lycium_barbarum/CRR527055_clean_2.fa.gz	generic	CRR527055_clean_2.fa.gz	DRY
00b_HostDepletion/CRR708330_clean_1.fa.gz	/home/zhangwenda/goji-virome/01_data/sra_rna.data4/4.host_depletion_norrna/RNA-Lycium_barbarum/CRR708330_clean_1.fa.gz	generic	CRR708330_clean_1.fa.gz	DRY
00b_HostDepletion/CRR708330_clean_2.fa.gz	/home/zhangwenda/goji-virome/01_data/sra_rna.data4/4.host_depletion_norrna/RNA-Lycium_barbarum/CRR708330_clean_2.fa.gz	generic	CRR708330_clean_2.fa.gz	DRY
00b_HostDepletion/CRR732634_clean_1.fa.gz	/home/zhangwenda/goji-virome/01_data/sra_rna.data4/4.host_depletion_norrna/RNA-Lycium_barbarum/CRR732634_clean_1.fa.gz	generic	CRR732634_clean_1.fa.gz	DRY
00b_HostDepletion/CRR732634_clean_2.fa.gz	/home/zhangwenda/goji-virome/01_data/sra_rna.data4/4.host_depletion_norrna/RNA-Lycium_barbarum/CRR732634_clean_2.fa.gz	generic	CRR732634_clean_2.fa.gz	DRY
00b_HostDepletion/CRR732635_clean_1.fa.gz	/home/zhangwenda/goji-virome/01_data/sra_rna.data4/4.host_depletion_norrna/RNA-Lycium_barbarum/CRR732635_clean_1.fa.gz	generic	CRR732635_clean_1.fa.gz	DRY
00b_HostDepletion/CRR732635_clean_2.fa.gz	/home/zhangwenda/goji-virome/01_data/sra_rna.data4/4.host_depletion_norrna/RNA-Lycium_barbarum/CRR732635_clean_2.fa.gz	generic	CRR732635_clean_2.fa.gz	DRY
00b_HostDepletion/CRR732636_clean_1.fa.gz	/home/zhangwenda/goji-virome/01_data/sra_rna.data4/4.host_depletion_norrna/RNA-Lycium_barbarum/CRR732636_clean_1.fa.gz	generic	CRR732636_clean_1.fa.gz	DRY
00b_HostDepletion/CRR732636_clean_2.fa.gz	/home/zhangwenda/goji-virome/01_data/sra_rna.data4/4.host_depletion_norrna/RNA-Lycium_barbarum/CRR732636_clean_2.fa.gz	generic	CRR732636_clean_2.fa.gz	DRY
00b_HostDepletion/CRR732637_clean_1.fa.gz	/home/zhangwenda/goji-virome/01_data/sra_rna.data4/4.host_depletion_norrna/RNA-Lycium_barbarum/CRR732637_clean_1.fa.gz	generic	CRR732637_clean_1.fa.gz	DRY
00b_HostDepletion/CRR732637_clean_2.fa.gz	/home/zhangwenda/goji-virome/01_data/sra_rna.data4/4.host_depletion_norrna/RNA-Lycium_barbarum/CRR732637_clean_2.fa.gz	generic	CRR732637_clean_2.fa.gz	DRY
00b_HostDepletion/CRR732638_clean_1.fa.gz	/home/zhangwenda/goji-virome/01_data/sra_rna.data4/4.host_depletion_norrna/RNA-Lycium_barbarum/CRR732638_clean_1.fa.gz	generic	CRR732638_clean_1.fa.gz	DRY
00b_HostDepletion/CRR732638_clean_2.fa.gz	/home/zhangwenda/goji-virome/01_data/sra_rna.data4/4.host_depletion_norrna/RNA-Lycium_barbarum/CRR732638_clean_2.fa.gz	generic	CRR732638_clean_2.fa.gz	DRY
00b_HostDepletion/CRR732639_clean_1.fa.gz	/home/zhangwenda/goji-virome/01_data/sra_rna.data4/4.host_depletion_norrna/RNA-Lycium_barbarum/CRR732639_clean_1.fa.gz	generic	CRR732639_clean_1.fa.gz	DRY
00b_HostDepletion/CRR732639_clean_2.fa.gz	/home/zhangwenda/goji-virome/01_data/sra_rna.data4/4.host_depletion_norrna/RNA-Lycium_barbarum/CRR732639_clean_2.fa.gz	generic	CRR732639_clean_2.fa.gz	DRY
00b_HostDepletion/CRR732640_clean_1.fa.gz	/home/zhangwenda/goji-virome/01_data/sra_rna.data4/4.host_depletion_norrna/RNA-Lycium_barbarum/CRR732640_clean_1.fa.gz	generic	CRR732640_clean_1.fa.gz	DRY
00b_HostDepletion/CRR732640_clean_2.fa.gz	/home/zhangwenda/goji-virome/01_data/sra_rna.data4/4.host_depletion_norrna/RNA-Lycium_barbarum/CRR732640_clean_2.fa.gz	generic	CRR732640_clean_2.fa.gz	DRY
00b_HostDepletion/CRR732641_clean_1.fa.gz	/home/zhangwenda/goji-virome/01_data/sra_rna.data4/4.host_depletion_norrna/RNA-Lycium_barbarum/CRR732641_clean_1.fa.gz	generic	CRR732641_clean_1.fa.gz	DRY
00b_HostDepletion/CRR732641_clean_2.fa.gz	/home/zhangwenda/goji-virome/01_data/sra_rna.data4/4.host_depletion_norrna/RNA-Lycium_barbarum/CRR732641_clean_2.fa.gz	generic	CRR732641_clean_2.fa.gz	DRY
00b_HostDepletion/CRR732642_clean_1.fa.gz	/home/zhangwenda/goji-virome/01_data/sra_rna.data4/4.host_depletion_norrna/RNA-Lycium_barbarum/CRR732642_clean_1.fa.gz	generic	CRR732642_clean_1.fa.gz	DRY
00b_HostDepletion/CRR732642_clean_2.fa.gz	/home/zhangwenda/goji-virome/01_data/sra_rna.data4/4.host_depletion_norrna/RNA-Lycium_barbarum/CRR732642_clean_2.fa.gz	generic	CRR732642_clean_2.fa.gz	DRY
00b_HostDepletion/CRR732643_clean_1.fa.gz	/home/zhangwenda/goji-virome/01_data/sra_rna.data4/4.host_depletion_norrna/RNA-Lycium_barbarum/CRR732643_clean_1.fa.gz	generic	CRR732643_clean_1.fa.gz	DRY
00b_HostDepletion/CRR732643_clean_2.fa.gz	/home/zhangwenda/goji-virome/01_data/sra_rna.data4/4.host_depletion_norrna/RNA-Lycium_barbarum/CRR732643_clean_2.fa.gz	generic	CRR732643_clean_2.fa.gz	DRY
00b_HostDepletion/CRR732644_clean_1.fa.gz	/home/zhangwenda/goji-virome/01_data/sra_rna.data4/4.host_depletion_norrna/RNA-Lycium_barbarum/CRR732644_clean_1.fa.gz	generic	CRR732644_clean_1.fa.gz	DRY
00b_HostDepletion/CRR732644_clean_2.fa.gz	/home/zhangwenda/goji-virome/01_data/sra_rna.data4/4.host_depletion_norrna/RNA-Lycium_barbarum/CRR732644_clean_2.fa.gz	generic	CRR732644_clean_2.fa.gz	DRY
00b_HostDepletion/CRR732645_clean_1.fa.gz	/home/zhangwenda/goji-virome/01_data/sra_rna.data4/4.host_depletion_norrna/RNA-Lycium_barbarum/CRR732645_clean_1.fa.gz	generic	CRR732645_clean_1.fa.gz	DRY
00b_HostDepletion/CRR732645_clean_2.fa.gz	/home/zhangwenda/goji-virome/01_data/sra_rna.data4/4.host_depletion_norrna/RNA-Lycium_barbarum/CRR732645_clean_2.fa.gz	generic	CRR732645_clean_2.fa.gz	DRY
00b_HostDepletion/CRR732646_clean_1.fa.gz	/home/zhangwenda/goji-virome/01_data/sra_rna.data4/4.host_depletion_norrna/RNA-Lycium_barbarum/CRR732646_clean_1.fa.gz	generic	CRR732646_clean_1.fa.gz	DRY
00b_HostDepletion/CRR732646_clean_2.fa.gz	/home/zhangwenda/goji-virome/01_data/sra_rna.data4/4.host_depletion_norrna/RNA-Lycium_barbarum/CRR732646_clean_2.fa.gz	generic	CRR732646_clean_2.fa.gz	DRY
00b_HostDepletion/CRR732647_clean_1.fa.gz	/home/zhangwenda/goji-virome/01_data/sra_rna.data4/4.host_depletion_norrna/RNA-Lycium_barbarum/CRR732647_clean_1.fa.gz	generic	CRR732647_clean_1.fa.gz	DRY
00b_HostDepletion/CRR732647_clean_2.fa.gz	/home/zhangwenda/goji-virome/01_data/sra_rna.data4/4.host_depletion_norrna/RNA-Lycium_barbarum/CRR732647_clean_2.fa.gz	generic	CRR732647_clean_2.fa.gz	DRY
00b_HostDepletion/CRR732648_clean_1.fa.gz	/home/zhangwenda/goji-virome/01_data/sra_rna.data4/4.host_depletion_norrna/RNA-Lycium_barbarum/CRR732648_clean_1.fa.gz	generic	CRR732648_clean_1.fa.gz	DRY
00b_HostDepletion/CRR732648_clean_2.fa.gz	/home/zhangwenda/goji-virome/01_data/sra_rna.data4/4.host_depletion_norrna/RNA-Lycium_barbarum/CRR732648_clean_2.fa.gz	generic	CRR732648_clean_2.fa.gz	DRY
00b_HostDepletion/CRR732649_clean_1.fa.gz	/home/zhangwenda/goji-virome/01_data/sra_rna.data4/4.host_depletion_norrna/RNA-Lycium_barbarum/CRR732649_clean_1.fa.gz	generic	CRR732649_clean_1.fa.gz	DRY
00b_HostDepletion/CRR732649_clean_2.fa.gz	/home/zhangwenda/goji-virome/01_data/sra_rna.data4/4.host_depletion_norrna/RNA-Lycium_barbarum/CRR732649_clean_2.fa.gz	generic	CRR732649_clean_2.fa.gz	DRY
00b_HostDepletion/CRR732650_clean_1.fa.gz	/home/zhangwenda/goji-virome/01_data/sra_rna.data4/4.host_depletion_norrna/RNA-Lycium_barbarum/CRR732650_clean_1.fa.gz	generic	CRR732650_clean_1.fa.gz	DRY
00b_HostDepletion/CRR732650_clean_2.fa.gz	/home/zhangwenda/goji-virome/01_data/sra_rna.data4/4.host_depletion_norrna/RNA-Lycium_barbarum/CRR732650_clean_2.fa.gz	generic	CRR732650_clean_2.fa.gz	DRY
00b_HostDepletion/CRR732651_clean_1.fa.gz	/home/zhangwenda/goji-virome/01_data/sra_rna.data4/4.host_depletion_norrna/RNA-Lycium_barbarum/CRR732651_clean_1.fa.gz	generic	CRR732651_clean_1.fa.gz	DRY
00b_HostDepletion/CRR732651_clean_2.fa.gz	/home/zhangwenda/goji-virome/01_data/sra_rna.data4/4.host_depletion_norrna/RNA-Lycium_barbarum/CRR732651_clean_2.fa.gz	generic	CRR732651_clean_2.fa.gz	DRY
00b_HostDepletion/CRR732652_clean_1.fa.gz	/home/zhangwenda/goji-virome/01_data/sra_rna.data4/4.host_depletion_norrna/RNA-Lycium_barbarum/CRR732652_clean_1.fa.gz	generic	CRR732652_clean_1.fa.gz	DRY
00b_HostDepletion/CRR732652_clean_2.fa.gz	/home/zhangwenda/goji-virome/01_data/sra_rna.data4/4.host_depletion_norrna/RNA-Lycium_barbarum/CRR732652_clean_2.fa.gz	generic	CRR732652_clean_2.fa.gz	DRY
00b_HostDepletion/CRR732654_clean_1.fa.gz	/home/zhangwenda/goji-virome/01_data/sra_rna.data4/4.host_depletion_norrna/RNA-Lycium_barbarum/CRR732654_clean_1.fa.gz	generic	CRR732654_clean_1.fa.gz	DRY
00b_HostDepletion/CRR732654_clean_2.fa.gz	/home/zhangwenda/goji-virome/01_data/sra_rna.data4/4.host_depletion_norrna/RNA-Lycium_barbarum/CRR732654_clean_2.fa.gz	generic	CRR732654_clean_2.fa.gz	DRY
00b_HostDepletion/CRR732655_clean_1.fa.gz	/home/zhangwenda/goji-virome/01_data/sra_rna.data4/4.host_depletion_norrna/RNA-Lycium_barbarum/CRR732655_clean_1.fa.gz	generic	CRR732655_clean_1.fa.gz	DRY
00b_HostDepletion/CRR732655_clean_2.fa.gz	/home/zhangwenda/goji-virome/01_data/sra_rna.data4/4.host_depletion_norrna/RNA-Lycium_barbarum/CRR732655_clean_2.fa.gz	generic	CRR732655_clean_2.fa.gz	DRY
00b_HostDepletion/CRR732656_clean_1.fa.gz	/home/zhangwenda/goji-virome/01_data/sra_rna.data4/4.host_depletion_norrna/RNA-Lycium_barbarum/CRR732656_clean_1.fa.gz	generic	CRR732656_clean_1.fa.gz	DRY
00b_HostDepletion/CRR732656_clean_2.fa.gz	/home/zhangwenda/goji-virome/01_data/sra_rna.data4/4.host_depletion_norrna/RNA-Lycium_barbarum/CRR732656_clean_2.fa.gz	generic	CRR732656_clean_2.fa.gz	DRY
00b_HostDepletion/CRR732657_clean_1.fa.gz	/home/zhangwenda/goji-virome/01_data/sra_rna.data4/4.host_depletion_norrna/RNA-Lycium_barbarum/CRR732657_clean_1.fa.gz	generic	CRR732657_clean_1.fa.gz	DRY
00b_HostDepletion/CRR732657_clean_2.fa.gz	/home/zhangwenda/goji-virome/01_data/sra_rna.data4/4.host_depletion_norrna/RNA-Lycium_barbarum/CRR732657_clean_2.fa.gz	generic	CRR732657_clean_2.fa.gz	DRY
00b_HostDepletion/CRR732658_clean_1.fa.gz	/home/zhangwenda/goji-virome/01_data/sra_rna.data4/4.host_depletion_norrna/RNA-Lycium_barbarum/CRR732658_clean_1.fa.gz	generic	CRR732658_clean_1.fa.gz	DRY
00b_HostDepletion/CRR732658_clean_2.fa.gz	/home/zhangwenda/goji-virome/01_data/sra_rna.data4/4.host_depletion_norrna/RNA-Lycium_barbarum/CRR732658_clean_2.fa.gz	generic	CRR732658_clean_2.fa.gz	DRY
00b_HostDepletion/CRR732662_clean_1.fa.gz	/home/zhangwenda/goji-virome/01_data/sra_rna.data4/4.host_depletion_norrna/RNA-Lycium_barbarum/CRR732662_clean_1.fa.gz	generic	CRR732662_clean_1.fa.gz	DRY
00b_HostDepletion/CRR732662_clean_2.fa.gz	/home/zhangwenda/goji-virome/01_data/sra_rna.data4/4.host_depletion_norrna/RNA-Lycium_barbarum/CRR732662_clean_2.fa.gz	generic	CRR732662_clean_2.fa.gz	DRY
00b_HostDepletion/CRR891451_clean_1.fa.gz	/home/zhangwenda/goji-virome/01_data/sra_rna.data4/4.host_depletion_norrna/RNA-Lycium_barbarum/CRR891451_clean_1.fa.gz	generic	CRR891451_clean_1.fa.gz	DRY
00b_HostDepletion/CRR891451_clean_2.fa.gz	/home/zhangwenda/goji-virome/01_data/sra_rna.data4/4.host_depletion_norrna/RNA-Lycium_barbarum/CRR891451_clean_2.fa.gz	generic	CRR891451_clean_2.fa.gz	DRY
00b_HostDepletion/CRR891452_clean_1.fa.gz	/home/zhangwenda/goji-virome/01_data/sra_rna.data4/4.host_depletion_norrna/RNA-Lycium_barbarum/CRR891452_clean_1.fa.gz	generic	CRR891452_clean_1.fa.gz	DRY
00b_HostDepletion/CRR891452_clean_2.fa.gz	/home/zhangwenda/goji-virome/01_data/sra_rna.data4/4.host_depletion_norrna/RNA-Lycium_barbarum/CRR891452_clean_2.fa.gz	generic	CRR891452_clean_2.fa.gz	DRY
00b_HostDepletion/CRR891453_clean_1.fa.gz	/home/zhangwenda/goji-virome/01_data/sra_rna.data4/4.host_depletion_norrna/RNA-Lycium_barbarum/CRR891453_clean_1.fa.gz	generic	CRR891453_clean_1.fa.gz	DRY
00b_HostDepletion/CRR891453_clean_2.fa.gz	/home/zhangwenda/goji-virome/01_data/sra_rna.data4/4.host_depletion_norrna/RNA-Lycium_barbarum/CRR891453_clean_2.fa.gz	generic	CRR891453_clean_2.fa.gz	DRY
00b_HostDepletion/CRR891454_clean_1.fa.gz	/home/zhangwenda/goji-virome/01_data/sra_rna.data4/4.host_depletion_norrna/RNA-Lycium_barbarum/CRR891454_clean_1.fa.gz	generic	CRR891454_clean_1.fa.gz	DRY
00b_HostDepletion/CRR891454_clean_2.fa.gz	/home/zhangwenda/goji-virome/01_data/sra_rna.data4/4.host_depletion_norrna/RNA-Lycium_barbarum/CRR891454_clean_2.fa.gz	generic	CRR891454_clean_2.fa.gz	DRY
00b_HostDepletion/CRR891455_clean_1.fa.gz	/home/zhangwenda/goji-virome/01_data/sra_rna.data4/4.host_depletion_norrna/RNA-Lycium_barbarum/CRR891455_clean_1.fa.gz	generic	CRR891455_clean_1.fa.gz	DRY
00b_HostDepletion/CRR891455_clean_2.fa.gz	/home/zhangwenda/goji-virome/01_data/sra_rna.data4/4.host_depletion_norrna/RNA-Lycium_barbarum/CRR891455_clean_2.fa.gz	generic	CRR891455_clean_2.fa.gz	DRY
00b_HostDepletion/CRR891456_clean_1.fa.gz	/home/zhangwenda/goji-virome/01_data/sra_rna.data4/4.host_depletion_norrna/RNA-Lycium_barbarum/CRR891456_clean_1.fa.gz	generic	CRR891456_clean_1.fa.gz	DRY
00b_HostDepletion/CRR891456_clean_2.fa.gz	/home/zhangwenda/goji-virome/01_data/sra_rna.data4/4.host_depletion_norrna/RNA-Lycium_barbarum/CRR891456_clean_2.fa.gz	generic	CRR891456_clean_2.fa.gz	DRY
00b_HostDepletion/SRR33536661_clean_1.fa.gz	/home/zhangwenda/goji-virome/01_data/sra_rna.data4/4.host_depletion_norrna/RNA-Lycium_barbarum/SRR33536661_clean_1.fa.gz	generic	SRR33536661_clean_1.fa.gz	DRY
00b_HostDepletion/SRR35911571_clean_2.fa.gz	/home/zhangwenda/goji-virome/01_data/sra_rna.data4/4.host_depletion_norrna/RNA-Lycium_barbarum/SRR35911571_clean_2.fa.gz	generic	SRR35911571_clean_2.fa.gz	DRY
00b_HostDepletion/CRR891458_clean_1.fa.gz	/home/zhangwenda/goji-virome/01_data/sra_rna.data4/4.host_depletion_norrna/RNA-Lycium_barbarum/CRR891458_clean_1.fa.gz	generic	CRR891458_clean_1.fa.gz	DRY
00b_HostDepletion/CRR891458_clean_2.fa.gz	/home/zhangwenda/goji-virome/01_data/sra_rna.data4/4.host_depletion_norrna/RNA-Lycium_barbarum/CRR891458_clean_2.fa.gz	generic	CRR891458_clean_2.fa.gz	DRY
00b_HostDepletion/ERR2040629_clean_1.fa.gz	/home/zhangwenda/goji-virome/01_data/sra_rna.data4/4.host_depletion_norrna/RNA-Lycium_barbarum/ERR2040629_clean_1.fa.gz	generic	ERR2040629_clean_1.fa.gz	DRY
00b_HostDepletion/ERR2040629_clean_2.fa.gz	/home/zhangwenda/goji-virome/01_data/sra_rna.data4/4.host_depletion_norrna/RNA-Lycium_barbarum/ERR2040629_clean_2.fa.gz	generic	ERR2040629_clean_2.fa.gz	DRY
00b_HostDepletion/ERR3487367_clean_1.fa.gz	/home/zhangwenda/goji-virome/01_data/sra_rna.data4/4.host_depletion_norrna/RNA-Lycium_barbarum/ERR3487367_clean_1.fa.gz	generic	ERR3487367_clean_1.fa.gz	DRY
00b_HostDepletion/ERR3487367_clean_2.fa.gz	/home/zhangwenda/goji-virome/01_data/sra_rna.data4/4.host_depletion_norrna/RNA-Lycium_barbarum/ERR3487367_clean_2.fa.gz	generic	ERR3487367_clean_2.fa.gz	DRY
00b_HostDepletion/SRR11912455_clean_1.fa.gz	/home/zhangwenda/goji-virome/01_data/sra_rna.data4/4.host_depletion_norrna/RNA-Lycium_barbarum/SRR11912455_clean_1.fa.gz	generic	SRR11912455_clean_1.fa.gz	DRY
00b_HostDepletion/SRR11912455_clean_2.fa.gz	/home/zhangwenda/goji-virome/01_data/sra_rna.data4/4.host_depletion_norrna/RNA-Lycium_barbarum/SRR11912455_clean_2.fa.gz	generic	SRR11912455_clean_2.fa.gz	DRY
00b_HostDepletion/SRR15037477_clean_1.fa.gz	/home/zhangwenda/goji-virome/01_data/sra_rna.data4/4.host_depletion_norrna/RNA-Lycium_barbarum/SRR15037477_clean_1.fa.gz	generic	SRR15037477_clean_1.fa.gz	DRY
00b_HostDepletion/SRR15037477_clean_2.fa.gz	/home/zhangwenda/goji-virome/01_data/sra_rna.data4/4.host_depletion_norrna/RNA-Lycium_barbarum/SRR15037477_clean_2.fa.gz	generic	SRR15037477_clean_2.fa.gz	DRY
00b_HostDepletion/SRR33536661_clean_2.fa.gz	/home/zhangwenda/goji-virome/01_data/sra_rna.data4/4.host_depletion_norrna/RNA-Lycium_barbarum/SRR33536661_clean_2.fa.gz	generic	SRR33536661_clean_2.fa.gz	DRY
00b_HostDepletion/SRR35911579_clean_1.fa.gz	/home/zhangwenda/goji-virome/01_data/sra_rna.data4/4.host_depletion_norrna/RNA-Lycium_barbarum/SRR35911579_clean_1.fa.gz	generic	SRR35911579_clean_1.fa.gz	DRY
00b_HostDepletion/SRR15037479_clean_1.fa.gz	/home/zhangwenda/goji-virome/01_data/sra_rna.data4/4.host_depletion_norrna/RNA-Lycium_barbarum/SRR15037479_clean_1.fa.gz	generic	SRR15037479_clean_1.fa.gz	DRY
00b_HostDepletion/SRR15037479_clean_2.fa.gz	/home/zhangwenda/goji-virome/01_data/sra_rna.data4/4.host_depletion_norrna/RNA-Lycium_barbarum/SRR15037479_clean_2.fa.gz	generic	SRR15037479_clean_2.fa.gz	DRY
00b_HostDepletion/SRR15037480_clean_1.fa.gz	/home/zhangwenda/goji-virome/01_data/sra_rna.data4/4.host_depletion_norrna/RNA-Lycium_barbarum/SRR15037480_clean_1.fa.gz	generic	SRR15037480_clean_1.fa.gz	DRY
00b_HostDepletion/SRR15037480_clean_2.fa.gz	/home/zhangwenda/goji-virome/01_data/sra_rna.data4/4.host_depletion_norrna/RNA-Lycium_barbarum/SRR15037480_clean_2.fa.gz	generic	SRR15037480_clean_2.fa.gz	DRY
00b_HostDepletion/SRR15037481_clean_1.fa.gz	/home/zhangwenda/goji-virome/01_data/sra_rna.data4/4.host_depletion_norrna/RNA-Lycium_barbarum/SRR15037481_clean_1.fa.gz	generic	SRR15037481_clean_1.fa.gz	DRY
00b_HostDepletion/SRR15037481_clean_2.fa.gz	/home/zhangwenda/goji-virome/01_data/sra_rna.data4/4.host_depletion_norrna/RNA-Lycium_barbarum/SRR15037481_clean_2.fa.gz	generic	SRR15037481_clean_2.fa.gz	DRY
00b_HostDepletion/SRR15037482_clean_1.fa.gz	/home/zhangwenda/goji-virome/01_data/sra_rna.data4/4.host_depletion_norrna/RNA-Lycium_barbarum/SRR15037482_clean_1.fa.gz	generic	SRR15037482_clean_1.fa.gz	DRY
00b_HostDepletion/SRR15037482_clean_2.fa.gz	/home/zhangwenda/goji-virome/01_data/sra_rna.data4/4.host_depletion_norrna/RNA-Lycium_barbarum/SRR15037482_clean_2.fa.gz	generic	SRR15037482_clean_2.fa.gz	DRY
00b_HostDepletion/SRR15037483_clean_1.fa.gz	/home/zhangwenda/goji-virome/01_data/sra_rna.data4/4.host_depletion_norrna/RNA-Lycium_barbarum/SRR15037483_clean_1.fa.gz	generic	SRR15037483_clean_1.fa.gz	DRY
00b_HostDepletion/SRR15037483_clean_2.fa.gz	/home/zhangwenda/goji-virome/01_data/sra_rna.data4/4.host_depletion_norrna/RNA-Lycium_barbarum/SRR15037483_clean_2.fa.gz	generic	SRR15037483_clean_2.fa.gz	DRY
00b_HostDepletion/SRR15037494_clean_1.fa.gz	/home/zhangwenda/goji-virome/01_data/sra_rna.data4/4.host_depletion_norrna/RNA-Lycium_barbarum/SRR15037494_clean_1.fa.gz	generic	SRR15037494_clean_1.fa.gz	DRY
00b_HostDepletion/SRR15037494_clean_2.fa.gz	/home/zhangwenda/goji-virome/01_data/sra_rna.data4/4.host_depletion_norrna/RNA-Lycium_barbarum/SRR15037494_clean_2.fa.gz	generic	SRR15037494_clean_2.fa.gz	DRY
00b_HostDepletion/SRR15037500_clean_1.fa.gz	/home/zhangwenda/goji-virome/01_data/sra_rna.data4/4.host_depletion_norrna/RNA-Lycium_barbarum/SRR15037500_clean_1.fa.gz	generic	SRR15037500_clean_1.fa.gz	DRY
00b_HostDepletion/SRR15037500_clean_2.fa.gz	/home/zhangwenda/goji-virome/01_data/sra_rna.data4/4.host_depletion_norrna/RNA-Lycium_barbarum/SRR15037500_clean_2.fa.gz	generic	SRR15037500_clean_2.fa.gz	DRY
00b_HostDepletion/SRR15037501_clean_1.fa.gz	/home/zhangwenda/goji-virome/01_data/sra_rna.data4/4.host_depletion_norrna/RNA-Lycium_barbarum/SRR15037501_clean_1.fa.gz	generic	SRR15037501_clean_1.fa.gz	DRY
00b_HostDepletion/SRR15037501_clean_2.fa.gz	/home/zhangwenda/goji-virome/01_data/sra_rna.data4/4.host_depletion_norrna/RNA-Lycium_barbarum/SRR15037501_clean_2.fa.gz	generic	SRR15037501_clean_2.fa.gz	DRY
00b_HostDepletion/SRR15037502_clean_1.fa.gz	/home/zhangwenda/goji-virome/01_data/sra_rna.data4/4.host_depletion_norrna/RNA-Lycium_barbarum/SRR15037502_clean_1.fa.gz	generic	SRR15037502_clean_1.fa.gz	DRY
00b_HostDepletion/SRR15037502_clean_2.fa.gz	/home/zhangwenda/goji-virome/01_data/sra_rna.data4/4.host_depletion_norrna/RNA-Lycium_barbarum/SRR15037502_clean_2.fa.gz	generic	SRR15037502_clean_2.fa.gz	DRY
00b_HostDepletion/SRR15037503_clean_1.fa.gz	/home/zhangwenda/goji-virome/01_data/sra_rna.data4/4.host_depletion_norrna/RNA-Lycium_barbarum/SRR15037503_clean_1.fa.gz	generic	SRR15037503_clean_1.fa.gz	DRY
00b_HostDepletion/SRR15037503_clean_2.fa.gz	/home/zhangwenda/goji-virome/01_data/sra_rna.data4/4.host_depletion_norrna/RNA-Lycium_barbarum/SRR15037503_clean_2.fa.gz	generic	SRR15037503_clean_2.fa.gz	DRY
00b_HostDepletion/SRR15037504_clean_1.fa.gz	/home/zhangwenda/goji-virome/01_data/sra_rna.data4/4.host_depletion_norrna/RNA-Lycium_barbarum/SRR15037504_clean_1.fa.gz	generic	SRR15037504_clean_1.fa.gz	DRY
00b_HostDepletion/SRR15037504_clean_2.fa.gz	/home/zhangwenda/goji-virome/01_data/sra_rna.data4/4.host_depletion_norrna/RNA-Lycium_barbarum/SRR15037504_clean_2.fa.gz	generic	SRR15037504_clean_2.fa.gz	DRY
00b_HostDepletion/SRR15037505_clean_1.fa.gz	/home/zhangwenda/goji-virome/01_data/sra_rna.data4/4.host_depletion_norrna/RNA-Lycium_barbarum/SRR15037505_clean_1.fa.gz	generic	SRR15037505_clean_1.fa.gz	DRY
00b_HostDepletion/SRR15037505_clean_2.fa.gz	/home/zhangwenda/goji-virome/01_data/sra_rna.data4/4.host_depletion_norrna/RNA-Lycium_barbarum/SRR15037505_clean_2.fa.gz	generic	SRR15037505_clean_2.fa.gz	DRY
00b_HostDepletion/SRR15037506_clean_1.fa.gz	/home/zhangwenda/goji-virome/01_data/sra_rna.data4/4.host_depletion_norrna/RNA-Lycium_barbarum/SRR15037506_clean_1.fa.gz	generic	SRR15037506_clean_1.fa.gz	DRY
00b_HostDepletion/SRR15037506_clean_2.fa.gz	/home/zhangwenda/goji-virome/01_data/sra_rna.data4/4.host_depletion_norrna/RNA-Lycium_barbarum/SRR15037506_clean_2.fa.gz	generic	SRR15037506_clean_2.fa.gz	DRY
00b_HostDepletion/SRR17208219_clean_1.fa.gz	/home/zhangwenda/goji-virome/01_data/sra_rna.data4/4.host_depletion_norrna/RNA-Lycium_barbarum/SRR17208219_clean_1.fa.gz	generic	SRR17208219_clean_1.fa.gz	DRY
00b_HostDepletion/SRR17208219_clean_2.fa.gz	/home/zhangwenda/goji-virome/01_data/sra_rna.data4/4.host_depletion_norrna/RNA-Lycium_barbarum/SRR17208219_clean_2.fa.gz	generic	SRR17208219_clean_2.fa.gz	DRY
00b_HostDepletion/SRR17208220_clean_1.fa.gz	/home/zhangwenda/goji-virome/01_data/sra_rna.data4/4.host_depletion_norrna/RNA-Lycium_barbarum/SRR17208220_clean_1.fa.gz	generic	SRR17208220_clean_1.fa.gz	DRY
00b_HostDepletion/SRR17208220_clean_2.fa.gz	/home/zhangwenda/goji-virome/01_data/sra_rna.data4/4.host_depletion_norrna/RNA-Lycium_barbarum/SRR17208220_clean_2.fa.gz	generic	SRR17208220_clean_2.fa.gz	DRY
00b_HostDepletion/SRR17208221_clean_1.fa.gz	/home/zhangwenda/goji-virome/01_data/sra_rna.data4/4.host_depletion_norrna/RNA-Lycium_barbarum/SRR17208221_clean_1.fa.gz	generic	SRR17208221_clean_1.fa.gz	DRY
00b_HostDepletion/SRR17208221_clean_2.fa.gz	/home/zhangwenda/goji-virome/01_data/sra_rna.data4/4.host_depletion_norrna/RNA-Lycium_barbarum/SRR17208221_clean_2.fa.gz	generic	SRR17208221_clean_2.fa.gz	DRY
00b_HostDepletion/SRR17208222_clean_1.fa.gz	/home/zhangwenda/goji-virome/01_data/sra_rna.data4/4.host_depletion_norrna/RNA-Lycium_barbarum/SRR17208222_clean_1.fa.gz	generic	SRR17208222_clean_1.fa.gz	DRY
00b_HostDepletion/SRR17208222_clean_2.fa.gz	/home/zhangwenda/goji-virome/01_data/sra_rna.data4/4.host_depletion_norrna/RNA-Lycium_barbarum/SRR17208222_clean_2.fa.gz	generic	SRR17208222_clean_2.fa.gz	DRY
00b_HostDepletion/SRR17208223_clean_1.fa.gz	/home/zhangwenda/goji-virome/01_data/sra_rna.data4/4.host_depletion_norrna/RNA-Lycium_barbarum/SRR17208223_clean_1.fa.gz	generic	SRR17208223_clean_1.fa.gz	DRY
00b_HostDepletion/SRR17208223_clean_2.fa.gz	/home/zhangwenda/goji-virome/01_data/sra_rna.data4/4.host_depletion_norrna/RNA-Lycium_barbarum/SRR17208223_clean_2.fa.gz	generic	SRR17208223_clean_2.fa.gz	DRY
00b_HostDepletion/SRR17208224_clean_1.fa.gz	/home/zhangwenda/goji-virome/01_data/sra_rna.data4/4.host_depletion_norrna/RNA-Lycium_barbarum/SRR17208224_clean_1.fa.gz	generic	SRR17208224_clean_1.fa.gz	DRY
00b_HostDepletion/SRR17208224_clean_2.fa.gz	/home/zhangwenda/goji-virome/01_data/sra_rna.data4/4.host_depletion_norrna/RNA-Lycium_barbarum/SRR17208224_clean_2.fa.gz	generic	SRR17208224_clean_2.fa.gz	DRY
00b_HostDepletion/SRR17208225_clean_1.fa.gz	/home/zhangwenda/goji-virome/01_data/sra_rna.data4/4.host_depletion_norrna/RNA-Lycium_barbarum/SRR17208225_clean_1.fa.gz	generic	SRR17208225_clean_1.fa.gz	DRY
00b_HostDepletion/SRR17208225_clean_2.fa.gz	/home/zhangwenda/goji-virome/01_data/sra_rna.data4/4.host_depletion_norrna/RNA-Lycium_barbarum/SRR17208225_clean_2.fa.gz	generic	SRR17208225_clean_2.fa.gz	DRY
00b_HostDepletion/SRR17208226_clean_1.fa.gz	/home/zhangwenda/goji-virome/01_data/sra_rna.data4/4.host_depletion_norrna/RNA-Lycium_barbarum/SRR17208226_clean_1.fa.gz	generic	SRR17208226_clean_1.fa.gz	DRY
00b_HostDepletion/SRR17208226_clean_2.fa.gz	/home/zhangwenda/goji-virome/01_data/sra_rna.data4/4.host_depletion_norrna/RNA-Lycium_barbarum/SRR17208226_clean_2.fa.gz	generic	SRR17208226_clean_2.fa.gz	DRY
00b_HostDepletion/SRR17208227_clean_1.fa.gz	/home/zhangwenda/goji-virome/01_data/sra_rna.data4/4.host_depletion_norrna/RNA-Lycium_barbarum/SRR17208227_clean_1.fa.gz	generic	SRR17208227_clean_1.fa.gz	DRY
00b_HostDepletion/SRR17208227_clean_2.fa.gz	/home/zhangwenda/goji-virome/01_data/sra_rna.data4/4.host_depletion_norrna/RNA-Lycium_barbarum/SRR17208227_clean_2.fa.gz	generic	SRR17208227_clean_2.fa.gz	DRY
00b_HostDepletion/SRR17208228_clean_1.fa.gz	/home/zhangwenda/goji-virome/01_data/sra_rna.data4/4.host_depletion_norrna/RNA-Lycium_barbarum/SRR17208228_clean_1.fa.gz	generic	SRR17208228_clean_1.fa.gz	DRY
00b_HostDepletion/SRR17208228_clean_2.fa.gz	/home/zhangwenda/goji-virome/01_data/sra_rna.data4/4.host_depletion_norrna/RNA-Lycium_barbarum/SRR17208228_clean_2.fa.gz	generic	SRR17208228_clean_2.fa.gz	DRY
00b_HostDepletion/SRR17208229_clean_1.fa.gz	/home/zhangwenda/goji-virome/01_data/sra_rna.data4/4.host_depletion_norrna/RNA-Lycium_barbarum/SRR17208229_clean_1.fa.gz	generic	SRR17208229_clean_1.fa.gz	DRY
00b_HostDepletion/SRR17208229_clean_2.fa.gz	/home/zhangwenda/goji-virome/01_data/sra_rna.data4/4.host_depletion_norrna/RNA-Lycium_barbarum/SRR17208229_clean_2.fa.gz	generic	SRR17208229_clean_2.fa.gz	DRY
00b_HostDepletion/SRR17208230_clean_1.fa.gz	/home/zhangwenda/goji-virome/01_data/sra_rna.data4/4.host_depletion_norrna/RNA-Lycium_barbarum/SRR17208230_clean_1.fa.gz	generic	SRR17208230_clean_1.fa.gz	DRY
00b_HostDepletion/SRR17208230_clean_2.fa.gz	/home/zhangwenda/goji-virome/01_data/sra_rna.data4/4.host_depletion_norrna/RNA-Lycium_barbarum/SRR17208230_clean_2.fa.gz	generic	SRR17208230_clean_2.fa.gz	DRY
00b_HostDepletion/SRR17208231_clean_1.fa.gz	/home/zhangwenda/goji-virome/01_data/sra_rna.data4/4.host_depletion_norrna/RNA-Lycium_barbarum/SRR17208231_clean_1.fa.gz	generic	SRR17208231_clean_1.fa.gz	DRY
00b_HostDepletion/SRR17208231_clean_2.fa.gz	/home/zhangwenda/goji-virome/01_data/sra_rna.data4/4.host_depletion_norrna/RNA-Lycium_barbarum/SRR17208231_clean_2.fa.gz	generic	SRR17208231_clean_2.fa.gz	DRY
00b_HostDepletion/SRR17208232_clean_1.fa.gz	/home/zhangwenda/goji-virome/01_data/sra_rna.data4/4.host_depletion_norrna/RNA-Lycium_barbarum/SRR17208232_clean_1.fa.gz	generic	SRR17208232_clean_1.fa.gz	DRY
00b_HostDepletion/SRR17208232_clean_2.fa.gz	/home/zhangwenda/goji-virome/01_data/sra_rna.data4/4.host_depletion_norrna/RNA-Lycium_barbarum/SRR17208232_clean_2.fa.gz	generic	SRR17208232_clean_2.fa.gz	DRY
00b_HostDepletion/SRR17208233_clean_1.fa.gz	/home/zhangwenda/goji-virome/01_data/sra_rna.data4/4.host_depletion_norrna/RNA-Lycium_barbarum/SRR17208233_clean_1.fa.gz	generic	SRR17208233_clean_1.fa.gz	DRY
00b_HostDepletion/SRR17208233_clean_2.fa.gz	/home/zhangwenda/goji-virome/01_data/sra_rna.data4/4.host_depletion_norrna/RNA-Lycium_barbarum/SRR17208233_clean_2.fa.gz	generic	SRR17208233_clean_2.fa.gz	DRY
00b_HostDepletion/SRR35911571_clean_1.fa.gz	/home/zhangwenda/goji-virome/01_data/sra_rna.data4/4.host_depletion_norrna/RNA-Lycium_barbarum/SRR35911571_clean_1.fa.gz	generic	SRR35911571_clean_1.fa.gz	DRY
00b_HostDepletion/SRR35911579_clean_2.fa.gz	/home/zhangwenda/goji-virome/01_data/sra_rna.data4/4.host_depletion_norrna/RNA-Lycium_barbarum/SRR35911579_clean_2.fa.gz	generic	SRR35911579_clean_2.fa.gz	DRY
00b_HostDepletion/SRR18059513_clean_1.fa.gz	/home/zhangwenda/goji-virome/01_data/sra_rna.data4/4.host_depletion_norrna/RNA-Lycium_barbarum/SRR18059513_clean_1.fa.gz	generic	SRR18059513_clean_1.fa.gz	DRY
00b_HostDepletion/SRR18059513_clean_2.fa.gz	/home/zhangwenda/goji-virome/01_data/sra_rna.data4/4.host_depletion_norrna/RNA-Lycium_barbarum/SRR18059513_clean_2.fa.gz	generic	SRR18059513_clean_2.fa.gz	DRY
00b_HostDepletion/SRR18059514_1_clean.fa.gz	/home/zhangwenda/goji-virome/01_data/sra_rna.data4/4.host_depletion_norrna/RNA-Lycium_barbarum/SRR18059514_1_clean.fa.gz	generic	SRR18059514_1_clean.fa.gz	DRY
00b_HostDepletion/SRR18059515_1_clean.fa.gz	/home/zhangwenda/goji-virome/01_data/sra_rna.data4/4.host_depletion_norrna/RNA-Lycium_barbarum/SRR18059515_1_clean.fa.gz	generic	SRR18059515_1_clean.fa.gz	DRY
00b_HostDepletion/SRR18059518_1_clean.fa.gz	/home/zhangwenda/goji-virome/01_data/sra_rna.data4/4.host_depletion_norrna/RNA-Lycium_barbarum/SRR18059518_1_clean.fa.gz	generic	SRR18059518_1_clean.fa.gz	DRY
00b_HostDepletion/SRR18059519_1_clean.fa.gz	/home/zhangwenda/goji-virome/01_data/sra_rna.data4/4.host_depletion_norrna/RNA-Lycium_barbarum/SRR18059519_1_clean.fa.gz	generic	SRR18059519_1_clean.fa.gz	DRY
00b_HostDepletion/SRR18059520_1_clean.fa.gz	/home/zhangwenda/goji-virome/01_data/sra_rna.data4/4.host_depletion_norrna/RNA-Lycium_barbarum/SRR18059520_1_clean.fa.gz	generic	SRR18059520_1_clean.fa.gz	DRY
00b_HostDepletion/SRR18059521_1_clean.fa.gz	/home/zhangwenda/goji-virome/01_data/sra_rna.data4/4.host_depletion_norrna/RNA-Lycium_barbarum/SRR18059521_1_clean.fa.gz	generic	SRR18059521_1_clean.fa.gz	DRY
00b_HostDepletion/SRR18059522_1_clean.fa.gz	/home/zhangwenda/goji-virome/01_data/sra_rna.data4/4.host_depletion_norrna/RNA-Lycium_barbarum/SRR18059522_1_clean.fa.gz	generic	SRR18059522_1_clean.fa.gz	DRY
00b_HostDepletion/SRR18059523_1_clean.fa.gz	/home/zhangwenda/goji-virome/01_data/sra_rna.data4/4.host_depletion_norrna/RNA-Lycium_barbarum/SRR18059523_1_clean.fa.gz	generic	SRR18059523_1_clean.fa.gz	DRY
00b_HostDepletion/SRR18909608_clean_1.fa.gz	/home/zhangwenda/goji-virome/01_data/sra_rna.data4/4.host_depletion_norrna/RNA-Lycium_barbarum/SRR18909608_clean_1.fa.gz	generic	SRR18909608_clean_1.fa.gz	DRY
00b_HostDepletion/SRR18909608_clean_2.fa.gz	/home/zhangwenda/goji-virome/01_data/sra_rna.data4/4.host_depletion_norrna/RNA-Lycium_barbarum/SRR18909608_clean_2.fa.gz	generic	SRR18909608_clean_2.fa.gz	DRY
00b_HostDepletion/SRR20722141_1_clean.fa.gz	/home/zhangwenda/goji-virome/01_data/sra_rna.data4/4.host_depletion_norrna/RNA-Lycium_barbarum/SRR20722141_1_clean.fa.gz	generic	SRR20722141_1_clean.fa.gz	DRY
00b_HostDepletion/SRR20722142_1_clean.fa.gz	/home/zhangwenda/goji-virome/01_data/sra_rna.data4/4.host_depletion_norrna/RNA-Lycium_barbarum/SRR20722142_1_clean.fa.gz	generic	SRR20722142_1_clean.fa.gz	DRY
00b_HostDepletion/SRR20722143_1_clean.fa.gz	/home/zhangwenda/goji-virome/01_data/sra_rna.data4/4.host_depletion_norrna/RNA-Lycium_barbarum/SRR20722143_1_clean.fa.gz	generic	SRR20722143_1_clean.fa.gz	DRY
00b_HostDepletion/SRR20722144_1_clean.fa.gz	/home/zhangwenda/goji-virome/01_data/sra_rna.data4/4.host_depletion_norrna/RNA-Lycium_barbarum/SRR20722144_1_clean.fa.gz	generic	SRR20722144_1_clean.fa.gz	DRY
00b_HostDepletion/SRR20722145_1_clean.fa.gz	/home/zhangwenda/goji-virome/01_data/sra_rna.data4/4.host_depletion_norrna/RNA-Lycium_barbarum/SRR20722145_1_clean.fa.gz	generic	SRR20722145_1_clean.fa.gz	DRY
00b_HostDepletion/SRR2163069_1_clean.fa.gz	/home/zhangwenda/goji-virome/01_data/sra_rna.data4/4.host_depletion_norrna/RNA-Lycium_barbarum/SRR2163069_1_clean.fa.gz	generic	SRR2163069_1_clean.fa.gz	DRY
00b_HostDepletion/SRR2163070_1_clean.fa.gz	/home/zhangwenda/goji-virome/01_data/sra_rna.data4/4.host_depletion_norrna/RNA-Lycium_barbarum/SRR2163070_1_clean.fa.gz	generic	SRR2163070_1_clean.fa.gz	DRY
00b_HostDepletion/SRR2163071_1_clean.fa.gz	/home/zhangwenda/goji-virome/01_data/sra_rna.data4/4.host_depletion_norrna/RNA-Lycium_barbarum/SRR2163071_1_clean.fa.gz	generic	SRR2163071_1_clean.fa.gz	DRY
00b_HostDepletion/SRR2163072_1_clean.fa.gz	/home/zhangwenda/goji-virome/01_data/sra_rna.data4/4.host_depletion_norrna/RNA-Lycium_barbarum/SRR2163072_1_clean.fa.gz	generic	SRR2163072_1_clean.fa.gz	DRY
00b_HostDepletion/SRR21888382_clean_1.fa.gz	/home/zhangwenda/goji-virome/01_data/sra_rna.data4/4.host_depletion_norrna/RNA-Lycium_barbarum/SRR21888382_clean_1.fa.gz	generic	SRR21888382_clean_1.fa.gz	DRY
00b_HostDepletion/SRR21888382_clean_2.fa.gz	/home/zhangwenda/goji-virome/01_data/sra_rna.data4/4.host_depletion_norrna/RNA-Lycium_barbarum/SRR21888382_clean_2.fa.gz	generic	SRR21888382_clean_2.fa.gz	DRY
00b_HostDepletion/SRR21888383_clean_1.fa.gz	/home/zhangwenda/goji-virome/01_data/sra_rna.data4/4.host_depletion_norrna/RNA-Lycium_barbarum/SRR21888383_clean_1.fa.gz	generic	SRR21888383_clean_1.fa.gz	DRY
00b_HostDepletion/SRR21888383_clean_2.fa.gz	/home/zhangwenda/goji-virome/01_data/sra_rna.data4/4.host_depletion_norrna/RNA-Lycium_barbarum/SRR21888383_clean_2.fa.gz	generic	SRR21888383_clean_2.fa.gz	DRY
00b_HostDepletion/SRR21888384_clean_1.fa.gz	/home/zhangwenda/goji-virome/01_data/sra_rna.data4/4.host_depletion_norrna/RNA-Lycium_barbarum/SRR21888384_clean_1.fa.gz	generic	SRR21888384_clean_1.fa.gz	DRY
00b_HostDepletion/SRR21888384_clean_2.fa.gz	/home/zhangwenda/goji-virome/01_data/sra_rna.data4/4.host_depletion_norrna/RNA-Lycium_barbarum/SRR21888384_clean_2.fa.gz	generic	SRR21888384_clean_2.fa.gz	DRY
00b_HostDepletion/SRR21888385_clean_1.fa.gz	/home/zhangwenda/goji-virome/01_data/sra_rna.data4/4.host_depletion_norrna/RNA-Lycium_barbarum/SRR21888385_clean_1.fa.gz	generic	SRR21888385_clean_1.fa.gz	DRY
00b_HostDepletion/SRR21888385_clean_2.fa.gz	/home/zhangwenda/goji-virome/01_data/sra_rna.data4/4.host_depletion_norrna/RNA-Lycium_barbarum/SRR21888385_clean_2.fa.gz	generic	SRR21888385_clean_2.fa.gz	DRY
00b_HostDepletion/SRR21888386_clean_1.fa.gz	/home/zhangwenda/goji-virome/01_data/sra_rna.data4/4.host_depletion_norrna/RNA-Lycium_barbarum/SRR21888386_clean_1.fa.gz	generic	SRR21888386_clean_1.fa.gz	DRY
00b_HostDepletion/SRR21888386_clean_2.fa.gz	/home/zhangwenda/goji-virome/01_data/sra_rna.data4/4.host_depletion_norrna/RNA-Lycium_barbarum/SRR21888386_clean_2.fa.gz	generic	SRR21888386_clean_2.fa.gz	DRY
00b_HostDepletion/SRR21888387_clean_1.fa.gz	/home/zhangwenda/goji-virome/01_data/sra_rna.data4/4.host_depletion_norrna/RNA-Lycium_barbarum/SRR21888387_clean_1.fa.gz	generic	SRR21888387_clean_1.fa.gz	DRY
00b_HostDepletion/SRR21888387_clean_2.fa.gz	/home/zhangwenda/goji-virome/01_data/sra_rna.data4/4.host_depletion_norrna/RNA-Lycium_barbarum/SRR21888387_clean_2.fa.gz	generic	SRR21888387_clean_2.fa.gz	DRY
00b_HostDepletion/SRR21888388_clean_1.fa.gz	/home/zhangwenda/goji-virome/01_data/sra_rna.data4/4.host_depletion_norrna/RNA-Lycium_barbarum/SRR21888388_clean_1.fa.gz	generic	SRR21888388_clean_1.fa.gz	DRY
00b_HostDepletion/SRR21888388_clean_2.fa.gz	/home/zhangwenda/goji-virome/01_data/sra_rna.data4/4.host_depletion_norrna/RNA-Lycium_barbarum/SRR21888388_clean_2.fa.gz	generic	SRR21888388_clean_2.fa.gz	DRY
00b_HostDepletion/SRR21888389_clean_1.fa.gz	/home/zhangwenda/goji-virome/01_data/sra_rna.data4/4.host_depletion_norrna/RNA-Lycium_barbarum/SRR21888389_clean_1.fa.gz	generic	SRR21888389_clean_1.fa.gz	DRY
00b_HostDepletion/SRR21888389_clean_2.fa.gz	/home/zhangwenda/goji-virome/01_data/sra_rna.data4/4.host_depletion_norrna/RNA-Lycium_barbarum/SRR21888389_clean_2.fa.gz	generic	SRR21888389_clean_2.fa.gz	DRY
00b_HostDepletion/SRR21888390_clean_1.fa.gz	/home/zhangwenda/goji-virome/01_data/sra_rna.data4/4.host_depletion_norrna/RNA-Lycium_barbarum/SRR21888390_clean_1.fa.gz	generic	SRR21888390_clean_1.fa.gz	DRY
00b_HostDepletion/SRR21888390_clean_2.fa.gz	/home/zhangwenda/goji-virome/01_data/sra_rna.data4/4.host_depletion_norrna/RNA-Lycium_barbarum/SRR21888390_clean_2.fa.gz	generic	SRR21888390_clean_2.fa.gz	DRY
00b_HostDepletion/SRR21888391_clean_1.fa.gz	/home/zhangwenda/goji-virome/01_data/sra_rna.data4/4.host_depletion_norrna/RNA-Lycium_barbarum/SRR21888391_clean_1.fa.gz	generic	SRR21888391_clean_1.fa.gz	DRY
00b_HostDepletion/SRR21888391_clean_2.fa.gz	/home/zhangwenda/goji-virome/01_data/sra_rna.data4/4.host_depletion_norrna/RNA-Lycium_barbarum/SRR21888391_clean_2.fa.gz	generic	SRR21888391_clean_2.fa.gz	DRY
00b_HostDepletion/SRR21888392_clean_1.fa.gz	/home/zhangwenda/goji-virome/01_data/sra_rna.data4/4.host_depletion_norrna/RNA-Lycium_barbarum/SRR21888392_clean_1.fa.gz	generic	SRR21888392_clean_1.fa.gz	DRY
00b_HostDepletion/SRR21888392_clean_2.fa.gz	/home/zhangwenda/goji-virome/01_data/sra_rna.data4/4.host_depletion_norrna/RNA-Lycium_barbarum/SRR21888392_clean_2.fa.gz	generic	SRR21888392_clean_2.fa.gz	DRY
00b_HostDepletion/SRR21888393_clean_1.fa.gz	/home/zhangwenda/goji-virome/01_data/sra_rna.data4/4.host_depletion_norrna/RNA-Lycium_barbarum/SRR21888393_clean_1.fa.gz	generic	SRR21888393_clean_1.fa.gz	DRY
00b_HostDepletion/SRR21888393_clean_2.fa.gz	/home/zhangwenda/goji-virome/01_data/sra_rna.data4/4.host_depletion_norrna/RNA-Lycium_barbarum/SRR21888393_clean_2.fa.gz	generic	SRR21888393_clean_2.fa.gz	DRY
00b_HostDepletion/SRR21888394_clean_1.fa.gz	/home/zhangwenda/goji-virome/01_data/sra_rna.data4/4.host_depletion_norrna/RNA-Lycium_barbarum/SRR21888394_clean_1.fa.gz	generic	SRR21888394_clean_1.fa.gz	DRY
00b_HostDepletion/SRR21888394_clean_2.fa.gz	/home/zhangwenda/goji-virome/01_data/sra_rna.data4/4.host_depletion_norrna/RNA-Lycium_barbarum/SRR21888394_clean_2.fa.gz	generic	SRR21888394_clean_2.fa.gz	DRY
00b_HostDepletion/SRR21888396_clean_1.fa.gz	/home/zhangwenda/goji-virome/01_data/sra_rna.data4/4.host_depletion_norrna/RNA-Lycium_barbarum/SRR21888396_clean_1.fa.gz	generic	SRR21888396_clean_1.fa.gz	DRY
00b_HostDepletion/SRR21888396_clean_2.fa.gz	/home/zhangwenda/goji-virome/01_data/sra_rna.data4/4.host_depletion_norrna/RNA-Lycium_barbarum/SRR21888396_clean_2.fa.gz	generic	SRR21888396_clean_2.fa.gz	DRY
00b_HostDepletion/SRR22330847_clean_1.fa.gz	/home/zhangwenda/goji-virome/01_data/sra_rna.data4/4.host_depletion_norrna/RNA-Lycium_barbarum/SRR22330847_clean_1.fa.gz	generic	SRR22330847_clean_1.fa.gz	DRY
00b_HostDepletion/SRR22330847_clean_2.fa.gz	/home/zhangwenda/goji-virome/01_data/sra_rna.data4/4.host_depletion_norrna/RNA-Lycium_barbarum/SRR22330847_clean_2.fa.gz	generic	SRR22330847_clean_2.fa.gz	DRY
00b_HostDepletion/SRR22330848_clean_1.fa.gz	/home/zhangwenda/goji-virome/01_data/sra_rna.data4/4.host_depletion_norrna/RNA-Lycium_barbarum/SRR22330848_clean_1.fa.gz	generic	SRR22330848_clean_1.fa.gz	DRY
00b_HostDepletion/SRR22330848_clean_2.fa.gz	/home/zhangwenda/goji-virome/01_data/sra_rna.data4/4.host_depletion_norrna/RNA-Lycium_barbarum/SRR22330848_clean_2.fa.gz	generic	SRR22330848_clean_2.fa.gz	DRY
00b_HostDepletion/SRR27880476_clean_1.fa.gz	/home/zhangwenda/goji-virome/01_data/sra_rna.data4/4.host_depletion_norrna/RNA-Lycium_barbarum/SRR27880476_clean_1.fa.gz	generic	SRR27880476_clean_1.fa.gz	DRY
00b_HostDepletion/SRR33536660_clean_1.fa.gz	/home/zhangwenda/goji-virome/01_data/sra_rna.data4/4.host_depletion_norrna/RNA-Lycium_barbarum/SRR33536660_clean_1.fa.gz	generic	SRR33536660_clean_1.fa.gz	DRY
00b_HostDepletion/SRR22330850_clean_1.fa.gz	/home/zhangwenda/goji-virome/01_data/sra_rna.data4/4.host_depletion_norrna/RNA-Lycium_barbarum/SRR22330850_clean_1.fa.gz	generic	SRR22330850_clean_1.fa.gz	DRY
00b_HostDepletion/SRR22330850_clean_2.fa.gz	/home/zhangwenda/goji-virome/01_data/sra_rna.data4/4.host_depletion_norrna/RNA-Lycium_barbarum/SRR22330850_clean_2.fa.gz	generic	SRR22330850_clean_2.fa.gz	DRY
00b_HostDepletion/SRR22330851_clean_1.fa.gz	/home/zhangwenda/goji-virome/01_data/sra_rna.data4/4.host_depletion_norrna/RNA-Lycium_barbarum/SRR22330851_clean_1.fa.gz	generic	SRR22330851_clean_1.fa.gz	DRY
00b_HostDepletion/SRR22330851_clean_2.fa.gz	/home/zhangwenda/goji-virome/01_data/sra_rna.data4/4.host_depletion_norrna/RNA-Lycium_barbarum/SRR22330851_clean_2.fa.gz	generic	SRR22330851_clean_2.fa.gz	DRY
00b_HostDepletion/SRR22330852_clean_1.fa.gz	/home/zhangwenda/goji-virome/01_data/sra_rna.data4/4.host_depletion_norrna/RNA-Lycium_barbarum/SRR22330852_clean_1.fa.gz	generic	SRR22330852_clean_1.fa.gz	DRY
00b_HostDepletion/SRR22330852_clean_2.fa.gz	/home/zhangwenda/goji-virome/01_data/sra_rna.data4/4.host_depletion_norrna/RNA-Lycium_barbarum/SRR22330852_clean_2.fa.gz	generic	SRR22330852_clean_2.fa.gz	DRY
00b_HostDepletion/SRR22330853_clean_1.fa.gz	/home/zhangwenda/goji-virome/01_data/sra_rna.data4/4.host_depletion_norrna/RNA-Lycium_barbarum/SRR22330853_clean_1.fa.gz	generic	SRR22330853_clean_1.fa.gz	DRY
00b_HostDepletion/SRR22330853_clean_2.fa.gz	/home/zhangwenda/goji-virome/01_data/sra_rna.data4/4.host_depletion_norrna/RNA-Lycium_barbarum/SRR22330853_clean_2.fa.gz	generic	SRR22330853_clean_2.fa.gz	DRY
00b_HostDepletion/SRR22330854_clean_1.fa.gz	/home/zhangwenda/goji-virome/01_data/sra_rna.data4/4.host_depletion_norrna/RNA-Lycium_barbarum/SRR22330854_clean_1.fa.gz	generic	SRR22330854_clean_1.fa.gz	DRY
00b_HostDepletion/SRR22330854_clean_2.fa.gz	/home/zhangwenda/goji-virome/01_data/sra_rna.data4/4.host_depletion_norrna/RNA-Lycium_barbarum/SRR22330854_clean_2.fa.gz	generic	SRR22330854_clean_2.fa.gz	DRY
00b_HostDepletion/SRR22330855_clean_1.fa.gz	/home/zhangwenda/goji-virome/01_data/sra_rna.data4/4.host_depletion_norrna/RNA-Lycium_barbarum/SRR22330855_clean_1.fa.gz	generic	SRR22330855_clean_1.fa.gz	DRY
00b_HostDepletion/SRR22330855_clean_2.fa.gz	/home/zhangwenda/goji-virome/01_data/sra_rna.data4/4.host_depletion_norrna/RNA-Lycium_barbarum/SRR22330855_clean_2.fa.gz	generic	SRR22330855_clean_2.fa.gz	DRY
00b_HostDepletion/SRR22413776_clean_1.fa.gz	/home/zhangwenda/goji-virome/01_data/sra_rna.data4/4.host_depletion_norrna/RNA-Lycium_barbarum/SRR22413776_clean_1.fa.gz	generic	SRR22413776_clean_1.fa.gz	DRY
00b_HostDepletion/SRR22413776_clean_2.fa.gz	/home/zhangwenda/goji-virome/01_data/sra_rna.data4/4.host_depletion_norrna/RNA-Lycium_barbarum/SRR22413776_clean_2.fa.gz	generic	SRR22413776_clean_2.fa.gz	DRY
00b_HostDepletion/SRR22413777_clean_1.fa.gz	/home/zhangwenda/goji-virome/01_data/sra_rna.data4/4.host_depletion_norrna/RNA-Lycium_barbarum/SRR22413777_clean_1.fa.gz	generic	SRR22413777_clean_1.fa.gz	DRY
00b_HostDepletion/SRR22413777_clean_2.fa.gz	/home/zhangwenda/goji-virome/01_data/sra_rna.data4/4.host_depletion_norrna/RNA-Lycium_barbarum/SRR22413777_clean_2.fa.gz	generic	SRR22413777_clean_2.fa.gz	DRY
00b_HostDepletion/SRR22413778_clean_1.fa.gz	/home/zhangwenda/goji-virome/01_data/sra_rna.data4/4.host_depletion_norrna/RNA-Lycium_barbarum/SRR22413778_clean_1.fa.gz	generic	SRR22413778_clean_1.fa.gz	DRY
00b_HostDepletion/SRR22413778_clean_2.fa.gz	/home/zhangwenda/goji-virome/01_data/sra_rna.data4/4.host_depletion_norrna/RNA-Lycium_barbarum/SRR22413778_clean_2.fa.gz	generic	SRR22413778_clean_2.fa.gz	DRY
00b_HostDepletion/SRR22413779_clean_1.fa.gz	/home/zhangwenda/goji-virome/01_data/sra_rna.data4/4.host_depletion_norrna/RNA-Lycium_barbarum/SRR22413779_clean_1.fa.gz	generic	SRR22413779_clean_1.fa.gz	DRY
00b_HostDepletion/SRR22413779_clean_2.fa.gz	/home/zhangwenda/goji-virome/01_data/sra_rna.data4/4.host_depletion_norrna/RNA-Lycium_barbarum/SRR22413779_clean_2.fa.gz	generic	SRR22413779_clean_2.fa.gz	DRY
00b_HostDepletion/SRR22413780_clean_1.fa.gz	/home/zhangwenda/goji-virome/01_data/sra_rna.data4/4.host_depletion_norrna/RNA-Lycium_barbarum/SRR22413780_clean_1.fa.gz	generic	SRR22413780_clean_1.fa.gz	DRY
00b_HostDepletion/SRR22413780_clean_2.fa.gz	/home/zhangwenda/goji-virome/01_data/sra_rna.data4/4.host_depletion_norrna/RNA-Lycium_barbarum/SRR22413780_clean_2.fa.gz	generic	SRR22413780_clean_2.fa.gz	DRY
00b_HostDepletion/SRR22413781_clean_1.fa.gz	/home/zhangwenda/goji-virome/01_data/sra_rna.data4/4.host_depletion_norrna/RNA-Lycium_barbarum/SRR22413781_clean_1.fa.gz	generic	SRR22413781_clean_1.fa.gz	DRY
00b_HostDepletion/SRR22413781_clean_2.fa.gz	/home/zhangwenda/goji-virome/01_data/sra_rna.data4/4.host_depletion_norrna/RNA-Lycium_barbarum/SRR22413781_clean_2.fa.gz	generic	SRR22413781_clean_2.fa.gz	DRY
00b_HostDepletion/SRR22413782_clean_1.fa.gz	/home/zhangwenda/goji-virome/01_data/sra_rna.data4/4.host_depletion_norrna/RNA-Lycium_barbarum/SRR22413782_clean_1.fa.gz	generic	SRR22413782_clean_1.fa.gz	DRY
00b_HostDepletion/SRR22413782_clean_2.fa.gz	/home/zhangwenda/goji-virome/01_data/sra_rna.data4/4.host_depletion_norrna/RNA-Lycium_barbarum/SRR22413782_clean_2.fa.gz	generic	SRR22413782_clean_2.fa.gz	DRY
00b_HostDepletion/SRR22413783_clean_1.fa.gz	/home/zhangwenda/goji-virome/01_data/sra_rna.data4/4.host_depletion_norrna/RNA-Lycium_barbarum/SRR22413783_clean_1.fa.gz	generic	SRR22413783_clean_1.fa.gz	DRY
00b_HostDepletion/SRR22413783_clean_2.fa.gz	/home/zhangwenda/goji-virome/01_data/sra_rna.data4/4.host_depletion_norrna/RNA-Lycium_barbarum/SRR22413783_clean_2.fa.gz	generic	SRR22413783_clean_2.fa.gz	DRY
00b_HostDepletion/SRR22413784_clean_1.fa.gz	/home/zhangwenda/goji-virome/01_data/sra_rna.data4/4.host_depletion_norrna/RNA-Lycium_barbarum/SRR22413784_clean_1.fa.gz	generic	SRR22413784_clean_1.fa.gz	DRY
00b_HostDepletion/SRR22413784_clean_2.fa.gz	/home/zhangwenda/goji-virome/01_data/sra_rna.data4/4.host_depletion_norrna/RNA-Lycium_barbarum/SRR22413784_clean_2.fa.gz	generic	SRR22413784_clean_2.fa.gz	DRY
00b_HostDepletion/SRR22413785_clean_1.fa.gz	/home/zhangwenda/goji-virome/01_data/sra_rna.data4/4.host_depletion_norrna/RNA-Lycium_barbarum/SRR22413785_clean_1.fa.gz	generic	SRR22413785_clean_1.fa.gz	DRY
00b_HostDepletion/SRR22413785_clean_2.fa.gz	/home/zhangwenda/goji-virome/01_data/sra_rna.data4/4.host_depletion_norrna/RNA-Lycium_barbarum/SRR22413785_clean_2.fa.gz	generic	SRR22413785_clean_2.fa.gz	DRY
00b_HostDepletion/SRR22413786_clean_1.fa.gz	/home/zhangwenda/goji-virome/01_data/sra_rna.data4/4.host_depletion_norrna/RNA-Lycium_barbarum/SRR22413786_clean_1.fa.gz	generic	SRR22413786_clean_1.fa.gz	DRY
00b_HostDepletion/SRR22413786_clean_2.fa.gz	/home/zhangwenda/goji-virome/01_data/sra_rna.data4/4.host_depletion_norrna/RNA-Lycium_barbarum/SRR22413786_clean_2.fa.gz	generic	SRR22413786_clean_2.fa.gz	DRY
00b_HostDepletion/SRR22413787_clean_1.fa.gz	/home/zhangwenda/goji-virome/01_data/sra_rna.data4/4.host_depletion_norrna/RNA-Lycium_barbarum/SRR22413787_clean_1.fa.gz	generic	SRR22413787_clean_1.fa.gz	DRY
00b_HostDepletion/SRR22413787_clean_2.fa.gz	/home/zhangwenda/goji-virome/01_data/sra_rna.data4/4.host_depletion_norrna/RNA-Lycium_barbarum/SRR22413787_clean_2.fa.gz	generic	SRR22413787_clean_2.fa.gz	DRY
00b_HostDepletion/SRR33536648_clean_2.fa.gz	/home/zhangwenda/goji-virome/01_data/sra_rna.data4/4.host_depletion_norrna/RNA-Lycium_barbarum/SRR33536648_clean_2.fa.gz	generic	SRR33536648_clean_2.fa.gz	DRY
00b_HostDepletion/SRR27880476_clean_2.fa.gz	/home/zhangwenda/goji-virome/01_data/sra_rna.data4/4.host_depletion_norrna/RNA-Lycium_barbarum/SRR27880476_clean_2.fa.gz	generic	SRR27880476_clean_2.fa.gz	DRY
00b_HostDepletion/SRR33536651_clean_1.fa.gz	/home/zhangwenda/goji-virome/01_data/sra_rna.data4/4.host_depletion_norrna/RNA-Lycium_barbarum/SRR33536651_clean_1.fa.gz	generic	SRR33536651_clean_1.fa.gz	DRY
00b_HostDepletion/SRR33536660_clean_2.fa.gz	/home/zhangwenda/goji-virome/01_data/sra_rna.data4/4.host_depletion_norrna/RNA-Lycium_barbarum/SRR33536660_clean_2.fa.gz	generic	SRR33536660_clean_2.fa.gz	DRY
00b_HostDepletion/SRR22742700_clean_1.fa.gz	/home/zhangwenda/goji-virome/01_data/sra_rna.data4/4.host_depletion_norrna/RNA-Lycium_barbarum/SRR22742700_clean_1.fa.gz	generic	SRR22742700_clean_1.fa.gz	DRY
00b_HostDepletion/SRR22742700_clean_2.fa.gz	/home/zhangwenda/goji-virome/01_data/sra_rna.data4/4.host_depletion_norrna/RNA-Lycium_barbarum/SRR22742700_clean_2.fa.gz	generic	SRR22742700_clean_2.fa.gz	DRY
00b_HostDepletion/SRR23515442_clean_1.fa.gz	/home/zhangwenda/goji-virome/01_data/sra_rna.data4/4.host_depletion_norrna/RNA-Lycium_barbarum/SRR23515442_clean_1.fa.gz	generic	SRR23515442_clean_1.fa.gz	DRY
00b_HostDepletion/SRR24305226_clean_1.fa.gz	/home/zhangwenda/goji-virome/01_data/sra_rna.data4/4.host_depletion_norrna/RNA-Lycium_barbarum/SRR24305226_clean_1.fa.gz	generic	SRR24305226_clean_1.fa.gz	DRY
00b_HostDepletion/SRR24305230_clean_1.fa.gz	/home/zhangwenda/goji-virome/01_data/sra_rna.data4/4.host_depletion_norrna/RNA-Lycium_barbarum/SRR24305230_clean_1.fa.gz	generic	SRR24305230_clean_1.fa.gz	DRY
00b_HostDepletion/SRR33536649_clean_1.fa.gz	/home/zhangwenda/goji-virome/01_data/sra_rna.data4/4.host_depletion_norrna/RNA-Lycium_barbarum/SRR33536649_clean_1.fa.gz	generic	SRR33536649_clean_1.fa.gz	DRY
00b_HostDepletion/SRR23561020_clean_1.fa.gz	/home/zhangwenda/goji-virome/01_data/sra_rna.data4/4.host_depletion_norrna/RNA-Lycium_barbarum/SRR23561020_clean_1.fa.gz	generic	SRR23561020_clean_1.fa.gz	DRY
00b_HostDepletion/SRR23561020_clean_2.fa.gz	/home/zhangwenda/goji-virome/01_data/sra_rna.data4/4.host_depletion_norrna/RNA-Lycium_barbarum/SRR23561020_clean_2.fa.gz	generic	SRR23561020_clean_2.fa.gz	DRY
00b_HostDepletion/SRR23587947_clean_1.fa.gz	/home/zhangwenda/goji-virome/01_data/sra_rna.data4/4.host_depletion_norrna/RNA-Lycium_barbarum/SRR23587947_clean_1.fa.gz	generic	SRR23587947_clean_1.fa.gz	DRY
00b_HostDepletion/SRR23587947_clean_2.fa.gz	/home/zhangwenda/goji-virome/01_data/sra_rna.data4/4.host_depletion_norrna/RNA-Lycium_barbarum/SRR23587947_clean_2.fa.gz	generic	SRR23587947_clean_2.fa.gz	DRY
00b_HostDepletion/SRR24305230_clean_2.fa.gz	/home/zhangwenda/goji-virome/01_data/sra_rna.data4/4.host_depletion_norrna/RNA-Lycium_barbarum/SRR24305230_clean_2.fa.gz	generic	SRR24305230_clean_2.fa.gz	DRY
00b_HostDepletion/SRR33536649_clean_2.fa.gz	/home/zhangwenda/goji-virome/01_data/sra_rna.data4/4.host_depletion_norrna/RNA-Lycium_barbarum/SRR33536649_clean_2.fa.gz	generic	SRR33536649_clean_2.fa.gz	DRY
00b_HostDepletion/SRR24305228_clean_1.fa.gz	/home/zhangwenda/goji-virome/01_data/sra_rna.data4/4.host_depletion_norrna/RNA-Lycium_barbarum/SRR24305228_clean_1.fa.gz	generic	SRR24305228_clean_1.fa.gz	DRY
00b_HostDepletion/SRR24305228_clean_2.fa.gz	/home/zhangwenda/goji-virome/01_data/sra_rna.data4/4.host_depletion_norrna/RNA-Lycium_barbarum/SRR24305228_clean_2.fa.gz	generic	SRR24305228_clean_2.fa.gz	DRY
00b_HostDepletion/SRR2344933_clean_1.fa.gz	/home/zhangwenda/goji-virome/01_data/sra_rna.data4/4.host_depletion_norrna/RNA-Lycium_barbarum/SRR2344933_clean_1.fa.gz	generic	SRR2344933_clean_1.fa.gz	DRY
00b_HostDepletion/SRR2344933_clean_2.fa.gz	/home/zhangwenda/goji-virome/01_data/sra_rna.data4/4.host_depletion_norrna/RNA-Lycium_barbarum/SRR2344933_clean_2.fa.gz	generic	SRR2344933_clean_2.fa.gz	DRY
00b_HostDepletion/SRR23515442_clean_2.fa.gz	/home/zhangwenda/goji-virome/01_data/sra_rna.data4/4.host_depletion_norrna/RNA-Lycium_barbarum/SRR23515442_clean_2.fa.gz	generic	SRR23515442_clean_2.fa.gz	DRY
00b_HostDepletion/SRR24305226_clean_2.fa.gz	/home/zhangwenda/goji-virome/01_data/sra_rna.data4/4.host_depletion_norrna/RNA-Lycium_barbarum/SRR24305226_clean_2.fa.gz	generic	SRR24305226_clean_2.fa.gz	DRY
00b_HostDepletion/SRR25775933_clean_1.fa.gz	/home/zhangwenda/goji-virome/01_data/sra_rna.data4/4.host_depletion_norrna/RNA-Lycium_barbarum/SRR25775933_clean_1.fa.gz	generic	SRR25775933_clean_1.fa.gz	DRY
00b_HostDepletion/SRR33536650_clean_1.fa.gz	/home/zhangwenda/goji-virome/01_data/sra_rna.data4/4.host_depletion_norrna/RNA-Lycium_barbarum/SRR33536650_clean_1.fa.gz	generic	SRR33536650_clean_1.fa.gz	DRY
00b_HostDepletion/SRR33536648_clean_1.fa.gz	/home/zhangwenda/goji-virome/01_data/sra_rna.data4/4.host_depletion_norrna/RNA-Lycium_barbarum/SRR33536648_clean_1.fa.gz	generic	SRR33536648_clean_1.fa.gz	DRY
00b_HostDepletion/SRR25775933_clean_2.fa.gz	/home/zhangwenda/goji-virome/01_data/sra_rna.data4/4.host_depletion_norrna/RNA-Lycium_barbarum/SRR25775933_clean_2.fa.gz	generic	SRR25775933_clean_2.fa.gz	DRY
00b_HostDepletion/SRR33536650_clean_2.fa.gz	/home/zhangwenda/goji-virome/01_data/sra_rna.data4/4.host_depletion_norrna/RNA-Lycium_barbarum/SRR33536650_clean_2.fa.gz	generic	SRR33536650_clean_2.fa.gz	DRY
00b_HostDepletion/SRR33536651_clean_2.fa.gz	/home/zhangwenda/goji-virome/01_data/sra_rna.data4/4.host_depletion_norrna/RNA-Lycium_barbarum/SRR33536651_clean_2.fa.gz	generic	SRR33536651_clean_2.fa.gz	DRY
00b_HostDepletion/SRR23107137_clean_1.fa.gz	/home/zhangwenda/goji-virome/01_data/sra_rna.data4/4.host_depletion_norrna/RNA-Lycium_barbarum/SRR23107137_clean_1.fa.gz	generic	SRR23107137_clean_1.fa.gz	DRY
00b_HostDepletion/SRR23107137_clean_2.fa.gz	/home/zhangwenda/goji-virome/01_data/sra_rna.data4/4.host_depletion_norrna/RNA-Lycium_barbarum/SRR23107137_clean_2.fa.gz	generic	SRR23107137_clean_2.fa.gz	DRY
00b_HostDepletion/SRR23215176_clean_1.fa.gz	/home/zhangwenda/goji-virome/01_data/sra_rna.data4/4.host_depletion_norrna/RNA-Lycium_barbarum/SRR23215176_clean_1.fa.gz	generic	SRR23215176_clean_1.fa.gz	DRY
00b_HostDepletion/SRR23215177_clean_2.fa.gz	/home/zhangwenda/goji-virome/01_data/sra_rna.data4/4.host_depletion_norrna/RNA-Lycium_barbarum/SRR23215177_clean_2.fa.gz	generic	SRR23215177_clean_2.fa.gz	DRY
00b_HostDepletion/SRR23107141_clean_1.fa.gz	/home/zhangwenda/goji-virome/01_data/sra_rna.data4/4.host_depletion_norrna/RNA-Lycium_barbarum/SRR23107141_clean_1.fa.gz	generic	SRR23107141_clean_1.fa.gz	DRY
00b_HostDepletion/SRR23107141_clean_2.fa.gz	/home/zhangwenda/goji-virome/01_data/sra_rna.data4/4.host_depletion_norrna/RNA-Lycium_barbarum/SRR23107141_clean_2.fa.gz	generic	SRR23107141_clean_2.fa.gz	DRY
00b_HostDepletion/SRR23107142_clean_1.fa.gz	/home/zhangwenda/goji-virome/01_data/sra_rna.data4/4.host_depletion_norrna/RNA-Lycium_barbarum/SRR23107142_clean_1.fa.gz	generic	SRR23107142_clean_1.fa.gz	DRY
00b_HostDepletion/SRR23107142_clean_2.fa.gz	/home/zhangwenda/goji-virome/01_data/sra_rna.data4/4.host_depletion_norrna/RNA-Lycium_barbarum/SRR23107142_clean_2.fa.gz	generic	SRR23107142_clean_2.fa.gz	DRY
00b_HostDepletion/SRR23215176_clean_2.fa.gz	/home/zhangwenda/goji-virome/01_data/sra_rna.data4/4.host_depletion_norrna/RNA-Lycium_barbarum/SRR23215176_clean_2.fa.gz	generic	SRR23215176_clean_2.fa.gz	DRY
00b_HostDepletion/SRR23215178_clean_1.fa.gz	/home/zhangwenda/goji-virome/01_data/sra_rna.data4/4.host_depletion_norrna/RNA-Lycium_barbarum/SRR23215178_clean_1.fa.gz	generic	SRR23215178_clean_1.fa.gz	DRY
00b_HostDepletion/SRR23215179_clean_1.fa.gz	/home/zhangwenda/goji-virome/01_data/sra_rna.data4/4.host_depletion_norrna/RNA-Lycium_barbarum/SRR23215179_clean_1.fa.gz	generic	SRR23215179_clean_1.fa.gz	DRY
00b_HostDepletion/SRR23215184_clean_1.fa.gz	/home/zhangwenda/goji-virome/01_data/sra_rna.data4/4.host_depletion_norrna/RNA-Lycium_barbarum/SRR23215184_clean_1.fa.gz	generic	SRR23215184_clean_1.fa.gz	DRY
00b_HostDepletion/SRR23215183_clean_1.fa.gz	/home/zhangwenda/goji-virome/01_data/sra_rna.data4/4.host_depletion_norrna/RNA-Lycium_barbarum/SRR23215183_clean_1.fa.gz	generic	SRR23215183_clean_1.fa.gz	DRY
00b_HostDepletion/SRR23215183_clean_2.fa.gz	/home/zhangwenda/goji-virome/01_data/sra_rna.data4/4.host_depletion_norrna/RNA-Lycium_barbarum/SRR23215183_clean_2.fa.gz	generic	SRR23215183_clean_2.fa.gz	DRY
00b_HostDepletion/SRR23215185_clean_1.fa.gz	/home/zhangwenda/goji-virome/01_data/sra_rna.data4/4.host_depletion_norrna/RNA-Lycium_barbarum/SRR23215185_clean_1.fa.gz	generic	SRR23215185_clean_1.fa.gz	DRY
00b_HostDepletion/SRR23215178_clean_2.fa.gz	/home/zhangwenda/goji-virome/01_data/sra_rna.data4/4.host_depletion_norrna/RNA-Lycium_barbarum/SRR23215178_clean_2.fa.gz	generic	SRR23215178_clean_2.fa.gz	DRY
00b_HostDepletion/SRR23215179_clean_2.fa.gz	/home/zhangwenda/goji-virome/01_data/sra_rna.data4/4.host_depletion_norrna/RNA-Lycium_barbarum/SRR23215179_clean_2.fa.gz	generic	SRR23215179_clean_2.fa.gz	DRY
00b_HostDepletion/SRR23215184_clean_2.fa.gz	/home/zhangwenda/goji-virome/01_data/sra_rna.data4/4.host_depletion_norrna/RNA-Lycium_barbarum/SRR23215184_clean_2.fa.gz	generic	SRR23215184_clean_2.fa.gz	DRY
00b_HostDepletion/SRR23215186_clean_1.fa.gz	/home/zhangwenda/goji-virome/01_data/sra_rna.data4/4.host_depletion_norrna/RNA-Lycium_barbarum/SRR23215186_clean_1.fa.gz	generic	SRR23215186_clean_1.fa.gz	DRY
00b_HostDepletion/SRR23215186_clean_2.fa.gz	/home/zhangwenda/goji-virome/01_data/sra_rna.data4/4.host_depletion_norrna/RNA-Lycium_barbarum/SRR23215186_clean_2.fa.gz	generic	SRR23215186_clean_2.fa.gz	DRY
00b_HostDepletion/SRR23215187_clean_1.fa.gz	/home/zhangwenda/goji-virome/01_data/sra_rna.data4/4.host_depletion_norrna/RNA-Lycium_barbarum/SRR23215187_clean_1.fa.gz	generic	SRR23215187_clean_1.fa.gz	DRY
00b_HostDepletion/SRR23215187_clean_2.fa.gz	/home/zhangwenda/goji-virome/01_data/sra_rna.data4/4.host_depletion_norrna/RNA-Lycium_barbarum/SRR23215187_clean_2.fa.gz	generic	SRR23215187_clean_2.fa.gz	DRY
00b_HostDepletion/SRR2344922_clean_1.fa.gz	/home/zhangwenda/goji-virome/01_data/sra_rna.data4/4.host_depletion_norrna/RNA-Lycium_barbarum/SRR2344922_clean_1.fa.gz	generic	SRR2344922_clean_1.fa.gz	DRY
00b_HostDepletion/SRR2344922_clean_2.fa.gz	/home/zhangwenda/goji-virome/01_data/sra_rna.data4/4.host_depletion_norrna/RNA-Lycium_barbarum/SRR2344922_clean_2.fa.gz	generic	SRR2344922_clean_2.fa.gz	DRY
00b_HostDepletion/SRR2344923_clean_1.fa.gz	/home/zhangwenda/goji-virome/01_data/sra_rna.data4/4.host_depletion_norrna/RNA-Lycium_barbarum/SRR2344923_clean_1.fa.gz	generic	SRR2344923_clean_1.fa.gz	DRY
00b_HostDepletion/SRR2344923_clean_2.fa.gz	/home/zhangwenda/goji-virome/01_data/sra_rna.data4/4.host_depletion_norrna/RNA-Lycium_barbarum/SRR2344923_clean_2.fa.gz	generic	SRR2344923_clean_2.fa.gz	DRY
00b_HostDepletion/SRR2344924_clean_1.fa.gz	/home/zhangwenda/goji-virome/01_data/sra_rna.data4/4.host_depletion_norrna/RNA-Lycium_barbarum/SRR2344924_clean_1.fa.gz	generic	SRR2344924_clean_1.fa.gz	DRY
00b_HostDepletion/SRR2344924_clean_2.fa.gz	/home/zhangwenda/goji-virome/01_data/sra_rna.data4/4.host_depletion_norrna/RNA-Lycium_barbarum/SRR2344924_clean_2.fa.gz	generic	SRR2344924_clean_2.fa.gz	DRY
00b_HostDepletion/SRR23215180_clean_1.fa.gz	/home/zhangwenda/goji-virome/01_data/sra_rna.data4/4.host_depletion_norrna/RNA-Lycium_barbarum/SRR23215180_clean_1.fa.gz	generic	SRR23215180_clean_1.fa.gz	DRY
00b_HostDepletion/SRR23215177_clean_1.fa.gz	/home/zhangwenda/goji-virome/01_data/sra_rna.data4/4.host_depletion_norrna/RNA-Lycium_barbarum/SRR23215177_clean_1.fa.gz	generic	SRR23215177_clean_1.fa.gz	DRY
00b_HostDepletion/SRR2344926_clean_1.fa.gz	/home/zhangwenda/goji-virome/01_data/sra_rna.data4/4.host_depletion_norrna/RNA-Lycium_barbarum/SRR2344926_clean_1.fa.gz	generic	SRR2344926_clean_1.fa.gz	DRY
00b_HostDepletion/SRR2344926_clean_2.fa.gz	/home/zhangwenda/goji-virome/01_data/sra_rna.data4/4.host_depletion_norrna/RNA-Lycium_barbarum/SRR2344926_clean_2.fa.gz	generic	SRR2344926_clean_2.fa.gz	DRY
00b_HostDepletion/SRR2344927_clean_1.fa.gz	/home/zhangwenda/goji-virome/01_data/sra_rna.data4/4.host_depletion_norrna/RNA-Lycium_barbarum/SRR2344927_clean_1.fa.gz	generic	SRR2344927_clean_1.fa.gz	DRY
00b_HostDepletion/SRR2344927_clean_2.fa.gz	/home/zhangwenda/goji-virome/01_data/sra_rna.data4/4.host_depletion_norrna/RNA-Lycium_barbarum/SRR2344927_clean_2.fa.gz	generic	SRR2344927_clean_2.fa.gz	DRY
00b_HostDepletion/SRR2344928_clean_1.fa.gz	/home/zhangwenda/goji-virome/01_data/sra_rna.data4/4.host_depletion_norrna/RNA-Lycium_barbarum/SRR2344928_clean_1.fa.gz	generic	SRR2344928_clean_1.fa.gz	DRY
00b_HostDepletion/SRR2344928_clean_2.fa.gz	/home/zhangwenda/goji-virome/01_data/sra_rna.data4/4.host_depletion_norrna/RNA-Lycium_barbarum/SRR2344928_clean_2.fa.gz	generic	SRR2344928_clean_2.fa.gz	DRY
00b_HostDepletion/SRR2344929_clean_1.fa.gz	/home/zhangwenda/goji-virome/01_data/sra_rna.data4/4.host_depletion_norrna/RNA-Lycium_barbarum/SRR2344929_clean_1.fa.gz	generic	SRR2344929_clean_1.fa.gz	DRY
00b_HostDepletion/SRR2344929_clean_2.fa.gz	/home/zhangwenda/goji-virome/01_data/sra_rna.data4/4.host_depletion_norrna/RNA-Lycium_barbarum/SRR2344929_clean_2.fa.gz	generic	SRR2344929_clean_2.fa.gz	DRY
00b_HostDepletion/SRR2344930_clean_1.fa.gz	/home/zhangwenda/goji-virome/01_data/sra_rna.data4/4.host_depletion_norrna/RNA-Lycium_barbarum/SRR2344930_clean_1.fa.gz	generic	SRR2344930_clean_1.fa.gz	DRY
00b_HostDepletion/SRR2344930_clean_2.fa.gz	/home/zhangwenda/goji-virome/01_data/sra_rna.data4/4.host_depletion_norrna/RNA-Lycium_barbarum/SRR2344930_clean_2.fa.gz	generic	SRR2344930_clean_2.fa.gz	DRY
00b_HostDepletion/SRR23215180_clean_2.fa.gz	/home/zhangwenda/goji-virome/01_data/sra_rna.data4/4.host_depletion_norrna/RNA-Lycium_barbarum/SRR23215180_clean_2.fa.gz	generic	SRR23215180_clean_2.fa.gz	DRY
00b_HostDepletion/SRR23215185_clean_2.fa.gz	/home/zhangwenda/goji-virome/01_data/sra_rna.data4/4.host_depletion_norrna/RNA-Lycium_barbarum/SRR23215185_clean_2.fa.gz	generic	SRR23215185_clean_2.fa.gz	DRY
00b_HostDepletion/SRR2344932_clean_1.fa.gz	/home/zhangwenda/goji-virome/01_data/sra_rna.data4/4.host_depletion_norrna/RNA-Lycium_barbarum/SRR2344932_clean_1.fa.gz	generic	SRR2344932_clean_1.fa.gz	DRY
00b_HostDepletion/SRR2344932_clean_2.fa.gz	/home/zhangwenda/goji-virome/01_data/sra_rna.data4/4.host_depletion_norrna/RNA-Lycium_barbarum/SRR2344932_clean_2.fa.gz	generic	SRR2344932_clean_2.fa.gz	DRY
00b_HostDepletion/SRR23215181_clean_1.fa.gz	/home/zhangwenda/goji-virome/01_data/sra_rna.data4/4.host_depletion_norrna/RNA-Lycium_barbarum/SRR23215181_clean_1.fa.gz	generic	SRR23215181_clean_1.fa.gz	DRY
00b_HostDepletion/SRR2344925_clean_1.fa.gz	/home/zhangwenda/goji-virome/01_data/sra_rna.data4/4.host_depletion_norrna/RNA-Lycium_barbarum/SRR2344925_clean_1.fa.gz	generic	SRR2344925_clean_1.fa.gz	DRY
00b_HostDepletion/SRR2344934_clean_1.fa.gz	/home/zhangwenda/goji-virome/01_data/sra_rna.data4/4.host_depletion_norrna/RNA-Lycium_barbarum/SRR2344934_clean_1.fa.gz	generic	SRR2344934_clean_1.fa.gz	DRY
00b_HostDepletion/SRR2344934_clean_2.fa.gz	/home/zhangwenda/goji-virome/01_data/sra_rna.data4/4.host_depletion_norrna/RNA-Lycium_barbarum/SRR2344934_clean_2.fa.gz	generic	SRR2344934_clean_2.fa.gz	DRY
00b_HostDepletion/SRR2344935_clean_1.fa.gz	/home/zhangwenda/goji-virome/01_data/sra_rna.data4/4.host_depletion_norrna/RNA-Lycium_barbarum/SRR2344935_clean_1.fa.gz	generic	SRR2344935_clean_1.fa.gz	DRY
00b_HostDepletion/SRR2344935_clean_2.fa.gz	/home/zhangwenda/goji-virome/01_data/sra_rna.data4/4.host_depletion_norrna/RNA-Lycium_barbarum/SRR2344935_clean_2.fa.gz	generic	SRR2344935_clean_2.fa.gz	DRY
00b_HostDepletion/SRR2344936_clean_1.fa.gz	/home/zhangwenda/goji-virome/01_data/sra_rna.data4/4.host_depletion_norrna/RNA-Lycium_barbarum/SRR2344936_clean_1.fa.gz	generic	SRR2344936_clean_1.fa.gz	DRY
00b_HostDepletion/SRR2344936_clean_2.fa.gz	/home/zhangwenda/goji-virome/01_data/sra_rna.data4/4.host_depletion_norrna/RNA-Lycium_barbarum/SRR2344936_clean_2.fa.gz	generic	SRR2344936_clean_2.fa.gz	DRY
00b_HostDepletion/SRR2344937_clean_1.fa.gz	/home/zhangwenda/goji-virome/01_data/sra_rna.data4/4.host_depletion_norrna/RNA-Lycium_barbarum/SRR2344937_clean_1.fa.gz	generic	SRR2344937_clean_1.fa.gz	DRY
00b_HostDepletion/SRR2344937_clean_2.fa.gz	/home/zhangwenda/goji-virome/01_data/sra_rna.data4/4.host_depletion_norrna/RNA-Lycium_barbarum/SRR2344937_clean_2.fa.gz	generic	SRR2344937_clean_2.fa.gz	DRY
00b_HostDepletion/SRR23515439_clean_1.fa.gz	/home/zhangwenda/goji-virome/01_data/sra_rna.data4/4.host_depletion_norrna/RNA-Lycium_barbarum/SRR23515439_clean_1.fa.gz	generic	SRR23515439_clean_1.fa.gz	DRY
00b_HostDepletion/SRR23515439_clean_2.fa.gz	/home/zhangwenda/goji-virome/01_data/sra_rna.data4/4.host_depletion_norrna/RNA-Lycium_barbarum/SRR23515439_clean_2.fa.gz	generic	SRR23515439_clean_2.fa.gz	DRY
00b_HostDepletion/SRR23515440_clean_1.fa.gz	/home/zhangwenda/goji-virome/01_data/sra_rna.data4/4.host_depletion_norrna/RNA-Lycium_barbarum/SRR23515440_clean_1.fa.gz	generic	SRR23515440_clean_1.fa.gz	DRY
00b_HostDepletion/SRR23515440_clean_2.fa.gz	/home/zhangwenda/goji-virome/01_data/sra_rna.data4/4.host_depletion_norrna/RNA-Lycium_barbarum/SRR23515440_clean_2.fa.gz	generic	SRR23515440_clean_2.fa.gz	DRY
00b_HostDepletion/SRR23515441_clean_1.fa.gz	/home/zhangwenda/goji-virome/01_data/sra_rna.data4/4.host_depletion_norrna/RNA-Lycium_barbarum/SRR23515441_clean_1.fa.gz	generic	SRR23515441_clean_1.fa.gz	DRY
00b_HostDepletion/SRR23515441_clean_2.fa.gz	/home/zhangwenda/goji-virome/01_data/sra_rna.data4/4.host_depletion_norrna/RNA-Lycium_barbarum/SRR23515441_clean_2.fa.gz	generic	SRR23515441_clean_2.fa.gz	DRY
00b_HostDepletion/SRR23215181_clean_2.fa.gz	/home/zhangwenda/goji-virome/01_data/sra_rna.data4/4.host_depletion_norrna/RNA-Lycium_barbarum/SRR23215181_clean_2.fa.gz	generic	SRR23215181_clean_2.fa.gz	DRY
00b_HostDepletion/SRR2344925_clean_2.fa.gz	/home/zhangwenda/goji-virome/01_data/sra_rna.data4/4.host_depletion_norrna/RNA-Lycium_barbarum/SRR2344925_clean_2.fa.gz	generic	SRR2344925_clean_2.fa.gz	DRY
00b_HostDepletion/SRR23515443_clean_1.fa.gz	/home/zhangwenda/goji-virome/01_data/sra_rna.data4/4.host_depletion_norrna/RNA-Lycium_barbarum/SRR23515443_clean_1.fa.gz	generic	SRR23515443_clean_1.fa.gz	DRY
00b_HostDepletion/SRR23515443_clean_2.fa.gz	/home/zhangwenda/goji-virome/01_data/sra_rna.data4/4.host_depletion_norrna/RNA-Lycium_barbarum/SRR23515443_clean_2.fa.gz	generic	SRR23515443_clean_2.fa.gz	DRY
00b_HostDepletion/SRR23515444_clean_1.fa.gz	/home/zhangwenda/goji-virome/01_data/sra_rna.data4/4.host_depletion_norrna/RNA-Lycium_barbarum/SRR23515444_clean_1.fa.gz	generic	SRR23515444_clean_1.fa.gz	DRY
00b_HostDepletion/SRR23515444_clean_2.fa.gz	/home/zhangwenda/goji-virome/01_data/sra_rna.data4/4.host_depletion_norrna/RNA-Lycium_barbarum/SRR23515444_clean_2.fa.gz	generic	SRR23515444_clean_2.fa.gz	DRY
00b_HostDepletion/SRR23515445_clean_1.fa.gz	/home/zhangwenda/goji-virome/01_data/sra_rna.data4/4.host_depletion_norrna/RNA-Lycium_barbarum/SRR23515445_clean_1.fa.gz	generic	SRR23515445_clean_1.fa.gz	DRY
00b_HostDepletion/SRR23515445_clean_2.fa.gz	/home/zhangwenda/goji-virome/01_data/sra_rna.data4/4.host_depletion_norrna/RNA-Lycium_barbarum/SRR23515445_clean_2.fa.gz	generic	SRR23515445_clean_2.fa.gz	DRY
00b_HostDepletion/SRR23515446_clean_1.fa.gz	/home/zhangwenda/goji-virome/01_data/sra_rna.data4/4.host_depletion_norrna/RNA-Lycium_barbarum/SRR23515446_clean_1.fa.gz	generic	SRR23515446_clean_1.fa.gz	DRY
00b_HostDepletion/SRR23515446_clean_2.fa.gz	/home/zhangwenda/goji-virome/01_data/sra_rna.data4/4.host_depletion_norrna/RNA-Lycium_barbarum/SRR23515446_clean_2.fa.gz	generic	SRR23515446_clean_2.fa.gz	DRY
00b_HostDepletion/SRR23515447_clean_1.fa.gz	/home/zhangwenda/goji-virome/01_data/sra_rna.data4/4.host_depletion_norrna/RNA-Lycium_barbarum/SRR23515447_clean_1.fa.gz	generic	SRR23515447_clean_1.fa.gz	DRY
00b_HostDepletion/SRR23515447_clean_2.fa.gz	/home/zhangwenda/goji-virome/01_data/sra_rna.data4/4.host_depletion_norrna/RNA-Lycium_barbarum/SRR23515447_clean_2.fa.gz	generic	SRR23515447_clean_2.fa.gz	DRY
00b_HostDepletion/SRR23515449_clean_1.fa.gz	/home/zhangwenda/goji-virome/01_data/sra_rna.data4/4.host_depletion_norrna/RNA-Lycium_barbarum/SRR23515449_clean_1.fa.gz	generic	SRR23515449_clean_1.fa.gz	DRY
00b_HostDepletion/SRR23515449_clean_2.fa.gz	/home/zhangwenda/goji-virome/01_data/sra_rna.data4/4.host_depletion_norrna/RNA-Lycium_barbarum/SRR23515449_clean_2.fa.gz	generic	SRR23515449_clean_2.fa.gz	DRY
00b_HostDepletion/SRR23515450_clean_1.fa.gz	/home/zhangwenda/goji-virome/01_data/sra_rna.data4/4.host_depletion_norrna/RNA-Lycium_barbarum/SRR23515450_clean_1.fa.gz	generic	SRR23515450_clean_1.fa.gz	DRY
00b_HostDepletion/SRR23515450_clean_2.fa.gz	/home/zhangwenda/goji-virome/01_data/sra_rna.data4/4.host_depletion_norrna/RNA-Lycium_barbarum/SRR23515450_clean_2.fa.gz	generic	SRR23515450_clean_2.fa.gz	DRY
00b_HostDepletion/SRR23215182_clean_1.fa.gz	/home/zhangwenda/goji-virome/01_data/sra_rna.data4/4.host_depletion_norrna/RNA-Lycium_barbarum/SRR23215182_clean_1.fa.gz	generic	SRR23215182_clean_1.fa.gz	DRY
00b_HostDepletion/SRR2344931_clean_1.fa.gz	/home/zhangwenda/goji-virome/01_data/sra_rna.data4/4.host_depletion_norrna/RNA-Lycium_barbarum/SRR2344931_clean_1.fa.gz	generic	SRR2344931_clean_1.fa.gz	DRY
00b_HostDepletion/SRR23561021_clean_1.fa.gz	/home/zhangwenda/goji-virome/01_data/sra_rna.data4/4.host_depletion_norrna/RNA-Lycium_barbarum/SRR23561021_clean_1.fa.gz	generic	SRR23561021_clean_1.fa.gz	DRY
00b_HostDepletion/SRR23561021_clean_2.fa.gz	/home/zhangwenda/goji-virome/01_data/sra_rna.data4/4.host_depletion_norrna/RNA-Lycium_barbarum/SRR23561021_clean_2.fa.gz	generic	SRR23561021_clean_2.fa.gz	DRY
00b_HostDepletion/SRR23561022_clean_1.fa.gz	/home/zhangwenda/goji-virome/01_data/sra_rna.data4/4.host_depletion_norrna/RNA-Lycium_barbarum/SRR23561022_clean_1.fa.gz	generic	SRR23561022_clean_1.fa.gz	DRY
00b_HostDepletion/SRR23561022_clean_2.fa.gz	/home/zhangwenda/goji-virome/01_data/sra_rna.data4/4.host_depletion_norrna/RNA-Lycium_barbarum/SRR23561022_clean_2.fa.gz	generic	SRR23561022_clean_2.fa.gz	DRY
00b_HostDepletion/SRR23561023_clean_1.fa.gz	/home/zhangwenda/goji-virome/01_data/sra_rna.data4/4.host_depletion_norrna/RNA-Lycium_barbarum/SRR23561023_clean_1.fa.gz	generic	SRR23561023_clean_1.fa.gz	DRY
00b_HostDepletion/SRR23561023_clean_2.fa.gz	/home/zhangwenda/goji-virome/01_data/sra_rna.data4/4.host_depletion_norrna/RNA-Lycium_barbarum/SRR23561023_clean_2.fa.gz	generic	SRR23561023_clean_2.fa.gz	DRY
00b_HostDepletion/SRR23561024_clean_1.fa.gz	/home/zhangwenda/goji-virome/01_data/sra_rna.data4/4.host_depletion_norrna/RNA-Lycium_barbarum/SRR23561024_clean_1.fa.gz	generic	SRR23561024_clean_1.fa.gz	DRY
00b_HostDepletion/SRR23561024_clean_2.fa.gz	/home/zhangwenda/goji-virome/01_data/sra_rna.data4/4.host_depletion_norrna/RNA-Lycium_barbarum/SRR23561024_clean_2.fa.gz	generic	SRR23561024_clean_2.fa.gz	DRY
00b_HostDepletion/SRR23561025_clean_1.fa.gz	/home/zhangwenda/goji-virome/01_data/sra_rna.data4/4.host_depletion_norrna/RNA-Lycium_barbarum/SRR23561025_clean_1.fa.gz	generic	SRR23561025_clean_1.fa.gz	DRY
00b_HostDepletion/SRR23561025_clean_2.fa.gz	/home/zhangwenda/goji-virome/01_data/sra_rna.data4/4.host_depletion_norrna/RNA-Lycium_barbarum/SRR23561025_clean_2.fa.gz	generic	SRR23561025_clean_2.fa.gz	DRY
00b_HostDepletion/SRR23561026_clean_1.fa.gz	/home/zhangwenda/goji-virome/01_data/sra_rna.data4/4.host_depletion_norrna/RNA-Lycium_barbarum/SRR23561026_clean_1.fa.gz	generic	SRR23561026_clean_1.fa.gz	DRY
00b_HostDepletion/SRR23561026_clean_2.fa.gz	/home/zhangwenda/goji-virome/01_data/sra_rna.data4/4.host_depletion_norrna/RNA-Lycium_barbarum/SRR23561026_clean_2.fa.gz	generic	SRR23561026_clean_2.fa.gz	DRY
00b_HostDepletion/SRR23561027_clean_1.fa.gz	/home/zhangwenda/goji-virome/01_data/sra_rna.data4/4.host_depletion_norrna/RNA-Lycium_barbarum/SRR23561027_clean_1.fa.gz	generic	SRR23561027_clean_1.fa.gz	DRY
00b_HostDepletion/SRR23561027_clean_2.fa.gz	/home/zhangwenda/goji-virome/01_data/sra_rna.data4/4.host_depletion_norrna/RNA-Lycium_barbarum/SRR23561027_clean_2.fa.gz	generic	SRR23561027_clean_2.fa.gz	DRY
00b_HostDepletion/SRR23561028_clean_1.fa.gz	/home/zhangwenda/goji-virome/01_data/sra_rna.data4/4.host_depletion_norrna/RNA-Lycium_barbarum/SRR23561028_clean_1.fa.gz	generic	SRR23561028_clean_1.fa.gz	DRY
00b_HostDepletion/SRR23561028_clean_2.fa.gz	/home/zhangwenda/goji-virome/01_data/sra_rna.data4/4.host_depletion_norrna/RNA-Lycium_barbarum/SRR23561028_clean_2.fa.gz	generic	SRR23561028_clean_2.fa.gz	DRY
00b_HostDepletion/SRR23587946_clean_1.fa.gz	/home/zhangwenda/goji-virome/01_data/sra_rna.data4/4.host_depletion_norrna/RNA-Lycium_barbarum/SRR23587946_clean_1.fa.gz	generic	SRR23587946_clean_1.fa.gz	DRY
00b_HostDepletion/SRR23587946_clean_2.fa.gz	/home/zhangwenda/goji-virome/01_data/sra_rna.data4/4.host_depletion_norrna/RNA-Lycium_barbarum/SRR23587946_clean_2.fa.gz	generic	SRR23587946_clean_2.fa.gz	DRY
00b_HostDepletion/SRR23215182_clean_2.fa.gz	/home/zhangwenda/goji-virome/01_data/sra_rna.data4/4.host_depletion_norrna/RNA-Lycium_barbarum/SRR23215182_clean_2.fa.gz	generic	SRR23215182_clean_2.fa.gz	DRY
00b_HostDepletion/SRR2344931_clean_2.fa.gz	/home/zhangwenda/goji-virome/01_data/sra_rna.data4/4.host_depletion_norrna/RNA-Lycium_barbarum/SRR2344931_clean_2.fa.gz	generic	SRR2344931_clean_2.fa.gz	DRY
00b_HostDepletion/SRR23587948_clean_1.fa.gz	/home/zhangwenda/goji-virome/01_data/sra_rna.data4/4.host_depletion_norrna/RNA-Lycium_barbarum/SRR23587948_clean_1.fa.gz	generic	SRR23587948_clean_1.fa.gz	DRY
00b_HostDepletion/SRR23587948_clean_2.fa.gz	/home/zhangwenda/goji-virome/01_data/sra_rna.data4/4.host_depletion_norrna/RNA-Lycium_barbarum/SRR23587948_clean_2.fa.gz	generic	SRR23587948_clean_2.fa.gz	DRY
00b_HostDepletion/SRR23587949_clean_1.fa.gz	/home/zhangwenda/goji-virome/01_data/sra_rna.data4/4.host_depletion_norrna/RNA-Lycium_barbarum/SRR23587949_clean_1.fa.gz	generic	SRR23587949_clean_1.fa.gz	DRY
00b_HostDepletion/SRR23587949_clean_2.fa.gz	/home/zhangwenda/goji-virome/01_data/sra_rna.data4/4.host_depletion_norrna/RNA-Lycium_barbarum/SRR23587949_clean_2.fa.gz	generic	SRR23587949_clean_2.fa.gz	DRY
00b_HostDepletion/SRR23587950_clean_1.fa.gz	/home/zhangwenda/goji-virome/01_data/sra_rna.data4/4.host_depletion_norrna/RNA-Lycium_barbarum/SRR23587950_clean_1.fa.gz	generic	SRR23587950_clean_1.fa.gz	DRY
00b_HostDepletion/SRR23587950_clean_2.fa.gz	/home/zhangwenda/goji-virome/01_data/sra_rna.data4/4.host_depletion_norrna/RNA-Lycium_barbarum/SRR23587950_clean_2.fa.gz	generic	SRR23587950_clean_2.fa.gz	DRY
00b_HostDepletion/SRR23587951_clean_1.fa.gz	/home/zhangwenda/goji-virome/01_data/sra_rna.data4/4.host_depletion_norrna/RNA-Lycium_barbarum/SRR23587951_clean_1.fa.gz	generic	SRR23587951_clean_1.fa.gz	DRY
00b_HostDepletion/SRR23587951_clean_2.fa.gz	/home/zhangwenda/goji-virome/01_data/sra_rna.data4/4.host_depletion_norrna/RNA-Lycium_barbarum/SRR23587951_clean_2.fa.gz	generic	SRR23587951_clean_2.fa.gz	DRY
00b_HostDepletion/SRR23587952_clean_1.fa.gz	/home/zhangwenda/goji-virome/01_data/sra_rna.data4/4.host_depletion_norrna/RNA-Lycium_barbarum/SRR23587952_clean_1.fa.gz	generic	SRR23587952_clean_1.fa.gz	DRY
00b_HostDepletion/SRR23587952_clean_2.fa.gz	/home/zhangwenda/goji-virome/01_data/sra_rna.data4/4.host_depletion_norrna/RNA-Lycium_barbarum/SRR23587952_clean_2.fa.gz	generic	SRR23587952_clean_2.fa.gz	DRY
00b_HostDepletion/SRR23587953_clean_1.fa.gz	/home/zhangwenda/goji-virome/01_data/sra_rna.data4/4.host_depletion_norrna/RNA-Lycium_barbarum/SRR23587953_clean_1.fa.gz	generic	SRR23587953_clean_1.fa.gz	DRY
00b_HostDepletion/SRR23587953_clean_2.fa.gz	/home/zhangwenda/goji-virome/01_data/sra_rna.data4/4.host_depletion_norrna/RNA-Lycium_barbarum/SRR23587953_clean_2.fa.gz	generic	SRR23587953_clean_2.fa.gz	DRY
00b_HostDepletion/SRR23587954_clean_1.fa.gz	/home/zhangwenda/goji-virome/01_data/sra_rna.data4/4.host_depletion_norrna/RNA-Lycium_barbarum/SRR23587954_clean_1.fa.gz	generic	SRR23587954_clean_1.fa.gz	DRY
00b_HostDepletion/SRR23587954_clean_2.fa.gz	/home/zhangwenda/goji-virome/01_data/sra_rna.data4/4.host_depletion_norrna/RNA-Lycium_barbarum/SRR23587954_clean_2.fa.gz	generic	SRR23587954_clean_2.fa.gz	DRY
00b_HostDepletion/SRR23587955_clean_1.fa.gz	/home/zhangwenda/goji-virome/01_data/sra_rna.data4/4.host_depletion_norrna/RNA-Lycium_barbarum/SRR23587955_clean_1.fa.gz	generic	SRR23587955_clean_1.fa.gz	DRY
00b_HostDepletion/SRR23587955_clean_2.fa.gz	/home/zhangwenda/goji-virome/01_data/sra_rna.data4/4.host_depletion_norrna/RNA-Lycium_barbarum/SRR23587955_clean_2.fa.gz	generic	SRR23587955_clean_2.fa.gz	DRY
00b_HostDepletion/SRR23587956_clean_1.fa.gz	/home/zhangwenda/goji-virome/01_data/sra_rna.data4/4.host_depletion_norrna/RNA-Lycium_barbarum/SRR23587956_clean_1.fa.gz	generic	SRR23587956_clean_1.fa.gz	DRY
00b_HostDepletion/SRR23587956_clean_2.fa.gz	/home/zhangwenda/goji-virome/01_data/sra_rna.data4/4.host_depletion_norrna/RNA-Lycium_barbarum/SRR23587956_clean_2.fa.gz	generic	SRR23587956_clean_2.fa.gz	DRY
00b_HostDepletion/SRR23587957_clean_1.fa.gz	/home/zhangwenda/goji-virome/01_data/sra_rna.data4/4.host_depletion_norrna/RNA-Lycium_barbarum/SRR23587957_clean_1.fa.gz	generic	SRR23587957_clean_1.fa.gz	DRY
00b_HostDepletion/SRR23587957_clean_2.fa.gz	/home/zhangwenda/goji-virome/01_data/sra_rna.data4/4.host_depletion_norrna/RNA-Lycium_barbarum/SRR23587957_clean_2.fa.gz	generic	SRR23587957_clean_2.fa.gz	DRY
00b_HostDepletion/SRR23759244_clean_1.fa.gz	/home/zhangwenda/goji-virome/01_data/sra_rna.data4/4.host_depletion_norrna/RNA-Lycium_barbarum/SRR23759244_clean_1.fa.gz	generic	SRR23759244_clean_1.fa.gz	DRY
00b_HostDepletion/SRR23759244_clean_2.fa.gz	/home/zhangwenda/goji-virome/01_data/sra_rna.data4/4.host_depletion_norrna/RNA-Lycium_barbarum/SRR23759244_clean_2.fa.gz	generic	SRR23759244_clean_2.fa.gz	DRY
00b_HostDepletion/SRR23759245_clean_1.fa.gz	/home/zhangwenda/goji-virome/01_data/sra_rna.data4/4.host_depletion_norrna/RNA-Lycium_barbarum/SRR23759245_clean_1.fa.gz	generic	SRR23759245_clean_1.fa.gz	DRY
00b_HostDepletion/SRR23759245_clean_2.fa.gz	/home/zhangwenda/goji-virome/01_data/sra_rna.data4/4.host_depletion_norrna/RNA-Lycium_barbarum/SRR23759245_clean_2.fa.gz	generic	SRR23759245_clean_2.fa.gz	DRY
00b_HostDepletion/SRR23759246_clean_1.fa.gz	/home/zhangwenda/goji-virome/01_data/sra_rna.data4/4.host_depletion_norrna/RNA-Lycium_barbarum/SRR23759246_clean_1.fa.gz	generic	SRR23759246_clean_1.fa.gz	DRY
00b_HostDepletion/SRR23759246_clean_2.fa.gz	/home/zhangwenda/goji-virome/01_data/sra_rna.data4/4.host_depletion_norrna/RNA-Lycium_barbarum/SRR23759246_clean_2.fa.gz	generic	SRR23759246_clean_2.fa.gz	DRY
00b_HostDepletion/SRR23908664_clean_1.fa.gz	/home/zhangwenda/goji-virome/01_data/sra_rna.data4/4.host_depletion_norrna/RNA-Lycium_barbarum/SRR23908664_clean_1.fa.gz	generic	SRR23908664_clean_1.fa.gz	DRY
00b_HostDepletion/SRR23908664_clean_2.fa.gz	/home/zhangwenda/goji-virome/01_data/sra_rna.data4/4.host_depletion_norrna/RNA-Lycium_barbarum/SRR23908664_clean_2.fa.gz	generic	SRR23908664_clean_2.fa.gz	DRY
00b_HostDepletion/SRR23908665_clean_1.fa.gz	/home/zhangwenda/goji-virome/01_data/sra_rna.data4/4.host_depletion_norrna/RNA-Lycium_barbarum/SRR23908665_clean_1.fa.gz	generic	SRR23908665_clean_1.fa.gz	DRY
00b_HostDepletion/SRR23908665_clean_2.fa.gz	/home/zhangwenda/goji-virome/01_data/sra_rna.data4/4.host_depletion_norrna/RNA-Lycium_barbarum/SRR23908665_clean_2.fa.gz	generic	SRR23908665_clean_2.fa.gz	DRY
00b_HostDepletion/SRR23908666_clean_1.fa.gz	/home/zhangwenda/goji-virome/01_data/sra_rna.data4/4.host_depletion_norrna/RNA-Lycium_barbarum/SRR23908666_clean_1.fa.gz	generic	SRR23908666_clean_1.fa.gz	DRY
00b_HostDepletion/SRR23908666_clean_2.fa.gz	/home/zhangwenda/goji-virome/01_data/sra_rna.data4/4.host_depletion_norrna/RNA-Lycium_barbarum/SRR23908666_clean_2.fa.gz	generic	SRR23908666_clean_2.fa.gz	DRY
00b_HostDepletion/SRR23908667_clean_1.fa.gz	/home/zhangwenda/goji-virome/01_data/sra_rna.data4/4.host_depletion_norrna/RNA-Lycium_barbarum/SRR23908667_clean_1.fa.gz	generic	SRR23908667_clean_1.fa.gz	DRY
00b_HostDepletion/SRR23908667_clean_2.fa.gz	/home/zhangwenda/goji-virome/01_data/sra_rna.data4/4.host_depletion_norrna/RNA-Lycium_barbarum/SRR23908667_clean_2.fa.gz	generic	SRR23908667_clean_2.fa.gz	DRY
00b_HostDepletion/SRR23908668_clean_1.fa.gz	/home/zhangwenda/goji-virome/01_data/sra_rna.data4/4.host_depletion_norrna/RNA-Lycium_barbarum/SRR23908668_clean_1.fa.gz	generic	SRR23908668_clean_1.fa.gz	DRY
00b_HostDepletion/SRR23908668_clean_2.fa.gz	/home/zhangwenda/goji-virome/01_data/sra_rna.data4/4.host_depletion_norrna/RNA-Lycium_barbarum/SRR23908668_clean_2.fa.gz	generic	SRR23908668_clean_2.fa.gz	DRY
00b_HostDepletion/SRR23908669_clean_1.fa.gz	/home/zhangwenda/goji-virome/01_data/sra_rna.data4/4.host_depletion_norrna/RNA-Lycium_barbarum/SRR23908669_clean_1.fa.gz	generic	SRR23908669_clean_1.fa.gz	DRY
00b_HostDepletion/SRR23908669_clean_2.fa.gz	/home/zhangwenda/goji-virome/01_data/sra_rna.data4/4.host_depletion_norrna/RNA-Lycium_barbarum/SRR23908669_clean_2.fa.gz	generic	SRR23908669_clean_2.fa.gz	DRY
00b_HostDepletion/SRR23908670_clean_1.fa.gz	/home/zhangwenda/goji-virome/01_data/sra_rna.data4/4.host_depletion_norrna/RNA-Lycium_barbarum/SRR23908670_clean_1.fa.gz	generic	SRR23908670_clean_1.fa.gz	DRY
00b_HostDepletion/SRR23908670_clean_2.fa.gz	/home/zhangwenda/goji-virome/01_data/sra_rna.data4/4.host_depletion_norrna/RNA-Lycium_barbarum/SRR23908670_clean_2.fa.gz	generic	SRR23908670_clean_2.fa.gz	DRY
00b_HostDepletion/SRR23908671_clean_1.fa.gz	/home/zhangwenda/goji-virome/01_data/sra_rna.data4/4.host_depletion_norrna/RNA-Lycium_barbarum/SRR23908671_clean_1.fa.gz	generic	SRR23908671_clean_1.fa.gz	DRY
00b_HostDepletion/SRR23908671_clean_2.fa.gz	/home/zhangwenda/goji-virome/01_data/sra_rna.data4/4.host_depletion_norrna/RNA-Lycium_barbarum/SRR23908671_clean_2.fa.gz	generic	SRR23908671_clean_2.fa.gz	DRY
00b_HostDepletion/SRR23908672_clean_1.fa.gz	/home/zhangwenda/goji-virome/01_data/sra_rna.data4/4.host_depletion_norrna/RNA-Lycium_barbarum/SRR23908672_clean_1.fa.gz	generic	SRR23908672_clean_1.fa.gz	DRY
00b_HostDepletion/SRR23908672_clean_2.fa.gz	/home/zhangwenda/goji-virome/01_data/sra_rna.data4/4.host_depletion_norrna/RNA-Lycium_barbarum/SRR23908672_clean_2.fa.gz	generic	SRR23908672_clean_2.fa.gz	DRY
00b_HostDepletion/SRR23908673_clean_1.fa.gz	/home/zhangwenda/goji-virome/01_data/sra_rna.data4/4.host_depletion_norrna/RNA-Lycium_barbarum/SRR23908673_clean_1.fa.gz	generic	SRR23908673_clean_1.fa.gz	DRY
00b_HostDepletion/SRR23908673_clean_2.fa.gz	/home/zhangwenda/goji-virome/01_data/sra_rna.data4/4.host_depletion_norrna/RNA-Lycium_barbarum/SRR23908673_clean_2.fa.gz	generic	SRR23908673_clean_2.fa.gz	DRY
00b_HostDepletion/SRR23908674_clean_1.fa.gz	/home/zhangwenda/goji-virome/01_data/sra_rna.data4/4.host_depletion_norrna/RNA-Lycium_barbarum/SRR23908674_clean_1.fa.gz	generic	SRR23908674_clean_1.fa.gz	DRY
00b_HostDepletion/SRR23908674_clean_2.fa.gz	/home/zhangwenda/goji-virome/01_data/sra_rna.data4/4.host_depletion_norrna/RNA-Lycium_barbarum/SRR23908674_clean_2.fa.gz	generic	SRR23908674_clean_2.fa.gz	DRY
00b_HostDepletion/SRR23908675_clean_1.fa.gz	/home/zhangwenda/goji-virome/01_data/sra_rna.data4/4.host_depletion_norrna/RNA-Lycium_barbarum/SRR23908675_clean_1.fa.gz	generic	SRR23908675_clean_1.fa.gz	DRY
00b_HostDepletion/SRR23908675_clean_2.fa.gz	/home/zhangwenda/goji-virome/01_data/sra_rna.data4/4.host_depletion_norrna/RNA-Lycium_barbarum/SRR23908675_clean_2.fa.gz	generic	SRR23908675_clean_2.fa.gz	DRY
00b_HostDepletion/SRR23908676_clean_1.fa.gz	/home/zhangwenda/goji-virome/01_data/sra_rna.data4/4.host_depletion_norrna/RNA-Lycium_barbarum/SRR23908676_clean_1.fa.gz	generic	SRR23908676_clean_1.fa.gz	DRY
00b_HostDepletion/SRR23908676_clean_2.fa.gz	/home/zhangwenda/goji-virome/01_data/sra_rna.data4/4.host_depletion_norrna/RNA-Lycium_barbarum/SRR23908676_clean_2.fa.gz	generic	SRR23908676_clean_2.fa.gz	DRY
00b_HostDepletion/SRR23908677_clean_1.fa.gz	/home/zhangwenda/goji-virome/01_data/sra_rna.data4/4.host_depletion_norrna/RNA-Lycium_barbarum/SRR23908677_clean_1.fa.gz	generic	SRR23908677_clean_1.fa.gz	DRY
00b_HostDepletion/SRR23908677_clean_2.fa.gz	/home/zhangwenda/goji-virome/01_data/sra_rna.data4/4.host_depletion_norrna/RNA-Lycium_barbarum/SRR23908677_clean_2.fa.gz	generic	SRR23908677_clean_2.fa.gz	DRY
00b_HostDepletion/SRR23908678_clean_1.fa.gz	/home/zhangwenda/goji-virome/01_data/sra_rna.data4/4.host_depletion_norrna/RNA-Lycium_barbarum/SRR23908678_clean_1.fa.gz	generic	SRR23908678_clean_1.fa.gz	DRY
00b_HostDepletion/SRR23908678_clean_2.fa.gz	/home/zhangwenda/goji-virome/01_data/sra_rna.data4/4.host_depletion_norrna/RNA-Lycium_barbarum/SRR23908678_clean_2.fa.gz	generic	SRR23908678_clean_2.fa.gz	DRY
00b_HostDepletion/SRR23908679_clean_1.fa.gz	/home/zhangwenda/goji-virome/01_data/sra_rna.data4/4.host_depletion_norrna/RNA-Lycium_barbarum/SRR23908679_clean_1.fa.gz	generic	SRR23908679_clean_1.fa.gz	DRY
00b_HostDepletion/SRR23908679_clean_2.fa.gz	/home/zhangwenda/goji-virome/01_data/sra_rna.data4/4.host_depletion_norrna/RNA-Lycium_barbarum/SRR23908679_clean_2.fa.gz	generic	SRR23908679_clean_2.fa.gz	DRY
00b_HostDepletion/SRR23908680_clean_1.fa.gz	/home/zhangwenda/goji-virome/01_data/sra_rna.data4/4.host_depletion_norrna/RNA-Lycium_barbarum/SRR23908680_clean_1.fa.gz	generic	SRR23908680_clean_1.fa.gz	DRY
00b_HostDepletion/SRR23908680_clean_2.fa.gz	/home/zhangwenda/goji-virome/01_data/sra_rna.data4/4.host_depletion_norrna/RNA-Lycium_barbarum/SRR23908680_clean_2.fa.gz	generic	SRR23908680_clean_2.fa.gz	DRY
00b_HostDepletion/SRR23908681_clean_1.fa.gz	/home/zhangwenda/goji-virome/01_data/sra_rna.data4/4.host_depletion_norrna/RNA-Lycium_barbarum/SRR23908681_clean_1.fa.gz	generic	SRR23908681_clean_1.fa.gz	DRY
00b_HostDepletion/SRR23908681_clean_2.fa.gz	/home/zhangwenda/goji-virome/01_data/sra_rna.data4/4.host_depletion_norrna/RNA-Lycium_barbarum/SRR23908681_clean_2.fa.gz	generic	SRR23908681_clean_2.fa.gz	DRY
00b_HostDepletion/SRR24100135_clean_1.fa.gz	/home/zhangwenda/goji-virome/01_data/sra_rna.data4/4.host_depletion_norrna/RNA-Lycium_barbarum/SRR24100135_clean_1.fa.gz	generic	SRR24100135_clean_1.fa.gz	DRY
00b_HostDepletion/SRR24100135_clean_2.fa.gz	/home/zhangwenda/goji-virome/01_data/sra_rna.data4/4.host_depletion_norrna/RNA-Lycium_barbarum/SRR24100135_clean_2.fa.gz	generic	SRR24100135_clean_2.fa.gz	DRY
00b_HostDepletion/SRR24100142_clean_1.fa.gz	/home/zhangwenda/goji-virome/01_data/sra_rna.data4/4.host_depletion_norrna/RNA-Lycium_barbarum/SRR24100142_clean_1.fa.gz	generic	SRR24100142_clean_1.fa.gz	DRY
00b_HostDepletion/SRR24100142_clean_2.fa.gz	/home/zhangwenda/goji-virome/01_data/sra_rna.data4/4.host_depletion_norrna/RNA-Lycium_barbarum/SRR24100142_clean_2.fa.gz	generic	SRR24100142_clean_2.fa.gz	DRY
00b_HostDepletion/SRR24100143_clean_1.fa.gz	/home/zhangwenda/goji-virome/01_data/sra_rna.data4/4.host_depletion_norrna/RNA-Lycium_barbarum/SRR24100143_clean_1.fa.gz	generic	SRR24100143_clean_1.fa.gz	DRY
00b_HostDepletion/SRR24100143_clean_2.fa.gz	/home/zhangwenda/goji-virome/01_data/sra_rna.data4/4.host_depletion_norrna/RNA-Lycium_barbarum/SRR24100143_clean_2.fa.gz	generic	SRR24100143_clean_2.fa.gz	DRY
00b_HostDepletion/SRR24100144_clean_1.fa.gz	/home/zhangwenda/goji-virome/01_data/sra_rna.data4/4.host_depletion_norrna/RNA-Lycium_barbarum/SRR24100144_clean_1.fa.gz	generic	SRR24100144_clean_1.fa.gz	DRY
00b_HostDepletion/SRR24100144_clean_2.fa.gz	/home/zhangwenda/goji-virome/01_data/sra_rna.data4/4.host_depletion_norrna/RNA-Lycium_barbarum/SRR24100144_clean_2.fa.gz	generic	SRR24100144_clean_2.fa.gz	DRY
00b_HostDepletion/SRR24100145_clean_1.fa.gz	/home/zhangwenda/goji-virome/01_data/sra_rna.data4/4.host_depletion_norrna/RNA-Lycium_barbarum/SRR24100145_clean_1.fa.gz	generic	SRR24100145_clean_1.fa.gz	DRY
00b_HostDepletion/SRR24100145_clean_2.fa.gz	/home/zhangwenda/goji-virome/01_data/sra_rna.data4/4.host_depletion_norrna/RNA-Lycium_barbarum/SRR24100145_clean_2.fa.gz	generic	SRR24100145_clean_2.fa.gz	DRY
00b_HostDepletion/SRR24100146_clean_1.fa.gz	/home/zhangwenda/goji-virome/01_data/sra_rna.data4/4.host_depletion_norrna/RNA-Lycium_barbarum/SRR24100146_clean_1.fa.gz	generic	SRR24100146_clean_1.fa.gz	DRY
00b_HostDepletion/SRR24100146_clean_2.fa.gz	/home/zhangwenda/goji-virome/01_data/sra_rna.data4/4.host_depletion_norrna/RNA-Lycium_barbarum/SRR24100146_clean_2.fa.gz	generic	SRR24100146_clean_2.fa.gz	DRY
00b_HostDepletion/SRR24100147_clean_1.fa.gz	/home/zhangwenda/goji-virome/01_data/sra_rna.data4/4.host_depletion_norrna/RNA-Lycium_barbarum/SRR24100147_clean_1.fa.gz	generic	SRR24100147_clean_1.fa.gz	DRY
00b_HostDepletion/SRR24100147_clean_2.fa.gz	/home/zhangwenda/goji-virome/01_data/sra_rna.data4/4.host_depletion_norrna/RNA-Lycium_barbarum/SRR24100147_clean_2.fa.gz	generic	SRR24100147_clean_2.fa.gz	DRY
00b_HostDepletion/SRR24100148_clean_1.fa.gz	/home/zhangwenda/goji-virome/01_data/sra_rna.data4/4.host_depletion_norrna/RNA-Lycium_barbarum/SRR24100148_clean_1.fa.gz	generic	SRR24100148_clean_1.fa.gz	DRY
00b_HostDepletion/SRR24100148_clean_2.fa.gz	/home/zhangwenda/goji-virome/01_data/sra_rna.data4/4.host_depletion_norrna/RNA-Lycium_barbarum/SRR24100148_clean_2.fa.gz	generic	SRR24100148_clean_2.fa.gz	DRY
00b_HostDepletion/SRR24100149_clean_1.fa.gz	/home/zhangwenda/goji-virome/01_data/sra_rna.data4/4.host_depletion_norrna/RNA-Lycium_barbarum/SRR24100149_clean_1.fa.gz	generic	SRR24100149_clean_1.fa.gz	DRY
00b_HostDepletion/SRR24100149_clean_2.fa.gz	/home/zhangwenda/goji-virome/01_data/sra_rna.data4/4.host_depletion_norrna/RNA-Lycium_barbarum/SRR24100149_clean_2.fa.gz	generic	SRR24100149_clean_2.fa.gz	DRY
00b_HostDepletion/SRR22742705_clean_1.fa.gz	/home/zhangwenda/goji-virome/01_data/sra_rna.data4/4.host_depletion_norrna/RNA-Lycium_barbarum/SRR22742705_clean_1.fa.gz	generic	SRR22742705_clean_1.fa.gz	DRY
00b_HostDepletion/SRR23107136_clean_2.fa.gz	/home/zhangwenda/goji-virome/01_data/sra_rna.data4/4.host_depletion_norrna/RNA-Lycium_barbarum/SRR23107136_clean_2.fa.gz	generic	SRR23107136_clean_2.fa.gz	DRY
00b_HostDepletion/SRR24305227_clean_1.fa.gz	/home/zhangwenda/goji-virome/01_data/sra_rna.data4/4.host_depletion_norrna/RNA-Lycium_barbarum/SRR24305227_clean_1.fa.gz	generic	SRR24305227_clean_1.fa.gz	DRY
00b_HostDepletion/SRR24305227_clean_2.fa.gz	/home/zhangwenda/goji-virome/01_data/sra_rna.data4/4.host_depletion_norrna/RNA-Lycium_barbarum/SRR24305227_clean_2.fa.gz	generic	SRR24305227_clean_2.fa.gz	DRY
00b_HostDepletion/SRR22742705_clean_2.fa.gz	/home/zhangwenda/goji-virome/01_data/sra_rna.data4/4.host_depletion_norrna/RNA-Lycium_barbarum/SRR22742705_clean_2.fa.gz	generic	SRR22742705_clean_2.fa.gz	DRY
00b_HostDepletion/SRR23107139_clean_1.fa.gz	/home/zhangwenda/goji-virome/01_data/sra_rna.data4/4.host_depletion_norrna/RNA-Lycium_barbarum/SRR23107139_clean_1.fa.gz	generic	SRR23107139_clean_1.fa.gz	DRY
00b_HostDepletion/SRR24305229_clean_1.fa.gz	/home/zhangwenda/goji-virome/01_data/sra_rna.data4/4.host_depletion_norrna/RNA-Lycium_barbarum/SRR24305229_clean_1.fa.gz	generic	SRR24305229_clean_1.fa.gz	DRY
00b_HostDepletion/SRR24305229_clean_2.fa.gz	/home/zhangwenda/goji-virome/01_data/sra_rna.data4/4.host_depletion_norrna/RNA-Lycium_barbarum/SRR24305229_clean_2.fa.gz	generic	SRR24305229_clean_2.fa.gz	DRY
00b_HostDepletion/SRR23107136_clean_1.fa.gz	/home/zhangwenda/goji-virome/01_data/sra_rna.data4/4.host_depletion_norrna/RNA-Lycium_barbarum/SRR23107136_clean_1.fa.gz	generic	SRR23107136_clean_1.fa.gz	DRY
00b_HostDepletion/SRR23107139_clean_2.fa.gz	/home/zhangwenda/goji-virome/01_data/sra_rna.data4/4.host_depletion_norrna/RNA-Lycium_barbarum/SRR23107139_clean_2.fa.gz	generic	SRR23107139_clean_2.fa.gz	DRY
00b_HostDepletion/SRR24305231_clean_1.fa.gz	/home/zhangwenda/goji-virome/01_data/sra_rna.data4/4.host_depletion_norrna/RNA-Lycium_barbarum/SRR24305231_clean_1.fa.gz	generic	SRR24305231_clean_1.fa.gz	DRY
00b_HostDepletion/SRR24305231_clean_2.fa.gz	/home/zhangwenda/goji-virome/01_data/sra_rna.data4/4.host_depletion_norrna/RNA-Lycium_barbarum/SRR24305231_clean_2.fa.gz	generic	SRR24305231_clean_2.fa.gz	DRY
00b_HostDepletion/SRR24315640_clean_1.fa.gz	/home/zhangwenda/goji-virome/01_data/sra_rna.data4/4.host_depletion_norrna/RNA-Lycium_barbarum/SRR24315640_clean_1.fa.gz	generic	SRR24315640_clean_1.fa.gz	DRY
00b_HostDepletion/SRR24315640_clean_2.fa.gz	/home/zhangwenda/goji-virome/01_data/sra_rna.data4/4.host_depletion_norrna/RNA-Lycium_barbarum/SRR24315640_clean_2.fa.gz	generic	SRR24315640_clean_2.fa.gz	DRY
00b_HostDepletion/SRR24315641_clean_1.fa.gz	/home/zhangwenda/goji-virome/01_data/sra_rna.data4/4.host_depletion_norrna/RNA-Lycium_barbarum/SRR24315641_clean_1.fa.gz	generic	SRR24315641_clean_1.fa.gz	DRY
00b_HostDepletion/SRR24315641_clean_2.fa.gz	/home/zhangwenda/goji-virome/01_data/sra_rna.data4/4.host_depletion_norrna/RNA-Lycium_barbarum/SRR24315641_clean_2.fa.gz	generic	SRR24315641_clean_2.fa.gz	DRY
00b_HostDepletion/SRR24315642_clean_1.fa.gz	/home/zhangwenda/goji-virome/01_data/sra_rna.data4/4.host_depletion_norrna/RNA-Lycium_barbarum/SRR24315642_clean_1.fa.gz	generic	SRR24315642_clean_1.fa.gz	DRY
00b_HostDepletion/SRR24315642_clean_2.fa.gz	/home/zhangwenda/goji-virome/01_data/sra_rna.data4/4.host_depletion_norrna/RNA-Lycium_barbarum/SRR24315642_clean_2.fa.gz	generic	SRR24315642_clean_2.fa.gz	DRY
00b_HostDepletion/SRR25180699_1_clean.fa.gz	/home/zhangwenda/goji-virome/01_data/sra_rna.data4/4.host_depletion_norrna/RNA-Lycium_barbarum/SRR25180699_1_clean.fa.gz	generic	SRR25180699_1_clean.fa.gz	DRY
00b_HostDepletion/SRR25180700_1_clean.fa.gz	/home/zhangwenda/goji-virome/01_data/sra_rna.data4/4.host_depletion_norrna/RNA-Lycium_barbarum/SRR25180700_1_clean.fa.gz	generic	SRR25180700_1_clean.fa.gz	DRY
00b_HostDepletion/SRR25180701_1_clean.fa.gz	/home/zhangwenda/goji-virome/01_data/sra_rna.data4/4.host_depletion_norrna/RNA-Lycium_barbarum/SRR25180701_1_clean.fa.gz	generic	SRR25180701_1_clean.fa.gz	DRY
00b_HostDepletion/SRR25180702_1_clean.fa.gz	/home/zhangwenda/goji-virome/01_data/sra_rna.data4/4.host_depletion_norrna/RNA-Lycium_barbarum/SRR25180702_1_clean.fa.gz	generic	SRR25180702_1_clean.fa.gz	DRY
00b_HostDepletion/SRR25180703_1_clean.fa.gz	/home/zhangwenda/goji-virome/01_data/sra_rna.data4/4.host_depletion_norrna/RNA-Lycium_barbarum/SRR25180703_1_clean.fa.gz	generic	SRR25180703_1_clean.fa.gz	DRY
00b_HostDepletion/SRR25180704_1_clean.fa.gz	/home/zhangwenda/goji-virome/01_data/sra_rna.data4/4.host_depletion_norrna/RNA-Lycium_barbarum/SRR25180704_1_clean.fa.gz	generic	SRR25180704_1_clean.fa.gz	DRY
00b_HostDepletion/SRR25180705_1_clean.fa.gz	/home/zhangwenda/goji-virome/01_data/sra_rna.data4/4.host_depletion_norrna/RNA-Lycium_barbarum/SRR25180705_1_clean.fa.gz	generic	SRR25180705_1_clean.fa.gz	DRY
00b_HostDepletion/SRR25180706_1_clean.fa.gz	/home/zhangwenda/goji-virome/01_data/sra_rna.data4/4.host_depletion_norrna/RNA-Lycium_barbarum/SRR25180706_1_clean.fa.gz	generic	SRR25180706_1_clean.fa.gz	DRY
00b_HostDepletion/SRR25180707_1_clean.fa.gz	/home/zhangwenda/goji-virome/01_data/sra_rna.data4/4.host_depletion_norrna/RNA-Lycium_barbarum/SRR25180707_1_clean.fa.gz	generic	SRR25180707_1_clean.fa.gz	DRY
00b_HostDepletion/SRR25775920_clean_1.fa.gz	/home/zhangwenda/goji-virome/01_data/sra_rna.data4/4.host_depletion_norrna/RNA-Lycium_barbarum/SRR25775920_clean_1.fa.gz	generic	SRR25775920_clean_1.fa.gz	DRY
00b_HostDepletion/SRR25775920_clean_2.fa.gz	/home/zhangwenda/goji-virome/01_data/sra_rna.data4/4.host_depletion_norrna/RNA-Lycium_barbarum/SRR25775920_clean_2.fa.gz	generic	SRR25775920_clean_2.fa.gz	DRY
00b_HostDepletion/SRR25775921_clean_1.fa.gz	/home/zhangwenda/goji-virome/01_data/sra_rna.data4/4.host_depletion_norrna/RNA-Lycium_barbarum/SRR25775921_clean_1.fa.gz	generic	SRR25775921_clean_1.fa.gz	DRY
00b_HostDepletion/SRR25775921_clean_2.fa.gz	/home/zhangwenda/goji-virome/01_data/sra_rna.data4/4.host_depletion_norrna/RNA-Lycium_barbarum/SRR25775921_clean_2.fa.gz	generic	SRR25775921_clean_2.fa.gz	DRY
00b_HostDepletion/SRR25775922_clean_1.fa.gz	/home/zhangwenda/goji-virome/01_data/sra_rna.data4/4.host_depletion_norrna/RNA-Lycium_barbarum/SRR25775922_clean_1.fa.gz	generic	SRR25775922_clean_1.fa.gz	DRY
00b_HostDepletion/SRR25775922_clean_2.fa.gz	/home/zhangwenda/goji-virome/01_data/sra_rna.data4/4.host_depletion_norrna/RNA-Lycium_barbarum/SRR25775922_clean_2.fa.gz	generic	SRR25775922_clean_2.fa.gz	DRY
00b_HostDepletion/SRR25775923_clean_1.fa.gz	/home/zhangwenda/goji-virome/01_data/sra_rna.data4/4.host_depletion_norrna/RNA-Lycium_barbarum/SRR25775923_clean_1.fa.gz	generic	SRR25775923_clean_1.fa.gz	DRY
00b_HostDepletion/SRR25775923_clean_2.fa.gz	/home/zhangwenda/goji-virome/01_data/sra_rna.data4/4.host_depletion_norrna/RNA-Lycium_barbarum/SRR25775923_clean_2.fa.gz	generic	SRR25775923_clean_2.fa.gz	DRY
00b_HostDepletion/SRR25775924_clean_1.fa.gz	/home/zhangwenda/goji-virome/01_data/sra_rna.data4/4.host_depletion_norrna/RNA-Lycium_barbarum/SRR25775924_clean_1.fa.gz	generic	SRR25775924_clean_1.fa.gz	DRY
00b_HostDepletion/SRR25775924_clean_2.fa.gz	/home/zhangwenda/goji-virome/01_data/sra_rna.data4/4.host_depletion_norrna/RNA-Lycium_barbarum/SRR25775924_clean_2.fa.gz	generic	SRR25775924_clean_2.fa.gz	DRY
00b_HostDepletion/SRR25775925_clean_1.fa.gz	/home/zhangwenda/goji-virome/01_data/sra_rna.data4/4.host_depletion_norrna/RNA-Lycium_barbarum/SRR25775925_clean_1.fa.gz	generic	SRR25775925_clean_1.fa.gz	DRY
00b_HostDepletion/SRR25775925_clean_2.fa.gz	/home/zhangwenda/goji-virome/01_data/sra_rna.data4/4.host_depletion_norrna/RNA-Lycium_barbarum/SRR25775925_clean_2.fa.gz	generic	SRR25775925_clean_2.fa.gz	DRY
00b_HostDepletion/SRR25775926_clean_1.fa.gz	/home/zhangwenda/goji-virome/01_data/sra_rna.data4/4.host_depletion_norrna/RNA-Lycium_barbarum/SRR25775926_clean_1.fa.gz	generic	SRR25775926_clean_1.fa.gz	DRY
00b_HostDepletion/SRR25775926_clean_2.fa.gz	/home/zhangwenda/goji-virome/01_data/sra_rna.data4/4.host_depletion_norrna/RNA-Lycium_barbarum/SRR25775926_clean_2.fa.gz	generic	SRR25775926_clean_2.fa.gz	DRY
00b_HostDepletion/SRR25775927_clean_1.fa.gz	/home/zhangwenda/goji-virome/01_data/sra_rna.data4/4.host_depletion_norrna/RNA-Lycium_barbarum/SRR25775927_clean_1.fa.gz	generic	SRR25775927_clean_1.fa.gz	DRY
00b_HostDepletion/SRR25775927_clean_2.fa.gz	/home/zhangwenda/goji-virome/01_data/sra_rna.data4/4.host_depletion_norrna/RNA-Lycium_barbarum/SRR25775927_clean_2.fa.gz	generic	SRR25775927_clean_2.fa.gz	DRY
00b_HostDepletion/SRR25775928_clean_1.fa.gz	/home/zhangwenda/goji-virome/01_data/sra_rna.data4/4.host_depletion_norrna/RNA-Lycium_barbarum/SRR25775928_clean_1.fa.gz	generic	SRR25775928_clean_1.fa.gz	DRY
00b_HostDepletion/SRR25775928_clean_2.fa.gz	/home/zhangwenda/goji-virome/01_data/sra_rna.data4/4.host_depletion_norrna/RNA-Lycium_barbarum/SRR25775928_clean_2.fa.gz	generic	SRR25775928_clean_2.fa.gz	DRY
00b_HostDepletion/SRR25775929_clean_1.fa.gz	/home/zhangwenda/goji-virome/01_data/sra_rna.data4/4.host_depletion_norrna/RNA-Lycium_barbarum/SRR25775929_clean_1.fa.gz	generic	SRR25775929_clean_1.fa.gz	DRY
00b_HostDepletion/SRR25775929_clean_2.fa.gz	/home/zhangwenda/goji-virome/01_data/sra_rna.data4/4.host_depletion_norrna/RNA-Lycium_barbarum/SRR25775929_clean_2.fa.gz	generic	SRR25775929_clean_2.fa.gz	DRY
00b_HostDepletion/SRR25775930_clean_1.fa.gz	/home/zhangwenda/goji-virome/01_data/sra_rna.data4/4.host_depletion_norrna/RNA-Lycium_barbarum/SRR25775930_clean_1.fa.gz	generic	SRR25775930_clean_1.fa.gz	DRY
00b_HostDepletion/SRR25775930_clean_2.fa.gz	/home/zhangwenda/goji-virome/01_data/sra_rna.data4/4.host_depletion_norrna/RNA-Lycium_barbarum/SRR25775930_clean_2.fa.gz	generic	SRR25775930_clean_2.fa.gz	DRY
00b_HostDepletion/SRR25775931_clean_1.fa.gz	/home/zhangwenda/goji-virome/01_data/sra_rna.data4/4.host_depletion_norrna/RNA-Lycium_barbarum/SRR25775931_clean_1.fa.gz	generic	SRR25775931_clean_1.fa.gz	DRY
00b_HostDepletion/SRR25775931_clean_2.fa.gz	/home/zhangwenda/goji-virome/01_data/sra_rna.data4/4.host_depletion_norrna/RNA-Lycium_barbarum/SRR25775931_clean_2.fa.gz	generic	SRR25775931_clean_2.fa.gz	DRY
00b_HostDepletion/SRR25775932_clean_1.fa.gz	/home/zhangwenda/goji-virome/01_data/sra_rna.data4/4.host_depletion_norrna/RNA-Lycium_barbarum/SRR25775932_clean_1.fa.gz	generic	SRR25775932_clean_1.fa.gz	DRY
00b_HostDepletion/SRR25775932_clean_2.fa.gz	/home/zhangwenda/goji-virome/01_data/sra_rna.data4/4.host_depletion_norrna/RNA-Lycium_barbarum/SRR25775932_clean_2.fa.gz	generic	SRR25775932_clean_2.fa.gz	DRY
00b_HostDepletion/SRR22742703_clean_2.fa.gz	/home/zhangwenda/goji-virome/01_data/sra_rna.data4/4.host_depletion_norrna/RNA-Lycium_barbarum/SRR22742703_clean_2.fa.gz	generic	SRR22742703_clean_2.fa.gz	DRY
00b_HostDepletion/SRR22742704_clean_1.fa.gz	/home/zhangwenda/goji-virome/01_data/sra_rna.data4/4.host_depletion_norrna/RNA-Lycium_barbarum/SRR22742704_clean_1.fa.gz	generic	SRR22742704_clean_1.fa.gz	DRY
00b_HostDepletion/SRR25775934_clean_1.fa.gz	/home/zhangwenda/goji-virome/01_data/sra_rna.data4/4.host_depletion_norrna/RNA-Lycium_barbarum/SRR25775934_clean_1.fa.gz	generic	SRR25775934_clean_1.fa.gz	DRY
00b_HostDepletion/SRR25775934_clean_2.fa.gz	/home/zhangwenda/goji-virome/01_data/sra_rna.data4/4.host_depletion_norrna/RNA-Lycium_barbarum/SRR25775934_clean_2.fa.gz	generic	SRR25775934_clean_2.fa.gz	DRY
00b_HostDepletion/SRR25775935_clean_1.fa.gz	/home/zhangwenda/goji-virome/01_data/sra_rna.data4/4.host_depletion_norrna/RNA-Lycium_barbarum/SRR25775935_clean_1.fa.gz	generic	SRR25775935_clean_1.fa.gz	DRY
00b_HostDepletion/SRR25775935_clean_2.fa.gz	/home/zhangwenda/goji-virome/01_data/sra_rna.data4/4.host_depletion_norrna/RNA-Lycium_barbarum/SRR25775935_clean_2.fa.gz	generic	SRR25775935_clean_2.fa.gz	DRY
00b_HostDepletion/SRR25775936_clean_1.fa.gz	/home/zhangwenda/goji-virome/01_data/sra_rna.data4/4.host_depletion_norrna/RNA-Lycium_barbarum/SRR25775936_clean_1.fa.gz	generic	SRR25775936_clean_1.fa.gz	DRY
00b_HostDepletion/SRR25775936_clean_2.fa.gz	/home/zhangwenda/goji-virome/01_data/sra_rna.data4/4.host_depletion_norrna/RNA-Lycium_barbarum/SRR25775936_clean_2.fa.gz	generic	SRR25775936_clean_2.fa.gz	DRY
00b_HostDepletion/SRR25775937_clean_1.fa.gz	/home/zhangwenda/goji-virome/01_data/sra_rna.data4/4.host_depletion_norrna/RNA-Lycium_barbarum/SRR25775937_clean_1.fa.gz	generic	SRR25775937_clean_1.fa.gz	DRY
00b_HostDepletion/SRR25775937_clean_2.fa.gz	/home/zhangwenda/goji-virome/01_data/sra_rna.data4/4.host_depletion_norrna/RNA-Lycium_barbarum/SRR25775937_clean_2.fa.gz	generic	SRR25775937_clean_2.fa.gz	DRY
00b_HostDepletion/SRR27483474_clean_1.fa.gz	/home/zhangwenda/goji-virome/01_data/sra_rna.data4/4.host_depletion_norrna/RNA-Lycium_barbarum/SRR27483474_clean_1.fa.gz	generic	SRR27483474_clean_1.fa.gz	DRY
00b_HostDepletion/SRR27483474_clean_2.fa.gz	/home/zhangwenda/goji-virome/01_data/sra_rna.data4/4.host_depletion_norrna/RNA-Lycium_barbarum/SRR27483474_clean_2.fa.gz	generic	SRR27483474_clean_2.fa.gz	DRY
00b_HostDepletion/SRR27483475_clean_1.fa.gz	/home/zhangwenda/goji-virome/01_data/sra_rna.data4/4.host_depletion_norrna/RNA-Lycium_barbarum/SRR27483475_clean_1.fa.gz	generic	SRR27483475_clean_1.fa.gz	DRY
00b_HostDepletion/SRR27483475_clean_2.fa.gz	/home/zhangwenda/goji-virome/01_data/sra_rna.data4/4.host_depletion_norrna/RNA-Lycium_barbarum/SRR27483475_clean_2.fa.gz	generic	SRR27483475_clean_2.fa.gz	DRY
00b_HostDepletion/SRR27483476_clean_1.fa.gz	/home/zhangwenda/goji-virome/01_data/sra_rna.data4/4.host_depletion_norrna/RNA-Lycium_barbarum/SRR27483476_clean_1.fa.gz	generic	SRR27483476_clean_1.fa.gz	DRY
00b_HostDepletion/SRR27483476_clean_2.fa.gz	/home/zhangwenda/goji-virome/01_data/sra_rna.data4/4.host_depletion_norrna/RNA-Lycium_barbarum/SRR27483476_clean_2.fa.gz	generic	SRR27483476_clean_2.fa.gz	DRY
00b_HostDepletion/SRR27483477_clean_1.fa.gz	/home/zhangwenda/goji-virome/01_data/sra_rna.data4/4.host_depletion_norrna/RNA-Lycium_barbarum/SRR27483477_clean_1.fa.gz	generic	SRR27483477_clean_1.fa.gz	DRY
00b_HostDepletion/SRR27483477_clean_2.fa.gz	/home/zhangwenda/goji-virome/01_data/sra_rna.data4/4.host_depletion_norrna/RNA-Lycium_barbarum/SRR27483477_clean_2.fa.gz	generic	SRR27483477_clean_2.fa.gz	DRY
00b_HostDepletion/SRR27483478_clean_1.fa.gz	/home/zhangwenda/goji-virome/01_data/sra_rna.data4/4.host_depletion_norrna/RNA-Lycium_barbarum/SRR27483478_clean_1.fa.gz	generic	SRR27483478_clean_1.fa.gz	DRY
00b_HostDepletion/SRR27483478_clean_2.fa.gz	/home/zhangwenda/goji-virome/01_data/sra_rna.data4/4.host_depletion_norrna/RNA-Lycium_barbarum/SRR27483478_clean_2.fa.gz	generic	SRR27483478_clean_2.fa.gz	DRY
00b_HostDepletion/SRR27483479_clean_1.fa.gz	/home/zhangwenda/goji-virome/01_data/sra_rna.data4/4.host_depletion_norrna/RNA-Lycium_barbarum/SRR27483479_clean_1.fa.gz	generic	SRR27483479_clean_1.fa.gz	DRY
00b_HostDepletion/SRR27483479_clean_2.fa.gz	/home/zhangwenda/goji-virome/01_data/sra_rna.data4/4.host_depletion_norrna/RNA-Lycium_barbarum/SRR27483479_clean_2.fa.gz	generic	SRR27483479_clean_2.fa.gz	DRY
00b_HostDepletion/SRR27483480_clean_1.fa.gz	/home/zhangwenda/goji-virome/01_data/sra_rna.data4/4.host_depletion_norrna/RNA-Lycium_barbarum/SRR27483480_clean_1.fa.gz	generic	SRR27483480_clean_1.fa.gz	DRY
00b_HostDepletion/SRR27483480_clean_2.fa.gz	/home/zhangwenda/goji-virome/01_data/sra_rna.data4/4.host_depletion_norrna/RNA-Lycium_barbarum/SRR27483480_clean_2.fa.gz	generic	SRR27483480_clean_2.fa.gz	DRY
00b_HostDepletion/SRR27483481_clean_1.fa.gz	/home/zhangwenda/goji-virome/01_data/sra_rna.data4/4.host_depletion_norrna/RNA-Lycium_barbarum/SRR27483481_clean_1.fa.gz	generic	SRR27483481_clean_1.fa.gz	DRY
00b_HostDepletion/SRR27483481_clean_2.fa.gz	/home/zhangwenda/goji-virome/01_data/sra_rna.data4/4.host_depletion_norrna/RNA-Lycium_barbarum/SRR27483481_clean_2.fa.gz	generic	SRR27483481_clean_2.fa.gz	DRY
00b_HostDepletion/SRR27483482_clean_1.fa.gz	/home/zhangwenda/goji-virome/01_data/sra_rna.data4/4.host_depletion_norrna/RNA-Lycium_barbarum/SRR27483482_clean_1.fa.gz	generic	SRR27483482_clean_1.fa.gz	DRY
00b_HostDepletion/SRR27483482_clean_2.fa.gz	/home/zhangwenda/goji-virome/01_data/sra_rna.data4/4.host_depletion_norrna/RNA-Lycium_barbarum/SRR27483482_clean_2.fa.gz	generic	SRR27483482_clean_2.fa.gz	DRY
00b_HostDepletion/SRR27880472_clean_1.fa.gz	/home/zhangwenda/goji-virome/01_data/sra_rna.data4/4.host_depletion_norrna/RNA-Lycium_barbarum/SRR27880472_clean_1.fa.gz	generic	SRR27880472_clean_1.fa.gz	DRY
00b_HostDepletion/SRR27880472_clean_2.fa.gz	/home/zhangwenda/goji-virome/01_data/sra_rna.data4/4.host_depletion_norrna/RNA-Lycium_barbarum/SRR27880472_clean_2.fa.gz	generic	SRR27880472_clean_2.fa.gz	DRY
00b_HostDepletion/SRR27880473_clean_1.fa.gz	/home/zhangwenda/goji-virome/01_data/sra_rna.data4/4.host_depletion_norrna/RNA-Lycium_barbarum/SRR27880473_clean_1.fa.gz	generic	SRR27880473_clean_1.fa.gz	DRY
00b_HostDepletion/SRR27880473_clean_2.fa.gz	/home/zhangwenda/goji-virome/01_data/sra_rna.data4/4.host_depletion_norrna/RNA-Lycium_barbarum/SRR27880473_clean_2.fa.gz	generic	SRR27880473_clean_2.fa.gz	DRY
00b_HostDepletion/SRR27880474_clean_1.fa.gz	/home/zhangwenda/goji-virome/01_data/sra_rna.data4/4.host_depletion_norrna/RNA-Lycium_barbarum/SRR27880474_clean_1.fa.gz	generic	SRR27880474_clean_1.fa.gz	DRY
00b_HostDepletion/SRR27880474_clean_2.fa.gz	/home/zhangwenda/goji-virome/01_data/sra_rna.data4/4.host_depletion_norrna/RNA-Lycium_barbarum/SRR27880474_clean_2.fa.gz	generic	SRR27880474_clean_2.fa.gz	DRY
00b_HostDepletion/SRR27880475_clean_1.fa.gz	/home/zhangwenda/goji-virome/01_data/sra_rna.data4/4.host_depletion_norrna/RNA-Lycium_barbarum/SRR27880475_clean_1.fa.gz	generic	SRR27880475_clean_1.fa.gz	DRY
00b_HostDepletion/SRR27880475_clean_2.fa.gz	/home/zhangwenda/goji-virome/01_data/sra_rna.data4/4.host_depletion_norrna/RNA-Lycium_barbarum/SRR27880475_clean_2.fa.gz	generic	SRR27880475_clean_2.fa.gz	DRY
00b_HostDepletion/SRR23107135_clean_1.fa.gz	/home/zhangwenda/goji-virome/01_data/sra_rna.data4/4.host_depletion_norrna/RNA-Lycium_barbarum/SRR23107135_clean_1.fa.gz	generic	SRR23107135_clean_1.fa.gz	DRY
00b_HostDepletion/SRR22742704_clean_2.fa.gz	/home/zhangwenda/goji-virome/01_data/sra_rna.data4/4.host_depletion_norrna/RNA-Lycium_barbarum/SRR22742704_clean_2.fa.gz	generic	SRR22742704_clean_2.fa.gz	DRY
00b_HostDepletion/SRR27880477_clean_1.fa.gz	/home/zhangwenda/goji-virome/01_data/sra_rna.data4/4.host_depletion_norrna/RNA-Lycium_barbarum/SRR27880477_clean_1.fa.gz	generic	SRR27880477_clean_1.fa.gz	DRY
00b_HostDepletion/SRR27880477_clean_2.fa.gz	/home/zhangwenda/goji-virome/01_data/sra_rna.data4/4.host_depletion_norrna/RNA-Lycium_barbarum/SRR27880477_clean_2.fa.gz	generic	SRR27880477_clean_2.fa.gz	DRY
00b_HostDepletion/SRR28748445_clean_1.fa.gz	/home/zhangwenda/goji-virome/01_data/sra_rna.data4/4.host_depletion_norrna/RNA-Lycium_barbarum/SRR28748445_clean_1.fa.gz	generic	SRR28748445_clean_1.fa.gz	DRY
00b_HostDepletion/SRR28748445_clean_2.fa.gz	/home/zhangwenda/goji-virome/01_data/sra_rna.data4/4.host_depletion_norrna/RNA-Lycium_barbarum/SRR28748445_clean_2.fa.gz	generic	SRR28748445_clean_2.fa.gz	DRY
00b_HostDepletion/SRR28748446_clean_1.fa.gz	/home/zhangwenda/goji-virome/01_data/sra_rna.data4/4.host_depletion_norrna/RNA-Lycium_barbarum/SRR28748446_clean_1.fa.gz	generic	SRR28748446_clean_1.fa.gz	DRY
00b_HostDepletion/SRR28748446_clean_2.fa.gz	/home/zhangwenda/goji-virome/01_data/sra_rna.data4/4.host_depletion_norrna/RNA-Lycium_barbarum/SRR28748446_clean_2.fa.gz	generic	SRR28748446_clean_2.fa.gz	DRY
00b_HostDepletion/SRR33528970_clean_1.fa.gz	/home/zhangwenda/goji-virome/01_data/sra_rna.data4/4.host_depletion_norrna/RNA-Lycium_barbarum/SRR33528970_clean_1.fa.gz	generic	SRR33528970_clean_1.fa.gz	DRY
00b_HostDepletion/SRR33528970_clean_2.fa.gz	/home/zhangwenda/goji-virome/01_data/sra_rna.data4/4.host_depletion_norrna/RNA-Lycium_barbarum/SRR33528970_clean_2.fa.gz	generic	SRR33528970_clean_2.fa.gz	DRY
00b_HostDepletion/SRR33528971_clean_1.fa.gz	/home/zhangwenda/goji-virome/01_data/sra_rna.data4/4.host_depletion_norrna/RNA-Lycium_barbarum/SRR33528971_clean_1.fa.gz	generic	SRR33528971_clean_1.fa.gz	DRY
00b_HostDepletion/SRR33528971_clean_2.fa.gz	/home/zhangwenda/goji-virome/01_data/sra_rna.data4/4.host_depletion_norrna/RNA-Lycium_barbarum/SRR33528971_clean_2.fa.gz	generic	SRR33528971_clean_2.fa.gz	DRY
00b_HostDepletion/SRR33528972_clean_1.fa.gz	/home/zhangwenda/goji-virome/01_data/sra_rna.data4/4.host_depletion_norrna/RNA-Lycium_barbarum/SRR33528972_clean_1.fa.gz	generic	SRR33528972_clean_1.fa.gz	DRY
00b_HostDepletion/SRR33528972_clean_2.fa.gz	/home/zhangwenda/goji-virome/01_data/sra_rna.data4/4.host_depletion_norrna/RNA-Lycium_barbarum/SRR33528972_clean_2.fa.gz	generic	SRR33528972_clean_2.fa.gz	DRY
00b_HostDepletion/SRR33528973_clean_1.fa.gz	/home/zhangwenda/goji-virome/01_data/sra_rna.data4/4.host_depletion_norrna/RNA-Lycium_barbarum/SRR33528973_clean_1.fa.gz	generic	SRR33528973_clean_1.fa.gz	DRY
00b_HostDepletion/SRR33528973_clean_2.fa.gz	/home/zhangwenda/goji-virome/01_data/sra_rna.data4/4.host_depletion_norrna/RNA-Lycium_barbarum/SRR33528973_clean_2.fa.gz	generic	SRR33528973_clean_2.fa.gz	DRY
00b_HostDepletion/SRR33528974_clean_1.fa.gz	/home/zhangwenda/goji-virome/01_data/sra_rna.data4/4.host_depletion_norrna/RNA-Lycium_barbarum/SRR33528974_clean_1.fa.gz	generic	SRR33528974_clean_1.fa.gz	DRY
00b_HostDepletion/SRR33528974_clean_2.fa.gz	/home/zhangwenda/goji-virome/01_data/sra_rna.data4/4.host_depletion_norrna/RNA-Lycium_barbarum/SRR33528974_clean_2.fa.gz	generic	SRR33528974_clean_2.fa.gz	DRY
00b_HostDepletion/SRR33528975_clean_1.fa.gz	/home/zhangwenda/goji-virome/01_data/sra_rna.data4/4.host_depletion_norrna/RNA-Lycium_barbarum/SRR33528975_clean_1.fa.gz	generic	SRR33528975_clean_1.fa.gz	DRY
00b_HostDepletion/SRR33528975_clean_2.fa.gz	/home/zhangwenda/goji-virome/01_data/sra_rna.data4/4.host_depletion_norrna/RNA-Lycium_barbarum/SRR33528975_clean_2.fa.gz	generic	SRR33528975_clean_2.fa.gz	DRY
00b_HostDepletion/SRR33536644_clean_1.fa.gz	/home/zhangwenda/goji-virome/01_data/sra_rna.data4/4.host_depletion_norrna/RNA-Lycium_barbarum/SRR33536644_clean_1.fa.gz	generic	SRR33536644_clean_1.fa.gz	DRY
00b_HostDepletion/SRR33536644_clean_2.fa.gz	/home/zhangwenda/goji-virome/01_data/sra_rna.data4/4.host_depletion_norrna/RNA-Lycium_barbarum/SRR33536644_clean_2.fa.gz	generic	SRR33536644_clean_2.fa.gz	DRY
00b_HostDepletion/SRR33536645_clean_1.fa.gz	/home/zhangwenda/goji-virome/01_data/sra_rna.data4/4.host_depletion_norrna/RNA-Lycium_barbarum/SRR33536645_clean_1.fa.gz	generic	SRR33536645_clean_1.fa.gz	DRY
00b_HostDepletion/SRR33536645_clean_2.fa.gz	/home/zhangwenda/goji-virome/01_data/sra_rna.data4/4.host_depletion_norrna/RNA-Lycium_barbarum/SRR33536645_clean_2.fa.gz	generic	SRR33536645_clean_2.fa.gz	DRY
00b_HostDepletion/SRR33536646_clean_1.fa.gz	/home/zhangwenda/goji-virome/01_data/sra_rna.data4/4.host_depletion_norrna/RNA-Lycium_barbarum/SRR33536646_clean_1.fa.gz	generic	SRR33536646_clean_1.fa.gz	DRY
00b_HostDepletion/SRR33536646_clean_2.fa.gz	/home/zhangwenda/goji-virome/01_data/sra_rna.data4/4.host_depletion_norrna/RNA-Lycium_barbarum/SRR33536646_clean_2.fa.gz	generic	SRR33536646_clean_2.fa.gz	DRY
00b_HostDepletion/SRR33536647_clean_1.fa.gz	/home/zhangwenda/goji-virome/01_data/sra_rna.data4/4.host_depletion_norrna/RNA-Lycium_barbarum/SRR33536647_clean_1.fa.gz	generic	SRR33536647_clean_1.fa.gz	DRY
00b_HostDepletion/SRR33536647_clean_2.fa.gz	/home/zhangwenda/goji-virome/01_data/sra_rna.data4/4.host_depletion_norrna/RNA-Lycium_barbarum/SRR33536647_clean_2.fa.gz	generic	SRR33536647_clean_2.fa.gz	DRY
00b_HostDepletion/SRR23107135_clean_2.fa.gz	/home/zhangwenda/goji-virome/01_data/sra_rna.data4/4.host_depletion_norrna/RNA-Lycium_barbarum/SRR23107135_clean_2.fa.gz	generic	SRR23107135_clean_2.fa.gz	DRY
00b_HostDepletion/SRR22742699_clean_1.fa.gz	/home/zhangwenda/goji-virome/01_data/sra_rna.data4/4.host_depletion_norrna/RNA-Lycium_barbarum/SRR22742699_clean_1.fa.gz	generic	SRR22742699_clean_1.fa.gz	DRY
00b_HostDepletion/SRR22742699_clean_2.fa.gz	/home/zhangwenda/goji-virome/01_data/sra_rna.data4/4.host_depletion_norrna/RNA-Lycium_barbarum/SRR22742699_clean_2.fa.gz	generic	SRR22742699_clean_2.fa.gz	DRY
00b_HostDepletion/SRR22742702_clean_2.fa.gz	/home/zhangwenda/goji-virome/01_data/sra_rna.data4/4.host_depletion_norrna/RNA-Lycium_barbarum/SRR22742702_clean_2.fa.gz	generic	SRR22742702_clean_2.fa.gz	DRY
00b_HostDepletion/SRR22742703_clean_1.fa.gz	/home/zhangwenda/goji-virome/01_data/sra_rna.data4/4.host_depletion_norrna/RNA-Lycium_barbarum/SRR22742703_clean_1.fa.gz	generic	SRR22742703_clean_1.fa.gz	DRY
00b_HostDepletion/SRR15037478_clean_2.fa.gz	/home/zhangwenda/goji-virome/01_data/sra_rna.data4/4.host_depletion_norrna/RNA-Lycium_barbarum/SRR15037478_clean_2.fa.gz	generic	SRR15037478_clean_2.fa.gz	DRY
00b_HostDepletion/CRR891457_clean_2.fa.gz	/home/zhangwenda/goji-virome/01_data/sra_rna.data4/4.host_depletion_norrna/RNA-Lycium_barbarum/CRR891457_clean_2.fa.gz	generic	CRR891457_clean_2.fa.gz	DRY
00b_HostDepletion/SRR18059512_clean_2.fa.gz	/home/zhangwenda/goji-virome/01_data/sra_rna.data4/4.host_depletion_norrna/RNA-Lycium_barbarum/SRR18059512_clean_2.fa.gz	generic	SRR18059512_clean_2.fa.gz	DRY
00b_HostDepletion/SRR33536652_clean_1.fa.gz	/home/zhangwenda/goji-virome/01_data/sra_rna.data4/4.host_depletion_norrna/RNA-Lycium_barbarum/SRR33536652_clean_1.fa.gz	generic	SRR33536652_clean_1.fa.gz	DRY
00b_HostDepletion/SRR33536652_clean_2.fa.gz	/home/zhangwenda/goji-virome/01_data/sra_rna.data4/4.host_depletion_norrna/RNA-Lycium_barbarum/SRR33536652_clean_2.fa.gz	generic	SRR33536652_clean_2.fa.gz	DRY
00b_HostDepletion/SRR33536653_clean_1.fa.gz	/home/zhangwenda/goji-virome/01_data/sra_rna.data4/4.host_depletion_norrna/RNA-Lycium_barbarum/SRR33536653_clean_1.fa.gz	generic	SRR33536653_clean_1.fa.gz	DRY
00b_HostDepletion/SRR33536653_clean_2.fa.gz	/home/zhangwenda/goji-virome/01_data/sra_rna.data4/4.host_depletion_norrna/RNA-Lycium_barbarum/SRR33536653_clean_2.fa.gz	generic	SRR33536653_clean_2.fa.gz	DRY
00b_HostDepletion/SRR33536654_clean_1.fa.gz	/home/zhangwenda/goji-virome/01_data/sra_rna.data4/4.host_depletion_norrna/RNA-Lycium_barbarum/SRR33536654_clean_1.fa.gz	generic	SRR33536654_clean_1.fa.gz	DRY
00b_HostDepletion/SRR33536654_clean_2.fa.gz	/home/zhangwenda/goji-virome/01_data/sra_rna.data4/4.host_depletion_norrna/RNA-Lycium_barbarum/SRR33536654_clean_2.fa.gz	generic	SRR33536654_clean_2.fa.gz	DRY
00b_HostDepletion/SRR33536655_clean_1.fa.gz	/home/zhangwenda/goji-virome/01_data/sra_rna.data4/4.host_depletion_norrna/RNA-Lycium_barbarum/SRR33536655_clean_1.fa.gz	generic	SRR33536655_clean_1.fa.gz	DRY
00b_HostDepletion/SRR33536655_clean_2.fa.gz	/home/zhangwenda/goji-virome/01_data/sra_rna.data4/4.host_depletion_norrna/RNA-Lycium_barbarum/SRR33536655_clean_2.fa.gz	generic	SRR33536655_clean_2.fa.gz	DRY
00b_HostDepletion/SRR33536656_clean_1.fa.gz	/home/zhangwenda/goji-virome/01_data/sra_rna.data4/4.host_depletion_norrna/RNA-Lycium_barbarum/SRR33536656_clean_1.fa.gz	generic	SRR33536656_clean_1.fa.gz	DRY
00b_HostDepletion/SRR33536656_clean_2.fa.gz	/home/zhangwenda/goji-virome/01_data/sra_rna.data4/4.host_depletion_norrna/RNA-Lycium_barbarum/SRR33536656_clean_2.fa.gz	generic	SRR33536656_clean_2.fa.gz	DRY
00b_HostDepletion/SRR33536657_clean_1.fa.gz	/home/zhangwenda/goji-virome/01_data/sra_rna.data4/4.host_depletion_norrna/RNA-Lycium_barbarum/SRR33536657_clean_1.fa.gz	generic	SRR33536657_clean_1.fa.gz	DRY
00b_HostDepletion/SRR33536657_clean_2.fa.gz	/home/zhangwenda/goji-virome/01_data/sra_rna.data4/4.host_depletion_norrna/RNA-Lycium_barbarum/SRR33536657_clean_2.fa.gz	generic	SRR33536657_clean_2.fa.gz	DRY
00b_HostDepletion/SRR33536658_clean_1.fa.gz	/home/zhangwenda/goji-virome/01_data/sra_rna.data4/4.host_depletion_norrna/RNA-Lycium_barbarum/SRR33536658_clean_1.fa.gz	generic	SRR33536658_clean_1.fa.gz	DRY
00b_HostDepletion/SRR33536658_clean_2.fa.gz	/home/zhangwenda/goji-virome/01_data/sra_rna.data4/4.host_depletion_norrna/RNA-Lycium_barbarum/SRR33536658_clean_2.fa.gz	generic	SRR33536658_clean_2.fa.gz	DRY
00b_HostDepletion/SRR33536659_clean_1.fa.gz	/home/zhangwenda/goji-virome/01_data/sra_rna.data4/4.host_depletion_norrna/RNA-Lycium_barbarum/SRR33536659_clean_1.fa.gz	generic	SRR33536659_clean_1.fa.gz	DRY
00b_HostDepletion/SRR33536659_clean_2.fa.gz	/home/zhangwenda/goji-virome/01_data/sra_rna.data4/4.host_depletion_norrna/RNA-Lycium_barbarum/SRR33536659_clean_2.fa.gz	generic	SRR33536659_clean_2.fa.gz	DRY
00b_HostDepletion/CRR732660_clean_1.fa.gz	/home/zhangwenda/goji-virome/01_data/sra_rna.data4/4.host_depletion_norrna/RNA-Lycium_barbarum/CRR732660_clean_1.fa.gz	generic	CRR732660_clean_1.fa.gz	DRY
00b_HostDepletion/CRR732660_clean_2.fa.gz	/home/zhangwenda/goji-virome/01_data/sra_rna.data4/4.host_depletion_norrna/RNA-Lycium_barbarum/CRR732660_clean_2.fa.gz	generic	CRR732660_clean_2.fa.gz	DRY
00b_HostDepletion/CRR732663_clean_2.fa.gz	/home/zhangwenda/goji-virome/01_data/sra_rna.data4/4.host_depletion_norrna/RNA-Lycium_barbarum/CRR732663_clean_2.fa.gz	generic	CRR732663_clean_2.fa.gz	DRY
00b_HostDepletion/SRR15037478_clean_1.fa.gz	/home/zhangwenda/goji-virome/01_data/sra_rna.data4/4.host_depletion_norrna/RNA-Lycium_barbarum/SRR15037478_clean_1.fa.gz	generic	SRR15037478_clean_1.fa.gz	DRY
00b_HostDepletion/SRR22742698_clean_2.fa.gz	/home/zhangwenda/goji-virome/01_data/sra_rna.data4/4.host_depletion_norrna/RNA-Lycium_barbarum/SRR22742698_clean_2.fa.gz	generic	SRR22742698_clean_2.fa.gz	DRY
00b_HostDepletion/SRR22330849_clean_1.fa.gz	/home/zhangwenda/goji-virome/01_data/sra_rna.data4/4.host_depletion_norrna/RNA-Lycium_barbarum/SRR22330849_clean_1.fa.gz	generic	SRR22330849_clean_1.fa.gz	DRY
00b_HostDepletion/SRR35911572_clean_1.fa.gz	/home/zhangwenda/goji-virome/01_data/sra_rna.data4/4.host_depletion_norrna/RNA-Lycium_barbarum/SRR35911572_clean_1.fa.gz	generic	SRR35911572_clean_1.fa.gz	DRY
00b_HostDepletion/SRR35911572_clean_2.fa.gz	/home/zhangwenda/goji-virome/01_data/sra_rna.data4/4.host_depletion_norrna/RNA-Lycium_barbarum/SRR35911572_clean_2.fa.gz	generic	SRR35911572_clean_2.fa.gz	DRY
00b_HostDepletion/SRR35911573_clean_1.fa.gz	/home/zhangwenda/goji-virome/01_data/sra_rna.data4/4.host_depletion_norrna/RNA-Lycium_barbarum/SRR35911573_clean_1.fa.gz	generic	SRR35911573_clean_1.fa.gz	DRY
00b_HostDepletion/SRR35911573_clean_2.fa.gz	/home/zhangwenda/goji-virome/01_data/sra_rna.data4/4.host_depletion_norrna/RNA-Lycium_barbarum/SRR35911573_clean_2.fa.gz	generic	SRR35911573_clean_2.fa.gz	DRY
00b_HostDepletion/SRR35911574_clean_1.fa.gz	/home/zhangwenda/goji-virome/01_data/sra_rna.data4/4.host_depletion_norrna/RNA-Lycium_barbarum/SRR35911574_clean_1.fa.gz	generic	SRR35911574_clean_1.fa.gz	DRY
00b_HostDepletion/SRR35911574_clean_2.fa.gz	/home/zhangwenda/goji-virome/01_data/sra_rna.data4/4.host_depletion_norrna/RNA-Lycium_barbarum/SRR35911574_clean_2.fa.gz	generic	SRR35911574_clean_2.fa.gz	DRY
00b_HostDepletion/SRR35911575_clean_1.fa.gz	/home/zhangwenda/goji-virome/01_data/sra_rna.data4/4.host_depletion_norrna/RNA-Lycium_barbarum/SRR35911575_clean_1.fa.gz	generic	SRR35911575_clean_1.fa.gz	DRY
00b_HostDepletion/SRR35911575_clean_2.fa.gz	/home/zhangwenda/goji-virome/01_data/sra_rna.data4/4.host_depletion_norrna/RNA-Lycium_barbarum/SRR35911575_clean_2.fa.gz	generic	SRR35911575_clean_2.fa.gz	DRY
00b_HostDepletion/SRR35911576_clean_1.fa.gz	/home/zhangwenda/goji-virome/01_data/sra_rna.data4/4.host_depletion_norrna/RNA-Lycium_barbarum/SRR35911576_clean_1.fa.gz	generic	SRR35911576_clean_1.fa.gz	DRY
00b_HostDepletion/SRR35911576_clean_2.fa.gz	/home/zhangwenda/goji-virome/01_data/sra_rna.data4/4.host_depletion_norrna/RNA-Lycium_barbarum/SRR35911576_clean_2.fa.gz	generic	SRR35911576_clean_2.fa.gz	DRY
00b_HostDepletion/SRR35911577_clean_1.fa.gz	/home/zhangwenda/goji-virome/01_data/sra_rna.data4/4.host_depletion_norrna/RNA-Lycium_barbarum/SRR35911577_clean_1.fa.gz	generic	SRR35911577_clean_1.fa.gz	DRY
00b_HostDepletion/SRR35911577_clean_2.fa.gz	/home/zhangwenda/goji-virome/01_data/sra_rna.data4/4.host_depletion_norrna/RNA-Lycium_barbarum/SRR35911577_clean_2.fa.gz	generic	SRR35911577_clean_2.fa.gz	DRY
00b_HostDepletion/SRR35911578_clean_1.fa.gz	/home/zhangwenda/goji-virome/01_data/sra_rna.data4/4.host_depletion_norrna/RNA-Lycium_barbarum/SRR35911578_clean_1.fa.gz	generic	SRR35911578_clean_1.fa.gz	DRY
00b_HostDepletion/SRR35911578_clean_2.fa.gz	/home/zhangwenda/goji-virome/01_data/sra_rna.data4/4.host_depletion_norrna/RNA-Lycium_barbarum/SRR35911578_clean_2.fa.gz	generic	SRR35911578_clean_2.fa.gz	DRY
00b_HostDepletion/CRR732663_clean_1.fa.gz	/home/zhangwenda/goji-virome/01_data/sra_rna.data4/4.host_depletion_norrna/RNA-Lycium_barbarum/CRR732663_clean_1.fa.gz	generic	CRR732663_clean_1.fa.gz	DRY
00b_HostDepletion/CRR891457_clean_1.fa.gz	/home/zhangwenda/goji-virome/01_data/sra_rna.data4/4.host_depletion_norrna/RNA-Lycium_barbarum/CRR891457_clean_1.fa.gz	generic	CRR891457_clean_1.fa.gz	DRY
00b_HostDepletion/SRR22742702_clean_1.fa.gz	/home/zhangwenda/goji-virome/01_data/sra_rna.data4/4.host_depletion_norrna/RNA-Lycium_barbarum/SRR22742702_clean_1.fa.gz	generic	SRR22742702_clean_1.fa.gz	DRY
00b_HostDepletion/SRR22330849_clean_2.fa.gz	/home/zhangwenda/goji-virome/01_data/sra_rna.data4/4.host_depletion_norrna/RNA-Lycium_barbarum/SRR22330849_clean_2.fa.gz	generic	SRR22330849_clean_2.fa.gz	DRY
00b_HostDepletion/SRR35911581_clean_1.fa.gz	/home/zhangwenda/goji-virome/01_data/sra_rna.data4/4.host_depletion_norrna/RNA-Lycium_barbarum/SRR35911581_clean_1.fa.gz	generic	SRR35911581_clean_1.fa.gz	DRY
00b_HostDepletion/SRR35911581_clean_2.fa.gz	/home/zhangwenda/goji-virome/01_data/sra_rna.data4/4.host_depletion_norrna/RNA-Lycium_barbarum/SRR35911581_clean_2.fa.gz	generic	SRR35911581_clean_2.fa.gz	DRY
00b_HostDepletion/SRR35911582_clean_1.fa.gz	/home/zhangwenda/goji-virome/01_data/sra_rna.data4/4.host_depletion_norrna/RNA-Lycium_barbarum/SRR35911582_clean_1.fa.gz	generic	SRR35911582_clean_1.fa.gz	DRY
00b_HostDepletion/SRR35911582_clean_2.fa.gz	/home/zhangwenda/goji-virome/01_data/sra_rna.data4/4.host_depletion_norrna/RNA-Lycium_barbarum/SRR35911582_clean_2.fa.gz	generic	SRR35911582_clean_2.fa.gz	DRY
00b_HostDepletion/SRR36147586_1_clean.fa.gz	/home/zhangwenda/goji-virome/01_data/sra_rna.data4/4.host_depletion_norrna/RNA-Lycium_barbarum/SRR36147586_1_clean.fa.gz	generic	SRR36147586_1_clean.fa.gz	DRY
00b_HostDepletion/SRR36147587_1_clean.fa.gz	/home/zhangwenda/goji-virome/01_data/sra_rna.data4/4.host_depletion_norrna/RNA-Lycium_barbarum/SRR36147587_1_clean.fa.gz	generic	SRR36147587_1_clean.fa.gz	DRY
00b_HostDepletion/SRR36147588_1_clean.fa.gz	/home/zhangwenda/goji-virome/01_data/sra_rna.data4/4.host_depletion_norrna/RNA-Lycium_barbarum/SRR36147588_1_clean.fa.gz	generic	SRR36147588_1_clean.fa.gz	DRY
00b_HostDepletion/SRR36147589_1_clean.fa.gz	/home/zhangwenda/goji-virome/01_data/sra_rna.data4/4.host_depletion_norrna/RNA-Lycium_barbarum/SRR36147589_1_clean.fa.gz	generic	SRR36147589_1_clean.fa.gz	DRY
00b_HostDepletion/SRR36147590_1_clean.fa.gz	/home/zhangwenda/goji-virome/01_data/sra_rna.data4/4.host_depletion_norrna/RNA-Lycium_barbarum/SRR36147590_1_clean.fa.gz	generic	SRR36147590_1_clean.fa.gz	DRY
00b_HostDepletion/SRR36147591_1_clean.fa.gz	/home/zhangwenda/goji-virome/01_data/sra_rna.data4/4.host_depletion_norrna/RNA-Lycium_barbarum/SRR36147591_1_clean.fa.gz	generic	SRR36147591_1_clean.fa.gz	DRY
00b_HostDepletion/SRR6202507_clean_1.fa.gz	/home/zhangwenda/goji-virome/01_data/sra_rna.data4/4.host_depletion_norrna/RNA-Lycium_barbarum/SRR6202507_clean_1.fa.gz	generic	SRR6202507_clean_1.fa.gz	DRY
00b_HostDepletion/SRR6202507_clean_2.fa.gz	/home/zhangwenda/goji-virome/01_data/sra_rna.data4/4.host_depletion_norrna/RNA-Lycium_barbarum/SRR6202507_clean_2.fa.gz	generic	SRR6202507_clean_2.fa.gz	DRY
00b_HostDepletion/SRR6206200_clean_1.fa.gz	/home/zhangwenda/goji-virome/01_data/sra_rna.data4/4.host_depletion_norrna/RNA-Lycium_barbarum/SRR6206200_clean_1.fa.gz	generic	SRR6206200_clean_1.fa.gz	DRY
00b_HostDepletion/SRR6206200_clean_2.fa.gz	/home/zhangwenda/goji-virome/01_data/sra_rna.data4/4.host_depletion_norrna/RNA-Lycium_barbarum/SRR6206200_clean_2.fa.gz	generic	SRR6206200_clean_2.fa.gz	DRY
00b_HostDepletion/SRR6896657_clean_1.fa.gz	/home/zhangwenda/goji-virome/01_data/sra_rna.data4/4.host_depletion_norrna/RNA-Lycium_barbarum/SRR6896657_clean_1.fa.gz	generic	SRR6896657_clean_1.fa.gz	DRY
00b_HostDepletion/SRR6896657_clean_2.fa.gz	/home/zhangwenda/goji-virome/01_data/sra_rna.data4/4.host_depletion_norrna/RNA-Lycium_barbarum/SRR6896657_clean_2.fa.gz	generic	SRR6896657_clean_2.fa.gz	DRY
00b_HostDepletion/SRR6984538_clean_1.fa.gz	/home/zhangwenda/goji-virome/01_data/sra_rna.data4/4.host_depletion_norrna/RNA-Lycium_barbarum/SRR6984538_clean_1.fa.gz	generic	SRR6984538_clean_1.fa.gz	DRY
00b_HostDepletion/SRR6984538_clean_2.fa.gz	/home/zhangwenda/goji-virome/01_data/sra_rna.data4/4.host_depletion_norrna/RNA-Lycium_barbarum/SRR6984538_clean_2.fa.gz	generic	SRR6984538_clean_2.fa.gz	DRY
00b_HostDepletion/SRR8191316_clean_1.fa.gz	/home/zhangwenda/goji-virome/01_data/sra_rna.data4/4.host_depletion_norrna/RNA-Lycium_barbarum/SRR8191316_clean_1.fa.gz	generic	SRR8191316_clean_1.fa.gz	DRY
00b_HostDepletion/SRR8191316_clean_2.fa.gz	/home/zhangwenda/goji-virome/01_data/sra_rna.data4/4.host_depletion_norrna/RNA-Lycium_barbarum/SRR8191316_clean_2.fa.gz	generic	SRR8191316_clean_2.fa.gz	DRY
00b_HostDepletion/SRR8191317_clean_1.fa.gz	/home/zhangwenda/goji-virome/01_data/sra_rna.data4/4.host_depletion_norrna/RNA-Lycium_barbarum/SRR8191317_clean_1.fa.gz	generic	SRR8191317_clean_1.fa.gz	DRY
00b_HostDepletion/SRR8191317_clean_2.fa.gz	/home/zhangwenda/goji-virome/01_data/sra_rna.data4/4.host_depletion_norrna/RNA-Lycium_barbarum/SRR8191317_clean_2.fa.gz	generic	SRR8191317_clean_2.fa.gz	DRY
00b_HostDepletion/SRR8191318_clean_1.fa.gz	/home/zhangwenda/goji-virome/01_data/sra_rna.data4/4.host_depletion_norrna/RNA-Lycium_barbarum/SRR8191318_clean_1.fa.gz	generic	SRR8191318_clean_1.fa.gz	DRY
00b_HostDepletion/SRR8191318_clean_2.fa.gz	/home/zhangwenda/goji-virome/01_data/sra_rna.data4/4.host_depletion_norrna/RNA-Lycium_barbarum/SRR8191318_clean_2.fa.gz	generic	SRR8191318_clean_2.fa.gz	DRY
00b_HostDepletion/SRR8191319_clean_1.fa.gz	/home/zhangwenda/goji-virome/01_data/sra_rna.data4/4.host_depletion_norrna/RNA-Lycium_barbarum/SRR8191319_clean_1.fa.gz	generic	SRR8191319_clean_1.fa.gz	DRY
00b_HostDepletion/SRR8191319_clean_2.fa.gz	/home/zhangwenda/goji-virome/01_data/sra_rna.data4/4.host_depletion_norrna/RNA-Lycium_barbarum/SRR8191319_clean_2.fa.gz	generic	SRR8191319_clean_2.fa.gz	DRY
00b_HostDepletion/SRR8191320_clean_1.fa.gz	/home/zhangwenda/goji-virome/01_data/sra_rna.data4/4.host_depletion_norrna/RNA-Lycium_barbarum/SRR8191320_clean_1.fa.gz	generic	SRR8191320_clean_1.fa.gz	DRY
00b_HostDepletion/SRR8191320_clean_2.fa.gz	/home/zhangwenda/goji-virome/01_data/sra_rna.data4/4.host_depletion_norrna/RNA-Lycium_barbarum/SRR8191320_clean_2.fa.gz	generic	SRR8191320_clean_2.fa.gz	DRY
00b_HostDepletion/SRR8191321_clean_1.fa.gz	/home/zhangwenda/goji-virome/01_data/sra_rna.data4/4.host_depletion_norrna/RNA-Lycium_barbarum/SRR8191321_clean_1.fa.gz	generic	SRR8191321_clean_1.fa.gz	DRY
00b_HostDepletion/SRR8191321_clean_2.fa.gz	/home/zhangwenda/goji-virome/01_data/sra_rna.data4/4.host_depletion_norrna/RNA-Lycium_barbarum/SRR8191321_clean_2.fa.gz	generic	SRR8191321_clean_2.fa.gz	DRY
00b_HostDepletion/SRR8191322_clean_1.fa.gz	/home/zhangwenda/goji-virome/01_data/sra_rna.data4/4.host_depletion_norrna/RNA-Lycium_barbarum/SRR8191322_clean_1.fa.gz	generic	SRR8191322_clean_1.fa.gz	DRY
00b_HostDepletion/SRR8191322_clean_2.fa.gz	/home/zhangwenda/goji-virome/01_data/sra_rna.data4/4.host_depletion_norrna/RNA-Lycium_barbarum/SRR8191322_clean_2.fa.gz	generic	SRR8191322_clean_2.fa.gz	DRY
00b_HostDepletion/SRR8191323_clean_1.fa.gz	/home/zhangwenda/goji-virome/01_data/sra_rna.data4/4.host_depletion_norrna/RNA-Lycium_barbarum/SRR8191323_clean_1.fa.gz	generic	SRR8191323_clean_1.fa.gz	DRY
00b_HostDepletion/SRR8191323_clean_2.fa.gz	/home/zhangwenda/goji-virome/01_data/sra_rna.data4/4.host_depletion_norrna/RNA-Lycium_barbarum/SRR8191323_clean_2.fa.gz	generic	SRR8191323_clean_2.fa.gz	DRY
00b_HostDepletion/SRR18059512_clean_1.fa.gz	/home/zhangwenda/goji-virome/01_data/sra_rna.data4/4.host_depletion_norrna/RNA-Lycium_barbarum/SRR18059512_clean_1.fa.gz	generic	SRR18059512_clean_1.fa.gz	DRY
00b_HostDepletion/SRR22742698_clean_1.fa.gz	/home/zhangwenda/goji-virome/01_data/sra_rna.data4/4.host_depletion_norrna/RNA-Lycium_barbarum/SRR22742698_clean_1.fa.gz	generic	SRR22742698_clean_1.fa.gz	DRY
00b_HostDepletion/SRR8191325_clean_1.fa.gz	/home/zhangwenda/goji-virome/01_data/sra_rna.data4/4.host_depletion_norrna/RNA-Lycium_barbarum/SRR8191325_clean_1.fa.gz	generic	SRR8191325_clean_1.fa.gz	DRY
00b_HostDepletion/SRR8191325_clean_2.fa.gz	/home/zhangwenda/goji-virome/01_data/sra_rna.data4/4.host_depletion_norrna/RNA-Lycium_barbarum/SRR8191325_clean_2.fa.gz	generic	SRR8191325_clean_2.fa.gz	DRY
00b_HostDepletion/SRR8191326_clean_1.fa.gz	/home/zhangwenda/goji-virome/01_data/sra_rna.data4/4.host_depletion_norrna/RNA-Lycium_barbarum/SRR8191326_clean_1.fa.gz	generic	SRR8191326_clean_1.fa.gz	DRY
00b_HostDepletion/SRR8191326_clean_2.fa.gz	/home/zhangwenda/goji-virome/01_data/sra_rna.data4/4.host_depletion_norrna/RNA-Lycium_barbarum/SRR8191326_clean_2.fa.gz	generic	SRR8191326_clean_2.fa.gz	DRY
00b_HostDepletion/SRR8191327_clean_1.fa.gz	/home/zhangwenda/goji-virome/01_data/sra_rna.data4/4.host_depletion_norrna/RNA-Lycium_barbarum/SRR8191327_clean_1.fa.gz	generic	SRR8191327_clean_1.fa.gz	DRY
00b_HostDepletion/SRR8191327_clean_2.fa.gz	/home/zhangwenda/goji-virome/01_data/sra_rna.data4/4.host_depletion_norrna/RNA-Lycium_barbarum/SRR8191327_clean_2.fa.gz	generic	SRR8191327_clean_2.fa.gz	DRY
00b_HostDepletion/SRR8191328_clean_1.fa.gz	/home/zhangwenda/goji-virome/01_data/sra_rna.data4/4.host_depletion_norrna/RNA-Lycium_barbarum/SRR8191328_clean_1.fa.gz	generic	SRR8191328_clean_1.fa.gz	DRY
00b_HostDepletion/SRR8191328_clean_2.fa.gz	/home/zhangwenda/goji-virome/01_data/sra_rna.data4/4.host_depletion_norrna/RNA-Lycium_barbarum/SRR8191328_clean_2.fa.gz	generic	SRR8191328_clean_2.fa.gz	DRY
00b_HostDepletion/SRR8191329_clean_1.fa.gz	/home/zhangwenda/goji-virome/01_data/sra_rna.data4/4.host_depletion_norrna/RNA-Lycium_barbarum/SRR8191329_clean_1.fa.gz	generic	SRR8191329_clean_1.fa.gz	DRY
00b_HostDepletion/SRR8191329_clean_2.fa.gz	/home/zhangwenda/goji-virome/01_data/sra_rna.data4/4.host_depletion_norrna/RNA-Lycium_barbarum/SRR8191329_clean_2.fa.gz	generic	SRR8191329_clean_2.fa.gz	DRY
00b_HostDepletion/SRR8191330_clean_1.fa.gz	/home/zhangwenda/goji-virome/01_data/sra_rna.data4/4.host_depletion_norrna/RNA-Lycium_barbarum/SRR8191330_clean_1.fa.gz	generic	SRR8191330_clean_1.fa.gz	DRY
00b_HostDepletion/SRR8191330_clean_2.fa.gz	/home/zhangwenda/goji-virome/01_data/sra_rna.data4/4.host_depletion_norrna/RNA-Lycium_barbarum/SRR8191330_clean_2.fa.gz	generic	SRR8191330_clean_2.fa.gz	DRY
00b_HostDepletion/SRR8268578_clean_1.fa.gz	/home/zhangwenda/goji-virome/01_data/sra_rna.data4/4.host_depletion_norrna/RNA-Lycium_barbarum/SRR8268578_clean_1.fa.gz	generic	SRR8268578_clean_1.fa.gz	DRY
00b_HostDepletion/SRR8268578_clean_2.fa.gz	/home/zhangwenda/goji-virome/01_data/sra_rna.data4/4.host_depletion_norrna/RNA-Lycium_barbarum/SRR8268578_clean_2.fa.gz	generic	SRR8268578_clean_2.fa.gz	DRY
00b_HostDepletion/SRR8293185_clean_1.fa.gz	/home/zhangwenda/goji-virome/01_data/sra_rna.data4/4.host_depletion_norrna/RNA-Lycium_barbarum/SRR8293185_clean_1.fa.gz	generic	SRR8293185_clean_1.fa.gz	DRY
00b_HostDepletion/SRR8293185_clean_2.fa.gz	/home/zhangwenda/goji-virome/01_data/sra_rna.data4/4.host_depletion_norrna/RNA-Lycium_barbarum/SRR8293185_clean_2.fa.gz	generic	SRR8293185_clean_2.fa.gz	DRY
00b_HostDepletion/SRR8293186_clean_1.fa.gz	/home/zhangwenda/goji-virome/01_data/sra_rna.data4/4.host_depletion_norrna/RNA-Lycium_barbarum/SRR8293186_clean_1.fa.gz	generic	SRR8293186_clean_1.fa.gz	DRY
00b_HostDepletion/SRR8293186_clean_2.fa.gz	/home/zhangwenda/goji-virome/01_data/sra_rna.data4/4.host_depletion_norrna/RNA-Lycium_barbarum/SRR8293186_clean_2.fa.gz	generic	SRR8293186_clean_2.fa.gz	DRY
00b_HostDepletion/SRR8293189_clean_1.fa.gz	/home/zhangwenda/goji-virome/01_data/sra_rna.data4/4.host_depletion_norrna/RNA-Lycium_barbarum/SRR8293189_clean_1.fa.gz	generic	SRR8293189_clean_1.fa.gz	DRY
00b_HostDepletion/SRR8293189_clean_2.fa.gz	/home/zhangwenda/goji-virome/01_data/sra_rna.data4/4.host_depletion_norrna/RNA-Lycium_barbarum/SRR8293189_clean_2.fa.gz	generic	SRR8293189_clean_2.fa.gz	DRY
00b_HostDepletion/SRR8293190_clean_1.fa.gz	/home/zhangwenda/goji-virome/01_data/sra_rna.data4/4.host_depletion_norrna/RNA-Lycium_barbarum/SRR8293190_clean_1.fa.gz	generic	SRR8293190_clean_1.fa.gz	DRY
00b_HostDepletion/SRR8293190_clean_2.fa.gz	/home/zhangwenda/goji-virome/01_data/sra_rna.data4/4.host_depletion_norrna/RNA-Lycium_barbarum/SRR8293190_clean_2.fa.gz	generic	SRR8293190_clean_2.fa.gz	DRY
00b_HostDepletion/SRR8293192_clean_1.fa.gz	/home/zhangwenda/goji-virome/01_data/sra_rna.data4/4.host_depletion_norrna/RNA-Lycium_barbarum/SRR8293192_clean_1.fa.gz	generic	SRR8293192_clean_1.fa.gz	DRY
00b_HostDepletion/SRR8293192_clean_2.fa.gz	/home/zhangwenda/goji-virome/01_data/sra_rna.data4/4.host_depletion_norrna/RNA-Lycium_barbarum/SRR8293192_clean_2.fa.gz	generic	SRR8293192_clean_2.fa.gz	DRY
00b_HostDepletion/SRR8293193_clean_1.fa.gz	/home/zhangwenda/goji-virome/01_data/sra_rna.data4/4.host_depletion_norrna/RNA-Lycium_barbarum/SRR8293193_clean_1.fa.gz	generic	SRR8293193_clean_1.fa.gz	DRY
00b_HostDepletion/SRR8293193_clean_2.fa.gz	/home/zhangwenda/goji-virome/01_data/sra_rna.data4/4.host_depletion_norrna/RNA-Lycium_barbarum/SRR8293193_clean_2.fa.gz	generic	SRR8293193_clean_2.fa.gz	DRY
00b_HostDepletion/SRR8293195_clean_1.fa.gz	/home/zhangwenda/goji-virome/01_data/sra_rna.data4/4.host_depletion_norrna/RNA-Lycium_barbarum/SRR8293195_clean_1.fa.gz	generic	SRR8293195_clean_1.fa.gz	DRY
00b_HostDepletion/SRR8293195_clean_2.fa.gz	/home/zhangwenda/goji-virome/01_data/sra_rna.data4/4.host_depletion_norrna/RNA-Lycium_barbarum/SRR8293195_clean_2.fa.gz	generic	SRR8293195_clean_2.fa.gz	DRY
00b_HostDepletion/SRR8293196_clean_1.fa.gz	/home/zhangwenda/goji-virome/01_data/sra_rna.data4/4.host_depletion_norrna/RNA-Lycium_barbarum/SRR8293196_clean_1.fa.gz	generic	SRR8293196_clean_1.fa.gz	DRY
00b_HostDepletion/SRR8293196_clean_2.fa.gz	/home/zhangwenda/goji-virome/01_data/sra_rna.data4/4.host_depletion_norrna/RNA-Lycium_barbarum/SRR8293196_clean_2.fa.gz	generic	SRR8293196_clean_2.fa.gz	DRY
00b_HostDepletion/SRR8293198_clean_1.fa.gz	/home/zhangwenda/goji-virome/01_data/sra_rna.data4/4.host_depletion_norrna/RNA-Lycium_barbarum/SRR8293198_clean_1.fa.gz	generic	SRR8293198_clean_1.fa.gz	DRY
00b_HostDepletion/SRR8293198_clean_2.fa.gz	/home/zhangwenda/goji-virome/01_data/sra_rna.data4/4.host_depletion_norrna/RNA-Lycium_barbarum/SRR8293198_clean_2.fa.gz	generic	SRR8293198_clean_2.fa.gz	DRY
00b_HostDepletion/SRR9887607_clean_1.fa.gz	/home/zhangwenda/goji-virome/01_data/sra_rna.data4/4.host_depletion_norrna/RNA-Lycium_barbarum/SRR9887607_clean_1.fa.gz	generic	SRR9887607_clean_1.fa.gz	DRY
00b_HostDepletion/SRR9887607_clean_2.fa.gz	/home/zhangwenda/goji-virome/01_data/sra_rna.data4/4.host_depletion_norrna/RNA-Lycium_barbarum/SRR9887607_clean_2.fa.gz	generic	SRR9887607_clean_2.fa.gz	DRY
00b_HostDepletion/SRR9887608_clean_1.fa.gz	/home/zhangwenda/goji-virome/01_data/sra_rna.data4/4.host_depletion_norrna/RNA-Lycium_barbarum/SRR9887608_clean_1.fa.gz	generic	SRR9887608_clean_1.fa.gz	DRY
00b_HostDepletion/SRR9887608_clean_2.fa.gz	/home/zhangwenda/goji-virome/01_data/sra_rna.data4/4.host_depletion_norrna/RNA-Lycium_barbarum/SRR9887608_clean_2.fa.gz	generic	SRR9887608_clean_2.fa.gz	DRY
00b_HostDepletion/SRR9887609_clean_1.fa.gz	/home/zhangwenda/goji-virome/01_data/sra_rna.data4/4.host_depletion_norrna/RNA-Lycium_barbarum/SRR9887609_clean_1.fa.gz	generic	SRR9887609_clean_1.fa.gz	DRY
00b_HostDepletion/SRR9887609_clean_2.fa.gz	/home/zhangwenda/goji-virome/01_data/sra_rna.data4/4.host_depletion_norrna/RNA-Lycium_barbarum/SRR9887609_clean_2.fa.gz	generic	SRR9887609_clean_2.fa.gz	DRY
00b_HostDepletion/SRR9887610_clean_1.fa.gz	/home/zhangwenda/goji-virome/01_data/sra_rna.data4/4.host_depletion_norrna/RNA-Lycium_barbarum/SRR9887610_clean_1.fa.gz	generic	SRR9887610_clean_1.fa.gz	DRY
00b_HostDepletion/SRR9887610_clean_2.fa.gz	/home/zhangwenda/goji-virome/01_data/sra_rna.data4/4.host_depletion_norrna/RNA-Lycium_barbarum/SRR9887610_clean_2.fa.gz	generic	SRR9887610_clean_2.fa.gz	DRY
00b_HostDepletion/SRR9887611_clean_1.fa.gz	/home/zhangwenda/goji-virome/01_data/sra_rna.data4/4.host_depletion_norrna/RNA-Lycium_barbarum/SRR9887611_clean_1.fa.gz	generic	SRR9887611_clean_1.fa.gz	DRY
00b_HostDepletion/SRR9887611_clean_2.fa.gz	/home/zhangwenda/goji-virome/01_data/sra_rna.data4/4.host_depletion_norrna/RNA-Lycium_barbarum/SRR9887611_clean_2.fa.gz	generic	SRR9887611_clean_2.fa.gz	DRY
00b_HostDepletion/SRR9887612_clean_1.fa.gz	/home/zhangwenda/goji-virome/01_data/sra_rna.data4/4.host_depletion_norrna/RNA-Lycium_barbarum/SRR9887612_clean_1.fa.gz	generic	SRR9887612_clean_1.fa.gz	DRY
00b_HostDepletion/SRR9887612_clean_2.fa.gz	/home/zhangwenda/goji-virome/01_data/sra_rna.data4/4.host_depletion_norrna/RNA-Lycium_barbarum/SRR9887612_clean_2.fa.gz	generic	SRR9887612_clean_2.fa.gz	DRY
00b_HostDepletion/SRR9887613_clean_1.fa.gz	/home/zhangwenda/goji-virome/01_data/sra_rna.data4/4.host_depletion_norrna/RNA-Lycium_barbarum/SRR9887613_clean_1.fa.gz	generic	SRR9887613_clean_1.fa.gz	DRY
00b_HostDepletion/SRR9887613_clean_2.fa.gz	/home/zhangwenda/goji-virome/01_data/sra_rna.data4/4.host_depletion_norrna/RNA-Lycium_barbarum/SRR9887613_clean_2.fa.gz	generic	SRR9887613_clean_2.fa.gz	DRY
00b_HostDepletion/SRR9887614_clean_1.fa.gz	/home/zhangwenda/goji-virome/01_data/sra_rna.data4/4.host_depletion_norrna/RNA-Lycium_barbarum/SRR9887614_clean_1.fa.gz	generic	SRR9887614_clean_1.fa.gz	DRY
00b_HostDepletion/SRR9887614_clean_2.fa.gz	/home/zhangwenda/goji-virome/01_data/sra_rna.data4/4.host_depletion_norrna/RNA-Lycium_barbarum/SRR9887614_clean_2.fa.gz	generic	SRR9887614_clean_2.fa.gz	DRY
00b_HostDepletion/SRR9887615_clean_1.fa.gz	/home/zhangwenda/goji-virome/01_data/sra_rna.data4/4.host_depletion_norrna/RNA-Lycium_barbarum/SRR9887615_clean_1.fa.gz	generic	SRR9887615_clean_1.fa.gz	DRY
00b_HostDepletion/SRR9887615_clean_2.fa.gz	/home/zhangwenda/goji-virome/01_data/sra_rna.data4/4.host_depletion_norrna/RNA-Lycium_barbarum/SRR9887615_clean_2.fa.gz	generic	SRR9887615_clean_2.fa.gz	DRY
00b_HostDepletion/SRR9887616_clean_1.fa.gz	/home/zhangwenda/goji-virome/01_data/sra_rna.data4/4.host_depletion_norrna/RNA-Lycium_barbarum/SRR9887616_clean_1.fa.gz	generic	SRR9887616_clean_1.fa.gz	DRY
00b_HostDepletion/SRR9887616_clean_2.fa.gz	/home/zhangwenda/goji-virome/01_data/sra_rna.data4/4.host_depletion_norrna/RNA-Lycium_barbarum/SRR9887616_clean_2.fa.gz	generic	SRR9887616_clean_2.fa.gz	DRY
00b_HostDepletion/SRR9887617_clean_1.fa.gz	/home/zhangwenda/goji-virome/01_data/sra_rna.data4/4.host_depletion_norrna/RNA-Lycium_barbarum/SRR9887617_clean_1.fa.gz	generic	SRR9887617_clean_1.fa.gz	DRY
00b_HostDepletion/SRR9887617_clean_2.fa.gz	/home/zhangwenda/goji-virome/01_data/sra_rna.data4/4.host_depletion_norrna/RNA-Lycium_barbarum/SRR9887617_clean_2.fa.gz	generic	SRR9887617_clean_2.fa.gz	DRY
00b_HostDepletion/SRR9887618_clean_1.fa.gz	/home/zhangwenda/goji-virome/01_data/sra_rna.data4/4.host_depletion_norrna/RNA-Lycium_barbarum/SRR9887618_clean_1.fa.gz	generic	SRR9887618_clean_1.fa.gz	DRY
00b_HostDepletion/SRR9887618_clean_2.fa.gz	/home/zhangwenda/goji-virome/01_data/sra_rna.data4/4.host_depletion_norrna/RNA-Lycium_barbarum/SRR9887618_clean_2.fa.gz	generic	SRR9887618_clean_2.fa.gz	DRY
00b_HostDepletion/SRR9887619_clean_1.fa.gz	/home/zhangwenda/goji-virome/01_data/sra_rna.data4/4.host_depletion_norrna/RNA-Lycium_barbarum/SRR9887619_clean_1.fa.gz	generic	SRR9887619_clean_1.fa.gz	DRY
00b_HostDepletion/SRR9887619_clean_2.fa.gz	/home/zhangwenda/goji-virome/01_data/sra_rna.data4/4.host_depletion_norrna/RNA-Lycium_barbarum/SRR9887619_clean_2.fa.gz	generic	SRR9887619_clean_2.fa.gz	DRY
00b_HostDepletion/SRR9887620_clean_1.fa.gz	/home/zhangwenda/goji-virome/01_data/sra_rna.data4/4.host_depletion_norrna/RNA-Lycium_barbarum/SRR9887620_clean_1.fa.gz	generic	SRR9887620_clean_1.fa.gz	DRY
00b_HostDepletion/SRR9887620_clean_2.fa.gz	/home/zhangwenda/goji-virome/01_data/sra_rna.data4/4.host_depletion_norrna/RNA-Lycium_barbarum/SRR9887620_clean_2.fa.gz	generic	SRR9887620_clean_2.fa.gz	DRY
00b_HostDepletion/SRR9887621_clean_1.fa.gz	/home/zhangwenda/goji-virome/01_data/sra_rna.data4/4.host_depletion_norrna/RNA-Lycium_barbarum/SRR9887621_clean_1.fa.gz	generic	SRR9887621_clean_1.fa.gz	DRY
00b_HostDepletion/SRR9887621_clean_2.fa.gz	/home/zhangwenda/goji-virome/01_data/sra_rna.data4/4.host_depletion_norrna/RNA-Lycium_barbarum/SRR9887621_clean_2.fa.gz	generic	SRR9887621_clean_2.fa.gz	DRY
00b_HostDepletion/SRR9887622_clean_1.fa.gz	/home/zhangwenda/goji-virome/01_data/sra_rna.data4/4.host_depletion_norrna/RNA-Lycium_barbarum/SRR9887622_clean_1.fa.gz	generic	SRR9887622_clean_1.fa.gz	DRY
00b_HostDepletion/SRR9887622_clean_2.fa.gz	/home/zhangwenda/goji-virome/01_data/sra_rna.data4/4.host_depletion_norrna/RNA-Lycium_barbarum/SRR9887622_clean_2.fa.gz	generic	SRR9887622_clean_2.fa.gz	DRY
00b_HostDepletion/SRR9887623_clean_1.fa.gz	/home/zhangwenda/goji-virome/01_data/sra_rna.data4/4.host_depletion_norrna/RNA-Lycium_barbarum/SRR9887623_clean_1.fa.gz	generic	SRR9887623_clean_1.fa.gz	DRY
00b_HostDepletion/SRR9887623_clean_2.fa.gz	/home/zhangwenda/goji-virome/01_data/sra_rna.data4/4.host_depletion_norrna/RNA-Lycium_barbarum/SRR9887623_clean_2.fa.gz	generic	SRR9887623_clean_2.fa.gz	DRY
00b_HostDepletion/SRR9887624_clean_1.fa.gz	/home/zhangwenda/goji-virome/01_data/sra_rna.data4/4.host_depletion_norrna/RNA-Lycium_barbarum/SRR9887624_clean_1.fa.gz	generic	SRR9887624_clean_1.fa.gz	DRY
00b_HostDepletion/SRR9887624_clean_2.fa.gz	/home/zhangwenda/goji-virome/01_data/sra_rna.data4/4.host_depletion_norrna/RNA-Lycium_barbarum/SRR9887624_clean_2.fa.gz	generic	SRR9887624_clean_2.fa.gz	DRY
00b_HostDepletion/SRR9887625_clean_1.fa.gz	/home/zhangwenda/goji-virome/01_data/sra_rna.data4/4.host_depletion_norrna/RNA-Lycium_barbarum/SRR9887625_clean_1.fa.gz	generic	SRR9887625_clean_1.fa.gz	DRY
00b_HostDepletion/SRR9887625_clean_2.fa.gz	/home/zhangwenda/goji-virome/01_data/sra_rna.data4/4.host_depletion_norrna/RNA-Lycium_barbarum/SRR9887625_clean_2.fa.gz	generic	SRR9887625_clean_2.fa.gz	DRY
00b_HostDepletion/CRR2703946_clean_2.fa.gz	/home/zhangwenda/goji-virome/01_data/sra_rna.data4/4.host_depletion_norrna/RNA-Lycium_barbarum/CRR2703946_clean_2.fa.gz	generic	CRR2703946_clean_2.fa.gz	DRY
00b_HostDepletion/CRR1126135_clean_1.fa.gz	/home/zhangwenda/goji-virome/01_data/sra_rna.data4/4.host_depletion_norrna/RNA-Lycium_barbarum/CRR1126135_clean_1.fa.gz	generic	CRR1126135_clean_1.fa.gz	DRY
00b_HostDepletion/CRR1126135_clean_2.fa.gz	/home/zhangwenda/goji-virome/01_data/sra_rna.data4/4.host_depletion_norrna/RNA-Lycium_barbarum/CRR1126135_clean_2.fa.gz	generic	CRR1126135_clean_2.fa.gz	DRY
00b_HostDepletion/CRR1126140_clean_1.fa.gz	/home/zhangwenda/goji-virome/01_data/sra_rna.data4/4.host_depletion_norrna/RNA-Lycium_barbarum/CRR1126140_clean_1.fa.gz	generic	CRR1126140_clean_1.fa.gz	DRY
00b_HostDepletion/CRR2703947_clean_2.fa.gz	/home/zhangwenda/goji-virome/01_data/sra_rna.data4/4.host_depletion_norrna/RNA-Lycium_barbarum/CRR2703947_clean_2.fa.gz	generic	CRR2703947_clean_2.fa.gz	DRY
00b_HostDepletion/CRR1440127_clean_1.fa.gz	/home/zhangwenda/goji-virome/01_data/sra_rna.data4/4.host_depletion_norrna/RNA-Lycium_barbarum/CRR1440127_clean_1.fa.gz	generic	CRR1440127_clean_1.fa.gz	DRY
00b_HostDepletion/CRR1440127_clean_2.fa.gz	/home/zhangwenda/goji-virome/01_data/sra_rna.data4/4.host_depletion_norrna/RNA-Lycium_barbarum/CRR1440127_clean_2.fa.gz	generic	CRR1440127_clean_2.fa.gz	DRY
00b_HostDepletion/CRR527042_clean_1.fa.gz	/home/zhangwenda/goji-virome/01_data/sra_rna.data4/4.host_depletion_norrna/RNA-Lycium_barbarum/CRR527042_clean_1.fa.gz	generic	CRR527042_clean_1.fa.gz	DRY
00b_HostDepletion/CRR1440126_clean_1.fa.gz	/home/zhangwenda/goji-virome/01_data/sra_rna.data4/4.host_depletion_norrna/RNA-Lycium_barbarum/CRR1440126_clean_1.fa.gz	generic	CRR1440126_clean_1.fa.gz	DRY
00b_HostDepletion/CRR1440126_clean_2.fa.gz	/home/zhangwenda/goji-virome/01_data/sra_rna.data4/4.host_depletion_norrna/RNA-Lycium_barbarum/CRR1440126_clean_2.fa.gz	generic	CRR1440126_clean_2.fa.gz	DRY
00b_HostDepletion/CRR2703948_clean_1.fa.gz	/home/zhangwenda/goji-virome/01_data/sra_rna.data4/4.host_depletion_norrna/RNA-Lycium_barbarum/CRR2703948_clean_1.fa.gz	generic	CRR2703948_clean_1.fa.gz	DRY
00b_HostDepletion/CRR527042_clean_2.fa.gz	/home/zhangwenda/goji-virome/01_data/sra_rna.data4/4.host_depletion_norrna/RNA-Lycium_barbarum/CRR527042_clean_2.fa.gz	generic	CRR527042_clean_2.fa.gz	DRY
00b_HostDepletion/CRR1440128_clean_2.fa.gz	/home/zhangwenda/goji-virome/01_data/sra_rna.data4/4.host_depletion_norrna/RNA-Lycium_barbarum/CRR1440128_clean_2.fa.gz	generic	CRR1440128_clean_2.fa.gz	DRY
00b_HostDepletion/CRR1440135_clean_2.fa.gz	/home/zhangwenda/goji-virome/01_data/sra_rna.data4/4.host_depletion_norrna/RNA-Lycium_barbarum/CRR1440135_clean_2.fa.gz	generic	CRR1440135_clean_2.fa.gz	DRY
00b_HostDepletion/CRR1440136_clean_2.fa.gz	/home/zhangwenda/goji-virome/01_data/sra_rna.data4/4.host_depletion_norrna/RNA-Lycium_barbarum/CRR1440136_clean_2.fa.gz	generic	CRR1440136_clean_2.fa.gz	DRY
00b_HostDepletion/CRR1440137_clean_2.fa.gz	/home/zhangwenda/goji-virome/01_data/sra_rna.data4/4.host_depletion_norrna/RNA-Lycium_barbarum/CRR1440137_clean_2.fa.gz	generic	CRR1440137_clean_2.fa.gz	DRY
00b_HostDepletion/CRR1126146_clean_1.fa.gz	/home/zhangwenda/goji-virome/01_data/sra_rna.data4/4.host_depletion_norrna/RNA-Lycium_barbarum/CRR1126146_clean_1.fa.gz	generic	CRR1126146_clean_1.fa.gz	DRY
00b_HostDepletion/CRR1126140_clean_2.fa.gz	/home/zhangwenda/goji-virome/01_data/sra_rna.data4/4.host_depletion_norrna/RNA-Lycium_barbarum/CRR1126140_clean_2.fa.gz	generic	CRR1126140_clean_2.fa.gz	DRY
00b_HostDepletion/CRR2703948_clean_2.fa.gz	/home/zhangwenda/goji-virome/01_data/sra_rna.data4/4.host_depletion_norrna/RNA-Lycium_barbarum/CRR2703948_clean_2.fa.gz	generic	CRR2703948_clean_2.fa.gz	DRY
00b_HostDepletion/CRR527036_clean_2.fa.gz	/home/zhangwenda/goji-virome/01_data/sra_rna.data4/4.host_depletion_norrna/RNA-Lycium_barbarum/CRR527036_clean_2.fa.gz	generic	CRR527036_clean_2.fa.gz	DRY
00b_HostDepletion/CRR527046_clean_1.fa.gz	/home/zhangwenda/goji-virome/01_data/sra_rna.data4/4.host_depletion_norrna/RNA-Lycium_barbarum/CRR527046_clean_1.fa.gz	generic	CRR527046_clean_1.fa.gz	DRY
00b_HostDepletion/CRR527049_clean_1.fa.gz	/home/zhangwenda/goji-virome/01_data/sra_rna.data4/4.host_depletion_norrna/RNA-Lycium_barbarum/CRR527049_clean_1.fa.gz	generic	CRR527049_clean_1.fa.gz	DRY
00b_HostDepletion/CRR527043_clean_2.fa.gz	/home/zhangwenda/goji-virome/01_data/sra_rna.data4/4.host_depletion_norrna/RNA-Lycium_barbarum/CRR527043_clean_2.fa.gz	generic	CRR527043_clean_2.fa.gz	DRY
00b_HostDepletion/CRR527044_clean_2.fa.gz	/home/zhangwenda/goji-virome/01_data/sra_rna.data4/4.host_depletion_norrna/RNA-Lycium_barbarum/CRR527044_clean_2.fa.gz	generic	CRR527044_clean_2.fa.gz	DRY
00b_HostDepletion/CRR527045_clean_2.fa.gz	/home/zhangwenda/goji-virome/01_data/sra_rna.data4/4.host_depletion_norrna/RNA-Lycium_barbarum/CRR527045_clean_2.fa.gz	generic	CRR527045_clean_2.fa.gz	DRY
00b_HostDepletion/CRR527049_clean_2.fa.gz	/home/zhangwenda/goji-virome/01_data/sra_rna.data4/4.host_depletion_norrna/RNA-Lycium_barbarum/CRR527049_clean_2.fa.gz	generic	CRR527049_clean_2.fa.gz	DRY
00b_HostDepletion/CRR527046_clean_2.fa.gz	/home/zhangwenda/goji-virome/01_data/sra_rna.data4/4.host_depletion_norrna/RNA-Lycium_barbarum/CRR527046_clean_2.fa.gz	generic	CRR527046_clean_2.fa.gz	DRY
00b_HostDepletion/CRR527048_clean_1.fa.gz	/home/zhangwenda/goji-virome/01_data/sra_rna.data4/4.host_depletion_norrna/RNA-Lycium_barbarum/CRR527048_clean_1.fa.gz	generic	CRR527048_clean_1.fa.gz	DRY
00b_HostDepletion/CRR732653_clean_1.fa.gz	/home/zhangwenda/goji-virome/01_data/sra_rna.data4/4.host_depletion_norrna/RNA-Lycium_barbarum/CRR732653_clean_1.fa.gz	generic	CRR732653_clean_1.fa.gz	DRY
00b_HostDepletion/CRR1440121_clean_1.fa.gz	/home/zhangwenda/goji-virome/01_data/sra_rna.data4/4.host_depletion_norrna/RNA-Lycium_barbarum/CRR1440121_clean_1.fa.gz	generic	CRR1440121_clean_1.fa.gz	DRY
00b_HostDepletion/CRR1440121_clean_2.fa.gz	/home/zhangwenda/goji-virome/01_data/sra_rna.data4/4.host_depletion_norrna/RNA-Lycium_barbarum/CRR1440121_clean_2.fa.gz	generic	CRR1440121_clean_2.fa.gz	DRY
00b_HostDepletion/CRR1440130_clean_1.fa.gz	/home/zhangwenda/goji-virome/01_data/sra_rna.data4/4.host_depletion_norrna/RNA-Lycium_barbarum/CRR1440130_clean_1.fa.gz	generic	CRR1440130_clean_1.fa.gz	DRY
00b_HostDepletion/CRR1440130_clean_2.fa.gz	/home/zhangwenda/goji-virome/01_data/sra_rna.data4/4.host_depletion_norrna/RNA-Lycium_barbarum/CRR1440130_clean_2.fa.gz	generic	CRR1440130_clean_2.fa.gz	DRY
00b_HostDepletion/CRR1440128_clean_1.fa.gz	/home/zhangwenda/goji-virome/01_data/sra_rna.data4/4.host_depletion_norrna/RNA-Lycium_barbarum/CRR1440128_clean_1.fa.gz	generic	CRR1440128_clean_1.fa.gz	DRY
00b_HostDepletion/CRR1440135_clean_1.fa.gz	/home/zhangwenda/goji-virome/01_data/sra_rna.data4/4.host_depletion_norrna/RNA-Lycium_barbarum/CRR1440135_clean_1.fa.gz	generic	CRR1440135_clean_1.fa.gz	DRY
00b_HostDepletion/CRR1440136_clean_1.fa.gz	/home/zhangwenda/goji-virome/01_data/sra_rna.data4/4.host_depletion_norrna/RNA-Lycium_barbarum/CRR1440136_clean_1.fa.gz	generic	CRR1440136_clean_1.fa.gz	DRY
00b_HostDepletion/CRR1440137_clean_1.fa.gz	/home/zhangwenda/goji-virome/01_data/sra_rna.data4/4.host_depletion_norrna/RNA-Lycium_barbarum/CRR1440137_clean_1.fa.gz	generic	CRR1440137_clean_1.fa.gz	DRY
00b_HostDepletion/CRR1126146_clean_2.fa.gz	/home/zhangwenda/goji-virome/01_data/sra_rna.data4/4.host_depletion_norrna/RNA-Lycium_barbarum/CRR1126146_clean_2.fa.gz	generic	CRR1126146_clean_2.fa.gz	DRY
00b_HostDepletion/CRR527041_clean_1.fa.gz	/home/zhangwenda/goji-virome/01_data/sra_rna.data4/4.host_depletion_norrna/RNA-Lycium_barbarum/CRR527041_clean_1.fa.gz	generic	CRR527041_clean_1.fa.gz	DRY
00b_HostDepletion/CRR732653_clean_2.fa.gz	/home/zhangwenda/goji-virome/01_data/sra_rna.data4/4.host_depletion_norrna/RNA-Lycium_barbarum/CRR732653_clean_2.fa.gz	generic	CRR732653_clean_2.fa.gz	DRY
00b_HostDepletion/CRR527036_clean_1.fa.gz	/home/zhangwenda/goji-virome/01_data/sra_rna.data4/4.host_depletion_norrna/RNA-Lycium_barbarum/CRR527036_clean_1.fa.gz	generic	CRR527036_clean_1.fa.gz	DRY
00b_HostDepletion/CRR527041_clean_2.fa.gz	/home/zhangwenda/goji-virome/01_data/sra_rna.data4/4.host_depletion_norrna/RNA-Lycium_barbarum/CRR527041_clean_2.fa.gz	generic	CRR527041_clean_2.fa.gz	DRY
00b_HostDepletion/CRR891450_clean_1.fa.gz	/home/zhangwenda/goji-virome/01_data/sra_rna.data4/4.host_depletion_norrna/RNA-Lycium_barbarum/CRR891450_clean_1.fa.gz	generic	CRR891450_clean_1.fa.gz	DRY
00b_HostDepletion/CRR527043_clean_1.fa.gz	/home/zhangwenda/goji-virome/01_data/sra_rna.data4/4.host_depletion_norrna/RNA-Lycium_barbarum/CRR527043_clean_1.fa.gz	generic	CRR527043_clean_1.fa.gz	DRY
00b_HostDepletion/CRR527044_clean_1.fa.gz	/home/zhangwenda/goji-virome/01_data/sra_rna.data4/4.host_depletion_norrna/RNA-Lycium_barbarum/CRR527044_clean_1.fa.gz	generic	CRR527044_clean_1.fa.gz	DRY
00b_HostDepletion/CRR527045_clean_1.fa.gz	/home/zhangwenda/goji-virome/01_data/sra_rna.data4/4.host_depletion_norrna/RNA-Lycium_barbarum/CRR527045_clean_1.fa.gz	generic	CRR527045_clean_1.fa.gz	DRY
00b_HostDepletion/CRR891450_clean_2.fa.gz	/home/zhangwenda/goji-virome/01_data/sra_rna.data4/4.host_depletion_norrna/RNA-Lycium_barbarum/CRR891450_clean_2.fa.gz	generic	CRR891450_clean_2.fa.gz	DRY
00b_HostDepletion/CRR527048_clean_2.fa.gz	/home/zhangwenda/goji-virome/01_data/sra_rna.data4/4.host_depletion_norrna/RNA-Lycium_barbarum/CRR527048_clean_2.fa.gz	generic	CRR527048_clean_2.fa.gz	DRY
00b_HostDepletion/CRR2703946_clean_1.fa.gz	/home/zhangwenda/goji-virome/01_data/sra_rna.data4/4.host_depletion_norrna/RNA-Lycium_barbarum/CRR2703946_clean_1.fa.gz	generic	CRR2703946_clean_1.fa.gz	DRY
00b_HostDepletion/CRR2703947_clean_1.fa.gz	/home/zhangwenda/goji-virome/01_data/sra_rna.data4/4.host_depletion_norrna/RNA-Lycium_barbarum/CRR2703947_clean_1.fa.gz	generic	CRR2703947_clean_1.fa.gz	DRY
02b_Filter/SRR25180699/SRR25180699_virus.all.candidate.fasta	/home/zhangwenda/goji-virome/01_data/data-test/RNA-Lycium_barbarum_out/02a_Identification/SRR25180699/SRR25180699.virus.candidate.fasta	generic	SRR25180699_virus.all.candidate.fasta	DRY
02b_Filter/SRR25180701/SRR25180701_virus.all.candidate.fasta	/home/zhangwenda/goji-virome/01_data/data-test/RNA-Lycium_barbarum_out/02a_Identification/SRR25180701/SRR25180701.virus.candidate.fasta	generic	SRR25180701_virus.all.candidate.fasta	DRY
02b_Filter/SRR25180706/SRR25180706_virus.all.candidate.fasta	/home/zhangwenda/goji-virome/01_data/data-test/RNA-Lycium_barbarum_out/02a_Identification/SRR25180706/SRR25180706.virus.candidate.fasta	generic	SRR25180706_virus.all.candidate.fasta	DRY
02b_Filter/SRR25180707/SRR25180707_virus.all.candidate.fasta	/home/zhangwenda/goji-virome/01_data/data-test/RNA-Lycium_barbarum_out/02a_Identification/SRR25180707/SRR25180707.virus.candidate.fasta	generic	SRR25180707_virus.all.candidate.fasta	DRY
02b_Filter/SRR36147590/SRR36147590_virus.all.candidate.fasta	/home/zhangwenda/goji-virome/01_data/data-test/RNA-Lycium_barbarum_out/02a_Identification/SRR36147590/SRR36147590.virus.candidate.fasta	generic	SRR36147590_virus.all.candidate.fasta	DRY
