contig_id	verdict	cdd_evidence	bucket	n_hits	n_hits_cov50	best_evalue	best_score	best_cov	best_orf_len	best_hmm
AF237963.2	KEEP	PASS_CORE	KEEP	144	35	0.00e+00	4724.9	0.636	2969	FAM000291
AY166867.1	KEEP	PASS_CORE	KEEP	115	35	0.00e+00	4791.4	0.637	3001	FAM000291
BK061149.1	KEEP	PASS_CORE	KEEP	3	3	1.68e-08	34.2	0.676	186	FAM000412
BK062284.1	REVIEW	REVIEW	no_viral_domain_but_blast	21	4	0.00e+00	1088.8	0.557	589	FAM003378
BK065109.1	KEEP	PASS_VIRAL	KEEP	22	15	9.80e-125	417.4	0.588	1131	FAM013787
ERR2040118_clean_NODE_11282_length_1024_cov_12.446483	REVIEW	REVIEW	short_fragment	10	0	4.03e-13	47.3	0.068	228	FAM004636
ERR2040118_clean_NODE_11702_length_993_cov_2.921053	DROP	AMBIGUOUS	DROP	1	0	2.42e-24	85.0	0.093	113	FAM003304
ERR2040118_clean_NODE_13717_length_853_cov_2.928395	KEEP	PASS_CORE_FAM	KEEP	49	1	1.07e-89	300.7	0.412	199	FAM002989
ERR2040118_clean_NODE_150_length_3726_cov_29.718708	KEEP	PASS_VIRAL	KEEP	17	0	4.67e-52	177.1	0.405	1059	FAM004890
ERR2040118_clean_NODE_1896_length_2316_cov_15.994281	DROP	AMBIGUOUS	DROP	6	0	1.05e-09	37.1	0.129	523	FAM022056
ERR2040118_clean_NODE_2268_length_2199_cov_56.471243	DROP	AMBIGUOUS	DROP	4	0	9.69e-28	96.7	0.445	221	FAM020762
ERR2040118_clean_NODE_2972_length_2029_cov_12.726586	KEEP	PASS_VIRAL	KEEP	6	1	8.19e-85	284.4	0.902	495	FAM011052
ERR2040118_clean_NODE_3022_length_2019_cov_124.153846	DROP	AMBIGUOUS	DROP	0	0				0	
ERR2040118_clean_NODE_3355_length_1954_cov_6.543694	KEEP	PASS_VIRAL	KEEP	19	0	4.28e-53	180.6	0.405	483	FAM004890
ERR2040118_clean_NODE_5905_length_1555_cov_12.131614	DROP	REVIEW	DROP	9	3	4.85e-35	120.9	0.986	376	FAM010181
ERR2040118_clean_NODE_695_length_2909_cov_16.909281	REVIEW	AMBIGUOUS	short_fragment	3	0	1.04e-11	42.5	0.054	708	FAM010548
ERR2040119_clean_NODE_1107_length_2538_cov_8.155912	REVIEW	AMBIGUOUS	short_fragment	5	0	1.07e-29	103.0	0.247	260	FAM003308
ERR2040119_clean_NODE_11235_length_982_cov_2.310969	REVIEW	REVIEW	short_fragment	0	0				0	
ERR2040119_clean_NODE_139_length_4130_cov_46.602643	REVIEW	AMBIGUOUS	no_viral_domain_but_blast	0	0				0	
ERR2040119_clean_NODE_13_length_6456_cov_10.734758	KEEP	PASS_VIRAL	KEEP	20	0	2.09e-51	174.7	0.206	141	FAM000970
ERR2040119_clean_NODE_14249_length_844_cov_2.445693	DROP	REVIEW	DROP	4	0	7.99e-11	40.7	0.083	54	FAM000134
ERR2040119_clean_NODE_1481_length_2320_cov_4.231884	REVIEW	AMBIGUOUS	short_fragment	0	0				0	
ERR2040119_clean_NODE_1565_length_2285_cov_15.922391	REVIEW	AMBIGUOUS	short_fragment	7	0	4.19e-13	45.7	0.071	646	FAM001712
ERR2040119_clean_NODE_18123_length_718_cov_1.560000	REVIEW	REVIEW	short_fragment	13	1	1.42e-27	95.7	0.075	98	FAM003304
ERR2040119_clean_NODE_184_length_3891_cov_11.248960	DROP	REVIEW	DROP	0	0				0	
ERR2040119_clean_NODE_19449_length_684_cov_2.146646	REVIEW	REVIEW	short_fragment	0	0				0	
ERR2040119_clean_NODE_20090_length_669_cov_5.279553	KEEP	PASS_CORE	KEEP	17	2	3.06e-41	140.7	0.067	112	FAM023340
ERR2040119_clean_NODE_2081_length_2091_cov_7.590332	REVIEW	REVIEW	short_fragment	0	0				0	
ERR2040119_clean_NODE_2695_length_1921_cov_5.202875	KEEP	PASS_CORE	KEEP	1	0	6.32e-13	47.6	0.132	119	FAM000134
ERR2040119_clean_NODE_4164_length_1636_cov_2.327684	KEEP	PASS_CORE_FAM	KEEP	21	0	1.13e-59	202.1	0.225	148	FAM000134
ERR2040119_clean_NODE_459_length_3180_cov_5.632770	KEEP	PASS_VIRAL	KEEP	22	0	3.74e-79	266.3	0.499	991	FAM008037
ERR2040119_clean_NODE_4651_length_1563_cov_16.535526	DROP	REVIEW	DROP	10	3	1.97e-34	118.7	0.644	310	FAM007484
ERR2040119_clean_NODE_5_length_7007_cov_7.524555	DROP	REVIEW	DROP	0	0				0	
ERR2040119_clean_NODE_667_length_2919_cov_23.139430	REVIEW	AMBIGUOUS	no_viral_domain_but_blast	0	0				0	
ERR2040119_clean_NODE_7512_length_1237_cov_24.150754	REVIEW	REVIEW	short_fragment	10	4	2.54e-34	118.5	0.854	267	FAM010181
ERR2040120_clean_NODE_83_length_2099_cov_109.537306	REVIEW	AMBIGUOUS	short_fragment	0	0				0	
ERR2040121_clean_NODE_10014_length_1130_cov_4.471941	DROP	REVIEW	DROP	0	0				0	
ERR2040121_clean_NODE_103_length_4606_cov_7.225071	DROP	REVIEW	DROP	1	0	1.39e-03	17.3	0.390	1315	FAM009502
ERR2040121_clean_NODE_10696_length_1086_cov_4.149569	REVIEW	REVIEW	short_fragment	0	0				0	
ERR2040121_clean_NODE_12606_length_979_cov_2.354701	KEEP	PASS_CORE	KEEP	19	1	6.87e-85	285.0	0.117	228	FAM000252
ERR2040121_clean_NODE_14936_length_873_cov_2.265060	KEEP	PASS_CORE	KEEP	10	1	8.10e-35	119.0	0.078	165	FAM000252
ERR2040121_clean_NODE_1642_length_2339_cov_5.368031	DROP	AMBIGUOUS	DROP	1	1	1.67e-03	18.1	0.529	702	FAM012804
ERR2040121_clean_NODE_16565_length_814_cov_2.360571	REVIEW	REVIEW	short_fragment	0	0				0	
ERR2040121_clean_NODE_18385_length_757_cov_2.033613	REVIEW	REVIEW	short_fragment	0	0				0	
ERR2040121_clean_NODE_2522_length_2054_cov_3.808553	REVIEW	REVIEW	short_fragment	0	0				0	
ERR2040121_clean_NODE_2790_length_1985_cov_4.246653	KEEP	PASS_VIRAL	KEEP	18	1	1.28e-103	347.1	0.139	283	FAM000252
ERR2040121_clean_NODE_29089_length_529_cov_1.693416	REVIEW	REVIEW	no_viral_domain_but_blast	0	0				0	
ERR2040121_clean_NODE_2909_length_1954_cov_4.074830	REVIEW	REVIEW	no_viral_domain_but_blast	20	2	5.22e-33	113.9	0.143	108	FAM000970
ERR2040121_clean_NODE_29725_length_519_cov_2.701681	REVIEW	REVIEW	short_fragment	0	0				0	
ERR2040121_clean_NODE_30641_length_506_cov_3.211663	REVIEW	REVIEW	short_fragment	0	0				0	
ERR2040121_clean_NODE_3652_length_1807_cov_3.224490	KEEP	PASS_VIRAL	KEEP	0	0				0	
ERR2040121_clean_NODE_36_length_5753_cov_77.031874	KEEP	PASS_VIRAL	KEEP	7	0	6.22e-27	94.3	0.347	1461	FAM012657
ERR2040121_clean_NODE_403_length_3423_cov_32.871598	REVIEW	AMBIGUOUS	no_viral_domain_but_blast	0	0				0	
ERR2040121_clean_NODE_45_length_5411_cov_17.729881	DROP	REVIEW	DROP	0	0				0	
ERR2040121_clean_NODE_4973_length_1587_cov_2.867228	REVIEW	REVIEW	short_fragment	9	0	2.39e-09	34.5	0.012	22	FAM000252
ERR2040121_clean_NODE_5095_length_1571_cov_4.056283	REVIEW	REVIEW	short_fragment	6	2	4.27e-20	70.2	0.063	126	FAM000252
ERR2040121_clean_NODE_5295_length_1546_cov_6.063207	KEEP	PASS_CORE_FAM	KEEP	24	2	7.16e-36	122.5	0.102	197	FAM000252
ERR2040121_clean_NODE_595_length_3128_cov_4.583793	REVIEW	AMBIGUOUS	no_viral_domain_but_blast	50	10	2.06e-136	456.2	0.318	375	FAM003304
ERR2040121_clean_NODE_646_length_3062_cov_6.039086	KEEP	PASS_VIRAL	KEEP	23	1	5.13e-52	177.0	0.409	772	FAM004890
ERR2040122_clean_NODE_1099_length_2302_cov_40.102700	DROP	AMBIGUOUS	DROP	5	0	9.67e-10	37.2	0.113	523	FAM022056
ERR2040122_clean_NODE_11882_length_978_cov_3.133690	KEEP	PASS_CORE	KEEP	20	0	1.61e-66	224.1	0.086	153	FAM000252
ERR2040122_clean_NODE_11987_length_973_cov_1.868817	REVIEW	PASS_VIRAL	short_fragment	0	0				0	
ERR2040122_clean_NODE_12492_length_950_cov_2.685777	KEEP	PASS_CORE	KEEP	12	1	7.09e-34	115.9	0.082	162	FAM000252
ERR2040122_clean_NODE_13956_length_886_cov_3.524318	KEEP	PASS_CORE	KEEP	0	0				0	
ERR2040122_clean_NODE_1502_length_2147_cov_170.292300	KEEP	PASS_VIRAL	KEEP	0	0				0	
ERR2040122_clean_NODE_15954_length_808_cov_2.296732	REVIEW	PASS_VIRAL	short_fragment	0	0				0	
ERR2040122_clean_NODE_16314_length_795_cov_5.053191	REVIEW	REVIEW	short_fragment	0	0				0	
ERR2040122_clean_NODE_1887_length_2025_cov_18.677094	REVIEW	AMBIGUOUS	short_fragment	6	0	2.43e-16	56.5	0.071	583	FAM001712
ERR2040122_clean_NODE_1912_length_2017_cov_4.265451	REVIEW	REVIEW	short_fragment	0	0				0	
ERR2040122_clean_NODE_22854_length_616_cov_2.909250	KEEP	PASS_CORE	KEEP	0	0				0	
ERR2040122_clean_NODE_27734_length_524_cov_0.844075	REVIEW	REVIEW	short_fragment	9	0	5.18e-15	54.1	0.036	44	FAM003304
ERR2040122_clean_NODE_27905_length_521_cov_2.058577	REVIEW	REVIEW	short_fragment	8	0	2.87e-18	65.2	0.083	66	FAM000970
ERR2040122_clean_NODE_331_length_2898_cov_9.149212	DROP	REVIEW	DROP	18	3	1.33e-45	154.7	0.132	233	FAM001677
ERR2040122_clean_NODE_4600_length_1543_cov_3.186667	DROP	REVIEW	DROP	0	0				0	
ERR2040122_clean_NODE_7492_length_1263_cov_6.638525	REVIEW	PASS_VIRAL	short_fragment	0	0				0	
ERR2040122_clean_NODE_7951_length_1228_cov_2.991561	DROP	REVIEW	DROP	21	3	1.08e-41	141.8	0.103	208	FAM000252
ERR2040122_clean_NODE_8109_length_1216_cov_10.407502	REVIEW	REVIEW	short_fragment	0	0				0	
ERR2040123_clean_NODE_115_length_3461_cov_16.287888	DROP	AMBIGUOUS	DROP	2	1	8.05e-96	321.2	0.978	930	FAM012407
ERR2040123_clean_NODE_1185_length_2083_cov_7.219118	DROP	AMBIGUOUS	DROP	0	0				0	
ERR2040123_clean_NODE_130_length_3358_cov_7.933937	DROP	AMBIGUOUS	DROP	0	0				0	
ERR2040123_clean_NODE_1356_length_2016_cov_34.849468	DROP	AMBIGUOUS	DROP	6	0	1.25e-09	36.8	0.109	523	FAM022056
ERR2040123_clean_NODE_1366_length_2014_cov_6.707763	REVIEW	REVIEW	short_fragment	0	0				0	
ERR2040123_clean_NODE_203_length_3121_cov_11.686810	KEEP	PASS_VIRAL	KEEP	27	0	4.40e-57	193.5	0.360	871	FAM012716
ERR2040123_clean_NODE_212_length_3104_cov_12.300882	DROP	REVIEW	DROP	0	0				0	
ERR2040123_clean_NODE_25_length_4788_cov_9.175132	DROP	REVIEW	DROP	0	0				0	
ERR2040123_clean_NODE_262_length_2938_cov_11.662867	KEEP	PASS_VIRAL	KEEP	4	0	1.88e-11	42.7	0.066	728	FAM013464
ERR2040123_clean_NODE_340_length_2792_cov_6.701346	KEEP	PASS_VIRAL	KEEP	0	0				0	
ERR2040123_clean_NODE_406_length_2693_cov_21.714717	REVIEW	AMBIGUOUS	no_viral_domain_but_blast	1	0	3.02e-05	23.2	0.265	782	FAM001077
ERR2040123_clean_NODE_425_length_2666_cov_7.152116	DROP	AMBIGUOUS	DROP	10	2	6.90e-06	25.1	0.264	785	FAM017168
ERR2040123_clean_NODE_634_length_2431_cov_90.571608	DROP	AMBIGUOUS	DROP	0	0				0	
ERR2040124_clean_NODE_1016_length_2995_cov_17.648374	DROP	AMBIGUOUS	DROP	0	0				0	
ERR2040124_clean_NODE_1049_length_2969_cov_5.380041	DROP	AMBIGUOUS	DROP	0	0				0	
ERR2040124_clean_NODE_10_length_7058_cov_20.321454	KEEP	PASS_VIRAL	KEEP	6	2	1.36e-67	228.4	0.273	2115	FAM013464
ERR2040124_clean_NODE_1304_length_2807_cov_9.651954	KEEP	PASS_VIRAL	KEEP	5	0	3.59e-12	45.1	0.066	679	FAM013464
ERR2040124_clean_NODE_1565_length_2668_cov_13.851810	DROP	AMBIGUOUS	DROP	0	0				0	
ERR2040124_clean_NODE_1640_length_2619_cov_31.160326	DROP	AMBIGUOUS	DROP	0	0				0	
ERR2040124_clean_NODE_195_length_4293_cov_11.381176	DROP	AMBIGUOUS	DROP	0	0				0	
ERR2040124_clean_NODE_3116_length_2144_cov_11.714898	DROP	AMBIGUOUS	DROP	6	0	1.31e-08	33.5	0.105	469	FAM022056
ERR2040124_clean_NODE_355_length_3787_cov_5.059028	KEEP	PASS_CORE	KEEP	41	7	1.93e-301	1002.4	0.862	804	FAM001487
ERR2040124_clean_NODE_4650_length_1842_cov_72.646470	KEEP	PASS_VIRAL	KEEP	0	0				0	
ERR2040124_clean_NODE_798_length_3185_cov_38.032782	REVIEW	AMBIGUOUS	no_viral_domain_but_blast	0	0				0	
ERR2040124_clean_NODE_95_length_4917_cov_12.919984	DROP	AMBIGUOUS	DROP	0	0				0	
ERR2040125_clean_NODE_1042_length_3034_cov_28.052931	REVIEW	AMBIGUOUS	no_viral_domain_but_blast	0	0				0	
ERR2040125_clean_NODE_1055_length_3025_cov_12.924395	DROP	REVIEW	DROP	5	0	8.91e-24	82.6	0.046	325	FAM004636
ERR2040125_clean_NODE_2623_length_2359_cov_14.038528	REVIEW	PASS_VIRAL	short_fragment	0	0				0	
ERR2040125_clean_NODE_3082_length_2242_cov_97.899681	DROP	AMBIGUOUS	DROP	7	0	2.09e-10	39.4	0.113	511	FAM022056
ERR2040125_clean_NODE_32_length_5750_cov_6.248202	KEEP	PASS_CORE	KEEP	5	0	1.49e-34	118.3	0.048	99	FAM004636
ERR2040125_clean_NODE_339_length_3846_cov_17.199895	REVIEW	AMBIGUOUS	no_viral_domain_but_blast	2	0	4.72e-08	31.7	0.317	1051	FAM012636
ERR2040125_clean_NODE_3531_length_2140_cov_52.681970	DROP	AMBIGUOUS	DROP	1	0	8.09e-10	37.0	0.246	1059	FAM012350
ERR2040125_clean_NODE_37_length_5600_cov_10.590524	DROP	AMBIGUOUS	DROP	11	0	6.58e-08	32.5	0.136	1667	FAM017900
ERR2040125_clean_NODE_407_length_3725_cov_11.559032	KEEP	PASS_VIRAL	KEEP	0	0				0	
ERR2040125_clean_NODE_4105_length_2023_cov_12.455927	DROP	AMBIGUOUS	DROP	0	0				0	
ERR2040125_clean_NODE_417_length_3699_cov_10.392877	DROP	REVIEW	DROP	0	0				0	
ERR2040125_clean_NODE_775_length_3275_cov_9.553627	DROP	AMBIGUOUS	DROP	0	0				0	
ERR2040125_clean_NODE_7_length_7059_cov_42.097860	KEEP	PASS_VIRAL	KEEP	17	0	1.03e-51	176.0	0.405	1205	FAM004890
ERR2040125_clean_NODE_8614_length_1453_cov_34.053419	REVIEW	REVIEW	short_fragment	8	3	1.45e-27	96.1	0.502	318	FAM007484
ERR2040125_clean_NODE_930_length_3134_cov_30.019773	DROP	REVIEW	DROP	19	0	2.99e-40	137.9	0.235	187	FAM000134
ERR2040125_clean_NODE_943_length_3119_cov_32.310098	KEEP	PASS_VIRAL	KEEP	5	1	2.25e-96	323.4	0.408	796	FAM004987
ERR2040126_clean_NODE_11619_length_888_cov_3.610651	KEEP	PASS_CORE	KEEP	0	0				0	
ERR2040126_clean_NODE_1238_length_2631_cov_133.663447	KEEP	PASS_VIRAL	KEEP	5	2	4.52e-68	229.3	0.910	679	FAM011052
ERR2040126_clean_NODE_13064_length_786_cov_6.446837	REVIEW	REVIEW	short_fragment	6	1	7.19e-23	80.8	0.302	149	FAM006294
ERR2040126_clean_NODE_1321_length_2576_cov_12.542045	REVIEW	AMBIGUOUS	short_fragment	6	0	9.12e-15	51.2	0.071	606	FAM001712
ERR2040126_clean_NODE_1349_length_2560_cov_33.925705	DROP	AMBIGUOUS	DROP	2	0	5.73e-08	31.7	0.103	708	FAM012744
ERR2040126_clean_NODE_15224_length_666_cov_1.853933	REVIEW	REVIEW	short_fragment	1	0	3.20e-03	15.0	0.021	31	FAM003304
ERR2040126_clean_NODE_16338_length_610_cov_112.918871	KEEP	PASS_CORE	KEEP	0	0				0	
ERR2040126_clean_NODE_1696_length_2391_cov_9.327087	REVIEW	AMBIGUOUS	short_fragment	6	0	6.28e-18	61.7	0.071	606	FAM001712
ERR2040126_clean_NODE_2118_length_2221_cov_5.102388	KEEP	PASS_VIRAL	KEEP	0	0				0	
ERR2040126_clean_NODE_2187_length_2197_cov_13.549675	REVIEW	AMBIGUOUS	short_fragment	4	0	1.43e-07	29.9	0.066	456	FAM013464
ERR2040126_clean_NODE_2293_length_2157_cov_14.059603	DROP	AMBIGUOUS	DROP	7	0	5.97e-10	37.9	0.115	589	FAM022056
ERR2040126_clean_NODE_2500_length_2097_cov_45.377799	KEEP	PASS_VIRAL	KEEP	1	0	1.72e-08	32.7	0.217	353	FAM030675
ERR2040126_clean_NODE_282_length_3811_cov_7.109873	DROP	AMBIGUOUS	DROP	2	0	3.37e-33	115.2	0.435	943	FAM012606
ERR2040126_clean_NODE_420_length_3523_cov_21.404598	REVIEW	AMBIGUOUS	no_viral_domain_but_blast	0	0				0	
ERR2040126_clean_NODE_593_length_3224_cov_15.529079	KEEP	PASS_VIRAL	KEEP	20	1	6.73e-10	38.3	0.230	831	FAM001916
ERR2040126_clean_NODE_6115_length_1417_cov_25.013828	REVIEW	REVIEW	no_viral_domain_but_blast	5	4	4.51e-125	416.9	0.800	283	FAM014886
ERR2040126_clean_NODE_689_length_3107_cov_5.270561	KEEP	PASS_VIRAL	KEEP	46	5	3.23e-36	124.1	0.064	249	FAM008177
ERR2040126_clean_NODE_999_length_2807_cov_17.743126	KEEP	PASS_VIRAL	KEEP	1	0	3.21e-04	19.5	0.147	746	FAM030757
ERR2040127_clean_NODE_1020_length_2703_cov_3.910902	REVIEW	AMBIGUOUS	short_fragment	8	0	2.31e-09	33.3	0.024	266	FAM003565
ERR2040127_clean_NODE_173_length_4111_cov_9.651180	DROP	AMBIGUOUS	DROP	0	0				0	
ERR2040127_clean_NODE_1849_length_2312_cov_11.671662	DROP	AMBIGUOUS	DROP	5	0	9.05e-05	21.4	0.160	633	FAM018129
ERR2040127_clean_NODE_1898_length_2293_cov_16.170667	DROP	AMBIGUOUS	DROP	3	2	2.48e-48	164.3	0.822	492	FAM020762
ERR2040127_clean_NODE_19361_length_740_cov_0.789096	REVIEW	REVIEW	short_fragment	22	1	6.40e-17	60.1	0.025	42	FAM023340
ERR2040127_clean_NODE_1969_length_2268_cov_6.913708	KEEP	PASS_VIRAL	KEEP	0	0				0	
ERR2040127_clean_NODE_2087_length_2229_cov_6.917200	REVIEW	PASS_VIRAL	short_fragment	4	0	1.48e-12	46.3	0.066	627	FAM013464
ERR2040127_clean_NODE_2196_length_2197_cov_22.694986	DROP	AMBIGUOUS	DROP	4	4	2.58e-09	36.0	0.583	519	FAM032021
ERR2040127_clean_NODE_21_length_6103_cov_11.292079	DROP	AMBIGUOUS	DROP	3	0	2.76e-19	68.3	0.497	1156	FAM010955
ERR2040127_clean_NODE_2285_length_2173_cov_7.854460	DROP	REVIEW	DROP	0	0				0	
ERR2040127_clean_NODE_262_length_3724_cov_11.096170	DROP	REVIEW	DROP	0	0				0	
ERR2040127_clean_NODE_2642_length_2067_cov_66.461957	DROP	AMBIGUOUS	DROP	6	0	2.59e-09	35.8	0.105	471	FAM022056
ERR2040127_clean_NODE_29784_length_517_cov_0.898734	REVIEW	REVIEW	short_fragment	0	0				0	
ERR2040127_clean_NODE_30028_length_513_cov_2.951064	KEEP	PASS_CORE	KEEP	0	0				0	
ERR2040127_clean_NODE_303_length_3625_cov_11.259911	KEEP	PASS_VIRAL	KEEP	18	0	1.21e-51	175.8	0.417	1097	FAM004890
ERR2040127_clean_NODE_3626_length_1856_cov_2.311087	KEEP	PASS_CORE_FAM	KEEP	25	3	2.99e-110	369.2	0.548	375	FAM000134
ERR2040127_clean_NODE_4204_length_1755_cov_20.467290	KEEP	PASS_VIRAL	KEEP	0	0				0	
ERR2040127_clean_NODE_441_length_3353_cov_8.650755	KEEP	PASS_VIRAL	KEEP	21	1	5.25e-55	186.9	0.403	768	FAM004890
ERR2040127_clean_NODE_453_length_3334_cov_50.486478	REVIEW	AMBIGUOUS	no_viral_domain_but_blast	0	0				0	
ERR2040127_clean_NODE_459_length_3330_cov_9.598114	KEEP	PASS_VIRAL	KEEP	5	4	5.99e-93	312.0	0.541	728	FAM004987
ERR2040127_clean_NODE_475_length_3296_cov_12.631417	REVIEW	PASS_VIRAL	short_fragment	4	0	1.02e-65	221.5	0.447	779	FAM011052
ERR2040127_clean_NODE_551_length_3184_cov_7.619230	DROP	REVIEW	DROP	0	0				0	
ERR2040127_clean_NODE_739_length_2933_cov_59.057439	KEEP	PASS_VIRAL	KEEP	0	0				0	
ERR2040128_clean_NODE_1395_length_2602_cov_20.629152	DROP	AMBIGUOUS	DROP	0	0				0	
ERR2040128_clean_NODE_145_length_4351_cov_22.375348	KEEP	PASS_VIRAL	KEEP	17	0	1.18e-51	175.8	0.405	1217	FAM004890
ERR2040128_clean_NODE_15156_length_778_cov_6.005442	REVIEW	PASS_VIRAL	short_fragment	20	0	1.48e-65	221.5	0.126	155	FAM003304
ERR2040128_clean_NODE_15438_length_764_cov_2.748960	DROP	REVIEW	DROP	0	0				0	
ERR2040128_clean_NODE_155_length_4305_cov_166.560770	KEEP	PASS_VIRAL	KEEP	16	0	1.10e-51	175.9	0.405	1218	FAM004890
ERR2040128_clean_NODE_1719_length_2459_cov_18.088576	KEEP	PASS_VIRAL	KEEP	5	1	4.04e-85	285.4	0.902	516	FAM011052
ERR2040128_clean_NODE_1862_length_2402_cov_49.353116	DROP	AMBIGUOUS	DROP	5	0	7.44e-10	37.6	0.115	509	FAM022056
ERR2040128_clean_NODE_21941_length_532_cov_4.196319	KEEP	PASS_CORE	KEEP	0	0				0	
ERR2040128_clean_NODE_258_length_3844_cov_23.404893	KEEP	PASS_VIRAL	KEEP	1	1	3.48e-09	36.4	0.545	710	FAM022736
ERR2040128_clean_NODE_2749_length_2119_cov_19.438343	KEEP	PASS_VIRAL	KEEP	17	0	2.90e-54	184.4	0.405	560	FAM004890
ERR2040128_clean_NODE_2778_length_2113_cov_4.456522	REVIEW	PASS_VIRAL	short_fragment	4	0	1.28e-09	36.6	0.066	454	FAM013464
ERR2040128_clean_NODE_717_length_3086_cov_20.865922	REVIEW	AMBIGUOUS	no_viral_domain_but_blast	0	0				0	
ERR2040128_clean_NODE_913_length_2906_cov_17.979392	REVIEW	REVIEW	short_fragment	5	0	1.76e-08	32.9	0.194	762	FAM000134
ERR2040128_clean_NODE_938_length_2883_cov_14.087324	KEEP	PASS_VIRAL	KEEP	39	20	2.16e-37	128.6	0.769	626	FAM012364
ERR2040129_clean_NODE_1684_length_2087_cov_9.728963	DROP	AMBIGUOUS	DROP	2	1	1.54e-23	82.9	0.566	380	FAM007992
ERR2040129_clean_NODE_226_length_3305_cov_11.588289	DROP	REVIEW	DROP	0	0				0	
ERR2040129_clean_NODE_293_length_3107_cov_6.591710	KEEP	PASS_VIRAL	KEEP	4	0	4.75e-11	41.1	0.076	697	FAM010784
ERR2040129_clean_NODE_4713_length_1420_cov_18.286129	DROP	AMBIGUOUS	DROP	1	0	3.99e-12	46.0	0.345	273	FAM022736
ERR2040129_clean_NODE_751_length_2563_cov_8.380952	KEEP	PASS_VIRAL	KEEP	21	0	1.76e-52	178.5	0.407	767	FAM004890
ERR2040130_clean_NODE_1415_length_2212_cov_9.893038	DROP	REVIEW	DROP	0	0				0	
ERR2040130_clean_NODE_1416_length_2211_cov_28.630535	DROP	AMBIGUOUS	DROP	17	13	3.71e-26	90.8	0.701	511	FAM005900
ERR2040130_clean_NODE_153_length_3560_cov_40.009952	DROP	AMBIGUOUS	DROP	0	0				0	
ERR2040130_clean_NODE_18517_length_570_cov_0.952562	KEEP	PASS_CORE	KEEP	0	0				0	
ERR2040130_clean_NODE_185_length_3452_cov_37.949839	REVIEW	AMBIGUOUS	no_viral_domain_but_blast	0	0				0	
ERR2040130_clean_NODE_216_length_3333_cov_118.765046	DROP	AMBIGUOUS	DROP	0	0				0	
ERR2040130_clean_NODE_261_length_3230_cov_11.266081	KEEP	PASS_VIRAL	KEEP	0	0				0	
ERR2040130_clean_NODE_2_length_6968_cov_20.833357	KEEP	PASS_VIRAL	KEEP	6	1	5.16e-65	219.8	0.203	2117	FAM013464
ERR2040130_clean_NODE_4969_length_1425_cov_4.322721	DROP	AMBIGUOUS	DROP	0	0				0	
ERR2040130_clean_NODE_66_length_4028_cov_14.349561	DROP	AMBIGUOUS	DROP	0	0				0	
ERR2040130_clean_NODE_828_length_2529_cov_26.771118	DROP	REVIEW	DROP	0	0				0	
ERR2040130_clean_NODE_834_length_2524_cov_9.752922	DROP	REVIEW	DROP	0	0				0	
ERR2040132_clean_NODE_19125_length_509_cov_11.072961	KEEP	PASS_CORE	KEEP	0	0				0	
ERR2040132_clean_NODE_322_length_2298_cov_30.737472	DROP	AMBIGUOUS	DROP	0	0				0	
ERR2040132_clean_NODE_7189_length_971_cov_2.539871	REVIEW	REVIEW	short_fragment	0	0				0	
ERR2040133_clean_NODE_1127_length_3235_cov_22.121241	DROP	AMBIGUOUS	DROP	0	0				0	
ERR2040133_clean_NODE_1240_length_3150_cov_7.542967	DROP	AMBIGUOUS	DROP	5	1	2.53e-40	138.2	0.557	841	FAM007783
ERR2040133_clean_NODE_266_length_4379_cov_43.316190	DROP	AMBIGUOUS	DROP	1	0	4.35e-12	44.5	0.378	1058	FAM012350
ERR2040133_clean_NODE_268_length_4371_cov_27.347967	KEEP	PASS_VIRAL	KEEP	17	0	1.48e-51	175.5	0.405	1212	FAM004890
ERR2040133_clean_NODE_2739_length_2470_cov_20.952204	REVIEW	AMBIGUOUS	short_fragment	6	0	7.33e-18	61.5	0.071	611	FAM001712
ERR2040133_clean_NODE_3127_length_2364_cov_7.563981	REVIEW	AMBIGUOUS	short_fragment	1	0	3.41e-05	19.5	0.051	464	FAM001712
ERR2040133_clean_NODE_3_length_9237_cov_27.546008	KEEP	PASS_VIRAL	KEEP	42	12	3.74e-42	143.8	0.153	333	FAM008177
ERR2040133_clean_NODE_4211_length_2117_cov_37.540984	KEEP	PASS_VIRAL	KEEP	17	0	1.97e-46	158.6	0.403	556	FAM004890
ERR2040133_clean_NODE_4240_length_2111_cov_195.234043	DROP	AMBIGUOUS	DROP	0	0				0	
ERR2040133_clean_NODE_4683_length_2024_cov_212.720848	DROP	AMBIGUOUS	DROP	0	0				0	
ERR2040133_clean_NODE_6878_length_1679_cov_19.638142	REVIEW	REVIEW	short_fragment	7	4	5.18e-30	104.3	0.531	309	FAM003024
ERR2040133_clean_NODE_847_length_3470_cov_19.686023	DROP	AMBIGUOUS	DROP	2	1	1.33e-97	327.1	0.990	934	FAM012407
ERR2040134_clean_NODE_325_length_2877_cov_52.653846	DROP	AMBIGUOUS	DROP	6	0	1.33e-09	36.7	0.105	476	FAM022056
ERR2040134_clean_NODE_41_length_3976_cov_18.709891	REVIEW	AMBIGUOUS	short_fragment	4	0	7.48e-21	74.1	0.329	266	FAM031725
ERR2040135_clean_NODE_1064_length_3013_cov_54.181174	KEEP	PASS_VIRAL	KEEP	19	0	3.80e-52	177.4	0.474	785	FAM004890
ERR2040135_clean_NODE_117_length_5300_cov_30.114645	KEEP	PASS_VIRAL	KEEP	8	1	4.41e-26	91.5	0.349	1257	FAM012657
ERR2040135_clean_NODE_1288_length_2844_cov_266.259034	KEEP	PASS_VIRAL	KEEP	1	0	1.50e-22	80.1	0.395	594	FAM022736
ERR2040135_clean_NODE_1656_length_2610_cov_8.856697	KEEP	PASS_VIRAL	KEEP	4	0	2.45e-11	42.3	0.065	510	FAM013464
ERR2040135_clean_NODE_206_length_4595_cov_49.105807	KEEP	PASS_VIRAL	KEEP	16	0	6.95e-51	173.3	0.405	1215	FAM004890
ERR2040135_clean_NODE_2086_length_2410_cov_68.795426	DROP	AMBIGUOUS	DROP	5	1	9.39e-10	37.2	0.111	523	FAM022056
ERR2040135_clean_NODE_24637_length_557_cov_1.600394	REVIEW	REVIEW	short_fragment	0	0				0	
ERR2040135_clean_NODE_2648_length_2228_cov_11.442405	REVIEW	AMBIGUOUS	short_fragment	9	0	1.44e-17	60.5	0.070	573	FAM001712
ERR2040135_clean_NODE_5219_length_1686_cov_36.598045	KEEP	PASS_VIRAL	KEEP	0	0				0	
ERR2040135_clean_NODE_580_length_3527_cov_238.446809	DROP	AMBIGUOUS	DROP	9	0	1.12e-07	31.0	0.337	922	FAM000051
ERR2040135_clean_NODE_6_length_11039_cov_10.172884	DROP	AMBIGUOUS	DROP	3	0	5.41e-05	21.9	0.227	3402	FAM007630
ERR2040135_clean_NODE_805_length_3241_cov_230.416667	KEEP	PASS_VIRAL	KEEP	7	1	2.59e-80	269.6	0.902	744	FAM011052
ERR2040135_clean_NODE_81_length_5759_cov_27.743958	KEEP	PASS_VIRAL	KEEP	138	12	3.56e-43	147.4	0.352	1537	FAM016687
ERR2040135_clean_NODE_902_length_3150_cov_10.323444	DROP	REVIEW	DROP	0	0				0	
ERR2040136_clean_NODE_1005_length_2591_cov_7.043564	DROP	AMBIGUOUS	DROP	0	0				0	
ERR2040136_clean_NODE_12934_length_668_cov_3.273600	KEEP	PASS_VIRAL	KEEP	0	0				0	
ERR2040136_clean_NODE_14_length_5608_cov_29.478167	DROP	AMBIGUOUS	DROP	0	0				0	
ERR2040136_clean_NODE_357_length_3332_cov_6.940407	REVIEW	AMBIGUOUS	short_fragment	6	0	2.23e-13	46.6	0.071	740	FAM001712
ERR2040136_clean_NODE_4197_length_1602_cov_7.195638	KEEP	PASS_CORE	KEEP	16	9	1.04e-85	288.4	0.637	311	FAM000112
ERR2040136_clean_NODE_467_length_3125_cov_16.961389	DROP	AMBIGUOUS	DROP	1	1	2.77e-27	95.8	0.690	573	FAM012606
ERR2040136_clean_NODE_83_length_4278_cov_8.997403	KEEP	PASS_VIRAL	KEEP	17	0	8.70e-52	176.2	0.405	1195	FAM004890
ERR2040137_clean_NODE_10568_length_1076_cov_2.076849	REVIEW	AMBIGUOUS	short_fragment	3	0	3.76e-10	38.0	0.045	70	FAM003304
ERR2040137_clean_NODE_10768_length_1059_cov_6.676758	DROP	AMBIGUOUS	DROP	18	0	2.54e-31	108.4	0.132	88	FAM000970
ERR2040137_clean_NODE_1188_length_2861_cov_23.781316	DROP	AMBIGUOUS	DROP	4	1	1.38e-04	21.1	0.230	724	FAM002853
ERR2040137_clean_NODE_1246_length_2827_cov_2.906877	KEEP	PASS_VIRAL	KEEP	16	0	2.55e-35	121.0	0.142	244	FAM023340
ERR2040137_clean_NODE_15058_length_774_cov_2.001353	REVIEW	REVIEW	short_fragment	14	0	4.94e-31	107.4	0.163	108	FAM000134
ERR2040137_clean_NODE_1604_length_2620_cov_11.475048	REVIEW	AMBIGUOUS	short_fragment	6	0	7.47e-16	54.8	0.073	655	FAM001712
ERR2040137_clean_NODE_2578_length_2256_cov_5.445295	REVIEW	REVIEW	short_fragment	0	0				0	
ERR2040137_clean_NODE_3286_length_2057_cov_11.616716	REVIEW	PASS_VIRAL	short_fragment	4	0	4.95e-12	44.6	0.065	508	FAM013464
ERR2040137_clean_NODE_3403_length_2030_cov_41.221053	DROP	AMBIGUOUS	DROP	0	0				0	
ERR2040137_clean_NODE_3536_length_2000_cov_10.115013	DROP	AMBIGUOUS	DROP	0	0				0	
ERR2040137_clean_NODE_522_length_3540_cov_35.105849	REVIEW	AMBIGUOUS	no_viral_domain_but_blast	0	0				0	
ERR2040137_clean_NODE_544_length_3517_cov_55.163412	DROP	REVIEW	DROP	1	0	4.66e-04	19.1	0.292	956	FAM001818
ERR2040137_clean_NODE_577_length_3472_cov_9.472796	KEEP	PASS_VIRAL	KEEP	8	1	9.54e-164	546.3	0.644	935	FAM013464
ERR2040137_clean_NODE_784_length_3222_cov_9.434578	DROP	REVIEW	DROP	0	0				0	
ERR2040137_clean_NODE_9017_length_1211_cov_3.894558	DROP	REVIEW	DROP	2	1	1.27e-41	142.6	0.622	249	FAM008795
ERR2040138_clean_NODE_12127_length_614_cov_2.966725	DROP	REVIEW	DROP	0	0				0	
ERR2040138_clean_NODE_14541_length_565_cov_2.231801	REVIEW	REVIEW	no_viral_domain_but_blast	0	0				0	
ERR2040138_clean_NODE_85_length_2273_cov_90.420628	DROP	AMBIGUOUS	DROP	0	0				0	
ERR2040139_clean_NODE_1120_length_1178_cov_2.712161	REVIEW	REVIEW	no_viral_domain_but_blast	3	1	4.69e-111	370.5	0.819	283	FAM015065
ERR2040139_clean_NODE_6635_length_635_cov_3.808333	REVIEW	REVIEW	no_viral_domain_but_blast	0	0				0	
ERR2040140_clean_NODE_100_length_4748_cov_14.729012	KEEP	PASS_VIRAL	KEEP	8	0	4.58e-28	98.0	0.401	1432	FAM012657
ERR2040140_clean_NODE_1031_length_3012_cov_32.207814	REVIEW	AMBIGUOUS	no_viral_domain_but_blast	0	0				0	
ERR2040140_clean_NODE_1303_length_2838_cov_14.157424	REVIEW	AMBIGUOUS	no_viral_domain_but_blast	0	0				0	
ERR2040140_clean_NODE_1422_length_2773_cov_47.615018	DROP	AMBIGUOUS	DROP	4	1	4.51e-09	35.0	0.127	522	FAM022056
ERR2040140_clean_NODE_180_length_4309_cov_4.533286	DROP	REVIEW	DROP	0	0				0	
ERR2040140_clean_NODE_1901_length_2556_cov_14.015519	KEEP	PASS_VIRAL	KEEP	48	18	6.36e-49	166.2	0.116	714	FAM008177
ERR2040140_clean_NODE_2030_length_2499_cov_9.191775	KEEP	PASS_VIRAL	KEEP	2	0	9.77e-66	221.9	0.475	598	FAM004705
ERR2040140_clean_NODE_2246_length_2425_cov_23.018892	DROP	AMBIGUOUS	DROP	6	0	6.03e-05	22.0	0.177	632	FAM018129
ERR2040140_clean_NODE_2297_length_2406_cov_9.236140	REVIEW	AMBIGUOUS	short_fragment	8	0	1.67e-14	50.4	0.071	581	FAM001712
ERR2040140_clean_NODE_3062_length_2184_cov_14.352172	REVIEW	AMBIGUOUS	short_fragment	6	0	4.48e-16	55.6	0.071	545	FAM001712
ERR2040140_clean_NODE_331_length_3875_cov_15.960856	DROP	REVIEW	DROP	1	1	2.56e-03	17.1	0.642	983	FAM013546
ERR2040140_clean_NODE_533_length_3515_cov_22.342742	DROP	AMBIGUOUS	DROP	2	1	6.26e-99	331.5	0.971	936	FAM012407
ERR2040140_clean_NODE_750_length_3258_cov_10.076827	DROP	AMBIGUOUS	DROP	0	0				0	
ERR2040140_clean_NODE_806_length_3195_cov_169.114213	DROP	AMBIGUOUS	DROP	1	0	6.10e-09	34.2	0.202	410	FAM004987
ERR2040140_clean_NODE_8450_length_1359_cov_18.294833	KEEP	PASS_CORE	KEEP	0	0				0	
ERR2040141_clean_NODE_1270_length_2635_cov_11.822308	DROP	AMBIGUOUS	DROP	1	1	2.81e-16	59.2	0.535	422	FAM032257
ERR2040141_clean_NODE_1552_length_2471_cov_5.219212	DROP	AMBIGUOUS	DROP	0	0				0	
ERR2040141_clean_NODE_1681_length_2410_cov_20.974316	DROP	AMBIGUOUS	DROP	3	0	1.79e-18	66.6	0.411	652	FAM012614
ERR2040141_clean_NODE_1694_length_2398_cov_7.969107	DROP	AMBIGUOUS	DROP	5	0	8.57e-06	24.6	0.434	563	FAM032326
ERR2040141_clean_NODE_1765_length_2367_cov_19.614065	DROP	REVIEW	DROP	0	0				0	
ERR2040141_clean_NODE_2126_length_2222_cov_3.659808	REVIEW	AMBIGUOUS	short_fragment	8	0	2.83e-08	29.8	0.023	458	FAM013752
ERR2040141_clean_NODE_4179_length_1683_cov_6.945388	KEEP	PASS_VIRAL	KEEP	0	0				0	
ERR2040141_clean_NODE_601_length_3253_cov_4.493785	KEEP	PASS_VIRAL	KEEP	19	0	7.89e-56	189.6	0.415	778	FAM004890
ERR2040141_clean_NODE_616_length_3233_cov_11.932145	DROP	REVIEW	DROP	0	0				0	
ERR2040141_clean_NODE_71_length_4911_cov_32.938064	REVIEW	AMBIGUOUS	no_viral_domain_but_blast	1	0	1.16e-03	18.2	0.458	328	FAM003583
ERR2040141_clean_NODE_838_length_2974_cov_13.947941	DROP	AMBIGUOUS	DROP	1	0	5.35e-03	13.7	0.070	490	FAM005570
ERR2040142_clean_NODE_279_length_2295_cov_15.039520	KEEP	PASS_VIRAL	KEEP	20	0	6.20e-53	180.0	0.422	511	FAM004890
ERR2040142_clean_NODE_390_length_2176_cov_23.600563	KEEP	PASS_VIRAL	KEEP	18	0	3.96e-54	184.0	0.417	585	FAM004890
ERR2040142_clean_NODE_4425_length_1203_cov_6.776724	DROP	REVIEW	DROP	2	1	6.05e-30	103.7	0.204	260	FAM003378
ERR2040142_clean_NODE_7720_length_923_cov_2.555682	DROP	REVIEW	DROP	2	0	1.61e-15	55.9	0.136	181	FAM003378
ERR2040142_clean_NODE_9_length_3879_cov_228.418665	DROP	AMBIGUOUS	DROP	0	0				0	
ERR2040143_clean_NODE_13216_length_779_cov_1.156250	REVIEW	REVIEW	short_fragment	0	0				0	
ERR2040143_clean_NODE_1808_length_2338_cov_13.044444	REVIEW	AMBIGUOUS	short_fragment	3	0	2.86e-16	57.7	0.103	426	FAM000628
ERR2040143_clean_NODE_1824_length_2330_cov_12.720157	REVIEW	AMBIGUOUS	short_fragment	6	0	5.50e-15	52.0	0.071	576	FAM001712
ERR2040143_clean_NODE_2167_length_2188_cov_13.591608	DROP	AMBIGUOUS	DROP	6	0	8.83e-06	24.7	0.167	581	FAM018129
ERR2040143_clean_NODE_223_length_4094_cov_24.162429	DROP	REVIEW	DROP	0	0				0	
ERR2040143_clean_NODE_575_length_3234_cov_77.413350	REVIEW	AMBIGUOUS	no_viral_domain_but_blast	0	0				0	
ERR2040143_clean_NODE_785_length_2968_cov_11.976752	KEEP	PASS_VIRAL	KEEP	23	1	2.18e-56	191.4	0.403	778	FAM004890
ERR2040143_clean_NODE_834_length_2925_cov_13.380985	KEEP	PASS_VIRAL	KEEP	4	0	2.32e-11	42.4	0.066	739	FAM013464
ERR2040144_clean_NODE_258_length_2310_cov_14.532863	KEEP	PASS_VIRAL	KEEP	18	0	5.09e-52	177.0	0.424	588	FAM004890
ERR2040144_clean_NODE_279_length_2280_cov_49.010282	KEEP	PASS_CORE	KEEP	2	0	2.10e-24	85.4	0.355	554	FAM004987
ERR2040144_clean_NODE_3571_length_1274_cov_2.367994	REVIEW	PASS_VIRAL	short_fragment	0	0				0	
ERR2040144_clean_NODE_5818_length_1041_cov_2.880762	DROP	REVIEW	DROP	2	0	1.26e-19	69.5	0.136	191	FAM003378
ERR2040144_clean_NODE_68_length_2866_cov_8.314559	DROP	AMBIGUOUS	DROP	1	1	7.98e-101	338.1	0.786	695	FAM017622
ERR2040144_clean_NODE_723_length_1917_cov_5.356990	KEEP	PASS_VIRAL	KEEP	21	0	1.06e-53	182.6	0.421	453	FAM004890
ERR2040145_clean_NODE_171_length_3311_cov_8.617503	DROP	AMBIGUOUS	DROP	0	0				0	
ERR2040145_clean_NODE_18243_length_562_cov_1.242775	REVIEW	REVIEW	short_fragment	0	0				0	
ERR2040145_clean_NODE_2093_length_1796_cov_54.444381	REVIEW	REVIEW	no_viral_domain_but_blast	6	1	5.04e-77	259.1	0.560	288	FAM014731
ERR2040145_clean_NODE_3_length_7587_cov_215.621819	KEEP	PASS_CORE	KEEP	88	31	0.00e+00	1662.0	0.941	1659	FAM000080
ERR2040145_clean_NODE_423_length_2739_cov_7.774481	REVIEW	AMBIGUOUS	no_viral_domain_but_blast	0	0				0	
ERR2040145_clean_NODE_642_length_2489_cov_12.423957	DROP	AMBIGUOUS	DROP	5	0	2.41e-05	23.0	0.149	550	FAM032326
ERR2040145_clean_NODE_6638_length_1102_cov_61.740321	REVIEW	REVIEW	short_fragment	11	4	2.56e-75	253.2	0.675	223	FAM013629
ERR2040145_clean_NODE_6_length_5874_cov_77.715315	KEEP	PASS_CORE	KEEP	0	0				0	
ERR2040145_clean_NODE_7151_length_1058_cov_3.006897	REVIEW	REVIEW	short_fragment	13	0	3.65e-16	57.9	0.031	38	FAM003304
ERR2040145_clean_NODE_779_length_2366_cov_13.481274	DROP	REVIEW	DROP	0	0				0	
ERR2040146_clean_NODE_1349_length_2634_cov_62.383636	REVIEW	AMBIGUOUS	no_viral_domain_but_blast	0	0				0	
ERR2040146_clean_NODE_1393_length_2616_cov_11.742324	KEEP	PASS_VIRAL	KEEP	4	0	2.24e-11	42.4	0.066	686	FAM013464
ERR2040146_clean_NODE_1473_length_2574_cov_7.228368	DROP	AMBIGUOUS	DROP	2	1	5.83e-96	321.7	0.978	680	FAM012407
ERR2040146_clean_NODE_15651_length_859_cov_2.306373	REVIEW	REVIEW	short_fragment	12	0	3.17e-27	94.2	0.051	66	FAM025821
ERR2040146_clean_NODE_20019_length_717_cov_1.531157	KEEP	PASS_CORE	KEEP	0	0				0	
ERR2040146_clean_NODE_2310_length_2241_cov_18.277070	DROP	AMBIGUOUS	DROP	6	0	6.81e-06	25.1	0.187	564	FAM018129
ERR2040146_clean_NODE_26801_length_580_cov_1.748603	REVIEW	REVIEW	short_fragment	0	0				0	
ERR2040146_clean_NODE_26938_length_578_cov_1.314019	KEEP	PASS_CORE	KEEP	0	0				0	
ERR2040146_clean_NODE_304_length_3686_cov_17.842438	KEEP	PASS_VIRAL	KEEP	5	1	1.42e-90	304.2	0.409	795	FAM004987
ERR2040146_clean_NODE_593_length_3209_cov_26.881554	REVIEW	AMBIGUOUS	no_viral_domain_but_blast	0	0				0	
ERR2040146_clean_NODE_715_length_3075_cov_5.206794	DROP	REVIEW	DROP	0	0				0	
ERR2040147_clean_NODE_1020_length_2505_cov_13.297725	REVIEW	AMBIGUOUS	short_fragment	6	0	1.84e-13	46.9	0.071	565	FAM001712
ERR2040147_clean_NODE_1268_length_2364_cov_33.899181	REVIEW	AMBIGUOUS	no_viral_domain_but_blast	0	0				0	
ERR2040147_clean_NODE_13368_length_816_cov_3.677878	DROP	REVIEW	DROP	0	0				0	
ERR2040147_clean_NODE_1388_length_2311_cov_18.211640	DROP	AMBIGUOUS	DROP	5	1	1.61e-09	36.5	0.111	533	FAM022056
ERR2040147_clean_NODE_1688_length_2200_cov_8.847473	REVIEW	PASS_VIRAL	short_fragment	4	0	1.09e-12	46.8	0.066	510	FAM013464
ERR2040147_clean_NODE_1963_length_2108_cov_21.141404	REVIEW	AMBIGUOUS	no_viral_domain_but_blast	0	0				0	
ERR2040147_clean_NODE_3205_length_1798_cov_5.621083	KEEP	PASS_VIRAL	KEEP	0	0				0	
ERR2040147_clean_NODE_39_length_4444_cov_38.789366	DROP	AMBIGUOUS	DROP	0	0				0	
ERR2040147_clean_NODE_7141_length_1255_cov_2.918317	KEEP	PASS_CORE	KEEP	20	0	4.17e-80	269.7	0.153	211	FAM003304
ERR2040147_clean_NODE_8630_length_1119_cov_2.845725	DROP	REVIEW	DROP	2	0	5.91e-25	87.1	0.152	162	FAM003378
ERR2040148_clean_NODE_100_length_2488_cov_17.826176	REVIEW	AMBIGUOUS	no_viral_domain_but_blast	0	0				0	
ERR2040148_clean_NODE_160_length_2304_cov_26.148165	DROP	AMBIGUOUS	DROP	6	1	1.71e-10	39.7	0.119	522	FAM022056
ERR2040148_clean_NODE_2315_length_1399_cov_20.784661	REVIEW	REVIEW	no_viral_domain_but_blast	4	4	3.82e-124	413.8	0.814	284	FAM014886
ERR2040148_clean_NODE_25_length_2947_cov_21.160468	DROP	REVIEW	DROP	0	0				0	
ERR2040148_clean_NODE_31_length_2830_cov_8.827772	DROP	AMBIGUOUS	DROP	2	2	1.77e-26	93.1	0.667	625	FAM012606
ERR2040148_clean_NODE_7152_length_936_cov_3.325868	KEEP	PASS_CORE	KEEP	0	0				0	
ERR2040148_clean_NODE_9219_length_815_cov_4.490933	DROP	REVIEW	DROP	1	0	7.00e-53	179.6	0.138	149	FAM003378
ERR2040149_clean_NODE_298_length_2427_cov_18.452181	DROP	AMBIGUOUS	DROP	6	1	2.99e-09	35.6	0.113	522	FAM022056
ERR2040149_clean_NODE_308_length_2415_cov_5.491568	REVIEW	AMBIGUOUS	no_viral_domain_but_blast	0	0				0	
ERR2040149_clean_NODE_68_length_3130_cov_64.218335	DROP	AMBIGUOUS	DROP	2	1	6.05e-14	51.8	0.670	226	FAM012802
ERR2040150_clean_NODE_159_length_3639_cov_16.283296	DROP	AMBIGUOUS	DROP	0	0				0	
ERR2040150_clean_NODE_437_length_2999_cov_3.615385	DROP	REVIEW	DROP	0	0				0	
ERR2040151_clean_NODE_11_length_4880_cov_36.771139	DROP	REVIEW	DROP	0	0				0	
ERR2040151_clean_NODE_17851_length_730_cov_1.085881	KEEP	PASS_VIRAL	KEEP	0	0				0	
ERR2040151_clean_NODE_200_length_3413_cov_23.858457	DROP	REVIEW	DROP	0	0				0	
ERR2040151_clean_NODE_2540_length_2029_cov_41.708963	DROP	AMBIGUOUS	DROP	0	0				0	
ERR2040151_clean_NODE_2583_length_2020_cov_112.442590	DROP	AMBIGUOUS	DROP	0	0				0	
ERR2040151_clean_NODE_734_length_2694_cov_10.444738	REVIEW	PASS_VIRAL	short_fragment	7	0	3.61e-12	42.6	0.071	580	FAM001712
ERR2040151_clean_NODE_907_length_2580_cov_24.338983	REVIEW	REVIEW	short_fragment	0	0				0	
ERR2040152_clean_NODE_1045_length_2742_cov_21.936273	DROP	AMBIGUOUS	DROP	0	0				0	
ERR2040152_clean_NODE_1445_length_2530_cov_23.483313	KEEP	PASS_VIRAL	KEEP	19	0	1.84e-15	57.0	0.354	498	FAM001893
ERR2040152_clean_NODE_1699_length_2430_cov_33.635945	DROP	AMBIGUOUS	DROP	5	0	6.33e-09	34.5	0.111	528	FAM022056
ERR2040152_clean_NODE_1755_length_2413_cov_5.352321	REVIEW	AMBIGUOUS	short_fragment	0	0				0	
ERR2040152_clean_NODE_2070_length_2298_cov_6.245676	KEEP	PASS_VIRAL	KEEP	18	0	1.16e-88	298.0	0.402	479	FAM004890
ERR2040152_clean_NODE_2114_length_2283_cov_6.530357	REVIEW	AMBIGUOUS	short_fragment	9	0	9.45e-22	74.4	0.080	548	FAM001712
ERR2040152_clean_NODE_3000_length_2062_cov_8.611194	KEEP	PASS_VIRAL	KEEP	23	0	1.48e-55	188.7	0.393	431	FAM004890
ERR2040152_clean_NODE_3121_length_2032_cov_12.082956	REVIEW	PASS_VIRAL	short_fragment	0	0				0	
ERR2040152_clean_NODE_871_length_2860_cov_11.992190	DROP	AMBIGUOUS	DROP	1	0	3.07e-15	54.9	0.130	490	FAM012805
ERR2040153_clean_NODE_1458_length_2378_cov_7.073662	DROP	AMBIGUOUS	DROP	5	0	1.72e-04	19.8	0.090	593	FAM007688
ERR2040153_clean_NODE_1783_length_2255_cov_11.103526	REVIEW	AMBIGUOUS	short_fragment	8	0	5.49e-15	52.0	0.074	574	FAM001712
ERR2040153_clean_NODE_21018_length_637_cov_5.680135	REVIEW	REVIEW	no_viral_domain_but_blast	0	0				0	
ERR2040153_clean_NODE_2580_length_2041_cov_5.667167	REVIEW	PASS_VIRAL	short_fragment	4	0	1.62e-10	39.6	0.066	456	FAM013464
ERR2040153_clean_NODE_277_length_3300_cov_54.381025	REVIEW	AMBIGUOUS	no_viral_domain_but_blast	0	0				0	
ERR2040153_clean_NODE_379_length_3141_cov_29.508715	REVIEW	AMBIGUOUS	no_viral_domain_but_blast	0	0				0	
ERR2040154_clean_NODE_564_length_2532_cov_6.837805	KEEP	PASS_VIRAL	KEEP	5	0	6.42e-11	40.9	0.066	654	FAM013464
ERR2040155_clean_NODE_1148_length_2354_cov_23.108178	DROP	AMBIGUOUS	DROP	0	0				0	
ERR2040155_clean_NODE_1213_length_2322_cov_17.513383	REVIEW	AMBIGUOUS	no_viral_domain_but_blast	1	0	4.48e-04	19.1	0.269	619	FAM003280
ERR2040155_clean_NODE_1288_length_2290_cov_38.469960	REVIEW	AMBIGUOUS	no_viral_domain_but_blast	0	0				0	
ERR2040155_clean_NODE_1533_length_2179_cov_26.717697	DROP	AMBIGUOUS	DROP	6	1	1.02e-09	37.1	0.111	511	FAM022056
ERR2040155_clean_NODE_1757_length_2109_cov_27.060019	REVIEW	AMBIGUOUS	no_viral_domain_but_blast	0	0				0	
ERR2040155_clean_NODE_2209_length_1979_cov_11.706612	REVIEW	PASS_VIRAL	short_fragment	4	0	2.23e-10	39.1	0.066	459	FAM013464
ERR2040155_clean_NODE_333_length_3035_cov_27.523730	REVIEW	AMBIGUOUS	no_viral_domain_but_blast	0	0				0	
ERR2040155_clean_NODE_3443_length_1719_cov_11.295346	KEEP	PASS_VIRAL	KEEP	18	0	2.05e-47	161.8	0.395	446	FAM004890
ERR2040155_clean_NODE_50_length_4156_cov_11.064430	KEEP	PASS_VIRAL	KEEP	18	0	4.59e-52	177.2	0.460	1202	FAM004890
ERR2040155_clean_NODE_558_length_2760_cov_18.739050	DROP	AMBIGUOUS	DROP	1	1	2.08e-16	59.8	0.648	666	FAM021371
ERR2040156_clean_NODE_1251_length_2160_cov_15.325933	DROP	AMBIGUOUS	DROP	4	1	3.85e-10	38.5	0.115	524	FAM022056
ERR2040156_clean_NODE_1359_length_2118_cov_22.065060	REVIEW	AMBIGUOUS	short_fragment	4	1	1.34e-36	126.0	0.417	387	FAM007886
ERR2040156_clean_NODE_14377_length_729_cov_2.658892	REVIEW	REVIEW	short_fragment	0	0				0	
ERR2040156_clean_NODE_1449_length_2084_cov_16.578638	DROP	REVIEW	DROP	14	6	6.67e-118	394.5	0.159	510	FAM000252
ERR2040156_clean_NODE_15731_length_670_cov_1.564593	REVIEW	REVIEW	short_fragment	3	0	1.25e-20	71.9	0.040	83	FAM000252
ERR2040156_clean_NODE_1637_length_2026_cov_15.287948	REVIEW	AMBIGUOUS	short_fragment	0	0				0	
ERR2040156_clean_NODE_17307_length_607_cov_3.179078	REVIEW	REVIEW	short_fragment	0	0				0	
ERR2040156_clean_NODE_18277_length_573_cov_2.037736	REVIEW	REVIEW	short_fragment	2	0	1.42e-03	16.2	0.019	23	FAM003304
ERR2040156_clean_NODE_825_length_2376_cov_66.591513	DROP	AMBIGUOUS	DROP	3	0	7.17e-03	14.6	0.106	560	FAM010787
ERR2040156_clean_NODE_86_length_3559_cov_14.010523	KEEP	PASS_VIRAL	KEEP	8	0	1.06e-26	93.5	0.342	1010	FAM012657
ERR2040157_clean_NODE_1192_length_2542_cov_8.226566	DROP	AMBIGUOUS	DROP	0	0				0	
ERR2040157_clean_NODE_1386_length_2440_cov_8.374636	REVIEW	PASS_VIRAL	short_fragment	9	0	3.89e-19	65.7	0.039	559	FAM001712
ERR2040157_clean_NODE_191_length_3716_cov_12.562076	REVIEW	AMBIGUOUS	no_viral_domain_but_blast	2	1	2.12e-32	112.4	0.264	164	FAM012638
ERR2040157_clean_NODE_290_length_3483_cov_34.500870	REVIEW	AMBIGUOUS	no_viral_domain_but_blast	0	0				0	
ERR2040157_clean_NODE_2945_length_1953_cov_16.736184	KEEP	PASS_VIRAL	KEEP	17	0	4.17e-47	160.8	0.402	544	FAM004890
ERR2040157_clean_NODE_4176_length_1714_cov_9.630733	REVIEW	PASS_VIRAL	short_fragment	4	0	2.40e-10	39.0	0.066	471	FAM013464
ERR2040159_clean_NODE_1719_length_2555_cov_22.787420	DROP	AMBIGUOUS	DROP	1	0	1.73e-04	20.6	0.312	609	FAM008007
ERR2040159_clean_NODE_1762_length_2540_cov_14.051262	KEEP	PASS_VIRAL	KEEP	6	1	1.14e-69	234.5	0.724	374	FAM011052
ERR2040159_clean_NODE_1763_length_2538_cov_98.380361	DROP	AMBIGUOUS	DROP	0	0				0	
ERR2040159_clean_NODE_314_length_3782_cov_10.524204	KEEP	PASS_VIRAL	KEEP	18	0	1.54e-53	182.0	0.415	563	FAM004890
ERR2040159_clean_NODE_3329_length_2057_cov_6.084906	DROP	AMBIGUOUS	DROP	3	0	8.83e-22	77.1	0.485	509	FAM019831
ERR2040159_clean_NODE_677_length_3253_cov_20.120872	DROP	AMBIGUOUS	DROP	0	0				0	
ERR2040159_clean_NODE_68_length_4910_cov_16.219026	DROP	AMBIGUOUS	DROP	7	0	4.59e-15	52.2	0.071	563	FAM001712
ERR2040159_clean_NODE_813_length_3109_cov_56.875734	KEEP	PASS_VIRAL	KEEP	5	2	1.06e-94	317.8	0.408	777	FAM004987
ERR2040160_clean_NODE_1059_length_2860_cov_54.394391	DROP	AMBIGUOUS	DROP	0	0				0	
ERR2040160_clean_NODE_107_length_4403_cov_15.808716	KEEP	PASS_VIRAL	KEEP	7	0	3.57e-27	95.1	0.345	1310	FAM012657
ERR2040160_clean_NODE_114_length_4363_cov_19.536574	KEEP	PASS_VIRAL	KEEP	19	0	6.14e-52	176.7	0.405	882	FAM004890
ERR2040160_clean_NODE_1957_length_2404_cov_54.111393	REVIEW	AMBIGUOUS	short_fragment	6	0	1.63e-16	57.0	0.071	566	FAM001712
ERR2040160_clean_NODE_1_length_8223_cov_66.550856	DROP	AMBIGUOUS	DROP	0	0				0	
ERR2040160_clean_NODE_256_length_3790_cov_31.490526	REVIEW	AMBIGUOUS	short_fragment	2	0	2.28e-199	664.1	0.406	1020	FAM010955
ERR2040160_clean_NODE_2754_length_2154_cov_155.369019	DROP	AMBIGUOUS	DROP	0	0				0	
ERR2040160_clean_NODE_2867_length_2119_cov_4.926782	DROP	AMBIGUOUS	DROP	3	1	3.63e-22	78.1	0.538	571	FAM004846
ERR2040160_clean_NODE_457_length_3426_cov_18.608927	REVIEW	AMBIGUOUS	no_viral_domain_but_blast	0	0				0	
ERR2040160_clean_NODE_492_length_3381_cov_14.788197	DROP	AMBIGUOUS	DROP	1	1	1.70e-03	18.2	0.832	912	FAM001934
ERR2040160_clean_NODE_5370_length_1648_cov_9.786916	REVIEW	AMBIGUOUS	short_fragment	5	1	5.38e-54	183.4	0.427	411	FAM031725
ERR2040160_clean_NODE_537_length_3319_cov_33.422161	REVIEW	AMBIGUOUS	no_viral_domain_but_blast	0	0				0	
ERR2040161_clean_NODE_1007_length_2612_cov_31.952511	DROP	AMBIGUOUS	DROP	4	0	3.51e-10	37.5	0.053	708	FAM010548
ERR2040161_clean_NODE_11_length_6681_cov_501.994125	KEEP	PASS_CORE	KEEP	0	0				0	
ERR2040161_clean_NODE_1589_length_2293_cov_13.212000	REVIEW	AMBIGUOUS	short_fragment	7	0	1.11e-14	51.0	0.071	606	FAM001712
ERR2040161_clean_NODE_1932_length_2166_cov_25.977390	DROP	AMBIGUOUS	DROP	3	2	1.99e-51	174.5	0.832	495	FAM020762
ERR2040161_clean_NODE_2688_length_1942_cov_22.668773	REVIEW	PASS_VIRAL	short_fragment	14	0	4.34e-29	101.0	0.163	137	FAM000134
ERR2040161_clean_NODE_2812_length_1912_cov_74.957731	DROP	AMBIGUOUS	DROP	1	1	1.37e-44	152.1	0.863	434	FAM018327
ERR2040161_clean_NODE_555_length_3066_cov_7.746279	DROP	REVIEW	DROP	3	0	7.09e-05	21.8	0.308	859	FAM001818
ERR2040161_clean_NODE_578_length_3034_cov_17.231361	DROP	AMBIGUOUS	DROP	0	0				0	
ERR2040161_clean_NODE_661_length_2924_cov_54.319681	DROP	AMBIGUOUS	DROP	1	0	4.08e-06	26.3	0.323	858	FAM022736
ERR2040161_clean_NODE_67_length_4795_cov_17.547559	KEEP	PASS_VIRAL	KEEP	7	0	2.19e-29	102.4	0.382	1428	FAM012657
ERR2040161_clean_NODE_855_length_2714_cov_12.207787	DROP	REVIEW	DROP	0	0				0	
ERR2040161_clean_NODE_92_length_4528_cov_14.373021	DROP	AMBIGUOUS	DROP	0	0				0	
ERR2040162_clean_NODE_10375_length_954_cov_1.576714	REVIEW	REVIEW	short_fragment	0	0				0	
ERR2040162_clean_NODE_11841_length_855_cov_3.330488	KEEP	PASS_CORE	KEEP	0	0				0	
ERR2040162_clean_NODE_1861_length_2229_cov_12.680948	REVIEW	AMBIGUOUS	short_fragment	7	0	9.58e-16	54.5	0.071	601	FAM001712
ERR2040162_clean_NODE_256_length_3915_cov_152.268557	KEEP	PASS_VIRAL	KEEP	5	0	8.17e-11	39.6	0.062	614	FAM010548
ERR2040162_clean_NODE_337_length_3686_cov_16.344563	DROP	AMBIGUOUS	DROP	2	1	1.33e-38	132.8	0.525	199	FAM012688
ERR2040163_clean_NODE_1179_length_2632_cov_12.095495	KEEP	PASS_VIRAL	KEEP	13	0	1.15e-14	53.8	0.158	450	FAM017957
ERR2040163_clean_NODE_1315_length_2539_cov_45.788738	DROP	AMBIGUOUS	DROP	6	0	2.75e-09	35.7	0.105	475	FAM022056
ERR2040163_clean_NODE_2051_length_2214_cov_21.934374	DROP	AMBIGUOUS	DROP	3	2	3.29e-56	190.2	0.981	579	FAM020762
ERR2040163_clean_NODE_584_length_3239_cov_6.262797	KEEP	PASS_VIRAL	KEEP	0	0				0	
ERR2040164_clean_NODE_3335_length_1755_cov_3.031977	DROP	AMBIGUOUS	DROP	5	0	2.54e-08	33.7	0.091	198	FAM000012
ERR2040164_clean_NODE_645_length_3054_cov_5.963564	DROP	AMBIGUOUS	DROP	1	1	1.74e-35	122.2	0.557	798	FAM007783
ERR2040165_clean_NODE_10186_length_1039_cov_4.665339	KEEP	PASS_CORE	KEEP	0	0				0	
ERR2040165_clean_NODE_382_length_3756_cov_5.971513	KEEP	PASS_VIRAL	KEEP	1	0	1.51e-04	19.0	0.045	143	FAM023340
ERR2040165_clean_NODE_6406_length_1402_cov_4.985369	REVIEW	AMBIGUOUS	short_fragment	13	1	4.34e-79	266.3	0.230	327	FAM003304
ERR2040167_clean_NODE_2_length_7058_cov_121.043286	KEEP	PASS_CORE_FAM	KEEP	70	26	0.00e+00	2693.6	0.974	2237	FAM003079
ERR2040167_clean_NODE_72_length_2664_cov_6.473944	KEEP	PASS_CORE	KEEP	19	2	6.91e-84	282.2	0.133	203	FAM003304
ERR2040169_clean_NODE_35_length_3332_cov_253.121626	REVIEW	AMBIGUOUS	short_fragment	0	0				0	
ERR2040170_clean_NODE_1201_length_1598_cov_7.872041	KEEP	PASS_CORE_FAM	KEEP	55	14	7.31e-150	499.1	0.839	407	FAM002989
ERR2040170_clean_NODE_8_length_4234_cov_11.206001	DROP	REVIEW	DROP	0	0				0	
ERR2040171_clean_NODE_1541_length_1470_cov_7.437631	KEEP	PASS_CORE	KEEP	0	0				0	
ERR2040171_clean_NODE_158_length_2391_cov_7.016978	REVIEW	REVIEW	no_viral_domain_but_blast	25	11	9.44e-303	1005.4	0.914	680	FAM002056
ERR2040171_clean_NODE_1737_length_1416_cov_2.015206	REVIEW	REVIEW	no_viral_domain_but_blast	9	3	1.45e-156	521.7	0.757	377	FAM003548
ERR2040172_clean_NODE_1935_length_1385_cov_51.834074	REVIEW	REVIEW	no_viral_domain_but_blast	5	5	2.53e-118	394.4	0.804	281	FAM009566
ERR2040172_clean_NODE_1_length_7861_cov_94.494633	KEEP	PASS_CORE	KEEP	28	4	7.09e-88	295.2	0.794	442	FAM007185
ERR2040172_clean_NODE_271_length_2223_cov_9.079068	DROP	AMBIGUOUS	DROP	14	1	1.77e-11	43.7	0.442	549	FAM007812
ERR2040173_clean_NODE_194_length_2345_cov_161.285714	REVIEW	REVIEW	no_viral_domain_but_blast	7	6	1.49e-271	902.2	0.911	613	FAM003546
ERR2040173_clean_NODE_2189_length_1389_cov_104.063516	REVIEW	REVIEW	no_viral_domain_but_blast	4	4	4.04e-121	403.9	0.812	288	FAM014886
ERR2040173_clean_NODE_4112_length_1152_cov_6.379588	REVIEW	REVIEW	no_viral_domain_but_blast	6	5	4.17e-97	324.8	0.814	296	FAM006274
ERR2040173_clean_NODE_4147_length_1147_cov_6.684353	DROP	REVIEW	DROP	6	6	3.59e-62	209.7	0.745	231	FAM004565
ERR2040173_clean_NODE_904_length_1733_cov_14.568905	KEEP	PASS_CORE_FAM	KEEP	63	19	2.46e-175	583.1	0.858	415	FAM002989
ERR2040174_clean_NODE_10103_length_777_cov_2.322102	KEEP	PASS_CORE	KEEP	0	0				0	
ERR2040174_clean_NODE_165_length_2520_cov_22.516700	DROP	AMBIGUOUS	DROP	0	0				0	
ERR2040174_clean_NODE_304_length_2232_cov_165.323623	REVIEW	REVIEW	no_viral_domain_but_blast	7	6	4.82e-278	923.6	0.910	613	FAM003546
ERR2040174_clean_NODE_528_length_1997_cov_6.795107	REVIEW	REVIEW	no_viral_domain_but_blast	26	8	2.26e-279	928.1	0.786	567	FAM002056
ERR2040180_clean_NODE_1457_length_1938_cov_9.665435	DROP	AMBIGUOUS	DROP	2	1	4.58e-26	91.2	0.526	560	FAM019831
ERR2040180_clean_NODE_198_length_2888_cov_43.676626	REVIEW	AMBIGUOUS	short_fragment	0	0				0	
ERR2040180_clean_NODE_263_length_2770_cov_36.440777	REVIEW	AMBIGUOUS	no_viral_domain_but_blast	0	0				0	
ERR2040180_clean_NODE_389_length_2606_cov_14.049941	DROP	AMBIGUOUS	DROP	2	2	2.88e-30	105.6	0.670	604	FAM012606
ERR2040180_clean_NODE_4736_length_1323_cov_12.760156	REVIEW	REVIEW	no_viral_domain_but_blast	5	5	1.65e-124	415.0	0.817	286	FAM014886
ERR2040180_clean_NODE_6003_length_1182_cov_7.573310	REVIEW	REVIEW	no_viral_domain_but_blast	4	4	3.65e-117	390.6	0.833	291	FAM009566
ERR2040180_clean_NODE_60_length_3556_cov_4370.965272	KEEP	PASS_CORE	KEEP	9	3	3.73e-61	206.2	0.626	169	FAM000089
ERR2040180_clean_NODE_75_length_3420_cov_23.933373	KEEP	PASS_VIRAL	KEEP	8	1	8.33e-27	93.9	0.349	967	FAM012657
ERR2040181_clean_NODE_1240_length_3103_cov_10.951961	KEEP	PASS_VIRAL	KEEP	9	0	5.00e-17	58.7	0.030	620	FAM001712
ERR2040181_clean_NODE_1397_length_2981_cov_54.242682	REVIEW	AMBIGUOUS	no_viral_domain_but_blast	0	0				0	
ERR2040181_clean_NODE_2208_length_2547_cov_18.482827	DROP	AMBIGUOUS	DROP	0	0				0	
ERR2040181_clean_NODE_2627_length_2398_cov_13.439066	DROP	AMBIGUOUS	DROP	0	0				0	
ERR2040181_clean_NODE_287_length_4504_cov_28.337817	KEEP	PASS_VIRAL	KEEP	17	0	7.25e-52	176.5	0.405	1208	FAM004890
ERR2040181_clean_NODE_2984_length_2290_cov_33.476636	DROP	REVIEW	DROP	0	0				0	
ERR2040181_clean_NODE_3950_length_2047_cov_6.064371	DROP	REVIEW	DROP	0	0				0	
ERR2040181_clean_NODE_449_length_4037_cov_25.830996	DROP	AMBIGUOUS	DROP	4	1	2.28e-15	55.9	0.615	279	FAM022674
ERR2040181_clean_NODE_467_length_4008_cov_21.364691	KEEP	PASS_VIRAL	KEEP	18	0	1.73e-54	185.2	0.393	1164	FAM004890
ERR2040181_clean_NODE_609_length_3743_cov_9.597568	DROP	AMBIGUOUS	DROP	3	1	1.45e-99	333.5	0.982	938	FAM012407
ERR2040181_clean_NODE_68_length_6304_cov_25.305862	DROP	AMBIGUOUS	DROP	0	0				0	
ERR2040181_clean_NODE_856_length_3434_cov_50.808906	REVIEW	AMBIGUOUS	no_viral_domain_but_blast	0	0				0	
ERR2040181_clean_NODE_917_length_3359_cov_44.954765	DROP	AMBIGUOUS	DROP	1	1	6.75e-82	275.5	0.875	601	FAM012837
ERR2040182_clean_NODE_1084_length_2768_cov_28.199633	DROP	AMBIGUOUS	DROP	0	0				0	
ERR2040182_clean_NODE_1320_length_2617_cov_10.787879	REVIEW	AMBIGUOUS	short_fragment	7	0	1.56e-14	50.5	0.071	592	FAM001712
ERR2040182_clean_NODE_1423_length_2558_cov_10.236581	KEEP	PASS_VIRAL	KEEP	8	1	1.48e-05	23.9	0.265	736	FAM008696
ERR2040182_clean_NODE_1500_length_2520_cov_9.029471	DROP	AMBIGUOUS	DROP	4	0	1.57e-05	23.9	0.201	602	FAM018129
ERR2040182_clean_NODE_2326_length_2169_cov_61.123236	DROP	AMBIGUOUS	DROP	0	0				0	
ERR2040182_clean_NODE_38_length_5889_cov_28.876326	DROP	AMBIGUOUS	DROP	0	0				0	
ERR2040182_clean_NODE_41_length_5855_cov_27.267378	REVIEW	AMBIGUOUS	no_viral_domain_but_blast	3	0	4.19e-07	28.6	0.298	1810	FAM012636
ERR2040183_clean_NODE_107_length_4202_cov_15.137774	KEEP	PASS_VIRAL	KEEP	17	0	5.30e-51	173.7	0.403	1181	FAM004890
ERR2040183_clean_NODE_10_length_6121_cov_8.729187	DROP	AMBIGUOUS	DROP	0	0				0	
ERR2040183_clean_NODE_110_length_4198_cov_16.068351	KEEP	PASS_VIRAL	KEEP	0	0				0	
ERR2040183_clean_NODE_1113_length_2488_cov_32.277710	DROP	AMBIGUOUS	DROP	6	2	8.04e-05	20.9	0.111	688	FAM018279
ERR2040183_clean_NODE_11529_length_971_cov_3.473060	KEEP	PASS_CORE	KEEP	77	4	1.85e-103	346.1	0.486	243	FAM002989
ERR2040183_clean_NODE_13577_length_854_cov_29.885327	DROP	REVIEW	DROP	0	0				0	
ERR2040183_clean_NODE_13944_length_837_cov_2.827456	REVIEW	REVIEW	no_viral_domain_but_blast	0	0				0	
ERR2040183_clean_NODE_1490_length_2289_cov_104.544524	REVIEW	REVIEW	no_viral_domain_but_blast	7	6	9.89e-280	929.2	0.910	612	FAM003546
ERR2040183_clean_NODE_1597_length_2248_cov_38.147392	DROP	AMBIGUOUS	DROP	5	1	1.97e-10	39.5	0.107	522	FAM022056
ERR2040183_clean_NODE_19154_length_631_cov_6.515306	KEEP	PASS_CORE	KEEP	0	0				0	
ERR2040183_clean_NODE_2898_length_1881_cov_10.904244	DROP	AMBIGUOUS	DROP	3	2	3.02e-49	167.3	0.791	486	FAM020762
ERR2040183_clean_NODE_2_length_11115_cov_38.322435	KEEP	PASS_CORE	KEEP	299	47	0.00e+00	4477.7	0.410	3300	FAM011105
ERR2040183_clean_NODE_31_length_5284_cov_49.742797	KEEP	PASS_VIRAL	KEEP	7	0	2.43e-28	98.9	0.338	1468	FAM012657
ERR2040183_clean_NODE_388_length_3287_cov_7.017263	KEEP	PASS_CORE	KEEP	0	0				0	
ERR2040183_clean_NODE_441_length_3178_cov_20.545455	REVIEW	AMBIGUOUS	no_viral_domain_but_blast	0	0				0	
ERR2040183_clean_NODE_650_length_2880_cov_24.298555	REVIEW	REVIEW	no_viral_domain_but_blast	9	4	2.64e-61	207.5	0.801	399	FAM006294
ERR2040183_clean_NODE_6595_length_1355_cov_17.321646	REVIEW	REVIEW	no_viral_domain_but_blast	5	5	1.96e-85	286.2	0.807	280	FAM009566
ERR2040183_clean_NODE_6616_length_1352_cov_17.864018	REVIEW	REVIEW	no_viral_domain_but_blast	4	4	8.90e-108	360.0	0.817	292	FAM014886
ERR2040183_clean_NODE_858_length_2681_cov_8.579985	REVIEW	PASS_VIRAL	short_fragment	9	0	1.03e-18	64.3	0.070	642	FAM001712
ERR2040183_clean_NODE_944_length_2610_cov_34.037398	DROP	REVIEW	DROP	0	0				0	
ERR2040184_clean_NODE_11683_length_979_cov_1.186966	DROP	REVIEW	DROP	0	0				0	
ERR2040184_clean_NODE_1472_length_2152_cov_41.849218	DROP	AMBIGUOUS	DROP	5	1	1.82e-09	36.3	0.115	516	FAM022056
ERR2040184_clean_NODE_19_length_4468_cov_25.609040	KEEP	PASS_VIRAL	KEEP	17	0	1.14e-51	175.9	0.417	1206	FAM004890
ERR2040184_clean_NODE_340_length_2940_cov_19.896790	DROP	AMBIGUOUS	DROP	0	0				0	
ERR2040184_clean_NODE_3_length_6162_cov_28.310835	REVIEW	AMBIGUOUS	no_viral_domain_but_blast	2	0	1.00e-08	33.9	0.291	1871	FAM012636
ERR2040184_clean_NODE_412_length_2829_cov_9.680546	REVIEW	REVIEW	short_fragment	0	0				0	
ERR2040184_clean_NODE_8_length_5467_cov_32.372603	KEEP	PASS_VIRAL	KEEP	8	0	1.07e-27	96.8	0.345	1353	FAM012657
ERR2040184_clean_NODE_9210_length_1123_cov_9.566667	KEEP	PASS_VIRAL	KEEP	0	0				0	
ERR2040185_clean_NODE_10621_length_837_cov_2.923174	KEEP	PASS_CORE	KEEP	0	0				0	
ERR2040185_clean_NODE_1094_length_2331_cov_38.174825	KEEP	PASS_VIRAL	KEEP	4	1	2.20e-78	263.2	0.920	553	FAM011052
ERR2040185_clean_NODE_11955_length_762_cov_6.399166	REVIEW	REVIEW	short_fragment	2	2	1.64e-74	249.9	0.709	163	FAM013860
ERR2040185_clean_NODE_1207_length_2259_cov_76.337094	REVIEW	AMBIGUOUS	no_viral_domain_but_blast	0	0				0	
ERR2040185_clean_NODE_1596_length_2072_cov_147.205027	DROP	AMBIGUOUS	DROP	1	0	1.12e-06	27.8	0.339	523	FAM030915
ERR2040185_clean_NODE_1647_length_2050_cov_15.194818	DROP	REVIEW	DROP	0	0				0	
ERR2040185_clean_NODE_18113_length_531_cov_4.057377	REVIEW	REVIEW	short_fragment	0	0				0	
ERR2040185_clean_NODE_18214_length_528_cov_10.824742	KEEP	PASS_CORE	KEEP	1	0	9.61e-11	40.7	0.046	31	FAM000128
ERR2040185_clean_NODE_257_length_3300_cov_17.701259	REVIEW	AMBIGUOUS	short_fragment	0	0				0	
ERR2040185_clean_NODE_6_length_6783_cov_63.221513	KEEP	PASS_CORE	KEEP	59	27	0.00e+00	2051.6	0.940	2122	FAM000069
ERR2040185_clean_NODE_805_length_2534_cov_41.210357	KEEP	PASS_VIRAL	KEEP	6	2	3.01e-89	299.0	0.907	617	FAM011052
ERR2040185_clean_NODE_93_length_3938_cov_49.555584	DROP	AMBIGUOUS	DROP	1	0	1.26e-03	17.5	0.315	352	FAM000943
ERR2040185_clean_NODE_999_length_2383_cov_27.819658	REVIEW	AMBIGUOUS	short_fragment	7	0	4.68e-13	45.6	0.071	599	FAM001712
ERR2040186_clean_NODE_107_length_4429_cov_29.968992	KEEP	PASS_VIRAL	KEEP	17	0	1.69e-51	175.3	0.405	1204	FAM004890
ERR2040186_clean_NODE_1702_length_2223_cov_42.742202	DROP	AMBIGUOUS	DROP	7	1	1.03e-08	33.8	0.107	516	FAM022056
ERR2040186_clean_NODE_17172_length_539_cov_2.655242	DROP	REVIEW	DROP	0	0				0	
ERR2040186_clean_NODE_1758_length_2197_cov_7.058032	REVIEW	AMBIGUOUS	no_viral_domain_but_blast	0	0				0	
ERR2040186_clean_NODE_2123_length_2053_cov_191.058209	DROP	AMBIGUOUS	DROP	2	1	4.50e-11	41.6	0.595	448	FAM012636
ERR2040186_clean_NODE_2249_length_2014_cov_18.358701	REVIEW	AMBIGUOUS	short_fragment	7	0	1.23e-13	47.5	0.071	503	FAM001712
ERR2040186_clean_NODE_28_length_5923_cov_29.889286	DROP	AMBIGUOUS	DROP	0	0				0	
ERR2040186_clean_NODE_4369_length_1564_cov_10.871137	KEEP	PASS_CORE_FAM	KEEP	111	22	2.42e-198	658.9	0.869	417	FAM002989
ERR2040186_clean_NODE_4_length_8277_cov_14.551251	DROP	AMBIGUOUS	DROP	11	0	5.42e-08	32.9	0.250	2461	FAM017471
ERR2040186_clean_NODE_5892_length_1353_cov_7.256489	REVIEW	REVIEW	no_viral_domain_but_blast	0	0				0	
ERR2040186_clean_NODE_617_length_2996_cov_4.388080	DROP	AMBIGUOUS	DROP	0	0				0	
ERR2040186_clean_NODE_6609_length_1261_cov_22.130542	DROP	REVIEW	DROP	0	0				0	
ERR2040186_clean_NODE_75_length_4829_cov_68.640201	KEEP	PASS_VIRAL	KEEP	8	0	7.44e-28	97.3	0.342	1403	FAM012657
ERR2040186_clean_NODE_88_length_4606_cov_19.021477	KEEP	PASS_VIRAL	KEEP	7	0	1.78e-30	106.0	0.127	1418	FAM012657
ERR2040187_clean_NODE_16419_length_598_cov_1.949550	DROP	REVIEW	DROP	0	0				0	
ERR2040187_clean_NODE_392_length_2169_cov_46.683913	DROP	AMBIGUOUS	DROP	1	1	1.62e-15	56.9	0.709	505	FAM004746
ERR2040187_clean_NODE_562_length_2037_cov_18.167503	DROP	REVIEW	DROP	0	0				0	
ERR2040187_clean_NODE_6367_length_996_cov_6.453305	REVIEW	REVIEW	short_fragment	6	1	4.66e-12	45.0	0.435	206	FAM007484
ERR2040188_clean_NODE_1311_length_2434_cov_8.599331	REVIEW	AMBIGUOUS	short_fragment	9	0	7.39e-18	61.5	0.029	542	FAM001712
ERR2040188_clean_NODE_160_length_3786_cov_35.487042	REVIEW	REVIEW	short_fragment	4	0	7.69e-20	70.8	0.406	396	FAM003024
ERR2040188_clean_NODE_18494_length_650_cov_1.250412	KEEP	PASS_CORE_FAM	KEEP	0	0				0	
ERR2040188_clean_NODE_1913_length_2177_cov_23.034677	DROP	AMBIGUOUS	DROP	7	1	8.61e-10	37.4	0.115	522	FAM022056
ERR2040188_clean_NODE_1977_length_2158_cov_11.471395	DROP	AMBIGUOUS	DROP	0	0				0	
ERR2040188_clean_NODE_38_length_4698_cov_9.587540	KEEP	PASS_CORE	KEEP	53	7	2.12e-297	989.0	0.840	785	FAM001487
ERR2040189_clean_NODE_339_length_3351_cov_24.237606	DROP	REVIEW	DROP	0	0				0	
ERR2040189_clean_NODE_593_length_2998_cov_8.949915	KEEP	PASS_VIRAL	KEEP	5	0	1.33e-11	43.2	0.066	717	FAM013464
ERR2040189_clean_NODE_607_length_2984_cov_8.434886	KEEP	PASS_VIRAL	KEEP	0	0				0	
ERR2040189_clean_NODE_65_length_4382_cov_29.224015	DROP	AMBIGUOUS	DROP	2	0	9.18e-06	24.8	0.326	281	FAM019345
ERR2040189_clean_NODE_66_length_4377_cov_13.538302	DROP	AMBIGUOUS	DROP	0	0				0	
ERR2040189_clean_NODE_821_length_2766_cov_24.333456	REVIEW	AMBIGUOUS	no_viral_domain_but_blast	0	0				0	
ERR2040190_clean_NODE_116_length_4040_cov_16.553558	KEEP	PASS_VIRAL	KEEP	8	0	1.00e-27	96.9	0.180	1187	FAM012657
ERR2040190_clean_NODE_13_length_6179_cov_42.137044	KEEP	PASS_VIRAL	KEEP	0	0				0	
ERR2040190_clean_NODE_1550_length_2169_cov_16.139175	DROP	AMBIGUOUS	DROP	1	0	4.70e-08	31.1	0.105	406	FAM012805
ERR2040190_clean_NODE_2772_length_1813_cov_7.564117	KEEP	PASS_VIRAL	KEEP	5	1	6.49e-74	248.5	0.872	431	FAM011052
ERR2040190_clean_NODE_418_length_3111_cov_30.663524	KEEP	PASS_VIRAL	KEEP	15	0	4.42e-10	37.0	0.160	765	FAM000262
ERR2040190_clean_NODE_422_length_3108_cov_13.492027	REVIEW	AMBIGUOUS	no_viral_domain_but_blast	0	0				0	
ERR2040190_clean_NODE_57_length_4601_cov_24.897722	REVIEW	AMBIGUOUS	no_viral_domain_but_blast	11	0	1.13e-08	31.6	0.014	175	FAM013988
ERR2040190_clean_NODE_619_length_2803_cov_24.080564	DROP	AMBIGUOUS	DROP	0	0				0	
ERR2040190_clean_NODE_733_length_2687_cov_7.236802	KEEP	PASS_VIRAL	KEEP	27	0	1.37e-57	195.4	0.393	772	FAM004890
ERR2040190_clean_NODE_7463_length_1163_cov_2.736702	REVIEW	REVIEW	no_viral_domain_but_blast	1	0	5.50e-58	196.5	0.086	223	FAM003378
ERR2040190_clean_NODE_796_length_2631_cov_28.052773	DROP	AMBIGUOUS	DROP	0	0				0	
ERR2040191_clean_NODE_1056_length_3114_cov_132.722892	REVIEW	AMBIGUOUS	no_viral_domain_but_blast	0	0				0	
ERR2040191_clean_NODE_1341_length_2900_cov_10.471124	KEEP	PASS_VIRAL	KEEP	108	8	1.57e-26	92.9	0.471	764	FAM032199
ERR2040191_clean_NODE_187_length_4780_cov_3.799662	DROP	REVIEW	DROP	21	5	8.83e-99	331.6	0.315	329	FAM008902
ERR2040191_clean_NODE_219_length_4553_cov_44.899335	KEEP	PASS_CORE	KEEP	0	0				0	
ERR2040191_clean_NODE_24300_length_519_cov_2.052521	KEEP	PASS_CORE	KEEP	0	0				0	
ERR2040191_clean_NODE_2818_length_2246_cov_11.805266	DROP	AMBIGUOUS	DROP	4	0	5.53e-05	22.1	0.173	618	FAM018129
ERR2040191_clean_NODE_2888_length_2226_cov_3.375172	KEEP	PASS_VIRAL	KEEP	21	14	0.00e+00	1358.8	0.555	616	FAM001793
ERR2040191_clean_NODE_307_length_4201_cov_20.631794	DROP	AMBIGUOUS	DROP	4	1	1.56e-09	36.5	0.123	523	FAM022056
ERR2040191_clean_NODE_3345_length_2104_cov_14.022319	KEEP	PASS_VIRAL	KEEP	5	5	4.55e-247	821.7	0.694	588	FAM004987
ERR2040191_clean_NODE_3461_length_2080_cov_68.417280	DROP	AMBIGUOUS	DROP	0	0				0	
ERR2040191_clean_NODE_519_length_3765_cov_10.134874	KEEP	PASS_VIRAL	KEEP	19	0	3.11e-55	187.6	0.393	624	FAM004890
ERR2040191_clean_NODE_540_length_3728_cov_30.363365	KEEP	PASS_VIRAL	KEEP	20	0	7.25e-54	183.1	0.403	778	FAM004890
ERR2040191_clean_NODE_592_length_3648_cov_33.453537	REVIEW	AMBIGUOUS	no_viral_domain_but_blast	1	0	1.80e-05	22.6	0.237	1005	FAM001967
ERR2040191_clean_NODE_868_length_3285_cov_52.881555	KEEP	PASS_VIRAL	KEEP	5	1	6.95e-91	305.2	0.408	795	FAM004987
ERR2040191_clean_NODE_905_length_3239_cov_6.447121	KEEP	PASS_VIRAL	KEEP	4	0	2.53e-12	45.6	0.066	783	FAM013464
ERR2040191_clean_NODE_946_length_3194_cov_40.815614	DROP	AMBIGUOUS	DROP	7	0	6.90e-14	48.3	0.071	841	FAM001712
ERR2040192_clean_NODE_817_length_2166_cov_15.162506	REVIEW	AMBIGUOUS	short_fragment	7	0	9.74e-09	31.2	0.027	426	FAM003565
ERR2040193_clean_NODE_1003_length_2650_cov_36.388569	KEEP	PASS_VIRAL	KEEP	25	3	9.76e-09	34.9	0.487	523	FAM004782
ERR2040193_clean_NODE_19_length_6531_cov_42.349260	DROP	AMBIGUOUS	DROP	2	1	3.56e-15	55.8	0.593	224	FAM012802
ERR2040193_clean_NODE_453_length_3256_cov_39.881419	KEEP	PASS_VIRAL	KEEP	7	0	1.17e-28	100.0	0.353	846	FAM012657
ERR2040193_clean_NODE_589_length_3049_cov_22.365269	REVIEW	AMBIGUOUS	no_viral_domain_but_blast	0	0				0	
ERR2040194_clean_NODE_13713_length_742_cov_1.971388	DROP	AMBIGUOUS	DROP	1	0	5.65e-24	83.8	0.084	104	FAM003304
ERR2040194_clean_NODE_1577_length_2243_cov_112.477727	DROP	AMBIGUOUS	DROP	1	1	9.23e-12	43.9	0.612	448	FAM012636
ERR2040194_clean_NODE_1612_length_2232_cov_5.836912	KEEP	PASS_VIRAL	KEEP	19	1	3.23e-20	71.1	0.109	541	FAM008177
ERR2040194_clean_NODE_2246_length_2011_cov_5.946646	DROP	AMBIGUOUS	DROP	4	0	9.13e-11	39.4	0.053	518	FAM010548
ERR2040194_clean_NODE_343_length_3338_cov_10.757511	DROP	AMBIGUOUS	DROP	2	0	2.27e-50	171.3	0.323	689	FAM007909
ERR2040194_clean_NODE_3450_length_1718_cov_8.778507	REVIEW	REVIEW	no_viral_domain_but_blast	23	1	1.72e-252	840.5	0.443	469	FAM003378
ERR2040194_clean_NODE_6456_length_1273_cov_6.508943	DROP	REVIEW	DROP	2	0	5.03e-19	67.5	0.123	233	FAM003378
ERR2040194_clean_NODE_855_length_2662_cov_7.135166	REVIEW	PASS_VIRAL	short_fragment	9	0	4.88e-16	55.5	0.028	588	FAM001712
ERR2040194_clean_NODE_9036_length_1027_cov_5.422764	REVIEW	REVIEW	short_fragment	1	1	2.23e-16	59.8	0.741	126	FAM001308
ERR2040195_clean_NODE_1587_length_2318_cov_22.515604	DROP	AMBIGUOUS	DROP	6	0	1.23e-05	24.2	0.170	606	FAM018129
ERR2040196_clean_NODE_1965_length_2300_cov_6.916261	REVIEW	PASS_VIRAL	short_fragment	9	0	4.45e-19	65.5	0.028	585	FAM001712
ERR2040196_clean_NODE_5596_length_1506_cov_10.124402	DROP	REVIEW	DROP	7	1	7.01e-215	716.0	0.384	406	FAM003378
ERR2040196_clean_NODE_9417_length_1069_cov_4.313840	DROP	REVIEW	DROP	0	0				0	
ERR2040197_clean_NODE_3699_length_1441_cov_4.690272	KEEP	PASS_VIRAL	KEEP	0	0				0	
ERR2040197_clean_NODE_400_length_2749_cov_8.338137	DROP	AMBIGUOUS	DROP	0	0				0	
ERR2040197_clean_NODE_711_length_2395_cov_10.913690	DROP	REVIEW	DROP	0	0				0	
ERR2040198_clean_NODE_1177_length_2207_cov_15.918669	KEEP	PASS_VIRAL	KEEP	33	12	3.18e-47	160.6	0.210	548	FAM008177
ERR2040198_clean_NODE_1505_length_2051_cov_5.016932	KEEP	PASS_VIRAL	KEEP	3	0	1.05e-24	86.8	0.351	555	FAM004768
ERR2040198_clean_NODE_156_length_3640_cov_44.753406	REVIEW	AMBIGUOUS	no_viral_domain_but_blast	0	0				0	
ERR2040198_clean_NODE_2270_length_1807_cov_70.530612	REVIEW	AMBIGUOUS	no_viral_domain_but_blast	0	0				0	
ERR2040198_clean_NODE_3166_length_1602_cov_9.440667	KEEP	PASS_VIRAL	KEEP	0	0				0	
ERR2040198_clean_NODE_620_length_2614_cov_5.853364	DROP	AMBIGUOUS	DROP	1	0	1.37e-04	20.7	0.205	464	FAM007910
ERR2040198_clean_NODE_755_length_2483_cov_82.392623	REVIEW	AMBIGUOUS	short_fragment	0	0				0	
ERR2040199_clean_NODE_1307_length_2355_cov_64.302768	REVIEW	AMBIGUOUS	short_fragment	1	1	3.52e-06	26.6	0.700	578	FAM022736
ERR2040199_clean_NODE_1404_length_2304_cov_17.497567	DROP	AMBIGUOUS	DROP	0	0				0	
ERR2040199_clean_NODE_1486_length_2270_cov_49.640323	DROP	AMBIGUOUS	DROP	6	0	1.22e-05	24.3	0.170	605	FAM018129
ERR2040199_clean_NODE_224_length_3632_cov_22.699081	DROP	AMBIGUOUS	DROP	0	0				0	
ERR2040199_clean_NODE_2267_length_2014_cov_59.686961	DROP	AMBIGUOUS	DROP	1	1	2.60e-11	42.4	0.612	448	FAM012636
ERR2040199_clean_NODE_24_length_5346_cov_14.022629	KEEP	PASS_VIRAL	KEEP	7	0	7.73e-30	103.9	0.163	1426	FAM012657
ERR2040199_clean_NODE_391_length_3219_cov_10.536524	KEEP	PASS_VIRAL	KEEP	2	0	2.34e-12	45.7	0.065	533	FAM013464
ERR2040199_clean_NODE_548_length_2966_cov_12.009921	REVIEW	AMBIGUOUS	no_viral_domain_but_blast	0	0				0	
ERR2040199_clean_NODE_57_length_4654_cov_25.176101	DROP	AMBIGUOUS	DROP	0	0				0	
ERR2040199_clean_NODE_763_length_2722_cov_12.608436	KEEP	PASS_VIRAL	KEEP	26	2	4.54e-08	32.8	0.395	510	FAM004782
ERR2040199_clean_NODE_86_length_4339_cov_4.955540	DROP	REVIEW	DROP	31	2	2.12e-31	108.0	0.077	118	FAM025821
ERR2040200_clean_NODE_641_length_2508_cov_8.961460	KEEP	PASS_VIRAL	KEEP	33	0	2.03e-67	227.9	0.388	592	FAM004890
ERR2040200_clean_NODE_793_length_2391_cov_11.542589	DROP	AMBIGUOUS	DROP	6	1	4.14e-09	35.1	0.111	509	FAM022056
ERR2040201_clean_NODE_102_length_4216_cov_8.112150	DROP	AMBIGUOUS	DROP	0	0				0	
ERR2040201_clean_NODE_104_length_4200_cov_6.217224	KEEP	PASS_VIRAL	KEEP	18	0	3.77e-55	187.4	0.393	947	FAM004890
ERR2040201_clean_NODE_1691_length_2175_cov_11.087242	DROP	AMBIGUOUS	DROP	14	0	1.38e-27	96.4	0.223	529	FAM007630
ERR2040201_clean_NODE_1875_length_2099_cov_63.895914	DROP	AMBIGUOUS	DROP	1	1	5.67e-10	38.0	0.602	450	FAM012636
ERR2040201_clean_NODE_399_length_3157_cov_14.962428	KEEP	PASS_VIRAL	KEEP	11	0	4.09e-08	30.4	0.129	724	FAM000262
ERR2040201_clean_NODE_486_length_3004_cov_13.705505	REVIEW	AMBIGUOUS	no_viral_domain_but_blast	0	0				0	
ERR2040201_clean_NODE_877_length_2616_cov_5.562379	KEEP	PASS_VIRAL	KEEP	5	0	7.27e-14	50.7	0.066	393	FAM013464
ERR2040201_clean_NODE_920_length_2576_cov_11.501382	REVIEW	AMBIGUOUS	no_viral_domain_but_blast	0	0				0	
ERR2040202_clean_NODE_1044_length_2225_cov_29.844180	DROP	AMBIGUOUS	DROP	0	0				0	
ERR2040202_clean_NODE_11893_length_836_cov_9.426230	REVIEW	REVIEW	no_viral_domain_but_blast	1	0	9.81e-11	41.8	0.112	62	FAM000112
ERR2040202_clean_NODE_13529_length_772_cov_3.525377	REVIEW	REVIEW	short_fragment	0	0				0	
ERR2040202_clean_NODE_13657_length_766_cov_5.737206	REVIEW	REVIEW	short_fragment	0	0				0	
ERR2040202_clean_NODE_1742_length_1938_cov_6.335092	REVIEW	REVIEW	no_viral_domain_but_blast	14	6	1.15e-159	531.6	0.818	383	FAM014731
ERR2040202_clean_NODE_18822_length_610_cov_2.640212	REVIEW	REVIEW	short_fragment	0	0				0	
ERR2040202_clean_NODE_1924_length_1883_cov_27.716304	REVIEW	REVIEW	no_viral_domain_but_blast	8	6	8.99e-163	541.8	0.818	387	FAM014731
ERR2040202_clean_NODE_214_length_3166_cov_36.822286	REVIEW	AMBIGUOUS	no_viral_domain_but_blast	0	0				0	
ERR2040202_clean_NODE_21512_length_552_cov_1.978389	REVIEW	REVIEW	short_fragment	7	0	1.16e-19	69.9	0.108	73	FAM000134
ERR2040202_clean_NODE_286_length_2988_cov_7.845840	DROP	AMBIGUOUS	DROP	2	1	4.61e-77	259.2	0.738	731	FAM012649
ERR2040202_clean_NODE_3045_length_1619_cov_5.638959	REVIEW	REVIEW	no_viral_domain_but_blast	8	6	2.70e-174	579.8	0.834	387	FAM014731
ERR2040202_clean_NODE_3_length_6433_cov_9.442879	KEEP	PASS_CORE	KEEP	39	13	2.81e-224	745.9	0.878	628	FAM000134
ERR2040202_clean_NODE_457_length_2724_cov_30.859008	DROP	AMBIGUOUS	DROP	0	0				0	
ERR2040202_clean_NODE_4742_length_1356_cov_4.604722	REVIEW	PASS_VIRAL	short_fragment	7	4	1.29e-64	218.0	0.598	187	FAM013629
ERR2040202_clean_NODE_489_length_2685_cov_8.918622	DROP	AMBIGUOUS	DROP	1	0	4.58e-08	31.7	0.379	654	FAM007966
ERR2040202_clean_NODE_5876_length_1230_cov_1.929233	REVIEW	REVIEW	short_fragment	4	0	1.65e-18	66.0	0.108	70	FAM000134
ERR2040202_clean_NODE_608_length_2546_cov_30.811027	KEEP	PASS_CORE	KEEP	12	2	4.32e-47	160.6	0.510	237	FAM014960
ERR2040202_clean_NODE_8263_length_1032_cov_2.943377	REVIEW	REVIEW	short_fragment	3	0	2.16e-20	72.7	0.353	103	FAM013629
ERR2040203_clean_NODE_1113_length_2188_cov_17.446620	DROP	AMBIGUOUS	DROP	5	1	8.38e-09	34.1	0.111	509	FAM022056
ERR2040203_clean_NODE_111_length_3610_cov_12.213064	DROP	AMBIGUOUS	DROP	0	0				0	
ERR2040203_clean_NODE_11220_length_880_cov_3.992832	REVIEW	REVIEW	short_fragment	7	0	2.08e-20	72.3	0.108	74	FAM000134
ERR2040203_clean_NODE_156_length_3419_cov_11.292358	REVIEW	REVIEW	no_viral_domain_but_blast	31	3	0.00e+00	1067.4	0.560	593	FAM003378
ERR2040203_clean_NODE_168_length_3389_cov_33.429169	REVIEW	AMBIGUOUS	no_viral_domain_but_blast	0	0				0	
ERR2040203_clean_NODE_17019_length_668_cov_2.064000	REVIEW	REVIEW	short_fragment	0	0				0	
ERR2040203_clean_NODE_19446_length_605_cov_2.238434	REVIEW	REVIEW	short_fragment	0	0				0	
ERR2040203_clean_NODE_19477_length_604_cov_5.761141	REVIEW	REVIEW	short_fragment	2	0	2.43e-06	27.5	0.339	62	FAM015459
ERR2040203_clean_NODE_19479_length_604_cov_4.308378	REVIEW	REVIEW	short_fragment	0	0				0	
ERR2040203_clean_NODE_2310_length_1779_cov_12.369240	REVIEW	REVIEW	no_viral_domain_but_blast	0	0				0	
ERR2040203_clean_NODE_260_length_3094_cov_4.206490	KEEP	PASS_VIRAL	KEEP	30	2	5.68e-131	438.2	0.216	257	FAM003304
ERR2040203_clean_NODE_3698_length_1507_cov_8.562158	KEEP	PASS_CORE	KEEP	11	0	8.73e-34	116.8	0.301	169	FAM014960
ERR2040203_clean_NODE_550_length_2624_cov_10.706315	KEEP	PASS_CORE	KEEP	23	2	4.45e-187	623.0	0.652	490	FAM000134
ERR2040203_clean_NODE_5512_length_1278_cov_10.160324	REVIEW	REVIEW	short_fragment	0	0				0	
ERR2040203_clean_NODE_6081_length_1227_cov_2.909628	REVIEW	PASS_VIRAL	short_fragment	0	0				0	
ERR2040203_clean_NODE_8109_length_1060_cov_10.811209	REVIEW	REVIEW	short_fragment	0	0				0	
ERR2040203_clean_NODE_8115_length_1060_cov_5.752212	REVIEW	REVIEW	short_fragment	4	0	1.02e-18	66.7	0.108	71	FAM000134
ERR2040203_clean_NODE_8664_length_1021_cov_7.503067	REVIEW	REVIEW	short_fragment	1	0	3.91e-03	15.6	0.067	37	FAM000768
ERR2040203_clean_NODE_9405_length_976_cov_1.939979	REVIEW	REVIEW	short_fragment	0	0				0	
ERR2040204_clean_NODE_10297_length_870_cov_3.490931	KEEP	PASS_CORE_FAM	KEEP	14	0	1.76e-41	141.7	0.303	213	FAM003544
ERR2040204_clean_NODE_25_length_3958_cov_15.343806	DROP	AMBIGUOUS	DROP	0	0				0	
ERR2040204_clean_NODE_269_length_2684_cov_4.936009	DROP	AMBIGUOUS	DROP	2	0	6.73e-04	18.7	0.345	608	FAM018119
ERR2040204_clean_NODE_4159_length_1300_cov_3.818616	REVIEW	REVIEW	short_fragment	0	0				0	
ERR2040204_clean_NODE_601_length_2226_cov_9.067797	DROP	AMBIGUOUS	DROP	6	0	7.33e-06	25.0	0.167	519	FAM018129
ERR2040205_clean_NODE_11_length_2582_cov_14.235920	REVIEW	REVIEW	short_fragment	0	0				0	
ERR2040205_clean_NODE_12_length_2544_cov_13.892843	KEEP	PASS_CORE	KEEP	5	4	5.92e-97	323.7	0.777	246	FAM004359
ERR2040205_clean_NODE_15_length_2341_cov_30.921671	KEEP	PASS_VIRAL	KEEP	7	5	4.13e-103	344.5	0.748	243	FAM001296
ERR2040205_clean_NODE_1_length_6559_cov_4.230203	DROP	AMBIGUOUS	DROP	0	0				0	
ERR2040205_clean_NODE_23_length_2041_cov_6.053554	KEEP	PASS_CORE	KEEP	0	0				0	
ERR2040205_clean_NODE_271_length_762_cov_8.172462	DROP	REVIEW	DROP	0	0				0	
ERR2040205_clean_NODE_39_length_1581_cov_31.662549	KEEP	PASS_CORE	KEEP	82	15	8.09e-161	535.2	0.717	342	FAM002989
ERR2040205_clean_NODE_3_length_3390_cov_21.899612	KEEP	PASS_CORE	KEEP	92	17	0.00e+00	1573.1	0.948	1038	FAM000137
ERR2040205_clean_NODE_41_length_1564_cov_4.021039	KEEP	PASS_CORE	KEEP	0	0				0	
ERR2040205_clean_NODE_42_length_1542_cov_59.203469	REVIEW	REVIEW	no_viral_domain_but_blast	3	3	2.60e-144	480.8	0.851	373	FAM006903
ERR2040205_clean_NODE_9_length_2742_cov_11.565024	KEEP	PASS_VIRAL	KEEP	71	12	8.70e-312	1036.0	0.874	731	FAM001294
ERR2040206_clean_NODE_10977_length_559_cov_1.637597	REVIEW	REVIEW	short_fragment	0	0				0	
ERR2040207_clean_NODE_1130_length_2687_cov_83.209531	REVIEW	AMBIGUOUS	no_viral_domain_but_blast	0	0				0	
ERR2040207_clean_NODE_1344_length_2570_cov_6.094579	REVIEW	AMBIGUOUS	short_fragment	9	0	8.40e-16	54.7	0.028	610	FAM001712
ERR2040207_clean_NODE_1415_length_2528_cov_11.296982	DROP	AMBIGUOUS	DROP	1	0	7.74e-14	50.7	0.345	677	FAM007966
ERR2040207_clean_NODE_146_length_4434_cov_9.319517	KEEP	PASS_VIRAL	KEEP	8	0	6.03e-27	94.3	0.382	1260	FAM012657
ERR2040207_clean_NODE_1839_length_2337_cov_4.207934	DROP	AMBIGUOUS	DROP	5	2	2.33e-82	276.6	0.976	595	FAM022905
ERR2040207_clean_NODE_1848_length_2333_cov_32.123581	KEEP	PASS_VIRAL	KEEP	22	3	3.04e-62	210.2	0.896	570	FAM012474
ERR2040207_clean_NODE_1880_length_2321_cov_48.081212	DROP	AMBIGUOUS	DROP	5	1	2.10e-09	36.1	0.109	509	FAM022056
ERR2040207_clean_NODE_1961_length_2296_cov_5.438526	DROP	AMBIGUOUS	DROP	1	0	5.04e-03	15.2	0.051	638	FAM004890
ERR2040207_clean_NODE_2704_length_2064_cov_3.921821	REVIEW	REVIEW	no_viral_domain_but_blast	11	3	1.00e-139	466.3	0.772	378	FAM003547
ERR2040207_clean_NODE_454_length_3449_cov_24.488550	REVIEW	AMBIGUOUS	no_viral_domain_but_blast	0	0				0	
ERR2040207_clean_NODE_593_length_3225_cov_102.227844	REVIEW	AMBIGUOUS	no_viral_domain_but_blast	0	0				0	
ERR2040208_clean_NODE_1362_length_2526_cov_10.781716	KEEP	PASS_VIRAL	KEEP	4	0	3.27e-13	48.5	0.066	720	FAM013464
ERR2040208_clean_NODE_1635_length_2413_cov_9.241350	REVIEW	AMBIGUOUS	short_fragment	6	0	4.51e-15	52.2	0.072	563	FAM001712
ERR2040208_clean_NODE_1718_length_2373_cov_77.035622	DROP	AMBIGUOUS	DROP	0	0				0	
ERR2040208_clean_NODE_3050_length_1950_cov_18.166754	KEEP	PASS_VIRAL	KEEP	4	1	3.57e-84	282.3	0.925	467	FAM011052
ERR2040208_clean_NODE_41_length_5107_cov_89.394550	KEEP	PASS_VIRAL	KEEP	53	16	2.94e-59	200.6	0.404	791	FAM013453
ERR2040208_clean_NODE_5603_length_1514_cov_2.750510	REVIEW	REVIEW	no_viral_domain_but_blast	11	4	2.22e-133	445.3	0.711	353	FAM003547
ERR2040208_clean_NODE_878_length_2846_cov_102.528006	DROP	AMBIGUOUS	DROP	1	0	6.24e-03	15.0	0.092	615	FAM023733
ERR2040209_clean_NODE_179_length_3724_cov_11.102418	DROP	AMBIGUOUS	DROP	1	0	8.02e-08	31.6	0.296	1029	FAM031983
ERR2040209_clean_NODE_334_length_3316_cov_22.529484	DROP	REVIEW	DROP	0	0				0	
ERR2040209_clean_NODE_63_length_4500_cov_13.544985	KEEP	PASS_VIRAL	KEEP	12	1	1.68e-30	105.2	0.295	1242	FAM004770
ERR2040209_clean_NODE_766_length_2740_cov_22.527253	REVIEW	AMBIGUOUS	short_fragment	0	0				0	
ERR2040209_clean_NODE_9617_length_959_cov_1.575328	REVIEW	REVIEW	short_fragment	3	0	7.88e-04	16.7	0.022	32	FAM025821
ERR2040210_clean_NODE_145_length_3503_cov_13.667052	DROP	AMBIGUOUS	DROP	0	0				0	
ERR2040210_clean_NODE_7_length_5920_cov_14.886337	KEEP	PASS_VIRAL	KEEP	67	15	1.40e-272	907.6	0.279	1669	FAM001326
ERR2040211_clean_NODE_2076_length_2008_cov_14.938931	DROP	AMBIGUOUS	DROP	1	0	3.04e-03	15.8	0.089	502	FAM003219
ERR2040211_clean_NODE_33_length_5198_cov_57.003686	KEEP	PASS_VIRAL	KEEP	7	1	2.69e-27	95.5	0.347	1480	FAM012657
ERR2040211_clean_NODE_511_length_2969_cov_5.710526	KEEP	PASS_VIRAL	KEEP	26	0	1.32e-66	225.2	0.388	749	FAM004890
ERR2040211_clean_NODE_562_length_2895_cov_44.677770	DROP	AMBIGUOUS	DROP	0	0				0	
ERR2040211_clean_NODE_647_length_2802_cov_8.133382	DROP	AMBIGUOUS	DROP	0	0				0	
ERR2040212_clean_NODE_1101_length_2463_cov_27.315289	KEEP	PASS_VIRAL	KEEP	5	0	4.57e-08	31.5	0.122	97	FAM019894
ERR2040212_clean_NODE_1215_length_2388_cov_51.340725	DROP	AMBIGUOUS	DROP	4	1	1.93e-08	32.9	0.113	509	FAM022056
ERR2040212_clean_NODE_13862_length_680_cov_1.618524	REVIEW	REVIEW	no_viral_domain_but_blast	0	0				0	
ERR2040212_clean_NODE_1587_length_2203_cov_7.405093	DROP	AMBIGUOUS	DROP	0	0				0	
ERR2040212_clean_NODE_1816_length_2119_cov_69.447495	REVIEW	PASS_VIRAL	short_fragment	2	0	6.98e-03	14.9	0.109	443	FAM005881
ERR2040212_clean_NODE_29_length_5234_cov_40.203622	DROP	AMBIGUOUS	DROP	0	0				0	
ERR2040212_clean_NODE_362_length_3228_cov_53.569231	DROP	AMBIGUOUS	DROP	0	0				0	
ERR2040212_clean_NODE_485_length_3021_cov_5.903962	REVIEW	AMBIGUOUS	no_viral_domain_but_blast	6	2	3.34e-19	68.4	0.719	859	FAM001927
ERR2040212_clean_NODE_54_length_4700_cov_10.292678	REVIEW	REVIEW	no_viral_domain_but_blast	0	0				0	
ERR2040213_clean_NODE_2057_length_2060_cov_5.109073	DROP	AMBIGUOUS	DROP	0	0				0	
ERR2040213_clean_NODE_285_length_3400_cov_30.484063	REVIEW	AMBIGUOUS	no_viral_domain_but_blast	0	0				0	
ERR2040213_clean_NODE_72_length_4491_cov_11.165468	KEEP	PASS_VIRAL	KEEP	4	0	6.58e-06	25.0	0.128	299	FAM019915
ERR2040214_clean_NODE_132_length_3481_cov_5.732984	KEEP	PASS_VIRAL	KEEP	26	0	1.14e-65	222.1	0.388	980	FAM004890
ERR2040214_clean_NODE_1818_length_2028_cov_11.587406	DROP	REVIEW	DROP	0	0				0	
ERR2040214_clean_NODE_1_length_6177_cov_173.984676	DROP	AMBIGUOUS	DROP	0	0				0	
ERR2040214_clean_NODE_2407_length_1876_cov_7.807420	KEEP	PASS_VIRAL	KEEP	0	0				0	
ERR2040214_clean_NODE_385_length_2877_cov_14.675371	DROP	REVIEW	DROP	0	0				0	
ERR2040214_clean_NODE_531_length_2703_cov_19.920301	REVIEW	AMBIGUOUS	no_viral_domain_but_blast	0	0				0	
ERR2040214_clean_NODE_575_length_2648_cov_8.354319	DROP	AMBIGUOUS	DROP	2	0	2.75e-10	37.8	0.053	683	FAM010548
ERR2040215_clean_NODE_1139_length_2013_cov_5.792893	REVIEW	PASS_VIRAL	short_fragment	0	0				0	
ERR2040215_clean_NODE_11502_length_807_cov_1.828534	KEEP	PASS_CORE	KEEP	4	0	3.82e-10	39.0	0.211	89	FAM013629
ERR2040215_clean_NODE_1318_length_1933_cov_3.421164	REVIEW	PASS_VIRAL	short_fragment	0	0				0	
ERR2040215_clean_NODE_1_length_8758_cov_207.955823	KEEP	PASS_CORE	KEEP	203	44	0.00e+00	1585.7	0.457	2335	FAM006908
ERR2040215_clean_NODE_2083_length_1704_cov_5.459964	DROP	REVIEW	DROP	4	0	1.70e-10	39.6	0.058	38	FAM000134
ERR2040215_clean_NODE_583_length_2386_cov_4.866837	REVIEW	REVIEW	short_fragment	0	0				0	
ERR2040216_clean_NODE_102_length_3514_cov_37.364448	REVIEW	AMBIGUOUS	no_viral_domain_but_blast	0	0				0	
ERR2040216_clean_NODE_121_length_3390_cov_15.994622	REVIEW	AMBIGUOUS	no_viral_domain_but_blast	0	0				0	
ERR2040216_clean_NODE_4774_length_1288_cov_3.392771	KEEP	PASS_CORE	KEEP	13	0	3.20e-19	68.0	0.036	65	FAM003304
ERR2040216_clean_NODE_574_length_2403_cov_9.729237	REVIEW	AMBIGUOUS	short_fragment	0	0				0	
ERR2040217_clean_NODE_131_length_3256_cov_11.152817	REVIEW	AMBIGUOUS	no_viral_domain_but_blast	35	6	2.56e-113	379.7	0.269	315	FAM003304
ERR2040217_clean_NODE_1443_length_1792_cov_22.639222	KEEP	PASS_VIRAL	KEEP	5	2	3.48e-13	49.3	0.523	124	FAM004664
ERR2040217_clean_NODE_1647_length_1718_cov_3.266269	DROP	AMBIGUOUS	DROP	1	0	6.17e-17	61.8	0.417	250	FAM012606
ERR2040217_clean_NODE_17163_length_588_cov_3.073394	REVIEW	REVIEW	short_fragment	0	0				0	
ERR2040218_clean_NODE_1011_length_2015_cov_4.536511	KEEP	PASS_VIRAL	KEEP	0	0				0	
ERR2040218_clean_NODE_152_length_3225_cov_17.758328	REVIEW	AMBIGUOUS	no_viral_domain_but_blast	0	0				0	
ERR2040218_clean_NODE_165_length_3185_cov_6.193189	REVIEW	AMBIGUOUS	no_viral_domain_but_blast	0	0				0	
ERR2040218_clean_NODE_187_length_3131_cov_5.821567	KEEP	PASS_VIRAL	KEEP	0	0				0	
ERR2040218_clean_NODE_361_length_2626_cov_4.447154	DROP	AMBIGUOUS	DROP	3	1	5.83e-95	318.4	0.973	694	FAM012407
ERR2040218_clean_NODE_924_length_2068_cov_8.469630	DROP	AMBIGUOUS	DROP	3	1	5.12e-20	71.1	0.721	553	FAM004846
ERR2040219_clean_NODE_1075_length_2302_cov_51.310314	DROP	AMBIGUOUS	DROP	6	1	8.52e-10	37.4	0.115	508	FAM022056
ERR2040219_clean_NODE_13649_length_733_cov_1.660870	REVIEW	REVIEW	short_fragment	0	0				0	
ERR2040219_clean_NODE_199_length_3459_cov_5.554450	DROP	REVIEW	DROP	0	0				0	
ERR2040219_clean_NODE_2260_length_1855_cov_7.863687	DROP	AMBIGUOUS	DROP	0	0				0	
ERR2040219_clean_NODE_449_length_2865_cov_11.356130	DROP	AMBIGUOUS	DROP	0	0				0	
ERR2040219_clean_NODE_529_length_2768_cov_18.466055	KEEP	PASS_VIRAL	KEEP	13	0	4.13e-07	28.5	0.127	722	FAM000262
ERR2040219_clean_NODE_736_length_2551_cov_7.489234	DROP	AMBIGUOUS	DROP	0	0				0	
ERR2040219_clean_NODE_914_length_2414_cov_23.939266	DROP	AMBIGUOUS	DROP	0	0				0	
ERR2040220_clean_NODE_1_length_9556_cov_13.204667	KEEP	PASS_VIRAL	KEEP	43	16	1.97e-196	655.0	0.851	1782	FAM003304
ERR2040220_clean_NODE_299_length_3259_cov_12.051306	REVIEW	AMBIGUOUS	no_viral_domain_but_blast	0	0				0	
ERR2040220_clean_NODE_800_length_2596_cov_5.031727	KEEP	PASS_VIRAL	KEEP	28	0	1.34e-64	218.5	0.388	636	FAM004890
ERR2040221_clean_NODE_1110_length_2225_cov_11.751604	KEEP	PASS_VIRAL	KEEP	9	2	1.24e-68	231.1	0.927	570	FAM011052
ERR2040221_clean_NODE_1234_length_2161_cov_11.730406	DROP	AMBIGUOUS	DROP	5	0	3.06e-24	85.0	0.281	501	FAM012472
ERR2040221_clean_NODE_1536_length_2027_cov_8.048387	DROP	AMBIGUOUS	DROP	0	0				0	
ERR2040221_clean_NODE_3226_length_1598_cov_5.493891	REVIEW	REVIEW	no_viral_domain_but_blast	0	0				0	
ERR2040221_clean_NODE_558_length_2655_cov_37.527182	REVIEW	REVIEW	short_fragment	0	0				0	
ERR2040221_clean_NODE_843_length_2407_cov_12.767343	REVIEW	AMBIGUOUS	no_viral_domain_but_blast	0	0				0	
ERR2040222_clean_NODE_147_length_3426_cov_38.926692	KEEP	PASS_VIRAL	KEEP	53	7	1.27e-46	158.9	0.431	542	FAM007688
ERR2040222_clean_NODE_229_length_3177_cov_23.114550	DROP	AMBIGUOUS	DROP	0	0				0	
ERR2040222_clean_NODE_284_length_3018_cov_6.698151	DROP	AMBIGUOUS	DROP	3	0	4.29e-04	18.7	0.285	895	FAM019247
ERR2040222_clean_NODE_383_length_2827_cov_18.484195	REVIEW	AMBIGUOUS	no_viral_domain_but_blast	0	0				0	
ERR2040222_clean_NODE_6771_length_1118_cov_5.263256	DROP	REVIEW	DROP	0	0				0	
ERR2040222_clean_NODE_764_length_2382_cov_8.419410	DROP	AMBIGUOUS	DROP	1	0	3.54e-08	32.2	0.391	607	FAM018561
ERR2040222_clean_NODE_805_length_2351_cov_4.596187	DROP	AMBIGUOUS	DROP	0	0				0	
ERR2040223_clean_NODE_143_length_1094_cov_13.073264	REVIEW	REVIEW	no_viral_domain_but_blast	8	3	1.45e-120	403.0	0.534	262	FAM003548
ERR2040223_clean_NODE_1_length_4273_cov_66.576832	KEEP	PASS_CORE_FAM	KEEP	89	24	4.72e-312	1038.3	0.456	827	FAM000080
ERR2040223_clean_NODE_6_length_2104_cov_10.207666	KEEP	PASS_VIRAL	KEEP	0	0				0	
ERR2040223_clean_NODE_772_length_662_cov_4.145396	REVIEW	REVIEW	short_fragment	0	0				0	
ERR2040223_clean_NODE_88_length_1288_cov_6.750201	REVIEW	REVIEW	short_fragment	1	1	3.32e-43	147.4	0.702	243	FAM013193
ERR2040225_clean_NODE_1031_length_1893_cov_41.407027	REVIEW	AMBIGUOUS	no_viral_domain_but_blast	2	1	1.06e-10	40.4	0.586	349	FAM012636
ERR2040225_clean_NODE_69_length_3045_cov_21.161559	REVIEW	AMBIGUOUS	no_viral_domain_but_blast	0	0				0	
ERR2040225_clean_NODE_96_length_2862_cov_16.437389	KEEP	PASS_VIRAL	KEEP	18	0	1.06e-51	176.0	0.417	736	FAM004890
ERR2040225_clean_NODE_978_length_1914_cov_29.639765	REVIEW	AMBIGUOUS	no_viral_domain_but_blast	8	4	6.26e-120	399.2	0.990	467	FAM012636
ERR2040226_clean_NODE_13_length_2462_cov_34.819347	KEEP	PASS_CORE	KEEP	72	33	0.00e+00	1912.3	0.944	1485	FAM000088
ERR2040226_clean_NODE_45_length_2023_cov_13.477778	REVIEW	AMBIGUOUS	no_viral_domain_but_blast	1	0	5.90e-30	103.7	0.216	488	FAM012595
ERR2040226_clean_NODE_84_length_1788_cov_9.691117	DROP	AMBIGUOUS	DROP	1	0	2.31e-10	39.5	0.249	437	FAM010929
ERR2040227_clean_NODE_103_length_4044_cov_23.972757	REVIEW	PASS_VIRAL	short_fragment	0	0				0	
ERR2040227_clean_NODE_1624_length_2230_cov_11.548697	REVIEW	AMBIGUOUS	short_fragment	6	0	6.06e-14	48.5	0.071	557	FAM001712
ERR2040227_clean_NODE_1638_length_2225_cov_18.414299	REVIEW	AMBIGUOUS	no_viral_domain_but_blast	0	0				0	
ERR2040227_clean_NODE_1773_length_2178_cov_23.546136	DROP	REVIEW	DROP	0	0				0	
ERR2040227_clean_NODE_1935_length_2130_cov_18.870628	DROP	AMBIGUOUS	DROP	12	0	1.78e-25	89.4	0.153	434	FAM007630
ERR2040227_clean_NODE_2063_length_2090_cov_5.818271	REVIEW	AMBIGUOUS	short_fragment	1	0	8.98e-07	27.3	0.269	497	FAM012837
ERR2040227_clean_NODE_235_length_3489_cov_7.386535	KEEP	PASS_VIRAL	KEEP	27	0	1.27e-68	231.8	0.386	746	FAM004890
ERR2040227_clean_NODE_2616_length_1926_cov_8.928306	DROP	AMBIGUOUS	DROP	5	2	2.71e-84	283.0	0.976	482	FAM022905
ERR2040227_clean_NODE_3650_length_1707_cov_15.929688	REVIEW	REVIEW	no_viral_domain_but_blast	3	3	3.23e-129	431.4	0.897	360	FAM002990
ERR2040227_clean_NODE_407_length_3111_cov_8.948827	KEEP	PASS_VIRAL	KEEP	0	0				0	
ERR2040227_clean_NODE_540_length_2949_cov_5.718169	KEEP	PASS_VIRAL	KEEP	3	0	1.81e-12	46.0	0.065	713	FAM013464
ERR2040227_clean_NODE_606_length_2890_cov_13.021777	KEEP	PASS_VIRAL	KEEP	0	0				0	
ERR2040227_clean_NODE_619_length_2878_cov_17.156966	KEEP	PASS_VIRAL	KEEP	11	0	8.98e-09	34.4	0.294	775	FAM012430
ERR2040227_clean_NODE_74_length_4338_cov_21.855180	REVIEW	REVIEW	short_fragment	5	0	1.53e-32	111.8	0.107	195	FAM003310
ERR2040227_clean_NODE_877_length_2622_cov_26.998837	DROP	REVIEW	DROP	0	0				0	
ERR2040228_clean_NODE_1502_length_2540_cov_14.683620	DROP	AMBIGUOUS	DROP	1	0	2.33e-06	26.0	0.177	760	FAM007966
ERR2040228_clean_NODE_1955_length_2204_cov_4.940768	KEEP	PASS_VIRAL	KEEP	24	0	8.89e-64	215.6	0.389	622	FAM012716
ERR2040228_clean_NODE_313_length_4679_cov_46.228861	KEEP	PASS_VIRAL	KEEP	49	15	4.08e-84	282.1	0.487	687	FAM011052
ERR2040228_clean_NODE_32_length_7943_cov_15.670000	KEEP	PASS_VIRAL	KEEP	21	0	9.32e-34	116.1	0.226	1565	FAM012574
ERR2040228_clean_NODE_52_length_7312_cov_22.252304	KEEP	PASS_VIRAL	KEEP	9	0	2.42e-21	73.1	0.022	705	FAM003565
ERR2040228_clean_NODE_541_length_3955_cov_11.876534	DROP	AMBIGUOUS	DROP	3	0	6.87e-04	18.2	0.226	265	FAM019320
ERR2040228_clean_NODE_63_length_7109_cov_13.161336	KEEP	PASS_VIRAL	KEEP	0	0				0	
ERR2040229_clean_NODE_17_length_3672_cov_15.554974	DROP	REVIEW	DROP	0	0				0	
ERR2040229_clean_NODE_3_length_4549_cov_41.403906	KEEP	PASS_VIRAL	KEEP	8	0	2.55e-29	102.2	0.367	1344	FAM012657
ERR2040229_clean_NODE_492_length_2083_cov_6.962745	KEEP	PASS_VIRAL	KEEP	0	0				0	
ERR2040229_clean_NODE_507_length_2070_cov_20.694623	REVIEW	AMBIGUOUS	no_viral_domain_but_blast	0	0				0	
ERR2040230_clean_NODE_1026_length_2526_cov_17.724124	REVIEW	PASS_VIRAL	short_fragment	8	0	4.21e-16	55.7	0.028	526	FAM001712
ERR2040230_clean_NODE_1210_length_2424_cov_5.799244	KEEP	PASS_VIRAL	KEEP	4	0	3.44e-12	45.1	0.066	513	FAM013464
ERR2040230_clean_NODE_12444_length_870_cov_15.035067	REVIEW	REVIEW	short_fragment	0	0				0	
ERR2040230_clean_NODE_1333_length_2369_cov_13.785899	DROP	AMBIGUOUS	DROP	6	1	1.95e-08	32.9	0.105	474	FAM022056
ERR2040230_clean_NODE_1493_length_2302_cov_15.057548	DROP	AMBIGUOUS	DROP	3	1	1.74e-32	112.3	0.570	417	FAM020762
ERR2040230_clean_NODE_1496_length_2301_cov_11.095217	DROP	AMBIGUOUS	DROP	2	0	8.55e-19	66.7	0.116	601	FAM012634
ERR2040230_clean_NODE_1499_length_2301_cov_8.155447	REVIEW	AMBIGUOUS	short_fragment	7	0	9.32e-16	54.5	0.071	534	FAM001712
ERR2040230_clean_NODE_19073_length_577_cov_29.228464	REVIEW	PASS_VIRAL	short_fragment	0	0				0	
ERR2040230_clean_NODE_2347_length_2034_cov_11.149674	REVIEW	AMBIGUOUS	no_viral_domain_but_blast	0	0				0	
ERR2040230_clean_NODE_2419_length_2015_cov_108.708925	DROP	AMBIGUOUS	DROP	0	0				0	
ERR2040230_clean_NODE_32_length_4544_cov_21.229282	KEEP	PASS_VIRAL	KEEP	19	0	1.82e-51	175.2	0.415	1136	FAM004890
ERR2040230_clean_NODE_4376_length_1645_cov_5.983146	KEEP	PASS_CORE_FAM	KEEP	93	18	3.45e-175	582.6	0.858	415	FAM002989
ERR2040230_clean_NODE_4489_length_1627_cov_9.493687	KEEP	PASS_CORE	KEEP	69	17	6.75e-191	634.4	0.877	421	FAM002989
ERR2040230_clean_NODE_4912_length_1565_cov_19.033509	REVIEW	REVIEW	no_viral_domain_but_blast	3	3	6.42e-145	482.8	0.856	371	FAM006903
ERR2040230_clean_NODE_5617_length_1471_cov_14.224790	REVIEW	REVIEW	no_viral_domain_but_blast	4	4	2.69e-85	285.8	0.648	228	FAM009566
ERR2040230_clean_NODE_586_length_2856_cov_13.873445	DROP	AMBIGUOUS	DROP	0	0				0	
ERR2040230_clean_NODE_7753_length_1238_cov_105.215900	REVIEW	REVIEW	short_fragment	4	3	1.53e-102	343.2	0.551	284	FAM014731
ERR2040231_clean_NODE_1098_length_2414_cov_10.401940	KEEP	PASS_VIRAL	KEEP	3	0	4.93e-29	100.7	0.480	471	FAM011052
ERR2040231_clean_NODE_12_length_5192_cov_26.500874	KEEP	PASS_VIRAL	KEEP	7	1	5.65e-26	91.1	0.344	1476	FAM012657
ERR2040231_clean_NODE_156_length_3628_cov_28.424826	DROP	AMBIGUOUS	DROP	12	3	8.15e-59	199.1	0.847	560	FAM022873
ERR2040231_clean_NODE_182_length_3542_cov_16.672192	DROP	AMBIGUOUS	DROP	0	0				0	
ERR2040231_clean_NODE_221_length_3438_cov_16.929013	REVIEW	AMBIGUOUS	no_viral_domain_but_blast	0	0				0	
ERR2040231_clean_NODE_470_length_2959_cov_61.999314	REVIEW	AMBIGUOUS	no_viral_domain_but_blast	0	0				0	
ERR2040231_clean_NODE_611_length_2797_cov_23.043573	DROP	AMBIGUOUS	DROP	0	0				0	
ERR2040231_clean_NODE_734_length_2667_cov_11.945122	DROP	REVIEW	DROP	0	0				0	
ERR2040231_clean_NODE_9578_length_1002_cov_5.232534	REVIEW	REVIEW	no_viral_domain_but_blast	0	0				0	
ERR2040232_clean_NODE_10983_length_1140_cov_4.546035	REVIEW	REVIEW	short_fragment	0	0				0	
ERR2040232_clean_NODE_11109_length_1133_cov_3.675229	KEEP	PASS_CORE	KEEP	21	1	6.67e-140	467.7	0.124	297	FAM023340
ERR2040232_clean_NODE_1316_length_2573_cov_86.599605	REVIEW	AMBIGUOUS	short_fragment	1	0	7.97e-06	24.9	0.402	567	FAM019854
ERR2040232_clean_NODE_13251_length_1025_cov_2.539715	DROP	REVIEW	DROP	22	0	6.78e-90	301.9	0.389	257	FAM000134
ERR2040232_clean_NODE_1477_length_2493_cov_17.547347	REVIEW	AMBIGUOUS	short_fragment	7	0	3.21e-17	59.4	0.071	537	FAM001712
ERR2040232_clean_NODE_1582_length_2445_cov_11.999167	REVIEW	AMBIGUOUS	short_fragment	3	0	5.11e-10	38.2	0.308	662	FAM007850
ERR2040232_clean_NODE_1826_length_2357_cov_43.032411	REVIEW	AMBIGUOUS	no_viral_domain_but_blast	0	0				0	
ERR2040232_clean_NODE_185_length_4156_cov_7.035740	KEEP	PASS_VIRAL	KEEP	53	13	0.00e+00	1455.3	0.353	1054	FAM023340
ERR2040232_clean_NODE_1864_length_2339_cov_3.135453	KEEP	PASS_VIRAL	KEEP	11	0	3.02e-16	58.5	0.199	328	FAM012716
ERR2040232_clean_NODE_2065_length_2268_cov_12.060225	DROP	AMBIGUOUS	DROP	10	0	7.07e-68	229.0	0.150	625	FAM007819
ERR2040232_clean_NODE_2165_length_2237_cov_94.373747	DROP	AMBIGUOUS	DROP	1	0	3.33e-37	127.9	0.258	495	FAM012837
ERR2040232_clean_NODE_22918_length_716_cov_1.430906	REVIEW	REVIEW	short_fragment	15	0	5.26e-28	96.8	0.033	54	FAM023340
ERR2040232_clean_NODE_34103_length_528_cov_1.806186	DROP	REVIEW	DROP	21	2	2.30e-41	141.1	0.061	102	FAM023340
ERR2040232_clean_NODE_52_length_5798_cov_20.403823	KEEP	PASS_VIRAL	KEEP	7	0	2.57e-26	92.2	0.345	1487	FAM012657
ERR2040232_clean_NODE_5783_length_1560_cov_27.123270	KEEP	PASS_VIRAL	KEEP	0	0				0	
ERR2040232_clean_NODE_5946_length_1543_cov_2.265333	KEEP	PASS_CORE_FAM	KEEP	21	1	1.44e-66	224.8	0.372	255	FAM000134
ERR2040232_clean_NODE_6250_length_1508_cov_33.918771	REVIEW	REVIEW	short_fragment	6	2	6.24e-25	87.7	0.976	362	FAM010181
ERR2040232_clean_NODE_6397_length_1495_cov_7.016529	REVIEW	PASS_VIRAL	short_fragment	0	0				0	
ERR2040232_clean_NODE_79_length_5309_cov_36.040638	DROP	AMBIGUOUS	DROP	0	0				0	
ERR2040233_clean_NODE_1471_length_1112_cov_19.850327	REVIEW	REVIEW	no_viral_domain_but_blast	0	0				0	
ERR2040233_clean_NODE_30_length_2610_cov_10.001948	DROP	REVIEW	DROP	0	0				0	
ERR2040233_clean_NODE_4380_length_740_cov_22.259684	DROP	REVIEW	DROP	4	0	5.36e-31	107.6	0.213	136	FAM001725
ERR2040233_clean_NODE_4_length_3140_cov_9.958993	DROP	REVIEW	DROP	0	0				0	
ERR2040234_clean_NODE_181_length_2007_cov_229.285132	REVIEW	REVIEW	no_viral_domain_but_blast	28	10	4.78e-205	682.2	0.906	556	FAM001725
ERR2040234_clean_NODE_25_length_3419_cov_15.140995	REVIEW	REVIEW	no_viral_domain_but_blast	22	3	0.00e+00	1093.1	0.589	622	FAM003378
ERR2040234_clean_NODE_295_length_1754_cov_194.736996	REVIEW	REVIEW	no_viral_domain_but_blast	12	6	3.18e-225	748.1	0.871	429	FAM003548
ERR2040234_clean_NODE_305_length_1736_cov_326.398701	REVIEW	REVIEW	no_viral_domain_but_blast	13	6	7.92e-223	740.2	0.871	429	FAM003548
ERR2040234_clean_NODE_328_length_1706_cov_20.692724	REVIEW	REVIEW	no_viral_domain_but_blast	12	4	5.70e-157	523.0	0.836	417	FAM003548
ERR2040234_clean_NODE_34_length_3221_cov_16.509125	KEEP	PASS_VIRAL	KEEP	8	0	2.60e-29	102.1	0.347	904	FAM012657
ERR2040234_clean_NODE_378_length_1621_cov_5.698986	REVIEW	REVIEW	no_viral_domain_but_blast	12	5	1.71e-156	521.5	0.871	429	FAM003548
ERR2040234_clean_NODE_4501_length_590_cov_2.709324	REVIEW	REVIEW	no_viral_domain_but_blast	0	0				0	
ERR2040234_clean_NODE_529_length_1423_cov_4.933333	REVIEW	REVIEW	no_viral_domain_but_blast	9	2	1.44e-129	432.8	0.647	316	FAM001737
ERR2040235_clean_NODE_1182_length_2596_cov_14.372111	REVIEW	REVIEW	short_fragment	32	0	5.05e-09	35.5	0.364	606	FAM001334
ERR2040235_clean_NODE_1271_length_2539_cov_20.844151	DROP	AMBIGUOUS	DROP	7	1	6.97e-09	34.4	0.111	497	FAM022056
ERR2040235_clean_NODE_2334_length_2113_cov_7.031884	REVIEW	PASS_VIRAL	short_fragment	0	0				0	
ERR2040235_clean_NODE_2610_length_2031_cov_10.244467	REVIEW	AMBIGUOUS	short_fragment	7	0	4.09e-12	42.4	0.071	545	FAM001712
ERR2040235_clean_NODE_386_length_3487_cov_40.835656	REVIEW	AMBIGUOUS	no_viral_domain_but_blast	0	0				0	
ERR2040235_clean_NODE_429_length_3418_cov_71.914370	REVIEW	AMBIGUOUS	no_viral_domain_but_blast	0	0				0	
ERR2040235_clean_NODE_431_length_3414_cov_197.828834	DROP	AMBIGUOUS	DROP	0	0				0	
ERR2040235_clean_NODE_548_length_3205_cov_19.020873	KEEP	PASS_VIRAL	KEEP	3	0	2.93e-51	174.2	0.256	695	FAM004987
ERR2040235_clean_NODE_6586_length_1309_cov_19.109005	DROP	REVIEW	DROP	0	0				0	
ERR2040236_clean_NODE_118_length_3004_cov_8.111787	DROP	REVIEW	DROP	0	0				0	
ERR2040236_clean_NODE_7938_length_874_cov_1.570397	DROP	AMBIGUOUS	DROP	2	0	1.06e-11	43.1	0.060	82	FAM003304
ERR2040237_clean_NODE_184_length_2723_cov_61.591045	REVIEW	AMBIGUOUS	no_viral_domain_but_blast	0	0				0	
ERR2040237_clean_NODE_281_length_2512_cov_20.969218	DROP	AMBIGUOUS	DROP	1	0	3.71e-16	58.4	0.329	672	FAM007966
ERR2040237_clean_NODE_438_length_2303_cov_9.610619	KEEP	PASS_VIRAL	KEEP	18	0	1.10e-52	179.2	0.417	585	FAM004890
ERR2040237_clean_NODE_90_length_3110_cov_41.281382	REVIEW	AMBIGUOUS	no_viral_domain_but_blast	0	0				0	
ERR2040238_clean_NODE_1123_length_2608_cov_3.410916	KEEP	PASS_VIRAL	KEEP	17	1	1.37e-18	66.5	0.239	686	FAM007918
ERR2040238_clean_NODE_1218_length_2541_cov_23.997598	KEEP	PASS_VIRAL	KEEP	7	1	5.05e-05	22.7	0.060	677	FAM012574
ERR2040238_clean_NODE_133_length_4276_cov_24.540987	KEEP	PASS_VIRAL	KEEP	18	0	6.83e-52	176.6	0.417	1176	FAM004890
ERR2040238_clean_NODE_146_length_4231_cov_6.010984	KEEP	PASS_VIRAL	KEEP	0	0				0	
ERR2040238_clean_NODE_1562_length_2355_cov_37.094723	DROP	AMBIGUOUS	DROP	7	0	3.95e-08	31.9	0.107	509	FAM022056
ERR2040238_clean_NODE_1848_length_2250_cov_2.596285	KEEP	PASS_CORE	KEEP	22	3	2.43e-134	449.3	0.160	295	FAM023340
ERR2040238_clean_NODE_1853_length_2248_cov_30.253061	DROP	REVIEW	DROP	0	0				0	
ERR2040238_clean_NODE_2366_length_2082_cov_94.105934	DROP	AMBIGUOUS	DROP	1	1	8.92e-10	37.4	0.602	446	FAM012636
ERR2040238_clean_NODE_264_length_3757_cov_35.994884	REVIEW	AMBIGUOUS	no_viral_domain_but_blast	0	0				0	
ERR2040239_clean_NODE_26_length_4617_cov_19.131395	KEEP	PASS_VIRAL	KEEP	0	0				0	
ERR2040239_clean_NODE_319_length_2750_cov_3.884004	KEEP	PASS_VIRAL	KEEP	5	0	3.31e-12	45.2	0.066	660	FAM013464
ERR2040239_clean_NODE_568_length_2378_cov_16.198287	REVIEW	AMBIGUOUS	no_viral_domain_but_blast	0	0				0	
ERR2040240_clean_NODE_417_length_2627_cov_125.340170	REVIEW	AMBIGUOUS	no_viral_domain_but_blast	0	0				0	
ERR2040240_clean_NODE_483_length_2508_cov_9.518864	KEEP	PASS_VIRAL	KEEP	32	0	1.90e-67	228.0	0.386	632	FAM004890
ERR2040240_clean_NODE_86_length_3700_cov_11.776593	DROP	AMBIGUOUS	DROP	0	0				0	
ERR2040241_clean_NODE_1162_length_2760_cov_96.984220	KEEP	PASS_VIRAL	KEEP	45	18	7.22e-49	166.0	0.153	738	FAM008177
ERR2040241_clean_NODE_1291_length_2678_cov_5.867953	REVIEW	PASS_VIRAL	short_fragment	8	0	7.95e-17	58.1	0.028	652	FAM001712
ERR2040241_clean_NODE_1587_length_2526_cov_29.914091	REVIEW	PASS_VIRAL	short_fragment	37	12	7.52e-37	126.2	0.161	474	FAM008177
ERR2040241_clean_NODE_2505_length_2172_cov_24.173140	DROP	AMBIGUOUS	DROP	1	0	7.08e-03	14.6	0.078	445	FAM022056
ERR2040241_clean_NODE_2574_length_2158_cov_14.122939	DROP	AMBIGUOUS	DROP	1	0	3.85e-03	16.6	0.111	600	FAM003342
ERR2040241_clean_NODE_371_length_3681_cov_13.023587	KEEP	PASS_VIRAL	KEEP	10	1	1.75e-165	552.1	0.629	972	FAM013464
ERR2040241_clean_NODE_483_length_3467_cov_33.120629	DROP	REVIEW	DROP	0	0				0	
ERR2040241_clean_NODE_639_length_3247_cov_5.496575	DROP	AMBIGUOUS	DROP	0	0				0	
ERR2040241_clean_NODE_70_length_5317_cov_12.916888	DROP	REVIEW	DROP	0	0				0	
ERR2040241_clean_NODE_756_length_3114_cov_37.977265	DROP	REVIEW	DROP	0	0				0	
ERR2040241_clean_NODE_774_length_3098_cov_21.941561	REVIEW	AMBIGUOUS	no_viral_domain_but_blast	0	0				0	
ERR2040241_clean_NODE_839_length_3032_cov_87.157157	KEEP	PASS_VIRAL	KEEP	0	0				0	
ERR2040241_clean_NODE_869_length_2999_cov_14.966262	DROP	AMBIGUOUS	DROP	1	0	1.29e-06	26.9	0.177	673	FAM007966
ERR2040241_clean_NODE_996_length_2877_cov_27.027797	KEEP	PASS_VIRAL	KEEP	14	0	1.34e-07	30.4	0.210	755	FAM012165
ERR2040242_clean_NODE_1356_length_2465_cov_6.756379	DROP	AMBIGUOUS	DROP	5	0	4.08e-14	51.5	0.188	194	FAM007783
ERR2040242_clean_NODE_144_length_4242_cov_22.814119	KEEP	PASS_VIRAL	KEEP	0	0				0	
ERR2040242_clean_NODE_15318_length_783_cov_1.858289	REVIEW	REVIEW	short_fragment	2	0	1.33e-04	20.7	0.171	83	FAM007414
ERR2040242_clean_NODE_18839_length_658_cov_2.608347	KEEP	PASS_CORE_FAM	KEEP	0	0				0	
ERR2040242_clean_NODE_234_length_3834_cov_13.310608	DROP	REVIEW	DROP	11	3	9.19e-27	93.6	0.493	300	FAM003024
ERR2040242_clean_NODE_263_length_3722_cov_5.886086	KEEP	PASS_VIRAL	KEEP	0	0				0	
ERR2040242_clean_NODE_353_length_3478_cov_37.216962	REVIEW	AMBIGUOUS	no_viral_domain_but_blast	0	0				0	
ERR2040242_clean_NODE_3889_length_1754_cov_18.371146	REVIEW	PASS_VIRAL	short_fragment	4	0	6.17e-11	41.0	0.066	475	FAM013464
ERR2040242_clean_NODE_5075_length_1571_cov_45.682943	DROP	REVIEW	DROP	5	0	1.72e-24	86.1	0.402	248	FAM003024
ERR2040242_clean_NODE_615_length_3044_cov_79.260884	DROP	AMBIGUOUS	DROP	0	0				0	
ERR2040242_clean_NODE_708_length_2931_cov_27.632251	KEEP	PASS_VIRAL	KEEP	7	0	1.28e-24	85.6	0.104	605	FAM025821
ERR2040242_clean_NODE_76_length_4771_cov_11.034628	DROP	AMBIGUOUS	DROP	0	0				0	
ERR2040242_clean_NODE_9955_length_1089_cov_9.123340	KEEP	PASS_CORE	KEEP	8	4	2.56e-72	243.3	0.622	221	FAM013629
ERR2040243_clean_NODE_14569_length_782_cov_3.783491	KEEP	PASS_CORE_FAM	KEEP	0	0				0	
ERR2040243_clean_NODE_17147_length_676_cov_6.369668	DROP	REVIEW	DROP	0	0				0	
ERR2040243_clean_NODE_1727_length_2120_cov_13.934039	DROP	AMBIGUOUS	DROP	3	2	1.10e-47	162.2	0.754	469	FAM020762
ERR2040243_clean_NODE_217_length_3280_cov_33.181959	REVIEW	AMBIGUOUS	no_viral_domain_but_blast	0	0				0	
ERR2040243_clean_NODE_340_length_3029_cov_7.659411	REVIEW	AMBIGUOUS	no_viral_domain_but_blast	0	0				0	
ERR2040243_clean_NODE_4663_length_1542_cov_14.146097	KEEP	PASS_CORE	KEEP	108	19	4.16e-198	658.2	0.871	419	FAM002989
ERR2040243_clean_NODE_4929_length_1508_cov_60.244369	REVIEW	REVIEW	no_viral_domain_but_blast	3	3	2.38e-130	435.1	0.868	353	FAM002990
ERR2040243_clean_NODE_580_length_2724_cov_6.842596	DROP	REVIEW	DROP	0	0				0	
ERR2040244_clean_NODE_12108_length_991_cov_11.362869	KEEP	PASS_CORE	KEEP	0	0				0	
ERR2040244_clean_NODE_1808_length_2265_cov_10.729073	REVIEW	AMBIGUOUS	short_fragment	7	0	7.08e-14	48.3	0.071	494	FAM001712
ERR2040244_clean_NODE_18241_length_710_cov_4.425787	KEEP	PASS_CORE	KEEP	0	0				0	
ERR2040244_clean_NODE_21042_length_617_cov_1.608014	DROP	REVIEW	DROP	0	0				0	
ERR2040244_clean_NODE_2106_length_2165_cov_8.549010	REVIEW	PASS_VIRAL	short_fragment	4	0	3.97e-12	44.9	0.066	512	FAM013464
ERR2040244_clean_NODE_3447_length_1854_cov_3.837107	KEEP	PASS_VIRAL	KEEP	0	0				0	
ERR2040244_clean_NODE_49_length_5134_cov_8.991554	DROP	REVIEW	DROP	4	0	7.28e-13	47.9	0.229	1572	FAM001639
ERR2040244_clean_NODE_5356_length_1564_cov_13.475345	KEEP	PASS_CORE	KEEP	83	14	9.32e-199	660.3	0.871	417	FAM002989
ERR2040244_clean_NODE_619_length_2990_cov_22.065490	KEEP	PASS_VIRAL	KEEP	14	0	1.82e-08	33.3	0.273	716	FAM012165
ERR2040244_clean_NODE_6251_length_1454_cov_18.739192	REVIEW	REVIEW	no_viral_domain_but_blast	3	3	8.13e-128	426.8	0.844	351	FAM002990
ERR2040244_clean_NODE_6377_length_1440_cov_93.370795	REVIEW	REVIEW	no_viral_domain_but_blast	3	3	3.43e-128	428.0	0.868	353	FAM002990
ERR2040245_clean_NODE_1006_length_2680_cov_4.060296	REVIEW	AMBIGUOUS	short_fragment	13	2	1.07e-71	241.6	0.186	509	FAM003310
ERR2040245_clean_NODE_212_length_3819_cov_43.022246	KEEP	PASS_VIRAL	KEEP	5	1	1.80e-85	287.3	0.439	827	FAM004987
ERR2040245_clean_NODE_352_length_3461_cov_8.077823	REVIEW	AMBIGUOUS	no_viral_domain_but_blast	0	0				0	
ERR2040245_clean_NODE_383_length_3389_cov_31.393604	DROP	AMBIGUOUS	DROP	0	0				0	
ERR2040245_clean_NODE_572_length_3084_cov_10.644196	DROP	AMBIGUOUS	DROP	5	0	3.52e-10	38.8	0.179	761	FAM003683
ERR2040246_clean_NODE_2488_length_2092_cov_6.200098	REVIEW	AMBIGUOUS	short_fragment	7	0	5.47e-19	65.2	0.072	535	FAM001712
ERR2040246_clean_NODE_571_length_3045_cov_7.423384	KEEP	PASS_VIRAL	KEEP	4	2	4.32e-67	226.1	0.920	809	FAM011052
ERR2040246_clean_NODE_63_length_4801_cov_33.290879	KEEP	PASS_VIRAL	KEEP	7	0	8.15e-28	97.2	0.386	1444	FAM012657
ERR2040246_clean_NODE_706_length_2894_cov_9.047352	DROP	AMBIGUOUS	DROP	0	0				0	
ERR2040247_clean_NODE_6661_length_1303_cov_27.128571	DROP	AMBIGUOUS	DROP	1	1	4.15e-13	48.5	0.649	269	FAM008023
ERR2040247_clean_NODE_855_length_2613_cov_13.571206	DROP	AMBIGUOUS	DROP	5	2	6.66e-83	278.4	0.978	627	FAM022905
ERR2040248_clean_NODE_1251_length_2410_cov_39.525137	REVIEW	AMBIGUOUS	short_fragment	0	0				0	
ERR2040248_clean_NODE_299_length_3317_cov_38.814294	REVIEW	AMBIGUOUS	no_viral_domain_but_blast	0	0				0	
ERR2040248_clean_NODE_406_length_3133_cov_6.133010	KEEP	PASS_CORE	KEEP	22	3	6.57e-128	427.6	0.151	349	FAM000252
ERR2040248_clean_NODE_618_length_2848_cov_16.614617	KEEP	PASS_VIRAL	KEEP	13	0	1.61e-08	33.4	0.273	713	FAM012165
ERR2040248_clean_NODE_706_length_2756_cov_13.224106	REVIEW	REVIEW	short_fragment	11	1	4.19e-16	57.7	0.052	61	FAM003304
ERR2040248_clean_NODE_7380_length_1291_cov_2.794872	REVIEW	REVIEW	no_viral_domain_but_blast	0	0				0	
ERR2040248_clean_NODE_97_length_4167_cov_11.063046	KEEP	PASS_VIRAL	KEEP	18	0	8.13e-51	173.0	0.415	1113	FAM004890
ERR2040249_clean_NODE_1123_length_2384_cov_7.636907	KEEP	PASS_VIRAL	KEEP	0	0				0	
ERR2040249_clean_NODE_135_length_3780_cov_7.976452	KEEP	PASS_VIRAL	KEEP	26	0	4.82e-63	213.4	0.388	1069	FAM004890
ERR2040249_clean_NODE_1468_length_2214_cov_8.268079	DROP	REVIEW	DROP	0	0				0	
ERR2040249_clean_NODE_1711_length_2121_cov_7.326275	KEEP	PASS_VIRAL	KEEP	47	16	2.83e-49	167.4	0.122	615	FAM008177
ERR2040249_clean_NODE_241_length_3379_cov_19.640288	REVIEW	AMBIGUOUS	no_viral_domain_but_blast	3	0	7.48e-04	17.8	0.272	896	FAM007595
ERR2040249_clean_NODE_243_length_3371_cov_26.047476	REVIEW	AMBIGUOUS	no_viral_domain_but_blast	0	0				0	
ERR2040249_clean_NODE_278_length_3296_cov_19.960652	DROP	AMBIGUOUS	DROP	1	0	2.94e-10	39.9	0.291	936	FAM022736
ERR2040249_clean_NODE_500_length_2910_cov_17.139867	REVIEW	AMBIGUOUS	no_viral_domain_but_blast	0	0				0	
ERR2040249_clean_NODE_8_length_6732_cov_12.036179	KEEP	PASS_VIRAL	KEEP	9	2	1.32e-78	264.8	0.249	2034	FAM013464
ERR2040250_clean_NODE_1043_length_2251_cov_6.785779	DROP	AMBIGUOUS	DROP	5	2	8.55e-81	271.5	0.976	627	FAM022905
ERR2040250_clean_NODE_148_length_3473_cov_125.666181	DROP	REVIEW	DROP	16	4	1.39e-27	95.5	0.210	395	FAM034426
ERR2040250_clean_NODE_1583_length_2006_cov_13.900153	REVIEW	AMBIGUOUS	short_fragment	7	0	1.14e-13	47.6	0.071	491	FAM001712
ERR2040250_clean_NODE_206_length_3305_cov_7.732373	KEEP	PASS_VIRAL	KEEP	24	8	1.13e-31	109.0	0.200	788	FAM008177
ERR2040250_clean_NODE_39_length_4474_cov_7.109682	DROP	AMBIGUOUS	DROP	0	0				0	
ERR2040250_clean_NODE_454_length_2790_cov_58.738260	DROP	AMBIGUOUS	DROP	0	0				0	
ERR2040251_clean_NODE_2212_length_1893_cov_34.430811	DROP	AMBIGUOUS	DROP	2	1	2.32e-10	39.3	0.602	447	FAM012636
ERR2040251_clean_NODE_376_length_2827_cov_23.166307	REVIEW	AMBIGUOUS	no_viral_domain_but_blast	0	0				0	
ERR2040251_clean_NODE_633_length_2546_cov_17.538154	REVIEW	AMBIGUOUS	no_viral_domain_but_blast	0	0				0	
ERR2040251_clean_NODE_656_length_2530_cov_47.496180	DROP	AMBIGUOUS	DROP	3	2	8.96e-60	201.9	0.900	573	FAM020762
ERR2040251_clean_NODE_667_length_2523_cov_25.858065	DROP	AMBIGUOUS	DROP	2	1	1.13e-10	40.3	0.599	447	FAM012636
ERR2040252_clean_NODE_10405_length_1075_cov_4.099038	KEEP	PASS_CORE	KEEP	0	0				0	
ERR2040252_clean_NODE_108_length_3753_cov_21.970414	DROP	AMBIGUOUS	DROP	1	1	1.63e-111	373.4	0.815	711	FAM017622
ERR2040252_clean_NODE_1132_length_2412_cov_14.880522	DROP	AMBIGUOUS	DROP	5	0	1.55e-04	20.6	0.163	606	FAM018129
ERR2040252_clean_NODE_202_length_3340_cov_18.103782	REVIEW	AMBIGUOUS	no_viral_domain_but_blast	0	0				0	
ERR2040252_clean_NODE_2242_length_2015_cov_31.298485	DROP	AMBIGUOUS	DROP	0	0				0	
ERR2040252_clean_NODE_352_length_3034_cov_6.718239	DROP	AMBIGUOUS	DROP	0	0				0	
ERR2040252_clean_NODE_626_length_2720_cov_7.338920	DROP	AMBIGUOUS	DROP	2	0	3.23e-10	37.6	0.052	657	FAM010548
ERR2040252_clean_NODE_8304_length_1218_cov_12.422654	KEEP	PASS_VIRAL	KEEP	16	1	1.29e-50	172.0	0.206	256	FAM003304
ERR2040253_clean_NODE_142_length_4049_cov_73.251872	DROP	AMBIGUOUS	DROP	0	0				0	
ERR2040253_clean_NODE_1505_length_2330_cov_18.432007	KEEP	PASS_VIRAL	KEEP	0	0				0	
ERR2040253_clean_NODE_1709_length_2246_cov_5.912392	KEEP	PASS_VIRAL	KEEP	0	0				0	
ERR2040253_clean_NODE_179_length_3866_cov_56.734502	DROP	AMBIGUOUS	DROP	0	0				0	
ERR2040253_clean_NODE_40_length_5376_cov_13.389087	KEEP	PASS_VIRAL	KEEP	7	0	3.11e-28	98.6	0.349	1449	FAM012657
ERR2040253_clean_NODE_48_length_5090_cov_14.372697	DROP	AMBIGUOUS	DROP	0	0				0	
ERR2040253_clean_NODE_5989_length_1412_cov_5.338934	REVIEW	REVIEW	short_fragment	3	1	7.59e-09	35.4	0.615	108	FAM001308
ERR2040253_clean_NODE_832_length_2740_cov_14.232851	REVIEW	AMBIGUOUS	short_fragment	5	0	8.51e-13	47.5	0.177	566	FAM012845
ERR2040253_clean_NODE_950_length_2641_cov_17.982679	REVIEW	AMBIGUOUS	no_viral_domain_but_blast	0	0				0	
ERR2040254_clean_NODE_1340_length_2246_cov_10.311847	DROP	AMBIGUOUS	DROP	3	0	1.99e-07	29.9	0.153	500	FAM007630
ERR2040254_clean_NODE_153_length_3431_cov_9.297226	REVIEW	AMBIGUOUS	no_viral_domain_but_blast	8	1	1.26e-16	60.1	0.636	952	FAM001927
ERR2040254_clean_NODE_1562_length_2168_cov_9.185412	REVIEW	AMBIGUOUS	short_fragment	7	0	4.59e-14	48.9	0.071	560	FAM001712
ERR2040254_clean_NODE_169_length_3373_cov_11.348949	REVIEW	AMBIGUOUS	no_viral_domain_but_blast	0	0				0	
ERR2040254_clean_NODE_1900_length_2065_cov_20.268051	DROP	AMBIGUOUS	DROP	0	0				0	
ERR2040254_clean_NODE_21027_length_616_cov_3.486911	KEEP	PASS_CORE	KEEP	0	0				0	
ERR2040254_clean_NODE_21732_length_599_cov_3.411871	KEEP	PASS_CORE	KEEP	0	0				0	
ERR2040254_clean_NODE_542_length_2732_cov_9.317962	DROP	AMBIGUOUS	DROP	5	2	8.06e-85	284.7	0.974	622	FAM022905
ERR2040255_clean_NODE_107_length_3285_cov_62.896052	REVIEW	AMBIGUOUS	no_viral_domain_but_blast	0	0				0	
ERR2040255_clean_NODE_1284_length_2039_cov_11.070641	REVIEW	AMBIGUOUS	no_viral_domain_but_blast	0	0				0	
ERR2040255_clean_NODE_148_length_3122_cov_26.025658	REVIEW	REVIEW	short_fragment	0	0				0	
ERR2040255_clean_NODE_28204_length_547_cov_3.490079	REVIEW	REVIEW	short_fragment	8	0	2.73e-19	67.9	0.052	67	FAM025821
ERR2040255_clean_NODE_356_length_2670_cov_21.473544	KEEP	PASS_VIRAL	KEEP	7	1	1.15e-04	22.0	0.573	670	FAM004881
ERR2040255_clean_NODE_504_length_2506_cov_17.554202	REVIEW	AMBIGUOUS	no_viral_domain_but_blast	4	1	2.94e-127	424.4	0.985	623	FAM012700
ERR2040255_clean_NODE_531_length_2487_cov_16.367430	DROP	AMBIGUOUS	DROP	11	2	4.20e-17	61.4	0.710	600	FAM004842
ERR2040255_clean_NODE_611_length_2411_cov_4.509713	DROP	AMBIGUOUS	DROP	2	0	4.32e-04	17.6	0.209	685	FAM005524
ERR2040255_clean_NODE_685_length_2362_cov_46.127641	KEEP	PASS_VIRAL	KEEP	19	0	6.84e-53	179.9	0.421	515	FAM004890
ERR2040255_clean_NODE_753_length_2295_cov_26.009769	DROP	AMBIGUOUS	DROP	3	1	1.65e-37	128.8	0.639	431	FAM020762
ERR2040256_clean_NODE_1291_length_2491_cov_13.535948	DROP	AMBIGUOUS	DROP	0	0				0	
ERR2040256_clean_NODE_20_length_5506_cov_9.604796	DROP	AMBIGUOUS	DROP	0	0				0	
ERR2040256_clean_NODE_2166_length_2154_cov_35.487920	DROP	AMBIGUOUS	DROP	5	1	3.87e-09	35.2	0.117	502	FAM022056
ERR2040256_clean_NODE_251_length_3578_cov_15.120509	REVIEW	AMBIGUOUS	no_viral_domain_but_blast	0	0				0	
ERR2040256_clean_NODE_66_length_4419_cov_24.393282	KEEP	PASS_VIRAL	KEEP	19	0	4.58e-52	177.2	0.419	1170	FAM004890
ERR2040256_clean_NODE_75_length_4372_cov_38.429660	KEEP	PASS_VIRAL	KEEP	18	0	1.49e-49	168.9	0.415	1160	FAM004890
ERR2040256_clean_NODE_794_length_2806_cov_44.370612	DROP	AMBIGUOUS	DROP	0	0				0	
ERR2040256_clean_NODE_8299_length_1284_cov_2.999194	KEEP	PASS_VIRAL	KEEP	0	0				0	
ERR2040256_clean_NODE_93_length_4244_cov_31.707927	DROP	AMBIGUOUS	DROP	0	0				0	
ERR2040257_clean_NODE_56_length_1863_cov_3.928022	KEEP	PASS_CORE	KEEP	44	2	2.15e-271	903.5	0.144	502	FAM000106
ERR2040258_clean_NODE_10544_length_1176_cov_7.645190	REVIEW	REVIEW	short_fragment	5	2	1.38e-56	191.6	0.668	265	FAM003324
ERR2040258_clean_NODE_13007_length_1000_cov_3.909091	REVIEW	PASS_VIRAL	short_fragment	0	0				0	
ERR2040258_clean_NODE_1542_length_2697_cov_13.995102	REVIEW	AMBIGUOUS	short_fragment	7	0	2.19e-14	50.0	0.071	554	FAM001712
ERR2040258_clean_NODE_16366_length_815_cov_4.717617	REVIEW	REVIEW	no_viral_domain_but_blast	0	0				0	
ERR2040258_clean_NODE_2112_length_2455_cov_47.034411	DROP	AMBIGUOUS	DROP	3	1	6.41e-159	529.8	0.993	631	FAM012645
ERR2040258_clean_NODE_212_length_4167_cov_13.936712	KEEP	PASS_VIRAL	KEEP	17	0	3.98e-55	187.3	0.395	1150	FAM004890
ERR2040258_clean_NODE_22306_length_601_cov_15.824373	REVIEW	REVIEW	short_fragment	0	0				0	
ERR2040258_clean_NODE_23516_length_569_cov_7.340304	KEEP	PASS_CORE	KEEP	0	0				0	
ERR2040258_clean_NODE_24244_length_552_cov_1.848723	KEEP	PASS_CORE	KEEP	0	0				0	
ERR2040258_clean_NODE_254_length_4037_cov_11.709815	DROP	AMBIGUOUS	DROP	3	1	1.16e-98	330.6	0.980	691	FAM012407
ERR2040258_clean_NODE_5120_length_1771_cov_13.188657	DROP	REVIEW	DROP	9	4	3.84e-19	68.3	0.581	318	FAM007484
ERR2040258_clean_NODE_617_length_3390_cov_55.180161	KEEP	PASS_VIRAL	KEEP	20	0	1.60e-52	178.7	0.405	772	FAM004890
ERR2040258_clean_NODE_693_length_3311_cov_23.506120	KEEP	PASS_VIRAL	KEEP	5	2	1.39e-84	284.4	0.439	833	FAM004987
ERR2040258_clean_NODE_781_length_3225_cov_12.206788	KEEP	PASS_VIRAL	KEEP	9	0	6.85e-17	58.3	0.071	714	FAM001712
ERR2040258_clean_NODE_861_length_3138_cov_14.581260	KEEP	PASS_VIRAL	KEEP	8	0	3.06e-29	101.9	0.125	848	FAM012657
ERR2040259_clean_NODE_113_length_3326_cov_20.233971	KEEP	PASS_VIRAL	KEEP	8	0	5.04e-29	101.2	0.353	1014	FAM012657
ERR2040259_clean_NODE_181_length_3088_cov_61.456600	REVIEW	AMBIGUOUS	no_viral_domain_but_blast	0	0				0	
ERR2040259_clean_NODE_209_length_3013_cov_54.427132	KEEP	PASS_VIRAL	KEEP	5	2	4.26e-94	315.8	0.408	771	FAM004987
ERR2040259_clean_NODE_296_length_2822_cov_9.747040	KEEP	PASS_VIRAL	KEEP	3	0	7.38e-105	351.6	0.426	782	FAM013464
ERR2040260_clean_NODE_1087_length_2425_cov_20.546025	KEEP	PASS_VIRAL	KEEP	0	0				0	
ERR2040260_clean_NODE_418_length_3039_cov_12.053595	DROP	REVIEW	DROP	0	0				0	
ERR2040261_clean_NODE_2910_length_1828_cov_2.795747	KEEP	PASS_VIRAL	KEEP	0	0				0	
ERR2040261_clean_NODE_818_length_2684_cov_13.127507	REVIEW	PASS_VIRAL	short_fragment	22	0	2.03e-08	33.5	0.145	652	FAM019029
ERR2040262_clean_NODE_403_length_3351_cov_10.602719	REVIEW	AMBIGUOUS	no_viral_domain_but_blast	2	0	2.32e-04	20.8	0.179	914	FAM008041
ERR2040262_clean_NODE_466_length_3237_cov_6.876095	KEEP	PASS_VIRAL	KEEP	4	0	7.49e-13	47.3	0.065	825	FAM013464
ERR2040262_clean_NODE_730_length_2911_cov_12.778397	KEEP	PASS_VIRAL	KEEP	10	0	6.17e-07	28.2	0.273	727	FAM012165
ERR2040262_clean_NODE_84_length_4680_cov_22.828627	DROP	AMBIGUOUS	DROP	12	3	2.34e-58	197.6	0.845	506	FAM022873
ERR2040262_clean_NODE_913_length_2723_cov_35.812081	DROP	AMBIGUOUS	DROP	10	0	2.90e-04	19.4	0.118	600	FAM010856
ERR2040263_clean_NODE_171_length_3239_cov_7.298311	REVIEW	AMBIGUOUS	no_viral_domain_but_blast	0	0				0	
ERR2040263_clean_NODE_193_length_3178_cov_9.692700	DROP	AMBIGUOUS	DROP	0	0				0	
ERR2040263_clean_NODE_414_length_2682_cov_8.677774	DROP	AMBIGUOUS	DROP	3	2	1.17e-25	89.7	0.719	563	FAM004846
ERR2040263_clean_NODE_561_length_2500_cov_3.378203	REVIEW	AMBIGUOUS	no_viral_domain_but_blast	0	0				0	
ERR2040263_clean_NODE_787_length_2290_cov_6.451756	KEEP	PASS_CORE	KEEP	5	0	4.42e-62	210.0	0.298	631	FAM004987
ERR2040264_clean_NODE_1085_length_2224_cov_9.814934	REVIEW	AMBIGUOUS	short_fragment	7	0	1.53e-14	50.5	0.071	539	FAM001712
ERR2040264_clean_NODE_11_length_5998_cov_5.138996	DROP	AMBIGUOUS	DROP	1	0	7.12e-07	28.1	0.127	1813	FAM007630
ERR2040264_clean_NODE_15700_length_677_cov_3.496855	REVIEW	REVIEW	no_viral_domain_but_blast	0	0				0	
ERR2040264_clean_NODE_33_length_4810_cov_8.564060	KEEP	PASS_VIRAL	KEEP	6	0	2.03e-29	102.5	0.177	1354	FAM012657
ERR2040264_clean_NODE_60_length_4172_cov_5.755507	KEEP	PASS_CORE	KEEP	7	0	1.77e-68	231.0	0.196	313	FAM023340
ERR2040264_clean_NODE_656_length_2543_cov_7.921263	DROP	AMBIGUOUS	DROP	0	0				0	
ERR2040264_clean_NODE_9032_length_973_cov_2.187768	REVIEW	AMBIGUOUS	short_fragment	0	0				0	
ERR2040265_clean_NODE_1018_length_2515_cov_14.491108	KEEP	PASS_VIRAL	KEEP	4	1	2.15e-63	213.9	0.940	630	FAM011052
ERR2040265_clean_NODE_1179_length_2409_cov_12.040118	REVIEW	AMBIGUOUS	short_fragment	7	0	2.17e-14	50.0	0.071	550	FAM001712
ERR2040265_clean_NODE_1472_length_2260_cov_4.646237	REVIEW	REVIEW	short_fragment	0	0				0	
ERR2040265_clean_NODE_160_length_3893_cov_9.729491	DROP	REVIEW	DROP	0	0				0	
ERR2040265_clean_NODE_208_length_3731_cov_10.980488	KEEP	PASS_VIRAL	KEEP	17	3	6.07e-69	232.0	0.942	987	FAM004770
ERR2040265_clean_NODE_287_length_3471_cov_3.867638	DROP	AMBIGUOUS	DROP	0	0				0	
ERR2040265_clean_NODE_349_length_3316_cov_14.797557	REVIEW	REVIEW	no_viral_domain_but_blast	29	4	2.98e-312	1038.3	0.576	608	FAM003378
ERR2040265_clean_NODE_471_length_3069_cov_5.249339	DROP	AMBIGUOUS	DROP	0	0				0	
ERR2040265_clean_NODE_72_length_4691_cov_59.263656	DROP	AMBIGUOUS	DROP	0	0				0	
ERR2040265_clean_NODE_810_length_2677_cov_10.176783	KEEP	PASS_VIRAL	KEEP	10	0	6.55e-07	28.1	0.273	724	FAM012165
ERR2040266_clean_NODE_453_length_2837_cov_161.864352	DROP	AMBIGUOUS	DROP	0	0				0	
ERR2040267_clean_NODE_108_length_4251_cov_29.657082	KEEP	PASS_CORE	KEEP	16	10	5.72e-204	679.8	0.346	651	FAM000252
ERR2040267_clean_NODE_1185_length_2364_cov_9.316674	DROP	AMBIGUOUS	DROP	0	0				0	
ERR2040267_clean_NODE_139_length_3945_cov_894.279344	KEEP	PASS_CORE	KEEP	92	27	9.74e-203	675.2	0.563	437	FAM000973
ERR2040267_clean_NODE_151_length_3866_cov_12.784462	KEEP	PASS_VIRAL	KEEP	0	0				0	
ERR2040267_clean_NODE_464_length_3068_cov_13.309752	REVIEW	AMBIGUOUS	no_viral_domain_but_blast	0	0				0	
ERR2040267_clean_NODE_519_length_2987_cov_570.986073_self_circular	DROP	REVIEW	DROP	5	0	1.15e-05	22.6	0.044	220	FAM014699
ERR2040267_clean_NODE_56_length_5015_cov_6.802695	KEEP	PASS_CORE	KEEP	8	0	1.78e-41	142.9	0.237	143	FAM000112
ERR2040267_clean_NODE_756_length_2703_cov_292.117669	REVIEW	REVIEW	no_viral_domain_but_blast	0	0				0	
ERR2040267_clean_NODE_8817_length_1048_cov_4.103483	KEEP	PASS_CORE	KEEP	0	0				0	
ERR2040268_clean_NODE_146_length_3769_cov_3.188943	KEEP	PASS_VIRAL	KEEP	18	0	3.25e-55	187.6	0.393	1051	FAM004890
ERR2040268_clean_NODE_314_length_3206_cov_8.650332	DROP	REVIEW	DROP	0	0				0	
ERR2040268_clean_NODE_374_length_3076_cov_3.609627	KEEP	PASS_VIRAL	KEEP	1	0	3.50e-03	15.1	0.086	776	FAM010956
ERR2040268_clean_NODE_986_length_2403_cov_10.622881	REVIEW	AMBIGUOUS	short_fragment	8	0	1.99e-15	53.4	0.071	579	FAM001712
ERR2040269_clean_NODE_338_length_3527_cov_3.747704	KEEP	PASS_VIRAL	KEEP	0	0				0	
ERR2040269_clean_NODE_343_length_3521_cov_17.083381	REVIEW	AMBIGUOUS	no_viral_domain_but_blast	0	0				0	
ERR2040269_clean_NODE_41_length_5518_cov_8.955434	KEEP	PASS_VIRAL	KEEP	6	0	3.97e-28	98.2	0.167	1424	FAM012657
ERR2040269_clean_NODE_51_length_5129_cov_9.738105	KEEP	PASS_VIRAL	KEEP	5	0	7.19e-28	97.4	0.161	1402	FAM012657
ERR2040269_clean_NODE_640_length_3010_cov_6.150657	KEEP	PASS_VIRAL	KEEP	25	0	1.38e-58	198.7	0.391	468	FAM004890
ERR2040269_clean_NODE_7181_length_1249_cov_7.554726	DROP	REVIEW	DROP	4	0	5.53e-11	41.8	0.105	49	FAM013629
ERR2040269_clean_NODE_782_length_2850_cov_11.784467	REVIEW	AMBIGUOUS	short_fragment	0	0				0	
ERR2040269_clean_NODE_888_length_2746_cov_8.171291	DROP	AMBIGUOUS	DROP	1	1	1.22e-14	53.8	0.500	603	FAM011124
ERR2040270_clean_NODE_10834_length_897_cov_4.642857	KEEP	PASS_CORE	KEEP	0	0				0	
ERR2040270_clean_NODE_1894_length_2224_cov_4.203118	REVIEW	REVIEW	short_fragment	13	0	1.41e-42	145.6	0.165	138	FAM000134
ERR2040270_clean_NODE_62_length_5018_cov_24.539095	KEEP	PASS_CORE	KEEP	0	0				0	
ERR2040271_clean_NODE_1474_length_2247_cov_8.882033	REVIEW	AMBIGUOUS	short_fragment	7	0	3.50e-14	49.3	0.071	531	FAM001712
ERR2040271_clean_NODE_258_length_3503_cov_9.367052	KEEP	PASS_VIRAL	KEEP	27	1	4.21e-11	42.3	0.349	936	FAM010960
ERR2040271_clean_NODE_312_length_3373_cov_19.598799	REVIEW	AMBIGUOUS	no_viral_domain_but_blast	0	0				0	
ERR2040271_clean_NODE_54_length_4798_cov_5.326814	KEEP	PASS_CORE	KEEP	27	4	1.61e-229	764.8	0.185	527	FAM023340
ERR2040272_clean_NODE_1172_length_2411_cov_51.565878	KEEP	PASS_VIRAL	KEEP	0	0				0	
ERR2040272_clean_NODE_144_length_3820_cov_98.422293	DROP	AMBIGUOUS	DROP	2	0	1.01e-58	198.7	0.264	892	FAM010955
ERR2040272_clean_NODE_187_length_3653_cov_4.804432	DROP	AMBIGUOUS	DROP	0	0				0	
ERR2040272_clean_NODE_377_length_3187_cov_50.214695	REVIEW	AMBIGUOUS	no_viral_domain_but_blast	0	0				0	
ERR2040272_clean_NODE_433_length_3104_cov_9.840902	KEEP	PASS_VIRAL	KEEP	5	2	6.10e-95	318.6	0.413	726	FAM004987
ERR2040272_clean_NODE_5439_length_1401_cov_60.531664	REVIEW	REVIEW	no_viral_domain_but_blast	0	0				0	
ERR2040273_clean_NODE_10010_length_1246_cov_2.438903	KEEP	PASS_CORE	KEEP	10	0	5.85e-13	47.7	0.044	30	FAM000970
ERR2040273_clean_NODE_11627_length_1123_cov_3.426852	REVIEW	REVIEW	short_fragment	2	0	2.87e-09	34.7	0.027	58	FAM023340
ERR2040273_clean_NODE_12933_length_1033_cov_19.015152	KEEP	PASS_CORE	KEEP	10	6	5.81e-59	200.5	0.573	265	FAM000112
ERR2040273_clean_NODE_130_length_5180_cov_36.904808	KEEP	PASS_VIRAL	KEEP	38	4	2.39e-128	429.5	0.226	285	FAM003304
ERR2040273_clean_NODE_131_length_5178_cov_9.701266	REVIEW	REVIEW	no_viral_domain_but_blast	1	0	1.10e-05	23.2	0.033	39	FAM003304
ERR2040273_clean_NODE_1360_length_2915_cov_14.369777	KEEP	PASS_VIRAL	KEEP	4	0	1.24e-11	43.3	0.066	721	FAM013464
ERR2040273_clean_NODE_1431_length_2871_cov_86.477723	REVIEW	AMBIGUOUS	no_viral_domain_but_blast	0	0				0	
ERR2040273_clean_NODE_149_length_5023_cov_21.857430	KEEP	PASS_VIRAL	KEEP	16	0	2.47e-51	174.8	0.405	1161	FAM004890
ERR2040273_clean_NODE_1530_length_2809_cov_4.753435	REVIEW	AMBIGUOUS	short_fragment	11	1	1.96e-43	147.7	0.533	113	FAM003312
ERR2040273_clean_NODE_15957_length_871_cov_2.175121	KEEP	PASS_CORE	KEEP	0	0				0	
ERR2040273_clean_NODE_20868_length_683_cov_1.812500	DROP	REVIEW	DROP	0	0				0	
ERR2040273_clean_NODE_20960_length_680_cov_2.740973	REVIEW	REVIEW	short_fragment	16	0	1.32e-39	135.5	0.083	99	FAM003304
ERR2040273_clean_NODE_22787_length_629_cov_1.363481	REVIEW	REVIEW	short_fragment	0	0				0	
ERR2040273_clean_NODE_2404_length_2418_cov_12.674105	REVIEW	REVIEW	short_fragment	0	0				0	
ERR2040273_clean_NODE_24884_length_579_cov_3.048507	REVIEW	REVIEW	short_fragment	10	0	1.04e-09	36.5	0.031	40	FAM003304
ERR2040273_clean_NODE_2800_length_2295_cov_24.194050	KEEP	PASS_VIRAL	KEEP	22	1	3.34e-06	26.8	0.121	512	FAM026487
ERR2040273_clean_NODE_28334_length_514_cov_1.191083	REVIEW	REVIEW	no_viral_domain_but_blast	0	0				0	
ERR2040273_clean_NODE_28668_length_508_cov_4.664516	REVIEW	REVIEW	short_fragment	0	0				0	
ERR2040273_clean_NODE_29098_length_501_cov_3.740175	REVIEW	REVIEW	short_fragment	0	0				0	
ERR2040273_clean_NODE_3559_length_2096_cov_12.898685	DROP	AMBIGUOUS	DROP	5	0	7.47e-05	21.7	0.167	618	FAM018129
ERR2040273_clean_NODE_3662_length_2071_cov_52.259862	DROP	REVIEW	DROP	0	0				0	
ERR2040273_clean_NODE_3850_length_2032_cov_5.990950	KEEP	PASS_VIRAL	KEEP	23	1	1.97e-100	337.0	0.168	203	FAM003304
ERR2040273_clean_NODE_453_length_3858_cov_5.196330	KEEP	PASS_VIRAL	KEEP	6	2	8.69e-71	238.8	0.806	1074	FAM000947
ERR2040273_clean_NODE_5190_length_1797_cov_4.242303	KEEP	PASS_VIRAL	KEEP	0	0				0	
ERR2040273_clean_NODE_667_length_3531_cov_8.808486	REVIEW	REVIEW	short_fragment	0	0				0	
ERR2040273_clean_NODE_6692_length_1595_cov_3.469072	REVIEW	REVIEW	no_viral_domain_but_blast	11	0	4.13e-25	87.5	0.082	130	FAM003304
ERR2040273_clean_NODE_685_length_3499_cov_11.919271	KEEP	PASS_VIRAL	KEEP	39	6	2.25e-174	581.9	0.307	376	FAM003304
ERR2040273_clean_NODE_7873_length_1458_cov_4.333569	REVIEW	REVIEW	short_fragment	17	0	1.09e-20	72.9	0.057	69	FAM003304
ERR2040273_clean_NODE_840_length_3335_cov_7.868165	DROP	AMBIGUOUS	DROP	8	0	3.59e-20	70.8	0.074	106	FAM003310
ERR2040273_clean_NODE_8925_length_1346_cov_4.229470	KEEP	PASS_CORE	KEEP	19	0	1.73e-45	155.0	0.080	98	FAM003304
ERR2040273_clean_NODE_93_length_5581_cov_12.570964	DROP	AMBIGUOUS	DROP	18	3	4.94e-222	739.9	0.262	1659	FAM007819
ERR2040275_clean_NODE_1023_length_2458_cov_3.342029	REVIEW	AMBIGUOUS	short_fragment	14	3	2.29e-23	81.4	0.048	112	FAM003310
ERR2040275_clean_NODE_16173_length_558_cov_1.642718	REVIEW	REVIEW	short_fragment	1	0	6.60e-03	13.6	0.010	18	FAM023340
ERR2040275_clean_NODE_2286_length_1851_cov_30.565819	KEEP	PASS_VIRAL	KEEP	0	0				0	
ERR2040275_clean_NODE_701_length_2752_cov_75.110742	KEEP	PASS_VIRAL	KEEP	20	0	8.87e-12	44.3	0.309	760	FAM012430
ERR2040275_clean_NODE_732_length_2722_cov_102.193729	DROP	AMBIGUOUS	DROP	1	0	4.39e-04	19.0	0.190	664	FAM030713
ERR2040275_clean_NODE_7513_length_984_cov_2.788523	REVIEW	REVIEW	short_fragment	0	0				0	
ERR2040275_clean_NODE_9004_length_863_cov_3.667073	REVIEW	REVIEW	short_fragment	13	0	1.88e-42	145.0	0.091	137	FAM003304
ERR2040276_clean_NODE_10904_length_689_cov_141.846749	KEEP	PASS_CORE	KEEP	9	0	8.54e-08	30.1	0.015	46	FAM000252
ERR2040276_clean_NODE_15177_length_583_cov_5.229630	DROP	REVIEW	DROP	0	0				0	
ERR2040277_clean_NODE_1661_length_2105_cov_31.821048	DROP	AMBIGUOUS	DROP	0	0				0	
ERR2040277_clean_NODE_167_length_3458_cov_23.660029	DROP	AMBIGUOUS	DROP	2	0	4.24e-16	58.3	0.210	512	FAM012604
ERR2040277_clean_NODE_199_length_3374_cov_21.138097	KEEP	PASS_VIRAL	KEEP	21	1	4.61e-09	36.1	0.696	680	FAM002003
ERR2040277_clean_NODE_3299_length_1686_cov_3.764455	KEEP	PASS_CORE	KEEP	9	3	5.10e-30	104.4	0.553	244	FAM000164
ERR2040277_clean_NODE_451_length_2851_cov_171.783120	DROP	AMBIGUOUS	DROP	1	1	2.86e-04	20.2	0.543	435	FAM007969
ERR2040277_clean_NODE_6893_length_1215_cov_2.417235	KEEP	PASS_CORE	KEEP	22	0	5.65e-68	229.5	0.141	188	FAM003304
ERR2040278_clean_NODE_3686_length_1377_cov_13.835832	KEEP	PASS_CORE	KEEP	9	8	2.67e-87	291.8	0.775	196	FAM002037
ERR2040279_clean_NODE_1204_length_2854_cov_11.882960	REVIEW	AMBIGUOUS	short_fragment	8	0	3.15e-17	59.4	0.028	577	FAM001712
ERR2040279_clean_NODE_1539_length_2665_cov_6.177346	DROP	AMBIGUOUS	DROP	4	4	3.78e-05	22.6	0.573	737	FAM012516
ERR2040279_clean_NODE_1863_length_2511_cov_118.542950	DROP	AMBIGUOUS	DROP	0	0				0	
ERR2040279_clean_NODE_2596_length_2234_cov_28.146965	DROP	AMBIGUOUS	DROP	0	0				0	
ERR2040279_clean_NODE_270_length_4000_cov_21.135962	DROP	AMBIGUOUS	DROP	0	0				0	
ERR2040279_clean_NODE_451_length_3610_cov_16.925708	DROP	AMBIGUOUS	DROP	0	0				0	
ERR2040279_clean_NODE_675_length_3290_cov_52.472128	REVIEW	AMBIGUOUS	no_viral_domain_but_blast	0	0				0	
ERR2040279_clean_NODE_950_length_3050_cov_10.152644	KEEP	PASS_VIRAL	KEEP	4	0	1.95e-13	49.2	0.066	744	FAM013464
ERR2040279_clean_NODE_988_length_3012_cov_16.706972	KEEP	PASS_VIRAL	KEEP	28	0	1.10e-55	189.1	0.421	869	FAM004890
ERR2040280_clean_NODE_10925_length_919_cov_1.950913	KEEP	PASS_CORE	KEEP	0	0				0	
ERR2040280_clean_NODE_136_length_3852_cov_24.506432	DROP	REVIEW	DROP	0	0				0	
ERR2040280_clean_NODE_17_length_6036_cov_29.649758	DROP	REVIEW	DROP	3	0	1.78e-07	29.6	0.167	1794	FAM002691
ERR2040280_clean_NODE_20695_length_570_cov_6.347249	REVIEW	REVIEW	short_fragment	0	0				0	
ERR2040280_clean_NODE_21962_length_545_cov_2.380478	REVIEW	PASS_VIRAL	short_fragment	0	0				0	
ERR2040280_clean_NODE_22646_length_532_cov_5.280164	DROP	REVIEW	DROP	0	0				0	
ERR2040280_clean_NODE_2909_length_1816_cov_7.514382	REVIEW	PASS_VIRAL	short_fragment	0	0				0	
ERR2040280_clean_NODE_296_length_3351_cov_46.837666	REVIEW	AMBIGUOUS	no_viral_domain_but_blast	1	0	2.46e-03	17.1	0.204	864	FAM021008
ERR2040280_clean_NODE_3094_length_1771_cov_7.317708	REVIEW	REVIEW	no_viral_domain_but_blast	10	1	6.35e-244	812.1	0.421	452	FAM003378
ERR2040280_clean_NODE_5132_length_1431_cov_15.865994	REVIEW	REVIEW	no_viral_domain_but_blast	3	3	1.85e-135	451.9	0.882	355	FAM002990
ERR2040280_clean_NODE_542_length_2906_cov_18.910583	KEEP	PASS_VIRAL	KEEP	14	0	3.16e-09	35.8	0.311	762	FAM012430
ERR2040280_clean_NODE_55_length_4690_cov_52.710781	KEEP	PASS_VIRAL	KEEP	20	1	2.80e-78	263.7	0.441	372	FAM004890
ERR2040280_clean_NODE_6542_length_1260_cov_6.302383	DROP	REVIEW	DROP	2	1	1.26e-56	192.0	0.828	319	FAM008795
ERR2040280_clean_NODE_9226_length_1026_cov_19.804680	KEEP	PASS_CORE_FAM	KEEP	0	0				0	
ERR2040282_clean_NODE_1450_length_2060_cov_86.906977	DROP	AMBIGUOUS	DROP	18	12	1.76e-27	96.0	0.617	441	FAM012681
ERR2040282_clean_NODE_1891_length_1907_cov_4.552998	KEEP	PASS_VIRAL	KEEP	0	0				0	
ERR2040282_clean_NODE_284_length_3015_cov_7.395833	DROP	REVIEW	DROP	0	0				0	
ERR2040282_clean_NODE_300_length_2970_cov_84.822927	DROP	AMBIGUOUS	DROP	0	0				0	
ERR2040282_clean_NODE_74_length_3851_cov_6.927597	DROP	AMBIGUOUS	DROP	0	0				0	
ERR2040282_clean_NODE_843_length_2377_cov_10.825492	DROP	AMBIGUOUS	DROP	0	0				0	
ERR2040283_clean_NODE_110_length_4362_cov_34.007178	KEEP	PASS_VIRAL	KEEP	9	0	4.32e-29	101.4	0.175	1373	FAM012657
ERR2040283_clean_NODE_1301_length_2767_cov_23.534508	DROP	AMBIGUOUS	DROP	4	1	8.76e-05	21.7	0.226	705	FAM002853
ERR2040283_clean_NODE_1369_length_2733_cov_55.062454	DROP	AMBIGUOUS	DROP	0	0				0	
ERR2040283_clean_NODE_2242_length_2411_cov_34.174831	DROP	AMBIGUOUS	DROP	5	1	1.35e-09	36.7	0.105	473	FAM022056
ERR2040283_clean_NODE_22532_length_762_cov_2.050070	REVIEW	REVIEW	short_fragment	8	0	3.72e-08	31.4	0.029	36	FAM003304
ERR2040283_clean_NODE_2339_length_2382_cov_24.330056	REVIEW	AMBIGUOUS	short_fragment	24	1	1.23e-11	44.5	0.509	614	FAM017219
ERR2040283_clean_NODE_24338_length_708_cov_46.093233	DROP	AMBIGUOUS	DROP	2	2	1.30e-13	50.5	0.752	104	FAM001358
ERR2040283_clean_NODE_3111_length_2202_cov_31.734599	DROP	AMBIGUOUS	DROP	3	2	2.55e-49	167.6	0.791	489	FAM020762
ERR2040283_clean_NODE_31871_length_545_cov_2.203187	DROP	REVIEW	DROP	0	0				0	
ERR2040283_clean_NODE_34010_length_510_cov_2.370450	REVIEW	AMBIGUOUS	short_fragment	0	0				0	
ERR2040283_clean_NODE_503_length_3408_cov_20.298366	REVIEW	AMBIGUOUS	no_viral_domain_but_blast	0	0				0	
ERR2040283_clean_NODE_532_length_3381_cov_58.001198	REVIEW	AMBIGUOUS	no_viral_domain_but_blast	2	0	1.41e-05	23.6	0.298	214	FAM012636
ERR2040283_clean_NODE_5603_length_1797_cov_18.770810	DROP	AMBIGUOUS	DROP	3	2	9.10e-139	462.5	0.949	459	FAM021437
ERR2040283_clean_NODE_851_length_3055_cov_61.906375	KEEP	PASS_VIRAL	KEEP	5	5	1.86e-281	935.5	0.673	536	FAM004987
ERR2040283_clean_NODE_8873_length_1468_cov_7.885614	KEEP	PASS_CORE	KEEP	0	0				0	
ERR2040284_clean_NODE_1425_length_2128_cov_6.398082	REVIEW	PASS_VIRAL	short_fragment	9	0	3.38e-18	62.6	0.028	614	FAM001712
ERR2040284_clean_NODE_18828_length_522_cov_2.298539	REVIEW	REVIEW	short_fragment	0	0				0	
ERR2040284_clean_NODE_3756_length_1574_cov_6.167864	REVIEW	REVIEW	short_fragment	5	5	7.82e-84	281.6	0.766	362	FAM012305
ERR2040284_clean_NODE_88_length_3764_cov_86.669981	DROP	REVIEW	DROP	4	0	2.58e-05	23.3	0.329	944	FAM001818
ERR2040285_clean_NODE_145_length_3349_cov_18.630369	KEEP	PASS_VIRAL	KEEP	59	3	2.76e-12	46.0	0.213	672	FAM032199
ERR2040285_clean_NODE_15832_length_632_cov_6.845501	REVIEW	REVIEW	short_fragment	0	0				0	
ERR2040285_clean_NODE_315_length_2902_cov_14.077650	DROP	AMBIGUOUS	DROP	5	2	1.14e-19	68.1	0.092	764	FAM003307
ERR2040285_clean_NODE_5489_length_1259_cov_3.830592	REVIEW	PASS_VIRAL	short_fragment	15	2	1.19e-134	449.3	0.472	250	FAM008896
ERR2040285_clean_NODE_745_length_2418_cov_10.136000	REVIEW	AMBIGUOUS	no_viral_domain_but_blast	0	0				0	
ERR2040285_clean_NODE_752_length_2414_cov_6.804302	DROP	AMBIGUOUS	DROP	0	0				0	
ERR2040287_clean_NODE_1062_length_2399_cov_9.574278	KEEP	PASS_VIRAL	KEEP	5	1	2.25e-71	240.7	0.360	663	FAM004987
ERR2040287_clean_NODE_1129_length_2361_cov_27.116911	DROP	AMBIGUOUS	DROP	5	1	2.29e-09	36.0	0.115	522	FAM022056
ERR2040287_clean_NODE_12518_length_770_cov_1.320495	REVIEW	REVIEW	short_fragment	0	0				0	
ERR2040287_clean_NODE_15172_length_647_cov_1.384106	KEEP	PASS_CORE	KEEP	0	0				0	
ERR2040287_clean_NODE_1570_length_2156_cov_6.108850	REVIEW	AMBIGUOUS	short_fragment	7	0	6.95e-09	31.7	0.023	343	FAM003565
ERR2040287_clean_NODE_1605_length_2147_cov_3.788973	KEEP	PASS_CORE	KEEP	6	3	2.54e-59	200.2	0.608	165	FAM000089
ERR2040287_clean_NODE_17278_length_568_cov_1.567619	DROP	REVIEW	DROP	0	0				0	
ERR2040287_clean_NODE_1842_length_2056_cov_2.721311	KEEP	PASS_VIRAL	KEEP	0	0				0	
ERR2040287_clean_NODE_2269_length_1932_cov_3.917946	KEEP	PASS_CORE	KEEP	0	0				0	
ERR2040287_clean_NODE_701_length_2651_cov_7.105061	REVIEW	AMBIGUOUS	no_viral_domain_but_blast	0	0				0	
ERR2040287_clean_NODE_778_length_2584_cov_7.415584	KEEP	PASS_VIRAL	KEEP	0	0				0	
ERR2040287_clean_NODE_9268_length_981_cov_19.500000	KEEP	PASS_VIRAL	KEEP	1	0	9.39e-20	70.6	0.317	128	FAM000164
ERR2040288_clean_NODE_10983_length_949_cov_6.773731	REVIEW	REVIEW	no_viral_domain_but_blast	5	0	8.86e-55	186.1	0.370	179	FAM003547
ERR2040288_clean_NODE_1402_length_2378_cov_15.366595	DROP	AMBIGUOUS	DROP	0	0				0	
ERR2040288_clean_NODE_1603_length_2287_cov_6.997326	REVIEW	PASS_VIRAL	short_fragment	5	0	3.91e-13	48.3	0.065	535	FAM013464
ERR2040288_clean_NODE_1933_length_2161_cov_12.849386	DROP	AMBIGUOUS	DROP	1	0	2.17e-16	59.5	0.466	419	FAM022742
ERR2040288_clean_NODE_2140_length_2089_cov_11.060606	REVIEW	AMBIGUOUS	no_viral_domain_but_blast	2	0	6.95e-27	93.4	0.121	553	FAM010955
ERR2040288_clean_NODE_25_length_5986_cov_243.810365	KEEP	PASS_VIRAL	KEEP	0	0				0	
ERR2040288_clean_NODE_3319_length_1798_cov_74.403989	DROP	AMBIGUOUS	DROP	1	1	3.95e-14	51.7	0.618	447	FAM012636
ERR2040288_clean_NODE_387_length_3333_cov_12.953495	KEEP	PASS_VIRAL	KEEP	6	1	2.34e-38	131.4	0.512	991	FAM010784
ERR2040288_clean_NODE_5129_length_1492_cov_5.398896	REVIEW	REVIEW	no_viral_domain_but_blast	1	1	3.57e-93	311.6	0.727	235	FAM013193
ERR2040288_clean_NODE_5301_length_1466_cov_4.349965	REVIEW	REVIEW	no_viral_domain_but_blast	0	0				0	
ERR2040288_clean_NODE_5794_length_1402_cov_12.505519	REVIEW	REVIEW	no_viral_domain_but_blast	0	0				0	
ERR2040288_clean_NODE_62_length_4966_cov_26.393053	KEEP	PASS_VIRAL	KEEP	7	0	1.22e-28	99.9	0.344	1438	FAM012657
ERR2040289_clean_NODE_1008_length_2418_cov_13.210526	REVIEW	PASS_VIRAL	short_fragment	9	0	8.93e-17	57.9	0.028	450	FAM001712
ERR2040289_clean_NODE_1108_length_2356_cov_24.006485	DROP	AMBIGUOUS	DROP	2	1	2.24e-19	69.1	0.169	526	FAM004866
ERR2040289_clean_NODE_1193_length_2305_cov_39.188329	DROP	AMBIGUOUS	DROP	0	0				0	
ERR2040289_clean_NODE_144_length_3651_cov_68.207317	DROP	REVIEW	DROP	1	0	2.14e-03	17.0	0.342	962	FAM002894
ERR2040289_clean_NODE_256_length_3289_cov_4.669131	DROP	AMBIGUOUS	DROP	0	0				0	
ERR2040289_clean_NODE_2677_length_1792_cov_34.140080	DROP	AMBIGUOUS	DROP	1	1	4.74e-14	51.4	0.612	391	FAM012636
ERR2040289_clean_NODE_333_length_3118_cov_45.558049	DROP	AMBIGUOUS	DROP	0	0				0	
ERR2040289_clean_NODE_618_length_2725_cov_14.698732	REVIEW	AMBIGUOUS	no_viral_domain_but_blast	0	0				0	
ERR2040289_clean_NODE_822_length_2552_cov_10.999601	DROP	AMBIGUOUS	DROP	6	1	1.20e-09	36.9	0.111	523	FAM022056
ERR2040289_clean_NODE_989_length_2433_cov_12.086192	DROP	AMBIGUOUS	DROP	0	0				0	
ERR2040290_clean_NODE_2793_length_1492_cov_5.560386	DROP	AMBIGUOUS	DROP	0	0				0	
ERR2040290_clean_NODE_367_length_2315_cov_15.140845	DROP	AMBIGUOUS	DROP	1	0	1.08e-04	21.2	0.270	551	FAM004892
ERR2040291_clean_NODE_155_length_3001_cov_76.772819	REVIEW	AMBIGUOUS	no_viral_domain_but_blast	0	0				0	
ERR2040291_clean_NODE_3416_length_1435_cov_18.687500	DROP	REVIEW	DROP	0	0				0	
ERR2040291_clean_NODE_4153_length_1323_cov_4.761719	REVIEW	REVIEW	short_fragment	8	4	3.09e-25	88.6	0.528	250	FAM006294
ERR2040291_clean_NODE_4168_length_1321_cov_79.503912	REVIEW	REVIEW	short_fragment	7	3	6.23e-29	100.6	0.530	316	FAM007484
ERR2040291_clean_NODE_78_length_3354_cov_59.635156	REVIEW	AMBIGUOUS	no_viral_domain_but_blast	1	0	7.39e-03	14.0	0.134	938	FAM001967
ERR2040291_clean_NODE_85_length_3300_cov_29.164569	REVIEW	AMBIGUOUS	no_viral_domain_but_blast	0	0				0	
ERR2040291_clean_NODE_976_length_2080_cov_6.517428	DROP	AMBIGUOUS	DROP	6	0	2.02e-05	23.3	0.076	607	FAM032326
ERR2040292_clean_NODE_1147_length_2420_cov_5.609171	DROP	AMBIGUOUS	DROP	8	0	1.43e-05	24.0	0.170	483	FAM018129
ERR2040292_clean_NODE_1159_length_2415_cov_9.895025	REVIEW	PASS_VIRAL	short_fragment	9	0	1.28e-16	57.4	0.029	573	FAM001712
ERR2040292_clean_NODE_1266_length_2355_cov_35.173443	KEEP	PASS_VIRAL	KEEP	47	4	1.08e-27	96.6	0.334	548	FAM008016
ERR2040292_clean_NODE_1273_length_2352_cov_33.256388	KEEP	PASS_VIRAL	KEEP	47	4	4.00e-28	98.1	0.431	548	FAM012364
ERR2040292_clean_NODE_1558_length_2224_cov_11.078863	DROP	REVIEW	DROP	0	0				0	
ERR2040292_clean_NODE_1623_length_2199_cov_10.185993	REVIEW	AMBIGUOUS	short_fragment	7	0	7.75e-16	54.8	0.071	486	FAM001712
ERR2040292_clean_NODE_1640_length_2193_cov_17.337209	REVIEW	AMBIGUOUS	no_viral_domain_but_blast	0	0				0	
ERR2040292_clean_NODE_16951_length_578_cov_1.859813	REVIEW	REVIEW	short_fragment	0	0				0	
ERR2040292_clean_NODE_306_length_3227_cov_11.199121	KEEP	PASS_VIRAL	KEEP	8	1	2.55e-27	95.6	0.382	895	FAM012657
ERR2040292_clean_NODE_3685_length_1687_cov_16.610097	DROP	REVIEW	DROP	9	0	1.67e-21	76.3	0.132	376	FAM006294
ERR2040292_clean_NODE_551_length_2868_cov_49.437876	DROP	AMBIGUOUS	DROP	1	0	2.08e-04	20.7	0.151	489	FAM003342
ERR2040292_clean_NODE_556_length_2863_cov_35.712057	REVIEW	AMBIGUOUS	no_viral_domain_but_blast	0	0				0	
ERR2040292_clean_NODE_691_length_2741_cov_40.632320	REVIEW	REVIEW	short_fragment	8	4	7.68e-22	77.4	0.396	335	FAM003024
ERR2040292_clean_NODE_84_length_3910_cov_136.875614	DROP	REVIEW	DROP	3	0	4.76e-04	18.9	0.387	944	FAM009502
ERR2040293_clean_NODE_1130_length_2497_cov_26.708367	DROP	AMBIGUOUS	DROP	1	0	2.76e-03	17.0	0.136	522	FAM003342
ERR2040293_clean_NODE_157_length_3760_cov_14.611275	DROP	AMBIGUOUS	DROP	0	0				0	
ERR2040293_clean_NODE_1666_length_2248_cov_5.875282	DROP	AMBIGUOUS	DROP	5	0	1.34e-04	20.8	0.173	612	FAM018129
ERR2040293_clean_NODE_1_length_7701_cov_11.957605	KEEP	PASS_VIRAL	KEEP	427	60	0.00e+00	3347.2	0.946	1756	FAM005689
ERR2040293_clean_NODE_231_length_3502_cov_5.960485	DROP	AMBIGUOUS	DROP	0	0				0	
ERR2040293_clean_NODE_393_length_3155_cov_5.272115	REVIEW	PASS_VIRAL	short_fragment	4	0	9.27e-11	40.4	0.066	471	FAM013464
ERR2040293_clean_NODE_443_length_3100_cov_7.896574	DROP	AMBIGUOUS	DROP	1	0	5.37e-03	15.1	0.184	694	FAM012508
ERR2040293_clean_NODE_539_length_2961_cov_7.117567	KEEP	PASS_VIRAL	KEEP	28	0	6.19e-58	196.3	0.358	829	FAM012716
ERR2040294_clean_NODE_1036_length_2305_cov_2440.219717	REVIEW	REVIEW	no_viral_domain_but_blast	7	6	1.64e-301	1001.2	0.956	643	FAM003546
ERR2040294_clean_NODE_1065_length_2288_cov_12.215145	DROP	AMBIGUOUS	DROP	1	0	2.47e-03	17.2	0.151	600	FAM003342
ERR2040294_clean_NODE_11138_length_811_cov_0.720052	DROP	REVIEW	DROP	11	2	7.40e-17	59.8	0.032	52	FAM023340
ERR2040294_clean_NODE_5353_length_1323_cov_34.000781	KEEP	PASS_CORE	KEEP	2	0	1.22e-29	102.8	0.249	226	FAM000134
ERR2040294_clean_NODE_5685_length_1283_cov_6.620968	REVIEW	REVIEW	no_viral_domain_but_blast	0	0				0	
ERR2040294_clean_NODE_702_length_2528_cov_10.221328	KEEP	PASS_VIRAL	KEEP	2	0	1.81e-52	178.2	0.256	677	FAM004987
ERR2040294_clean_NODE_742_length_2497_cov_33.251019	DROP	AMBIGUOUS	DROP	5	1	2.31e-09	36.0	0.125	515	FAM022056
ERR2040295_clean_NODE_1033_length_2012_cov_29.384967	DROP	AMBIGUOUS	DROP	0	0				0	
ERR2040295_clean_NODE_108_length_3271_cov_23.523544	KEEP	PASS_VIRAL	KEEP	22	1	1.46e-53	182.1	0.405	797	FAM004890
ERR2040295_clean_NODE_1783_length_1740_cov_4.703595	KEEP	PASS_VIRAL	KEEP	0	0				0	
ERR2040295_clean_NODE_366_length_2563_cov_53.777381	KEEP	PASS_VIRAL	KEEP	0	0				0	
ERR2040295_clean_NODE_462_length_2438_cov_12.436326	DROP	REVIEW	DROP	0	0				0	
ERR2040295_clean_NODE_646_length_2248_cov_4.526984	KEEP	PASS_VIRAL	KEEP	30	0	9.36e-70	235.6	0.386	551	FAM004890
ERR2040295_clean_NODE_726_length_2188_cov_3.574359	KEEP	PASS_VIRAL	KEEP	0	0				0	
ERR2040295_clean_NODE_743_length_2176_cov_67.085795	KEEP	PASS_VIRAL	KEEP	5	5	2.22e-292	971.6	0.714	589	FAM004987
ERR2040295_clean_NODE_85_length_3410_cov_55.336501	DROP	REVIEW	DROP	2	0	1.80e-03	17.0	0.185	961	FAM018040
ERR2040296_clean_NODE_112_length_2894_cov_29.300246	DROP	AMBIGUOUS	DROP	1	0	5.80e-13	47.8	0.340	684	FAM007966
ERR2040296_clean_NODE_135_length_2833_cov_66.536918	REVIEW	AMBIGUOUS	no_viral_domain_but_blast	0	0				0	
ERR2040296_clean_NODE_313_length_2418_cov_90.173895	REVIEW	REVIEW	no_viral_domain_but_blast	25	12	2.09e-304	1010.8	0.914	664	FAM002056
ERR2040296_clean_NODE_391_length_2323_cov_389.971930	REVIEW	REVIEW	no_viral_domain_but_blast	7	6	4.35e-287	953.5	0.911	613	FAM003546
ERR2040297_clean_NODE_1387_length_2458_cov_7.881159	REVIEW	AMBIGUOUS	no_viral_domain_but_blast	0	0				0	
ERR2040297_clean_NODE_17410_length_823_cov_3.034615	KEEP	PASS_CORE	KEEP	0	0				0	
ERR2040297_clean_NODE_26575_length_602_cov_3.917710	KEEP	PASS_CORE	KEEP	23	3	4.93e-61	206.5	0.162	105	FAM000134
ERR2040297_clean_NODE_31198_length_526_cov_2.966874	REVIEW	REVIEW	short_fragment	0	0				0	
ERR2040297_clean_NODE_445_length_3282_cov_15.151590	KEEP	PASS_VIRAL	KEEP	29	0	6.08e-59	199.6	0.361	889	FAM012716
ERR2040297_clean_NODE_937_length_2730_cov_15.225530	REVIEW	AMBIGUOUS	no_viral_domain_but_blast	0	0				0	
ERR2040298_clean_NODE_1005_length_2880_cov_30.689461	KEEP	PASS_VIRAL	KEEP	21	0	4.53e-51	173.9	0.405	786	FAM004890
ERR2040298_clean_NODE_123_length_4560_cov_48.618995	DROP	AMBIGUOUS	DROP	0	0				0	
ERR2040298_clean_NODE_1555_length_2530_cov_32.316043	DROP	AMBIGUOUS	DROP	5	1	3.92e-09	35.2	0.107	478	FAM022056
ERR2040298_clean_NODE_2068_length_2325_cov_8.535057	REVIEW	PASS_VIRAL	short_fragment	0	0				0	
ERR2040298_clean_NODE_258_length_3970_cov_37.353705	DROP	REVIEW	DROP	2	0	3.70e-03	16.3	0.421	945	FAM002894
ERR2040298_clean_NODE_2766_length_2099_cov_35.687257	DROP	AMBIGUOUS	DROP	3	2	1.21e-55	188.4	0.900	538	FAM020762
ERR2040298_clean_NODE_472_length_3494_cov_6.152709	DROP	AMBIGUOUS	DROP	0	0				0	
ERR2040298_clean_NODE_489_length_3470_cov_28.041144	REVIEW	AMBIGUOUS	no_viral_domain_but_blast	0	0				0	
ERR2040299_clean_NODE_1327_length_2033_cov_10.836683	DROP	AMBIGUOUS	DROP	3	0	2.59e-57	194.8	0.440	449	FAM011577
ERR2040299_clean_NODE_153_length_2913_cov_19.735192	DROP	AMBIGUOUS	DROP	2	0	1.99e-11	41.6	0.051	659	FAM010548
ERR2040299_clean_NODE_36_length_3463_cov_35.146784	DROP	REVIEW	DROP	2	0	1.21e-04	20.5	0.122	950	FAM003581
ERR2040299_clean_NODE_757_length_2283_cov_18.264286	DROP	AMBIGUOUS	DROP	5	1	1.80e-09	36.3	0.111	515	FAM022056
ERR2040300_clean_NODE_281_length_3162_cov_20.756332	DROP	AMBIGUOUS	DROP	0	0				0	
ERR2040300_clean_NODE_62_length_4121_cov_130.786905	DROP	REVIEW	DROP	2	0	1.63e-04	20.0	0.140	941	FAM003581
ERR2040300_clean_NODE_643_length_2654_cov_272.812715	DROP	AMBIGUOUS	DROP	0	0				0	
ERR2040300_clean_NODE_739_length_2567_cov_7.837559	REVIEW	AMBIGUOUS	no_viral_domain_but_blast	0	0				0	
ERR2040300_clean_NODE_757_length_2548_cov_33.439122	DROP	AMBIGUOUS	DROP	5	1	5.74e-09	34.7	0.115	525	FAM022056
ERR2040301_clean_NODE_1504_length_1344_cov_2.688701	REVIEW	REVIEW	no_viral_domain_but_blast	4	4	8.33e-122	406.1	0.809	282	FAM014886
ERR2040302_clean_NODE_1048_length_2095_cov_10.123294	DROP	REVIEW	DROP	0	0				0	
ERR2040302_clean_NODE_10_length_4350_cov_4.666589	KEEP	PASS_CORE	KEEP	0	0				0	
ERR2040302_clean_NODE_11232_length_806_cov_3.946265	REVIEW	REVIEW	short_fragment	3	0	2.49e-66	223.7	0.482	145	FAM013859
ERR2040302_clean_NODE_11563_length_788_cov_3.449664	REVIEW	REVIEW	short_fragment	2	2	4.33e-87	291.0	0.709	159	FAM013860
ERR2040302_clean_NODE_12322_length_754_cov_4.381153	REVIEW	REVIEW	short_fragment	0	0				0	
ERR2040302_clean_NODE_13231_length_715_cov_2.574405	REVIEW	REVIEW	short_fragment	0	0				0	
ERR2040302_clean_NODE_13422_length_706_cov_13.072398	REVIEW	REVIEW	short_fragment	3	2	1.36e-60	203.6	0.674	124	FAM013861
ERR2040302_clean_NODE_1516_length_1922_cov_3.588079	KEEP	PASS_VIRAL	KEEP	5	4	1.17e-228	760.8	0.628	493	FAM004987
ERR2040302_clean_NODE_40_length_3619_cov_45.699385	DROP	REVIEW	DROP	2	0	4.73e-04	18.5	0.110	948	FAM003581
ERR2040302_clean_NODE_63_length_3423_cov_9.315089	KEEP	PASS_CORE	KEEP	46	14	0.00e+00	1082.1	0.483	1033	FAM000069
ERR2040302_clean_NODE_6728_length_1099_cov_6.144886	REVIEW	REVIEW	short_fragment	5	0	6.90e-77	258.7	0.435	240	FAM006298
ERR2040302_clean_NODE_69_length_3382_cov_11.265349	KEEP	PASS_VIRAL	KEEP	0	0				0	
ERR2040302_clean_NODE_715_length_2301_cov_15.611160	DROP	AMBIGUOUS	DROP	5	0	6.69e-05	21.8	0.167	566	FAM018129
ERR2040302_clean_NODE_796_length_2238_cov_22.826424	DROP	AMBIGUOUS	DROP	0	0				0	
ERR2040302_clean_NODE_79_length_3310_cov_6.953474	REVIEW	AMBIGUOUS	no_viral_domain_but_blast	0	0				0	
ERR2040303_clean_NODE_236_length_2385_cov_185.784372	KEEP	PASS_CORE	KEEP	4	3	6.61e-113	376.5	0.771	219	FAM001292
ERR2040303_clean_NODE_38_length_3180_cov_215.214536	DROP	AMBIGUOUS	DROP	1	0	3.51e-05	23.3	0.386	184	FAM022736
ERR2040303_clean_NODE_5891_length_862_cov_2.051282	REVIEW	REVIEW	short_fragment	1	1	3.44e-56	189.9	0.739	183	FAM006296
ERR2040303_clean_NODE_6035_length_848_cov_1.400000	KEEP	PASS_CORE	KEEP	0	0				0	
ERR2040303_clean_NODE_7891_length_714_cov_6.785395	DROP	REVIEW	DROP	2	0	6.54e-30	104.2	0.173	86	FAM001737
ERR2040304_clean_NODE_10292_length_794_cov_3.531292	REVIEW	REVIEW	short_fragment	0	0				0	
ERR2040304_clean_NODE_2460_length_1577_cov_7.335724	DROP	REVIEW	DROP	0	0				0	
ERR2040304_clean_NODE_280_length_2641_cov_3.752117	KEEP	PASS_VIRAL	KEEP	0	0				0	
ERR2040304_clean_NODE_282_length_2639_cov_15.206471	DROP	AMBIGUOUS	DROP	5	1	1.10e-09	37.0	0.105	474	FAM022056
ERR2040304_clean_NODE_290_length_2619_cov_11.720885	DROP	REVIEW	DROP	0	0				0	
ERR2040304_clean_NODE_3204_length_1439_cov_2.808023	DROP	REVIEW	DROP	9	0	1.31e-145	486.4	0.321	406	FAM001797
ERR2040304_clean_NODE_4999_length_1207_cov_2.786942	DROP	REVIEW	DROP	0	0				0	
ERR2040304_clean_NODE_506_length_2354_cov_130.855041	DROP	AMBIGUOUS	DROP	1	0	6.03e-33	113.8	0.202	463	FAM012837
ERR2040304_clean_NODE_50_length_3406_cov_66.054713	REVIEW	AMBIGUOUS	no_viral_domain_but_blast	0	0				0	
ERR2040304_clean_NODE_740_length_2175_cov_40.207317	DROP	REVIEW	DROP	0	0				0	
ERR2040305_clean_NODE_10005_length_934_cov_1.088664	KEEP	PASS_CORE	KEEP	0	0				0	
ERR2040305_clean_NODE_1133_length_2272_cov_8.089726	REVIEW	AMBIGUOUS	short_fragment	9	0	1.84e-12	43.6	0.030	390	FAM001712
ERR2040305_clean_NODE_1153_length_2263_cov_6.532883	DROP	AMBIGUOUS	DROP	7	0	2.08e-05	23.5	0.330	610	FAM018129
ERR2040305_clean_NODE_20252_length_507_cov_2.545259	REVIEW	REVIEW	short_fragment	8	0	5.43e-13	47.4	0.032	38	FAM003304
ERR2040305_clean_NODE_2220_length_1855_cov_29.572296	KEEP	PASS_CORE	KEEP	7	7	6.63e-66	221.7	0.775	192	FAM002037
ERR2040305_clean_NODE_248_length_3140_cov_14.030675	REVIEW	AMBIGUOUS	no_viral_domain_but_blast	0	0				0	
ERR2040305_clean_NODE_471_length_2760_cov_10.487302	DROP	REVIEW	DROP	0	0				0	
ERR2040305_clean_NODE_55_length_4022_cov_10.024378	DROP	REVIEW	DROP	0	0				0	
ERR2040305_clean_NODE_9004_length_997_cov_3.449686	KEEP	PASS_CORE_FAM	KEEP	9	0	2.86e-07	30.2	0.249	97	FAM007069
ERR2040305_clean_NODE_95_length_3690_cov_14.228681	KEEP	PASS_VIRAL	KEEP	0	0				0	
ERR2040306_clean_NODE_126_length_2086_cov_48.557024	DROP	AMBIGUOUS	DROP	4	0	9.67e-04	17.0	0.108	570	FAM018936
ERR2040306_clean_NODE_8580_length_673_cov_3.941270	KEEP	PASS_CORE	KEEP	8	0	1.40e-57	194.0	0.030	101	FAM000106
ERR2040307_clean_NODE_117_length_2171_cov_9.374530	REVIEW	AMBIGUOUS	no_viral_domain_but_blast	0	0				0	
ERR2040307_clean_NODE_4_length_3521_cov_29.774296	DROP	REVIEW	DROP	2	0	1.05e-03	17.7	0.381	943	FAM009502
ERR2040308_clean_NODE_1132_length_2297_cov_7.855812	DROP	AMBIGUOUS	DROP	7	0	2.68e-05	23.1	0.180	613	FAM018129
ERR2040308_clean_NODE_1135_length_2295_cov_7.007549	REVIEW	AMBIGUOUS	short_fragment	6	0	1.50e-14	50.5	0.071	558	FAM001712
ERR2040308_clean_NODE_13856_length_831_cov_3.946701	REVIEW	PASS_VIRAL	short_fragment	0	0				0	
ERR2040308_clean_NODE_14318_length_812_cov_10.042913	KEEP	PASS_CORE	KEEP	0	0				0	
ERR2040308_clean_NODE_1585_length_2097_cov_15.561831	KEEP	PASS_VIRAL	KEEP	16	0	1.46e-47	162.3	0.398	545	FAM004890
ERR2040308_clean_NODE_16723_length_724_cov_4.346549	REVIEW	REVIEW	short_fragment	12	0	4.67e-22	77.4	0.050	65	FAM003304
ERR2040308_clean_NODE_16811_length_721_cov_2.216814	REVIEW	REVIEW	short_fragment	5	0	2.63e-20	72.3	0.272	167	FAM003024
ERR2040308_clean_NODE_18860_length_659_cov_2.405844	REVIEW	REVIEW	short_fragment	0	0				0	
ERR2040308_clean_NODE_20040_length_628_cov_3.524786	REVIEW	REVIEW	short_fragment	0	0				0	
ERR2040308_clean_NODE_24240_length_536_cov_6.752535	REVIEW	REVIEW	short_fragment	14	1	1.69e-30	105.4	0.054	64	FAM003304
ERR2040308_clean_NODE_389_length_2964_cov_9.709004	KEEP	PASS_VIRAL	KEEP	4	0	8.08e-12	43.9	0.066	756	FAM013464
ERR2040308_clean_NODE_796_length_2516_cov_9.635261	DROP	AMBIGUOUS	DROP	1	0	2.64e-12	45.5	0.181	242	FAM007783
ERR2040308_clean_NODE_810_length_2502_cov_63.927206	REVIEW	AMBIGUOUS	no_viral_domain_but_blast	1	1	3.58e-06	25.6	0.663	494	FAM012636
ERR2040309_clean_NODE_1530_length_2337_cov_8.450741	REVIEW	AMBIGUOUS	short_fragment	8	0	5.13e-19	65.3	0.028	581	FAM001712
ERR2040309_clean_NODE_1607_length_2308_cov_21.521413	REVIEW	REVIEW	no_viral_domain_but_blast	0	0				0	
ERR2040309_clean_NODE_173_length_3939_cov_16.959446	KEEP	PASS_VIRAL	KEEP	18	0	1.87e-52	178.4	0.477	1181	FAM004890
ERR2040309_clean_NODE_174_length_3929_cov_6.989964	DROP	AMBIGUOUS	DROP	0	0				0	
ERR2040309_clean_NODE_203_length_3808_cov_10.749535	KEEP	PASS_VIRAL	KEEP	0	0				0	
ERR2040309_clean_NODE_22541_length_602_cov_1.561717	REVIEW	REVIEW	no_viral_domain_but_blast	0	0				0	
ERR2040309_clean_NODE_506_length_3125_cov_10.096366	KEEP	PASS_VIRAL	KEEP	9	0	1.65e-31	109.4	0.196	892	FAM012657
ERR2040309_clean_NODE_636_length_2956_cov_16.701682	KEEP	PASS_VIRAL	KEEP	22	0	7.03e-53	179.9	0.403	777	FAM004890
ERR2040309_clean_NODE_662_length_2923_cov_13.676389	REVIEW	AMBIGUOUS	short_fragment	20	2	2.96e-10	40.0	0.557	662	FAM017219
ERR2040309_clean_NODE_69_length_4880_cov_34.277651	DROP	REVIEW	DROP	0	0				0	
ERR2040310_clean_NODE_1791_length_1677_cov_41.697062	KEEP	PASS_CORE	KEEP	23	1	3.48e-78	263.2	0.229	151	FAM000134
ERR2040310_clean_NODE_212_length_2651_cov_28.123083	REVIEW	AMBIGUOUS	no_viral_domain_but_blast	0	0				0	
ERR2040310_clean_NODE_21363_length_564_cov_2.143954	REVIEW	REVIEW	short_fragment	0	0				0	
ERR2040310_clean_NODE_5379_length_1176_cov_14.932921	KEEP	PASS_CORE	KEEP	0	0				0	
ERR2040310_clean_NODE_83_length_3074_cov_47.121082	REVIEW	AMBIGUOUS	no_viral_domain_but_blast	0	0				0	
ERR2040311_clean_NODE_1192_length_2336_cov_10.540340	KEEP	PASS_VIRAL	KEEP	8	0	3.89e-17	59.1	0.028	583	FAM001712
ERR2040311_clean_NODE_13171_length_838_cov_5.211321	REVIEW	REVIEW	no_viral_domain_but_blast	0	0				0	
ERR2040311_clean_NODE_14540_length_773_cov_2.154795	DROP	REVIEW	DROP	0	0				0	
ERR2040311_clean_NODE_16609_length_682_cov_3.888889	REVIEW	REVIEW	short_fragment	5	0	1.16e-56	191.9	0.400	125	FAM010181
ERR2040311_clean_NODE_20411_length_550_cov_3.992110	REVIEW	REVIEW	short_fragment	0	0				0	
ERR2040311_clean_NODE_281_length_3191_cov_9.500635	DROP	AMBIGUOUS	DROP	3	1	2.26e-97	326.3	0.976	899	FAM012407
ERR2040311_clean_NODE_348_length_3039_cov_5.193925	KEEP	PASS_VIRAL	KEEP	4	0	2.38e-13	49.0	0.067	788	FAM013464
ERR2040311_clean_NODE_458_length_2876_cov_17.228733	DROP	REVIEW	DROP	0	0				0	
ERR2040311_clean_NODE_6924_length_1267_cov_3.515523	REVIEW	REVIEW	no_viral_domain_but_blast	3	1	6.86e-60	203.0	0.516	210	FAM002990
ERR2040311_clean_NODE_7092_length_1251_cov_40.250828	KEEP	PASS_CORE	KEEP	13	10	1.26e-73	248.7	0.589	306	FAM000112
ERR2040311_clean_NODE_712_length_2630_cov_12.119830	DROP	AMBIGUOUS	DROP	2	2	2.25e-14	53.4	0.642	711	FAM022230
ERR2040311_clean_NODE_760_length_2592_cov_8.336603	REVIEW	AMBIGUOUS	short_fragment	11	0	3.23e-12	42.8	0.028	230	FAM001712
ERR2040312_clean_NODE_11018_length_573_cov_31.796226	DROP	AMBIGUOUS	DROP	1	0	1.41e-09	36.1	0.062	77	FAM003304
ERR2040313_clean_NODE_11259_length_664_cov_2.214171	REVIEW	REVIEW	short_fragment	5	0	2.10e-10	39.7	0.266	131	FAM006294
ERR2040313_clean_NODE_200_length_2937_cov_9.857982	REVIEW	AMBIGUOUS	no_viral_domain_but_blast	0	0				0	
ERR2040313_clean_NODE_913_length_2075_cov_10.839567	DROP	AMBIGUOUS	DROP	0	0				0	
ERR2040313_clean_NODE_98_length_3350_cov_110.343211	DROP	REVIEW	DROP	1	0	2.99e-04	19.2	0.128	910	FAM003581
ERR2040314_clean_NODE_30_length_2086_cov_93.203803	DROP	AMBIGUOUS	DROP	0	0				0	
ERR2040314_clean_NODE_498_length_986_cov_24.924290	KEEP	PASS_CORE	KEEP	0	0				0	
ERR2040315_clean_NODE_212_length_2585_cov_39.077891	KEEP	PASS_CORE	KEEP	4	0	3.62e-50	170.6	0.200	626	FAM004987
ERR2040315_clean_NODE_6302_length_1143_cov_20.676364	DROP	AMBIGUOUS	DROP	0	0				0	
ERR2040316_clean_NODE_5_length_1082_cov_2.353224	KEEP	PASS_CORE	KEEP	0	0				0	
ERR2040320_clean_NODE_1005_length_2134_cov_16.676513	DROP	AMBIGUOUS	DROP	5	1	8.42e-09	34.1	0.111	516	FAM022056
ERR2040320_clean_NODE_1072_length_2107_cov_39.640444	DROP	AMBIGUOUS	DROP	0	0				0	
ERR2040320_clean_NODE_237_length_2797_cov_12.270818	KEEP	PASS_VIRAL	KEEP	20	0	6.19e-51	173.4	0.405	793	FAM004890
ERR2040320_clean_NODE_267_length_2748_cov_28.157022	REVIEW	AMBIGUOUS	no_viral_domain_but_blast	0	0				0	
ERR2040320_clean_NODE_467_length_2503_cov_24.322934	REVIEW	AMBIGUOUS	no_viral_domain_but_blast	0	0				0	
ERR2040321_clean_NODE_1221_length_2601_cov_6.587959	KEEP	PASS_VIRAL	KEEP	4	0	2.00e-12	45.9	0.065	682	FAM013464
ERR2040321_clean_NODE_1854_length_2288_cov_21.481069	REVIEW	AMBIGUOUS	short_fragment	7	0	1.80e-14	50.3	0.072	536	FAM001712
ERR2040321_clean_NODE_236_length_3983_cov_15.309645	KEEP	PASS_VIRAL	KEEP	0	0				0	
ERR2040321_clean_NODE_4068_length_1723_cov_5.114286	KEEP	PASS_VIRAL	KEEP	0	0				0	
ERR2040321_clean_NODE_420_length_3478_cov_23.463464	KEEP	PASS_VIRAL	KEEP	6	0	8.29e-31	106.8	0.273	985	FAM029544
ERR2040321_clean_NODE_73_length_5207_cov_4.083462	KEEP	PASS_VIRAL	KEEP	11	2	1.45e-33	115.8	0.670	912	FAM004768
ERR2040322_clean_NODE_131_length_2785_cov_45.957695	DROP	AMBIGUOUS	DROP	4	0	4.59e-28	97.7	0.444	312	FAM022873
ERR2040322_clean_NODE_67_length_3091_cov_13.476706	DROP	AMBIGUOUS	DROP	0	0				0	
ERR2040323_clean_NODE_1025_length_2280_cov_31.106840	KEEP	PASS_VIRAL	KEEP	29	11	2.46e-26	91.3	0.153	601	FAM008177
ERR2040323_clean_NODE_107_length_3617_cov_24.615557	DROP	AMBIGUOUS	DROP	12	0	3.27e-20	72.1	0.221	688	FAM007630
ERR2040323_clean_NODE_1523_length_2065_cov_24.475767	DROP	AMBIGUOUS	DROP	3	2	2.20e-56	190.8	0.922	547	FAM020762
ERR2040323_clean_NODE_263_length_3075_cov_50.918865	DROP	AMBIGUOUS	DROP	0	0				0	
ERR2040323_clean_NODE_358_length_2873_cov_11.352297	REVIEW	AMBIGUOUS	short_fragment	1	1	7.09e-111	371.3	0.856	722	FAM017622
ERR2040323_clean_NODE_488_length_2697_cov_28.491334	DROP	AMBIGUOUS	DROP	0	0				0	
ERR2040323_clean_NODE_637_length_2540_cov_15.716860	DROP	AMBIGUOUS	DROP	9	0	1.65e-21	76.1	0.150	687	FAM004902
ERR2040323_clean_NODE_757_length_2445_cov_55.065779	REVIEW	AMBIGUOUS	no_viral_domain_but_blast	0	0				0	
ERR2040323_clean_NODE_776_length_2430_cov_42.378718	DROP	AMBIGUOUS	DROP	7	0	1.17e-26	93.1	0.345	640	FAM012845
ERR2040326_clean_NODE_1789_length_1535_cov_5.797587	REVIEW	REVIEW	short_fragment	0	0				0	
ERR2040326_clean_NODE_9166_length_780_cov_7.355495	REVIEW	REVIEW	short_fragment	10	2	1.41e-21	76.3	0.295	151	FAM007484
ERR2040327_clean_NODE_1135_length_2360_cov_8.281398	REVIEW	AMBIGUOUS	no_viral_domain_but_blast	0	0				0	
ERR2040327_clean_NODE_1136_length_2360_cov_8.026327	DROP	AMBIGUOUS	DROP	5	2	8.40e-77	258.3	0.948	620	FAM022905
ERR2040327_clean_NODE_1636_length_2173_cov_16.930516	REVIEW	AMBIGUOUS	no_viral_domain_but_blast	0	0				0	
ERR2040327_clean_NODE_1841_length_2113_cov_9.008696	REVIEW	PASS_VIRAL	short_fragment	3	0	5.96e-11	41.0	0.067	480	FAM013464
ERR2040327_clean_NODE_22105_length_529_cov_1.522634	REVIEW	REVIEW	short_fragment	0	0				0	
ERR2040327_clean_NODE_302_length_3034_cov_22.259779	REVIEW	AMBIGUOUS	no_viral_domain_but_blast	0	0				0	
ERR2040327_clean_NODE_420_length_2856_cov_19.619268	KEEP	PASS_VIRAL	KEEP	6	0	2.36e-21	75.9	0.269	765	FAM012657
ERR2040327_clean_NODE_646_length_2645_cov_15.625673	REVIEW	REVIEW	short_fragment	14	8	1.31e-68	230.9	0.747	226	FAM006701
ERR2040328_clean_NODE_11713_length_563_cov_20.840385	DROP	REVIEW	DROP	3	0	1.01e-27	97.0	0.230	81	FAM001803
ERR2040328_clean_NODE_39_length_2655_cov_14.841118	REVIEW	AMBIGUOUS	no_viral_domain_but_blast	0	0				0	
ERR2040328_clean_NODE_8735_length_663_cov_3.645161	KEEP	PASS_CORE	KEEP	0	0				0	
ERR2040328_clean_NODE_8783_length_661_cov_5.985437	REVIEW	REVIEW	short_fragment	0	0				0	
ERR2040329_clean_NODE_23_length_2430_cov_151.235861	REVIEW	REVIEW	short_fragment	3	0	2.04e-06	27.4	0.268	50	FAM002164
ERR2040330_clean_NODE_134_length_3420_cov_31.796861	DROP	REVIEW	DROP	0	0				0	
ERR2040330_clean_NODE_1361_length_2053_cov_8.537313	DROP	AMBIGUOUS	DROP	0	0				0	
ERR2040330_clean_NODE_1456_length_2014_cov_60.715880	DROP	AMBIGUOUS	DROP	4	0	1.18e-08	33.6	0.105	473	FAM022056
ERR2040330_clean_NODE_219_length_3121_cov_40.142950	REVIEW	AMBIGUOUS	no_viral_domain_but_blast	0	0				0	
ERR2040330_clean_NODE_297_length_2958_cov_6.013722	KEEP	PASS_VIRAL	KEEP	0	0				0	
ERR2040330_clean_NODE_361_length_2845_cov_14.484654	KEEP	PASS_VIRAL	KEEP	7	0	1.49e-20	72.7	0.302	707	FAM019894
ERR2040332_clean_NODE_11580_length_854_cov_7.875462	REVIEW	PASS_VIRAL	short_fragment	0	0				0	
ERR2040332_clean_NODE_13_length_4137_cov_27.979238	REVIEW	AMBIGUOUS	no_viral_domain_but_blast	18	0	6.92e-36	123.5	0.334	233	FAM000134
ERR2040332_clean_NODE_14685_length_734_cov_3.211288	KEEP	PASS_CORE	KEEP	0	0				0	
ERR2040332_clean_NODE_15996_length_693_cov_5.592308	REVIEW	REVIEW	short_fragment	0	0				0	
ERR2040332_clean_NODE_171_length_2726_cov_8.627283	DROP	AMBIGUOUS	DROP	0	0				0	
ERR2040332_clean_NODE_20692_length_573_cov_18.471698	REVIEW	REVIEW	short_fragment	0	0				0	
ERR2040332_clean_NODE_218_length_2625_cov_13.791247	DROP	AMBIGUOUS	DROP	0	0				0	
ERR2040332_clean_NODE_23495_length_516_cov_5.211416	REVIEW	REVIEW	short_fragment	0	0				0	
ERR2040332_clean_NODE_250_length_2579_cov_17.989748	KEEP	PASS_VIRAL	KEEP	26	4	3.27e-39	134.0	0.090	602	FAM008177
ERR2040332_clean_NODE_398_length_2366_cov_10.277658	DROP	REVIEW	DROP	8	5	5.02e-33	114.1	0.740	365	FAM014731
ERR2040332_clean_NODE_4244_length_1326_cov_44.114575	KEEP	PASS_CORE	KEEP	13	4	1.18e-81	274.5	0.569	256	FAM014960
ERR2040332_clean_NODE_791_length_2068_cov_27.079506	KEEP	PASS_CORE	KEEP	12	6	9.98e-111	370.4	0.845	385	FAM014960
ERR2040332_clean_NODE_9589_length_947_cov_17.092920	KEEP	PASS_CORE	KEEP	0	0				0	
ERR2040333_clean_NODE_1867_length_2123_cov_14.874038	KEEP	PASS_VIRAL	KEEP	0	0				0	
ERR2040333_clean_NODE_2403_length_1990_cov_34.954289	KEEP	PASS_VIRAL	KEEP	0	0				0	
ERR2040333_clean_NODE_311_length_3101_cov_2.102027	KEEP	PASS_VIRAL	KEEP	0	0				0	
ERR2040333_clean_NODE_354_length_3049_cov_575.539920	DROP	AMBIGUOUS	DROP	0	0				0	
ERR2040333_clean_NODE_868_length_2540_cov_6.774930	REVIEW	AMBIGUOUS	short_fragment	0	0				0	
ERR2040334_clean_NODE_17950_length_703_cov_2.339394	KEEP	PASS_CORE_FAM	KEEP	0	0				0	
ERR2040344_clean_NODE_1642_length_2050_cov_29.011958	DROP	REVIEW	DROP	0	0				0	
ERR2040345_clean_NODE_1016_length_3068_cov_6.836694	DROP	REVIEW	DROP	0	0				0	
ERR2040345_clean_NODE_12774_length_1051_cov_3.028770	DROP	REVIEW	DROP	0	0				0	
ERR2040345_clean_NODE_15246_length_861_cov_4.232274	DROP	REVIEW	DROP	1	0	2.68e-44	151.2	0.125	142	FAM003378
ERR2040345_clean_NODE_1599_length_2730_cov_14.373279	DROP	REVIEW	DROP	0	0				0	
ERR2040345_clean_NODE_2542_length_2385_cov_10.198548	DROP	AMBIGUOUS	DROP	6	0	5.30e-09	34.8	0.123	503	FAM022056
ERR2040345_clean_NODE_2883_length_2289_cov_3.987979	KEEP	PASS_VIRAL	KEEP	27	0	4.34e-58	196.8	0.361	636	FAM012716
ERR2040345_clean_NODE_3158_length_2229_cov_12.269899	DROP	REVIEW	DROP	0	0				0	
ERR2040345_clean_NODE_3304_length_2196_cov_10.181143	DROP	REVIEW	DROP	0	0				0	
ERR2040345_clean_NODE_3568_length_2143_cov_10.024286	KEEP	PASS_VIRAL	KEEP	22	0	4.80e-54	183.7	0.415	519	FAM004890
ERR2040345_clean_NODE_799_length_3254_cov_9.820617	KEEP	PASS_VIRAL	KEEP	4	0	9.52e-12	43.7	0.065	760	FAM013464
ERR2040347_clean_NODE_1674_length_2264_cov_34.226024	KEEP	PASS_VIRAL	KEEP	5	1	2.86e-87	292.5	0.899	518	FAM011052
ERR2040347_clean_NODE_17340_length_751_cov_4.973164	KEEP	PASS_VIRAL	KEEP	19	1	8.52e-47	159.4	0.083	100	FAM003304
ERR2040347_clean_NODE_22165_length_603_cov_1.937500	REVIEW	REVIEW	short_fragment	3	0	2.89e-05	21.8	0.023	27	FAM003304
ERR2040347_clean_NODE_24483_length_546_cov_2.240557	REVIEW	REVIEW	short_fragment	0	0				0	
ERR2040347_clean_NODE_25365_length_526_cov_2.853002	REVIEW	REVIEW	short_fragment	8	0	2.86e-14	51.6	0.035	42	FAM003304
ERR2040347_clean_NODE_262_length_3409_cov_43.098633	KEEP	PASS_VIRAL	KEEP	27	9	4.27e-28	97.2	0.180	328	FAM008177
ERR2040347_clean_NODE_335_length_3256_cov_9.005291	REVIEW	AMBIGUOUS	no_viral_domain_but_blast	4	0	1.35e-15	56.0	0.034	44	FAM003304
ERR2040347_clean_NODE_565_length_2931_cov_21.161704	DROP	AMBIGUOUS	DROP	0	0				0	
ERR2040348_clean_NODE_1768_length_2439_cov_3.078047	KEEP	PASS_VIRAL	KEEP	0	0				0	
ERR2040348_clean_NODE_18033_length_738_cov_1.787050	DROP	REVIEW	DROP	14	0	3.84e-34	117.7	0.194	164	FAM000134
ERR2040348_clean_NODE_2235_length_2287_cov_17.700980	REVIEW	AMBIGUOUS	short_fragment	7	0	6.26e-14	48.5	0.071	561	FAM001712
ERR2040348_clean_NODE_2298_length_2270_cov_11.409520	KEEP	PASS_VIRAL	KEEP	40	17	1.46e-95	320.8	0.187	614	FAM008177
ERR2040348_clean_NODE_2511_length_2209_cov_14.688366	DROP	REVIEW	DROP	0	0				0	
ERR2040348_clean_NODE_2582_length_2189_cov_7.744175	DROP	REVIEW	DROP	0	0				0	
ERR2040348_clean_NODE_2636_length_2174_cov_20.425153	REVIEW	AMBIGUOUS	no_viral_domain_but_blast	0	0				0	
ERR2040348_clean_NODE_4473_length_1837_cov_25.674470	DROP	AMBIGUOUS	DROP	3	2	3.32e-136	454.0	0.949	455	FAM021437
ERR2040348_clean_NODE_623_length_3113_cov_24.453746	KEEP	PASS_VIRAL	KEEP	9	0	1.05e-31	110.0	0.157	895	FAM012657
ERR2040348_clean_NODE_805_length_2938_cov_10.771330	KEEP	PASS_VIRAL	KEEP	14	0	1.70e-26	92.0	0.299	497	FAM004770
ERR2040349_clean_NODE_6860_length_868_cov_17.170909	KEEP	PASS_CORE	KEEP	9	5	1.11e-31	108.7	0.070	176	FAM003099
ERR2040349_clean_NODE_90_length_2794_cov_34.581970	DROP	AMBIGUOUS	DROP	0	0				0	
ERR2040350_clean_NODE_1135_length_2240_cov_11.163405	DROP	AMBIGUOUS	DROP	6	0	8.71e-06	24.5	0.434	567	FAM032326
ERR2040350_clean_NODE_114_length_3697_cov_12.524357	DROP	AMBIGUOUS	DROP	0	0				0	
ERR2040350_clean_NODE_1777_length_1988_cov_47.438046	REVIEW	REVIEW	no_viral_domain_but_blast	8	4	8.22e-32	110.3	0.942	390	FAM010181
ERR2040350_clean_NODE_199_length_3289_cov_14.203943	REVIEW	AMBIGUOUS	no_viral_domain_but_blast	0	0				0	
ERR2040350_clean_NODE_327_length_2946_cov_47.413365	REVIEW	AMBIGUOUS	no_viral_domain_but_blast	0	0				0	
ERR2040350_clean_NODE_3835_length_1538_cov_18.219398	REVIEW	REVIEW	short_fragment	10	3	1.07e-27	96.5	0.551	374	FAM007484
ERR2040350_clean_NODE_618_length_2576_cov_26.436242	KEEP	PASS_VIRAL	KEEP	0	0				0	
ERR2040350_clean_NODE_624_length_2571_cov_17.791930	REVIEW	AMBIGUOUS	no_viral_domain_but_blast	0	0				0	
ERR2040351_clean_NODE_103_length_3721_cov_68.283578	DROP	AMBIGUOUS	DROP	2	1	4.15e-17	62.0	0.637	226	FAM012802
ERR2040351_clean_NODE_2972_length_1735_cov_5.382979	REVIEW	REVIEW	no_viral_domain_but_blast	11	8	2.37e-207	689.3	0.878	431	FAM001737
ERR2040351_clean_NODE_330_length_3012_cov_27.395419	DROP	REVIEW	DROP	0	0				0	
ERR2040351_clean_NODE_651_length_2611_cov_131.889019	DROP	AMBIGUOUS	DROP	8	8	2.28e-07	30.2	0.585	365	FAM012514
ERR2040351_clean_NODE_686_length_2586_cov_9.225324	REVIEW	AMBIGUOUS	no_viral_domain_but_blast	0	0				0	
ERR2040351_clean_NODE_881_length_2415_cov_27.134907	DROP	AMBIGUOUS	DROP	0	0				0	
ERR2040353_clean_NODE_482_length_834_cov_48.603034	KEEP	PASS_CORE	KEEP	0	0				0	
ERR2040357_clean_NODE_291_length_2815_cov_16.852158	DROP	AMBIGUOUS	DROP	5	1	3.91e-19	66.4	0.089	760	FAM003307
ERR2040357_clean_NODE_713_length_2357_cov_8.403531	REVIEW	AMBIGUOUS	no_viral_domain_but_blast	0	0				0	
ERR2040358_clean_NODE_1316_length_2350_cov_28.954053	DROP	AMBIGUOUS	DROP	0	0				0	
ERR2040358_clean_NODE_1481_length_2280_cov_6.496200	DROP	AMBIGUOUS	DROP	6	0	3.06e-05	22.7	0.172	602	FAM032326
ERR2040358_clean_NODE_1596_length_2227_cov_65.371795	DROP	AMBIGUOUS	DROP	0	0				0	
ERR2040358_clean_NODE_1965_length_2109_cov_21.537270	REVIEW	AMBIGUOUS	no_viral_domain_but_blast	0	0				0	
ERR2040358_clean_NODE_439_length_3051_cov_20.630652	DROP	AMBIGUOUS	DROP	0	0				0	
ERR2040358_clean_NODE_471_length_2996_cov_21.054859	DROP	AMBIGUOUS	DROP	0	0				0	
ERR2040358_clean_NODE_502_length_2968_cov_17.832479	DROP	AMBIGUOUS	DROP	0	0				0	
ERR2040358_clean_NODE_559_length_2898_cov_48.116637	KEEP	PASS_VIRAL	KEEP	12	0	1.54e-09	36.7	0.273	726	FAM012165
ERR2040358_clean_NODE_833_length_2638_cov_30.238921	REVIEW	AMBIGUOUS	no_viral_domain_but_blast	0	0				0	
ERR2040359_clean_NODE_190_length_2835_cov_11.997493	KEEP	PASS_VIRAL	KEEP	0	0				0	
ERR2040359_clean_NODE_208_length_2783_cov_12.264964	REVIEW	AMBIGUOUS	short_fragment	7	0	1.72e-13	47.0	0.071	554	FAM001712
ERR2040359_clean_NODE_601_length_2269_cov_16.655436	DROP	AMBIGUOUS	DROP	6	0	2.12e-09	36.1	0.109	550	FAM022056
ERR2040360_clean_NODE_1358_length_2890_cov_16.606955	REVIEW	PASS_VIRAL	short_fragment	9	0	4.24e-15	52.3	0.028	579	FAM001712
ERR2040360_clean_NODE_1496_length_2799_cov_14.401669	REVIEW	AMBIGUOUS	no_viral_domain_but_blast	0	0				0	
ERR2040360_clean_NODE_25_length_6941_cov_17.569006	KEEP	PASS_VIRAL	KEEP	6	2	6.95e-67	226.0	0.205	2119	FAM013464
ERR2040360_clean_NODE_2728_length_2293_cov_9.302667	DROP	AMBIGUOUS	DROP	0	0				0	
ERR2040360_clean_NODE_3113_length_2180_cov_5.156294	DROP	AMBIGUOUS	DROP	7	0	1.84e-05	23.4	0.076	571	FAM032326
ERR2040360_clean_NODE_474_length_3810_cov_55.085214	DROP	AMBIGUOUS	DROP	0	0				0	
ERR2040360_clean_NODE_782_length_3382_cov_13.443845	KEEP	PASS_VIRAL	KEEP	5	0	7.74e-13	47.3	0.066	749	FAM013464
ERR2040360_clean_NODE_898_length_3234_cov_5.598872	REVIEW	AMBIGUOUS	no_viral_domain_but_blast	0	0				0	
ERR2040360_clean_NODE_97_length_5496_cov_15.810196	DROP	AMBIGUOUS	DROP	2	0	5.32e-34	117.9	0.435	1210	FAM012606
ERR2040361_clean_NODE_1031_length_2550_cov_67.790985	DROP	AMBIGUOUS	DROP	0	0				0	
ERR2040361_clean_NODE_1070_length_2516_cov_20.048120	DROP	REVIEW	DROP	0	0				0	
ERR2040361_clean_NODE_10972_length_785_cov_17.359838	KEEP	PASS_CORE	KEEP	7	3	4.73e-27	93.6	0.077	137	FAM000069
ERR2040361_clean_NODE_1462_length_2320_cov_10.104963	DROP	REVIEW	DROP	0	0				0	
ERR2040361_clean_NODE_19_length_5616_cov_10.867755	DROP	AMBIGUOUS	DROP	0	0				0	
ERR2040361_clean_NODE_530_length_3002_cov_4.767489	KEEP	PASS_VIRAL	KEEP	14	0	2.13e-09	36.4	0.294	762	FAM012430
ERR2040361_clean_NODE_727_length_2791_cov_19.743086	DROP	AMBIGUOUS	DROP	8	1	6.34e-11	41.1	0.109	522	FAM022056
ERR2040362_clean_NODE_1459_length_2141_cov_35.079600	DROP	AMBIGUOUS	DROP	0	0				0	
ERR2040362_clean_NODE_1_length_6790_cov_10.434119	REVIEW	AMBIGUOUS	no_viral_domain_but_blast	3	0	9.86e-08	30.7	0.301	1741	FAM012636
ERR2040362_clean_NODE_204_length_3240_cov_7.521114	REVIEW	AMBIGUOUS	no_viral_domain_but_blast	2	0	7.19e-03	14.8	0.119	773	FAM004481
ERR2040362_clean_NODE_2112_length_1938_cov_22.660686	KEEP	PASS_VIRAL	KEEP	8	2	8.53e-88	294.2	0.922	443	FAM011052
ERR2040362_clean_NODE_3596_length_1633_cov_11.807547	DROP	REVIEW	DROP	3	3	9.68e-124	413.3	0.878	411	FAM002990
ERR2040362_clean_NODE_364_length_2913_cov_17.505923	REVIEW	AMBIGUOUS	no_viral_domain_but_blast	0	0				0	
ERR2040362_clean_NODE_415_length_2834_cov_9.025797	REVIEW	PASS_VIRAL	short_fragment	9	0	2.35e-18	63.2	0.075	589	FAM003565
ERR2040362_clean_NODE_8_length_5294_cov_9.822891	KEEP	PASS_VIRAL	KEEP	7	0	8.39e-27	93.8	0.353	895	FAM012657
ERR2040363_clean_NODE_10522_length_696_cov_1.434916	KEEP	PASS_CORE	KEEP	0	0				0	
ERR2040363_clean_NODE_12357_length_614_cov_2.388792	KEEP	PASS_CORE	KEEP	0	0				0	
ERR2040363_clean_NODE_167_length_2756_cov_11.195724	KEEP	PASS_VIRAL	KEEP	12	0	1.33e-08	33.7	0.290	766	FAM011187
ERR2040363_clean_NODE_33_length_3520_cov_15.005752	KEEP	PASS_VIRAL	KEEP	7	0	2.72e-27	95.5	0.353	1005	FAM012657
ERR2040363_clean_NODE_3527_length_1286_cov_3.313757	REVIEW	REVIEW	no_viral_domain_but_blast	0	0				0	
ERR2040363_clean_NODE_3_length_5490_cov_21.158252	KEEP	PASS_VIRAL	KEEP	2	0	2.26e-23	81.8	0.088	113	FAM003304
ERR2040363_clean_NODE_6265_length_972_cov_6.168999	KEEP	PASS_CORE	KEEP	0	0				0	
ERR2040363_clean_NODE_6522_length_949_cov_6.990066	KEEP	PASS_CORE	KEEP	19	0	6.54e-44	149.8	0.096	176	FAM003304
ERR2040363_clean_NODE_6754_length_930_cov_10.091319	KEEP	PASS_CORE	KEEP	19	0	6.15e-45	153.2	0.094	135	FAM003304
ERR2040363_clean_NODE_7296_length_888_cov_1.746746	KEEP	PASS_CORE	KEEP	0	0				0	
ERR2040366_clean_NODE_1039_length_2211_cov_25.941882	DROP	AMBIGUOUS	DROP	6	1	7.50e-10	37.6	0.111	529	FAM022056
ERR2040366_clean_NODE_1045_length_2208_cov_26.047575	DROP	AMBIGUOUS	DROP	3	2	8.03e-48	162.7	0.788	480	FAM020762
ERR2040366_clean_NODE_1326_length_2076_cov_34.817019	DROP	AMBIGUOUS	DROP	3	2	5.01e-57	192.9	0.894	520	FAM020762
ERR2040366_clean_NODE_2463_length_1748_cov_5.142522	KEEP	PASS_VIRAL	KEEP	0	0				0	
ERR2040366_clean_NODE_419_length_2639_cov_40.280817	REVIEW	AMBIGUOUS	no_viral_domain_but_blast	3	0	1.35e-08	33.5	0.307	654	FAM012636
ERR2040366_clean_NODE_459_length_2590_cov_8.021201	KEEP	PASS_VIRAL	KEEP	3	0	4.30e-04	18.5	0.077	540	FAM018279
ERR2040366_clean_NODE_536_length_2521_cov_12.455609	DROP	AMBIGUOUS	DROP	0	0				0	
ERR2040366_clean_NODE_768_length_2353_cov_31.717749	DROP	REVIEW	DROP	0	0				0	
ERR2040367_clean_NODE_12595_length_739_cov_4.495690	REVIEW	REVIEW	short_fragment	7	1	5.75e-40	136.9	0.360	164	FAM007484
ERR2040367_clean_NODE_14782_length_660_cov_12.685575	DROP	REVIEW	DROP	0	0				0	
ERR2040367_clean_NODE_162_length_2998_cov_36.474450	REVIEW	REVIEW	no_viral_domain_but_blast	0	0				0	
ERR2040367_clean_NODE_18315_length_565_cov_12.902299	REVIEW	REVIEW	short_fragment	0	0				0	
ERR2040367_clean_NODE_19187_length_545_cov_1.685259	REVIEW	REVIEW	short_fragment	11	0	6.75e-15	53.4	0.030	42	FAM025821
ERR2040367_clean_NODE_213_length_2862_cov_19.852075	REVIEW	AMBIGUOUS	no_viral_domain_but_blast	0	0				0	
ERR2040367_clean_NODE_215_length_2857_cov_18.497157	DROP	AMBIGUOUS	DROP	2	0	6.09e-10	36.7	0.049	585	FAM010548
ERR2040367_clean_NODE_3696_length_1387_cov_11.184524	KEEP	PASS_CORE	KEEP	0	0				0	
ERR2040367_clean_NODE_667_length_2225_cov_14.199358	REVIEW	PASS_VIRAL	short_fragment	9	0	8.64e-18	61.3	0.071	546	FAM001712
ERR2040368_clean_NODE_10234_length_872_cov_3.299156	DROP	AMBIGUOUS	DROP	4	0	5.28e-51	173.3	0.148	192	FAM003304
ERR2040368_clean_NODE_1100_length_2312_cov_13.418246	REVIEW	AMBIGUOUS	short_fragment	9	0	2.22e-17	59.9	0.029	589	FAM001712
ERR2040368_clean_NODE_1347_length_2176_cov_36.546648	DROP	REVIEW	DROP	0	0				0	
ERR2040368_clean_NODE_15769_length_589_cov_4.313187	DROP	AMBIGUOUS	DROP	0	0				0	
ERR2040368_clean_NODE_203_length_3471_cov_13.555718	KEEP	PASS_VIRAL	KEEP	0	0				0	
ERR2040368_clean_NODE_673_length_2670_cov_45.260754	DROP	AMBIGUOUS	DROP	0	0				0	
ERR2040368_clean_NODE_775_length_2575_cov_6.735782	REVIEW	AMBIGUOUS	short_fragment	3	0	9.64e-09	33.5	0.079	446	FAM004243
ERR2040369_clean_NODE_11080_length_1011_cov_7.501033	REVIEW	REVIEW	short_fragment	0	0				0	
ERR2040369_clean_NODE_11191_length_1004_cov_2.522373	DROP	AMBIGUOUS	DROP	1	0	2.29e-11	42.0	0.060	89	FAM003304
ERR2040369_clean_NODE_13517_length_854_cov_2.895191	DROP	AMBIGUOUS	DROP	4	0	3.59e-51	173.8	0.147	192	FAM003304
ERR2040369_clean_NODE_14963_length_773_cov_22.572603	DROP	AMBIGUOUS	DROP	0	0				0	
ERR2040369_clean_NODE_1567_length_2493_cov_50.371837	DROP	AMBIGUOUS	DROP	5	1	6.97e-10	37.7	0.113	512	FAM022056
ERR2040369_clean_NODE_169_length_4300_cov_28.102889	DROP	AMBIGUOUS	DROP	11	3	1.67e-56	191.5	0.845	562	FAM022873
ERR2040369_clean_NODE_21436_length_517_cov_1.537975	REVIEW	REVIEW	short_fragment	0	0				0	
ERR2040369_clean_NODE_244_length_3958_cov_19.834483	DROP	AMBIGUOUS	DROP	0	0				0	
ERR2040369_clean_NODE_2744_length_2079_cov_29.050098	REVIEW	REVIEW	no_viral_domain_but_blast	3	0	1.49e-05	23.5	0.167	95	FAM007484
ERR2040369_clean_NODE_2828_length_2058_cov_5.304218	REVIEW	PASS_VIRAL	short_fragment	4	0	2.73e-13	48.8	0.066	510	FAM013464
ERR2040369_clean_NODE_35_length_6169_cov_13.065785	DROP	AMBIGUOUS	DROP	0	0				0	
ERR2040369_clean_NODE_382_length_3585_cov_3.686053	KEEP	PASS_VIRAL	KEEP	35	2	3.10e-122	409.2	0.308	420	FAM003304
ERR2040369_clean_NODE_486_length_3398_cov_43.729061	REVIEW	AMBIGUOUS	no_viral_domain_but_blast	0	0				0	
ERR2040369_clean_NODE_5317_length_1596_cov_95.806825	DROP	REVIEW	DROP	6	0	4.64e-27	94.4	0.308	162	FAM015456
ERR2040369_clean_NODE_543_length_3302_cov_11.817429	KEEP	PASS_VIRAL	KEEP	6	0	1.87e-38	132.0	0.248	917	FAM013464
ERR2040369_clean_NODE_630_length_3181_cov_58.251434	KEEP	PASS_VIRAL	KEEP	5	4	9.40e-98	327.9	0.633	783	FAM004987
ERR2040369_clean_NODE_6905_length_1395_cov_3.022929	KEEP	PASS_CORE	KEEP	25	3	2.99e-142	475.5	0.147	239	FAM023340
ERR2040369_clean_NODE_70_length_5369_cov_16.189824	KEEP	PASS_VIRAL	KEEP	35	16	1.60e-47	161.6	0.115	606	FAM008177
ERR2040369_clean_NODE_924_length_2889_cov_4.280745	KEEP	PASS_VIRAL	KEEP	1	0	1.02e-13	49.8	0.077	129	FAM003304
ERR2040370_clean_NODE_1092_length_2783_cov_91.564599	REVIEW	AMBIGUOUS	no_viral_domain_but_blast	0	0				0	
ERR2040370_clean_NODE_1102_length_2780_cov_13.838875	DROP	AMBIGUOUS	DROP	0	0				0	
ERR2040370_clean_NODE_1115_length_2766_cov_6.187293	KEEP	PASS_VIRAL	KEEP	4	0	1.11e-13	50.1	0.066	777	FAM013464
ERR2040370_clean_NODE_1168_length_2723_cov_4.434701	DROP	AMBIGUOUS	DROP	2	1	4.96e-38	130.3	0.555	741	FAM010955
ERR2040370_clean_NODE_1253_length_2663_cov_10.050763	KEEP	PASS_VIRAL	KEEP	0	0				0	
ERR2040370_clean_NODE_1286_length_2646_cov_57.321552	REVIEW	AMBIGUOUS	short_fragment	2	0	3.42e-17	61.8	0.460	477	FAM016796
ERR2040370_clean_NODE_1527_length_2516_cov_6.099879	REVIEW	AMBIGUOUS	no_viral_domain_but_blast	0	0				0	
ERR2040370_clean_NODE_16627_length_756_cov_1.915849	KEEP	PASS_CORE	KEEP	0	0				0	
ERR2040370_clean_NODE_20020_length_630_cov_3.362862	KEEP	PASS_CORE	KEEP	0	0				0	
ERR2040370_clean_NODE_2088_length_2256_cov_28.119747	REVIEW	AMBIGUOUS	short_fragment	6	0	3.20e-14	49.4	0.071	562	FAM001712
ERR2040370_clean_NODE_2300_length_2182_cov_7.671342	DROP	REVIEW	DROP	2	0	5.10e-04	18.5	0.148	159	FAM001808
ERR2040370_clean_NODE_2597_length_2092_cov_38.540752	DROP	AMBIGUOUS	DROP	0	0				0	
ERR2040370_clean_NODE_2928_length_2001_cov_62.504597	DROP	AMBIGUOUS	DROP	6	1	8.66e-10	37.4	0.109	513	FAM022056
ERR2040370_clean_NODE_385_length_3711_cov_19.415213	DROP	AMBIGUOUS	DROP	0	0				0	
ERR2040370_clean_NODE_740_length_3124_cov_24.524830	DROP	AMBIGUOUS	DROP	0	0				0	
ERR2040370_clean_NODE_969_length_2884_cov_11.595213	DROP	AMBIGUOUS	DROP	1	0	5.95e-04	18.6	0.458	661	FAM001639
ERR2040371_clean_NODE_1050_length_2731_cov_18.395461	DROP	AMBIGUOUS	DROP	2	0	2.38e-05	23.0	0.177	404	FAM012845
ERR2040371_clean_NODE_1141_length_2671_cov_56.793760	DROP	AMBIGUOUS	DROP	1	0	5.02e-32	110.8	0.204	452	FAM012837
ERR2040371_clean_NODE_1426_length_2511_cov_13.134927	REVIEW	AMBIGUOUS	short_fragment	8	0	1.34e-17	60.6	0.029	583	FAM001712
ERR2040371_clean_NODE_1502_length_2477_cov_8.799918	REVIEW	AMBIGUOUS	short_fragment	8	0	1.83e-15	53.5	0.071	518	FAM001712
ERR2040371_clean_NODE_2012_length_2258_cov_83.401806	KEEP	PASS_VIRAL	KEEP	3	1	4.14e-62	209.7	0.922	626	FAM011052
ERR2040371_clean_NODE_2025_length_2255_cov_5.431736	DROP	REVIEW	DROP	0	0				0	
ERR2040371_clean_NODE_2494_length_2117_cov_70.550627	DROP	AMBIGUOUS	DROP	7	0	5.77e-06	25.3	0.327	540	FAM018129
ERR2040371_clean_NODE_2501_length_2115_cov_8.794402	KEEP	PASS_VIRAL	KEEP	25	0	3.20e-56	190.9	0.398	451	FAM004890
ERR2040371_clean_NODE_372_length_3477_cov_36.001165	DROP	AMBIGUOUS	DROP	8	1	1.23e-19	68.0	0.087	756	FAM003307
ERR2040371_clean_NODE_3_length_6527_cov_8.157927	DROP	AMBIGUOUS	DROP	2	1	1.58e-21	76.3	0.551	337	FAM007992
ERR2040371_clean_NODE_465_length_3336_cov_7.706650	DROP	AMBIGUOUS	DROP	0	0				0	
ERR2040371_clean_NODE_489_length_3305_cov_8.384120	DROP	REVIEW	DROP	0	0				0	
ERR2040371_clean_NODE_564_length_3202_cov_3.312124	KEEP	PASS_VIRAL	KEEP	0	0				0	
ERR2040371_clean_NODE_899_length_2861_cov_212.763662	KEEP	PASS_VIRAL	KEEP	4	3	4.17e-203	675.0	0.851	389	FAM001220
ERR2040371_clean_NODE_917_length_2850_cov_7.050232	REVIEW	AMBIGUOUS	no_viral_domain_but_blast	0	0				0	
ERR2040371_clean_NODE_98_length_4463_cov_15.130090	DROP	REVIEW	DROP	0	0				0	
ERR2040372_clean_NODE_1245_length_2549_cov_7.783320	REVIEW	AMBIGUOUS	short_fragment	9	2	8.12e-87	291.7	0.157	244	FAM003310
ERR2040372_clean_NODE_276_length_3796_cov_103.199307	DROP	AMBIGUOUS	DROP	2	0	1.61e-06	27.2	0.153	887	FAM003353
ERR2040372_clean_NODE_325_length_3641_cov_17.731795	KEEP	PASS_VIRAL	KEEP	4	1	3.37e-123	412.3	0.690	1109	FAM013464
ERR2040373_clean_NODE_1552_length_2363_cov_6.888362	REVIEW	AMBIGUOUS	short_fragment	0	0				0	
ERR2040373_clean_NODE_237_length_3847_cov_4.758675	KEEP	PASS_VIRAL	KEEP	0	0				0	
ERR2040373_clean_NODE_24_length_6375_cov_14.292009	KEEP	PASS_VIRAL	KEEP	5	0	1.16e-26	93.4	0.378	1432	FAM012657
ERR2040373_clean_NODE_620_length_3029_cov_5.108171	REVIEW	AMBIGUOUS	no_viral_domain_but_blast	0	0				0	
ERR2040374_clean_NODE_1550_length_2323_cov_17.629386	DROP	AMBIGUOUS	DROP	0	0				0	
ERR2040374_clean_NODE_3980_length_1651_cov_17.052239	KEEP	PASS_VIRAL	KEEP	0	0				0	
ERR2040375_clean_NODE_1009_length_3009_cov_8.762643	DROP	AMBIGUOUS	DROP	1	0	7.72e-05	20.9	0.108	827	FAM021617
ERR2040375_clean_NODE_1081_length_2959_cov_6.434156	KEEP	PASS_VIRAL	KEEP	6	0	1.95e-21	76.1	0.353	821	FAM012657
ERR2040375_clean_NODE_1144_length_2913_cov_53.947387	KEEP	PASS_VIRAL	KEEP	36	16	1.25e-43	148.7	0.116	541	FAM008177
ERR2040375_clean_NODE_16008_length_802_cov_2.760211	REVIEW	REVIEW	short_fragment	12	0	5.07e-47	160.4	0.364	157	FAM014960
ERR2040375_clean_NODE_164_length_4183_cov_14.374638	DROP	AMBIGUOUS	DROP	7	0	5.59e-21	74.6	0.221	1073	FAM007630
ERR2040375_clean_NODE_1844_length_2535_cov_2.365971	REVIEW	AMBIGUOUS	short_fragment	19	1	8.06e-81	271.8	0.137	199	FAM003310
ERR2040375_clean_NODE_2050_length_2454_cov_20.359602	DROP	AMBIGUOUS	DROP	1	0	5.74e-03	16.0	0.489	498	FAM002235
ERR2040375_clean_NODE_23496_length_516_cov_3.873150	REVIEW	PASS_VIRAL	short_fragment	0	0				0	
ERR2040375_clean_NODE_2415_length_2333_cov_19.098690	REVIEW	AMBIGUOUS	short_fragment	9	0	2.73e-17	59.6	0.029	575	FAM001712
ERR2040375_clean_NODE_30_length_5302_cov_70.966724	KEEP	PASS_VIRAL	KEEP	7	0	9.08e-28	97.0	0.357	1471	FAM012657
ERR2040375_clean_NODE_354_length_3756_cov_14.862106	DROP	REVIEW	DROP	0	0				0	
ERR2040375_clean_NODE_410_length_3679_cov_47.928493	DROP	REVIEW	DROP	2	0	1.24e-12	46.2	0.093	475	FAM003304
ERR2040375_clean_NODE_414_length_3672_cov_5.911546	KEEP	PASS_VIRAL	KEEP	29	0	1.20e-66	225.3	0.386	977	FAM004890
ERR2040375_clean_NODE_44_length_5050_cov_39.878770	KEEP	PASS_VIRAL	KEEP	8	0	3.23e-28	98.5	0.125	1425	FAM012657
ERR2040375_clean_NODE_466_length_3591_cov_9.299324	KEEP	PASS_CORE	KEEP	44	1	0.00e+00	1147.5	0.524	1066	FAM012222
ERR2040375_clean_NODE_513_length_3520_cov_55.215703	DROP	AMBIGUOUS	DROP	12	0	1.50e-05	24.0	0.187	560	FAM018129
ERR2040375_clean_NODE_655_length_3337_cov_20.511840	REVIEW	AMBIGUOUS	no_viral_domain_but_blast	0	0				0	
ERR2040375_clean_NODE_7176_length_1496_cov_9.455609	KEEP	PASS_CORE_FAM	KEEP	0	0				0	
ERR2040375_clean_NODE_8364_length_1366_cov_18.888133	REVIEW	REVIEW	no_viral_domain_but_blast	3	3	1.44e-108	363.4	0.854	363	FAM002990
ERR2040375_clean_NODE_8910_length_1315_cov_16.727987	REVIEW	REVIEW	no_viral_domain_but_blast	3	3	3.72e-108	362.0	0.856	344	FAM002990
ERR2040375_clean_NODE_8_length_6328_cov_52.640414	REVIEW	REVIEW	no_viral_domain_but_blast	9	4	1.86e-94	315.8	0.800	253	FAM013193
ERR2040376_clean_NODE_1152_length_3196_cov_27.259118	DROP	AMBIGUOUS	DROP	0	0				0	
ERR2040376_clean_NODE_1467_length_2931_cov_104.728532	REVIEW	AMBIGUOUS	no_viral_domain_but_blast	0	0				0	
ERR2040376_clean_NODE_151_length_5401_cov_12.571855	KEEP	PASS_VIRAL	KEEP	8	0	1.21e-15	55.6	0.057	777	FAM010548
ERR2040376_clean_NODE_2638_length_2409_cov_122.885038	KEEP	PASS_VIRAL	KEEP	3	1	8.04e-63	212.0	0.955	630	FAM011052
ERR2040376_clean_NODE_272_length_4686_cov_4.697179	KEEP	PASS_VIRAL	KEEP	17	0	7.91e-32	110.0	0.087	88	FAM000970
ERR2040376_clean_NODE_452_length_4069_cov_12.946597	KEEP	PASS_VIRAL	KEEP	18	0	2.39e-55	188.0	0.393	1178	FAM004890
ERR2040376_clean_NODE_538_length_3884_cov_10.039833	DROP	REVIEW	DROP	1	0	3.67e-04	19.1	0.298	1003	FAM019357
ERR2040376_clean_NODE_9858_length_1250_cov_3.130075	DROP	AMBIGUOUS	DROP	1	0	5.47e-23	80.7	0.157	132	FAM004987
ERR2040377_clean_NODE_2168_length_2552_cov_47.785971	DROP	AMBIGUOUS	DROP	8	1	1.57e-09	36.5	0.115	514	FAM022056
ERR2040377_clean_NODE_2870_length_2315_cov_20.805458	REVIEW	AMBIGUOUS	short_fragment	7	0	3.63e-14	49.2	0.071	562	FAM001712
ERR2040377_clean_NODE_385_length_4210_cov_36.751620	KEEP	PASS_VIRAL	KEEP	17	0	7.25e-52	176.5	0.417	1146	FAM004890
ERR2040378_clean_NODE_3338_length_1100_cov_2.292337	REVIEW	REVIEW	short_fragment	8	1	2.78e-65	220.6	0.492	232	FAM014960
ERR2040378_clean_NODE_351_length_2094_cov_31.756704	REVIEW	AMBIGUOUS	short_fragment	0	0				0	
ERR2040378_clean_NODE_370_length_2079_cov_6.791257	DROP	AMBIGUOUS	DROP	6	1	3.96e-09	35.2	0.107	490	FAM022056
ERR2040378_clean_NODE_8476_length_662_cov_2.287561	REVIEW	REVIEW	short_fragment	1	0	2.51e-04	19.6	0.098	42	FAM006926
ERR2040378_clean_NODE_9633_length_604_cov_4.098039	REVIEW	REVIEW	short_fragment	0	0				0	
ERR2040379_clean_NODE_1220_length_2662_cov_12.310424	DROP	AMBIGUOUS	DROP	8	0	2.12e-16	56.6	0.028	593	FAM001712
ERR2040379_clean_NODE_1373_length_2563_cov_18.516270	REVIEW	AMBIGUOUS	no_viral_domain_but_blast	0	0				0	
ERR2040379_clean_NODE_1446_length_2522_cov_11.890682	KEEP	PASS_VIRAL	KEEP	4	0	4.44e-12	44.8	0.066	680	FAM013464
ERR2040379_clean_NODE_1561_length_2461_cov_18.646402	REVIEW	REVIEW	no_viral_domain_but_blast	4	0	1.90e-47	161.3	0.469	146	FAM004550
ERR2040379_clean_NODE_179_length_4406_cov_23.032546	KEEP	PASS_VIRAL	KEEP	0	0				0	
ERR2040379_clean_NODE_2082_length_2250_cov_23.159039	DROP	AMBIGUOUS	DROP	3	1	8.06e-39	133.1	0.639	434	FAM020762
ERR2040379_clean_NODE_2086_length_2247_cov_66.872051	DROP	AMBIGUOUS	DROP	6	1	3.90e-09	35.2	0.109	504	FAM022056
ERR2040379_clean_NODE_32_length_6505_cov_948.081399	KEEP	PASS_CORE_FAM	KEEP	72	27	0.00e+00	2620.3	0.433	1990	FAM003079
ERR2040379_clean_NODE_34_length_6441_cov_8.217412	DROP	REVIEW	DROP	0	0				0	
ERR2040379_clean_NODE_369_length_3676_cov_9.225984	KEEP	PASS_VIRAL	KEEP	50	19	4.77e-45	153.4	0.118	905	FAM008177
ERR2040379_clean_NODE_484_length_3426_cov_57.219036	DROP	AMBIGUOUS	DROP	4	0	1.45e-09	36.8	0.192	456	FAM012845
ERR2040379_clean_NODE_8706_length_1120_cov_5.037140	KEEP	PASS_CORE	KEEP	14	7	1.52e-76	258.3	0.573	291	FAM000112
ERR2040379_clean_NODE_982_length_2851_cov_12.501781	REVIEW	AMBIGUOUS	short_fragment	0	0				0	
ERR2040380_clean_NODE_1450_length_2896_cov_65.425517	DROP	AMBIGUOUS	DROP	0	0				0	
ERR2040380_clean_NODE_2064_length_2576_cov_20.735097	REVIEW	REVIEW	short_fragment	0	0				0	
ERR2040380_clean_NODE_20_length_7910_cov_348.442735	DROP	AMBIGUOUS	DROP	0	0				0	
ERR2040380_clean_NODE_315_length_4342_cov_13.130263	KEEP	PASS_VIRAL	KEEP	0	0				0	
ERR2040380_clean_NODE_369_length_4165_cov_20.878214	DROP	REVIEW	DROP	0	0				0	
ERR2040380_clean_NODE_53_length_6587_cov_8.282549	DROP	AMBIGUOUS	DROP	2	1	6.67e-22	77.5	0.551	327	FAM007992
ERR2040381_clean_NODE_1143_length_3058_cov_6.699171	REVIEW	AMBIGUOUS	no_viral_domain_but_blast	0	0				0	
ERR2040381_clean_NODE_2_length_14944_cov_29.000671	KEEP	PASS_CORE	KEEP	35	10	0.00e+00	4528.3	0.987	4906	FAM001712
ERR2040383_clean_NODE_1203_length_3141_cov_6.109425	KEEP	PASS_VIRAL	KEEP	29	0	1.33e-56	192.1	0.393	874	FAM004890
ERR2040383_clean_NODE_13930_length_854_cov_3.357583	REVIEW	REVIEW	short_fragment	3	0	1.12e-11	43.9	0.124	56	FAM014960
ERR2040383_clean_NODE_1636_length_2858_cov_16.802842	DROP	AMBIGUOUS	DROP	5	2	2.45e-80	270.0	0.978	646	FAM022905
ERR2040383_clean_NODE_1637_length_2858_cov_8.457549	KEEP	PASS_VIRAL	KEEP	26	2	3.99e-31	107.2	0.092	500	FAM008177
ERR2040383_clean_NODE_1717_length_2821_cov_24.144708	REVIEW	AMBIGUOUS	short_fragment	8	1	3.96e-10	37.3	0.055	739	FAM010548
ERR2040383_clean_NODE_18532_length_576_cov_3.159475	KEEP	PASS_CORE_FAM	KEEP	0	0				0	
ERR2040383_clean_NODE_1883_length_2733_cov_40.775465	DROP	AMBIGUOUS	DROP	5	1	2.61e-09	35.8	0.109	505	FAM022056
ERR2040383_clean_NODE_192_length_4850_cov_10.042438	KEEP	PASS_VIRAL	KEEP	135	19	3.04e-43	147.6	0.352	1429	FAM016687
ERR2040383_clean_NODE_1943_length_2712_cov_18.545523	DROP	AMBIGUOUS	DROP	3	0	2.24e-10	39.7	0.132	706	FAM003806
ERR2040383_clean_NODE_19481_length_536_cov_2.728195	KEEP	PASS_CORE	KEEP	0	0				0	
ERR2040383_clean_NODE_1996_length_2686_cov_7.294362	KEEP	PASS_VIRAL	KEEP	28	0	5.13e-68	229.8	0.403	705	FAM004890
ERR2040383_clean_NODE_2031_length_2669_cov_10.480198	REVIEW	AMBIGUOUS	short_fragment	0	0				0	
ERR2040383_clean_NODE_2610_length_2439_cov_6.593489	REVIEW	AMBIGUOUS	short_fragment	7	0	5.33e-14	48.7	0.071	562	FAM001712
ERR2040383_clean_NODE_2656_length_2421_cov_13.066442	DROP	AMBIGUOUS	DROP	1	1	2.74e-24	85.4	0.865	569	FAM007992
ERR2040383_clean_NODE_2884_length_2344_cov_91.892655	DROP	AMBIGUOUS	DROP	1	0	9.04e-32	109.9	0.201	455	FAM012837
ERR2040383_clean_NODE_3536_length_2165_cov_17.617813	DROP	AMBIGUOUS	DROP	4	0	1.36e-08	32.5	0.094	472	FAM025821
ERR2040383_clean_NODE_447_length_4021_cov_10.772750	KEEP	PASS_VIRAL	KEEP	18	0	3.34e-55	187.5	0.393	1164	FAM004890
ERR2040383_clean_NODE_673_length_3676_cov_3.686760	KEEP	PASS_VIRAL	KEEP	4	0	4.23e-12	44.8	0.066	743	FAM013464
ERR2040383_clean_NODE_808_length_3526_cov_10.978754	DROP	AMBIGUOUS	DROP	3	1	5.59e-99	331.6	0.971	926	FAM012407
ERR2040383_clean_NODE_946_length_3377_cov_12.385123	REVIEW	AMBIGUOUS	no_viral_domain_but_blast	0	0				0	
ERR2040383_clean_NODE_989_length_3325_cov_22.559720	KEEP	PASS_VIRAL	KEEP	37	1	3.59e-12	45.8	0.390	658	FAM001334
ERR2040384_clean_NODE_1370_length_2692_cov_13.483956	DROP	AMBIGUOUS	DROP	5	2	3.43e-80	269.5	0.978	671	FAM022905
ERR2040384_clean_NODE_1384_length_2685_cov_17.983724	DROP	AMBIGUOUS	DROP	1	0	8.76e-05	22.3	0.341	411	FAM002003
ERR2040384_clean_NODE_1632_length_2578_cov_19.183037	REVIEW	AMBIGUOUS	short_fragment	8	0	8.51e-18	61.3	0.029	598	FAM001712
ERR2040384_clean_NODE_2034_length_2422_cov_9.300546	DROP	AMBIGUOUS	DROP	7	0	4.44e-14	48.9	0.072	564	FAM001712
ERR2040384_clean_NODE_2058_length_2415_cov_17.731872	DROP	REVIEW	DROP	0	0				0	
ERR2040384_clean_NODE_2131_length_2389_cov_34.525149	DROP	AMBIGUOUS	DROP	6	1	2.44e-09	35.9	0.109	507	FAM022056
ERR2040384_clean_NODE_2684_length_2230_cov_9.714220	KEEP	PASS_VIRAL	KEEP	50	17	2.14e-46	157.8	0.131	560	FAM008177
ERR2040384_clean_NODE_2991_length_2152_cov_535.759602	DROP	AMBIGUOUS	DROP	0	0				0	
ERR2040384_clean_NODE_3013_length_2148_cov_10.528741	REVIEW	AMBIGUOUS	no_viral_domain_but_blast	0	0				0	
ERR2040384_clean_NODE_3097_length_2128_cov_7.647962	KEEP	PASS_VIRAL	KEEP	0	0				0	
ERR2040384_clean_NODE_4393_length_1868_cov_3.462466	KEEP	PASS_VIRAL	KEEP	5	5	1.28e-92	311.0	0.510	457	FAM004987
ERR2040384_clean_NODE_498_length_3368_cov_12.188872	DROP	REVIEW	DROP	0	0				0	
ERR2040384_clean_NODE_515_length_3342_cov_14.100030	DROP	AMBIGUOUS	DROP	10	1	4.18e-74	249.3	0.475	870	FAM012845
ERR2040384_clean_NODE_51_length_4974_cov_31.055364	KEEP	PASS_CORE	KEEP	10	6	0.00e+00	1616.9	0.949	1077	FAM001222
ERR2040384_clean_NODE_706_length_3113_cov_18.454397	REVIEW	AMBIGUOUS	short_fragment	2	0	1.37e-04	20.7	0.129	273	FAM003806
ERR2040385_clean_NODE_1288_length_2347_cov_67.435986	DROP	AMBIGUOUS	DROP	5	1	3.24e-09	35.5	0.113	512	FAM022056
ERR2040385_clean_NODE_163_length_3866_cov_19.227878	KEEP	PASS_VIRAL	KEEP	2	1	5.84e-25	87.3	0.534	1212	FAM012718
ERR2040385_clean_NODE_1709_length_2162_cov_58.873531	KEEP	PASS_VIRAL	KEEP	0	0				0	
ERR2040385_clean_NODE_1818_length_2124_cov_113.761608	REVIEW	AMBIGUOUS	short_fragment	0	0				0	
ERR2040385_clean_NODE_24458_length_579_cov_1.856618	REVIEW	REVIEW	no_viral_domain_but_blast	17	0	3.76e-21	74.8	0.105	91	FAM000970
ERR2040385_clean_NODE_257_length_3456_cov_28.786027	DROP	AMBIGUOUS	DROP	2	0	1.01e-19	69.7	0.097	745	FAM010955
ERR2040385_clean_NODE_311_length_3345_cov_17.368580	DROP	AMBIGUOUS	DROP	11	2	1.44e-17	63.0	0.716	712	FAM004842
ERR2040385_clean_NODE_5991_length_1381_cov_12.728826	DROP	REVIEW	DROP	5	5	3.13e-41	140.9	0.795	264	FAM003091
ERR2040385_clean_NODE_8705_length_1144_cov_14.559964	KEEP	PASS_CORE	KEEP	13	4	2.09e-58	197.1	0.632	156	FAM002037
ERR2040385_clean_NODE_9220_length_1111_cov_2.289963	DROP	REVIEW	DROP	0	0				0	
ERR2040386_clean_NODE_1102_length_2900_cov_6.134757	REVIEW	AMBIGUOUS	no_viral_domain_but_blast	0	0				0	
ERR2040386_clean_NODE_1580_length_2627_cov_13.042570	REVIEW	AMBIGUOUS	short_fragment	7	0	1.44e-12	43.9	0.071	566	FAM001712
ERR2040386_clean_NODE_17922_length_646_cov_8.142620	REVIEW	REVIEW	short_fragment	7	0	1.02e-18	66.4	0.045	62	FAM003304
ERR2040386_clean_NODE_1983_length_2460_cov_48.467522	REVIEW	AMBIGUOUS	no_viral_domain_but_blast	0	0				0	
ERR2040386_clean_NODE_374_length_3775_cov_7.146838	DROP	AMBIGUOUS	DROP	3	1	6.77e-99	331.3	0.976	936	FAM012407
ERR2040386_clean_NODE_411_length_3692_cov_22.187997	KEEP	PASS_VIRAL	KEEP	18	0	3.37e-51	174.3	0.417	1042	FAM004890
ERR2040386_clean_NODE_626_length_3371_cov_32.515925	REVIEW	AMBIGUOUS	no_viral_domain_but_blast	0	0				0	
ERR2040386_clean_NODE_75_length_5181_cov_7.979175	KEEP	PASS_VIRAL	KEEP	3	0	3.39e-05	22.3	0.094	1483	FAM008483
ERR2040386_clean_NODE_87_length_5085_cov_10.855018	DROP	AMBIGUOUS	DROP	0	0				0	
ERR2040387_clean_NODE_154_length_2191_cov_51.436220	DROP	AMBIGUOUS	DROP	1	0	3.22e-03	15.9	0.227	409	FAM032403
ERR2040388_clean_NODE_1047_length_2600_cov_21.475557	KEEP	PASS_VIRAL	KEEP	28	0	2.64e-57	194.5	0.390	590	FAM004890
ERR2040388_clean_NODE_1179_length_2521_cov_11.646893	KEEP	PASS_VIRAL	KEEP	1	0	8.96e-03	13.9	0.093	242	FAM030808
ERR2040388_clean_NODE_130_length_4150_cov_20.135135	DROP	AMBIGUOUS	DROP	2	0	2.56e-31	109.0	0.464	1103	FAM012606
ERR2040388_clean_NODE_1509_length_2353_cov_15.080087	KEEP	PASS_VIRAL	KEEP	0	0				0	
ERR2040388_clean_NODE_1700_length_2263_cov_11.029279	DROP	REVIEW	DROP	0	0				0	
ERR2040388_clean_NODE_2085_length_2127_cov_13.902591	REVIEW	AMBIGUOUS	short_fragment	7	0	2.21e-11	40.0	0.071	489	FAM001712
ERR2040388_clean_NODE_2096_length_2123_cov_15.635096	KEEP	PASS_VIRAL	KEEP	19	0	2.88e-53	181.1	0.419	496	FAM004890
ERR2040388_clean_NODE_2115_length_2118_cov_20.096386	DROP	AMBIGUOUS	DROP	6	1	1.68e-10	39.7	0.115	522	FAM022056
ERR2040388_clean_NODE_353_length_3401_cov_25.620012	DROP	AMBIGUOUS	DROP	0	0				0	
ERR2040388_clean_NODE_3642_length_1767_cov_10.453016	REVIEW	PASS_VIRAL	short_fragment	1	0	3.59e-03	15.2	0.091	75	FAM000341
ERR2040388_clean_NODE_504_length_3143_cov_30.368065	REVIEW	AMBIGUOUS	short_fragment	0	0				0	
ERR2040388_clean_NODE_557_length_3064_cov_22.361139	DROP	AMBIGUOUS	DROP	2	0	2.18e-19	69.7	0.442	456	FAM001865
ERR2040388_clean_NODE_607_length_2990_cov_15.548694	KEEP	PASS_VIRAL	KEEP	5	2	1.31e-90	304.3	0.432	702	FAM004987
ERR2040388_clean_NODE_781_length_2805_cov_6.751991	KEEP	PASS_VIRAL	KEEP	0	0				0	
ERR2040388_clean_NODE_875_length_2724_cov_10.039910	REVIEW	AMBIGUOUS	short_fragment	9	0	6.05e-18	61.8	0.071	579	FAM001712
ERR2040389_clean_NODE_11403_length_914_cov_2.318025	REVIEW	REVIEW	short_fragment	3	0	5.24e-24	83.1	0.048	94	FAM000252
ERR2040389_clean_NODE_170_length_3674_cov_17.767282	DROP	AMBIGUOUS	DROP	0	0				0	
ERR2040389_clean_NODE_216_length_3526_cov_33.182027	REVIEW	AMBIGUOUS	no_viral_domain_but_blast	0	0				0	
ERR2040389_clean_NODE_38_length_4638_cov_25.116866	REVIEW	AMBIGUOUS	no_viral_domain_but_blast	1	0	2.75e-04	17.1	0.014	110	FAM013988
ERR2040389_clean_NODE_558_length_2917_cov_7.474948	DROP	AMBIGUOUS	DROP	9	0	5.52e-15	52.0	0.073	589	FAM003565
ERR2040389_clean_NODE_936_length_2580_cov_33.556563	DROP	AMBIGUOUS	DROP	2	1	1.39e-34	119.1	0.868	599	FAM007852
ERR2040389_clean_NODE_9434_length_1050_cov_1.948361	REVIEW	REVIEW	short_fragment	14	2	1.35e-122	410.0	0.114	236	FAM000252
ERR2040390_clean_NODE_103_length_5669_cov_28.674724	REVIEW	AMBIGUOUS	no_viral_domain_but_blast	0	0				0	
ERR2040390_clean_NODE_1085_length_3046_cov_6.470862	KEEP	PASS_VIRAL	KEEP	23	9	1.22e-22	79.1	0.134	632	FAM008177
ERR2040390_clean_NODE_1261_length_2910_cov_23.623300	DROP	AMBIGUOUS	DROP	0	0				0	
ERR2040390_clean_NODE_1295_length_2883_cov_113.113732	DROP	AMBIGUOUS	DROP	1	0	4.65e-03	15.2	0.078	445	FAM022056
ERR2040390_clean_NODE_1314_length_2870_cov_7.266006	DROP	AMBIGUOUS	DROP	0	0				0	
ERR2040390_clean_NODE_1512_length_2746_cov_10.519053	REVIEW	REVIEW	no_viral_domain_but_blast	7	4	1.20e-15	56.5	0.560	494	FAM006298
ERR2040390_clean_NODE_15_length_8506_cov_2132.939738	KEEP	PASS_CORE	KEEP	101	35	0.00e+00	2184.3	0.933	1915	FAM000080
ERR2040390_clean_NODE_17_length_8464_cov_8260.723786	KEEP	PASS_CORE	KEEP	105	37	0.00e+00	2196.4	0.933	1885	FAM000080
ERR2040390_clean_NODE_1957_length_2520_cov_3.364554	DROP	AMBIGUOUS	DROP	0	0				0	
ERR2040390_clean_NODE_2026_length_2487_cov_16.686579	DROP	AMBIGUOUS	DROP	5	0	1.18e-06	27.6	0.347	614	FAM018129
ERR2040390_clean_NODE_2349_length_2368_cov_3.666667	DROP	AMBIGUOUS	DROP	5	0	1.17e-09	37.3	0.163	297	FAM007824
ERR2040390_clean_NODE_237_length_4433_cov_36.364465	KEEP	PASS_VIRAL	KEEP	16	0	9.71e-51	172.8	0.419	1188	FAM004890
ERR2040390_clean_NODE_282_length_4253_cov_11.719002	DROP	REVIEW	DROP	0	0				0	
ERR2040390_clean_NODE_3375_length_2081_cov_7.826300	KEEP	PASS_VIRAL	KEEP	19	0	3.88e-63	213.7	0.388	516	FAM004890
ERR2040390_clean_NODE_3466_length_2061_cov_23.295837	REVIEW	REVIEW	short_fragment	1	1	4.73e-06	26.1	0.559	247	FAM008812
ERR2040390_clean_NODE_44_length_6677_cov_4.068888	KEEP	PASS_CORE	KEEP	91	22	0.00e+00	1611.2	0.472	1136	FAM003019
ERR2040390_clean_NODE_5355_length_1727_cov_14.006532	REVIEW	REVIEW	short_fragment	6	2	6.15e-56	189.6	0.600	444	FAM007484
ERR2040390_clean_NODE_755_length_3401_cov_9.566111	KEEP	PASS_VIRAL	KEEP	4	0	9.01e-11	40.4	0.065	748	FAM013464
ERR2040390_clean_NODE_94_length_5781_cov_11.001568	REVIEW	AMBIGUOUS	no_viral_domain_but_blast	5	1	8.23e-10	38.1	0.603	1789	FAM001927
ERR2040390_clean_NODE_9_length_8942_cov_375.546915	KEEP	PASS_CORE	KEEP	103	34	0.00e+00	2266.0	0.935	2034	FAM000080
ERR2040391_clean_NODE_1367_length_2623_cov_6.962791	DROP	AMBIGUOUS	DROP	0	0				0	
ERR2040391_clean_NODE_1604_length_2523_cov_14.560484	REVIEW	AMBIGUOUS	short_fragment	6	0	1.39e-15	53.9	0.072	568	FAM001712
ERR2040391_clean_NODE_19_length_6054_cov_27.930960	KEEP	PASS_VIRAL	KEEP	8	0	3.08e-31	108.5	0.146	1425	FAM012657
ERR2040391_clean_NODE_2141_length_2324_cov_12.803157	REVIEW	PASS_VIRAL	short_fragment	9	0	2.86e-16	56.2	0.073	588	FAM003565
ERR2040391_clean_NODE_2283_length_2280_cov_85.081806	DROP	REVIEW	DROP	0	0				0	
ERR2040391_clean_NODE_3072_length_2072_cov_25.098078	REVIEW	AMBIGUOUS	no_viral_domain_but_blast	0	0				0	
ERR2040391_clean_NODE_6255_length_1548_cov_4.354153	KEEP	PASS_CORE_FAM	KEEP	84	13	1.98e-202	672.4	0.873	419	FAM002989
ERR2040391_clean_NODE_654_length_3164_cov_7.786927	KEEP	PASS_VIRAL	KEEP	13	0	2.79e-08	32.6	0.260	746	FAM012165
ERR2040391_clean_NODE_6961_length_1464_cov_13.665728	REVIEW	REVIEW	no_viral_domain_but_blast	3	3	1.62e-139	465.3	0.880	355	FAM002990
ERR2040391_clean_NODE_855_length_2965_cov_9.213552	KEEP	PASS_VIRAL	KEEP	6	1	1.27e-37	129.2	0.247	823	FAM013464
ERR2040392_clean_NODE_177_length_3214_cov_15.309366	REVIEW	AMBIGUOUS	no_viral_domain_but_blast	0	0				0	
ERR2040392_clean_NODE_18243_length_672_cov_1.939587	KEEP	PASS_CORE	KEEP	0	0				0	
ERR2040392_clean_NODE_20575_length_589_cov_6.357143	REVIEW	REVIEW	short_fragment	0	0				0	
ERR2040392_clean_NODE_2292_length_2025_cov_10.210394	DROP	REVIEW	DROP	0	0				0	
ERR2040392_clean_NODE_540_length_2727_cov_6.778689	KEEP	PASS_VIRAL	KEEP	33	10	3.47e-39	133.9	0.218	757	FAM008177
ERR2040393_clean_NODE_266_length_3045_cov_5.776149	KEEP	PASS_VIRAL	KEEP	6	0	1.35e-18	66.8	0.340	804	FAM012657
ERR2040393_clean_NODE_753_length_2447_cov_11.470466	DROP	REVIEW	DROP	0	0				0	
ERR2040393_clean_NODE_854_length_2387_cov_9.539249	DROP	AMBIGUOUS	DROP	0	0				0	
ERR2040393_clean_NODE_942_length_2329_cov_8.464129	DROP	AMBIGUOUS	DROP	0	0				0	
ERR2040394_clean_NODE_105_length_5389_cov_10.302656	REVIEW	AMBIGUOUS	short_fragment	24	7	0.00e+00	1418.0	0.778	1407	FAM003309
ERR2040394_clean_NODE_1148_length_3012_cov_8.534523	KEEP	PASS_CORE	KEEP	29	6	5.16e-318	1057.9	0.321	612	FAM000252
ERR2040394_clean_NODE_1208_length_2973_cov_8.963140	DROP	AMBIGUOUS	DROP	0	0				0	
ERR2040394_clean_NODE_14127_length_926_cov_2.104190	KEEP	PASS_CORE	KEEP	4	0	3.64e-07	27.3	0.015	28	FAM000252
ERR2040394_clean_NODE_14166_length_924_cov_7.589103	REVIEW	AMBIGUOUS	short_fragment	16	0	9.08e-08	31.0	0.087	115	FAM000012
ERR2040394_clean_NODE_147_length_4997_cov_20.435809	KEEP	PASS_CORE	KEEP	34	15	0.00e+00	1357.6	0.933	1498	FAM003304
ERR2040394_clean_NODE_15555_length_847_cov_3.184080	REVIEW	REVIEW	short_fragment	0	0				0	
ERR2040394_clean_NODE_17277_length_763_cov_2.213889	REVIEW	REVIEW	short_fragment	8	0	5.83e-11	40.7	0.027	32	FAM003304
ERR2040394_clean_NODE_1857_length_2567_cov_15.898970	DROP	AMBIGUOUS	DROP	6	1	6.50e-10	37.8	0.109	522	FAM022056
ERR2040394_clean_NODE_1925_length_2536_cov_5.933414	REVIEW	AMBIGUOUS	short_fragment	0	0				0	
ERR2040394_clean_NODE_19509_length_674_cov_2.231379	REVIEW	REVIEW	short_fragment	0	0				0	
ERR2040394_clean_NODE_2030_length_2489_cov_7.802944	REVIEW	AMBIGUOUS	no_viral_domain_but_blast	0	0				0	
ERR2040394_clean_NODE_22632_length_570_cov_1.305503	REVIEW	REVIEW	short_fragment	4	0	7.86e-05	20.4	0.023	28	FAM003304
ERR2040394_clean_NODE_23037_length_559_cov_2.106589	REVIEW	REVIEW	short_fragment	1	0	1.14e-08	33.1	0.025	30	FAM003304
ERR2040394_clean_NODE_24316_length_524_cov_1.683992	REVIEW	REVIEW	short_fragment	0	0				0	
ERR2040394_clean_NODE_2510_length_2322_cov_18.260202	DROP	AMBIGUOUS	DROP	0	0				0	
ERR2040394_clean_NODE_2736_length_2248_cov_9.570522	KEEP	PASS_CORE	KEEP	17	1	4.31e-39	133.8	0.067	81	FAM003304
ERR2040394_clean_NODE_3865_length_1978_cov_10.139018	DROP	REVIEW	DROP	4	1	4.29e-19	66.8	0.039	75	FAM000252
ERR2040394_clean_NODE_420_length_3952_cov_11.486825	DROP	AMBIGUOUS	DROP	2	0	9.95e-05	20.8	0.041	1037	FAM019831
ERR2040394_clean_NODE_4358_length_1885_cov_8.982628	DROP	REVIEW	DROP	1	1	2.51e-09	37.0	0.552	80	FAM000251
ERR2040394_clean_NODE_4497_length_1863_cov_7.435165	KEEP	PASS_CORE	KEEP	0	0				0	
ERR2040394_clean_NODE_5099_length_1751_cov_28.677400	KEEP	PASS_VIRAL	KEEP	0	0				0	
ERR2040394_clean_NODE_51_length_6142_cov_222.821282	REVIEW	AMBIGUOUS	no_viral_domain_but_blast	0	0				0	
ERR2040394_clean_NODE_5549_length_1688_cov_3.695441	KEEP	PASS_VIRAL	KEEP	0	0				0	
ERR2040394_clean_NODE_5598_length_1682_cov_21.565589	KEEP	PASS_CORE_FAM	KEEP	68	18	2.90e-178	592.7	0.856	417	FAM002989
ERR2040394_clean_NODE_590_length_3635_cov_64.604955	REVIEW	AMBIGUOUS	no_viral_domain_but_blast	2	0	5.40e-07	28.3	0.285	1064	FAM012636
ERR2040394_clean_NODE_7251_length_1473_cov_79.276224	REVIEW	REVIEW	no_viral_domain_but_blast	4	3	8.15e-108	360.1	0.806	284	FAM014886
ERR2040394_clean_NODE_769_length_3387_cov_15.276615	KEEP	PASS_VIRAL	KEEP	22	0	2.45e-53	181.4	0.405	793	FAM004890
ERR2040394_clean_NODE_805_length_3343_cov_44.736061	DROP	AMBIGUOUS	DROP	0	0				0	
ERR2040394_clean_NODE_8252_length_1366_cov_32.192744	DROP	REVIEW	DROP	5	5	8.79e-94	313.7	0.816	284	FAM009566
ERR2040394_clean_NODE_891_length_3255_cov_27.404732	KEEP	PASS_VIRAL	KEEP	47	13	3.11e-38	131.3	0.732	897	FAM012364
ERR2040395_clean_NODE_20_length_2980_cov_12.973102	REVIEW	AMBIGUOUS	no_viral_domain_but_blast	0	0				0	
ERR2040395_clean_NODE_609_length_1719_cov_43.320406	DROP	AMBIGUOUS	DROP	9	1	1.81e-89	299.6	0.863	444	FAM001834
ERR2040396_clean_NODE_1_length_8364_cov_48.903978	KEEP	PASS_CORE_FAM	KEEP	426	41	0.00e+00	1531.9	0.493	1846	FAM011105
ERR2040396_clean_NODE_201_length_2381_cov_12.980325	DROP	REVIEW	DROP	0	0				0	
ERR2040396_clean_NODE_347_length_2176_cov_9.282700	REVIEW	AMBIGUOUS	no_viral_domain_but_blast	0	0				0	
ERR2040396_clean_NODE_93_length_2671_cov_5.737823	KEEP	PASS_VIRAL	KEEP	0	0				0	
ERR2040396_clean_NODE_9869_length_850_cov_4.509294	REVIEW	REVIEW	no_viral_domain_but_blast	5	0	1.16e-15	56.9	0.326	156	FAM007484
ERR2040397_clean_NODE_49_length_3065_cov_22.487426	DROP	AMBIGUOUS	DROP	0	0				0	
ERR2040398_clean_NODE_197_length_2241_cov_19.484531	DROP	REVIEW	DROP	1	0	1.55e-05	24.0	0.333	422	FAM001818
ERR2040398_clean_NODE_254_length_2171_cov_27.721805	DROP	REVIEW	DROP	0	0				0	
ERR2040399_clean_NODE_228_length_2347_cov_10.013021	KEEP	PASS_VIRAL	KEEP	25	8	4.65e-27	93.7	0.152	460	FAM008177
ERR2040400_clean_NODE_204_length_2605_cov_6.911788	DROP	REVIEW	DROP	0	0				0	
ERR2040400_clean_NODE_531_length_2205_cov_10.137373	DROP	AMBIGUOUS	DROP	2	0	3.14e-16	59.4	0.426	510	FAM022230
ERR2040401_clean_NODE_1920_length_1378_cov_9.946816	REVIEW	REVIEW	short_fragment	6	4	8.16e-26	90.6	0.851	366	FAM010181
ERR2040401_clean_NODE_3_length_4302_cov_40.744306	KEEP	PASS_VIRAL	KEEP	62	11	2.35e-151	505.7	0.269	451	FAM003304
ERR2040402_clean_NODE_1327_length_2119_cov_63.080443	DROP	AMBIGUOUS	DROP	0	0				0	
ERR2040402_clean_NODE_172_length_3530_cov_7.279036	DROP	AMBIGUOUS	DROP	0	0				0	
ERR2040402_clean_NODE_18165_length_646_cov_1.079602	KEEP	PASS_CORE	KEEP	0	0				0	
ERR2040402_clean_NODE_245_length_3285_cov_76.066934	DROP	AMBIGUOUS	DROP	4	1	2.32e-08	32.9	0.270	954	FAM012482
ERR2040402_clean_NODE_25597_length_510_cov_1.813704	REVIEW	REVIEW	short_fragment	0	0				0	
ERR2040402_clean_NODE_2709_length_1690_cov_2.973285	KEEP	PASS_VIRAL	KEEP	8	4	1.38e-74	250.0	0.517	164	FAM003148
ERR2040402_clean_NODE_398_length_2958_cov_28.424700	REVIEW	AMBIGUOUS	short_fragment	0	0				0	
ERR2040402_clean_NODE_48_length_4550_cov_6.131351	KEEP	PASS_VIRAL	KEEP	0	0				0	
ERR2040403_clean_NODE_1025_length_2919_cov_8.161683	DROP	AMBIGUOUS	DROP	1	1	1.30e-36	125.9	0.557	807	FAM007783
ERR2040403_clean_NODE_1087_length_2862_cov_9.085137	KEEP	PASS_VIRAL	KEEP	21	0	3.99e-53	180.7	0.403	714	FAM004890
ERR2040403_clean_NODE_108_length_5170_cov_41.981471	KEEP	PASS_VIRAL	KEEP	7	0	1.08e-27	96.8	0.119	1412	FAM012657
ERR2040403_clean_NODE_1170_length_2805_cov_12.280956	DROP	AMBIGUOUS	DROP	0	0				0	
ERR2040403_clean_NODE_1340_length_2701_cov_4.052671	REVIEW	REVIEW	no_viral_domain_but_blast	11	9	6.23e-31	107.3	0.695	164	FAM013860
ERR2040403_clean_NODE_14654_length_683_cov_1.856250	REVIEW	REVIEW	short_fragment	1	0	6.68e-12	44.9	0.485	154	FAM013859
ERR2040403_clean_NODE_16576_length_587_cov_2.582721	REVIEW	REVIEW	short_fragment	0	0				0	
ERR2040403_clean_NODE_16628_length_585_cov_1.188192	DROP	REVIEW	DROP	0	0				0	
ERR2040403_clean_NODE_1662_length_2502_cov_6.433510	REVIEW	PASS_VIRAL	short_fragment	10	0	5.48e-12	42.0	0.027	231	FAM003565
ERR2040403_clean_NODE_2134_length_2287_cov_13.493316	DROP	AMBIGUOUS	DROP	8	0	3.11e-06	26.2	0.201	616	FAM018129
ERR2040403_clean_NODE_23_length_6840_cov_33.298514	KEEP	PASS_VIRAL	KEEP	6	2	3.90e-67	226.8	0.250	2117	FAM013464
ERR2040403_clean_NODE_265_length_4116_cov_7.109256	REVIEW	REVIEW	no_viral_domain_but_blast	7	7	2.13e-253	842.0	0.889	569	FAM001277
ERR2040403_clean_NODE_288_length_4055_cov_72.033400	KEEP	PASS_VIRAL	KEEP	19	0	9.47e-52	176.1	0.415	1157	FAM004890
ERR2040403_clean_NODE_3590_length_1880_cov_6.763745	REVIEW	REVIEW	short_fragment	9	8	1.21e-151	505.2	0.926	425	FAM006294
ERR2040403_clean_NODE_5249_length_1586_cov_3.896954	DROP	REVIEW	DROP	2	0	1.24e-11	43.0	0.095	199	FAM003378
ERR2040403_clean_NODE_5370_length_1565_cov_3.103154	REVIEW	REVIEW	short_fragment	5	3	8.05e-149	496.1	0.764	424	FAM006298
ERR2040403_clean_NODE_561_length_3460_cov_13.061457	DROP	REVIEW	DROP	0	0				0	
ERR2040403_clean_NODE_574_length_3446_cov_26.183074	REVIEW	AMBIGUOUS	short_fragment	1	1	1.52e-120	403.3	0.874	739	FAM017622
ERR2040403_clean_NODE_5769_length_1498_cov_4.463230	REVIEW	REVIEW	no_viral_domain_but_blast	9	5	2.51e-136	453.4	0.997	318	FAM010181
ERR2040403_clean_NODE_584_length_3438_cov_18.630928	REVIEW	AMBIGUOUS	no_viral_domain_but_blast	0	0				0	
ERR2040403_clean_NODE_6119_length_1446_cov_8.558090	REVIEW	REVIEW	short_fragment	10	6	3.49e-184	612.4	0.874	405	FAM001273
ERR2040403_clean_NODE_8158_length_1201_cov_1.781520	REVIEW	REVIEW	short_fragment	0	0				0	
ERR2040403_clean_NODE_8697_length_1149_cov_7.738698	REVIEW	REVIEW	short_fragment	3	2	7.04e-131	435.7	0.794	265	FAM014729
ERR2040403_clean_NODE_9848_length_1034_cov_3.757820	REVIEW	REVIEW	short_fragment	9	2	3.91e-113	378.3	0.604	277	FAM006294
ERR2040404_clean_NODE_11582_length_567_cov_1.578947	KEEP	PASS_CORE	KEEP	0	0				0	
ERR2040404_clean_NODE_1172_length_2140_cov_6.075534	DROP	AMBIGUOUS	DROP	0	0				0	
ERR2040404_clean_NODE_1524_length_1960_cov_26.609870	DROP	AMBIGUOUS	DROP	1	0	5.50e-69	232.9	0.393	327	FAM001359
ERR2040404_clean_NODE_1608_length_1927_cov_10.653277	KEEP	PASS_VIRAL	KEEP	0	0				0	
ERR2040404_clean_NODE_351_length_3021_cov_10.845948	DROP	AMBIGUOUS	DROP	0	0				0	
ERR2040404_clean_NODE_37_length_4645_cov_16.150108	REVIEW	AMBIGUOUS	no_viral_domain_but_blast	0	0				0	
ERR2040404_clean_NODE_3875_length_1331_cov_7.283179	REVIEW	REVIEW	no_viral_domain_but_blast	0	0				0	
ERR2040404_clean_NODE_4170_length_1278_cov_4.488335	KEEP	PASS_CORE	KEEP	0	0				0	
ERR2040404_clean_NODE_422_length_2856_cov_26.166253	KEEP	PASS_VIRAL	KEEP	1	1	6.25e-11	42.1	0.541	722	FAM022736
ERR2040404_clean_NODE_6063_length_1005_cov_8.696907	REVIEW	REVIEW	no_viral_domain_but_blast	0	0				0	
ERR2040405_clean_NODE_1190_length_2776_cov_6.193360	KEEP	PASS_VIRAL	KEEP	5	4	1.32e-92	310.9	0.436	704	FAM004987
ERR2040405_clean_NODE_1388_length_2671_cov_13.218134	DROP	AMBIGUOUS	DROP	5	2	3.37e-81	272.8	0.976	642	FAM022905
ERR2040405_clean_NODE_1391_length_2670_cov_9.118786	KEEP	PASS_VIRAL	KEEP	49	14	3.24e-43	147.4	0.619	352	FAM030729
ERR2040405_clean_NODE_1455_length_2634_cov_47.974606	DROP	AMBIGUOUS	DROP	1	1	1.50e-16	60.3	0.643	674	FAM021371
ERR2040405_clean_NODE_1624_length_2553_cov_18.456712	KEEP	PASS_VIRAL	KEEP	4	1	3.89e-04	19.6	0.217	611	FAM002853
ERR2040405_clean_NODE_1722_length_2506_cov_6.973290	DROP	AMBIGUOUS	DROP	9	0	4.05e-17	59.0	0.029	528	FAM001712
ERR2040405_clean_NODE_2490_length_2225_cov_9.433333	REVIEW	AMBIGUOUS	short_fragment	6	0	9.46e-14	47.9	0.071	557	FAM001712
ERR2040405_clean_NODE_2993_length_2092_cov_11.727759	DROP	AMBIGUOUS	DROP	7	1	8.44e-10	37.4	0.113	502	FAM022056
ERR2040405_clean_NODE_337_length_3747_cov_21.719828	KEEP	PASS_VIRAL	KEEP	12	0	2.49e-17	62.6	0.171	726	FAM012657
ERR2040405_clean_NODE_493_length_3474_cov_17.500145	KEEP	PASS_VIRAL	KEEP	15	0	8.16e-30	102.9	0.322	1002	FAM004770
ERR2040405_clean_NODE_558_length_3394_cov_15.701399	REVIEW	AMBIGUOUS	no_viral_domain_but_blast	0	0				0	
ERR2040405_clean_NODE_657_length_3257_cov_16.750466	KEEP	PASS_VIRAL	KEEP	6	0	6.76e-12	44.2	0.065	739	FAM013464
ERR2040405_clean_NODE_713_length_3175_cov_29.308280	DROP	AMBIGUOUS	DROP	0	0				0	
ERR2040405_clean_NODE_741_length_3149_cov_15.871548	DROP	AMBIGUOUS	DROP	6	0	1.33e-24	86.4	0.351	914	FAM031725
ERR2040406_clean_NODE_1082_length_2798_cov_13.234120	REVIEW	REVIEW	short_fragment	0	0				0	
ERR2040406_clean_NODE_1595_length_2492_cov_23.802777	REVIEW	AMBIGUOUS	no_viral_domain_but_blast	0	0				0	
ERR2040406_clean_NODE_1799_length_2401_cov_22.008906	DROP	AMBIGUOUS	DROP	0	0				0	
ERR2040406_clean_NODE_1949_length_2346_cov_10.029527	KEEP	PASS_VIRAL	KEEP	9	0	1.85e-17	60.2	0.028	590	FAM001712
ERR2040406_clean_NODE_2019_length_2324_cov_6.530907	DROP	AMBIGUOUS	DROP	7	1	1.37e-05	23.9	0.532	617	FAM032326
ERR2040406_clean_NODE_3112_length_2023_cov_14.965657	DROP	AMBIGUOUS	DROP	6	0	1.43e-09	36.6	0.119	494	FAM022056
ERR2040406_clean_NODE_515_length_3380_cov_54.279293	DROP	AMBIGUOUS	DROP	1	0	8.28e-03	14.3	0.102	566	FAM010787
ERR2040406_clean_NODE_560_length_3336_cov_12.695111	DROP	AMBIGUOUS	DROP	3	1	9.04e-97	324.3	0.971	901	FAM012407
ERR2040406_clean_NODE_599_length_3268_cov_9.321550	REVIEW	AMBIGUOUS	no_viral_domain_but_blast	0	0				0	
ERR2040406_clean_NODE_6603_length_1463_cov_14.491549	REVIEW	PASS_VIRAL	short_fragment	0	0				0	
ERR2040406_clean_NODE_772_length_3047_cov_15.498003	DROP	AMBIGUOUS	DROP	2	0	8.85e-10	36.1	0.053	718	FAM010548
ERR2040408_clean_NODE_1_length_4896_cov_7.321657	KEEP	PASS_VIRAL	KEEP	58	4	2.06e-115	386.6	0.253	309	FAM003304
ERR2040409_clean_NODE_16_length_2039_cov_473.746994	REVIEW	REVIEW	no_viral_domain_but_blast	27	11	1.16e-203	677.6	0.908	556	FAM001725
ERR2040409_clean_NODE_18_length_1902_cov_1431.011296	REVIEW	AMBIGUOUS	no_viral_domain_but_blast	12	7	6.17e-247	819.8	0.990	483	FAM003548
ERR2040412_clean_NODE_1030_length_3247_cov_25.634519	REVIEW	AMBIGUOUS	no_viral_domain_but_blast	0	0				0	
ERR2040412_clean_NODE_1096_length_3198_cov_65.216165	DROP	AMBIGUOUS	DROP	0	0				0	
ERR2040412_clean_NODE_1126_length_3168_cov_37.030400	KEEP	PASS_VIRAL	KEEP	39	3	1.59e-19	68.8	0.077	688	FAM008177
ERR2040412_clean_NODE_123_length_5274_cov_11.820111	DROP	AMBIGUOUS	DROP	0	0				0	
ERR2040412_clean_NODE_1321_length_3029_cov_40.720697	DROP	REVIEW	DROP	0	0				0	
ERR2040412_clean_NODE_13698_length_934_cov_1.503928	REVIEW	REVIEW	short_fragment	9	1	2.90e-27	95.3	0.168	81	FAM001010
ERR2040412_clean_NODE_1409_length_2971_cov_13.391052	DROP	AMBIGUOUS	DROP	2	0	2.65e-10	37.9	0.049	654	FAM010548
ERR2040412_clean_NODE_1469_length_2931_cov_104.792936	DROP	AMBIGUOUS	DROP	0	0				0	
ERR2040412_clean_NODE_1484_length_2922_cov_25.965613	DROP	AMBIGUOUS	DROP	2	0	1.23e-10	39.0	0.053	709	FAM010548
ERR2040412_clean_NODE_167_length_4949_cov_11.898899	DROP	AMBIGUOUS	DROP	4	0	9.78e-11	39.3	0.055	612	FAM010548
ERR2040412_clean_NODE_1737_length_2789_cov_5.808084	REVIEW	AMBIGUOUS	short_fragment	9	0	1.68e-17	60.3	0.028	582	FAM001712
ERR2040412_clean_NODE_179_length_4866_cov_10.214182	DROP	AMBIGUOUS	DROP	2	1	9.99e-34	117.0	0.500	1226	FAM012606
ERR2040412_clean_NODE_20839_length_503_cov_1.726087	REVIEW	REVIEW	short_fragment	1	0	8.68e-03	14.8	0.088	30	FAM006701
ERR2040412_clean_NODE_239_length_4593_cov_10.261099	DROP	AMBIGUOUS	DROP	0	0				0	
ERR2040412_clean_NODE_240_length_4586_cov_9.832490	KEEP	PASS_VIRAL	KEEP	7	0	3.04e-24	85.4	0.121	1352	FAM012657
ERR2040412_clean_NODE_2441_length_2483_cov_10.124590	DROP	AMBIGUOUS	DROP	4	0	4.98e-10	37.0	0.052	627	FAM010548
ERR2040412_clean_NODE_3125_length_2274_cov_10.979381	DROP	AMBIGUOUS	DROP	4	0	1.32e-05	24.1	0.183	617	FAM032326
ERR2040412_clean_NODE_3203_length_2254_cov_49.409317	REVIEW	AMBIGUOUS	no_viral_domain_but_blast	0	0				0	
ERR2040412_clean_NODE_3982_length_2078_cov_43.085995	DROP	AMBIGUOUS	DROP	0	0				0	
ERR2040412_clean_NODE_3993_length_2076_cov_52.008854	DROP	AMBIGUOUS	DROP	0	0				0	
ERR2040412_clean_NODE_795_length_3457_cov_11.533099	KEEP	PASS_VIRAL	KEEP	21	1	1.51e-54	185.4	0.403	796	FAM004890
ERR2040412_clean_NODE_883_length_3379_cov_16.205635	KEEP	PASS_VIRAL	KEEP	7	1	4.11e-165	550.9	0.640	923	FAM013464
ERR2040413_clean_NODE_10979_length_937_cov_2.875839	REVIEW	PASS_VIRAL	short_fragment	0	0				0	
ERR2040413_clean_NODE_11284_length_921_cov_3.205011	REVIEW	REVIEW	short_fragment	5	0	1.03e-15	57.1	0.174	96	FAM003024
ERR2040413_clean_NODE_12387_length_867_cov_1.706311	DROP	REVIEW	DROP	9	0	4.44e-32	110.9	0.132	85	FAM000134
ERR2040413_clean_NODE_12828_length_847_cov_2.619403	REVIEW	REVIEW	short_fragment	0	0				0	
ERR2040413_clean_NODE_12987_length_840_cov_2.249686	KEEP	PASS_CORE	KEEP	0	0				0	
ERR2040413_clean_NODE_1345_length_2152_cov_34.400190	DROP	REVIEW	DROP	0	0				0	
ERR2040413_clean_NODE_1406_length_2131_cov_39.420019	DROP	AMBIGUOUS	DROP	0	0				0	
ERR2040413_clean_NODE_1502_length_2096_cov_8.148563	REVIEW	PASS_VIRAL	short_fragment	4	0	3.17e-12	45.2	0.066	529	FAM013464
ERR2040413_clean_NODE_3770_length_1574_cov_5.274984	REVIEW	PASS_VIRAL	short_fragment	0	0				0	
ERR2040413_clean_NODE_8834_length_1065_cov_5.416830	REVIEW	REVIEW	short_fragment	0	0				0	
ERR2040414_clean_NODE_1043_length_2876_cov_23.592305	DROP	AMBIGUOUS	DROP	1	0	6.47e-16	57.6	0.346	690	FAM007966
ERR2040414_clean_NODE_1506_length_2604_cov_5.414291	KEEP	PASS_VIRAL	KEEP	39	9	6.89e-34	116.4	0.088	567	FAM008177
ERR2040414_clean_NODE_1678_length_2529_cov_5.848753	REVIEW	AMBIGUOUS	short_fragment	9	0	6.78e-19	64.9	0.028	565	FAM001712
ERR2040414_clean_NODE_1868_length_2443_cov_10.464167	KEEP	PASS_VIRAL	KEEP	4	1	1.81e-67	227.1	0.961	569	FAM012653
ERR2040414_clean_NODE_22_length_7002_cov_32.395172	KEEP	PASS_VIRAL	KEEP	7	3	1.57e-70	238.1	0.530	2123	FAM013464
ERR2040414_clean_NODE_2355_length_2259_cov_8.325812	DROP	AMBIGUOUS	DROP	2	0	1.18e-11	44.6	0.407	595	FAM022230
ERR2040414_clean_NODE_2443_length_2235_cov_2.904197	REVIEW	AMBIGUOUS	short_fragment	0	0				0	
ERR2040414_clean_NODE_2747_length_2144_cov_2.775821	KEEP	PASS_VIRAL	KEEP	0	0				0	
ERR2040414_clean_NODE_296_length_3993_cov_12.531646	KEEP	PASS_VIRAL	KEEP	19	0	3.51e-55	187.5	0.393	1038	FAM004890
ERR2040414_clean_NODE_2984_length_2081_cov_28.438665	DROP	REVIEW	DROP	0	0				0	
ERR2040414_clean_NODE_3562_length_1950_cov_11.622444	DROP	REVIEW	DROP	0	0				0	
ERR2040414_clean_NODE_375_length_3768_cov_9.304966	DROP	AMBIGUOUS	DROP	0	0				0	
ERR2040414_clean_NODE_563_length_3441_cov_14.417304	REVIEW	AMBIGUOUS	no_viral_domain_but_blast	0	0				0	
ERR2040414_clean_NODE_5706_length_1571_cov_5.187827	REVIEW	PASS_VIRAL	short_fragment	0	0				0	
ERR2040414_clean_NODE_723_length_3228_cov_12.087284	DROP	AMBIGUOUS	DROP	0	0				0	
ERR2040414_clean_NODE_731_length_3210_cov_7.542153	KEEP	PASS_VIRAL	KEEP	33	16	1.08e-41	142.2	0.149	675	FAM008177
ERR2040414_clean_NODE_818_length_3106_cov_35.195560	DROP	AMBIGUOUS	DROP	0	0				0	
ERR2040414_clean_NODE_897_length_3003_cov_4.937838	REVIEW	AMBIGUOUS	no_viral_domain_but_blast	0	0				0	
ERR2040415_clean_NODE_1012_length_3316_cov_18.295448	KEEP	PASS_VIRAL	KEEP	3	0	6.59e-95	318.7	0.379	733	FAM013464
ERR2040415_clean_NODE_1049_length_3282_cov_19.238036	DROP	AMBIGUOUS	DROP	1	0	7.20e-03	15.3	0.135	336	FAM031305
ERR2040415_clean_NODE_1183_length_3173_cov_29.140575	REVIEW	AMBIGUOUS	short_fragment	0	0				0	
ERR2040415_clean_NODE_123_length_5466_cov_7.574959	DROP	AMBIGUOUS	DROP	0	0				0	
ERR2040415_clean_NODE_1355_length_3035_cov_11.113302	DROP	AMBIGUOUS	DROP	0	0				0	
ERR2040415_clean_NODE_1763_length_2775_cov_21.363470	DROP	REVIEW	DROP	1	1	1.12e-03	19.2	0.570	649	FAM002917
ERR2040415_clean_NODE_1871_length_2720_cov_11.945835	DROP	AMBIGUOUS	DROP	2	1	5.78e-24	84.3	0.547	365	FAM007992
ERR2040415_clean_NODE_1971_length_2672_cov_45.850514	DROP	AMBIGUOUS	DROP	0	0				0	
ERR2040415_clean_NODE_2052_length_2634_cov_5.916249	KEEP	PASS_VIRAL	KEEP	0	0				0	
ERR2040415_clean_NODE_2093_length_2617_cov_63.466589	DROP	AMBIGUOUS	DROP	3	1	3.36e-154	514.2	0.989	667	FAM012645
ERR2040415_clean_NODE_2169_length_2588_cov_10.684872	KEEP	PASS_VIRAL	KEEP	18	6	8.56e-28	96.2	0.152	587	FAM008177
ERR2040415_clean_NODE_2220_length_2566_cov_25.608799	REVIEW	AMBIGUOUS	no_viral_domain_but_blast	1	1	2.48e-169	563.9	0.859	533	FAM021041
ERR2040415_clean_NODE_225_length_4689_cov_86.645502	KEEP	PASS_VIRAL	KEEP	48	17	2.18e-65	220.6	0.425	918	FAM004902
ERR2040415_clean_NODE_2425_length_2494_cov_11.091391	DROP	AMBIGUOUS	DROP	0	0				0	
ERR2040415_clean_NODE_2599_length_2430_cov_644.089233	DROP	AMBIGUOUS	DROP	3	0	2.62e-07	29.3	0.315	448	FAM022873
ERR2040415_clean_NODE_2806_length_2368_cov_12.920430	REVIEW	AMBIGUOUS	short_fragment	9	0	3.03e-17	59.5	0.028	566	FAM001712
ERR2040415_clean_NODE_2853_length_2354_cov_41.804414	KEEP	PASS_VIRAL	KEEP	4	1	3.63e-75	252.6	0.819	416	FAM011052
ERR2040415_clean_NODE_2945_length_2327_cov_7.510508	DROP	AMBIGUOUS	DROP	13	1	9.48e-06	24.7	0.167	533	FAM019029
ERR2040415_clean_NODE_2956_length_2324_cov_13.932486	REVIEW	AMBIGUOUS	short_fragment	17	1	3.36e-14	52.6	0.429	612	FAM007812
ERR2040415_clean_NODE_3006_length_2307_cov_197.425795	KEEP	PASS_VIRAL	KEEP	10	1	1.09e-16	60.7	0.433	438	FAM008380
ERR2040415_clean_NODE_3460_length_2192_cov_24.568171	DROP	AMBIGUOUS	DROP	3	2	3.55e-54	183.5	0.900	536	FAM020762
ERR2040415_clean_NODE_3461_length_2192_cov_10.304328	REVIEW	AMBIGUOUS	short_fragment	7	0	5.35e-15	52.0	0.071	546	FAM001712
ERR2040415_clean_NODE_3779_length_2113_cov_39.054106	KEEP	PASS_VIRAL	KEEP	1	0	1.27e-11	43.4	0.203	448	FAM001840
ERR2040415_clean_NODE_4551_length_1953_cov_5.882723	REVIEW	AMBIGUOUS	short_fragment	0	0				0	
ERR2040415_clean_NODE_72_length_6138_cov_13.087941	DROP	AMBIGUOUS	DROP	6	0	2.86e-24	85.5	0.132	1657	FAM007630
ERR2040415_clean_NODE_933_length_3390_cov_32.852405	REVIEW	AMBIGUOUS	no_viral_domain_but_blast	0	0				0	
ERR2040415_clean_NODE_988_length_3343_cov_30.353939	REVIEW	AMBIGUOUS	no_viral_domain_but_blast	0	0				0	
ERR2040416_clean_NODE_110_length_4268_cov_15.894438	DROP	AMBIGUOUS	DROP	8	1	1.02e-05	24.3	0.180	613	FAM032326
ERR2040416_clean_NODE_1114_length_2688_cov_9.072590	DROP	AMBIGUOUS	DROP	1	0	1.25e-07	30.5	0.080	711	FAM012744
ERR2040416_clean_NODE_1450_length_2511_cov_73.940032	DROP	AMBIGUOUS	DROP	0	0				0	
ERR2040416_clean_NODE_1592_length_2440_cov_18.950355	DROP	AMBIGUOUS	DROP	5	1	1.22e-09	36.9	0.111	522	FAM022056
ERR2040416_clean_NODE_1953_length_2293_cov_19.352000	DROP	AMBIGUOUS	DROP	0	0				0	
ERR2040416_clean_NODE_2205_length_2211_cov_21.470480	DROP	AMBIGUOUS	DROP	0	0				0	
ERR2040416_clean_NODE_2213_length_2210_cov_6.734195	DROP	AMBIGUOUS	DROP	0	0				0	
ERR2040416_clean_NODE_2822_length_2050_cov_71.804185	DROP	AMBIGUOUS	DROP	0	0				0	
ERR2040416_clean_NODE_3092_length_1984_cov_26.904173	KEEP	PASS_VIRAL	KEEP	12	5	3.09e-19	67.8	0.132	496	FAM008177
ERR2040416_clean_NODE_3644_length_1871_cov_35.358862	KEEP	PASS_VIRAL	KEEP	0	0				0	
ERR2040416_clean_NODE_541_length_3198_cov_13.541046	KEEP	PASS_VIRAL	KEEP	42	9	2.24e-24	85.9	0.570	827	FAM000238
ERR2040416_clean_NODE_998_length_2752_cov_15.160576	KEEP	PASS_VIRAL	KEEP	37	19	9.29e-46	155.7	0.116	809	FAM008177
ERR2040417_clean_NODE_1165_length_2034_cov_66.645404	REVIEW	AMBIGUOUS	no_viral_domain_but_blast	0	0				0	
ERR2040417_clean_NODE_18732_length_545_cov_3.697211	REVIEW	REVIEW	short_fragment	0	0				0	
ERR2040417_clean_NODE_74_length_3293_cov_36.635385	DROP	AMBIGUOUS	DROP	1	1	6.99e-03	16.3	0.526	448	FAM009802
ERR2040420_clean_NODE_129_length_2258_cov_4.676298	REVIEW	AMBIGUOUS	no_viral_domain_but_blast	0	0				0	
ERR2040420_clean_NODE_1_length_8946_cov_21.745928	KEEP	PASS_CORE	KEEP	100	36	0.00e+00	1760.5	0.935	1933	FAM000080
ERR2040420_clean_NODE_283_length_1952_cov_31.857517	REVIEW	REVIEW	short_fragment	7	4	2.27e-31	108.6	0.733	378	FAM014731
ERR2040420_clean_NODE_3211_length_967_cov_5.495671	REVIEW	REVIEW	no_viral_domain_but_blast	0	0				0	
ERR2040420_clean_NODE_6736_length_675_cov_2.634494	REVIEW	REVIEW	short_fragment	0	0				0	
ERR2040421_clean_NODE_303_length_2139_cov_16.567271	DROP	AMBIGUOUS	DROP	5	1	1.87e-09	36.3	0.115	502	FAM022056
ERR2040421_clean_NODE_75_length_2696_cov_16.060686	REVIEW	AMBIGUOUS	no_viral_domain_but_blast	0	0				0	
ERR2040423_clean_NODE_143_length_2972_cov_9.821441	DROP	REVIEW	DROP	0	0				0	
ERR2040423_clean_NODE_215_length_2739_cov_11.060460	REVIEW	AMBIGUOUS	no_viral_domain_but_blast	0	0				0	
ERR2040423_clean_NODE_3_length_5509_cov_91.878705	REVIEW	AMBIGUOUS	short_fragment	7	2	5.43e-38	130.6	0.456	466	FAM003024
ERR2040423_clean_NODE_8_length_4720_cov_174.987171	DROP	AMBIGUOUS	DROP	0	0				0	
ERR2040426_clean_NODE_1395_length_605_cov_4.425267	REVIEW	REVIEW	no_viral_domain_but_blast	0	0				0	
ERR2040426_clean_NODE_1583_length_583_cov_3.870370	REVIEW	REVIEW	no_viral_domain_but_blast	0	0				0	
ERR2040426_clean_NODE_825_length_702_cov_5.279211	REVIEW	REVIEW	no_viral_domain_but_blast	0	0				0	
ERR2040427_clean_NODE_203_length_2893_cov_5.523509	DROP	REVIEW	DROP	0	0				0	
ERR2040427_clean_NODE_26_length_3876_cov_21.015393	KEEP	PASS_VIRAL	KEEP	8	0	1.57e-30	106.1	0.144	1042	FAM012657
ERR2040427_clean_NODE_281_length_2720_cov_32.129249	DROP	AMBIGUOUS	DROP	2	0	1.29e-09	37.1	0.271	717	FAM012744
ERR2040427_clean_NODE_424_length_2525_cov_110.500806	DROP	AMBIGUOUS	DROP	3	2	1.21e-50	171.9	0.788	478	FAM020762
ERR2040427_clean_NODE_769_length_2224_cov_15.117377	DROP	AMBIGUOUS	DROP	6	0	4.36e-09	35.0	0.105	474	FAM022056
ERR2040427_clean_NODE_828_length_2188_cov_56.945455	DROP	AMBIGUOUS	DROP	14	8	4.02e-19	68.2	0.674	434	FAM022780
ERR2040428_clean_NODE_10220_length_520_cov_1.920335	REVIEW	PASS_VIRAL	short_fragment	0	0				0	
ERR2040428_clean_NODE_164_length_2278_cov_14.242953	DROP	AMBIGUOUS	DROP	0	0				0	
ERR2040428_clean_NODE_4615_length_900_cov_6.129522	REVIEW	REVIEW	no_viral_domain_but_blast	0	0				0	
ERR2040428_clean_NODE_489_length_1899_cov_32.219828	KEEP	PASS_VIRAL	KEEP	0	0				0	
ERR2040428_clean_NODE_580_length_1836_cov_560.239822	REVIEW	REVIEW	no_viral_domain_but_blast	11	6	1.09e-183	611.3	0.868	427	FAM001737
ERR2040428_clean_NODE_7681_length_652_cov_7.579639	REVIEW	REVIEW	no_viral_domain_but_blast	1	0	1.72e-03	16.7	0.126	92	FAM001725
ERR2040429_clean_NODE_113_length_3233_cov_13.321317	DROP	AMBIGUOUS	DROP	0	0				0	
ERR2040429_clean_NODE_1241_length_2013_cov_17.985279	REVIEW	AMBIGUOUS	short_fragment	0	0				0	
ERR2040430_clean_NODE_287_length_2609_cov_20.187841	DROP	AMBIGUOUS	DROP	0	0				0	
ERR2040430_clean_NODE_495_length_2310_cov_15.578738	DROP	AMBIGUOUS	DROP	6	0	8.89e-10	37.3	0.107	474	FAM022056
ERR2040430_clean_NODE_639_length_2193_cov_10.911163	KEEP	PASS_VIRAL	KEEP	3	0	2.88e-10	39.3	0.123	498	FAM012657
ERR2040431_clean_NODE_12_length_8552_cov_15.527206	DROP	AMBIGUOUS	DROP	12	0	6.44e-08	32.2	0.136	2466	FAM017900
ERR2040431_clean_NODE_1438_length_2766_cov_6.428571	DROP	AMBIGUOUS	DROP	3	0	6.69e-11	40.9	0.066	701	FAM013464
ERR2040431_clean_NODE_159_length_5003_cov_295.653226	DROP	AMBIGUOUS	DROP	0	0				0	
ERR2040431_clean_NODE_2363_length_2330_cov_16.131613	REVIEW	AMBIGUOUS	short_fragment	9	0	1.17e-18	64.2	0.038	541	FAM001712
ERR2040431_clean_NODE_2461_length_2293_cov_114.156889	DROP	AMBIGUOUS	DROP	3	0	1.84e-20	72.2	0.126	578	FAM012595
ERR2040431_clean_NODE_2592_length_2245_cov_9.145777	DROP	AMBIGUOUS	DROP	8	1	9.87e-06	24.3	0.518	615	FAM032326
ERR2040431_clean_NODE_290_length_4260_cov_55.514110	KEEP	PASS_VIRAL	KEEP	18	0	1.60e-52	178.7	0.407	1150	FAM004890
ERR2040431_clean_NODE_3445_length_2007_cov_253.573829	REVIEW	REVIEW	no_viral_domain_but_blast	27	10	3.61e-203	676.0	0.909	556	FAM001725
ERR2040431_clean_NODE_3451_length_2006_cov_11.937341	REVIEW	AMBIGUOUS	short_fragment	0	0				0	
ERR2040431_clean_NODE_3915_length_1901_cov_23.382131	REVIEW	AMBIGUOUS	short_fragment	4	0	3.34e-10	38.6	0.067	520	FAM013464
ERR2040431_clean_NODE_451_length_3843_cov_39.626842	DROP	REVIEW	DROP	0	0				0	
ERR2040431_clean_NODE_4804_length_1728_cov_369.656380	REVIEW	REVIEW	no_viral_domain_but_blast	12	4	4.07e-228	757.7	0.875	429	FAM003548
ERR2040431_clean_NODE_7445_length_1349_cov_5.507657	DROP	REVIEW	DROP	8	3	9.19e-36	123.3	0.773	267	FAM010181
ERR2040431_clean_NODE_797_length_3357_cov_21.589922	DROP	AMBIGUOUS	DROP	3	1	2.77e-100	335.9	0.955	927	FAM012407
ERR2040431_clean_NODE_822_length_3321_cov_9.621110	DROP	AMBIGUOUS	DROP	0	0				0	
ERR2040431_clean_NODE_90_length_5913_cov_81.113969	DROP	REVIEW	DROP	0	0				0	
ERR2040431_clean_NODE_9430_length_1116_cov_10.919851	REVIEW	REVIEW	no_viral_domain_but_blast	5	5	3.27e-94	315.4	0.710	249	FAM014886
ERR2040431_clean_NODE_94_length_5892_cov_129.448453	DROP	AMBIGUOUS	DROP	0	0				0	
ERR2040432_clean_NODE_10542_length_729_cov_3.195335	REVIEW	REVIEW	short_fragment	0	0				0	
ERR2040433_clean_NODE_1232_length_2245_cov_10.506812	DROP	AMBIGUOUS	DROP	7	0	8.29e-11	40.7	0.121	522	FAM022056
ERR2040433_clean_NODE_1323_length_2203_cov_9.613889	DROP	AMBIGUOUS	DROP	4	0	1.16e-04	20.8	0.079	619	FAM032326
ERR2040433_clean_NODE_15_length_5142_cov_14.835654	KEEP	PASS_VIRAL	KEEP	7	0	1.75e-29	102.7	0.240	1424	FAM012657
ERR2040433_clean_NODE_251_length_3192_cov_26.493172	REVIEW	AMBIGUOUS	no_viral_domain_but_blast	0	0				0	
ERR2040433_clean_NODE_316_length_3065_cov_5.612177	REVIEW	AMBIGUOUS	no_viral_domain_but_blast	0	0				0	
ERR2040433_clean_NODE_642_length_2650_cov_14.828155	DROP	AMBIGUOUS	DROP	0	0				0	
ERR2040433_clean_NODE_919_length_2405_cov_9.071550	REVIEW	AMBIGUOUS	short_fragment	0	0				0	
ERR2040434_clean_NODE_11763_length_720_cov_3.632201	KEEP	PASS_VIRAL	KEEP	0	0				0	
ERR2040434_clean_NODE_12371_length_684_cov_1163.324493	KEEP	PASS_CORE	KEEP	0	0				0	
ERR2040434_clean_NODE_161_length_2991_cov_86.883650	KEEP	PASS_VIRAL	KEEP	1	0	9.00e-04	18.0	0.275	746	FAM030757
ERR2040434_clean_NODE_16_length_4142_cov_251.999512	REVIEW	PASS_VIRAL	short_fragment	0	0				0	
ERR2040434_clean_NODE_256_length_2794_cov_10.679753	KEEP	PASS_CORE_FAM	KEEP	0	0				0	
ERR2040434_clean_NODE_262_length_2781_cov_15.343682	KEEP	PASS_VIRAL	KEEP	4	0	3.07e-30	104.9	0.249	503	FAM004768
ERR2040434_clean_NODE_288_length_2734_cov_14.709402	DROP	AMBIGUOUS	DROP	0	0				0	
ERR2040434_clean_NODE_3353_length_1513_cov_495.804762	REVIEW	PASS_VIRAL	short_fragment	0	0				0	
ERR2040434_clean_NODE_6867_length_1086_cov_9.715244	KEEP	PASS_CORE	KEEP	67	5	6.64e-133	444.5	0.241	267	FAM006221
ERR2040434_clean_NODE_7417_length_1035_cov_1433.023185	KEEP	PASS_CORE	KEEP	0	0				0	
ERR2040434_clean_NODE_893_length_2183_cov_36.577570	DROP	AMBIGUOUS	DROP	0	0				0	
ERR2040434_clean_NODE_953_length_2156_cov_88.132040	KEEP	PASS_VIRAL	KEEP	0	0				0	
ERR2040434_clean_NODE_96_length_3231_cov_910.899937	KEEP	PASS_VIRAL	KEEP	0	0				0	
ERR2040435_clean_NODE_70_length_2046_cov_19.311033	DROP	AMBIGUOUS	DROP	8	1	3.41e-08	32.3	0.135	485	FAM004890
ERR2040436_clean_NODE_1164_length_1239_cov_110.808528	REVIEW	REVIEW	no_viral_domain_but_blast	5	4	8.49e-118	392.7	0.813	286	FAM009566
ERR2040436_clean_NODE_269_length_1627_cov_24.128788	KEEP	PASS_CORE_FAM	KEEP	71	18	9.51e-178	591.0	0.858	417	FAM002989
ERR2040436_clean_NODE_957_length_1293_cov_105.402400	REVIEW	REVIEW	no_viral_domain_but_blast	4	3	1.71e-120	401.8	0.820	287	FAM014886
ERR2040437_clean_NODE_10_length_4927_cov_26.404996	DROP	AMBIGUOUS	DROP	0	0				0	
ERR2040437_clean_NODE_1107_length_2137_cov_12.512894	KEEP	PASS_VIRAL	KEEP	4	0	3.23e-28	98.0	0.359	605	FAM011052
ERR2040437_clean_NODE_1224_length_2081_cov_16.560844	DROP	AMBIGUOUS	DROP	0	0				0	
ERR2040437_clean_NODE_1336_length_2025_cov_11.366801	KEEP	PASS_VIRAL	KEEP	9	2	2.94e-77	259.5	0.937	517	FAM011052
ERR2040437_clean_NODE_254_length_3004_cov_30.145559	REVIEW	AMBIGUOUS	no_viral_domain_but_blast	0	0				0	
ERR2040437_clean_NODE_433_length_2679_cov_14.680956	DROP	AMBIGUOUS	DROP	0	0				0	
ERR2040437_clean_NODE_487_length_2623_cov_7.471705	KEEP	PASS_VIRAL	KEEP	15	0	2.77e-48	164.7	0.402	740	FAM004890
ERR2040437_clean_NODE_512_length_2599_cov_30.279343	DROP	AMBIGUOUS	DROP	0	0				0	
ERR2040437_clean_NODE_550_length_2561_cov_15.619142	DROP	AMBIGUOUS	DROP	3	2	2.76e-51	174.0	0.897	525	FAM020762
ERR2040437_clean_NODE_5_length_5361_cov_85.136329	REVIEW	AMBIGUOUS	no_viral_domain_but_blast	0	0				0	
ERR2040437_clean_NODE_6716_length_1112_cov_3.162769	REVIEW	REVIEW	short_fragment	0	0				0	
ERR2040437_clean_NODE_952_length_2231_cov_17.074040	DROP	AMBIGUOUS	DROP	0	0				0	
ERR2040438_clean_NODE_1782_length_1872_cov_13.844177	DROP	AMBIGUOUS	DROP	4	1	9.32e-41	139.5	0.710	454	FAM020762
ERR2040438_clean_NODE_2007_length_1813_cov_50.131073	DROP	REVIEW	DROP	7	4	2.18e-101	339.4	0.744	339	FAM014731
ERR2040438_clean_NODE_215_length_3093_cov_52.035082	REVIEW	AMBIGUOUS	no_viral_domain_but_blast	0	0				0	
ERR2040438_clean_NODE_244_length_3008_cov_184.974368	DROP	AMBIGUOUS	DROP	0	0				0	
ERR2040438_clean_NODE_51_length_3889_cov_12.044202	KEEP	PASS_VIRAL	KEEP	0	0				0	
ERR2040438_clean_NODE_951_length_2217_cov_20.521159	DROP	AMBIGUOUS	DROP	3	0	5.92e-09	35.0	0.125	583	FAM003806
ERR2040439_clean_NODE_16_length_2751_cov_66.224520	REVIEW	AMBIGUOUS	no_viral_domain_but_blast	0	0				0	
ERR2040439_clean_NODE_8_length_3260_cov_2.545539	KEEP	PASS_CORE	KEEP	50	12	5.52e-213	709.6	0.284	391	FAM000088
ERR2040439_clean_NODE_992_length_1107_cov_1.923872	KEEP	PASS_CORE	KEEP	0	0				0	
ERR2040441_clean_NODE_207_length_2032_cov_19.232780	DROP	REVIEW	DROP	0	0				0	
ERR2040442_clean_NODE_1_length_9803_cov_2482.102357	KEEP	PASS_CORE	KEEP	171	37	0.00e+00	4845.0	0.633	3104	FAM000291
ERR2040442_clean_NODE_208_length_1862_cov_39.429357	KEEP	PASS_CORE	KEEP	20	4	4.88e-115	385.3	0.344	414	FAM000127
ERR2040442_clean_NODE_710_length_1408_cov_39.909158	KEEP	PASS_CORE	KEEP	6	2	1.75e-73	248.0	0.251	217	FAM000128
ERR2040443_clean_NODE_1157_length_1846_cov_28.483084	DROP	REVIEW	DROP	5	0	1.22e-22	80.0	0.320	397	FAM003024
ERR2040443_clean_NODE_25_length_3843_cov_28.563684	KEEP	PASS_VIRAL	KEEP	0	0				0	
ERR2040443_clean_NODE_369_length_2401_cov_9.187871	DROP	AMBIGUOUS	DROP	0	0				0	
ERR2040443_clean_NODE_767_length_2049_cov_28.510469	DROP	AMBIGUOUS	DROP	6	1	8.17e-09	34.1	0.111	505	FAM022056
ERR2040444_clean_NODE_18_length_2855_cov_71.485420	KEEP	PASS_CORE_FAM	KEEP	16	0	5.23e-43	146.4	0.067	131	FAM004636
ERR2040444_clean_NODE_4788_length_701_cov_12.551672	REVIEW	REVIEW	short_fragment	0	0				0	
ERR2040444_clean_NODE_7049_length_579_cov_13.179104	KEEP	PASS_CORE	KEEP	0	0				0	
ERR2040444_clean_NODE_89_length_2167_cov_13.434557	DROP	REVIEW	DROP	0	0				0	
ERR2040445_clean_NODE_1_length_9292_cov_20.066386	DROP	REVIEW	DROP	0	0				0	
ERR2040445_clean_NODE_8886_length_682_cov_4.494523	KEEP	PASS_CORE	KEEP	21	0	1.73e-55	187.9	0.056	92	FAM023340
ERR2040446_clean_NODE_1008_length_2692_cov_9.016988	KEEP	PASS_VIRAL	KEEP	0	0				0	
ERR2040446_clean_NODE_1195_length_2574_cov_5.441328	DROP	REVIEW	DROP	0	0				0	
ERR2040446_clean_NODE_1402_length_2438_cov_29.751566	REVIEW	AMBIGUOUS	no_viral_domain_but_blast	0	0				0	
ERR2040446_clean_NODE_1592_length_2342_cov_6.408873	REVIEW	PASS_VIRAL	short_fragment	9	0	6.11e-20	68.4	0.071	571	FAM001712
ERR2040446_clean_NODE_1635_length_2314_cov_33.798327	DROP	AMBIGUOUS	DROP	0	0				0	
ERR2040446_clean_NODE_1827_length_2220_cov_13.084520	REVIEW	AMBIGUOUS	short_fragment	3	0	1.85e-21	76.2	0.279	425	FAM031275
ERR2040446_clean_NODE_2467_length_2000_cov_7.386817	KEEP	PASS_VIRAL	KEEP	0	0				0	
ERR2040446_clean_NODE_35_length_5747_cov_6.142006	DROP	AMBIGUOUS	DROP	1	0	3.65e-03	15.1	0.102	1674	FAM010956
ERR2040447_clean_NODE_1_length_7164_cov_10.832467	KEEP	PASS_VIRAL	KEEP	6	2	1.92e-65	221.2	0.252	2115	FAM013464
ERR2040447_clean_NODE_227_length_2476_cov_7.343609	DROP	AMBIGUOUS	DROP	3	0	2.69e-04	19.0	0.201	530	FAM026486
ERR2040448_clean_NODE_1015_length_2688_cov_5.287713	DROP	AMBIGUOUS	DROP	5	0	8.38e-36	123.1	0.283	747	FAM012472
ERR2040448_clean_NODE_16_length_6586_cov_9.567324	KEEP	PASS_VIRAL	KEEP	2	1	3.65e-27	94.6	0.537	1968	FAM012718
ERR2040448_clean_NODE_186_length_3961_cov_29.393568	REVIEW	AMBIGUOUS	no_viral_domain_but_blast	0	0				0	
ERR2040448_clean_NODE_2027_length_2171_cov_3.944079	REVIEW	REVIEW	no_viral_domain_but_blast	0	0				0	
ERR2040448_clean_NODE_278_length_3651_cov_27.300166	DROP	AMBIGUOUS	DROP	1	1	5.80e-36	123.9	0.766	1088	FAM012429
ERR2040448_clean_NODE_397_length_3389_cov_11.106097	KEEP	PASS_VIRAL	KEEP	8	1	1.32e-162	542.6	0.630	929	FAM013464
ERR2040448_clean_NODE_4435_length_1613_cov_10.029299	DROP	REVIEW	DROP	4	1	3.31e-32	111.6	0.581	216	FAM008795
ERR2040448_clean_NODE_585_length_3103_cov_16.291176	KEEP	PASS_VIRAL	KEEP	21	1	3.14e-55	187.6	0.456	769	FAM004890
ERR2040448_clean_NODE_668_length_2993_cov_5.698983	DROP	REVIEW	DROP	0	0				0	
ERR2040449_clean_NODE_1225_length_2439_cov_8.817613	KEEP	PASS_VIRAL	KEEP	1	0	4.13e-03	15.7	0.189	678	FAM008003
ERR2040449_clean_NODE_165_length_4025_cov_21.444751	DROP	AMBIGUOUS	DROP	1	1	1.94e-18	66.4	0.658	532	FAM021371
ERR2040449_clean_NODE_2006_length_2100_cov_94.318911	DROP	AMBIGUOUS	DROP	1	0	2.70e-05	22.5	0.322	480	FAM030805
ERR2040449_clean_NODE_603_length_2983_cov_15.198299	KEEP	PASS_VIRAL	KEEP	0	0				0	
ERR2040449_clean_NODE_77_length_4547_cov_10.326599	KEEP	PASS_VIRAL	KEEP	4	0	1.27e-08	34.0	0.183	994	FAM031275
ERR2040449_clean_NODE_875_length_2693_cov_9.044151	DROP	AMBIGUOUS	DROP	2	0	8.25e-11	39.5	0.054	704	FAM010548
ERR2040449_clean_NODE_951_length_2633_cov_10.632819	DROP	AMBIGUOUS	DROP	0	0				0	
ERR2040450_clean_NODE_1020_length_3112_cov_16.534376	REVIEW	AMBIGUOUS	no_viral_domain_but_blast	0	0				0	
ERR2040450_clean_NODE_1074_length_3070_cov_44.395771	KEEP	PASS_VIRAL	KEEP	19	0	1.60e-53	182.0	0.403	769	FAM004890
ERR2040450_clean_NODE_14576_length_944_cov_5.357381	REVIEW	REVIEW	short_fragment	0	0				0	
ERR2040450_clean_NODE_1894_length_2590_cov_46.301924	KEEP	PASS_VIRAL	KEEP	3	0	1.14e-64	218.4	0.478	600	FAM004705
ERR2040450_clean_NODE_19504_length_700_cov_4.879756	REVIEW	REVIEW	short_fragment	1	0	1.24e-06	28.3	0.343	65	FAM001308
ERR2040450_clean_NODE_2274_length_2436_cov_19.766820	KEEP	PASS_VIRAL	KEEP	4	0	3.61e-13	48.4	0.066	703	FAM013464
ERR2040450_clean_NODE_22_length_6937_cov_60.071511	KEEP	PASS_VIRAL	KEEP	6	2	9.64e-65	218.9	0.198	2117	FAM013464
ERR2040450_clean_NODE_23396_length_568_cov_2.304762	DROP	REVIEW	DROP	0	0				0	
ERR2040450_clean_NODE_3106_length_2204_cov_25.082832	REVIEW	PASS_VIRAL	short_fragment	9	0	7.07e-17	58.2	0.028	574	FAM001712
ERR2040450_clean_NODE_3495_length_2119_cov_28.397399	REVIEW	REVIEW	short_fragment	2	0	1.43e-04	20.3	0.142	82	FAM007484
ERR2040450_clean_NODE_416_length_3925_cov_23.429160	KEEP	PASS_VIRAL	KEEP	18	0	1.01e-54	185.9	0.393	1142	FAM004890
ERR2040450_clean_NODE_4569_length_1906_cov_10.323135	KEEP	PASS_VIRAL	KEEP	5	5	2.97e-98	329.6	0.578	512	FAM004987
ERR2040450_clean_NODE_882_length_3240_cov_14.982796	KEEP	PASS_VIRAL	KEEP	29	0	1.22e-55	189.0	0.397	884	FAM004890
ERR2040450_clean_NODE_906_length_3205_cov_4.338077	KEEP	PASS_CORE	KEEP	31	6	6.55e-298	991.3	0.274	583	FAM000252
ERR2040452_clean_NODE_1166_length_2302_cov_20.290394	DROP	AMBIGUOUS	DROP	7	0	4.65e-06	25.4	0.194	611	FAM032326
ERR2040452_clean_NODE_146_length_3766_cov_9.436745	KEEP	PASS_VIRAL	KEEP	0	0				0	
ERR2040452_clean_NODE_1676_length_2070_cov_30.938826	DROP	AMBIGUOUS	DROP	4	3	5.69e-57	193.1	0.798	526	FAM022873
ERR2040452_clean_NODE_1862_length_2006_cov_9.974019	REVIEW	AMBIGUOUS	short_fragment	9	0	3.20e-17	59.4	0.038	551	FAM001712
ERR2040452_clean_NODE_266_length_3321_cov_20.494814	REVIEW	AMBIGUOUS	no_viral_domain_but_blast	0	0				0	
ERR2040452_clean_NODE_374_length_3064_cov_14.536577	KEEP	PASS_VIRAL	KEEP	21	1	6.66e-54	183.2	0.405	754	FAM004890
ERR2040452_clean_NODE_3_length_7080_cov_12.601677	KEEP	PASS_VIRAL	KEEP	6	2	1.29e-66	225.1	0.202	2120	FAM013464
ERR2040452_clean_NODE_532_length_2814_cov_7.067485	KEEP	PASS_VIRAL	KEEP	12	0	6.85e-10	37.9	0.283	730	FAM012165
ERR2040453_clean_NODE_1001_length_3066_cov_6.979545	KEEP	PASS_VIRAL	KEEP	28	0	1.63e-56	191.9	0.409	816	FAM004890
ERR2040453_clean_NODE_1472_length_2735_cov_16.107407	KEEP	PASS_VIRAL	KEEP	17	3	2.12e-23	81.6	0.162	606	FAM008177
ERR2040453_clean_NODE_1678_length_2634_cov_24.951905	KEEP	PASS_VIRAL	KEEP	49	21	1.41e-55	188.4	0.505	649	FAM007688
ERR2040453_clean_NODE_1747_length_2602_cov_5.182314	REVIEW	AMBIGUOUS	no_viral_domain_but_blast	0	0				0	
ERR2040453_clean_NODE_207_length_4431_cov_7.866697	DROP	AMBIGUOUS	DROP	0	0				0	
ERR2040453_clean_NODE_372_length_3895_cov_19.831347	DROP	AMBIGUOUS	DROP	0	0				0	
ERR2040453_clean_NODE_677_length_3440_cov_21.219090	KEEP	PASS_VIRAL	KEEP	0	0				0	
ERR2040453_clean_NODE_989_length_3074_cov_40.573215	KEEP	PASS_VIRAL	KEEP	12	0	4.62e-10	38.5	0.292	768	FAM011187
ERR2040454_clean_NODE_1013_length_2516_cov_7.713708	KEEP	PASS_VIRAL	KEEP	3	0	1.15e-12	46.7	0.066	731	FAM013464
ERR2040454_clean_NODE_109_length_4079_cov_12.215808	DROP	AMBIGUOUS	DROP	0	0				0	
ERR2040454_clean_NODE_17556_length_654_cov_3.060556	KEEP	PASS_VIRAL	KEEP	0	0				0	
ERR2040454_clean_NODE_25_length_5146_cov_49.428180_self_circular	KEEP	PASS_CORE	KEEP	35	18	0.00e+00	1341.7	0.951	1546	FAM003304
ERR2040454_clean_NODE_262_length_3435_cov_9.793337	KEEP	PASS_CORE	KEEP	0	0				0	
ERR2040454_clean_NODE_3404_length_1759_cov_8.157343	KEEP	PASS_CORE	KEEP	0	0				0	
ERR2040454_clean_NODE_443_length_3106_cov_39.331701	REVIEW	AMBIGUOUS	no_viral_domain_but_blast	0	0				0	
ERR2040454_clean_NODE_563_length_2907_cov_111.123603	REVIEW	AMBIGUOUS	no_viral_domain_but_blast	0	0				0	
ERR2040454_clean_NODE_6856_length_1294_cov_4.097522	KEEP	PASS_VIRAL	KEEP	0	0				0	
ERR2040454_clean_NODE_709_length_2754_cov_4.868683	KEEP	PASS_VIRAL	KEEP	20	1	2.38e-54	184.7	0.403	773	FAM004890
ERR2040454_clean_NODE_77_length_4279_cov_14.254485	DROP	REVIEW	DROP	14	3	5.83e-47	160.0	0.495	261	FAM015456
ERR2040455_clean_NODE_1029_length_2590_cov_11.040832	DROP	AMBIGUOUS	DROP	0	0				0	
ERR2040455_clean_NODE_1273_length_2456_cov_7.564028	DROP	AMBIGUOUS	DROP	7	0	1.17e-26	93.3	0.171	697	FAM004890
ERR2040455_clean_NODE_1868_length_2193_cov_35.021395	DROP	AMBIGUOUS	DROP	6	1	1.12e-09	37.0	0.115	494	FAM022056
ERR2040455_clean_NODE_2008_length_2149_cov_27.460114	KEEP	PASS_VIRAL	KEEP	55	20	1.23e-51	175.0	0.891	566	FAM030729
ERR2040455_clean_NODE_2216_length_2089_cov_12.783969	KEEP	PASS_VIRAL	KEEP	22	0	4.01e-54	184.0	0.403	505	FAM004890
ERR2040455_clean_NODE_2282_length_2068_cov_45.160988	REVIEW	AMBIGUOUS	no_viral_domain_but_blast	9	6	1.39e-119	398.1	0.974	443	FAM012636
ERR2040455_clean_NODE_311_length_3424_cov_49.799172	REVIEW	AMBIGUOUS	no_viral_domain_but_blast	0	0				0	
ERR2040455_clean_NODE_41_length_4970_cov_16.732900	KEEP	PASS_VIRAL	KEEP	7	0	5.64e-31	107.6	0.257	1425	FAM012657
ERR2040455_clean_NODE_43_length_4954_cov_57.280391	KEEP	PASS_VIRAL	KEEP	8	0	7.72e-29	100.6	0.347	1340	FAM012657
ERR2040455_clean_NODE_482_length_3105_cov_80.890268	REVIEW	AMBIGUOUS	no_viral_domain_but_blast	0	0				0	
ERR2040455_clean_NODE_498_length_3078_cov_15.948929	REVIEW	AMBIGUOUS	no_viral_domain_but_blast	0	0				0	
ERR2040455_clean_NODE_8809_length_1130_cov_3.829807	REVIEW	REVIEW	no_viral_domain_but_blast	3	0	8.85e-99	331.6	0.148	219	FAM003378
ERR2040455_clean_NODE_96_length_4173_cov_25.935593	DROP	AMBIGUOUS	DROP	0	0				0	
ERR2040455_clean_NODE_996_length_2607_cov_9.295632	KEEP	PASS_VIRAL	KEEP	30	0	9.34e-57	192.7	0.407	672	FAM004890
ERR2040456_clean_NODE_1304_length_2593_cov_14.116863	KEEP	PASS_VIRAL	KEEP	2	0	1.04e-67	228.7	0.210	582	FAM013464
ERR2040456_clean_NODE_1551_length_2492_cov_19.587587	REVIEW	AMBIGUOUS	no_viral_domain_but_blast	0	0				0	
ERR2040456_clean_NODE_1868_length_2366_cov_19.911752	DROP	AMBIGUOUS	DROP	5	1	6.13e-06	25.0	0.541	615	FAM032326
ERR2040456_clean_NODE_1947_length_2346_cov_10.900564	REVIEW	AMBIGUOUS	short_fragment	8	0	1.26e-14	50.8	0.071	568	FAM001712
ERR2040456_clean_NODE_2621_length_2170_cov_30.905501	DROP	AMBIGUOUS	DROP	0	0				0	
ERR2040456_clean_NODE_2725_length_2145_cov_12.725024	KEEP	PASS_VIRAL	KEEP	5	2	4.94e-65	219.3	0.859	460	FAM011052
ERR2040456_clean_NODE_3120_length_2062_cov_32.716196	DROP	AMBIGUOUS	DROP	0	0				0	
ERR2040456_clean_NODE_394_length_3243_cov_34.595625	KEEP	PASS_VIRAL	KEEP	46	18	9.74e-47	159.0	0.153	612	FAM008177
ERR2040456_clean_NODE_493_length_3132_cov_25.246682	KEEP	PASS_VIRAL	KEEP	13	0	4.24e-09	35.4	0.280	794	FAM011187
ERR2040456_clean_NODE_819_length_2849_cov_65.563792	DROP	AMBIGUOUS	DROP	0	0				0	
ERR2040457_clean_NODE_23370_length_584_cov_2.852126	REVIEW	REVIEW	short_fragment	0	0				0	
ERR2040457_clean_NODE_2337_length_1676_cov_9.484997	REVIEW	REVIEW	no_viral_domain_but_blast	6	5	3.63e-114	381.6	0.775	392	FAM014731
ERR2040457_clean_NODE_2794_length_1587_cov_3.628238	REVIEW	REVIEW	no_viral_domain_but_blast	20	0	1.30e-28	99.1	0.065	81	FAM003304
ERR2040457_clean_NODE_2_length_5126_cov_11.025379	KEEP	PASS_VIRAL	KEEP	58	6	4.92e-156	521.2	0.335	394	FAM003304
ERR2040457_clean_NODE_3014_length_1550_cov_39.253484	KEEP	PASS_VIRAL	KEEP	0	0				0	
ERR2040457_clean_NODE_4176_length_1394_cov_4.612139	REVIEW	PASS_VIRAL	short_fragment	0	0				0	
ERR2040457_clean_NODE_662_length_2306_cov_4.546620	REVIEW	AMBIGUOUS	short_fragment	9	0	2.16e-13	46.7	0.028	367	FAM001712
ERR2040457_clean_NODE_74_length_3478_cov_12.548180	REVIEW	AMBIGUOUS	no_viral_domain_but_blast	0	0				0	
ERR2040457_clean_NODE_789_length_2216_cov_15.002301	DROP	AMBIGUOUS	DROP	5	2	7.17e-83	278.3	0.976	614	FAM022905
ERR2040458_clean_NODE_13617_length_763_cov_2.451389	DROP	AMBIGUOUS	DROP	4	0	3.91e-25	87.6	0.108	157	FAM003304
ERR2040458_clean_NODE_33_length_2929_cov_12.299376	DROP	REVIEW	DROP	0	0				0	
ERR2040458_clean_NODE_459_length_2011_cov_6.723069	KEEP	PASS_VIRAL	KEEP	17	0	1.75e-41	142.2	0.262	216	FAM004890
ERR2040458_clean_NODE_6079_length_1065_cov_4.643836	REVIEW	PASS_VIRAL	short_fragment	0	0				0	
ERR2040458_clean_NODE_8910_length_921_cov_3.873576	DROP	REVIEW	DROP	0	0				0	
ERR2040459_clean_NODE_1429_length_2356_cov_15.565067	DROP	AMBIGUOUS	DROP	6	1	1.07e-09	37.1	0.111	506	FAM022056
ERR2040459_clean_NODE_1515_length_2316_cov_6.982842	REVIEW	PASS_VIRAL	short_fragment	4	0	2.43e-11	42.3	0.066	492	FAM013464
ERR2040459_clean_NODE_1520_length_2314_cov_21.349185	REVIEW	AMBIGUOUS	no_viral_domain_but_blast	0	0				0	
ERR2040459_clean_NODE_260_length_3517_cov_13.131836	KEEP	PASS_VIRAL	KEEP	0	0				0	
ERR2040459_clean_NODE_345_length_3352_cov_11.204291	KEEP	PASS_VIRAL	KEEP	8	0	6.75e-29	100.8	0.248	853	FAM012657
ERR2040459_clean_NODE_395_length_3274_cov_20.855772	DROP	AMBIGUOUS	DROP	9	0	6.46e-25	87.6	0.183	803	FAM007630
ERR2040459_clean_NODE_42_length_4697_cov_11.920713	REVIEW	AMBIGUOUS	no_viral_domain_but_blast	8	0	1.47e-08	31.2	0.019	234	FAM013988
ERR2040459_clean_NODE_563_length_2983_cov_14.537075	REVIEW	AMBIGUOUS	no_viral_domain_but_blast	0	0				0	
ERR2040460_clean_NODE_1380_length_2744_cov_10.151796	REVIEW	AMBIGUOUS	short_fragment	9	0	3.90e-16	55.8	0.070	663	FAM001712
ERR2040460_clean_NODE_1477_length_2689_cov_11.370748	DROP	AMBIGUOUS	DROP	0	0				0	
ERR2040460_clean_NODE_15597_length_815_cov_2.384715	REVIEW	REVIEW	no_viral_domain_but_blast	0	0				0	
ERR2040460_clean_NODE_1818_length_2518_cov_17.328889	REVIEW	AMBIGUOUS	no_viral_domain_but_blast	0	0				0	
ERR2040460_clean_NODE_18354_length_680_cov_3.403454	KEEP	PASS_CORE	KEEP	0	0				0	
ERR2040460_clean_NODE_19678_length_624_cov_4.519793	KEEP	PASS_CORE	KEEP	0	0				0	
ERR2040460_clean_NODE_2007_length_2445_cov_22.595337	REVIEW	AMBIGUOUS	short_fragment	6	0	9.37e-14	47.9	0.071	551	FAM001712
ERR2040460_clean_NODE_21851_length_544_cov_2.932136	DROP	REVIEW	DROP	3	0	4.56e-10	38.8	0.241	76	FAM002037
ERR2040460_clean_NODE_2329_length_2321_cov_14.697542	DROP	AMBIGUOUS	DROP	6	1	3.80e-09	35.2	0.105	475	FAM022056
ERR2040460_clean_NODE_235_length_4254_cov_28.364521	DROP	AMBIGUOUS	DROP	1	1	2.03e-03	17.6	0.525	1256	FAM010882
ERR2040460_clean_NODE_2541_length_2257_cov_8.105239	DROP	AMBIGUOUS	DROP	0	0				0	
ERR2040460_clean_NODE_2630_length_2236_cov_4.217966	DROP	AMBIGUOUS	DROP	0	0				0	
ERR2040460_clean_NODE_2966_length_2143_cov_54.083810	KEEP	PASS_VIRAL	KEEP	6	6	9.74e-290	962.8	0.764	612	FAM004987
ERR2040460_clean_NODE_3363_length_2052_cov_4.283225	DROP	AMBIGUOUS	DROP	0	0				0	
ERR2040460_clean_NODE_438_length_3660_cov_8.538291	KEEP	PASS_VIRAL	KEEP	15	0	1.16e-55	189.0	0.393	1123	FAM004890
ERR2040460_clean_NODE_569_length_3472_cov_43.168854	KEEP	PASS_CORE	KEEP	0	0				0	
ERR2040460_clean_NODE_634_length_3392_cov_56.816662	REVIEW	AMBIGUOUS	no_viral_domain_but_blast	0	0				0	
ERR2040460_clean_NODE_648_length_3378_cov_16.314843	DROP	AMBIGUOUS	DROP	3	1	8.63e-98	327.7	0.969	923	FAM012407
ERR2040460_clean_NODE_89_length_5310_cov_13.891399	DROP	AMBIGUOUS	DROP	18	4	2.54e-219	730.9	0.468	1607	FAM007819
ERR2040460_clean_NODE_917_length_3095_cov_26.561927	REVIEW	AMBIGUOUS	no_viral_domain_but_blast	0	0				0	
ERR2040461_clean_NODE_1073_length_2712_cov_5.091420	REVIEW	AMBIGUOUS	short_fragment	27	2	3.00e-61	207.0	0.100	150	FAM003310
ERR2040461_clean_NODE_1413_length_2527_cov_15.304348	REVIEW	AMBIGUOUS	short_fragment	7	0	4.27e-12	42.4	0.071	660	FAM001712
ERR2040461_clean_NODE_1564_length_2465_cov_38.304707	DROP	REVIEW	DROP	0	0				0	
ERR2040461_clean_NODE_169_length_3887_cov_8.127471	KEEP	PASS_VIRAL	KEEP	7	1	2.47e-161	538.4	0.637	930	FAM013464
ERR2040461_clean_NODE_26_length_5093_cov_96.154653	KEEP	PASS_VIRAL	KEEP	8	0	1.91e-28	99.3	0.382	1452	FAM012657
ERR2040461_clean_NODE_722_length_2986_cov_122.787971	DROP	AMBIGUOUS	DROP	5	1	1.13e-09	37.0	0.111	505	FAM022056
ERR2040462_clean_NODE_12995_length_747_cov_7.846591	REVIEW	REVIEW	short_fragment	2	0	6.04e-05	21.7	0.159	83	FAM006294
ERR2040462_clean_NODE_15369_length_647_cov_4.043046	REVIEW	REVIEW	short_fragment	1	0	2.10e-03	17.9	0.291	44	FAM000251
ERR2040462_clean_NODE_175_length_3540_cov_37.120675	REVIEW	AMBIGUOUS	no_viral_domain_but_blast	0	0				0	
ERR2040462_clean_NODE_19587_length_515_cov_0.955508	KEEP	PASS_CORE	KEEP	0	0				0	
ERR2040462_clean_NODE_2306_length_1908_cov_6.734584	KEEP	PASS_CORE	KEEP	0	0				0	
ERR2040462_clean_NODE_274_length_3270_cov_6.813139	KEEP	PASS_CORE	KEEP	13	1	7.89e-86	288.1	0.204	413	FAM000252
ERR2040462_clean_NODE_488_length_2842_cov_12.426938	REVIEW	REVIEW	short_fragment	0	0				0	
ERR2040462_clean_NODE_657_length_2682_cov_22.667298	REVIEW	AMBIGUOUS	no_viral_domain_but_blast	0	0				0	
ERR2040462_clean_NODE_787_length_2559_cov_16.324722	DROP	AMBIGUOUS	DROP	4	0	3.04e-04	19.4	0.434	613	FAM032326
ERR2040462_clean_NODE_9374_length_970_cov_6.286947	REVIEW	REVIEW	short_fragment	0	0				0	
ERR2040463_clean_NODE_112_length_4085_cov_20.611358	DROP	AMBIGUOUS	DROP	0	0				0	
ERR2040463_clean_NODE_1427_length_2331_cov_15.671603	DROP	AMBIGUOUS	DROP	6	0	2.93e-05	22.7	0.166	608	FAM032326
ERR2040463_clean_NODE_155_length_3813_cov_5.432769	DROP	REVIEW	DROP	2	0	1.20e-04	20.9	0.262	628	FAM000432
ERR2040463_clean_NODE_22_length_5705_cov_10.225220	DROP	REVIEW	DROP	0	0				0	
ERR2040463_clean_NODE_3744_length_1718_cov_3.191919	KEEP	PASS_CORE	KEEP	222	7	1.86e-216	721.3	0.171	468	FAM006411
ERR2040463_clean_NODE_410_length_3217_cov_17.337209	REVIEW	AMBIGUOUS	no_viral_domain_but_blast	0	0				0	
ERR2040463_clean_NODE_4922_length_1545_cov_4.160265	REVIEW	REVIEW	short_fragment	2	1	1.97e-53	181.2	0.584	203	FAM010669
ERR2040463_clean_NODE_528_length_3023_cov_7.193106	DROP	REVIEW	DROP	0	0				0	
ERR2040463_clean_NODE_784_length_2754_cov_10.995587	DROP	AMBIGUOUS	DROP	1	0	2.99e-04	19.4	0.086	715	FAM012744
ERR2040463_clean_NODE_933_length_2622_cov_4.906455	KEEP	PASS_VIRAL	KEEP	19	8	2.26e-162	541.7	0.743	707	FAM006814
ERR2040464_clean_NODE_120_length_4092_cov_13.611015	KEEP	PASS_VIRAL	KEEP	17	0	2.01e-51	175.0	0.417	1196	FAM004890
ERR2040464_clean_NODE_1626_length_2284_cov_5.895582	REVIEW	AMBIGUOUS	short_fragment	2	0	2.09e-03	13.5	0.012	310	FAM001712
ERR2040464_clean_NODE_1749_length_2238_cov_15.071982	DROP	REVIEW	DROP	0	0				0	
ERR2040464_clean_NODE_2096_length_2119_cov_9.985549	DROP	AMBIGUOUS	DROP	0	0				0	
ERR2040464_clean_NODE_2247_length_2073_cov_6.208867	DROP	AMBIGUOUS	DROP	0	0				0	
ERR2040464_clean_NODE_2392_length_2026_cov_9.665154	DROP	AMBIGUOUS	DROP	0	0				0	
ERR2040464_clean_NODE_302_length_3509_cov_45.353433	DROP	REVIEW	DROP	3	0	5.86e-04	18.8	0.239	904	FAM001818
ERR2040464_clean_NODE_411_length_3303_cov_8.314110	REVIEW	AMBIGUOUS	no_viral_domain_but_blast	1	0	1.74e-03	16.1	0.136	910	FAM001967
ERR2040464_clean_NODE_5_length_7390_cov_9.645978	KEEP	PASS_CORE_FAM	KEEP	81	15	7.82e-300	998.0	0.246	1807	FAM001326
ERR2040464_clean_NODE_674_length_2909_cov_4.993371	KEEP	PASS_VIRAL	KEEP	7	0	5.22e-20	71.0	0.248	269	FAM013464
ERR2040465_clean_NODE_106_length_2715_cov_6.652695	DROP	AMBIGUOUS	DROP	2	0	3.98e-03	15.7	0.088	626	FAM003252
ERR2040465_clean_NODE_164_length_2531_cov_10.553457	DROP	AMBIGUOUS	DROP	7	1	6.16e-29	100.9	0.412	707	FAM017437
ERR2040465_clean_NODE_169_length_2510_cov_9.435752	DROP	AMBIGUOUS	DROP	0	0				0	
ERR2040465_clean_NODE_47_length_3085_cov_8.868508	REVIEW	AMBIGUOUS	no_viral_domain_but_blast	0	0				0	
ERR2040466_clean_NODE_1207_length_2598_cov_44.040313	DROP	AMBIGUOUS	DROP	0	0				0	
ERR2040466_clean_NODE_1599_length_2416_cov_8.159292	REVIEW	AMBIGUOUS	no_viral_domain_but_blast	0	0				0	
ERR2040466_clean_NODE_2808_length_2038_cov_11.067168	KEEP	PASS_VIRAL	KEEP	25	0	1.99e-57	194.9	0.391	427	FAM004890
ERR2040466_clean_NODE_445_length_3332_cov_23.636972	KEEP	PASS_VIRAL	KEEP	13	0	2.49e-48	164.8	0.400	946	FAM004890
ERR2040466_clean_NODE_553_length_3152_cov_11.710518	DROP	REVIEW	DROP	0	0				0	
ERR2040466_clean_NODE_602_length_3096_cov_28.177858	KEEP	PASS_VIRAL	KEEP	13	0	6.42e-11	41.4	0.278	776	FAM011187
ERR2040466_clean_NODE_726_length_2974_cov_19.742409	DROP	AMBIGUOUS	DROP	8	2	7.36e-54	183.0	0.508	599	FAM005912
ERR2040467_clean_NODE_11389_length_806_cov_3.623853	REVIEW	AMBIGUOUS	short_fragment	4	0	5.00e-21	74.0	0.065	126	FAM003304
ERR2040467_clean_NODE_1168_length_2055_cov_81.519881	DROP	AMBIGUOUS	DROP	18	13	5.01e-27	93.6	0.729	516	FAM005900
ERR2040467_clean_NODE_139_length_3128_cov_36.786710	REVIEW	AMBIGUOUS	no_viral_domain_but_blast	0	0				0	
ERR2040467_clean_NODE_15159_length_623_cov_2.986207	REVIEW	REVIEW	short_fragment	0	0				0	
ERR2040467_clean_NODE_16748_length_561_cov_3.048263	REVIEW	REVIEW	short_fragment	0	0				0	
ERR2040467_clean_NODE_16925_length_555_cov_3.833984	REVIEW	REVIEW	short_fragment	0	0				0	
ERR2040467_clean_NODE_2216_length_1737_cov_12.330579	KEEP	PASS_VIRAL	KEEP	0	0				0	
ERR2040467_clean_NODE_2717_length_1639_cov_5.459900	REVIEW	PASS_VIRAL	short_fragment	4	0	2.19e-10	39.2	0.066	439	FAM013464
ERR2040467_clean_NODE_318_length_2675_cov_63.193009	DROP	AMBIGUOUS	DROP	0	0				0	
ERR2040467_clean_NODE_509_length_2471_cov_54.022652	DROP	AMBIGUOUS	DROP	0	0				0	
ERR2040467_clean_NODE_52_length_3570_cov_139.052736	DROP	REVIEW	DROP	1	0	4.90e-04	19.0	0.333	925	FAM001818
ERR2040468_clean_NODE_2113_length_1870_cov_44.563218	DROP	AMBIGUOUS	DROP	0	0				0	
ERR2040468_clean_NODE_212_length_3123_cov_36.790909	DROP	AMBIGUOUS	DROP	0	0				0	
ERR2040468_clean_NODE_37_length_4268_cov_20.737751	DROP	REVIEW	DROP	0	0				0	
ERR2040468_clean_NODE_621_length_2527_cov_6.361916	REVIEW	AMBIGUOUS	no_viral_domain_but_blast	0	0				0	
ERR2040468_clean_NODE_6777_length_1155_cov_2.525180	REVIEW	REVIEW	short_fragment	0	0				0	
ERR2040468_clean_NODE_789_length_2389_cov_20.368713	DROP	AMBIGUOUS	DROP	0	0				0	
ERR2040468_clean_NODE_839_length_2357_cov_11.031115	DROP	AMBIGUOUS	DROP	0	0				0	
ERR2040468_clean_NODE_8666_length_989_cov_10.105708	KEEP	PASS_VIRAL	KEEP	1	0	3.43e-03	14.6	0.031	93	FAM008177
ERR2040468_clean_NODE_935_length_2297_cov_7.162822	REVIEW	AMBIGUOUS	no_viral_domain_but_blast	0	0				0	
ERR2040468_clean_NODE_946_length_2289_cov_14.649599	DROP	AMBIGUOUS	DROP	0	0				0	
ERR2040469_clean_NODE_10078_length_588_cov_1.737615	KEEP	PASS_CORE	KEEP	0	0				0	
ERR2040470_clean_NODE_13317_length_703_cov_2.613636	REVIEW	REVIEW	short_fragment	5	1	1.03e-18	67.0	0.258	137	FAM014227
ERR2040470_clean_NODE_180_length_2854_cov_17.365350	DROP	AMBIGUOUS	DROP	0	0				0	
ERR2040470_clean_NODE_334_length_2577_cov_38.158642	REVIEW	AMBIGUOUS	no_viral_domain_but_blast	0	0				0	
ERR2040471_clean_NODE_1395_length_2718_cov_94.721869	KEEP	PASS_VIRAL	KEEP	12	0	1.72e-08	33.3	0.273	269	FAM012165
ERR2040471_clean_NODE_1848_length_2470_cov_44.466007	DROP	AMBIGUOUS	DROP	0	0				0	
ERR2040471_clean_NODE_1859_length_2465_cov_6.863749	REVIEW	AMBIGUOUS	no_viral_domain_but_blast	0	0				0	
ERR2040471_clean_NODE_2014_length_2403_cov_25.713136	KEEP	PASS_VIRAL	KEEP	5	1	3.64e-84	282.3	0.899	489	FAM011052
ERR2040471_clean_NODE_208_length_4378_cov_24.098039	DROP	AMBIGUOUS	DROP	0	0				0	
ERR2040471_clean_NODE_2929_length_2112_cov_13.612373	REVIEW	PASS_VIRAL	short_fragment	4	0	3.86e-13	48.3	0.066	514	FAM013464
ERR2040471_clean_NODE_492_length_3627_cov_16.581473	KEEP	PASS_VIRAL	KEEP	8	1	7.15e-164	546.8	0.644	927	FAM013464
ERR2040471_clean_NODE_665_length_3366_cov_10.091484	DROP	AMBIGUOUS	DROP	0	0				0	
ERR2040471_clean_NODE_998_length_3005_cov_6.443619	DROP	AMBIGUOUS	DROP	2	0	2.32e-10	38.1	0.050	672	FAM010548
ERR2040472_clean_NODE_183_length_852_cov_2.997528	KEEP	PASS_CORE	KEEP	6	0	1.65e-74	251.0	0.309	172	FAM002306
ERR2040472_clean_NODE_1_length_2327_cov_10.584063	REVIEW	PASS_VIRAL	short_fragment	10	4	4.82e-100	332.9	0.713	149	FAM001985
ERR2040474_clean_NODE_6368_length_1086_cov_65.697028	KEEP	PASS_CORE	KEEP	0	0				0	
ERR2040475_clean_NODE_106_length_5866_cov_27.237850	DROP	AMBIGUOUS	DROP	0	0				0	
ERR2040475_clean_NODE_1125_length_3192_cov_44.583360	REVIEW	AMBIGUOUS	no_viral_domain_but_blast	0	0				0	
ERR2040475_clean_NODE_14692_length_796_cov_1.865870	KEEP	PASS_CORE	KEEP	0	0				0	
ERR2040475_clean_NODE_1539_length_2874_cov_21.669022	DROP	AMBIGUOUS	DROP	2	2	1.01e-30	107.1	0.667	680	FAM012606
ERR2040475_clean_NODE_1627_length_2823_cov_17.526978	REVIEW	AMBIGUOUS	short_fragment	9	0	1.85e-16	56.8	0.028	604	FAM001712
ERR2040475_clean_NODE_16930_length_642_cov_3.168614	REVIEW	REVIEW	short_fragment	0	0				0	
ERR2040475_clean_NODE_2509_length_2434_cov_53.626098	DROP	AMBIGUOUS	DROP	0	0				0	
ERR2040475_clean_NODE_288_length_4487_cov_58.428218	DROP	AMBIGUOUS	DROP	0	0				0	
ERR2040475_clean_NODE_2893_length_2314_cov_26.786438	DROP	AMBIGUOUS	DROP	2	0	3.39e-07	29.0	0.096	652	FAM004890
ERR2040475_clean_NODE_3051_length_2269_cov_9.159928	REVIEW	PASS_VIRAL	short_fragment	4	0	3.66e-12	45.0	0.066	506	FAM013464
ERR2040475_clean_NODE_3160_length_2240_cov_83.101502	REVIEW	AMBIGUOUS	no_viral_domain_but_blast	0	0				0	
ERR2040475_clean_NODE_3189_length_2232_cov_43.408406	DROP	AMBIGUOUS	DROP	7	1	2.55e-09	35.8	0.109	503	FAM022056
ERR2040475_clean_NODE_3230_length_2221_cov_52.199725	DROP	AMBIGUOUS	DROP	0	0				0	
ERR2040475_clean_NODE_3407_length_2179_cov_9.361891	DROP	AMBIGUOUS	DROP	7	0	5.01e-05	22.0	0.434	604	FAM032326
ERR2040475_clean_NODE_3573_length_2136_cov_23.197324	DROP	AMBIGUOUS	DROP	3	1	5.98e-25	87.5	0.543	423	FAM007992
ERR2040475_clean_NODE_367_length_4248_cov_31.103210	DROP	AMBIGUOUS	DROP	1	0	2.28e-09	36.9	0.411	1089	FAM012606
ERR2040475_clean_NODE_374_length_4230_cov_29.750418	DROP	AMBIGUOUS	DROP	0	0				0	
ERR2040475_clean_NODE_4041_length_2030_cov_130.031203	DROP	AMBIGUOUS	DROP	0	0				0	
ERR2040475_clean_NODE_4163_length_2006_cov_21.830871	REVIEW	AMBIGUOUS	short_fragment	0	0				0	
ERR2040475_clean_NODE_4634_length_1917_cov_15.345251	REVIEW	AMBIGUOUS	no_viral_domain_but_blast	9	6	2.33e-120	400.6	0.987	463	FAM012636
ERR2040475_clean_NODE_5003_length_1848_cov_13.804432	DROP	AMBIGUOUS	DROP	27	2	2.84e-48	164.4	0.506	332	FAM007705
ERR2040475_clean_NODE_548_length_3867_cov_70.039749	DROP	REVIEW	DROP	0	0				0	
ERR2040476_clean_NODE_1078_length_2867_cov_49.195113	DROP	AMBIGUOUS	DROP	0	0				0	
ERR2040476_clean_NODE_1087_length_2862_cov_4.365378	KEEP	PASS_VIRAL	KEEP	4	0	1.37e-11	43.1	0.066	684	FAM013464
ERR2040476_clean_NODE_1153_length_2813_cov_28.628520	DROP	AMBIGUOUS	DROP	3	2	5.89e-57	192.7	0.900	597	FAM020762
ERR2040476_clean_NODE_1309_length_2720_cov_6.873366	REVIEW	AMBIGUOUS	short_fragment	9	0	4.34e-17	58.9	0.028	587	FAM001712
ERR2040476_clean_NODE_1387_length_2673_cov_4.757795	DROP	AMBIGUOUS	DROP	10	2	8.45e-40	136.3	0.450	490	FAM012472
ERR2040476_clean_NODE_1490_length_2614_cov_174.755737	REVIEW	PASS_VIRAL	short_fragment	1	0	3.84e-23	82.0	0.400	579	FAM022736
ERR2040476_clean_NODE_2781_length_2147_cov_35.762833	DROP	AMBIGUOUS	DROP	0	0				0	
ERR2040476_clean_NODE_366_length_3750_cov_31.038845	KEEP	PASS_VIRAL	KEEP	8	1	5.62e-167	557.0	0.644	931	FAM013464
ERR2040476_clean_NODE_367_length_3746_cov_27.386984	KEEP	PASS_VIRAL	KEEP	27	0	6.26e-10	38.4	0.158	482	FAM019029
ERR2040476_clean_NODE_462_length_3547_cov_93.154680	DROP	AMBIGUOUS	DROP	2	1	1.71e-19	69.6	0.648	221	FAM012802
ERR2040476_clean_NODE_4_length_8287_cov_13.979622	DROP	AMBIGUOUS	DROP	0	0				0	
ERR2040476_clean_NODE_58_length_5382_cov_12.252107	KEEP	PASS_VIRAL	KEEP	46	4	9.77e-49	165.6	0.099	167	FAM008177
ERR2040476_clean_NODE_722_length_3195_cov_9.451459	REVIEW	AMBIGUOUS	no_viral_domain_but_blast	0	0				0	
ERR2040476_clean_NODE_862_length_3048_cov_24.880865	KEEP	PASS_VIRAL	KEEP	45	12	6.82e-30	103.1	0.166	599	FAM008177
ERR2040476_clean_NODE_883_length_3035_cov_8.444853	REVIEW	REVIEW	short_fragment	0	0				0	
ERR2040476_clean_NODE_943_length_2976_cov_8.610297	DROP	AMBIGUOUS	DROP	3	0	8.69e-18	63.4	0.139	747	FAM004243
ERR2040477_clean_NODE_1468_length_1836_cov_19.911322	KEEP	PASS_VIRAL	KEEP	8	0	1.22e-08	33.0	0.044	57	FAM003304
ERR2040477_clean_NODE_188_length_2759_cov_36.096834	DROP	AMBIGUOUS	DROP	1	0	1.05e-03	18.5	0.391	791	FAM022736
ERR2040477_clean_NODE_27_length_3504_cov_43.848888	DROP	AMBIGUOUS	DROP	8	1	1.58e-49	168.4	0.457	905	FAM012472
ERR2040477_clean_NODE_286_length_2578_cov_19.944773	REVIEW	AMBIGUOUS	short_fragment	7	0	2.42e-14	49.8	0.071	657	FAM001712
ERR2040477_clean_NODE_487_length_2338_cov_21.318954	DROP	AMBIGUOUS	DROP	8	1	9.54e-09	33.9	0.107	501	FAM022056
ERR2040477_clean_NODE_836_length_2084_cov_17.372856	DROP	AMBIGUOUS	DROP	0	0				0	
ERR2040478_clean_NODE_1063_length_3089_cov_5.297111	DROP	REVIEW	DROP	8	0	6.94e-14	50.0	0.025	44	FAM023340
ERR2040478_clean_NODE_1118_length_3058_cov_11.710448	KEEP	PASS_VIRAL	KEEP	9	0	3.22e-18	62.7	0.028	644	FAM001712
ERR2040478_clean_NODE_1268_length_2956_cov_9.067628	DROP	REVIEW	DROP	3	0	1.11e-04	20.9	0.108	805	FAM001405
ERR2040478_clean_NODE_1350_length_2913_cov_70.366551	KEEP	PASS_VIRAL	KEEP	39	12	4.69e-40	136.8	0.153	403	FAM008177
ERR2040478_clean_NODE_1490_length_2836_cov_49.355174	REVIEW	AMBIGUOUS	no_viral_domain_but_blast	0	0				0	
ERR2040478_clean_NODE_15340_length_984_cov_1.494155	KEEP	PASS_CORE	KEEP	0	0				0	
ERR2040478_clean_NODE_190_length_4485_cov_21.082395	KEEP	PASS_VIRAL	KEEP	16	0	2.59e-50	171.4	0.405	1197	FAM004890
ERR2040478_clean_NODE_2322_length_2476_cov_20.098644	DROP	AMBIGUOUS	DROP	11	0	1.49e-16	60.6	0.474	530	FAM004896
ERR2040478_clean_NODE_2443_length_2434_cov_11.442493	DROP	AMBIGUOUS	DROP	0	0				0	
ERR2040478_clean_NODE_2915_length_2284_cov_41.231593	DROP	AMBIGUOUS	DROP	7	1	5.23e-09	34.8	0.111	534	FAM022056
ERR2040478_clean_NODE_405_length_3869_cov_7.368270	KEEP	PASS_VIRAL	KEEP	5	0	3.03e-11	42.0	0.065	712	FAM013464
ERR2040478_clean_NODE_4140_length_2022_cov_4.909550	DROP	AMBIGUOUS	DROP	0	0				0	
ERR2040478_clean_NODE_4714_length_1923_cov_27.823936	DROP	AMBIGUOUS	DROP	2	2	2.98e-111	371.8	0.834	372	FAM021437
ERR2040478_clean_NODE_681_length_3438_cov_8.896318	KEEP	PASS_VIRAL	KEEP	0	0				0	
ERR2040478_clean_NODE_717_length_3393_cov_21.377910	KEEP	PASS_VIRAL	KEEP	1	1	3.58e-08	33.1	0.541	738	FAM022736
ERR2040478_clean_NODE_800_length_3317_cov_32.919976	REVIEW	AMBIGUOUS	no_viral_domain_but_blast	0	0				0	
ERR2040478_clean_NODE_8907_length_1418_cov_26.209455	REVIEW	REVIEW	short_fragment	10	9	1.03e-83	281.5	0.668	338	FAM011688
ERR2040479_clean_NODE_275_length_2031_cov_7.758551	DROP	AMBIGUOUS	DROP	0	0				0	
ERR2040480_clean_NODE_1298_length_2718_cov_12.485234	DROP	AMBIGUOUS	DROP	4	1	1.04e-12	45.8	0.052	604	FAM010548
ERR2040480_clean_NODE_1464_length_2623_cov_26.377519	REVIEW	AMBIGUOUS	no_viral_domain_but_blast	0	0				0	
ERR2040480_clean_NODE_1496_length_2613_cov_10.370428	DROP	AMBIGUOUS	DROP	0	0				0	
ERR2040480_clean_NODE_1707_length_2520_cov_11.245862	DROP	AMBIGUOUS	DROP	4	3	2.85e-09	36.0	0.501	585	FAM005886
ERR2040480_clean_NODE_1721_length_2516_cov_12.926810	REVIEW	AMBIGUOUS	no_viral_domain_but_blast	0	0				0	
ERR2040480_clean_NODE_1799_length_2489_cov_4.486509	DROP	REVIEW	DROP	0	0				0	
ERR2040480_clean_NODE_2368_length_2292_cov_10.149844	REVIEW	AMBIGUOUS	short_fragment	6	0	5.88e-13	45.2	0.071	559	FAM001712
ERR2040480_clean_NODE_2401_length_2283_cov_5.319196	KEEP	PASS_VIRAL	KEEP	24	4	1.14e-21	75.9	0.119	554	FAM008177
ERR2040480_clean_NODE_2440_length_2271_cov_5.652603	DROP	AMBIGUOUS	DROP	5	0	3.20e-05	22.9	0.207	615	FAM018129
ERR2040480_clean_NODE_2476_length_2259_cov_25.973827	DROP	AMBIGUOUS	DROP	14	0	3.22e-13	49.4	0.442	536	FAM007812
ERR2040480_clean_NODE_2563_length_2231_cov_28.737660	DROP	AMBIGUOUS	DROP	1	0	9.87e-03	14.2	0.089	508	FAM003219
ERR2040480_clean_NODE_2738_length_2192_cov_12.964635	REVIEW	AMBIGUOUS	short_fragment	2	0	6.17e-05	21.8	0.188	325	FAM007907
ERR2040480_clean_NODE_712_length_3183_cov_14.256369	DROP	AMBIGUOUS	DROP	0	0				0	
ERR2040480_clean_NODE_735_length_3157_cov_5.497110	KEEP	PASS_VIRAL	KEEP	29	0	4.93e-57	193.6	0.391	317	FAM004890
ERR2040480_clean_NODE_808_length_3090_cov_6.709550	KEEP	PASS_VIRAL	KEEP	0	0				0	
ERR2040483_clean_NODE_112_length_3522_cov_29.241161	REVIEW	AMBIGUOUS	no_viral_domain_but_blast	0	0				0	
ERR2040483_clean_NODE_1486_length_2167_cov_23.742938	REVIEW	AMBIGUOUS	no_viral_domain_but_blast	0	0				0	
ERR2040483_clean_NODE_254_length_3131_cov_7.549223	KEEP	PASS_VIRAL	KEEP	0	0				0	
ERR2040483_clean_NODE_48_length_3991_cov_10.634245	DROP	AMBIGUOUS	DROP	0	0				0	
ERR2040483_clean_NODE_545_length_2707_cov_58.032282	DROP	REVIEW	DROP	0	0				0	
ERR2040483_clean_NODE_62_length_3842_cov_13.643590	DROP	AMBIGUOUS	DROP	7	0	8.59e-27	93.7	0.171	694	FAM004890
ERR2040483_clean_NODE_705_length_2570_cov_5.751088	KEEP	PASS_VIRAL	KEEP	5	0	1.35e-13	49.8	0.066	703	FAM013464
ERR2040484_clean_NODE_2712_length_1303_cov_16.115079	REVIEW	REVIEW	short_fragment	0	0				0	
ERR2040485_clean_NODE_1364_length_2169_cov_9.239887	DROP	AMBIGUOUS	DROP	6	0	2.18e-09	36.0	0.111	511	FAM022056
ERR2040485_clean_NODE_1690_length_2048_cov_20.700249	REVIEW	AMBIGUOUS	short_fragment	8	0	1.89e-14	50.2	0.071	531	FAM001712
ERR2040485_clean_NODE_21867_length_533_cov_2.348980	REVIEW	REVIEW	short_fragment	6	0	7.40e-12	43.3	0.028	56	FAM023340
ERR2040485_clean_NODE_220_length_3160_cov_13.985563	REVIEW	AMBIGUOUS	no_viral_domain_but_blast	0	0				0	
ERR2040485_clean_NODE_5471_length_1361_cov_12.048558	DROP	REVIEW	DROP	8	4	4.12e-19	68.4	0.450	363	FAM006294
ERR2040485_clean_NODE_915_length_2377_cov_26.603685	DROP	AMBIGUOUS	DROP	0	0				0	
ERR2040485_clean_NODE_952_length_2352_cov_9.578172	KEEP	PASS_VIRAL	KEEP	36	15	7.53e-49	166.0	0.149	477	FAM008177
ERR2040486_clean_NODE_12620_length_696_cov_4.062787	REVIEW	REVIEW	short_fragment	0	0				0	
ERR2040486_clean_NODE_1269_length_2083_cov_19.904902	DROP	AMBIGUOUS	DROP	6	1	6.52e-10	37.8	0.111	521	FAM022056
ERR2040486_clean_NODE_151_length_3221_cov_12.457206	REVIEW	AMBIGUOUS	no_viral_domain_but_blast	0	0				0	
ERR2040486_clean_NODE_2074_length_1829_cov_19.592945	DROP	AMBIGUOUS	DROP	3	2	9.39e-44	149.3	0.748	466	FAM020762
ERR2040486_clean_NODE_219_length_3041_cov_15.040027	REVIEW	AMBIGUOUS	no_viral_domain_but_blast	0	0				0	
ERR2040486_clean_NODE_3008_length_1618_cov_75.408889	REVIEW	REVIEW	short_fragment	0	0				0	
ERR2040486_clean_NODE_3237_length_1576_cov_65.379648	KEEP	PASS_CORE_FAM	KEEP	99	18	4.25e-201	668.0	0.873	420	FAM002989
ERR2040486_clean_NODE_3641_length_1507_cov_6.407104	REVIEW	REVIEW	no_viral_domain_but_blast	3	3	6.85e-138	459.6	0.856	374	FAM006903
ERR2040486_clean_NODE_3811_length_1477_cov_31.370293	REVIEW	REVIEW	no_viral_domain_but_blast	3	3	1.56e-124	416.0	0.844	349	FAM002990
ERR2040486_clean_NODE_677_length_2428_cov_7.021803	KEEP	PASS_VIRAL	KEEP	22	1	9.42e-11	40.7	0.094	632	FAM008483
ERR2040486_clean_NODE_71_length_3568_cov_9.702411	REVIEW	AMBIGUOUS	no_viral_domain_but_blast	0	0				0	
ERR2040486_clean_NODE_763_length_2366_cov_7.476108	REVIEW	AMBIGUOUS	no_viral_domain_but_blast	16	0	8.45e-16	57.4	0.171	630	FAM007806
ERR2040486_clean_NODE_8415_length_963_cov_6.133696	REVIEW	REVIEW	short_fragment	16	0	4.46e-19	67.4	0.132	188	FAM007413
ERR2040488_clean_NODE_1166_length_2160_cov_14.455834	REVIEW	AMBIGUOUS	no_viral_domain_but_blast	4	0	1.37e-05	22.9	0.076	556	FAM016010
ERR2040488_clean_NODE_1246_length_2131_cov_14.697318	KEEP	PASS_VIRAL	KEEP	19	0	3.62e-32	111.5	0.385	532	FAM004890
ERR2040488_clean_NODE_1354_length_2090_cov_11.553981	DROP	AMBIGUOUS	DROP	0	0				0	
ERR2040488_clean_NODE_1418_length_2067_cov_6.964427	KEEP	PASS_VIRAL	KEEP	12	1	1.11e-147	493.5	0.134	567	FAM023340
ERR2040488_clean_NODE_14457_length_859_cov_1.932598	KEEP	PASS_CORE_FAM	KEEP	85	2	1.33e-105	353.1	0.461	221	FAM002989
ERR2040488_clean_NODE_1456_length_2054_cov_6.041770	KEEP	PASS_VIRAL	KEEP	0	0				0	
ERR2040488_clean_NODE_3776_length_1543_cov_3.330667	KEEP	PASS_CORE	KEEP	0	0				0	
ERR2040488_clean_NODE_6493_length_1266_cov_5.890433	REVIEW	REVIEW	no_viral_domain_but_blast	0	0				0	
ERR2040488_clean_NODE_65_length_3931_cov_30.034208	KEEP	PASS_VIRAL	KEEP	19	0	8.17e-55	186.2	0.393	1137	FAM004890
ERR2040489_clean_NODE_240_length_2587_cov_13.368711	DROP	REVIEW	DROP	0	0				0	
ERR2040490_clean_NODE_1121_length_2101_cov_3.188047	REVIEW	AMBIGUOUS	no_viral_domain_but_blast	0	0				0	
ERR2040490_clean_NODE_2_length_7117_cov_825.663274	KEEP	PASS_CORE	KEEP	275	35	0.00e+00	3298.5	0.901	2199	FAM000136
ERR2040490_clean_NODE_40_length_3574_cov_2755.196262	KEEP	PASS_VIRAL	KEEP	25	15	0.00e+00	1666.0	0.903	1018	FAM001793
ERR2040490_clean_NODE_832_length_2234_cov_4.679598	KEEP	PASS_VIRAL	KEEP	19	0	1.46e-48	165.6	0.405	579	FAM004890
ERR2040492_clean_NODE_1149_length_2014_cov_18.661593	DROP	AMBIGUOUS	DROP	0	0				0	
ERR2040492_clean_NODE_1515_length_1878_cov_11.306267	DROP	AMBIGUOUS	DROP	2	1	5.89e-90	301.9	0.775	455	FAM012406
ERR2040493_clean_NODE_3302_length_799_cov_1.900794	DROP	REVIEW	DROP	0	0				0	
ERR2040493_clean_NODE_5978_length_643_cov_3.191667	KEEP	PASS_CORE	KEEP	1	0	5.58e-21	75.2	0.329	94	FAM000105
ERR2040494_clean_NODE_153_length_3132_cov_12.427323	REVIEW	AMBIGUOUS	no_viral_domain_but_blast	0	0				0	
ERR2040494_clean_NODE_166_length_3090_cov_8.004923	REVIEW	REVIEW	no_viral_domain_but_blast	32	5	0.00e+00	1074.0	0.591	623	FAM003378
ERR2040494_clean_NODE_2155_length_1748_cov_7.767155	REVIEW	REVIEW	no_viral_domain_but_blast	13	1	1.00e-251	837.9	0.431	464	FAM003378
ERR2040494_clean_NODE_258_length_2843_cov_15.388571	REVIEW	REVIEW	no_viral_domain_but_blast	26	4	0.00e+00	1130.9	0.593	632	FAM003378
ERR2040494_clean_NODE_263_length_2832_cov_34.354966	DROP	AMBIGUOUS	DROP	0	0				0	
ERR2040494_clean_NODE_2_length_7534_cov_50.481912	KEEP	PASS_VIRAL	KEEP	56	11	0.00e+00	1068.3	0.391	2042	FAM001326
ERR2040494_clean_NODE_5869_length_1147_cov_3.139493	DROP	REVIEW	DROP	2	1	1.19e-19	70.2	0.544	215	FAM008795
ERR2040494_clean_NODE_6436_length_1092_cov_4.119161	REVIEW	REVIEW	no_viral_domain_but_blast	0	0				0	
ERR2040494_clean_NODE_9254_length_866_cov_3.763062	REVIEW	REVIEW	no_viral_domain_but_blast	0	0				0	
ERR2040495_clean_NODE_1037_length_2233_cov_11.062100	DROP	AMBIGUOUS	DROP	0	0				0	
ERR2040495_clean_NODE_12120_length_756_cov_5.483871	REVIEW	REVIEW	no_viral_domain_but_blast	0	0				0	
ERR2040495_clean_NODE_12723_length_731_cov_8.101744	DROP	REVIEW	DROP	2	0	6.65e-09	35.1	0.177	96	FAM002990
ERR2040495_clean_NODE_145_length_3395_cov_13.017303	REVIEW	REVIEW	no_viral_domain_but_blast	26	4	0.00e+00	1100.8	0.566	607	FAM003378
ERR2040495_clean_NODE_1481_length_2026_cov_186.073626	REVIEW	REVIEW	no_viral_domain_but_blast	27	9	8.64e-206	684.7	0.904	556	FAM001725
ERR2040495_clean_NODE_14_length_5156_cov_9.878349	DROP	AMBIGUOUS	DROP	18	4	1.69e-220	734.8	0.217	1587	FAM007819
ERR2040495_clean_NODE_15483_length_636_cov_10.954469	DROP	REVIEW	DROP	0	0				0	
ERR2040495_clean_NODE_16058_length_620_cov_2.556326	REVIEW	REVIEW	short_fragment	0	0				0	
ERR2040495_clean_NODE_1673_length_1953_cov_18.141885	REVIEW	AMBIGUOUS	short_fragment	10	3	1.29e-42	145.8	0.980	388	FAM010181
ERR2040495_clean_NODE_174_length_3280_cov_7.635156	REVIEW	REVIEW	no_viral_domain_but_blast	28	4	0.00e+00	1118.5	0.589	624	FAM003378
ERR2040495_clean_NODE_20226_length_524_cov_3.087318	REVIEW	REVIEW	short_fragment	0	0				0	
ERR2040495_clean_NODE_2166_length_1799_cov_259.230638	REVIEW	REVIEW	no_viral_domain_but_blast	12	4	1.61e-227	755.7	0.871	430	FAM003548
ERR2040495_clean_NODE_228_length_3104_cov_5.113035	KEEP	PASS_CORE_FAM	KEEP	0	0				0	
ERR2040495_clean_NODE_2677_length_1672_cov_34.001228	REVIEW	REVIEW	short_fragment	9	4	1.05e-36	126.4	0.976	393	FAM010181
ERR2040495_clean_NODE_2856_length_1629_cov_9.890921	REVIEW	REVIEW	no_viral_domain_but_blast	4	3	6.61e-119	397.4	0.851	402	FAM002990
ERR2040495_clean_NODE_3163_length_1567_cov_6.087927	KEEP	PASS_CORE_FAM	KEEP	94	14	6.00e-192	637.9	0.871	418	FAM002989
ERR2040495_clean_NODE_3378_length_1525_cov_36.290823	DROP	REVIEW	DROP	1	1	2.80e-28	98.4	0.654	221	FAM013193
ERR2040495_clean_NODE_4018_length_1426_cov_8.319595	REVIEW	REVIEW	no_viral_domain_but_blast	5	5	5.07e-126	420.0	0.812	284	FAM014886
ERR2040495_clean_NODE_4279_length_1386_cov_8.037230	REVIEW	REVIEW	no_viral_domain_but_blast	0	0				0	
ERR2040495_clean_NODE_459_length_2680_cov_11.187713	DROP	AMBIGUOUS	DROP	0	0				0	
ERR2040495_clean_NODE_4607_length_1337_cov_5.069552	REVIEW	REVIEW	no_viral_domain_but_blast	2	1	6.40e-37	126.8	0.207	312	FAM003378
ERR2040495_clean_NODE_5667_length_1206_cov_3.465176	REVIEW	REVIEW	no_viral_domain_but_blast	0	0				0	
ERR2040495_clean_NODE_5798_length_1191_cov_11.446864	REVIEW	REVIEW	no_viral_domain_but_blast	4	4	3.10e-103	344.8	0.813	283	FAM009566
ERR2040495_clean_NODE_5938_length_1176_cov_4.230362	DROP	REVIEW	DROP	2	1	3.31e-40	137.9	0.716	316	FAM008795
ERR2040495_clean_NODE_7699_length_1017_cov_4.117043	REVIEW	REVIEW	no_viral_domain_but_blast	0	0				0	
ERR2040495_clean_NODE_8597_length_946_cov_7.408638	DROP	REVIEW	DROP	0	0				0	
ERR2040495_clean_NODE_9358_length_898_cov_3.361404	DROP	REVIEW	DROP	0	0				0	
ERR2040495_clean_NODE_9912_length_865_cov_5.023114	DROP	REVIEW	DROP	0	0				0	
ERR2040496_clean_NODE_16_length_7468_cov_8.860875	DROP	AMBIGUOUS	DROP	2	1	1.43e-03	18.6	0.912	110	FAM012802
ERR2040496_clean_NODE_1795_length_2519_cov_17.528675	REVIEW	REVIEW	short_fragment	0	0				0	
ERR2040496_clean_NODE_19207_length_744_cov_5.522111	DROP	REVIEW	DROP	0	0				0	
ERR2040496_clean_NODE_2017_length_2436_cov_21.023402	REVIEW	AMBIGUOUS	short_fragment	0	0				0	
ERR2040496_clean_NODE_2269_length_2338_cov_18.271460	REVIEW	AMBIGUOUS	short_fragment	7	0	1.08e-13	47.7	0.071	587	FAM001712
ERR2040496_clean_NODE_23212_length_628_cov_1.736752	REVIEW	REVIEW	short_fragment	0	0				0	
ERR2040496_clean_NODE_2550_length_2254_cov_8.614202	KEEP	PASS_CORE	KEEP	7	1	2.15e-151	505.8	0.321	508	FAM023340
ERR2040496_clean_NODE_281_length_4066_cov_42.785483	KEEP	PASS_VIRAL	KEEP	48	22	7.35e-65	218.8	0.439	1138	FAM012845
ERR2040496_clean_NODE_3342_length_2048_cov_7.468828	DROP	AMBIGUOUS	DROP	1	0	3.36e-03	16.9	0.242	555	FAM023296
ERR2040496_clean_NODE_746_length_3233_cov_3.170846	REVIEW	AMBIGUOUS	short_fragment	31	5	9.82e-148	493.6	0.177	388	FAM003310
ERR2040496_clean_NODE_772_length_3209_cov_48.640556	REVIEW	AMBIGUOUS	no_viral_domain_but_blast	0	0				0	
ERR2040496_clean_NODE_842_length_3146_cov_76.296165	KEEP	PASS_VIRAL	KEEP	54	20	8.16e-39	133.2	0.766	508	FAM012364
ERR2040496_clean_NODE_9981_length_1213_cov_2.235897	REVIEW	REVIEW	short_fragment	4	0	4.79e-13	47.6	0.040	56	FAM003304
ERR2040497_clean_NODE_2287_length_2358_cov_7.575810	KEEP	PASS_VIRAL	KEEP	28	0	3.44e-58	197.4	0.424	628	FAM004890
ERR2040497_clean_NODE_304_length_3967_cov_18.865189	KEEP	PASS_VIRAL	KEEP	17	0	1.81e-51	175.2	0.405	1181	FAM004890
ERR2040497_clean_NODE_3442_length_2049_cov_27.470090	DROP	AMBIGUOUS	DROP	0	0				0	
ERR2040497_clean_NODE_3668_length_2000_cov_8.113439	REVIEW	PASS_VIRAL	short_fragment	0	0				0	
ERR2040497_clean_NODE_475_length_3591_cov_5.917700	REVIEW	AMBIGUOUS	short_fragment	1	0	5.35e-30	103.8	0.223	917	FAM012350
ERR2040497_clean_NODE_893_length_3063_cov_14.780464	DROP	AMBIGUOUS	DROP	8	0	2.14e-14	50.0	0.071	629	FAM001712
ERR2040498_clean_NODE_1300_length_2378_cov_8.308579	KEEP	PASS_VIRAL	KEEP	0	0				0	
ERR2040498_clean_NODE_1532_length_2274_cov_53.518535	DROP	AMBIGUOUS	DROP	6	1	9.62e-10	37.2	0.137	522	FAM022056
ERR2040498_clean_NODE_274_length_3513_cov_12.073318	REVIEW	AMBIGUOUS	no_viral_domain_but_blast	0	0				0	
ERR2040498_clean_NODE_3_length_8191_cov_260.560937	KEEP	PASS_CORE	KEEP	87	33	0.00e+00	1705.1	0.936	1927	FAM000080
ERR2040498_clean_NODE_663_length_2825_cov_53.954122	REVIEW	AMBIGUOUS	no_viral_domain_but_blast	0	0				0	
ERR2040498_clean_NODE_840_length_2666_cov_13.415811	DROP	REVIEW	DROP	0	0				0	
ERR2040499_clean_NODE_12633_length_605_cov_1.268683	REVIEW	REVIEW	no_viral_domain_but_blast	2	0	4.38e-03	16.6	0.222	87	FAM013516
ERR2040499_clean_NODE_1489_length_1758_cov_6.388338	DROP	AMBIGUOUS	DROP	3	1	2.29e-24	85.4	0.719	434	FAM004846
ERR2040500_clean_NODE_13621_length_1047_cov_12.172311	REVIEW	REVIEW	short_fragment	1	0	5.15e-04	19.9	0.194	28	FAM000251
ERR2040500_clean_NODE_154_length_4793_cov_18.224842	DROP	AMBIGUOUS	DROP	0	0				0	
ERR2040500_clean_NODE_1698_length_2759_cov_24.463549	KEEP	PASS_VIRAL	KEEP	0	0				0	
ERR2040500_clean_NODE_176_length_4674_cov_17.390197	DROP	AMBIGUOUS	DROP	0	0				0	
ERR2040500_clean_NODE_17_length_6818_cov_46.670554	KEEP	PASS_VIRAL	KEEP	25	0	2.54e-21	74.7	0.035	508	FAM008177
ERR2040500_clean_NODE_2052_length_2608_cov_17.762573	REVIEW	AMBIGUOUS	short_fragment	8	0	9.82e-16	54.4	0.071	599	FAM001712
ERR2040500_clean_NODE_2303_length_2505_cov_28.456539	DROP	AMBIGUOUS	DROP	8	0	7.43e-09	34.3	0.107	484	FAM022056
ERR2040500_clean_NODE_3183_length_2254_cov_71.565807	REVIEW	AMBIGUOUS	no_viral_domain_but_blast	0	0				0	
ERR2040500_clean_NODE_3472_length_2179_cov_8.342697	DROP	REVIEW	DROP	0	0				0	
ERR2040500_clean_NODE_348_length_4141_cov_17.778917	KEEP	PASS_VIRAL	KEEP	17	0	1.80e-50	171.9	0.405	1175	FAM004890
ERR2040500_clean_NODE_4741_length_1923_cov_3.703191	DROP	REVIEW	DROP	35	3	1.25e-86	291.1	0.116	216	FAM023340
ERR2040500_clean_NODE_704_length_3500_cov_106.171536	DROP	REVIEW	DROP	10	0	6.28e-13	46.4	0.045	81	FAM000252
ERR2040500_clean_NODE_764_length_3415_cov_30.220344	REVIEW	AMBIGUOUS	no_viral_domain_but_blast	0	0				0	
ERR2040500_clean_NODE_7_length_7195_cov_21.188619	DROP	AMBIGUOUS	DROP	0	0				0	
ERR2040500_clean_NODE_876_length_3319_cov_14.259768	KEEP	PASS_VIRAL	KEEP	0	0				0	
ERR2040501_clean_NODE_1094_length_2564_cov_17.557533	KEEP	PASS_VIRAL	KEEP	1	0	3.95e-03	14.7	0.037	616	FAM019157
ERR2040501_clean_NODE_1430_length_2397_cov_20.430144	DROP	AMBIGUOUS	DROP	0	0				0	
ERR2040501_clean_NODE_14949_length_842_cov_2.298637	DROP	REVIEW	DROP	0	0				0	
ERR2040501_clean_NODE_2145_length_2113_cov_36.384504	DROP	AMBIGUOUS	DROP	0	0				0	
ERR2040501_clean_NODE_313_length_3392_cov_20.131665	REVIEW	AMBIGUOUS	short_fragment	0	0				0	
ERR2040501_clean_NODE_3_length_7416_cov_15.178567	DROP	AMBIGUOUS	DROP	2	1	1.06e-15	57.8	0.573	156	FAM007361
ERR2040501_clean_NODE_591_length_2954_cov_5.070572	DROP	AMBIGUOUS	DROP	8	0	7.92e-14	48.1	0.071	639	FAM001712
ERR2040501_clean_NODE_66_length_4555_cov_9.217257	KEEP	PASS_VIRAL	KEEP	45	2	4.54e-09	34.9	0.226	525	FAM016687
ERR2040501_clean_NODE_675_length_2869_cov_34.386027	DROP	AMBIGUOUS	DROP	0	0				0	
ERR2040501_clean_NODE_9206_length_1178_cov_5.066492	KEEP	PASS_CORE	KEEP	12	6	1.28e-66	225.6	0.609	296	FAM000112
ERR2040502_clean_NODE_1141_length_1452_cov_20.393896	KEEP	PASS_VIRAL	KEEP	5	0	1.35e-49	169.1	0.418	308	FAM000128
ERR2040502_clean_NODE_138_length_2161_cov_11.438149	KEEP	PASS_VIRAL	KEEP	2	0	7.71e-08	30.8	0.372	606	FAM002989
ERR2040502_clean_NODE_1504_length_1356_cov_3.430312	KEEP	PASS_CORE	KEEP	10	5	3.10e-109	365.3	0.670	252	FAM000039
ERR2040502_clean_NODE_1696_length_1317_cov_11.847724	KEEP	PASS_VIRAL	KEEP	5	1	3.29e-76	257.0	0.371	325	FAM000128
ERR2040502_clean_NODE_2512_length_1191_cov_37.080139	KEEP	PASS_VIRAL	KEEP	0	0				0	
ERR2040502_clean_NODE_2825_length_1151_cov_17.930505	KEEP	PASS_CORE	KEEP	2	0	1.64e-11	42.6	0.052	61	FAM000127
ERR2040502_clean_NODE_28_length_2744_cov_37.694928	KEEP	PASS_CORE	KEEP	17	6	1.69e-152	509.3	0.384	573	FAM000127
ERR2040502_clean_NODE_3120_length_1120_cov_2.803157	KEEP	PASS_CORE	KEEP	0	0				0	
ERR2040502_clean_NODE_39_length_2604_cov_29.156189	KEEP	PASS_CORE	KEEP	20	8	1.23e-158	529.6	0.489	547	FAM000127
ERR2040502_clean_NODE_4468_length_996_cov_4.984260	DROP	REVIEW	DROP	0	0				0	
ERR2040502_clean_NODE_449_length_1776_cov_3.575880	KEEP	PASS_CORE	KEEP	20	5	1.40e-75	254.3	0.073	133	FAM000080
ERR2040502_clean_NODE_48_length_2540_cov_535.157389	KEEP	PASS_VIRAL	KEEP	0	0				0	
ERR2040502_clean_NODE_5952_length_896_cov_29.495897	KEEP	PASS_CORE	KEEP	1	0	1.63e-11	42.6	0.052	58	FAM000127
ERR2040502_clean_NODE_8727_length_762_cov_19.773296	DROP	REVIEW	DROP	1	0	4.10e-45	153.9	0.130	139	FAM003378
ERR2040503_clean_NODE_1448_length_1872_cov_7.775834	KEEP	PASS_VIRAL	KEEP	19	0	9.95e-33	113.3	0.385	525	FAM004890
ERR2040503_clean_NODE_385_length_2512_cov_20.048198	KEEP	PASS_VIRAL	KEEP	44	18	3.30e-42	144.0	0.116	556	FAM008177
ERR2040503_clean_NODE_519_length_2364_cov_14.976734	REVIEW	AMBIGUOUS	short_fragment	6	0	5.62e-13	45.3	0.071	543	FAM001712
ERR2040503_clean_NODE_59_length_3400_cov_10.464999	REVIEW	AMBIGUOUS	no_viral_domain_but_blast	0	0				0	
ERR2040504_clean_NODE_15_length_4028_cov_18.684065	DROP	AMBIGUOUS	DROP	0	0				0	
ERR2040504_clean_NODE_17537_length_514_cov_3.146497	REVIEW	REVIEW	short_fragment	0	0				0	
ERR2040504_clean_NODE_42_length_3556_cov_35.424139	KEEP	PASS_VIRAL	KEEP	23	1	8.01e-12	44.2	0.112	768	FAM008483
ERR2040504_clean_NODE_560_length_2356_cov_8.409425	DROP	AMBIGUOUS	DROP	2	0	3.80e-03	16.8	0.242	600	FAM023296
ERR2040504_clean_NODE_603_length_2324_cov_10.936431	REVIEW	AMBIGUOUS	short_fragment	6	0	5.04e-12	42.1	0.071	565	FAM001712
ERR2040504_clean_NODE_785_length_2190_cov_37.924080	DROP	AMBIGUOUS	DROP	4	3	1.38e-44	152.2	0.849	520	FAM022873
ERR2040505_clean_NODE_1168_length_2990_cov_15.397353	DROP	AMBIGUOUS	DROP	1	0	6.48e-03	15.1	0.071	746	FAM032214
ERR2040505_clean_NODE_1261_length_2936_cov_17.011407	DROP	REVIEW	DROP	1	0	8.99e-04	18.0	0.133	403	FAM007596
ERR2040505_clean_NODE_1474_length_2805_cov_17.620927	KEEP	PASS_VIRAL	KEEP	19	0	2.04e-08	33.5	0.142	670	FAM019029
ERR2040505_clean_NODE_1526_length_2779_cov_10.770468	REVIEW	AMBIGUOUS	short_fragment	7	0	4.54e-15	52.2	0.071	633	FAM001712
ERR2040505_clean_NODE_172_length_4708_cov_7.198928	KEEP	PASS_VIRAL	KEEP	29	5	3.31e-169	564.8	0.208	336	FAM023340
ERR2040505_clean_NODE_1966_length_2572_cov_12.931198	DROP	AMBIGUOUS	DROP	5	2	2.50e-83	279.8	0.974	588	FAM022905
ERR2040505_clean_NODE_22437_length_755_cov_3.294944	REVIEW	REVIEW	short_fragment	0	0				0	
ERR2040505_clean_NODE_22857_length_743_cov_2.165714	REVIEW	REVIEW	short_fragment	0	0				0	
ERR2040505_clean_NODE_248_length_4339_cov_29.461592	DROP	AMBIGUOUS	DROP	0	0				0	
ERR2040505_clean_NODE_2721_length_2314_cov_39.765302	DROP	AMBIGUOUS	DROP	0	0				0	
ERR2040505_clean_NODE_2964_length_2259_cov_16.303700	DROP	AMBIGUOUS	DROP	0	0				0	
ERR2040505_clean_NODE_3136_length_2222_cov_5.368518	REVIEW	REVIEW	short_fragment	0	0				0	
ERR2040505_clean_NODE_32043_length_552_cov_5.927308	REVIEW	REVIEW	short_fragment	0	0				0	
ERR2040505_clean_NODE_3289_length_2183_cov_25.376168	REVIEW	AMBIGUOUS	no_viral_domain_but_blast	0	0				0	
ERR2040505_clean_NODE_4615_length_1932_cov_18.222869	DROP	AMBIGUOUS	DROP	2	1	1.41e-13	49.9	0.586	450	FAM012636
ERR2040505_clean_NODE_4719_length_1917_cov_4.982391	KEEP	PASS_VIRAL	KEEP	14	2	5.87e-56	189.7	0.177	207	FAM003304
ERR2040505_clean_NODE_533_length_3628_cov_43.204463	REVIEW	AMBIGUOUS	no_viral_domain_but_blast	0	0				0	
ERR2040505_clean_NODE_6283_length_1700_cov_5.074231	DROP	AMBIGUOUS	DROP	0	0				0	
ERR2040506_clean_NODE_1103_length_2498_cov_7.206110	KEEP	PASS_VIRAL	KEEP	7	1	9.36e-13	45.6	0.103	635	FAM004567
ERR2040506_clean_NODE_1636_length_2244_cov_7.307133	DROP	AMBIGUOUS	DROP	1	1	4.81e-30	104.9	0.699	572	FAM012606
ERR2040506_clean_NODE_18500_length_642_cov_1.823038	REVIEW	REVIEW	short_fragment	0	0				0	
ERR2040506_clean_NODE_20534_length_588_cov_1.992661	REVIEW	REVIEW	short_fragment	4	0	6.93e-06	23.9	0.033	43	FAM003304
ERR2040506_clean_NODE_245_length_3594_cov_10.584061	KEEP	PASS_VIRAL	KEEP	8	0	2.75e-33	115.2	0.255	1016	FAM012657
ERR2040506_clean_NODE_397_length_3203_cov_19.059810	KEEP	PASS_VIRAL	KEEP	8	0	4.44e-31	108.0	0.173	879	FAM012657
ERR2040506_clean_NODE_820_length_2705_cov_26.107438	REVIEW	AMBIGUOUS	no_viral_domain_but_blast	0	0				0	
ERR2040507_clean_NODE_12849_length_881_cov_5.476134	KEEP	PASS_CORE_FAM	KEEP	0	0				0	
ERR2040507_clean_NODE_16861_length_733_cov_3.395652	DROP	REVIEW	DROP	0	0				0	
ERR2040507_clean_NODE_765_length_2538_cov_16.969539	REVIEW	AMBIGUOUS	no_viral_domain_but_blast	0	0				0	
ERR2040509_clean_NODE_1142_length_2578_cov_10.770809	DROP	AMBIGUOUS	DROP	16	0	1.40e-13	50.7	0.215	578	FAM022874
ERR2040509_clean_NODE_14691_length_825_cov_3.410486	REVIEW	REVIEW	short_fragment	1	0	3.11e-03	17.8	0.394	69	FAM000100
ERR2040509_clean_NODE_167_length_3987_cov_20.857759	DROP	AMBIGUOUS	DROP	0	0				0	
ERR2040509_clean_NODE_1841_length_2272_cov_5.248542	REVIEW	AMBIGUOUS	short_fragment	1	0	1.28e-04	17.5	0.011	354	FAM001712
ERR2040509_clean_NODE_19153_length_630_cov_1.495741	REVIEW	REVIEW	short_fragment	0	0				0	
ERR2040509_clean_NODE_2192_length_2147_cov_28.885456	REVIEW	AMBIGUOUS	no_viral_domain_but_blast	0	0				0	
ERR2040509_clean_NODE_2568_length_2044_cov_114.901049	REVIEW	AMBIGUOUS	no_viral_domain_but_blast	0	0				0	
ERR2040509_clean_NODE_39_length_5073_cov_58.032207	KEEP	PASS_VIRAL	KEEP	7	1	2.85e-28	98.7	0.349	1444	FAM012657
ERR2040509_clean_NODE_4305_length_1715_cov_9.905502	REVIEW	AMBIGUOUS	short_fragment	2	1	8.16e-53	180.0	0.783	430	FAM011577
ERR2040509_clean_NODE_689_length_2941_cov_31.349551	DROP	REVIEW	DROP	13	0	3.75e-12	44.9	0.217	784	FAM018817
ERR2040509_clean_NODE_916_length_2733_cov_25.933829	DROP	AMBIGUOUS	DROP	0	0				0	
ERR2040510_clean_NODE_17_length_3115_cov_31.686364	REVIEW	AMBIGUOUS	short_fragment	0	0				0	
ERR2040510_clean_NODE_18357_length_554_cov_2.643545	REVIEW	REVIEW	short_fragment	3	0	7.81e-28	96.7	0.169	93	FAM002989
ERR2040510_clean_NODE_59_length_2633_cov_5.399923	DROP	AMBIGUOUS	DROP	0	0				0	
ERR2040511_clean_NODE_332_length_3194_cov_8.649889	DROP	AMBIGUOUS	DROP	0	0				0	
ERR2040511_clean_NODE_4637_length_1205_cov_38.085470	KEEP	PASS_VIRAL	KEEP	3	3	1.20e-102	343.3	0.815	302	FAM006880
ERR2040511_clean_NODE_5148_length_1107_cov_29.054104	REVIEW	REVIEW	no_viral_domain_but_blast	6	6	2.62e-99	332.0	0.795	246	FAM004259
ERR2040511_clean_NODE_692_length_2666_cov_17.442037	KEEP	PASS_VIRAL	KEEP	16	0	4.48e-08	30.3	0.133	703	FAM000262
ERR2040511_clean_NODE_79_length_4057_cov_32.882645	DROP	AMBIGUOUS	DROP	0	0				0	
ERR2040511_clean_NODE_984_length_2410_cov_34.919579	DROP	AMBIGUOUS	DROP	3	1	2.75e-154	514.5	0.989	657	FAM012645
ERR2040512_clean_NODE_16567_length_575_cov_2.513158	KEEP	PASS_CORE	KEEP	7	0	2.14e-23	82.2	0.123	102	FAM000134
ERR2040512_clean_NODE_3212_length_1514_cov_10.029912	REVIEW	REVIEW	short_fragment	7	5	1.90e-100	336.3	0.654	339	FAM014731
ERR2040512_clean_NODE_48_length_4041_cov_68.850175	KEEP	PASS_VIRAL	KEEP	13	4	2.15e-97	325.7	0.808	263	FAM013629
ERR2040512_clean_NODE_962_length_2197_cov_44.698236	DROP	AMBIGUOUS	DROP	2	0	1.44e-04	20.5	0.194	606	FAM032326
ERR2040513_clean_NODE_13543_length_734_cov_3.738061	KEEP	PASS_CORE_FAM	KEEP	0	0				0	
ERR2040513_clean_NODE_19913_length_588_cov_5.651376	KEEP	PASS_CORE	KEEP	0	0				0	
ERR2040513_clean_NODE_3262_length_1373_cov_11.956391	REVIEW	REVIEW	no_viral_domain_but_blast	5	5	2.10e-91	305.9	0.790	286	FAM009566
ERR2040514_clean_NODE_10_length_4079_cov_18.926412	KEEP	PASS_VIRAL	KEEP	6	0	1.49e-32	112.8	0.171	1109	FAM012657
ERR2040514_clean_NODE_2553_length_1471_cov_21.704482	REVIEW	REVIEW	no_viral_domain_but_blast	4	4	1.02e-109	366.4	0.794	280	FAM014886
ERR2040514_clean_NODE_2829_length_1422_cov_4.202321	KEEP	PASS_CORE_FAM	KEEP	0	0				0	
ERR2040514_clean_NODE_627_length_2112_cov_94.965684	DROP	AMBIGUOUS	DROP	0	0				0	
ERR2040514_clean_NODE_77_length_3137_cov_7.810924	DROP	AMBIGUOUS	DROP	0	0				0	
ERR2040515_clean_NODE_16395_length_622_cov_2.588946	REVIEW	REVIEW	short_fragment	1	0	1.01e-41	142.7	0.125	139	FAM003378
ERR2040515_clean_NODE_18219_length_577_cov_2.131086	REVIEW	REVIEW	no_viral_domain_but_blast	0	0				0	
ERR2040515_clean_NODE_367_length_2531_cov_18.364952	REVIEW	AMBIGUOUS	short_fragment	0	0				0	
ERR2040515_clean_NODE_3983_length_1360_cov_6.956720	REVIEW	REVIEW	no_viral_domain_but_blast	5	5	1.15e-86	290.3	0.790	281	FAM009566
ERR2040515_clean_NODE_4822_length_1254_cov_3.148637	REVIEW	REVIEW	no_viral_domain_but_blast	0	0				0	
ERR2040515_clean_NODE_509_length_2361_cov_26.049612	DROP	AMBIGUOUS	DROP	0	0				0	
ERR2040517_clean_NODE_163_length_3900_cov_7.666580	KEEP	PASS_VIRAL	KEEP	18	0	1.62e-54	185.3	0.393	1133	FAM004890
ERR2040517_clean_NODE_1846_length_2190_cov_36.551001	DROP	AMBIGUOUS	DROP	5	1	7.17e-08	31.0	0.109	521	FAM022056
ERR2040517_clean_NODE_248_length_3520_cov_87.543284	REVIEW	AMBIGUOUS	no_viral_domain_but_blast	0	0				0	
ERR2040517_clean_NODE_269_length_3470_cov_19.407937	REVIEW	AMBIGUOUS	no_viral_domain_but_blast	0	0				0	
ERR2040517_clean_NODE_502_length_3063_cov_11.318543	KEEP	PASS_VIRAL	KEEP	8	0	2.33e-17	59.8	0.071	647	FAM001712
ERR2040517_clean_NODE_50_length_4732_cov_11.508637	DROP	AMBIGUOUS	DROP	4	1	4.57e-05	22.0	0.130	819	FAM000012
ERR2040517_clean_NODE_519_length_3048_cov_10.134443	KEEP	PASS_VIRAL	KEEP	19	1	1.14e-51	175.9	0.405	763	FAM004890
ERR2040517_clean_NODE_644_length_2910_cov_9.104639	REVIEW	AMBIGUOUS	no_viral_domain_but_blast	0	0				0	
ERR2040518_clean_NODE_14421_length_708_cov_1.966917	KEEP	PASS_CORE	KEEP	0	0				0	
ERR2040518_clean_NODE_17552_length_586_cov_5.714549	KEEP	PASS_CORE	KEEP	0	0				0	
ERR2040518_clean_NODE_2013_length_2035_cov_13.440261	DROP	AMBIGUOUS	DROP	0	0				0	
ERR2040519_clean_NODE_19657_length_594_cov_2.528131	DROP	REVIEW	DROP	0	0				0	
ERR2040519_clean_NODE_272_length_2835_cov_10.082020	REVIEW	PASS_VIRAL	short_fragment	40	18	5.04e-43	146.7	0.153	757	FAM008177
ERR2040519_clean_NODE_29_length_4151_cov_11.071568	KEEP	PASS_VIRAL	KEEP	60	9	2.63e-151	505.5	0.323	450	FAM003304
ERR2040519_clean_NODE_760_length_2279_cov_242.092576	REVIEW	AMBIGUOUS	no_viral_domain_but_blast	0	0				0	
ERR2040519_clean_NODE_82_length_3390_cov_47.925007	REVIEW	AMBIGUOUS	no_viral_domain_but_blast	0	0				0	
ERR2040520_clean_NODE_1089_length_2680_cov_13.029579	REVIEW	AMBIGUOUS	no_viral_domain_but_blast	0	0				0	
ERR2040520_clean_NODE_138_length_4229_cov_16.462016	KEEP	PASS_VIRAL	KEEP	19	0	1.20e-51	175.8	0.405	1188	FAM004890
ERR2040520_clean_NODE_2_length_9666_cov_15.803076	DROP	AMBIGUOUS	DROP	0	0				0	
ERR2040520_clean_NODE_3174_length_1920_cov_13.830048	KEEP	PASS_VIRAL	KEEP	0	0				0	
ERR2040520_clean_NODE_322_length_3638_cov_7.726843	DROP	REVIEW	DROP	0	0				0	
ERR2040520_clean_NODE_392_length_3474_cov_11.742349	KEEP	PASS_VIRAL	KEEP	16	0	3.85e-52	177.4	0.385	974	FAM004890
ERR2040520_clean_NODE_45_length_5454_cov_35.694696	KEEP	PASS_VIRAL	KEEP	7	0	1.26e-26	93.3	0.344	1445	FAM012657
ERR2040521_clean_NODE_2002_length_1804_cov_2.040318	REVIEW	AMBIGUOUS	short_fragment	0	0				0	
ERR2040521_clean_NODE_716_length_2368_cov_12.160430	REVIEW	AMBIGUOUS	short_fragment	7	0	8.42e-14	48.0	0.071	579	FAM001712
ERR2040522_clean_NODE_1203_length_2081_cov_11.018155	KEEP	PASS_VIRAL	KEEP	3	0	2.87e-29	101.6	0.291	506	FAM013464
ERR2040522_clean_NODE_1746_length_1892_cov_3.283396	REVIEW	AMBIGUOUS	short_fragment	0	0				0	
ERR2040522_clean_NODE_570_length_2494_cov_17.238270	KEEP	PASS_VIRAL	KEEP	18	0	2.39e-52	178.1	0.403	706	FAM004890
ERR2040522_clean_NODE_698_length_2372_cov_41.344354	REVIEW	AMBIGUOUS	no_viral_domain_but_blast	0	0				0	
ERR2040523_clean_NODE_10680_length_774_cov_11.129959	DROP	REVIEW	DROP	0	0				0	
ERR2040523_clean_NODE_10865_length_766_cov_4.569848	KEEP	PASS_CORE_FAM	KEEP	0	0				0	
ERR2040523_clean_NODE_12416_length_710_cov_4.583208	KEEP	PASS_CORE_FAM	KEEP	0	0				0	
ERR2040523_clean_NODE_17749_length_570_cov_10.413662	DROP	REVIEW	DROP	3	0	1.40e-20	73.0	0.228	90	FAM009566
ERR2040523_clean_NODE_4546_length_1190_cov_9.018309	REVIEW	REVIEW	no_viral_domain_but_blast	0	0				0	
ERR2040524_clean_NODE_1_length_12358_cov_336.900382	DROP	REVIEW	DROP	0	0				0	
ERR2040524_clean_NODE_93_length_2806_cov_9.725859	REVIEW	AMBIGUOUS	no_viral_domain_but_blast	0	0				0	
ERR2040525_clean_NODE_136_length_3687_cov_70.344676	DROP	REVIEW	DROP	1	0	3.23e-04	19.6	0.303	924	FAM001818
ERR2040525_clean_NODE_140_length_3664_cov_48.770505	KEEP	PASS_VIRAL	KEEP	22	4	6.57e-60	202.5	0.896	616	FAM012474
ERR2040525_clean_NODE_1457_length_2173_cov_21.546009	DROP	AMBIGUOUS	DROP	5	1	2.36e-08	32.6	0.111	522	FAM022056
ERR2040525_clean_NODE_15291_length_697_cov_2.030581	DROP	AMBIGUOUS	DROP	0	0				0	
ERR2040525_clean_NODE_191_length_3483_cov_12.020349	KEEP	PASS_VIRAL	KEEP	0	0				0	
ERR2040525_clean_NODE_214_length_3393_cov_21.976119	REVIEW	AMBIGUOUS	no_viral_domain_but_blast	0	0				0	
ERR2040525_clean_NODE_233_length_3318_cov_59.899542	REVIEW	AMBIGUOUS	no_viral_domain_but_blast	0	0				0	
ERR2040525_clean_NODE_463_length_2897_cov_6.670287	DROP	AMBIGUOUS	DROP	13	1	2.45e-122	409.5	0.144	818	FAM007819
ERR2040525_clean_NODE_511_length_2833_cov_6.451254	KEEP	PASS_VIRAL	KEEP	19	0	1.52e-55	188.7	0.393	692	FAM004890
ERR2040525_clean_NODE_6497_length_1232_cov_3.898234	KEEP	PASS_CORE	KEEP	79	10	7.82e-42	142.6	0.247	330	FAM002221
ERR2040525_clean_NODE_675_length_2644_cov_9.747020	DROP	AMBIGUOUS	DROP	0	0				0	
ERR2040526_clean_NODE_109_length_4335_cov_41.172647	KEEP	PASS_VIRAL	KEEP	12	5	4.59e-177	589.5	0.878	548	FAM021041
ERR2040526_clean_NODE_1148_length_2468_cov_9.568660	DROP	REVIEW	DROP	4	0	8.24e-09	32.9	0.092	674	FAM012843
ERR2040526_clean_NODE_1259_length_2401_cov_13.753605	KEEP	PASS_VIRAL	KEEP	19	0	3.33e-53	180.9	0.419	588	FAM004890
ERR2040526_clean_NODE_17609_length_606_cov_1.571936	DROP	REVIEW	DROP	0	0				0	
ERR2040526_clean_NODE_1927_length_2105_cov_14.647915	DROP	AMBIGUOUS	DROP	0	0				0	
ERR2040526_clean_NODE_1_length_11649_cov_127.306221	KEEP	PASS_CORE	KEEP	313	50	0.00e+00	4429.3	0.250	3322	FAM011105
ERR2040526_clean_NODE_208_length_3752_cov_10.285522	DROP	AMBIGUOUS	DROP	1	0	2.78e-09	36.4	0.299	1040	FAM031983
ERR2040526_clean_NODE_2179_length_2026_cov_25.035300	DROP	AMBIGUOUS	DROP	0	0				0	
ERR2040526_clean_NODE_2731_length_1881_cov_4.416213	REVIEW	AMBIGUOUS	short_fragment	0	0				0	
ERR2040526_clean_NODE_2958_length_1834_cov_5.578448	DROP	REVIEW	DROP	0	0				0	
ERR2040526_clean_NODE_3447_length_1743_cov_4.640588	KEEP	PASS_VIRAL	KEEP	20	0	1.97e-56	191.6	0.409	474	FAM004890
ERR2040526_clean_NODE_373_length_3300_cov_7.146761	KEEP	PASS_VIRAL	KEEP	0	0				0	
ERR2040526_clean_NODE_520_length_3082_cov_47.232313	REVIEW	AMBIGUOUS	no_viral_domain_but_blast	0	0				0	
ERR2040526_clean_NODE_5283_length_1458_cov_12.195053	DROP	REVIEW	DROP	8	2	2.21e-24	85.6	0.523	323	FAM007484
ERR2040526_clean_NODE_52_length_5301_cov_35.112781	DROP	REVIEW	DROP	0	0				0	
ERR2040526_clean_NODE_587_length_2980_cov_104.788560	KEEP	PASS_VIRAL	KEEP	0	0				0	
ERR2040526_clean_NODE_688_length_2844_cov_10.480543	DROP	AMBIGUOUS	DROP	10	2	1.38e-17	63.0	0.730	729	FAM004842
ERR2040526_clean_NODE_788_length_2737_cov_9.481069	REVIEW	AMBIGUOUS	short_fragment	8	0	4.14e-16	55.7	0.028	623	FAM001712
ERR2040527_clean_NODE_1145_length_2073_cov_5.632512	DROP	AMBIGUOUS	DROP	0	0				0	
ERR2040527_clean_NODE_2276_length_1724_cov_5.408685	DROP	AMBIGUOUS	DROP	1	1	7.42e-59	199.2	0.706	435	FAM019894
ERR2040527_clean_NODE_232_length_2964_cov_8.065046	REVIEW	AMBIGUOUS	no_viral_domain_but_blast	0	0				0	
ERR2040527_clean_NODE_270_length_2878_cov_11.929806	REVIEW	AMBIGUOUS	no_viral_domain_but_blast	0	0				0	
ERR2040527_clean_NODE_657_length_2356_cov_123.785128	KEEP	PASS_VIRAL	KEEP	5	5	6.94e-291	966.6	0.722	589	FAM004987
ERR2040527_clean_NODE_960_length_2160_cov_15.245158	DROP	AMBIGUOUS	DROP	3	1	7.46e-08	31.0	0.107	524	FAM022056
ERR2040527_clean_NODE_99_length_3424_cov_12.148477	REVIEW	AMBIGUOUS	short_fragment	0	0				0	
ERR2040528_clean_NODE_10999_length_755_cov_3.477528	DROP	REVIEW	DROP	1	0	3.96e-48	163.9	0.129	137	FAM003378
ERR2040528_clean_NODE_117_length_2866_cov_19.851931	DROP	AMBIGUOUS	DROP	0	0				0	
ERR2040528_clean_NODE_1355_length_1876_cov_9.879978	REVIEW	REVIEW	no_viral_domain_but_blast	0	0				0	
ERR2040528_clean_NODE_1563_length_1820_cov_2306.463703	REVIEW	REVIEW	no_viral_domain_but_blast	12	5	9.80e-223	739.9	0.869	429	FAM003548
ERR2040528_clean_NODE_15967_length_557_cov_4.225681	REVIEW	REVIEW	short_fragment	0	0				0	
ERR2040528_clean_NODE_1_length_5459_cov_17.362999	KEEP	PASS_CORE_FAM	KEEP	35	24	0.00e+00	2262.8	0.838	1737	FAM024582
ERR2040528_clean_NODE_2012_length_1705_cov_17.297232	DROP	REVIEW	DROP	2	1	1.16e-37	129.2	0.230	343	FAM003378
ERR2040528_clean_NODE_2651_length_1561_cov_12.008564	KEEP	PASS_CORE_FAM	KEEP	111	21	8.03e-196	650.6	0.873	419	FAM002989
ERR2040528_clean_NODE_3330_length_1447_cov_44.776353	REVIEW	REVIEW	no_viral_domain_but_blast	3	3	5.15e-125	417.5	0.849	358	FAM002990
ERR2040528_clean_NODE_5329_length_1191_cov_11.105401	KEEP	PASS_CORE_FAM	KEEP	0	0				0	
ERR2040528_clean_NODE_647_length_2196_cov_18.136089	REVIEW	AMBIGUOUS	short_fragment	6	0	1.29e-13	47.4	0.071	561	FAM001712
ERR2040528_clean_NODE_6816_length_1042_cov_8.777778	REVIEW	REVIEW	short_fragment	0	0				0	
ERR2040529_clean_NODE_1122_length_2442_cov_14.868695	DROP	AMBIGUOUS	DROP	3	1	4.28e-98	328.7	0.973	630	FAM012407
ERR2040529_clean_NODE_118_length_4088_cov_24.422002	KEEP	PASS_VIRAL	KEEP	19	0	4.15e-51	174.0	0.405	1168	FAM004890
ERR2040529_clean_NODE_1264_length_2372_cov_12.640189	KEEP	PASS_CORE	KEEP	5	1	4.61e-70	236.4	0.320	633	FAM004987
ERR2040529_clean_NODE_178_length_3741_cov_14.809627	DROP	AMBIGUOUS	DROP	0	0				0	
ERR2040529_clean_NODE_18518_length_553_cov_3.837255	REVIEW	REVIEW	short_fragment	0	0				0	
ERR2040529_clean_NODE_269_length_3466_cov_44.201870	REVIEW	AMBIGUOUS	no_viral_domain_but_blast	0	0				0	
ERR2040529_clean_NODE_2_length_7978_cov_146.564335	KEEP	PASS_CORE	KEEP	264	26	0.00e+00	1631.9	0.748	2554	FAM000136
ERR2040529_clean_NODE_678_length_2763_cov_8.449265	KEEP	PASS_VIRAL	KEEP	0	0				0	
ERR2040530_clean_NODE_1468_length_2785_cov_34.674690	KEEP	PASS_VIRAL	KEEP	6	0	4.77e-33	114.1	0.244	811	FAM029544
ERR2040530_clean_NODE_174_length_4777_cov_15.097592	KEEP	PASS_VIRAL	KEEP	24	0	3.58e-72	243.2	0.483	1159	FAM008037
ERR2040530_clean_NODE_20024_length_587_cov_3.005515	KEEP	PASS_CORE	KEEP	0	0				0	
ERR2040530_clean_NODE_2055_length_2505_cov_7.415516	REVIEW	AMBIGUOUS	short_fragment	27	0	3.27e-101	339.3	0.149	340	FAM004636
ERR2040530_clean_NODE_2119_length_2479_cov_11.522167	REVIEW	AMBIGUOUS	short_fragment	6	0	2.49e-13	46.5	0.071	585	FAM001712
ERR2040530_clean_NODE_22349_length_517_cov_2.989451	KEEP	PASS_CORE	KEEP	0	0				0	
ERR2040530_clean_NODE_2237_length_2434_cov_33.205772	DROP	REVIEW	DROP	0	0				0	
ERR2040530_clean_NODE_2726_length_2277_cov_21.347359	DROP	AMBIGUOUS	DROP	5	1	1.01e-08	33.8	0.109	524	FAM022056
ERR2040530_clean_NODE_3810_length_2007_cov_52.136456	DROP	AMBIGUOUS	DROP	0	0				0	
ERR2040530_clean_NODE_487_length_3697_cov_145.712917	DROP	REVIEW	DROP	1	0	7.61e-05	21.7	0.310	938	FAM001818
ERR2040530_clean_NODE_571_length_3550_cov_3.942401	KEEP	PASS_CORE	KEEP	0	0				0	
ERR2040530_clean_NODE_599_length_3524_cov_55.356794	DROP	AMBIGUOUS	DROP	4	3	1.87e-32	112.2	0.789	470	FAM022873
ERR2040530_clean_NODE_5_length_8031_cov_287.992238	REVIEW	AMBIGUOUS	no_viral_domain_but_blast	0	0				0	
ERR2040530_clean_NODE_697_length_3413_cov_9.618694	KEEP	PASS_VIRAL	KEEP	27	0	2.34e-56	191.3	0.391	875	FAM004890
ERR2040530_clean_NODE_7790_length_1408_cov_2.845421	KEEP	PASS_CORE	KEEP	15	0	7.57e-58	195.3	0.049	90	FAM000252
ERR2040530_clean_NODE_857_length_3245_cov_24.554653	DROP	AMBIGUOUS	DROP	0	0				0	
ERR2040530_clean_NODE_8909_length_1287_cov_1.734727	DROP	REVIEW	DROP	0	0				0	
ERR2040530_clean_NODE_9121_length_1265_cov_3.161211	KEEP	PASS_CORE	KEEP	25	3	1.73e-201	671.6	0.190	350	FAM000252
ERR2040531_clean_NODE_13064_length_622_cov_5.056995	REVIEW	REVIEW	short_fragment	12	1	3.55e-15	54.6	0.040	48	FAM003304
ERR2040531_clean_NODE_66_length_2611_cov_13.596184	REVIEW	PASS_VIRAL	short_fragment	24	0	7.27e-10	37.7	0.092	651	FAM008483
ERR2040531_clean_NODE_6_length_3811_cov_15.574841	DROP	REVIEW	DROP	2	0	9.52e-04	18.1	0.320	909	FAM001818
ERR2040531_clean_NODE_7293_length_927_cov_2.748869	REVIEW	REVIEW	short_fragment	0	0				0	
ERR2040532_clean_NODE_1003_length_1623_cov_2.930380	DROP	REVIEW	DROP	0	0				0	
ERR2040532_clean_NODE_2_length_8282_cov_29.411943	KEEP	PASS_CORE	KEEP	104	38	0.00e+00	2169.0	0.933	1867	FAM000080
ERR2040532_clean_NODE_3_length_5554_cov_4.449102	KEEP	PASS_CORE	KEEP	91	27	0.00e+00	1821.9	0.796	1634	FAM000080
ERR2040532_clean_NODE_535_length_1820_cov_8.926280	KEEP	PASS_CORE	KEEP	10	5	4.33e-110	368.2	0.748	407	FAM000039
ERR2040532_clean_NODE_7164_length_886_cov_5.167260	REVIEW	REVIEW	short_fragment	0	0				0	
ERR2040533_clean_NODE_103_length_5049_cov_35.639632	KEEP	PASS_VIRAL	KEEP	17	1	6.38e-53	180.0	0.403	1201	FAM004890
ERR2040533_clean_NODE_11132_length_1329_cov_9.874806	REVIEW	REVIEW	no_viral_domain_but_blast	5	5	4.69e-128	426.7	0.812	285	FAM014886
ERR2040533_clean_NODE_1553_length_2731_cov_6.763393	REVIEW	AMBIGUOUS	no_viral_domain_but_blast	2	0	6.44e-05	22.8	0.260	625	FAM018021
ERR2040533_clean_NODE_15_length_7211_cov_21.929827	DROP	AMBIGUOUS	DROP	1	1	2.78e-07	30.3	0.660	843	FAM022230
ERR2040533_clean_NODE_17158_length_1031_cov_2.686235	DROP	REVIEW	DROP	15	0	6.71e-24	83.2	0.065	109	FAM025821
ERR2040533_clean_NODE_2076_length_2498_cov_5.324644	REVIEW	REVIEW	short_fragment	0	0				0	
ERR2040533_clean_NODE_2260_length_2432_cov_4.487652	REVIEW	AMBIGUOUS	short_fragment	1	0	8.98e-03	15.6	0.240	133	FAM002980
ERR2040533_clean_NODE_2335_length_2414_cov_9.409110	KEEP	PASS_VIRAL	KEEP	17	0	3.88e-33	114.7	0.376	567	FAM004890
ERR2040533_clean_NODE_2340_length_2413_cov_13.050211	DROP	AMBIGUOUS	DROP	5	0	9.02e-09	34.0	0.111	519	FAM022056
ERR2040533_clean_NODE_24138_length_806_cov_2.976409	REVIEW	REVIEW	short_fragment	0	0				0	
ERR2040533_clean_NODE_2455_length_2381_cov_7.390932	DROP	AMBIGUOUS	DROP	3	2	5.16e-137	456.7	0.949	464	FAM021437
ERR2040533_clean_NODE_3101_length_2216_cov_8.066728	DROP	REVIEW	DROP	0	0				0	
ERR2040533_clean_NODE_3124_length_2208_cov_18.821247	KEEP	PASS_VIRAL	KEEP	21	1	1.14e-07	31.5	0.378	417	FAM004782
ERR2040533_clean_NODE_3213_length_2187_cov_22.557369	DROP	AMBIGUOUS	DROP	0	0				0	
ERR2040533_clean_NODE_33595_length_617_cov_2.890244	REVIEW	REVIEW	short_fragment	0	0				0	
ERR2040533_clean_NODE_34879_length_598_cov_2.756757	REVIEW	REVIEW	short_fragment	0	0				0	
ERR2040533_clean_NODE_494_length_3649_cov_23.204382	REVIEW	AMBIGUOUS	no_viral_domain_but_blast	0	0				0	
ERR2040533_clean_NODE_60_length_5642_cov_6.722986	KEEP	PASS_VIRAL	KEEP	39	2	8.03e-32	110.0	0.111	77	FAM000970
ERR2040533_clean_NODE_647_length_3424_cov_20.644188	REVIEW	AMBIGUOUS	no_viral_domain_but_blast	0	0				0	
ERR2040533_clean_NODE_681_length_3384_cov_38.143670	DROP	AMBIGUOUS	DROP	0	0				0	
ERR2040533_clean_NODE_7384_length_1621_cov_6.993029	KEEP	PASS_CORE_FAM	KEEP	68	19	2.03e-180	599.8	0.858	417	FAM002989
ERR2040533_clean_NODE_793_length_3265_cov_9.797952	REVIEW	AMBIGUOUS	no_viral_domain_but_blast	0	0				0	
ERR2040533_clean_NODE_803_length_3253_cov_11.886604	KEEP	PASS_VIRAL	KEEP	5	3	2.71e-97	326.4	0.548	792	FAM004987
ERR2040534_clean_NODE_1051_length_3082_cov_6.492267	DROP	AMBIGUOUS	DROP	0	0				0	
ERR2040534_clean_NODE_1132_length_3020_cov_20.122943	DROP	AMBIGUOUS	DROP	7	0	4.86e-14	48.8	0.071	567	FAM001712
ERR2040534_clean_NODE_1194_length_2973_cov_8.709556	DROP	AMBIGUOUS	DROP	9	0	1.15e-16	57.5	0.071	653	FAM001712
ERR2040534_clean_NODE_123_length_5297_cov_54.038257	REVIEW	AMBIGUOUS	no_viral_domain_but_blast	0	0				0	
ERR2040534_clean_NODE_1635_length_2714_cov_5.841258	DROP	AMBIGUOUS	DROP	0	0				0	
ERR2040534_clean_NODE_1697_length_2681_cov_24.893101	DROP	AMBIGUOUS	DROP	0	0				0	
ERR2040534_clean_NODE_1833_length_2615_cov_7.489502	REVIEW	AMBIGUOUS	short_fragment	6	0	7.78e-12	41.5	0.071	544	FAM001712
ERR2040534_clean_NODE_19445_length_506_cov_1.483801	REVIEW	REVIEW	short_fragment	0	0				0	
ERR2040534_clean_NODE_2106_length_2505_cov_28.246548	DROP	AMBIGUOUS	DROP	5	1	1.60e-09	36.5	0.113	522	FAM022056
ERR2040534_clean_NODE_2691_length_2300_cov_10.056269	REVIEW	AMBIGUOUS	short_fragment	4	0	8.50e-10	37.2	0.085	508	FAM013464
ERR2040534_clean_NODE_286_length_4282_cov_15.935834	DROP	AMBIGUOUS	DROP	2	0	1.53e-31	109.8	0.432	896	FAM012606
ERR2040534_clean_NODE_7103_length_1486_cov_16.899515	DROP	REVIEW	DROP	9	3	1.85e-31	108.9	0.591	310	FAM007484
ERR2040534_clean_NODE_879_length_3249_cov_10.745789	REVIEW	AMBIGUOUS	no_viral_domain_but_blast	0	0				0	
ERR2040535_clean_NODE_1362_length_2705_cov_6.148385	DROP	AMBIGUOUS	DROP	2	0	9.51e-11	39.3	0.055	708	FAM010548
ERR2040535_clean_NODE_14_length_7165_cov_15.840354	KEEP	PASS_VIRAL	KEEP	7	1	2.48e-69	234.1	0.230	2117	FAM013464
ERR2040535_clean_NODE_1688_length_2535_cov_34.079053	DROP	AMBIGUOUS	DROP	4	0	2.27e-09	34.8	0.052	621	FAM010548
ERR2040535_clean_NODE_183_length_4468_cov_24.792090	KEEP	PASS_VIRAL	KEEP	5	1	1.62e-69	233.9	0.969	1160	FAM012653
ERR2040535_clean_NODE_2313_length_2290_cov_20.481086	DROP	REVIEW	DROP	1	1	4.28e-03	16.9	0.541	587	FAM029474
ERR2040535_clean_NODE_2685_length_2174_cov_446.070859	DROP	AMBIGUOUS	DROP	1	0	3.45e-33	114.6	0.226	521	FAM012837
ERR2040535_clean_NODE_589_length_3413_cov_54.563205	DROP	AMBIGUOUS	DROP	2	0	1.89e-31	109.5	0.432	794	FAM012606
ERR2040536_clean_NODE_1424_length_2340_cov_26.992599	KEEP	PASS_VIRAL	KEEP	16	0	1.81e-46	158.7	0.397	543	FAM004890
ERR2040536_clean_NODE_153_length_3915_cov_82.837552	DROP	REVIEW	DROP	3	0	1.63e-05	23.9	0.346	921	FAM001818
ERR2040536_clean_NODE_328_length_3353_cov_34.773716	DROP	AMBIGUOUS	DROP	13	1	4.67e-131	438.4	0.203	1012	FAM007819
ERR2040536_clean_NODE_379_length_3250_cov_116.074836	DROP	AMBIGUOUS	DROP	0	0				0	
ERR2040537_clean_NODE_1079_length_3036_cov_6.639826	DROP	AMBIGUOUS	DROP	13	1	2.23e-129	432.8	0.218	927	FAM007819
ERR2040537_clean_NODE_11121_length_1051_cov_140.244048	KEEP	PASS_CORE	KEEP	9	1	4.97e-99	331.5	0.053	174	FAM000106
ERR2040537_clean_NODE_11_length_6969_cov_158.698094	REVIEW	REVIEW	no_viral_domain_but_blast	40	19	2.28e-236	785.2	0.887	491	FAM006921
ERR2040537_clean_NODE_1586_length_2720_cov_138.274935	DROP	REVIEW	DROP	9	3	6.00e-32	110.5	0.563	393	FAM007484
ERR2040537_clean_NODE_2552_length_2328_cov_57.815317	DROP	AMBIGUOUS	DROP	0	0				0	
ERR2040537_clean_NODE_3055_length_2184_cov_6.229799	KEEP	PASS_VIRAL	KEEP	0	0				0	
ERR2040537_clean_NODE_306_length_4111_cov_9.620206	KEEP	PASS_CORE	KEEP	0	0				0	
ERR2040537_clean_NODE_3167_length_2152_cov_2.963490	DROP	REVIEW	DROP	0	0				0	
ERR2040537_clean_NODE_675_length_3452_cov_16.144911	KEEP	PASS_VIRAL	KEEP	9	0	3.87e-28	98.3	0.340	974	FAM012657
ERR2040537_clean_NODE_730_length_3388_cov_27.798804	DROP	AMBIGUOUS	DROP	0	0				0	
ERR2040537_clean_NODE_819_length_3270_cov_31.508212	REVIEW	AMBIGUOUS	no_viral_domain_but_blast	0	0				0	
ERR2040537_clean_NODE_8740_length_1274_cov_3.627945	KEEP	PASS_CORE	KEEP	0	0				0	
ERR2040537_clean_NODE_898_length_3195_cov_108.476840	KEEP	PASS_VIRAL	KEEP	5	1	4.41e-95	319.1	0.408	785	FAM004987
ERR2040537_clean_NODE_960_length_3134_cov_63.216435	KEEP	PASS_VIRAL	KEEP	6	1	4.23e-72	242.5	0.822	715	FAM011052
ERR2040538_clean_NODE_1186_length_2738_cov_15.889425	REVIEW	AMBIGUOUS	short_fragment	9	0	3.85e-16	55.8	0.028	696	FAM001712
ERR2040538_clean_NODE_125_length_4760_cov_23.436930	DROP	AMBIGUOUS	DROP	1	0	1.03e-07	31.2	0.338	1397	FAM010564
ERR2040538_clean_NODE_1389_length_2614_cov_20.950603	REVIEW	AMBIGUOUS	short_fragment	7	0	9.96e-15	51.1	0.071	568	FAM001712
ERR2040538_clean_NODE_14550_length_690_cov_2.650696	DROP	REVIEW	DROP	0	0				0	
ERR2040538_clean_NODE_145_length_4584_cov_54.646994	REVIEW	AMBIGUOUS	no_viral_domain_but_blast	0	0				0	
ERR2040538_clean_NODE_2015_length_2303_cov_46.940708	DROP	AMBIGUOUS	DROP	6	1	8.47e-09	34.1	0.105	473	FAM022056
ERR2040538_clean_NODE_2069_length_2284_cov_25.065149	DROP	AMBIGUOUS	DROP	1	1	2.01e-13	49.4	0.605	448	FAM012636
ERR2040538_clean_NODE_2494_length_2134_cov_5.211860	DROP	REVIEW	DROP	0	0				0	
ERR2040538_clean_NODE_285_length_3946_cov_30.510120	KEEP	PASS_VIRAL	KEEP	46	22	1.17e-53	182.0	0.462	1165	FAM012845
ERR2040538_clean_NODE_2900_length_2024_cov_9.484604	REVIEW	AMBIGUOUS	short_fragment	7	0	4.89e-12	42.2	0.071	552	FAM001712
ERR2040539_clean_NODE_1313_length_2863_cov_13.027305	REVIEW	AMBIGUOUS	short_fragment	9	0	1.58e-16	57.1	0.071	667	FAM001712
ERR2040539_clean_NODE_1339_length_2843_cov_15.867143	DROP	REVIEW	DROP	0	0				0	
ERR2040539_clean_NODE_134_length_5135_cov_124.348390	KEEP	PASS_VIRAL	KEEP	7	0	5.09e-28	97.9	0.347	1446	FAM012657
ERR2040539_clean_NODE_1777_length_2575_cov_35.696682	DROP	AMBIGUOUS	DROP	3	2	2.52e-56	190.6	0.960	539	FAM020762
ERR2040539_clean_NODE_1870_length_2535_cov_24.457865	KEEP	PASS_VIRAL	KEEP	36	7	2.14e-35	121.4	0.137	637	FAM008177
ERR2040539_clean_NODE_2118_length_2423_cov_18.450000	DROP	AMBIGUOUS	DROP	2	1	3.69e-16	59.2	0.858	653	FAM022230
ERR2040539_clean_NODE_2525_length_2291_cov_50.454626	KEEP	PASS_VIRAL	KEEP	21	1	2.36e-54	184.7	0.405	774	FAM004890
ERR2040539_clean_NODE_272_length_4314_cov_45.586514	KEEP	PASS_VIRAL	KEEP	16	0	1.49e-51	175.5	0.405	1179	FAM004890
ERR2040539_clean_NODE_334_length_4128_cov_109.882252	REVIEW	AMBIGUOUS	no_viral_domain_but_blast	0	0				0	
ERR2040539_clean_NODE_3524_length_2035_cov_14.083333	DROP	AMBIGUOUS	DROP	2	1	1.74e-11	42.9	0.275	277	FAM007688
ERR2040539_clean_NODE_354_length_4067_cov_16.439364	KEEP	PASS_VIRAL	KEEP	18	0	7.94e-55	186.3	0.393	1140	FAM004890
ERR2040539_clean_NODE_443_length_3860_cov_9.542573	KEEP	PASS_VIRAL	KEEP	47	19	2.90e-90	303.3	0.117	1148	FAM008177
ERR2040539_clean_NODE_862_length_3234_cov_9.779380	REVIEW	REVIEW	short_fragment	0	0				0	
ERR2040539_clean_NODE_877_length_3215_cov_20.981084	KEEP	PASS_VIRAL	KEEP	36	7	7.62e-161	537.1	0.280	336	FAM003304
ERR2040539_clean_NODE_950_length_3143_cov_24.017097	DROP	AMBIGUOUS	DROP	0	0				0	
ERR2040540_clean_NODE_1129_length_3098_cov_12.023568	KEEP	PASS_VIRAL	KEEP	21	1	1.91e-54	185.0	0.405	770	FAM004890
ERR2040540_clean_NODE_1186_length_3048_cov_35.785691	KEEP	PASS_VIRAL	KEEP	28	7	1.89e-21	75.1	0.122	559	FAM008177
ERR2040540_clean_NODE_1442_length_2868_cov_58.275398	REVIEW	AMBIGUOUS	no_viral_domain_but_blast	0	0				0	
ERR2040540_clean_NODE_150_length_5228_cov_40.192093	KEEP	PASS_VIRAL	KEEP	0	0				0	
ERR2040540_clean_NODE_1703_length_2707_cov_9.363363	REVIEW	AMBIGUOUS	no_viral_domain_but_blast	0	0				0	
ERR2040540_clean_NODE_195_length_4873_cov_53.117598	KEEP	PASS_VIRAL	KEEP	7	0	1.41e-28	99.7	0.353	1446	FAM012657
ERR2040540_clean_NODE_2167_length_2492_cov_22.924459	KEEP	PASS_VIRAL	KEEP	22	0	7.97e-08	32.0	0.395	520	FAM004782
ERR2040540_clean_NODE_2664_length_2309_cov_42.054722	DROP	AMBIGUOUS	DROP	5	1	3.79e-09	35.2	0.115	522	FAM022056
ERR2040540_clean_NODE_276_length_4473_cov_20.633634	KEEP	PASS_VIRAL	KEEP	5	1	1.69e-68	230.5	0.961	1161	FAM012653
ERR2040540_clean_NODE_889_length_3307_cov_80.534926	REVIEW	AMBIGUOUS	no_viral_domain_but_blast	0	0				0	
ERR2040541_clean_NODE_145_length_3385_cov_18.022142	REVIEW	AMBIGUOUS	no_viral_domain_but_blast	0	0				0	
ERR2040541_clean_NODE_186_length_3217_cov_39.343100	REVIEW	AMBIGUOUS	no_viral_domain_but_blast	2	0	3.93e-08	32.0	0.298	915	FAM012636
ERR2040541_clean_NODE_395_length_2695_cov_29.151584	DROP	AMBIGUOUS	DROP	1	0	4.61e-13	48.2	0.340	679	FAM007966
ERR2040542_clean_NODE_21276_length_632_cov_4.556876	REVIEW	REVIEW	short_fragment	0	0				0	
ERR2040542_clean_NODE_221_length_3557_cov_19.969266	DROP	AMBIGUOUS	DROP	0	0				0	
ERR2040542_clean_NODE_241_length_3499_cov_15.041377	REVIEW	AMBIGUOUS	no_viral_domain_but_blast	0	0				0	
ERR2040542_clean_NODE_296_length_3342_cov_587.079721	DROP	AMBIGUOUS	DROP	1	0	5.23e-04	18.7	0.100	753	FAM032214
ERR2040542_clean_NODE_304_length_3323_cov_5.171646	KEEP	PASS_VIRAL	KEEP	25	0	1.06e-49	169.4	0.328	311	FAM004890
ERR2040542_clean_NODE_338_length_3252_cov_19.838891	DROP	REVIEW	DROP	0	0				0	
ERR2040542_clean_NODE_612_length_2843_cov_11.505000	DROP	REVIEW	DROP	0	0				0	
ERR2040542_clean_NODE_741_length_2735_cov_14.294577	REVIEW	AMBIGUOUS	short_fragment	20	2	8.66e-10	38.5	0.500	791	FAM017219
ERR2040542_clean_NODE_789_length_2702_cov_25.079353	DROP	AMBIGUOUS	DROP	5	1	2.52e-09	35.8	0.111	550	FAM022056
ERR2040543_clean_NODE_1100_length_2205_cov_7.667438	KEEP	PASS_CORE	KEEP	10	2	1.50e-253	842.8	0.538	620	FAM001486
ERR2040543_clean_NODE_112_length_3405_cov_23.608566	KEEP	PASS_VIRAL	KEEP	15	0	2.56e-46	158.2	0.400	936	FAM004890
ERR2040543_clean_NODE_139_length_3262_cov_54.468468	DROP	AMBIGUOUS	DROP	0	0				0	
ERR2040543_clean_NODE_189_length_3094_cov_32.340544	KEEP	PASS_CORE	KEEP	10	5	1.84e-100	336.9	0.573	316	FAM002166
ERR2040543_clean_NODE_205_length_3051_cov_10.978391	REVIEW	AMBIGUOUS	short_fragment	19	1	1.27e-10	41.2	0.519	839	FAM017219
ERR2040543_clean_NODE_20820_length_613_cov_18.178947	REVIEW	PASS_VIRAL	short_fragment	0	0				0	
ERR2040543_clean_NODE_221_length_3000_cov_11.498816	KEEP	PASS_VIRAL	KEEP	17	0	2.88e-53	181.1	0.421	806	FAM004890
ERR2040543_clean_NODE_246_length_2956_cov_103.205973	KEEP	PASS_VIRAL	KEEP	6	0	5.25e-22	78.0	0.349	821	FAM012657
ERR2040543_clean_NODE_25887_length_519_cov_3.560924	REVIEW	PASS_VIRAL	short_fragment	1	0	7.70e-15	54.7	0.398	57	FAM002165
ERR2040543_clean_NODE_2_length_7144_cov_1159.353190	KEEP	PASS_CORE	KEEP	281	37	0.00e+00	3954.5	0.960	2225	FAM000136
ERR2040543_clean_NODE_50_length_3878_cov_2728.258931	KEEP	PASS_VIRAL	KEEP	25	16	0.00e+00	2176.3	0.946	1067	FAM001793
ERR2040543_clean_NODE_5703_length_1351_cov_16.857034	KEEP	PASS_CORE	KEEP	0	0				0	
ERR2040543_clean_NODE_9101_length_1072_cov_3385.393586	REVIEW	REVIEW	short_fragment	1	1	5.00e-145	481.6	0.996	278	FAM010687
ERR2040544_clean_NODE_120_length_3213_cov_26.471924	DROP	AMBIGUOUS	DROP	0	0				0	
ERR2040544_clean_NODE_143_length_3142_cov_20.804776	REVIEW	AMBIGUOUS	no_viral_domain_but_blast	0	0				0	
ERR2040544_clean_NODE_406_length_2692_cov_16.594186	DROP	AMBIGUOUS	DROP	4	0	1.53e-11	43.3	0.150	660	FAM001080
ERR2040544_clean_NODE_593_length_2500_cov_8.811559	REVIEW	AMBIGUOUS	short_fragment	6	0	3.46e-14	49.3	0.071	555	FAM001712
ERR2040545_clean_NODE_1433_length_2886_cov_12.488951	REVIEW	AMBIGUOUS	no_viral_domain_but_blast	0	0				0	
ERR2040545_clean_NODE_1658_length_2752_cov_5.245859	REVIEW	AMBIGUOUS	short_fragment	12	3	4.15e-52	176.7	0.090	135	FAM003310
ERR2040545_clean_NODE_2055_length_2572_cov_4.270792	REVIEW	AMBIGUOUS	short_fragment	8	0	6.89e-09	31.7	0.025	195	FAM003565
ERR2040545_clean_NODE_2755_length_2324_cov_14.854958	REVIEW	AMBIGUOUS	short_fragment	7	0	9.21e-15	51.2	0.071	563	FAM001712
ERR2040545_clean_NODE_473_length_3900_cov_49.410608	KEEP	PASS_VIRAL	KEEP	17	0	1.04e-50	172.7	0.417	1075	FAM004890
ERR2040545_clean_NODE_70_length_5955_cov_54.320608	DROP	AMBIGUOUS	DROP	1	1	5.81e-35	120.6	0.766	1743	FAM012429
ERR2040545_clean_NODE_7365_length_1480_cov_3.533564	REVIEW	REVIEW	short_fragment	0	0				0	
ERR2040545_clean_NODE_955_length_3249_cov_101.057561	DROP	AMBIGUOUS	DROP	0	0				0	
ERR2040546_clean_NODE_1223_length_2876_cov_16.321366	REVIEW	REVIEW	short_fragment	0	0				0	
ERR2040546_clean_NODE_3065_length_2122_cov_60.003833	DROP	AMBIGUOUS	DROP	0	0				0	
ERR2040547_clean_NODE_135_length_2911_cov_13.167364	REVIEW	PASS_VIRAL	short_fragment	37	16	1.67e-47	161.5	0.160	542	FAM008177
ERR2040547_clean_NODE_6264_length_1097_cov_6.135674	KEEP	PASS_CORE	KEEP	0	0				0	
ERR2040547_clean_NODE_6596_length_1069_cov_7.775828	REVIEW	REVIEW	no_viral_domain_but_blast	0	0				0	
ERR2040547_clean_NODE_7937_length_962_cov_4.302503	KEEP	PASS_VIRAL	KEEP	0	0				0	
ERR2040547_clean_NODE_80_length_3188_cov_93.915103	REVIEW	AMBIGUOUS	short_fragment	0	0				0	
ERR2040547_clean_NODE_830_length_2068_cov_47.350123	KEEP	PASS_VIRAL	KEEP	0	0				0	
ERR2040547_clean_NODE_927_length_2022_cov_58.680141	DROP	AMBIGUOUS	DROP	0	0				0	
ERR2040548_clean_NODE_1081_length_2521_cov_5.438660	DROP	AMBIGUOUS	DROP	0	0				0	
ERR2040548_clean_NODE_1166_length_2471_cov_7.391269	DROP	AMBIGUOUS	DROP	4	0	5.54e-20	71.2	0.140	676	FAM004890
ERR2040548_clean_NODE_120_length_4405_cov_27.167584	KEEP	PASS_VIRAL	KEEP	18	0	9.06e-52	176.2	0.475	1154	FAM004890
ERR2040548_clean_NODE_1605_length_2243_cov_14.695455	DROP	REVIEW	DROP	0	0				0	
ERR2040548_clean_NODE_358_length_3415_cov_59.937129	DROP	AMBIGUOUS	DROP	0	0				0	
ERR2040548_clean_NODE_3904_length_1618_cov_3.292698	REVIEW	REVIEW	short_fragment	0	0				0	
ERR2040548_clean_NODE_4562_length_1504_cov_37.568789	DROP	AMBIGUOUS	DROP	10	7	1.41e-32	112.4	0.570	130	FAM007791
ERR2040548_clean_NODE_90_length_4774_cov_17.231029	DROP	AMBIGUOUS	DROP	0	0				0	
ERR2040549_clean_NODE_10171_length_1070_cov_114.739046	KEEP	PASS_CORE	KEEP	0	0				0	
ERR2040549_clean_NODE_12674_length_899_cov_1.852804	KEEP	PASS_CORE	KEEP	0	0				0	
ERR2040549_clean_NODE_142_length_4379_cov_36.514068	KEEP	PASS_VIRAL	KEEP	16	0	2.09e-51	175.0	0.405	1179	FAM004890
ERR2040549_clean_NODE_18247_length_635_cov_4.337838	KEEP	PASS_CORE	KEEP	0	0				0	
ERR2040549_clean_NODE_1932_length_2341_cov_18.403394	REVIEW	AMBIGUOUS	short_fragment	6	0	4.33e-13	45.7	0.071	564	FAM001712
ERR2040549_clean_NODE_2028_length_2302_cov_60.377158	DROP	AMBIGUOUS	DROP	0	0				0	
ERR2040549_clean_NODE_21898_length_526_cov_1.826087	KEEP	PASS_CORE_FAM	KEEP	0	0				0	
ERR2040549_clean_NODE_222_length_4006_cov_12.809740	DROP	REVIEW	DROP	1	0	1.45e-06	27.4	0.344	913	FAM001818
ERR2040549_clean_NODE_253_length_3920_cov_36.013155	REVIEW	AMBIGUOUS	no_viral_domain_but_blast	0	0				0	
ERR2040549_clean_NODE_37_length_5882_cov_34.942627	KEEP	PASS_VIRAL	KEEP	8	0	1.48e-30	106.2	0.255	1408	FAM012657
ERR2040549_clean_NODE_38_length_5861_cov_46.591612	DROP	AMBIGUOUS	DROP	1	1	5.15e-34	117.5	0.766	1724	FAM012429
ERR2040549_clean_NODE_428_length_3516_cov_14.025626	KEEP	PASS_VIRAL	KEEP	19	0	1.23e-51	175.8	0.405	990	FAM004890
ERR2040549_clean_NODE_483_length_3419_cov_12.640403	DROP	AMBIGUOUS	DROP	0	0				0	
ERR2040549_clean_NODE_51_length_5511_cov_16.685260	KEEP	PASS_VIRAL	KEEP	120	12	2.76e-42	144.5	0.303	1309	FAM016687
ERR2040549_clean_NODE_814_length_3002_cov_14.290301	KEEP	PASS_VIRAL	KEEP	6	1	8.39e-41	139.8	0.249	899	FAM013464
ERR2040550_clean_NODE_118_length_3431_cov_14.845041	DROP	AMBIGUOUS	DROP	4	0	5.62e-21	74.5	0.140	670	FAM004890
ERR2040550_clean_NODE_1259_length_2346_cov_18.577073	DROP	AMBIGUOUS	DROP	3	2	8.85e-52	175.7	0.788	480	FAM020762
ERR2040550_clean_NODE_1559_length_2250_cov_15.729497	REVIEW	AMBIGUOUS	short_fragment	7	0	4.14e-14	49.0	0.071	566	FAM001712
ERR2040550_clean_NODE_1748_length_2195_cov_12.933550	DROP	REVIEW	DROP	0	0				0	
ERR2040550_clean_NODE_68_length_3682_cov_30.163232	DROP	AMBIGUOUS	DROP	7	1	1.09e-09	37.0	0.123	521	FAM022056
ERR2040550_clean_NODE_781_length_2549_cov_65.338388	DROP	AMBIGUOUS	DROP	2	1	3.17e-14	52.0	0.599	446	FAM012636
ERR2040551_clean_NODE_11_length_5867_cov_132.305288	KEEP	PASS_CORE	KEEP	35	9	1.29e-221	737.1	0.874	587	FAM000134
ERR2040551_clean_NODE_18709_length_686_cov_4.905132	REVIEW	REVIEW	short_fragment	0	0				0	
ERR2040551_clean_NODE_215_length_3835_cov_18.127901	DROP	AMBIGUOUS	DROP	0	0				0	
ERR2040551_clean_NODE_2805_length_2069_cov_11.749260	DROP	AMBIGUOUS	DROP	3	0	1.07e-10	39.2	0.052	404	FAM010548
ERR2040551_clean_NODE_3439_length_1926_cov_276.306957	DROP	AMBIGUOUS	DROP	2	1	7.67e-14	50.7	0.599	446	FAM012636
ERR2040551_clean_NODE_3_length_6598_cov_10.507857	DROP	REVIEW	DROP	0	0				0	
ERR2040551_clean_NODE_465_length_3300_cov_21.407737	REVIEW	AMBIGUOUS	no_viral_domain_but_blast	0	0				0	
ERR2040551_clean_NODE_756_length_2979_cov_24.863760	KEEP	PASS_VIRAL	KEEP	37	18	6.20e-49	166.2	0.119	772	FAM008177
ERR2040551_clean_NODE_799_length_2942_cov_8.053122	DROP	AMBIGUOUS	DROP	0	0				0	
ERR2040551_clean_NODE_8652_length_1259_cov_4.072368	REVIEW	PASS_VIRAL	short_fragment	0	0				0	
ERR2040551_clean_NODE_8822_length_1245_cov_5.648918	DROP	AMBIGUOUS	DROP	1	0	1.27e-06	26.3	0.024	50	FAM003304
ERR2040552_clean_NODE_12332_length_1017_cov_8.516427	REVIEW	REVIEW	short_fragment	1	0	6.90e-11	42.1	0.366	72	FAM000251
ERR2040552_clean_NODE_1604_length_2427_cov_14.399329	DROP	AMBIGUOUS	DROP	0	0				0	
ERR2040552_clean_NODE_16640_length_782_cov_2.156969	REVIEW	PASS_VIRAL	short_fragment	3	2	3.68e-29	101.3	0.734	123	FAM001308
ERR2040552_clean_NODE_1801_length_2353_cov_24.125541	REVIEW	REVIEW	short_fragment	5	0	8.81e-06	23.9	0.159	596	FAM018817
ERR2040552_clean_NODE_18071_length_717_cov_2.534125	DROP	REVIEW	DROP	1	0	2.86e-50	171.0	0.145	161	FAM003378
ERR2040552_clean_NODE_1947_length_2299_cov_34.481826	REVIEW	AMBIGUOUS	no_viral_domain_but_blast	0	0				0	
ERR2040552_clean_NODE_20552_length_623_cov_2.841379	REVIEW	REVIEW	short_fragment	0	0				0	
ERR2040552_clean_NODE_20835_length_613_cov_6.938596	REVIEW	REVIEW	short_fragment	0	0				0	
ERR2040552_clean_NODE_2179_length_2223_cov_20.326147	DROP	AMBIGUOUS	DROP	7	1	5.85e-10	37.9	0.139	518	FAM022056
ERR2040552_clean_NODE_22328_length_564_cov_4.414587	REVIEW	REVIEW	short_fragment	0	0				0	
ERR2040552_clean_NODE_2413_length_2155_cov_18.841856	DROP	AMBIGUOUS	DROP	1	0	1.32e-35	122.6	0.201	417	FAM012837
ERR2040552_clean_NODE_2839_length_2061_cov_20.314172	DROP	REVIEW	DROP	1	0	1.67e-03	17.2	0.297	491	FAM001639
ERR2040552_clean_NODE_308_length_3440_cov_54.804828	REVIEW	AMBIGUOUS	no_viral_domain_but_blast	0	0				0	
ERR2040552_clean_NODE_4559_length_1747_cov_9.721244	REVIEW	AMBIGUOUS	short_fragment	4	0	2.13e-10	39.2	0.066	489	FAM013464
ERR2040552_clean_NODE_613_length_3068_cov_41.455868	DROP	AMBIGUOUS	DROP	0	0				0	
ERR2040552_clean_NODE_6413_length_1515_cov_6.093750	KEEP	PASS_CORE	KEEP	0	0				0	
ERR2040552_clean_NODE_6814_length_1471_cov_7.756303	KEEP	PASS_CORE_FAM	KEEP	9	0	3.64e-26	91.3	0.111	78	FAM000134
ERR2040552_clean_NODE_6874_length_1463_cov_11.288028	REVIEW	REVIEW	short_fragment	3	0	1.98e-08	33.2	0.154	116	FAM000133
ERR2040552_clean_NODE_833_length_2859_cov_16.000355	KEEP	PASS_VIRAL	KEEP	83	2	1.45e-14	53.2	0.169	772	FAM016554
ERR2040553_clean_NODE_1020_length_3310_cov_221.670646	REVIEW	AMBIGUOUS	short_fragment	0	0				0	
ERR2040553_clean_NODE_1194_length_3165_cov_8.863869	DROP	AMBIGUOUS	DROP	5	0	5.35e-13	47.8	0.066	716	FAM013464
ERR2040553_clean_NODE_1248_length_3127_cov_33.875162	DROP	REVIEW	DROP	0	0				0	
ERR2040553_clean_NODE_1634_length_2886_cov_84.371439	REVIEW	AMBIGUOUS	no_viral_domain_but_blast	0	0				0	
ERR2040553_clean_NODE_1868_length_2777_cov_8.878932	DROP	REVIEW	DROP	0	0				0	
ERR2040553_clean_NODE_1962_length_2729_cov_9.303797	REVIEW	PASS_VIRAL	short_fragment	9	0	2.00e-14	50.1	0.028	626	FAM001712
ERR2040553_clean_NODE_2655_length_2466_cov_32.569955	DROP	AMBIGUOUS	DROP	6	0	6.27e-09	34.5	0.109	549	FAM022056
ERR2040553_clean_NODE_269_length_4588_cov_39.183278	KEEP	PASS_VIRAL	KEEP	17	1	5.27e-64	216.6	0.352	1235	FAM004890
ERR2040553_clean_NODE_3706_length_2171_cov_78.493891	DROP	AMBIGUOUS	DROP	0	0				0	
ERR2040553_clean_NODE_3759_length_2161_cov_17.729934	REVIEW	AMBIGUOUS	short_fragment	0	0				0	
ERR2040553_clean_NODE_391_length_4242_cov_108.436533	DROP	AMBIGUOUS	DROP	0	0				0	
ERR2040553_clean_NODE_4110_length_2091_cov_28.090332	DROP	AMBIGUOUS	DROP	14	0	8.16e-14	51.3	0.436	522	FAM007812
ERR2040553_clean_NODE_474_length_4031_cov_24.540371	DROP	AMBIGUOUS	DROP	5	0	3.37e-20	71.9	0.138	670	FAM004890
ERR2040553_clean_NODE_498_length_3988_cov_18.617237	KEEP	PASS_VIRAL	KEEP	19	0	1.71e-52	178.6	0.405	1007	FAM004890
ERR2040553_clean_NODE_538_length_3920_cov_136.177199	DROP	AMBIGUOUS	DROP	0	0				0	
ERR2040553_clean_NODE_573_length_3867_cov_15.489278	KEEP	PASS_VIRAL	KEEP	28	0	1.40e-64	218.5	0.386	1070	FAM004890
ERR2040553_clean_NODE_581_length_3851_cov_27.300683	DROP	AMBIGUOUS	DROP	5	2	7.12e-123	411.0	0.698	943	FAM007805
ERR2040553_clean_NODE_584_length_3846_cov_59.760189	KEEP	PASS_VIRAL	KEEP	19	0	3.58e-54	184.1	0.403	786	FAM004890
ERR2040553_clean_NODE_593_length_3829_cov_10.862916	DROP	AMBIGUOUS	DROP	1	1	6.69e-04	18.9	0.679	1062	FAM012606
ERR2040553_clean_NODE_901_length_3422_cov_52.862681	DROP	AMBIGUOUS	DROP	0	0				0	
ERR2040554_clean_NODE_1093_length_2404_cov_29.152054	DROP	AMBIGUOUS	DROP	0	0				0	
ERR2040554_clean_NODE_1106_length_2400_cov_6.457785	DROP	AMBIGUOUS	DROP	0	0				0	
ERR2040554_clean_NODE_1273_length_2302_cov_9.929615	DROP	REVIEW	DROP	0	0				0	
ERR2040554_clean_NODE_1322_length_2277_cov_16.480752	KEEP	PASS_VIRAL	KEEP	33	9	1.05e-28	99.2	0.164	605	FAM008177
ERR2040554_clean_NODE_1519_length_2195_cov_28.921468	DROP	AMBIGUOUS	DROP	5	1	4.64e-05	22.4	0.190	591	FAM018129
ERR2040554_clean_NODE_1677_length_2136_cov_33.908743	REVIEW	AMBIGUOUS	short_fragment	6	0	2.24e-14	49.9	0.071	573	FAM001712
ERR2040554_clean_NODE_1_length_7223_cov_19.813649	REVIEW	AMBIGUOUS	no_viral_domain_but_blast	4	0	2.80e-06	25.8	0.082	2143	FAM022056
ERR2040554_clean_NODE_2108_length_1998_cov_13.462404	KEEP	PASS_VIRAL	KEEP	33	0	1.76e-31	108.4	0.086	431	FAM008177
ERR2040554_clean_NODE_2509_length_1888_cov_12.359892	KEEP	PASS_VIRAL	KEEP	24	0	3.41e-56	190.8	0.390	475	FAM004890
ERR2040554_clean_NODE_2597_length_1865_cov_19.301866	DROP	AMBIGUOUS	DROP	1	0	5.39e-03	15.0	0.072	200	FAM022056
ERR2040554_clean_NODE_25_length_5080_cov_12.879690	DROP	AMBIGUOUS	DROP	0	0				0	
ERR2040554_clean_NODE_264_length_3300_cov_24.275714	DROP	REVIEW	DROP	0	0				0	
ERR2040554_clean_NODE_50_length_4491_cov_14.439299	KEEP	PASS_VIRAL	KEEP	12	1	1.49e-30	105.4	0.291	1244	FAM004770
ERR2040554_clean_NODE_5425_length_1396_cov_14.419808	REVIEW	REVIEW	short_fragment	1	0	3.31e-05	21.6	0.031	50	FAM003304
ERR2040554_clean_NODE_746_length_2655_cov_14.277565	DROP	AMBIGUOUS	DROP	3	0	6.11e-17	61.0	0.409	728	FAM007850
ERR2040554_clean_NODE_879_length_2551_cov_57.917863	DROP	AMBIGUOUS	DROP	5	1	7.79e-10	37.5	0.119	514	FAM022056
ERR2040555_clean_NODE_121_length_3020_cov_30.060128	KEEP	PASS_VIRAL	KEEP	21	0	3.37e-55	187.5	0.403	772	FAM004890
ERR2040555_clean_NODE_13248_length_779_cov_4.673913	DROP	AMBIGUOUS	DROP	0	0				0	
ERR2040555_clean_NODE_1826_length_1889_cov_4.745395	DROP	AMBIGUOUS	DROP	6	0	9.49e-11	40.5	0.431	460	FAM004842
ERR2040555_clean_NODE_339_length_2595_cov_16.964734	DROP	AMBIGUOUS	DROP	5	1	2.56e-09	35.8	0.109	522	FAM022056
ERR2040555_clean_NODE_419_length_2503_cov_24.084553	DROP	AMBIGUOUS	DROP	0	0				0	
ERR2040555_clean_NODE_644_length_2308_cov_33.331567	DROP	AMBIGUOUS	DROP	0	0				0	
ERR2040556_clean_NODE_110_length_3054_cov_58.098970	DROP	AMBIGUOUS	DROP	0	0				0	
ERR2040556_clean_NODE_1337_length_2092_cov_9.553929	DROP	REVIEW	DROP	0	0				0	
ERR2040556_clean_NODE_38_length_3426_cov_38.821756	DROP	AMBIGUOUS	DROP	0	0				0	
ERR2040556_clean_NODE_932_length_2223_cov_11.024312	KEEP	PASS_VIRAL	KEEP	20	0	9.17e-53	179.5	0.405	398	FAM004890
ERR2040557_clean_NODE_1019_length_2698_cov_67.948399	REVIEW	AMBIGUOUS	no_viral_domain_but_blast	0	0				0	
ERR2040557_clean_NODE_1160_length_2618_cov_15.362718	KEEP	PASS_VIRAL	KEEP	0	0				0	
ERR2040557_clean_NODE_1161_length_2618_cov_12.586408	DROP	AMBIGUOUS	DROP	4	0	1.06e-12	46.8	0.066	658	FAM013464
ERR2040557_clean_NODE_1315_length_2546_cov_33.761486	DROP	AMBIGUOUS	DROP	7	1	1.81e-09	36.3	0.113	483	FAM022056
ERR2040557_clean_NODE_138_length_4174_cov_17.915275	KEEP	PASS_VIRAL	KEEP	17	0	2.21e-52	178.2	0.405	1163	FAM004890
ERR2040557_clean_NODE_20434_length_749_cov_2.025496	REVIEW	REVIEW	short_fragment	3	0	1.32e-05	22.9	0.020	24	FAM003304
ERR2040557_clean_NODE_2126_length_2228_cov_22.140503	DROP	REVIEW	DROP	0	0				0	
ERR2040557_clean_NODE_2251_length_2190_cov_29.990685	REVIEW	AMBIGUOUS	short_fragment	6	0	1.67e-14	50.4	0.071	547	FAM001712
ERR2040557_clean_NODE_27198_length_590_cov_2.193784	KEEP	PASS_CORE	KEEP	0	0				0	
ERR2040557_clean_NODE_486_length_3222_cov_22.366153	DROP	AMBIGUOUS	DROP	3	3	1.05e-35	122.9	0.645	541	FAM018561
ERR2040557_clean_NODE_5152_length_1663_cov_12.558025	DROP	AMBIGUOUS	DROP	0	0				0	
ERR2040557_clean_NODE_659_length_2987_cov_21.730299	DROP	REVIEW	DROP	0	0				0	
ERR2040557_clean_NODE_776_length_2871_cov_22.387907	DROP	AMBIGUOUS	DROP	0	0				0	
ERR2040558_clean_NODE_1124_length_2633_cov_10.513127	DROP	REVIEW	DROP	0	0				0	
ERR2040558_clean_NODE_1458_length_2447_cov_9.483361	KEEP	PASS_CORE	KEEP	8	0	1.43e-24	86.1	0.148	142	FAM000134
ERR2040558_clean_NODE_18283_length_699_cov_0.932927	KEEP	PASS_CORE	KEEP	17	0	6.03e-63	212.9	0.214	140	FAM000134
ERR2040558_clean_NODE_18554_length_690_cov_1.477589	REVIEW	REVIEW	short_fragment	0	0				0	
ERR2040558_clean_NODE_18902_length_678_cov_3.022047	REVIEW	REVIEW	short_fragment	14	1	7.55e-30	103.2	0.060	71	FAM003304
ERR2040558_clean_NODE_18927_length_677_cov_2.367508	REVIEW	REVIEW	short_fragment	10	0	5.74e-14	50.6	0.028	35	FAM003304
ERR2040558_clean_NODE_1986_length_2234_cov_8.973984	KEEP	PASS_VIRAL	KEEP	25	1	1.78e-53	181.8	0.405	487	FAM004890
ERR2040558_clean_NODE_20799_length_619_cov_3.833333	REVIEW	REVIEW	short_fragment	5	0	7.80e-13	47.7	0.180	101	FAM014960
ERR2040558_clean_NODE_298_length_3619_cov_42.349553	KEEP	PASS_VIRAL	KEEP	1	0	4.72e-03	15.6	0.187	974	FAM030757
ERR2040558_clean_NODE_483_length_3257_cov_4.505600	KEEP	PASS_VIRAL	KEEP	25	3	2.39e-118	396.3	0.194	233	FAM003304
ERR2040558_clean_NODE_5243_length_1592_cov_4.537121	REVIEW	AMBIGUOUS	short_fragment	4	0	1.44e-10	39.8	0.067	456	FAM013464
ERR2040558_clean_NODE_610_length_3095_cov_12.319463	KEEP	PASS_VIRAL	KEEP	31	0	1.24e-57	195.3	0.360	864	FAM012716
ERR2040558_clean_NODE_803_length_2887_cov_61.262307	REVIEW	AMBIGUOUS	no_viral_domain_but_blast	0	0				0	
ERR2040558_clean_NODE_996_length_2723_cov_19.754851	KEEP	PASS_VIRAL	KEEP	42	15	9.13e-46	155.7	0.223	733	FAM008177
ERR2040559_clean_NODE_1153_length_2947_cov_29.181662	DROP	AMBIGUOUS	DROP	1	0	5.14e-16	57.9	0.334	797	FAM007966
ERR2040559_clean_NODE_13416_length_908_cov_6.050401	REVIEW	REVIEW	no_viral_domain_but_blast	0	0				0	
ERR2040559_clean_NODE_1368_length_2804_cov_26.945829	KEEP	PASS_VIRAL	KEEP	1	0	5.38e-09	34.3	0.243	389	FAM030675
ERR2040559_clean_NODE_1491_length_2722_cov_20.896167	REVIEW	AMBIGUOUS	short_fragment	0	0				0	
ERR2040559_clean_NODE_1576_length_2680_cov_16.206427	KEEP	PASS_VIRAL	KEEP	34	11	3.81e-27	94.0	0.164	614	FAM008177
ERR2040559_clean_NODE_1611_length_2661_cov_25.887281	REVIEW	AMBIGUOUS	no_viral_domain_but_blast	0	0				0	
ERR2040559_clean_NODE_1891_length_2528_cov_28.153229	DROP	AMBIGUOUS	DROP	6	0	2.11e-09	36.1	0.109	520	FAM022056
ERR2040559_clean_NODE_1906_length_2522_cov_15.909127	REVIEW	PASS_VIRAL	short_fragment	9	0	1.57e-14	50.4	0.028	640	FAM001712
ERR2040559_clean_NODE_2008_length_2481_cov_3.282502	KEEP	PASS_VIRAL	KEEP	0	0				0	
ERR2040559_clean_NODE_237_length_4209_cov_30.703402	KEEP	PASS_VIRAL	KEEP	17	0	9.93e-51	172.8	0.400	1177	FAM004890
ERR2040559_clean_NODE_2424_length_2337_cov_25.623805	REVIEW	AMBIGUOUS	no_viral_domain_but_blast	0	0				0	
ERR2040559_clean_NODE_353_length_3861_cov_4.216675	DROP	REVIEW	DROP	0	0				0	
ERR2040559_clean_NODE_450_length_3680_cov_25.424417	DROP	REVIEW	DROP	3	0	1.71e-05	23.2	0.257	928	FAM003349
ERR2040559_clean_NODE_660_length_3378_cov_10.517499	DROP	AMBIGUOUS	DROP	0	0				0	
ERR2040559_clean_NODE_662_length_3375_cov_13.027545	KEEP	PASS_VIRAL	KEEP	16	1	3.47e-36	123.9	0.256	855	FAM004770
ERR2040559_clean_NODE_6911_length_1502_cov_17.019087	REVIEW	PASS_VIRAL	short_fragment	0	0				0	
ERR2040560_clean_NODE_1196_length_1521_cov_41.011502	REVIEW	REVIEW	short_fragment	10	7	4.97e-45	153.6	0.600	387	FAM007484
ERR2040560_clean_NODE_1_length_5937_cov_3843.210044	KEEP	PASS_CORE	KEEP	296	41	0.00e+00	3114.8	0.965	1805	FAM002301
ERR2040560_clean_NODE_227_length_2042_cov_7.934967	REVIEW	REVIEW	short_fragment	5	0	6.51e-74	248.5	0.263	606	FAM003439
ERR2040560_clean_NODE_3645_length_1121_cov_40.852505	REVIEW	REVIEW	short_fragment	1	0	8.84e-06	25.3	0.285	239	FAM008812
ERR2040560_clean_NODE_5_length_3711_cov_30.574155	DROP	REVIEW	DROP	3	1	8.72e-09	33.9	0.601	465	FAM006298
ERR2040560_clean_NODE_6_length_3651_cov_8031.194568	KEEP	PASS_CORE	KEEP	11	8	0.00e+00	1932.9	0.977	1004	FAM002051
ERR2040561_clean_NODE_1944_length_2431_cov_9.657873	KEEP	PASS_VIRAL	KEEP	39	20	8.37e-49	165.8	0.151	686	FAM008177
ERR2040561_clean_NODE_197_length_4019_cov_363.751006	DROP	AMBIGUOUS	DROP	1	0	4.69e-03	16.6	0.186	202	FAM017731
ERR2040561_clean_NODE_2886_length_2142_cov_53.414960	DROP	AMBIGUOUS	DROP	6	1	9.19e-09	34.0	0.109	513	FAM022056
ERR2040561_clean_NODE_3010_length_2112_cov_104.565974	KEEP	PASS_VIRAL	KEEP	47	0	2.29e-16	59.5	0.098	518	FAM019915
ERR2040561_clean_NODE_342_length_3680_cov_22.854550	KEEP	PASS_VIRAL	KEEP	18	0	3.89e-52	177.4	0.400	1031	FAM004890
ERR2040561_clean_NODE_379_length_3608_cov_66.357644	DROP	REVIEW	DROP	1	0	1.98e-03	17.0	0.301	929	FAM001818
ERR2040561_clean_NODE_594_length_3321_cov_9.741001	DROP	AMBIGUOUS	DROP	21	1	1.19e-09	37.1	0.309	832	FAM026512
ERR2040561_clean_NODE_686_length_3213_cov_18.568139	REVIEW	AMBIGUOUS	no_viral_domain_but_blast	0	0				0	
ERR2040561_clean_NODE_864_length_3033_cov_6.085619	KEEP	PASS_VIRAL	KEEP	12	0	2.84e-37	128.3	0.239	868	FAM004890
ERR2040562_clean_NODE_101_length_4402_cov_7.754301	KEEP	PASS_VIRAL	KEEP	2	0	9.48e-07	27.2	0.098	131	FAM000134
ERR2040562_clean_NODE_10_length_6879_cov_52.495026	KEEP	PASS_VIRAL	KEEP	6	2	1.52e-68	231.5	0.203	2111	FAM013464
ERR2040562_clean_NODE_1221_length_2435_cov_8.340301	REVIEW	REVIEW	no_viral_domain_but_blast	8	0	1.40e-39	135.9	0.239	120	FAM003548
ERR2040562_clean_NODE_1346_length_2363_cov_2.326724	REVIEW	PASS_VIRAL	short_fragment	5	0	5.08e-13	47.9	0.065	560	FAM013464
ERR2040562_clean_NODE_1423_length_2318_cov_22.582418	REVIEW	AMBIGUOUS	short_fragment	7	0	2.56e-13	46.4	0.071	551	FAM001712
ERR2040562_clean_NODE_1675_length_2199_cov_6.018553	KEEP	PASS_VIRAL	KEEP	8	0	4.46e-18	65.0	0.257	608	FAM007630
ERR2040562_clean_NODE_2088_length_2050_cov_4.916791	REVIEW	AMBIGUOUS	short_fragment	8	0	2.07e-13	46.7	0.072	530	FAM001712
ERR2040562_clean_NODE_2462_length_1933_cov_7.751852	KEEP	PASS_VIRAL	KEEP	45	22	3.88e-51	173.6	0.116	511	FAM008177
ERR2040562_clean_NODE_2742_length_1862_cov_28.844970	DROP	AMBIGUOUS	DROP	0	0				0	
ERR2040562_clean_NODE_42_length_5374_cov_23.224911	KEEP	PASS_CORE	KEEP	0	0				0	
ERR2040562_clean_NODE_538_length_3029_cov_2.690221	KEEP	PASS_VIRAL	KEEP	0	0				0	
ERR2040562_clean_NODE_627_length_2921_cov_17.854413	KEEP	PASS_VIRAL	KEEP	0	0				0	
ERR2040562_clean_NODE_666_length_2900_cov_2.381519	KEEP	PASS_CORE	KEEP	27	0	3.83e-56	190.1	0.063	102	FAM023340
ERR2040563_clean_NODE_1095_length_2637_cov_12.250578	DROP	AMBIGUOUS	DROP	1	0	3.85e-06	25.3	0.197	206	FAM007966
ERR2040563_clean_NODE_1120_length_2623_cov_4.437209	REVIEW	AMBIGUOUS	short_fragment	15	8	5.43e-278	925.2	0.403	717	FAM003310
ERR2040563_clean_NODE_1572_length_2394_cov_16.973203	DROP	REVIEW	DROP	0	0				0	
ERR2040563_clean_NODE_1726_length_2333_cov_35.182096	DROP	AMBIGUOUS	DROP	7	0	7.90e-10	37.5	0.109	508	FAM022056
ERR2040563_clean_NODE_1762_length_2318_cov_10.112527	REVIEW	AMBIGUOUS	short_fragment	9	0	2.91e-16	56.2	0.028	641	FAM001712
ERR2040563_clean_NODE_2115_length_2195_cov_21.416357	REVIEW	AMBIGUOUS	short_fragment	6	0	3.50e-13	46.0	0.071	574	FAM001712
ERR2040563_clean_NODE_2270_length_2140_cov_32.809251	DROP	AMBIGUOUS	DROP	6	0	2.95e-05	22.7	0.138	608	FAM032326
ERR2040563_clean_NODE_237_length_3764_cov_30.359850	DROP	AMBIGUOUS	DROP	2	2	2.54e-88	296.5	0.716	483	FAM023264
ERR2040563_clean_NODE_436_length_3277_cov_26.956710	REVIEW	AMBIGUOUS	no_viral_domain_but_blast	0	0				0	
ERR2040563_clean_NODE_985_length_2699_cov_5.154367	DROP	AMBIGUOUS	DROP	4	0	1.47e-11	43.0	0.066	720	FAM013464
ERR2040565_clean_NODE_133_length_2999_cov_10.615697	REVIEW	AMBIGUOUS	no_viral_domain_but_blast	0	0				0	
ERR2040565_clean_NODE_217_length_2754_cov_25.508668	REVIEW	AMBIGUOUS	no_viral_domain_but_blast	0	0				0	
ERR2040565_clean_NODE_225_length_2742_cov_15.450167	KEEP	PASS_VIRAL	KEEP	19	1	2.16e-54	184.8	0.403	788	FAM004890
ERR2040565_clean_NODE_2293_length_1583_cov_9.381169	KEEP	PASS_CORE_FAM	KEEP	94	18	3.71e-189	628.7	0.848	403	FAM002989
ERR2040565_clean_NODE_2334_length_1576_cov_29.442270	KEEP	PASS_CORE_FAM	KEEP	84	19	6.54e-194	644.3	0.873	419	FAM002989
ERR2040565_clean_NODE_2744_length_1492_cov_19.260870	REVIEW	REVIEW	no_viral_domain_but_blast	3	3	2.91e-124	415.1	0.844	348	FAM002990
ERR2040565_clean_NODE_3778_length_1336_cov_49.835267	REVIEW	REVIEW	short_fragment	5	1	1.14e-87	294.3	0.462	314	FAM002167
ERR2040565_clean_NODE_5685_length_1133_cov_7.141284	REVIEW	REVIEW	no_viral_domain_but_blast	3	3	1.22e-98	330.7	0.681	293	FAM002990
ERR2040565_clean_NODE_679_length_2153_cov_10.272038	DROP	REVIEW	DROP	0	0				0	
ERR2040565_clean_NODE_913_length_2012_cov_21.791772	REVIEW	REVIEW	short_fragment	0	0				0	
ERR2040566_clean_NODE_14_length_4588_cov_35.921012	DROP	AMBIGUOUS	DROP	0	0				0	
ERR2040566_clean_NODE_1_length_6120_cov_50.212934	REVIEW	AMBIGUOUS	no_viral_domain_but_blast	3	0	5.57e-08	31.5	0.291	1334	FAM012636
ERR2040566_clean_NODE_230_length_3081_cov_20.690586	DROP	REVIEW	DROP	0	0				0	
ERR2040566_clean_NODE_25258_length_535_cov_1.951220	REVIEW	REVIEW	short_fragment	0	0				0	
ERR2040566_clean_NODE_2646_length_1677_cov_9.157283	KEEP	PASS_VIRAL	KEEP	0	0				0	
ERR2040566_clean_NODE_473_length_2631_cov_9.443972	REVIEW	AMBIGUOUS	no_viral_domain_but_blast	0	0				0	
ERR2040566_clean_NODE_989_length_2217_cov_21.934683	REVIEW	AMBIGUOUS	no_viral_domain_but_blast	0	0				0	
ERR2040567_clean_NODE_11364_length_1082_cov_4.713186	REVIEW	REVIEW	short_fragment	1	0	2.92e-10	39.3	0.218	97	FAM007414
ERR2040567_clean_NODE_1301_length_2678_cov_6.721822	KEEP	PASS_VIRAL	KEEP	44	21	9.49e-37	126.4	0.769	628	FAM012364
ERR2040567_clean_NODE_1516_length_2567_cov_25.623217	DROP	REVIEW	DROP	0	0				0	
ERR2040567_clean_NODE_1839_length_2425_cov_40.904282	KEEP	PASS_VIRAL	KEEP	36	0	1.28e-31	108.9	0.051	511	FAM008177
ERR2040567_clean_NODE_183_length_4121_cov_22.329328	KEEP	PASS_VIRAL	KEEP	19	0	2.14e-54	184.9	0.405	1117	FAM004890
ERR2040567_clean_NODE_1856_length_2418_cov_13.325895	REVIEW	AMBIGUOUS	no_viral_domain_but_blast	1	1	9.08e-178	591.8	0.878	539	FAM021041
ERR2040567_clean_NODE_2167_length_2302_cov_14.603364	REVIEW	AMBIGUOUS	short_fragment	7	0	1.02e-12	44.4	0.071	555	FAM001712
ERR2040567_clean_NODE_2344_length_2250_cov_3.899411	DROP	AMBIGUOUS	DROP	0	0				0	
ERR2040567_clean_NODE_240_length_3902_cov_38.226484	DROP	AMBIGUOUS	DROP	5	3	2.36e-128	429.2	0.728	1031	FAM007805
ERR2040567_clean_NODE_2693_length_2148_cov_61.540143	DROP	AMBIGUOUS	DROP	0	0				0	
ERR2040567_clean_NODE_3563_length_1942_cov_22.021590	DROP	AMBIGUOUS	DROP	2	1	2.26e-14	52.5	0.599	349	FAM012636
ERR2040567_clean_NODE_4553_length_1772_cov_11.007519	KEEP	PASS_VIRAL	KEEP	0	0				0	
ERR2040568_clean_NODE_1141_length_2629_cov_17.540217	DROP	AMBIGUOUS	DROP	0	0				0	
ERR2040568_clean_NODE_1357_length_2497_cov_36.812143	DROP	AMBIGUOUS	DROP	3	2	4.90e-152	506.6	0.947	669	FAM012604
ERR2040568_clean_NODE_1618_length_2381_cov_12.517109	REVIEW	AMBIGUOUS	short_fragment	9	0	2.42e-14	49.8	0.028	622	FAM001712
ERR2040568_clean_NODE_2093_length_2201_cov_62.188137	DROP	AMBIGUOUS	DROP	6	1	4.86e-09	34.9	0.109	512	FAM022056
ERR2040568_clean_NODE_2339_length_2125_cov_5.497118	DROP	AMBIGUOUS	DROP	0	0				0	
ERR2040568_clean_NODE_2349_length_2120_cov_27.189697	DROP	AMBIGUOUS	DROP	0	0				0	
ERR2040568_clean_NODE_2713_length_2015_cov_102.909229	REVIEW	AMBIGUOUS	short_fragment	0	0				0	
ERR2040568_clean_NODE_3075_length_1922_cov_24.996275	KEEP	PASS_VIRAL	KEEP	4	1	2.46e-68	230.7	0.868	420	FAM005403
ERR2040568_clean_NODE_33_length_5530_cov_19.683798_self_circular	KEEP	PASS_VIRAL	KEEP	17	2	1.43e-90	304.3	0.255	349	FAM003304
ERR2040568_clean_NODE_388_length_3406_cov_86.345227	DROP	REVIEW	DROP	2	0	2.79e-04	19.8	0.316	919	FAM001818
ERR2040568_clean_NODE_398_length_3390_cov_28.666866	KEEP	PASS_VIRAL	KEEP	53	21	4.04e-52	176.8	0.127	881	FAM008177
ERR2040568_clean_NODE_419_length_3364_cov_10.467028	REVIEW	REVIEW	no_viral_domain_but_blast	31	4	1.20e-310	1033.0	0.569	601	FAM003378
ERR2040568_clean_NODE_438_length_3339_cov_56.761226	DROP	AMBIGUOUS	DROP	2	0	2.64e-54	184.1	0.261	894	FAM010955
ERR2040569_clean_NODE_1007_length_2682_cov_24.132247	KEEP	PASS_VIRAL	KEEP	7	1	2.14e-89	299.5	0.922	707	FAM011052
ERR2040569_clean_NODE_11292_length_949_cov_9.875276	KEEP	PASS_CORE	KEEP	12	2	1.09e-36	124.2	0.977	145	FAM023464
ERR2040569_clean_NODE_121_length_4357_cov_35.181734	KEEP	PASS_VIRAL	KEEP	18	0	1.79e-53	181.8	0.417	1162	FAM004890
ERR2040569_clean_NODE_13136_length_847_cov_4.232587	REVIEW	REVIEW	short_fragment	2	0	8.25e-17	60.7	0.256	108	FAM003324
ERR2040569_clean_NODE_13538_length_827_cov_1.366071	REVIEW	REVIEW	short_fragment	1	0	4.41e-11	40.7	0.031	66	FAM023340
ERR2040569_clean_NODE_1392_length_2446_cov_28.425302	REVIEW	AMBIGUOUS	short_fragment	7	0	1.20e-12	44.2	0.071	567	FAM001712
ERR2040569_clean_NODE_1457_length_2410_cov_51.086185	REVIEW	AMBIGUOUS	short_fragment	6	0	5.50e-05	22.1	0.187	611	FAM018129
ERR2040569_clean_NODE_1544_length_2361_cov_35.144090	DROP	AMBIGUOUS	DROP	7	1	1.35e-09	36.7	0.109	509	FAM022056
ERR2040569_clean_NODE_16619_length_699_cov_1.650915	REVIEW	REVIEW	short_fragment	0	0				0	
ERR2040569_clean_NODE_1764_length_2255_cov_17.513110	REVIEW	PASS_VIRAL	short_fragment	4	0	4.49e-12	44.7	0.065	588	FAM013464
ERR2040569_clean_NODE_213_length_3852_cov_15.534786	KEEP	PASS_VIRAL	KEEP	6	1	1.14e-39	136.0	0.250	1097	FAM013464
ERR2040569_clean_NODE_3275_length_1827_cov_50.672085	DROP	AMBIGUOUS	DROP	4	2	1.50e-31	109.5	0.814	452	FAM019186
ERR2040569_clean_NODE_373_length_3464_cov_3.135925	KEEP	PASS_CORE_FAM	KEEP	0	0				0	
ERR2040569_clean_NODE_42_length_5735_cov_21.977864	DROP	AMBIGUOUS	DROP	0	0				0	
ERR2040569_clean_NODE_558_length_3134_cov_26.953090	KEEP	PASS_VIRAL	KEEP	23	0	2.39e-12	44.2	0.035	880	FAM004567
ERR2040569_clean_NODE_5645_length_1450_cov_97.371713	DROP	AMBIGUOUS	DROP	2	1	2.45e-15	55.7	0.599	349	FAM012636
ERR2040569_clean_NODE_5_length_7295_cov_39.300745	REVIEW	AMBIGUOUS	no_viral_domain_but_blast	3	0	2.52e-07	29.3	0.294	2141	FAM012636
ERR2040569_clean_NODE_617_length_3046_cov_9.779221	DROP	REVIEW	DROP	0	0				0	
ERR2040569_clean_NODE_628_length_3033_cov_48.432776	DROP	AMBIGUOUS	DROP	0	0				0	
ERR2040569_clean_NODE_6377_length_1362_cov_2.515542	REVIEW	REVIEW	short_fragment	5	0	2.02e-31	109.0	0.432	313	FAM003024
ERR2040569_clean_NODE_642_length_3020_cov_32.981525	KEEP	PASS_VIRAL	KEEP	2	0	9.78e-10	37.8	0.402	80	FAM001055
ERR2040569_clean_NODE_784_length_2863_cov_47.135461	REVIEW	AMBIGUOUS	no_viral_domain_but_blast	0	0				0	
ERR2040570_clean_NODE_1063_length_3146_cov_5.244280	KEEP	PASS_VIRAL	KEEP	0	0				0	
ERR2040570_clean_NODE_1453_length_2896_cov_36.851034	KEEP	PASS_VIRAL	KEEP	6	1	1.08e-39	136.1	0.252	821	FAM013464
ERR2040570_clean_NODE_187_length_4712_cov_62.269223	REVIEW	AMBIGUOUS	no_viral_domain_but_blast	3	0	2.26e-08	32.8	0.298	1059	FAM012636
ERR2040570_clean_NODE_2188_length_2545_cov_7.666267	DROP	AMBIGUOUS	DROP	2	0	5.64e-30	103.7	0.163	590	FAM012634
ERR2040570_clean_NODE_2250_length_2522_cov_6.262203	REVIEW	AMBIGUOUS	no_viral_domain_but_blast	20	0	4.99e-23	80.3	0.055	81	FAM003310
ERR2040570_clean_NODE_2371_length_2472_cov_35.493207	REVIEW	AMBIGUOUS	no_viral_domain_but_blast	0	0				0	
ERR2040570_clean_NODE_2424_length_2455_cov_124.247512	DROP	AMBIGUOUS	DROP	3	2	1.59e-43	148.5	0.726	460	FAM020762
ERR2040570_clean_NODE_2677_length_2360_cov_8.714286	REVIEW	AMBIGUOUS	short_fragment	9	0	2.64e-14	49.7	0.028	627	FAM001712
ERR2040570_clean_NODE_292_length_4234_cov_5.848723	KEEP	PASS_VIRAL	KEEP	8	0	2.60e-27	95.5	0.367	1290	FAM012657
ERR2040570_clean_NODE_2997_length_2271_cov_49.373429	DROP	AMBIGUOUS	DROP	6	1	3.12e-09	35.5	0.111	510	FAM022056
ERR2040570_clean_NODE_350_length_4053_cov_36.245137	KEEP	PASS_VIRAL	KEEP	17	0	6.11e-51	173.5	0.415	1160	FAM004890
ERR2040570_clean_NODE_3521_length_2136_cov_29.373626	DROP	AMBIGUOUS	DROP	0	0				0	
ERR2040570_clean_NODE_3602_length_2118_cov_65.781687	DROP	AMBIGUOUS	DROP	0	0				0	
ERR2040570_clean_NODE_4059_length_2017_cov_27.118541	KEEP	PASS_VIRAL	KEEP	4	1	1.10e-99	334.0	0.985	511	FAM005403
ERR2040570_clean_NODE_4833_length_1878_cov_322.786921	DROP	AMBIGUOUS	DROP	4	3	4.48e-30	104.6	0.731	446	FAM019186
ERR2040570_clean_NODE_627_length_3559_cov_39.781570	DROP	AMBIGUOUS	DROP	1	0	2.30e-35	121.8	0.218	463	FAM012837
ERR2040570_clean_NODE_6296_length_1668_cov_157.471385	KEEP	PASS_VIRAL	KEEP	3	0	5.39e-165	550.3	0.485	389	FAM004987
ERR2040570_clean_NODE_820_length_3356_cov_66.857833	DROP	AMBIGUOUS	DROP	2	0	8.57e-53	179.1	0.261	894	FAM010955
ERR2040570_clean_NODE_928_length_3253_cov_81.690966	REVIEW	AMBIGUOUS	no_viral_domain_but_blast	0	0				0	
ERR2040570_clean_NODE_9526_length_1288_cov_27.009639	KEEP	PASS_CORE	KEEP	12	5	1.54e-60	205.6	0.573	288	FAM000112
ERR2040570_clean_NODE_979_length_3210_cov_20.861383	REVIEW	AMBIGUOUS	no_viral_domain_but_blast	0	0				0	
ERR2040570_clean_NODE_982_length_3207_cov_17.438685	REVIEW	AMBIGUOUS	no_viral_domain_but_blast	0	0				0	
ERR2040571_clean_NODE_1008_length_2683_cov_20.799621	REVIEW	AMBIGUOUS	no_viral_domain_but_blast	0	0				0	
ERR2040571_clean_NODE_2013_length_2162_cov_16.126003	DROP	AMBIGUOUS	DROP	0	0				0	
ERR2040571_clean_NODE_2202_length_2102_cov_9.704711	REVIEW	AMBIGUOUS	short_fragment	6	0	1.26e-14	50.8	0.071	549	FAM001712
ERR2040571_clean_NODE_250_length_3730_cov_8.502577	KEEP	PASS_VIRAL	KEEP	24	0	1.76e-64	217.9	0.361	1064	FAM012716
ERR2040571_clean_NODE_554_length_3153_cov_19.967846	REVIEW	AMBIGUOUS	no_viral_domain_but_blast	0	0				0	
ERR2040571_clean_NODE_6875_length_1303_cov_3.316667	DROP	REVIEW	DROP	1	0	5.93e-27	94.3	0.180	123	FAM003547
ERR2040571_clean_NODE_754_length_2906_cov_32.571429	KEEP	PASS_VIRAL	KEEP	20	0	1.13e-54	185.8	0.403	775	FAM004890
ERR2040572_clean_NODE_103_length_5652_cov_14.207345	DROP	AMBIGUOUS	DROP	1	0	1.92e-03	15.2	0.128	1583	FAM014074
ERR2040572_clean_NODE_10_length_9661_cov_6.666771	KEEP	PASS_VIRAL	KEEP	41	16	0.00e+00	1544.0	0.998	1695	FAM025821
ERR2040572_clean_NODE_1259_length_2945_cov_3.957271	DROP	REVIEW	DROP	0	0				0	
ERR2040572_clean_NODE_1396_length_2846_cov_6.793079	KEEP	PASS_VIRAL	KEEP	46	17	5.04e-45	153.3	0.153	597	FAM008177
ERR2040572_clean_NODE_14638_length_840_cov_1.722710	REVIEW	REVIEW	short_fragment	0	0				0	
ERR2040572_clean_NODE_173_length_4916_cov_17.365278	KEEP	PASS_VIRAL	KEEP	7	0	3.03e-27	95.3	0.344	1340	FAM012657
ERR2040572_clean_NODE_191_length_4769_cov_17.157004	KEEP	PASS_CORE	KEEP	255	36	0.00e+00	2011.4	0.446	1499	FAM006929
ERR2040572_clean_NODE_196_length_4723_cov_15.299786	KEEP	PASS_VIRAL	KEEP	6	0	1.10e-15	57.2	0.167	939	FAM012657
ERR2040572_clean_NODE_19945_length_574_cov_2.018832	DROP	REVIEW	DROP	0	0				0	
ERR2040572_clean_NODE_2002_length_2535_cov_29.126806	DROP	AMBIGUOUS	DROP	0	0				0	
ERR2040572_clean_NODE_20576_length_552_cov_2.163065	REVIEW	REVIEW	short_fragment	0	0				0	
ERR2040572_clean_NODE_20_length_7911_cov_23.590874	KEEP	PASS_CORE	KEEP	55	15	5.76e-175	583.0	0.875	638	FAM000134
ERR2040572_clean_NODE_2572_length_2328_cov_40.016630	REVIEW	AMBIGUOUS	short_fragment	6	0	4.95e-12	42.2	0.071	568	FAM001712
ERR2040572_clean_NODE_2599_length_2320_cov_55.598155	DROP	AMBIGUOUS	DROP	6	1	1.93e-09	36.2	0.113	509	FAM022056
ERR2040572_clean_NODE_2895_length_2220_cov_6.907671	KEEP	PASS_VIRAL	KEEP	8	1	3.19e-20	72.1	0.117	591	FAM012657
ERR2040572_clean_NODE_3010_length_2191_cov_9.429236	REVIEW	PASS_VIRAL	short_fragment	9	0	1.33e-15	54.0	0.028	591	FAM001712
ERR2040572_clean_NODE_3256_length_2121_cov_30.161213	DROP	AMBIGUOUS	DROP	0	0				0	
ERR2040572_clean_NODE_330_length_4146_cov_14.291981	KEEP	PASS_VIRAL	KEEP	0	0				0	
ERR2040572_clean_NODE_3551_length_2059_cov_8.498512	REVIEW	AMBIGUOUS	short_fragment	7	0	2.29e-14	49.9	0.074	501	FAM001712
ERR2040572_clean_NODE_380_length_4017_cov_8.946150	DROP	REVIEW	DROP	0	0				0	
ERR2040572_clean_NODE_493_length_3791_cov_30.474653	DROP	AMBIGUOUS	DROP	1	0	1.24e-03	18.4	0.161	143	FAM001098
ERR2040572_clean_NODE_532_length_3725_cov_33.125204	DROP	REVIEW	DROP	0	0				0	
ERR2040572_clean_NODE_533_length_3724_cov_15.716110	DROP	AMBIGUOUS	DROP	4	0	2.02e-11	42.6	0.065	737	FAM013464
ERR2040572_clean_NODE_594_length_3609_cov_2775.878575	KEEP	PASS_CORE	KEEP	11	8	0.00e+00	1798.0	0.941	958	FAM002051
ERR2040572_clean_NODE_73_length_5986_cov_1539.247013	KEEP	PASS_CORE	KEEP	296	39	0.00e+00	3112.3	0.967	1782	FAM002301
ERR2040572_clean_NODE_752_length_3403_cov_22.090774	KEEP	PASS_VIRAL	KEEP	8	1	8.74e-163	543.2	0.652	936	FAM013464
ERR2040572_clean_NODE_8_length_10589_cov_26.511758	KEEP	PASS_CORE	KEEP	303	48	0.00e+00	4662.9	0.228	3400	FAM011105
ERR2040573_clean_NODE_1323_length_2819_cov_4.620677	KEEP	PASS_VIRAL	KEEP	0	0				0	
ERR2040573_clean_NODE_1462_length_2734_cov_8.494983	KEEP	PASS_VIRAL	KEEP	2	0	1.35e-15	56.9	0.190	758	FAM031275
ERR2040573_clean_NODE_1524_length_2701_cov_45.859669	KEEP	PASS_VIRAL	KEEP	22	1	6.38e-09	35.7	0.704	588	FAM002003
ERR2040573_clean_NODE_15556_length_782_cov_3.668471	KEEP	PASS_CORE_FAM	KEEP	0	0				0	
ERR2040573_clean_NODE_16661_length_729_cov_2.005831	KEEP	PASS_CORE	KEEP	0	0				0	
ERR2040573_clean_NODE_17397_length_699_cov_2.885671	KEEP	PASS_CORE_FAM	KEEP	0	0				0	
ERR2040573_clean_NODE_1802_length_2563_cov_20.437302	DROP	REVIEW	DROP	0	0				0	
ERR2040573_clean_NODE_2003_length_2474_cov_57.782394	REVIEW	AMBIGUOUS	no_viral_domain_but_blast	0	0				0	
ERR2040573_clean_NODE_2173_length_2410_cov_38.859738	KEEP	PASS_VIRAL	KEEP	5	1	4.59e-04	19.9	0.212	609	FAM001120
ERR2040573_clean_NODE_241_length_4338_cov_37.743888	KEEP	PASS_VIRAL	KEEP	17	0	3.05e-53	181.1	0.403	1161	FAM004890
ERR2040573_clean_NODE_2441_length_2316_cov_61.445667	DROP	AMBIGUOUS	DROP	6	0	5.07e-10	38.1	0.113	508	FAM022056
ERR2040573_clean_NODE_245_length_4323_cov_21.966355	DROP	AMBIGUOUS	DROP	0	0				0	
ERR2040573_clean_NODE_2760_length_2216_cov_15.793833	REVIEW	AMBIGUOUS	short_fragment	9	0	9.22e-15	51.2	0.028	588	FAM001712
ERR2040573_clean_NODE_6084_length_1608_cov_27.849201	KEEP	PASS_CORE_FAM	KEEP	87	17	1.02e-193	643.7	0.873	419	FAM002989
ERR2040573_clean_NODE_646_length_3449_cov_24.687317	DROP	AMBIGUOUS	DROP	0	0				0	
ERR2040573_clean_NODE_6668_length_1528_cov_17.218855	KEEP	PASS_CORE_FAM	KEEP	106	16	2.09e-191	636.1	0.873	419	FAM002989
ERR2040573_clean_NODE_7152_length_1467_cov_25.807584	DROP	REVIEW	DROP	3	3	9.49e-103	344.2	0.856	357	FAM002990
ERR2040573_clean_NODE_750_length_3335_cov_41.214459	KEEP	PASS_VIRAL	KEEP	0	0				0	
ERR2040573_clean_NODE_7588_length_1412_cov_34.696129	REVIEW	REVIEW	no_viral_domain_but_blast	3	3	1.56e-112	376.4	0.856	354	FAM002990
ERR2040573_clean_NODE_796_length_3294_cov_6.273762	DROP	AMBIGUOUS	DROP	4	0	9.91e-12	43.6	0.066	724	FAM013464
ERR2040573_clean_NODE_8849_length_1276_cov_30.969992	KEEP	PASS_CORE	KEEP	0	0				0	
ERR2040573_clean_NODE_8887_length_1272_cov_24.247356	REVIEW	REVIEW	no_viral_domain_but_blast	0	0				0	
ERR2040573_clean_NODE_930_length_3154_cov_18.023465	DROP	AMBIGUOUS	DROP	0	0				0	
ERR2040574_clean_NODE_143_length_2912_cov_21.241199	DROP	AMBIGUOUS	DROP	1	0	4.52e-33	114.2	0.199	463	FAM012837
ERR2040574_clean_NODE_620_length_2272_cov_9.673396	REVIEW	AMBIGUOUS	short_fragment	7	0	2.11e-13	46.7	0.071	557	FAM001712
ERR2040574_clean_NODE_689_length_2238_cov_10.912984	DROP	AMBIGUOUS	DROP	0	0				0	
ERR2040574_clean_NODE_732_length_2202_cov_138.661881	DROP	AMBIGUOUS	DROP	5	0	6.28e-06	25.2	0.187	620	FAM018129
ERR2040574_clean_NODE_780_length_2177_cov_8.246954	REVIEW	AMBIGUOUS	no_viral_domain_but_blast	0	0				0	
ERR2040574_clean_NODE_793_length_2167_cov_44.499529	DROP	AMBIGUOUS	DROP	5	1	4.79e-09	34.9	0.111	501	FAM022056
ERR2040575_clean_NODE_100_length_4100_cov_8.193739	KEEP	PASS_VIRAL	KEEP	18	1	5.30e-53	180.3	0.400	1172	FAM004890
ERR2040575_clean_NODE_1293_length_2348_cov_9.551844	DROP	AMBIGUOUS	DROP	5	0	4.07e-04	20.0	0.205	660	FAM001120
ERR2040575_clean_NODE_1381_length_2305_cov_21.482317	DROP	AMBIGUOUS	DROP	7	1	1.08e-08	33.7	0.109	519	FAM022056
ERR2040575_clean_NODE_13874_length_804_cov_2.731932	REVIEW	REVIEW	no_viral_domain_but_blast	2	0	2.37e-26	92.5	0.350	137	FAM002990
ERR2040575_clean_NODE_1515_length_2245_cov_3.609900	KEEP	PASS_VIRAL	KEEP	42	19	1.21e-45	155.3	0.115	472	FAM008177
ERR2040575_clean_NODE_1550_length_2229_cov_27.498170	REVIEW	AMBIGUOUS	short_fragment	8	0	1.54e-16	57.1	0.071	555	FAM001712
ERR2040575_clean_NODE_19017_length_613_cov_4.682456	KEEP	PASS_CORE	KEEP	0	0				0	
ERR2040575_clean_NODE_20786_length_563_cov_2.448077	DROP	REVIEW	DROP	0	0				0	
ERR2040575_clean_NODE_2130_length_2029_cov_26.643001	REVIEW	AMBIGUOUS	short_fragment	7	0	4.35e-11	39.0	0.071	503	FAM001712
ERR2040575_clean_NODE_222_length_3488_cov_9.665602	KEEP	PASS_VIRAL	KEEP	45	18	2.00e-46	157.9	0.119	847	FAM008177
ERR2040575_clean_NODE_230_length_3473_cov_18.630904	DROP	REVIEW	DROP	1	0	8.29e-04	18.3	0.348	932	FAM001818
ERR2040575_clean_NODE_295_length_3310_cov_38.464953	DROP	AMBIGUOUS	DROP	0	0				0	
ERR2040575_clean_NODE_352_length_3191_cov_10.938056	REVIEW	AMBIGUOUS	no_viral_domain_but_blast	0	0				0	
ERR2040575_clean_NODE_3867_length_1662_cov_5.421248	KEEP	PASS_VIRAL	KEEP	25	1	3.21e-55	187.6	0.390	427	FAM004890
ERR2040575_clean_NODE_45_length_4751_cov_9.110025	KEEP	PASS_VIRAL	KEEP	8	0	9.11e-28	97.0	0.355	1409	FAM012657
ERR2040575_clean_NODE_715_length_2733_cov_6.095911	KEEP	PASS_VIRAL	KEEP	19	0	1.93e-54	185.0	0.405	725	FAM004890
ERR2040575_clean_NODE_765_length_2674_cov_6.517294	REVIEW	AMBIGUOUS	short_fragment	9	0	5.51e-15	52.0	0.086	612	FAM003565
ERR2040575_clean_NODE_929_length_2559_cov_4.633148	REVIEW	AMBIGUOUS	short_fragment	7	0	3.32e-14	49.4	0.071	560	FAM001712
ERR2040575_clean_NODE_941_length_2555_cov_5.583599	REVIEW	AMBIGUOUS	short_fragment	0	0				0	
ERR2040576_clean_NODE_1017_length_2640_cov_13.025799	REVIEW	REVIEW	short_fragment	5	5	3.70e-276	917.1	0.913	582	FAM001277
ERR2040576_clean_NODE_1057_length_2615_cov_27.630249	DROP	AMBIGUOUS	DROP	7	2	4.88e-04	19.2	0.114	706	FAM018279
ERR2040576_clean_NODE_10837_length_1088_cov_15.478469	REVIEW	REVIEW	short_fragment	2	2	9.47e-133	441.7	0.806	261	FAM001275
ERR2040576_clean_NODE_1165_length_2557_cov_9.027446	DROP	AMBIGUOUS	DROP	0	0				0	
ERR2040576_clean_NODE_13666_length_928_cov_21.312994	REVIEW	REVIEW	short_fragment	0	0				0	
ERR2040576_clean_NODE_1853_length_2247_cov_7.904719	REVIEW	PASS_VIRAL	short_fragment	9	0	2.59e-14	49.7	0.028	581	FAM001712
ERR2040576_clean_NODE_187_length_3688_cov_16.369273	DROP	AMBIGUOUS	DROP	0	0				0	
ERR2040576_clean_NODE_19253_length_702_cov_24.265554	REVIEW	REVIEW	short_fragment	2	0	5.28e-40	137.1	0.299	101	FAM001274
ERR2040576_clean_NODE_349_length_3296_cov_23.804181	REVIEW	AMBIGUOUS	no_viral_domain_but_blast	0	0				0	
ERR2040576_clean_NODE_3885_length_1773_cov_17.006358	REVIEW	REVIEW	short_fragment	10	9	5.88e-197	654.6	0.866	390	FAM001273
ERR2040576_clean_NODE_404_length_3206_cov_14.950047	DROP	REVIEW	DROP	0	0				0	
ERR2040576_clean_NODE_556_length_3045_cov_22.025316	KEEP	PASS_VIRAL	KEEP	18	0	5.69e-54	183.5	0.405	771	FAM004890
ERR2040576_clean_NODE_823_length_2769_cov_6.504402	KEEP	PASS_CORE	KEEP	0	0				0	
ERR2040576_clean_NODE_840_length_2753_cov_8.969373	REVIEW	AMBIGUOUS	no_viral_domain_but_blast	0	0				0	
ERR2040577_clean_NODE_104_length_2356_cov_7.355815	REVIEW	AMBIGUOUS	short_fragment	6	0	2.18e-14	50.0	0.071	559	FAM001712
ERR2040577_clean_NODE_1_length_7047_cov_1296.135066	KEEP	PASS_CORE	KEEP	260	38	0.00e+00	4958.7	0.959	2203	FAM000136
ERR2040577_clean_NODE_2_length_3591_cov_2864.333427	KEEP	PASS_VIRAL	KEEP	23	17	0.00e+00	2296.2	1.000	1036	FAM003085
ERR2040577_clean_NODE_8847_length_609_cov_9.252650	REVIEW	REVIEW	short_fragment	0	0				0	
ERR2040578_clean_NODE_1196_length_2663_cov_29.838931	DROP	REVIEW	DROP	0	0				0	
ERR2040578_clean_NODE_1810_length_2368_cov_5.900215	REVIEW	REVIEW	short_fragment	14	0	3.05e-78	263.2	0.082	151	FAM004636
ERR2040578_clean_NODE_18121_length_778_cov_2.131973	KEEP	PASS_VIRAL	KEEP	0	0				0	
ERR2040578_clean_NODE_1_length_13225_cov_10.614854	KEEP	PASS_CORE	KEEP	95	47	0.00e+00	3144.4	0.970	2046	FAM001278
ERR2040578_clean_NODE_2409_length_2169_cov_13.395579	REVIEW	PASS_VIRAL	short_fragment	9	0	9.86e-14	47.8	0.028	448	FAM001712
ERR2040578_clean_NODE_2_length_10246_cov_88.865628	KEEP	PASS_CORE_FAM	KEEP	153	50	2.74e-294	979.5	0.201	2473	FAM006391
ERR2040578_clean_NODE_3_length_10214_cov_38.922721	KEEP	PASS_CORE_FAM	KEEP	159	46	4.99e-302	1005.2	0.197	2451	FAM006391
ERR2040578_clean_NODE_431_length_3406_cov_112.104966	REVIEW	AMBIGUOUS	no_viral_domain_but_blast	0	0				0	
ERR2040578_clean_NODE_546_length_3225_cov_166.911691	DROP	AMBIGUOUS	DROP	0	0				0	
ERR2040578_clean_NODE_59_length_4973_cov_75.999797	KEEP	PASS_VIRAL	KEEP	6	0	6.80e-28	97.4	0.353	1340	FAM012657
ERR2040579_clean_NODE_1360_length_2125_cov_13.473103	KEEP	PASS_VIRAL	KEEP	0	0				0	
ERR2040579_clean_NODE_16626_length_598_cov_1.839640	KEEP	PASS_CORE	KEEP	0	0				0	
ERR2040579_clean_NODE_229_length_3332_cov_11.242627	DROP	AMBIGUOUS	DROP	0	0				0	
ERR2040579_clean_NODE_238_length_3303_cov_31.994172	REVIEW	AMBIGUOUS	no_viral_domain_but_blast	0	0				0	
ERR2040579_clean_NODE_285_length_3186_cov_73.700923	DROP	AMBIGUOUS	DROP	0	0				0	
ERR2040579_clean_NODE_804_length_2455_cov_218.640962	KEEP	PASS_VIRAL	KEEP	0	0				0	
ERR2040580_clean_NODE_13095_length_891_cov_5.560142	DROP	AMBIGUOUS	DROP	0	0				0	
ERR2040580_clean_NODE_1309_length_2519_cov_12.988288	DROP	AMBIGUOUS	DROP	0	0				0	
ERR2040580_clean_NODE_21_length_7040_cov_42.106760	REVIEW	AMBIGUOUS	short_fragment	5	0	4.00e-23	80.7	0.300	400	FAM034426
ERR2040580_clean_NODE_234_length_4108_cov_10.915129	DROP	AMBIGUOUS	DROP	0	0				0	
ERR2040580_clean_NODE_4245_length_1661_cov_5.280593	KEEP	PASS_VIRAL	KEEP	0	0				0	
ERR2040580_clean_NODE_44_length_6105_cov_6.334048	DROP	AMBIGUOUS	DROP	0	0				0	
ERR2040580_clean_NODE_451_length_3538_cov_28.810014	KEEP	PASS_VIRAL	KEEP	6	0	3.63e-12	42.6	0.070	434	FAM001712
ERR2040580_clean_NODE_48_length_6089_cov_11.137446	REVIEW	AMBIGUOUS	short_fragment	6	0	2.53e-07	30.5	0.481	1800	FAM002003
ERR2040580_clean_NODE_580_length_3278_cov_10.382689	KEEP	PASS_CORE	KEEP	82	15	0.00e+00	1581.5	0.937	932	FAM001290
ERR2040580_clean_NODE_683_length_3118_cov_24.992520	DROP	AMBIGUOUS	DROP	12	1	9.49e-132	440.7	0.218	920	FAM007819
ERR2040580_clean_NODE_7414_length_1261_cov_3.724959	KEEP	PASS_CORE	KEEP	0	0				0	
ERR2040580_clean_NODE_7708_length_1235_cov_1.671980	KEEP	PASS_VIRAL	KEEP	0	0				0	
ERR2040580_clean_NODE_852_length_2925_cov_9.633588	KEEP	PASS_CORE	KEEP	68	13	9.07e-215	714.9	0.917	779	FAM000071
ERR2040581_clean_NODE_2595_length_639_cov_11.256711	KEEP	PASS_CORE	KEEP	6	3	1.71e-23	81.8	0.075	140	FAM000069
ERR2040581_clean_NODE_987_length_976_cov_11.250804	REVIEW	REVIEW	short_fragment	0	0				0	
ERR2040582_clean_NODE_1617_length_1717_cov_5.737157	KEEP	PASS_CORE	KEEP	20	1	3.80e-123	412.2	0.123	473	FAM023340
ERR2040582_clean_NODE_220_length_2670_cov_5.900647	KEEP	PASS_CORE	KEEP	29	1	1.50e-50	171.8	0.105	119	FAM003304
ERR2040582_clean_NODE_243_length_2625_cov_11.399690	DROP	REVIEW	DROP	0	0				0	
ERR2040582_clean_NODE_28942_length_508_cov_2.294624	REVIEW	REVIEW	short_fragment	1	0	1.93e-04	19.1	0.022	36	FAM003304
ERR2040582_clean_NODE_318_length_2508_cov_43.909939	DROP	REVIEW	DROP	0	0				0	
ERR2040582_clean_NODE_609_length_2162_cov_13.565361	DROP	AMBIGUOUS	DROP	0	0				0	
ERR2040582_clean_NODE_69_length_3354_cov_46.428873	DROP	AMBIGUOUS	DROP	0	0				0	
ERR2040582_clean_NODE_71_length_3342_cov_16.247651	DROP	AMBIGUOUS	DROP	0	0				0	
ERR2040582_clean_NODE_8517_length_978_cov_6.423529	REVIEW	REVIEW	short_fragment	16	0	3.52e-34	117.6	0.075	89	FAM003304
ERR2040582_clean_NODE_886_length_2006_cov_17.881304	DROP	AMBIGUOUS	DROP	0	0				0	
ERR2040583_clean_NODE_1141_length_2494_cov_7.833129	DROP	REVIEW	DROP	0	0				0	
ERR2040583_clean_NODE_12443_length_1016_cov_7.338129	REVIEW	REVIEW	short_fragment	9	2	6.18e-11	42.6	0.450	121	FAM000100
ERR2040583_clean_NODE_165_length_3764_cov_2.930126	DROP	REVIEW	DROP	2	0	1.87e-25	88.3	0.121	307	FAM025821
ERR2040583_clean_NODE_1785_length_2201_cov_93.838276	DROP	AMBIGUOUS	DROP	7	1	2.41e-09	35.9	0.115	519	FAM022056
ERR2040583_clean_NODE_2039_length_2116_cov_19.591896	DROP	AMBIGUOUS	DROP	0	0				0	
ERR2040583_clean_NODE_312_length_3345_cov_28.229861	REVIEW	AMBIGUOUS	no_viral_domain_but_blast	0	0				0	
ERR2040583_clean_NODE_68_length_4369_cov_18.788026	DROP	AMBIGUOUS	DROP	0	0				0	
ERR2040584_clean_NODE_1257_length_1719_cov_210.468377	KEEP	PASS_CORE_FAM	KEEP	61	16	4.24e-156	519.6	0.839	407	FAM002989
ERR2040584_clean_NODE_13888_length_756_cov_1.674614	REVIEW	REVIEW	short_fragment	16	0	3.67e-42	144.0	0.080	96	FAM003304
ERR2040584_clean_NODE_1388_length_1673_cov_43.709202	REVIEW	REVIEW	no_viral_domain_but_blast	3	3	1.56e-133	445.6	0.863	354	FAM002990
ERR2040584_clean_NODE_1428_length_1662_cov_11.514515	KEEP	PASS_CORE_FAM	KEEP	74	15	2.56e-179	596.2	0.858	417	FAM002989
ERR2040584_clean_NODE_1624_length_1606_cov_24.385157	KEEP	PASS_CORE	KEEP	94	14	8.78e-200	663.7	0.871	417	FAM002989
ERR2040584_clean_NODE_2127_length_1495_cov_111.950413	REVIEW	REVIEW	no_viral_domain_but_blast	4	4	1.64e-116	388.7	0.812	285	FAM014886
ERR2040584_clean_NODE_24282_length_565_cov_2.254789	DROP	REVIEW	DROP	13	1	3.21e-13	48.3	0.073	46	FAM032813
ERR2040584_clean_NODE_3318_length_1315_cov_16.396226	REVIEW	REVIEW	no_viral_domain_but_blast	5	5	6.13e-110	366.8	0.813	284	FAM009566
ERR2040584_clean_NODE_452_length_2131_cov_3.239943	KEEP	PASS_VIRAL	KEEP	23	0	4.81e-10	38.8	0.148	494	FAM019029
ERR2040584_clean_NODE_4641_length_1181_cov_4.374341	KEEP	PASS_CORE	KEEP	5	1	4.65e-53	181.0	0.405	216	FAM000112
ERR2040584_clean_NODE_731_length_1938_cov_6.815303	KEEP	PASS_VIRAL	KEEP	24	4	2.25e-136	456.0	0.374	552	FAM003304
ERR2040584_clean_NODE_96_length_2887_cov_3.165963	DROP	AMBIGUOUS	DROP	9	0	1.84e-69	234.4	0.224	298	FAM003304
ERR2040584_clean_NODE_97_length_2878_cov_39.540388	DROP	AMBIGUOUS	DROP	0	0				0	
ERR2040585_clean_NODE_103_length_4573_cov_89.255840	REVIEW	AMBIGUOUS	no_viral_domain_but_blast	19	0	2.03e-09	34.1	0.016	239	FAM013988
ERR2040585_clean_NODE_1049_length_2665_cov_13.682510	DROP	AMBIGUOUS	DROP	6	0	2.61e-24	83.5	0.094	668	FAM003307
ERR2040585_clean_NODE_11866_length_917_cov_4.637188	REVIEW	REVIEW	short_fragment	0	0				0	
ERR2040585_clean_NODE_12335_length_893_cov_5.397436	KEEP	PASS_CORE	KEEP	0	0				0	
ERR2040585_clean_NODE_12394_length_890_cov_5.540351	REVIEW	REVIEW	no_viral_domain_but_blast	2	0	1.88e-03	17.5	0.383	111	FAM019582
ERR2040585_clean_NODE_127_length_4344_cov_25.549315	KEEP	PASS_VIRAL	KEEP	6	3	5.52e-89	298.1	0.950	1168	FAM011052
ERR2040585_clean_NODE_1447_length_2438_cov_9.785685	DROP	REVIEW	DROP	0	0				0	
ERR2040585_clean_NODE_14639_length_777_cov_3.832884	KEEP	PASS_CORE_FAM	KEEP	0	0				0	
ERR2040585_clean_NODE_15840_length_729_cov_3.318444	KEEP	PASS_CORE	KEEP	0	0				0	
ERR2040585_clean_NODE_1684_length_2311_cov_32.790422	DROP	AMBIGUOUS	DROP	0	0				0	
ERR2040585_clean_NODE_18078_length_651_cov_8.795455	KEEP	PASS_CORE	KEEP	0	0				0	
ERR2040585_clean_NODE_18474_length_639_cov_4.417219	REVIEW	REVIEW	short_fragment	0	0				0	
ERR2040585_clean_NODE_18543_length_637_cov_3.876488	REVIEW	REVIEW	no_viral_domain_but_blast	0	0				0	
ERR2040585_clean_NODE_1960_length_2208_cov_9.466636	DROP	AMBIGUOUS	DROP	10	0	8.48e-23	80.6	0.178	653	FAM007630
ERR2040585_clean_NODE_20637_length_578_cov_8.296501	REVIEW	REVIEW	short_fragment	0	0				0	
ERR2040585_clean_NODE_2088_length_2166_cov_15.589395	KEEP	PASS_VIRAL	KEEP	9	0	2.78e-16	56.3	0.028	615	FAM001712
ERR2040585_clean_NODE_21527_length_556_cov_4.948177	KEEP	PASS_CORE	KEEP	0	0				0	
ERR2040585_clean_NODE_21757_length_550_cov_4.681553	KEEP	PASS_CORE	KEEP	0	0				0	
ERR2040585_clean_NODE_21821_length_549_cov_3.180934	REVIEW	REVIEW	short_fragment	0	0				0	
ERR2040585_clean_NODE_2318_length_2094_cov_12.579893	KEEP	PASS_VIRAL	KEEP	29	9	2.47e-28	98.0	0.167	600	FAM008177
ERR2040585_clean_NODE_264_length_3769_cov_123.167113	DROP	AMBIGUOUS	DROP	1	0	1.38e-08	33.6	0.373	449	FAM010929
ERR2040585_clean_NODE_2922_length_1935_cov_9.346842	REVIEW	AMBIGUOUS	short_fragment	3	0	1.10e-12	46.8	0.071	533	FAM013464
ERR2040585_clean_NODE_2_length_13506_cov_117.480885	KEEP	PASS_CORE	KEEP	120	64	0.00e+00	2700.3	0.988	2016	FAM002238
ERR2040585_clean_NODE_3041_length_1907_cov_23.626068	REVIEW	REVIEW	no_viral_domain_but_blast	7	3	1.23e-24	86.8	0.864	303	FAM010181
ERR2040585_clean_NODE_4280_length_1665_cov_13.608589	REVIEW	REVIEW	no_viral_domain_but_blast	6	0	1.13e-16	60.4	0.186	99	FAM006294
ERR2040585_clean_NODE_4566_length_1613_cov_22.259189	KEEP	PASS_CORE	KEEP	3	3	2.33e-107	359.0	0.698	320	FAM002369
ERR2040585_clean_NODE_6411_length_1365_cov_5.898496	REVIEW	REVIEW	short_fragment	3	2	4.87e-104	347.8	0.804	328	FAM003324
ERR2040585_clean_NODE_7495_length_1253_cov_17.547619	REVIEW	REVIEW	short_fragment	3	1	1.04e-74	251.3	0.512	223	FAM003324
ERR2040585_clean_NODE_7768_length_1224_cov_6.435660	DROP	REVIEW	DROP	0	0				0	
ERR2040585_clean_NODE_8642_length_1146_cov_13.450045	KEEP	PASS_CORE	KEEP	0	0				0	
ERR2040586_clean_NODE_1111_length_2855_cov_15.572695	DROP	AMBIGUOUS	DROP	0	0				0	
ERR2040586_clean_NODE_1639_length_2564_cov_8.092527	REVIEW	AMBIGUOUS	no_viral_domain_but_blast	0	0				0	
ERR2040586_clean_NODE_187_length_4400_cov_26.726460	KEEP	PASS_VIRAL	KEEP	17	0	7.46e-51	173.2	0.405	1176	FAM004890
ERR2040586_clean_NODE_1917_length_2441_cov_10.612635	REVIEW	REVIEW	short_fragment	0	0				0	
ERR2040586_clean_NODE_1968_length_2418_cov_39.182123	REVIEW	AMBIGUOUS	no_viral_domain_but_blast	0	0				0	
ERR2040586_clean_NODE_225_length_4250_cov_10.461447	DROP	AMBIGUOUS	DROP	0	0				0	
ERR2040586_clean_NODE_2844_length_2119_cov_39.408349	DROP	AMBIGUOUS	DROP	0	0				0	
ERR2040586_clean_NODE_289_length_4007_cov_80.472558	KEEP	PASS_VIRAL	KEEP	17	0	2.61e-51	174.7	0.405	849	FAM004890
ERR2040586_clean_NODE_34_length_6284_cov_37.030725	DROP	AMBIGUOUS	DROP	4	2	7.31e-54	182.5	0.838	497	FAM020762
ERR2040586_clean_NODE_385_length_3723_cov_44.851410	DROP	REVIEW	DROP	0	0				0	
ERR2040586_clean_NODE_64_length_5683_cov_112.130489	KEEP	PASS_VIRAL	KEEP	21	0	8.18e-55	186.2	0.403	779	FAM004890
ERR2040586_clean_NODE_671_length_3260_cov_13.966512	DROP	AMBIGUOUS	DROP	0	0				0	
ERR2040586_clean_NODE_91_length_5340_cov_55.518379	DROP	REVIEW	DROP	0	0				0	
ERR2040586_clean_NODE_980_length_2946_cov_25.275850	REVIEW	AMBIGUOUS	short_fragment	22	2	5.77e-12	45.5	0.594	782	FAM017219
ERR2040587_clean_NODE_125_length_4061_cov_26.135867	KEEP	PASS_VIRAL	KEEP	15	0	4.58e-51	173.9	0.405	1161	FAM004890
ERR2040587_clean_NODE_14389_length_713_cov_28.336283	DROP	REVIEW	DROP	0	0				0	
ERR2040587_clean_NODE_1_length_13919_cov_48.106670	KEEP	PASS_CORE	KEEP	26	9	0.00e+00	5194.0	0.402	4570	FAM007526
ERR2040587_clean_NODE_3599_length_1712_cov_28.416219	DROP	AMBIGUOUS	DROP	3	2	2.61e-109	365.4	0.772	344	FAM021437
ERR2040587_clean_NODE_7340_length_1208_cov_19.693947	KEEP	PASS_CORE	KEEP	0	0				0	
ERR2040587_clean_NODE_88_length_4324_cov_104.869200	KEEP	PASS_VIRAL	KEEP	6	5	1.21e-288	959.2	0.712	587	FAM004987
ERR2040588_clean_NODE_100_length_4614_cov_32.221009	REVIEW	REVIEW	no_viral_domain_but_blast	30	5	0.00e+00	1387.7	0.948	1188	FAM001040
ERR2040588_clean_NODE_10165_length_1017_cov_35.539715	REVIEW	REVIEW	no_viral_domain_but_blast	7	0	4.89e-84	282.7	0.419	208	FAM001737
ERR2040588_clean_NODE_14766_length_773_cov_1.569106	KEEP	PASS_CORE	KEEP	0	0				0	
ERR2040588_clean_NODE_16443_length_712_cov_1.449040	KEEP	PASS_CORE	KEEP	0	0				0	
ERR2040588_clean_NODE_180_length_4102_cov_28.017458	KEEP	PASS_VIRAL	KEEP	4	2	2.96e-30	105.2	0.486	442	FAM019186
ERR2040588_clean_NODE_20_length_6568_cov_21.853666	KEEP	PASS_CORE	KEEP	0	0				0	
ERR2040588_clean_NODE_23397_length_528_cov_4.425963	KEEP	PASS_CORE	KEEP	0	0				0	
ERR2040588_clean_NODE_2472_length_1997_cov_28.410296	REVIEW	REVIEW	no_viral_domain_but_blast	27	9	3.78e-205	682.5	0.902	556	FAM001725
ERR2040588_clean_NODE_2968_length_1869_cov_53.979280	REVIEW	REVIEW	no_viral_domain_but_blast	35	14	4.66e-210	698.8	0.880	525	FAM001725
ERR2040588_clean_NODE_636_length_2981_cov_17.193822	KEEP	PASS_VIRAL	KEEP	21	1	1.04e-52	179.3	0.417	763	FAM004890
ERR2040588_clean_NODE_64_length_5228_cov_6.832852	KEEP	PASS_VIRAL	KEEP	25	4	4.30e-179	597.5	0.400	837	FAM003304
ERR2040588_clean_NODE_655_length_2962_cov_5.361804	DROP	AMBIGUOUS	DROP	23	1	1.29e-68	231.4	0.117	197	FAM023340
ERR2040588_clean_NODE_6903_length_1288_cov_2.715882	KEEP	PASS_CORE	KEEP	31	1	6.28e-60	202.6	0.073	117	FAM023340
ERR2040588_clean_NODE_928_length_2704_cov_33.641439	DROP	REVIEW	DROP	2	0	1.34e-05	22.9	0.138	467	FAM003304
ERR2040589_clean_NODE_1042_length_2663_cov_38.825342	KEEP	PASS_VIRAL	KEEP	34	3	3.45e-23	80.9	0.086	728	FAM008177
ERR2040589_clean_NODE_11540_length_972_cov_9.895411	REVIEW	REVIEW	no_viral_domain_but_blast	11	0	5.36e-64	216.6	0.272	200	FAM001737
ERR2040589_clean_NODE_1210_length_2559_cov_5.493661	KEEP	PASS_CORE_FAM	KEEP	1	0	1.61e-10	38.8	0.161	345	FAM023340
ERR2040589_clean_NODE_1246_length_2542_cov_3.131631	KEEP	PASS_VIRAL	KEEP	22	2	6.41e-116	388.3	0.303	537	FAM003304
ERR2040589_clean_NODE_1356_length_2467_cov_18.596628	REVIEW	PASS_VIRAL	short_fragment	9	0	6.45e-17	58.4	0.028	618	FAM001712
ERR2040589_clean_NODE_17181_length_718_cov_2.650073	REVIEW	REVIEW	short_fragment	10	0	4.22e-16	57.7	0.072	82	FAM003304
ERR2040589_clean_NODE_1779_length_2271_cov_18.057245	REVIEW	AMBIGUOUS	short_fragment	7	0	4.18e-13	45.7	0.071	567	FAM001712
ERR2040589_clean_NODE_1_length_10908_cov_17.440173	DROP	AMBIGUOUS	DROP	0	0				0	
ERR2040589_clean_NODE_2355_length_2071_cov_10.569745	DROP	AMBIGUOUS	DROP	2	1	4.22e-21	74.8	0.524	543	FAM019831
ERR2040589_clean_NODE_31_length_5814_cov_39.661706	DROP	AMBIGUOUS	DROP	0	0				0	
ERR2040589_clean_NODE_363_length_3453_cov_19.761264	KEEP	PASS_VIRAL	KEEP	7	1	1.26e-163	545.9	0.649	934	FAM013464
ERR2040589_clean_NODE_3824_length_1749_cov_78.473162	REVIEW	REVIEW	no_viral_domain_but_blast	12	5	8.45e-227	753.3	0.873	430	FAM003548
ERR2040589_clean_NODE_402_length_3377_cov_60.628965	REVIEW	AMBIGUOUS	no_viral_domain_but_blast	0	0				0	
ERR2040589_clean_NODE_528_length_3160_cov_44.243200	KEEP	PASS_VIRAL	KEEP	19	1	1.35e-55	188.8	0.405	770	FAM004890
ERR2040589_clean_NODE_726_length_2914_cov_55.313651	DROP	AMBIGUOUS	DROP	0	0				0	
ERR2040589_clean_NODE_7408_length_1286_cov_30.789768	REVIEW	REVIEW	short_fragment	0	0				0	
ERR2040590_clean_NODE_347_length_2049_cov_9.938684	KEEP	PASS_VIRAL	KEEP	13	4	1.29e-17	62.4	0.132	472	FAM008177
ERR2040591_clean_NODE_10686_length_805_cov_11.363517	KEEP	PASS_CORE	KEEP	0	0				0	
ERR2040591_clean_NODE_1122_length_2178_cov_18.158782	KEEP	PASS_VIRAL	KEEP	0	0				0	
ERR2040591_clean_NODE_11468_length_763_cov_7.834722	REVIEW	REVIEW	no_viral_domain_but_blast	0	0				0	
ERR2040591_clean_NODE_15504_length_594_cov_6.482759	DROP	REVIEW	DROP	0	0				0	
ERR2040591_clean_NODE_1598_length_1976_cov_29.083808	REVIEW	AMBIGUOUS	no_viral_domain_but_blast	1	1	3.71e-146	487.5	0.786	490	FAM021041
ERR2040591_clean_NODE_1945_length_1864_cov_21.813289	KEEP	PASS_VIRAL	KEEP	0	0				0	
ERR2040591_clean_NODE_2740_length_1661_cov_15.188504	REVIEW	REVIEW	no_viral_domain_but_blast	6	0	6.83e-70	236.0	0.355	212	FAM001737
ERR2040591_clean_NODE_3339_length_1533_cov_6.494631	REVIEW	REVIEW	no_viral_domain_but_blast	6	0	2.56e-28	98.8	0.315	163	FAM006294
ERR2040591_clean_NODE_6982_length_1066_cov_6.869990	REVIEW	REVIEW	no_viral_domain_but_blast	0	0				0	
ERR2040591_clean_NODE_7463_length_1024_cov_3.601427	REVIEW	REVIEW	no_viral_domain_but_blast	0	0				0	
ERR2040591_clean_NODE_938_length_2283_cov_30.576786	DROP	AMBIGUOUS	DROP	0	0				0	
ERR2040592_clean_NODE_1041_length_2450_cov_7.125467	REVIEW	AMBIGUOUS	no_viral_domain_but_blast	0	0				0	
ERR2040592_clean_NODE_1275_length_2329_cov_22.457568	DROP	AMBIGUOUS	DROP	0	0				0	
ERR2040592_clean_NODE_1656_length_2169_cov_10.850423	KEEP	PASS_VIRAL	KEEP	42	17	1.05e-50	172.1	0.151	399	FAM008177
ERR2040592_clean_NODE_26_length_4765_cov_7.569250	DROP	AMBIGUOUS	DROP	0	0				0	
ERR2040592_clean_NODE_3091_length_1800_cov_48.932271	REVIEW	AMBIGUOUS	no_viral_domain_but_blast	0	0				0	
ERR2040592_clean_NODE_501_length_2912_cov_10.035204	DROP	AMBIGUOUS	DROP	0	0				0	
ERR2040592_clean_NODE_760_length_2644_cov_9.164168	DROP	AMBIGUOUS	DROP	1	0	8.47e-09	33.6	0.066	369	FAM012805
ERR2040592_clean_NODE_9_length_5589_cov_6.367292	KEEP	PASS_CORE	KEEP	285	46	2.73e-240	800.6	0.792	1727	FAM000437
ERR2040593_clean_NODE_145_length_2663_cov_35.035115	KEEP	PASS_VIRAL	KEEP	5	5	2.12e-99	333.4	0.577	513	FAM004987
ERR2040593_clean_NODE_278_length_2392_cov_38.600681	DROP	AMBIGUOUS	DROP	7	1	1.30e-09	36.8	0.111	520	FAM022056
ERR2040593_clean_NODE_358_length_2274_cov_12.647692	REVIEW	AMBIGUOUS	no_viral_domain_but_blast	0	0				0	
ERR2040594_clean_NODE_10488_length_862_cov_7.788767	DROP	REVIEW	DROP	0	0				0	
ERR2040594_clean_NODE_1073_length_2206_cov_65.049931	KEEP	PASS_CORE	KEEP	6	6	2.71e-125	417.1	0.823	233	FAM001292
ERR2040594_clean_NODE_108_length_3575_cov_2422.818516	KEEP	PASS_CORE	KEEP	11	8	0.00e+00	1940.5	0.977	1004	FAM002051
ERR2040594_clean_NODE_1252_length_2120_cov_19.237843	DROP	AMBIGUOUS	DROP	0	0				0	
ERR2040594_clean_NODE_1651_length_1961_cov_18.002086	KEEP	PASS_CORE	KEEP	0	0				0	
ERR2040594_clean_NODE_1895_length_1883_cov_25.835326	DROP	AMBIGUOUS	DROP	3	2	1.15e-136	455.5	0.949	436	FAM021437
ERR2040594_clean_NODE_199_length_3201_cov_17.216909	REVIEW	AMBIGUOUS	no_viral_domain_but_blast	0	0				0	
ERR2040594_clean_NODE_28_length_4717_cov_17.143988	KEEP	PASS_VIRAL	KEEP	6	1	1.80e-27	96.1	0.344	1334	FAM012657
ERR2040594_clean_NODE_297_length_2931_cov_14.395429	DROP	REVIEW	DROP	0	0				0	
ERR2040594_clean_NODE_357_length_2821_cov_16.464003	KEEP	PASS_CORE	KEEP	65	13	4.78e-219	729.1	0.921	796	FAM000071
ERR2040594_clean_NODE_533_length_2602_cov_14.054709	DROP	AMBIGUOUS	DROP	1	0	9.68e-03	12.5	0.030	75	FAM024780
ERR2040594_clean_NODE_595_length_2547_cov_13.090256	DROP	AMBIGUOUS	DROP	0	0				0	
ERR2040594_clean_NODE_6_length_5989_cov_1351.042718	KEEP	PASS_CORE	KEEP	296	41	0.00e+00	3112.9	0.965	1805	FAM002301
ERR2040594_clean_NODE_756_length_2404_cov_25.004659	REVIEW	AMBIGUOUS	no_viral_domain_but_blast	1	1	1.46e-172	574.6	0.859	529	FAM021041
ERR2040594_clean_NODE_775_length_2392_cov_35.931034	DROP	AMBIGUOUS	DROP	6	1	1.44e-09	36.6	0.107	527	FAM022056
ERR2040594_clean_NODE_8381_length_1005_cov_13.988565	KEEP	PASS_CORE	KEEP	0	0				0	
ERR2040594_clean_NODE_908_length_2307_cov_11.708922	DROP	AMBIGUOUS	DROP	5	1	5.21e-38	130.7	0.337	466	FAM031725
ERR2040594_clean_NODE_972_length_2260_cov_23.084799	REVIEW	AMBIGUOUS	no_viral_domain_but_blast	0	0				0	
ERR2040595_clean_NODE_11_length_7031_cov_12.748283	DROP	REVIEW	DROP	0	0				0	
ERR2040595_clean_NODE_1243_length_2378_cov_10.886938	KEEP	PASS_VIRAL	KEEP	0	0				0	
ERR2040595_clean_NODE_1686_length_2169_cov_4.535748	REVIEW	PASS_VIRAL	short_fragment	4	0	1.47e-12	46.3	0.066	505	FAM013464
ERR2040595_clean_NODE_1746_length_2149_cov_13.717949	REVIEW	AMBIGUOUS	short_fragment	7	0	2.08e-13	46.7	0.072	586	FAM001712
ERR2040595_clean_NODE_18_length_6358_cov_40.186223	KEEP	PASS_VIRAL	KEEP	0	0				0	
ERR2040595_clean_NODE_449_length_3067_cov_47.459325	REVIEW	AMBIGUOUS	no_viral_domain_but_blast	0	0				0	
ERR2040595_clean_NODE_486_length_3029_cov_8.733423	REVIEW	AMBIGUOUS	no_viral_domain_but_blast	0	0				0	
ERR2040595_clean_NODE_51_length_5000_cov_12.962881	KEEP	PASS_CORE_FAM	KEEP	23	2	3.42e-119	399.1	0.196	240	FAM003304
ERR2040595_clean_NODE_6658_length_1349_cov_12.359877	DROP	REVIEW	DROP	0	0				0	
ERR2040596_clean_NODE_107_length_5024_cov_301.194941	DROP	REVIEW	DROP	0	0				0	
ERR2040596_clean_NODE_10_length_9660_cov_163.494229	DROP	REVIEW	DROP	0	0				0	
ERR2040596_clean_NODE_23_length_7761_cov_211.065691	DROP	REVIEW	DROP	0	0				0	
ERR2040596_clean_NODE_273_length_3507_cov_154.971132	REVIEW	REVIEW	short_fragment	0	0				0	
ERR2040596_clean_NODE_338_length_3142_cov_245.561794	DROP	REVIEW	DROP	0	0				0	
ERR2040596_clean_NODE_339_length_3128_cov_116.621070	REVIEW	REVIEW	short_fragment	0	0				0	
ERR2040596_clean_NODE_402_length_2834_cov_342.289144	DROP	REVIEW	DROP	0	0				0	
ERR2040596_clean_NODE_409_length_2795_cov_125.066134	REVIEW	REVIEW	short_fragment	0	0				0	
ERR2040596_clean_NODE_447_length_2655_cov_249.863323	DROP	REVIEW	DROP	0	0				0	
ERR2040596_clean_NODE_50_length_6563_cov_204.787117	DROP	REVIEW	DROP	0	0				0	
ERR2040596_clean_NODE_549_length_2358_cov_38.584881	DROP	REVIEW	DROP	0	0				0	
ERR2040596_clean_NODE_574_length_2271_cov_117.364901	DROP	REVIEW	DROP	0	0				0	
ERR2040596_clean_NODE_57_length_6354_cov_237.212328	DROP	REVIEW	DROP	0	0				0	
ERR2040597_clean_NODE_1039_length_2474_cov_9.942822	REVIEW	PASS_VIRAL	short_fragment	9	0	4.21e-17	59.0	0.028	628	FAM001712
ERR2040597_clean_NODE_1242_length_2356_cov_37.236057	DROP	AMBIGUOUS	DROP	5	1	1.64e-09	36.5	0.139	517	FAM022056
ERR2040597_clean_NODE_1243_length_2356_cov_17.840467	REVIEW	AMBIGUOUS	short_fragment	6	0	2.41e-15	53.1	0.071	596	FAM001712
ERR2040597_clean_NODE_1319_length_2319_cov_5.514938	DROP	REVIEW	DROP	0	0				0	
ERR2040597_clean_NODE_1394_length_2284_cov_7.522535	KEEP	PASS_VIRAL	KEEP	7	0	1.20e-22	80.1	0.382	634	FAM012657
ERR2040597_clean_NODE_1428_length_2263_cov_89.909459	KEEP	PASS_VIRAL	KEEP	0	0				0	
ERR2040597_clean_NODE_222_length_3473_cov_5.906414	KEEP	PASS_VIRAL	KEEP	6	1	7.53e-40	136.6	0.250	1030	FAM013464
ERR2040597_clean_NODE_22_length_5479_cov_120.624540	DROP	AMBIGUOUS	DROP	0	0				0	
ERR2040597_clean_NODE_250_length_3382_cov_7.320755	REVIEW	AMBIGUOUS	no_viral_domain_but_blast	0	0				0	
ERR2040597_clean_NODE_261_length_3352_cov_17.519190	DROP	AMBIGUOUS	DROP	6	1	2.18e-128	429.3	0.728	1009	FAM007805
ERR2040597_clean_NODE_378_length_3128_cov_100.828849	REVIEW	AMBIGUOUS	no_viral_domain_but_blast	0	0				0	
ERR2040597_clean_NODE_662_length_2776_cov_3.512623	KEEP	PASS_VIRAL	KEEP	0	0				0	
ERR2040597_clean_NODE_737_length_2697_cov_7.250188	DROP	AMBIGUOUS	DROP	0	0				0	
ERR2040598_clean_NODE_1616_length_2375_cov_247.938250	KEEP	PASS_VIRAL	KEEP	0	0				0	
ERR2040598_clean_NODE_1748_length_2316_cov_73.907171	DROP	AMBIGUOUS	DROP	4	1	1.12e-09	37.0	0.129	521	FAM022056
ERR2040598_clean_NODE_1771_length_2310_cov_72.183944	REVIEW	PASS_VIRAL	short_fragment	0	0				0	
ERR2040598_clean_NODE_1919_length_2252_cov_14.305568	REVIEW	AMBIGUOUS	short_fragment	9	0	3.99e-17	59.1	0.028	491	FAM001712
ERR2040598_clean_NODE_307_length_3695_cov_179.053122	DROP	AMBIGUOUS	DROP	5	1	4.73e-09	34.9	0.149	938	FAM012595
ERR2040598_clean_NODE_362_length_3555_cov_554.377847	REVIEW	AMBIGUOUS	no_viral_domain_but_blast	0	0				0	
ERR2040598_clean_NODE_624_length_3132_cov_58.274846	KEEP	PASS_VIRAL	KEEP	18	0	5.94e-52	176.8	0.468	853	FAM004890
ERR2040598_clean_NODE_920_length_2816_cov_122.784349	REVIEW	AMBIGUOUS	no_viral_domain_but_blast	0	0				0	
ERR2040598_clean_NODE_943_length_2792_cov_15.809385	REVIEW	AMBIGUOUS	short_fragment	0	0				0	
ERR2040600_clean_NODE_153_length_2217_cov_54.328887	KEEP	PASS_VIRAL	KEEP	0	0				0	
ERR2040600_clean_NODE_40_length_2867_cov_66.198300	REVIEW	AMBIGUOUS	no_viral_domain_but_blast	0	0				0	
ERR2040600_clean_NODE_4226_length_1001_cov_3.917537	REVIEW	REVIEW	short_fragment	0	0				0	
ERR2040600_clean_NODE_74_length_2568_cov_22.635248	KEEP	PASS_CORE	KEEP	10	5	1.10e-40	139.0	0.347	560	FAM007413
ERR2040601_clean_NODE_1042_length_3128_cov_67.207455	KEEP	PASS_VIRAL	KEEP	20	0	2.44e-53	181.4	0.403	776	FAM004890
ERR2040601_clean_NODE_11229_length_1139_cov_17.394161	REVIEW	AMBIGUOUS	short_fragment	3	1	4.25e-15	55.3	0.405	152	FAM022574
ERR2040601_clean_NODE_1159_length_3029_cov_91.840255	REVIEW	AMBIGUOUS	no_viral_domain_but_blast	0	0				0	
ERR2040601_clean_NODE_11803_length_1093_cov_3.810476	REVIEW	REVIEW	no_viral_domain_but_blast	4	4	3.76e-87	292.2	0.739	262	FAM014886
ERR2040601_clean_NODE_1233_length_2973_cov_11.163140	DROP	AMBIGUOUS	DROP	3	0	2.23e-12	45.8	0.065	706	FAM013464
ERR2040601_clean_NODE_1245_length_2964_cov_52.489216	DROP	AMBIGUOUS	DROP	1	0	6.42e-14	51.0	0.361	667	FAM007966
ERR2040601_clean_NODE_1431_length_2835_cov_90.426934	KEEP	PASS_VIRAL	KEEP	14	0	1.83e-09	36.5	0.320	763	FAM012165
ERR2040601_clean_NODE_1453_length_2826_cov_12.396694	DROP	AMBIGUOUS	DROP	1	0	5.65e-10	39.0	0.452	614	FAM012824
ERR2040601_clean_NODE_2004_length_2541_cov_29.132106	DROP	AMBIGUOUS	DROP	0	0				0	
ERR2040601_clean_NODE_20_length_7370_cov_23.266685	REVIEW	AMBIGUOUS	no_viral_domain_but_blast	3	0	2.59e-06	26.0	0.311	2143	FAM012636
ERR2040601_clean_NODE_2421_length_2396_cov_39.048874	DROP	REVIEW	DROP	0	0				0	
ERR2040601_clean_NODE_2479_length_2377_cov_74.913882	DROP	AMBIGUOUS	DROP	0	0				0	
ERR2040601_clean_NODE_2594_length_2339_cov_6.824477	REVIEW	REVIEW	short_fragment	0	0				0	
ERR2040601_clean_NODE_2850_length_2263_cov_31.612613	REVIEW	AMBIGUOUS	short_fragment	6	0	8.07e-14	48.1	0.071	590	FAM001712
ERR2040601_clean_NODE_296_length_4255_cov_30.451567	DROP	AMBIGUOUS	DROP	0	0				0	
ERR2040601_clean_NODE_2996_length_2226_cov_49.586807	DROP	AMBIGUOUS	DROP	4	1	2.67e-08	32.5	0.115	520	FAM022056
ERR2040601_clean_NODE_299_length_4238_cov_26.213349	KEEP	PASS_VIRAL	KEEP	13	0	3.39e-30	104.2	0.291	1238	FAM004770
ERR2040601_clean_NODE_3325_length_2150_cov_8.283341	DROP	AMBIGUOUS	DROP	3	0	5.94e-05	22.0	0.184	619	FAM018129
ERR2040601_clean_NODE_3648_length_2082_cov_25.983816	DROP	AMBIGUOUS	DROP	2	0	1.73e-14	53.3	0.448	420	FAM022742
ERR2040601_clean_NODE_401_length_3941_cov_25.162648	KEEP	PASS_VIRAL	KEEP	17	0	8.13e-52	176.3	0.405	1143	FAM004890
ERR2040601_clean_NODE_4524_length_1921_cov_15.752396	REVIEW	AMBIGUOUS	short_fragment	3	0	1.77e-14	53.6	0.338	483	FAM007733
ERR2040601_clean_NODE_642_length_3550_cov_59.420017	REVIEW	AMBIGUOUS	no_viral_domain_but_blast	0	0				0	
ERR2040602_clean_NODE_11042_length_842_cov_2.708385	REVIEW	AMBIGUOUS	short_fragment	5	1	4.01e-11	42.1	0.188	111	FAM006294
ERR2040602_clean_NODE_12499_length_792_cov_5.328438	REVIEW	REVIEW	short_fragment	0	0				0	
ERR2040602_clean_NODE_14773_length_727_cov_15.561404	REVIEW	REVIEW	short_fragment	16	0	1.64e-65	221.3	0.231	149	FAM000134
ERR2040602_clean_NODE_149_length_2967_cov_185.600547	DROP	REVIEW	DROP	0	0				0	
ERR2040602_clean_NODE_335_length_2489_cov_5.622649	REVIEW	PASS_VIRAL	short_fragment	25	1	1.63e-89	300.6	0.303	196	FAM000134
ERR2040602_clean_NODE_467_length_2317_cov_35.161829	DROP	AMBIGUOUS	DROP	0	0				0	
ERR2040602_clean_NODE_5052_length_1190_cov_5.700087	KEEP	PASS_CORE	KEEP	0	0				0	
ERR2040602_clean_NODE_7386_length_1017_cov_1.741273	REVIEW	REVIEW	short_fragment	0	0				0	
ERR2040603_clean_NODE_1047_length_2686_cov_23.021566	DROP	REVIEW	DROP	0	0				0	
ERR2040603_clean_NODE_1115_length_2649_cov_3.694167	DROP	AMBIGUOUS	DROP	38	5	2.10e-103	346.8	0.187	228	FAM003304
ERR2040603_clean_NODE_1240_length_2567_cov_12.967512	DROP	REVIEW	DROP	0	0				0	
ERR2040603_clean_NODE_1495_length_2421_cov_22.943230	REVIEW	AMBIGUOUS	no_viral_domain_but_blast	0	0				0	
ERR2040603_clean_NODE_2284_length_2134_cov_23.474414	DROP	AMBIGUOUS	DROP	0	0				0	
ERR2040603_clean_NODE_26893_length_500_cov_3.301969	REVIEW	REVIEW	short_fragment	7	1	3.08e-09	35.0	0.028	33	FAM003304
ERR2040603_clean_NODE_308_length_3535_cov_11.077033	DROP	AMBIGUOUS	DROP	0	0				0	
ERR2040603_clean_NODE_3783_length_1814_cov_5.268210	KEEP	PASS_CORE	KEEP	4	0	9.97e-13	46.5	0.041	54	FAM003304
ERR2040603_clean_NODE_408_length_3356_cov_38.646846	DROP	AMBIGUOUS	DROP	2	0	5.40e-22	77.2	0.108	754	FAM010955
ERR2040603_clean_NODE_5694_length_1553_cov_11.838411	REVIEW	REVIEW	no_viral_domain_but_blast	11	5	4.41e-191	635.7	0.876	430	FAM001737
ERR2040603_clean_NODE_6710_length_1440_cov_2.965641	REVIEW	REVIEW	no_viral_domain_but_blast	0	0				0	
ERR2040603_clean_NODE_819_length_2858_cov_18.819538	DROP	AMBIGUOUS	DROP	18	0	1.73e-07	30.0	0.165	426	FAM019150
ERR2040604_clean_NODE_12291_length_1026_cov_7.723296	REVIEW	PASS_VIRAL	short_fragment	0	0				0	
ERR2040604_clean_NODE_1536_length_2453_cov_32.794191	DROP	AMBIGUOUS	DROP	0	0				0	
ERR2040604_clean_NODE_15689_length_853_cov_3.933333	DROP	REVIEW	DROP	0	0				0	
ERR2040604_clean_NODE_2147_length_2224_cov_10.485557	KEEP	PASS_VIRAL	KEEP	11	4	6.39e-17	60.1	0.133	485	FAM008177
ERR2040604_clean_NODE_2291_length_2179_cov_8.220974	REVIEW	AMBIGUOUS	short_fragment	0	0				0	
ERR2040604_clean_NODE_2838_length_2039_cov_33.912325	DROP	AMBIGUOUS	DROP	1	1	2.09e-13	49.3	0.595	349	FAM012636
ERR2040604_clean_NODE_384_length_3387_cov_17.089115	REVIEW	AMBIGUOUS	no_viral_domain_but_blast	0	0				0	
ERR2040604_clean_NODE_61_length_4737_cov_29.146570	KEEP	PASS_VIRAL	KEEP	9	0	1.19e-29	103.2	0.363	1453	FAM012657
ERR2040604_clean_NODE_645_length_3043_cov_17.808000	REVIEW	AMBIGUOUS	short_fragment	0	0				0	
ERR2040605_clean_NODE_1467_length_2115_cov_6.237934	KEEP	PASS_VIRAL	KEEP	0	0				0	
ERR2040605_clean_NODE_1650_length_2072_cov_3.781666	KEEP	PASS_CORE	KEEP	15	4	2.34e-82	276.9	0.515	231	FAM014960
ERR2040605_clean_NODE_1803_length_2035_cov_4.337349	KEEP	PASS_VIRAL	KEEP	11	4	2.12e-16	58.4	0.131	485	FAM008177
ERR2040605_clean_NODE_217_length_2819_cov_7.619236	REVIEW	AMBIGUOUS	short_fragment	11	1	2.99e-83	279.9	0.142	216	FAM003310
ERR2040605_clean_NODE_685_length_2412_cov_8.593921	DROP	AMBIGUOUS	DROP	6	1	4.71e-06	25.4	0.535	612	FAM032326
ERR2040606_clean_NODE_1053_length_2733_cov_27.086617	DROP	REVIEW	DROP	0	0				0	
ERR2040606_clean_NODE_17382_length_696_cov_2.208270	KEEP	PASS_CORE_FAM	KEEP	0	0				0	
ERR2040606_clean_NODE_1872_length_2313_cov_9.522907	REVIEW	PASS_VIRAL	short_fragment	0	0				0	
ERR2040606_clean_NODE_199_length_4074_cov_149.548747	KEEP	PASS_VIRAL	KEEP	0	0				0	
ERR2040606_clean_NODE_2393_length_2142_cov_3.330157	DROP	REVIEW	DROP	0	0				0	
ERR2040606_clean_NODE_499_length_3307_cov_9.376532	REVIEW	AMBIGUOUS	no_viral_domain_but_blast	0	0				0	
ERR2040606_clean_NODE_827_length_2936_cov_4.794331	REVIEW	AMBIGUOUS	short_fragment	4	0	9.11e-09	33.0	0.024	54	FAM003310
ERR2040607_clean_NODE_14307_length_650_cov_13.133005	REVIEW	REVIEW	short_fragment	9	0	1.24e-15	56.1	0.042	49	FAM003304
ERR2040607_clean_NODE_154_length_4159_cov_119.647644	DROP	AMBIGUOUS	DROP	2	1	6.81e-05	21.9	0.630	284	FAM007945
ERR2040607_clean_NODE_219_length_3848_cov_108.265563	DROP	REVIEW	DROP	1	0	1.54e-03	17.4	0.308	926	FAM001818
ERR2040607_clean_NODE_2201_length_2105_cov_92.383721	DROP	AMBIGUOUS	DROP	0	0				0	
ERR2040607_clean_NODE_2474_length_2026_cov_5.336524	DROP	AMBIGUOUS	DROP	0	0				0	
ERR2040607_clean_NODE_2701_length_1966_cov_6.295065	DROP	AMBIGUOUS	DROP	3	1	7.40e-38	129.9	0.639	431	FAM020762
ERR2040607_clean_NODE_371_length_3422_cov_74.131026	REVIEW	AMBIGUOUS	no_viral_domain_but_blast	0	0				0	
ERR2040607_clean_NODE_418_length_3318_cov_7.314617	DROP	AMBIGUOUS	DROP	0	0				0	
ERR2040607_clean_NODE_526_length_3152_cov_64.676310	REVIEW	AMBIGUOUS	no_viral_domain_but_blast	0	0				0	
ERR2040607_clean_NODE_5582_length_1429_cov_5.777378	DROP	AMBIGUOUS	DROP	0	0				0	
ERR2040608_clean_NODE_106_length_4104_cov_12.732824	KEEP	PASS_VIRAL	KEEP	13	0	5.63e-25	87.0	0.289	547	FAM004770
ERR2040608_clean_NODE_1223_length_2382_cov_6.886276	DROP	REVIEW	DROP	0	0				0	
ERR2040608_clean_NODE_1539_length_2235_cov_18.970347	REVIEW	REVIEW	short_fragment	0	0				0	
ERR2040608_clean_NODE_15_length_5746_cov_78.817815	DROP	AMBIGUOUS	DROP	3	1	6.08e-12	45.3	0.615	871	FAM030923
ERR2040608_clean_NODE_210_length_3585_cov_124.395822	DROP	REVIEW	DROP	1	0	1.60e-03	16.8	0.112	943	FAM003581
ERR2040609_clean_NODE_14116_length_772_cov_87.555556	KEEP	PASS_CORE	KEEP	0	0				0	
ERR2040609_clean_NODE_1538_length_2350_cov_34.294755	REVIEW	AMBIGUOUS	no_viral_domain_but_blast	0	0				0	
ERR2040609_clean_NODE_1760_length_2249_cov_5.326383	KEEP	PASS_VIRAL	KEEP	0	0				0	
ERR2040609_clean_NODE_2105_length_2123_cov_7.094231	KEEP	PASS_CORE	KEEP	0	0				0	
ERR2040609_clean_NODE_2508_length_2003_cov_50.365816	DROP	AMBIGUOUS	DROP	1	0	9.47e-11	40.6	0.222	316	FAM007789
ERR2040609_clean_NODE_259_length_3616_cov_8.001959	DROP	AMBIGUOUS	DROP	0	0				0	
ERR2040609_clean_NODE_2_length_8178_cov_21.390904	DROP	AMBIGUOUS	DROP	11	0	7.14e-08	32.6	0.244	2474	FAM017471
ERR2040609_clean_NODE_397_length_3293_cov_18.164923	REVIEW	AMBIGUOUS	no_viral_domain_but_blast	0	0				0	
ERR2040609_clean_NODE_6489_length_1347_cov_16.848926	DROP	REVIEW	DROP	2	2	2.10e-75	253.7	0.607	264	FAM004467
ERR2040609_clean_NODE_708_length_2908_cov_81.024084	REVIEW	AMBIGUOUS	no_viral_domain_but_blast	0	0				0	
ERR2040609_clean_NODE_775_length_2848_cov_8.528699	REVIEW	AMBIGUOUS	short_fragment	13	1	1.17e-37	128.8	0.083	137	FAM003310
ERR2040609_clean_NODE_8763_length_1122_cov_23.719184	KEEP	PASS_CORE	KEEP	0	0				0	
ERR2040610_clean_NODE_15419_length_602_cov_2.107335	REVIEW	REVIEW	short_fragment	0	0				0	
ERR2040610_clean_NODE_304_length_2253_cov_26.539819	DROP	AMBIGUOUS	DROP	5	0	1.04e-08	33.8	0.113	511	FAM022056
ERR2040611_clean_NODE_1430_length_2554_cov_7.415372	KEEP	PASS_VIRAL	KEEP	0	0				0	
ERR2040611_clean_NODE_14492_length_861_cov_2.794621	REVIEW	REVIEW	no_viral_domain_but_blast	2	0	1.19e-37	129.8	0.221	144	FAM002990
ERR2040611_clean_NODE_1659_length_2446_cov_10.505202	REVIEW	AMBIGUOUS	short_fragment	0	0				0	
ERR2040611_clean_NODE_1961_length_2332_cov_9.588030	REVIEW	AMBIGUOUS	short_fragment	8	0	1.47e-15	53.9	0.028	598	FAM001712
ERR2040611_clean_NODE_2034_length_2303_cov_26.280088	REVIEW	AMBIGUOUS	no_viral_domain_but_blast	0	0				0	
ERR2040611_clean_NODE_2246_length_2240_cov_26.067820	REVIEW	AMBIGUOUS	no_viral_domain_but_blast	0	0				0	
ERR2040611_clean_NODE_2332_length_2219_cov_20.449449	DROP	AMBIGUOUS	DROP	6	1	2.39e-08	32.6	0.113	498	FAM022056
ERR2040611_clean_NODE_309_length_3602_cov_28.837314	KEEP	PASS_VIRAL	KEEP	20	0	1.02e-54	185.9	0.405	591	FAM004890
ERR2040611_clean_NODE_334_length_3549_cov_53.444096	DROP	AMBIGUOUS	DROP	1	0	3.44e-03	17.0	0.293	931	FAM023860
ERR2040611_clean_NODE_406_length_3406_cov_47.959857	REVIEW	AMBIGUOUS	no_viral_domain_but_blast	0	0				0	
ERR2040611_clean_NODE_423_length_3376_cov_21.870087	DROP	AMBIGUOUS	DROP	0	0				0	
ERR2040611_clean_NODE_491_length_3283_cov_5.709568	REVIEW	AMBIGUOUS	no_viral_domain_but_blast	0	0				0	
ERR2040611_clean_NODE_538_length_3233_cov_26.872414	KEEP	PASS_VIRAL	KEEP	19	0	4.44e-53	180.5	0.405	776	FAM004890
ERR2040611_clean_NODE_585_length_3161_cov_22.917575	DROP	REVIEW	DROP	0	0				0	
ERR2040611_clean_NODE_61_length_4935_cov_7.787408	KEEP	PASS_VIRAL	KEEP	7	0	1.73e-18	66.4	0.414	989	FAM007630
ERR2040611_clean_NODE_7872_length_1372_cov_2.953348	REVIEW	REVIEW	short_fragment	7	0	8.32e-23	79.8	0.146	196	FAM007413
ERR2040611_clean_NODE_834_length_2924_cov_46.124610	DROP	REVIEW	DROP	0	0				0	
ERR2040612_clean_NODE_1056_length_3145_cov_79.156028	KEEP	PASS_VIRAL	KEEP	18	0	1.57e-53	182.0	0.429	772	FAM004890
ERR2040612_clean_NODE_120_length_5452_cov_28.154372	KEEP	PASS_VIRAL	KEEP	8	0	2.70e-29	102.1	0.374	1445	FAM012657
ERR2040612_clean_NODE_139_length_5255_cov_51.899463	DROP	AMBIGUOUS	DROP	4	0	1.29e-11	44.2	0.248	1579	FAM024055
ERR2040612_clean_NODE_2216_length_2535_cov_45.675361	DROP	AMBIGUOUS	DROP	6	0	1.15e-08	33.7	0.113	510	FAM022056
ERR2040612_clean_NODE_223_length_4580_cov_26.253692	DROP	AMBIGUOUS	DROP	0	0				0	
ERR2040612_clean_NODE_2340_length_2489_cov_17.756746	DROP	AMBIGUOUS	DROP	3	2	8.16e-49	165.9	0.791	486	FAM020762
ERR2040612_clean_NODE_2704_length_2364_cov_24.839293	REVIEW	AMBIGUOUS	short_fragment	7	0	7.81e-14	48.1	0.072	545	FAM001712
ERR2040612_clean_NODE_2985_length_2282_cov_11.874944	REVIEW	PASS_VIRAL	short_fragment	9	0	7.04e-14	48.3	0.028	599	FAM001712
ERR2040612_clean_NODE_3570_length_2131_cov_23.651341	DROP	AMBIGUOUS	DROP	0	0				0	
ERR2040612_clean_NODE_546_length_3755_cov_59.495959	DROP	AMBIGUOUS	DROP	2	0	1.83e-09	36.4	0.406	959	FAM007789
ERR2040612_clean_NODE_613_length_3646_cov_174.207327	DROP	AMBIGUOUS	DROP	0	0				0	
ERR2040612_clean_NODE_909_length_3284_cov_22.857451	KEEP	PASS_VIRAL	KEEP	34	0	1.52e-58	198.6	0.391	873	FAM004890
ERR2040612_clean_NODE_96_length_5713_cov_110.243034	DROP	AMBIGUOUS	DROP	1	1	5.75e-12	45.5	0.768	196	FAM004721
ERR2040613_clean_NODE_169_length_2737_cov_98.259465	REVIEW	AMBIGUOUS	no_viral_domain_but_blast	0	0				0	
ERR2040613_clean_NODE_2629_length_1553_cov_26.250993	REVIEW	REVIEW	short_fragment	8	5	5.28e-37	127.2	0.648	415	FAM014731
ERR2040613_clean_NODE_51_length_3136_cov_16.765923	DROP	REVIEW	DROP	2	0	8.97e-05	20.9	0.194	919	FAM003581
ERR2040613_clean_NODE_618_length_2199_cov_11.329314	KEEP	PASS_VIRAL	KEEP	36	6	9.49e-38	129.2	0.088	596	FAM008177
ERR2040613_clean_NODE_7494_length_1047_cov_3.022908	KEEP	PASS_CORE	KEEP	7	2	3.84e-52	178.0	0.430	221	FAM000112
ERR2040614_clean_NODE_196_length_2124_cov_55.349449	DROP	AMBIGUOUS	DROP	0	0				0	
ERR2040615_clean_NODE_567_length_1960_cov_8.581299	KEEP	PASS_VIRAL	KEEP	12	0	1.51e-26	92.0	0.086	433	FAM008177
ERR2040616_clean_NODE_153_length_2444_cov_18.528850	DROP	REVIEW	DROP	0	0				0	
ERR2040617_clean_NODE_707_length_1788_cov_16.375927	DROP	AMBIGUOUS	DROP	3	2	9.72e-35	120.0	0.698	452	FAM019186
ERR2040619_clean_NODE_12177_length_646_cov_7.890344	KEEP	PASS_CORE	KEEP	19	2	4.97e-30	104.1	0.108	73	FAM000970
ERR2040619_clean_NODE_1941_length_1461_cov_14.738429	REVIEW	REVIEW	short_fragment	8	0	1.21e-18	66.9	0.369	217	FAM014960
ERR2040619_clean_NODE_835_length_1839_cov_9.133592	REVIEW	REVIEW	no_viral_domain_but_blast	7	3	1.83e-25	89.1	0.523	481	FAM007484
ERR2040620_clean_NODE_2009_length_1323_cov_150.243789	DROP	AMBIGUOUS	DROP	0	0				0	
ERR2040620_clean_NODE_40_length_3011_cov_12.233535	KEEP	PASS_CORE	KEEP	0	0				0	
ERR2040621_clean_NODE_1419_length_1548_cov_11.500330	REVIEW	REVIEW	short_fragment	3	0	9.16e-20	70.2	0.125	104	FAM000134
ERR2040621_clean_NODE_196_length_2456_cov_10.986369	DROP	AMBIGUOUS	DROP	2	1	6.24e-29	100.6	0.577	408	FAM007992
ERR2040621_clean_NODE_7120_length_842_cov_4.635688	KEEP	PASS_CORE	KEEP	2	0	1.13e-20	74.5	0.232	201	FAM000112
ERR2040622_clean_NODE_30_length_3395_cov_16.637202	DROP	REVIEW	DROP	2	0	2.50e-05	23.3	0.314	826	FAM001818
ERR2040622_clean_NODE_46_length_3181_cov_20.546408	DROP	REVIEW	DROP	3	0	9.24e-08	30.5	0.216	698	FAM030721
ERR2040622_clean_NODE_699_length_1854_cov_5.573942	REVIEW	PASS_VIRAL	short_fragment	4	0	2.70e-10	38.9	0.065	447	FAM013464
ERR2040623_clean_NODE_1393_length_2496_cov_19.872410	DROP	AMBIGUOUS	DROP	7	1	5.42e-05	22.4	0.235	660	FAM002853
ERR2040623_clean_NODE_14969_length_648_cov_1.649266	REVIEW	REVIEW	short_fragment	0	0				0	
ERR2040623_clean_NODE_1546_length_2412_cov_8.185107	REVIEW	AMBIGUOUS	no_viral_domain_but_blast	1	1	5.28e-20	71.0	0.833	618	FAM021617
ERR2040623_clean_NODE_1776_length_2294_cov_87.649402	REVIEW	AMBIGUOUS	no_viral_domain_but_blast	0	0				0	
ERR2040623_clean_NODE_184_length_4189_cov_10.245787	KEEP	PASS_VIRAL	KEEP	0	0				0	
ERR2040623_clean_NODE_1945_length_2225_cov_638.912785	DROP	AMBIGUOUS	DROP	0	0				0	
ERR2040623_clean_NODE_2601_length_2008_cov_72.344653	REVIEW	AMBIGUOUS	no_viral_domain_but_blast	0	0				0	
ERR2040623_clean_NODE_300_length_3785_cov_9.685067	KEEP	PASS_VIRAL	KEEP	18	0	1.88e-56	191.7	0.398	1126	FAM004890
ERR2040623_clean_NODE_3821_length_1731_cov_12.497642	DROP	REVIEW	DROP	0	0				0	
ERR2040623_clean_NODE_4817_length_1550_cov_11.373597	KEEP	PASS_VIRAL	KEEP	25	5	1.60e-158	529.4	0.332	411	FAM003304
ERR2040623_clean_NODE_597_length_3185_cov_78.815238	KEEP	PASS_VIRAL	KEEP	5	2	6.79e-94	315.2	0.408	795	FAM004987
ERR2040623_clean_NODE_640_length_3120_cov_14.313128	KEEP	PASS_VIRAL	KEEP	21	1	1.68e-55	188.5	0.403	784	FAM004890
ERR2040624_clean_NODE_2127_length_1897_cov_8.007551	DROP	REVIEW	DROP	0	0				0	
ERR2040624_clean_NODE_6989_length_1166_cov_2.962600	REVIEW	REVIEW	no_viral_domain_but_blast	4	0	1.66e-33	116.7	0.279	151	FAM000112
ERR2040625_clean_NODE_11410_length_851_cov_1.700495	REVIEW	REVIEW	short_fragment	5	0	2.54e-09	35.2	0.028	37	FAM003304
ERR2040625_clean_NODE_1506_length_1575_cov_19.458877	KEEP	PASS_CORE	KEEP	87	15	7.91e-193	640.8	0.873	421	FAM002989
ERR2040625_clean_NODE_2497_length_1384_cov_17.810589	REVIEW	REVIEW	no_viral_domain_but_blast	3	3	3.41e-127	424.7	0.847	350	FAM002990
ERR2040625_clean_NODE_27_length_3385_cov_28.082286	REVIEW	REVIEW	no_viral_domain_but_blast	30	3	0.00e+00	1077.1	0.559	592	FAM003378
ERR2040625_clean_NODE_378_length_2090_cov_29.470933	DROP	AMBIGUOUS	DROP	0	0				0	
ERR2040625_clean_NODE_3963_length_1220_cov_2.331351	REVIEW	REVIEW	no_viral_domain_but_blast	19	0	5.93e-42	143.7	0.176	200	FAM001725
ERR2040625_clean_NODE_73_length_2813_cov_7.604332	DROP	REVIEW	DROP	0	0				0	
ERR2040625_clean_NODE_8684_length_944_cov_3.250832	REVIEW	REVIEW	no_viral_domain_but_blast	5	0	1.25e-83	281.1	0.344	168	FAM003548
ERR2040625_clean_NODE_91_length_2726_cov_5.036899	REVIEW	AMBIGUOUS	short_fragment	17	2	9.28e-49	165.6	0.083	120	FAM003310
ERR2040626_clean_NODE_11631_length_570_cov_2.521822	KEEP	PASS_CORE	KEEP	0	0				0	
ERR2040626_clean_NODE_2090_length_1080_cov_2.445516	REVIEW	REVIEW	short_fragment	0	0				0	
ERR2040626_clean_NODE_2353_length_1043_cov_5.070000	KEEP	PASS_CORE	KEEP	11	0	1.48e-59	201.5	0.247	104	FAM003323
ERR2040626_clean_NODE_5141_length_805_cov_1.935696	REVIEW	REVIEW	short_fragment	0	0				0	
ERR2040626_clean_NODE_572_length_1493_cov_4.515862	REVIEW	REVIEW	short_fragment	4	0	2.12e-52	177.8	0.277	106	FAM003324
ERR2040626_clean_NODE_5836_length_768_cov_3.231724	REVIEW	REVIEW	short_fragment	1	0	1.70e-27	95.7	0.228	147	FAM000134
ERR2040626_clean_NODE_5943_length_763_cov_3.313889	REVIEW	REVIEW	short_fragment	17	0	4.56e-16	57.5	0.105	149	FAM007413
ERR2040626_clean_NODE_65_length_2209_cov_9.951985	REVIEW	REVIEW	short_fragment	0	0				0	
ERR2040628_clean_NODE_13695_length_843_cov_2.352500	REVIEW	REVIEW	short_fragment	0	0				0	
ERR2040628_clean_NODE_162_length_3005_cov_7.724173	KEEP	PASS_CORE	KEEP	8	0	6.81e-59	199.3	0.317	130	FAM003323
ERR2040628_clean_NODE_1696_length_1823_cov_11.686517	KEEP	PASS_CORE	KEEP	0	0				0	
ERR2040628_clean_NODE_20323_length_661_cov_5.498382	REVIEW	REVIEW	short_fragment	2	0	8.87e-13	47.1	0.060	40	FAM000134
ERR2040628_clean_NODE_20498_length_657_cov_2.592834	REVIEW	REVIEW	short_fragment	0	0				0	
ERR2040628_clean_NODE_21815_length_629_cov_2.892491	REVIEW	PASS_VIRAL	short_fragment	0	0				0	
ERR2040628_clean_NODE_24793_length_572_cov_21.100189	REVIEW	REVIEW	short_fragment	0	0				0	
ERR2040628_clean_NODE_27865_length_522_cov_4.062630	REVIEW	REVIEW	short_fragment	0	0				0	
ERR2040628_clean_NODE_293_length_2711_cov_11.362444	REVIEW	AMBIGUOUS	short_fragment	22	3	4.13e-96	322.5	0.174	267	FAM003310
ERR2040628_clean_NODE_364_length_2619_cov_14.624224	DROP	REVIEW	DROP	0	0				0	
ERR2040628_clean_NODE_41_length_3906_cov_6.524463	REVIEW	PASS_VIRAL	short_fragment	15	1	2.85e-57	193.8	0.089	129	FAM003310
ERR2040628_clean_NODE_72_length_3513_cov_21.213256	DROP	AMBIGUOUS	DROP	0	0				0	
ERR2040628_clean_NODE_908_length_2117_cov_2.960463	KEEP	PASS_VIRAL	KEEP	6	1	8.39e-05	22.2	0.628	333	FAM018136
ERR2040629_clean_NODE_290_length_832_cov_1.992395	KEEP	PASS_CORE_FAM	KEEP	0	0				0	
ERR2040629_clean_NODE_46_length_1249_cov_2.206468	REVIEW	REVIEW	no_viral_domain_but_blast	0	0				0	
ERR2040630_clean_NODE_1_length_6327_cov_23.381604	KEEP	PASS_CORE	KEEP	33	14	5.43e-79	265.5	0.859	355	FAM003323
ERR2040630_clean_NODE_647_length_1334_cov_15.313710	REVIEW	REVIEW	short_fragment	0	0				0	
ERR2040630_clean_NODE_7113_length_603_cov_4.662500	DROP	REVIEW	DROP	0	0				0	
ERR2040630_clean_NODE_8028_length_569_cov_3.851711	REVIEW	REVIEW	short_fragment	0	0				0	
ERR2040631_clean_NODE_1_length_6428_cov_98.632263	KEEP	PASS_CORE	KEEP	58	25	0.00e+00	3508.5	1.000	2026	FAM024125
ERR2040631_clean_NODE_3842_length_1066_cov_3.346041	REVIEW	REVIEW	short_fragment	3	0	5.99e-61	206.0	0.303	113	FAM003324
ERR2040632_clean_NODE_16_length_2704_cov_8.556933	REVIEW	REVIEW	no_viral_domain_but_blast	2	1	2.27e-29	102.2	0.638	251	FAM008795
ERR2040632_clean_NODE_1_length_10075_cov_331.612141	KEEP	PASS_CORE	KEEP	142	36	0.00e+00	4583.7	0.633	3189	FAM000291
ERR2040632_clean_NODE_35_length_2429_cov_492.765298	KEEP	PASS_CORE	KEEP	0	0				0	
ERR2040632_clean_NODE_423_length_1583_cov_5.300649	REVIEW	REVIEW	short_fragment	0	0				0	
ERR2040632_clean_NODE_6370_length_737_cov_13.106628	DROP	REVIEW	DROP	1	0	1.35e-44	152.2	0.130	138	FAM003378
ERR2040633_clean_NODE_395_length_617_cov_2.207317	REVIEW	REVIEW	short_fragment	0	0				0	
ERR2040635_clean_NODE_10884_length_663_cov_2.970968	KEEP	PASS_CORE	KEEP	0	0				0	
ERR2040635_clean_NODE_2605_length_1148_cov_10.552036	REVIEW	REVIEW	short_fragment	0	0				0	
ERR2040635_clean_NODE_3341_length_1056_cov_5.177690	REVIEW	REVIEW	short_fragment	4	2	1.57e-140	467.9	0.624	239	FAM003324
ERR2040635_clean_NODE_9801_length_697_cov_6.457187	REVIEW	REVIEW	short_fragment	5	0	1.56e-47	161.9	0.281	118	FAM003323
ERR2040636_clean_NODE_1001_length_2208_cov_9.487760	REVIEW	AMBIGUOUS	short_fragment	8	0	1.10e-15	54.3	0.071	563	FAM001712
ERR2040636_clean_NODE_1215_length_2114_cov_8.169483	DROP	AMBIGUOUS	DROP	0	0				0	
ERR2040636_clean_NODE_1_length_6828_cov_1398.908032	KEEP	PASS_CORE	KEEP	281	42	0.00e+00	4021.1	0.954	2134	FAM000136
ERR2040636_clean_NODE_2605_length_1723_cov_3.479762	KEEP	PASS_VIRAL	KEEP	23	0	1.70e-43	148.9	0.280	255	FAM004890
ERR2040636_clean_NODE_2_length_6335_cov_1499.351875	KEEP	PASS_CORE	KEEP	279	35	0.00e+00	3617.8	0.866	1960	FAM000136
ERR2040636_clean_NODE_3018_length_1634_cov_1634.505971	KEEP	PASS_VIRAL	KEEP	17	9	3.05e-239	794.4	0.808	422	FAM008896
ERR2040636_clean_NODE_3127_length_1614_cov_26.979631	KEEP	PASS_VIRAL	KEEP	6	0	5.03e-21	74.8	0.380	405	FAM012657
ERR2040636_clean_NODE_3150_length_1609_cov_2277.711367	REVIEW	REVIEW	no_viral_domain_but_blast	0	0				0	
ERR2040636_clean_NODE_3296_length_1584_cov_13.672291	REVIEW	AMBIGUOUS	short_fragment	4	0	6.75e-20	71.0	0.375	356	FAM019186
ERR2040636_clean_NODE_49_length_3689_cov_34.200494	DROP	REVIEW	DROP	5	0	3.30e-05	23.0	0.433	937	FAM002894
ERR2040636_clean_NODE_594_length_2459_cov_24.578228	REVIEW	AMBIGUOUS	no_viral_domain_but_blast	0	0				0	
ERR2040636_clean_NODE_987_length_2215_cov_19.400092	DROP	AMBIGUOUS	DROP	5	0	1.97e-09	36.2	0.119	519	FAM022056
ERR2040637_clean_NODE_1555_length_2208_cov_3.818014	KEEP	PASS_CORE	KEEP	4	1	1.01e-03	17.2	0.033	39	FAM000970
ERR2040637_clean_NODE_191_length_3682_cov_58.869195	KEEP	PASS_VIRAL	KEEP	18	0	1.88e-50	171.8	0.405	1125	FAM004890
ERR2040637_clean_NODE_2025_length_2035_cov_12.859940	REVIEW	AMBIGUOUS	short_fragment	0	0				0	
ERR2040637_clean_NODE_2357_length_1946_cov_4.611140	REVIEW	PASS_VIRAL	short_fragment	0	0				0	
ERR2040637_clean_NODE_438_length_3076_cov_8.695351	DROP	REVIEW	DROP	0	0				0	
ERR2040638_clean_NODE_1061_length_2229_cov_12.302379	REVIEW	AMBIGUOUS	short_fragment	8	0	2.50e-15	53.1	0.071	565	FAM001712
ERR2040638_clean_NODE_1486_length_2077_cov_208.207473	DROP	AMBIGUOUS	DROP	0	0				0	
ERR2040638_clean_NODE_225_length_2899_cov_30.478641	DROP	REVIEW	DROP	0	0				0	
ERR2040638_clean_NODE_239_length_2881_cov_31.958421	DROP	AMBIGUOUS	DROP	2	0	4.37e-34	117.6	0.314	480	FAM019380
ERR2040638_clean_NODE_287_length_2813_cov_31.172202	DROP	REVIEW	DROP	16	0	1.12e-17	63.3	0.183	288	FAM000134
ERR2040638_clean_NODE_41_length_3692_cov_12.955604	KEEP	PASS_VIRAL	KEEP	16	0	1.23e-50	172.5	0.403	1088	FAM004890
ERR2040638_clean_NODE_4_length_4333_cov_10.275758	KEEP	PASS_VIRAL	KEEP	18	0	3.47e-52	177.6	0.403	1157	FAM004890
ERR2040638_clean_NODE_6097_length_1391_cov_2.929525	KEEP	PASS_VIRAL	KEEP	0	0				0	
ERR2040638_clean_NODE_610_length_2478_cov_37.516222	KEEP	PASS_VIRAL	KEEP	5	1	6.04e-34	117.1	0.728	457	FAM022873
ERR2040638_clean_NODE_6636_length_1346_cov_6.847276	REVIEW	REVIEW	no_viral_domain_but_blast	3	3	4.22e-128	427.7	0.873	355	FAM002990
ERR2040638_clean_NODE_9203_length_1165_cov_3.320856	KEEP	PASS_CORE_FAM	KEEP	116	14	5.82e-154	512.6	0.632	303	FAM002989
ERR2040638_clean_NODE_963_length_2277_cov_7.164279	DROP	REVIEW	DROP	0	0				0	
ERR2040639_clean_NODE_1128_length_2169_cov_75.210724	REVIEW	AMBIGUOUS	short_fragment	0	0				0	
ERR2040639_clean_NODE_1434_length_2061_cov_4.461348	REVIEW	AMBIGUOUS	short_fragment	9	0	1.78e-17	60.2	0.071	473	FAM001712
ERR2040639_clean_NODE_1440_length_2058_cov_54.789578	DROP	AMBIGUOUS	DROP	0	0				0	
ERR2040639_clean_NODE_2716_length_1771_cov_7.745949	REVIEW	PASS_VIRAL	short_fragment	0	0				0	
ERR2040639_clean_NODE_602_length_2449_cov_8.184954	DROP	AMBIGUOUS	DROP	0	0				0	
ERR2040639_clean_NODE_797_length_2321_cov_16.759877	DROP	REVIEW	DROP	1	0	9.72e-05	21.4	0.297	434	FAM001818
ERR2040639_clean_NODE_874_length_2285_cov_27.793042	REVIEW	AMBIGUOUS	no_viral_domain_but_blast	0	0				0	
ERR2040639_clean_NODE_881_length_2280_cov_17.175682	REVIEW	AMBIGUOUS	short_fragment	8	0	4.48e-15	52.3	0.071	562	FAM001712
ERR2040639_clean_NODE_934_length_2251_cov_237.333333	KEEP	PASS_VIRAL	KEEP	7	1	1.92e-15	56.6	0.448	434	FAM008380
ERR2040640_clean_NODE_10353_length_990_cov_5.719113	REVIEW	REVIEW	short_fragment	0	0				0	
ERR2040640_clean_NODE_10742_length_968_cov_6.608649	REVIEW	REVIEW	short_fragment	0	0				0	
ERR2040640_clean_NODE_10803_length_965_cov_5.810195	REVIEW	REVIEW	short_fragment	0	0				0	
ERR2040640_clean_NODE_10983_length_956_cov_7.371303	REVIEW	REVIEW	short_fragment	1	1	3.80e-92	308.2	0.759	215	FAM001276
ERR2040640_clean_NODE_11666_length_922_cov_4.617747	REVIEW	REVIEW	short_fragment	2	0	3.61e-50	170.3	0.321	106	FAM001275
ERR2040640_clean_NODE_11895_length_911_cov_7.769585	REVIEW	REVIEW	short_fragment	1	1	2.49e-92	308.8	0.762	218	FAM001276
ERR2040640_clean_NODE_11898_length_911_cov_6.373272	REVIEW	REVIEW	short_fragment	2	2	4.21e-87	291.0	0.709	159	FAM013860
ERR2040640_clean_NODE_12123_length_902_cov_2.157159	REVIEW	REVIEW	short_fragment	0	0				0	
ERR2040640_clean_NODE_12331_length_893_cov_7.481176	REVIEW	REVIEW	short_fragment	0	0				0	
ERR2040640_clean_NODE_1234_length_2237_cov_8.315406	KEEP	PASS_CORE	KEEP	21	7	4.12e-95	318.9	0.593	218	FAM000039
ERR2040640_clean_NODE_12556_length_885_cov_3.428741	KEEP	PASS_CORE	KEEP	0	0				0	
ERR2040640_clean_NODE_12786_length_875_cov_4.819712	REVIEW	REVIEW	short_fragment	2	2	4.62e-113	377.0	0.660	214	FAM001275
ERR2040640_clean_NODE_12920_length_869_cov_3.280872	REVIEW	REVIEW	short_fragment	0	0				0	
ERR2040640_clean_NODE_12923_length_869_cov_2.571429	REVIEW	REVIEW	short_fragment	1	0	8.39e-56	189.2	0.272	173	FAM001277
ERR2040640_clean_NODE_13112_length_861_cov_5.570905	REVIEW	REVIEW	short_fragment	0	0				0	
ERR2040640_clean_NODE_13312_length_853_cov_5.424691	REVIEW	REVIEW	short_fragment	2	1	1.25e-52	178.3	0.730	163	FAM006296
ERR2040640_clean_NODE_13961_length_828_cov_4.324841	REVIEW	REVIEW	short_fragment	2	0	5.55e-11	41.1	0.190	103	FAM006298
ERR2040640_clean_NODE_1399_length_2161_cov_6.175165	REVIEW	REVIEW	short_fragment	2	2	1.63e-47	161.2	0.663	120	FAM006297
ERR2040640_clean_NODE_14126_length_822_cov_17.957638	REVIEW	REVIEW	short_fragment	2	1	2.02e-54	184.3	0.584	172	FAM007461
ERR2040640_clean_NODE_14453_length_811_cov_4.511719	REVIEW	REVIEW	short_fragment	0	0				0	
ERR2040640_clean_NODE_14865_length_797_cov_4.590186	REVIEW	REVIEW	short_fragment	0	0				0	
ERR2040640_clean_NODE_15061_length_790_cov_12.107095	REVIEW	REVIEW	short_fragment	2	2	3.91e-87	291.1	0.709	159	FAM013860
ERR2040640_clean_NODE_15066_length_790_cov_6.756359	KEEP	PASS_CORE	KEEP	0	0				0	
ERR2040640_clean_NODE_15420_length_778_cov_2.308844	REVIEW	REVIEW	short_fragment	0	0				0	
ERR2040640_clean_NODE_15900_length_764_cov_3.428571	REVIEW	REVIEW	short_fragment	0	0				0	
ERR2040640_clean_NODE_16150_length_756_cov_6.558205	REVIEW	REVIEW	short_fragment	0	0				0	
ERR2040640_clean_NODE_16300_length_752_cov_2.755994	REVIEW	REVIEW	short_fragment	0	0				0	
ERR2040640_clean_NODE_1661_length_2055_cov_19.292744	REVIEW	REVIEW	short_fragment	6	5	2.71e-292	970.4	0.919	582	FAM001277
ERR2040640_clean_NODE_16936_length_734_cov_3.098408	REVIEW	REVIEW	short_fragment	1	1	9.76e-53	178.6	0.516	116	FAM013860
ERR2040640_clean_NODE_16986_length_732_cov_6.615385	REVIEW	REVIEW	short_fragment	0	0				0	
ERR2040640_clean_NODE_17166_length_727_cov_5.519006	REVIEW	REVIEW	no_viral_domain_but_blast	1	0	2.45e-11	43.8	0.137	75	FAM000112
ERR2040640_clean_NODE_17557_length_716_cov_5.056464	REVIEW	REVIEW	short_fragment	0	0				0	
ERR2040640_clean_NODE_175_length_3529_cov_25.541308	REVIEW	AMBIGUOUS	no_viral_domain_but_blast	0	0				0	
ERR2040640_clean_NODE_17735_length_711_cov_5.293413	REVIEW	REVIEW	short_fragment	0	0				0	
ERR2040640_clean_NODE_1806_length_2007_cov_8.435336	REVIEW	REVIEW	short_fragment	5	5	1.40e-291	968.1	0.919	582	FAM001277
ERR2040640_clean_NODE_1823_length_2001_cov_12.096527	REVIEW	REVIEW	short_fragment	5	5	1.37e-281	935.1	0.894	566	FAM001277
ERR2040640_clean_NODE_1829_length_1999_cov_21.147751	REVIEW	REVIEW	short_fragment	5	5	3.70e-263	874.2	0.847	537	FAM001277
ERR2040640_clean_NODE_18306_length_695_cov_6.789877	REVIEW	REVIEW	short_fragment	1	1	5.06e-48	163.4	0.528	150	FAM001276
ERR2040640_clean_NODE_18380_length_693_cov_19.889231	REVIEW	REVIEW	short_fragment	4	1	7.38e-62	207.7	0.657	124	FAM013861
ERR2040640_clean_NODE_18750_length_684_cov_2.000000	REVIEW	REVIEW	short_fragment	0	0				0	
ERR2040640_clean_NODE_18951_length_679_cov_4.468553	REVIEW	REVIEW	short_fragment	0	0				0	
ERR2040640_clean_NODE_18988_length_678_cov_4.748031	REVIEW	REVIEW	short_fragment	4	1	1.46e-60	203.5	0.646	124	FAM013861
ERR2040640_clean_NODE_19209_length_672_cov_11.758347	REVIEW	REVIEW	short_fragment	4	0	2.97e-41	141.2	0.275	95	FAM001274
ERR2040640_clean_NODE_19288_length_670_cov_10.006380	REVIEW	REVIEW	short_fragment	3	1	2.91e-60	202.5	0.646	124	FAM013861
ERR2040640_clean_NODE_1960_length_1957_cov_19.271682	REVIEW	REVIEW	short_fragment	7	3	2.96e-188	626.3	0.887	492	FAM006298
ERR2040640_clean_NODE_19838_length_658_cov_5.603252	REVIEW	REVIEW	short_fragment	0	0				0	
ERR2040640_clean_NODE_19869_length_657_cov_9.866450	REVIEW	REVIEW	short_fragment	6	1	1.41e-63	214.8	0.302	139	FAM001273
ERR2040640_clean_NODE_19965_length_655_cov_9.462418	REVIEW	REVIEW	short_fragment	0	0				0	
ERR2040640_clean_NODE_20132_length_651_cov_3.950658	REVIEW	PASS_VIRAL	short_fragment	1	0	1.52e-23	83.2	0.414	137	FAM006920
ERR2040640_clean_NODE_20268_length_648_cov_12.170248	REVIEW	REVIEW	short_fragment	0	0				0	
ERR2040640_clean_NODE_20859_length_635_cov_1.733108	REVIEW	REVIEW	short_fragment	0	0				0	
ERR2040640_clean_NODE_21798_length_616_cov_2.762653	REVIEW	REVIEW	short_fragment	0	0				0	
ERR2040640_clean_NODE_2249_length_1868_cov_4.295342	KEEP	PASS_CORE_FAM	KEEP	0	0				0	
ERR2040640_clean_NODE_22671_length_599_cov_2.541367	KEEP	PASS_CORE	KEEP	0	0				0	
ERR2040640_clean_NODE_2273_length_1861_cov_20.556106	REVIEW	REVIEW	short_fragment	5	3	4.70e-168	559.6	0.814	454	FAM006298
ERR2040640_clean_NODE_23087_length_591_cov_6.992701	REVIEW	REVIEW	short_fragment	0	0				0	
ERR2040640_clean_NODE_23365_length_586_cov_5.036832	REVIEW	REVIEW	short_fragment	2	1	8.19e-57	191.3	0.601	116	FAM013861
ERR2040640_clean_NODE_23511_length_583_cov_6.848148	REVIEW	REVIEW	short_fragment	7	1	1.07e-42	146.2	0.208	96	FAM006294
ERR2040640_clean_NODE_2352_length_1841_cov_18.643493	REVIEW	REVIEW	short_fragment	6	5	2.51e-218	725.5	0.880	486	FAM007463
ERR2040640_clean_NODE_23751_length_579_cov_3.436567	REVIEW	REVIEW	short_fragment	2	0	3.61e-50	170.3	0.321	106	FAM001275
ERR2040640_clean_NODE_2385_length_1834_cov_9.549414	REVIEW	REVIEW	short_fragment	8	3	3.33e-190	632.8	0.887	492	FAM006298
ERR2040640_clean_NODE_23861_length_577_cov_2.743446	REVIEW	REVIEW	short_fragment	0	0				0	
ERR2040640_clean_NODE_23956_length_575_cov_5.453008	REVIEW	REVIEW	short_fragment	0	0				0	
ERR2040640_clean_NODE_2409_length_1827_cov_14.473655	REVIEW	REVIEW	short_fragment	6	3	3.07e-169	563.5	0.814	454	FAM006298
ERR2040640_clean_NODE_2432_length_1823_cov_6.733708	REVIEW	REVIEW	short_fragment	7	3	6.73e-189	628.4	0.887	492	FAM006298
ERR2040640_clean_NODE_243_length_3311_cov_7.576499	KEEP	PASS_CORE	KEEP	39	0	0.00e+00	1149.7	0.482	1021	FAM006300
ERR2040640_clean_NODE_2440_length_1822_cov_6.547499	REVIEW	REVIEW	short_fragment	13	8	6.01e-122	407.4	0.664	301	FAM006294
ERR2040640_clean_NODE_26150_length_540_cov_7.967807	REVIEW	REVIEW	short_fragment	0	0				0	
ERR2040640_clean_NODE_26358_length_537_cov_3.344130	REVIEW	REVIEW	short_fragment	0	0				0	
ERR2040640_clean_NODE_28074_length_512_cov_3.142857	REVIEW	REVIEW	short_fragment	0	0				0	
ERR2040640_clean_NODE_28260_length_509_cov_8.763948	KEEP	PASS_CORE	KEEP	0	0				0	
ERR2040640_clean_NODE_28_length_5235_cov_61.233051	KEEP	PASS_VIRAL	KEEP	8	1	1.49e-27	96.3	0.384	1445	FAM012657
ERR2040640_clean_NODE_3220_length_1667_cov_7.580049	REVIEW	REVIEW	short_fragment	5	1	3.23e-87	291.4	0.709	159	FAM013860
ERR2040640_clean_NODE_3518_length_1617_cov_9.256036	REVIEW	REVIEW	short_fragment	11	8	1.29e-150	501.8	0.881	396	FAM006294
ERR2040640_clean_NODE_396_length_2951_cov_4.724553	DROP	AMBIGUOUS	DROP	0	0				0	
ERR2040640_clean_NODE_4113_length_1525_cov_22.499325	REVIEW	REVIEW	short_fragment	10	8	1.15e-149	498.7	0.879	399	FAM006294
ERR2040640_clean_NODE_4146_length_1520_cov_4.419770	REVIEW	REVIEW	short_fragment	6	3	3.69e-149	497.3	0.735	407	FAM006298
ERR2040640_clean_NODE_4184_length_1513_cov_5.484354	REVIEW	REVIEW	short_fragment	5	4	1.17e-87	292.9	0.709	159	FAM013860
ERR2040640_clean_NODE_4343_length_1490_cov_6.165169	REVIEW	REVIEW	short_fragment	10	8	3.03e-151	503.9	0.881	396	FAM006294
ERR2040640_clean_NODE_44_length_4763_cov_39.857203	KEEP	PASS_CORE	KEEP	6	5	1.53e-219	729.5	0.880	486	FAM007463
ERR2040640_clean_NODE_4864_length_1427_cov_8.118497	REVIEW	REVIEW	short_fragment	0	0				0	
ERR2040640_clean_NODE_4_length_7285_cov_21.015742	KEEP	PASS_CORE	KEEP	106	29	0.00e+00	1647.1	0.695	1480	FAM000080
ERR2040640_clean_NODE_5116_length_1399_cov_11.016962	REVIEW	REVIEW	short_fragment	0	0				0	
ERR2040640_clean_NODE_535_length_2715_cov_8.355913	REVIEW	PASS_VIRAL	short_fragment	9	0	8.68e-17	57.9	0.071	676	FAM001712
ERR2040640_clean_NODE_542_length_2709_cov_12.030008	REVIEW	REVIEW	short_fragment	9	4	6.74e-187	621.8	0.886	491	FAM006298
ERR2040640_clean_NODE_5521_length_1355_cov_4.425305	REVIEW	REVIEW	short_fragment	0	0				0	
ERR2040640_clean_NODE_621_length_2616_cov_13.567042	REVIEW	REVIEW	short_fragment	10	9	7.63e-202	670.7	0.870	397	FAM001273
ERR2040640_clean_NODE_623_length_2616_cov_10.152351	REVIEW	REVIEW	short_fragment	5	3	4.11e-87	291.1	0.709	159	FAM013860
ERR2040640_clean_NODE_7316_length_1185_cov_2.570053	REVIEW	REVIEW	short_fragment	0	0				0	
ERR2040640_clean_NODE_731_length_2534_cov_43.834605	REVIEW	PASS_VIRAL	short_fragment	22	6	1.48e-111	372.4	0.827	271	FAM006920
ERR2040640_clean_NODE_8045_length_1132_cov_3.434343	DROP	REVIEW	DROP	8	7	1.40e-77	260.8	0.767	275	FAM006295
ERR2040640_clean_NODE_8139_length_1125_cov_12.155268	REVIEW	REVIEW	short_fragment	1	1	1.25e-91	306.5	0.762	218	FAM001276
ERR2040640_clean_NODE_8335_length_1111_cov_10.485019	REVIEW	REVIEW	short_fragment	2	2	1.99e-142	473.5	0.818	265	FAM001275
ERR2040640_clean_NODE_8437_length_1104_cov_8.640905	REVIEW	REVIEW	short_fragment	4	3	3.84e-117	390.5	0.721	217	FAM013859
ERR2040640_clean_NODE_8867_length_1076_cov_3.957406	REVIEW	PASS_VIRAL	short_fragment	17	3	2.78e-106	355.1	0.793	260	FAM006920
ERR2040640_clean_NODE_8921_length_1073_cov_6.819417	REVIEW	REVIEW	short_fragment	2	2	1.19e-142	474.2	0.818	265	FAM001275
ERR2040640_clean_NODE_9370_length_1046_cov_4.704885	REVIEW	REVIEW	short_fragment	5	4	1.32e-129	431.4	0.794	240	FAM013859
ERR2040640_clean_NODE_9987_length_1010_cov_6.676319	REVIEW	REVIEW	short_fragment	0	0				0	
ERR2040641_clean_NODE_10714_length_961_cov_3.576253	REVIEW	REVIEW	short_fragment	1	1	4.32e-81	271.9	0.684	195	FAM001276
ERR2040641_clean_NODE_12122_length_897_cov_3.374707	REVIEW	REVIEW	short_fragment	0	0				0	
ERR2040641_clean_NODE_12343_length_887_cov_3.949052	REVIEW	REVIEW	short_fragment	2	2	5.42e-76	255.5	0.642	219	FAM001274
ERR2040641_clean_NODE_14436_length_809_cov_3.146214	REVIEW	REVIEW	short_fragment	0	0				0	
ERR2040641_clean_NODE_14764_length_797_cov_3.541114	REVIEW	REVIEW	short_fragment	2	0	2.65e-80	269.3	0.485	157	FAM001275
ERR2040641_clean_NODE_15947_length_759_cov_2.537709	REVIEW	REVIEW	short_fragment	0	0				0	
ERR2040641_clean_NODE_16095_length_755_cov_2.063202	REVIEW	REVIEW	short_fragment	0	0				0	
ERR2040641_clean_NODE_16449_length_744_cov_2.990014	REVIEW	REVIEW	short_fragment	0	0				0	
ERR2040641_clean_NODE_16659_length_737_cov_4.335735	REVIEW	REVIEW	short_fragment	1	0	1.93e-20	73.1	0.360	65	FAM007462
ERR2040641_clean_NODE_19338_length_671_cov_3.353503	REVIEW	REVIEW	short_fragment	0	0				0	
ERR2040641_clean_NODE_20253_length_651_cov_2.771382	REVIEW	REVIEW	short_fragment	0	0				0	
ERR2040641_clean_NODE_20378_length_648_cov_3.221488	REVIEW	REVIEW	short_fragment	0	0				0	
ERR2040641_clean_NODE_21141_length_632_cov_3.826825	REVIEW	REVIEW	short_fragment	0	0				0	
ERR2040641_clean_NODE_22658_length_604_cov_2.344029	REVIEW	REVIEW	short_fragment	2	0	2.50e-32	112.0	0.183	96	FAM006294
ERR2040641_clean_NODE_24880_length_567_cov_2.127863	REVIEW	REVIEW	short_fragment	0	0				0	
ERR2040641_clean_NODE_26927_length_536_cov_2.038540	REVIEW	REVIEW	short_fragment	0	0				0	
ERR2040641_clean_NODE_27927_length_523_cov_1.193750	KEEP	PASS_CORE	KEEP	0	0				0	
ERR2040641_clean_NODE_2794_length_1723_cov_2.705952	REVIEW	REVIEW	short_fragment	8	7	6.64e-76	255.2	0.753	273	FAM006295
ERR2040641_clean_NODE_2816_length_1719_cov_2.835322	REVIEW	REVIEW	short_fragment	5	5	1.02e-226	753.8	0.753	479	FAM001277
ERR2040641_clean_NODE_2980_length_1684_cov_1.604509	REVIEW	REVIEW	short_fragment	1	0	4.98e-18	65.0	0.309	58	FAM013861
ERR2040641_clean_NODE_3165_length_1650_cov_4.187928	REVIEW	REVIEW	short_fragment	2	2	1.37e-90	303.4	0.751	255	FAM001274
ERR2040641_clean_NODE_34_length_5312_cov_7.783450	KEEP	PASS_VIRAL	KEEP	0	0				0	
ERR2040641_clean_NODE_4410_length_1454_cov_2.538625	KEEP	PASS_CORE	KEEP	67	8	1.01e-204	682.5	0.169	303	FAM000080
ERR2040641_clean_NODE_491_length_2802_cov_45.068866	KEEP	PASS_VIRAL	KEEP	13	0	1.46e-09	36.8	0.276	766	FAM012165
ERR2040641_clean_NODE_6005_length_1286_cov_2.588093	REVIEW	REVIEW	short_fragment	2	2	1.06e-92	310.1	0.556	181	FAM001275
ERR2040641_clean_NODE_641_length_2624_cov_10.425029	REVIEW	AMBIGUOUS	no_viral_domain_but_blast	3	0	7.01e-09	34.4	0.298	482	FAM012636
ERR2040641_clean_NODE_670_length_2593_cov_77.569020	KEEP	PASS_VIRAL	KEEP	5	5	6.90e-292	970.0	0.712	594	FAM004987
ERR2040641_clean_NODE_6822_length_1215_cov_3.133959	REVIEW	REVIEW	short_fragment	2	2	1.70e-57	194.4	0.581	172	FAM007461
ERR2040642_clean_NODE_12349_length_1038_cov_2.652261	KEEP	PASS_CORE	KEEP	21	1	1.76e-99	333.9	0.198	256	FAM003304
ERR2040642_clean_NODE_130_length_4732_cov_3.903391	DROP	AMBIGUOUS	DROP	1	0	2.03e-05	23.4	0.260	1345	FAM031275
ERR2040642_clean_NODE_1379_length_2644_cov_30.733948	DROP	AMBIGUOUS	DROP	5	1	4.31e-09	35.1	0.107	521	FAM022056
ERR2040642_clean_NODE_1452_length_2602_cov_21.864400	KEEP	PASS_VIRAL	KEEP	6	5	1.59e-258	859.6	0.721	606	FAM004987
ERR2040642_clean_NODE_18815_length_722_cov_1.350515	KEEP	PASS_CORE_FAM	KEEP	0	0				0	
ERR2040642_clean_NODE_198_length_4315_cov_23.851124	KEEP	PASS_VIRAL	KEEP	0	0				0	
ERR2040642_clean_NODE_25398_length_525_cov_2.948133	KEEP	PASS_CORE_FAM	KEEP	0	0				0	
ERR2040642_clean_NODE_3068_length_2068_cov_11.725926	KEEP	PASS_VIRAL	KEEP	6	6	4.69e-248	825.0	0.704	568	FAM004987
ERR2040642_clean_NODE_89_length_5103_cov_13.406522	DROP	REVIEW	DROP	0	0				0	
ERR2040643_clean_NODE_1_length_12689_cov_18.261427	REVIEW	AMBIGUOUS	no_viral_domain_but_blast	0	0				0	
ERR2040643_clean_NODE_24028_length_500_cov_1.875274	REVIEW	REVIEW	short_fragment	0	0				0	
ERR2040643_clean_NODE_296_length_2139_cov_31.786737	DROP	AMBIGUOUS	DROP	0	0				0	
ERR2040643_clean_NODE_344_length_2082_cov_12.555665	DROP	AMBIGUOUS	DROP	2	0	1.77e-03	16.9	0.136	409	FAM021410
ERR2040643_clean_NODE_432_length_2014_cov_22.380010	REVIEW	AMBIGUOUS	no_viral_domain_but_blast	0	0				0	
ERR2040645_clean_NODE_1546_length_2028_cov_2.824181	REVIEW	REVIEW	short_fragment	0	0				0	
ERR2040645_clean_NODE_16_length_5173_cov_80.877193	KEEP	PASS_VIRAL	KEEP	7	0	6.83e-27	94.1	0.344	1420	FAM012657
ERR2040645_clean_NODE_17830_length_714_cov_3.490313	KEEP	PASS_CORE	KEEP	3	0	5.05e-09	34.2	0.038	44	FAM003304
ERR2040645_clean_NODE_18013_length_709_cov_2.737237	KEEP	PASS_CORE	KEEP	11	0	2.77e-13	48.8	0.044	31	FAM000970
ERR2040645_clean_NODE_1971_length_1894_cov_5.369530	REVIEW	PASS_VIRAL	short_fragment	4	0	1.92e-10	39.3	0.065	473	FAM013464
ERR2040645_clean_NODE_201_length_3280_cov_37.144578	REVIEW	AMBIGUOUS	no_viral_domain_but_blast	0	0				0	
ERR2040645_clean_NODE_27666_length_533_cov_2.802041	REVIEW	AMBIGUOUS	short_fragment	0	0				0	
ERR2040645_clean_NODE_307_length_3013_cov_8.029293	DROP	AMBIGUOUS	DROP	5	0	3.06e-05	22.7	0.138	593	FAM032326
ERR2040645_clean_NODE_407_length_2830_cov_15.447793	DROP	AMBIGUOUS	DROP	1	0	6.16e-03	15.3	0.375	742	FAM018040
ERR2040645_clean_NODE_43_length_4339_cov_8.313780	KEEP	PASS_VIRAL	KEEP	0	0				0	
ERR2040645_clean_NODE_451_length_2775_cov_9.665081	REVIEW	PASS_VIRAL	short_fragment	9	0	2.78e-17	59.6	0.028	615	FAM001712
ERR2040645_clean_NODE_660_length_2530_cov_16.966626	DROP	AMBIGUOUS	DROP	6	1	1.11e-09	37.0	0.109	529	FAM022056
ERR2040645_clean_NODE_936_length_2308_cov_55.974393	KEEP	PASS_VIRAL	KEEP	0	0				0	
ERR2040646_clean_NODE_1075_length_2877_cov_8.873677	DROP	AMBIGUOUS	DROP	13	0	1.08e-25	90.2	0.293	677	FAM007630
ERR2040646_clean_NODE_109_length_4788_cov_11.645522	DROP	AMBIGUOUS	DROP	2	1	7.35e-33	114.1	0.429	1222	FAM012606
ERR2040646_clean_NODE_124_length_4701_cov_6.603478	KEEP	PASS_VIRAL	KEEP	8	0	5.59e-41	140.2	0.221	1290	FAM004768
ERR2040646_clean_NODE_1934_length_2419_cov_3.627525	DROP	REVIEW	DROP	0	0				0	
ERR2040646_clean_NODE_20083_length_617_cov_2.017422	REVIEW	REVIEW	short_fragment	0	0				0	
ERR2040646_clean_NODE_2036_length_2384_cov_20.263135	DROP	AMBIGUOUS	DROP	8	1	2.17e-09	36.0	0.107	527	FAM022056
ERR2040646_clean_NODE_260_length_4018_cov_14.206541	KEEP	PASS_VIRAL	KEEP	18	0	1.63e-54	185.2	0.393	1131	FAM004890
ERR2040646_clean_NODE_2642_length_2186_cov_30.940271	KEEP	PASS_VIRAL	KEEP	42	17	2.23e-50	171.0	0.158	544	FAM008177
ERR2040646_clean_NODE_2732_length_2162_cov_19.788108	REVIEW	PASS_VIRAL	short_fragment	9	0	1.64e-14	50.4	0.028	512	FAM001712
ERR2040646_clean_NODE_361_length_3769_cov_7.476919	KEEP	PASS_VIRAL	KEEP	17	0	4.35e-15	55.1	0.259	1032	FAM026512
ERR2040646_clean_NODE_598_length_3343_cov_31.524545	REVIEW	AMBIGUOUS	no_viral_domain_but_blast	0	0				0	
ERR2040646_clean_NODE_648_length_3283_cov_12.318210	REVIEW	AMBIGUOUS	no_viral_domain_but_blast	0	0				0	
ERR2040646_clean_NODE_66_length_5289_cov_21.199199	KEEP	PASS_VIRAL	KEEP	7	0	2.38e-29	102.3	0.123	1414	FAM012657
ERR2040646_clean_NODE_701_length_3206_cov_16.539045	KEEP	PASS_VIRAL	KEEP	28	0	1.72e-57	195.1	0.390	897	FAM004890
ERR2040647_clean_NODE_129_length_3018_cov_21.067227	REVIEW	AMBIGUOUS	no_viral_domain_but_blast	0	0				0	
ERR2040647_clean_NODE_417_length_2498_cov_4.498574	KEEP	PASS_VIRAL	KEEP	22	2	9.17e-105	351.3	0.350	719	FAM003304
ERR2040647_clean_NODE_459_length_2450_cov_50.773993	DROP	AMBIGUOUS	DROP	0	0				0	
ERR2040647_clean_NODE_773_length_2199_cov_12.237941	DROP	AMBIGUOUS	DROP	2	0	1.36e-20	72.6	0.300	513	FAM012634
ERR2040648_clean_NODE_168_length_4275_cov_33.320416	KEEP	PASS_VIRAL	KEEP	18	0	5.74e-52	176.8	0.403	1179	FAM004890
ERR2040648_clean_NODE_22004_length_539_cov_1.002016	KEEP	PASS_VIRAL	KEEP	15	1	1.81e-28	98.3	0.033	72	FAM023340
ERR2040648_clean_NODE_23260_length_505_cov_1.627706	KEEP	PASS_CORE	KEEP	13	0	7.09e-48	162.9	0.072	87	FAM003304
ERR2040648_clean_NODE_629_length_3252_cov_27.787473	KEEP	PASS_VIRAL	KEEP	8	0	1.03e-27	96.9	0.351	886	FAM012657
ERR2040648_clean_NODE_82_length_5093_cov_17.040990	KEEP	PASS_VIRAL	KEEP	7	0	3.59e-28	98.4	0.344	1416	FAM012657
ERR2040649_clean_NODE_1315_length_2352_cov_9.925076	DROP	AMBIGUOUS	DROP	2	0	1.44e-11	42.1	0.073	625	FAM010548
ERR2040649_clean_NODE_1686_length_2179_cov_14.705056	KEEP	PASS_VIRAL	KEEP	30	0	6.33e-57	193.2	0.390	592	FAM004890
ERR2040649_clean_NODE_489_length_3071_cov_25.687583	DROP	AMBIGUOUS	DROP	0	0				0	
ERR2040650_clean_NODE_1573_length_2462_cov_14.937783	DROP	AMBIGUOUS	DROP	3	2	1.21e-55	188.4	0.850	504	FAM020762
ERR2040650_clean_NODE_16468_length_720_cov_2.065693	DROP	REVIEW	DROP	2	0	2.64e-13	49.6	0.264	135	FAM002990
ERR2040650_clean_NODE_2262_length_2180_cov_4.433566	KEEP	PASS_VIRAL	KEEP	19	8	4.28e-28	97.2	0.105	573	FAM008177
ERR2040650_clean_NODE_2410_length_2134_cov_16.540257	KEEP	PASS_VIRAL	KEEP	17	0	1.48e-45	155.7	0.398	544	FAM004890
ERR2040650_clean_NODE_512_length_3320_cov_12.621309	REVIEW	AMBIGUOUS	no_viral_domain_but_blast	0	0				0	
ERR2040650_clean_NODE_682_length_3124_cov_14.278731	KEEP	PASS_VIRAL	KEEP	35	11	2.37e-39	134.5	0.116	792	FAM008177
ERR2040650_clean_NODE_717_length_3089_cov_7.404715	DROP	AMBIGUOUS	DROP	1	0	8.76e-03	13.7	0.062	801	FAM006801
ERR2040650_clean_NODE_79_length_4937_cov_5.340881	KEEP	PASS_VIRAL	KEEP	7	0	1.03e-12	46.1	0.025	32	FAM025821
ERR2040650_clean_NODE_832_length_2968_cov_59.742584	DROP	REVIEW	DROP	0	0				0	
ERR2040650_clean_NODE_908_length_2893_cov_23.927922	REVIEW	AMBIGUOUS	no_viral_domain_but_blast	0	0				0	
ERR2040650_clean_NODE_934_length_2878_cov_12.040802	KEEP	PASS_VIRAL	KEEP	0	0				0	
ERR2040651_clean_NODE_1116_length_2349_cov_14.437988	DROP	AMBIGUOUS	DROP	7	1	5.15e-10	38.1	0.119	528	FAM022056
ERR2040651_clean_NODE_1145_length_2331_cov_12.073864	REVIEW	REVIEW	short_fragment	0	0				0	
ERR2040651_clean_NODE_201_length_3605_cov_13.380124	DROP	REVIEW	DROP	0	0				0	
ERR2040651_clean_NODE_377_length_3127_cov_22.059339	REVIEW	AMBIGUOUS	no_viral_domain_but_blast	0	0				0	
ERR2040651_clean_NODE_461_length_2960_cov_77.476517	DROP	REVIEW	DROP	1	0	3.34e-04	19.6	0.308	867	FAM001818
ERR2040651_clean_NODE_704_length_2684_cov_11.891708	DROP	AMBIGUOUS	DROP	0	0				0	
ERR2040651_clean_NODE_944_length_2476_cov_22.351418	KEEP	PASS_VIRAL	KEEP	19	0	4.47e-52	177.2	0.405	738	FAM004890
ERR2040652_clean_NODE_31_length_2412_cov_23.787252	KEEP	PASS_VIRAL	KEEP	2	2	4.42e-60	203.4	0.815	507	FAM004866
ERR2040652_clean_NODE_6_length_3013_cov_7.021886	KEEP	PASS_CORE	KEEP	21	5	0.00e+00	1511.8	0.443	878	FAM005832
ERR2040653_clean_NODE_22_length_2056_cov_36.594138	KEEP	PASS_VIRAL	KEEP	5	5	3.43e-239	795.7	0.700	555	FAM004987
ERR2040655_clean_NODE_1367_length_2319_cov_6.399824	REVIEW	AMBIGUOUS	short_fragment	7	0	1.51e-15	53.8	0.071	589	FAM001712
ERR2040655_clean_NODE_1452_length_2288_cov_7.926949	KEEP	PASS_VIRAL	KEEP	34	0	3.26e-59	200.8	0.393	594	FAM004890
ERR2040655_clean_NODE_16295_length_862_cov_12.179487	REVIEW	REVIEW	short_fragment	0	0				0	
ERR2040655_clean_NODE_1673_length_2212_cov_14.178423	REVIEW	AMBIGUOUS	no_viral_domain_but_blast	15	0	1.03e-15	57.3	0.185	598	FAM017957
ERR2040655_clean_NODE_173_length_3370_cov_41.161106	DROP	REVIEW	DROP	2	0	4.97e-03	15.6	0.137	877	FAM018040
ERR2040655_clean_NODE_21_length_4619_cov_11.603365	DROP	AMBIGUOUS	DROP	2	1	2.50e-26	92.6	0.420	1127	FAM012606
ERR2040655_clean_NODE_2433_length_2006_cov_139.237901	DROP	AMBIGUOUS	DROP	6	5	3.65e-64	216.6	0.984	387	FAM007945
ERR2040655_clean_NODE_252_length_3172_cov_37.162033	REVIEW	AMBIGUOUS	no_viral_domain_but_blast	0	0				0	
ERR2040655_clean_NODE_366_length_3001_cov_35.726504	KEEP	PASS_VIRAL	KEEP	5	1	5.36e-97	325.4	0.415	785	FAM004987
ERR2040655_clean_NODE_374_length_2994_cov_124.851576	KEEP	PASS_VIRAL	KEEP	3	0	2.96e-24	85.6	0.417	225	FAM021447
ERR2040655_clean_NODE_4389_length_1690_cov_10.433515	DROP	AMBIGUOUS	DROP	5	2	1.18e-80	271.0	0.981	456	FAM022905
ERR2040655_clean_NODE_510_length_2843_cov_10.701429	DROP	AMBIGUOUS	DROP	3	1	2.45e-100	336.1	0.976	764	FAM012407
ERR2040655_clean_NODE_587_length_2763_cov_17.131618	REVIEW	AMBIGUOUS	no_viral_domain_but_blast	0	0				0	
ERR2040656_clean_NODE_1363_length_2804_cov_71.755886	KEEP	PASS_VIRAL	KEEP	42	9	1.98e-35	121.5	0.121	573	FAM008177
ERR2040656_clean_NODE_1451_length_2760_cov_13.795363	DROP	AMBIGUOUS	DROP	0	0				0	
ERR2040656_clean_NODE_14542_length_971_cov_3.149784	DROP	REVIEW	DROP	21	2	1.22e-31	109.5	0.393	249	FAM006688
ERR2040656_clean_NODE_1598_length_2681_cov_19.426839	DROP	AMBIGUOUS	DROP	0	0				0	
ERR2040656_clean_NODE_16118_length_876_cov_3.040816	KEEP	PASS_CORE	KEEP	0	0				0	
ERR2040656_clean_NODE_1619_length_2671_cov_12.388128	REVIEW	AMBIGUOUS	short_fragment	7	0	9.33e-14	47.9	0.071	642	FAM001712
ERR2040656_clean_NODE_186_length_4504_cov_25.167900	KEEP	PASS_VIRAL	KEEP	12	1	7.52e-30	103.0	0.291	1212	FAM004770
ERR2040656_clean_NODE_189_length_4469_cov_33.693854	KEEP	PASS_VIRAL	KEEP	44	19	1.29e-77	261.3	0.160	965	FAM008177
ERR2040656_clean_NODE_2060_length_2494_cov_4.210934	DROP	REVIEW	DROP	0	0				0	
ERR2040656_clean_NODE_2759_length_2281_cov_5.991063	DROP	AMBIGUOUS	DROP	0	0				0	
ERR2040656_clean_NODE_277_length_4056_cov_12.935460	DROP	REVIEW	DROP	0	0				0	
ERR2040656_clean_NODE_2832_length_2264_cov_5.483116	REVIEW	AMBIGUOUS	short_fragment	6	0	1.48e-15	53.8	0.071	555	FAM001712
ERR2040656_clean_NODE_3154_length_2177_cov_15.507498	DROP	AMBIGUOUS	DROP	10	3	2.07e-05	24.0	0.696	452	FAM007314
ERR2040656_clean_NODE_3188_length_2166_cov_14.466792	DROP	AMBIGUOUS	DROP	0	0				0	
ERR2040656_clean_NODE_322_length_3933_cov_14.048586	KEEP	PASS_VIRAL	KEEP	17	0	5.78e-54	183.4	0.393	1151	FAM004890
ERR2040656_clean_NODE_541_length_3545_cov_61.732153	DROP	REVIEW	DROP	0	0				0	
ERR2040656_clean_NODE_555_length_3527_cov_31.403559	DROP	AMBIGUOUS	DROP	0	0				0	
ERR2040656_clean_NODE_785_length_3261_cov_7.872902	REVIEW	AMBIGUOUS	no_viral_domain_but_blast	0	0				0	
ERR2040656_clean_NODE_802_length_3248_cov_5.504524	DROP	AMBIGUOUS	DROP	0	0				0	
ERR2040656_clean_NODE_8552_length_1436_cov_31.884422	REVIEW	AMBIGUOUS	short_fragment	9	2	6.53e-75	251.8	0.625	235	FAM001834
ERR2040656_clean_NODE_8_length_7512_cov_90.593788	DROP	AMBIGUOUS	DROP	3	0	1.22e-55	188.5	0.261	894	FAM010955
ERR2040656_clean_NODE_941_length_3107_cov_64.647520	REVIEW	AMBIGUOUS	no_viral_domain_but_blast	0	0				0	
ERR2040657_clean_NODE_1280_length_1946_cov_47.643195	REVIEW	REVIEW	no_viral_domain_but_blast	24	8	6.93e-202	671.8	0.906	556	FAM001725
ERR2040657_clean_NODE_15937_length_668_cov_2.051200	REVIEW	PASS_VIRAL	short_fragment	0	0				0	
ERR2040657_clean_NODE_19465_length_575_cov_45.031955	DROP	REVIEW	DROP	0	0				0	
ERR2040657_clean_NODE_2105_length_1696_cov_71.647308	REVIEW	REVIEW	no_viral_domain_but_blast	12	4	6.94e-165	549.1	0.836	411	FAM003548
ERR2040657_clean_NODE_21928_length_521_cov_1.370293	DROP	REVIEW	DROP	0	0				0	
ERR2040657_clean_NODE_265_length_2823_cov_14.635252	DROP	AMBIGUOUS	DROP	4	0	5.68e-07	28.3	0.243	766	FAM007806
ERR2040657_clean_NODE_2691_length_1572_cov_10.298888	KEEP	PASS_CORE_FAM	KEEP	110	19	5.97e-187	621.4	0.871	417	FAM002989
ERR2040657_clean_NODE_2947_length_1528_cov_10.318519	REVIEW	REVIEW	no_viral_domain_but_blast	3	3	8.89e-152	505.4	0.854	370	FAM006903
ERR2040657_clean_NODE_31_length_4056_cov_21.876651	KEEP	PASS_VIRAL	KEEP	18	0	1.22e-50	172.5	0.417	1184	FAM004890
ERR2040657_clean_NODE_387_length_2593_cov_8.619216	DROP	REVIEW	DROP	2	0	9.52e-04	18.1	0.301	740	FAM001818
ERR2040657_clean_NODE_40_length_3868_cov_14.531503	REVIEW	AMBIGUOUS	no_viral_domain_but_blast	2	0	2.19e-08	32.8	0.294	1062	FAM012636
ERR2040657_clean_NODE_4159_length_1352_cov_16.151261	REVIEW	REVIEW	no_viral_domain_but_blast	3	3	4.27e-116	388.2	0.863	356	FAM002990
ERR2040657_clean_NODE_449_length_2509_cov_7.802514	DROP	AMBIGUOUS	DROP	0	0				0	
ERR2040657_clean_NODE_5358_length_1218_cov_29.947234	REVIEW	REVIEW	no_viral_domain_but_blast	0	0				0	
ERR2040657_clean_NODE_543_length_2411_cov_5.777449	REVIEW	PASS_VIRAL	short_fragment	9	0	1.76e-09	33.6	0.008	134	FAM007378
ERR2040657_clean_NODE_5831_length_1172_cov_47.186005	REVIEW	REVIEW	no_viral_domain_but_blast	6	3	4.29e-100	335.5	0.585	286	FAM003548
ERR2040657_clean_NODE_6301_length_1132_cov_2.510560	KEEP	PASS_CORE_FAM	KEEP	59	3	1.05e-102	343.6	0.469	226	FAM002989
ERR2040657_clean_NODE_772_length_2214_cov_12.687241	DROP	AMBIGUOUS	DROP	0	0				0	
ERR2040658_clean_NODE_12727_length_912_cov_2.936709	REVIEW	REVIEW	short_fragment	4	0	1.15e-08	33.1	0.043	51	FAM003304
ERR2040658_clean_NODE_146_length_3169_cov_66.732566	DROP	AMBIGUOUS	DROP	6	1	2.06e-19	67.3	0.078	789	FAM003307
ERR2040658_clean_NODE_1522_length_2066_cov_41.245180	DROP	AMBIGUOUS	DROP	0	0				0	
ERR2040658_clean_NODE_480_length_2577_cov_306.129834	DROP	AMBIGUOUS	DROP	2	0	2.41e-29	101.5	0.403	635	FAM010955
ERR2040658_clean_NODE_573_length_2505_cov_19.184809	REVIEW	AMBIGUOUS	no_viral_domain_but_blast	0	0				0	
ERR2040658_clean_NODE_87_length_3464_cov_91.104063	REVIEW	AMBIGUOUS	no_viral_domain_but_blast	4	0	4.71e-07	28.4	0.246	995	FAM012636
ERR2040658_clean_NODE_932_length_2286_cov_11.817209	KEEP	PASS_VIRAL	KEEP	32	0	1.21e-58	198.9	0.393	594	FAM004890
ERR2040659_clean_NODE_1013_length_2234_cov_533.749886	REVIEW	REVIEW	no_viral_domain_but_blast	7	6	7.03e-239	794.2	0.910	610	FAM003546
ERR2040659_clean_NODE_1276_length_2114_cov_6.008209	REVIEW	AMBIGUOUS	no_viral_domain_but_blast	0	0				0	
ERR2040659_clean_NODE_1410_length_2067_cov_12.869071	DROP	REVIEW	DROP	0	0				0	
ERR2040659_clean_NODE_1492_length_2040_cov_18.638458	DROP	REVIEW	DROP	0	0				0	
ERR2040659_clean_NODE_1537_length_2028_cov_44.778338	REVIEW	REVIEW	short_fragment	4	3	4.24e-57	192.6	0.646	137	FAM006988
ERR2040659_clean_NODE_177_length_3030_cov_79.575159	DROP	AMBIGUOUS	DROP	0	0				0	
ERR2040659_clean_NODE_1_length_10090_cov_603.368767	KEEP	PASS_CORE	KEEP	173	37	0.00e+00	4662.9	0.637	3195	FAM000291
ERR2040659_clean_NODE_2_length_8509_cov_1561.964564	KEEP	PASS_CORE	KEEP	114	36	0.00e+00	2173.3	0.920	1897	FAM000080
ERR2040659_clean_NODE_3022_length_1695_cov_39.593826	REVIEW	REVIEW	short_fragment	9	7	8.83e-162	538.6	0.911	422	FAM006294
ERR2040659_clean_NODE_378_length_2684_cov_38.087467	DROP	AMBIGUOUS	DROP	4	1	2.63e-21	73.6	0.100	747	FAM003307
ERR2040659_clean_NODE_493_length_2558_cov_13.427038	KEEP	PASS_VIRAL	KEEP	2	0	1.98e-48	164.8	0.268	687	FAM004987
ERR2040659_clean_NODE_510_length_2545_cov_20.960032	DROP	AMBIGUOUS	DROP	4	0	3.77e-20	69.7	0.079	659	FAM003307
ERR2040659_clean_NODE_6326_length_1295_cov_60.833866	REVIEW	REVIEW	short_fragment	6	6	2.57e-107	358.9	0.811	264	FAM006915
ERR2040659_clean_NODE_653_length_2431_cov_12.560302	REVIEW	AMBIGUOUS	short_fragment	18	1	1.01e-09	37.3	0.333	683	FAM026512
ERR2040659_clean_NODE_70_length_3489_cov_54.423970	DROP	REVIEW	DROP	1	0	7.32e-04	18.5	0.314	896	FAM001818
ERR2040659_clean_NODE_739_length_2378_cov_27.617987	REVIEW	REVIEW	short_fragment	6	5	6.12e-190	631.9	0.869	491	FAM006298
ERR2040659_clean_NODE_761_length_2360_cov_34.779888	KEEP	PASS_VIRAL	KEEP	8	5	2.77e-115	383.4	0.792	259	FAM003148
ERR2040660_clean_NODE_110_length_2634_cov_10.439213	DROP	AMBIGUOUS	DROP	0	0				0	
ERR2040660_clean_NODE_344_length_2170_cov_7.781852	KEEP	PASS_VIRAL	KEEP	4	1	3.33e-60	203.4	0.781	554	FAM011052
ERR2040660_clean_NODE_389_length_2122_cov_9.284752	DROP	REVIEW	DROP	9	3	1.43e-24	86.5	0.956	355	FAM010181
ERR2040660_clean_NODE_5234_length_1088_cov_20.605742	REVIEW	REVIEW	short_fragment	6	2	4.00e-15	55.2	0.493	111	FAM007469
ERR2040661_clean_NODE_15684_length_695_cov_9.171779	REVIEW	PASS_VIRAL	short_fragment	4	1	7.96e-16	58.0	0.646	104	FAM002164
ERR2040661_clean_NODE_19246_length_610_cov_2.767196	REVIEW	REVIEW	short_fragment	14	0	5.33e-36	123.6	0.083	130	FAM003304
ERR2040661_clean_NODE_2302_length_1590_cov_80.241112	REVIEW	AMBIGUOUS	short_fragment	5	3	2.47e-60	204.0	0.692	316	FAM003324
ERR2040661_clean_NODE_2887_length_1489_cov_4.455740	REVIEW	REVIEW	short_fragment	9	3	2.88e-67	226.9	0.533	321	FAM007484
ERR2040661_clean_NODE_3668_length_1371_cov_2.441265	REVIEW	REVIEW	no_viral_domain_but_blast	0	0				0	
ERR2040661_clean_NODE_44_length_3429_cov_13.686356	KEEP	PASS_VIRAL	KEEP	0	0				0	
ERR2040662_clean_NODE_25_length_3437_cov_25.062758	DROP	REVIEW	DROP	2	0	2.02e-04	20.3	0.282	881	FAM001818
ERR2040664_clean_NODE_11276_length_953_cov_1.467033	REVIEW	REVIEW	short_fragment	0	0				0	
ERR2040664_clean_NODE_1180_length_2337_cov_14.614647	KEEP	PASS_VIRAL	KEEP	26	1	7.82e-10	38.6	0.704	511	FAM002003
ERR2040664_clean_NODE_119_length_3613_cov_19.919888	REVIEW	AMBIGUOUS	no_viral_domain_but_blast	0	0				0	
ERR2040664_clean_NODE_13165_length_845_cov_3.208229	REVIEW	REVIEW	short_fragment	1	0	1.08e-04	19.9	0.023	50	FAM003304
ERR2040664_clean_NODE_5_length_5473_cov_8.230203	REVIEW	AMBIGUOUS	short_fragment	20	2	1.17e-72	244.8	0.112	173	FAM003310
ERR2040664_clean_NODE_672_length_2647_cov_10.032642	DROP	AMBIGUOUS	DROP	1	0	2.35e-08	32.6	0.364	682	FAM007966
ERR2040665_clean_NODE_14245_length_684_cov_4.580343	KEEP	PASS_CORE_FAM	KEEP	12	0	8.14e-20	70.0	0.039	54	FAM003304
ERR2040665_clean_NODE_15791_length_617_cov_1.517422	KEEP	PASS_CORE	KEEP	0	0				0	
ERR2040667_clean_NODE_5616_length_1119_cov_2.465613	REVIEW	REVIEW	short_fragment	0	0				0	
ERR2040668_clean_NODE_590_length_2203_cov_5.659722	REVIEW	AMBIGUOUS	short_fragment	8	0	1.72e-10	37.0	0.038	409	FAM001712
ERR2040668_clean_NODE_5924_length_1074_cov_49.982541	KEEP	PASS_VIRAL	KEEP	1	0	1.06e-22	80.6	0.368	208	FAM022736
ERR2040668_clean_NODE_75_length_3238_cov_31.766197	REVIEW	AMBIGUOUS	no_viral_domain_but_blast	0	0				0	
ERR2040670_clean_NODE_18391_length_526_cov_2.476190	REVIEW	REVIEW	short_fragment	7	0	1.19e-11	42.9	0.025	67	FAM003304
ERR2040670_clean_NODE_234_length_3076_cov_15.311573	DROP	AMBIGUOUS	DROP	0	0				0	
ERR2040670_clean_NODE_6952_length_1112_cov_1.658559	KEEP	PASS_CORE	KEEP	0	0				0	
ERR2040671_clean_NODE_1084_length_2194_cov_4.530451	REVIEW	REVIEW	no_viral_domain_but_blast	22	3	0.00e+00	1109.0	0.595	630	FAM003378
ERR2040671_clean_NODE_13_length_4855_cov_16.143392	KEEP	PASS_VIRAL	KEEP	8	1	1.95e-32	112.4	0.177	1397	FAM012657
ERR2040671_clean_NODE_18159_length_558_cov_2.774757	REVIEW	AMBIGUOUS	no_viral_domain_but_blast	0	0				0	
ERR2040671_clean_NODE_250_length_2991_cov_20.825305	REVIEW	AMBIGUOUS	no_viral_domain_but_blast	0	0				0	
ERR2040671_clean_NODE_485_length_2641_cov_83.092379	DROP	REVIEW	DROP	3	0	1.35e-08	32.2	0.095	600	FAM012843
ERR2040671_clean_NODE_57_length_3886_cov_7.816029	KEEP	PASS_VIRAL	KEEP	18	0	1.14e-53	182.5	0.393	1136	FAM004890
ERR2040671_clean_NODE_9881_length_918_cov_2.798857	KEEP	PASS_CORE_FAM	KEEP	0	0				0	
ERR2040672_clean_NODE_12774_length_724_cov_2.621145	REVIEW	REVIEW	short_fragment	18	2	5.03e-51	173.4	0.106	126	FAM003304
ERR2040672_clean_NODE_302_length_2471_cov_9.196458	DROP	REVIEW	DROP	0	0				0	
ERR2040672_clean_NODE_414_length_2328_cov_67.970678	DROP	AMBIGUOUS	DROP	1	0	6.86e-10	37.2	0.201	257	FAM010955
ERR2040675_clean_NODE_107_length_2977_cov_155.392638	DROP	AMBIGUOUS	DROP	0	0				0	
ERR2040678_clean_NODE_16609_length_672_cov_1.965024	REVIEW	REVIEW	short_fragment	14	1	6.95e-35	119.9	0.063	75	FAM003304
ERR2040678_clean_NODE_3_length_7153_cov_28.188608	DROP	AMBIGUOUS	DROP	1	0	3.19e-03	16.7	0.462	1687	FAM032232
ERR2040679_clean_NODE_10803_length_869_cov_1.441889	REVIEW	REVIEW	short_fragment	0	0				0	
ERR2040679_clean_NODE_19_length_5004_cov_13.360613	DROP	AMBIGUOUS	DROP	0	0				0	
ERR2040679_clean_NODE_237_length_2994_cov_63.897323	KEEP	PASS_VIRAL	KEEP	5	1	1.10e-95	321.1	0.408	783	FAM004987
ERR2040680_clean_NODE_11487_length_966_cov_21.093174	REVIEW	REVIEW	short_fragment	1	0	2.91e-05	23.6	0.272	41	FAM015418
ERR2040680_clean_NODE_1318_length_2368_cov_4.911828	DROP	REVIEW	DROP	0	0				0	
ERR2040680_clean_NODE_1558_length_2269_cov_29.459119	REVIEW	AMBIGUOUS	short_fragment	8	0	7.66e-16	54.8	0.071	581	FAM001712
ERR2040680_clean_NODE_1801_length_2181_cov_10.420954	KEEP	PASS_VIRAL	KEEP	11	0	5.12e-20	71.3	0.280	496	FAM003683
ERR2040680_clean_NODE_20865_length_570_cov_3.730550	KEEP	PASS_CORE	KEEP	0	0				0	
ERR2040680_clean_NODE_23147_length_508_cov_2.864516	REVIEW	REVIEW	short_fragment	1	0	1.18e-03	17.0	0.020	15	FAM000134
ERR2040680_clean_NODE_3784_length_1731_cov_20.162322	DROP	AMBIGUOUS	DROP	2	1	8.81e-12	44.0	0.174	369	FAM004866
ERR2040680_clean_NODE_3_length_8903_cov_83.480926	KEEP	PASS_CORE	KEEP	18	11	0.00e+00	4761.6	0.979	2819	FAM001223
ERR2040680_clean_NODE_427_length_3087_cov_7.863995	DROP	REVIEW	DROP	0	0				0	
ERR2040680_clean_NODE_724_length_2762_cov_7.773446	DROP	AMBIGUOUS	DROP	0	0				0	
ERR2040681_clean_NODE_1060_length_2506_cov_17.434430	DROP	AMBIGUOUS	DROP	2	0	3.46e-10	37.5	0.056	679	FAM010548
ERR2040681_clean_NODE_1177_length_2433_cov_7.239749	DROP	AMBIGUOUS	DROP	10	2	1.45e-18	66.3	0.722	620	FAM004842
ERR2040681_clean_NODE_1423_length_2304_cov_75.620080	DROP	AMBIGUOUS	DROP	0	0				0	
ERR2040681_clean_NODE_1425_length_2304_cov_13.364883	DROP	REVIEW	DROP	0	0				0	
ERR2040681_clean_NODE_153_length_3925_cov_12.636270	DROP	AMBIGUOUS	DROP	0	0				0	
ERR2040681_clean_NODE_15_length_6251_cov_15.184762	DROP	AMBIGUOUS	DROP	0	0				0	
ERR2040681_clean_NODE_1744_length_2158_cov_11.460993	REVIEW	AMBIGUOUS	short_fragment	0	0				0	
ERR2040681_clean_NODE_2230_length_2003_cov_8.425510	KEEP	PASS_VIRAL	KEEP	0	0				0	
ERR2040681_clean_NODE_2302_length_1979_cov_39.450930	KEEP	PASS_CORE_FAM	KEEP	37	16	2.53e-211	702.9	0.880	526	FAM001725
ERR2040681_clean_NODE_295_length_3423_cov_35.048225	DROP	REVIEW	DROP	0	0				0	
ERR2040681_clean_NODE_406_length_3190_cov_49.517318	REVIEW	AMBIGUOUS	no_viral_domain_but_blast	0	0				0	
ERR2040681_clean_NODE_436_length_3141_cov_9.514848	KEEP	PASS_VIRAL	KEEP	2	0	6.57e-06	24.3	0.056	90	FAM033791
ERR2040681_clean_NODE_50_length_4989_cov_35.423170	KEEP	PASS_CORE_FAM	KEEP	129	26	2.05e-164	548.7	0.367	666	FAM001549
ERR2040681_clean_NODE_550_length_2939_cov_115.948895	DROP	AMBIGUOUS	DROP	0	0				0	
ERR2040681_clean_NODE_6585_length_1277_cov_2561.043760	REVIEW	REVIEW	no_viral_domain_but_blast	0	0				0	
ERR2040681_clean_NODE_838_length_2664_cov_66.276994	REVIEW	AMBIGUOUS	no_viral_domain_but_blast	0	0				0	
ERR2040681_clean_NODE_863_length_2646_cov_8.019977	DROP	AMBIGUOUS	DROP	3	1	1.24e-98	330.5	0.976	737	FAM012407
ERR2040681_clean_NODE_914_length_2608_cov_35.179727	DROP	AMBIGUOUS	DROP	8	0	1.53e-22	77.7	0.076	742	FAM003307
ERR2040682_clean_NODE_114_length_3662_cov_6.502901	KEEP	PASS_VIRAL	KEEP	1	0	9.38e-06	23.6	0.243	1139	FAM030675
ERR2040682_clean_NODE_1287_length_2243_cov_5.060000	REVIEW	AMBIGUOUS	no_viral_domain_but_blast	0	0				0	
ERR2040682_clean_NODE_1308_length_2235_cov_8.482208	DROP	AMBIGUOUS	DROP	0	0				0	
ERR2040682_clean_NODE_1554_length_2139_cov_12.001908	DROP	AMBIGUOUS	DROP	0	0				0	
ERR2040682_clean_NODE_259_length_3226_cov_28.551681	REVIEW	AMBIGUOUS	no_viral_domain_but_blast	0	0				0	
ERR2040682_clean_NODE_299_length_3151_cov_63.520914	REVIEW	AMBIGUOUS	no_viral_domain_but_blast	0	0				0	
ERR2040682_clean_NODE_80_length_3908_cov_13.317982	KEEP	PASS_VIRAL	KEEP	17	0	1.03e-50	172.7	0.407	1132	FAM004890
ERR2040683_clean_NODE_101_length_3391_cov_67.399343	DROP	AMBIGUOUS	DROP	2	0	2.05e-55	187.8	0.260	894	FAM010955
ERR2040683_clean_NODE_10_length_4829_cov_55.333682	KEEP	PASS_CORE	KEEP	10	6	0.00e+00	1695.0	0.952	1075	FAM001222
ERR2040683_clean_NODE_1383_length_2071_cov_20.859961	DROP	AMBIGUOUS	DROP	0	0				0	
ERR2040683_clean_NODE_17753_length_648_cov_3.948760	KEEP	PASS_CORE	KEEP	0	0				0	
ERR2040683_clean_NODE_24_length_4134_cov_208.855292	DROP	AMBIGUOUS	DROP	6	1	9.22e-55	185.6	0.260	894	FAM010955
ERR2040683_clean_NODE_338_length_2753_cov_8.129889	DROP	AMBIGUOUS	DROP	2	2	8.11e-27	94.2	0.699	761	FAM012606
ERR2040683_clean_NODE_387_length_2688_cov_37.216257	REVIEW	AMBIGUOUS	short_fragment	15	2	4.07e-88	296.0	0.141	208	FAM003310
ERR2040684_clean_NODE_1150_length_2118_cov_9.793735	DROP	AMBIGUOUS	DROP	4	0	4.56e-05	22.4	0.286	536	FAM018129
ERR2040684_clean_NODE_15522_length_747_cov_1.832386	REVIEW	PASS_VIRAL	short_fragment	0	0				0	
ERR2040684_clean_NODE_18676_length_653_cov_2.649180	KEEP	PASS_CORE	KEEP	12	0	3.00e-27	95.2	0.216	94	FAM014960
ERR2040684_clean_NODE_228_length_2857_cov_2.542644	KEEP	PASS_CORE	KEEP	2	0	5.30e-18	64.4	0.095	68	FAM000134
ERR2040684_clean_NODE_2839_length_1677_cov_16.270502	REVIEW	PASS_VIRAL	short_fragment	0	0				0	
ERR2040684_clean_NODE_412_length_2584_cov_9.918930	DROP	AMBIGUOUS	DROP	1	0	2.93e-09	35.6	0.395	674	FAM007966
ERR2040684_clean_NODE_5136_length_1362_cov_2.549659	DROP	REVIEW	DROP	8	4	6.93e-22	77.6	0.539	349	FAM006294
ERR2040685_clean_NODE_2165_length_890_cov_6.585194	REVIEW	REVIEW	short_fragment	0	0				0	
ERR2040687_clean_NODE_178_length_2479_cov_57.621511	DROP	AMBIGUOUS	DROP	7	0	1.70e-21	74.2	0.089	704	FAM003307
ERR2040687_clean_NODE_301_length_2220_cov_16.089573	KEEP	PASS_VIRAL	KEEP	19	0	3.75e-52	177.5	0.405	483	FAM004890
ERR2040687_clean_NODE_331_length_2182_cov_16.209911	DROP	AMBIGUOUS	DROP	1	0	1.69e-04	20.5	0.258	554	FAM019854
ERR2040687_clean_NODE_48_length_3054_cov_276.939223	DROP	REVIEW	DROP	2	0	7.66e-04	18.5	0.418	805	FAM002894
ERR2040688_clean_NODE_24625_length_533_cov_1.504082	REVIEW	REVIEW	short_fragment	7	0	5.24e-14	50.8	0.041	55	FAM003304
ERR2040688_clean_NODE_359_length_2379_cov_5.456764	KEEP	PASS_CORE_FAM	KEEP	28	7	1.39e-213	711.8	0.402	471	FAM003304
ERR2040688_clean_NODE_36_length_3687_cov_5.358672	KEEP	PASS_VIRAL	KEEP	42	10	1.82e-155	519.3	0.280	349	FAM003304
ERR2040688_clean_NODE_3_length_5352_cov_13.845169	KEEP	PASS_VIRAL	KEEP	56	6	9.81e-134	447.3	0.345	621	FAM003304
ERR2040688_clean_NODE_424_length_2295_cov_5.460036	KEEP	PASS_CORE	KEEP	33	2	4.73e-112	375.5	0.186	223	FAM003304
ERR2040688_clean_NODE_725_length_2028_cov_16.509320	REVIEW	AMBIGUOUS	short_fragment	0	0				0	
ERR2040689_clean_NODE_1196_length_2520_cov_4.835688	REVIEW	REVIEW	short_fragment	0	0				0	
ERR2040689_clean_NODE_1730_length_2262_cov_16.233889	DROP	AMBIGUOUS	DROP	0	0				0	
ERR2040689_clean_NODE_3001_length_1913_cov_12.178610	REVIEW	AMBIGUOUS	short_fragment	10	1	4.63e-69	232.7	0.303	370	FAM001090
ERR2040689_clean_NODE_327_length_3440_cov_51.272593	DROP	REVIEW	DROP	0	0				0	
ERR2040689_clean_NODE_637_length_2978_cov_23.584327	REVIEW	AMBIGUOUS	no_viral_domain_but_blast	0	0				0	
ERR2040689_clean_NODE_952_length_2679_cov_13.506449	DROP	AMBIGUOUS	DROP	3	0	1.09e-03	17.6	0.217	733	FAM007918
ERR2040689_clean_NODE_983_length_2646_cov_14.203227	DROP	AMBIGUOUS	DROP	8	0	2.70e-04	19.7	0.099	648	FAM010847
ERR2040689_clean_NODE_9976_length_1141_cov_2.500000	REVIEW	REVIEW	no_viral_domain_but_blast	0	0				0	
ERR2040690_clean_NODE_10293_length_655_cov_1.395425	DROP	REVIEW	DROP	0	0				0	
ERR2040690_clean_NODE_1_length_7856_cov_21.863561	KEEP	PASS_VIRAL	KEEP	52	15	0.00e+00	1093.3	0.241	2186	FAM001326
ERR2040690_clean_NODE_250_length_2393_cov_4.190213	DROP	AMBIGUOUS	DROP	4	0	1.73e-12	46.9	0.451	574	FAM017287
ERR2040690_clean_NODE_2_length_7466_cov_20.780682	KEEP	PASS_VIRAL	KEEP	56	13	5.72e-259	862.5	0.297	2002	FAM001326
ERR2040690_clean_NODE_3070_length_1259_cov_3.321546	REVIEW	REVIEW	no_viral_domain_but_blast	7	3	8.48e-103	344.4	0.513	256	FAM003548
ERR2040691_clean_NODE_1175_length_2930_cov_12.396952	DROP	AMBIGUOUS	DROP	0	0				0	
ERR2040691_clean_NODE_15846_length_758_cov_15.657343	REVIEW	REVIEW	no_viral_domain_but_blast	4	0	2.09e-53	181.2	0.394	140	FAM014886
ERR2040691_clean_NODE_1722_length_2620_cov_2006.066744	REVIEW	REVIEW	no_viral_domain_but_blast	25	11	4.46e-300	996.5	0.914	687	FAM002056
ERR2040691_clean_NODE_1749_length_2606_cov_22.500975	DROP	AMBIGUOUS	DROP	1	0	4.54e-09	35.0	0.408	673	FAM007966
ERR2040691_clean_NODE_1805_length_2582_cov_93.454116	DROP	AMBIGUOUS	DROP	5	1	4.36e-09	35.0	0.113	519	FAM022056
ERR2040691_clean_NODE_20015_length_569_cov_2.243346	REVIEW	REVIEW	short_fragment	0	0				0	
ERR2040691_clean_NODE_2002_length_2504_cov_76.065014	DROP	REVIEW	DROP	0	0				0	
ERR2040691_clean_NODE_221_length_4314_cov_34.714353	KEEP	PASS_VIRAL	KEEP	17	0	3.99e-51	174.1	0.465	1217	FAM004890
ERR2040691_clean_NODE_2235_length_2421_cov_20.945753	REVIEW	AMBIGUOUS	short_fragment	6	0	3.17e-15	52.8	0.071	564	FAM001712
ERR2040691_clean_NODE_248_length_4224_cov_44.632145	DROP	REVIEW	DROP	0	0				0	
ERR2040691_clean_NODE_249_length_4221_cov_4.521302	KEEP	PASS_VIRAL	KEEP	17	0	1.54e-51	175.4	0.385	1232	FAM004890
ERR2040691_clean_NODE_2507_length_2335_cov_13.536213	REVIEW	AMBIGUOUS	short_fragment	8	0	6.14e-15	51.8	0.028	613	FAM001712
ERR2040691_clean_NODE_2567_length_2318_cov_7.214066	REVIEW	AMBIGUOUS	no_viral_domain_but_blast	1	0	1.47e-03	17.1	0.176	585	FAM005403
ERR2040691_clean_NODE_295_length_4059_cov_1030.622261	REVIEW	AMBIGUOUS	no_viral_domain_but_blast	9	6	1.14e-281	935.6	0.911	612	FAM003546
ERR2040691_clean_NODE_3394_length_2104_cov_43.043183	KEEP	PASS_VIRAL	KEEP	5	5	2.50e-291	968.1	0.714	589	FAM004987
ERR2040691_clean_NODE_340_length_3940_cov_11.653066	KEEP	PASS_VIRAL	KEEP	18	0	1.74e-54	185.2	0.393	1150	FAM004890
ERR2040691_clean_NODE_7150_length_1497_cov_3.207015	DROP	AMBIGUOUS	DROP	0	0				0	
ERR2040691_clean_NODE_7921_length_1411_cov_4.031433	DROP	REVIEW	DROP	4	0	4.26e-198	660.4	0.364	388	FAM003378
ERR2040691_clean_NODE_838_length_3219_cov_4.769207	REVIEW	REVIEW	no_viral_domain_but_blast	0	0				0	
ERR2040692_clean_NODE_1021_length_3221_cov_127.766520	REVIEW	AMBIGUOUS	no_viral_domain_but_blast	0	0				0	
ERR2040692_clean_NODE_1143_length_3116_cov_5.879922	DROP	AMBIGUOUS	DROP	8	0	1.67e-15	53.7	0.028	620	FAM001712
ERR2040692_clean_NODE_1407_length_2920_cov_5.175182	DROP	AMBIGUOUS	DROP	0	0				0	
ERR2040692_clean_NODE_1457_length_2883_cov_9.455634	DROP	AMBIGUOUS	DROP	0	0				0	
ERR2040692_clean_NODE_1592_length_2810_cov_7.701482	KEEP	PASS_VIRAL	KEEP	5	0	8.46e-14	50.5	0.065	696	FAM013464
ERR2040692_clean_NODE_159_length_5080_cov_161.406393	KEEP	PASS_VIRAL	KEEP	8	0	1.88e-26	92.7	0.347	1441	FAM012657
ERR2040692_clean_NODE_21013_length_586_cov_2.011050	REVIEW	REVIEW	short_fragment	0	0				0	
ERR2040692_clean_NODE_2182_length_2547_cov_19.795128	DROP	AMBIGUOUS	DROP	1	1	9.30e-146	486.1	0.900	620	FAM008104
ERR2040692_clean_NODE_221_length_4642_cov_17.028702	KEEP	PASS_VIRAL	KEEP	7	1	8.07e-31	107.1	0.179	1415	FAM012657
ERR2040692_clean_NODE_2551_length_2422_cov_44.297604	DROP	AMBIGUOUS	DROP	4	0	2.72e-09	35.7	0.111	522	FAM022056
ERR2040692_clean_NODE_258_length_4515_cov_26.155859	DROP	AMBIGUOUS	DROP	3	1	5.17e-05	22.2	0.150	1348	FAM016509
ERR2040692_clean_NODE_2625_length_2395_cov_6.102466	DROP	REVIEW	DROP	0	0				0	
ERR2040692_clean_NODE_2644_length_2390_cov_55.547081	DROP	AMBIGUOUS	DROP	0	0				0	
ERR2040692_clean_NODE_2646_length_2389_cov_91.459506	REVIEW	AMBIGUOUS	no_viral_domain_but_blast	0	0				0	
ERR2040692_clean_NODE_2978_length_2288_cov_23.890423	REVIEW	AMBIGUOUS	short_fragment	7	0	3.50e-14	49.3	0.080	561	FAM001712
ERR2040692_clean_NODE_3172_length_2231_cov_6.792048	DROP	AMBIGUOUS	DROP	0	0				0	
ERR2040692_clean_NODE_4077_length_2025_cov_3.825429	KEEP	PASS_CORE_FAM	KEEP	41	11	8.12e-146	485.7	0.837	411	FAM002989
ERR2040692_clean_NODE_478_length_3927_cov_25.628218	DROP	AMBIGUOUS	DROP	3	0	2.08e-20	72.5	0.284	949	FAM019357
ERR2040692_clean_NODE_519_length_3846_cov_178.228504	DROP	REVIEW	DROP	0	0				0	
ERR2040692_clean_NODE_526_length_3838_cov_149.274835	DROP	AMBIGUOUS	DROP	2	0	8.78e-08	30.8	0.342	927	FAM007789
ERR2040692_clean_NODE_7708_length_1485_cov_3.192788	REVIEW	REVIEW	short_fragment	0	0				0	
ERR2040692_clean_NODE_78_length_6035_cov_9.287717	KEEP	PASS_VIRAL	KEEP	17	0	5.23e-53	180.3	0.385	1758	FAM004890
ERR2040692_clean_NODE_910_length_3338_cov_11.915326	REVIEW	AMBIGUOUS	no_viral_domain_but_blast	0	0				0	
ERR2040692_clean_NODE_9251_length_1319_cov_2.521160	KEEP	PASS_VIRAL	KEEP	0	0				0	
ERR2040693_clean_NODE_1096_length_2173_cov_5.162911	DROP	AMBIGUOUS	DROP	0	0				0	
ERR2040693_clean_NODE_1155_length_2141_cov_31.295996	REVIEW	AMBIGUOUS	no_viral_domain_but_blast	0	0				0	
ERR2040693_clean_NODE_126_length_3320_cov_51.570949	REVIEW	AMBIGUOUS	no_viral_domain_but_blast	0	0				0	
ERR2040693_clean_NODE_3095_length_1608_cov_3.401278	KEEP	PASS_VIRAL	KEEP	0	0				0	
ERR2040693_clean_NODE_344_length_2777_cov_43.078639	DROP	AMBIGUOUS	DROP	4	0	1.99e-23	80.6	0.094	763	FAM003307
ERR2040693_clean_NODE_88_length_3567_cov_9.114359	DROP	AMBIGUOUS	DROP	0	0				0	
ERR2040694_clean_NODE_1019_length_2581_cov_40.006698	DROP	REVIEW	DROP	0	0				0	
ERR2040694_clean_NODE_1369_length_2371_cov_31.161082	DROP	AMBIGUOUS	DROP	7	0	1.86e-09	36.3	0.109	528	FAM022056
ERR2040694_clean_NODE_1411_length_2353_cov_11.568398	REVIEW	AMBIGUOUS	no_viral_domain_but_blast	0	0				0	
ERR2040694_clean_NODE_17157_length_787_cov_2.051075	KEEP	PASS_CORE	KEEP	0	0				0	
ERR2040694_clean_NODE_2254_length_2054_cov_7.968672	REVIEW	AMBIGUOUS	short_fragment	4	0	2.71e-12	45.5	0.065	505	FAM013464
ERR2040694_clean_NODE_267_length_3538_cov_15.948212	KEEP	PASS_VIRAL	KEEP	0	0				0	
ERR2040694_clean_NODE_29122_length_526_cov_1.685300	REVIEW	REVIEW	short_fragment	0	0				0	
ERR2040694_clean_NODE_38_length_4948_cov_25.846075	KEEP	PASS_VIRAL	KEEP	5	0	3.37e-30	105.1	0.196	1412	FAM012657
ERR2040694_clean_NODE_456_length_3112_cov_4.980124	DROP	AMBIGUOUS	DROP	3	0	7.97e-05	21.9	0.020	124	FAM023340
ERR2040695_clean_NODE_1117_length_2364_cov_17.224041	DROP	AMBIGUOUS	DROP	7	0	3.97e-10	38.5	0.113	519	FAM022056
ERR2040695_clean_NODE_1131_length_2358_cov_16.195248	REVIEW	AMBIGUOUS	short_fragment	7	0	4.10e-14	49.1	0.071	559	FAM001712
ERR2040695_clean_NODE_166_length_3478_cov_22.810480	DROP	REVIEW	DROP	3	0	2.31e-05	23.4	0.314	932	FAM001818
ERR2040695_clean_NODE_183_length_3422_cov_7.374667	KEEP	PASS_CORE	KEEP	14	7	2.42e-68	230.8	0.488	178	FAM000039
ERR2040695_clean_NODE_18866_length_502_cov_2.328976	KEEP	PASS_CORE	KEEP	0	0				0	
ERR2040695_clean_NODE_18_length_5402_cov_44.399142	REVIEW	AMBIGUOUS	no_viral_domain_but_blast	2	1	2.00e-307	1021.9	0.998	1020	FAM012677
ERR2040695_clean_NODE_1_length_7643_cov_8.461974	KEEP	PASS_CORE	KEEP	158	26	0.00e+00	2698.3	0.946	1852	FAM000125
ERR2040695_clean_NODE_2090_length_2013_cov_40.092386	DROP	AMBIGUOUS	DROP	0	0				0	
ERR2040695_clean_NODE_212_length_3347_cov_5.015738	KEEP	PASS_VIRAL	KEEP	8	0	1.24e-30	106.5	0.349	949	FAM012657
ERR2040695_clean_NODE_2_length_7485_cov_24.909702	KEEP	PASS_CORE	KEEP	42	28	3.82e-201	668.7	0.882	457	FAM000120
ERR2040695_clean_NODE_5281_length_1430_cov_2.819034	KEEP	PASS_CORE	KEEP	0	0				0	
ERR2040695_clean_NODE_648_length_2675_cov_8.357903	REVIEW	AMBIGUOUS	short_fragment	8	0	1.74e-13	47.0	0.029	601	FAM001712
ERR2040695_clean_NODE_8135_length_1103_cov_3.878302	KEEP	PASS_CORE	KEEP	0	0				0	
ERR2040695_clean_NODE_95_length_3860_cov_5.897826	KEEP	PASS_VIRAL	KEEP	18	0	4.42e-55	187.1	0.393	1106	FAM004890
ERR2040696_clean_NODE_12704_length_937_cov_1.907159	REVIEW	REVIEW	no_viral_domain_but_blast	0	0				0	
ERR2040696_clean_NODE_128_length_3785_cov_10.549439	DROP	AMBIGUOUS	DROP	0	0				0	
ERR2040696_clean_NODE_18376_length_717_cov_1.323442	REVIEW	REVIEW	short_fragment	4	0	1.13e-16	60.0	0.257	156	FAM000134
ERR2040696_clean_NODE_2166_length_2025_cov_4.385469	REVIEW	AMBIGUOUS	short_fragment	0	0				0	
ERR2040696_clean_NODE_2192_length_2018_cov_10.235949	DROP	AMBIGUOUS	DROP	0	0				0	
ERR2040696_clean_NODE_240_length_3424_cov_27.286010	DROP	REVIEW	DROP	3	0	5.23e-06	25.5	0.312	939	FAM001818
ERR2040696_clean_NODE_24138_length_581_cov_1.312268	KEEP	PASS_CORE	KEEP	10	2	1.84e-09	37.6	0.134	60	FAM000112
ERR2040696_clean_NODE_24670_length_572_cov_2.514178	KEEP	PASS_CORE	KEEP	0	0				0	
ERR2040696_clean_NODE_252_length_3403_cov_24.116071	REVIEW	AMBIGUOUS	short_fragment	0	0				0	
ERR2040696_clean_NODE_26782_length_538_cov_0.646465	REVIEW	REVIEW	short_fragment	0	0				0	
ERR2040696_clean_NODE_567_length_2839_cov_9.856223	KEEP	PASS_CORE	KEEP	23	11	3.31e-80	269.9	0.548	221	FAM000039
ERR2040696_clean_NODE_578_length_2822_cov_45.607053	KEEP	PASS_VIRAL	KEEP	12	0	7.05e-10	37.9	0.280	773	FAM011187
ERR2040696_clean_NODE_6342_length_1372_cov_4.507901	KEEP	PASS_CORE	KEEP	0	0				0	
ERR2040696_clean_NODE_6595_length_1348_cov_4.475096	REVIEW	REVIEW	no_viral_domain_but_blast	3	3	2.32e-144	481.3	0.873	363	FAM002990
ERR2040696_clean_NODE_986_length_2503_cov_2.172358	KEEP	PASS_VIRAL	KEEP	3	0	5.76e-13	47.3	0.138	265	FAM003304
ERR2040697_clean_NODE_11_length_4029_cov_10.369794	KEEP	PASS_VIRAL	KEEP	27	4	1.78e-39	134.9	0.155	255	FAM007819
ERR2040697_clean_NODE_17219_length_595_cov_1.275362	REVIEW	REVIEW	short_fragment	13	1	1.64e-17	62.0	0.042	72	FAM025821
ERR2040697_clean_NODE_27_length_3496_cov_41.801911	DROP	REVIEW	DROP	3	0	1.28e-05	23.7	0.281	943	FAM003581
ERR2040697_clean_NODE_333_length_2499_cov_12.784202	KEEP	PASS_VIRAL	KEEP	2	2	3.19e-62	210.5	0.815	507	FAM004866
ERR2040697_clean_NODE_7366_length_1106_cov_4.827846	KEEP	PASS_CORE_FAM	KEEP	25	1	8.30e-66	222.3	0.229	150	FAM000134
ERR2040697_clean_NODE_738_length_2187_cov_5.923041	REVIEW	AMBIGUOUS	no_viral_domain_but_blast	0	0				0	
ERR2040698_clean_NODE_11141_length_1092_cov_7.663489	DROP	REVIEW	DROP	14	1	1.84e-61	207.9	0.097	183	FAM000252
ERR2040698_clean_NODE_1153_length_2137_cov_28.512416	REVIEW	REVIEW	no_viral_domain_but_blast	16	10	3.00e-74	249.1	0.749	186	FAM004550
ERR2040698_clean_NODE_134_length_2974_cov_15.074719	KEEP	PASS_VIRAL	KEEP	18	0	1.40e-51	175.6	0.422	807	FAM004890
ERR2040698_clean_NODE_14047_length_951_cov_3.830396	REVIEW	REVIEW	short_fragment	0	0				0	
ERR2040698_clean_NODE_14864_length_917_cov_3.712815	DROP	REVIEW	DROP	2	0	4.75e-67	226.5	0.166	196	FAM003378
ERR2040698_clean_NODE_31068_length_533_cov_1.524490	REVIEW	REVIEW	short_fragment	0	0				0	
ERR2040698_clean_NODE_8988_length_1218_cov_3.140426	REVIEW	REVIEW	short_fragment	3	0	3.58e-13	48.0	0.046	56	FAM003304
ERR2040698_clean_NODE_9355_length_1195_cov_5.863715	REVIEW	REVIEW	short_fragment	10	0	2.07e-17	61.7	0.041	72	FAM025821
ERR2040699_clean_NODE_1021_length_2566_cov_7.179152	DROP	AMBIGUOUS	DROP	7	0	5.43e-27	94.4	0.171	717	FAM004890
ERR2040699_clean_NODE_1537_length_2311_cov_29.804233	KEEP	PASS_VIRAL	KEEP	5	5	7.65e-293	973.1	0.710	592	FAM004987
ERR2040699_clean_NODE_1660_length_2263_cov_14.750000	REVIEW	AMBIGUOUS	short_fragment	6	0	4.88e-14	48.8	0.071	562	FAM001712
ERR2040699_clean_NODE_198_length_3739_cov_39.942370	DROP	REVIEW	DROP	1	0	3.03e-04	19.7	0.323	926	FAM001818
ERR2040699_clean_NODE_3237_length_1824_cov_13.333520	KEEP	PASS_VIRAL	KEEP	19	0	8.33e-52	176.3	0.405	476	FAM004890
ERR2040699_clean_NODE_76_length_4537_cov_17.987539	DROP	AMBIGUOUS	DROP	9	0	7.10e-21	74.7	0.242	1343	FAM004896
ERR2040699_clean_NODE_906_length_2641_cov_25.252502	DROP	REVIEW	DROP	0	0				0	
ERR2040700_clean_NODE_1068_length_2736_cov_10.913851	DROP	AMBIGUOUS	DROP	0	0				0	
ERR2040700_clean_NODE_10_length_6770_cov_15.940241	DROP	AMBIGUOUS	DROP	0	0				0	
ERR2040700_clean_NODE_120_length_4483_cov_13.583108	KEEP	PASS_VIRAL	KEEP	19	0	5.97e-51	173.5	0.419	1133	FAM004890
ERR2040700_clean_NODE_13262_length_1040_cov_1.344032	KEEP	PASS_VIRAL	KEEP	20	3	5.50e-87	292.3	0.361	244	FAM000970
ERR2040700_clean_NODE_1359_length_2572_cov_5.679715	REVIEW	AMBIGUOUS	short_fragment	4	0	1.30e-11	43.5	0.153	653	FAM001080
ERR2040700_clean_NODE_1410_length_2548_cov_42.514970	DROP	AMBIGUOUS	DROP	5	1	4.97e-09	34.9	0.107	524	FAM022056
ERR2040700_clean_NODE_1613_length_2466_cov_14.328106	DROP	AMBIGUOUS	DROP	4	0	7.93e-05	21.6	0.330	611	FAM018129
ERR2040700_clean_NODE_18326_length_809_cov_3.402089	KEEP	PASS_VIRAL	KEEP	0	0				0	
ERR2040700_clean_NODE_187_length_4094_cov_4.275241	KEEP	PASS_CORE	KEEP	0	0				0	
ERR2040700_clean_NODE_2078_length_2304_cov_6.450243	REVIEW	AMBIGUOUS	short_fragment	6	0	2.81e-12	43.0	0.071	598	FAM001712
ERR2040700_clean_NODE_23347_length_656_cov_1.396411	DROP	REVIEW	DROP	0	0				0	
ERR2040700_clean_NODE_403_length_3484_cov_19.676838	REVIEW	AMBIGUOUS	no_viral_domain_but_blast	0	0				0	
ERR2040700_clean_NODE_450_length_3422_cov_11.308671	DROP	REVIEW	DROP	0	0				0	
ERR2040700_clean_NODE_455_length_3410_cov_8.263439	KEEP	PASS_VIRAL	KEEP	28	0	7.06e-58	196.4	0.393	880	FAM004890
ERR2040700_clean_NODE_459_length_3399_cov_7.740465	DROP	AMBIGUOUS	DROP	3	1	1.40e-96	323.7	0.976	928	FAM012407
ERR2040700_clean_NODE_503_length_3326_cov_8.990253	REVIEW	REVIEW	no_viral_domain_but_blast	17	4	1.25e-318	1059.4	0.598	633	FAM003378
ERR2040701_clean_NODE_1447_length_2241_cov_9.641947	DROP	AMBIGUOUS	DROP	4	1	2.31e-09	36.0	0.111	508	FAM022056
ERR2040701_clean_NODE_14610_length_652_cov_2.236453	KEEP	PASS_CORE	KEEP	11	1	4.42e-69	232.5	0.377	124	FAM000130
ERR2040701_clean_NODE_1569_length_2189_cov_23.159366	DROP	AMBIGUOUS	DROP	0	0				0	
ERR2040701_clean_NODE_15952_length_594_cov_3.301270	REVIEW	REVIEW	short_fragment	0	0				0	
ERR2040701_clean_NODE_1687_length_2146_cov_18.299572	REVIEW	AMBIGUOUS	short_fragment	7	0	1.62e-13	47.1	0.071	576	FAM001712
ERR2040701_clean_NODE_1891_length_2065_cov_11.585064	REVIEW	AMBIGUOUS	no_viral_domain_but_blast	13	3	4.14e-249	829.5	0.372	556	FAM003310
ERR2040701_clean_NODE_197_length_3593_cov_13.061408	KEEP	PASS_VIRAL	KEEP	17	0	9.49e-51	172.8	0.381	1044	FAM004890
ERR2040701_clean_NODE_238_length_3476_cov_56.067579	DROP	AMBIGUOUS	DROP	0	0				0	
ERR2040701_clean_NODE_2414_length_1908_cov_5.072922	DROP	AMBIGUOUS	DROP	10	2	2.85e-17	62.0	0.665	505	FAM004842
ERR2040701_clean_NODE_264_length_3384_cov_24.807543	DROP	REVIEW	DROP	1	0	1.59e-03	16.8	0.146	942	FAM003581
ERR2040701_clean_NODE_5028_length_1423_cov_3.881159	DROP	REVIEW	DROP	11	1	3.11e-07	29.6	0.234	85	FAM010181
ERR2040701_clean_NODE_565_length_2870_cov_110.510789	DROP	REVIEW	DROP	0	0				0	
ERR2040701_clean_NODE_615_length_2814_cov_76.379646	REVIEW	AMBIGUOUS	no_viral_domain_but_blast	0	0				0	
ERR2040701_clean_NODE_9_length_5769_cov_188.538247	KEEP	PASS_CORE	KEEP	11	5	0.00e+00	1581.8	0.343	1001	FAM001223
ERR2040702_clean_NODE_1179_length_1074_cov_25.796314	REVIEW	REVIEW	short_fragment	0	0				0	
ERR2040702_clean_NODE_3_length_3053_cov_67.083721	REVIEW	REVIEW	short_fragment	2	2	1.46e-52	178.4	0.811	258	FAM001274
ERR2040703_clean_NODE_1553_length_2551_cov_10.091308	DROP	AMBIGUOUS	DROP	12	0	5.58e-28	97.7	0.206	535	FAM007630
ERR2040703_clean_NODE_17283_length_560_cov_2.222437	REVIEW	REVIEW	short_fragment	0	0				0	
ERR2040703_clean_NODE_176_length_4360_cov_23.657633	DROP	AMBIGUOUS	DROP	0	0				0	
ERR2040703_clean_NODE_1953_length_2366_cov_13.999139	DROP	AMBIGUOUS	DROP	5	1	5.86e-09	34.6	0.107	518	FAM022056
ERR2040703_clean_NODE_2484_length_2176_cov_33.274730	REVIEW	AMBIGUOUS	short_fragment	6	0	4.87e-16	55.5	0.071	533	FAM001712
ERR2040703_clean_NODE_2831_length_2075_cov_8.424213	DROP	AMBIGUOUS	DROP	2	1	2.30e-26	92.2	0.528	579	FAM019831
ERR2040703_clean_NODE_405_length_3699_cov_104.655635	REVIEW	AMBIGUOUS	no_viral_domain_but_blast	0	0				0	
ERR2040703_clean_NODE_573_length_3403_cov_58.320238	DROP	AMBIGUOUS	DROP	3	2	5.39e-50	169.8	0.788	480	FAM020762
ERR2040703_clean_NODE_591_length_3376_cov_3.405341	DROP	AMBIGUOUS	DROP	2	1	6.27e-29	101.2	0.458	958	FAM012606
ERR2040703_clean_NODE_613_length_3339_cov_8.422330	DROP	AMBIGUOUS	DROP	1	0	5.97e-08	31.3	0.331	674	FAM007966
ERR2040703_clean_NODE_65_length_5602_cov_5.498291	KEEP	PASS_VIRAL	KEEP	0	0				0	
ERR2040703_clean_NODE_684_length_3244_cov_12.286785	REVIEW	AMBIGUOUS	no_viral_domain_but_blast	0	0				0	
ERR2040703_clean_NODE_731_length_3178_cov_8.309091	DROP	AMBIGUOUS	DROP	0	0				0	
ERR2040703_clean_NODE_790_length_3114_cov_5.945620	REVIEW	PASS_VIRAL	short_fragment	4	0	5.01e-11	41.3	0.065	488	FAM013464
ERR2040704_clean_NODE_1093_length_1645_cov_3.536205	KEEP	PASS_CORE_FAM	KEEP	72	14	1.53e-173	577.2	0.858	418	FAM002989
ERR2040704_clean_NODE_135_length_2522_cov_7.679306	REVIEW	AMBIGUOUS	no_viral_domain_but_blast	3	0	5.68e-08	31.5	0.265	521	FAM012636
ERR2040704_clean_NODE_1972_length_1388_cov_4.563569	REVIEW	REVIEW	no_viral_domain_but_blast	0	0				0	
ERR2040704_clean_NODE_2135_length_1350_cov_3.263963	KEEP	PASS_CORE	KEEP	0	0				0	
ERR2040704_clean_NODE_2189_length_1339_cov_149.215278	REVIEW	REVIEW	no_viral_domain_but_blast	5	5	1.30e-123	412.1	0.832	293	FAM014886
ERR2040704_clean_NODE_2396_length_1301_cov_23.602544	REVIEW	REVIEW	no_viral_domain_but_blast	4	4	4.38e-119	396.9	0.821	293	FAM009566
ERR2040704_clean_NODE_26_length_3237_cov_237.395116	DROP	AMBIGUOUS	DROP	0	0				0	
ERR2040704_clean_NODE_400_length_2061_cov_4664.149158_self_circular	REVIEW	REVIEW	no_viral_domain_but_blast	0	0				0	
ERR2040704_clean_NODE_4447_length_1028_cov_3740.287310	REVIEW	REVIEW	no_viral_domain_but_blast	0	0				0	
ERR2040704_clean_NODE_450_length_2007_cov_8.606925	REVIEW	AMBIGUOUS	short_fragment	0	0				0	
ERR2040704_clean_NODE_6136_length_884_cov_9.417360	REVIEW	REVIEW	no_viral_domain_but_blast	0	0				0	
ERR2040704_clean_NODE_881_length_1735_cov_4.995272	KEEP	PASS_CORE	KEEP	18	0	4.88e-62	209.8	0.234	433	FAM003304
ERR2040704_clean_NODE_89_length_2688_cov_11.682798	REVIEW	AMBIGUOUS	no_viral_domain_but_blast	0	0				0	
ERR2040704_clean_NODE_9850_length_684_cov_8.369735	KEEP	PASS_CORE_FAM	KEEP	8	0	5.99e-33	113.6	0.224	115	FAM002989
ERR2040705_clean_NODE_19907_length_505_cov_3.019481	KEEP	PASS_CORE	KEEP	0	0				0	
ERR2040705_clean_NODE_2170_length_2287_cov_5.992424	DROP	AMBIGUOUS	DROP	0	0				0	
ERR2040705_clean_NODE_2190_length_2281_cov_9.180071	REVIEW	AMBIGUOUS	short_fragment	0	0				0	
ERR2040705_clean_NODE_2472_length_2193_cov_18.464186	DROP	AMBIGUOUS	DROP	4	1	4.93e-08	31.6	0.107	520	FAM022056
ERR2040705_clean_NODE_2540_length_2175_cov_16.157598	REVIEW	AMBIGUOUS	short_fragment	6	0	4.55e-15	52.2	0.071	530	FAM001712
ERR2040705_clean_NODE_2593_length_2158_cov_22.818913	DROP	AMBIGUOUS	DROP	0	0				0	
ERR2040705_clean_NODE_3063_length_2027_cov_117.297379	DROP	AMBIGUOUS	DROP	0	0				0	
ERR2040705_clean_NODE_5_length_7658_cov_313.778858	KEEP	PASS_CORE	KEEP	74	29	0.00e+00	1673.2	0.933	1677	FAM000080
ERR2040705_clean_NODE_6223_length_1465_cov_58.199015	DROP	REVIEW	DROP	3	3	5.00e-137	456.8	0.851	366	FAM006903
ERR2040705_clean_NODE_734_length_3134_cov_18.523779	KEEP	PASS_VIRAL	KEEP	20	0	1.55e-51	175.4	0.403	775	FAM004890
ERR2040705_clean_NODE_8563_length_1183_cov_7.435088	KEEP	PASS_CORE	KEEP	0	0				0	
ERR2040706_clean_NODE_1949_length_2356_cov_13.872892	DROP	AMBIGUOUS	DROP	5	1	7.46e-10	37.6	0.111	527	FAM022056
ERR2040706_clean_NODE_2020_length_2322_cov_10.263712	REVIEW	PASS_VIRAL	short_fragment	4	0	3.98e-09	35.0	0.065	404	FAM013464
ERR2040706_clean_NODE_2591_length_2149_cov_21.652896	REVIEW	AMBIGUOUS	short_fragment	7	0	1.13e-15	54.2	0.072	531	FAM001712
ERR2040706_clean_NODE_2650_length_2128_cov_8.920384	KEEP	PASS_VIRAL	KEEP	0	0				0	
ERR2040706_clean_NODE_50_length_5940_cov_30.750721	REVIEW	AMBIGUOUS	no_viral_domain_but_blast	4	0	1.95e-07	29.7	0.314	1523	FAM012636
ERR2040706_clean_NODE_667_length_3198_cov_45.132805	REVIEW	AMBIGUOUS	no_viral_domain_but_blast	0	0				0	
ERR2040707_clean_NODE_109_length_2925_cov_56.611034	KEEP	PASS_VIRAL	KEEP	5	1	1.98e-79	266.7	0.809	605	FAM011052
ERR2040707_clean_NODE_132_length_2845_cov_13.919343	REVIEW	AMBIGUOUS	no_viral_domain_but_blast	0	0				0	
ERR2040707_clean_NODE_255_length_2568_cov_44.920792	DROP	AMBIGUOUS	DROP	0	0				0	
ERR2040707_clean_NODE_396_length_2369_cov_22.535254	DROP	AMBIGUOUS	DROP	3	2	1.93e-56	191.0	0.978	564	FAM020762
ERR2040707_clean_NODE_589_length_2172_cov_19.936120	DROP	AMBIGUOUS	DROP	4	1	3.41e-10	38.7	0.137	512	FAM022056
ERR2040707_clean_NODE_865_length_1995_cov_12.081967	KEEP	PASS_VIRAL	KEEP	2	2	1.78e-28	99.1	0.727	512	FAM004866
ERR2040708_clean_NODE_3583_length_1771_cov_13.559606	REVIEW	REVIEW	no_viral_domain_but_blast	9	2	1.96e-26	92.5	0.320	329	FAM006294
ERR2040708_clean_NODE_582_length_3026_cov_30.780758	REVIEW	AMBIGUOUS	no_viral_domain_but_blast	0	0				0	
ERR2040709_clean_NODE_104_length_3989_cov_13.404460	KEEP	PASS_VIRAL	KEEP	6	0	1.06e-37	129.5	0.247	1186	FAM013464
ERR2040709_clean_NODE_1766_length_1898_cov_6.151482	KEEP	PASS_VIRAL	KEEP	19	0	7.90e-26	90.3	0.318	519	FAM012043
ERR2040709_clean_NODE_3159_length_1586_cov_15.006481	KEEP	PASS_CORE	KEEP	97	18	2.01e-207	688.9	0.896	431	FAM002989
ERR2040709_clean_NODE_3689_length_1498_cov_16.543643	REVIEW	REVIEW	no_viral_domain_but_blast	3	3	9.08e-135	449.7	0.885	357	FAM002990
ERR2040709_clean_NODE_389_length_2899_cov_5.244748	REVIEW	AMBIGUOUS	no_viral_domain_but_blast	0	0				0	
ERR2040709_clean_NODE_5837_length_1255_cov_2.017327	REVIEW	AMBIGUOUS	short_fragment	0	0				0	
ERR2040709_clean_NODE_936_length_2270_cov_4.572070	REVIEW	AMBIGUOUS	short_fragment	0	0				0	
ERR2040710_clean_NODE_10150_length_751_cov_58.796610	REVIEW	PASS_VIRAL	short_fragment	1	1	5.89e-45	152.4	0.576	81	FAM000093
ERR2040710_clean_NODE_13149_length_642_cov_3.275459	REVIEW	REVIEW	short_fragment	0	0				0	
ERR2040710_clean_NODE_17774_length_530_cov_1.928131	REVIEW	REVIEW	short_fragment	0	0				0	
ERR2040710_clean_NODE_19209_length_503_cov_2.510870	REVIEW	REVIEW	short_fragment	9	0	4.22e-17	61.0	0.043	50	FAM003304
ERR2040710_clean_NODE_342_length_2624_cov_11.507168	KEEP	PASS_VIRAL	KEEP	0	0				0	
ERR2040710_clean_NODE_5730_length_1040_cov_2.859579	DROP	REVIEW	DROP	1	0	2.08e-100	337.0	0.218	237	FAM003378
ERR2040711_clean_NODE_149_length_3181_cov_18.289994	REVIEW	AMBIGUOUS	no_viral_domain_but_blast	0	0				0	
ERR2040711_clean_NODE_2244_length_1453_cov_17.719858	REVIEW	REVIEW	no_viral_domain_but_blast	5	2	1.22e-85	286.0	0.847	176	FAM000095
ERR2040711_clean_NODE_224_length_2872_cov_16.847296	DROP	AMBIGUOUS	DROP	15	4	1.34e-91	307.4	0.727	754	FAM031668
ERR2040711_clean_NODE_475_length_2348_cov_34.681996	DROP	AMBIGUOUS	DROP	4	0	3.93e-08	32.7	0.496	668	FAM001927
ERR2040711_clean_NODE_8062_length_747_cov_4.732955	KEEP	PASS_CORE	KEEP	0	0				0	
ERR2040711_clean_NODE_9_length_6144_cov_41.011474	KEEP	PASS_CORE	KEEP	167	36	0.00e+00	2511.1	0.660	1127	FAM000091
ERR2040712_clean_NODE_1203_length_2368_cov_18.236989	DROP	AMBIGUOUS	DROP	1	0	2.91e-04	19.6	0.254	519	FAM030713
ERR2040712_clean_NODE_1317_length_2307_cov_5.016343	REVIEW	PASS_VIRAL	short_fragment	4	0	5.47e-12	44.5	0.065	482	FAM013464
ERR2040712_clean_NODE_198_length_3726_cov_125.806136	DROP	AMBIGUOUS	DROP	5	0	1.58e-08	33.2	0.113	507	FAM022056
ERR2040712_clean_NODE_244_length_3579_cov_6.612274	KEEP	PASS_VIRAL	KEEP	15	0	1.98e-47	161.9	0.405	943	FAM004890
ERR2040712_clean_NODE_256_length_3548_cov_97.942083	REVIEW	AMBIGUOUS	no_viral_domain_but_blast	0	0				0	
ERR2040712_clean_NODE_441_length_3122_cov_92.813576	REVIEW	AMBIGUOUS	no_viral_domain_but_blast	0	0				0	
ERR2040712_clean_NODE_714_length_2755_cov_17.341814	DROP	AMBIGUOUS	DROP	10	2	4.38e-17	61.4	0.712	548	FAM004842
ERR2040714_clean_NODE_1480_length_2311_cov_10.316138	DROP	AMBIGUOUS	DROP	4	0	1.09e-07	30.4	0.115	527	FAM022056
ERR2040714_clean_NODE_1661_length_2227_cov_41.908883	REVIEW	AMBIGUOUS	short_fragment	8	0	2.95e-15	52.9	0.071	495	FAM001712
ERR2040714_clean_NODE_315_length_3499_cov_13.035590	KEEP	PASS_VIRAL	KEEP	31	2	8.25e-37	126.0	0.062	101	FAM023340
ERR2040714_clean_NODE_323_length_3478_cov_24.068705	KEEP	PASS_VIRAL	KEEP	41	18	2.77e-94	316.6	0.191	956	FAM008177
ERR2040714_clean_NODE_369_length_3369_cov_69.957306	DROP	AMBIGUOUS	DROP	2	0	9.72e-59	198.8	0.390	931	FAM010955
ERR2040714_clean_NODE_634_length_2903_cov_109.400350	REVIEW	AMBIGUOUS	no_viral_domain_but_blast	0	0				0	
ERR2040714_clean_NODE_6_length_7074_cov_26.928886	KEEP	PASS_VIRAL	KEEP	7	1	2.21e-68	231.0	0.259	2120	FAM013464
ERR2040715_clean_NODE_114_length_5043_cov_20.377800	DROP	AMBIGUOUS	DROP	0	0				0	
ERR2040715_clean_NODE_11585_length_1009_cov_4.272257	DROP	AMBIGUOUS	DROP	3	0	3.91e-41	140.6	0.119	146	FAM003304
ERR2040715_clean_NODE_1385_length_2725_cov_2.605518	DROP	REVIEW	DROP	0	0				0	
ERR2040715_clean_NODE_1438_length_2695_cov_20.257541	KEEP	PASS_VIRAL	KEEP	4	0	4.82e-13	48.0	0.065	713	FAM013464
ERR2040715_clean_NODE_21855_length_545_cov_1.328685	KEEP	PASS_CORE	KEEP	0	0				0	
ERR2040715_clean_NODE_2774_length_2148_cov_27.046081	DROP	AMBIGUOUS	DROP	0	0				0	
ERR2040715_clean_NODE_2896_length_2118_cov_38.711325	DROP	AMBIGUOUS	DROP	0	0				0	
ERR2040715_clean_NODE_331_length_4016_cov_9.548704	KEEP	PASS_VIRAL	KEEP	46	1	2.03e-30	105.6	0.499	1023	FAM031725
ERR2040715_clean_NODE_533_length_3556_cov_58.602334	REVIEW	AMBIGUOUS	no_viral_domain_but_blast	0	0				0	
ERR2040715_clean_NODE_634_length_3411_cov_12.832542	DROP	AMBIGUOUS	DROP	0	0				0	
ERR2040715_clean_NODE_652_length_3387_cov_18.556818	DROP	AMBIGUOUS	DROP	7	0	2.00e-19	69.5	0.168	794	FAM007630
ERR2040715_clean_NODE_739_length_3289_cov_15.616143	KEEP	PASS_VIRAL	KEEP	32	1	6.16e-57	193.3	0.427	884	FAM004890
ERR2040716_clean_NODE_21478_length_538_cov_1.747475	KEEP	PASS_CORE_FAM	KEEP	0	0				0	
ERR2040716_clean_NODE_2495_length_1317_cov_9.159341	REVIEW	PASS_VIRAL	short_fragment	1	0	7.75e-07	29.0	0.388	67	FAM000251
ERR2040716_clean_NODE_329_length_2044_cov_31.498251	REVIEW	AMBIGUOUS	no_viral_domain_but_blast	0	0				0	
ERR2040716_clean_NODE_47_length_2723_cov_42.061940	DROP	REVIEW	DROP	0	0				0	
ERR2040717_clean_NODE_1019_length_2020_cov_6.030349	KEEP	PASS_CORE	KEEP	76	8	9.35e-115	384.4	0.406	287	FAM000071
ERR2040717_clean_NODE_102_length_3217_cov_13.649338	REVIEW	REVIEW	short_fragment	0	0				0	
ERR2040717_clean_NODE_17_length_4427_cov_20.800867	KEEP	PASS_CORE	KEEP	26	5	5.14e-192	640.2	0.277	598	FAM000252
ERR2040717_clean_NODE_1_length_6968_cov_497.258339	KEEP	PASS_CORE	KEEP	86	30	0.00e+00	1397.2	0.544	1472	FAM000080
ERR2040717_clean_NODE_21678_length_618_cov_2.280000	DROP	REVIEW	DROP	0	0				0	
ERR2040717_clean_NODE_24944_length_566_cov_2.485660	REVIEW	PASS_VIRAL	short_fragment	0	0				0	
ERR2040717_clean_NODE_26908_length_540_cov_3.251509	KEEP	PASS_CORE	KEEP	0	0				0	
ERR2040717_clean_NODE_27432_length_533_cov_5.473469	REVIEW	REVIEW	short_fragment	0	0				0	
ERR2040717_clean_NODE_4_length_6556_cov_7273.673576	KEEP	PASS_CORE	KEEP	65	27	0.00e+00	1789.1	0.941	1384	FAM000088
ERR2040717_clean_NODE_562_length_2297_cov_7.777728	DROP	REVIEW	DROP	3	0	2.36e-42	144.1	0.217	437	FAM000125
ERR2040717_clean_NODE_5_length_6348_cov_11.358763	REVIEW	REVIEW	short_fragment	77	9	0.00e+00	1175.6	0.376	1802	FAM000125
ERR2040718_clean_NODE_132_length_3682_cov_24.653476	DROP	REVIEW	DROP	0	0				0	
ERR2040718_clean_NODE_2177_length_1785_cov_14.142939	REVIEW	PASS_VIRAL	short_fragment	0	0				0	
ERR2040718_clean_NODE_437_length_2825_cov_37.549964	REVIEW	AMBIGUOUS	no_viral_domain_but_blast	0	0				0	
ERR2040718_clean_NODE_480_length_2767_cov_25.495595	DROP	AMBIGUOUS	DROP	0	0				0	
ERR2040718_clean_NODE_554_length_2680_cov_592.576033	REVIEW	AMBIGUOUS	short_fragment	0	0				0	
ERR2040719_clean_NODE_1228_length_2327_cov_37.644483	REVIEW	AMBIGUOUS	short_fragment	0	0				0	
ERR2040719_clean_NODE_1413_length_2229_cov_41.863678	DROP	AMBIGUOUS	DROP	1	0	5.76e-19	68.2	0.449	413	FAM010564
ERR2040719_clean_NODE_1459_length_2214_cov_11.345002	KEEP	PASS_VIRAL	KEEP	32	17	6.25e-42	143.0	0.149	608	FAM008177
ERR2040719_clean_NODE_545_length_2875_cov_11.951624	KEEP	PASS_VIRAL	KEEP	4	0	1.86e-09	36.1	0.066	437	FAM013464
ERR2040719_clean_NODE_986_length_2469_cov_23.270816	KEEP	PASS_VIRAL	KEEP	8	2	9.62e-23	78.9	0.136	363	FAM000252
ERR2040720_clean_NODE_21_length_5899_cov_5.454235	KEEP	PASS_VIRAL	KEEP	9	0	6.03e-39	133.5	0.228	1667	FAM004768
ERR2040720_clean_NODE_36_length_5062_cov_39.910341	KEEP	PASS_VIRAL	KEEP	7	0	2.93e-25	88.8	0.347	1444	FAM012657
ERR2040720_clean_NODE_691_length_2534_cov_24.150542	REVIEW	REVIEW	short_fragment	3	0	5.05e-08	30.3	0.093	700	FAM012843
ERR2040720_clean_NODE_781_length_2443_cov_6.267500	DROP	REVIEW	DROP	0	0				0	
ERR2040721_clean_NODE_1_length_12347_cov_1411.996751	KEEP	PASS_CORE	KEEP	75	28	0.00e+00	4395.1	0.632	3343	FAM000291
ERR2040721_clean_NODE_2284_length_1486_cov_9.061337	REVIEW	REVIEW	short_fragment	14	2	1.09e-42	146.1	0.551	271	FAM014960
ERR2040721_clean_NODE_2_length_9102_cov_2518.250138	KEEP	PASS_CORE	KEEP	73	30	0.00e+00	1848.5	0.942	1502	FAM000088
ERR2040721_clean_NODE_3_length_8428_cov_5148.384249	KEEP	PASS_CORE	KEEP	73	30	0.00e+00	1840.8	0.942	1471	FAM000088
ERR2040721_clean_NODE_542_length_2054_cov_28.861317	DROP	AMBIGUOUS	DROP	1	1	1.62e-13	50.3	0.712	489	FAM004746
ERR2040721_clean_NODE_9161_length_834_cov_5.643304	REVIEW	REVIEW	short_fragment	7	0	1.48e-10	40.2	0.298	163	FAM006294
ERR2040722_clean_NODE_1_length_10936_cov_6326.796475	KEEP	PASS_CORE	KEEP	194	30	0.00e+00	3464.3	0.631	2147	FAM000291
ERR2040722_clean_NODE_209_length_2281_cov_294.765416	KEEP	PASS_VIRAL	KEEP	5	5	1.30e-291	969.0	0.712	587	FAM004987
ERR2040722_clean_NODE_2_length_9582_cov_5334.675962	KEEP	PASS_CORE	KEEP	133	36	0.00e+00	4748.8	0.632	3031	FAM000291
ERR2040723_clean_NODE_3083_length_1039_cov_6.192231	DROP	REVIEW	DROP	1	0	4.59e-111	372.2	0.225	239	FAM003378
ERR2040723_clean_NODE_3_length_8983_cov_7301.135561	KEEP	PASS_CORE	KEEP	100	30	0.00e+00	1461.8	0.701	1413	FAM000080
ERR2040724_clean_NODE_10393_length_1014_cov_2.671473	REVIEW	AMBIGUOUS	no_viral_domain_but_blast	10	0	2.56e-13	48.9	0.041	33	FAM000970
ERR2040724_clean_NODE_15442_length_789_cov_2.576408	REVIEW	REVIEW	short_fragment	0	0				0	
ERR2040724_clean_NODE_17452_length_724_cov_1.916300	REVIEW	AMBIGUOUS	short_fragment	3	0	8.08e-16	56.8	0.062	81	FAM003304
ERR2040724_clean_NODE_18059_length_706_cov_4.815988	DROP	REVIEW	DROP	0	0				0	
ERR2040724_clean_NODE_1975_length_2044_cov_10.171414	REVIEW	AMBIGUOUS	short_fragment	7	0	9.02e-16	54.6	0.071	522	FAM001712
ERR2040724_clean_NODE_206_length_3553_cov_6.692877	DROP	REVIEW	DROP	0	0				0	
ERR2040724_clean_NODE_238_length_3474_cov_287.727485	DROP	REVIEW	DROP	2	0	3.09e-05	22.4	0.097	949	FAM003581
ERR2040724_clean_NODE_25642_length_550_cov_1.668639	DROP	REVIEW	DROP	13	0	2.19e-18	65.6	0.120	82	FAM000134
ERR2040724_clean_NODE_263_length_3418_cov_15.653037	DROP	AMBIGUOUS	DROP	0	0				0	
ERR2040724_clean_NODE_27356_length_523_cov_1.675000	REVIEW	REVIEW	short_fragment	0	0				0	
ERR2040724_clean_NODE_29047_length_500_cov_0.890591	REVIEW	REVIEW	short_fragment	0	0				0	
ERR2040724_clean_NODE_542_length_2871_cov_22.121641	KEEP	PASS_VIRAL	KEEP	0	0				0	
ERR2040724_clean_NODE_685_length_2719_cov_4.924514	KEEP	PASS_VIRAL	KEEP	0	0				0	
ERR2040724_clean_NODE_802_length_2620_cov_6.422196	DROP	AMBIGUOUS	DROP	0	0				0	
ERR2040724_clean_NODE_807_length_2614_cov_14.092571	KEEP	PASS_VIRAL	KEEP	0	0				0	
ERR2040724_clean_NODE_865_length_2577_cov_12.665746	KEEP	PASS_VIRAL	KEEP	36	18	1.01e-42	145.7	0.168	603	FAM008177
ERR2040725_clean_NODE_1064_length_2640_cov_294.497112	REVIEW	AMBIGUOUS	short_fragment	5	1	8.81e-84	281.5	0.868	661	FAM019894
ERR2040725_clean_NODE_12431_length_959_cov_6.893013	REVIEW	REVIEW	no_viral_domain_but_blast	4	2	1.49e-69	234.3	0.507	178	FAM014886
ERR2040725_clean_NODE_13694_length_894_cov_3.867215	DROP	REVIEW	DROP	0	0				0	
ERR2040725_clean_NODE_1820_length_2234_cov_13.078047	REVIEW	AMBIGUOUS	no_viral_domain_but_blast	0	0				0	
ERR2040725_clean_NODE_1907_length_2204_cov_20.820453	KEEP	PASS_VIRAL	KEEP	0	0				0	
ERR2040725_clean_NODE_19319_length_684_cov_2.989080	REVIEW	REVIEW	short_fragment	1	0	2.14e-45	154.8	0.127	144	FAM003378
ERR2040725_clean_NODE_24201_length_566_cov_2.586998	DROP	REVIEW	DROP	0	0				0	
ERR2040725_clean_NODE_26489_length_525_cov_2.363071	REVIEW	PASS_VIRAL	short_fragment	1	0	5.15e-06	26.8	0.376	73	FAM000100
ERR2040725_clean_NODE_26632_length_523_cov_0.812500	REVIEW	REVIEW	short_fragment	0	0				0	
ERR2040725_clean_NODE_2882_length_1936_cov_5.578447	REVIEW	PASS_VIRAL	short_fragment	0	0				0	
ERR2040725_clean_NODE_438_length_3289_cov_5.751694	REVIEW	AMBIGUOUS	no_viral_domain_but_blast	0	0				0	
ERR2040725_clean_NODE_443_length_3286_cov_5.684243	REVIEW	REVIEW	no_viral_domain_but_blast	2	1	1.98e-80	270.3	0.833	323	FAM008795
ERR2040725_clean_NODE_448_length_3269_cov_21.321761	KEEP	PASS_VIRAL	KEEP	4	1	1.04e-133	447.0	0.549	862	FAM013464
ERR2040725_clean_NODE_6499_length_1405_cov_4.991924	KEEP	PASS_CORE	KEEP	0	0				0	
ERR2040726_clean_NODE_186_length_3452_cov_26.864770	REVIEW	REVIEW	no_viral_domain_but_blast	45	3	4.47e-312	1037.8	0.560	594	FAM003378
ERR2040726_clean_NODE_195_length_3422_cov_28.677123	DROP	AMBIGUOUS	DROP	2	0	5.70e-56	189.6	0.286	891	FAM010955
ERR2040726_clean_NODE_218_length_3350_cov_8.033868	KEEP	PASS_VIRAL	KEEP	35	0	6.76e-59	199.7	0.391	902	FAM004890
ERR2040726_clean_NODE_2645_length_1745_cov_5.283196	KEEP	PASS_VIRAL	KEEP	1	0	4.78e-03	14.5	0.070	103	FAM003304
ERR2040726_clean_NODE_439_length_2848_cov_6.934046	DROP	AMBIGUOUS	DROP	3	0	5.95e-06	25.1	0.130	132	FAM007630
ERR2040726_clean_NODE_541_length_2726_cov_9.518077	DROP	AMBIGUOUS	DROP	0	0				0	
ERR2040726_clean_NODE_6624_length_1211_cov_6.184075	KEEP	PASS_VIRAL	KEEP	0	0				0	
ERR2040726_clean_NODE_7479_length_1138_cov_3.559817	REVIEW	REVIEW	short_fragment	11	0	1.12e-26	92.7	0.064	75	FAM003304
ERR2040726_clean_NODE_872_length_2410_cov_25.866075	REVIEW	AMBIGUOUS	no_viral_domain_but_blast	1	1	1.09e-175	584.9	0.878	512	FAM021041
ERR2040726_clean_NODE_94_length_3984_cov_6.297640	KEEP	PASS_CORE	KEEP	3	0	1.41e-33	115.6	0.158	226	FAM003304
ERR2040727_clean_NODE_1_length_9653_cov_957.251717	KEEP	PASS_CORE	KEEP	145	37	0.00e+00	4661.2	0.635	3013	FAM000291
ERR2040727_clean_NODE_2762_length_1091_cov_4.961832	DROP	REVIEW	DROP	1	0	8.21e-120	401.2	0.237	256	FAM003378
ERR2040728_clean_NODE_11260_length_635_cov_2.873311	KEEP	PASS_VIRAL	KEEP	0	0				0	
ERR2040729_clean_NODE_2058_length_1428_cov_2.552347	DROP	AMBIGUOUS	DROP	4	0	9.96e-52	175.7	0.147	183	FAM003304
ERR2040729_clean_NODE_235_length_2322_cov_34.716104	KEEP	PASS_VIRAL	KEEP	6	6	1.68e-268	892.6	0.714	563	FAM004987
ERR2040729_clean_NODE_57_length_2949_cov_9.234687	DROP	REVIEW	DROP	0	0				0	
ERR2040730_clean_NODE_114_length_3323_cov_9.326220	KEEP	PASS_CORE	KEEP	97	31	0.00e+00	2269.4	0.935	2034	FAM000080
ERR2040730_clean_NODE_1175_length_2112_cov_4.247463	REVIEW	PASS_VIRAL	short_fragment	4	0	3.24e-11	41.9	0.065	495	FAM013464
ERR2040730_clean_NODE_175_length_3126_cov_4.297762	KEEP	PASS_VIRAL	KEEP	4	0	1.13e-30	106.3	0.311	849	FAM029544
ERR2040730_clean_NODE_184_length_3103_cov_30.308497	DROP	AMBIGUOUS	DROP	2	0	1.42e-39	135.4	0.121	935	FAM010955
ERR2040730_clean_NODE_18540_length_582_cov_2.788497	KEEP	PASS_CORE	KEEP	0	0				0	
ERR2040730_clean_NODE_19792_length_556_cov_0.902534	REVIEW	REVIEW	short_fragment	0	0				0	
ERR2040730_clean_NODE_20163_length_548_cov_2.142574	KEEP	PASS_CORE	KEEP	0	0				0	
ERR2040730_clean_NODE_20349_length_544_cov_2.133733	KEEP	PASS_CORE	KEEP	0	0				0	
ERR2040730_clean_NODE_371_length_2704_cov_98.370537	DROP	AMBIGUOUS	DROP	2	0	4.36e-04	19.0	0.193	571	FAM030713
ERR2040730_clean_NODE_384_length_2690_cov_40.109936	KEEP	PASS_VIRAL	KEEP	54	22	1.19e-50	172.2	0.904	474	FAM012364
ERR2040730_clean_NODE_4220_length_1408_cov_3.858608	REVIEW	PASS_VIRAL	short_fragment	0	0				0	
ERR2040730_clean_NODE_6168_length_1181_cov_4.002636	DROP	REVIEW	DROP	3	2	5.09e-79	266.0	0.643	278	FAM002990
ERR2040730_clean_NODE_891_length_2256_cov_12.239494	DROP	AMBIGUOUS	DROP	0	0				0	
ERR2040731_clean_NODE_11874_length_739_cov_2.186782	REVIEW	REVIEW	short_fragment	0	0				0	
ERR2040731_clean_NODE_4070_length_1269_cov_2.650897	REVIEW	REVIEW	no_viral_domain_but_blast	7	1	1.13e-17	63.8	0.646	102	FAM003404
ERR2040731_clean_NODE_5015_length_1154_cov_9.140414	KEEP	PASS_CORE	KEEP	0	0				0	
ERR2040731_clean_NODE_73_length_3699_cov_5.378282	KEEP	PASS_VIRAL	KEEP	8	1	2.64e-162	541.6	0.625	955	FAM013464
ERR2040731_clean_NODE_7573_length_944_cov_3.769145	DROP	REVIEW	DROP	0	0				0	
ERR2040731_clean_NODE_7708_length_936_cov_3.575588	REVIEW	AMBIGUOUS	short_fragment	12	0	3.95e-31	107.5	0.075	112	FAM003304
ERR2040732_clean_NODE_11_length_6766_cov_11.429951	KEEP	PASS_VIRAL	KEEP	47	6	2.39e-123	412.4	0.208	354	FAM001677
ERR2040732_clean_NODE_1214_length_2692_cov_8.815581	KEEP	PASS_VIRAL	KEEP	4	0	5.37e-09	34.6	0.065	437	FAM013464
ERR2040732_clean_NODE_1266_length_2663_cov_3.520928	KEEP	PASS_VIRAL	KEEP	0	0				0	
ERR2040732_clean_NODE_1800_length_2383_cov_17.297274	KEEP	PASS_VIRAL	KEEP	16	0	2.75e-47	161.4	0.398	551	FAM004890
ERR2040732_clean_NODE_226_length_4045_cov_16.445137	KEEP	PASS_VIRAL	KEEP	8	0	4.98e-32	111.1	0.273	1100	FAM012657
ERR2040732_clean_NODE_2666_length_2092_cov_3.942635	REVIEW	AMBIGUOUS	short_fragment	0	0				0	
ERR2040733_clean_NODE_11034_length_1106_cov_2.603951	REVIEW	REVIEW	short_fragment	12	0	6.29e-11	41.6	0.254	196	FAM002166
ERR2040733_clean_NODE_1219_length_2750_cov_34.909863	REVIEW	AMBIGUOUS	no_viral_domain_but_blast	0	0				0	
ERR2040733_clean_NODE_1412_length_2627_cov_8.746130	KEEP	PASS_VIRAL	KEEP	4	0	1.98e-09	36.0	0.066	418	FAM013464
ERR2040733_clean_NODE_1750_length_2462_cov_13.528731	REVIEW	AMBIGUOUS	short_fragment	9	0	2.75e-17	59.6	0.028	571	FAM001712
ERR2040733_clean_NODE_1858_length_2423_cov_45.646639	REVIEW	AMBIGUOUS	no_viral_domain_but_blast	0	0				0	
ERR2040733_clean_NODE_21161_length_665_cov_2.678457	REVIEW	REVIEW	short_fragment	0	0				0	
ERR2040733_clean_NODE_36_length_5492_cov_14.489815	KEEP	PASS_VIRAL	KEEP	20	3	5.26e-11	41.9	0.709	1450	FAM010266
ERR2040733_clean_NODE_727_length_3126_cov_7.103471	REVIEW	PASS_VIRAL	short_fragment	45	16	1.61e-43	148.3	0.135	721	FAM008177
ERR2040733_clean_NODE_818_length_3053_cov_50.562458	KEEP	PASS_VIRAL	KEEP	0	0				0	
ERR2040733_clean_NODE_941_length_2956_cov_10.825953	REVIEW	AMBIGUOUS	no_viral_domain_but_blast	0	0				0	
ERR2040734_clean_NODE_550_length_2320_cov_21.288840	DROP	AMBIGUOUS	DROP	4	0	1.65e-09	36.4	0.111	510	FAM022056
ERR2040734_clean_NODE_75_length_3346_cov_36.437330	REVIEW	AMBIGUOUS	no_viral_domain_but_blast	0	0				0	
ERR2040735_clean_NODE_1191_length_2291_cov_9.471975	REVIEW	AMBIGUOUS	no_viral_domain_but_blast	0	0				0	
ERR2040735_clean_NODE_1205_length_2279_cov_43.371646	REVIEW	AMBIGUOUS	no_viral_domain_but_blast	0	0				0	
ERR2040735_clean_NODE_1473_length_2151_cov_23.355313	DROP	AMBIGUOUS	DROP	0	0				0	
ERR2040735_clean_NODE_1566_length_2114_cov_2.892805	REVIEW	REVIEW	no_viral_domain_but_blast	22	2	4.25e-46	157.0	0.081	98	FAM003304
ERR2040735_clean_NODE_224_length_3402_cov_12.850253	DROP	AMBIGUOUS	DROP	7	0	1.11e-17	63.7	0.176	653	FAM007630
ERR2040735_clean_NODE_269_length_3283_cov_26.798148	KEEP	PASS_VIRAL	KEEP	18	0	3.91e-52	177.4	0.405	863	FAM004890
ERR2040735_clean_NODE_939_length_2434_cov_6.328315	REVIEW	PASS_VIRAL	short_fragment	4	0	4.39e-12	44.8	0.065	513	FAM013464
ERR2040735_clean_NODE_987_length_2404_cov_6.396866	REVIEW	PASS_VIRAL	short_fragment	8	0	1.58e-17	60.4	0.071	575	FAM001712
ERR2040735_clean_NODE_988_length_2404_cov_2.761965	KEEP	PASS_CORE_FAM	KEEP	25	6	4.25e-217	723.4	0.459	605	FAM003304
ERR2040736_clean_NODE_1_length_5358_cov_14.067545	KEEP	PASS_CORE	KEEP	52	20	0.00e+00	1848.4	0.942	1502	FAM000088
ERR2040736_clean_NODE_6_length_3257_cov_60.534536	DROP	REVIEW	DROP	1	0	7.38e-03	14.6	0.151	821	FAM003250
ERR2040737_clean_NODE_1067_length_2308_cov_16.701104	DROP	AMBIGUOUS	DROP	3	1	8.39e-23	80.2	0.721	654	FAM004846
ERR2040737_clean_NODE_1522_length_2095_cov_60.587719	REVIEW	AMBIGUOUS	no_viral_domain_but_blast	0	0				0	
ERR2040737_clean_NODE_304_length_3159_cov_20.595635	REVIEW	AMBIGUOUS	short_fragment	0	0				0	
ERR2040737_clean_NODE_383_length_2999_cov_91.025372	REVIEW	AMBIGUOUS	no_viral_domain_but_blast	0	0				0	
ERR2040737_clean_NODE_5955_length_1251_cov_8.971026	DROP	REVIEW	DROP	0	0				0	
ERR2040737_clean_NODE_91_length_3937_cov_7.112994	KEEP	PASS_VIRAL	KEEP	18	0	4.58e-52	177.2	0.422	1017	FAM004890
ERR2040738_clean_NODE_1332_length_2241_cov_13.237081	DROP	AMBIGUOUS	DROP	11	2	2.70e-18	65.4	0.712	602	FAM004842
ERR2040738_clean_NODE_1334_length_2240_cov_11.211338	REVIEW	AMBIGUOUS	short_fragment	9	0	1.18e-17	60.8	0.071	553	FAM001712
ERR2040738_clean_NODE_13491_length_835_cov_5.880000	REVIEW	PASS_VIRAL	short_fragment	2	1	2.08e-21	76.2	0.552	86	FAM001308
ERR2040738_clean_NODE_13580_length_831_cov_1.771357	DROP	REVIEW	DROP	0	0				0	
ERR2040738_clean_NODE_234_length_3207_cov_9.151324	KEEP	PASS_VIRAL	KEEP	4	0	5.35e-10	37.9	0.065	498	FAM013464
ERR2040738_clean_NODE_314_length_3033_cov_20.078386	REVIEW	AMBIGUOUS	no_viral_domain_but_blast	0	0				0	
ERR2040738_clean_NODE_3240_length_1755_cov_50.091279	KEEP	PASS_VIRAL	KEEP	0	0				0	
ERR2040738_clean_NODE_7344_length_1243_cov_19.457781	REVIEW	REVIEW	short_fragment	0	0				0	
ERR2040738_clean_NODE_874_length_2473_cov_18.586136	DROP	AMBIGUOUS	DROP	4	0	1.34e-08	33.4	0.105	474	FAM022056
ERR2040739_clean_NODE_10690_length_870_cov_3.071342	REVIEW	REVIEW	short_fragment	0	0				0	
ERR2040739_clean_NODE_1093_length_2675_cov_30.281535	DROP	AMBIGUOUS	DROP	8	0	1.96e-10	40.3	0.262	756	FAM005900
ERR2040739_clean_NODE_1251_length_2561_cov_12.476569	KEEP	PASS_VIRAL	KEEP	45	4	1.72e-29	102.5	0.334	554	FAM008016
ERR2040739_clean_NODE_1305_length_2527_cov_14.010064	DROP	REVIEW	DROP	0	0				0	
ERR2040739_clean_NODE_1627_length_2341_cov_13.436031	REVIEW	REVIEW	short_fragment	0	0				0	
ERR2040739_clean_NODE_165_length_4325_cov_31.915460	REVIEW	REVIEW	no_viral_domain_but_blast	10	6	3.26e-35	121.3	0.533	423	FAM007484
ERR2040739_clean_NODE_1792_length_2270_cov_3.557252	KEEP	PASS_VIRAL	KEEP	30	7	6.82e-211	703.0	0.257	467	FAM023340
ERR2040739_clean_NODE_248_length_3980_cov_21.068072	KEEP	PASS_VIRAL	KEEP	6	1	7.38e-160	533.5	0.637	940	FAM013464
ERR2040739_clean_NODE_274_length_3882_cov_8.295129	DROP	REVIEW	DROP	0	0				0	
ERR2040739_clean_NODE_293_length_3831_cov_32.371964	KEEP	PASS_VIRAL	KEEP	18	2	6.17e-50	170.1	0.526	1066	FAM004890
ERR2040739_clean_NODE_469_length_3405_cov_6.484533	REVIEW	REVIEW	no_viral_domain_but_blast	23	4	0.00e+00	1076.7	0.585	630	FAM003378
ERR2040739_clean_NODE_52_length_5547_cov_33.398619	DROP	AMBIGUOUS	DROP	0	0				0	
ERR2040740_clean_NODE_1171_length_2822_cov_8.692335	DROP	AMBIGUOUS	DROP	16	2	1.55e-29	102.3	0.093	115	FAM008902
ERR2040740_clean_NODE_1277_length_2755_cov_10.256268	KEEP	PASS_VIRAL	KEEP	36	10	4.19e-45	153.6	0.207	783	FAM008177
ERR2040740_clean_NODE_1375_length_2684_cov_93.331693	REVIEW	AMBIGUOUS	no_viral_domain_but_blast	0	0				0	
ERR2040740_clean_NODE_1473_length_2618_cov_3.229126	DROP	AMBIGUOUS	DROP	17	1	6.55e-62	209.2	0.074	136	FAM023340
ERR2040740_clean_NODE_1994_length_2346_cov_42.550152	DROP	REVIEW	DROP	3	0	7.15e-04	17.9	0.320	510	FAM003349
ERR2040740_clean_NODE_2017_length_2339_cov_31.181185	DROP	AMBIGUOUS	DROP	0	0				0	
ERR2040740_clean_NODE_210_length_4385_cov_28.604330	DROP	AMBIGUOUS	DROP	2	0	1.49e-51	175.1	0.412	1165	FAM012634
ERR2040740_clean_NODE_2349_length_2204_cov_16.406293	DROP	REVIEW	DROP	2	0	1.72e-05	23.4	0.164	542	FAM001989
ERR2040740_clean_NODE_2429_length_2174_cov_160.499765	REVIEW	AMBIGUOUS	no_viral_domain_but_blast	0	0				0	
ERR2040740_clean_NODE_2494_length_2149_cov_61.005223	REVIEW	AMBIGUOUS	no_viral_domain_but_blast	0	0				0	
ERR2040740_clean_NODE_2957_length_2027_cov_21.763105	DROP	REVIEW	DROP	0	0				0	
ERR2040740_clean_NODE_3526_length_1893_cov_20.677297	REVIEW	PASS_VIRAL	short_fragment	0	0				0	
ERR2040740_clean_NODE_361_length_3883_cov_8.872656	KEEP	PASS_CORE	KEEP	30	0	8.66e-93	311.7	0.156	187	FAM003304
ERR2040740_clean_NODE_396_length_3796_cov_71.225686	KEEP	PASS_VIRAL	KEEP	19	1	4.87e-52	177.1	0.573	1064	FAM004890
ERR2040740_clean_NODE_7062_length_1340_cov_13.004626	REVIEW	REVIEW	no_viral_domain_but_blast	0	0				0	
ERR2040740_clean_NODE_788_length_3170_cov_13.925488	DROP	AMBIGUOUS	DROP	0	0				0	
ERR2040740_clean_NODE_796_length_3159_cov_198.640565	REVIEW	AMBIGUOUS	no_viral_domain_but_blast	0	0				0	
ERR2040741_clean_NODE_11937_length_699_cov_5.840361	KEEP	PASS_CORE	KEEP	0	0				0	
ERR2040741_clean_NODE_28_length_3464_cov_13.660251	KEEP	PASS_VIRAL	KEEP	8	0	1.68e-31	109.3	0.148	965	FAM012657
ERR2040741_clean_NODE_341_length_2381_cov_15.205882	DROP	AMBIGUOUS	DROP	1	0	2.29e-03	17.4	0.386	604	FAM022736
ERR2040741_clean_NODE_35_length_3381_cov_8.383443	DROP	AMBIGUOUS	DROP	5	0	3.00e-29	101.6	0.325	750	FAM007783
ERR2040741_clean_NODE_413_length_2282_cov_22.862928	REVIEW	AMBIGUOUS	no_viral_domain_but_blast	0	0				0	
ERR2040741_clean_NODE_950_length_1925_cov_39.168254	KEEP	PASS_VIRAL	KEEP	5	0	2.00e-31	108.6	0.359	441	FAM011052
ERR2040742_clean_NODE_1000_length_2749_cov_106.606800	REVIEW	AMBIGUOUS	no_viral_domain_but_blast	0	0				0	
ERR2040742_clean_NODE_1047_length_2715_cov_14.551272	KEEP	PASS_VIRAL	KEEP	4	0	4.18e-11	41.5	0.065	472	FAM013464
ERR2040742_clean_NODE_1177_length_2639_cov_50.716102	DROP	AMBIGUOUS	DROP	6	0	4.33e-05	22.7	0.221	729	FAM002853
ERR2040742_clean_NODE_212_length_3905_cov_39.106422	KEEP	PASS_VIRAL	KEEP	0	0				0	
ERR2040742_clean_NODE_2171_length_2180_cov_212.213851	REVIEW	AMBIGUOUS	no_viral_domain_but_blast	0	0				0	
ERR2040742_clean_NODE_245_length_3780_cov_24.742039	KEEP	PASS_VIRAL	KEEP	0	0				0	
ERR2040742_clean_NODE_269_length_3716_cov_58.432889	KEEP	PASS_VIRAL	KEEP	17	1	4.64e-52	177.1	0.451	1069	FAM004890
ERR2040742_clean_NODE_446_length_3366_cov_12.047547	REVIEW	REVIEW	no_viral_domain_but_blast	31	3	3.31e-306	1018.3	0.550	589	FAM003378
ERR2040742_clean_NODE_685_length_3031_cov_8.772088	KEEP	PASS_VIRAL	KEEP	17	0	1.10e-27	95.9	0.274	925	FAM004770
ERR2040742_clean_NODE_777_length_2957_cov_41.149623	REVIEW	AMBIGUOUS	no_viral_domain_but_blast	0	0				0	
ERR2040743_clean_NODE_104_length_2264_cov_138.146781	DROP	AMBIGUOUS	DROP	0	0				0	
ERR2040743_clean_NODE_112_length_2245_cov_6.895550	KEEP	PASS_VIRAL	KEEP	0	0				0	
ERR2040743_clean_NODE_181_length_2014_cov_30694.190259	KEEP	PASS_CORE	KEEP	61	22	0.00e+00	1861.5	0.947	1357	FAM000088
ERR2040743_clean_NODE_39_length_2786_cov_102.128691	DROP	AMBIGUOUS	DROP	0	0				0	
ERR2040743_clean_NODE_60_length_2482_cov_5.963920	DROP	AMBIGUOUS	DROP	0	0				0	
ERR2040743_clean_NODE_6859_length_551_cov_1.344488	KEEP	PASS_CORE	KEEP	0	0				0	
ERR2040744_clean_NODE_1701_length_2684_cov_53.120788	REVIEW	AMBIGUOUS	no_viral_domain_but_blast	0	0				0	
ERR2040744_clean_NODE_20179_length_644_cov_2.512479	REVIEW	REVIEW	short_fragment	0	0				0	
ERR2040744_clean_NODE_22986_length_569_cov_3.834601	KEEP	PASS_CORE	KEEP	0	0				0	
ERR2040744_clean_NODE_23230_length_564_cov_1.391555	REVIEW	REVIEW	short_fragment	0	0				0	
ERR2040744_clean_NODE_238_length_4481_cov_17.507436	KEEP	PASS_VIRAL	KEEP	48	11	1.46e-36	125.8	0.868	1274	FAM012364
ERR2040744_clean_NODE_303_length_4238_cov_8.962813	KEEP	PASS_VIRAL	KEEP	0	0				0	
ERR2040744_clean_NODE_3214_length_2125_cov_44.556196	DROP	AMBIGUOUS	DROP	0	0				0	
ERR2040744_clean_NODE_424_length_3908_cov_57.333247	KEEP	PASS_VIRAL	KEEP	18	1	7.58e-51	173.1	0.523	1067	FAM004890
ERR2040744_clean_NODE_43_length_6624_cov_151.509193	KEEP	PASS_CORE	KEEP	186	39	0.00e+00	1690.8	0.686	1052	FAM001549
ERR2040744_clean_NODE_445_length_3872_cov_229.636197	REVIEW	AMBIGUOUS	no_viral_domain_but_blast	1	0	4.82e-03	13.3	0.046	520	FAM027005
ERR2040744_clean_NODE_636_length_3546_cov_3.982586	REVIEW	REVIEW	no_viral_domain_but_blast	0	0				0	
ERR2040744_clean_NODE_670_length_3504_cov_2.190118	DROP	AMBIGUOUS	DROP	0	0				0	
ERR2040744_clean_NODE_6718_length_1523_cov_59.113514	DROP	REVIEW	DROP	3	3	1.75e-96	323.6	0.837	354	FAM002990
ERR2040744_clean_NODE_727_length_3439_cov_37.984099	REVIEW	AMBIGUOUS	no_viral_domain_but_blast	0	0				0	
ERR2040744_clean_NODE_744_length_3415_cov_37.207295	KEEP	PASS_VIRAL	KEEP	6	1	4.04e-158	527.7	0.634	940	FAM013464
ERR2040744_clean_NODE_883_length_3280_cov_35.478838	DROP	REVIEW	DROP	3	3	1.01e-112	377.0	0.837	358	FAM002990
ERR2040745_clean_NODE_12642_length_784_cov_2.918558	DROP	AMBIGUOUS	DROP	0	0				0	
ERR2040745_clean_NODE_1375_length_2267_cov_113.416219	REVIEW	AMBIGUOUS	no_viral_domain_but_blast	0	0				0	
ERR2040745_clean_NODE_2829_length_1824_cov_6.751817	DROP	REVIEW	DROP	3	3	1.23e-101	340.5	0.832	362	FAM002990
ERR2040745_clean_NODE_317_length_3228_cov_19.068901	REVIEW	AMBIGUOUS	no_viral_domain_but_blast	0	0				0	
ERR2040745_clean_NODE_561_length_2833_cov_20.336312	KEEP	PASS_VIRAL	KEEP	15	0	2.45e-47	161.6	0.400	703	FAM004890
ERR2040745_clean_NODE_638_length_2761_cov_7.480558	KEEP	PASS_VIRAL	KEEP	7	0	8.17e-68	228.8	0.228	349	FAM023340
ERR2040746_clean_NODE_1404_length_2127_cov_7.102207	DROP	AMBIGUOUS	DROP	0	0				0	
ERR2040746_clean_NODE_161_length_3598_cov_31.648383	DROP	REVIEW	DROP	0	0				0	
ERR2040746_clean_NODE_20159_length_597_cov_0.978339	REVIEW	REVIEW	short_fragment	0	0				0	
ERR2040746_clean_NODE_210_length_3375_cov_13.009004	REVIEW	AMBIGUOUS	no_viral_domain_but_blast	0	0				0	
ERR2040746_clean_NODE_423_length_2895_cov_5.424614	KEEP	PASS_CORE	KEEP	22	0	9.78e-67	225.4	0.218	249	FAM003304
ERR2040746_clean_NODE_430_length_2885_cov_36.585151	REVIEW	AMBIGUOUS	no_viral_domain_but_blast	0	0				0	
ERR2040746_clean_NODE_647_length_2620_cov_3.091191	KEEP	PASS_VIRAL	KEEP	14	0	1.66e-135	453.1	0.308	618	FAM023340
ERR2040747_clean_NODE_10160_length_942_cov_2.863181	KEEP	PASS_CORE_FAM	KEEP	0	0				0	
ERR2040747_clean_NODE_21987_length_606_cov_5.602131	REVIEW	REVIEW	short_fragment	0	0				0	
ERR2040747_clean_NODE_8_length_3944_cov_21.492181	KEEP	PASS_VIRAL	KEEP	15	0	1.13e-47	162.7	0.400	930	FAM004890
ERR2040747_clean_NODE_970_length_2084_cov_14.535032	REVIEW	AMBIGUOUS	short_fragment	0	0				0	
ERR2040748_clean_NODE_3016_length_1460_cov_1.779733	KEEP	PASS_CORE_FAM	KEEP	0	0				0	
ERR2040749_clean_NODE_1115_length_1731_cov_8.928066	KEEP	PASS_CORE	KEEP	14	4	7.46e-51	173.0	0.195	178	FAM000973
ERR2040749_clean_NODE_12570_length_675_cov_5.870312	REVIEW	REVIEW	no_viral_domain_but_blast	0	0				0	
ERR2040749_clean_NODE_12897_length_661_cov_19.282748	KEEP	PASS_CORE	KEEP	0	0				0	
ERR2040749_clean_NODE_201_length_2413_cov_60.770816	REVIEW	AMBIGUOUS	no_viral_domain_but_blast	0	0				0	
ERR2040750_clean_NODE_1298_length_2112_cov_57.801353	REVIEW	REVIEW	short_fragment	2	0	2.70e-03	16.6	0.273	450	FAM004892
ERR2040750_clean_NODE_137_length_3182_cov_27.990124	KEEP	PASS_VIRAL	KEEP	18	0	1.68e-52	178.6	0.417	803	FAM004890
ERR2040750_clean_NODE_1435_length_2061_cov_20.045094	KEEP	PASS_VIRAL	KEEP	0	0				0	
ERR2040751_clean_NODE_32_length_3730_cov_6.829499	DROP	REVIEW	DROP	0	0				0	
ERR2040751_clean_NODE_657_length_2165_cov_14.534742	REVIEW	AMBIGUOUS	no_viral_domain_but_blast	0	0				0	
ERR2040751_clean_NODE_940_length_2024_cov_7.853695	REVIEW	AMBIGUOUS	short_fragment	8	0	9.14e-18	61.2	0.025	460	FAM001712
ERR2040752_clean_NODE_1017_length_2263_cov_13.149099	DROP	AMBIGUOUS	DROP	0	0				0	
ERR2040752_clean_NODE_10602_length_903_cov_2.624419	KEEP	PASS_CORE	KEEP	11	8	2.46e-84	282.1	0.763	195	FAM002037
ERR2040752_clean_NODE_1404_length_2067_cov_18.826581	DROP	AMBIGUOUS	DROP	5	0	3.30e-10	38.7	0.129	511	FAM022056
ERR2040752_clean_NODE_433_length_2795_cov_12.116642	REVIEW	AMBIGUOUS	short_fragment	0	0				0	
ERR2040752_clean_NODE_458_length_2755_cov_18.717920	DROP	AMBIGUOUS	DROP	0	0				0	
ERR2040752_clean_NODE_45_length_4603_cov_37.724123	DROP	AMBIGUOUS	DROP	0	0				0	
ERR2040752_clean_NODE_476_length_2739_cov_116.762240	REVIEW	AMBIGUOUS	no_viral_domain_but_blast	0	0				0	
ERR2040752_clean_NODE_547_length_2649_cov_8.224098	KEEP	PASS_VIRAL	KEEP	0	0				0	
ERR2040752_clean_NODE_5571_length_1272_cov_5.636290	KEEP	PASS_CORE	KEEP	12	7	1.02e-67	229.2	0.564	279	FAM000112
ERR2040752_clean_NODE_635_length_2548_cov_7.970858	REVIEW	AMBIGUOUS	no_viral_domain_but_blast	0	0				0	
ERR2040752_clean_NODE_8110_length_1055_cov_3.412055	REVIEW	REVIEW	no_viral_domain_but_blast	6	0	3.18e-39	135.5	0.257	139	FAM000112
ERR2040752_clean_NODE_995_length_2275_cov_29.111559	DROP	AMBIGUOUS	DROP	0	0				0	
ERR2040753_clean_NODE_183_length_3597_cov_235.161145	DROP	REVIEW	DROP	2	0	2.16e-04	20.2	0.292	953	FAM001818
ERR2040753_clean_NODE_191_length_3571_cov_60.951640	REVIEW	AMBIGUOUS	no_viral_domain_but_blast	0	0				0	
ERR2040753_clean_NODE_567_length_2764_cov_7.151704	KEEP	PASS_VIRAL	KEEP	3	0	2.68e-86	290.2	0.320	690	FAM013464
ERR2040753_clean_NODE_624_length_2693_cov_9.775019	DROP	AMBIGUOUS	DROP	11	1	2.03e-17	62.5	0.679	706	FAM004842
ERR2040754_clean_NODE_581_length_2332_cov_4.978593	DROP	AMBIGUOUS	DROP	0	0				0	
ERR2040756_clean_NODE_1455_length_1230_cov_20.962089	REVIEW	REVIEW	short_fragment	19	2	5.47e-95	318.5	0.128	240	FAM000252
ERR2040756_clean_NODE_27_length_3052_cov_20.729811	KEEP	PASS_CORE	KEEP	16	3	4.55e-88	295.5	0.209	416	FAM000252
ERR2040756_clean_NODE_31_length_3000_cov_10.372675	KEEP	PASS_CORE	KEEP	27	5	1.22e-209	698.6	0.267	494	FAM000252
ERR2040756_clean_NODE_756_length_1460_cov_17.268878	REVIEW	REVIEW	short_fragment	0	0				0	
ERR2040756_clean_NODE_88_length_2385_cov_11.671648	DROP	REVIEW	DROP	0	0				0	
ERR2040757_clean_NODE_1132_length_2712_cov_49.588985	KEEP	PASS_VIRAL	KEEP	4	1	6.46e-64	215.6	0.910	690	FAM011052
ERR2040757_clean_NODE_16293_length_681_cov_1.940439	DROP	REVIEW	DROP	0	0				0	
ERR2040757_clean_NODE_195_length_3988_cov_22.452978	DROP	REVIEW	DROP	0	0				0	
ERR2040757_clean_NODE_2299_length_2175_cov_34.885553	REVIEW	AMBIGUOUS	short_fragment	6	0	1.38e-15	54.0	0.071	532	FAM001712
ERR2040757_clean_NODE_23_length_5712_cov_109.847769	DROP	AMBIGUOUS	DROP	0	0				0	
ERR2040757_clean_NODE_2541_length_2097_cov_8.485881	KEEP	PASS_VIRAL	KEEP	28	1	8.06e-26	89.6	0.097	603	FAM008177
ERR2040757_clean_NODE_2753_length_2035_cov_39.351406	DROP	AMBIGUOUS	DROP	3	2	9.21e-55	185.5	0.978	547	FAM020762
ERR2040757_clean_NODE_3203_length_1923_cov_58.478723	KEEP	PASS_VIRAL	KEEP	15	0	1.57e-51	175.4	0.405	480	FAM004890
ERR2040757_clean_NODE_338_length_3604_cov_77.380230	KEEP	PASS_VIRAL	KEEP	2	0	5.55e-07	29.0	0.259	67	FAM003930
ERR2040757_clean_NODE_3419_length_1869_cov_18.483571	KEEP	PASS_VIRAL	KEEP	0	0				0	
ERR2040757_clean_NODE_360_length_3552_cov_13.734112	DROP	AMBIGUOUS	DROP	2	1	1.03e-96	324.1	0.971	933	FAM012407
ERR2040757_clean_NODE_906_length_2873_cov_35.492933	REVIEW	AMBIGUOUS	no_viral_domain_but_blast	1	0	7.82e-03	13.9	0.141	781	FAM001967
ERR2040757_clean_NODE_908_length_2873_cov_8.023322	DROP	AMBIGUOUS	DROP	8	3	5.98e-75	252.1	0.376	671	FAM012472
ERR2040758_clean_NODE_1067_length_2221_cov_8.209826	DROP	REVIEW	DROP	0	0				0	
ERR2040758_clean_NODE_16721_length_748_cov_2.621277	REVIEW	REVIEW	short_fragment	0	0				0	
ERR2040758_clean_NODE_235_length_3003_cov_20.714527	REVIEW	AMBIGUOUS	no_viral_domain_but_blast	0	0				0	
ERR2040758_clean_NODE_430_length_2687_cov_25.979955	REVIEW	AMBIGUOUS	short_fragment	0	0				0	
ERR2040758_clean_NODE_548_length_2560_cov_18.146603	KEEP	PASS_VIRAL	KEEP	45	16	2.67e-41	140.9	0.156	640	FAM008177
ERR2040758_clean_NODE_643_length_2483_cov_8.312295	DROP	REVIEW	DROP	1	0	8.75e-05	21.5	0.323	689	FAM001818
ERR2040759_clean_NODE_100_length_3505_cov_45.232813	KEEP	PASS_VIRAL	KEEP	21	0	2.23e-50	171.6	0.405	917	FAM004890
ERR2040759_clean_NODE_12_length_4729_cov_10.364703	KEEP	PASS_VIRAL	KEEP	7	0	1.61e-29	102.8	0.148	1428	FAM012657
ERR2040759_clean_NODE_241_length_2925_cov_8.319570	KEEP	PASS_VIRAL	KEEP	0	0				0	
ERR2040759_clean_NODE_318_length_2736_cov_10.659116	REVIEW	AMBIGUOUS	no_viral_domain_but_blast	0	0				0	
ERR2040759_clean_NODE_5344_length_1225_cov_4.772420	REVIEW	REVIEW	no_viral_domain_but_blast	0	0				0	
ERR2040759_clean_NODE_9281_length_952_cov_5.368537	REVIEW	REVIEW	short_fragment	6	2	1.64e-17	61.6	0.046	105	FAM000252
ERR2040760_clean_NODE_20_length_4137_cov_14.521739	DROP	REVIEW	DROP	1	0	1.44e-03	17.4	0.122	902	FAM018038
ERR2040760_clean_NODE_61_length_3583_cov_55.296610	DROP	REVIEW	DROP	4	0	6.57e-04	18.0	0.252	931	FAM003581
ERR2040760_clean_NODE_883_length_2135_cov_35.377151	DROP	AMBIGUOUS	DROP	0	0				0	
ERR2040762_clean_NODE_672_length_883_cov_2.430952	KEEP	PASS_CORE	KEEP	0	0				0	
ERR2040764_clean_NODE_155_length_2977_cov_6.805044	DROP	AMBIGUOUS	DROP	19	3	1.44e-82	277.7	0.181	350	FAM007819
ERR2040764_clean_NODE_1583_length_1727_cov_25.522565	KEEP	PASS_VIRAL	KEEP	0	0				0	
ERR2040764_clean_NODE_326_length_2592_cov_27.076893	DROP	AMBIGUOUS	DROP	0	0				0	
ERR2040764_clean_NODE_81_length_3370_cov_32.182447	DROP	REVIEW	DROP	0	0				0	
ERR2040764_clean_NODE_930_length_2020_cov_44.363177	KEEP	PASS_VIRAL	KEEP	0	0				0	
ERR2040765_clean_NODE_1151_length_2708_cov_6.927205	REVIEW	AMBIGUOUS	short_fragment	4	0	1.17e-11	43.4	0.065	477	FAM013464
ERR2040765_clean_NODE_1461_length_2503_cov_7.913821	DROP	REVIEW	DROP	0	0				0	
ERR2040765_clean_NODE_24_length_7039_cov_27.054460	DROP	AMBIGUOUS	DROP	0	0				0	
ERR2040765_clean_NODE_292_length_3868_cov_33.464052	KEEP	PASS_VIRAL	KEEP	0	0				0	
ERR2040765_clean_NODE_367_length_3698_cov_15.687825	DROP	AMBIGUOUS	DROP	3	1	1.79e-21	76.2	0.459	297	FAM007886
ERR2040765_clean_NODE_374_length_3689_cov_452.108612	KEEP	PASS_VIRAL	KEEP	56	11	2.16e-45	154.8	0.380	410	FAM007688
ERR2040765_clean_NODE_3806_length_1755_cov_16.626168	KEEP	PASS_VIRAL	KEEP	8	2	3.06e-90	302.3	0.922	433	FAM011052
ERR2040765_clean_NODE_556_length_3331_cov_40.360097	REVIEW	AMBIGUOUS	no_viral_domain_but_blast	0	0				0	
ERR2040765_clean_NODE_93_length_5178_cov_11.723661	REVIEW	AMBIGUOUS	no_viral_domain_but_blast	10	0	2.40e-51	174.6	0.267	346	FAM007797
ERR2040765_clean_NODE_9426_length_998_cov_2.657592	REVIEW	REVIEW	short_fragment	14	0	1.98e-24	85.3	0.058	68	FAM003304
ERR2040766_clean_NODE_1805_length_1853_cov_24.836464	KEEP	PASS_VIRAL	KEEP	27	9	1.38e-38	131.9	0.140	476	FAM008177
ERR2040766_clean_NODE_553_length_2474_cov_10.468120	DROP	AMBIGUOUS	DROP	3	0	1.05e-04	21.9	0.431	675	FAM012804
ERR2040766_clean_NODE_608_length_2418_cov_29.254316	KEEP	PASS_VIRAL	KEEP	18	1	2.94e-54	184.4	0.509	668	FAM004890
ERR2040766_clean_NODE_853_length_2246_cov_11.201089	DROP	AMBIGUOUS	DROP	8	0	8.16e-16	57.4	0.244	518	FAM012845
ERR2040767_clean_NODE_1199_length_2602_cov_19.802267	KEEP	PASS_VIRAL	KEEP	0	0				0	
ERR2040767_clean_NODE_1324_length_2535_cov_15.297753	KEEP	PASS_VIRAL	KEEP	6	0	5.76e-19	67.5	0.296	677	FAM019894
ERR2040767_clean_NODE_209_length_3997_cov_6.891502	KEEP	PASS_VIRAL	KEEP	0	0				0	
ERR2040767_clean_NODE_2498_length_2053_cov_11.914925	REVIEW	AMBIGUOUS	short_fragment	7	0	1.75e-14	50.3	0.070	519	FAM001712
ERR2040767_clean_NODE_347_length_3564_cov_68.225504	DROP	AMBIGUOUS	DROP	6	2	4.68e-18	65.2	0.717	894	FAM031976
ERR2040767_clean_NODE_3655_length_1774_cov_33.138070	REVIEW	AMBIGUOUS	no_viral_domain_but_blast	1	1	5.51e-60	202.1	0.906	414	FAM007852
ERR2040767_clean_NODE_593_length_3141_cov_68.356682	REVIEW	AMBIGUOUS	no_viral_domain_but_blast	0	0				0	
ERR2040767_clean_NODE_70_length_5007_cov_36.577961	DROP	AMBIGUOUS	DROP	0	0				0	
ERR2040767_clean_NODE_895_length_2818_cov_6.378018	DROP	AMBIGUOUS	DROP	2	1	1.73e-97	326.7	0.969	770	FAM012407
ERR2040768_clean_NODE_611_length_2429_cov_11.214585	DROP	AMBIGUOUS	DROP	0	0				0	
ERR2040769_clean_NODE_1002_length_2539_cov_14.314503	KEEP	PASS_VIRAL	KEEP	20	0	4.11e-55	187.2	0.403	703	FAM004890
ERR2040769_clean_NODE_1612_length_2205_cov_16.064292	DROP	AMBIGUOUS	DROP	2	1	3.88e-24	84.8	0.526	531	FAM019831
ERR2040769_clean_NODE_2403_length_1939_cov_40.746308	DROP	AMBIGUOUS	DROP	1	1	1.58e-06	26.7	0.618	369	FAM012636
ERR2040769_clean_NODE_258_length_3578_cov_19.685149	KEEP	PASS_VIRAL	KEEP	6	1	1.03e-28	100.2	0.361	1012	FAM012657
ERR2040770_clean_NODE_45_length_2528_cov_153.882070	REVIEW	AMBIGUOUS	no_viral_domain_but_blast	0	0				0	
ERR2040770_clean_NODE_71_length_2359_cov_7.944923	DROP	AMBIGUOUS	DROP	5	0	1.35e-07	30.3	0.108	718	FAM004890
ERR2040771_clean_NODE_103_length_2178_cov_4.009368	KEEP	PASS_VIRAL	KEEP	1	0	8.18e-03	13.3	0.062	102	FAM023340
ERR2040771_clean_NODE_119_length_2132_cov_24.235998	REVIEW	AMBIGUOUS	no_viral_domain_but_blast	0	0				0	
ERR2040771_clean_NODE_1_length_15499_cov_95.573434_self_circular	KEEP	PASS_CORE	KEEP	195	42	0.00e+00	3417.3	0.399	2339	FAM006908
ERR2040771_clean_NODE_3_length_9031_cov_10.033600	KEEP	PASS_VIRAL	KEEP	389	73	0.00e+00	1082.5	0.935	1860	FAM005689
ERR2040771_clean_NODE_4_length_7610_cov_24.231664	KEEP	PASS_VIRAL	KEEP	306	35	3.87e-149	498.4	0.829	1793	FAM000437
ERR2040771_clean_NODE_512_length_1649_cov_13.272727	KEEP	PASS_VIRAL	KEEP	0	0				0	
ERR2040771_clean_NODE_66_length_2381_cov_13.332763	DROP	REVIEW	DROP	0	0				0	
ERR2040771_clean_NODE_8_length_4805_cov_10.097438	KEEP	PASS_CORE	KEEP	84	4	5.14e-17	61.0	0.413	477	FAM024624
ERR2040772_clean_NODE_28_length_3301_cov_12.924187	KEEP	PASS_VIRAL	KEEP	42	12	2.07e-60	204.2	0.452	963	FAM012845
ERR2040772_clean_NODE_9378_length_792_cov_4.368491	DROP	REVIEW	DROP	4	0	2.73e-45	154.5	0.194	133	FAM003546
ERR2040773_clean_NODE_1187_length_930_cov_2.205186	REVIEW	REVIEW	short_fragment	16	1	3.48e-34	117.6	0.062	74	FAM003304
ERR2040774_clean_NODE_261_length_2031_cov_39.098592	REVIEW	REVIEW	short_fragment	0	0				0	
ERR2040774_clean_NODE_73_length_2585_cov_4.119591	KEEP	PASS_CORE_FAM	KEEP	30	4	2.41e-156	522.2	0.250	335	FAM003304
ERR2040776_clean_NODE_2_length_6994_cov_1605.656740	KEEP	PASS_CORE	KEEP	54	24	0.00e+00	1349.7	0.972	2163	FAM014254
ERR2040776_clean_NODE_370_length_2491_cov_33.771242	DROP	AMBIGUOUS	DROP	0	0				0	
ERR2040777_clean_NODE_125_length_3444_cov_20.309027	DROP	REVIEW	DROP	1	0	3.20e-03	16.2	0.291	826	FAM008049
ERR2040777_clean_NODE_1339_length_2039_cov_12.657315	DROP	AMBIGUOUS	DROP	0	0				0	
ERR2040777_clean_NODE_16117_length_705_cov_1.542296	DROP	REVIEW	DROP	9	0	5.25e-26	90.5	0.073	93	FAM003304
ERR2040777_clean_NODE_513_length_2570_cov_23.113178	DROP	AMBIGUOUS	DROP	0	0				0	
ERR2040777_clean_NODE_8526_length_1030_cov_85.782168	REVIEW	REVIEW	short_fragment	0	0				0	
ERR2040778_clean_NODE_162_length_3203_cov_27.216456	DROP	REVIEW	DROP	1	0	1.13e-03	17.7	0.271	779	FAM008049
ERR2040778_clean_NODE_194_length_3096_cov_2.573862	KEEP	PASS_VIRAL	KEEP	28	7	1.80e-177	592.2	0.376	438	FAM003304
ERR2040778_clean_NODE_22537_length_555_cov_2.291016	REVIEW	REVIEW	short_fragment	0	0				0	
ERR2040778_clean_NODE_415_length_2618_cov_2.391845	REVIEW	AMBIGUOUS	no_viral_domain_but_blast	13	0	2.19e-54	184.5	0.121	162	FAM003304
ERR2040778_clean_NODE_418_length_2612_cov_108.114052	REVIEW	AMBIGUOUS	no_viral_domain_but_blast	0	0				0	
ERR2040778_clean_NODE_92_length_3539_cov_109.397311	DROP	AMBIGUOUS	DROP	0	0				0	
ERR2040778_clean_NODE_992_length_2149_cov_3.593542	KEEP	PASS_VIRAL	KEEP	0	0				0	
ERR2040779_clean_NODE_13829_length_771_cov_1.707418	REVIEW	REVIEW	short_fragment	0	0				0	
ERR2040779_clean_NODE_278_length_2831_cov_5.361908	KEEP	PASS_VIRAL	KEEP	31	4	4.70e-147	491.4	0.242	289	FAM003304
ERR2040779_clean_NODE_414_length_2587_cov_26.075472	DROP	AMBIGUOUS	DROP	5	0	1.30e-09	36.8	0.123	511	FAM022056
ERR2040779_clean_NODE_914_length_2142_cov_5.943306	DROP	REVIEW	DROP	0	0				0	
ERR2040780_clean_NODE_110_length_2978_cov_15.242589	DROP	AMBIGUOUS	DROP	0	0				0	
ERR2040780_clean_NODE_207_length_2655_cov_16.894334	DROP	REVIEW	DROP	0	0				0	
ERR2040780_clean_NODE_336_length_2418_cov_56.206737	DROP	REVIEW	DROP	0	0				0	
ERR2040780_clean_NODE_610_length_2140_cov_7.068670	KEEP	PASS_VIRAL	KEEP	0	0				0	
ERR2040781_clean_NODE_118_length_3302_cov_36.465480	DROP	REVIEW	DROP	1	0	3.23e-03	16.2	0.255	820	FAM008049
ERR2040781_clean_NODE_314_length_2676_cov_28.235853	DROP	REVIEW	DROP	0	0				0	
ERR2040781_clean_NODE_68_length_3579_cov_238.977941	DROP	AMBIGUOUS	DROP	0	0				0	
ERR2040781_clean_NODE_963_length_2080_cov_3.475700	KEEP	PASS_VIRAL	KEEP	26	5	7.37e-147	490.8	0.339	407	FAM003304
ERR2040782_clean_NODE_180_length_2371_cov_15.496993	DROP	REVIEW	DROP	0	0				0	
ERR2040784_clean_NODE_212_length_3012_cov_13.109464	REVIEW	REVIEW	short_fragment	0	0				0	
ERR2040784_clean_NODE_253_length_2886_cov_9.585297	DROP	REVIEW	DROP	0	0				0	
ERR2040784_clean_NODE_33_length_4122_cov_6.951214	KEEP	PASS_CORE	KEEP	0	0				0	
ERR2040784_clean_NODE_497_length_2497_cov_9.370416	KEEP	PASS_VIRAL	KEEP	59	22	6.76e-47	159.5	0.147	540	FAM008177
ERR2040784_clean_NODE_601_length_2390_cov_19.880273	DROP	REVIEW	DROP	0	0				0	
ERR2040785_clean_NODE_32_length_4229_cov_53.082339	REVIEW	AMBIGUOUS	no_viral_domain_but_blast	0	0				0	
ERR2040785_clean_NODE_625_length_2269_cov_20.561435	DROP	AMBIGUOUS	DROP	0	0				0	
ERR2040785_clean_NODE_834_length_2111_cov_27.239382	DROP	AMBIGUOUS	DROP	0	0				0	
ERR2040786_clean_NODE_1202_length_2712_cov_4.752342	DROP	AMBIGUOUS	DROP	0	0				0	
ERR2040786_clean_NODE_181_length_4386_cov_8.167626	KEEP	PASS_VIRAL	KEEP	31	6	2.85e-200	667.7	0.393	568	FAM003304
ERR2040786_clean_NODE_26052_length_593_cov_1.601818	REVIEW	REVIEW	short_fragment	0	0				0	
ERR2040786_clean_NODE_29047_length_542_cov_1.587174	REVIEW	REVIEW	short_fragment	8	0	7.68e-16	56.5	0.026	44	FAM023340
ERR2040786_clean_NODE_29912_length_528_cov_2.445361_self_circular	REVIEW	REVIEW	short_fragment	0	0				0	
ERR2040786_clean_NODE_54_length_5448_cov_15.050324	KEEP	PASS_VIRAL	KEEP	49	7	1.15e-128	430.5	0.252	318	FAM003304
ERR2040786_clean_NODE_646_length_3195_cov_105.657360	DROP	REVIEW	DROP	0	0				0	
ERR2040786_clean_NODE_91_length_5041_cov_21.579632_self_circular	KEEP	PASS_VIRAL	KEEP	39	5	8.01e-136	454.2	0.293	344	FAM003304
ERR2040787_clean_NODE_1262_length_2718_cov_4.317383	REVIEW	REVIEW	no_viral_domain_but_blast	22	2	2.17e-43	148.1	0.080	97	FAM003304
ERR2040787_clean_NODE_1400_length_2626_cov_83.039489	REVIEW	AMBIGUOUS	no_viral_domain_but_blast	1	0	1.74e-12	46.2	0.291	645	FAM012837
ERR2040787_clean_NODE_1985_length_2356_cov_5.488111	DROP	REVIEW	DROP	0	0				0	
ERR2040787_clean_NODE_1987_length_2355_cov_31.323962	DROP	REVIEW	DROP	0	0				0	
ERR2040787_clean_NODE_213_length_4234_cov_5.374374	REVIEW	REVIEW	short_fragment	29	2	3.36e-44	150.8	0.087	105	FAM003304
ERR2040787_clean_NODE_2611_length_2143_cov_8.174762	REVIEW	PASS_VIRAL	short_fragment	4	0	2.43e-08	32.4	0.065	408	FAM013464
ERR2040787_clean_NODE_32_length_6252_cov_12.266871	KEEP	PASS_VIRAL	KEEP	56	8	2.13e-154	515.7	0.338	410	FAM003304
ERR2040787_clean_NODE_401_length_3701_cov_14.154729	KEEP	PASS_VIRAL	KEEP	7	0	3.15e-25	88.7	0.344	1024	FAM012657
ERR2040787_clean_NODE_594_length_3347_cov_13.184927	KEEP	PASS_VIRAL	KEEP	43	15	1.09e-116	389.5	0.535	977	FAM012845
ERR2040787_clean_NODE_59_length_5502_cov_6.681993	KEEP	PASS_VIRAL	KEEP	0	0				0	
ERR2040787_clean_NODE_81_length_5235_cov_11.452619	DROP	REVIEW	DROP	33	3	2.72e-48	161.9	0.979	109	FAM024464
ERR2040788_clean_NODE_18266_length_655_cov_2.826797	DROP	REVIEW	DROP	0	0				0	
ERR2040788_clean_NODE_962_length_2060_cov_18.705503	DROP	AMBIGUOUS	DROP	3	0	9.17e-12	44.2	0.248	396	FAM007630
ERR2040789_clean_NODE_1055_length_2789_cov_19.376912	REVIEW	AMBIGUOUS	short_fragment	1	1	4.05e-108	362.2	0.826	728	FAM017622
ERR2040789_clean_NODE_1305_length_2640_cov_9.055834	KEEP	PASS_VIRAL	KEEP	35	4	1.75e-47	161.6	0.094	114	FAM003304
ERR2040789_clean_NODE_1853_length_2396_cov_62.139397	DROP	AMBIGUOUS	DROP	0	0				0	
ERR2040789_clean_NODE_2899_length_2114_cov_6.251569	DROP	AMBIGUOUS	DROP	0	0				0	
ERR2040789_clean_NODE_306_length_3602_cov_4.659736	KEEP	PASS_CORE	KEEP	34	6	1.17e-189	632.5	0.455	521	FAM003304
ERR2040789_clean_NODE_404_length_3417_cov_37.499704	REVIEW	AMBIGUOUS	no_viral_domain_but_blast	0	0				0	
ERR2040789_clean_NODE_842_length_2935_cov_6.251729	KEEP	PASS_VIRAL	KEEP	38	4	4.14e-95	319.4	0.166	199	FAM003304
ERR2040790_clean_NODE_15906_length_506_cov_2.107066	REVIEW	REVIEW	short_fragment	0	0				0	
ERR2040791_clean_NODE_1027_length_2565_cov_10.183584	REVIEW	AMBIGUOUS	short_fragment	3	1	9.31e-66	222.6	0.831	559	FAM011577
ERR2040791_clean_NODE_1208_length_2450_cov_15.505609	DROP	REVIEW	DROP	8	0	6.27e-05	20.0	0.044	589	FAM000620
ERR2040791_clean_NODE_1227_length_2444_cov_8.127030	KEEP	PASS_VIRAL	KEEP	4	0	1.72e-09	36.2	0.065	437	FAM013464
ERR2040791_clean_NODE_13126_length_889_cov_2.744681	REVIEW	REVIEW	short_fragment	8	1	1.75e-17	63.3	0.569	208	FAM010181
ERR2040791_clean_NODE_138_length_4105_cov_32.618907	DROP	AMBIGUOUS	DROP	0	0				0	
ERR2040791_clean_NODE_1432_length_2339_cov_4.763502	DROP	AMBIGUOUS	DROP	9	0	3.21e-19	66.0	0.071	536	FAM001712
ERR2040791_clean_NODE_193_length_3851_cov_131.790179	DROP	AMBIGUOUS	DROP	0	0				0	
ERR2040791_clean_NODE_2168_length_2062_cov_9.791976	REVIEW	AMBIGUOUS	no_viral_domain_but_blast	37	2	3.19e-39	134.3	0.075	89	FAM003304
ERR2040791_clean_NODE_23512_length_548_cov_1.457426	DROP	REVIEW	DROP	0	0				0	
ERR2040791_clean_NODE_23833_length_541_cov_2.347390	REVIEW	PASS_VIRAL	short_fragment	1	0	3.67e-08	33.3	0.478	62	FAM000251
ERR2040791_clean_NODE_36_length_5726_cov_177.810311	REVIEW	AMBIGUOUS	short_fragment	0	0				0	
ERR2040791_clean_NODE_714_length_2816_cov_20.615939	DROP	AMBIGUOUS	DROP	4	1	1.67e-07	30.3	0.212	874	FAM031275
ERR2040791_clean_NODE_722_length_2812_cov_11.959913	KEEP	PASS_VIRAL	KEEP	5	2	6.48e-89	298.7	0.542	705	FAM004987
ERR2040794_clean_NODE_10978_length_975_cov_5.353004	KEEP	PASS_CORE_FAM	KEEP	0	0				0	
ERR2040794_clean_NODE_1244_length_2741_cov_24.095626	DROP	AMBIGUOUS	DROP	5	1	4.82e-10	38.2	0.105	514	FAM022056
ERR2040794_clean_NODE_1911_length_2416_cov_24.555836	DROP	AMBIGUOUS	DROP	6	1	1.44e-06	27.3	0.622	592	FAM018129
ERR2040794_clean_NODE_2147_length_2325_cov_8.007450	DROP	REVIEW	DROP	1	0	8.06e-03	15.5	0.476	560	FAM016445
ERR2040794_clean_NODE_217_length_4024_cov_26.368249	DROP	AMBIGUOUS	DROP	1	0	8.28e-03	15.3	0.390	1072	FAM012606
ERR2040794_clean_NODE_3043_length_2055_cov_98.817594	DROP	AMBIGUOUS	DROP	0	0				0	
ERR2040794_clean_NODE_306_length_3813_cov_15.846154	REVIEW	AMBIGUOUS	no_viral_domain_but_blast	0	0				0	
ERR2040794_clean_NODE_379_length_3634_cov_17.428850	REVIEW	AMBIGUOUS	short_fragment	0	0				0	
ERR2040795_clean_NODE_11641_length_874_cov_2.518652	KEEP	PASS_CORE	KEEP	26	3	5.69e-70	236.1	0.271	189	FAM000970
ERR2040795_clean_NODE_20441_length_583_cov_4.394444	KEEP	PASS_CORE	KEEP	14	1	1.29e-22	79.6	0.061	41	FAM000970
ERR2040795_clean_NODE_20800_length_577_cov_3.445693	KEEP	PASS_CORE	KEEP	0	0				0	
ERR2040795_clean_NODE_3776_length_1618_cov_12.688254	KEEP	PASS_VIRAL	KEEP	23	4	2.58e-163	545.3	0.345	402	FAM003304
ERR2040795_clean_NODE_4_length_6815_cov_460.717956	REVIEW	AMBIGUOUS	no_viral_domain_but_blast	0	0				0	
ERR2040795_clean_NODE_6_length_6407_cov_23.464173	KEEP	PASS_VIRAL	KEEP	18	0	7.85e-52	176.4	0.405	1208	FAM004890
ERR2040796_clean_NODE_12447_length_956_cov_3.474261	REVIEW	REVIEW	short_fragment	0	0				0	
ERR2040796_clean_NODE_1618_length_2769_cov_6.002935	KEEP	PASS_VIRAL	KEEP	0	0				0	
ERR2040796_clean_NODE_19956_length_596_cov_2.191682	KEEP	PASS_VIRAL	KEEP	0	0				0	
ERR2040796_clean_NODE_208_length_4595_cov_13.326230	KEEP	PASS_VIRAL	KEEP	18	0	1.13e-55	189.1	0.395	921	FAM004890
ERR2040796_clean_NODE_225_length_4547_cov_21.243783	KEEP	PASS_VIRAL	KEEP	17	0	7.43e-52	176.5	0.405	1209	FAM004890
ERR2040796_clean_NODE_25_length_7291_cov_154.727649	REVIEW	AMBIGUOUS	no_viral_domain_but_blast	2	0	2.86e-09	34.8	0.039	191	FAM007819
ERR2040796_clean_NODE_2643_length_2343_cov_11.854783	DROP	AMBIGUOUS	DROP	5	1	1.93e-10	39.5	0.115	513	FAM022056
ERR2040796_clean_NODE_270_length_4403_cov_8.084174	KEEP	PASS_VIRAL	KEEP	20	0	7.27e-68	229.3	0.386	1104	FAM004890
ERR2040796_clean_NODE_320_length_4211_cov_13.368042	DROP	REVIEW	DROP	3	0	1.58e-06	27.1	0.400	1153	FAM001639
ERR2040796_clean_NODE_36_length_6918_cov_25.268509	KEEP	PASS_VIRAL	KEEP	6	2	1.90e-68	231.2	0.259	2107	FAM013464
ERR2040796_clean_NODE_573_length_3653_cov_14.973961	DROP	REVIEW	DROP	2	0	1.65e-03	17.2	0.148	964	FAM003581
ERR2040796_clean_NODE_7154_length_1461_cov_8.959097	REVIEW	REVIEW	no_viral_domain_but_blast	0	0				0	
ERR2040797_clean_NODE_15727_length_652_cov_1.957307	REVIEW	REVIEW	short_fragment	7	1	4.25e-06	24.2	0.031	42	FAM025821
ERR2040797_clean_NODE_486_length_3269_cov_19.228456	DROP	AMBIGUOUS	DROP	5	0	2.13e-08	32.8	0.105	549	FAM022056
ERR2040797_clean_NODE_710_length_2940_cov_24.186745	DROP	AMBIGUOUS	DROP	1	0	1.07e-07	30.8	0.111	699	FAM012744
ERR2040798_clean_NODE_1063_length_3051_cov_87.097407	DROP	AMBIGUOUS	DROP	2	0	6.47e-08	31.5	0.290	703	FAM012744
ERR2040798_clean_NODE_1139_length_2988_cov_9.111036	KEEP	PASS_VIRAL	KEEP	12	0	1.96e-11	43.2	0.076	837	FAM003805
ERR2040798_clean_NODE_118_length_4894_cov_32.897753	KEEP	PASS_VIRAL	KEEP	17	0	1.05e-52	179.3	0.405	1200	FAM004890
ERR2040798_clean_NODE_1294_length_2887_cov_10.430028	KEEP	PASS_VIRAL	KEEP	4	0	4.60e-12	44.7	0.065	698	FAM013464
ERR2040798_clean_NODE_209_length_4329_cov_22.730285	DROP	AMBIGUOUS	DROP	0	0				0	
ERR2040798_clean_NODE_2537_length_2346_cov_24.133739	DROP	AMBIGUOUS	DROP	0	0				0	
ERR2040798_clean_NODE_330_length_4006_cov_197.779460	DROP	REVIEW	DROP	0	0				0	
ERR2040798_clean_NODE_565_length_3590_cov_14.321116	KEEP	PASS_VIRAL	KEEP	12	6	7.76e-45	153.0	0.947	907	FAM007903
ERR2040798_clean_NODE_653_length_3485_cov_14.975596	DROP	AMBIGUOUS	DROP	2	0	2.45e-10	39.9	0.310	1027	FAM031983
ERR2040798_clean_NODE_657_length_3483_cov_140.479942	DROP	AMBIGUOUS	DROP	0	0				0	
ERR2040798_clean_NODE_695_length_3431_cov_40.833825	REVIEW	AMBIGUOUS	no_viral_domain_but_blast	0	0				0	
ERR2040798_clean_NODE_746_length_3362_cov_11.470925	DROP	AMBIGUOUS	DROP	4	0	7.61e-04	18.3	0.251	937	FAM012729
ERR2040799_clean_NODE_2_length_9818_cov_84.203887	REVIEW	AMBIGUOUS	no_viral_domain_but_blast	0	0				0	
ERR2040800_clean_NODE_1040_length_3378_cov_67.391304	REVIEW	AMBIGUOUS	no_viral_domain_but_blast	0	0				0	
ERR2040800_clean_NODE_12675_length_971_cov_4.923491	DROP	REVIEW	DROP	3	0	5.77e-26	90.5	0.192	90	FAM002989
ERR2040800_clean_NODE_165_length_5108_cov_31.631589	KEEP	PASS_VIRAL	KEEP	7	0	7.10e-28	97.4	0.380	1477	FAM012657
ERR2040800_clean_NODE_1671_length_2905_cov_10.709294	DROP	AMBIGUOUS	DROP	1	0	1.30e-07	30.5	0.175	701	FAM012744
ERR2040800_clean_NODE_1797_length_2843_cov_41.678571	DROP	AMBIGUOUS	DROP	7	2	3.14e-04	20.5	0.593	756	FAM002003
ERR2040800_clean_NODE_449_length_4164_cov_12.031060	KEEP	PASS_VIRAL	KEEP	0	0				0	
ERR2040800_clean_NODE_798_length_3622_cov_9.548477	DROP	AMBIGUOUS	DROP	0	0				0	
ERR2040800_clean_NODE_887_length_3530_cov_14.919702	DROP	AMBIGUOUS	DROP	6	0	7.02e-13	45.0	0.070	732	FAM001712
ERR2040801_clean_NODE_12844_length_971_cov_2.336207	KEEP	PASS_CORE	KEEP	0	0				0	
ERR2040801_clean_NODE_12_length_7529_cov_18.360139	REVIEW	AMBIGUOUS	no_viral_domain_but_blast	4	0	5.27e-06	24.9	0.087	2130	FAM022056
ERR2040801_clean_NODE_1507_length_2794_cov_7.829153	KEEP	PASS_VIRAL	KEEP	33	1	2.53e-26	91.3	0.087	665	FAM008177
ERR2040801_clean_NODE_1540_length_2776_cov_104.866447	REVIEW	REVIEW	no_viral_domain_but_blast	9	8	2.40e-145	483.2	0.821	279	FAM024447
ERR2040801_clean_NODE_1621_length_2736_cov_22.728556	DROP	AMBIGUOUS	DROP	4	0	1.37e-08	33.4	0.109	525	FAM022056
ERR2040801_clean_NODE_2300_length_2433_cov_26.202092	DROP	AMBIGUOUS	DROP	2	0	1.49e-06	27.0	0.127	675	FAM012744
ERR2040801_clean_NODE_25585_length_521_cov_1.518828	KEEP	PASS_CORE	KEEP	7	0	5.41e-11	40.8	0.023	27	FAM003304
ERR2040801_clean_NODE_3224_length_2143_cov_11.540952	REVIEW	AMBIGUOUS	short_fragment	0	0				0	
ERR2040801_clean_NODE_3798_length_2014_cov_42.035515	DROP	AMBIGUOUS	DROP	0	0				0	
ERR2040801_clean_NODE_393_length_3977_cov_63.713777	DROP	AMBIGUOUS	DROP	0	0				0	
ERR2040801_clean_NODE_5571_length_1696_cov_26.160315	KEEP	PASS_CORE	KEEP	68	16	2.47e-175	583.1	0.858	417	FAM002989
ERR2040801_clean_NODE_5648_length_1683_cov_24.985976	DROP	AMBIGUOUS	DROP	0	0				0	
ERR2040802_clean_NODE_113_length_5875_cov_26.786694	REVIEW	AMBIGUOUS	short_fragment	0	0				0	
ERR2040802_clean_NODE_1593_length_2989_cov_35.573999	DROP	AMBIGUOUS	DROP	10	2	1.24e-04	21.8	0.600	769	FAM002003
ERR2040802_clean_NODE_1715_length_2902_cov_5.852746	KEEP	PASS_VIRAL	KEEP	1	0	1.55e-03	17.2	0.081	810	FAM007824
ERR2040802_clean_NODE_2806_length_2437_cov_58.089390	DROP	AMBIGUOUS	DROP	3	1	2.84e-155	517.7	0.995	627	FAM012645
ERR2040802_clean_NODE_3229_length_2315_cov_10.150968	DROP	AMBIGUOUS	DROP	0	0				0	
ERR2040802_clean_NODE_36_length_7176_cov_18.575775	KEEP	PASS_VIRAL	KEEP	7	2	6.42e-66	222.8	0.536	2114	FAM013464
ERR2040802_clean_NODE_4532_length_2013_cov_12.686294	DROP	AMBIGUOUS	DROP	0	0				0	
ERR2040802_clean_NODE_475_length_4178_cov_21.346796	DROP	AMBIGUOUS	DROP	5	1	1.57e-130	436.4	0.814	1038	FAM007805
ERR2040802_clean_NODE_536_length_4056_cov_15.976327	KEEP	PASS_VIRAL	KEEP	23	2	8.17e-108	361.0	0.937	1133	FAM008037
ERR2040802_clean_NODE_6286_length_1708_cov_16.219219	REVIEW	REVIEW	no_viral_domain_but_blast	11	7	4.77e-193	642.2	0.878	430	FAM001737
ERR2040802_clean_NODE_908_length_3533_cov_11.207450	KEEP	PASS_VIRAL	KEEP	17	0	6.89e-53	179.9	0.412	838	FAM004890
ERR2040803_clean_NODE_13514_length_952_cov_6.862486	DROP	REVIEW	DROP	0	0				0	
ERR2040803_clean_NODE_1399_length_2736_cov_4.721500	DROP	REVIEW	DROP	0	0				0	
ERR2040803_clean_NODE_14236_length_913_cov_1.950575	KEEP	PASS_VIRAL	KEEP	0	0				0	
ERR2040803_clean_NODE_1464_length_2700_cov_22.272864	KEEP	PASS_VIRAL	KEEP	16	0	9.79e-07	28.5	0.378	536	FAM004782
ERR2040803_clean_NODE_1610_length_2625_cov_54.586754	KEEP	PASS_VIRAL	KEEP	8	1	6.86e-164	546.7	0.477	392	FAM004987
ERR2040803_clean_NODE_17839_length_757_cov_2.647059	DROP	REVIEW	DROP	13	0	2.65e-30	105.0	0.117	76	FAM000134
ERR2040803_clean_NODE_1874_length_2512_cov_80.532604	KEEP	PASS_VIRAL	KEEP	5	5	5.43e-293	973.6	0.709	597	FAM004987
ERR2040803_clean_NODE_24586_length_580_cov_1.031657	REVIEW	REVIEW	short_fragment	0	0				0	
ERR2040803_clean_NODE_276_length_3934_cov_24.710100	DROP	REVIEW	DROP	18	3	4.10e-23	81.2	0.164	126	FAM000970
ERR2040803_clean_NODE_298_length_3876_cov_18.499870	DROP	AMBIGUOUS	DROP	0	0				0	
ERR2040803_clean_NODE_313_length_3833_cov_8.842744	KEEP	PASS_VIRAL	KEEP	7	0	5.98e-13	47.8	0.139	360	FAM008349
ERR2040803_clean_NODE_429_length_3600_cov_33.420298	KEEP	PASS_VIRAL	KEEP	8	0	9.57e-28	97.0	0.347	1017	FAM012657
ERR2040803_clean_NODE_71_length_4891_cov_27.851485	KEEP	PASS_VIRAL	KEEP	17	1	7.10e-53	179.8	0.403	1240	FAM004890
ERR2040803_clean_NODE_826_length_3161_cov_60.097819	DROP	AMBIGUOUS	DROP	0	0				0	
ERR2040803_clean_NODE_951_length_3037_cov_12.840681	DROP	AMBIGUOUS	DROP	9	0	1.23e-14	50.8	0.028	655	FAM001712
ERR2040804_clean_NODE_1008_length_2871_cov_18.699434	KEEP	PASS_VIRAL	KEEP	20	1	3.66e-07	29.9	0.378	508	FAM004782
ERR2040804_clean_NODE_1092_length_2813_cov_33.645126	DROP	AMBIGUOUS	DROP	5	1	8.80e-08	30.7	0.111	511	FAM022056
ERR2040804_clean_NODE_1259_length_2711_cov_18.944903	KEEP	PASS_VIRAL	KEEP	41	3	1.22e-33	116.1	0.340	477	FAM012845
ERR2040804_clean_NODE_132_length_4284_cov_31.592077	DROP	AMBIGUOUS	DROP	0	0				0	
ERR2040804_clean_NODE_1543_length_2580_cov_10.254631	DROP	REVIEW	DROP	0	0				0	
ERR2040804_clean_NODE_156_length_4150_cov_5.675189	DROP	REVIEW	DROP	0	0				0	
ERR2040804_clean_NODE_2556_length_2228_cov_84.103890	DROP	AMBIGUOUS	DROP	0	0				0	
ERR2040804_clean_NODE_336_length_3624_cov_13.445127	REVIEW	AMBIGUOUS	no_viral_domain_but_blast	0	0				0	
ERR2040804_clean_NODE_4870_length_1783_cov_71.398276	REVIEW	REVIEW	no_viral_domain_but_blast	4	0	8.21e-09	32.8	0.020	41	FAM000252
ERR2040804_clean_NODE_783_length_3052_cov_14.822200	KEEP	PASS_VIRAL	KEEP	0	0				0	
ERR2040805_clean_NODE_11097_length_1223_cov_45.994915	DROP	REVIEW	DROP	10	5	3.93e-29	101.5	0.966	314	FAM010181
ERR2040805_clean_NODE_1286_length_3222_cov_4.187795	DROP	AMBIGUOUS	DROP	2	0	4.75e-15	55.6	0.473	821	FAM012606
ERR2040805_clean_NODE_1677_length_2979_cov_25.741485	KEEP	PASS_VIRAL	KEEP	39	16	1.04e-24	85.9	0.118	592	FAM008177
ERR2040805_clean_NODE_1915_length_2842_cov_26.333333	KEEP	PASS_VIRAL	KEEP	21	1	2.15e-07	30.6	0.378	535	FAM004782
ERR2040805_clean_NODE_1927_length_2837_cov_46.963135	DROP	AMBIGUOUS	DROP	5	0	8.99e-09	34.0	0.107	502	FAM022056
ERR2040805_clean_NODE_197_length_5009_cov_26.606927	KEEP	PASS_VIRAL	KEEP	12	0	2.46e-41	141.8	0.382	1175	FAM012657
ERR2040805_clean_NODE_2042_length_2771_cov_24.476906	DROP	AMBIGUOUS	DROP	1	0	1.76e-03	18.1	0.228	604	FAM018021
ERR2040805_clean_NODE_2227_length_2699_cov_129.886295	KEEP	PASS_VIRAL	KEEP	5	5	6.95e-291	966.6	0.708	592	FAM004987
ERR2040805_clean_NODE_2479_length_2613_cov_7.254864	DROP	AMBIGUOUS	DROP	6	0	8.42e-26	89.6	0.229	767	FAM007819
ERR2040805_clean_NODE_2576_length_2578_cov_15.546746	DROP	REVIEW	DROP	0	0				0	
ERR2040805_clean_NODE_262_length_4716_cov_14.692703	KEEP	PASS_VIRAL	KEEP	7	1	2.32e-163	545.1	0.682	1316	FAM013464
ERR2040805_clean_NODE_2822_length_2504_cov_16.678992	REVIEW	AMBIGUOUS	short_fragment	1	0	4.64e-21	75.1	0.321	472	FAM010564
ERR2040805_clean_NODE_3834_length_2234_cov_25.041990	DROP	AMBIGUOUS	DROP	17	3	1.18e-70	238.2	0.939	447	FAM017957
ERR2040805_clean_NODE_4199_length_2160_cov_17.827114	DROP	AMBIGUOUS	DROP	6	2	1.37e-05	24.7	0.326	450	FAM018136
ERR2040805_clean_NODE_4730_length_2045_cov_4.732268	KEEP	PASS_VIRAL	KEEP	1	0	5.71e-04	18.6	0.075	597	FAM007824
ERR2040805_clean_NODE_5731_length_1868_cov_7.521644	KEEP	PASS_VIRAL	KEEP	43	19	1.40e-45	155.1	0.116	486	FAM008177
ERR2040805_clean_NODE_758_length_3713_cov_7.245504	KEEP	PASS_VIRAL	KEEP	5	0	7.35e-26	90.7	0.129	1006	FAM012657
ERR2040805_clean_NODE_760_length_3711_cov_9.115867	DROP	AMBIGUOUS	DROP	1	1	3.79e-03	16.5	0.857	867	FAM010936
ERR2040805_clean_NODE_987_length_3471_cov_25.088973	DROP	AMBIGUOUS	DROP	0	0				0	
ERR2040806_clean_NODE_153_length_3179_cov_6.791773	DROP	REVIEW	DROP	0	0				0	
ERR2040806_clean_NODE_304_length_2799_cov_21.288099	REVIEW	AMBIGUOUS	short_fragment	0	0				0	
ERR2040806_clean_NODE_416_length_2646_cov_11.132539	DROP	REVIEW	DROP	0	0				0	
ERR2040807_clean_NODE_2095_length_2657_cov_25.013772	DROP	AMBIGUOUS	DROP	5	1	3.46e-08	32.1	0.105	484	FAM022056
ERR2040807_clean_NODE_2228_length_2608_cov_217.927875	KEEP	PASS_VIRAL	KEEP	5	5	9.18e-292	969.5	0.707	592	FAM004987
ERR2040807_clean_NODE_2520_length_2515_cov_11.258900	DROP	AMBIGUOUS	DROP	0	0				0	
ERR2040807_clean_NODE_2542_length_2509_cov_9.421330	KEEP	PASS_VIRAL	KEEP	17	0	1.30e-34	119.5	0.381	577	FAM004890
ERR2040807_clean_NODE_265_length_4155_cov_6.629864	KEEP	PASS_VIRAL	KEEP	18	0	1.58e-53	182.0	0.405	999	FAM004890
ERR2040807_clean_NODE_2661_length_2483_cov_19.631557	KEEP	PASS_VIRAL	KEEP	20	1	1.89e-07	30.8	0.378	537	FAM004782
ERR2040807_clean_NODE_3692_length_2227_cov_4.267857	KEEP	PASS_VIRAL	KEEP	6	0	1.25e-12	47.1	0.119	473	FAM012657
ERR2040807_clean_NODE_514_length_3733_cov_6.180759	KEEP	PASS_VIRAL	KEEP	43	8	2.35e-23	81.5	0.091	446	FAM008177
ERR2040807_clean_NODE_589_length_3649_cov_4.859678	DROP	AMBIGUOUS	DROP	1	1	3.28e-03	16.7	0.857	843	FAM010936
ERR2040807_clean_NODE_5951_length_1824_cov_2.882650	KEEP	PASS_VIRAL	KEEP	44	17	1.12e-45	155.5	0.115	486	FAM008177
ERR2040807_clean_NODE_763_length_3480_cov_26.739017	REVIEW	AMBIGUOUS	no_viral_domain_but_blast	0	0				0	
ERR2040807_clean_NODE_87_length_4778_cov_10.001056	KEEP	PASS_VIRAL	KEEP	17	1	1.21e-62	211.2	0.324	1231	FAM004770
ERR2040808_clean_NODE_1849_length_2376_cov_9.230604	DROP	AMBIGUOUS	DROP	3	2	2.48e-137	457.7	0.949	455	FAM021437
ERR2040808_clean_NODE_29_length_5944_cov_26.391120	KEEP	PASS_VIRAL	KEEP	15	1	1.79e-62	210.6	0.324	1516	FAM004770
ERR2040808_clean_NODE_7076_length_1382_cov_11.896938	REVIEW	REVIEW	no_viral_domain_but_blast	8	6	5.34e-31	107.6	0.956	341	FAM010181
ERR2040808_clean_NODE_822_length_2962_cov_8.644741	DROP	AMBIGUOUS	DROP	4	0	2.44e-14	50.4	0.031	816	FAM003307
ERR2040808_clean_NODE_8837_length_1212_cov_4.744226	DROP	REVIEW	DROP	0	0				0	
ERR2040809_clean_NODE_2241_length_2212_cov_7.364684	DROP	AMBIGUOUS	DROP	1	1	8.08e-03	15.9	0.587	490	FAM011548
ERR2040809_clean_NODE_2835_length_2048_cov_5.905237	DROP	AMBIGUOUS	DROP	0	0				0	
ERR2040809_clean_NODE_467_length_3325_cov_11.061243	KEEP	PASS_VIRAL	KEEP	44	10	9.29e-67	225.1	0.439	893	FAM012845
ERR2040809_clean_NODE_4760_length_1705_cov_6.670878	KEEP	PASS_CORE	KEEP	72	18	2.21e-173	576.6	0.858	417	FAM002989
ERR2040809_clean_NODE_4878_length_1689_cov_37.659174	DROP	REVIEW	DROP	6	4	7.94e-32	110.4	0.898	327	FAM010181
ERR2040809_clean_NODE_5891_length_1548_cov_21.944186	REVIEW	REVIEW	no_viral_domain_but_blast	5	4	9.29e-126	419.1	0.823	286	FAM014886
ERR2040809_clean_NODE_595_length_3144_cov_29.468236	DROP	REVIEW	DROP	9	0	1.06e-11	43.4	0.230	872	FAM018817
ERR2040809_clean_NODE_6459_length_1474_cov_34.314465	REVIEW	REVIEW	no_viral_domain_but_blast	4	4	1.92e-146	486.8	0.818	278	FAM024447
ERR2040809_clean_NODE_935_length_2829_cov_34.195621	KEEP	PASS_VIRAL	KEEP	8	2	3.21e-89	298.9	0.945	512	FAM011052
ERR2040809_clean_NODE_968_length_2797_cov_33.931736	DROP	AMBIGUOUS	DROP	5	1	2.80e-08	32.4	0.105	509	FAM022056
ERR2040812_clean_NODE_1263_length_2324_cov_6.959228	DROP	REVIEW	DROP	0	0				0	
ERR2040812_clean_NODE_952_length_2520_cov_15.731126	DROP	AMBIGUOUS	DROP	2	0	5.72e-11	40.1	0.053	616	FAM010548
ERR2040812_clean_NODE_9565_length_967_cov_4.468615	REVIEW	REVIEW	short_fragment	0	0				0	
ERR2040813_clean_NODE_1079_length_2787_cov_26.652697	KEEP	PASS_VIRAL	KEEP	5	1	3.25e-71	239.6	0.965	641	FAM011052
ERR2040813_clean_NODE_1211_length_2705_cov_7.407964	KEEP	PASS_VIRAL	KEEP	3	0	7.91e-21	73.5	0.143	609	FAM010784
ERR2040813_clean_NODE_13825_length_862_cov_3.936508	DROP	REVIEW	DROP	0	0				0	
ERR2040813_clean_NODE_21674_length_548_cov_2.332673	KEEP	PASS_VIRAL	KEEP	0	0				0	
ERR2040813_clean_NODE_2592_length_2161_cov_5.234655	DROP	REVIEW	DROP	15	2	5.74e-100	335.3	0.943	618	FAM023154
ERR2040813_clean_NODE_4879_length_1695_cov_4.673123	KEEP	PASS_CORE	KEEP	0	0				0	
ERR2040813_clean_NODE_8931_length_1220_cov_14.150382	REVIEW	REVIEW	no_viral_domain_but_blast	7	3	3.82e-32	111.4	0.942	325	FAM010181
ERR2040814_clean_NODE_12982_length_962_cov_6.501632	KEEP	PASS_CORE	KEEP	0	0				0	
ERR2040814_clean_NODE_1387_length_2786_cov_18.551586	KEEP	PASS_VIRAL	KEEP	20	1	1.63e-07	31.0	0.387	536	FAM004782
ERR2040814_clean_NODE_1497_length_2737_cov_13.355605	KEEP	PASS_CORE	KEEP	21	0	2.86e-13	47.8	0.061	323	FAM004636
ERR2040814_clean_NODE_1729_length_2617_cov_42.800699	KEEP	PASS_VIRAL	KEEP	5	5	2.60e-290	964.7	0.707	592	FAM004987
ERR2040814_clean_NODE_2205_length_2429_cov_15.832355	DROP	AMBIGUOUS	DROP	3	2	7.46e-137	456.2	0.949	459	FAM021437
ERR2040814_clean_NODE_3403_length_2102_cov_7.197183	KEEP	PASS_VIRAL	KEEP	43	16	5.77e-44	149.8	0.116	486	FAM008177
ERR2040814_clean_NODE_5511_length_1734_cov_29.862212	DROP	REVIEW	DROP	9	3	5.15e-30	104.4	0.939	314	FAM010181
ERR2040815_clean_NODE_10_length_6197_cov_16.313455	DROP	REVIEW	DROP	0	0				0	
ERR2040815_clean_NODE_229_length_3744_cov_18.993515	REVIEW	AMBIGUOUS	no_viral_domain_but_blast	0	0				0	
ERR2040815_clean_NODE_3127_length_1930_cov_16.188129	KEEP	PASS_VIRAL	KEEP	43	18	1.61e-45	154.9	0.116	487	FAM008177
ERR2040815_clean_NODE_348_length_3471_cov_9.940782	DROP	REVIEW	DROP	0	0				0	
ERR2040815_clean_NODE_528_length_3149_cov_22.576948	DROP	AMBIGUOUS	DROP	0	0				0	
ERR2040815_clean_NODE_779_length_2878_cov_25.811640	KEEP	PASS_VIRAL	KEEP	4	1	8.69e-71	238.2	0.960	643	FAM011052
ERR2040815_clean_NODE_815_length_2849_cov_19.995723	REVIEW	AMBIGUOUS	no_viral_domain_but_blast	0	0				0	
ERR2040817_clean_NODE_1006_length_3132_cov_9.603108	DROP	AMBIGUOUS	DROP	0	0				0	
ERR2040817_clean_NODE_1424_length_2850_cov_48.386177	DROP	AMBIGUOUS	DROP	5	0	2.59e-08	32.5	0.105	511	FAM022056
ERR2040817_clean_NODE_1435_length_2845_cov_10.802641	KEEP	PASS_VIRAL	KEEP	52	18	3.95e-41	140.4	0.117	670	FAM008177
ERR2040817_clean_NODE_149_length_4684_cov_27.400560	DROP	AMBIGUOUS	DROP	0	0				0	
ERR2040817_clean_NODE_1550_length_2780_cov_55.470223	REVIEW	AMBIGUOUS	no_viral_domain_but_blast	0	0				0	
ERR2040817_clean_NODE_1707_length_2703_cov_12.922556	DROP	REVIEW	DROP	0	0				0	
ERR2040817_clean_NODE_1959_length_2600_cov_14.328119	DROP	REVIEW	DROP	0	0				0	
ERR2040817_clean_NODE_2065_length_2559_cov_6.946343	KEEP	PASS_VIRAL	KEEP	11	0	6.20e-13	48.1	0.119	512	FAM012657
ERR2040817_clean_NODE_2098_length_2544_cov_12.816074	KEEP	PASS_VIRAL	KEEP	16	0	1.01e-33	116.6	0.386	568	FAM004890
ERR2040817_clean_NODE_292_length_4126_cov_18.538085	KEEP	PASS_VIRAL	KEEP	7	0	9.18e-13	47.2	0.139	281	FAM008349
ERR2040817_clean_NODE_3784_length_2085_cov_6.154750	DROP	AMBIGUOUS	DROP	0	0				0	
ERR2040817_clean_NODE_383_length_3915_cov_15.364411	KEEP	PASS_VIRAL	KEEP	21	1	2.68e-54	184.5	0.403	635	FAM004890
ERR2040817_clean_NODE_4389_length_1971_cov_6.220436	DROP	AMBIGUOUS	DROP	2	1	2.12e-17	63.2	0.759	491	FAM022230
ERR2040817_clean_NODE_486_length_3723_cov_12.814946	DROP	AMBIGUOUS	DROP	2	1	7.69e-106	354.2	0.973	952	FAM012407
ERR2040817_clean_NODE_487_length_3720_cov_6.772641	KEEP	PASS_VIRAL	KEEP	14	0	4.72e-45	153.2	0.289	997	FAM004770
ERR2040817_clean_NODE_689_length_3431_cov_46.595632	REVIEW	AMBIGUOUS	no_viral_domain_but_blast	0	0				0	
ERR2040818_clean_NODE_1383_length_2644_cov_15.316801	DROP	REVIEW	DROP	0	0				0	
ERR2040818_clean_NODE_2841_length_2128_cov_88.555875	REVIEW	AMBIGUOUS	short_fragment	0	0				0	
ERR2040818_clean_NODE_478_length_3460_cov_125.080187	REVIEW	AMBIGUOUS	no_viral_domain_but_blast	0	0				0	
ERR2040818_clean_NODE_485_length_3449_cov_76.204639	REVIEW	AMBIGUOUS	no_viral_domain_but_blast	0	0				0	
ERR2040818_clean_NODE_903_length_2947_cov_6.104683	REVIEW	AMBIGUOUS	short_fragment	0	0				0	
ERR2040819_clean_NODE_12968_length_919_cov_3.439498	KEEP	PASS_CORE	KEEP	0	0				0	
ERR2040819_clean_NODE_17146_length_652_cov_11.699507	KEEP	PASS_CORE	KEEP	5	2	2.73e-24	84.5	0.069	107	FAM000069
ERR2040819_clean_NODE_17846_length_617_cov_7.937282	REVIEW	REVIEW	short_fragment	11	0	1.05e-20	73.3	0.117	77	FAM000134
ERR2040819_clean_NODE_19766_length_541_cov_43.957831	KEEP	PASS_CORE	KEEP	0	0				0	
ERR2040819_clean_NODE_7236_length_1466_cov_4.666198	DROP	REVIEW	DROP	5	4	2.59e-61	207.4	0.831	393	FAM006190
ERR2040819_clean_NODE_863_length_3024_cov_17.915465	KEEP	PASS_CORE	KEEP	31	9	9.61e-215	715.7	0.246	845	FAM000069
ERR2040820_clean_NODE_13611_length_725_cov_3.986804	REVIEW	REVIEW	short_fragment	0	0				0	
ERR2040820_clean_NODE_1401_length_2410_cov_19.093367	DROP	AMBIGUOUS	DROP	2	0	4.62e-08	32.0	0.125	691	FAM012744
ERR2040820_clean_NODE_16430_length_595_cov_1.568841	REVIEW	REVIEW	short_fragment	13	1	4.79e-25	87.3	0.049	86	FAM003304
ERR2040820_clean_NODE_1_length_8657_cov_11.974460	DROP	REVIEW	DROP	0	0				0	
ERR2040820_clean_NODE_36_length_5193_cov_5.665825	DROP	REVIEW	DROP	0	0				0	
ERR2040820_clean_NODE_502_length_3205_cov_10.083491	DROP	AMBIGUOUS	DROP	0	0				0	
ERR2040820_clean_NODE_73_length_4639_cov_119.461706	DROP	REVIEW	DROP	1	0	2.40e-03	16.5	0.357	1193	FAM009502
ERR2040821_clean_NODE_1699_length_2774_cov_17.596119	KEEP	PASS_VIRAL	KEEP	21	1	2.58e-07	30.3	0.378	536	FAM004782
ERR2040821_clean_NODE_1893_length_2681_cov_75.813495	KEEP	PASS_VIRAL	KEEP	5	5	4.62e-291	967.2	0.708	592	FAM004987
ERR2040821_clean_NODE_244_length_4379_cov_25.325646	KEEP	PASS_VIRAL	KEEP	16	1	4.37e-50	170.6	0.403	1198	FAM004890
ERR2040821_clean_NODE_2496_length_2460_cov_7.557716	KEEP	PASS_VIRAL	KEEP	5	5	6.94e-290	963.3	0.708	586	FAM004987
ERR2040821_clean_NODE_2873_length_2353_cov_9.937229	DROP	AMBIGUOUS	DROP	0	0				0	
ERR2040821_clean_NODE_3367_length_2228_cov_28.109382	DROP	AMBIGUOUS	DROP	3	2	2.35e-136	454.5	0.949	459	FAM021437
ERR2040821_clean_NODE_5301_length_1864_cov_13.606260	KEEP	PASS_VIRAL	KEEP	44	17	1.21e-44	152.0	0.116	479	FAM008177
ERR2040821_clean_NODE_58_length_5568_cov_8.982805	DROP	AMBIGUOUS	DROP	0	0				0	
ERR2040821_clean_NODE_595_length_3677_cov_11.264722	DROP	AMBIGUOUS	DROP	4	0	1.56e-22	79.0	0.137	424	FAM004242
ERR2040821_clean_NODE_6204_length_1723_cov_5.780357	REVIEW	REVIEW	no_viral_domain_but_blast	8	1	1.23e-07	30.4	0.174	79	FAM007484
ERR2040821_clean_NODE_63_length_5511_cov_11.773592	DROP	REVIEW	DROP	0	0				0	
ERR2040821_clean_NODE_6767_length_1636_cov_25.037037	DROP	REVIEW	DROP	9	5	2.62e-27	95.5	0.963	306	FAM010181
ERR2040821_clean_NODE_9567_length_1308_cov_9.697233	DROP	REVIEW	DROP	4	2	1.24e-72	244.2	0.805	277	FAM015065
ERR2040822_clean_NODE_1944_length_2450_cov_16.727877	DROP	AMBIGUOUS	DROP	0	0				0	
ERR2040822_clean_NODE_742_length_3209_cov_38.642767	DROP	AMBIGUOUS	DROP	4	1	1.56e-08	33.2	0.113	511	FAM022056
ERR2040822_clean_NODE_935_length_3017_cov_6.829859	REVIEW	AMBIGUOUS	short_fragment	0	0				0	
ERR2040824_clean_NODE_1336_length_2986_cov_5.659531	KEEP	PASS_VIRAL	KEEP	1	0	3.11e-04	19.5	0.078	850	FAM007824
ERR2040824_clean_NODE_1540_length_2868_cov_14.984425	KEEP	PASS_VIRAL	KEEP	22	2	3.48e-07	29.9	0.378	536	FAM004782
ERR2040824_clean_NODE_2067_length_2623_cov_26.358140	KEEP	PASS_VIRAL	KEEP	5	1	1.20e-82	277.3	0.899	530	FAM011052
ERR2040824_clean_NODE_2404_length_2492_cov_13.643120	DROP	REVIEW	DROP	0	0				0	
ERR2040824_clean_NODE_26_length_6377_cov_52.556836	DROP	AMBIGUOUS	DROP	12	0	2.60e-11	42.9	0.182	451	FAM007874
ERR2040824_clean_NODE_3098_length_2284_cov_45.776885	DROP	AMBIGUOUS	DROP	3	0	1.22e-07	29.8	0.120	471	FAM016341
ERR2040824_clean_NODE_4394_length_2004_cov_297.537481	DROP	AMBIGUOUS	DROP	0	0				0	
ERR2040824_clean_NODE_706_length_3539_cov_119.750572	DROP	REVIEW	DROP	9	0	1.25e-11	43.5	0.206	938	FAM019571
ERR2040824_clean_NODE_734_length_3510_cov_26.391116	REVIEW	AMBIGUOUS	no_viral_domain_but_blast	1	0	2.47e-03	17.4	0.262	784	FAM009591
ERR2040825_clean_NODE_18995_length_533_cov_4.193878	REVIEW	REVIEW	no_viral_domain_but_blast	0	0				0	
ERR2040825_clean_NODE_4105_length_1195_cov_3.164062	REVIEW	REVIEW	no_viral_domain_but_blast	4	1	6.11e-11	41.5	0.168	91	FAM006294
ERR2040825_clean_NODE_476_length_2143_cov_73.419048	DROP	AMBIGUOUS	DROP	0	0				0	
ERR2040825_clean_NODE_495_length_2120_cov_17.437650	KEEP	PASS_VIRAL	KEEP	1	0	3.86e-03	16.8	0.329	454	FAM000586
ERR2040825_clean_NODE_5_length_4819_cov_19.727596	REVIEW	REVIEW	no_viral_domain_but_blast	10	6	2.62e-39	134.6	0.771	251	FAM013193
ERR2040826_clean_NODE_1164_length_2389_cov_13.108326	KEEP	PASS_CORE	KEEP	5	4	4.09e-34	117.9	0.608	252	FAM001292
ERR2040826_clean_NODE_1217_length_2362_cov_7.325312	KEEP	PASS_CORE	KEEP	0	0				0	
ERR2040826_clean_NODE_2015_length_2033_cov_5.452452	KEEP	PASS_CORE	KEEP	0	0				0	
ERR2040826_clean_NODE_279_length_3279_cov_38.005857	DROP	AMBIGUOUS	DROP	0	0				0	
ERR2040826_clean_NODE_413_length_3030_cov_4.415693	DROP	AMBIGUOUS	DROP	0	0				0	
ERR2040826_clean_NODE_4214_length_1547_cov_10.688492	REVIEW	REVIEW	no_viral_domain_but_blast	6	5	4.30e-33	114.5	0.939	322	FAM010181
ERR2040826_clean_NODE_8055_length_1081_cov_6.489484	KEEP	PASS_CORE	KEEP	21	4	9.66e-25	85.8	0.078	275	FAM000080
ERR2040827_clean_NODE_989_length_2382_cov_15.195995	DROP	AMBIGUOUS	DROP	0	0				0	
ERR2040828_clean_NODE_1315_length_2532_cov_14.852149	REVIEW	PASS_VIRAL	short_fragment	42	17	2.45e-47	161.0	0.116	598	FAM008177
ERR2040828_clean_NODE_23_length_5328_cov_19.189972	DROP	REVIEW	DROP	0	0				0	
ERR2040828_clean_NODE_2442_length_2139_cov_17.538168	DROP	AMBIGUOUS	DROP	0	0				0	
ERR2040828_clean_NODE_2972_length_2014_cov_3.809234	DROP	AMBIGUOUS	DROP	9	0	9.80e-64	215.3	0.112	559	FAM007819
ERR2040828_clean_NODE_485_length_3213_cov_7.830599	KEEP	PASS_VIRAL	KEEP	14	0	1.79e-09	36.6	0.271	785	FAM011187
ERR2040829_clean_NODE_1063_length_3357_cov_15.407061	REVIEW	AMBIGUOUS	no_viral_domain_but_blast	0	0				0	
ERR2040829_clean_NODE_1548_length_3009_cov_13.151382	KEEP	PASS_VIRAL	KEEP	1	0	1.08e-03	17.7	0.072	838	FAM007824
ERR2040829_clean_NODE_1568_length_2998_cov_17.078173	DROP	AMBIGUOUS	DROP	0	0				0	
ERR2040829_clean_NODE_1798_length_2874_cov_18.690569	DROP	AMBIGUOUS	DROP	5	1	5.65e-09	34.7	0.107	523	FAM022056
ERR2040829_clean_NODE_18558_length_621_cov_1.442907	REVIEW	REVIEW	short_fragment	3	0	2.41e-06	25.0	0.025	44	FAM025821
ERR2040829_clean_NODE_1940_length_2809_cov_35.038322	DROP	AMBIGUOUS	DROP	0	0				0	
ERR2040829_clean_NODE_203_length_4745_cov_24.573798	DROP	AMBIGUOUS	DROP	0	0				0	
ERR2040829_clean_NODE_287_length_4421_cov_13.569667	KEEP	PASS_VIRAL	KEEP	11	0	9.73e-39	133.2	0.380	1194	FAM012657
ERR2040829_clean_NODE_3460_length_2297_cov_11.544809	DROP	AMBIGUOUS	DROP	0	0				0	
ERR2040829_clean_NODE_489_length_4000_cov_17.100834	DROP	AMBIGUOUS	DROP	0	0				0	
ERR2040829_clean_NODE_492_length_3996_cov_10.425500	DROP	AMBIGUOUS	DROP	1	0	6.37e-139	464.1	0.145	1017	FAM012595
ERR2040829_clean_NODE_6850_length_1684_cov_7.146252	KEEP	PASS_CORE	KEEP	54	18	6.09e-175	581.8	0.858	417	FAM002989
ERR2040829_clean_NODE_758_length_3630_cov_4.409256	KEEP	PASS_VIRAL	KEEP	0	0				0	
ERR2040829_clean_NODE_8322_length_1483_cov_25.167361	REVIEW	REVIEW	no_viral_domain_but_blast	4	4	4.43e-124	413.6	0.814	284	FAM014886
ERR2040829_clean_NODE_903_length_3476_cov_45.161957	REVIEW	AMBIGUOUS	no_viral_domain_but_blast	0	0				0	
ERR2040829_clean_NODE_9131_length_1382_cov_26.715459	REVIEW	REVIEW	no_viral_domain_but_blast	5	5	5.98e-145	481.9	0.812	275	FAM024447
ERR2040829_clean_NODE_938_length_3445_cov_54.370664	KEEP	PASS_VIRAL	KEEP	16	0	2.64e-54	184.6	0.410	818	FAM004890
ERR2040830_clean_NODE_1141_length_2419_cov_35.083754	KEEP	PASS_VIRAL	KEEP	6	5	6.41e-292	970.1	0.710	592	FAM004987
ERR2040830_clean_NODE_1958_length_2087_cov_26.131115	DROP	AMBIGUOUS	DROP	0	0				0	
ERR2040830_clean_NODE_232_length_3470_cov_13.622702	DROP	REVIEW	DROP	0	0				0	
ERR2040830_clean_NODE_293_length_3332_cov_15.525996	REVIEW	AMBIGUOUS	no_viral_domain_but_blast	4	0	9.53e-11	40.6	0.298	972	FAM012636
ERR2040830_clean_NODE_4510_length_1586_cov_7.657809	DROP	AMBIGUOUS	DROP	2	1	2.42e-12	46.7	0.890	234	FAM012802
ERR2040830_clean_NODE_568_length_2887_cov_16.051688	DROP	AMBIGUOUS	DROP	5	1	2.31e-08	32.7	0.107	523	FAM022056
ERR2040830_clean_NODE_618_length_2828_cov_28.109156	DROP	REVIEW	DROP	0	0				0	
ERR2040830_clean_NODE_619_length_2828_cov_11.449910	KEEP	PASS_VIRAL	KEEP	14	0	8.01e-14	51.0	0.156	722	FAM017957
ERR2040830_clean_NODE_62_length_4304_cov_20.239380	DROP	REVIEW	DROP	0	0				0	
ERR2040831_clean_NODE_1155_length_2611_cov_10.069315	DROP	AMBIGUOUS	DROP	1	0	3.30e-08	32.5	0.127	701	FAM012744
ERR2040831_clean_NODE_1272_length_2555_cov_13.178344	DROP	REVIEW	DROP	0	0				0	
ERR2040831_clean_NODE_1485_length_2451_cov_30.086794	DROP	AMBIGUOUS	DROP	0	0				0	
ERR2040831_clean_NODE_15821_length_703_cov_2.342424	REVIEW	REVIEW	no_viral_domain_but_blast	0	0				0	
ERR2040831_clean_NODE_355_length_3401_cov_13.140858	DROP	AMBIGUOUS	DROP	0	0				0	
ERR2040831_clean_NODE_4423_length_1672_cov_5.322284	KEEP	PASS_VIRAL	KEEP	0	0				0	
ERR2040832_clean_NODE_1198_length_3010_cov_55.478261	DROP	AMBIGUOUS	DROP	5	1	6.49e-09	34.5	0.107	523	FAM022056
ERR2040832_clean_NODE_174_length_4529_cov_8.242755	KEEP	PASS_VIRAL	KEEP	8	1	3.94e-36	124.0	0.501	955	FAM010784
ERR2040832_clean_NODE_5843_length_1683_cov_6.326220	KEEP	PASS_CORE	KEEP	51	18	6.71e-177	588.2	0.858	417	FAM002989
ERR2040832_clean_NODE_690_length_3473_cov_10.388630	KEEP	PASS_VIRAL	KEEP	4	0	5.89e-12	44.4	0.065	706	FAM013464
ERR2040832_clean_NODE_7104_length_1488_cov_22.634602	REVIEW	REVIEW	no_viral_domain_but_blast	5	4	9.29e-144	478.0	0.812	275	FAM024447
ERR2040832_clean_NODE_7359_length_1456_cov_29.511677	REVIEW	REVIEW	no_viral_domain_but_blast	4	4	7.99e-123	409.5	0.814	284	FAM014886
ERR2040832_clean_NODE_739_length_3421_cov_6.044701	DROP	AMBIGUOUS	DROP	0	0				0	
ERR2040832_clean_NODE_946_length_3219_cov_7.436083	DROP	AMBIGUOUS	DROP	3	0	1.57e-20	73.0	0.140	715	FAM004890
ERR2040833_clean_NODE_12604_length_760_cov_1.690377	REVIEW	AMBIGUOUS	short_fragment	0	0				0	
ERR2040833_clean_NODE_1621_length_2251_cov_9.907609	DROP	REVIEW	DROP	0	0				0	
ERR2040833_clean_NODE_444_length_3179_cov_8.910077	DROP	AMBIGUOUS	DROP	5	1	6.84e-09	34.4	0.107	523	FAM022056
ERR2040833_clean_NODE_684_length_2851_cov_176.985755	DROP	AMBIGUOUS	DROP	0	0				0	
ERR2040834_clean_NODE_1068_length_3104_cov_17.771317	DROP	AMBIGUOUS	DROP	0	0				0	
ERR2040834_clean_NODE_1273_length_2964_cov_11.039370	DROP	AMBIGUOUS	DROP	5	1	1.76e-08	33.0	0.107	523	FAM022056
ERR2040834_clean_NODE_17_length_6496_cov_83.057958	REVIEW	AMBIGUOUS	no_viral_domain_but_blast	0	0				0	
ERR2040834_clean_NODE_18406_length_558_cov_5.067961	KEEP	PASS_VIRAL	KEEP	56	4	1.53e-12	45.9	0.053	91	FAM012574
ERR2040834_clean_NODE_1_length_10921_cov_129.438684	DROP	AMBIGUOUS	DROP	0	0				0	
ERR2040834_clean_NODE_2134_length_2554_cov_9.794902	KEEP	PASS_VIRAL	KEEP	5	0	6.46e-11	40.9	0.065	712	FAM013464
ERR2040834_clean_NODE_3801_length_2083_cov_12.725490	REVIEW	REVIEW	short_fragment	10	7	2.64e-40	138.3	0.537	402	FAM006294
ERR2040834_clean_NODE_533_length_3595_cov_11.809685	KEEP	PASS_VIRAL	KEEP	7	1	6.33e-158	527.1	0.630	956	FAM013464
ERR2040834_clean_NODE_580_length_3539_cov_18.142162	REVIEW	AMBIGUOUS	no_viral_domain_but_blast	0	0				0	
ERR2040834_clean_NODE_777_length_3325_cov_3.727300	KEEP	PASS_VIRAL	KEEP	3	0	3.68e-128	428.7	0.353	919	FAM013464
ERR2040834_clean_NODE_901_length_3222_cov_19.980497	KEEP	PASS_VIRAL	KEEP	1	0	3.16e-04	19.5	0.072	837	FAM007824
ERR2040835_clean_NODE_21471_length_535_cov_2.558943	REVIEW	REVIEW	short_fragment	0	0				0	
ERR2040835_clean_NODE_22237_length_514_cov_1.348195	DROP	AMBIGUOUS	DROP	0	0				0	
ERR2040835_clean_NODE_25_length_7149_cov_223.775401	REVIEW	AMBIGUOUS	no_viral_domain_but_blast	0	0				0	
ERR2040835_clean_NODE_42_length_6628_cov_12.346849	DROP	REVIEW	DROP	0	0				0	
ERR2040835_clean_NODE_632_length_3619_cov_74.228468	REVIEW	AMBIGUOUS	no_viral_domain_but_blast	0	0				0	
ERR2040835_clean_NODE_967_length_3253_cov_33.929595	DROP	AMBIGUOUS	DROP	5	1	1.39e-08	33.4	0.113	521	FAM022056
ERR2040836_clean_NODE_1632_length_3048_cov_13.366057	KEEP	PASS_VIRAL	KEEP	1	0	1.59e-03	17.2	0.072	829	FAM007824
ERR2040836_clean_NODE_2154_length_2799_cov_4.271045	KEEP	PASS_VIRAL	KEEP	34	0	1.97e-61	207.8	0.358	691	FAM012716
ERR2040836_clean_NODE_3068_length_2477_cov_69.158587	DROP	AMBIGUOUS	DROP	5	1	2.06e-08	32.8	0.107	523	FAM022056
ERR2040836_clean_NODE_393_length_4312_cov_52.255798	KEEP	PASS_VIRAL	KEEP	0	0				0	
ERR2040836_clean_NODE_425_length_4261_cov_22.370555	DROP	REVIEW	DROP	4	0	2.82e-05	22.9	0.375	1116	FAM009502
ERR2040836_clean_NODE_781_length_3705_cov_19.329055	KEEP	PASS_VIRAL	KEEP	7	1	1.33e-161	539.3	0.632	950	FAM013464
ERR2040836_clean_NODE_82_length_5811_cov_18.442268	DROP	REVIEW	DROP	0	0				0	
ERR2040837_clean_NODE_106_length_5164_cov_27.599688	DROP	AMBIGUOUS	DROP	0	0				0	
ERR2040837_clean_NODE_147_length_4834_cov_17.363807	DROP	AMBIGUOUS	DROP	0	0				0	
ERR2040837_clean_NODE_3565_length_2237_cov_17.053327	DROP	AMBIGUOUS	DROP	0	0				0	
ERR2040837_clean_NODE_3584_length_2231_cov_23.444698	DROP	AMBIGUOUS	DROP	0	0				0	
ERR2040838_clean_NODE_328_length_4251_cov_10.422529	KEEP	PASS_VIRAL	KEEP	1	0	9.48e-03	15.2	0.363	131	FAM009423
ERR2040838_clean_NODE_3813_length_2171_cov_5.400846	DROP	AMBIGUOUS	DROP	0	0				0	
ERR2040838_clean_NODE_770_length_3532_cov_10.011178	KEEP	PASS_VIRAL	KEEP	5	0	8.96e-11	40.4	0.065	715	FAM013464
ERR2040839_clean_NODE_1021_length_3131_cov_5.207578	DROP	AMBIGUOUS	DROP	5	1	5.92e-09	34.6	0.107	523	FAM022056
ERR2040839_clean_NODE_12603_length_948_cov_1.833149	KEEP	PASS_CORE_FAM	KEEP	0	0				0	
ERR2040839_clean_NODE_1468_length_2826_cov_9.076895	KEEP	PASS_VIRAL	KEEP	3	0	1.14e-11	43.4	0.065	529	FAM013464
ERR2040839_clean_NODE_244_length_4379_cov_6.313192	KEEP	PASS_VIRAL	KEEP	8	0	9.53e-29	99.4	0.301	1207	FAM004770
ERR2040839_clean_NODE_2653_length_2310_cov_10.509043	DROP	AMBIGUOUS	DROP	1	0	1.23e-09	37.0	0.386	459	FAM018561
ERR2040839_clean_NODE_702_length_3438_cov_33.587040	REVIEW	AMBIGUOUS	no_viral_domain_but_blast	0	0				0	
ERR2040839_clean_NODE_870_length_3268_cov_19.239380	DROP	AMBIGUOUS	DROP	2	1	5.33e-109	364.7	0.945	764	FAM012407
ERR2040840_clean_NODE_110_length_4668_cov_7.277142	DROP	AMBIGUOUS	DROP	0	0				0	
ERR2040840_clean_NODE_1244_length_2864_cov_8.523153	DROP	AMBIGUOUS	DROP	4	1	1.33e-06	26.9	0.095	467	FAM022056
ERR2040840_clean_NODE_13457_length_781_cov_3.301609	REVIEW	REVIEW	no_viral_domain_but_blast	0	0				0	
ERR2040840_clean_NODE_14033_length_737_cov_3.811966	REVIEW	REVIEW	no_viral_domain_but_blast	4	0	1.27e-60	204.9	0.391	137	FAM014886
ERR2040840_clean_NODE_2862_length_2195_cov_54.406944	DROP	AMBIGUOUS	DROP	0	0				0	
ERR2040840_clean_NODE_2939_length_2175_cov_16.760748	DROP	AMBIGUOUS	DROP	0	0				0	
ERR2040840_clean_NODE_344_length_3813_cov_6.231869	REVIEW	AMBIGUOUS	short_fragment	0	0				0	
ERR2040840_clean_NODE_522_length_3530_cov_26.759371	REVIEW	AMBIGUOUS	no_viral_domain_but_blast	0	0				0	
ERR2040840_clean_NODE_55_length_5228_cov_10.314654	DROP	AMBIGUOUS	DROP	1	0	1.76e-03	17.1	0.129	450	FAM018038
ERR2040840_clean_NODE_6325_length_1537_cov_4.360852	KEEP	PASS_CORE	KEEP	67	17	1.99e-144	481.2	0.831	404	FAM002989
ERR2040840_clean_NODE_85_length_4838_cov_22.421611	DROP	AMBIGUOUS	DROP	0	0				0	
ERR2040840_clean_NODE_939_length_3081_cov_11.251477	KEEP	PASS_VIRAL	KEEP	14	0	4.73e-14	51.8	0.153	713	FAM017957
ERR2040841_clean_NODE_1174_length_2980_cov_346.834525	DROP	AMBIGUOUS	DROP	0	0				0	
ERR2040841_clean_NODE_1244_length_2942_cov_20.151432	DROP	AMBIGUOUS	DROP	6	0	2.14e-12	46.3	0.166	700	FAM007630
ERR2040841_clean_NODE_1450_length_2814_cov_96.661855	KEEP	PASS_VIRAL	KEEP	2	0	1.96e-22	79.7	0.414	600	FAM022736
ERR2040841_clean_NODE_151_length_4349_cov_12.465165	DROP	REVIEW	DROP	1	0	1.26e-04	20.8	0.418	1145	FAM009502
ERR2040841_clean_NODE_1835_length_2636_cov_9.002700	DROP	REVIEW	DROP	0	0				0	
ERR2040841_clean_NODE_229_length_4059_cov_10.778137	DROP	AMBIGUOUS	DROP	0	0				0	
ERR2040841_clean_NODE_2515_length_2395_cov_53.703656	DROP	AMBIGUOUS	DROP	18	13	2.04e-28	98.1	0.729	508	FAM005900
ERR2040841_clean_NODE_337_length_3810_cov_6.617467	KEEP	PASS_VIRAL	KEEP	5	0	6.77e-11	40.8	0.065	722	FAM013464
ERR2040841_clean_NODE_3560_length_2131_cov_37.761015	DROP	AMBIGUOUS	DROP	0	0				0	
ERR2040841_clean_NODE_421_length_3661_cov_20.767275	REVIEW	AMBIGUOUS	no_viral_domain_but_blast	0	0				0	
ERR2040842_clean_NODE_11043_length_1169_cov_4.246892	KEEP	PASS_VIRAL	KEEP	23	1	4.14e-86	289.6	0.145	193	FAM003304
ERR2040842_clean_NODE_14207_length_972_cov_1.247578	REVIEW	REVIEW	short_fragment	0	0				0	
ERR2040842_clean_NODE_21794_length_683_cov_3.220312	DROP	REVIEW	DROP	0	0				0	
ERR2040842_clean_NODE_25833_length_585_cov_1.112546	DROP	REVIEW	DROP	0	0				0	
ERR2040842_clean_NODE_28889_length_530_cov_1.593429	DROP	REVIEW	DROP	0	0				0	
ERR2040842_clean_NODE_3133_length_2176_cov_12.614158	DROP	AMBIGUOUS	DROP	0	0				0	
ERR2040842_clean_NODE_531_length_3597_cov_16.486213	REVIEW	AMBIGUOUS	no_viral_domain_but_blast	2	1	3.18e-36	125.0	0.541	731	FAM012638
ERR2040842_clean_NODE_7407_length_1485_cov_15.356449	REVIEW	REVIEW	short_fragment	10	3	7.87e-35	120.2	0.953	315	FAM010181
ERR2040842_clean_NODE_944_length_3137_cov_4.501616	DROP	AMBIGUOUS	DROP	34	2	7.34e-51	172.8	0.106	138	FAM003304
ERR2040842_clean_NODE_9918_length_1252_cov_66.997519	DROP	AMBIGUOUS	DROP	2	0	2.86e-11	43.7	0.144	31	FAM019291
ERR2040843_clean_NODE_11328_length_1050_cov_3.695134	REVIEW	REVIEW	short_fragment	0	0				0	
ERR2040843_clean_NODE_1289_length_3023_cov_3.517114	DROP	AMBIGUOUS	DROP	20	4	7.39e-152	507.3	0.332	414	FAM003304
ERR2040843_clean_NODE_2201_length_2554_cov_11.904421	KEEP	PASS_VIRAL	KEEP	37	13	8.53e-46	155.8	0.118	615	FAM008177
ERR2040843_clean_NODE_2254_length_2526_cov_29.293194	DROP	AMBIGUOUS	DROP	5	0	6.47e-08	31.2	0.105	489	FAM022056
ERR2040843_clean_NODE_2443_length_2455_cov_77.065091	KEEP	PASS_VIRAL	KEEP	5	5	1.15e-293	975.8	0.714	593	FAM004987
ERR2040843_clean_NODE_281_length_4368_cov_15.900347	KEEP	PASS_VIRAL	KEEP	30	16	5.55e-50	169.7	0.117	1091	FAM008177
ERR2040843_clean_NODE_838_length_3402_cov_16.256326	REVIEW	AMBIGUOUS	no_viral_domain_but_blast	0	0				0	
ERR2040844_clean_NODE_1204_length_2730_cov_17.025307	DROP	AMBIGUOUS	DROP	3	2	2.62e-04	20.9	0.602	676	FAM011618
ERR2040844_clean_NODE_1329_length_2653_cov_11.709195	DROP	AMBIGUOUS	DROP	5	0	5.54e-08	31.4	0.105	491	FAM022056
ERR2040844_clean_NODE_1666_length_2498_cov_296.758859	KEEP	PASS_VIRAL	KEEP	5	5	6.91e-295	979.9	0.716	594	FAM004987
ERR2040844_clean_NODE_2714_length_2121_cov_79.006737	DROP	AMBIGUOUS	DROP	0	0				0	
ERR2040844_clean_NODE_3140_length_2013_cov_166.357868	DROP	AMBIGUOUS	DROP	0	0				0	
ERR2040844_clean_NODE_634_length_3255_cov_18.355230	KEEP	PASS_VIRAL	KEEP	5	1	1.44e-85	287.6	0.402	754	FAM004987
ERR2040844_clean_NODE_877_length_2989_cov_41.350305	DROP	REVIEW	DROP	1	0	1.58e-03	18.5	0.301	742	FAM023042
ERR2040844_clean_NODE_9022_length_1149_cov_1.590416	REVIEW	REVIEW	short_fragment	18	2	2.78e-48	164.3	0.097	298	FAM003304
ERR2040845_clean_NODE_1088_length_2950_cov_10.158239	KEEP	PASS_VIRAL	KEEP	22	2	1.61e-07	31.0	0.378	538	FAM004782
ERR2040845_clean_NODE_5988_length_1583_cov_13.151948	KEEP	PASS_CORE	KEEP	0	0				0	
ERR2040845_clean_NODE_635_length_3407_cov_20.424495	REVIEW	AMBIGUOUS	no_viral_domain_but_blast	0	0				0	
ERR2040845_clean_NODE_640_length_3398_cov_30.640835	REVIEW	AMBIGUOUS	no_viral_domain_but_blast	0	0				0	
ERR2040845_clean_NODE_6575_length_1499_cov_31.877060	REVIEW	REVIEW	no_viral_domain_but_blast	5	4	2.90e-153	509.3	0.824	280	FAM024447
ERR2040845_clean_NODE_7385_length_1394_cov_46.146558	REVIEW	REVIEW	no_viral_domain_but_blast	4	4	3.87e-131	436.8	0.835	290	FAM014886
ERR2040846_clean_NODE_225_length_4045_cov_17.420540	REVIEW	AMBIGUOUS	short_fragment	0	0				0	
ERR2040847_clean_NODE_1465_length_2806_cov_30.963446	DROP	AMBIGUOUS	DROP	5	0	5.64e-08	31.4	0.105	485	FAM022056
ERR2040847_clean_NODE_146_length_4645_cov_34.239244	KEEP	PASS_VIRAL	KEEP	17	0	1.28e-51	175.7	0.405	1199	FAM004890
ERR2040847_clean_NODE_1477_length_2800_cov_24.115343	DROP	AMBIGUOUS	DROP	8	1	2.78e-17	62.0	0.718	688	FAM004842
ERR2040847_clean_NODE_156_length_4610_cov_10.124589	DROP	AMBIGUOUS	DROP	0	0				0	
ERR2040847_clean_NODE_1655_length_2705_cov_7.236664	KEEP	PASS_VIRAL	KEEP	4	0	1.31e-12	46.5	0.065	715	FAM013464
ERR2040847_clean_NODE_17243_length_641_cov_1.792642	REVIEW	PASS_VIRAL	short_fragment	0	0				0	
ERR2040847_clean_NODE_214_length_4305_cov_14.044345	DROP	AMBIGUOUS	DROP	0	0				0	
ERR2040847_clean_NODE_3643_length_2071_cov_17.926529	DROP	AMBIGUOUS	DROP	0	0				0	
ERR2040847_clean_NODE_3872_length_2017_cov_3.897670	KEEP	PASS_VIRAL	KEEP	2	1	8.59e-31	106.5	0.993	178	FAM000251
ERR2040847_clean_NODE_544_length_3630_cov_6.472540	DROP	AMBIGUOUS	DROP	1	1	1.82e-03	17.6	0.857	875	FAM010936
ERR2040847_clean_NODE_5966_length_1654_cov_30.603973	KEEP	PASS_CORE	KEEP	78	17	1.07e-177	590.9	0.856	417	FAM002989
ERR2040847_clean_NODE_707_length_3435_cov_79.871757	DROP	AMBIGUOUS	DROP	1	0	1.61e-13	49.7	0.339	682	FAM007966
ERR2040847_clean_NODE_780_length_3342_cov_52.656259	REVIEW	AMBIGUOUS	no_viral_domain_but_blast	0	0				0	
ERR2040847_clean_NODE_7937_length_1393_cov_57.467407	REVIEW	REVIEW	no_viral_domain_but_blast	5	5	1.72e-130	434.7	0.835	290	FAM014886
ERR2040847_clean_NODE_8334_length_1350_cov_5.952563	REVIEW	REVIEW	no_viral_domain_but_blast	0	0				0	
ERR2040847_clean_NODE_8376_length_1344_cov_70.301307	REVIEW	REVIEW	no_viral_domain_but_blast	5	4	1.37e-150	500.5	0.824	280	FAM024447
ERR2040848_clean_NODE_1020_length_3476_cov_65.025342	REVIEW	AMBIGUOUS	no_viral_domain_but_blast	0	0				0	
ERR2040848_clean_NODE_1284_length_3241_cov_25.834271	DROP	AMBIGUOUS	DROP	1	1	3.14e-03	16.8	0.857	880	FAM010936
ERR2040848_clean_NODE_16470_length_865_cov_2.568127	REVIEW	AMBIGUOUS	short_fragment	12	1	4.63e-15	53.9	0.027	43	FAM023340
ERR2040848_clean_NODE_177_length_5494_cov_17.855439	KEEP	PASS_VIRAL	KEEP	30	16	3.67e-48	163.7	0.154	1103	FAM008177
ERR2040848_clean_NODE_19239_length_743_cov_1.510000	REVIEW	REVIEW	short_fragment	0	0				0	
ERR2040848_clean_NODE_227_length_5177_cov_5.196338	DROP	AMBIGUOUS	DROP	0	0				0	
ERR2040848_clean_NODE_2575_length_2569_cov_6.233967	KEEP	PASS_VIRAL	KEEP	12	5	2.47e-111	372.7	0.155	386	FAM000252
ERR2040848_clean_NODE_2895_length_2451_cov_25.289452	DROP	AMBIGUOUS	DROP	5	0	3.69e-08	32.0	0.107	491	FAM022056
ERR2040848_clean_NODE_414_length_4408_cov_10.568385	KEEP	PASS_VIRAL	KEEP	17	0	8.88e-55	186.1	0.397	1205	FAM004890
ERR2040848_clean_NODE_724_length_3831_cov_14.085533	DROP	AMBIGUOUS	DROP	0	0				0	
ERR2040848_clean_NODE_798_length_3735_cov_16.838570	DROP	AMBIGUOUS	DROP	7	0	4.48e-16	55.6	0.070	731	FAM001712
ERR2040849_clean_NODE_10_length_8694_cov_12.522367	DROP	AMBIGUOUS	DROP	12	0	4.83e-08	33.1	0.256	2590	FAM017471
ERR2040849_clean_NODE_1477_length_3038_cov_6.777629	DROP	AMBIGUOUS	DROP	7	0	8.79e-30	103.5	0.382	651	FAM031725
ERR2040849_clean_NODE_1548_length_2992_cov_6.562564	DROP	AMBIGUOUS	DROP	0	0				0	
ERR2040849_clean_NODE_18199_length_621_cov_1.318339	REVIEW	REVIEW	short_fragment	0	0				0	
ERR2040849_clean_NODE_2065_length_2730_cov_26.101228	KEEP	PASS_VIRAL	KEEP	20	1	2.29e-07	30.5	0.378	538	FAM004782
ERR2040849_clean_NODE_22_length_7500_cov_117.647311	REVIEW	AMBIGUOUS	no_viral_domain_but_blast	1	0	5.77e-03	15.6	0.136	1741	FAM005350
ERR2040849_clean_NODE_2374_length_2601_cov_42.033229	DROP	REVIEW	DROP	0	0				0	
ERR2040849_clean_NODE_2521_length_2548_cov_74.954092	KEEP	PASS_VIRAL	KEEP	5	5	4.18e-292	970.7	0.713	594	FAM004987
ERR2040849_clean_NODE_2735_length_2467_cov_63.721122	KEEP	PASS_VIRAL	KEEP	17	0	1.04e-52	179.3	0.405	1207	FAM004890
ERR2040849_clean_NODE_2743_length_2465_cov_38.533031	DROP	AMBIGUOUS	DROP	5	0	1.96e-08	32.9	0.115	489	FAM022056
ERR2040849_clean_NODE_401_length_4242_cov_11.197190	REVIEW	AMBIGUOUS	short_fragment	0	0				0	
ERR2040849_clean_NODE_575_length_3891_cov_8.146830	DROP	AMBIGUOUS	DROP	2	0	6.13e-11	40.0	0.061	766	FAM010548
ERR2040849_clean_NODE_808_length_3610_cov_49.728904	REVIEW	AMBIGUOUS	no_viral_domain_but_blast	0	0				0	
ERR2040849_clean_NODE_997_length_3400_cov_12.130474	KEEP	PASS_VIRAL	KEEP	50	17	3.77e-51	173.4	0.884	801	FAM030729
ERR2040850_clean_NODE_1044_length_3438_cov_6.898969	DROP	AMBIGUOUS	DROP	1	1	2.08e-03	17.4	0.857	874	FAM010936
ERR2040850_clean_NODE_1274_length_3243_cov_6.534688	KEEP	PASS_VIRAL	KEEP	46	13	8.06e-44	149.3	0.156	757	FAM008177
ERR2040850_clean_NODE_1324_length_3198_cov_14.322662	KEEP	PASS_VIRAL	KEEP	21	2	2.64e-07	30.3	0.378	538	FAM004782
ERR2040850_clean_NODE_1369_length_3158_cov_34.256501	DROP	AMBIGUOUS	DROP	7	0	2.86e-13	46.3	0.070	728	FAM001712
ERR2040850_clean_NODE_14326_length_906_cov_2.061414	REVIEW	REVIEW	short_fragment	0	0				0	
ERR2040850_clean_NODE_153_length_5326_cov_13.551391	DROP	AMBIGUOUS	DROP	2	1	4.57e-33	114.8	0.443	1070	FAM012606
ERR2040850_clean_NODE_1597_length_2992_cov_30.930146	KEEP	PASS_VIRAL	KEEP	13	0	1.93e-09	36.5	0.271	783	FAM011187
ERR2040850_clean_NODE_1848_length_2860_cov_24.033014	DROP	AMBIGUOUS	DROP	0	0				0	
ERR2040850_clean_NODE_22842_length_522_cov_2.098121	REVIEW	PASS_VIRAL	short_fragment	0	0				0	
ERR2040850_clean_NODE_3753_length_2207_cov_16.966266	REVIEW	AMBIGUOUS	no_viral_domain_but_blast	1	1	1.28e-167	558.3	0.857	493	FAM021041
ERR2040850_clean_NODE_4181_length_2114_cov_27.470304	DROP	AMBIGUOUS	DROP	26	4	2.40e-60	204.2	0.303	371	FAM003304
ERR2040850_clean_NODE_638_length_3892_cov_17.279293	DROP	AMBIGUOUS	DROP	3	0	6.60e-19	67.4	0.463	676	FAM022056
ERR2040850_clean_NODE_882_length_3588_cov_67.245134	DROP	AMBIGUOUS	DROP	5	0	7.87e-09	34.2	0.107	489	FAM022056
ERR2040851_clean_NODE_1144_length_3140_cov_15.462383	DROP	AMBIGUOUS	DROP	2	1	3.21e-15	56.0	0.380	501	FAM001865
ERR2040851_clean_NODE_1433_length_2903_cov_17.760490	DROP	AMBIGUOUS	DROP	5	0	4.90e-08	31.6	0.105	489	FAM022056
ERR2040851_clean_NODE_187_length_4956_cov_9.374517	KEEP	PASS_VIRAL	KEEP	17	0	2.14e-55	188.2	0.397	1134	FAM004890
ERR2040851_clean_NODE_2172_length_2541_cov_8.289031	DROP	AMBIGUOUS	DROP	1	0	1.13e-12	46.9	0.370	656	FAM007966
ERR2040851_clean_NODE_2646_length_2365_cov_5.351852	DROP	REVIEW	DROP	0	0				0	
ERR2040851_clean_NODE_271_length_4519_cov_6.043789	DROP	AMBIGUOUS	DROP	9	1	5.36e-40	137.0	0.481	1181	FAM012845
ERR2040851_clean_NODE_569_length_3832_cov_4.851676	DROP	AMBIGUOUS	DROP	0	0				0	
ERR2040852_clean_NODE_118_length_5034_cov_8.166299	KEEP	PASS_VIRAL	KEEP	30	16	3.84e-50	170.3	0.117	929	FAM008177
ERR2040852_clean_NODE_141_length_4847_cov_31.905495	REVIEW	AMBIGUOUS	no_viral_domain_but_blast	0	0				0	
ERR2040852_clean_NODE_16711_length_561_cov_1.922185	DROP	REVIEW	DROP	0	0				0	
ERR2040852_clean_NODE_2845_length_2289_cov_43.519145	KEEP	PASS_VIRAL	KEEP	18	0	2.16e-52	178.2	0.405	571	FAM004890
ERR2040852_clean_NODE_3993_length_2014_cov_37.771689	REVIEW	REVIEW	short_fragment	11	6	9.35e-34	116.5	0.681	347	FAM007484
ERR2040852_clean_NODE_4105_length_1991_cov_69.442505	KEEP	PASS_VIRAL	KEEP	5	4	7.42e-262	870.6	0.634	524	FAM004987
ERR2040852_clean_NODE_87_length_5320_cov_10.172067	DROP	AMBIGUOUS	DROP	0	0				0	
ERR2040853_clean_NODE_1046_length_3259_cov_19.991294	REVIEW	AMBIGUOUS	no_viral_domain_but_blast	0	0				0	
ERR2040853_clean_NODE_1216_length_3105_cov_17.622796	KEEP	PASS_VIRAL	KEEP	3	0	6.16e-13	47.6	0.065	687	FAM013464
ERR2040853_clean_NODE_14945_length_801_cov_2.131926	REVIEW	PASS_VIRAL	short_fragment	0	0				0	
ERR2040853_clean_NODE_15044_length_795_cov_1.535904	REVIEW	REVIEW	short_fragment	0	0				0	
ERR2040853_clean_NODE_1509_length_2916_cov_24.021232	DROP	AMBIGUOUS	DROP	10	1	8.43e-05	22.3	0.556	768	FAM002003
ERR2040853_clean_NODE_171_length_4943_cov_16.200816	DROP	AMBIGUOUS	DROP	0	0				0	
ERR2040853_clean_NODE_18317_length_632_cov_3.989813	KEEP	PASS_CORE	KEEP	0	0				0	
ERR2040853_clean_NODE_184_length_4877_cov_45.677286	KEEP	PASS_VIRAL	KEEP	17	0	1.31e-51	175.7	0.405	1201	FAM004890
ERR2040853_clean_NODE_1850_length_2727_cov_61.416542	DROP	AMBIGUOUS	DROP	2	0	1.47e-09	36.9	0.094	701	FAM012744
ERR2040853_clean_NODE_2053_length_2633_cov_6.583784	DROP	AMBIGUOUS	DROP	23	1	9.08e-21	74.4	0.562	542	FAM004896
ERR2040853_clean_NODE_2067_length_2625_cov_17.513555	DROP	AMBIGUOUS	DROP	5	0	7.22e-09	34.3	0.105	485	FAM022056
ERR2040853_clean_NODE_243_length_4590_cov_15.727293	KEEP	PASS_VIRAL	KEEP	17	0	6.12e-55	186.7	0.393	1205	FAM004890
ERR2040853_clean_NODE_2441_length_2475_cov_343.148849	KEEP	PASS_VIRAL	KEEP	5	5	2.06e-291	968.4	0.709	592	FAM004987
ERR2040853_clean_NODE_3114_length_2254_cov_197.591588	DROP	AMBIGUOUS	DROP	0	0				0	
ERR2040853_clean_NODE_3772_length_2096_cov_32.855821	DROP	AMBIGUOUS	DROP	0	0				0	
ERR2040853_clean_NODE_7586_length_1462_cov_23.504581	REVIEW	REVIEW	no_viral_domain_but_blast	4	4	1.47e-125	418.5	0.841	294	FAM014886
ERR2040853_clean_NODE_8723_length_1323_cov_17.778906	REVIEW	REVIEW	no_viral_domain_but_blast	5	4	6.76e-135	448.9	0.824	280	FAM024447
ERR2040854_clean_NODE_1212_length_3091_cov_25.404528	DROP	AMBIGUOUS	DROP	5	0	2.09e-08	32.8	0.105	497	FAM022056
ERR2040854_clean_NODE_1215_length_3091_cov_5.546588	DROP	AMBIGUOUS	DROP	0	0				0	
ERR2040854_clean_NODE_13907_length_791_cov_1.525401	REVIEW	REVIEW	short_fragment	16	0	2.20e-39	134.8	0.074	87	FAM003304
ERR2040854_clean_NODE_16263_length_645_cov_18.395349	REVIEW	REVIEW	short_fragment	0	0				0	
ERR2040854_clean_NODE_179_length_4879_cov_13.880687	DROP	AMBIGUOUS	DROP	1	0	2.29e-03	17.7	0.241	1317	FAM009723
ERR2040854_clean_NODE_4117_length_2006_cov_287.564952	DROP	AMBIGUOUS	DROP	0	0				0	
ERR2040854_clean_NODE_745_length_3527_cov_9.784730	DROP	REVIEW	DROP	0	0				0	
ERR2040854_clean_NODE_928_length_3329_cov_35.707851	REVIEW	AMBIGUOUS	no_viral_domain_but_blast	0	0				0	
ERR2040855_clean_NODE_10755_length_1104_cov_11.169651	KEEP	PASS_CORE_FAM	KEEP	18	0	8.19e-69	232.3	0.247	167	FAM000970
ERR2040855_clean_NODE_11531_length_1029_cov_10.102434	REVIEW	REVIEW	no_viral_domain_but_blast	0	0				0	
ERR2040855_clean_NODE_1533_length_2973_cov_36.765529	DROP	AMBIGUOUS	DROP	7	0	8.24e-15	51.4	0.070	725	FAM001712
ERR2040855_clean_NODE_15621_length_714_cov_2.971684	KEEP	PASS_CORE	KEEP	5	0	3.44e-32	111.1	0.197	106	FAM002989
ERR2040855_clean_NODE_19441_length_538_cov_3.721212	REVIEW	PASS_VIRAL	short_fragment	0	0				0	
ERR2040855_clean_NODE_252_length_4672_cov_14.512422	DROP	AMBIGUOUS	DROP	0	0				0	
ERR2040855_clean_NODE_4115_length_2059_cov_6.744544	DROP	REVIEW	DROP	0	0				0	
ERR2040855_clean_NODE_589_length_3833_cov_14.102639	DROP	AMBIGUOUS	DROP	1	1	5.23e-04	19.3	0.857	874	FAM010936
ERR2040855_clean_NODE_9122_length_1281_cov_13.642973	REVIEW	REVIEW	no_viral_domain_but_blast	5	5	3.93e-119	397.3	0.843	295	FAM014886
ERR2040856_clean_NODE_1352_length_3171_cov_21.855179	DROP	AMBIGUOUS	DROP	0	0				0	
ERR2040856_clean_NODE_173_length_5422_cov_10.717048	KEEP	PASS_VIRAL	KEEP	30	16	1.88e-49	168.0	0.117	1101	FAM008177
ERR2040856_clean_NODE_2000_length_2774_cov_3.607836	DROP	AMBIGUOUS	DROP	2	0	4.94e-06	25.3	0.255	778	FAM012744
ERR2040856_clean_NODE_202_length_5201_cov_7.753199	KEEP	PASS_VIRAL	KEEP	57	4	2.55e-145	485.7	0.331	387	FAM003304
ERR2040856_clean_NODE_25_length_7742_cov_6.114560	DROP	AMBIGUOUS	DROP	36	3	1.36e-119	400.5	0.240	287	FAM003304
ERR2040856_clean_NODE_3068_length_2369_cov_86.742046	KEEP	PASS_VIRAL	KEEP	0	0				0	
ERR2040856_clean_NODE_4152_length_2097_cov_79.798929	DROP	AMBIGUOUS	DROP	0	0				0	
ERR2040856_clean_NODE_732_length_3768_cov_5.860671	KEEP	PASS_VIRAL	KEEP	47	6	4.29e-213	710.2	0.487	811	FAM003304
ERR2040856_clean_NODE_891_length_3568_cov_8.380709	DROP	AMBIGUOUS	DROP	0	0				0	
ERR2040857_clean_NODE_1084_length_2813_cov_15.792058	KEEP	PASS_VIRAL	KEEP	22	2	1.88e-07	30.8	0.378	538	FAM004782
ERR2040857_clean_NODE_1267_length_2695_cov_6.440422	DROP	AMBIGUOUS	DROP	0	0				0	
ERR2040857_clean_NODE_1662_length_2492_cov_18.896284	DROP	AMBIGUOUS	DROP	5	0	2.76e-08	32.4	0.105	489	FAM022056
ERR2040857_clean_NODE_21142_length_506_cov_5.492441	REVIEW	REVIEW	no_viral_domain_but_blast	7	0	3.68e-09	34.9	0.030	40	FAM003304
ERR2040857_clean_NODE_220_length_4019_cov_28.249245	DROP	AMBIGUOUS	DROP	0	0				0	
ERR2040857_clean_NODE_2324_length_2242_cov_24.511596	REVIEW	AMBIGUOUS	no_viral_domain_but_blast	0	0				0	
ERR2040857_clean_NODE_243_length_3949_cov_57.463134	DROP	AMBIGUOUS	DROP	0	0				0	
ERR2040857_clean_NODE_29_length_5809_cov_113.036941	DROP	AMBIGUOUS	DROP	3	0	7.75e-05	21.5	0.149	1251	FAM031275
ERR2040857_clean_NODE_3857_length_1849_cov_5.156146	KEEP	PASS_VIRAL	KEEP	27	1	5.07e-52	176.8	0.292	310	FAM008902
ERR2040857_clean_NODE_554_length_3334_cov_20.520207	DROP	AMBIGUOUS	DROP	7	0	1.49e-12	43.9	0.070	724	FAM001712
ERR2040857_clean_NODE_851_length_2989_cov_313.618126	DROP	AMBIGUOUS	DROP	0	0				0	
ERR2040857_clean_NODE_9352_length_1106_cov_85.411101	REVIEW	REVIEW	short_fragment	10	1	1.04e-23	83.4	0.347	162	FAM007484
ERR2040858_clean_NODE_10051_length_1050_cov_7.372393	REVIEW	REVIEW	no_viral_domain_but_blast	0	0				0	
ERR2040858_clean_NODE_1124_length_2766_cov_24.858245	DROP	AMBIGUOUS	DROP	9	1	1.89e-04	20.7	0.102	750	FAM007987
ERR2040858_clean_NODE_146_length_4357_cov_20.337042	KEEP	PASS_VIRAL	KEEP	17	0	6.22e-55	186.6	0.393	1144	FAM004890
ERR2040858_clean_NODE_160_length_4284_cov_37.055176	KEEP	PASS_VIRAL	KEEP	31	15	1.51e-52	178.2	0.154	1098	FAM008177
ERR2040858_clean_NODE_1747_length_2419_cov_5.618687	DROP	REVIEW	DROP	0	0				0	
ERR2040858_clean_NODE_2001_length_2320_cov_12.280632	DROP	AMBIGUOUS	DROP	5	1	2.62e-23	82.0	0.211	516	FAM012472
ERR2040858_clean_NODE_21701_length_527_cov_5.444215	REVIEW	PASS_VIRAL	short_fragment	0	0				0	
ERR2040858_clean_NODE_255_length_3954_cov_13.185886	DROP	REVIEW	DROP	0	0				0	
ERR2040858_clean_NODE_2696_length_2108_cov_30.337046	DROP	AMBIGUOUS	DROP	0	0				0	
ERR2040858_clean_NODE_527_length_3398_cov_10.700149	DROP	AMBIGUOUS	DROP	1	1	1.04e-03	18.4	0.857	874	FAM010936
ERR2040858_clean_NODE_877_length_2975_cov_18.328445	DROP	AMBIGUOUS	DROP	7	0	1.19e-14	50.8	0.070	719	FAM001712
ERR2040859_clean_NODE_1147_length_2654_cov_12.437380	DROP	AMBIGUOUS	DROP	0	0				0	
ERR2040859_clean_NODE_1391_length_2525_cov_7.797341	REVIEW	AMBIGUOUS	short_fragment	0	0				0	
ERR2040859_clean_NODE_148_length_4285_cov_23.352428	KEEP	PASS_VIRAL	KEEP	18	0	7.48e-54	183.1	0.419	837	FAM004890
ERR2040859_clean_NODE_149_length_4280_cov_28.962237	KEEP	PASS_VIRAL	KEEP	17	1	7.71e-53	179.7	0.403	1202	FAM004890
ERR2040859_clean_NODE_1668_length_2392_cov_5.939974	KEEP	PASS_VIRAL	KEEP	16	0	2.14e-34	118.8	0.374	570	FAM004890
ERR2040859_clean_NODE_403_length_3488_cov_7.360232	DROP	AMBIGUOUS	DROP	0	0				0	
ERR2040859_clean_NODE_45_length_5307_cov_9.683131	DROP	REVIEW	DROP	0	0				0	
ERR2040860_clean_NODE_1486_length_2298_cov_3.858537	KEEP	PASS_VIRAL	KEEP	0	0				0	
ERR2040860_clean_NODE_1599_length_2244_cov_16.813267	DROP	AMBIGUOUS	DROP	0	0				0	
ERR2040860_clean_NODE_302_length_3432_cov_5.771024	DROP	AMBIGUOUS	DROP	1	1	5.07e-03	16.1	0.857	874	FAM010936
ERR2040860_clean_NODE_873_length_2627_cov_7.207430	DROP	AMBIGUOUS	DROP	0	0				0	
ERR2040860_clean_NODE_9930_length_953_cov_13.629670	REVIEW	REVIEW	short_fragment	18	2	4.37e-61	206.7	0.119	143	FAM003304
ERR2040861_clean_NODE_1346_length_2555_cov_6.013137	REVIEW	REVIEW	short_fragment	0	0				0	
ERR2040861_clean_NODE_1728_length_2369_cov_27.498280	DROP	AMBIGUOUS	DROP	5	1	5.95e-08	31.3	0.113	511	FAM022056
ERR2040861_clean_NODE_559_length_3316_cov_5.396273	KEEP	PASS_VIRAL	KEEP	0	0				0	
ERR2040861_clean_NODE_65_length_5424_cov_22.533544	KEEP	PASS_VIRAL	KEEP	8	0	5.99e-28	97.6	0.173	1452	FAM012657
ERR2040862_clean_NODE_182_length_2868_cov_8.837275	DROP	AMBIGUOUS	DROP	0	0				0	
ERR2040862_clean_NODE_506_length_2372_cov_28.817287	DROP	AMBIGUOUS	DROP	0	0				0	
ERR2040862_clean_NODE_982_length_2067_cov_6.644685	KEEP	PASS_VIRAL	KEEP	0	0				0	
ERR2040863_clean_NODE_11228_length_881_cov_4.792363	REVIEW	REVIEW	no_viral_domain_but_blast	0	0				0	
ERR2040863_clean_NODE_131_length_3412_cov_22.291778	REVIEW	AMBIGUOUS	no_viral_domain_but_blast	0	0				0	
ERR2040863_clean_NODE_1372_length_2245_cov_4.737965	KEEP	PASS_VIRAL	KEEP	22	0	9.10e-55	186.1	0.407	565	FAM004890
ERR2040863_clean_NODE_272_length_3030_cov_9.895213	DROP	REVIEW	DROP	3	0	1.10e-05	23.9	0.126	735	FAM019831
ERR2040863_clean_NODE_552_length_2701_cov_30.265613	KEEP	PASS_VIRAL	KEEP	0	0				0	
ERR2040863_clean_NODE_759_length_2533_cov_7.357028	DROP	AMBIGUOUS	DROP	2	0	1.64e-20	73.5	0.375	606	FAM012606
ERR2040863_clean_NODE_937_length_2435_cov_19.473244	REVIEW	AMBIGUOUS	no_viral_domain_but_blast	1	1	2.40e-179	597.0	0.887	559	FAM021041
ERR2040863_clean_NODE_971_length_2416_cov_36.762748	DROP	AMBIGUOUS	DROP	3	2	7.99e-56	189.0	0.975	577	FAM020762
ERR2040864_clean_NODE_12754_length_957_cov_4.584245	KEEP	PASS_CORE	KEEP	19	0	1.07e-10	39.9	0.028	33	FAM003304
ERR2040864_clean_NODE_154_length_4302_cov_12.551068	DROP	AMBIGUOUS	DROP	14	0	2.46e-32	111.1	0.060	81	FAM003309
ERR2040864_clean_NODE_15525_length_818_cov_3.738065	KEEP	PASS_CORE_FAM	KEEP	7	0	6.00e-08	32.0	0.154	95	FAM004562
ERR2040864_clean_NODE_20412_length_638_cov_1.522689	REVIEW	REVIEW	short_fragment	0	0				0	
ERR2040864_clean_NODE_21471_length_609_cov_3.630742	REVIEW	REVIEW	short_fragment	6	0	2.63e-07	29.6	0.181	96	FAM019649
ERR2040864_clean_NODE_66_length_5068_cov_32.963582	KEEP	PASS_VIRAL	KEEP	0	0				0	
ERR2040865_clean_NODE_11185_length_917_cov_7.331808	REVIEW	REVIEW	short_fragment	2	0	1.64e-03	16.5	0.030	20	FAM000970
ERR2040865_clean_NODE_12938_length_836_cov_2.421185	REVIEW	REVIEW	short_fragment	0	0				0	
ERR2040865_clean_NODE_14805_length_764_cov_2.159501	DROP	REVIEW	DROP	0	0				0	
ERR2040865_clean_NODE_16808_length_699_cov_1.952744	REVIEW	REVIEW	short_fragment	0	0				0	
ERR2040865_clean_NODE_23045_length_560_cov_0.990329	REVIEW	REVIEW	short_fragment	0	0				0	
ERR2040865_clean_NODE_919_length_2436_cov_41.534893	DROP	REVIEW	DROP	0	0				0	
ERR2040866_clean_NODE_17142_length_584_cov_3.462107	KEEP	PASS_CORE	KEEP	0	0				0	
ERR2040866_clean_NODE_1715_length_2075_cov_164.856791	DROP	AMBIGUOUS	DROP	0	0				0	
ERR2040866_clean_NODE_5537_length_1399_cov_33.207227	REVIEW	REVIEW	no_viral_domain_but_blast	5	4	9.60e-73	244.8	0.716	258	FAM014886
ERR2040866_clean_NODE_8595_length_1087_cov_3.907088	KEEP	PASS_CORE	KEEP	45	2	1.75e-77	260.4	0.414	212	FAM002989
ERR2040867_clean_NODE_1062_length_2366_cov_50.179940	DROP	AMBIGUOUS	DROP	3	2	9.77e-58	195.2	0.978	569	FAM020762
ERR2040867_clean_NODE_11_length_4970_cov_20.866247	REVIEW	AMBIGUOUS	no_viral_domain_but_blast	0	0				0	
ERR2040867_clean_NODE_16023_length_784_cov_1.771930	REVIEW	REVIEW	short_fragment	4	0	6.13e-13	48.3	0.316	33	FAM023467
ERR2040867_clean_NODE_21642_length_627_cov_4.595890	REVIEW	PASS_VIRAL	short_fragment	0	0				0	
ERR2040867_clean_NODE_219_length_3125_cov_24.469500	KEEP	PASS_VIRAL	KEEP	5	1	7.71e-96	321.6	0.407	795	FAM004987
ERR2040867_clean_NODE_333_length_2921_cov_7.268937	REVIEW	AMBIGUOUS	no_viral_domain_but_blast	0	0				0	
ERR2040867_clean_NODE_488_length_2753_cov_4.166052	DROP	AMBIGUOUS	DROP	7	0	1.15e-27	96.6	0.171	740	FAM004890
ERR2040867_clean_NODE_5672_length_1429_cov_31.128427	KEEP	PASS_CORE	KEEP	10	5	1.03e-63	214.9	0.079	173	FAM003099
ERR2040867_clean_NODE_5_length_5260_cov_7.712670	KEEP	PASS_CORE_FAM	KEEP	0	0				0	
ERR2040867_clean_NODE_97_length_3512_cov_28.624387	REVIEW	AMBIGUOUS	no_viral_domain_but_blast	0	0				0	
ERR2040868_clean_NODE_1152_length_2313_cov_132.420705	DROP	AMBIGUOUS	DROP	0	0				0	
ERR2040869_clean_NODE_1855_length_1982_cov_6.675606	KEEP	PASS_CORE	KEEP	45	2	2.51e-275	916.1	0.543	575	FAM003378
ERR2040869_clean_NODE_408_length_2726_cov_5.531495	DROP	AMBIGUOUS	DROP	9	1	1.80e-17	62.7	0.675	683	FAM004842
ERR2040869_clean_NODE_53_length_3669_cov_39.994208	REVIEW	AMBIGUOUS	no_viral_domain_but_blast	0	0				0	
ERR2040870_clean_NODE_1419_length_2836_cov_8.988185	KEEP	PASS_VIRAL	KEEP	18	0	1.02e-08	34.0	0.268	723	FAM012165
ERR2040870_clean_NODE_24243_length_532_cov_11.378323	DROP	REVIEW	DROP	0	0				0	
ERR2040870_clean_NODE_2686_length_2399_cov_10.991511	KEEP	PASS_VIRAL	KEEP	3	0	2.37e-77	260.6	0.241	612	FAM013464
ERR2040870_clean_NODE_281_length_3953_cov_7.186701	KEEP	PASS_VIRAL	KEEP	11	0	1.40e-42	145.8	0.292	819	FAM004890
ERR2040870_clean_NODE_4296_length_2035_cov_73.376004	DROP	AMBIGUOUS	DROP	0	0				0	
ERR2040870_clean_NODE_445_length_3681_cov_19.749038	KEEP	PASS_VIRAL	KEEP	5	2	4.72e-96	322.3	0.412	784	FAM004987
ERR2040870_clean_NODE_595_length_3457_cov_15.231400	DROP	REVIEW	DROP	1	0	3.98e-04	18.8	0.252	846	FAM003581
ERR2040871_clean_NODE_1462_length_2504_cov_7.535961	REVIEW	AMBIGUOUS	no_viral_domain_but_blast	0	0				0	
ERR2040871_clean_NODE_203_length_3676_cov_29.367465	REVIEW	AMBIGUOUS	no_viral_domain_but_blast	0	0				0	
ERR2040871_clean_NODE_214_length_3656_cov_14.181290	KEEP	PASS_VIRAL	KEEP	9	2	4.51e-86	288.6	0.899	778	FAM011052
ERR2040871_clean_NODE_22615_length_503_cov_2.560870	DROP	REVIEW	DROP	0	0				0	
ERR2040871_clean_NODE_4416_length_1746_cov_10.900176	KEEP	PASS_CORE	KEEP	69	16	1.40e-170	567.4	0.863	420	FAM002989
ERR2040871_clean_NODE_65_length_4323_cov_35.545794	DROP	REVIEW	DROP	1	0	2.72e-03	16.0	0.189	1003	FAM003581
ERR2040871_clean_NODE_8009_length_1265_cov_47.208674	REVIEW	REVIEW	no_viral_domain_but_blast	5	4	5.51e-75	252.2	0.806	284	FAM014886
ERR2040871_clean_NODE_936_length_2780_cov_28.528681	KEEP	PASS_VIRAL	KEEP	17	0	6.55e-09	34.7	0.260	723	FAM012165
ERR2040872_clean_NODE_1554_length_2357_cov_16.296376	DROP	REVIEW	DROP	0	0				0	
ERR2040872_clean_NODE_163_length_3587_cov_17.420800	REVIEW	AMBIGUOUS	no_viral_domain_but_blast	0	0				0	
ERR2040872_clean_NODE_307_length_3248_cov_7.365534	DROP	AMBIGUOUS	DROP	3	0	8.66e-21	73.9	0.135	724	FAM004890
ERR2040872_clean_NODE_592_length_2900_cov_8.738553	KEEP	PASS_VIRAL	KEEP	20	0	4.55e-11	41.8	0.336	782	FAM012165
ERR2040873_clean_NODE_116_length_4924_cov_16.766441	KEEP	PASS_VIRAL	KEEP	6	2	3.19e-66	223.2	0.736	588	FAM011052
ERR2040873_clean_NODE_2_length_7612_cov_19.186947	REVIEW	AMBIGUOUS	no_viral_domain_but_blast	0	0				0	
ERR2040873_clean_NODE_466_length_3726_cov_8.892750	KEEP	PASS_VIRAL	KEEP	7	0	3.13e-31	108.5	0.380	1010	FAM012657
ERR2040874_clean_NODE_1554_length_2072_cov_6.393297	KEEP	PASS_VIRAL	KEEP	27	0	5.80e-57	193.3	0.391	585	FAM004890
ERR2040874_clean_NODE_1671_length_2030_cov_10.450428	DROP	AMBIGUOUS	DROP	4	2	3.13e-09	36.3	0.706	511	FAM001839
ERR2040874_clean_NODE_451_length_2813_cov_25.992058	DROP	AMBIGUOUS	DROP	0	0				0	
ERR2040874_clean_NODE_5_length_7191_cov_119.590795	DROP	AMBIGUOUS	DROP	0	0				0	
ERR2040875_clean_NODE_18_length_7532_cov_112.847109	KEEP	PASS_CORE_FAM	KEEP	41	20	2.17e-241	803.8	0.470	2230	FAM005044
ERR2040875_clean_NODE_22_length_7162_cov_46.023739	KEEP	PASS_CORE_FAM	KEEP	43	20	2.15e-250	833.7	0.791	2265	FAM005044
ERR2040875_clean_NODE_29_length_6892_cov_11.510147	KEEP	PASS_CORE_FAM	KEEP	47	16	1.35e-210	701.7	0.329	2128	FAM000088
ERR2040875_clean_NODE_47_length_6326_cov_34.773675	KEEP	PASS_CORE_FAM	KEEP	46	20	8.21e-251	835.1	0.791	1968	FAM005044
ERR2040875_clean_NODE_922_length_2996_cov_26.787335	REVIEW	AMBIGUOUS	no_viral_domain_but_blast	0	0				0	
ERR2040876_clean_NODE_1944_length_2241_cov_32.453594	KEEP	PASS_VIRAL	KEEP	18	0	5.95e-09	34.7	0.164	572	FAM008483
ERR2040876_clean_NODE_2235_length_2130_cov_10.512698	REVIEW	AMBIGUOUS	short_fragment	2	0	1.49e-21	76.6	0.278	520	FAM012763
ERR2040876_clean_NODE_321_length_4022_cov_10.811510	KEEP	PASS_VIRAL	KEEP	2	0	2.65e-60	204.2	0.465	799	FAM013464
ERR2040876_clean_NODE_4_length_8210_cov_30.410310	DROP	AMBIGUOUS	DROP	0	0				0	
ERR2040876_clean_NODE_602_length_3347_cov_40.490315	DROP	REVIEW	DROP	0	0				0	
ERR2040876_clean_NODE_803_length_3066_cov_14.237843	REVIEW	AMBIGUOUS	no_viral_domain_but_blast	0	0				0	
ERR2040876_clean_NODE_9_length_7501_cov_86.629525	DROP	AMBIGUOUS	DROP	3	1	3.30e-08	32.4	0.771	290	FAM018758
ERR2040877_clean_NODE_1265_length_2644_cov_45.140715	REVIEW	AMBIGUOUS	no_viral_domain_but_blast	0	0				0	
ERR2040877_clean_NODE_182_length_4476_cov_143.276562	KEEP	PASS_VIRAL	KEEP	21	2	4.21e-78	263.1	0.441	369	FAM004890
ERR2040877_clean_NODE_405_length_3699_cov_47.079048	KEEP	PASS_VIRAL	KEEP	68	2	7.20e-15	54.5	0.369	469	FAM032199
ERR2040877_clean_NODE_70_length_5312_cov_33.085595	DROP	AMBIGUOUS	DROP	0	0				0	
ERR2040877_clean_NODE_792_length_3106_cov_8.983023	DROP	AMBIGUOUS	DROP	0	0				0	
ERR2040877_clean_NODE_822_length_3071_cov_23.811096	REVIEW	AMBIGUOUS	no_viral_domain_but_blast	0	0				0	
ERR2040878_clean_NODE_1138_length_2253_cov_154.428054	KEEP	PASS_VIRAL	KEEP	5	5	1.72e-272	905.8	0.675	570	FAM004987
ERR2040878_clean_NODE_1169_length_2223_cov_16.677064	REVIEW	AMBIGUOUS	no_viral_domain_but_blast	0	0				0	
ERR2040878_clean_NODE_1405_length_2082_cov_34.928396	DROP	REVIEW	DROP	0	0				0	
ERR2040878_clean_NODE_181_length_3740_cov_27.959697	REVIEW	AMBIGUOUS	no_viral_domain_but_blast	0	0				0	
ERR2040878_clean_NODE_227_length_3553_cov_17.825356	REVIEW	AMBIGUOUS	no_viral_domain_but_blast	0	0				0	
ERR2040878_clean_NODE_25_length_5644_cov_42.288520	DROP	AMBIGUOUS	DROP	1	0	6.91e-05	22.6	0.455	1750	FAM018946
ERR2040878_clean_NODE_4489_length_1214_cov_9.700256	REVIEW	REVIEW	short_fragment	0	0				0	
ERR2040878_clean_NODE_485_length_2864_cov_19.204183	REVIEW	AMBIGUOUS	no_viral_domain_but_blast	0	0				0	
ERR2040879_clean_NODE_183_length_4170_cov_41.365883	KEEP	PASS_VIRAL	KEEP	9	0	7.83e-38	130.2	0.382	1217	FAM012657
ERR2040879_clean_NODE_1_length_11999_cov_36.879893	KEEP	PASS_CORE	KEEP	25	5	0.00e+00	1948.7	0.551	3879	FAM006912
ERR2040879_clean_NODE_2263_length_2001_cov_5.246680	DROP	AMBIGUOUS	DROP	12	0	5.62e-16	56.9	0.057	90	FAM003309
ERR2040879_clean_NODE_249_length_3866_cov_47.962333	KEEP	PASS_VIRAL	KEEP	0	0				0	
ERR2040879_clean_NODE_4_length_11554_cov_17.146121	DROP	AMBIGUOUS	DROP	0	0				0	
ERR2040879_clean_NODE_650_length_3081_cov_34.398288	REVIEW	AMBIGUOUS	no_viral_domain_but_blast	0	0				0	
ERR2040879_clean_NODE_88_length_5038_cov_10.171772	KEEP	PASS_VIRAL	KEEP	2	0	2.91e-11	42.0	0.111	1558	FAM012718
ERR2040880_clean_NODE_1021_length_2611_cov_14.941589	REVIEW	AMBIGUOUS	no_viral_domain_but_blast	0	0				0	
ERR2040880_clean_NODE_1073_length_2568_cov_13.508119	KEEP	PASS_VIRAL	KEEP	4	2	5.66e-34	117.4	0.481	486	FAM022200
ERR2040880_clean_NODE_121_length_4500_cov_52.533991	DROP	AMBIGUOUS	DROP	5	1	2.02e-10	39.7	0.270	1101	FAM012482
ERR2040880_clean_NODE_3957_length_1530_cov_4.717552	KEEP	PASS_VIRAL	KEEP	0	0				0	
ERR2040880_clean_NODE_823_length_2796_cov_30.800218	REVIEW	AMBIGUOUS	no_viral_domain_but_blast	0	0				0	
ERR2040880_clean_NODE_99_length_4731_cov_23.423635	DROP	AMBIGUOUS	DROP	1	0	6.01e-41	139.9	0.230	244	FAM010955
ERR2040881_clean_NODE_1212_length_2607_cov_18.542512	KEEP	PASS_CORE_FAM	KEEP	46	9	2.12e-154	515.7	0.422	868	FAM003304
ERR2040881_clean_NODE_1673_length_2419_cov_2.768098	KEEP	PASS_VIRAL	KEEP	0	0				0	
ERR2040881_clean_NODE_173_length_3691_cov_11.605263	DROP	AMBIGUOUS	DROP	0	0				0	
ERR2040881_clean_NODE_2689_length_2144_cov_35.225607	KEEP	PASS_VIRAL	KEEP	5	5	1.83e-289	961.9	0.721	588	FAM004987
ERR2040881_clean_NODE_311_length_3360_cov_32.754296	REVIEW	AMBIGUOUS	no_viral_domain_but_blast	0	0				0	
ERR2040881_clean_NODE_357_length_3284_cov_12.841407	DROP	AMBIGUOUS	DROP	0	0				0	
ERR2040881_clean_NODE_734_length_2894_cov_8.923886	KEEP	PASS_VIRAL	KEEP	15	0	1.97e-09	36.4	0.278	710	FAM012165
ERR2040882_clean_NODE_141_length_3306_cov_26.798039	REVIEW	AMBIGUOUS	no_viral_domain_but_blast	0	0				0	
ERR2040882_clean_NODE_157_length_3242_cov_10.028446	KEEP	PASS_VIRAL	KEEP	0	0				0	
ERR2040882_clean_NODE_21648_length_520_cov_2.561845	REVIEW	REVIEW	no_viral_domain_but_blast	9	0	4.51e-10	37.7	0.031	38	FAM003304
ERR2040882_clean_NODE_28_length_4195_cov_27.581888	REVIEW	AMBIGUOUS	no_viral_domain_but_blast	0	0				0	
ERR2040883_clean_NODE_13_length_4400_cov_14.506082	KEEP	PASS_VIRAL	KEEP	6	0	1.40e-23	83.2	0.167	846	FAM012657
ERR2040883_clean_NODE_161_length_2745_cov_45.806440	DROP	REVIEW	DROP	0	0				0	
ERR2040883_clean_NODE_8231_length_828_cov_3.900637	DROP	REVIEW	DROP	0	0				0	
ERR2040884_clean_NODE_14826_length_926_cov_19.816535	REVIEW	REVIEW	short_fragment	12	2	5.23e-14	50.8	0.049	61	FAM003304
ERR2040884_clean_NODE_1739_length_2757_cov_20.353353	KEEP	PASS_VIRAL	KEEP	16	0	1.92e-08	33.6	0.330	709	FAM001894
ERR2040884_clean_NODE_1796_length_2724_cov_10.572548	REVIEW	AMBIGUOUS	short_fragment	1	0	1.27e-10	40.1	0.269	647	FAM012837
ERR2040884_clean_NODE_1987_length_2626_cov_30.602400	KEEP	PASS_VIRAL	KEEP	5	5	3.61e-287	954.3	0.712	593	FAM004987
ERR2040884_clean_NODE_2187_length_2546_cov_2.773871	DROP	REVIEW	DROP	0	0				0	
ERR2040884_clean_NODE_22553_length_606_cov_2.394316	REVIEW	REVIEW	short_fragment	0	0				0	
ERR2040884_clean_NODE_23286_length_586_cov_1.963168	REVIEW	REVIEW	short_fragment	0	0				0	
ERR2040884_clean_NODE_425_length_4037_cov_6.929895	DROP	AMBIGUOUS	DROP	1	0	4.58e-04	20.0	0.307	974	FAM004878
ERR2040884_clean_NODE_585_length_3783_cov_16.513636	DROP	AMBIGUOUS	DROP	2	1	4.03e-101	338.7	0.971	963	FAM012407
ERR2040884_clean_NODE_6295_length_1662_cov_2.671402	REVIEW	PASS_VIRAL	short_fragment	0	0				0	
ERR2040884_clean_NODE_649_length_3706_cov_6.837565	DROP	REVIEW	DROP	14	5	3.66e-23	81.6	0.863	435	FAM002067
ERR2040884_clean_NODE_66_length_6220_cov_15.448114	KEEP	PASS_VIRAL	KEEP	7	2	1.08e-69	235.3	0.207	1667	FAM013464
ERR2040884_clean_NODE_812_length_3477_cov_27.234421	REVIEW	AMBIGUOUS	no_viral_domain_but_blast	0	0				0	
ERR2040885_clean_NODE_22276_length_531_cov_1.176230	KEEP	PASS_CORE_FAM	KEEP	17	1	3.75e-26	91.3	0.081	105	FAM000970
ERR2040885_clean_NODE_37_length_4470_cov_8.767789	KEEP	PASS_VIRAL	KEEP	19	4	2.11e-14	52.8	0.203	1141	FAM026512
ERR2040885_clean_NODE_506_length_2691_cov_1.042296	DROP	REVIEW	DROP	22	6	8.82e-90	301.7	0.365	451	FAM003304
ERR2040885_clean_NODE_518_length_2685_cov_9.006056	KEEP	PASS_VIRAL	KEEP	8	0	1.00e-18	66.7	0.328	696	FAM019894
ERR2040886_clean_NODE_10983_length_1009_cov_6.156315	REVIEW	REVIEW	short_fragment	14	0	1.15e-23	83.1	0.101	97	FAM000970
ERR2040886_clean_NODE_151_length_3772_cov_7.065165	KEEP	PASS_VIRAL	KEEP	21	0	5.47e-67	226.2	0.315	1123	FAM012716
ERR2040886_clean_NODE_1742_length_2105_cov_7.634336	DROP	AMBIGUOUS	DROP	0	0				0	
ERR2040886_clean_NODE_2119_length_1981_cov_1.729102	KEEP	PASS_CORE	KEEP	0	0				0	
ERR2040886_clean_NODE_27435_length_555_cov_2.779297	REVIEW	REVIEW	short_fragment	0	0				0	
ERR2040886_clean_NODE_30736_length_508_cov_3.395699	KEEP	PASS_CORE	KEEP	0	0				0	
ERR2040886_clean_NODE_42_length_4899_cov_14.806013	KEEP	PASS_VIRAL	KEEP	5	0	1.23e-27	96.6	0.171	1225	FAM012657
ERR2040886_clean_NODE_519_length_2936_cov_9.541307	KEEP	PASS_VIRAL	KEEP	0	0				0	
ERR2040886_clean_NODE_8_length_5903_cov_23.787884	REVIEW	AMBIGUOUS	no_viral_domain_but_blast	0	0				0	
ERR2040887_clean_NODE_1068_length_2527_cov_8.639694	KEEP	PASS_VIRAL	KEEP	0	0				0	
ERR2040887_clean_NODE_1369_length_2342_cov_10.378425	REVIEW	AMBIGUOUS	short_fragment	7	0	1.66e-11	40.4	0.070	630	FAM001712
ERR2040887_clean_NODE_13_length_6437_cov_55.640913	REVIEW	REVIEW	no_viral_domain_but_blast	12	9	7.74e-46	156.1	0.683	232	FAM013193
ERR2040887_clean_NODE_15_length_6395_cov_21.177110	KEEP	PASS_CORE	KEEP	77	45	0.00e+00	2917.6	0.976	1984	FAM012222
ERR2040887_clean_NODE_18_length_6257_cov_7.632443	KEEP	PASS_VIRAL	KEEP	8	1	1.95e-38	131.8	0.221	1818	FAM004768
ERR2040887_clean_NODE_20552_length_664_cov_5.215781	REVIEW	REVIEW	short_fragment	2	0	2.99e-05	21.8	0.029	38	FAM003304
ERR2040887_clean_NODE_303_length_3540_cov_31.365170	REVIEW	AMBIGUOUS	no_viral_domain_but_blast	0	0				0	
ERR2040887_clean_NODE_361_length_3391_cov_16.252987	DROP	AMBIGUOUS	DROP	10	2	5.90e-17	61.0	0.677	721	FAM004842
ERR2040887_clean_NODE_3668_length_1681_cov_6.746642	KEEP	PASS_CORE	KEEP	63	8	1.21e-76	258.4	0.453	338	FAM000071
ERR2040887_clean_NODE_366_length_3380_cov_18.913695	REVIEW	AMBIGUOUS	no_viral_domain_but_blast	1	0	1.86e-03	17.0	0.353	945	FAM012647
ERR2040889_clean_NODE_1110_length_3040_cov_11.697698	KEEP	PASS_VIRAL	KEEP	19	1	4.44e-52	177.2	0.403	806	FAM004890
ERR2040889_clean_NODE_1264_length_2937_cov_7.193158	DROP	AMBIGUOUS	DROP	0	0				0	
ERR2040889_clean_NODE_1342_length_2886_cov_6.335561	DROP	REVIEW	DROP	0	0				0	
ERR2040889_clean_NODE_18598_length_749_cov_3.562323	KEEP	PASS_CORE	KEEP	0	0				0	
ERR2040889_clean_NODE_194_length_4690_cov_23.701097	KEEP	PASS_VIRAL	KEEP	6	1	3.08e-27	95.3	0.171	1242	FAM012657
ERR2040889_clean_NODE_20030_length_701_cov_1.407295	REVIEW	REVIEW	short_fragment	12	0	8.20e-09	34.0	0.043	30	FAM000970
ERR2040889_clean_NODE_2059_length_2507_cov_7.377435	DROP	REVIEW	DROP	0	0				0	
ERR2040889_clean_NODE_2530_length_2345_cov_8.269331	DROP	REVIEW	DROP	0	0				0	
ERR2040889_clean_NODE_2556_length_2337_cov_7.751090	DROP	AMBIGUOUS	DROP	0	0				0	
ERR2040889_clean_NODE_27977_length_515_cov_1.661017	REVIEW	REVIEW	short_fragment	0	0				0	
ERR2040889_clean_NODE_28327_length_509_cov_2.042918	REVIEW	REVIEW	short_fragment	0	0				0	
ERR2040889_clean_NODE_49_length_6252_cov_18.374940	DROP	AMBIGUOUS	DROP	0	0				0	
ERR2040889_clean_NODE_513_length_3769_cov_79.820719	DROP	AMBIGUOUS	DROP	0	0				0	
ERR2040889_clean_NODE_89_length_5622_cov_14.609787	DROP	AMBIGUOUS	DROP	12	0	3.21e-13	49.5	0.103	1572	FAM022874
ERR2040891_clean_NODE_61_length_2481_cov_47.172272	KEEP	PASS_VIRAL	KEEP	3	0	1.14e-174	582.3	0.458	391	FAM004987
ERR2040895_clean_NODE_1249_length_3513_cov_8.654755	KEEP	PASS_VIRAL	KEEP	30	0	8.71e-60	202.7	0.390	979	FAM004890
ERR2040895_clean_NODE_1400_length_3390_cov_39.746041	REVIEW	AMBIGUOUS	no_viral_domain_but_blast	0	0				0	
ERR2040895_clean_NODE_19691_length_659_cov_1.384740	REVIEW	REVIEW	short_fragment	1	0	2.06e-03	15.7	0.020	27	FAM003304
ERR2040895_clean_NODE_20875_length_615_cov_1.062937	REVIEW	REVIEW	short_fragment	7	0	1.02e-17	63.0	0.044	55	FAM003304
ERR2040895_clean_NODE_2093_length_2951_cov_23.233150	REVIEW	REVIEW	short_fragment	0	0				0	
ERR2040895_clean_NODE_2462_length_2780_cov_2.949214	DROP	REVIEW	DROP	0	0				0	
ERR2040895_clean_NODE_272_length_5291_cov_16.917302	KEEP	PASS_VIRAL	KEEP	3	1	6.59e-68	228.6	0.961	1231	FAM012653
ERR2040895_clean_NODE_2779_length_2650_cov_3.756809	DROP	REVIEW	DROP	0	0				0	
ERR2040895_clean_NODE_3792_length_2341_cov_2.832028	DROP	REVIEW	DROP	0	0				0	
ERR2040895_clean_NODE_481_length_4560_cov_3.077485	KEEP	PASS_VIRAL	KEEP	26	6	4.06e-133	445.3	0.372	521	FAM003304
ERR2040895_clean_NODE_58_length_7542_cov_11.270303	DROP	AMBIGUOUS	DROP	11	0	3.77e-13	49.3	0.212	1850	FAM022874
ERR2040895_clean_NODE_69_length_7151_cov_15.269415	DROP	REVIEW	DROP	12	0	1.88e-09	35.7	0.045	54	FAM003304
ERR2040896_clean_NODE_1096_length_2585_cov_26.526357	DROP	AMBIGUOUS	DROP	0	0				0	
ERR2040896_clean_NODE_1202_length_2505_cov_11.586921	KEEP	PASS_VIRAL	KEEP	5	0	3.09e-29	101.6	0.207	471	FAM004768
ERR2040896_clean_NODE_1394_length_2399_cov_6.351868	KEEP	PASS_VIRAL	KEEP	5	5	2.37e-285	948.3	0.708	592	FAM004987
ERR2040896_clean_NODE_153_length_4063_cov_9.594279	KEEP	PASS_CORE_FAM	KEEP	19	3	1.66e-56	191.6	0.293	195	FAM000970
ERR2040896_clean_NODE_2000_length_2155_cov_17.141098	DROP	REVIEW	DROP	1	0	3.63e-03	16.0	0.360	539	FAM009502
ERR2040896_clean_NODE_210_length_3792_cov_11.496666	REVIEW	AMBIGUOUS	short_fragment	0	0				0	
ERR2040896_clean_NODE_2166_length_2113_cov_47.371014	DROP	AMBIGUOUS	DROP	5	0	1.06e-07	30.5	0.109	494	FAM022056
ERR2040896_clean_NODE_30455_length_532_cov_1.339468	REVIEW	REVIEW	short_fragment	0	0				0	
ERR2040896_clean_NODE_354_length_3411_cov_18.086995	KEEP	PASS_CORE_FAM	KEEP	0	0				0	
ERR2040896_clean_NODE_588_length_3026_cov_9.538719	REVIEW	AMBIGUOUS	no_viral_domain_but_blast	0	0				0	
ERR2040896_clean_NODE_9010_length_1194_cov_2.679409	DROP	REVIEW	DROP	0	0				0	
ERR2040896_clean_NODE_935_length_2710_cov_59.718785	DROP	AMBIGUOUS	DROP	0	0				0	
ERR2040898_clean_NODE_20606_length_615_cov_1.047203	KEEP	PASS_CORE	KEEP	22	0	3.60e-46	157.3	0.089	109	FAM003304
ERR2040898_clean_NODE_463_length_3502_cov_62.677074	DROP	AMBIGUOUS	DROP	0	0				0	
ERR2040899_clean_NODE_1021_length_3291_cov_25.482759	KEEP	PASS_VIRAL	KEEP	22	0	4.65e-10	38.9	0.367	328	FAM001894
ERR2040899_clean_NODE_1944_length_2705_cov_34.768219	DROP	AMBIGUOUS	DROP	0	0				0	
ERR2040899_clean_NODE_23590_length_511_cov_2.217949	DROP	REVIEW	DROP	0	0				0	
ERR2040899_clean_NODE_2674_length_2428_cov_71.395388	DROP	AMBIGUOUS	DROP	3	2	6.36e-56	189.3	0.981	563	FAM020762
ERR2040899_clean_NODE_28_length_7020_cov_14.888634_self_circular	KEEP	PASS_CORE	KEEP	37	17	0.00e+00	1250.8	0.945	1627	FAM003304
ERR2040899_clean_NODE_333_length_4284_cov_92.690403	REVIEW	AMBIGUOUS	no_viral_domain_but_blast	1	0	6.40e-04	18.2	0.149	913	FAM005804
ERR2040899_clean_NODE_3492_length_2203_cov_3.909259	DROP	REVIEW	DROP	0	0				0	
ERR2040899_clean_NODE_45_length_6595_cov_23.058608	KEEP	PASS_CORE	KEEP	0	0				0	
ERR2040899_clean_NODE_666_length_3633_cov_10.590808	DROP	AMBIGUOUS	DROP	0	0				0	
ERR2040899_clean_NODE_688_length_3608_cov_6.953436	KEEP	PASS_VIRAL	KEEP	10	0	9.06e-17	60.7	0.192	549	FAM012657
ERR2040899_clean_NODE_852_length_3439_cov_30.560365	KEEP	PASS_VIRAL	KEEP	5	3	3.71e-94	316.0	0.569	784	FAM004987
ERR2040899_clean_NODE_876_length_3417_cov_5.514523	KEEP	PASS_VIRAL	KEEP	0	0				0	
ERR2040900_clean_NODE_1981_length_2948_cov_8.068503	DROP	AMBIGUOUS	DROP	1	0	1.77e-11	43.3	0.151	616	FAM007630
ERR2040900_clean_NODE_3328_length_2440_cov_9.675428	KEEP	PASS_VIRAL	KEEP	6	5	4.91e-290	963.8	0.710	591	FAM004987
ERR2040900_clean_NODE_3935_length_2273_cov_19.940359	DROP	AMBIGUOUS	DROP	0	0				0	
ERR2040900_clean_NODE_567_length_4126_cov_264.021553	REVIEW	AMBIGUOUS	short_fragment	0	0				0	
ERR2040900_clean_NODE_876_length_3733_cov_19.598374	DROP	AMBIGUOUS	DROP	7	0	1.63e-12	43.8	0.070	902	FAM001712
ERR2040901_clean_NODE_25179_length_500_cov_1.308534	KEEP	PASS_CORE_FAM	KEEP	0	0				0	
ERR2040901_clean_NODE_65_length_4948_cov_453.765749	DROP	AMBIGUOUS	DROP	0	0				0	
ERR2040902_clean_NODE_1696_length_1761_cov_19.621653	DROP	REVIEW	DROP	0	0				0	
ERR2040902_clean_NODE_5289_length_1123_cov_3.248148	KEEP	PASS_VIRAL	KEEP	0	0				0	
ERR2040903_clean_NODE_314_length_2535_cov_12.003612	KEEP	PASS_CORE	KEEP	183	11	0.00e+00	1345.5	0.206	708	FAM000106
ERR2040903_clean_NODE_33_length_3301_cov_35.950276	DROP	AMBIGUOUS	DROP	3	0	1.69e-32	112.0	0.435	664	FAM010955
ERR2040903_clean_NODE_63_length_3146_cov_17.004189	KEEP	PASS_VIRAL	KEEP	5	1	4.94e-94	315.6	0.408	788	FAM004987
ERR2040904_clean_NODE_1029_length_3016_cov_6.702657	KEEP	PASS_VIRAL	KEEP	8	0	2.84e-05	21.4	0.015	825	FAM023340
ERR2040904_clean_NODE_1109_length_2956_cov_4.614143	DROP	AMBIGUOUS	DROP	2	0	8.38e-54	182.5	0.261	821	FAM010955
ERR2040904_clean_NODE_1485_length_2728_cov_2.777281	REVIEW	AMBIGUOUS	no_viral_domain_but_blast	0	0				0	
ERR2040904_clean_NODE_1766_length_2596_cov_63.730513	DROP	AMBIGUOUS	DROP	3	1	6.99e-56	190.1	0.538	539	FAM011577
ERR2040904_clean_NODE_1_length_12525_cov_14.641964	KEEP	PASS_CORE	KEEP	31	2	3.15e-53	180.7	0.144	164	FAM003304
ERR2040904_clean_NODE_23289_length_695_cov_1.288344	KEEP	PASS_CORE_FAM	KEEP	0	0				0	
ERR2040904_clean_NODE_24857_length_662_cov_5.295638	REVIEW	REVIEW	short_fragment	0	0				0	
ERR2040904_clean_NODE_2948_length_2182_cov_3.383824	REVIEW	PASS_VIRAL	short_fragment	10	0	3.49e-21	72.6	0.079	609	FAM003565
ERR2040904_clean_NODE_45_length_6148_cov_16.142179	DROP	AMBIGUOUS	DROP	11	0	6.15e-12	45.3	0.212	1630	FAM022874
ERR2040904_clean_NODE_532_length_3561_cov_27.548039	DROP	AMBIGUOUS	DROP	1	1	1.67e-04	20.9	0.652	525	FAM012606
ERR2040904_clean_NODE_576_length_3488_cov_14.130914	KEEP	PASS_VIRAL	KEEP	5	2	1.32e-92	310.9	0.579	788	FAM004987
ERR2040904_clean_NODE_906_length_3119_cov_3.269506	KEEP	PASS_CORE_FAM	KEEP	0	0				0	
ERR2040904_clean_NODE_916_length_3108_cov_11.440457	REVIEW	AMBIGUOUS	short_fragment	7	0	5.44e-09	32.1	0.025	350	FAM003565
ERR2040905_clean_NODE_184_length_2585_cov_16.584186	DROP	REVIEW	DROP	0	0				0	
ERR2040905_clean_NODE_236_length_2485_cov_4.123260	KEEP	PASS_VIRAL	KEEP	6	0	8.61e-13	47.6	0.359	289	FAM012657
ERR2040905_clean_NODE_680_length_2098_cov_79.401460	DROP	AMBIGUOUS	DROP	0	0				0	
ERR2040905_clean_NODE_89_length_2896_cov_11.937259	DROP	REVIEW	DROP	1	0	3.32e-05	23.0	0.359	840	FAM002823
ERR2040906_clean_NODE_1151_length_2097_cov_6.167478	DROP	AMBIGUOUS	DROP	2	1	9.08e-113	377.1	0.953	565	FAM012407
ERR2040906_clean_NODE_273_length_2917_cov_20.262004	REVIEW	AMBIGUOUS	no_viral_domain_but_blast	0	0				0	
ERR2040906_clean_NODE_57_length_3854_cov_13.638415	DROP	REVIEW	DROP	0	0				0	
ERR2040907_clean_NODE_2504_length_2091_cov_12.649902	DROP	AMBIGUOUS	DROP	2	0	8.35e-19	67.2	0.471	544	FAM012604
ERR2040907_clean_NODE_261_length_3706_cov_60.569752	REVIEW	AMBIGUOUS	no_viral_domain_but_blast	0	0				0	
ERR2040907_clean_NODE_511_length_3208_cov_50.635387	KEEP	PASS_VIRAL	KEEP	5	1	2.87e-90	303.2	0.408	787	FAM004987
ERR2040907_clean_NODE_56_length_4708_cov_41.401715	KEEP	PASS_VIRAL	KEEP	9	0	2.34e-40	138.6	0.376	1209	FAM012657
ERR2040907_clean_NODE_688_length_2995_cov_19.272019	DROP	AMBIGUOUS	DROP	3	1	1.20e-63	215.7	0.846	622	FAM011577
ERR2040907_clean_NODE_698_length_2987_cov_177.306046	KEEP	PASS_VIRAL	KEEP	4	1	7.92e-78	261.4	0.899	647	FAM011052
ERR2040908_clean_NODE_73_length_2164_cov_223.464875	DROP	AMBIGUOUS	DROP	0	0				0	
ERR2040909_clean_NODE_1180_length_3288_cov_18.384284	KEEP	PASS_VIRAL	KEEP	44	13	1.91e-46	158.0	0.120	955	FAM008177
ERR2040909_clean_NODE_1194_length_3277_cov_6.385591	DROP	AMBIGUOUS	DROP	0	0				0	
ERR2040909_clean_NODE_1429_length_3098_cov_40.661211	KEEP	PASS_VIRAL	KEEP	5	1	1.43e-91	307.5	0.408	789	FAM004987
ERR2040909_clean_NODE_1509_length_3062_cov_16.501159	KEEP	PASS_VIRAL	KEEP	18	1	1.51e-06	27.9	0.387	465	FAM004782
ERR2040909_clean_NODE_1520_length_3059_cov_9.333554	KEEP	PASS_VIRAL	KEEP	4	0	7.59e-05	21.4	0.074	823	FAM003805
ERR2040909_clean_NODE_1823_length_2882_cov_3.146178	KEEP	PASS_VIRAL	KEEP	11	0	1.81e-32	111.6	0.142	246	FAM003310
ERR2040909_clean_NODE_1939_length_2826_cov_10.776500	REVIEW	AMBIGUOUS	no_viral_domain_but_blast	0	0				0	
ERR2040909_clean_NODE_2149_length_2724_cov_8.250280	KEEP	PASS_VIRAL	KEEP	43	18	9.43e-39	133.0	0.730	603	FAM012364
ERR2040909_clean_NODE_2252_length_2680_cov_9.987486	KEEP	PASS_VIRAL	KEEP	6	1	1.34e-41	142.2	0.221	655	FAM004768
ERR2040909_clean_NODE_44_length_6252_cov_14.749074	KEEP	PASS_VIRAL	KEEP	6	1	7.21e-71	239.2	0.497	1892	FAM013464
ERR2040909_clean_NODE_487_length_4044_cov_6.428143	KEEP	PASS_VIRAL	KEEP	9	0	1.92e-40	138.9	0.374	1161	FAM012657
ERR2040910_clean_NODE_1_length_6948_cov_88.881535	KEEP	PASS_CORE_FAM	KEEP	50	10	0.00e+00	2840.2	0.992	2199	FAM001326
ERR2040910_clean_NODE_8810_length_912_cov_3.542002	REVIEW	REVIEW	short_fragment	0	0				0	
ERR2040911_clean_NODE_1218_length_3008_cov_4.146990	KEEP	PASS_VIRAL	KEEP	5	0	3.17e-40	137.7	0.221	790	FAM004768
ERR2040911_clean_NODE_1867_length_2660_cov_28.458286	DROP	AMBIGUOUS	DROP	25	2	1.13e-49	169.0	0.488	354	FAM007705
ERR2040911_clean_NODE_2730_length_2346_cov_47.106880	DROP	AMBIGUOUS	DROP	3	2	4.26e-51	173.4	0.791	483	FAM020762
ERR2040911_clean_NODE_2769_length_2335_cov_22.424783	DROP	AMBIGUOUS	DROP	0	0				0	
ERR2040911_clean_NODE_339_length_3981_cov_8.487329	DROP	AMBIGUOUS	DROP	7	0	1.53e-13	47.2	0.071	837	FAM001712
ERR2040911_clean_NODE_583_length_3604_cov_4.969459	KEEP	PASS_VIRAL	KEEP	7	0	5.63e-27	94.4	0.190	930	FAM012657
ERR2040911_clean_NODE_630_length_3551_cov_25.711320	DROP	AMBIGUOUS	DROP	3	1	4.73e-64	217.0	0.805	656	FAM011577
ERR2040911_clean_NODE_813_length_3339_cov_4.186743	KEEP	PASS_VIRAL	KEEP	29	0	9.75e-59	199.2	0.407	961	FAM004890
ERR2040911_clean_NODE_826_length_3328_cov_26.829335	REVIEW	AMBIGUOUS	no_viral_domain_but_blast	1	0	7.96e-04	18.2	0.340	875	FAM012647
ERR2040911_clean_NODE_855_length_3305_cov_8.575841	DROP	AMBIGUOUS	DROP	0	0				0	
ERR2040912_clean_NODE_162_length_4152_cov_7.608315	DROP	AMBIGUOUS	DROP	0	0				0	
ERR2040912_clean_NODE_1680_length_2401_cov_10.248942	DROP	AMBIGUOUS	DROP	0	0				0	
ERR2040912_clean_NODE_501_length_3281_cov_7.307218	KEEP	PASS_VIRAL	KEEP	5	1	4.54e-93	312.4	0.409	789	FAM004987
ERR2040912_clean_NODE_569_length_3190_cov_9.107268	DROP	REVIEW	DROP	0	0				0	
ERR2040912_clean_NODE_642_length_3107_cov_12.014016	DROP	AMBIGUOUS	DROP	3	1	4.87e-65	220.3	0.846	653	FAM011577
ERR2040912_clean_NODE_74_length_4739_cov_5.618298	KEEP	PASS_VIRAL	KEEP	8	1	2.26e-39	134.9	0.221	1322	FAM004768
ERR2040912_clean_NODE_845_length_2894_cov_18.308932	DROP	AMBIGUOUS	DROP	3	1	4.07e-65	220.5	0.844	618	FAM011577
ERR2040914_clean_NODE_12811_length_944_cov_2.964484	REVIEW	REVIEW	short_fragment	2	2	7.32e-80	267.9	0.686	227	FAM001310
ERR2040914_clean_NODE_12_length_6826_cov_20.534277	KEEP	PASS_VIRAL	KEEP	6	1	5.53e-71	239.6	0.202	2109	FAM013464
ERR2040914_clean_NODE_14499_length_847_cov_2.131841	REVIEW	REVIEW	short_fragment	9	0	1.71e-20	72.2	0.054	62	FAM003304
ERR2040914_clean_NODE_1471_length_2608_cov_16.319688	REVIEW	AMBIGUOUS	no_viral_domain_but_blast	0	0				0	
ERR2040914_clean_NODE_16174_length_767_cov_3.454420	REVIEW	REVIEW	short_fragment	6	1	1.91e-54	184.7	0.297	141	FAM001273
ERR2040914_clean_NODE_1_length_10345_cov_45.735003	REVIEW	AMBIGUOUS	no_viral_domain_but_blast	0	0				0	
ERR2040914_clean_NODE_23712_length_515_cov_3.531780	REVIEW	REVIEW	short_fragment	0	0				0	
ERR2040914_clean_NODE_24054_length_507_cov_3.605603	REVIEW	REVIEW	short_fragment	0	0				0	
ERR2040914_clean_NODE_290_length_3827_cov_26.634249	REVIEW	AMBIGUOUS	no_viral_domain_but_blast	0	0				0	
ERR2040914_clean_NODE_312_length_3764_cov_5.829347	KEEP	PASS_VIRAL	KEEP	0	0				0	
ERR2040914_clean_NODE_389_length_3606_cov_11.557957	DROP	AMBIGUOUS	DROP	7	0	1.87e-12	43.6	0.070	768	FAM003565
ERR2040914_clean_NODE_3_length_8329_cov_9.624789	KEEP	PASS_CORE_FAM	KEEP	26	6	5.73e-97	325.3	0.295	439	FAM025821
ERR2040914_clean_NODE_540_length_3388_cov_29.855306	KEEP	PASS_VIRAL	KEEP	29	0	3.70e-60	203.9	0.407	815	FAM004890
ERR2040914_clean_NODE_600_length_3312_cov_33.159070	DROP	AMBIGUOUS	DROP	3	1	1.99e-64	218.3	0.846	619	FAM011577
ERR2040914_clean_NODE_625_length_3284_cov_25.090713	KEEP	PASS_CORE_FAM	KEEP	41	12	4.31e-19	68.0	0.243	803	FAM002691
ERR2040915_clean_NODE_1062_length_2758_cov_22.268877	KEEP	PASS_VIRAL	KEEP	20	0	1.74e-09	36.8	0.287	767	FAM011187
ERR2040915_clean_NODE_13485_length_825_cov_1.676471	DROP	REVIEW	DROP	6	0	3.12e-11	42.9	0.187	49	FAM023359
ERR2040915_clean_NODE_1452_length_2526_cov_9.111961	REVIEW	AMBIGUOUS	short_fragment	0	0				0	
ERR2040915_clean_NODE_1509_length_2493_cov_46.707755	KEEP	PASS_VIRAL	KEEP	6	1	1.88e-71	240.2	0.961	545	FAM012653
ERR2040915_clean_NODE_194_length_4001_cov_50.697575	REVIEW	AMBIGUOUS	no_viral_domain_but_blast	0	0				0	
ERR2040915_clean_NODE_493_length_3332_cov_13.177562	DROP	REVIEW	DROP	0	0				0	
ERR2040917_clean_NODE_1018_length_3248_cov_6.266147	KEEP	PASS_VIRAL	KEEP	42	5	1.94e-26	92.7	0.134	979	FAM019915
ERR2040917_clean_NODE_1592_length_2886_cov_18.595498	KEEP	PASS_VIRAL	KEEP	18	0	1.89e-10	40.2	0.360	774	FAM001894
ERR2040917_clean_NODE_1684_length_2829_cov_69.376525	KEEP	PASS_VIRAL	KEEP	4	1	1.69e-70	237.3	0.945	644	FAM011052
ERR2040917_clean_NODE_2111_length_2634_cov_4.401389	KEEP	PASS_VIRAL	KEEP	6	0	5.10e-20	70.9	0.361	652	FAM019894
ERR2040917_clean_NODE_668_length_3624_cov_45.866797	REVIEW	AMBIGUOUS	no_viral_domain_but_blast	0	0				0	
ERR2040917_clean_NODE_738_length_3530_cov_7.741038	DROP	AMBIGUOUS	DROP	7	0	8.43e-16	54.7	0.070	742	FAM001712
ERR2040917_clean_NODE_967_length_3289_cov_42.952249	KEEP	PASS_VIRAL	KEEP	5	1	1.81e-92	310.5	0.407	786	FAM004987
ERR2040918_clean_NODE_2289_length_2265_cov_6.299280	KEEP	PASS_VIRAL	KEEP	6	0	3.19e-20	71.6	0.351	237	FAM019894
ERR2040918_clean_NODE_2820_length_2135_cov_7.455067	DROP	AMBIGUOUS	DROP	2	1	9.96e-113	377.0	0.957	560	FAM012407
ERR2040918_clean_NODE_370_length_3398_cov_9.696870	KEEP	PASS_VIRAL	KEEP	110	13	1.67e-46	158.4	0.617	841	FAM010960
ERR2040918_clean_NODE_447_length_3273_cov_7.446440	DROP	AMBIGUOUS	DROP	0	0				0	
ERR2040918_clean_NODE_469_length_3238_cov_35.692958	DROP	AMBIGUOUS	DROP	3	1	3.05e-67	227.5	0.861	637	FAM011577
ERR2040919_clean_NODE_289_length_3102_cov_18.169663	DROP	AMBIGUOUS	DROP	0	0				0	
ERR2040920_clean_NODE_108_length_3521_cov_3.431936	DROP	AMBIGUOUS	DROP	7	0	4.33e-13	45.7	0.071	897	FAM001712
ERR2040920_clean_NODE_1127_length_2147_cov_8.989564	DROP	AMBIGUOUS	DROP	0	0				0	
ERR2040920_clean_NODE_434_length_2685_cov_6.123583	REVIEW	AMBIGUOUS	no_viral_domain_but_blast	0	0				0	
ERR2040920_clean_NODE_477_length_2630_cov_7.385565	DROP	AMBIGUOUS	DROP	3	1	1.09e-63	215.8	0.809	613	FAM011577
ERR2040921_clean_NODE_13892_length_1076_cov_2.592449	REVIEW	PASS_VIRAL	short_fragment	0	0				0	
ERR2040921_clean_NODE_1676_length_3100_cov_122.860648	KEEP	PASS_VIRAL	KEEP	4	1	4.48e-70	235.9	0.935	644	FAM011052
ERR2040921_clean_NODE_1696_length_3087_cov_20.810447	DROP	AMBIGUOUS	DROP	2	0	8.52e-06	24.7	0.184	418	FAM013297
ERR2040921_clean_NODE_1975_length_2935_cov_14.530775	DROP	REVIEW	DROP	0	0				0	
ERR2040921_clean_NODE_2390_length_2759_cov_11.248159	KEEP	PASS_VIRAL	KEEP	5	1	2.47e-41	141.3	0.221	667	FAM004768
ERR2040921_clean_NODE_2957_length_2560_cov_5.146206	KEEP	PASS_VIRAL	KEEP	0	0				0	
ERR2040921_clean_NODE_330_length_4684_cov_58.799181	DROP	AMBIGUOUS	DROP	0	0				0	
ERR2040921_clean_NODE_4495_length_2169_cov_3.626999	DROP	AMBIGUOUS	DROP	0	0				0	
ERR2040921_clean_NODE_4_length_10462_cov_48.474710	REVIEW	AMBIGUOUS	no_viral_domain_but_blast	0	0				0	
ERR2040921_clean_NODE_5803_length_1937_cov_3.623020	KEEP	PASS_CORE	KEEP	0	0				0	
ERR2040921_clean_NODE_808_length_3791_cov_6.712647	DROP	AMBIGUOUS	DROP	13	3	5.88e-49	166.5	0.400	895	FAM004902
ERR2040921_clean_NODE_828_length_3766_cov_13.866506	DROP	AMBIGUOUS	DROP	7	0	3.90e-12	42.5	0.070	779	FAM001712
ERR2040921_clean_NODE_989_length_3618_cov_7.961399	REVIEW	REVIEW	short_fragment	0	0				0	
ERR2040922_clean_NODE_1122_length_2373_cov_11.940343	REVIEW	AMBIGUOUS	no_viral_domain_but_blast	0	0				0	
ERR2040922_clean_NODE_1901_length_2048_cov_7.161596	DROP	REVIEW	DROP	0	0				0	
ERR2040923_clean_NODE_1158_length_2997_cov_22.811442	DROP	AMBIGUOUS	DROP	3	1	3.58e-67	227.3	0.920	655	FAM011577
ERR2040923_clean_NODE_1288_length_2908_cov_22.582897	DROP	AMBIGUOUS	DROP	1	0	3.13e-14	52.5	0.483	626	FAM011124
ERR2040923_clean_NODE_1742_length_2655_cov_22.637060	DROP	AMBIGUOUS	DROP	3	0	1.70e-05	23.5	0.165	524	FAM017182
ERR2040923_clean_NODE_18804_length_655_cov_1.983660	REVIEW	REVIEW	short_fragment	0	0				0	
ERR2040923_clean_NODE_2218_length_2453_cov_23.024066	DROP	AMBIGUOUS	DROP	2	0	6.00e-18	64.4	0.467	546	FAM012604
ERR2040923_clean_NODE_2754_length_2295_cov_4.125222	REVIEW	AMBIGUOUS	short_fragment	0	0				0	
ERR2040923_clean_NODE_381_length_3852_cov_13.251772	DROP	REVIEW	DROP	0	0				0	
ERR2040923_clean_NODE_609_length_3505_cov_10.560370	DROP	AMBIGUOUS	DROP	1	0	2.95e-03	16.4	0.361	946	FAM001639
ERR2040924_clean_NODE_143_length_4337_cov_13.586400	DROP	AMBIGUOUS	DROP	5	1	6.33e-71	238.5	0.969	623	FAM012653
ERR2040924_clean_NODE_2087_length_2593_cov_7.170588	KEEP	PASS_VIRAL	KEEP	42	13	3.96e-42	143.7	0.120	792	FAM008177
ERR2040924_clean_NODE_3225_length_2260_cov_4.247181	REVIEW	REVIEW	short_fragment	0	0				0	
ERR2040924_clean_NODE_383_length_3765_cov_9.909457	KEEP	PASS_VIRAL	KEEP	5	1	1.96e-39	135.1	0.221	1021	FAM004768
ERR2040924_clean_NODE_461_length_3669_cov_44.827910	REVIEW	AMBIGUOUS	no_viral_domain_but_blast	0	0				0	
ERR2040924_clean_NODE_812_length_3263_cov_20.849379	KEEP	PASS_VIRAL	KEEP	51	18	4.33e-80	269.0	0.408	997	FAM012845
ERR2040925_clean_NODE_14_length_6254_cov_14.895575	REVIEW	AMBIGUOUS	no_viral_domain_but_blast	0	0				0	
ERR2040926_clean_NODE_87_length_4610_cov_26.771404	KEEP	PASS_VIRAL	KEEP	10	0	4.46e-39	134.3	0.395	1232	FAM012657
ERR2040927_clean_NODE_1091_length_2728_cov_110.148603	REVIEW	AMBIGUOUS	no_viral_domain_but_blast	0	0				0	
ERR2040927_clean_NODE_1185_length_2652_cov_8.535454	DROP	AMBIGUOUS	DROP	3	1	2.68e-23	81.9	0.713	606	FAM004846
ERR2040927_clean_NODE_212_length_3939_cov_13.710729	DROP	REVIEW	DROP	1	0	9.15e-03	15.1	0.378	861	FAM004867
ERR2040927_clean_NODE_294_length_3718_cov_7.616599	DROP	AMBIGUOUS	DROP	7	0	2.22e-12	43.3	0.071	838	FAM001712
ERR2040927_clean_NODE_4704_length_1644_cov_3.333542	KEEP	PASS_CORE	KEEP	0	0				0	
ERR2040927_clean_NODE_61_length_5075_cov_20.888911	KEEP	PASS_VIRAL	KEEP	8	0	3.02e-22	78.8	0.359	1456	FAM012657
ERR2040927_clean_NODE_766_length_3010_cov_42.289518	DROP	AMBIGUOUS	DROP	3	1	1.38e-58	199.0	0.683	581	FAM011577
ERR2040927_clean_NODE_838_length_2950_cov_3.384933	KEEP	PASS_VIRAL	KEEP	6	0	6.20e-05	20.3	0.021	841	FAM023340
ERR2040928_clean_NODE_41_length_3692_cov_33.266083	KEEP	PASS_VIRAL	KEEP	19	1	3.09e-55	187.6	0.402	780	FAM004890
ERR2040929_clean_NODE_1216_length_2411_cov_8.588260	KEEP	PASS_VIRAL	KEEP	37	16	2.00e-41	141.4	0.152	638	FAM008177
ERR2040929_clean_NODE_5617_length_1385_cov_3.163934	REVIEW	PASS_VIRAL	short_fragment	0	0				0	
ERR2040929_clean_NODE_633_length_2888_cov_16.861160	DROP	AMBIGUOUS	DROP	7	0	3.94e-12	42.5	0.071	870	FAM001712
ERR2040929_clean_NODE_691_length_2825_cov_8.604960	DROP	AMBIGUOUS	DROP	0	0				0	
ERR2040929_clean_NODE_970_length_2556_cov_85.998408	REVIEW	AMBIGUOUS	no_viral_domain_but_blast	1	0	7.26e-03	15.0	0.141	467	FAM010362
ERR2040930_clean_NODE_1036_length_3498_cov_10.223444	DROP	AMBIGUOUS	DROP	7	0	8.76e-12	41.4	0.070	886	FAM003565
ERR2040930_clean_NODE_1146_length_3406_cov_65.332441	REVIEW	AMBIGUOUS	no_viral_domain_but_blast	2	0	1.94e-03	16.9	0.334	920	FAM012647
ERR2040930_clean_NODE_117_length_5555_cov_14.338353	KEEP	PASS_CORE	KEEP	39	16	1.79e-227	757.6	0.941	1415	FAM025821
ERR2040930_clean_NODE_12_length_8725_cov_17.888275	DROP	AMBIGUOUS	DROP	11	0	4.41e-08	32.3	0.105	2592	FAM017957
ERR2040930_clean_NODE_1601_length_3092_cov_3.519187	DROP	AMBIGUOUS	DROP	6	0	3.15e-15	52.8	0.070	719	FAM001712
ERR2040930_clean_NODE_164_length_5188_cov_4.374538	KEEP	PASS_CORE	KEEP	0	0				0	
ERR2040930_clean_NODE_2285_length_2761_cov_86.341060	KEEP	PASS_VIRAL	KEEP	4	1	2.31e-71	240.1	0.935	636	FAM011052
ERR2040930_clean_NODE_25160_length_525_cov_2.143154	DROP	REVIEW	DROP	0	0				0	
ERR2040930_clean_NODE_342_length_4387_cov_3.257827	KEEP	PASS_CORE_FAM	KEEP	52	9	1.13e-117	393.8	0.399	548	FAM025821
ERR2040930_clean_NODE_3592_length_2352_cov_6.547423	KEEP	PASS_VIRAL	KEEP	5	2	1.06e-42	145.8	0.874	678	FAM004768
ERR2040930_clean_NODE_4475_length_2158_cov_6.365485	KEEP	PASS_VIRAL	KEEP	19	0	7.53e-33	113.7	0.371	470	FAM004890
ERR2040930_clean_NODE_469_length_4147_cov_7.894981	DROP	AMBIGUOUS	DROP	0	0				0	
ERR2040930_clean_NODE_731_length_3795_cov_15.517857	DROP	AMBIGUOUS	DROP	1	1	2.73e-04	20.2	0.679	1060	FAM012606
ERR2040930_clean_NODE_756_length_3765_cov_83.181085	REVIEW	AMBIGUOUS	short_fragment	0	0				0	
ERR2040930_clean_NODE_767_length_3752_cov_26.281747	REVIEW	AMBIGUOUS	no_viral_domain_but_blast	0	0				0	
ERR2040930_clean_NODE_824_length_3694_cov_5.552725	KEEP	PASS_VIRAL	KEEP	6	0	1.29e-25	89.9	0.449	1030	FAM012657
ERR2040931_clean_NODE_1140_length_3005_cov_14.592843	KEEP	PASS_VIRAL	KEEP	39	14	1.41e-42	145.2	0.153	769	FAM008177
ERR2040931_clean_NODE_1891_length_2592_cov_7.053747	DROP	AMBIGUOUS	DROP	0	0				0	
ERR2040931_clean_NODE_19_length_6703_cov_16.899099	KEEP	PASS_VIRAL	KEEP	6	1	5.33e-70	236.3	0.203	2109	FAM013464
ERR2040931_clean_NODE_2158_length_2486_cov_8.460909	KEEP	PASS_VIRAL	KEEP	47	15	1.54e-45	155.0	0.119	643	FAM008177
ERR2040931_clean_NODE_2324_length_2431_cov_5.105946	DROP	AMBIGUOUS	DROP	0	0				0	
ERR2040931_clean_NODE_2504_length_2375_cov_5.463122	DROP	AMBIGUOUS	DROP	0	0				0	
ERR2040931_clean_NODE_30_length_6347_cov_9.975888	KEEP	PASS_VIRAL	KEEP	8	0	9.88e-38	129.5	0.221	1762	FAM004768
ERR2040931_clean_NODE_3607_length_2093_cov_25.351707	DROP	AMBIGUOUS	DROP	0	0				0	
ERR2040931_clean_NODE_4496_length_1919_cov_3.630064	KEEP	PASS_VIRAL	KEEP	5	0	8.27e-13	47.0	0.140	161	FAM008902
ERR2040931_clean_NODE_499_length_3662_cov_8.644930	KEEP	PASS_VIRAL	KEEP	10	0	5.99e-40	137.2	0.374	1013	FAM012657
ERR2040931_clean_NODE_766_length_3308_cov_8.645942	DROP	AMBIGUOUS	DROP	7	0	1.02e-12	44.4	0.070	776	FAM001712
ERR2040931_clean_NODE_799_length_3275_cov_7.985458	DROP	AMBIGUOUS	DROP	7	0	9.83e-16	54.4	0.070	745	FAM001712
ERR2040931_clean_NODE_837_length_3245_cov_58.141162	REVIEW	AMBIGUOUS	no_viral_domain_but_blast	0	0				0	
ERR2040932_clean_NODE_110_length_4731_cov_10.572952	DROP	REVIEW	DROP	0	0				0	
ERR2040932_clean_NODE_11492_length_1162_cov_3.603217	KEEP	PASS_CORE	KEEP	0	0				0	
ERR2040932_clean_NODE_14556_length_933_cov_2.721348	REVIEW	REVIEW	short_fragment	1	0	5.40e-03	16.1	0.472	63	FAM002599
ERR2040932_clean_NODE_15_length_6319_cov_19.786966	REVIEW	AMBIGUOUS	no_viral_domain_but_blast	0	0				0	
ERR2040932_clean_NODE_1721_length_2762_cov_25.101508	DROP	REVIEW	DROP	0	0				0	
ERR2040932_clean_NODE_1903_length_2684_cov_4.275653	KEEP	PASS_VIRAL	KEEP	31	0	1.48e-60	205.2	0.397	725	FAM004890
ERR2040932_clean_NODE_25_length_5815_cov_15.373701	DROP	AMBIGUOUS	DROP	11	0	3.11e-08	32.7	0.102	1740	FAM017957
ERR2040932_clean_NODE_324_length_4023_cov_10.304774	DROP	REVIEW	DROP	0	0				0	
ERR2040932_clean_NODE_4565_length_1976_cov_16.207967	KEEP	PASS_VIRAL	KEEP	19	0	8.70e-33	113.5	0.383	527	FAM004890
ERR2040932_clean_NODE_5_length_7440_cov_13.685413	KEEP	PASS_VIRAL	KEEP	6	1	3.31e-69	233.7	0.202	2109	FAM013464
ERR2040932_clean_NODE_721_length_3437_cov_9.807307	DROP	AMBIGUOUS	DROP	7	0	7.93e-13	44.8	0.071	771	FAM003565
ERR2040932_clean_NODE_750_length_3398_cov_11.563934	KEEP	PASS_VIRAL	KEEP	4	0	2.29e-40	138.1	0.221	890	FAM004768
ERR2040932_clean_NODE_9150_length_1379_cov_1.616766	KEEP	PASS_CORE	KEEP	20	3	2.73e-64	217.3	0.137	178	FAM003304
ERR2040933_clean_NODE_839_length_2252_cov_6.140788	DROP	AMBIGUOUS	DROP	0	0				0	
ERR2040934_clean_NODE_1549_length_2623_cov_12.801938	REVIEW	REVIEW	short_fragment	0	0				0	
ERR2040934_clean_NODE_2046_length_2428_cov_14.756394	DROP	AMBIGUOUS	DROP	1	1	6.07e-35	120.7	0.803	513	FAM012487
ERR2040934_clean_NODE_23094_length_572_cov_2.400756	REVIEW	REVIEW	short_fragment	5	0	1.79e-06	25.4	0.022	37	FAM025821
ERR2040934_clean_NODE_2671_length_2251_cov_8.747736	KEEP	PASS_VIRAL	KEEP	27	0	2.81e-68	230.5	0.324	576	FAM012716
ERR2040934_clean_NODE_2915_length_2193_cov_55.130698	DROP	AMBIGUOUS	DROP	5	1	3.35e-08	32.1	0.115	498	FAM022056
ERR2040934_clean_NODE_458_length_3428_cov_94.244904	REVIEW	AMBIGUOUS	no_viral_domain_but_blast	0	0				0	
ERR2040934_clean_NODE_52_length_4704_cov_9.984553	DROP	AMBIGUOUS	DROP	0	0				0	
ERR2040934_clean_NODE_677_length_3189_cov_8.016211	KEEP	PASS_VIRAL	KEEP	46	14	3.57e-46	157.1	0.150	791	FAM008177
ERR2040935_clean_NODE_13950_length_710_cov_1.943368	DROP	REVIEW	DROP	0	0				0	
ERR2040935_clean_NODE_1581_length_2236_cov_83.308603	DROP	AMBIGUOUS	DROP	0	0				0	
ERR2040935_clean_NODE_290_length_3410_cov_10.522100	DROP	AMBIGUOUS	DROP	7	0	2.48e-14	49.8	0.071	890	FAM001712
ERR2040935_clean_NODE_356_length_3279_cov_6.154938	REVIEW	REVIEW	short_fragment	1	0	1.43e-03	15.6	0.035	70	FAM004636
ERR2040936_clean_NODE_1056_length_2836_cov_4.343716	DROP	AMBIGUOUS	DROP	2	2	1.40e-18	67.2	0.619	563	FAM012606
ERR2040936_clean_NODE_1106_length_2804_cov_21.844259	DROP	REVIEW	DROP	11	6	8.18e-43	146.4	0.986	338	FAM010181
ERR2040936_clean_NODE_12110_length_1036_cov_9.213494	REVIEW	REVIEW	short_fragment	2	1	1.44e-33	115.8	0.708	229	FAM013193
ERR2040936_clean_NODE_1293_length_2689_cov_8.517007	DROP	AMBIGUOUS	DROP	1	1	5.71e-36	124.0	0.810	513	FAM012487
ERR2040936_clean_NODE_2339_length_2241_cov_3.858963	KEEP	PASS_VIRAL	KEEP	4	0	1.37e-29	102.8	0.204	517	FAM004768
ERR2040936_clean_NODE_342_length_3684_cov_5.113156	KEEP	PASS_VIRAL	KEEP	23	0	6.04e-73	245.9	0.339	678	FAM012716
ERR2040936_clean_NODE_545_length_3346_cov_10.637602	REVIEW	PASS_VIRAL	short_fragment	22	6	1.36e-27	96.2	0.475	793	FAM012845
ERR2040936_clean_NODE_995_length_2877_cov_12.911433	KEEP	PASS_VIRAL	KEEP	4	1	2.50e-69	233.4	0.935	725	FAM011052
ERR2040937_clean_NODE_1452_length_2483_cov_7.975410	KEEP	PASS_VIRAL	KEEP	5	0	5.32e-41	140.2	0.221	593	FAM004768
ERR2040937_clean_NODE_17019_length_662_cov_10.494346	REVIEW	REVIEW	short_fragment	0	0				0	
ERR2040937_clean_NODE_182_length_4078_cov_47.645105	DROP	AMBIGUOUS	DROP	0	0				0	
ERR2040937_clean_NODE_1893_length_2290_cov_32.993769	DROP	AMBIGUOUS	DROP	0	0				0	
ERR2040937_clean_NODE_2143_length_2193_cov_66.638140	REVIEW	REVIEW	short_fragment	0	0				0	
ERR2040937_clean_NODE_2737_length_2010_cov_172.306050	DROP	AMBIGUOUS	DROP	0	0				0	
ERR2040937_clean_NODE_384_length_3490_cov_11.466202	DROP	AMBIGUOUS	DROP	7	0	4.39e-12	42.3	0.070	863	FAM001712
ERR2040937_clean_NODE_5470_length_1522_cov_2.930358	KEEP	PASS_VIRAL	KEEP	0	0				0	
ERR2040938_clean_NODE_1522_length_2656_cov_64.611175	DROP	REVIEW	DROP	0	0				0	
ERR2040938_clean_NODE_18345_length_658_cov_1.104065	REVIEW	REVIEW	short_fragment	9	0	1.47e-15	55.5	0.053	96	FAM025821
ERR2040938_clean_NODE_3214_length_2064_cov_94.370114	DROP	AMBIGUOUS	DROP	8	1	3.31e-50	170.6	0.543	334	FAM001834
ERR2040938_clean_NODE_4040_length_1892_cov_6.543537	DROP	AMBIGUOUS	DROP	0	0				0	
ERR2040938_clean_NODE_560_length_3482_cov_12.070660	DROP	AMBIGUOUS	DROP	4	0	4.38e-13	47.1	0.062	989	FAM010548
ERR2040938_clean_NODE_696_length_3299_cov_7.021499	DROP	AMBIGUOUS	DROP	0	0				0	
ERR2040938_clean_NODE_769_length_3222_cov_12.446681	DROP	AMBIGUOUS	DROP	7	0	7.29e-12	41.6	0.070	876	FAM001712
ERR2040938_clean_NODE_821_length_3174_cov_4.835516	KEEP	PASS_VIRAL	KEEP	0	0				0	
ERR2040938_clean_NODE_9868_length_1174_cov_2.080460	DROP	REVIEW	DROP	0	0				0	
ERR2040939_clean_NODE_15844_length_750_cov_3.738331	REVIEW	REVIEW	short_fragment	5	0	7.58e-10	37.4	0.078	74	FAM000970
ERR2040939_clean_NODE_2015_length_2488_cov_53.905521	DROP	AMBIGUOUS	DROP	0	0				0	
ERR2040939_clean_NODE_2695_length_2256_cov_9.140985	KEEP	PASS_VIRAL	KEEP	5	5	2.23e-93	313.5	0.579	521	FAM004987
ERR2040939_clean_NODE_291_length_4095_cov_7.624383	DROP	REVIEW	DROP	49	8	5.67e-107	358.7	0.270	357	FAM003304
ERR2040939_clean_NODE_311_length_4020_cov_22.615036	KEEP	PASS_VIRAL	KEEP	48	20	2.19e-66	223.9	0.509	1135	FAM012845
ERR2040939_clean_NODE_312_length_4019_cov_33.948692	KEEP	PASS_VIRAL	KEEP	0	0				0	
ERR2040939_clean_NODE_3378_length_2070_cov_4.229403	DROP	AMBIGUOUS	DROP	0	0				0	
ERR2040939_clean_NODE_3556_length_2031_cov_61.797787	DROP	AMBIGUOUS	DROP	0	0				0	
ERR2040939_clean_NODE_529_length_3599_cov_111.629921	KEEP	PASS_VIRAL	KEEP	19	0	6.76e-57	193.1	0.419	789	FAM004890
ERR2040939_clean_NODE_789_length_3262_cov_12.868593	DROP	AMBIGUOUS	DROP	7	0	7.35e-12	41.6	0.072	877	FAM003565
ERR2040939_clean_NODE_877_length_3178_cov_25.299841	DROP	AMBIGUOUS	DROP	0	0				0	
ERR2040939_clean_NODE_987_length_3070_cov_10.372316	KEEP	PASS_VIRAL	KEEP	6	1	8.59e-95	318.1	0.431	788	FAM004987
ERR2040940_clean_NODE_1199_length_2548_cov_7.586427	REVIEW	AMBIGUOUS	short_fragment	9	0	4.93e-13	45.5	0.070	632	FAM001712
ERR2040940_clean_NODE_156_length_3696_cov_30.117985	REVIEW	AMBIGUOUS	no_viral_domain_but_blast	0	0				0	
ERR2040940_clean_NODE_2008_length_2267_cov_27.412770	REVIEW	REVIEW	short_fragment	0	0				0	
ERR2040940_clean_NODE_2147_length_2232_cov_8.370489	DROP	AMBIGUOUS	DROP	9	0	7.88e-32	110.4	0.240	447	FAM007630
ERR2040940_clean_NODE_2325_length_2186_cov_23.955203	KEEP	PASS_VIRAL	KEEP	37	19	9.02e-47	159.1	0.116	426	FAM008177
ERR2040940_clean_NODE_362_length_3209_cov_24.841756	DROP	AMBIGUOUS	DROP	3	1	2.52e-55	188.3	0.536	508	FAM011577
ERR2040940_clean_NODE_391_length_3176_cov_30.696776	DROP	AMBIGUOUS	DROP	1	0	2.03e-15	56.0	0.359	684	FAM007966
ERR2040940_clean_NODE_4_length_5663_cov_537.237189	KEEP	PASS_VIRAL	KEEP	21	16	3.40e-164	548.2	0.571	1759	FAM013787
ERR2040941_clean_NODE_1058_length_3494_cov_10.761229	DROP	AMBIGUOUS	DROP	8	0	1.43e-10	37.3	0.024	245	FAM003565
ERR2040941_clean_NODE_1524_length_3163_cov_6.481090	KEEP	PASS_VIRAL	KEEP	6	1	9.03e-41	139.5	0.204	808	FAM004768
ERR2040941_clean_NODE_1582_length_3134_cov_6.519249	DROP	REVIEW	DROP	1	0	7.31e-03	14.4	0.127	977	FAM010364
ERR2040941_clean_NODE_2002_length_2926_cov_5.400971	DROP	AMBIGUOUS	DROP	1	0	5.34e-03	15.0	0.394	779	FAM003349
ERR2040941_clean_NODE_2679_length_2648_cov_18.370441	KEEP	PASS_VIRAL	KEEP	43	19	5.76e-38	130.4	0.718	593	FAM012364
ERR2040941_clean_NODE_3786_length_2347_cov_45.377604	DROP	AMBIGUOUS	DROP	7	1	1.58e-08	33.2	0.111	492	FAM022056
ERR2040941_clean_NODE_439_length_4230_cov_5.354669	REVIEW	PASS_VIRAL	short_fragment	54	5	4.88e-29	100.9	0.475	1117	FAM012845
ERR2040941_clean_NODE_7182_length_1754_cov_18.350088	KEEP	PASS_VIRAL	KEEP	0	0				0	
ERR2040942_clean_NODE_11171_length_1204_cov_20.614126	REVIEW	REVIEW	short_fragment	0	0				0	
ERR2040942_clean_NODE_13362_length_1061_cov_8.807466	KEEP	PASS_CORE	KEEP	1	0	6.43e-04	17.3	0.058	91	FAM003304
ERR2040942_clean_NODE_27310_length_541_cov_5.391566	REVIEW	REVIEW	short_fragment	0	0				0	
ERR2040942_clean_NODE_349_length_3205_cov_19.179317	DROP	AMBIGUOUS	DROP	7	0	9.40e-13	44.5	0.071	736	FAM001712
ERR2040942_clean_NODE_357_length_3189_cov_28.243484	DROP	AMBIGUOUS	DROP	0	0				0	
ERR2040942_clean_NODE_5995_length_1669_cov_2.376384	REVIEW	REVIEW	no_viral_domain_but_blast	15	0	3.08e-59	200.6	0.237	405	FAM003304
ERR2040943_clean_NODE_223_length_2790_cov_175.477976	REVIEW	AMBIGUOUS	no_viral_domain_but_blast	0	0				0	
ERR2040943_clean_NODE_60_length_3322_cov_7.430314	KEEP	PASS_CORE_FAM	KEEP	20	0	9.62e-62	208.9	0.275	465	FAM003304
ERR2040944_clean_NODE_1056_length_3035_cov_5.945521	KEEP	PASS_VIRAL	KEEP	30	0	1.97e-61	208.1	0.391	931	FAM004890
ERR2040944_clean_NODE_17459_length_748_cov_2.380142	KEEP	PASS_VIRAL	KEEP	0	0				0	
ERR2040944_clean_NODE_1_length_11229_cov_19.934293	DROP	AMBIGUOUS	DROP	0	0				0	
ERR2040944_clean_NODE_207_length_4611_cov_12.759413	DROP	AMBIGUOUS	DROP	0	0				0	
ERR2040944_clean_NODE_2134_length_2430_cov_34.094680	DROP	AMBIGUOUS	DROP	4	1	2.64e-08	32.5	0.115	506	FAM022056
ERR2040944_clean_NODE_94_length_5524_cov_11.229885	KEEP	PASS_CORE	KEEP	44	13	4.66e-187	623.7	0.360	386	FAM000127
ERR2040945_clean_NODE_1122_length_2625_cov_68.109605	KEEP	PASS_VIRAL	KEEP	6	2	1.78e-93	313.8	0.408	798	FAM004987
ERR2040945_clean_NODE_14_length_6208_cov_5.831306	KEEP	PASS_VIRAL	KEEP	0	0				0	
ERR2040945_clean_NODE_181_length_3976_cov_19.112128	DROP	REVIEW	DROP	4	0	1.97e-08	33.3	0.329	1149	FAM009502
ERR2040945_clean_NODE_409_length_3386_cov_81.658391	REVIEW	AMBIGUOUS	no_viral_domain_but_blast	0	0				0	
ERR2040945_clean_NODE_52_length_5059_cov_37.370215	KEEP	PASS_VIRAL	KEEP	6	0	2.40e-23	82.4	0.378	1230	FAM012657
ERR2040946_clean_NODE_1_length_9405_cov_40.626949	REVIEW	AMBIGUOUS	no_viral_domain_but_blast	0	0				0	
ERR2040946_clean_NODE_208_length_3547_cov_10.412771	DROP	REVIEW	DROP	0	0				0	
ERR2040946_clean_NODE_870_length_2558_cov_6.355300	KEEP	PASS_VIRAL	KEEP	0	0				0	
ERR2040947_clean_NODE_103_length_4898_cov_17.366426	DROP	REVIEW	DROP	0	0				0	
ERR2040947_clean_NODE_130_length_4762_cov_26.546090	KEEP	PASS_VIRAL	KEEP	4	1	2.32e-71	239.9	0.965	1247	FAM012653
ERR2040947_clean_NODE_1728_length_2810_cov_20.213950	REVIEW	AMBIGUOUS	no_viral_domain_but_blast	6	0	3.00e-08	32.4	0.398	678	FAM012636
ERR2040947_clean_NODE_1987_length_2683_cov_10.791667	KEEP	PASS_VIRAL	KEEP	19	12	1.57e-128	430.0	0.489	784	FAM013787
ERR2040947_clean_NODE_2407_length_2520_cov_45.940654	DROP	AMBIGUOUS	DROP	3	0	2.96e-08	32.3	0.111	521	FAM022056
ERR2040947_clean_NODE_3600_length_2134_cov_34.919656	DROP	AMBIGUOUS	DROP	0	0				0	
ERR2040947_clean_NODE_4044_length_2026_cov_23.446798	DROP	REVIEW	DROP	0	0				0	
ERR2040947_clean_NODE_535_length_3713_cov_23.104632	DROP	AMBIGUOUS	DROP	0	0				0	
ERR2040947_clean_NODE_577_length_3665_cov_15.003865	DROP	REVIEW	DROP	0	0				0	
ERR2040947_clean_NODE_763_length_3450_cov_13.001761	KEEP	PASS_VIRAL	KEEP	8	0	3.57e-40	138.0	0.382	950	FAM012657
ERR2040947_clean_NODE_7699_length_1367_cov_10.321752	KEEP	PASS_CORE	KEEP	0	0				0	
ERR2040947_clean_NODE_788_length_3433_cov_38.157817	DROP	AMBIGUOUS	DROP	7	0	2.83e-14	49.6	0.071	902	FAM001712
ERR2040948_clean_NODE_1618_length_2754_cov_7.174843	DROP	AMBIGUOUS	DROP	2	0	2.16e-13	49.1	0.065	550	FAM013464
ERR2040948_clean_NODE_24_length_5416_cov_10.571375	REVIEW	PASS_VIRAL	short_fragment	0	0				0	
ERR2040948_clean_NODE_353_length_3753_cov_24.194340	KEEP	PASS_VIRAL	KEEP	0	0				0	
ERR2040948_clean_NODE_425_length_3626_cov_17.914876	DROP	AMBIGUOUS	DROP	0	0				0	
ERR2040948_clean_NODE_5420_length_1816_cov_12.591089	REVIEW	AMBIGUOUS	short_fragment	7	2	1.23e-84	283.8	0.918	485	FAM001834
ERR2040948_clean_NODE_720_length_3292_cov_40.367498	DROP	AMBIGUOUS	DROP	1	0	1.99e-04	21.1	0.457	631	FAM022230
ERR2040948_clean_NODE_759_length_3252_cov_9.693674	DROP	REVIEW	DROP	2	1	3.88e-05	22.5	0.310	773	FAM001527
ERR2040948_clean_NODE_911_length_3122_cov_29.158493	KEEP	PASS_VIRAL	KEEP	18	0	5.78e-07	29.2	0.378	526	FAM004782
ERR2040948_clean_NODE_928_length_3112_cov_13.861193	DROP	AMBIGUOUS	DROP	2	1	4.26e-28	98.4	0.440	849	FAM012606
ERR2040949_clean_NODE_11037_length_903_cov_1.201163	REVIEW	REVIEW	no_viral_domain_but_blast	0	0				0	
ERR2040949_clean_NODE_1196_length_2234_cov_113.024190	DROP	AMBIGUOUS	DROP	0	0				0	
ERR2040949_clean_NODE_1913_length_2016_cov_113.049164	KEEP	PASS_VIRAL	KEEP	8	1	4.97e-15	55.3	0.433	447	FAM008380
ERR2040949_clean_NODE_318_length_2759_cov_15.394330	DROP	AMBIGUOUS	DROP	7	0	2.99e-16	56.2	0.071	568	FAM001712
ERR2040949_clean_NODE_350_length_2718_cov_13.105047	KEEP	PASS_CORE_FAM	KEEP	47	8	1.58e-73	247.5	0.278	459	FAM000088
ERR2040949_clean_NODE_58_length_3406_cov_48.410943	DROP	AMBIGUOUS	DROP	7	0	4.61e-14	48.9	0.071	761	FAM001712
ERR2040949_clean_NODE_72_length_3314_cov_48.149496	REVIEW	AMBIGUOUS	no_viral_domain_but_blast	1	0	4.26e-03	15.7	0.109	865	FAM007816
ERR2040949_clean_NODE_79_length_3286_cov_34.680234	REVIEW	AMBIGUOUS	no_viral_domain_but_blast	0	0				0	
ERR2040949_clean_NODE_815_length_2385_cov_12.538002	KEEP	PASS_VIRAL	KEEP	18	0	5.28e-07	29.3	0.378	495	FAM004782
ERR2040950_clean_NODE_1079_length_3266_cov_20.839901	REVIEW	AMBIGUOUS	no_viral_domain_but_blast	0	0				0	
ERR2040950_clean_NODE_1188_length_3183_cov_25.925159	KEEP	PASS_VIRAL	KEEP	20	0	3.04e-07	30.1	0.378	314	FAM004782
ERR2040950_clean_NODE_16327_length_787_cov_2.313172	KEEP	PASS_VIRAL	KEEP	0	0				0	
ERR2040950_clean_NODE_2288_length_2636_cov_5.923641	DROP	REVIEW	DROP	14	0	2.80e-43	147.3	0.086	163	FAM004470
ERR2040950_clean_NODE_2373_length_2598_cov_11.449706	DROP	AMBIGUOUS	DROP	0	0				0	
ERR2040950_clean_NODE_242_length_4594_cov_19.863107	DROP	REVIEW	DROP	0	0				0	
ERR2040950_clean_NODE_3_length_9422_cov_20.137435	REVIEW	REVIEW	no_viral_domain_but_blast	20	9	1.36e-252	841.4	0.587	3049	FAM007197
ERR2040950_clean_NODE_4_length_9242_cov_28.125992	REVIEW	REVIEW	no_viral_domain_but_blast	14	9	5.87e-225	749.7	0.582	2985	FAM007197
ERR2040950_clean_NODE_56_length_6047_cov_4.832112	KEEP	PASS_CORE_FAM	KEEP	46	22	0.00e+00	2817.1	0.613	1769	FAM004470
ERR2040950_clean_NODE_7_length_9119_cov_35.889268	REVIEW	REVIEW	no_viral_domain_but_blast	12	8	5.78e-221	736.4	0.588	2950	FAM007197
ERR2040950_clean_NODE_9_length_8646_cov_65.737068	KEEP	PASS_VIRAL	KEEP	0	0				0	
ERR2040951_clean_NODE_13008_length_796_cov_8.077025	KEEP	PASS_VIRAL	KEEP	39	4	3.19e-25	88.5	0.201	188	FAM000071
ERR2040951_clean_NODE_265_length_2665_cov_14.891304	DROP	AMBIGUOUS	DROP	0	0				0	
ERR2040952_clean_NODE_1266_length_3241_cov_14.971545	DROP	AMBIGUOUS	DROP	8	0	3.36e-11	39.4	0.071	765	FAM001712
ERR2040952_clean_NODE_1827_length_2904_cov_10.032506	REVIEW	AMBIGUOUS	no_viral_domain_but_blast	0	0				0	
ERR2040952_clean_NODE_1984_length_2829_cov_21.593683	KEEP	PASS_VIRAL	KEEP	17	0	5.64e-07	29.2	0.378	524	FAM004782
ERR2040952_clean_NODE_2622_length_2560_cov_10.203417	DROP	REVIEW	DROP	0	0				0	
ERR2040952_clean_NODE_2682_length_2541_cov_5.698559	KEEP	PASS_VIRAL	KEEP	37	16	5.24e-36	124.0	0.721	555	FAM012364
ERR2040952_clean_NODE_2987_length_2444_cov_14.918784	DROP	AMBIGUOUS	DROP	3	1	4.57e-09	35.0	0.115	497	FAM022056
ERR2040952_clean_NODE_3614_length_2276_cov_9.684729	KEEP	PASS_CORE	KEEP	4	0	8.69e-11	40.3	0.328	531	FAM004987
ERR2040952_clean_NODE_42_length_7447_cov_47.277283	KEEP	PASS_VIRAL	KEEP	0	0				0	
ERR2040952_clean_NODE_450_length_4216_cov_48.703810	KEEP	PASS_VIRAL	KEEP	8	0	7.37e-16	55.8	0.134	1176	FAM004567
ERR2040952_clean_NODE_45_length_7319_cov_29.599918	REVIEW	AMBIGUOUS	no_viral_domain_but_blast	3	0	1.30e-05	23.7	0.408	2189	FAM012636
ERR2040952_clean_NODE_490_length_4133_cov_15.786308	DROP	AMBIGUOUS	DROP	0	0				0	
ERR2040952_clean_NODE_51_length_7112_cov_20.373603	KEEP	PASS_VIRAL	KEEP	7	2	1.85e-66	224.6	0.527	2124	FAM013464
ERR2040952_clean_NODE_631_length_3923_cov_110.323711	DROP	AMBIGUOUS	DROP	7	0	8.31e-15	51.4	0.072	807	FAM001712
ERR2040952_clean_NODE_8301_length_1464_cov_249.165376	KEEP	PASS_CORE	KEEP	50	14	1.76e-151	504.4	0.829	392	FAM002989
ERR2040952_clean_NODE_893_length_3592_cov_14.638208	DROP	AMBIGUOUS	DROP	2	0	1.14e-12	46.7	0.065	899	FAM013464
ERR2040952_clean_NODE_905_length_3584_cov_6.940695	KEEP	PASS_VIRAL	KEEP	30	0	3.48e-57	193.8	0.364	992	FAM012716
ERR2040953_clean_NODE_1045_length_3525_cov_6.914130	KEEP	PASS_VIRAL	KEEP	29	0	7.75e-67	225.7	0.352	933	FAM012716
ERR2040953_clean_NODE_11533_length_1203_cov_5.939655	KEEP	PASS_CORE_FAM	KEEP	11	0	2.95e-12	44.2	0.044	148	FAM015827
ERR2040953_clean_NODE_117_length_5844_cov_8.440269	KEEP	PASS_VIRAL	KEEP	17	0	2.20e-55	188.1	0.385	1541	FAM004890
ERR2040953_clean_NODE_1259_length_3346_cov_34.025734	REVIEW	AMBIGUOUS	no_viral_domain_but_blast	0	0				0	
ERR2040953_clean_NODE_13221_length_1073_cov_3.085437	KEEP	PASS_CORE_FAM	KEEP	0	0				0	
ERR2040953_clean_NODE_17_length_8221_cov_33.187210	DROP	REVIEW	DROP	0	0				0	
ERR2040953_clean_NODE_2033_length_2888_cov_12.598594	REVIEW	AMBIGUOUS	short_fragment	0	0				0	
ERR2040953_clean_NODE_33_length_7455_cov_23.851187	DROP	AMBIGUOUS	DROP	0	0				0	
ERR2040953_clean_NODE_38_length_7189_cov_18.964036	KEEP	PASS_VIRAL	KEEP	6	1	3.99e-65	220.2	0.202	2120	FAM013464
ERR2040953_clean_NODE_392_length_4449_cov_19.825465	DROP	AMBIGUOUS	DROP	3	1	2.92e-27	95.7	0.432	1148	FAM012606
ERR2040953_clean_NODE_4724_length_2089_cov_9.204301	DROP	AMBIGUOUS	DROP	4	0	3.68e-08	32.0	0.119	501	FAM022056
ERR2040953_clean_NODE_533_length_4181_cov_15.121073	KEEP	PASS_VIRAL	KEEP	47	9	3.02e-43	147.4	0.169	1120	FAM008177
ERR2040953_clean_NODE_5942_length_1870_cov_3.936508	KEEP	PASS_CORE_FAM	KEEP	56	10	5.46e-98	328.5	0.157	391	FAM015827
ERR2040953_clean_NODE_605_length_4060_cov_16.355489	DROP	AMBIGUOUS	DROP	0	0				0	
ERR2040953_clean_NODE_60_length_6691_cov_10.794374	REVIEW	AMBIGUOUS	no_viral_domain_but_blast	3	0	1.12e-07	30.5	0.405	2086	FAM012636
ERR2040953_clean_NODE_861_length_3710_cov_34.321244	DROP	AMBIGUOUS	DROP	6	0	1.05e-13	47.7	0.071	788	FAM001712
ERR2040953_clean_NODE_883_length_3687_cov_73.689901	KEEP	PASS_VIRAL	KEEP	4	2	2.53e-94	316.6	0.565	772	FAM004987
ERR2040954_clean_NODE_1057_length_2963_cov_14.840753	KEEP	PASS_VIRAL	KEEP	5	0	7.05e-12	44.6	0.365	542	FAM012657
ERR2040954_clean_NODE_1108_length_2919_cov_12.480529	KEEP	PASS_VIRAL	KEEP	27	0	6.70e-55	186.5	0.388	698	FAM004890
ERR2040954_clean_NODE_1985_length_2458_cov_33.561905	KEEP	PASS_VIRAL	KEEP	18	0	7.17e-07	28.9	0.378	521	FAM004782
ERR2040954_clean_NODE_2066_length_2429_cov_17.754401	DROP	REVIEW	DROP	0	0				0	
ERR2040954_clean_NODE_2416_length_2288_cov_30.341203	DROP	AMBIGUOUS	DROP	4	1	4.53e-08	31.7	0.111	514	FAM022056
ERR2040954_clean_NODE_2600_length_2231_cov_926.046161	KEEP	PASS_VIRAL	KEEP	6	5	7.93e-290	963.1	0.714	590	FAM004987
ERR2040954_clean_NODE_291_length_3920_cov_65.253289	DROP	AMBIGUOUS	DROP	0	0				0	
ERR2040954_clean_NODE_393_length_3723_cov_17.823370	DROP	AMBIGUOUS	DROP	0	0				0	
ERR2040954_clean_NODE_471_length_3580_cov_146.236924	KEEP	PASS_VIRAL	KEEP	5	1	1.93e-93	313.7	0.408	764	FAM004987
ERR2040954_clean_NODE_80_length_4910_cov_58.274296	DROP	AMBIGUOUS	DROP	0	0				0	
ERR2040954_clean_NODE_880_length_3110_cov_9.931203	DROP	REVIEW	DROP	0	0				0	
ERR2040955_clean_NODE_15229_length_773_cov_1.826027	KEEP	PASS_CORE_FAM	KEEP	0	0				0	
ERR2040955_clean_NODE_16624_length_713_cov_2.159701	KEEP	PASS_CORE_FAM	KEEP	0	0				0	
ERR2040955_clean_NODE_1803_length_2432_cov_5.376308	DROP	AMBIGUOUS	DROP	0	0				0	
ERR2040955_clean_NODE_1985_length_2367_cov_83.457401	KEEP	PASS_VIRAL	KEEP	8	7	2.80e-30	104.9	0.881	453	FAM001839
ERR2040955_clean_NODE_2085_length_2331_cov_10.418706	REVIEW	AMBIGUOUS	no_viral_domain_but_blast	1	1	4.14e-63	212.4	0.967	468	FAM007852
ERR2040955_clean_NODE_21639_length_556_cov_1.001949	KEEP	PASS_CORE	KEEP	0	0				0	
ERR2040955_clean_NODE_3011_length_2067_cov_18.155138	DROP	AMBIGUOUS	DROP	5	0	3.23e-08	32.2	0.111	495	FAM022056
ERR2040955_clean_NODE_3176_length_2031_cov_184.613682	DROP	AMBIGUOUS	DROP	0	0				0	
ERR2040955_clean_NODE_337_length_3635_cov_19.400334	DROP	AMBIGUOUS	DROP	0	0				0	
ERR2040955_clean_NODE_379_length_3548_cov_14.805136	DROP	AMBIGUOUS	DROP	8	0	1.38e-14	50.6	0.072	786	FAM001712
ERR2040955_clean_NODE_3_length_7194_cov_21.589708	KEEP	PASS_CORE_FAM	KEEP	47	21	0.00e+00	3502.2	0.955	1976	FAM015827
ERR2040955_clean_NODE_440_length_3439_cov_10.312721	KEEP	PASS_VIRAL	KEEP	18	1	5.61e-07	29.3	0.378	524	FAM004782
ERR2040955_clean_NODE_4607_length_1751_cov_9.762881	REVIEW	AMBIGUOUS	short_fragment	2	0	4.79e-12	44.7	0.065	441	FAM013464
ERR2040955_clean_NODE_534_length_3295_cov_18.076568	KEEP	PASS_VIRAL	KEEP	6	0	7.50e-26	90.2	0.329	935	FAM019894
ERR2040955_clean_NODE_596_length_3204_cov_9.576716	DROP	AMBIGUOUS	DROP	0	0				0	
ERR2040955_clean_NODE_6781_length_1454_cov_3.048193	KEEP	PASS_CORE_FAM	KEEP	0	0				0	
ERR2040956_clean_NODE_1073_length_3371_cov_15.262921	DROP	AMBIGUOUS	DROP	7	0	7.85e-15	51.4	0.072	775	FAM001712
ERR2040956_clean_NODE_1705_length_2939_cov_8.174724	REVIEW	AMBIGUOUS	no_viral_domain_but_blast	0	0				0	
ERR2040956_clean_NODE_1973_length_2809_cov_45.653651	KEEP	PASS_VIRAL	KEEP	4	0	8.41e-12	43.6	0.099	627	FAM004505
ERR2040956_clean_NODE_1999_length_2796_cov_14.401017	REVIEW	AMBIGUOUS	no_viral_domain_but_blast	0	0				0	
ERR2040956_clean_NODE_2033_length_2777_cov_5.708120	REVIEW	AMBIGUOUS	no_viral_domain_but_blast	0	0				0	
ERR2040956_clean_NODE_22_length_8299_cov_23.591328	KEEP	PASS_VIRAL	KEEP	53	22	9.86e-106	353.4	0.532	1115	FAM012845
ERR2040956_clean_NODE_2358_length_2647_cov_45.971582	DROP	AMBIGUOUS	DROP	5	0	3.31e-08	32.1	0.111	500	FAM022056
ERR2040956_clean_NODE_2469_length_2608_cov_6.952437	DROP	AMBIGUOUS	DROP	3	0	1.57e-22	79.5	0.402	561	FAM019831
ERR2040956_clean_NODE_25_length_8077_cov_53.647747	DROP	REVIEW	DROP	0	0				0	
ERR2040956_clean_NODE_28_length_7818_cov_17.156785	REVIEW	AMBIGUOUS	no_viral_domain_but_blast	3	0	2.03e-09	36.2	0.408	2198	FAM012636
ERR2040956_clean_NODE_3145_length_2375_cov_440.069039	KEEP	PASS_VIRAL	KEEP	6	5	1.23e-290	965.8	0.716	589	FAM004987
ERR2040956_clean_NODE_3496_length_2267_cov_10.584083	DROP	REVIEW	DROP	0	0				0	
ERR2040956_clean_NODE_3502_length_2266_cov_4.503824	REVIEW	AMBIGUOUS	short_fragment	10	1	2.12e-67	227.3	0.137	196	FAM003309
ERR2040956_clean_NODE_52_length_6859_cov_26.922388	DROP	AMBIGUOUS	DROP	0	0				0	
ERR2040956_clean_NODE_538_length_4061_cov_12.218019	KEEP	PASS_VIRAL	KEEP	27	0	6.31e-67	226.0	0.349	1071	FAM012716
ERR2040956_clean_NODE_575_length_3979_cov_9.763720	DROP	AMBIGUOUS	DROP	2	1	4.41e-56	190.0	0.708	901	FAM010955
ERR2040956_clean_NODE_6734_length_1667_cov_3.743842	KEEP	PASS_VIRAL	KEEP	0	0				0	
ERR2040956_clean_NODE_765_length_3700_cov_23.648893	DROP	AMBIGUOUS	DROP	0	0				0	
ERR2040956_clean_NODE_791_length_3669_cov_22.167402	DROP	AMBIGUOUS	DROP	2	0	3.79e-30	105.2	0.426	987	FAM012606
ERR2040956_clean_NODE_85_length_6300_cov_9.233818	KEEP	PASS_VIRAL	KEEP	6	1	2.25e-26	92.2	0.218	1916	FAM004768
ERR2040956_clean_NODE_933_length_3503_cov_17.191329	DROP	AMBIGUOUS	DROP	2	0	7.07e-13	47.4	0.065	834	FAM013464
ERR2040956_clean_NODE_985_length_3450_cov_4.795421	KEEP	PASS_VIRAL	KEEP	5	0	3.74e-28	97.8	0.334	975	FAM019894
ERR2040956_clean_NODE_98_length_6110_cov_44.713532	KEEP	PASS_VIRAL	KEEP	0	0				0	
ERR2040956_clean_NODE_99_length_6090_cov_18.592525	DROP	AMBIGUOUS	DROP	0	0				0	
ERR2040957_clean_NODE_15_length_4554_cov_35.143427	KEEP	PASS_VIRAL	KEEP	24	0	9.60e-18	62.9	0.045	193	FAM008177
ERR2040958_clean_NODE_1125_length_3353_cov_9.518731	KEEP	PASS_VIRAL	KEEP	24	0	2.95e-55	187.7	0.388	945	FAM004890
ERR2040958_clean_NODE_1570_length_3036_cov_19.113598	DROP	AMBIGUOUS	DROP	0	0				0	
ERR2040958_clean_NODE_2647_length_2528_cov_11.499799	DROP	AMBIGUOUS	DROP	5	1	3.52e-08	32.1	0.111	499	FAM022056
ERR2040958_clean_NODE_2938_length_2433_cov_25.333473	DROP	AMBIGUOUS	DROP	3	1	1.27e-136	456.2	0.925	606	FAM012645
ERR2040958_clean_NODE_309_length_4724_cov_20.847896	DROP	AMBIGUOUS	DROP	3	0	1.92e-19	69.3	0.275	1099	FAM019357
ERR2040958_clean_NODE_3429_length_2301_cov_11.441984	KEEP	PASS_VIRAL	KEEP	6	0	2.56e-17	62.6	0.123	585	FAM012657
ERR2040958_clean_NODE_345_length_4612_cov_12.995842	DROP	AMBIGUOUS	DROP	0	0				0	
ERR2040958_clean_NODE_4577_length_2021_cov_134.809403	DROP	AMBIGUOUS	DROP	0	0				0	
ERR2040958_clean_NODE_634_length_3974_cov_7.143984	DROP	AMBIGUOUS	DROP	2	1	5.09e-23	81.8	0.417	1110	FAM012606
ERR2040958_clean_NODE_933_length_3566_cov_18.388022	DROP	AMBIGUOUS	DROP	7	0	6.43e-15	51.7	0.071	693	FAM001712
ERR2040959_clean_NODE_1027_length_2551_cov_14.546252	KEEP	PASS_VIRAL	KEEP	14	0	1.09e-06	28.3	0.378	546	FAM004782
ERR2040959_clean_NODE_1404_length_2392_cov_12.312473	DROP	REVIEW	DROP	1	0	1.85e-03	16.5	0.159	596	FAM013573
ERR2040959_clean_NODE_1634_length_2309_cov_7.902913	KEEP	PASS_VIRAL	KEEP	0	0				0	
ERR2040959_clean_NODE_199_length_3422_cov_58.527967	REVIEW	AMBIGUOUS	no_viral_domain_but_blast	0	0				0	
ERR2040959_clean_NODE_542_length_2902_cov_28.991256	DROP	AMBIGUOUS	DROP	0	0				0	
ERR2040961_clean_NODE_1005_length_2971_cov_9.586407	REVIEW	AMBIGUOUS	no_viral_domain_but_blast	0	0				0	
ERR2040961_clean_NODE_1066_length_2929_cov_23.127859	KEEP	PASS_CORE	KEEP	46	14	8.39e-54	182.6	0.752	354	FAM006791
ERR2040961_clean_NODE_1090_length_2907_cov_23.611732	DROP	AMBIGUOUS	DROP	7	0	1.55e-14	50.5	0.071	639	FAM001712
ERR2040961_clean_NODE_117_length_4674_cov_31.034118	REVIEW	AMBIGUOUS	no_viral_domain_but_blast	0	0				0	
ERR2040961_clean_NODE_1428_length_2712_cov_11.330836	DROP	AMBIGUOUS	DROP	8	2	4.30e-40	137.3	0.464	699	FAM012472
ERR2040961_clean_NODE_2013_length_2442_cov_25.062943	DROP	AMBIGUOUS	DROP	5	0	2.21e-08	32.7	0.117	501	FAM022056
ERR2040961_clean_NODE_446_length_3586_cov_8.247248	DROP	REVIEW	DROP	0	0				0	
ERR2040961_clean_NODE_5353_length_1629_cov_4.286885	KEEP	PASS_CORE_FAM	KEEP	2	0	2.91e-54	183.4	0.066	160	FAM005832
ERR2040961_clean_NODE_561_length_3417_cov_12.155898	DROP	AMBIGUOUS	DROP	7	0	3.71e-16	55.8	0.071	731	FAM001712
ERR2040962_clean_NODE_10602_length_1108_cov_9.694836	DROP	REVIEW	DROP	0	0				0	
ERR2040962_clean_NODE_13463_length_817_cov_10.979328	DROP	REVIEW	DROP	5	0	9.33e-47	159.6	0.255	148	FAM001725
ERR2040962_clean_NODE_4176_length_2135_cov_39.363289	DROP	REVIEW	DROP	0	0				0	
ERR2040962_clean_NODE_5166_length_1922_cov_7.798297	DROP	AMBIGUOUS	DROP	1	1	1.36e-05	23.8	0.503	267	FAM018758
ERR2040962_clean_NODE_6030_length_1757_cov_9.699533	DROP	REVIEW	DROP	11	5	9.48e-71	238.7	0.872	432	FAM015161
ERR2040962_clean_NODE_6_length_9719_cov_22.665254	KEEP	PASS_VIRAL	KEEP	52	19	2.02e-107	359.0	0.470	1118	FAM012845
ERR2040962_clean_NODE_700_length_3858_cov_8.011796	KEEP	PASS_VIRAL	KEEP	4	1	2.86e-148	495.2	0.601	909	FAM013464
ERR2040962_clean_NODE_851_length_3636_cov_19.322850	DROP	AMBIGUOUS	DROP	0	0				0	
ERR2040963_clean_NODE_1347_length_3201_cov_8.830589	KEEP	PASS_VIRAL	KEEP	26	1	1.73e-15	56.5	0.257	644	FAM007630
ERR2040963_clean_NODE_2383_length_2647_cov_5.682028	KEEP	PASS_CORE_FAM	KEEP	17	2	1.29e-40	138.4	0.132	205	FAM006423
ERR2040963_clean_NODE_2435_length_2629_cov_11.114462	DROP	REVIEW	DROP	0	0				0	
ERR2040963_clean_NODE_273_length_4848_cov_15.241831	DROP	AMBIGUOUS	DROP	0	0				0	
ERR2040963_clean_NODE_28345_length_622_cov_1.747841	KEEP	PASS_CORE	KEEP	0	0				0	
ERR2040963_clean_NODE_3631_length_2284_cov_7.085230	DROP	REVIEW	DROP	0	0				0	
ERR2040963_clean_NODE_4839_length_2032_cov_23.492710	DROP	AMBIGUOUS	DROP	0	0				0	
ERR2040963_clean_NODE_832_length_3669_cov_17.463045	DROP	REVIEW	DROP	0	0				0	
ERR2040964_clean_NODE_1308_length_2564_cov_85.122174	DROP	AMBIGUOUS	DROP	5	0	3.33e-08	32.1	0.113	498	FAM022056
ERR2040964_clean_NODE_1640_length_2398_cov_15.591932	DROP	REVIEW	DROP	0	0				0	
ERR2040964_clean_NODE_267_length_3629_cov_18.258784	DROP	REVIEW	DROP	0	0				0	
ERR2040964_clean_NODE_39_length_4905_cov_15.993213	REVIEW	REVIEW	no_viral_domain_but_blast	0	0				0	
ERR2040964_clean_NODE_3_length_7450_cov_25.371270	REVIEW	REVIEW	no_viral_domain_but_blast	15	6	3.75e-180	601.0	0.401	2373	FAM007197
ERR2040964_clean_NODE_566_length_3157_cov_5.185292	REVIEW	REVIEW	no_viral_domain_but_blast	0	0				0	
ERR2040964_clean_NODE_5_length_7276_cov_15.595465	KEEP	PASS_VIRAL	KEEP	0	0				0	
ERR2040964_clean_NODE_819_length_2920_cov_40.545012	KEEP	PASS_VIRAL	KEEP	5	1	9.11e-81	271.1	0.912	671	FAM011052
ERR2040965_clean_NODE_245_length_3526_cov_10.723801	KEEP	PASS_CORE_FAM	KEEP	45	14	0.00e+00	1425.3	0.399	820	FAM015827
ERR2040965_clean_NODE_7852_length_1019_cov_34.696721	DROP	REVIEW	DROP	0	0				0	
ERR2040966_clean_NODE_1026_length_2647_cov_12.628648	KEEP	PASS_VIRAL	KEEP	18	0	5.89e-07	29.2	0.378	523	FAM004782
ERR2040966_clean_NODE_1262_length_2494_cov_55.577315	DROP	REVIEW	DROP	0	0				0	
ERR2040966_clean_NODE_1484_length_2382_cov_5.356563	KEEP	PASS_VIRAL	KEEP	0	0				0	
ERR2040966_clean_NODE_20_length_5443_cov_652.183148	KEEP	PASS_VIRAL	KEEP	20	12	5.33e-144	481.3	0.602	1625	FAM013787
ERR2040966_clean_NODE_97_length_4097_cov_11.593241	DROP	AMBIGUOUS	DROP	0	0				0	
ERR2040966_clean_NODE_994_length_2673_cov_15.245627	DROP	REVIEW	DROP	0	0				0	
ERR2040967_clean_NODE_106_length_6269_cov_15.890138	DROP	AMBIGUOUS	DROP	3	0	1.85e-04	20.3	0.214	1718	FAM007784
ERR2040967_clean_NODE_1322_length_3260_cov_16.321728	KEEP	PASS_VIRAL	KEEP	19	2	2.11e-32	111.4	0.156	704	FAM008177
ERR2040967_clean_NODE_13813_length_1085_cov_3.433781	DROP	REVIEW	DROP	0	0				0	
ERR2040967_clean_NODE_13961_length_1076_cov_4.039690	KEEP	PASS_VIRAL	KEEP	59	4	3.07e-89	300.0	0.260	270	FAM006637
ERR2040967_clean_NODE_14154_length_1064_cov_2.915769	KEEP	PASS_VIRAL	KEEP	0	0				0	
ERR2040967_clean_NODE_1798_length_2958_cov_29.541338	DROP	AMBIGUOUS	DROP	0	0				0	
ERR2040967_clean_NODE_1833_length_2936_cov_20.876599	KEEP	PASS_VIRAL	KEEP	6	0	3.73e-18	64.8	0.367	629	FAM019894
ERR2040967_clean_NODE_1958_length_2876_cov_25.233322	DROP	REVIEW	DROP	0	0				0	
ERR2040967_clean_NODE_2176_length_2777_cov_34.790417	DROP	AMBIGUOUS	DROP	6	0	3.07e-15	52.8	0.071	693	FAM001712
ERR2040967_clean_NODE_2438_length_2664_cov_8.933613	KEEP	PASS_VIRAL	KEEP	40	4	6.48e-27	94.2	0.313	645	FAM019915
ERR2040967_clean_NODE_3961_length_2214_cov_4.928144	REVIEW	REVIEW	no_viral_domain_but_blast	5	1	1.49e-258	859.4	0.902	598	FAM023154
ERR2040967_clean_NODE_4575_length_2087_cov_16.341487	KEEP	PASS_VIRAL	KEEP	52	3	1.22e-66	225.1	0.350	473	FAM003355
ERR2040967_clean_NODE_5674_length_1888_cov_18.704607	REVIEW	REVIEW	no_viral_domain_but_blast	32	13	9.60e-212	704.3	0.874	547	FAM001725
ERR2040967_clean_NODE_5859_length_1856_cov_12.127413	REVIEW	REVIEW	no_viral_domain_but_blast	11	5	7.62e-173	575.7	0.891	487	FAM006687
ERR2040967_clean_NODE_69_length_6804_cov_39.968052	KEEP	PASS_CORE_FAM	KEEP	39	19	1.26e-282	940.6	0.499	1925	FAM005044
ERR2040968_clean_NODE_1093_length_3216_cov_6.332808	KEEP	PASS_VIRAL	KEEP	0	0				0	
ERR2040968_clean_NODE_10_length_7345_cov_20.264174	KEEP	PASS_VIRAL	KEEP	52	19	7.02e-107	357.2	0.475	1117	FAM012845
ERR2040968_clean_NODE_1347_length_3035_cov_67.536096	REVIEW	AMBIGUOUS	short_fragment	0	0				0	
ERR2040968_clean_NODE_1768_length_2789_cov_13.175164	REVIEW	AMBIGUOUS	no_viral_domain_but_blast	1	0	1.53e-29	102.6	0.131	491	FAM012837
ERR2040968_clean_NODE_2009_length_2668_cov_9.436190	DROP	AMBIGUOUS	DROP	2	0	3.25e-05	22.4	0.346	811	FAM000700
ERR2040968_clean_NODE_2402_length_2509_cov_20.231549	DROP	AMBIGUOUS	DROP	0	0				0	
ERR2040968_clean_NODE_2433_length_2500_cov_34.698413	DROP	AMBIGUOUS	DROP	0	0				0	
ERR2040968_clean_NODE_24_length_6294_cov_10.170853	DROP	AMBIGUOUS	DROP	2	2	7.01e-29	101.0	0.667	769	FAM012606
ERR2040968_clean_NODE_2776_length_2385_cov_31.046114	DROP	AMBIGUOUS	DROP	4	0	3.41e-08	32.1	0.119	498	FAM022056
ERR2040968_clean_NODE_284_length_4414_cov_24.056509	KEEP	PASS_CORE	KEEP	37	11	6.04e-185	616.9	0.659	974	FAM003304
ERR2040968_clean_NODE_453_length_4045_cov_26.226637	DROP	AMBIGUOUS	DROP	0	0				0	
ERR2040968_clean_NODE_541_length_3861_cov_11.647459	DROP	AMBIGUOUS	DROP	0	0				0	
ERR2040968_clean_NODE_761_length_3565_cov_43.729699	DROP	AMBIGUOUS	DROP	7	0	3.48e-17	59.3	0.086	774	FAM001712
ERR2040969_clean_NODE_1068_length_3376_cov_46.225923	DROP	AMBIGUOUS	DROP	1	0	6.96e-15	54.2	0.343	685	FAM007966
ERR2040969_clean_NODE_1145_length_3315_cov_30.737469	KEEP	PASS_VIRAL	KEEP	45	5	1.33e-28	99.6	0.428	709	FAM012364
ERR2040969_clean_NODE_2228_length_2697_cov_10.289751	DROP	AMBIGUOUS	DROP	5	0	3.20e-08	32.2	0.113	555	FAM022056
ERR2040969_clean_NODE_23793_length_531_cov_5.434426	DROP	REVIEW	DROP	0	0				0	
ERR2040969_clean_NODE_3397_length_2304_cov_9.402919	KEEP	PASS_VIRAL	KEEP	6	0	8.91e-24	83.3	0.299	588	FAM019894
ERR2040969_clean_NODE_3502_length_2279_cov_6.923971	DROP	AMBIGUOUS	DROP	30	0	1.83e-24	85.4	0.236	676	FAM012574
ERR2040969_clean_NODE_3754_length_2214_cov_18.193459	DROP	AMBIGUOUS	DROP	3	1	1.45e-23	82.8	0.717	526	FAM004846
ERR2040969_clean_NODE_439_length_4224_cov_16.824444	DROP	AMBIGUOUS	DROP	7	0	1.91e-15	53.5	0.071	843	FAM001712
ERR2040969_clean_NODE_4656_length_2015_cov_63.340264	DROP	AMBIGUOUS	DROP	0	0				0	
ERR2040969_clean_NODE_52_length_6254_cov_27.166479	KEEP	PASS_VIRAL	KEEP	6	0	1.55e-13	49.6	0.065	752	FAM013464
ERR2040969_clean_NODE_601_length_3927_cov_28.123069	KEEP	PASS_VIRAL	KEEP	17	0	5.87e-07	29.2	0.378	529	FAM004782
ERR2040969_clean_NODE_671_length_3820_cov_9.031771	DROP	AMBIGUOUS	DROP	3	1	1.46e-22	79.7	0.484	456	FAM007886
ERR2040969_clean_NODE_977_length_3472_cov_30.346457	DROP	AMBIGUOUS	DROP	3	2	1.20e-72	244.0	0.893	244	FAM012764
ERR2040970_clean_NODE_1047_length_2438_cov_13.838831	DROP	AMBIGUOUS	DROP	0	0				0	
ERR2040970_clean_NODE_109_length_4065_cov_41.735952	DROP	AMBIGUOUS	DROP	0	0				0	
ERR2040970_clean_NODE_117_length_4039_cov_8.917668	DROP	AMBIGUOUS	DROP	0	0				0	
ERR2040970_clean_NODE_1310_length_2271_cov_7.548923	KEEP	PASS_VIRAL	KEEP	0	0				0	
ERR2040970_clean_NODE_1439_length_2217_cov_4.823367	REVIEW	REVIEW	no_viral_domain_but_blast	0	0				0	
ERR2040970_clean_NODE_14672_length_639_cov_34.399329	KEEP	PASS_CORE	KEEP	0	0				0	
ERR2040970_clean_NODE_159_length_3825_cov_6.710735	DROP	REVIEW	DROP	0	0				0	
ERR2040970_clean_NODE_1735_length_2082_cov_7.167729	KEEP	PASS_VIRAL	KEEP	25	0	8.58e-54	182.9	0.388	527	FAM004890
ERR2040970_clean_NODE_1839_length_2046_cov_6.211183	KEEP	PASS_CORE	KEEP	0	0				0	
ERR2040970_clean_NODE_1938_length_2005_cov_76.452599	DROP	AMBIGUOUS	DROP	5	0	4.07e-07	28.5	0.113	501	FAM022056
ERR2040970_clean_NODE_2296_length_1894_cov_29.291734	KEEP	PASS_VIRAL	KEEP	0	0				0	
ERR2040970_clean_NODE_52_length_4611_cov_12.615806	KEEP	PASS_VIRAL	KEEP	0	0				0	
ERR2040971_clean_NODE_1298_length_2881_cov_5.279070	DROP	AMBIGUOUS	DROP	0	0				0	
ERR2040971_clean_NODE_1314_length_2874_cov_13.332391	KEEP	PASS_VIRAL	KEEP	40	13	1.14e-44	152.1	0.117	620	FAM008177
ERR2040971_clean_NODE_1400_length_2818_cov_10.174414	DROP	REVIEW	DROP	0	0				0	
ERR2040971_clean_NODE_1459_length_2792_cov_9.650418	KEEP	PASS_VIRAL	KEEP	2	0	1.54e-12	46.1	0.073	732	FAM010784
ERR2040971_clean_NODE_1534_length_2753_cov_7.914022	KEEP	PASS_VIRAL	KEEP	30	0	9.59e-59	199.2	0.391	797	FAM004890
ERR2040971_clean_NODE_1576_length_2727_cov_19.385991	DROP	AMBIGUOUS	DROP	4	0	7.94e-10	37.5	0.113	541	FAM022056
ERR2040971_clean_NODE_182_length_4540_cov_26.349122	DROP	AMBIGUOUS	DROP	0	0				0	
ERR2040971_clean_NODE_1855_length_2599_cov_5.833333	DROP	REVIEW	DROP	7	2	1.79e-68	231.1	0.846	420	FAM025104
ERR2040971_clean_NODE_2933_length_2255_cov_8.287975	REVIEW	AMBIGUOUS	short_fragment	7	0	2.63e-15	53.0	0.071	465	FAM001712
ERR2040971_clean_NODE_2960_length_2249_cov_7.166818	DROP	AMBIGUOUS	DROP	6	0	2.14e-04	19.3	0.028	476	FAM004636
ERR2040971_clean_NODE_2_length_10040_cov_17.134440	REVIEW	REVIEW	no_viral_domain_but_blast	12	5	1.12e-252	841.6	0.579	3250	FAM007197
ERR2040971_clean_NODE_33601_length_519_cov_2.516807	REVIEW	REVIEW	short_fragment	0	0				0	
ERR2040971_clean_NODE_4006_length_2007_cov_4.742872	DROP	REVIEW	DROP	0	0				0	
ERR2040971_clean_NODE_4840_length_1860_cov_43.443038	DROP	AMBIGUOUS	DROP	4	1	9.17e-14	51.1	0.536	500	FAM017287
ERR2040971_clean_NODE_500_length_3655_cov_29.801495	REVIEW	AMBIGUOUS	no_viral_domain_but_blast	0	0				0	
ERR2040971_clean_NODE_795_length_3277_cov_13.301793	DROP	AMBIGUOUS	DROP	2	0	1.29e-09	35.6	0.064	907	FAM010548
ERR2040972_clean_NODE_1210_length_3062_cov_12.068897	DROP	REVIEW	DROP	0	0				0	
ERR2040972_clean_NODE_1357_length_2969_cov_20.690362	REVIEW	AMBIGUOUS	short_fragment	0	0				0	
ERR2040972_clean_NODE_1569_length_2868_cov_5.498407	KEEP	PASS_VIRAL	KEEP	18	0	3.37e-59	200.7	0.383	536	FAM004890
ERR2040972_clean_NODE_187_length_4585_cov_20.120872	DROP	REVIEW	DROP	1	0	4.55e-03	17.0	0.271	984	FAM005153
ERR2040972_clean_NODE_2706_length_2444_cov_8.433986	REVIEW	REVIEW	short_fragment	0	0				0	
ERR2040972_clean_NODE_2810_length_2413_cov_11.988608	DROP	AMBIGUOUS	DROP	0	0				0	
ERR2040972_clean_NODE_310_length_4173_cov_17.306780	KEEP	PASS_VIRAL	KEEP	2	1	1.90e-25	88.9	0.537	1130	FAM012718
ERR2040972_clean_NODE_350_length_4049_cov_18.257863	KEEP	PASS_VIRAL	KEEP	4	3	2.04e-85	286.4	0.942	1224	FAM011052
ERR2040972_clean_NODE_4273_length_2078_cov_8.116462	DROP	AMBIGUOUS	DROP	1	0	6.97e-03	14.8	0.107	149	FAM005165
ERR2040972_clean_NODE_658_length_3558_cov_27.539403	KEEP	PASS_VIRAL	KEEP	0	0				0	
ERR2040972_clean_NODE_706_length_3491_cov_64.188805	KEEP	PASS_VIRAL	KEEP	5	1	1.69e-94	317.2	0.407	776	FAM004987
ERR2040973_clean_NODE_105_length_4553_cov_7.967184	DROP	REVIEW	DROP	24	3	6.16e-102	342.0	0.318	602	FAM008902
ERR2040973_clean_NODE_11491_length_1010_cov_3.046536	REVIEW	REVIEW	short_fragment	16	2	5.45e-47	160.0	0.115	147	FAM003304
ERR2040973_clean_NODE_1412_length_2761_cov_5.498896	KEEP	PASS_VIRAL	KEEP	24	2	1.46e-82	277.8	0.203	273	FAM003304
ERR2040973_clean_NODE_2756_length_2223_cov_110.523853	DROP	AMBIGUOUS	DROP	0	0				0	
ERR2040973_clean_NODE_2893_length_2185_cov_2.541550	DROP	REVIEW	DROP	4	0	2.45e-08	32.0	0.097	319	FAM003304
ERR2040973_clean_NODE_298_length_3862_cov_6.171773	KEEP	PASS_VIRAL	KEEP	15	0	1.66e-28	98.9	0.235	904	FAM008037
ERR2040973_clean_NODE_454_length_3586_cov_24.274908	REVIEW	AMBIGUOUS	no_viral_domain_but_blast	0	0				0	
ERR2040973_clean_NODE_467_length_3566_cov_11.401930	DROP	AMBIGUOUS	DROP	2	1	2.96e-26	92.4	0.429	916	FAM012606
ERR2040973_clean_NODE_511_length_3506_cov_28.691308	KEEP	PASS_VIRAL	KEEP	5	1	5.79e-94	315.4	0.407	794	FAM004987
ERR2040974_clean_NODE_1229_length_2786_cov_4.796573	REVIEW	AMBIGUOUS	no_viral_domain_but_blast	0	0				0	
ERR2040974_clean_NODE_1800_length_2508_cov_10.642596	DROP	REVIEW	DROP	0	0				0	
ERR2040974_clean_NODE_186_length_4037_cov_13.035553	DROP	AMBIGUOUS	DROP	6	0	2.32e-14	49.9	0.071	908	FAM001712
ERR2040974_clean_NODE_413_length_3518_cov_10.756547	KEEP	PASS_VIRAL	KEEP	19	0	5.67e-07	29.2	0.378	520	FAM004782
ERR2040974_clean_NODE_424_length_3502_cov_12.532813	DROP	AMBIGUOUS	DROP	7	0	2.78e-16	56.3	0.072	827	FAM001712
ERR2040974_clean_NODE_660_length_3211_cov_9.802399	REVIEW	AMBIGUOUS	no_viral_domain_but_blast	0	0				0	
ERR2040975_clean_NODE_1232_length_3054_cov_60.583527	KEEP	PASS_VIRAL	KEEP	6	2	8.29e-96	321.5	0.577	764	FAM004987
ERR2040975_clean_NODE_1472_length_2922_cov_20.613060	DROP	AMBIGUOUS	DROP	0	0				0	
ERR2040975_clean_NODE_1727_length_2811_cov_9.654263	DROP	AMBIGUOUS	DROP	8	0	2.22e-14	50.0	0.073	685	FAM003565
ERR2040975_clean_NODE_3407_length_2235_cov_25.719891	DROP	AMBIGUOUS	DROP	0	0				0	
ERR2040975_clean_NODE_3498_length_2216_cov_17.276116	DROP	AMBIGUOUS	DROP	5	0	4.73e-08	31.6	0.123	504	FAM022056
ERR2040975_clean_NODE_35_length_5974_cov_9.705783	REVIEW	AMBIGUOUS	no_viral_domain_but_blast	3	0	6.64e-07	28.0	0.408	1790	FAM012636
ERR2040975_clean_NODE_3773_length_2153_cov_329.569668	DROP	AMBIGUOUS	DROP	0	0				0	
ERR2040975_clean_NODE_3828_length_2139_cov_21.451813	REVIEW	AMBIGUOUS	short_fragment	0	0				0	
ERR2040975_clean_NODE_5759_length_1771_cov_7.817130	KEEP	PASS_VIRAL	KEEP	7	0	8.52e-17	60.3	0.351	423	FAM019894
ERR2040975_clean_NODE_642_length_3610_cov_8.552285	DROP	AMBIGUOUS	DROP	8	0	1.70e-14	50.3	0.071	784	FAM001712
ERR2040975_clean_NODE_961_length_3285_cov_76.495065	KEEP	PASS_VIRAL	KEEP	5	2	4.85e-101	338.8	0.593	780	FAM004987
ERR2040975_clean_NODE_974_length_3272_cov_20.071539	KEEP	PASS_VIRAL	KEEP	18	0	5.74e-07	29.2	0.378	533	FAM004782
ERR2040976_clean_NODE_2_length_4453_cov_26.067225	REVIEW	AMBIGUOUS	no_viral_domain_but_blast	0	0				0	
ERR2040978_clean_NODE_120_length_6808_cov_12.799113	DROP	REVIEW	DROP	0	0				0	
ERR2040978_clean_NODE_1339_length_3813_cov_4.474801	KEEP	PASS_VIRAL	KEEP	2	0	2.11e-03	16.7	0.193	1139	FAM010892
ERR2040978_clean_NODE_17003_length_578_cov_39.104673	REVIEW	REVIEW	short_fragment	2	0	8.75e-05	20.2	0.022	90	FAM003304
ERR2040978_clean_NODE_2047_length_3272_cov_9.242180	DROP	REVIEW	DROP	33	2	1.15e-80	271.5	0.200	309	FAM003304
ERR2040978_clean_NODE_212_length_6081_cov_21.597714	KEEP	PASS_VIRAL	KEEP	42	8	4.16e-32	110.7	0.191	290	FAM003304
ERR2040978_clean_NODE_271_length_5794_cov_12.788037	KEEP	PASS_VIRAL	KEEP	30	2	8.52e-29	100.0	0.173	114	FAM000970
ERR2040978_clean_NODE_3240_length_2667_cov_6.965701	KEEP	PASS_CORE	KEEP	33	1	9.83e-31	105.8	0.063	130	FAM025821
ERR2040978_clean_NODE_3407_length_2599_cov_13.851330	DROP	REVIEW	DROP	0	0				0	
ERR2040978_clean_NODE_3443_length_2583_cov_18.594488	DROP	REVIEW	DROP	0	0				0	
ERR2040978_clean_NODE_3480_length_2570_cov_15.753067	DROP	REVIEW	DROP	0	0				0	
ERR2040979_clean_NODE_103_length_7088_cov_18.781831	KEEP	PASS_VIRAL	KEEP	6	1	2.68e-64	217.5	0.205	2127	FAM013464
ERR2040979_clean_NODE_2246_length_2993_cov_127.789831	DROP	AMBIGUOUS	DROP	2	2	4.86e-19	67.7	0.968	188	FAM004959
ERR2040979_clean_NODE_4347_length_2210_cov_366.007845	DROP	AMBIGUOUS	DROP	0	0				0	
ERR2040979_clean_NODE_476_length_4942_cov_14.250868	DROP	AMBIGUOUS	DROP	0	0				0	
ERR2040979_clean_NODE_5394_length_1967_cov_2.876819	DROP	REVIEW	DROP	0	0				0	
ERR2040979_clean_NODE_8720_length_1469_cov_2.533661	DROP	AMBIGUOUS	DROP	0	0				0	
ERR2040979_clean_NODE_98_length_7168_cov_3.886737	KEEP	PASS_VIRAL	KEEP	50	13	1.36e-125	420.3	0.377	930	FAM003304
ERR2040980_clean_NODE_1137_length_4026_cov_29.396686	REVIEW	AMBIGUOUS	no_viral_domain_but_blast	0	0				0	
ERR2040980_clean_NODE_1158_length_4012_cov_4.806752	KEEP	PASS_VIRAL	KEEP	24	6	2.91e-77	260.3	0.334	432	FAM003304
ERR2040980_clean_NODE_12004_length_1596_cov_6.295557	KEEP	PASS_CORE	KEEP	79	6	2.13e-172	575.3	0.377	416	FAM006221
ERR2040980_clean_NODE_12203_length_1580_cov_6.455433	KEEP	PASS_VIRAL	KEEP	0	0				0	
ERR2040980_clean_NODE_1354_length_3856_cov_5.160504	DROP	REVIEW	DROP	13	0	6.93e-21	73.5	0.060	75	FAM003304
ERR2040980_clean_NODE_1387_length_3834_cov_12.458190	KEEP	PASS_CORE	KEEP	38	5	4.67e-106	355.6	0.259	324	FAM003304
ERR2040980_clean_NODE_1534_length_3732_cov_10.762537	KEEP	PASS_VIRAL	KEEP	20	0	6.08e-55	186.7	0.397	946	FAM004890
ERR2040980_clean_NODE_1766_length_3589_cov_4.832487	KEEP	PASS_CORE	KEEP	47	7	3.26e-82	276.7	0.239	241	FAM008902
ERR2040980_clean_NODE_18560_length_1144_cov_29.884650	KEEP	PASS_CORE	KEEP	18	2	2.25e-51	174.5	0.129	184	FAM003304
ERR2040980_clean_NODE_20129_length_1067_cov_8.070312	REVIEW	REVIEW	short_fragment	0	0				0	
ERR2040980_clean_NODE_209_length_5775_cov_9.009944	KEEP	PASS_VIRAL	KEEP	5	0	4.05e-28	98.2	0.169	1401	FAM012657
ERR2040980_clean_NODE_2770_length_3122_cov_9.381293	REVIEW	REVIEW	short_fragment	0	0				0	
ERR2040980_clean_NODE_33270_length_653_cov_3.480328	REVIEW	REVIEW	short_fragment	0	0				0	
ERR2040980_clean_NODE_3355_length_2917_cov_12.834029	KEEP	PASS_VIRAL	KEEP	3	0	6.74e-78	262.4	0.236	608	FAM013464
ERR2040980_clean_NODE_42028_length_513_cov_1.459574	REVIEW	REVIEW	no_viral_domain_but_blast	0	0				0	
ERR2040980_clean_NODE_4585_length_2600_cov_5.835354	DROP	REVIEW	DROP	0	0				0	
ERR2040980_clean_NODE_5748_length_2347_cov_47.148003	DROP	AMBIGUOUS	DROP	0	0				0	
ERR2040980_clean_NODE_6388_length_2245_cov_3.044051	KEEP	PASS_CORE_FAM	KEEP	21	0	1.02e-55	189.0	0.230	597	FAM008902
ERR2040980_clean_NODE_8584_length_1934_cov_26.981491	DROP	REVIEW	DROP	15	0	3.22e-40	138.0	0.086	130	FAM003304
ERR2040981_clean_NODE_1151_length_3779_cov_69.885707	DROP	REVIEW	DROP	0	0				0	
ERR2040981_clean_NODE_1228_length_3699_cov_145.637035	REVIEW	AMBIGUOUS	no_viral_domain_but_blast	0	0				0	
ERR2040981_clean_NODE_1426_length_3509_cov_44.689556	DROP	AMBIGUOUS	DROP	0	0				0	
ERR2040981_clean_NODE_1516_length_3425_cov_13.410408	REVIEW	AMBIGUOUS	no_viral_domain_but_blast	3	1	4.44e-10	39.0	0.468	916	FAM022898
ERR2040981_clean_NODE_1576_length_3366_cov_38.204634	KEEP	PASS_VIRAL	KEEP	9	1	1.06e-90	303.8	0.930	615	FAM011052
ERR2040981_clean_NODE_159_length_6346_cov_15.643186	REVIEW	AMBIGUOUS	no_viral_domain_but_blast	0	0				0	
ERR2040981_clean_NODE_495_length_4832_cov_18.820213	KEEP	PASS_VIRAL	KEEP	6	0	3.11e-23	82.1	0.171	1262	FAM012657
ERR2040981_clean_NODE_878_length_4106_cov_25.316023	DROP	AMBIGUOUS	DROP	2	1	9.42e-06	25.3	0.431	1087	FAM012804
ERR2040982_clean_NODE_15038_length_894_cov_6.035253	REVIEW	REVIEW	no_viral_domain_but_blast	0	0				0	
ERR2040982_clean_NODE_179_length_5209_cov_6.035811	REVIEW	REVIEW	no_viral_domain_but_blast	0	0				0	
ERR2040982_clean_NODE_190_length_5120_cov_11.854245	KEEP	PASS_VIRAL	KEEP	6	0	5.86e-26	90.9	0.207	1562	FAM004768
ERR2040982_clean_NODE_3087_length_2353_cov_86.677489	DROP	AMBIGUOUS	DROP	0	0				0	
ERR2040982_clean_NODE_314_length_4603_cov_10.508553	DROP	AMBIGUOUS	DROP	0	0				0	
ERR2040982_clean_NODE_3_length_12169_cov_18.885948	DROP	AMBIGUOUS	DROP	0	0				0	
ERR2040982_clean_NODE_5401_length_1814_cov_50.869001	DROP	REVIEW	DROP	11	6	2.51e-194	646.6	0.894	477	FAM006687
ERR2040982_clean_NODE_5_length_9340_cov_175.869420_self_circular	REVIEW	REVIEW	no_viral_domain_but_blast	10	4	3.87e-146	488.2	0.270	2003	FAM007197
ERR2040982_clean_NODE_631_length_3953_cov_11.079540	REVIEW	AMBIGUOUS	no_viral_domain_but_blast	0	0				0	
ERR2040982_clean_NODE_6_length_9120_cov_16.574309	KEEP	PASS_VIRAL	KEEP	10	6	4.25e-261	869.6	0.582	2961	FAM007197
ERR2040982_clean_NODE_8_length_8875_cov_7.032269	DROP	REVIEW	DROP	11	7	9.54e-271	901.6	0.570	2882	FAM007197
ERR2040982_clean_NODE_970_length_3509_cov_12.073572	REVIEW	AMBIGUOUS	no_viral_domain_but_blast	0	0				0	
ERR2040983_clean_NODE_1084_length_3239_cov_6.576658	KEEP	PASS_VIRAL	KEEP	20	0	5.17e-07	29.4	0.378	542	FAM004782
ERR2040983_clean_NODE_1601_length_2924_cov_11.571677	DROP	AMBIGUOUS	DROP	0	0				0	
ERR2040983_clean_NODE_1911_length_2778_cov_10.005850	KEEP	PASS_VIRAL	KEEP	3	0	6.02e-09	34.2	0.108	521	FAM004987
ERR2040983_clean_NODE_2785_length_2486_cov_17.417110	REVIEW	AMBIGUOUS	no_viral_domain_but_blast	0	0				0	
ERR2040983_clean_NODE_28_length_5962_cov_14.520189	DROP	AMBIGUOUS	DROP	0	0				0	
ERR2040983_clean_NODE_309_length_4188_cov_21.942581	KEEP	PASS_VIRAL	KEEP	18	0	9.41e-53	179.4	0.398	804	FAM004890
ERR2040983_clean_NODE_3136_length_2398_cov_127.549045	KEEP	PASS_VIRAL	KEEP	0	0				0	
ERR2040983_clean_NODE_3905_length_2235_cov_60.042427	DROP	AMBIGUOUS	DROP	0	0				0	
ERR2040983_clean_NODE_397_length_3968_cov_6.864459	KEEP	PASS_CORE	KEEP	134	6	3.42e-39	134.4	0.414	387	FAM025312
ERR2040983_clean_NODE_628_length_3636_cov_4.096298	KEEP	PASS_VIRAL	KEEP	42	0	1.16e-32	113.2	0.433	748	FAM019915
ERR2040983_clean_NODE_753_length_3492_cov_7.998840	DROP	AMBIGUOUS	DROP	11	2	3.73e-132	440.4	0.691	957	FAM012845
ERR2040983_clean_NODE_926_length_3363_cov_8.229518	DROP	REVIEW	DROP	2	0	2.12e-05	23.4	0.085	662	FAM022327
ERR2040983_clean_NODE_954_length_3340_cov_26.365180	REVIEW	AMBIGUOUS	no_viral_domain_but_blast	0	0				0	
ERR2040984_clean_NODE_100_length_6162_cov_12.869913	DROP	AMBIGUOUS	DROP	0	0				0	
ERR2040984_clean_NODE_1168_length_3858_cov_17.603932	REVIEW	AMBIGUOUS	no_viral_domain_but_blast	0	0				0	
ERR2040984_clean_NODE_116_length_6040_cov_4.482908	KEEP	PASS_CORE_FAM	KEEP	40	17	0.00e+00	2312.6	0.770	1611	FAM015827
ERR2040984_clean_NODE_14324_length_1412_cov_2.937911	REVIEW	PASS_VIRAL	short_fragment	8	0	1.11e-176	589.2	0.119	400	FAM000106
ERR2040984_clean_NODE_1974_length_3379_cov_9.660372	KEEP	PASS_VIRAL	KEEP	10	0	9.40e-21	71.1	0.084	995	FAM001712
ERR2040984_clean_NODE_2085_length_3329_cov_9.468046	REVIEW	AMBIGUOUS	no_viral_domain_but_blast	0	0				0	
ERR2040984_clean_NODE_2453_length_3156_cov_4.328301	DROP	AMBIGUOUS	DROP	10	0	9.32e-20	67.8	0.031	686	FAM003565
ERR2040984_clean_NODE_306_length_5052_cov_14.714913	DROP	AMBIGUOUS	DROP	3	0	5.51e-29	101.0	0.446	1488	FAM030886
ERR2040984_clean_NODE_3367_length_2852_cov_4.979708	DROP	AMBIGUOUS	DROP	8	0	4.20e-18	65.1	0.225	632	FAM007630
ERR2040984_clean_NODE_38054_length_591_cov_2.125912	KEEP	PASS_CORE	KEEP	0	0				0	
ERR2040984_clean_NODE_4343_length_2605_cov_12.603044	KEEP	PASS_CORE	KEEP	4	0	5.61e-59	199.7	0.365	766	FAM004987
ERR2040984_clean_NODE_5804_length_2327_cov_4.398862	KEEP	PASS_CORE	KEEP	0	0				0	
ERR2040984_clean_NODE_5874_length_2317_cov_7.864556	REVIEW	AMBIGUOUS	no_viral_domain_but_blast	0	0				0	
ERR2040984_clean_NODE_617_length_4419_cov_10.507084	KEEP	PASS_VIRAL	KEEP	0	0				0	
ERR2040984_clean_NODE_628_length_4399_cov_21.657484	KEEP	PASS_VIRAL	KEEP	21	0	4.60e-07	29.5	0.378	540	FAM004782
ERR2040984_clean_NODE_6831_length_2166_cov_84.525671	DROP	AMBIGUOUS	DROP	0	0				0	
ERR2040984_clean_NODE_6838_length_2166_cov_4.877061	KEEP	PASS_VIRAL	KEEP	19	0	6.62e-64	216.3	0.395	627	FAM004890
ERR2040984_clean_NODE_783_length_4210_cov_4.937845	DROP	REVIEW	DROP	0	0				0	
ERR2040984_clean_NODE_897_length_4096_cov_5.382679	DROP	AMBIGUOUS	DROP	1	0	2.66e-03	16.0	0.113	114	FAM002559
ERR2040985_clean_NODE_22530_length_684_cov_37.146646	KEEP	PASS_CORE	KEEP	0	0				0	
ERR2040985_clean_NODE_498_length_2913_cov_46.787805	DROP	AMBIGUOUS	DROP	0	0				0	
ERR2040986_clean_NODE_1138_length_2936_cov_14.259938	DROP	AMBIGUOUS	DROP	12	2	6.01e-18	64.2	0.685	600	FAM004842
ERR2040986_clean_NODE_1208_length_2895_cov_17.552945	KEEP	PASS_VIRAL	KEEP	19	0	2.29e-07	30.5	0.378	380	FAM004782
ERR2040986_clean_NODE_12108_length_1052_cov_8.393459	KEEP	PASS_CORE	KEEP	0	0				0	
ERR2040986_clean_NODE_15190_length_869_cov_18.698547	KEEP	PASS_CORE	KEEP	6	0	8.17e-14	51.6	0.227	88	FAM017405
ERR2040986_clean_NODE_2997_length_2283_cov_193.602232	DROP	AMBIGUOUS	DROP	0	0				0	
ERR2040986_clean_NODE_478_length_3468_cov_21.604088	DROP	AMBIGUOUS	DROP	8	0	5.44e-15	52.0	0.071	732	FAM001712
ERR2040986_clean_NODE_7651_length_1488_cov_15.351557	REVIEW	REVIEW	no_viral_domain_but_blast	3	3	5.08e-74	249.6	0.899	376	FAM002990
ERR2040986_clean_NODE_899_length_3078_cov_18.689621	KEEP	PASS_CORE	KEEP	82	4	9.02e-18	62.4	0.076	469	FAM000106
ERR2040987_clean_NODE_1786_length_2739_cov_5.841617	KEEP	PASS_VIRAL	KEEP	0	0				0	
ERR2040987_clean_NODE_204_length_4840_cov_23.730873	DROP	AMBIGUOUS	DROP	12	1	2.42e-66	223.7	0.460	994	FAM012845
ERR2040987_clean_NODE_2120_length_2582_cov_22.438755	DROP	AMBIGUOUS	DROP	0	0				0	
ERR2040987_clean_NODE_2370_length_2478_cov_50.493634	DROP	REVIEW	DROP	0	0				0	
ERR2040987_clean_NODE_3151_length_2217_cov_111.836707	DROP	AMBIGUOUS	DROP	0	0				0	
ERR2040987_clean_NODE_446_length_4056_cov_6.209569	DROP	AMBIGUOUS	DROP	0	0				0	
ERR2040988_clean_NODE_15_length_7319_cov_11.304426	KEEP	PASS_VIRAL	KEEP	7	1	5.00e-66	223.2	0.259	2118	FAM013464
ERR2040988_clean_NODE_2084_length_2789_cov_238.518937	DROP	AMBIGUOUS	DROP	0	0				0	
ERR2040988_clean_NODE_392_length_4434_cov_18.893874	KEEP	PASS_VIRAL	KEEP	19	0	3.81e-07	29.8	0.378	542	FAM004782
ERR2040988_clean_NODE_4120_length_2103_cov_77.905825	DROP	AMBIGUOUS	DROP	0	0				0	
ERR2040988_clean_NODE_4590_length_1990_cov_6.560349	REVIEW	REVIEW	no_viral_domain_but_blast	27	9	3.65e-204	679.3	0.908	556	FAM001725
ERR2040989_clean_NODE_17_length_7496_cov_13.359587	REVIEW	AMBIGUOUS	no_viral_domain_but_blast	5	1	9.02e-11	41.2	0.636	2043	FAM001927
ERR2040989_clean_NODE_2301_length_2712_cov_128.403522	DROP	AMBIGUOUS	DROP	0	0				0	
ERR2040989_clean_NODE_3693_length_2244_cov_7.522944	REVIEW	REVIEW	no_viral_domain_but_blast	2	0	4.22e-78	262.8	0.363	289	FAM002056
ERR2040989_clean_NODE_495_length_4234_cov_9.614889	KEEP	PASS_VIRAL	KEEP	41	19	2.16e-46	157.8	0.116	635	FAM008177
ERR2040989_clean_NODE_7358_length_1496_cov_10.155540	REVIEW	REVIEW	no_viral_domain_but_blast	10	5	5.44e-155	516.5	0.714	347	FAM003548
ERR2040990_clean_NODE_1078_length_3308_cov_6.957734	KEEP	PASS_VIRAL	KEEP	27	0	8.28e-62	209.3	0.427	860	FAM004890
ERR2040990_clean_NODE_1353_length_3130_cov_4.917396	REVIEW	PASS_VIRAL	short_fragment	5	0	5.79e-105	351.4	0.478	780	FAM019894
ERR2040990_clean_NODE_1747_length_2905_cov_232.319008	DROP	AMBIGUOUS	DROP	0	0				0	
ERR2040990_clean_NODE_2081_length_2751_cov_23.613737	DROP	AMBIGUOUS	DROP	0	0				0	
ERR2040990_clean_NODE_2538_length_2566_cov_42.490289	DROP	AMBIGUOUS	DROP	2	1	4.17e-18	64.7	0.765	511	FAM004905
ERR2040990_clean_NODE_2904_length_2443_cov_27.351250	DROP	AMBIGUOUS	DROP	4	1	3.54e-08	32.0	0.131	502	FAM022056
ERR2040990_clean_NODE_3533_length_2251_cov_157.972373	DROP	AMBIGUOUS	DROP	0	0				0	
ERR2040990_clean_NODE_491_length_3986_cov_11.138473	KEEP	PASS_VIRAL	KEEP	6	1	2.12e-36	125.2	0.253	1105	FAM013464
ERR2040990_clean_NODE_555_length_3869_cov_47.736278	REVIEW	AMBIGUOUS	no_viral_domain_but_blast	1	0	8.76e-03	12.8	0.033	913	FAM015182
ERR2040990_clean_NODE_607_length_3791_cov_9.046425	KEEP	PASS_VIRAL	KEEP	22	0	5.10e-59	199.9	0.349	987	FAM012716
ERR2040990_clean_NODE_6_length_7815_cov_31.012609	DROP	AMBIGUOUS	DROP	0	0				0	
ERR2040991_clean_NODE_1245_length_3377_cov_88.055489	REVIEW	AMBIGUOUS	no_viral_domain_but_blast	0	0				0	
ERR2040991_clean_NODE_1675_length_3037_cov_43.684369	DROP	AMBIGUOUS	DROP	0	0				0	
ERR2040991_clean_NODE_1757_length_2991_cov_147.207259	KEEP	PASS_VIRAL	KEEP	6	5	0.00e+00	1066.2	0.777	635	FAM004987
ERR2040991_clean_NODE_18313_length_624_cov_2.605852	DROP	REVIEW	DROP	0	0				0	
ERR2040991_clean_NODE_202_length_5480_cov_32.989148	KEEP	PASS_VIRAL	KEEP	18	0	4.10e-07	29.7	0.378	542	FAM004782
ERR2040991_clean_NODE_2102_length_2797_cov_86.458243	DROP	AMBIGUOUS	DROP	0	0				0	
ERR2040991_clean_NODE_214_length_5407_cov_17.024795	DROP	AMBIGUOUS	DROP	0	0				0	
ERR2040991_clean_NODE_2582_length_2580_cov_75.596374	KEEP	PASS_VIRAL	KEEP	20	0	5.75e-53	180.1	0.403	517	FAM004890
ERR2040991_clean_NODE_3068_length_2413_cov_36.738397	REVIEW	AMBIGUOUS	no_viral_domain_but_blast	0	0				0	
ERR2040991_clean_NODE_308_length_5030_cov_16.317626	KEEP	PASS_VIRAL	KEEP	12	0	3.07e-50	171.1	0.400	1044	FAM004890
ERR2040991_clean_NODE_4121_length_2100_cov_69.301410	DROP	AMBIGUOUS	DROP	0	0				0	
ERR2040991_clean_NODE_54_length_7277_cov_23.593724	REVIEW	AMBIGUOUS	no_viral_domain_but_blast	5	1	7.97e-11	41.4	0.636	2030	FAM001927
ERR2040991_clean_NODE_875_length_3775_cov_7.910236	DROP	REVIEW	DROP	0	0				0	
ERR2040992_clean_NODE_1016_length_2819_cov_56.856628	DROP	AMBIGUOUS	DROP	0	0				0	
ERR2040992_clean_NODE_1382_length_2594_cov_13.793414	DROP	AMBIGUOUS	DROP	0	0				0	
ERR2040992_clean_NODE_1433_length_2562_cov_16.470822	KEEP	PASS_VIRAL	KEEP	13	0	1.01e-09	35.8	0.144	780	FAM000262
ERR2040992_clean_NODE_1595_length_2476_cov_397.549116	REVIEW	REVIEW	no_viral_domain_but_blast	11	6	4.40e-47	160.4	0.986	318	FAM010181
ERR2040992_clean_NODE_18_length_6352_cov_114.344746	KEEP	PASS_CORE	KEEP	79	49	0.00e+00	2812.5	0.965	1970	FAM012222
ERR2040992_clean_NODE_2472_length_2124_cov_123.423835	REVIEW	AMBIGUOUS	short_fragment	0	0				0	
ERR2040992_clean_NODE_2747_length_2049_cov_8.224327	DROP	AMBIGUOUS	DROP	0	0				0	
ERR2040992_clean_NODE_443_length_3491_cov_8.351508	DROP	AMBIGUOUS	DROP	0	0				0	
ERR2040992_clean_NODE_774_length_3038_cov_4.467780	KEEP	PASS_VIRAL	KEEP	0	0				0	
ERR2040992_clean_NODE_9707_length_1058_cov_356.373399	REVIEW	REVIEW	short_fragment	0	0				0	
ERR2040993_clean_NODE_12548_length_991_cov_3.447257	REVIEW	REVIEW	short_fragment	0	0				0	
ERR2040993_clean_NODE_14316_length_891_cov_62.476415	REVIEW	REVIEW	no_viral_domain_but_blast	0	0				0	
ERR2040993_clean_NODE_1452_length_2843_cov_8.143571	DROP	REVIEW	DROP	0	0				0	
ERR2040993_clean_NODE_14838_length_867_cov_3.612864	REVIEW	REVIEW	short_fragment	0	0				0	
ERR2040993_clean_NODE_18590_length_716_cov_24.423477	KEEP	PASS_CORE	KEEP	0	0				0	
ERR2040993_clean_NODE_18903_length_706_cov_16.374057	REVIEW	REVIEW	no_viral_domain_but_blast	0	0				0	
ERR2040993_clean_NODE_19277_length_695_cov_3.360429	REVIEW	REVIEW	no_viral_domain_but_blast	2	0	7.66e-27	94.8	0.251	122	FAM000112
ERR2040993_clean_NODE_2219_length_2490_cov_18.337556	DROP	AMBIGUOUS	DROP	4	0	8.00e-08	30.9	0.109	523	FAM022056
ERR2040993_clean_NODE_3736_length_2051_cov_330.993526	DROP	AMBIGUOUS	DROP	0	0				0	
ERR2040993_clean_NODE_517_length_3652_cov_25.963425	KEEP	PASS_VIRAL	KEEP	6	0	2.77e-04	20.8	0.497	834	FAM004881
ERR2040993_clean_NODE_647_length_3473_cov_12.081341	DROP	AMBIGUOUS	DROP	13	3	6.23e-66	222.4	0.475	870	FAM012845
ERR2040994_clean_NODE_1007_length_3886_cov_10.724954	KEEP	PASS_VIRAL	KEEP	7	1	3.29e-157	524.7	0.635	961	FAM013464
ERR2040994_clean_NODE_1071_length_3823_cov_18.553704	DROP	AMBIGUOUS	DROP	0	0				0	
ERR2040994_clean_NODE_14849_length_962_cov_3.055495	REVIEW	REVIEW	no_viral_domain_but_blast	0	0				0	
ERR2040994_clean_NODE_1723_length_3345_cov_45.372199	DROP	AMBIGUOUS	DROP	0	0				0	
ERR2040994_clean_NODE_19473_length_742_cov_2.477825	DROP	REVIEW	DROP	0	0				0	
ERR2040994_clean_NODE_2037_length_3155_cov_13.180270	DROP	REVIEW	DROP	0	0				0	
ERR2040994_clean_NODE_23276_length_629_cov_1.911263	KEEP	PASS_CORE	KEEP	0	0				0	
ERR2040994_clean_NODE_232_length_5319_cov_48.825815	REVIEW	AMBIGUOUS	no_viral_domain_but_blast	0	0				0	
ERR2040994_clean_NODE_28148_length_527_cov_2.419421	DROP	REVIEW	DROP	0	0				0	
ERR2040994_clean_NODE_3_length_13081_cov_61.285627	DROP	AMBIGUOUS	DROP	0	0				0	
ERR2040994_clean_NODE_445_length_4612_cov_9.367039	DROP	AMBIGUOUS	DROP	0	0				0	
ERR2040994_clean_NODE_44_length_6989_cov_10.470343	KEEP	PASS_VIRAL	KEEP	11	3	8.14e-56	188.5	0.201	2146	FAM005803
ERR2040994_clean_NODE_471_length_4564_cov_45.227605	REVIEW	AMBIGUOUS	no_viral_domain_but_blast	0	0				0	
ERR2040994_clean_NODE_6554_length_1884_cov_14.167844	REVIEW	REVIEW	no_viral_domain_but_blast	31	12	6.47e-218	724.7	0.897	519	FAM001725
ERR2040994_clean_NODE_734_length_4182_cov_16.622614	DROP	AMBIGUOUS	DROP	0	0				0	
ERR2040994_clean_NODE_828_length_4078_cov_62.888228	DROP	AMBIGUOUS	DROP	1	0	1.29e-13	50.0	0.339	685	FAM007966
ERR2040994_clean_NODE_9857_length_1396_cov_2.903178	DROP	REVIEW	DROP	0	0				0	
ERR2040995_clean_NODE_10312_length_1241_cov_4.174457	REVIEW	REVIEW	no_viral_domain_but_blast	5	2	2.80e-111	372.5	0.621	307	FAM001737
ERR2040995_clean_NODE_13462_length_991_cov_9.052743	DROP	REVIEW	DROP	0	0				0	
ERR2040995_clean_NODE_1996_length_2978_cov_160.346167	DROP	AMBIGUOUS	DROP	0	0				0	
ERR2040995_clean_NODE_2481_length_2748_cov_19.820702	DROP	AMBIGUOUS	DROP	0	0				0	
ERR2040995_clean_NODE_4773_length_2083_cov_6.374020	DROP	REVIEW	DROP	3	2	1.77e-61	208.2	0.748	301	FAM002990
ERR2040995_clean_NODE_4967_length_2045_cov_105.363137	DROP	AMBIGUOUS	DROP	0	0				0	
ERR2040995_clean_NODE_553_length_4256_cov_5.674341	DROP	AMBIGUOUS	DROP	0	0				0	
ERR2040995_clean_NODE_698_length_4034_cov_6.468554	KEEP	PASS_CORE_FAM	KEEP	258	19	9.53e-87	291.0	0.184	1105	FAM006411
ERR2040995_clean_NODE_797_length_3916_cov_27.348309	DROP	AMBIGUOUS	DROP	2	0	2.51e-03	16.2	0.280	590	FAM003683
ERR2040996_clean_NODE_197_length_5462_cov_21.204466	KEEP	PASS_VIRAL	KEEP	0	0				0	
ERR2040996_clean_NODE_2569_length_2631_cov_17.566074	REVIEW	AMBIGUOUS	no_viral_domain_but_blast	0	0				0	
ERR2040996_clean_NODE_2_length_13304_cov_23.754468	DROP	AMBIGUOUS	DROP	0	0				0	
ERR2040996_clean_NODE_3573_length_2285_cov_60.909902	DROP	REVIEW	DROP	0	0				0	
ERR2040996_clean_NODE_392_length_4672_cov_4.998488	DROP	REVIEW	DROP	0	0				0	
ERR2040996_clean_NODE_456_length_4516_cov_8.438855	KEEP	PASS_VIRAL	KEEP	3	0	6.78e-10	37.3	0.074	1019	FAM010784
ERR2040996_clean_NODE_508_length_4383_cov_11.626959	KEEP	PASS_VIRAL	KEEP	8	1	7.46e-159	530.2	0.643	958	FAM013464
ERR2040996_clean_NODE_58_length_7338_cov_14.892529	DROP	AMBIGUOUS	DROP	0	0				0	
ERR2040996_clean_NODE_7813_length_1488_cov_3.662976	KEEP	PASS_CORE_FAM	KEEP	0	0				0	
ERR2040996_clean_NODE_818_length_3859_cov_25.011268	DROP	REVIEW	DROP	0	0				0	
ERR2040998_clean_NODE_105_length_4953_cov_20.470468	KEEP	PASS_VIRAL	KEEP	9	1	4.61e-10	38.1	0.366	371	FAM003667
ERR2040998_clean_NODE_21_length_7221_cov_21.485233	DROP	AMBIGUOUS	DROP	3	1	8.51e-11	40.2	0.101	1509	FAM012634
ERR2040998_clean_NODE_520_length_3302_cov_61.088064	REVIEW	AMBIGUOUS	no_viral_domain_but_blast	0	0				0	
ERR2040998_clean_NODE_617_length_3125_cov_15.174238	REVIEW	AMBIGUOUS	no_viral_domain_but_blast	0	0				0	
ERR2040998_clean_NODE_851_length_2873_cov_279.538516	REVIEW	AMBIGUOUS	no_viral_domain_but_blast	0	0				0	
ERR2040999_clean_NODE_249_length_2892_cov_21.925939	DROP	AMBIGUOUS	DROP	0	0				0	
ERR2040999_clean_NODE_305_length_2685_cov_104.761166	DROP	REVIEW	DROP	0	0				0	
ERR2040999_clean_NODE_36_length_5159_cov_232.128616	DROP	AMBIGUOUS	DROP	0	0				0	
ERR2040999_clean_NODE_408_length_2458_cov_5.606211	REVIEW	PASS_VIRAL	short_fragment	0	0				0	
ERR2041000_clean_NODE_1092_length_2350_cov_17.122670	KEEP	PASS_VIRAL	KEEP	0	0				0	
ERR2041000_clean_NODE_1129_length_2317_cov_44.085752	DROP	REVIEW	DROP	0	0				0	
ERR2041000_clean_NODE_1152_length_2302_cov_8.794599	DROP	REVIEW	DROP	0	0				0	
ERR2041000_clean_NODE_115_length_4426_cov_22.243669	KEEP	PASS_VIRAL	KEEP	12	5	1.56e-38	132.2	0.571	994	FAM007903
ERR2041000_clean_NODE_1318_length_2178_cov_59.057143	REVIEW	AMBIGUOUS	short_fragment	17	0	4.34e-21	75.0	0.367	614	FAM017957
ERR2041000_clean_NODE_133_length_4317_cov_75.470051	KEEP	PASS_VIRAL	KEEP	0	0				0	
ERR2041000_clean_NODE_48_length_5253_cov_28.743570	KEEP	PASS_VIRAL	KEEP	51	10	5.61e-48	163.3	0.407	230	FAM007688
ERR2041001_clean_NODE_1167_length_2940_cov_13.463583	DROP	REVIEW	DROP	1	0	7.63e-06	23.7	0.146	249	FAM003304
ERR2041001_clean_NODE_136_length_6109_cov_16.754698	DROP	AMBIGUOUS	DROP	8	0	2.24e-16	59.0	0.123	1044	FAM004842
ERR2041001_clean_NODE_1426_length_2671_cov_10.457382	DROP	REVIEW	DROP	0	0				0	
ERR2041001_clean_NODE_1817_length_2369_cov_16.046002	DROP	AMBIGUOUS	DROP	0	0				0	
ERR2041001_clean_NODE_1844_length_2350_cov_40.889033	DROP	AMBIGUOUS	DROP	1	0	8.25e-04	17.3	0.052	618	FAM008103
ERR2041001_clean_NODE_207_length_5367_cov_16.260518	DROP	REVIEW	DROP	0	0				0	
ERR2041001_clean_NODE_2266_length_2104_cov_8.062591	DROP	AMBIGUOUS	DROP	0	0				0	
ERR2041001_clean_NODE_272_length_4935_cov_22.815413	DROP	REVIEW	DROP	0	0				0	
ERR2041001_clean_NODE_2947_length_1776_cov_17.497403	KEEP	PASS_VIRAL	KEEP	23	0	2.76e-69	234.0	0.359	505	FAM004890
ERR2041001_clean_NODE_522_length_3958_cov_28.045722	KEEP	PASS_VIRAL	KEEP	0	0				0	
ERR2041001_clean_NODE_593_length_3807_cov_20.732997	DROP	AMBIGUOUS	DROP	12	1	3.83e-29	101.4	0.294	825	FAM022479
ERR2041001_clean_NODE_714_length_3555_cov_19.296697	REVIEW	AMBIGUOUS	no_viral_domain_but_blast	0	0				0	
ERR2041003_clean_NODE_1055_length_2170_cov_24.545369	DROP	AMBIGUOUS	DROP	1	0	9.66e-04	17.8	0.221	593	FAM007630
ERR2041003_clean_NODE_31_length_6027_cov_125.511197	KEEP	PASS_CORE	KEEP	3	0	4.55e-05	21.8	0.088	555	FAM026715
ERR2041003_clean_NODE_423_length_2888_cov_113.198946	REVIEW	AMBIGUOUS	no_viral_domain_but_blast	3	0	4.44e-59	200.0	0.153	687	FAM012595
ERR2041004_clean_NODE_1035_length_3125_cov_5.455873	DROP	REVIEW	DROP	0	0				0	
ERR2041004_clean_NODE_1081_length_3069_cov_40.868143	DROP	REVIEW	DROP	0	0				0	
ERR2041004_clean_NODE_10_length_13765_cov_95.596050	DROP	AMBIGUOUS	DROP	2	0	4.96e-04	18.8	0.155	4452	FAM007454
ERR2041004_clean_NODE_1172_length_2973_cov_4.216382	DROP	REVIEW	DROP	0	0				0	
ERR2041004_clean_NODE_1490_length_2700_cov_12.284908	DROP	REVIEW	DROP	0	0				0	
ERR2041004_clean_NODE_175_length_5504_cov_9.324849	KEEP	PASS_VIRAL	KEEP	0	0				0	
ERR2041004_clean_NODE_1807_length_2490_cov_37.618717	DROP	AMBIGUOUS	DROP	13	0	1.87e-27	95.3	0.297	533	FAM018817
ERR2041004_clean_NODE_2198_length_2284_cov_13.518965	DROP	REVIEW	DROP	0	0				0	
ERR2041004_clean_NODE_2199_length_2284_cov_4.341365	DROP	REVIEW	DROP	0	0				0	
ERR2041004_clean_NODE_2200_length_2283_cov_48.821429	DROP	REVIEW	DROP	0	0				0	
ERR2041004_clean_NODE_427_length_4228_cov_5.416010	DROP	REVIEW	DROP	0	0				0	
ERR2041004_clean_NODE_648_length_3689_cov_169.507680	REVIEW	AMBIGUOUS	no_viral_domain_but_blast	1	0	5.68e-03	15.2	0.212	178	FAM001569
ERR2041004_clean_NODE_703_length_3593_cov_21.803380	DROP	REVIEW	DROP	0	0				0	
ERR2041005_clean_NODE_1038_length_3228_cov_57.351334	DROP	REVIEW	DROP	0	0				0	
ERR2041005_clean_NODE_1072_length_3199_cov_4.366603	DROP	AMBIGUOUS	DROP	0	0				0	
ERR2041005_clean_NODE_12946_length_999_cov_188.119247	KEEP	PASS_CORE_FAM	KEEP	0	0				0	
ERR2041005_clean_NODE_1339_length_2988_cov_14.412903	REVIEW	REVIEW	short_fragment	0	0				0	
ERR2041005_clean_NODE_171_length_5201_cov_21.839085	DROP	AMBIGUOUS	DROP	0	0				0	
ERR2041005_clean_NODE_1840_length_2694_cov_14.065258	DROP	REVIEW	DROP	0	0				0	
ERR2041005_clean_NODE_2341_length_2482_cov_12.196802	DROP	AMBIGUOUS	DROP	0	0				0	
ERR2041005_clean_NODE_303_length_4510_cov_9.349452	DROP	REVIEW	DROP	0	0				0	
ERR2041005_clean_NODE_372_length_4218_cov_89.524311	DROP	REVIEW	DROP	0	0				0	
ERR2041005_clean_NODE_429_length_4093_cov_108.023457	REVIEW	AMBIGUOUS	no_viral_domain_but_blast	0	0				0	
ERR2041005_clean_NODE_483_length_3988_cov_11.829658	DROP	REVIEW	DROP	0	0				0	
ERR2041005_clean_NODE_5_length_13887_cov_15.532650	DROP	AMBIGUOUS	DROP	1	0	1.05e-03	18.4	0.424	4455	FAM023938
ERR2041005_clean_NODE_638_length_3698_cov_208.620793	REVIEW	REVIEW	short_fragment	0	0				0	
ERR2041005_clean_NODE_674_length_3657_cov_111.930271	REVIEW	AMBIGUOUS	no_viral_domain_but_blast	0	0				0	
ERR2041005_clean_NODE_676_length_3653_cov_12.855125	REVIEW	AMBIGUOUS	no_viral_domain_but_blast	0	0				0	
ERR2041005_clean_NODE_71_length_6825_cov_34.309201	DROP	AMBIGUOUS	DROP	0	0				0	
ERR2041005_clean_NODE_7_length_13820_cov_50.511360	DROP	REVIEW	DROP	0	0				0	
ERR2041005_clean_NODE_8452_length_1391_cov_19.715875	KEEP	PASS_VIRAL	KEEP	0	0				0	
ERR2041006_clean_NODE_349_length_3248_cov_25.135413	KEEP	PASS_VIRAL	KEEP	5	2	4.49e-77	259.5	0.444	911	FAM004987
ERR2041006_clean_NODE_855_length_2509_cov_42.937145	DROP	AMBIGUOUS	DROP	1	0	5.15e-12	44.7	0.395	687	FAM007966
ERR2041007_clean_NODE_1027_length_2795_cov_15.385538	DROP	AMBIGUOUS	DROP	0	0				0	
ERR2041007_clean_NODE_1397_length_2554_cov_15.363600	DROP	REVIEW	DROP	6	1	1.41e-04	20.2	0.211	637	FAM003349
ERR2041007_clean_NODE_2042_length_2244_cov_13.390731	DROP	AMBIGUOUS	DROP	0	0				0	
ERR2041007_clean_NODE_2651_length_2045_cov_13.352647	DROP	REVIEW	DROP	0	0				0	
ERR2041007_clean_NODE_307_length_3871_cov_49.984587	DROP	AMBIGUOUS	DROP	0	0				0	
ERR2041007_clean_NODE_814_length_2994_cov_558.827855	REVIEW	AMBIGUOUS	no_viral_domain_but_blast	0	0				0	
ERR2041008_clean_NODE_2441_length_2173_cov_4.749296	REVIEW	AMBIGUOUS	short_fragment	0	0				0	
ERR2041008_clean_NODE_345_length_3869_cov_15.626764	KEEP	PASS_VIRAL	KEEP	21	0	3.84e-65	220.0	0.393	996	FAM008037
ERR2041008_clean_NODE_442_length_3640_cov_92.928552	DROP	AMBIGUOUS	DROP	7	0	9.37e-06	24.3	0.190	956	FAM007918
ERR2041008_clean_NODE_751_length_3175_cov_97.184866	REVIEW	AMBIGUOUS	no_viral_domain_but_blast	0	0				0	
ERR2041009_clean_NODE_323_length_3015_cov_21.375505	DROP	REVIEW	DROP	0	0				0	
ERR2041010_clean_NODE_2723_length_2947_cov_6.865702	DROP	REVIEW	DROP	0	0				0	
ERR2041010_clean_NODE_31_length_8896_cov_15.163899	DROP	REVIEW	DROP	0	0				0	
ERR2041010_clean_NODE_4441_length_2349_cov_28.539029	DROP	REVIEW	DROP	0	0				0	
ERR2041010_clean_NODE_4523_length_2329_cov_2.451444	DROP	REVIEW	DROP	0	0				0	
ERR2041010_clean_NODE_4622_length_2305_cov_260.478780	DROP	AMBIGUOUS	DROP	0	0				0	
ERR2041010_clean_NODE_5018_length_2211_cov_3.398063	DROP	REVIEW	DROP	0	0				0	
ERR2041010_clean_NODE_5372_length_2122_cov_2.901876	DROP	AMBIGUOUS	DROP	0	0				0	
ERR2041011_clean_NODE_160_length_5379_cov_18.992316	KEEP	PASS_VIRAL	KEEP	25	2	2.27e-109	366.2	0.940	1137	FAM008037
ERR2041011_clean_NODE_1733_length_2944_cov_6.584281	DROP	REVIEW	DROP	0	0				0	
ERR2041011_clean_NODE_2091_length_2730_cov_4.805731	DROP	AMBIGUOUS	DROP	2	0	1.27e-05	22.4	0.055	423	FAM010548
ERR2041011_clean_NODE_3078_length_2306_cov_13.598763	DROP	REVIEW	DROP	1	0	4.77e-03	15.8	0.226	502	FAM014478
ERR2041011_clean_NODE_3491_length_2167_cov_6.524011	DROP	REVIEW	DROP	0	0				0	
ERR2041011_clean_NODE_3974_length_2013_cov_5.578173	DROP	REVIEW	DROP	0	0				0	
ERR2041011_clean_NODE_548_length_4148_cov_19.442631	DROP	REVIEW	DROP	0	0				0	
ERR2041011_clean_NODE_893_length_3665_cov_23.981502	DROP	REVIEW	DROP	0	0				0	
ERR2041012_clean_NODE_1730_length_2827_cov_13.143319	DROP	REVIEW	DROP	0	0				0	
ERR2041012_clean_NODE_221_length_5393_cov_7.032523	DROP	REVIEW	DROP	0	0				0	
ERR2041012_clean_NODE_2589_length_2373_cov_10.366524	DROP	REVIEW	DROP	0	0				0	
ERR2041012_clean_NODE_312_length_5036_cov_6.456840	DROP	REVIEW	DROP	0	0				0	
ERR2041012_clean_NODE_679_length_3989_cov_37.336543	DROP	AMBIGUOUS	DROP	1	0	1.17e-04	22.3	0.447	241	FAM016413
ERR2041012_clean_NODE_867_length_3686_cov_10.093055	DROP	REVIEW	DROP	0	0				0	
ERR2041013_clean_NODE_1245_length_2251_cov_229.007246	DROP	AMBIGUOUS	DROP	0	0				0	
ERR2041013_clean_NODE_801_length_2644_cov_11.121492	DROP	REVIEW	DROP	0	0				0	
ERR2041014_clean_NODE_11931_length_696_cov_20.869832	REVIEW	PASS_VIRAL	short_fragment	0	0				0	
ERR2041014_clean_NODE_1545_length_2057_cov_8.229394	DROP	REVIEW	DROP	1	0	2.40e-04	19.3	0.145	237	FAM016517
ERR2041014_clean_NODE_829_length_2521_cov_30.110169	DROP	AMBIGUOUS	DROP	0	0				0	
ERR2041015_clean_NODE_15495_length_582_cov_4.894249	KEEP	PASS_CORE_FAM	KEEP	0	0				0	
ERR2041015_clean_NODE_2807_length_2312_cov_8.096078	REVIEW	REVIEW	no_viral_domain_but_blast	0	0				0	
ERR2041015_clean_NODE_3_length_8379_cov_39.275912	DROP	AMBIGUOUS	DROP	4	0	2.77e-05	22.6	0.495	2160	FAM012636
ERR2041015_clean_NODE_630_length_3806_cov_13.622642	DROP	REVIEW	DROP	1	0	3.45e-03	15.6	0.158	236	FAM026476
ERR2041015_clean_NODE_760_length_3603_cov_5.897191	DROP	REVIEW	DROP	3	0	2.39e-05	23.2	0.390	781	FAM001639
ERR2041015_clean_NODE_894_length_3461_cov_11.713283	DROP	AMBIGUOUS	DROP	2	0	6.88e-10	37.8	0.424	1004	FAM007789
ERR2041015_clean_NODE_94_length_5560_cov_10.980062	DROP	REVIEW	DROP	4	0	3.23e-16	58.5	0.256	1304	FAM016694
ERR2041015_clean_NODE_983_length_3355_cov_8.297101	DROP	REVIEW	DROP	0	0				0	
ERR2041016_clean_NODE_1843_length_3002_cov_23.290301	REVIEW	AMBIGUOUS	no_viral_domain_but_blast	0	0				0	
ERR2041016_clean_NODE_2181_length_2836_cov_34.870032	REVIEW	AMBIGUOUS	no_viral_domain_but_blast	0	0				0	
ERR2041016_clean_NODE_3790_length_2273_cov_4.182511	KEEP	PASS_VIRAL	KEEP	75	3	8.52e-16	57.1	0.236	653	FAM016687
ERR2041016_clean_NODE_4038_length_2208_cov_8.659122	DROP	AMBIGUOUS	DROP	0	0				0	
ERR2041016_clean_NODE_4276_length_2151_cov_17.790323	DROP	REVIEW	DROP	2	0	3.06e-04	18.9	0.176	545	FAM008099
ERR2041016_clean_NODE_4580_length_2080_cov_12.114875	DROP	REVIEW	DROP	0	0				0	
ERR2041016_clean_NODE_505_length_4390_cov_4.584541	DROP	REVIEW	DROP	0	0				0	
ERR2041016_clean_NODE_81_length_6711_cov_30.117876	DROP	REVIEW	DROP	0	0				0	
ERR2041016_clean_NODE_984_length_3679_cov_5.690869	DROP	AMBIGUOUS	DROP	0	0				0	
ERR2041016_clean_NODE_985_length_3678_cov_69.426135	REVIEW	AMBIGUOUS	no_viral_domain_but_blast	0	0				0	
ERR2041017_clean_NODE_1331_length_3432_cov_17.923281	DROP	AMBIGUOUS	DROP	2	0	1.61e-08	32.8	0.098	683	FAM010784
ERR2041017_clean_NODE_1346_length_3413_cov_35.136795	DROP	AMBIGUOUS	DROP	0	0				0	
ERR2041017_clean_NODE_1651_length_3176_cov_18.647622	DROP	AMBIGUOUS	DROP	11	0	3.37e-08	31.5	0.106	561	FAM016461
ERR2041017_clean_NODE_174_length_5836_cov_37.181253	KEEP	PASS_VIRAL	KEEP	25	0	1.13e-56	192.4	0.391	972	FAM004890
ERR2041017_clean_NODE_23_length_8139_cov_15.490613	DROP	AMBIGUOUS	DROP	0	0				0	
ERR2041017_clean_NODE_29_length_7864_cov_47.929677	REVIEW	AMBIGUOUS	no_viral_domain_but_blast	4	0	2.79e-05	22.6	0.259	2105	FAM012636
ERR2041017_clean_NODE_3024_length_2368_cov_17.049462	DROP	AMBIGUOUS	DROP	0	0				0	
ERR2041017_clean_NODE_368_length_4933_cov_15.137628	DROP	REVIEW	DROP	0	0				0	
ERR2041017_clean_NODE_3726_length_2097_cov_11.897274	DROP	REVIEW	DROP	0	0				0	
ERR2041017_clean_NODE_3753_length_2088_cov_5.905623	DROP	AMBIGUOUS	DROP	0	0				0	
ERR2041017_clean_NODE_417_length_4790_cov_71.535917	KEEP	PASS_VIRAL	KEEP	18	0	1.28e-30	106.4	0.344	631	FAM004890
ERR2041017_clean_NODE_4275_length_1903_cov_24.830645	REVIEW	PASS_VIRAL	short_fragment	0	0				0	
ERR2041017_clean_NODE_593_length_4367_cov_10.195421	DROP	REVIEW	DROP	1	0	3.84e-04	19.2	0.244	220	FAM003472
ERR2041017_clean_NODE_842_length_3954_cov_23.309128	DROP	REVIEW	DROP	0	0				0	
ERR2041018_clean_NODE_1000_length_3126_cov_95.880960	REVIEW	AMBIGUOUS	no_viral_domain_but_blast	0	0				0	
ERR2041018_clean_NODE_1062_length_3078_cov_11.326524	REVIEW	PASS_VIRAL	short_fragment	6	1	1.51e-16	59.5	0.351	734	FAM019894
ERR2041018_clean_NODE_3507_length_2070_cov_12.831278	DROP	REVIEW	DROP	3	0	9.55e-05	21.2	0.326	135	FAM009502
ERR2041018_clean_NODE_4_length_7339_cov_13.118695	REVIEW	AMBIGUOUS	no_viral_domain_but_blast	4	0	4.62e-06	25.2	0.272	2126	FAM012636
ERR2041018_clean_NODE_846_length_3272_cov_10.464540	KEEP	PASS_VIRAL	KEEP	20	3	3.24e-22	78.6	0.577	944	FAM007992
ERR2041019_clean_NODE_1249_length_3445_cov_7.630805	DROP	REVIEW	DROP	0	0				0	
ERR2041019_clean_NODE_124_length_6348_cov_13.881047	DROP	AMBIGUOUS	DROP	0	0				0	
ERR2041019_clean_NODE_1331_length_3348_cov_20.881089	DROP	AMBIGUOUS	DROP	6	0	1.85e-19	69.3	0.095	904	FAM012472
ERR2041019_clean_NODE_1629_length_3110_cov_37.316270	DROP	REVIEW	DROP	0	0				0	
ERR2041019_clean_NODE_250_length_5467_cov_32.578724	DROP	REVIEW	DROP	1	0	6.89e-06	25.3	0.376	945	FAM004948
ERR2041019_clean_NODE_2614_length_2578_cov_15.483629	DROP	AMBIGUOUS	DROP	0	0				0	
ERR2041019_clean_NODE_272_length_5381_cov_10.150806	KEEP	PASS_VIRAL	KEEP	6	1	1.66e-39	135.5	0.206	1383	FAM013464
ERR2041019_clean_NODE_2798_length_2502_cov_122.578691	KEEP	PASS_VIRAL	KEEP	5	1	8.43e-85	284.4	0.962	542	FAM011052
ERR2041019_clean_NODE_320_length_5155_cov_16.081377	DROP	REVIEW	DROP	0	0				0	
ERR2041019_clean_NODE_351_length_5005_cov_15.080210	DROP	AMBIGUOUS	DROP	0	0				0	
ERR2041019_clean_NODE_3842_length_2116_cov_8.520502	DROP	REVIEW	DROP	0	0				0	
ERR2041019_clean_NODE_57_length_7192_cov_51.854105	KEEP	PASS_VIRAL	KEEP	14	0	6.18e-25	86.7	0.074	928	FAM008177
ERR2041020_clean_NODE_298_length_4244_cov_31.308736	DROP	REVIEW	DROP	1	0	7.31e-03	14.5	0.278	402	FAM003349
ERR2041020_clean_NODE_813_length_3100_cov_135.655545	REVIEW	AMBIGUOUS	no_viral_domain_but_blast	0	0				0	
ERR2041021_clean_NODE_2899_length_2114_cov_3.257364	DROP	REVIEW	DROP	1	0	2.96e-03	16.8	0.126	195	FAM001536
ERR2041021_clean_NODE_3101_length_2048_cov_8.371072	REVIEW	REVIEW	short_fragment	0	0				0	
ERR2041021_clean_NODE_3172_length_2031_cov_6.020624	DROP	REVIEW	DROP	0	0				0	
ERR2041021_clean_NODE_416_length_4220_cov_26.408188	REVIEW	AMBIGUOUS	no_viral_domain_but_blast	0	0				0	
ERR2041021_clean_NODE_987_length_3195_cov_19.816307	DROP	REVIEW	DROP	0	0				0	
ERR2041022_clean_NODE_2441_length_2743_cov_9.038519	REVIEW	AMBIGUOUS	no_viral_domain_but_blast	0	0				0	
ERR2041022_clean_NODE_2589_length_2665_cov_2.811976	DROP	REVIEW	DROP	0	0				0	
ERR2041022_clean_NODE_3673_length_2225_cov_15.390467	DROP	REVIEW	DROP	0	0				0	
ERR2041022_clean_NODE_373_length_5617_cov_54.294941	DROP	REVIEW	DROP	0	0				0	
ERR2041022_clean_NODE_4340_length_2017_cov_6.498987	DROP	REVIEW	DROP	0	0				0	
ERR2041022_clean_NODE_7572_length_1375_cov_14.261261	DROP	REVIEW	DROP	0	0				0	
ERR2041023_clean_NODE_312_length_4063_cov_79.049005	DROP	AMBIGUOUS	DROP	1	0	9.61e-08	30.7	0.408	925	FAM007789
ERR2041023_clean_NODE_565_length_3514_cov_80.929127	REVIEW	AMBIGUOUS	no_viral_domain_but_blast	0	0				0	
ERR2041023_clean_NODE_618_length_3429_cov_44.152983	DROP	AMBIGUOUS	DROP	0	0				0	
ERR2041023_clean_NODE_805_length_3182_cov_21.366996	DROP	AMBIGUOUS	DROP	16	1	2.55e-07	29.3	0.255	670	FAM010785
ERR2041023_clean_NODE_807_length_3181_cov_36.725940	DROP	REVIEW	DROP	0	0				0	
ERR2041024_clean_NODE_1637_length_2703_cov_6.145489	REVIEW	PASS_VIRAL	short_fragment	0	0				0	
ERR2041024_clean_NODE_1650_length_2693_cov_30.015472	KEEP	PASS_VIRAL	KEEP	5	1	2.94e-20	71.7	0.334	604	FAM019894
ERR2041024_clean_NODE_456_length_4105_cov_16.409897	DROP	AMBIGUOUS	DROP	0	0				0	
ERR2041025_clean_NODE_1045_length_2878_cov_22.728748	DROP	AMBIGUOUS	DROP	3	0	7.52e-18	64.4	0.361	636	FAM031275
ERR2041025_clean_NODE_1277_length_2656_cov_26.376196	DROP	AMBIGUOUS	DROP	1	0	1.16e-04	21.6	0.291	610	FAM022736
ERR2041025_clean_NODE_1561_length_2434_cov_7.759097	DROP	AMBIGUOUS	DROP	4	1	5.40e-19	68.2	0.251	626	FAM012763
ERR2041025_clean_NODE_92_length_5471_cov_17.601879	DROP	AMBIGUOUS	DROP	3	0	3.35e-04	19.1	0.213	920	FAM010338
ERR2041026_clean_NODE_650_length_3373_cov_6.932733	KEEP	PASS_CORE	KEEP	21	0	4.24e-14	51.5	0.212	692	FAM000134
ERR2041027_clean_NODE_1315_length_3636_cov_13.455608	DROP	AMBIGUOUS	DROP	0	0				0	
ERR2041027_clean_NODE_1332_length_3620_cov_25.894325	DROP	AMBIGUOUS	DROP	0	0				0	
ERR2041027_clean_NODE_1512_length_3435_cov_93.531250	DROP	REVIEW	DROP	0	0				0	
ERR2041027_clean_NODE_228_length_6005_cov_26.253774	DROP	REVIEW	DROP	9	0	2.82e-07	29.5	0.381	1736	FAM009502
ERR2041027_clean_NODE_2295_length_2899_cov_8.165266	KEEP	PASS_VIRAL	KEEP	0	0				0	
ERR2041027_clean_NODE_2877_length_2613_cov_1145.877043	DROP	AMBIGUOUS	DROP	0	0				0	
ERR2041027_clean_NODE_3042_length_2549_cov_1023.915004	DROP	AMBIGUOUS	DROP	0	0				0	
ERR2041027_clean_NODE_3670_length_2327_cov_7.362084	DROP	AMBIGUOUS	DROP	0	0				0	
ERR2041027_clean_NODE_3740_length_2308_cov_13.780132	DROP	REVIEW	DROP	0	0				0	
ERR2041027_clean_NODE_404_length_5194_cov_44.271209	DROP	AMBIGUOUS	DROP	9	0	2.09e-10	39.8	0.142	1210	FAM007630
ERR2041027_clean_NODE_537_length_4828_cov_7.019018	DROP	REVIEW	DROP	0	0				0	
ERR2041028_clean_NODE_1059_length_3816_cov_22.245428	DROP	AMBIGUOUS	DROP	0	0				0	
ERR2041028_clean_NODE_1149_length_3732_cov_39.806181	REVIEW	AMBIGUOUS	no_viral_domain_but_blast	0	0				0	
ERR2041028_clean_NODE_1189_length_3691_cov_4.098958	DROP	REVIEW	DROP	0	0				0	
ERR2041028_clean_NODE_1319_length_3573_cov_49.326912	DROP	AMBIGUOUS	DROP	0	0				0	
ERR2041028_clean_NODE_153_length_6324_cov_6.679350	DROP	AMBIGUOUS	DROP	0	0				0	
ERR2041028_clean_NODE_1583_length_3375_cov_15.300720	DROP	AMBIGUOUS	DROP	0	0				0	
ERR2041028_clean_NODE_1608_length_3356_cov_9.507999	DROP	REVIEW	DROP	5	1	3.12e-51	174.1	0.189	199	FAM003378
ERR2041028_clean_NODE_16480_length_672_cov_5.674086	REVIEW	REVIEW	short_fragment	0	0				0	
ERR2041028_clean_NODE_19464_length_557_cov_4.914397	REVIEW	REVIEW	no_viral_domain_but_blast	0	0				0	
ERR2041028_clean_NODE_21034_length_506_cov_1.149028	REVIEW	REVIEW	short_fragment	0	0				0	
ERR2041028_clean_NODE_217_length_5899_cov_44.317794	DROP	AMBIGUOUS	DROP	1	0	2.61e-14	52.6	0.393	607	FAM022128
ERR2041028_clean_NODE_2675_length_2714_cov_28.971921	DROP	REVIEW	DROP	0	0				0	
ERR2041028_clean_NODE_30_length_8555_cov_9.432918	KEEP	PASS_VIRAL	KEEP	4	0	1.39e-40	139.0	0.127	2583	FAM013464
ERR2041028_clean_NODE_353_length_5192_cov_398.756458	DROP	REVIEW	DROP	0	0				0	
ERR2041028_clean_NODE_4258_length_2156_cov_6.198770	DROP	REVIEW	DROP	0	0				0	
ERR2041028_clean_NODE_657_length_4373_cov_10.309007	REVIEW	AMBIGUOUS	no_viral_domain_but_blast	0	0				0	
ERR2041028_clean_NODE_66_length_7408_cov_7.563204	DROP	AMBIGUOUS	DROP	2	0	1.12e-12	47.0	0.203	356	FAM019831
ERR2041029_clean_NODE_1029_length_3452_cov_38.772954	REVIEW	AMBIGUOUS	no_viral_domain_but_blast	0	0				0	
ERR2041029_clean_NODE_184_length_5538_cov_9.472066	DROP	REVIEW	DROP	0	0				0	
ERR2041029_clean_NODE_2408_length_2477_cov_228.160230	DROP	AMBIGUOUS	DROP	0	0				0	
ERR2041029_clean_NODE_2541_length_2421_cov_47.869638	DROP	REVIEW	DROP	0	0				0	
ERR2041029_clean_NODE_3752_length_2011_cov_311.203252	DROP	AMBIGUOUS	DROP	0	0				0	
ERR2041029_clean_NODE_495_length_4241_cov_55.156741	REVIEW	AMBIGUOUS	no_viral_domain_but_blast	0	0				0	
ERR2041029_clean_NODE_5551_length_1601_cov_3.094994	KEEP	PASS_VIRAL	KEEP	0	0				0	
ERR2041029_clean_NODE_624_length_3993_cov_40.528608	DROP	AMBIGUOUS	DROP	1	0	1.51e-06	26.8	0.310	902	FAM007789
ERR2041029_clean_NODE_721_length_3836_cov_27.721592	DROP	AMBIGUOUS	DROP	0	0				0	
ERR2041029_clean_NODE_743_length_3813_cov_4.769496	DROP	AMBIGUOUS	DROP	0	0				0	
ERR2041030_clean_NODE_1134_length_3071_cov_5.315390	DROP	AMBIGUOUS	DROP	0	0				0	
ERR2041030_clean_NODE_1287_length_2946_cov_12.147089	DROP	AMBIGUOUS	DROP	0	0				0	
ERR2041030_clean_NODE_1533_length_2796_cov_5.442790	DROP	REVIEW	DROP	0	0				0	
ERR2041030_clean_NODE_1762_length_2668_cov_7.814857	DROP	AMBIGUOUS	DROP	1	0	1.78e-04	20.4	0.317	722	FAM002178
ERR2041030_clean_NODE_2133_length_2483_cov_6.520082	DROP	REVIEW	DROP	0	0				0	
ERR2041030_clean_NODE_268_length_4484_cov_8.195902	DROP	REVIEW	DROP	0	0				0	
ERR2041030_clean_NODE_533_length_3805_cov_18.977937	DROP	AMBIGUOUS	DROP	1	1	8.55e-03	15.4	0.598	628	FAM003342
ERR2041030_clean_NODE_585_length_3690_cov_128.954209	REVIEW	AMBIGUOUS	no_viral_domain_but_blast	0	0				0	
ERR2041030_clean_NODE_763_length_3464_cov_5.505992	KEEP	PASS_VIRAL	KEEP	15	1	2.43e-10	39.4	0.283	825	FAM011187
ERR2041030_clean_NODE_888_length_3312_cov_4.539615	DROP	AMBIGUOUS	DROP	0	0				0	
ERR2041030_clean_NODE_936_length_3262_cov_3.770736	DROP	AMBIGUOUS	DROP	0	0				0	
ERR2041031_clean_NODE_1191_length_3361_cov_7.265220	DROP	REVIEW	DROP	0	0				0	
ERR2041031_clean_NODE_2968_length_2375_cov_556.254288	DROP	AMBIGUOUS	DROP	0	0				0	
ERR2041031_clean_NODE_630_length_4089_cov_22.781018	DROP	REVIEW	DROP	0	0				0	
ERR2041031_clean_NODE_817_length_3793_cov_6.944000	DROP	AMBIGUOUS	DROP	0	0				0	
ERR2041032_clean_NODE_1876_length_2087_cov_246.577299	DROP	AMBIGUOUS	DROP	0	0				0	
ERR2041033_clean_NODE_156_length_3754_cov_92.807599	REVIEW	AMBIGUOUS	no_viral_domain_but_blast	0	0				0	
ERR2041033_clean_NODE_1696_length_2044_cov_8.968016	DROP	REVIEW	DROP	0	0				0	
ERR2041033_clean_NODE_303_length_3230_cov_5.353310	DROP	REVIEW	DROP	0	0				0	
ERR2041033_clean_NODE_417_length_3011_cov_97.955863	REVIEW	AMBIGUOUS	no_viral_domain_but_blast	0	0				0	
ERR2041033_clean_NODE_425_length_2998_cov_11.827073	DROP	AMBIGUOUS	DROP	0	0				0	
ERR2041033_clean_NODE_453_length_2950_cov_3.306502	DROP	REVIEW	DROP	0	0				0	
ERR2041033_clean_NODE_63_length_4482_cov_137.321919	REVIEW	AMBIGUOUS	no_viral_domain_but_blast	0	0				0	
ERR2041034_clean_NODE_1131_length_3195_cov_32.028871	REVIEW	AMBIGUOUS	no_viral_domain_but_blast	1	0	7.10e-04	18.0	0.158	819	FAM006218
ERR2041034_clean_NODE_1512_length_2865_cov_6.958894	DROP	AMBIGUOUS	DROP	0	0				0	
ERR2041034_clean_NODE_1782_length_2702_cov_13.550959	DROP	AMBIGUOUS	DROP	1	0	6.37e-03	16.4	0.420	406	FAM017211
ERR2041034_clean_NODE_1847_length_2671_cov_5.876332	DROP	REVIEW	DROP	0	0				0	
ERR2041034_clean_NODE_2432_length_2423_cov_9.831933	DROP	REVIEW	DROP	1	0	9.18e-03	15.4	0.301	59	FAM016954
ERR2041034_clean_NODE_245_length_4996_cov_230.183323	DROP	REVIEW	DROP	0	0				0	
ERR2041034_clean_NODE_2676_length_2333_cov_3.741048	DROP	REVIEW	DROP	0	0				0	
ERR2041034_clean_NODE_563_length_3956_cov_26.019422	REVIEW	AMBIGUOUS	no_viral_domain_but_blast	0	0				0	
ERR2041035_clean_NODE_14153_length_723_cov_1.847059	KEEP	PASS_CORE_FAM	KEEP	12	0	1.72e-17	62.7	0.064	43	FAM000970
ERR2041035_clean_NODE_1965_length_2839_cov_7.319742	REVIEW	AMBIGUOUS	no_viral_domain_but_blast	0	0				0	
ERR2041035_clean_NODE_2316_length_2653_cov_13.531418	DROP	REVIEW	DROP	0	0				0	
ERR2041037_clean_NODE_968_length_2124_cov_20.775108	DROP	REVIEW	DROP	0	0				0	
ERR2041038_clean_NODE_25_length_4459_cov_20.439312	DROP	AMBIGUOUS	DROP	3	1	1.61e-71	241.6	0.970	958	FAM011577
ERR2041038_clean_NODE_516_length_2335_cov_14.492583	DROP	AMBIGUOUS	DROP	1	0	1.01e-05	24.0	0.232	659	FAM007789
ERR2041038_clean_NODE_622_length_2207_cov_12.948706	DROP	AMBIGUOUS	DROP	0	0				0	
ERR2041039_clean_NODE_152_length_3645_cov_8.557190	DROP	AMBIGUOUS	DROP	2	0	6.19e-12	44.5	0.427	998	FAM007789
ERR2041039_clean_NODE_165_length_3555_cov_42.216401	DROP	REVIEW	DROP	0	0				0	
ERR2041040_clean_NODE_1000_length_2384_cov_9.709953	DROP	REVIEW	DROP	0	0				0	
ERR2041040_clean_NODE_1265_length_2239_cov_8.421220	REVIEW	REVIEW	short_fragment	0	0				0	
ERR2041040_clean_NODE_398_length_2962_cov_47.375471	REVIEW	AMBIGUOUS	no_viral_domain_but_blast	0	0				0	
ERR2041040_clean_NODE_786_length_2537_cov_5.643545	DROP	REVIEW	DROP	0	0				0	
ERR2041041_clean_NODE_44_length_5859_cov_23.681740	KEEP	PASS_VIRAL	KEEP	7	0	6.34e-23	81.0	0.378	1384	FAM012657
ERR2041041_clean_NODE_678_length_3206_cov_92.058805	REVIEW	AMBIGUOUS	no_viral_domain_but_blast	0	0				0	
ERR2041041_clean_NODE_737_length_3131_cov_13.653821	DROP	REVIEW	DROP	0	0				0	
ERR2041041_clean_NODE_816_length_3046_cov_13.305361	DROP	REVIEW	DROP	0	0				0	
ERR2041041_clean_NODE_962_length_2892_cov_8.456300	DROP	REVIEW	DROP	0	0				0	
ERR2041043_clean_NODE_82_length_3942_cov_10.633496	DROP	AMBIGUOUS	DROP	4	0	8.70e-07	27.7	0.269	705	FAM019357
ERR2041045_clean_NODE_12441_length_1036_cov_2.814703	REVIEW	REVIEW	short_fragment	0	0				0	
ERR2041045_clean_NODE_1568_length_2819_cov_6.534942	DROP	AMBIGUOUS	DROP	0	0				0	
ERR2041045_clean_NODE_22585_length_566_cov_5.269598	REVIEW	REVIEW	short_fragment	0	0				0	
ERR2041045_clean_NODE_2299_length_2517_cov_14.607114	DROP	REVIEW	DROP	0	0				0	
ERR2041045_clean_NODE_2331_length_2508_cov_11.244219	DROP	REVIEW	DROP	0	0				0	
ERR2041045_clean_NODE_2501_length_2461_cov_8.066170	DROP	REVIEW	DROP	0	0				0	
ERR2041045_clean_NODE_3045_length_2304_cov_4.750553	DROP	REVIEW	DROP	0	0				0	
ERR2041045_clean_NODE_321_length_4082_cov_10.283981	DROP	AMBIGUOUS	DROP	0	0				0	
ERR2041045_clean_NODE_340_length_4009_cov_5.450832	KEEP	PASS_VIRAL	KEEP	0	0				0	
ERR2041045_clean_NODE_3414_length_2203_cov_9.448611	REVIEW	REVIEW	short_fragment	0	0				0	
ERR2041046_clean_NODE_824_length_2235_cov_34.905566	REVIEW	AMBIGUOUS	short_fragment	5	1	3.40e-23	81.8	0.588	411	FAM001834
ERR2041047_clean_NODE_128_length_4149_cov_8.130054	KEEP	PASS_VIRAL	KEEP	6	0	6.23e-15	54.7	0.376	1004	FAM012657
ERR2041047_clean_NODE_132_length_4132_cov_19.575935	DROP	AMBIGUOUS	DROP	0	0				0	
ERR2041047_clean_NODE_193_length_3865_cov_8.696494	DROP	AMBIGUOUS	DROP	13	3	4.79e-223	743.3	0.511	1042	FAM007819
ERR2041047_clean_NODE_2302_length_2091_cov_25.152832	DROP	REVIEW	DROP	0	0				0	
ERR2041047_clean_NODE_284_length_3540_cov_10.546468	KEEP	PASS_VIRAL	KEEP	23	2	1.20e-96	324.1	0.947	947	FAM008037
ERR2041047_clean_NODE_437_length_3238_cov_6.134898	DROP	REVIEW	DROP	0	0				0	
ERR2041047_clean_NODE_601_length_3019_cov_5.397177	DROP	AMBIGUOUS	DROP	0	0				0	
ERR2041048_clean_NODE_104_length_5581_cov_25.408992	KEEP	PASS_VIRAL	KEEP	0	0				0	
ERR2041048_clean_NODE_1731_length_2867_cov_50.341360	DROP	AMBIGUOUS	DROP	0	0				0	
ERR2041048_clean_NODE_173_length_5139_cov_11.919545	DROP	REVIEW	DROP	1	0	1.30e-03	18.5	0.262	142	FAM030370
ERR2041048_clean_NODE_23_length_7299_cov_22.012541	KEEP	PASS_VIRAL	KEEP	6	1	7.59e-55	185.9	0.491	2099	FAM010784
ERR2041049_clean_NODE_119_length_6732_cov_25.884587	DROP	REVIEW	DROP	0	0				0	
ERR2041049_clean_NODE_2674_length_2519_cov_8.144588	DROP	REVIEW	DROP	0	0				0	
ERR2041049_clean_NODE_3837_length_2079_cov_6.227898	DROP	REVIEW	DROP	0	0				0	
ERR2041050_clean_NODE_323_length_3457_cov_52.995313	DROP	REVIEW	DROP	0	0				0	
ERR2041051_clean_NODE_1365_length_3645_cov_7.236258	DROP	REVIEW	DROP	0	0				0	
ERR2041051_clean_NODE_1955_length_3137_cov_12.957983	DROP	REVIEW	DROP	0	0				0	
ERR2041051_clean_NODE_2050_length_3073_cov_21.549835	DROP	REVIEW	DROP	0	0				0	
ERR2041051_clean_NODE_845_length_4326_cov_12.617324	DROP	AMBIGUOUS	DROP	5	0	1.05e-08	31.1	0.022	984	FAM001712
ERR2041053_clean_NODE_80_length_2182_cov_119.358111	REVIEW	AMBIGUOUS	no_viral_domain_but_blast	0	0				0	
ERR2041054_clean_NODE_1068_length_3423_cov_51.483432	REVIEW	AMBIGUOUS	no_viral_domain_but_blast	0	0				0	
ERR2041054_clean_NODE_1387_length_3124_cov_77.574489	REVIEW	AMBIGUOUS	no_viral_domain_but_blast	0	0				0	
ERR2041054_clean_NODE_16129_length_505_cov_6.084416	KEEP	PASS_CORE	KEEP	0	0				0	
ERR2041054_clean_NODE_1911_length_2747_cov_12.265163	DROP	REVIEW	DROP	0	0				0	
ERR2041054_clean_NODE_267_length_5129_cov_41.745576	DROP	AMBIGUOUS	DROP	10	0	1.69e-05	24.5	0.318	717	FAM018136
ERR2041054_clean_NODE_3393_length_2129_cov_19.126558	KEEP	PASS_VIRAL	KEEP	14	0	4.91e-45	154.0	0.395	499	FAM004890
ERR2041054_clean_NODE_72_length_6970_cov_16.171214	KEEP	PASS_VIRAL	KEEP	99	10	2.62e-35	121.6	0.416	1874	FAM010960
ERR2041054_clean_NODE_91_length_6607_cov_23.000762	DROP	AMBIGUOUS	DROP	3	0	1.52e-16	59.2	0.204	744	FAM004242
ERR2041056_clean_NODE_122_length_4371_cov_18.396026	KEEP	PASS_VIRAL	KEEP	0	0				0	
ERR2041056_clean_NODE_1808_length_2127_cov_26.829175	KEEP	PASS_VIRAL	KEEP	0	0				0	
ERR2041056_clean_NODE_23167_length_510_cov_3.164882	KEEP	PASS_CORE	KEEP	16	1	3.66e-21	74.8	0.086	56	FAM000134
ERR2041056_clean_NODE_241_length_3698_cov_36.047332	DROP	AMBIGUOUS	DROP	4	1	3.24e-115	385.7	0.737	979	FAM007805
ERR2041056_clean_NODE_272_length_3598_cov_36.056259	DROP	AMBIGUOUS	DROP	6	0	2.00e-12	45.8	0.190	734	FAM011725
ERR2041056_clean_NODE_45_length_5200_cov_10.620904	DROP	AMBIGUOUS	DROP	0	0				0	
ERR2041056_clean_NODE_574_length_3034_cov_41.161150	REVIEW	AMBIGUOUS	no_viral_domain_but_blast	0	0				0	
ERR2041056_clean_NODE_828_length_2726_cov_23.992918	REVIEW	AMBIGUOUS	no_viral_domain_but_blast	0	0				0	
ERR2041056_clean_NODE_845_length_2710_cov_8.370079	DROP	REVIEW	DROP	0	0				0	
ERR2041057_clean_NODE_16_length_9258_cov_13.170917	DROP	AMBIGUOUS	DROP	0	0				0	
ERR2041057_clean_NODE_2471_length_2512_cov_8.998785	DROP	REVIEW	DROP	0	0				0	
ERR2041057_clean_NODE_2700_length_2405_cov_11.960627	DROP	AMBIGUOUS	DROP	0	0				0	
ERR2041057_clean_NODE_313_length_5080_cov_7.262656	DROP	REVIEW	DROP	0	0				0	
ERR2041057_clean_NODE_418_length_4747_cov_9.532313	DROP	AMBIGUOUS	DROP	19	1	1.07e-13	51.2	0.381	1454	FAM001996
ERR2041057_clean_NODE_48_length_7639_cov_23.948920	DROP	REVIEW	DROP	0	0				0	
ERR2041057_clean_NODE_98_length_6526_cov_13.534321	KEEP	PASS_VIRAL	KEEP	42	15	3.68e-35	121.0	0.505	2075	FAM007688
ERR2041058_clean_NODE_145_length_4991_cov_10.307195	DROP	AMBIGUOUS	DROP	14	1	1.12e-08	34.9	0.339	1226	FAM001996
ERR2041058_clean_NODE_1508_length_2835_cov_17.464542	DROP	REVIEW	DROP	0	0				0	
ERR2041058_clean_NODE_1539_length_2814_cov_4.658607	DROP	REVIEW	DROP	0	0				0	
ERR2041058_clean_NODE_1613_length_2780_cov_9.654001	DROP	REVIEW	DROP	0	0				0	
ERR2041058_clean_NODE_1787_length_2687_cov_4.486762	REVIEW	AMBIGUOUS	no_viral_domain_but_blast	0	0				0	
ERR2041058_clean_NODE_23363_length_550_cov_4.055227	DROP	AMBIGUOUS	DROP	0	0				0	
ERR2041058_clean_NODE_2474_length_2402_cov_8.950403	KEEP	PASS_CORE_FAM	KEEP	5	0	3.27e-07	27.9	0.029	259	FAM023340
ERR2041058_clean_NODE_3236_length_2171_cov_13.541823	DROP	REVIEW	DROP	0	0				0	
ERR2041058_clean_NODE_748_length_3489_cov_151.844167	REVIEW	AMBIGUOUS	no_viral_domain_but_blast	0	0				0	
ERR2041058_clean_NODE_7_length_7947_cov_20.951417	REVIEW	AMBIGUOUS	no_viral_domain_but_blast	3	0	1.51e-06	26.8	0.269	2138	FAM012636
ERR2041059_clean_NODE_1986_length_2187_cov_6.655784	DROP	REVIEW	DROP	0	0				0	
ERR2041059_clean_NODE_2296_length_2083_cov_4.723039	DROP	REVIEW	DROP	0	0				0	
ERR2041059_clean_NODE_287_length_3703_cov_248.236339	REVIEW	AMBIGUOUS	no_viral_domain_but_blast	0	0				0	
ERR2041061_clean_NODE_1866_length_2138_cov_7.628640	DROP	REVIEW	DROP	0	0				0	
ERR2041061_clean_NODE_32_length_6543_cov_29.662615	DROP	AMBIGUOUS	DROP	2	2	3.33e-22	77.7	0.904	785	FAM004714
ERR2041061_clean_NODE_930_length_2800_cov_7.854915	DROP	AMBIGUOUS	DROP	0	0				0	
ERR2041062_clean_NODE_128_length_4758_cov_55.338494	DROP	REVIEW	DROP	0	0				0	
ERR2041062_clean_NODE_1558_length_2457_cov_10.175228	DROP	REVIEW	DROP	0	0				0	
ERR2041062_clean_NODE_1639_length_2410_cov_6.253063	DROP	AMBIGUOUS	DROP	0	0				0	
ERR2041062_clean_NODE_2158_length_2169_cov_4.778457	DROP	REVIEW	DROP	0	0				0	
ERR2041062_clean_NODE_2_length_14332_cov_19.537266	DROP	AMBIGUOUS	DROP	0	0				0	
ERR2041062_clean_NODE_307_length_3929_cov_8.854864	DROP	REVIEW	DROP	0	0				0	
ERR2041062_clean_NODE_415_length_3629_cov_37.631623	DROP	AMBIGUOUS	DROP	2	0	1.11e-10	40.4	0.383	1016	FAM007789
ERR2041062_clean_NODE_503_length_3458_cov_104.132357	REVIEW	AMBIGUOUS	no_viral_domain_but_blast	0	0				0	
ERR2041062_clean_NODE_854_length_2969_cov_7.411141	DROP	AMBIGUOUS	DROP	0	0				0	
ERR2041063_clean_NODE_1027_length_2648_cov_18.632246	DROP	AMBIGUOUS	DROP	4	0	1.73e-09	36.6	0.252	473	FAM012845
ERR2041063_clean_NODE_2200_length_1999_cov_22.028630	DROP	REVIEW	DROP	26	0	1.02e-15	57.3	0.233	146	FAM000117
ERR2041063_clean_NODE_285_length_3792_cov_12.078421	REVIEW	AMBIGUOUS	no_viral_domain_but_blast	0	0				0	
ERR2041063_clean_NODE_286_length_3791_cov_15.349787	DROP	AMBIGUOUS	DROP	2	0	1.58e-10	39.9	0.445	998	FAM007789
ERR2041063_clean_NODE_4808_length_1387_cov_5.651042	KEEP	PASS_VIRAL	KEEP	12	0	1.87e-17	62.2	0.030	36	FAM003304
ERR2041063_clean_NODE_630_length_3078_cov_7.619440	DROP	REVIEW	DROP	0	0				0	
ERR2041064_clean_NODE_10608_length_680_cov_1.704867	KEEP	PASS_CORE	KEEP	12	0	6.50e-09	34.3	0.041	31	FAM000970
ERR2041064_clean_NODE_13_length_10128_cov_11.130392	DROP	REVIEW	DROP	0	0				0	
ERR2041064_clean_NODE_1419_length_3414_cov_75.101750	REVIEW	AMBIGUOUS	no_viral_domain_but_blast	0	0				0	
ERR2041064_clean_NODE_1462_length_3373_cov_17.673874	DROP	AMBIGUOUS	DROP	1	1	2.61e-37	128.2	0.563	891	FAM007783
ERR2041064_clean_NODE_1955_length_2959_cov_17.508573	DROP	REVIEW	DROP	0	0				0	
ERR2041064_clean_NODE_285_length_5443_cov_14.763333	DROP	AMBIGUOUS	DROP	0	0				0	
ERR2041064_clean_NODE_302_length_5347_cov_17.358220	DROP	AMBIGUOUS	DROP	1	0	1.60e-03	14.8	0.024	212	FAM026526
ERR2041064_clean_NODE_752_length_4225_cov_40.970588	REVIEW	AMBIGUOUS	no_viral_domain_but_blast	0	0				0	
ERR2041065_clean_NODE_1063_length_2306_cov_8.359258	DROP	REVIEW	DROP	0	0				0	
ERR2041065_clean_NODE_233_length_3299_cov_56.393735	DROP	REVIEW	DROP	0	0				0	
ERR2041065_clean_NODE_25_length_4711_cov_24.903813	DROP	REVIEW	DROP	0	0				0	
ERR2041066_clean_NODE_1048_length_4315_cov_11.501873	DROP	AMBIGUOUS	DROP	1	0	3.35e-07	29.2	0.142	981	FAM007630
ERR2041066_clean_NODE_1063_length_4287_cov_10.406927	DROP	REVIEW	DROP	0	0				0	
ERR2041066_clean_NODE_11434_length_1056_cov_8.507404	REVIEW	REVIEW	short_fragment	15	0	2.77e-24	84.8	0.109	135	FAM003304
ERR2041066_clean_NODE_1165_length_4179_cov_5.296663	DROP	REVIEW	DROP	0	0				0	
ERR2041066_clean_NODE_1372_length_3917_cov_13.097832	DROP	REVIEW	DROP	0	0				0	
ERR2041066_clean_NODE_1731_length_3583_cov_6.759887	DROP	REVIEW	DROP	1	0	1.36e-03	17.5	0.188	152	FAM027424
ERR2041066_clean_NODE_1893_length_3452_cov_49.032854	DROP	AMBIGUOUS	DROP	2	0	3.51e-11	42.0	0.411	942	FAM007789
ERR2041066_clean_NODE_210_length_6806_cov_17.524915	DROP	AMBIGUOUS	DROP	1	0	4.86e-04	18.7	0.104	2134	FAM008873
ERR2041066_clean_NODE_2116_length_3296_cov_6.954811	DROP	AMBIGUOUS	DROP	1	0	7.40e-05	22.4	0.163	903	FAM010764
ERR2041066_clean_NODE_2127_length_3291_cov_12.917796	DROP	REVIEW	DROP	0	0				0	
ERR2041066_clean_NODE_2183_length_3248_cov_24.713885	DROP	REVIEW	DROP	0	0				0	
ERR2041066_clean_NODE_2627_length_2992_cov_15.710410	DROP	REVIEW	DROP	0	0				0	
ERR2041066_clean_NODE_2645_length_2982_cov_18.846546	DROP	REVIEW	DROP	0	0				0	
ERR2041066_clean_NODE_3111_length_2768_cov_10.938716	DROP	REVIEW	DROP	16	0	1.43e-14	52.9	0.129	568	FAM032704
ERR2041066_clean_NODE_3177_length_2742_cov_21.399778	DROP	REVIEW	DROP	0	0				0	
ERR2041066_clean_NODE_3298_length_2690_cov_11.287495	DROP	REVIEW	DROP	0	0				0	
ERR2041066_clean_NODE_3395_length_2652_cov_8.689536	DROP	AMBIGUOUS	DROP	0	0				0	
ERR2041066_clean_NODE_3496_length_2609_cov_4.877631	DROP	REVIEW	DROP	0	0				0	
ERR2041066_clean_NODE_3530_length_2596_cov_16.140619	DROP	REVIEW	DROP	0	0				0	
ERR2041066_clean_NODE_3789_length_2498_cov_6.608554	DROP	AMBIGUOUS	DROP	0	0				0	
ERR2041066_clean_NODE_3861_length_2474_cov_12.405183	DROP	REVIEW	DROP	0	0				0	
ERR2041066_clean_NODE_4081_length_2399_cov_12.790747	DROP	REVIEW	DROP	0	0				0	
ERR2041066_clean_NODE_4083_length_2399_cov_9.884126	DROP	REVIEW	DROP	0	0				0	
ERR2041066_clean_NODE_4128_length_2386_cov_5.862143	DROP	REVIEW	DROP	0	0				0	
ERR2041066_clean_NODE_444_length_5600_cov_18.382760	KEEP	PASS_VIRAL	KEEP	10	0	1.62e-09	36.8	0.242	831	FAM012423
ERR2041066_clean_NODE_450_length_5591_cov_48.374189	DROP	REVIEW	DROP	0	0				0	
ERR2041066_clean_NODE_5030_length_2126_cov_13.679789	DROP	REVIEW	DROP	0	0				0	
ERR2041066_clean_NODE_5275_length_2059_cov_5.879464	DROP	REVIEW	DROP	0	0				0	
ERR2041066_clean_NODE_564_length_5232_cov_14.359414	DROP	REVIEW	DROP	0	0				0	
ERR2041066_clean_NODE_815_length_4673_cov_10.257883	DROP	REVIEW	DROP	0	0				0	
ERR2041066_clean_NODE_971_length_4415_cov_7.704483	KEEP	PASS_VIRAL	KEEP	0	0				0	
ERR2041067_clean_NODE_125_length_6938_cov_30.536041	DROP	REVIEW	DROP	0	0				0	
ERR2041067_clean_NODE_1797_length_3568_cov_9.427518	DROP	REVIEW	DROP	1	0	2.41e-04	19.5	0.085	194	FAM031161
ERR2041067_clean_NODE_2593_length_3096_cov_63.393056	DROP	REVIEW	DROP	0	0				0	
ERR2041067_clean_NODE_451_length_5278_cov_18.490926	DROP	AMBIGUOUS	DROP	4	1	1.73e-07	30.0	0.516	1596	FAM005402
ERR2041067_clean_NODE_7292_length_1733_cov_110.922485	KEEP	PASS_VIRAL	KEEP	0	0				0	
ERR2041067_clean_NODE_929_length_4407_cov_37.991522	DROP	REVIEW	DROP	0	0				0	
ERR2041068_clean_NODE_83_length_2773_cov_12.082051	DROP	REVIEW	DROP	0	0				0	
ERR2041069_clean_NODE_1035_length_2044_cov_9.231384	DROP	REVIEW	DROP	0	0				0	
ERR2041070_clean_NODE_1382_length_2955_cov_10.082761	DROP	AMBIGUOUS	DROP	0	0				0	
ERR2041070_clean_NODE_3318_length_2047_cov_36.249002	DROP	REVIEW	DROP	0	0				0	
ERR2041070_clean_NODE_51_length_6592_cov_29.770652	DROP	AMBIGUOUS	DROP	0	0				0	
ERR2041070_clean_NODE_631_length_3740_cov_44.423857	REVIEW	AMBIGUOUS	no_viral_domain_but_blast	0	0				0	
ERR2041070_clean_NODE_682_length_3656_cov_11.649322	REVIEW	AMBIGUOUS	no_viral_domain_but_blast	0	0				0	
ERR2041070_clean_NODE_731_length_3590_cov_19.038624	KEEP	PASS_VIRAL	KEEP	6	1	7.74e-19	67.0	0.338	794	FAM019894
ERR2041070_clean_NODE_800_length_3518_cov_14.205468	DROP	AMBIGUOUS	DROP	4	1	4.80e-115	385.1	0.701	950	FAM007805
ERR2041070_clean_NODE_87_length_5852_cov_7.540196	DROP	AMBIGUOUS	DROP	1	0	6.32e-05	21.3	0.312	1772	FAM003349
ERR2041071_clean_NODE_1340_length_1766_cov_11.015090	REVIEW	AMBIGUOUS	short_fragment	0	0				0	
ERR2041071_clean_NODE_790_length_2166_cov_29.628827	KEEP	PASS_VIRAL	KEEP	11	0	3.11e-30	105.1	0.361	429	FAM004890
ERR2041072_clean_NODE_1051_length_3515_cov_10.946717	DROP	REVIEW	DROP	5	0	1.34e-09	37.0	0.267	621	FAM010856
ERR2041072_clean_NODE_2678_length_2468_cov_19.846186	DROP	REVIEW	DROP	0	0				0	
ERR2041072_clean_NODE_482_length_4353_cov_47.661253	REVIEW	AMBIGUOUS	no_viral_domain_but_blast	0	0				0	
ERR2041072_clean_NODE_920_length_3648_cov_8.994175	DROP	REVIEW	DROP	0	0				0	
ERR2041073_clean_NODE_414_length_3135_cov_59.303364	REVIEW	AMBIGUOUS	no_viral_domain_but_blast	0	0				0	
ERR2041074_clean_NODE_15473_length_601_cov_9.835125	KEEP	PASS_CORE	KEEP	17	1	1.01e-31	109.4	0.081	101	FAM003304
ERR2041074_clean_NODE_202_length_3990_cov_37.050165	DROP	REVIEW	DROP	0	0				0	
ERR2041074_clean_NODE_347_length_3597_cov_44.393078	DROP	AMBIGUOUS	DROP	0	0				0	
ERR2041074_clean_NODE_379_length_3535_cov_51.450172	REVIEW	AMBIGUOUS	no_viral_domain_but_blast	0	0				0	
ERR2041076_clean_NODE_877_length_3215_cov_130.865700	REVIEW	AMBIGUOUS	no_viral_domain_but_blast	0	0				0	
ERR2041077_clean_NODE_176_length_3197_cov_18.519023	REVIEW	AMBIGUOUS	no_viral_domain_but_blast	0	0				0	
ERR2041078_clean_NODE_1208_length_2915_cov_94.388928	REVIEW	AMBIGUOUS	no_viral_domain_but_blast	0	0				0	
ERR2041078_clean_NODE_1611_length_2634_cov_7.332690	DROP	REVIEW	DROP	0	0				0	
ERR2041078_clean_NODE_186_length_4997_cov_13.972749	DROP	REVIEW	DROP	0	0				0	
ERR2041078_clean_NODE_2440_length_2195_cov_256.427045	DROP	AMBIGUOUS	DROP	0	0				0	
ERR2041078_clean_NODE_257_length_4682_cov_6.604009	DROP	REVIEW	DROP	0	0				0	
ERR2041078_clean_NODE_39_length_6817_cov_9.632713	DROP	REVIEW	DROP	0	0				0	
ERR2041079_clean_NODE_124_length_4462_cov_12.164064	DROP	AMBIGUOUS	DROP	0	0				0	
ERR2041079_clean_NODE_1434_length_2547_cov_3.055112	DROP	REVIEW	DROP	0	0				0	
ERR2041079_clean_NODE_1530_length_2499_cov_89.799267	DROP	REVIEW	DROP	1	0	1.12e-03	17.7	0.306	502	FAM001639
ERR2041079_clean_NODE_2659_length_2016_cov_45.948302	DROP	REVIEW	DROP	0	0				0	
ERR2041079_clean_NODE_3914_length_1670_cov_42.641057	DROP	REVIEW	DROP	0	0				0	
ERR2041079_clean_NODE_75_length_4808_cov_20.552151	DROP	REVIEW	DROP	0	0				0	
ERR2041079_clean_NODE_956_length_2876_cov_12.012707	DROP	REVIEW	DROP	1	0	8.29e-03	14.1	0.135	795	FAM001756
ERR2041080_clean_NODE_128_length_3917_cov_6.906298	DROP	REVIEW	DROP	2	2	6.43e-07	29.2	0.547	184	FAM015050
ERR2041080_clean_NODE_7_length_8209_cov_18.888317	DROP	REVIEW	DROP	0	0				0	
ERR2041080_clean_NODE_805_length_2428_cov_6.123690	DROP	REVIEW	DROP	0	0				0	
ERR2041081_clean_NODE_1013_length_2371_cov_18.580326	DROP	AMBIGUOUS	DROP	2	1	3.10e-05	23.4	0.683	347	FAM005394
ERR2041081_clean_NODE_227_length_3583_cov_66.693220	REVIEW	AMBIGUOUS	no_viral_domain_but_blast	2	2	9.64e-22	76.3	0.940	783	FAM004714
ERR2041081_clean_NODE_7474_length_842_cov_4.031289	KEEP	PASS_VIRAL	KEEP	30	1	9.48e-11	41.1	0.148	54	FAM019029
ERR2041082_clean_NODE_281_length_4904_cov_7.990537	DROP	REVIEW	DROP	0	0				0	
ERR2041082_clean_NODE_2880_length_2129_cov_12.816874	REVIEW	PASS_VIRAL	short_fragment	45	4	2.65e-15	55.9	0.228	470	FAM019915
ERR2041082_clean_NODE_397_length_4439_cov_32.313467	DROP	REVIEW	DROP	0	0				0	
ERR2041082_clean_NODE_940_length_3415_cov_37.598754	DROP	REVIEW	DROP	0	0				0	
ERR2041082_clean_NODE_957_length_3396_cov_51.518044	DROP	REVIEW	DROP	0	0				0	
ERR2041083_clean_NODE_1505_length_2602_cov_5.744041	DROP	REVIEW	DROP	0	0				0	
ERR2041083_clean_NODE_1647_length_2523_cov_5.958065	DROP	REVIEW	DROP	0	0				0	
ERR2041083_clean_NODE_1769_length_2455_cov_27.451907	DROP	REVIEW	DROP	0	0				0	
ERR2041083_clean_NODE_2572_length_2117_cov_87.642237	DROP	REVIEW	DROP	0	0				0	
ERR2041083_clean_NODE_385_length_3908_cov_43.983959	REVIEW	AMBIGUOUS	no_viral_domain_but_blast	0	0				0	
ERR2041084_clean_NODE_197_length_5033_cov_29.502405	KEEP	PASS_VIRAL	KEEP	0	0				0	
ERR2041084_clean_NODE_69_length_6906_cov_100.963427	DROP	AMBIGUOUS	DROP	12	1	1.17e-44	152.1	0.070	2011	FAM007819
ERR2041084_clean_NODE_92_length_6419_cov_34.922679	DROP	REVIEW	DROP	0	0				0	
ERR2041085_clean_NODE_1357_length_2126_cov_10.313010	DROP	AMBIGUOUS	DROP	0	0				0	
ERR2041087_clean_NODE_2575_length_2071_cov_9.002465	DROP	AMBIGUOUS	DROP	2	0	2.38e-05	23.2	0.116	383	FAM003806
ERR2041088_clean_NODE_1122_length_2784_cov_270.464064	DROP	REVIEW	DROP	0	0				0	
ERR2041088_clean_NODE_2197_length_2266_cov_319.107063	DROP	REVIEW	DROP	0	0				0	
ERR2041088_clean_NODE_651_length_3234_cov_70.133500	REVIEW	AMBIGUOUS	no_viral_domain_but_blast	0	0				0	
ERR2041088_clean_NODE_990_length_2887_cov_13.202883	DROP	REVIEW	DROP	0	0				0	
ERR2041089_clean_NODE_156_length_5619_cov_8.036944	DROP	REVIEW	DROP	0	0				0	
ERR2041089_clean_NODE_639_length_4000_cov_19.363154	DROP	AMBIGUOUS	DROP	1	0	8.64e-14	50.2	0.343	1110	FAM012350
ERR2041089_clean_NODE_722_length_3883_cov_75.925260	REVIEW	AMBIGUOUS	no_viral_domain_but_blast	0	0				0	
ERR2041090_clean_NODE_1003_length_3580_cov_31.558100	REVIEW	AMBIGUOUS	no_viral_domain_but_blast	0	0				0	
ERR2041090_clean_NODE_1018_length_3564_cov_17.445896	KEEP	PASS_VIRAL	KEEP	19	0	4.14e-53	180.6	0.429	1047	FAM004890
ERR2041090_clean_NODE_1064_length_3512_cov_8.608244	KEEP	PASS_VIRAL	KEEP	38	15	5.72e-50	169.7	0.150	712	FAM008177
ERR2041090_clean_NODE_1338_length_3240_cov_20.083829	DROP	AMBIGUOUS	DROP	0	0				0	
ERR2041090_clean_NODE_1512_length_3094_cov_5.211078	DROP	AMBIGUOUS	DROP	6	0	1.03e-12	44.4	0.074	838	FAM001712
ERR2041090_clean_NODE_193_length_5502_cov_22.908225	DROP	AMBIGUOUS	DROP	0	0				0	
ERR2041090_clean_NODE_222_length_5342_cov_25.305341	KEEP	PASS_VIRAL	KEEP	14	0	6.41e-51	173.4	0.402	1484	FAM004890
ERR2041090_clean_NODE_2274_length_2645_cov_42.051115	DROP	AMBIGUOUS	DROP	8	0	6.22e-12	41.8	0.079	609	FAM001712
ERR2041090_clean_NODE_2880_length_2387_cov_10.072099	DROP	REVIEW	DROP	0	0				0	
ERR2041090_clean_NODE_3459_length_2191_cov_6.470670	KEEP	PASS_VIRAL	KEEP	18	0	9.82e-112	374.2	0.390	578	FAM004890
ERR2041090_clean_NODE_3653_length_2142_cov_19.925679	DROP	AMBIGUOUS	DROP	15	3	6.94e-130	433.2	0.988	565	FAM003936
ERR2041090_clean_NODE_367_length_4720_cov_13.145392	KEEP	PASS_VIRAL	KEEP	13	0	3.82e-49	167.5	0.383	1313	FAM004890
ERR2041090_clean_NODE_533_length_4294_cov_10.758410	KEEP	PASS_VIRAL	KEEP	17	0	2.48e-58	197.9	0.381	1231	FAM004890
ERR2041090_clean_NODE_590_length_4192_cov_13.916847	REVIEW	AMBIGUOUS	short_fragment	1	1	9.55e-04	18.6	0.856	1197	FAM004196
ERR2041090_clean_NODE_622_length_4132_cov_5.334556	DROP	REVIEW	DROP	0	0				0	
ERR2041090_clean_NODE_713_length_3964_cov_35.643968	KEEP	PASS_VIRAL	KEEP	38	7	2.10e-42	144.6	0.117	785	FAM008177
ERR2041090_clean_NODE_766_length_3874_cov_77.575046	KEEP	PASS_VIRAL	KEEP	18	0	9.04e-58	196.0	0.468	957	FAM004890
ERR2041090_clean_NODE_792_length_3826_cov_15.392546	DROP	REVIEW	DROP	0	0				0	
ERR2041090_clean_NODE_82_length_6708_cov_22.258965	DROP	REVIEW	DROP	0	0				0	
ERR2041090_clean_NODE_928_length_3651_cov_29.827051	KEEP	PASS_VIRAL	KEEP	7	7	2.08e-25	89.0	0.853	870	FAM001839
ERR2041090_clean_NODE_941_length_3643_cov_14.887222	KEEP	PASS_VIRAL	KEEP	42	0	1.90e-125	419.5	0.395	1022	FAM004890
ERR2041091_clean_NODE_1185_length_2376_cov_10.364338	DROP	AMBIGUOUS	DROP	0	0				0	
ERR2041091_clean_NODE_3_length_7025_cov_27.714552	DROP	AMBIGUOUS	DROP	1	0	2.84e-07	27.8	0.113	1839	FAM012843
ERR2041091_clean_NODE_652_length_2789_cov_56.797524	DROP	REVIEW	DROP	0	0				0	
ERR2041091_clean_NODE_67_length_4336_cov_23.068717	DROP	REVIEW	DROP	0	0				0	
ERR2041092_clean_NODE_1392_length_2718_cov_171.031028	REVIEW	REVIEW	short_fragment	0	0				0	
ERR2041092_clean_NODE_517_length_3801_cov_13.826770	KEEP	PASS_VIRAL	KEEP	21	0	3.42e-63	213.6	0.412	1015	FAM012716
ERR2041093_clean_NODE_23_length_5664_cov_45.032912	KEEP	PASS_CORE	KEEP	21	0	2.78e-25	88.4	0.248	838	FAM000134
ERR2041093_clean_NODE_352_length_2807_cov_9.605282	DROP	REVIEW	DROP	0	0				0	
ERR2041093_clean_NODE_4_length_9202_cov_31.320341	DROP	REVIEW	DROP	1	0	7.45e-04	17.8	0.248	2756	FAM003738
ERR2041093_clean_NODE_609_length_2375_cov_4.754288	REVIEW	REVIEW	short_fragment	5	0	5.33e-08	31.5	0.264	724	FAM003349
ERR2041094_clean_NODE_321_length_3278_cov_28.061824	REVIEW	AMBIGUOUS	no_viral_domain_but_blast	0	0				0	
ERR2041094_clean_NODE_426_length_3025_cov_9.269618	DROP	REVIEW	DROP	0	0				0	
ERR2041094_clean_NODE_450_length_2995_cov_56.032182	REVIEW	AMBIGUOUS	no_viral_domain_but_blast	0	0				0	
ERR2041094_clean_NODE_703_length_2590_cov_12.531606	DROP	REVIEW	DROP	0	0				0	
ERR2041095_clean_NODE_1220_length_3068_cov_20.861488	DROP	REVIEW	DROP	0	0				0	
ERR2041095_clean_NODE_311_length_4378_cov_28.917416	REVIEW	AMBIGUOUS	no_viral_domain_but_blast	0	0				0	
ERR2041095_clean_NODE_551_length_3837_cov_10.419873	DROP	REVIEW	DROP	0	0				0	
ERR2041095_clean_NODE_94_length_5750_cov_30.695812	KEEP	PASS_VIRAL	KEEP	7	0	9.42e-26	90.4	0.384	1409	FAM012657
ERR2041095_clean_NODE_970_length_3284_cov_9.601049	DROP	REVIEW	DROP	0	0				0	
ERR2041096_clean_NODE_389_length_4033_cov_27.740852	REVIEW	AMBIGUOUS	no_viral_domain_but_blast	1	1	2.69e-82	276.8	0.956	860	FAM012638
ERR2041096_clean_NODE_425_length_3929_cov_34.784097	DROP	AMBIGUOUS	DROP	0	0				0	
ERR2041096_clean_NODE_7_length_11252_cov_50.079847	DROP	AMBIGUOUS	DROP	12	1	1.63e-23	82.3	0.188	2835	FAM017424
ERR2041097_clean_NODE_53_length_2815_cov_52.956349	REVIEW	AMBIGUOUS	no_viral_domain_but_blast	0	0				0	
ERR2041098_clean_NODE_1141_length_2394_cov_19.017865	DROP	REVIEW	DROP	0	0				0	
ERR2041098_clean_NODE_119_length_4187_cov_23.888272	DROP	AMBIGUOUS	DROP	2	0	1.04e-12	45.8	0.054	806	FAM010548
ERR2041098_clean_NODE_1300_length_2297_cov_7.842946	DROP	REVIEW	DROP	0	0				0	
ERR2041098_clean_NODE_1307_length_2292_cov_5.843931	DROP	REVIEW	DROP	0	0				0	
ERR2041098_clean_NODE_1358_length_2257_cov_92.477416	REVIEW	REVIEW	short_fragment	0	0				0	
ERR2041098_clean_NODE_146_length_4001_cov_5.178878	DROP	REVIEW	DROP	0	0				0	
ERR2041098_clean_NODE_1617_length_2128_cov_73.837410	DROP	AMBIGUOUS	DROP	0	0				0	
ERR2041098_clean_NODE_269_length_3543_cov_19.549429	DROP	REVIEW	DROP	0	0				0	
ERR2041098_clean_NODE_413_length_3166_cov_60.051233	REVIEW	AMBIGUOUS	no_viral_domain_but_blast	0	0				0	
ERR2041098_clean_NODE_845_length_2621_cov_4.945306	DROP	REVIEW	DROP	1	0	9.61e-04	16.8	0.130	628	FAM009714
ERR2041099_clean_NODE_1112_length_2330_cov_11.968955	DROP	AMBIGUOUS	DROP	0	0				0	
ERR2041099_clean_NODE_1460_length_2139_cov_3.696088	DROP	REVIEW	DROP	0	0				0	
ERR2041099_clean_NODE_1644_length_2055_cov_15.048708	DROP	REVIEW	DROP	0	0				0	
ERR2041099_clean_NODE_1780_length_2011_cov_5.429878	DROP	AMBIGUOUS	DROP	0	0				0	
ERR2041099_clean_NODE_197_length_3528_cov_25.480918	DROP	AMBIGUOUS	DROP	4	0	2.50e-21	75.3	0.318	972	FAM019894
ERR2041099_clean_NODE_234_length_3400_cov_11.002979	DROP	REVIEW	DROP	0	0				0	
ERR2041099_clean_NODE_388_length_3034_cov_15.440655	DROP	REVIEW	DROP	1	0	9.07e-03	14.8	0.406	849	FAM001639
ERR2041099_clean_NODE_417_length_2992_cov_44.936928	KEEP	PASS_VIRAL	KEEP	0	0				0	
ERR2041099_clean_NODE_732_length_2609_cov_22.474669	DROP	AMBIGUOUS	DROP	0	0				0	
ERR2041099_clean_NODE_73_length_4406_cov_61.771029	KEEP	PASS_VIRAL	KEEP	32	1	1.01e-30	106.8	0.162	1289	FAM012586
ERR2041100_clean_NODE_1468_length_948_cov_9.100767	DROP	REVIEW	DROP	0	0				0	
ERR2041101_clean_NODE_27_length_3651_cov_23.166574	REVIEW	AMBIGUOUS	no_viral_domain_but_blast	0	0				0	
ERR2041101_clean_NODE_341_length_2428_cov_11.857023	DROP	REVIEW	DROP	0	0				0	
ERR2041102_clean_NODE_259_length_3342_cov_19.941801	DROP	AMBIGUOUS	DROP	2	0	2.38e-07	30.2	0.416	926	FAM001865
ERR2041102_clean_NODE_8_length_5927_cov_12.825459	DROP	AMBIGUOUS	DROP	1	0	4.61e-03	14.1	0.074	1695	FAM002865
ERR2041103_clean_NODE_1029_length_3257_cov_248.682638	REVIEW	AMBIGUOUS	no_viral_domain_but_blast	0	0				0	
ERR2041103_clean_NODE_20069_length_571_cov_2.304924	KEEP	PASS_VIRAL	KEEP	17	2	8.50e-25	86.5	0.070	86	FAM003304
ERR2041103_clean_NODE_20_length_7568_cov_13.386844	DROP	REVIEW	DROP	0	0				0	
ERR2041103_clean_NODE_3000_length_2314_cov_6.030823	REVIEW	REVIEW	short_fragment	0	0				0	
ERR2041103_clean_NODE_3103_length_2283_cov_7.885268	DROP	REVIEW	DROP	0	0				0	
ERR2041103_clean_NODE_3173_length_2266_cov_7.677013	DROP	REVIEW	DROP	0	0				0	
ERR2041103_clean_NODE_3228_length_2254_cov_39.078245	DROP	REVIEW	DROP	0	0				0	
ERR2041103_clean_NODE_3913_length_2090_cov_9.408891	DROP	REVIEW	DROP	1	0	1.92e-06	26.5	0.175	124	FAM024700
ERR2041103_clean_NODE_4010_length_2069_cov_5.224580	DROP	REVIEW	DROP	0	0				0	
ERR2041104_clean_NODE_199_length_3507_cov_31.323614	DROP	REVIEW	DROP	0	0				0	
ERR2041104_clean_NODE_24_length_4908_cov_6.249743	DROP	AMBIGUOUS	DROP	0	0				0	
ERR2041104_clean_NODE_360_length_3116_cov_9.071917	DROP	REVIEW	DROP	0	0				0	
ERR2041104_clean_NODE_440_length_2967_cov_106.846101	REVIEW	AMBIGUOUS	no_viral_domain_but_blast	0	0				0	
ERR2041104_clean_NODE_542_length_2832_cov_6.187881	DROP	AMBIGUOUS	DROP	0	0				0	
ERR2041104_clean_NODE_896_length_2489_cov_4.343418	DROP	AMBIGUOUS	DROP	0	0				0	
ERR2041105_clean_NODE_262_length_2807_cov_22.095152	DROP	REVIEW	DROP	0	0				0	
ERR2041105_clean_NODE_33_length_4182_cov_8.720222	DROP	AMBIGUOUS	DROP	0	0				0	
ERR2041105_clean_NODE_50_length_3937_cov_16.067540	DROP	AMBIGUOUS	DROP	0	0				0	
ERR2041105_clean_NODE_620_length_2302_cov_10.120850	REVIEW	REVIEW	short_fragment	0	0				0	
ERR2041105_clean_NODE_8_length_5540_cov_27.032927	KEEP	PASS_VIRAL	KEEP	28	6	1.88e-107	359.1	0.491	1513	FAM012845
ERR2041106_clean_NODE_268_length_3377_cov_92.631374	REVIEW	AMBIGUOUS	no_viral_domain_but_blast	0	0				0	
ERR2041106_clean_NODE_488_length_2949_cov_6.676875	DROP	REVIEW	DROP	0	0				0	
ERR2041106_clean_NODE_618_length_2771_cov_44.612537	REVIEW	AMBIGUOUS	no_viral_domain_but_blast	0	0				0	
ERR2041106_clean_NODE_958_length_2448_cov_3.655717	DROP	AMBIGUOUS	DROP	0	0				0	
ERR2041107_clean_NODE_100_length_4885_cov_6.579926	DROP	REVIEW	DROP	0	0				0	
ERR2041107_clean_NODE_10_length_7180_cov_9.042034	DROP	AMBIGUOUS	DROP	0	0				0	
ERR2041107_clean_NODE_2221_length_2210_cov_13.469774	DROP	AMBIGUOUS	DROP	0	0				0	
ERR2041107_clean_NODE_2671_length_2070_cov_3.750370	DROP	REVIEW	DROP	0	0				0	
ERR2041107_clean_NODE_2731_length_2048_cov_6.518703	REVIEW	REVIEW	short_fragment	0	0				0	
ERR2041107_clean_NODE_417_length_3592_cov_18.138349	DROP	REVIEW	DROP	1	0	4.12e-03	14.4	0.068	1000	FAM002019
ERR2041107_clean_NODE_675_length_3199_cov_9.601077	DROP	REVIEW	DROP	0	0				0	
ERR2041107_clean_NODE_765_length_3102_cov_39.877411	REVIEW	AMBIGUOUS	no_viral_domain_but_blast	0	0				0	
ERR2041108_clean_NODE_1160_length_2312_cov_2.797268	KEEP	PASS_VIRAL	KEEP	8	0	5.65e-06	23.8	0.120	272	FAM023340
ERR2041108_clean_NODE_1701_length_2080_cov_4.621502	KEEP	PASS_VIRAL	KEEP	0	0				0	
ERR2041108_clean_NODE_215_length_3486_cov_9.699681	DROP	REVIEW	DROP	0	0				0	
ERR2041108_clean_NODE_300_length_3265_cov_8.655804	DROP	REVIEW	DROP	1	0	6.12e-05	22.0	0.297	674	FAM010564
ERR2041108_clean_NODE_384_length_3070_cov_12.441361	DROP	AMBIGUOUS	DROP	0	0				0	
ERR2041109_clean_NODE_16_length_4950_cov_48.177909	DROP	REVIEW	DROP	0	0				0	
ERR2041109_clean_NODE_33_length_4154_cov_10.005595	DROP	AMBIGUOUS	DROP	0	0				0	
ERR2041109_clean_NODE_577_length_2295_cov_3.174956	KEEP	PASS_VIRAL	KEEP	0	0				0	
ERR2041110_clean_NODE_1019_length_2173_cov_168.950704	DROP	REVIEW	DROP	0	0				0	
ERR2041110_clean_NODE_120_length_3499_cov_39.151042	DROP	AMBIGUOUS	DROP	4	0	2.65e-21	75.2	0.311	983	FAM019894
ERR2041110_clean_NODE_1_length_12460_cov_96.349762	DROP	AMBIGUOUS	DROP	0	0				0	
ERR2041110_clean_NODE_206_length_3167_cov_95.867798	KEEP	PASS_CORE	KEEP	37	6	1.71e-258	860.4	0.188	967	FAM013752
ERR2041110_clean_NODE_264_length_3006_cov_87.989875	REVIEW	AMBIGUOUS	no_viral_domain_but_blast	0	0				0	
ERR2041111_clean_NODE_11_length_7287_cov_11.733435	DROP	AMBIGUOUS	DROP	3	0	5.93e-23	81.5	0.423	2039	FAM012606
ERR2041111_clean_NODE_1334_length_2808_cov_200.820615	REVIEW	AMBIGUOUS	no_viral_domain_but_blast	0	0				0	
ERR2041111_clean_NODE_1498_length_2724_cov_10.394629	DROP	REVIEW	DROP	0	0				0	
ERR2041111_clean_NODE_1591_length_2662_cov_4.942726	DROP	REVIEW	DROP	0	0				0	
ERR2041111_clean_NODE_1657_length_2628_cov_21.491683	DROP	REVIEW	DROP	1	1	2.56e-03	17.2	0.503	153	FAM016954
ERR2041111_clean_NODE_1845_length_2540_cov_5.804565	DROP	REVIEW	DROP	0	0				0	
ERR2041111_clean_NODE_19538_length_592_cov_2.196721	REVIEW	REVIEW	short_fragment	0	0				0	
ERR2041111_clean_NODE_2087_length_2444_cov_6.898792	DROP	REVIEW	DROP	0	0				0	
ERR2041111_clean_NODE_2113_length_2432_cov_33.702386	DROP	AMBIGUOUS	DROP	13	1	2.36e-09	36.1	0.250	423	FAM026512
ERR2041111_clean_NODE_2998_length_2157_cov_4.078051	DROP	REVIEW	DROP	0	0				0	
ERR2041111_clean_NODE_2_length_9864_cov_23.069138	DROP	REVIEW	DROP	0	0				0	
ERR2041111_clean_NODE_3020_length_2150_cov_20.157570	DROP	REVIEW	DROP	0	0				0	
ERR2041111_clean_NODE_3406_length_2056_cov_8.229508	DROP	REVIEW	DROP	0	0				0	
ERR2041111_clean_NODE_447_length_3742_cov_17.814004	DROP	REVIEW	DROP	0	0				0	
ERR2041111_clean_NODE_705_length_3347_cov_7.922518	DROP	REVIEW	DROP	0	0				0	
ERR2041111_clean_NODE_965_length_3064_cov_17.245614	DROP	REVIEW	DROP	0	0				0	
ERR2041112_clean_NODE_119_length_5240_cov_10.440446	DROP	REVIEW	DROP	0	0				0	
ERR2041112_clean_NODE_1209_length_3010_cov_8.547017	DROP	AMBIGUOUS	DROP	0	0				0	
ERR2041112_clean_NODE_1210_length_3009_cov_19.049899	KEEP	PASS_VIRAL	KEEP	0	0				0	
ERR2041112_clean_NODE_1321_length_2936_cov_13.592119	DROP	REVIEW	DROP	0	0				0	
ERR2041112_clean_NODE_1467_length_2846_cov_11.134856	DROP	AMBIGUOUS	DROP	5	0	1.89e-04	19.9	0.170	789	FAM003683
ERR2041112_clean_NODE_1506_length_2830_cov_19.491568	KEEP	PASS_VIRAL	KEEP	5	2	1.01e-99	334.4	0.408	743	FAM004987
ERR2041112_clean_NODE_156_length_4937_cov_13.903351	KEEP	PASS_VIRAL	KEEP	5	0	9.99e-24	83.7	0.155	1474	FAM012657
ERR2041112_clean_NODE_189_length_4656_cov_11.579233	KEEP	PASS_VIRAL	KEEP	2	0	1.30e-24	85.5	0.156	572	FAM003309
ERR2041112_clean_NODE_20120_length_515_cov_2.442797	REVIEW	REVIEW	short_fragment	0	0				0	
ERR2041112_clean_NODE_214_length_4593_cov_12.472527	DROP	REVIEW	DROP	0	0				0	
ERR2041112_clean_NODE_2153_length_2513_cov_36.887045	REVIEW	AMBIGUOUS	short_fragment	0	0				0	
ERR2041112_clean_NODE_2218_length_2491_cov_73.939951	KEEP	PASS_VIRAL	KEEP	2	2	1.64e-71	241.0	0.905	624	FAM004905
ERR2041112_clean_NODE_2229_length_2489_cov_6.744072	DROP	REVIEW	DROP	0	0				0	
ERR2041112_clean_NODE_2390_length_2433_cov_14.861088	DROP	REVIEW	DROP	0	0				0	
ERR2041112_clean_NODE_318_length_4200_cov_7.411595	DROP	AMBIGUOUS	DROP	0	0				0	
ERR2041112_clean_NODE_321_length_4194_cov_24.734763	DROP	AMBIGUOUS	DROP	4	0	2.31e-194	646.9	0.479	1126	FAM012655
ERR2041112_clean_NODE_3297_length_2169_cov_6.464722	DROP	REVIEW	DROP	0	0				0	
ERR2041112_clean_NODE_3880_length_2032_cov_9.734037	DROP	REVIEW	DROP	0	0				0	
ERR2041112_clean_NODE_703_length_3491_cov_13.693155	KEEP	PASS_VIRAL	KEEP	13	1	4.69e-34	117.2	0.111	552	FAM008037
ERR2041112_clean_NODE_839_length_3326_cov_16.096558	KEEP	PASS_VIRAL	KEEP	9	1	8.07e-88	294.3	0.899	809	FAM011052
ERR2041112_clean_NODE_906_length_3267_cov_5.709677	DROP	REVIEW	DROP	0	0				0	
ERR2041113_clean_NODE_130_length_3329_cov_9.758065	DROP	REVIEW	DROP	0	0				0	
ERR2041113_clean_NODE_25_length_4548_cov_40.824639	DROP	REVIEW	DROP	1	0	2.59e-03	16.6	0.105	187	FAM019022
ERR2041113_clean_NODE_311_length_2783_cov_137.105839	REVIEW	AMBIGUOUS	no_viral_domain_but_blast	0	0				0	
ERR2041113_clean_NODE_81_length_3610_cov_154.575554	KEEP	PASS_VIRAL	KEEP	0	0				0	
ERR2041114_clean_NODE_282_length_4022_cov_4.994722	KEEP	PASS_VIRAL	KEEP	0	0				0	
ERR2041114_clean_NODE_34_length_6843_cov_9.563676	DROP	AMBIGUOUS	DROP	0	0				0	
ERR2041114_clean_NODE_531_length_3376_cov_25.799580	DROP	AMBIGUOUS	DROP	7	0	2.02e-39	135.1	0.311	910	FAM001834
ERR2041115_clean_NODE_1447_length_2366_cov_445.629789	KEEP	PASS_VIRAL	KEEP	6	5	3.70e-290	964.2	0.714	589	FAM004987
ERR2041115_clean_NODE_2_length_10464_cov_24.732655	DROP	AMBIGUOUS	DROP	1	0	6.25e-09	34.9	0.117	3411	FAM007630
ERR2041115_clean_NODE_324_length_3648_cov_374.824965	DROP	REVIEW	DROP	0	0				0	
ERR2041115_clean_NODE_496_length_3299_cov_52.502764	DROP	AMBIGUOUS	DROP	3	1	2.62e-190	634.1	0.970	940	FAM012595
ERR2041115_clean_NODE_598_length_3119_cov_325.512679	REVIEW	AMBIGUOUS	no_viral_domain_but_blast	0	0				0	
ERR2041115_clean_NODE_673_length_3031_cov_30.775100	DROP	REVIEW	DROP	0	0				0	
ERR2041116_clean_NODE_124_length_5614_cov_13.826064	KEEP	PASS_VIRAL	KEEP	5	0	2.82e-06	25.9	0.094	1593	FAM008483
ERR2041116_clean_NODE_1468_length_3013_cov_9.897306	DROP	AMBIGUOUS	DROP	1	0	5.12e-07	29.2	0.301	781	FAM012606
ERR2041116_clean_NODE_1658_length_2885_cov_7.340253	DROP	REVIEW	DROP	0	0				0	
ERR2041116_clean_NODE_188_length_5159_cov_11.615911	KEEP	PASS_VIRAL	KEEP	6	0	1.96e-20	72.8	0.154	1324	FAM012657
ERR2041116_clean_NODE_2266_length_2581_cov_79.511820	DROP	REVIEW	DROP	0	0				0	
ERR2041116_clean_NODE_262_length_4756_cov_21.104604	DROP	AMBIGUOUS	DROP	0	0				0	
ERR2041116_clean_NODE_4052_length_2023_cov_134.682828	DROP	REVIEW	DROP	0	0				0	
ERR2041116_clean_NODE_578_length_3938_cov_52.059050	DROP	REVIEW	DROP	0	0				0	
ERR2041116_clean_NODE_653_length_3788_cov_21.183178	DROP	AMBIGUOUS	DROP	0	0				0	
ERR2041117_clean_NODE_1033_length_2891_cov_76.202247	REVIEW	AMBIGUOUS	short_fragment	0	0				0	
ERR2041117_clean_NODE_2223_length_2260_cov_3.893099	DROP	REVIEW	DROP	0	0				0	
ERR2041117_clean_NODE_274_length_4023_cov_41.530653	DROP	AMBIGUOUS	DROP	0	0				0	
ERR2041117_clean_NODE_422_length_3656_cov_29.153889	DROP	AMBIGUOUS	DROP	0	0				0	
ERR2041119_clean_NODE_1172_length_3138_cov_4.770867	REVIEW	REVIEW	short_fragment	0	0				0	
ERR2041119_clean_NODE_1177_length_3135_cov_6.512903	DROP	REVIEW	DROP	1	0	9.35e-05	22.0	0.326	392	FAM025494
ERR2041119_clean_NODE_1223_length_3089_cov_18.065488	REVIEW	AMBIGUOUS	no_viral_domain_but_blast	0	0				0	
ERR2041119_clean_NODE_1533_length_2838_cov_5.902604	DROP	REVIEW	DROP	0	0				0	
ERR2041119_clean_NODE_15_length_8312_cov_33.198623	KEEP	PASS_CORE_FAM	KEEP	18	4	3.46e-104	349.1	0.615	1000	FAM006438
ERR2041119_clean_NODE_1606_length_2779_cov_5.241618	DROP	REVIEW	DROP	0	0				0	
ERR2041119_clean_NODE_1742_length_2681_cov_22.464853	DROP	AMBIGUOUS	DROP	0	0				0	
ERR2041119_clean_NODE_1764_length_2668_cov_8.851120	DROP	REVIEW	DROP	0	0				0	
ERR2041119_clean_NODE_2275_length_2400_cov_86.619027	DROP	AMBIGUOUS	DROP	2	0	1.01e-06	28.2	0.459	107	FAM007932
ERR2041119_clean_NODE_28_length_7498_cov_45.564116	REVIEW	AMBIGUOUS	no_viral_domain_but_blast	4	0	2.23e-07	29.5	0.294	2101	FAM012636
ERR2041119_clean_NODE_3006_length_2082_cov_11.717147	REVIEW	REVIEW	short_fragment	0	0				0	
ERR2041119_clean_NODE_310_length_4542_cov_19.610828	DROP	REVIEW	DROP	0	0				0	
ERR2041119_clean_NODE_3135_length_2037_cov_2.341159	DROP	REVIEW	DROP	0	0				0	
ERR2041119_clean_NODE_517_length_3992_cov_6.358100	DROP	AMBIGUOUS	DROP	1	0	5.64e-04	17.3	0.108	991	FAM003979
ERR2041120_clean_NODE_1287_length_2548_cov_9.307385	DROP	REVIEW	DROP	0	0				0	
ERR2041120_clean_NODE_1555_length_2394_cov_11.753722	DROP	REVIEW	DROP	0	0				0	
ERR2041120_clean_NODE_1763_length_2296_cov_18.368398	DROP	AMBIGUOUS	DROP	0	0				0	
ERR2041120_clean_NODE_1863_length_2261_cov_26.605500	DROP	REVIEW	DROP	0	0				0	
ERR2041120_clean_NODE_2220_length_2133_cov_5.410526	DROP	AMBIGUOUS	DROP	0	0				0	
ERR2041120_clean_NODE_3_length_7829_cov_102.020293	DROP	REVIEW	DROP	0	0				0	
ERR2041120_clean_NODE_418_length_3441_cov_30.579164	REVIEW	AMBIGUOUS	no_viral_domain_but_blast	0	0				0	
ERR2041120_clean_NODE_531_length_3233_cov_6.769279	DROP	REVIEW	DROP	0	0				0	
ERR2041120_clean_NODE_638_length_3078_cov_12.961779	DROP	AMBIGUOUS	DROP	0	0				0	
ERR2041121_clean_NODE_1069_length_2500_cov_10.988197	DROP	REVIEW	DROP	0	0				0	
ERR2041121_clean_NODE_125_length_4110_cov_6.002705	DROP	REVIEW	DROP	0	0				0	
ERR2041121_clean_NODE_1576_length_2206_cov_7.420712	DROP	REVIEW	DROP	0	0				0	
ERR2041121_clean_NODE_1_length_8317_cov_7.772540	DROP	AMBIGUOUS	DROP	0	0				0	
ERR2041121_clean_NODE_23_length_5551_cov_9.474764	REVIEW	AMBIGUOUS	no_viral_domain_but_blast	2	0	9.26e-31	107.2	0.438	1473	FAM012606
ERR2041121_clean_NODE_249_length_3635_cov_62.951281	DROP	REVIEW	DROP	0	0				0	
ERR2041121_clean_NODE_464_length_3194_cov_34.115202	REVIEW	AMBIGUOUS	no_viral_domain_but_blast	0	0				0	
ERR2041122_clean_NODE_1286_length_3073_cov_13.595050	DROP	REVIEW	DROP	0	0				0	
ERR2041122_clean_NODE_1873_length_2739_cov_12.514095	DROP	AMBIGUOUS	DROP	0	0				0	
ERR2041122_clean_NODE_3050_length_2296_cov_8.411451	DROP	REVIEW	DROP	3	0	3.53e-04	19.6	0.251	184	FAM009327
ERR2041122_clean_NODE_3377_length_2198_cov_17.169374	DROP	REVIEW	DROP	0	0				0	
ERR2041122_clean_NODE_3469_length_2174_cov_3.171281	DROP	REVIEW	DROP	0	0				0	
ERR2041122_clean_NODE_397_length_4173_cov_3.805327	DROP	AMBIGUOUS	DROP	2	2	7.32e-27	94.4	0.699	1131	FAM012606
ERR2041122_clean_NODE_701_length_3630_cov_6.960970	KEEP	PASS_VIRAL	KEEP	11	1	6.44e-167	556.8	0.648	978	FAM013464
ERR2041122_clean_NODE_842_length_3447_cov_14.139542	DROP	REVIEW	DROP	0	0				0	
ERR2041122_clean_NODE_846_length_3443_cov_87.925588	REVIEW	AMBIGUOUS	no_viral_domain_but_blast	0	0				0	
ERR2041123_clean_NODE_1211_length_2856_cov_7.477426	DROP	REVIEW	DROP	0	0				0	
ERR2041123_clean_NODE_229_length_4416_cov_13.488909	DROP	AMBIGUOUS	DROP	1	0	1.10e-05	24.0	0.167	83	FAM024700
ERR2041123_clean_NODE_2531_length_2288_cov_27.910022	DROP	REVIEW	DROP	0	0				0	
ERR2041123_clean_NODE_3602_length_2025_cov_15.255298	DROP	REVIEW	DROP	0	0				0	
ERR2041123_clean_NODE_3603_length_2025_cov_14.795156	DROP	REVIEW	DROP	0	0				0	
ERR2041123_clean_NODE_741_length_3282_cov_5.237419	DROP	REVIEW	DROP	9	2	5.15e-15	54.2	0.265	805	FAM023647
ERR2041123_clean_NODE_773_length_3251_cov_4.703242	DROP	REVIEW	DROP	0	0				0	
ERR2041124_clean_NODE_1375_length_2088_cov_14.242054	KEEP	PASS_VIRAL	KEEP	0	0				0	
ERR2041124_clean_NODE_15_length_5650_cov_60.342607	KEEP	PASS_VIRAL	KEEP	26	7	2.34e-102	343.4	0.370	447	FAM008902
ERR2041124_clean_NODE_867_length_2480_cov_5.288059	DROP	REVIEW	DROP	0	0				0	
ERR2041124_clean_NODE_922_length_2418_cov_17.768000	DROP	AMBIGUOUS	DROP	0	0				0	
ERR2041125_clean_NODE_207_length_3968_cov_22.197452	KEEP	PASS_VIRAL	KEEP	16	0	7.20e-48	163.3	0.289	219	FAM004890
ERR2041125_clean_NODE_53_length_5441_cov_95.699333	DROP	REVIEW	DROP	0	0				0	
ERR2041126_clean_NODE_52_length_3448_cov_48.701028	DROP	AMBIGUOUS	DROP	0	0				0	
ERR2041127_clean_NODE_10441_length_584_cov_1.881701	KEEP	PASS_CORE	KEEP	0	0				0	
ERR2041127_clean_NODE_1362_length_3338_cov_153.887405	DROP	REVIEW	DROP	0	0				0	
ERR2041127_clean_NODE_1370_length_3328_cov_76.988128	DROP	REVIEW	DROP	0	0				0	
ERR2041127_clean_NODE_1637_length_3065_cov_9.213435	DROP	REVIEW	DROP	0	0				0	
ERR2041127_clean_NODE_184_length_6681_cov_16.811540	DROP	REVIEW	DROP	0	0				0	
ERR2041127_clean_NODE_2675_length_2284_cov_154.251227	DROP	REVIEW	DROP	1	0	1.37e-04	21.5	0.244	235	FAM003598
ERR2041127_clean_NODE_2850_length_2193_cov_12.102326	DROP	REVIEW	DROP	0	0				0	
ERR2041127_clean_NODE_470_length_5083_cov_35.416667	DROP	AMBIGUOUS	DROP	3	0	6.37e-09	35.0	0.319	946	FAM001639
ERR2041127_clean_NODE_618_length_4673_cov_41.594384	DROP	AMBIGUOUS	DROP	0	0				0	
ERR2041127_clean_NODE_833_length_4150_cov_7.024349	DROP	REVIEW	DROP	0	0				0	
ERR2041127_clean_NODE_871_length_4075_cov_61.468502	DROP	AMBIGUOUS	DROP	0	0				0	
ERR2041128_clean_NODE_11022_length_697_cov_7.385321	REVIEW	AMBIGUOUS	short_fragment	0	0				0	
ERR2041128_clean_NODE_2012_length_2207_cov_6.675601	DROP	REVIEW	DROP	0	0				0	
ERR2041128_clean_NODE_231_length_4362_cov_46.661033	DROP	REVIEW	DROP	4	0	1.79e-06	25.8	0.097	565	FAM008353
ERR2041128_clean_NODE_481_length_3619_cov_4.775168	DROP	AMBIGUOUS	DROP	0	0				0	
ERR2041129_clean_NODE_125_length_4577_cov_27.576092	DROP	AMBIGUOUS	DROP	0	0				0	
ERR2041129_clean_NODE_1374_length_2280_cov_13.934287	DROP	REVIEW	DROP	0	0				0	
ERR2041129_clean_NODE_181_length_4164_cov_25.733560	DROP	REVIEW	DROP	24	6	5.18e-42	143.1	0.366	1104	FAM003309
ERR2041129_clean_NODE_421_length_3387_cov_23.608553	DROP	REVIEW	DROP	10	2	9.25e-38	129.1	0.366	910	FAM003310
ERR2041129_clean_NODE_559_length_3106_cov_181.548808	REVIEW	AMBIGUOUS	no_viral_domain_but_blast	0	0				0	
ERR2041130_clean_NODE_106_length_6250_cov_31.874335	DROP	REVIEW	DROP	0	0				0	
ERR2041130_clean_NODE_1292_length_2862_cov_17.703086	DROP	REVIEW	DROP	0	0				0	
ERR2041130_clean_NODE_1565_length_2597_cov_26.054424	DROP	REVIEW	DROP	0	0				0	
ERR2041130_clean_NODE_19_length_8627_cov_35.397251	KEEP	PASS_VIRAL	KEEP	2	0	8.03e-15	53.8	0.104	1103	FAM012718
ERR2041130_clean_NODE_35_length_7735_cov_15.066823	DROP	REVIEW	DROP	0	0				0	
ERR2041130_clean_NODE_960_length_3244_cov_12.963761	DROP	AMBIGUOUS	DROP	2	0	1.38e-07	30.1	0.127	478	FAM022056
ERR2041131_clean_NODE_1549_length_2924_cov_8.989240	DROP	REVIEW	DROP	0	0				0	
ERR2041131_clean_NODE_499_length_5160_cov_15.010944	DROP	AMBIGUOUS	DROP	17	0	2.01e-47	161.8	0.189	429	FAM007630
ERR2041131_clean_NODE_500_length_5152_cov_12.363280	DROP	AMBIGUOUS	DROP	0	0				0	
ERR2041131_clean_NODE_62_length_9277_cov_26.994585	DROP	AMBIGUOUS	DROP	4	0	1.67e-08	33.7	0.271	778	FAM019854
ERR2041131_clean_NODE_650_length_4590_cov_23.365296	KEEP	PASS_VIRAL	KEEP	3	0	1.05e-60	205.3	0.413	573	FAM004705
ERR2041131_clean_NODE_906_length_3919_cov_50.797988	DROP	AMBIGUOUS	DROP	5	2	3.08e-13	49.7	0.830	144	FAM023757
ERR2041132_clean_NODE_587_length_3713_cov_10.102997	KEEP	PASS_VIRAL	KEEP	12	2	2.36e-34	117.9	0.563	1059	FAM004770
ERR2041133_clean_NODE_1287_length_2053_cov_37.181728	DROP	AMBIGUOUS	DROP	0	0				0	
ERR2041133_clean_NODE_25_length_6652_cov_15.973537	DROP	REVIEW	DROP	0	0				0	
ERR2041133_clean_NODE_306_length_3636_cov_22.396997	DROP	REVIEW	DROP	0	0				0	
ERR2041134_clean_NODE_2568_length_2119_cov_4.101156	REVIEW	REVIEW	short_fragment	10	0	1.03e-17	63.0	0.117	169	FAM003304
ERR2041134_clean_NODE_2633_length_2082_cov_36.249632	DROP	AMBIGUOUS	DROP	2	0	1.18e-08	33.6	0.131	483	FAM022056
ERR2041134_clean_NODE_361_length_5025_cov_24.454235	REVIEW	AMBIGUOUS	no_viral_domain_but_blast	6	0	7.19e-57	192.7	0.173	711	FAM012595
ERR2041134_clean_NODE_387_length_4952_cov_20.384600	REVIEW	REVIEW	short_fragment	2	1	7.22e-05	21.7	0.426	458	FAM001639
ERR2041134_clean_NODE_460_length_4710_cov_4.912578	KEEP	PASS_VIRAL	KEEP	22	0	9.12e-51	172.9	0.410	549	FAM004890
ERR2041134_clean_NODE_48_length_8338_cov_24.758168	DROP	AMBIGUOUS	DROP	1	0	8.62e-05	22.3	0.405	1478	FAM005006
ERR2041134_clean_NODE_61_length_8012_cov_20.928222	REVIEW	AMBIGUOUS	no_viral_domain_but_blast	2	1	3.18e-56	189.5	0.695	143	FAM000109
ERR2041134_clean_NODE_6223_length_768_cov_1.782069	REVIEW	REVIEW	short_fragment	0	0				0	
ERR2041134_clean_NODE_675_length_4130_cov_18.809885	KEEP	PASS_VIRAL	KEEP	0	0				0	
ERR2041134_clean_NODE_755_length_3985_cov_22.471081	DROP	AMBIGUOUS	DROP	0	0				0	
ERR2041135_clean_NODE_1059_length_3553_cov_21.482621	REVIEW	REVIEW	short_fragment	0	0				0	
ERR2041135_clean_NODE_1868_length_2705_cov_132.042825	KEEP	PASS_VIRAL	KEEP	6	2	1.25e-85	287.1	0.937	607	FAM011052
ERR2041135_clean_NODE_2260_length_2423_cov_29.678151	DROP	REVIEW	DROP	0	0				0	
ERR2041135_clean_NODE_718_length_4125_cov_23.667810	DROP	AMBIGUOUS	DROP	12	1	4.81e-35	120.9	0.676	1218	FAM003842
ERR2041135_clean_NODE_762_length_4038_cov_13.462078	KEEP	PASS_VIRAL	KEEP	19	0	1.49e-53	182.1	0.333	535	FAM004890
ERR2041135_clean_NODE_7722_length_551_cov_2.503937	KEEP	PASS_CORE	KEEP	0	0				0	
ERR2041136_clean_NODE_1372_length_3029_cov_55.717013	DROP	AMBIGUOUS	DROP	0	0				0	
ERR2041136_clean_NODE_1735_length_2697_cov_6.195177	REVIEW	AMBIGUOUS	short_fragment	18	3	3.91e-33	114.1	0.427	550	FAM003304
ERR2041136_clean_NODE_1991_length_2485_cov_8.123669	KEEP	PASS_VIRAL	KEEP	6	0	5.63e-21	74.1	0.311	642	FAM019894
ERR2041136_clean_NODE_2199_length_2342_cov_17.262288	DROP	REVIEW	DROP	0	0				0	
ERR2041136_clean_NODE_232_length_5632_cov_28.637323	DROP	AMBIGUOUS	DROP	0	0				0	
ERR2041136_clean_NODE_856_length_3747_cov_27.986501	KEEP	PASS_VIRAL	KEEP	19	0	3.91e-53	180.7	0.390	545	FAM004890
ERR2041136_clean_NODE_968_length_3530_cov_71.943504	REVIEW	AMBIGUOUS	no_viral_domain_but_blast	10	1	4.39e-25	88.4	0.810	590	FAM012487
ERR2041137_clean_NODE_106_length_6959_cov_24.582418	REVIEW	AMBIGUOUS	no_viral_domain_but_blast	1	0	1.43e-27	96.1	0.442	93	FAM000109
ERR2041137_clean_NODE_1504_length_3012_cov_29.729539	DROP	AMBIGUOUS	DROP	0	0				0	
ERR2041137_clean_NODE_1525_length_2993_cov_29.173559	KEEP	PASS_VIRAL	KEEP	20	0	2.49e-55	187.9	0.388	420	FAM004890
ERR2041137_clean_NODE_2160_length_2465_cov_36.410818	REVIEW	REVIEW	short_fragment	8	0	7.36e-09	31.6	0.029	412	FAM001712
ERR2041137_clean_NODE_299_length_5373_cov_40.029831	DROP	AMBIGUOUS	DROP	0	0				0	
ERR2041137_clean_NODE_5916_length_937_cov_3.941834	REVIEW	REVIEW	short_fragment	0	0				0	
ERR2041138_clean_NODE_1735_length_3480_cov_148.686645	REVIEW	AMBIGUOUS	no_viral_domain_but_blast	0	0				0	
ERR2041138_clean_NODE_2371_length_2926_cov_22.256677	REVIEW	REVIEW	short_fragment	0	0				0	
ERR2041138_clean_NODE_2676_length_2694_cov_26.073934	REVIEW	AMBIGUOUS	short_fragment	15	2	1.06e-13	49.7	0.170	257	FAM003304
ERR2041138_clean_NODE_28_length_11695_cov_34.767937	DROP	AMBIGUOUS	DROP	2	0	1.19e-40	139.0	0.236	968	FAM012634
ERR2041138_clean_NODE_373_length_6468_cov_10.289961	REVIEW	AMBIGUOUS	short_fragment	30	8	3.22e-97	326.4	0.718	930	FAM003304
ERR2041138_clean_NODE_3869_length_2023_cov_5.983333	DROP	REVIEW	DROP	0	0				0	
ERR2041138_clean_NODE_634_length_5396_cov_23.051373	DROP	AMBIGUOUS	DROP	0	0				0	
ERR2041138_clean_NODE_7728_length_731_cov_3.639535	REVIEW	REVIEW	short_fragment	0	0				0	
ERR2041138_clean_NODE_833_length_4876_cov_37.029588	REVIEW	AMBIGUOUS	no_viral_domain_but_blast	1	0	1.22e-03	16.2	0.112	532	FAM002019
ERR2041139_clean_NODE_1553_length_3217_cov_87.876812	REVIEW	AMBIGUOUS	no_viral_domain_but_blast	0	0				0	
ERR2041139_clean_NODE_301_length_5732_cov_39.388645	DROP	REVIEW	DROP	0	0				0	
ERR2041139_clean_NODE_43_length_8491_cov_20.083333	DROP	AMBIGUOUS	DROP	1	0	6.27e-51	172.9	0.385	456	FAM018797
ERR2041139_clean_NODE_554_length_4757_cov_23.552185	REVIEW	PASS_VIRAL	short_fragment	13	1	4.09e-09	34.7	0.112	152	FAM008902
ERR2041139_clean_NODE_56_length_8103_cov_42.134243	DROP	AMBIGUOUS	DROP	0	0				0	
ERR2041139_clean_NODE_655_length_4502_cov_83.945728	REVIEW	REVIEW	short_fragment	0	0				0	
ERR2041140_clean_NODE_1991_length_2743_cov_4.660000	REVIEW	REVIEW	short_fragment	7	0	1.63e-08	32.6	0.061	168	FAM003304
ERR2041140_clean_NODE_257_length_5437_cov_59.383018	DROP	AMBIGUOUS	DROP	0	0				0	
ERR2041140_clean_NODE_343_length_5050_cov_32.259437	DROP	AMBIGUOUS	DROP	18	0	1.56e-10	39.7	0.133	95	FAM000970
ERR2041140_clean_NODE_824_length_3939_cov_693.563912	DROP	AMBIGUOUS	DROP	3	0	8.63e-06	25.1	0.271	81	FAM015117
ERR2041141_clean_NODE_3211_length_1639_cov_9.070802	KEEP	PASS_VIRAL	KEEP	11	0	4.16e-40	137.7	0.345	236	FAM004890
ERR2041141_clean_NODE_559_length_3498_cov_12.777135	DROP	REVIEW	DROP	0	0				0	
ERR2041141_clean_NODE_759_length_3198_cov_22.989223	DROP	REVIEW	DROP	0	0				0	
ERR2041142_clean_NODE_1962_length_2982_cov_34.646138	DROP	REVIEW	DROP	0	0				0	
ERR2041142_clean_NODE_206_length_7716_cov_25.913984	DROP	AMBIGUOUS	DROP	2	2	8.94e-19	67.7	0.902	252	FAM017252
ERR2041142_clean_NODE_94_length_9175_cov_15.705212	DROP	AMBIGUOUS	DROP	2	1	4.35e-57	193.5	0.871	866	FAM005877
ERR2041143_clean_NODE_110_length_9483_cov_63.166949	DROP	AMBIGUOUS	DROP	0	0				0	
ERR2041143_clean_NODE_1531_length_3286_cov_21.872649	KEEP	PASS_VIRAL	KEEP	4	1	2.19e-75	253.4	0.887	529	FAM011052
ERR2041143_clean_NODE_480_length_6051_cov_66.061085	DROP	AMBIGUOUS	DROP	0	0				0	
ERR2041143_clean_NODE_620_length_5399_cov_44.289208	KEEP	PASS_VIRAL	KEEP	11	1	5.05e-158	527.4	0.644	1002	FAM013464
ERR2041143_clean_NODE_814_length_4775_cov_31.046281	KEEP	PASS_CORE_FAM	KEEP	0	0				0	
ERR2041144_clean_NODE_5323_length_900_cov_1.953542	KEEP	PASS_VIRAL	KEEP	0	0				0	
ERR2041145_clean_NODE_160_length_7667_cov_23.881952	KEEP	PASS_VIRAL	KEEP	5	2	3.96e-37	127.6	0.518	2142	FAM013464
ERR2041145_clean_NODE_175_length_7559_cov_43.355641	DROP	REVIEW	DROP	22	0	5.68e-11	40.6	0.053	60	FAM002064
ERR2041145_clean_NODE_1878_length_3073_cov_36.164686	DROP	AMBIGUOUS	DROP	0	0				0	
ERR2041145_clean_NODE_1900_length_3045_cov_43.142572	DROP	AMBIGUOUS	DROP	2	1	6.52e-08	31.6	0.593	476	FAM005886
ERR2041145_clean_NODE_2979_length_2233_cov_4.763014	DROP	REVIEW	DROP	35	5	1.56e-28	98.7	0.145	195	FAM008904
ERR2041145_clean_NODE_342_length_6400_cov_28.882649	DROP	AMBIGUOUS	DROP	3	1	4.00e-06	26.5	0.441	1089	FAM012804
ERR2041145_clean_NODE_505_length_5676_cov_39.526363	KEEP	PASS_VIRAL	KEEP	49	15	1.49e-69	234.6	0.156	1103	FAM008177
ERR2041145_clean_NODE_538_length_5524_cov_16.310527	DROP	AMBIGUOUS	DROP	0	0				0	
ERR2041145_clean_NODE_612_length_5223_cov_26.800386	KEEP	PASS_VIRAL	KEEP	81	31	1.33e-86	291.1	0.163	297	FAM008177
ERR2041145_clean_NODE_766_length_4727_cov_14.500000	DROP	REVIEW	DROP	5	0	2.21e-05	22.2	0.030	42	FAM003304
ERR2041145_clean_NODE_831_length_4580_cov_45.188451	DROP	AMBIGUOUS	DROP	8	4	5.18e-115	384.3	0.919	553	FAM012776
ERR2041145_clean_NODE_845_length_4556_cov_40.091292	KEEP	PASS_VIRAL	KEEP	21	0	2.76e-53	181.2	0.436	733	FAM004890
ERR2041145_clean_NODE_859_length_4534_cov_18.682921	KEEP	PASS_VIRAL	KEEP	13	0	1.78e-42	145.5	0.434	351	FAM004890
ERR2041146_clean_NODE_1957_length_2727_cov_13.182191	DROP	AMBIGUOUS	DROP	1	0	5.22e-03	15.7	0.397	762	FAM010564
ERR2041146_clean_NODE_248_length_5499_cov_13.003849	DROP	AMBIGUOUS	DROP	16	0	7.22e-09	34.3	0.120	1284	FAM031094
ERR2041146_clean_NODE_35_length_8335_cov_49.145683	DROP	AMBIGUOUS	DROP	1	0	8.44e-05	20.9	0.105	489	FAM022056
ERR2041147_clean_NODE_143_length_6767_cov_39.062165	KEEP	PASS_VIRAL	KEEP	1	1	9.37e-03	15.0	0.511	1562	FAM007508
ERR2041147_clean_NODE_321_length_5481_cov_11.580177	KEEP	PASS_VIRAL	KEEP	47	15	5.51e-60	202.9	0.181	1096	FAM008177
ERR2041147_clean_NODE_652_length_4368_cov_15.850405	KEEP	PASS_VIRAL	KEEP	4	0	3.68e-66	223.3	0.472	628	FAM004705
ERR2041147_clean_NODE_66_length_8192_cov_90.462511	DROP	AMBIGUOUS	DROP	2	0	2.30e-04	19.7	0.364	460	FAM032403
ERR2041148_clean_NODE_2845_length_2319_cov_19.376977	KEEP	PASS_CORE	KEEP	30	0	1.68e-26	92.1	0.099	213	FAM003304
ERR2041148_clean_NODE_40_length_8538_cov_31.030489	KEEP	PASS_VIRAL	KEEP	7	3	3.29e-119	398.3	0.919	529	FAM005402
ERR2041148_clean_NODE_5037_length_1373_cov_3.395489	DROP	REVIEW	DROP	11	1	1.16e-24	86.0	0.191	255	FAM003304
ERR2041148_clean_NODE_55_length_8184_cov_57.582975	DROP	AMBIGUOUS	DROP	1	0	6.72e-04	17.9	0.070	471	FAM022056
ERR2041149_clean_NODE_1137_length_3530_cov_70.091769	KEEP	PASS_VIRAL	KEEP	5	1	9.93e-67	224.9	0.899	710	FAM011052
ERR2041149_clean_NODE_1307_length_3334_cov_93.239745	REVIEW	AMBIGUOUS	no_viral_domain_but_blast	0	0				0	
ERR2041149_clean_NODE_14_length_9746_cov_29.367103	KEEP	PASS_VIRAL	KEEP	89	6	6.38e-26	90.9	0.438	456	FAM032199
ERR2041149_clean_NODE_2830_length_2268_cov_49.340674	DROP	REVIEW	DROP	0	0				0	
ERR2041149_clean_NODE_356_length_5142_cov_13.219063	DROP	AMBIGUOUS	DROP	0	0				0	
ERR2041149_clean_NODE_98_length_6931_cov_75.037602	KEEP	PASS_CORE	KEEP	43	19	7.01e-210	699.5	0.884	1486	FAM003304
ERR2041150_clean_NODE_1430_length_3104_cov_30.493638	DROP	AMBIGUOUS	DROP	19	9	8.21e-25	86.5	0.897	726	FAM005900
ERR2041150_clean_NODE_59_length_7620_cov_16.069516	DROP	AMBIGUOUS	DROP	8	2	2.16e-16	58.6	0.178	409	FAM008353
ERR2041150_clean_NODE_7519_length_569_cov_2.669811	DROP	REVIEW	DROP	0	0				0	
ERR2041151_clean_NODE_1354_length_2214_cov_59.479503	DROP	REVIEW	DROP	0	0				0	
ERR2041151_clean_NODE_1543_length_2090_cov_83.497802	DROP	AMBIGUOUS	DROP	0	0				0	
ERR2041151_clean_NODE_376_length_3565_cov_31.091141	DROP	AMBIGUOUS	DROP	0	0				0	
ERR2041151_clean_NODE_445_length_3336_cov_332.993015	REVIEW	AMBIGUOUS	no_viral_domain_but_blast	0	0				0	
ERR2041151_clean_NODE_542_length_3130_cov_81.557823	DROP	AMBIGUOUS	DROP	4	2	1.32e-107	360.5	0.631	844	FAM007805
ERR2041152_clean_NODE_142_length_2613_cov_16.720233	DROP	AMBIGUOUS	DROP	0	0				0	
ERR2041153_clean_NODE_1287_length_1800_cov_2.805350	KEEP	PASS_CORE	KEEP	0	0				0	
ERR2041153_clean_NODE_140_length_3177_cov_166.960115	REVIEW	AMBIGUOUS	no_viral_domain_but_blast	0	0				0	
ERR2041153_clean_NODE_3_length_8469_cov_20.686209	KEEP	PASS_CORE	KEEP	100	35	0.00e+00	2195.2	0.933	1915	FAM000080
ERR2041154_clean_NODE_419_length_2580_cov_232.783209	KEEP	PASS_VIRAL	KEEP	1	1	3.26e-18	65.9	0.582	579	FAM022736
ERR2041155_clean_NODE_14328_length_611_cov_111.367958	KEEP	PASS_CORE	KEEP	0	0				0	
ERR2041155_clean_NODE_335_length_3413_cov_9.993769	DROP	AMBIGUOUS	DROP	0	0				0	
ERR2041155_clean_NODE_41_length_5467_cov_10.963496	DROP	AMBIGUOUS	DROP	19	11	0.00e+00	1397.2	0.938	1698	FAM007819
ERR2041156_clean_NODE_257_length_2427_cov_8.944631	DROP	AMBIGUOUS	DROP	0	0				0	
ERR2041157_clean_NODE_159_length_5119_cov_12.517336	DROP	REVIEW	DROP	0	0				0	
ERR2041157_clean_NODE_1625_length_2561_cov_7.971803	DROP	REVIEW	DROP	0	0				0	
ERR2041157_clean_NODE_1732_length_2502_cov_27.336722	DROP	AMBIGUOUS	DROP	0	0				0	
ERR2041157_clean_NODE_1783_length_2474_cov_7.825586	DROP	REVIEW	DROP	0	0				0	
ERR2041157_clean_NODE_3002_length_2037_cov_13.432798	DROP	AMBIGUOUS	DROP	19	0	6.86e-38	130.4	0.227	319	FAM007630
ERR2041157_clean_NODE_4110_length_1781_cov_13.024741	KEEP	PASS_VIRAL	KEEP	12	0	8.50e-35	120.1	0.388	395	FAM004890
ERR2041157_clean_NODE_415_length_3846_cov_13.643702	KEEP	PASS_VIRAL	KEEP	1	0	3.07e-05	22.9	0.370	1070	FAM020979
ERR2041157_clean_NODE_827_length_3144_cov_21.032893	DROP	AMBIGUOUS	DROP	4	2	6.39e-36	123.4	0.869	668	FAM004798
ERR2041158_clean_NODE_103_length_6701_cov_13.842896	DROP	AMBIGUOUS	DROP	4	1	4.06e-24	85.1	0.743	1635	FAM017437
ERR2041158_clean_NODE_3059_length_2645_cov_11.342045	DROP	REVIEW	DROP	1	0	1.12e-03	18.1	0.115	68	FAM005909
ERR2041158_clean_NODE_316_length_5513_cov_11.540585	DROP	AMBIGUOUS	DROP	0	0				0	
ERR2041158_clean_NODE_580_length_4746_cov_11.004253	DROP	AMBIGUOUS	DROP	0	0				0	
ERR2041158_clean_NODE_945_length_4136_cov_17.475446	DROP	AMBIGUOUS	DROP	0	0				0	
ERR2041159_clean_NODE_1773_length_2055_cov_11.386183	REVIEW	REVIEW	short_fragment	0	0				0	
ERR2041159_clean_NODE_2198_length_1874_cov_2.465866	DROP	AMBIGUOUS	DROP	0	0				0	
ERR2041159_clean_NODE_348_length_3726_cov_57.362748	DROP	AMBIGUOUS	DROP	9	0	5.20e-24	84.7	0.158	451	FAM017437
ERR2041159_clean_NODE_548_length_3133_cov_6.506472	KEEP	PASS_VIRAL	KEEP	6	0	4.77e-19	68.3	0.138	813	FAM012657
ERR2041159_clean_NODE_993_length_2540_cov_45.614738	KEEP	PASS_VIRAL	KEEP	14	0	2.32e-13	49.5	0.202	535	FAM012423
ERR2041160_clean_NODE_362_length_3154_cov_1116.864674	DROP	AMBIGUOUS	DROP	0	0				0	
ERR2041161_clean_NODE_2876_length_2106_cov_18.471159	DROP	REVIEW	DROP	0	0				0	
ERR2041161_clean_NODE_669_length_3371_cov_3.086538	DROP	REVIEW	DROP	0	0				0	
ERR2041161_clean_NODE_854_length_3167_cov_13.767926	REVIEW	AMBIGUOUS	no_viral_domain_but_blast	2	1	1.27e-111	370.2	0.963	546	FAM000109
ERR2041163_clean_NODE_251_length_3883_cov_19.044271	KEEP	PASS_CORE	KEEP	5	1	5.21e-80	269.3	0.421	861	FAM004987
ERR2041163_clean_NODE_340_length_3614_cov_16.633436	KEEP	PASS_VIRAL	KEEP	14	0	1.24e-09	35.5	0.160	907	FAM000262
ERR2041164_clean_NODE_1093_length_2954_cov_35.487461	DROP	REVIEW	DROP	0	0				0	
ERR2041164_clean_NODE_1641_length_2602_cov_14.780383	DROP	AMBIGUOUS	DROP	0	0				0	
ERR2041164_clean_NODE_300_length_4060_cov_11.081155	KEEP	PASS_VIRAL	KEEP	2	1	6.93e-20	70.4	0.530	865	FAM010784
ERR2041165_clean_NODE_22_length_4138_cov_5.791697	DROP	REVIEW	DROP	0	0				0	
ERR2041166_clean_NODE_1744_length_2701_cov_22.037998	REVIEW	AMBIGUOUS	no_viral_domain_but_blast	2	1	4.00e-51	172.4	0.799	151	FAM007896
ERR2041166_clean_NODE_2106_length_2385_cov_297.637489	DROP	REVIEW	DROP	0	0				0	
ERR2041166_clean_NODE_546_length_4531_cov_223.062166	REVIEW	AMBIGUOUS	no_viral_domain_but_blast	0	0				0	
ERR2041167_clean_NODE_1711_length_2096_cov_8.778373	DROP	REVIEW	DROP	0	0				0	
ERR2041167_clean_NODE_27_length_5749_cov_10.667718	DROP	REVIEW	DROP	0	0				0	
ERR2041167_clean_NODE_509_length_2958_cov_4.195197	REVIEW	REVIEW	short_fragment	0	0				0	
ERR2041167_clean_NODE_6299_length_1265_cov_59.585925	KEEP	PASS_VIRAL	KEEP	26	1	4.53e-71	239.9	0.431	336	FAM004890
ERR2041167_clean_NODE_811_length_2602_cov_6.023447	DROP	AMBIGUOUS	DROP	0	0				0	
ERR2041168_clean_NODE_150_length_3073_cov_25.165677	DROP	REVIEW	DROP	0	0				0	
ERR2041168_clean_NODE_2732_length_1365_cov_15.625567	KEEP	PASS_VIRAL	KEEP	26	1	3.44e-71	240.3	0.439	341	FAM004890
ERR2041168_clean_NODE_709_length_2072_cov_20.050271	DROP	REVIEW	DROP	1	0	1.13e-04	19.6	0.062	167	FAM007810
ERR2041169_clean_NODE_1756_length_2080_cov_27.511537	DROP	AMBIGUOUS	DROP	0	0				0	
ERR2041169_clean_NODE_248_length_3403_cov_7.000000	KEEP	PASS_VIRAL	KEEP	3	2	1.61e-81	273.6	0.884	864	FAM011052
ERR2041169_clean_NODE_51_length_4519_cov_10.252234	DROP	AMBIGUOUS	DROP	0	0				0	
ERR2041169_clean_NODE_910_length_2528_cov_10.407243	REVIEW	REVIEW	short_fragment	0	0				0	
ERR2041170_clean_NODE_1584_length_2879_cov_16.835331	DROP	AMBIGUOUS	DROP	0	0				0	
ERR2041170_clean_NODE_2180_length_2586_cov_22.051907	DROP	REVIEW	DROP	0	0				0	
ERR2041170_clean_NODE_3983_length_2048_cov_9.010474	REVIEW	REVIEW	short_fragment	0	0				0	
ERR2041171_clean_NODE_1346_length_3171_cov_13.507992	DROP	REVIEW	DROP	0	0				0	
ERR2041171_clean_NODE_1664_length_2960_cov_4.778882	DROP	AMBIGUOUS	DROP	0	0				0	
ERR2041171_clean_NODE_2595_length_2530_cov_10.169682	DROP	AMBIGUOUS	DROP	0	0				0	
ERR2041171_clean_NODE_613_length_3902_cov_12.777922	DROP	AMBIGUOUS	DROP	0	0				0	
ERR2041171_clean_NODE_617_length_3898_cov_52.878859	REVIEW	AMBIGUOUS	short_fragment	2	0	8.71e-103	344.5	0.286	1017	FAM010955
ERR2041172_clean_NODE_1293_length_3680_cov_14.064064	KEEP	PASS_VIRAL	KEEP	16	1	4.51e-10	36.9	0.171	964	FAM000262
ERR2041172_clean_NODE_2672_length_2891_cov_25.624298	DROP	REVIEW	DROP	0	0				0	
ERR2041172_clean_NODE_3329_length_2634_cov_11.562717	DROP	REVIEW	DROP	0	0				0	
ERR2041172_clean_NODE_3346_length_2629_cov_11.124130	DROP	AMBIGUOUS	DROP	1	1	7.62e-36	123.6	0.803	486	FAM012487
ERR2041172_clean_NODE_3929_length_2454_cov_8.317710	DROP	AMBIGUOUS	DROP	0	0				0	
ERR2041172_clean_NODE_3964_length_2443_cov_55.078750	DROP	REVIEW	DROP	0	0				0	
ERR2041172_clean_NODE_5428_length_2080_cov_7.131566	DROP	REVIEW	DROP	0	0				0	
ERR2041172_clean_NODE_865_length_4102_cov_32.451343	DROP	REVIEW	DROP	0	0				0	
ERR2041173_clean_NODE_1571_length_2436_cov_5.339741	KEEP	PASS_VIRAL	KEEP	0	0				0	
ERR2041173_clean_NODE_1971_length_2282_cov_16.846360	DROP	AMBIGUOUS	DROP	0	0				0	
ERR2041173_clean_NODE_2778_length_2021_cov_16.135490	DROP	REVIEW	DROP	0	0				0	
ERR2041174_clean_NODE_13204_length_918_cov_1.901714	KEEP	PASS_VIRAL	KEEP	0	0				0	
ERR2041174_clean_NODE_1525_length_3065_cov_19.153210	DROP	REVIEW	DROP	0	0				0	
ERR2041174_clean_NODE_1962_length_2825_cov_46.738318	DROP	REVIEW	DROP	0	0				0	
ERR2041174_clean_NODE_247_length_4828_cov_24.104284	DROP	AMBIGUOUS	DROP	1	0	1.94e-03	17.8	0.327	175	FAM005900
ERR2041174_clean_NODE_3769_length_2206_cov_30.867776	DROP	AMBIGUOUS	DROP	0	0				0	
ERR2041174_clean_NODE_570_length_4023_cov_26.023116	DROP	AMBIGUOUS	DROP	13	3	2.85e-142	475.3	0.385	586	FAM003309
ERR2041174_clean_NODE_646_length_3908_cov_32.488745	DROP	REVIEW	DROP	0	0				0	
ERR2041175_clean_NODE_1168_length_3902_cov_113.116092	DROP	AMBIGUOUS	DROP	3	1	1.13e-22	80.3	0.752	255	FAM012610
ERR2041175_clean_NODE_14153_length_1058_cov_1.876847	REVIEW	PASS_VIRAL	short_fragment	0	0				0	
ERR2041175_clean_NODE_1864_length_3349_cov_7.732002	DROP	REVIEW	DROP	1	0	4.85e-05	22.1	0.396	756	FAM009502
ERR2041175_clean_NODE_2232_length_3157_cov_34.300899	DROP	REVIEW	DROP	0	0				0	
ERR2041175_clean_NODE_2410_length_3061_cov_22.274023	DROP	REVIEW	DROP	0	0				0	
ERR2041175_clean_NODE_4476_length_2358_cov_5.838013	DROP	AMBIGUOUS	DROP	0	0				0	
ERR2041175_clean_NODE_534_length_4851_cov_9.534526	DROP	AMBIGUOUS	DROP	2	0	9.06e-13	48.0	0.437	921	FAM003342
ERR2041175_clean_NODE_7649_length_1748_cov_4.725513	DROP	AMBIGUOUS	DROP	1	0	9.22e-03	15.3	0.080	255	FAM013546
ERR2041176_clean_NODE_1148_length_2680_cov_29.287827	DROP	AMBIGUOUS	DROP	0	0				0	
ERR2041176_clean_NODE_536_length_3327_cov_29.932400	KEEP	PASS_VIRAL	KEEP	4	1	2.15e-44	151.3	0.368	916	FAM004705
ERR2041177_clean_NODE_1339_length_3195_cov_55.782043	DROP	REVIEW	DROP	0	0				0	
ERR2041177_clean_NODE_1614_length_3000_cov_16.101116	REVIEW	AMBIGUOUS	no_viral_domain_but_blast	2	1	1.92e-116	386.0	0.947	770	FAM000109
ERR2041177_clean_NODE_218_length_5222_cov_30.294845	DROP	REVIEW	DROP	0	0				0	
ERR2041177_clean_NODE_2596_length_2480_cov_33.081247	KEEP	PASS_VIRAL	KEEP	0	0				0	
ERR2041177_clean_NODE_300_length_4844_cov_18.533222	DROP	AMBIGUOUS	DROP	0	0				0	
ERR2041178_clean_NODE_1208_length_3100_cov_8.210337	KEEP	PASS_VIRAL	KEEP	0	0				0	
ERR2041178_clean_NODE_206_length_4979_cov_12.047002	DROP	REVIEW	DROP	0	0				0	
ERR2041179_clean_NODE_816_length_3483_cov_72.974419	KEEP	PASS_VIRAL	KEEP	14	0	4.04e-09	33.8	0.172	960	FAM000262
ERR2041179_clean_NODE_933_length_3363_cov_19.128012	KEEP	PASS_VIRAL	KEEP	3	2	3.54e-21	74.9	0.527	891	FAM013464
ERR2041180_clean_NODE_1262_length_2831_cov_9.591105	REVIEW	AMBIGUOUS	no_viral_domain_but_blast	2	1	9.69e-115	380.4	0.947	728	FAM000109
ERR2041180_clean_NODE_14_length_6970_cov_17.556662	DROP	AMBIGUOUS	DROP	13	2	2.90e-64	216.9	0.192	257	FAM003309
ERR2041180_clean_NODE_2932_length_2060_cov_49.814080	DROP	AMBIGUOUS	DROP	0	0				0	
ERR2041180_clean_NODE_43_length_5993_cov_19.489412	KEEP	PASS_VIRAL	KEEP	8	1	4.89e-57	193.4	0.194	1754	FAM013464
ERR2041181_clean_NODE_272_length_4802_cov_11.383904	KEEP	PASS_VIRAL	KEEP	4	1	1.21e-43	148.8	0.367	916	FAM004705
ERR2041181_clean_NODE_3668_length_2167_cov_69.320621	DROP	AMBIGUOUS	DROP	0	0				0	
ERR2041181_clean_NODE_389_length_4473_cov_22.372009	KEEP	PASS_VIRAL	KEEP	2	1	3.56e-20	71.3	0.509	1281	FAM010784
ERR2041181_clean_NODE_826_length_3724_cov_27.404510	KEEP	PASS_VIRAL	KEEP	14	0	1.18e-08	32.2	0.172	961	FAM000262
ERR2041182_clean_NODE_1486_length_3084_cov_13.735613	REVIEW	AMBIGUOUS	no_viral_domain_but_blast	2	1	7.11e-115	380.8	0.947	771	FAM000109
ERR2041182_clean_NODE_220_length_5315_cov_20.277693	KEEP	PASS_VIRAL	KEEP	8	1	5.41e-56	190.0	0.194	1841	FAM013464
ERR2041182_clean_NODE_2725_length_2406_cov_3.103259	REVIEW	REVIEW	short_fragment	0	0				0	
ERR2041182_clean_NODE_332_length_4777_cov_13.852556	KEEP	PASS_VIRAL	KEEP	0	0				0	
ERR2041182_clean_NODE_499_length_4356_cov_19.055878	KEEP	PASS_VIRAL	KEEP	1	0	6.41e-03	14.7	0.075	1088	FAM028144
ERR2041183_clean_NODE_1039_length_3437_cov_29.043312	KEEP	PASS_VIRAL	KEEP	14	0	7.04e-09	33.0	0.172	961	FAM000262
ERR2041183_clean_NODE_11941_length_865_cov_4.403893	REVIEW	REVIEW	short_fragment	6	0	6.23e-07	27.8	0.046	39	FAM000970
ERR2041184_clean_NODE_171_length_3674_cov_24.120628	DROP	REVIEW	DROP	1	0	3.25e-37	127.7	0.183	1023	FAM012357
ERR2041184_clean_NODE_1959_length_2217_cov_18.243330	DROP	AMBIGUOUS	DROP	4	0	3.79e-15	55.4	0.159	524	FAM012657
ERR2041184_clean_NODE_2229_length_2142_cov_8.439257	KEEP	PASS_VIRAL	KEEP	0	0				0	
ERR2041184_clean_NODE_2537_length_2065_cov_9.075173	DROP	REVIEW	DROP	0	0				0	
ERR2041184_clean_NODE_262_length_3429_cov_12.463969	REVIEW	AMBIGUOUS	no_viral_domain_but_blast	10	1	3.25e-191	636.4	0.965	1020	FAM012657
ERR2041185_clean_NODE_1185_length_2445_cov_10.266028	REVIEW	REVIEW	short_fragment	0	0				0	
ERR2041185_clean_NODE_13519_length_974_cov_3.462943	REVIEW	AMBIGUOUS	short_fragment	0	0				0	
ERR2041185_clean_NODE_75_length_4098_cov_16.172626	DROP	REVIEW	DROP	0	0				0	
ERR2041186_clean_NODE_1810_length_3057_cov_24.767750	KEEP	PASS_CORE	KEEP	147	7	1.26e-64	218.1	0.655	415	FAM024624
ERR2041186_clean_NODE_2681_length_2637_cov_11.713184	KEEP	PASS_CORE	KEEP	0	0				0	
ERR2041186_clean_NODE_3470_length_2355_cov_10.790657	KEEP	PASS_CORE	KEEP	75	2	6.05e-34	116.8	0.330	176	FAM024624
ERR2041186_clean_NODE_4576_length_2039_cov_35.415832	DROP	REVIEW	DROP	0	0				0	
ERR2041186_clean_NODE_5263_length_1878_cov_2.180381	KEEP	PASS_CORE	KEEP	5	0	1.59e-21	75.8	0.101	134	FAM000127
ERR2041186_clean_NODE_6123_length_1713_cov_4.932335	KEEP	PASS_CORE_FAM	KEEP	45	3	1.06e-65	221.6	0.182	358	FAM000088
ERR2041186_clean_NODE_728_length_3961_cov_9.153905	REVIEW	REVIEW	short_fragment	0	0				0	
ERR2041187_clean_NODE_1643_length_3054_cov_8.017602	DROP	REVIEW	DROP	0	0				0	
ERR2041187_clean_NODE_1716_length_3019_cov_21.534610	REVIEW	AMBIGUOUS	no_viral_domain_but_blast	0	0				0	
ERR2041187_clean_NODE_1890_length_2944_cov_108.830748	REVIEW	AMBIGUOUS	no_viral_domain_but_blast	0	0				0	
ERR2041187_clean_NODE_2899_length_2594_cov_43.003920	DROP	REVIEW	DROP	0	0				0	
ERR2041187_clean_NODE_32411_length_536_cov_3.539554	REVIEW	REVIEW	short_fragment	3	0	9.02e-06	23.5	0.015	25	FAM003304
ERR2041187_clean_NODE_32640_length_532_cov_2.014315	REVIEW	PASS_VIRAL	short_fragment	0	0				0	
ERR2041187_clean_NODE_3365_length_2474_cov_8.980255	DROP	REVIEW	DROP	0	0				0	
ERR2041187_clean_NODE_3772_length_2379_cov_18.428938	DROP	AMBIGUOUS	DROP	0	0				0	
ERR2041187_clean_NODE_5036_length_2133_cov_27.816746	DROP	AMBIGUOUS	DROP	5	1	1.57e-07	29.9	0.125	558	FAM022056
ERR2041187_clean_NODE_61_length_5810_cov_21.481359	REVIEW	AMBIGUOUS	no_viral_domain_but_blast	4	1	2.18e-11	43.3	0.468	1710	FAM022898
ERR2041187_clean_NODE_654_length_3824_cov_11.069294	DROP	REVIEW	DROP	0	0				0	
ERR2041187_clean_NODE_7_length_7791_cov_13.959861	KEEP	PASS_VIRAL	KEEP	6	0	3.09e-28	98.6	0.177	1288	FAM012657
ERR2041188_clean_NODE_1653_length_2935_cov_7.723721	KEEP	PASS_VIRAL	KEEP	54	9	1.98e-45	154.9	0.433	494	FAM007688
ERR2041188_clean_NODE_16995_length_825_cov_1.306905	REVIEW	REVIEW	short_fragment	14	1	1.31e-27	96.1	0.112	92	FAM000970
ERR2041188_clean_NODE_189_length_4893_cov_36.441443	DROP	AMBIGUOUS	DROP	1	0	6.11e-08	31.3	0.178	1040	FAM016796
ERR2041188_clean_NODE_2242_length_2657_cov_9.112471	DROP	AMBIGUOUS	DROP	0	0				0	
ERR2041188_clean_NODE_2297_length_2637_cov_8.980339	DROP	AMBIGUOUS	DROP	5	1	8.15e-09	34.2	0.111	570	FAM022056
ERR2041188_clean_NODE_4091_length_2126_cov_129.326932	DROP	AMBIGUOUS	DROP	0	0				0	
ERR2041189_clean_NODE_1044_length_3180_cov_16.668154	DROP	AMBIGUOUS	DROP	7	0	4.40e-14	49.0	0.070	881	FAM001712
ERR2041189_clean_NODE_11621_length_1188_cov_5.820087	DROP	REVIEW	DROP	0	0				0	
ERR2041189_clean_NODE_13656_length_1052_cov_1.764123	REVIEW	REVIEW	short_fragment	16	1	9.82e-32	109.6	0.157	195	FAM008902
ERR2041189_clean_NODE_1554_length_2842_cov_10.141836	DROP	REVIEW	DROP	0	0				0	
ERR2041189_clean_NODE_1698_length_2756_cov_17.429783	KEEP	PASS_VIRAL	KEEP	19	1	3.11e-06	26.9	0.387	518	FAM004782
ERR2041189_clean_NODE_1828_length_2700_cov_84.930373	KEEP	PASS_VIRAL	KEEP	5	1	1.24e-93	314.3	0.407	780	FAM004987
ERR2041189_clean_NODE_1838_length_2696_cov_32.604599	REVIEW	AMBIGUOUS	short_fragment	0	0				0	
ERR2041189_clean_NODE_250_length_4359_cov_13.737720	KEEP	PASS_VIRAL	KEEP	8	0	2.88e-38	131.3	0.221	1281	FAM004768
ERR2041189_clean_NODE_287_length_4221_cov_865.918143	KEEP	PASS_VIRAL	KEEP	21	5	1.43e-45	155.3	0.635	317	FAM001327
ERR2041189_clean_NODE_29072_length_509_cov_2.461373	REVIEW	REVIEW	short_fragment	0	0				0	
ERR2041189_clean_NODE_3184_length_2238_cov_18.582688	REVIEW	AMBIGUOUS	short_fragment	12	0	3.89e-27	94.9	0.185	532	FAM007630
ERR2041189_clean_NODE_347_length_4059_cov_9.552540	KEEP	PASS_VIRAL	KEEP	5	0	3.18e-24	85.3	0.148	1102	FAM012657
ERR2041189_clean_NODE_43_length_6361_cov_435.511396	DROP	REVIEW	DROP	31	0	2.94e-33	114.8	0.240	163	FAM000134
ERR2041189_clean_NODE_6270_length_1691_cov_5.562500	KEEP	PASS_CORE	KEEP	0	0				0	
ERR2041189_clean_NODE_6521_length_1660_cov_13.468151	KEEP	PASS_VIRAL	KEEP	44	2	1.20e-15	57.1	0.100	435	FAM019915
ERR2041189_clean_NODE_79_length_5751_cov_552.971268	KEEP	PASS_VIRAL	KEEP	21	16	1.07e-161	539.9	0.572	1770	FAM013787
ERR2041189_clean_NODE_912_length_3303_cov_17.867178	KEEP	PASS_VIRAL	KEEP	7	0	6.08e-25	87.7	0.142	884	FAM012657
ERR2041190_clean_NODE_1065_length_3374_cov_24.839988	DROP	AMBIGUOUS	DROP	1	0	1.10e-03	17.2	0.081	236	FAM018640
ERR2041190_clean_NODE_1274_length_3220_cov_14.264400	DROP	AMBIGUOUS	DROP	7	0	4.17e-15	52.4	0.071	793	FAM001712
ERR2041190_clean_NODE_1789_length_2922_cov_23.453977	DROP	AMBIGUOUS	DROP	0	0				0	
ERR2041190_clean_NODE_1940_length_2849_cov_20.426586	DROP	AMBIGUOUS	DROP	0	0				0	
ERR2041190_clean_NODE_203_length_4846_cov_32.097647	KEEP	PASS_VIRAL	KEEP	17	0	4.19e-51	174.0	0.405	1117	FAM004890
ERR2041190_clean_NODE_2422_length_2645_cov_6.335895	REVIEW	AMBIGUOUS	short_fragment	0	0				0	
ERR2041190_clean_NODE_3220_length_2398_cov_32.657749	DROP	AMBIGUOUS	DROP	5	1	5.71e-08	31.4	0.109	498	FAM022056
ERR2041190_clean_NODE_3560_length_2316_cov_54.812582	REVIEW	AMBIGUOUS	short_fragment	5	0	1.73e-20	72.7	0.457	475	FAM022056
ERR2041190_clean_NODE_4136_length_2189_cov_89.485089	DROP	AMBIGUOUS	DROP	0	0				0	
ERR2041190_clean_NODE_4780_length_2064_cov_90.795151	DROP	AMBIGUOUS	DROP	0	0				0	
ERR2041190_clean_NODE_504_length_4065_cov_12.520388	KEEP	PASS_VIRAL	KEEP	8	0	3.01e-28	98.6	0.179	1122	FAM012657
ERR2041190_clean_NODE_650_length_3825_cov_17.322845	DROP	AMBIGUOUS	DROP	0	0				0	
ERR2041190_clean_NODE_741_length_3708_cov_6.451569	KEEP	PASS_VIRAL	KEEP	0	0				0	
ERR2041190_clean_NODE_830_length_3605_cov_79.795620	REVIEW	AMBIGUOUS	no_viral_domain_but_blast	0	0				0	
ERR2041191_clean_NODE_1073_length_3510_cov_51.987597	KEEP	PASS_VIRAL	KEEP	5	1	1.61e-95	320.5	0.409	801	FAM004987
ERR2041191_clean_NODE_1421_length_3196_cov_17.131938	KEEP	PASS_VIRAL	KEEP	19	0	1.57e-09	37.2	0.337	732	FAM001894
ERR2041191_clean_NODE_309_length_4916_cov_3.243587	REVIEW	AMBIGUOUS	no_viral_domain_but_blast	2	0	5.74e-06	23.9	0.043	628	FAM007819
ERR2041191_clean_NODE_3257_length_2350_cov_38.664066	DROP	AMBIGUOUS	DROP	0	0				0	
ERR2041191_clean_NODE_34_length_7781_cov_139.195141	REVIEW	AMBIGUOUS	no_viral_domain_but_blast	0	0				0	
ERR2041191_clean_NODE_559_length_4242_cov_13.819243	DROP	AMBIGUOUS	DROP	0	0				0	
ERR2041192_clean_NODE_165_length_5431_cov_10.773571	DROP	REVIEW	DROP	0	0				0	
ERR2041192_clean_NODE_1661_length_3016_cov_2.251261	DROP	AMBIGUOUS	DROP	0	0				0	
ERR2041192_clean_NODE_1687_length_2998_cov_49.634179	REVIEW	AMBIGUOUS	no_viral_domain_but_blast	0	0				0	
ERR2041192_clean_NODE_1924_length_2861_cov_8.305891	DROP	REVIEW	DROP	0	0				0	
ERR2041192_clean_NODE_201_length_5183_cov_5.990856	KEEP	PASS_VIRAL	KEEP	6	0	2.68e-24	85.6	0.349	1262	FAM012657
ERR2041192_clean_NODE_3061_length_2373_cov_23.515451	DROP	AMBIGUOUS	DROP	5	1	1.28e-09	36.8	0.115	523	FAM022056
ERR2041192_clean_NODE_3471_length_2243_cov_3.631364	REVIEW	REVIEW	short_fragment	3	0	4.76e-28	97.7	0.242	633	FAM010528
ERR2041192_clean_NODE_501_length_4264_cov_12.002843	DROP	AMBIGUOUS	DROP	2	1	8.95e-06	25.4	0.431	1087	FAM012804
ERR2041193_clean_NODE_1057_length_3634_cov_26.341688	DROP	AMBIGUOUS	DROP	0	0				0	
ERR2041193_clean_NODE_1413_length_3257_cov_20.259179	DROP	AMBIGUOUS	DROP	2	1	6.73e-22	78.1	0.423	883	FAM012606
ERR2041193_clean_NODE_373_length_5151_cov_42.879992	DROP	AMBIGUOUS	DROP	5	1	4.48e-13	48.4	0.115	185	FAM006553
ERR2041193_clean_NODE_452_length_4853_cov_63.651767	KEEP	PASS_VIRAL	KEEP	16	0	8.89e-10	37.7	0.245	310	FAM003360
ERR2041193_clean_NODE_487_length_4733_cov_32.812367	KEEP	PASS_VIRAL	KEEP	25	0	6.26e-63	213.0	0.391	606	FAM004890
ERR2041194_clean_NODE_13673_length_738_cov_5.451799	REVIEW	REVIEW	short_fragment	15	0	5.43e-55	186.6	0.246	173	FAM000970
ERR2041194_clean_NODE_2317_length_2949_cov_6.654852	REVIEW	AMBIGUOUS	no_viral_domain_but_blast	0	0				0	
ERR2041194_clean_NODE_2367_length_2923_cov_11.503125	DROP	AMBIGUOUS	DROP	0	0				0	
ERR2041194_clean_NODE_3820_length_2283_cov_12.185714	DROP	AMBIGUOUS	DROP	0	0				0	
ERR2041194_clean_NODE_5035_length_1924_cov_87.057416	REVIEW	AMBIGUOUS	no_viral_domain_but_blast	0	0				0	
ERR2041194_clean_NODE_605_length_4624_cov_8.987339	KEEP	PASS_VIRAL	KEEP	0	0				0	
ERR2041194_clean_NODE_6738_length_1556_cov_2.816259	KEEP	PASS_CORE	KEEP	21	1	3.07e-66	223.8	0.086	183	FAM003304
ERR2041194_clean_NODE_9358_length_1159_cov_29.627240	KEEP	PASS_VIRAL	KEEP	0	0				0	
ERR2041195_clean_NODE_1263_length_3739_cov_36.666126	KEEP	PASS_VIRAL	KEEP	25	7	1.15e-140	470.2	0.429	630	FAM008902
ERR2041195_clean_NODE_2774_length_2726_cov_69.848677	DROP	AMBIGUOUS	DROP	0	0				0	
ERR2041195_clean_NODE_302_length_5586_cov_14.357929	KEEP	PASS_VIRAL	KEEP	6	0	1.69e-25	89.5	0.380	1468	FAM012657
ERR2041195_clean_NODE_3769_length_2325_cov_170.933830	DROP	AMBIGUOUS	DROP	5	1	7.55e-09	34.3	0.109	493	FAM022056
ERR2041195_clean_NODE_4759_length_2021_cov_29.117290	KEEP	PASS_VIRAL	KEEP	26	7	2.09e-139	466.1	0.412	536	FAM008902
ERR2041195_clean_NODE_522_length_4880_cov_4.374612	KEEP	PASS_CORE	KEEP	22	3	7.20e-66	222.6	0.252	307	FAM008902
ERR2041196_clean_NODE_1044_length_3551_cov_31.120296	REVIEW	AMBIGUOUS	no_viral_domain_but_blast	0	0				0	
ERR2041196_clean_NODE_12_length_8420_cov_9.418527	KEEP	PASS_CORE_FAM	KEEP	139	39	6.73e-215	716.1	0.197	1444	FAM006391
ERR2041196_clean_NODE_1463_length_3248_cov_64.288612	KEEP	PASS_VIRAL	KEEP	3	0	1.55e-46	158.6	0.233	658	FAM004987
ERR2041196_clean_NODE_1974_length_2963_cov_5.451370	DROP	REVIEW	DROP	0	0				0	
ERR2041196_clean_NODE_2727_length_2674_cov_2.047130	KEEP	PASS_VIRAL	KEEP	0	0				0	
ERR2041196_clean_NODE_2819_length_2639_cov_12.476502	DROP	AMBIGUOUS	DROP	5	1	2.20e-07	29.4	0.109	520	FAM022056
ERR2041196_clean_NODE_301_length_4710_cov_60.101350	DROP	AMBIGUOUS	DROP	1	0	2.90e-06	25.7	0.178	1033	FAM016796
ERR2041196_clean_NODE_3398_length_2462_cov_29.636627	DROP	AMBIGUOUS	DROP	0	0				0	
ERR2041196_clean_NODE_529_length_4178_cov_14.522370	DROP	AMBIGUOUS	DROP	0	0				0	
ERR2041196_clean_NODE_5311_length_2026_cov_96.046394	DROP	AMBIGUOUS	DROP	0	0				0	
ERR2041196_clean_NODE_582_length_4095_cov_26.002715	DROP	AMBIGUOUS	DROP	1	0	1.13e-05	24.7	0.402	991	FAM012606
ERR2041196_clean_NODE_815_length_3807_cov_6.633900	DROP	REVIEW	DROP	0	0				0	
ERR2041196_clean_NODE_834_length_3783_cov_15.254545	REVIEW	AMBIGUOUS	no_viral_domain_but_blast	0	0				0	
ERR2041197_clean_NODE_1356_length_3577_cov_5.548104	DROP	REVIEW	DROP	0	0				0	
ERR2041197_clean_NODE_4950_length_2092_cov_4.252806	DROP	REVIEW	DROP	0	0				0	
ERR2041197_clean_NODE_572_length_4751_cov_5.672897	DROP	REVIEW	DROP	0	0				0	
ERR3487338_clean_NODE_11250_length_768_cov_1.968276	REVIEW	REVIEW	short_fragment	0	0				0	
ERR3487338_clean_NODE_12786_length_684_cov_1.296412	REVIEW	REVIEW	short_fragment	0	0				0	
ERR3487338_clean_NODE_15813_length_560_cov_2.423598	KEEP	PASS_VIRAL	KEEP	0	0				0	
ERR3487338_clean_NODE_229_length_3345_cov_14.333434	KEEP	PASS_VIRAL	KEEP	45	17	2.73e-51	174.1	0.141	605	FAM008177
ERR3487338_clean_NODE_73_length_4115_cov_14.558202	KEEP	PASS_VIRAL	KEEP	19	0	1.14e-52	179.2	0.419	1190	FAM004890
ERR3487339_clean_NODE_1057_length_2445_cov_13.087843	DROP	REVIEW	DROP	0	0				0	
ERR3487339_clean_NODE_11670_length_876_cov_397.851140	REVIEW	PASS_VIRAL	short_fragment	0	0				0	
ERR3487339_clean_NODE_1274_length_2332_cov_5.349061	DROP	AMBIGUOUS	DROP	0	0				0	
ERR3487339_clean_NODE_157_length_3634_cov_22.711223	KEEP	PASS_VIRAL	KEEP	0	0				0	
ERR3487339_clean_NODE_16589_length_632_cov_2.748727	REVIEW	REVIEW	short_fragment	11	0	1.05e-19	69.6	0.044	55	FAM003304
ERR3487339_clean_NODE_1888_length_2101_cov_7.367833	REVIEW	AMBIGUOUS	short_fragment	0	0				0	
ERR3487339_clean_NODE_222_length_3427_cov_27.544031	REVIEW	AMBIGUOUS	no_viral_domain_but_blast	0	0				0	
ERR3487339_clean_NODE_2443_length_1950_cov_13.743052	KEEP	PASS_VIRAL	KEEP	14	4	3.92e-19	67.5	0.132	447	FAM008177
ERR3487339_clean_NODE_369_length_3100_cov_33.066732	KEEP	PASS_VIRAL	KEEP	5	2	4.19e-93	312.6	0.408	790	FAM004987
ERR3487339_clean_NODE_50_length_4366_cov_20.982420	DROP	REVIEW	DROP	0	0				0	
ERR3487339_clean_NODE_720_length_2698_cov_8.323164	REVIEW	AMBIGUOUS	no_viral_domain_but_blast	0	0				0	
ERR3487339_clean_NODE_848_length_2596_cov_5.165687	KEEP	PASS_VIRAL	KEEP	5	0	1.80e-11	42.8	0.066	591	FAM013464
ERR3487339_clean_NODE_885_length_2569_cov_10.243072	DROP	AMBIGUOUS	DROP	0	0				0	
ERR3487340_clean_NODE_1019_length_2366_cov_19.377529	KEEP	PASS_VIRAL	KEEP	7	1	2.72e-84	282.7	0.902	519	FAM011052
ERR3487340_clean_NODE_1047_length_2350_cov_11.335934	KEEP	PASS_VIRAL	KEEP	27	0	5.18e-55	186.7	0.358	625	FAM012716
ERR3487340_clean_NODE_1342_length_2178_cov_5.444496	DROP	REVIEW	DROP	0	0				0	
ERR3487340_clean_NODE_236_length_3346_cov_15.826824	REVIEW	AMBIGUOUS	no_viral_domain_but_blast	0	0				0	
ERR3487340_clean_NODE_260_length_3292_cov_9.652508	KEEP	PASS_VIRAL	KEEP	8	1	6.57e-164	546.9	0.635	945	FAM013464
ERR3487340_clean_NODE_35_length_4771_cov_33.701988	KEEP	PASS_VIRAL	KEEP	7	0	1.18e-24	86.8	0.344	1451	FAM012657
ERR3487340_clean_NODE_428_length_2949_cov_13.767378	DROP	AMBIGUOUS	DROP	0	0				0	
ERR3487341_clean_NODE_1164_length_2579_cov_24.963328	REVIEW	AMBIGUOUS	no_viral_domain_but_blast	0	0				0	
ERR3487342_clean_NODE_1124_length_2704_cov_6.702368	REVIEW	AMBIGUOUS	short_fragment	8	0	5.18e-16	55.4	0.071	563	FAM001712
ERR3487342_clean_NODE_1409_length_2540_cov_16.197036	DROP	REVIEW	DROP	6	0	8.90e-12	44.3	0.126	82	FAM014960
ERR3487342_clean_NODE_1552_length_2483_cov_14.239754	REVIEW	AMBIGUOUS	short_fragment	6	0	3.65e-13	45.9	0.071	558	FAM001712
ERR3487342_clean_NODE_191_length_3952_cov_16.414428	DROP	AMBIGUOUS	DROP	0	0				0	
ERR3487342_clean_NODE_2106_length_2281_cov_10.603664	DROP	AMBIGUOUS	DROP	5	2	5.19e-84	282.1	0.972	431	FAM022905
ERR3487342_clean_NODE_2382_length_2210_cov_74.440240	KEEP	PASS_VIRAL	KEEP	9	1	3.06e-16	59.2	0.433	434	FAM008380
ERR3487342_clean_NODE_241_length_3786_cov_9.489714	DROP	AMBIGUOUS	DROP	1	0	8.99e-07	28.1	0.296	1026	FAM031983
ERR3487342_clean_NODE_266_length_3708_cov_14.755252	DROP	AMBIGUOUS	DROP	5	0	1.25e-04	20.8	0.204	914	FAM010847
ERR3487342_clean_NODE_2839_length_2097_cov_14.163096	DROP	AMBIGUOUS	DROP	4	0	8.83e-17	60.7	0.475	417	FAM019186
ERR3487342_clean_NODE_464_length_3345_cov_25.147486	REVIEW	AMBIGUOUS	no_viral_domain_but_blast	0	0				0	
ERR3487342_clean_NODE_468_length_3338_cov_41.756904	REVIEW	AMBIGUOUS	no_viral_domain_but_blast	0	0				0	
ERR3487343_clean_NODE_1328_length_2904_cov_4.481300	REVIEW	AMBIGUOUS	short_fragment	9	0	2.26e-39	134.5	0.083	122	FAM003310
ERR3487343_clean_NODE_1342_length_2891_cov_30.291081	REVIEW	AMBIGUOUS	no_viral_domain_but_blast	0	0				0	
ERR3487343_clean_NODE_15006_length_912_cov_2.650173	KEEP	PASS_CORE	KEEP	0	0				0	
ERR3487343_clean_NODE_1867_length_2611_cov_23.341121	KEEP	PASS_VIRAL	KEEP	4	0	2.23e-11	42.4	0.066	733	FAM013464
ERR3487343_clean_NODE_222_length_4521_cov_14.462037	DROP	REVIEW	DROP	0	0				0	
ERR3487343_clean_NODE_2575_length_2343_cov_12.512609	DROP	AMBIGUOUS	DROP	7	0	9.89e-06	24.6	0.194	618	FAM018129
ERR3487343_clean_NODE_26371_length_526_cov_1.453416	REVIEW	REVIEW	short_fragment	0	0				0	
ERR3487343_clean_NODE_315_length_4185_cov_24.945437	KEEP	PASS_VIRAL	KEEP	18	0	4.79e-56	190.3	0.393	1132	FAM004890
ERR3487343_clean_NODE_368_length_4021_cov_18.105078	DROP	AMBIGUOUS	DROP	0	0				0	
ERR3487343_clean_NODE_7756_length_1447_cov_41.211538	REVIEW	REVIEW	no_viral_domain_but_blast	3	3	1.53e-137	458.8	0.878	358	FAM002990
ERR3487343_clean_NODE_808_length_3325_cov_7.319317	KEEP	PASS_CORE	KEEP	0	0				0	
ERR3487344_clean_NODE_1102_length_2425_cov_12.185558	DROP	AMBIGUOUS	DROP	1	0	1.56e-03	16.7	0.064	457	FAM022056
ERR3487344_clean_NODE_1731_length_2151_cov_12.540323	KEEP	PASS_VIRAL	KEEP	23	2	7.10e-08	31.7	0.180	496	FAM019029
ERR3487344_clean_NODE_28_length_4601_cov_13.552655	KEEP	PASS_VIRAL	KEEP	4	0	4.90e-10	38.0	0.066	404	FAM013464
ERR3487344_clean_NODE_357_length_3059_cov_1037.470822	REVIEW	AMBIGUOUS	no_viral_domain_but_blast	0	0				0	
ERR3487344_clean_NODE_35_length_4491_cov_92.090827	KEEP	PASS_CORE	KEEP	0	0				0	
ERR3487344_clean_NODE_431_length_2967_cov_7.562585	DROP	REVIEW	DROP	0	0				0	
ERR3487344_clean_NODE_440_length_2958_cov_28.072727	DROP	REVIEW	DROP	0	0				0	
ERR3487344_clean_NODE_6190_length_1372_cov_45.064710	REVIEW	REVIEW	no_viral_domain_but_blast	7	4	4.38e-25	87.9	0.558	315	FAM007484
ERR3487344_clean_NODE_691_length_2698_cov_5.914124	REVIEW	AMBIGUOUS	short_fragment	7	0	1.56e-15	53.8	0.076	568	FAM001712
ERR3487344_clean_NODE_808_length_2599_cov_11.635368	DROP	AMBIGUOUS	DROP	1	0	3.10e-04	19.8	0.168	634	FAM012396
ERR3487344_clean_NODE_94_length_3857_cov_15.417934	DROP	AMBIGUOUS	DROP	16	0	1.17e-11	44.6	0.401	586	FAM022230
ERR3487345_clean_NODE_154_length_2738_cov_10.151763	REVIEW	AMBIGUOUS	no_viral_domain_but_blast	0	0				0	
ERR3487345_clean_NODE_1566_length_1690_cov_281.226472	REVIEW	REVIEW	no_viral_domain_but_blast	0	0				0	
ERR3487345_clean_NODE_24_length_3560_cov_53.629798	DROP	REVIEW	DROP	2	0	3.56e-04	19.3	0.375	975	FAM009502
ERR3487345_clean_NODE_356_length_2360_cov_10.613725	REVIEW	AMBIGUOUS	short_fragment	7	0	1.65e-14	50.4	0.071	587	FAM001712
ERR3487345_clean_NODE_500_length_2206_cov_10.966251	DROP	AMBIGUOUS	DROP	8	1	4.63e-10	38.3	0.113	509	FAM022056
ERR3487345_clean_NODE_5236_length_1051_cov_12.749008	REVIEW	REVIEW	short_fragment	8	1	1.12e-14	53.8	0.244	120	FAM006294
ERR3487345_clean_NODE_635_length_2075_cov_31.406496	DROP	AMBIGUOUS	DROP	0	0				0	
ERR3487345_clean_NODE_6654_length_912_cov_4415.594937	REVIEW	REVIEW	no_viral_domain_but_blast	3	0	6.88e-42	143.7	0.270	136	FAM001737
ERR3487345_clean_NODE_695_length_2043_cov_26.283500	DROP	AMBIGUOUS	DROP	5	0	9.49e-05	21.3	0.167	601	FAM018129
ERR3487345_clean_NODE_7317_length_861_cov_10617.497555	DROP	REVIEW	DROP	0	0				0	
ERR3487345_clean_NODE_7898_length_820_cov_10.054054	REVIEW	REVIEW	short_fragment	0	0				0	
ERR3487346_clean_NODE_222_length_2855_cov_9.139403	DROP	AMBIGUOUS	DROP	1	1	1.48e-38	132.3	0.558	803	FAM007783
ERR3487346_clean_NODE_28_length_4171_cov_26.762839	REVIEW	AMBIGUOUS	no_viral_domain_but_blast	2	0	1.98e-07	29.7	0.291	1208	FAM012636
ERR3487347_clean_NODE_126_length_3395_cov_38.020274	DROP	REVIEW	DROP	2	0	3.78e-04	18.8	0.109	914	FAM003581
ERR3487347_clean_NODE_1490_length_2106_cov_3.654722	DROP	AMBIGUOUS	DROP	0	0				0	
ERR3487347_clean_NODE_3275_length_1654_cov_40.001240	DROP	AMBIGUOUS	DROP	2	1	5.38e-12	44.7	0.608	449	FAM012636
ERR3487347_clean_NODE_4380_length_1472_cov_3.805031	REVIEW	PASS_VIRAL	short_fragment	0	0				0	
ERR3487347_clean_NODE_561_length_2626_cov_13.593424	KEEP	PASS_VIRAL	KEEP	10	0	1.50e-08	33.5	0.276	761	FAM011187
ERR3487347_clean_NODE_676_length_2541_cov_15.092800	KEEP	PASS_VIRAL	KEEP	18	0	2.10e-53	181.6	0.417	511	FAM004890
ERR3487347_clean_NODE_6_length_5399_cov_17.384658	KEEP	PASS_VIRAL	KEEP	9	0	7.96e-27	93.9	0.340	1441	FAM012657
ERR3487347_clean_NODE_861_length_2415_cov_9.896799	DROP	AMBIGUOUS	DROP	0	0				0	
ERR3487347_clean_NODE_963_length_2351_cov_6.192208	REVIEW	AMBIGUOUS	no_viral_domain_but_blast	0	0				0	
ERR3487347_clean_NODE_983_length_2336_cov_21.965142	REVIEW	AMBIGUOUS	short_fragment	0	0				0	
ERR3487348_clean_NODE_16382_length_517_cov_6.305907	REVIEW	REVIEW	short_fragment	0	0				0	
ERR3487348_clean_NODE_268_length_1667_cov_1.705049	REVIEW	REVIEW	no_viral_domain_but_blast	0	0				0	
ERR3487348_clean_NODE_8735_length_678_cov_3.733858	KEEP	PASS_CORE	KEEP	21	0	2.48e-54	184.3	0.099	120	FAM003304
ERR3487348_clean_NODE_9197_length_665_cov_3.778135	DROP	REVIEW	DROP	2	0	7.53e-08	31.6	0.082	38	FAM002990
ERR3487348_clean_NODE_9839_length_647_cov_3.596026	KEEP	PASS_CORE_FAM	KEEP	10	0	3.33e-43	147.4	0.233	118	FAM002989
ERR3487349_clean_NODE_1359_length_2171_cov_4.400281	REVIEW	PASS_VIRAL	short_fragment	0	0				0	
ERR3487349_clean_NODE_1612_length_2073_cov_7.036801	DROP	REVIEW	DROP	0	0				0	
ERR3487349_clean_NODE_1750_length_2022_cov_10.394061	DROP	AMBIGUOUS	DROP	7	1	2.84e-09	35.7	0.117	521	FAM022056
ERR3487349_clean_NODE_239_length_3225_cov_8.852665	DROP	AMBIGUOUS	DROP	0	0				0	
ERR3487349_clean_NODE_8412_length_1084_cov_25.803622	REVIEW	REVIEW	no_viral_domain_but_blast	2	1	8.83e-86	287.9	0.656	257	FAM008795
ERR3487350_clean_NODE_366_length_2739_cov_8.838279	REVIEW	AMBIGUOUS	no_viral_domain_but_blast	0	0				0	
ERR3487350_clean_NODE_50_length_4047_cov_30.989261	KEEP	PASS_VIRAL	KEEP	0	0				0	
ERR3487350_clean_NODE_849_length_2278_cov_51.127964	REVIEW	AMBIGUOUS	no_viral_domain_but_blast	0	0				0	
ERR3487350_clean_NODE_944_length_2211_cov_14.428967	KEEP	PASS_VIRAL	KEEP	20	3	2.38e-58	197.4	0.822	544	FAM012474
ERR3487351_clean_NODE_1186_length_2154_cov_7.071732	KEEP	PASS_VIRAL	KEEP	23	1	6.94e-55	186.5	0.403	627	FAM004890
ERR3487351_clean_NODE_193_length_3317_cov_7.458867	KEEP	PASS_VIRAL	KEEP	28	0	1.27e-54	185.3	0.364	907	FAM012716
ERR3487351_clean_NODE_4069_length_1449_cov_3.834512	REVIEW	PASS_VIRAL	short_fragment	0	0				0	
ERR3487351_clean_NODE_407_length_2803_cov_7.023844	REVIEW	AMBIGUOUS	short_fragment	0	0				0	
ERR3487351_clean_NODE_63_length_4058_cov_17.923689	KEEP	PASS_VIRAL	KEEP	0	0				0	
ERR3487351_clean_NODE_66_length_4010_cov_11.489811	DROP	AMBIGUOUS	DROP	0	0				0	
ERR3487351_clean_NODE_6_length_5659_cov_30.251067	REVIEW	AMBIGUOUS	no_viral_domain_but_blast	0	0				0	
ERR3487351_clean_NODE_9993_length_885_cov_60.225882	KEEP	PASS_CORE_FAM	KEEP	0	0				0	
ERR3487353_clean_NODE_135_length_3087_cov_21.306833	REVIEW	AMBIGUOUS	no_viral_domain_but_blast	3	0	1.15e-07	30.5	0.301	853	FAM012636
ERR3487353_clean_NODE_284_length_2672_cov_13.535565	REVIEW	AMBIGUOUS	no_viral_domain_but_blast	0	0				0	
ERR3487354_clean_NODE_1114_length_2413_cov_12.127004	KEEP	PASS_VIRAL	KEEP	32	0	3.90e-57	193.9	0.393	316	FAM004890
ERR3487354_clean_NODE_1126_length_2409_cov_33.270921	REVIEW	AMBIGUOUS	no_viral_domain_but_blast	0	0				0	
ERR3487354_clean_NODE_1301_length_2320_cov_10.133070	REVIEW	PASS_VIRAL	short_fragment	4	0	4.89e-12	44.6	0.066	506	FAM013464
ERR3487354_clean_NODE_1468_length_2247_cov_21.782668	DROP	AMBIGUOUS	DROP	0	0				0	
ERR3487354_clean_NODE_1530_length_2223_cov_7.119266	REVIEW	PASS_VIRAL	short_fragment	9	0	1.32e-19	67.3	0.071	560	FAM001712
ERR3487354_clean_NODE_1582_length_2195_cov_22.866171	DROP	AMBIGUOUS	DROP	9	0	3.83e-67	226.6	0.170	532	FAM007819
ERR3487354_clean_NODE_160_length_3640_cov_14.953850	DROP	AMBIGUOUS	DROP	0	0				0	
ERR3487354_clean_NODE_216_length_3445_cov_64.837449	REVIEW	AMBIGUOUS	no_viral_domain_but_blast	0	0				0	
ERR3487354_clean_NODE_271_length_3314_cov_24.623357	REVIEW	AMBIGUOUS	no_viral_domain_but_blast	0	0				0	
ERR3487354_clean_NODE_2746_length_1845_cov_13.394007	REVIEW	AMBIGUOUS	no_viral_domain_but_blast	5	0	4.10e-10	38.6	0.175	321	FAM012428
ERR3487354_clean_NODE_52_length_4336_cov_16.036804	DROP	AMBIGUOUS	DROP	4	2	3.90e-51	173.6	0.882	512	FAM020762
ERR3487354_clean_NODE_57_length_4261_cov_26.703888	KEEP	PASS_VIRAL	KEEP	15	0	5.10e-47	160.5	0.402	936	FAM004890
ERR3487354_clean_NODE_7667_length_1130_cov_8.264949	DROP	REVIEW	DROP	1	0	3.38e-104	349.5	0.160	204	FAM003378
ERR3487355_clean_NODE_31_length_3069_cov_23.344019	REVIEW	AMBIGUOUS	no_viral_domain_but_blast	5	0	9.43e-09	34.0	0.294	834	FAM012636
ERR3487356_clean_NODE_1118_length_2537_cov_47.187249	DROP	AMBIGUOUS	DROP	0	0				0	
ERR3487356_clean_NODE_1202_length_2489_cov_86.614064	REVIEW	PASS_VIRAL	short_fragment	40	11	5.86e-35	119.9	0.152	585	FAM008177
ERR3487356_clean_NODE_147_length_3852_cov_108.190076	REVIEW	REVIEW	short_fragment	0	0				0	
ERR3487356_clean_NODE_4396_length_1693_cov_4.503030	REVIEW	PASS_VIRAL	short_fragment	0	0				0	
ERR3487356_clean_NODE_696_length_2835_cov_38.554083	KEEP	PASS_VIRAL	KEEP	12	0	2.37e-08	32.8	0.276	734	FAM012165
ERR3487356_clean_NODE_9118_length_1220_cov_7.243840	KEEP	PASS_CORE	KEEP	7	0	3.98e-27	94.7	0.293	156	FAM003323
ERR3487357_clean_NODE_1231_length_2522_cov_41.555869	DROP	AMBIGUOUS	DROP	16	0	1.20e-18	66.9	0.161	635	FAM017957
ERR3487357_clean_NODE_1381_length_2443_cov_10.895417	DROP	AMBIGUOUS	DROP	0	0				0	
ERR3487357_clean_NODE_13902_length_829_cov_2.865140	REVIEW	REVIEW	no_viral_domain_but_blast	0	0				0	
ERR3487357_clean_NODE_1533_length_2380_cov_35.696620	REVIEW	AMBIGUOUS	no_viral_domain_but_blast	0	0				0	
ERR3487357_clean_NODE_1586_length_2358_cov_8.335637	KEEP	PASS_VIRAL	KEEP	34	15	3.80e-44	150.4	0.115	631	FAM008177
ERR3487357_clean_NODE_1829_length_2265_cov_11.365887	REVIEW	AMBIGUOUS	short_fragment	7	0	5.53e-15	51.9	0.071	557	FAM001712
ERR3487357_clean_NODE_20326_length_557_cov_11.908560	KEEP	PASS_CORE	KEEP	20	0	1.42e-43	148.7	0.084	110	FAM003304
ERR3487357_clean_NODE_2121_length_2165_cov_41.992931	REVIEW	AMBIGUOUS	no_viral_domain_but_blast	0	0				0	
ERR3487357_clean_NODE_212_length_3760_cov_42.404627	KEEP	PASS_VIRAL	KEEP	21	0	4.14e-12	44.7	0.011	936	FAM000001
ERR3487357_clean_NODE_2406_length_2074_cov_40.655835	REVIEW	AMBIGUOUS	no_viral_domain_but_blast	0	0				0	
ERR3487357_clean_NODE_284_length_3529_cov_52.382100	DROP	AMBIGUOUS	DROP	1	0	2.46e-05	22.8	0.421	826	FAM024700
ERR3487357_clean_NODE_2897_length_1953_cov_5.703141	DROP	REVIEW	DROP	2	1	1.22e-64	218.3	0.755	292	FAM008795
ERR3487357_clean_NODE_3353_length_1863_cov_23.131868	KEEP	PASS_VIRAL	KEEP	5	0	5.33e-16	57.7	0.361	410	FAM019894
ERR3487357_clean_NODE_400_length_3319_cov_25.925824	DROP	AMBIGUOUS	DROP	2	0	6.02e-58	196.2	0.266	890	FAM010955
ERR3487357_clean_NODE_439_length_3253_cov_41.275701	REVIEW	AMBIGUOUS	no_viral_domain_but_blast	0	0				0	
ERR3487357_clean_NODE_647_length_2953_cov_7.964261	KEEP	PASS_VIRAL	KEEP	8	0	1.14e-16	57.5	0.071	638	FAM001712
ERR3487357_clean_NODE_6989_length_1357_cov_21.960426	REVIEW	REVIEW	short_fragment	6	1	1.90e-24	86.1	0.919	364	FAM010181
ERR3487357_clean_NODE_8952_length_1173_cov_7.712389	DROP	REVIEW	DROP	5	0	1.29e-18	66.7	0.227	169	FAM003024
ERR3487358_clean_NODE_1111_length_2347_cov_13.484375	REVIEW	AMBIGUOUS	short_fragment	6	0	5.26e-15	52.0	0.073	561	FAM001712
ERR3487358_clean_NODE_126_length_3557_cov_59.337223	DROP	REVIEW	DROP	3	0	3.69e-04	18.9	0.115	931	FAM003581
ERR3487358_clean_NODE_1348_length_2242_cov_23.027285	KEEP	PASS_VIRAL	KEEP	18	0	1.97e-52	178.4	0.405	527	FAM004890
ERR3487358_clean_NODE_1383_length_2229_cov_7.563586	DROP	AMBIGUOUS	DROP	0	0				0	
ERR3487358_clean_NODE_1646_length_2130_cov_43.524197	DROP	AMBIGUOUS	DROP	6	0	6.97e-09	34.4	0.105	473	FAM022056
ERR3487358_clean_NODE_173_length_3365_cov_239.825105	DROP	AMBIGUOUS	DROP	2	0	9.79e-57	192.2	0.260	895	FAM010955
ERR3487358_clean_NODE_1813_length_2076_cov_13.707329	REVIEW	AMBIGUOUS	no_viral_domain_but_blast	0	0				0	
ERR3487358_clean_NODE_244_length_3202_cov_21.956948	DROP	AMBIGUOUS	DROP	0	0				0	
ERR3487358_clean_NODE_332_length_3018_cov_10.262857	KEEP	PASS_VIRAL	KEEP	8	0	3.98e-14	49.1	0.028	620	FAM001712
ERR3487358_clean_NODE_830_length_2521_cov_13.145682	KEEP	PASS_VIRAL	KEEP	43	4	3.13e-28	98.4	0.431	568	FAM012364
ERR3487358_clean_NODE_888_length_2480_cov_20.095199	DROP	REVIEW	DROP	0	0				0	
ERR3487359_clean_NODE_1239_length_2489_cov_7.893236	REVIEW	AMBIGUOUS	no_viral_domain_but_blast	0	0				0	
ERR3487359_clean_NODE_1553_length_2331_cov_40.245645	DROP	AMBIGUOUS	DROP	3	1	2.04e-07	30.4	0.562	613	FAM001927
ERR3487359_clean_NODE_1812_length_2223_cov_68.325411	DROP	AMBIGUOUS	DROP	0	0				0	
ERR3487359_clean_NODE_2072_length_2142_cov_47.551495	DROP	AMBIGUOUS	DROP	6	0	1.29e-08	33.5	0.107	488	FAM022056
ERR3487359_clean_NODE_232_length_3535_cov_201.552571	DROP	REVIEW	DROP	3	0	3.52e-04	19.5	0.280	937	FAM001818
ERR3487359_clean_NODE_3251_length_1866_cov_12.616057	DROP	AMBIGUOUS	DROP	5	1	2.73e-23	82.4	0.965	501	FAM017437
ERR3487359_clean_NODE_4427_length_1669_cov_8.127295	REVIEW	PASS_VIRAL	short_fragment	4	0	2.72e-10	38.8	0.066	477	FAM013464
ERR3487359_clean_NODE_4788_length_1617_cov_4.771176	REVIEW	REVIEW	no_viral_domain_but_blast	31	0	2.35e-77	260.6	0.131	162	FAM003304
ERR3487361_clean_NODE_31718_length_559_cov_2.546512	KEEP	PASS_CORE	KEEP	0	0				0	
ERR3487361_clean_NODE_435_length_3431_cov_16.974321	REVIEW	AMBIGUOUS	no_viral_domain_but_blast	0	0				0	
ERR3487361_clean_NODE_5229_length_1663_cov_2.196914	KEEP	PASS_CORE	KEEP	19	0	1.58e-52	178.3	0.097	123	FAM003304
ERR3487361_clean_NODE_582_length_3180_cov_7.146318	REVIEW	AMBIGUOUS	no_viral_domain_but_blast	0	0				0	
ERR3487361_clean_NODE_929_length_2853_cov_11.882206	KEEP	PASS_VIRAL	KEEP	0	0				0	
ERR3487362_clean_NODE_1005_length_2339_cov_37.974303	DROP	AMBIGUOUS	DROP	0	0				0	
ERR3487362_clean_NODE_1305_length_2189_cov_6.520969	REVIEW	AMBIGUOUS	short_fragment	8	0	1.97e-13	46.8	0.071	557	FAM001712
ERR3487362_clean_NODE_1376_length_2160_cov_33.725083	DROP	AMBIGUOUS	DROP	0	0				0	
ERR3487362_clean_NODE_295_length_3074_cov_13.929066	DROP	REVIEW	DROP	0	0				0	
ERR3487362_clean_NODE_360_length_2957_cov_6.926218	REVIEW	AMBIGUOUS	no_viral_domain_but_blast	0	0				0	
ERR3487362_clean_NODE_5132_length_1381_cov_182.920030	DROP	AMBIGUOUS	DROP	9	2	4.56e-90	301.6	0.826	301	FAM001834
ERR3487362_clean_NODE_904_length_2410_cov_17.373469	DROP	AMBIGUOUS	DROP	0	0				0	
ERR3487363_clean_NODE_1052_length_2601_cov_420.992572	REVIEW	AMBIGUOUS	no_viral_domain_but_blast	0	0				0	
ERR3487363_clean_NODE_1540_length_2336_cov_29.163541	REVIEW	AMBIGUOUS	short_fragment	7	0	2.18e-13	46.7	0.071	568	FAM001712
ERR3487363_clean_NODE_1_length_8439_cov_3754.145188	KEEP	PASS_CORE	KEEP	113	39	0.00e+00	2219.0	0.933	1887	FAM000080
ERR3487363_clean_NODE_2147_length_2113_cov_21.163768_self_circular	KEEP	PASS_VIRAL	KEEP	8	7	7.76e-122	405.9	0.776	224	FAM001296
ERR3487363_clean_NODE_2231_length_2090_cov_7.834392	DROP	AMBIGUOUS	DROP	0	0				0	
ERR3487363_clean_NODE_256_length_3545_cov_14.348943	DROP	REVIEW	DROP	0	0				0	
ERR3487363_clean_NODE_289_length_3467_cov_69.139311	REVIEW	AMBIGUOUS	no_viral_domain_but_blast	0	0				0	
ERR3487363_clean_NODE_428_length_3200_cov_27.576497	REVIEW	AMBIGUOUS	no_viral_domain_but_blast	0	0				0	
ERR3487363_clean_NODE_484_length_3110_cov_17.386697	DROP	AMBIGUOUS	DROP	4	3	2.67e-106	356.2	0.654	894	FAM007805
ERR3487363_clean_NODE_6_length_6701_cov_1307.112046	KEEP	PASS_CORE	KEEP	78	29	0.00e+00	1872.4	0.938	1471	FAM000088
ERR3487363_clean_NODE_71_length_4399_cov_14.477502	KEEP	PASS_VIRAL	KEEP	17	0	3.47e-52	177.6	0.415	1162	FAM004890
ERR3487363_clean_NODE_7821_length_1230_cov_3.233361	REVIEW	REVIEW	short_fragment	33	1	9.03e-68	228.8	0.137	172	FAM003304
ERR3487363_clean_NODE_849_length_2733_cov_233.794424	REVIEW	AMBIGUOUS	short_fragment	2	0	8.18e-05	21.4	0.206	555	FAM030713
ERR3487363_clean_NODE_992_length_2632_cov_17.606798	DROP	AMBIGUOUS	DROP	12	0	4.08e-10	38.8	0.163	672	FAM017957
ERR3487364_clean_NODE_142_length_3101_cov_12.947678	KEEP	PASS_VIRAL	KEEP	7	0	1.02e-29	103.5	0.380	900	FAM012657
ERR3487364_clean_NODE_210_length_2914_cov_46.944270	REVIEW	AMBIGUOUS	no_viral_domain_but_blast	0	0				0	
ERR3487364_clean_NODE_242_length_2837_cov_11.437008	DROP	AMBIGUOUS	DROP	0	0				0	
ERR3487364_clean_NODE_633_length_2308_cov_4.057395	REVIEW	AMBIGUOUS	short_fragment	5	0	3.90e-11	41.6	0.066	595	FAM013464
ERR3487364_clean_NODE_76_length_3450_cov_165.061051	REVIEW	AMBIGUOUS	short_fragment	0	0				0	
ERR3487364_clean_NODE_9776_length_899_cov_2.501168	REVIEW	REVIEW	short_fragment	0	0				0	
ERR3487365_clean_NODE_1185_length_2597_cov_58.303446	REVIEW	AMBIGUOUS	no_viral_domain_but_blast	0	0				0	
ERR3487365_clean_NODE_1805_length_2317_cov_23.842568	DROP	AMBIGUOUS	DROP	1	0	7.02e-03	15.8	0.213	536	FAM004138
ERR3487365_clean_NODE_1827_length_2308_cov_24.845475	REVIEW	AMBIGUOUS	no_viral_domain_but_blast	0	0				0	
ERR3487365_clean_NODE_188_length_3936_cov_21.033393	KEEP	PASS_VIRAL	KEEP	18	0	5.46e-55	186.8	0.393	1127	FAM004890
ERR3487365_clean_NODE_2100_length_2222_cov_110.570904	DROP	AMBIGUOUS	DROP	0	0				0	
ERR3487365_clean_NODE_2259_length_2176_cov_26.759962	DROP	AMBIGUOUS	DROP	0	0				0	
ERR3487365_clean_NODE_45_length_5108_cov_16.809082	KEEP	PASS_VIRAL	KEEP	6	1	6.27e-60	203.0	0.249	1423	FAM013464
ERR3487365_clean_NODE_479_length_3254_cov_20.711616	REVIEW	AMBIGUOUS	no_viral_domain_but_blast	0	0				0	
ERR3487365_clean_NODE_4933_length_1693_cov_4.875758	REVIEW	PASS_VIRAL	short_fragment	0	0				0	
ERR3487365_clean_NODE_841_length_2827_cov_11.196839	KEEP	PASS_VIRAL	KEEP	19	1	5.96e-55	186.7	0.405	751	FAM004890
ERR3487365_clean_NODE_882_length_2797_cov_11.648511	DROP	AMBIGUOUS	DROP	3	0	2.55e-06	26.4	0.173	758	FAM031275
ERR3487366_clean_NODE_1002_length_2658_cov_39.846272	DROP	AMBIGUOUS	DROP	0	0				0	
ERR3487366_clean_NODE_1209_length_2540_cov_11.569884	DROP	AMBIGUOUS	DROP	3	0	6.92e-07	28.8	0.347	609	FAM003342
ERR3487366_clean_NODE_131_length_4153_cov_12.614112	REVIEW	AMBIGUOUS	short_fragment	7	2	1.13e-07	29.4	0.030	48	FAM003310
ERR3487366_clean_NODE_1588_length_2348_cov_228.073319	DROP	AMBIGUOUS	DROP	7	1	6.55e-09	34.5	0.107	484	FAM022056
ERR3487366_clean_NODE_1852_length_2250_cov_41.472134	DROP	AMBIGUOUS	DROP	0	0				0	
ERR3487366_clean_NODE_1889_length_2236_cov_5.235750	DROP	AMBIGUOUS	DROP	0	0				0	
ERR3487366_clean_NODE_1896_length_2233_cov_13.144292	REVIEW	AMBIGUOUS	short_fragment	6	0	5.19e-15	52.0	0.071	568	FAM001712
ERR3487366_clean_NODE_2184_length_2125_cov_20.726705	REVIEW	AMBIGUOUS	no_viral_domain_but_blast	0	0				0	
ERR3487366_clean_NODE_244_length_3649_cov_32.077926	DROP	REVIEW	DROP	0	0				0	
ERR3487366_clean_NODE_258_length_3623_cov_4.101676	DROP	AMBIGUOUS	DROP	5	2	3.43e-129	432.0	0.725	1031	FAM007805
ERR3487366_clean_NODE_3249_length_1872_cov_109.626025	DROP	REVIEW	DROP	8	5	1.78e-56	191.4	0.735	364	FAM014731
ERR3487366_clean_NODE_363_length_3371_cov_8.393930	KEEP	PASS_VIRAL	KEEP	30	0	5.39e-62	209.7	0.357	988	FAM012716
ERR3487366_clean_NODE_5292_length_1549_cov_14.848606	KEEP	PASS_VIRAL	KEEP	0	0				0	
ERR3487366_clean_NODE_72_length_4516_cov_25.701319	KEEP	PASS_VIRAL	KEEP	0	0				0	
ERR3487367_clean_NODE_1_length_6087_cov_17.632363	KEEP	PASS_CORE	KEEP	62	8	8.59e-102	340.9	0.831	432	FAM014960
ERR3487368_clean_NODE_163_length_3710_cov_11.677120	KEEP	PASS_VIRAL	KEEP	36	12	9.42e-54	182.2	0.115	764	FAM008177
ERR3487368_clean_NODE_389_length_3190_cov_20.431522	REVIEW	AMBIGUOUS	no_viral_domain_but_blast	0	0				0	
ERR3487368_clean_NODE_421_length_3136_cov_10.576463	REVIEW	PASS_VIRAL	short_fragment	52	4	1.12e-98	331.0	0.133	207	FAM003310
ERR3487368_clean_NODE_4549_length_1582_cov_4.871995	KEEP	PASS_VIRAL	KEEP	2	0	2.52e-15	56.0	0.204	417	FAM004768
ERR3487368_clean_NODE_619_length_2888_cov_19.580668	DROP	AMBIGUOUS	DROP	2	2	1.83e-29	102.9	0.667	680	FAM012606
ERR3487368_clean_NODE_638_length_2868_cov_9.260885	DROP	AMBIGUOUS	DROP	3	1	8.32e-24	83.5	0.719	576	FAM004846
ERR3487368_clean_NODE_751_length_2741_cov_30.565975	KEEP	PASS_VIRAL	KEEP	12	0	1.88e-08	33.2	0.278	764	FAM011187
ERR3487368_clean_NODE_888_length_2624_cov_12.294460	DROP	AMBIGUOUS	DROP	0	0				0	
ERR3487368_clean_NODE_966_length_2566_cov_5.331352	KEEP	PASS_VIRAL	KEEP	0	0				0	
ERR3487368_clean_NODE_988_length_2550_cov_20.822497	REVIEW	AMBIGUOUS	short_fragment	0	0				0	
ERR3487369_clean_NODE_1022_length_2692_cov_7.949792	REVIEW	AMBIGUOUS	no_viral_domain_but_blast	0	0				0	
ERR3487369_clean_NODE_1139_length_2619_cov_9.924689	DROP	AMBIGUOUS	DROP	3	0	2.52e-05	23.0	0.141	613	FAM032326
ERR3487369_clean_NODE_1141_length_2618_cov_35.207767	REVIEW	AMBIGUOUS	no_viral_domain_but_blast	0	0				0	
ERR3487369_clean_NODE_1257_length_2564_cov_28.549385	REVIEW	PASS_VIRAL	short_fragment	1	0	2.49e-05	23.1	0.403	555	FAM030757
ERR3487369_clean_NODE_1413_length_2476_cov_13.118372	KEEP	PASS_VIRAL	KEEP	5	5	3.00e-255	848.8	0.704	557	FAM004987
ERR3487369_clean_NODE_1450_length_2461_cov_8.723325	REVIEW	PASS_VIRAL	short_fragment	9	0	6.42e-15	51.7	0.070	633	FAM001712
ERR3487369_clean_NODE_1461_length_2455_cov_13.623964	DROP	REVIEW	DROP	0	0				0	
ERR3487369_clean_NODE_15811_length_845_cov_5.304239	DROP	AMBIGUOUS	DROP	0	0				0	
ERR3487369_clean_NODE_1590_length_2392_cov_14.813538	DROP	AMBIGUOUS	DROP	5	1	2.21e-09	36.0	0.109	538	FAM022056
ERR3487369_clean_NODE_20062_length_695_cov_1.740798	REVIEW	REVIEW	short_fragment	0	0				0	
ERR3487369_clean_NODE_21144_length_664_cov_2.009662	REVIEW	REVIEW	short_fragment	0	0				0	
ERR3487369_clean_NODE_22123_length_637_cov_2.077441	REVIEW	REVIEW	short_fragment	4	0	1.11e-09	36.4	0.026	31	FAM003304
ERR3487369_clean_NODE_23454_length_603_cov_6.192857	KEEP	PASS_CORE	KEEP	0	0				0	
ERR3487369_clean_NODE_2424_length_2111_cov_20.411509	DROP	REVIEW	DROP	0	0				0	
ERR3487369_clean_NODE_417_length_3375_cov_52.830732	REVIEW	AMBIGUOUS	no_viral_domain_but_blast	0	0				0	
ERR3487370_clean_NODE_19_length_5369_cov_33.463763	DROP	REVIEW	DROP	0	0				0	
ERR3487370_clean_NODE_531_length_2786_cov_42.154575	KEEP	PASS_VIRAL	KEEP	14	0	1.02e-08	34.2	0.279	776	FAM012430
ERR3487371_clean_NODE_1121_length_2470_cov_39.145859	DROP	AMBIGUOUS	DROP	6	1	2.19e-09	36.0	0.109	522	FAM022056
ERR3487371_clean_NODE_21278_length_549_cov_10.828063	REVIEW	REVIEW	short_fragment	0	0				0	
ERR3487371_clean_NODE_37_length_5064_cov_58.326827	KEEP	PASS_VIRAL	KEEP	7	0	9.50e-26	90.4	0.378	1462	FAM012657
ERR3487371_clean_NODE_540_length_2978_cov_16.710733	DROP	AMBIGUOUS	DROP	0	0				0	
ERR3487371_clean_NODE_58_length_4535_cov_12.568121	DROP	AMBIGUOUS	DROP	13	0	9.36e-36	123.3	0.454	229	FAM012487
ERR3487371_clean_NODE_699_length_2815_cov_20.310967	DROP	AMBIGUOUS	DROP	1	0	4.02e-13	48.4	0.340	684	FAM007966
ERR3487371_clean_NODE_868_length_2645_cov_6.468101	DROP	AMBIGUOUS	DROP	0	0				0	
ERR3487372_clean_NODE_11_length_4297_cov_29.972026	DROP	REVIEW	DROP	5	0	5.17e-22	76.5	0.069	142	FAM000252
ERR3487372_clean_NODE_555_length_2339_cov_27.533101	REVIEW	AMBIGUOUS	short_fragment	0	0				0	
ERR3487372_clean_NODE_61_length_3424_cov_55.425909	DROP	REVIEW	DROP	1	0	3.47e-05	22.8	0.290	931	FAM001818
ERR3487372_clean_NODE_66_length_3406_cov_11.467440	REVIEW	AMBIGUOUS	no_viral_domain_but_blast	0	0				0	
ERR3487372_clean_NODE_754_length_2197_cov_27.352832	REVIEW	AMBIGUOUS	no_viral_domain_but_blast	0	0				0	
ERR3487372_clean_NODE_993_length_2073_cov_9.526601	REVIEW	AMBIGUOUS	short_fragment	0	0				0	
ERR3487373_clean_NODE_14905_length_723_cov_2.933824	REVIEW	REVIEW	short_fragment	0	0				0	
ERR3487373_clean_NODE_1680_length_2017_cov_23.338906	DROP	AMBIGUOUS	DROP	5	1	1.77e-09	36.3	0.107	529	FAM022056
ERR3487373_clean_NODE_196_length_3279_cov_107.659765	KEEP	PASS_VIRAL	KEEP	5	1	1.09e-96	324.4	0.408	793	FAM004987
ERR3487373_clean_NODE_22_length_4627_cov_19.463569	KEEP	PASS_VIRAL	KEEP	42	17	2.97e-46	157.4	0.115	805	FAM008177
ERR3487373_clean_NODE_503_length_2679_cov_11.125569	DROP	AMBIGUOUS	DROP	0	0				0	
ERR3487373_clean_NODE_591_length_2593_cov_22.336078	DROP	REVIEW	DROP	0	0				0	
ERR3487373_clean_NODE_642_length_2537_cov_26.688452	DROP	AMBIGUOUS	DROP	1	0	1.37e-47	161.8	0.201	580	FAM012677
ERR3487374_clean_NODE_103_length_4128_cov_7.966707	KEEP	PASS_VIRAL	KEEP	6	1	1.00e-36	126.0	0.501	1170	FAM010784
ERR3487374_clean_NODE_1078_length_2571_cov_11.963608	DROP	AMBIGUOUS	DROP	18	0	3.14e-08	31.8	0.111	569	FAM018936
ERR3487374_clean_NODE_1386_length_2389_cov_7.268542	KEEP	PASS_VIRAL	KEEP	30	0	1.91e-67	227.7	0.379	545	FAM012716
ERR3487374_clean_NODE_1480_length_2341_cov_31.843342	DROP	AMBIGUOUS	DROP	4	1	2.67e-10	39.0	0.127	503	FAM022056
ERR3487374_clean_NODE_1576_length_2297_cov_68.137533	REVIEW	AMBIGUOUS	no_viral_domain_but_blast	0	0				0	
ERR3487374_clean_NODE_2053_length_2111_cov_56.994681	DROP	REVIEW	DROP	0	0				0	
ERR3487374_clean_NODE_36_length_4962_cov_11.767636	DROP	AMBIGUOUS	DROP	0	0				0	
ERR3487374_clean_NODE_706_length_2850_cov_40.039188	REVIEW	AMBIGUOUS	no_viral_domain_but_blast	0	0				0	
ERR3487374_clean_NODE_890_length_2711_cov_12.308471	KEEP	PASS_VIRAL	KEEP	4	0	4.38e-11	41.5	0.065	484	FAM013464
ERR3487374_clean_NODE_947_length_2664_cov_7.781381	DROP	AMBIGUOUS	DROP	1	0	3.14e-26	91.1	0.310	677	FAM023562
ERR3487375_clean_NODE_1030_length_2681_cov_14.670963	DROP	AMBIGUOUS	DROP	0	0				0	
ERR3487375_clean_NODE_1149_length_2595_cov_14.228448	KEEP	PASS_VIRAL	KEEP	3	0	2.79e-14	52.0	0.065	559	FAM013464
ERR3487375_clean_NODE_14175_length_831_cov_4.601523	REVIEW	REVIEW	short_fragment	13	0	1.39e-21	75.8	0.041	66	FAM003304
ERR3487375_clean_NODE_1599_length_2337_cov_9.083697	DROP	AMBIGUOUS	DROP	0	0				0	
ERR3487375_clean_NODE_1716_length_2291_cov_10.004004	DROP	AMBIGUOUS	DROP	0	0				0	
ERR3487375_clean_NODE_230_length_3927_cov_3.546859	REVIEW	REVIEW	short_fragment	0	0				0	
ERR3487375_clean_NODE_2_length_10247_cov_11301.218346	KEEP	PASS_CORE	KEEP	157	36	0.00e+00	4663.9	0.635	3013	FAM000291
ERR3487375_clean_NODE_347_length_3575_cov_17.781144	REVIEW	AMBIGUOUS	no_viral_domain_but_blast	0	0				0	
ERR3487375_clean_NODE_7598_length_1247_cov_5.895349	KEEP	PASS_VIRAL	KEEP	0	0				0	
ERR3487375_clean_NODE_949_length_2730_cov_16.861928	KEEP	PASS_VIRAL	KEEP	3	0	1.87e-68	230.9	0.478	599	FAM004705
ERR3487376_clean_NODE_32_length_4138_cov_20.902076	KEEP	PASS_CORE	KEEP	26	2	9.42e-116	387.3	0.485	462	FAM000134
ERR3487376_clean_NODE_336_length_2630_cov_17.275222	DROP	AMBIGUOUS	DROP	3	1	1.01e-05	24.8	0.274	561	FAM002853
ERR3487377_clean_NODE_22498_length_534_cov_2.535642	REVIEW	REVIEW	short_fragment	0	0				0	
ERR3487377_clean_NODE_334_length_2433_cov_6.130544	KEEP	PASS_VIRAL	KEEP	1	0	1.15e-07	30.2	0.281	562	FAM013464
ERR3487377_clean_NODE_429_length_2316_cov_24.815662	DROP	AMBIGUOUS	DROP	4	1	3.66e-09	35.3	0.117	510	FAM022056
ERR3487378_clean_NODE_1045_length_2456_cov_58.718193	KEEP	PASS_VIRAL	KEEP	0	0				0	
ERR3487378_clean_NODE_137_length_3989_cov_11.074759	KEEP	PASS_VIRAL	KEEP	18	0	1.57e-54	185.3	0.397	1124	FAM004890
ERR3487378_clean_NODE_1430_length_2233_cov_35.646119	REVIEW	AMBIGUOUS	short_fragment	6	0	5.13e-11	41.8	0.125	571	FAM007630
ERR3487378_clean_NODE_1534_length_2185_cov_15.098506	DROP	AMBIGUOUS	DROP	0	0				0	
ERR3487378_clean_NODE_179_length_3752_cov_6.592613	DROP	AMBIGUOUS	DROP	0	0				0	
ERR3487378_clean_NODE_1805_length_2081_cov_196.437193	KEEP	PASS_VIRAL	KEEP	0	0				0	
ERR3487378_clean_NODE_20565_length_624_cov_0.984509	KEEP	PASS_CORE	KEEP	0	0				0	
ERR3487378_clean_NODE_229_length_3552_cov_20.474779	KEEP	PASS_VIRAL	KEEP	19	0	8.22e-52	176.3	0.405	1022	FAM004890
ERR3487378_clean_NODE_2671_length_1829_cov_5.148936	REVIEW	PASS_VIRAL	short_fragment	4	0	9.08e-11	40.4	0.065	493	FAM013464
ERR3487378_clean_NODE_291_length_3411_cov_41.849466	REVIEW	AMBIGUOUS	no_viral_domain_but_blast	0	0				0	
ERR3487378_clean_NODE_453_length_3086_cov_66.365429	KEEP	PASS_VIRAL	KEEP	0	0				0	
ERR3487378_clean_NODE_5062_length_1412_cov_2.264427	KEEP	PASS_CORE	KEEP	1	0	3.49e-06	25.3	0.066	47	FAM000134
ERR3487378_clean_NODE_5199_length_1395_cov_9.277367	KEEP	PASS_CORE	KEEP	0	0				0	
ERR3487378_clean_NODE_602_length_2872_cov_2.265111	DROP	REVIEW	DROP	0	0				0	
ERR3487379_clean_NODE_10558_length_807_cov_6.696335	DROP	REVIEW	DROP	0	0				0	
ERR3487379_clean_NODE_13157_length_700_cov_3.634703	REVIEW	REVIEW	short_fragment	0	0				0	
ERR3487379_clean_NODE_213_length_2971_cov_116.973019	DROP	AMBIGUOUS	DROP	2	0	4.02e-03	15.8	0.206	742	FAM030713
ERR3487379_clean_NODE_284_length_2828_cov_59.404309	KEEP	PASS_VIRAL	KEEP	6	0	1.99e-05	23.7	0.084	681	FAM000510
ERR3487379_clean_NODE_313_length_2774_cov_42.362138	DROP	REVIEW	DROP	4	0	1.63e-04	20.0	0.280	825	FAM003349
ERR3487379_clean_NODE_405_length_2622_cov_24.535091	DROP	AMBIGUOUS	DROP	0	0				0	
ERR3487379_clean_NODE_6190_length_1083_cov_6.525962	REVIEW	REVIEW	no_viral_domain_but_blast	1	0	1.51e-125	420.2	0.247	265	FAM003378
ERR3487380_clean_NODE_101_length_3818_cov_254.948344	REVIEW	REVIEW	short_fragment	0	0				0	
ERR3487380_clean_NODE_141_length_3588_cov_26.825388	KEEP	PASS_VIRAL	KEEP	20	1	5.68e-51	173.6	0.419	1059	FAM004890
ERR3487380_clean_NODE_355_length_2956_cov_11.743220	REVIEW	AMBIGUOUS	no_viral_domain_but_blast	0	0				0	
ERR3487380_clean_NODE_3831_length_1400_cov_7.823139	REVIEW	PASS_VIRAL	short_fragment	141	4	2.90e-15	55.9	0.283	92	FAM010960
ERR3487380_clean_NODE_463_length_2735_cov_21.616270	REVIEW	AMBIGUOUS	no_viral_domain_but_blast	13	5	1.18e-279	930.7	0.574	817	FAM003310
ERR3487380_clean_NODE_821_length_2358_cov_43.952052	KEEP	PASS_VIRAL	KEEP	0	0				0	
ERR3487381_clean_NODE_1170_length_2354_cov_68.373864	DROP	AMBIGUOUS	DROP	3	2	5.56e-50	169.8	0.816	491	FAM020762
ERR3487381_clean_NODE_242_length_3454_cov_12.972735	REVIEW	AMBIGUOUS	no_viral_domain_but_blast	0	0				0	
ERR3487381_clean_NODE_272_length_3363_cov_9.654217	REVIEW	REVIEW	no_viral_domain_but_blast	27	3	5.07e-309	1027.6	0.561	593	FAM003378
ERR3487381_clean_NODE_312_length_3248_cov_16.017161	DROP	AMBIGUOUS	DROP	0	0				0	
ERR3487381_clean_NODE_379_length_3086_cov_22.414394	KEEP	PASS_VIRAL	KEEP	0	0				0	
ERR3487382_clean_NODE_2938_length_1336_cov_4.730085	DROP	REVIEW	DROP	0	0				0	
ERR3487382_clean_NODE_3546_length_1231_cov_14.970539	REVIEW	REVIEW	no_viral_domain_but_blast	5	3	5.84e-112	373.8	0.800	280	FAM014886
ERR3487382_clean_NODE_38_length_3526_cov_26.821993	KEEP	PASS_VIRAL	KEEP	0	0				0	
ERR3487382_clean_NODE_409_length_2318_cov_22.179341	REVIEW	AMBIGUOUS	no_viral_domain_but_blast	0	0				0	
ERR3487382_clean_NODE_601_length_2141_cov_11.663966	DROP	AMBIGUOUS	DROP	0	0				0	
ERR3487382_clean_NODE_98_length_2990_cov_12.497455	DROP	AMBIGUOUS	DROP	8	0	2.74e-14	52.2	0.225	744	FAM012472
ERR3487383_clean_NODE_11_length_8177_cov_10.413081	DROP	AMBIGUOUS	DROP	11	0	1.28e-08	35.0	0.269	2539	FAM017471
ERR3487383_clean_NODE_1649_length_2505_cov_9.959383	DROP	REVIEW	DROP	0	0				0	
ERR3487383_clean_NODE_1860_length_2407_cov_7.150169	REVIEW	AMBIGUOUS	short_fragment	8	0	5.05e-19	65.4	0.029	569	FAM001712
ERR3487383_clean_NODE_1879_length_2397_cov_3.282498	KEEP	PASS_CORE	KEEP	0	0				0	
ERR3487383_clean_NODE_192_length_4361_cov_36.475915	DROP	AMBIGUOUS	DROP	2	0	1.18e-09	37.3	0.250	1158	FAM009502
ERR3487383_clean_NODE_213_length_4265_cov_31.554713	DROP	AMBIGUOUS	DROP	0	0				0	
ERR3487383_clean_NODE_236_length_4164_cov_52.305751_self_circular	KEEP	PASS_CORE	KEEP	4	1	1.21e-11	44.5	0.612	90	FAM000251
ERR3487383_clean_NODE_3116_length_2008_cov_24.573537	DROP	REVIEW	DROP	0	0				0	
ERR3487383_clean_NODE_6_length_10047_cov_3303.803679	KEEP	PASS_CORE	KEEP	135	36	0.00e+00	4624.9	0.632	2996	FAM000291
ERR3487384_clean_NODE_1626_length_1683_cov_6.315244	REVIEW	REVIEW	no_viral_domain_but_blast	5	0	9.23e-23	80.7	0.156	68	FAM002990
ERR3487384_clean_NODE_34_length_3590_cov_31.378630	KEEP	PASS_VIRAL	KEEP	20	0	3.26e-50	171.1	0.405	962	FAM004890
ERR3487384_clean_NODE_483_length_2217_cov_15.732751	REVIEW	REVIEW	short_fragment	2	0	9.89e-05	17.9	0.028	277	FAM001712
ERR3487385_clean_NODE_1787_length_2548_cov_10.071856	DROP	REVIEW	DROP	0	0				0	
ERR3487385_clean_NODE_1829_length_2529_cov_9.286404	REVIEW	AMBIGUOUS	no_viral_domain_but_blast	0	0				0	
ERR3487385_clean_NODE_2469_length_2304_cov_18.376382	REVIEW	AMBIGUOUS	no_viral_domain_but_blast	0	0				0	
ERR3487385_clean_NODE_3076_length_2143_cov_12.142381	DROP	AMBIGUOUS	DROP	2	1	4.81e-99	331.8	0.969	499	FAM012407
ERR3487385_clean_NODE_319_length_4019_cov_28.619970	DROP	AMBIGUOUS	DROP	6	1	7.72e-10	37.5	0.109	523	FAM022056
ERR3487385_clean_NODE_35212_length_506_cov_1.410367	DROP	REVIEW	DROP	0	0				0	
ERR3487385_clean_NODE_4010_length_1955_cov_21.247385	KEEP	PASS_VIRAL	KEEP	3	1	1.11e-28	100.0	0.163	408	FAM000819
ERR3487385_clean_NODE_528_length_3534_cov_8.544830	KEEP	PASS_VIRAL	KEEP	8	1	3.06e-163	544.7	0.635	942	FAM013464
ERR3487385_clean_NODE_5_length_9750_cov_44.697641	DROP	AMBIGUOUS	DROP	0	0				0	
ERR3487385_clean_NODE_6974_length_1551_cov_13.859416	REVIEW	PASS_VIRAL	short_fragment	0	0				0	
ERR3487385_clean_NODE_791_length_3195_cov_24.821701	KEEP	PASS_VIRAL	KEEP	29	0	6.02e-59	199.9	0.431	888	FAM004890
ERR3487385_clean_NODE_982_length_3022_cov_71.546492	DROP	AMBIGUOUS	DROP	1	1	1.09e-108	364.1	0.823	713	FAM017622
ERR3487386_clean_NODE_267_length_2918_cov_155.430957	REVIEW	AMBIGUOUS	no_viral_domain_but_blast	0	0				0	
ERR3487386_clean_NODE_289_length_2893_cov_5.640351	DROP	REVIEW	DROP	0	0				0	
ERR3487386_clean_NODE_327_length_2808_cov_32.642315	REVIEW	AMBIGUOUS	no_viral_domain_but_blast	0	0				0	
ERR3487386_clean_NODE_6136_length_1252_cov_4.846154	DROP	REVIEW	DROP	1	0	2.83e-06	26.2	0.279	146	FAM008795
ERR3487387_clean_NODE_142_length_2520_cov_8.883327	KEEP	PASS_VIRAL	KEEP	0	0				0	
ERR3487388_clean_NODE_1259_length_3022_cov_10.591809	DROP	AMBIGUOUS	DROP	2	0	4.17e-30	104.1	0.119	808	FAM010955
ERR3487388_clean_NODE_2040_length_2617_cov_22.285548	DROP	AMBIGUOUS	DROP	5	0	2.01e-08	32.9	0.109	511	FAM022056
ERR3487388_clean_NODE_2298_length_2522_cov_19.146833	DROP	AMBIGUOUS	DROP	3	2	6.69e-135	449.7	0.949	454	FAM021437
ERR3487388_clean_NODE_2390_length_2483_cov_12.364344	DROP	AMBIGUOUS	DROP	0	0				0	
ERR3487388_clean_NODE_2772_length_2369_cov_6.625537	KEEP	PASS_VIRAL	KEEP	36	16	5.39e-53	179.7	0.118	539	FAM008177
ERR3487388_clean_NODE_3766_length_2133_cov_37.611962	DROP	AMBIGUOUS	DROP	0	0				0	
ERR3487388_clean_NODE_529_length_3739_cov_7.767045	DROP	AMBIGUOUS	DROP	0	0				0	
ERR3487389_clean_NODE_1377_length_2407_cov_220.025804	KEEP	PASS_VIRAL	KEEP	5	5	3.95e-292	970.8	0.709	592	FAM004987
ERR3487389_clean_NODE_1689_length_2273_cov_198.478475	DROP	AMBIGUOUS	DROP	0	0				0	
ERR3487389_clean_NODE_2542_length_2014_cov_6.044647	REVIEW	PASS_VIRAL	short_fragment	5	0	1.37e-12	46.4	0.066	502	FAM013464
ERR3487389_clean_NODE_3689_length_1757_cov_20.589265	REVIEW	REVIEW	short_fragment	10	4	6.18e-28	97.6	0.871	276	FAM010181
ERR3487389_clean_NODE_3_length_8244_cov_62.408121	REVIEW	AMBIGUOUS	no_viral_domain_but_blast	0	0				0	
ERR3487389_clean_NODE_443_length_3141_cov_22.223370	DROP	AMBIGUOUS	DROP	0	0				0	
ERR3487389_clean_NODE_492_length_3061_cov_18.421803	DROP	AMBIGUOUS	DROP	0	0				0	
ERR3487389_clean_NODE_741_length_2815_cov_23.310245	DROP	AMBIGUOUS	DROP	5	0	5.55e-09	34.7	0.105	489	FAM022056
ERR3487389_clean_NODE_812_length_2747_cov_8.501479	DROP	REVIEW	DROP	0	0				0	
ERR3487389_clean_NODE_97_length_4160_cov_10.836046	KEEP	PASS_VIRAL	KEEP	31	16	1.62e-49	168.2	0.117	1023	FAM008177
ERR3487390_clean_NODE_184_length_4477_cov_14.007217	KEEP	PASS_VIRAL	KEEP	10	0	4.72e-43	147.5	0.397	1207	FAM012657
ERR3487390_clean_NODE_2474_length_2306_cov_11.522757	KEEP	PASS_VIRAL	KEEP	20	1	7.72e-81	271.9	0.824	628	FAM008037
ERR3487390_clean_NODE_262_length_4162_cov_22.155135	KEEP	PASS_VIRAL	KEEP	19	0	2.58e-56	191.2	0.400	1206	FAM004890
ERR3487390_clean_NODE_910_length_3120_cov_186.471888	REVIEW	AMBIGUOUS	no_viral_domain_but_blast	0	0				0	
ERR3487390_clean_NODE_946_length_3091_cov_17.706365	KEEP	PASS_VIRAL	KEEP	16	0	5.86e-10	38.2	0.238	785	FAM011187
ERR3487390_clean_NODE_966_length_3072_cov_4.737867	DROP	REVIEW	DROP	0	0				0	
ERR3487391_clean_NODE_107_length_2280_cov_28.516316	DROP	REVIEW	DROP	0	0				0	
ERR3487391_clean_NODE_14994_length_608_cov_5.939823	KEEP	PASS_CORE	KEEP	0	0				0	
ERR3487391_clean_NODE_15542_length_597_cov_4.111913	REVIEW	AMBIGUOUS	short_fragment	0	0				0	
ERR3487391_clean_NODE_18364_length_543_cov_3.386000	REVIEW	REVIEW	short_fragment	0	0				0	
ERR3487392_clean_NODE_1075_length_3505_cov_20.272386	KEEP	PASS_VIRAL	KEEP	5	2	5.38e-101	338.7	0.407	800	FAM004987
ERR3487392_clean_NODE_1164_length_3412_cov_60.636984	KEEP	PASS_VIRAL	KEEP	5	1	4.11e-95	319.2	0.409	802	FAM004987
ERR3487392_clean_NODE_132_length_5692_cov_7.344132	DROP	REVIEW	DROP	0	0				0	
ERR3487392_clean_NODE_13669_length_970_cov_1.607335	KEEP	PASS_VIRAL	KEEP	0	0				0	
ERR3487392_clean_NODE_198_length_5259_cov_11.999617	KEEP	PASS_VIRAL	KEEP	8	0	5.63e-24	84.5	0.121	1491	FAM012657
ERR3487392_clean_NODE_4145_length_2203_cov_37.657870	DROP	AMBIGUOUS	DROP	0	0				0	
ERR3487392_clean_NODE_540_length_4179_cov_17.193424	DROP	AMBIGUOUS	DROP	0	0				0	
ERR3487392_clean_NODE_639_length_4009_cov_29.427131	DROP	AMBIGUOUS	DROP	7	0	5.41e-11	38.7	0.070	771	FAM001712
ERR3487392_clean_NODE_699_length_3926_cov_8.639712	DROP	AMBIGUOUS	DROP	0	0				0	
ERR3487392_clean_NODE_8_length_9444_cov_16.058930	DROP	AMBIGUOUS	DROP	7	1	4.25e-31	108.0	0.651	2342	FAM018040
ERR3487393_clean_NODE_1377_length_2189_cov_5.528891	DROP	REVIEW	DROP	0	0				0	
ERR3487393_clean_NODE_178_length_3416_cov_11.390454	DROP	AMBIGUOUS	DROP	1	1	1.82e-04	20.8	0.673	1059	FAM012606
ERR3487393_clean_NODE_33_length_4510_cov_105.714126	REVIEW	AMBIGUOUS	no_viral_domain_but_blast	0	0				0	
ERR3487393_clean_NODE_4905_length_1427_cov_2.996387	KEEP	PASS_VIRAL	KEEP	1	1	3.86e-172	572.3	0.852	358	FAM014819
ERR3487393_clean_NODE_690_length_2617_cov_9.426185	KEEP	PASS_VIRAL	KEEP	5	0	6.05e-12	44.8	0.372	641	FAM012657
ERR3487394_clean_NODE_2418_length_2556_cov_3.996021	KEEP	PASS_CORE	KEEP	3	0	2.71e-04	18.9	0.162	530	FAM004987
ERR3487394_clean_NODE_322_length_4563_cov_15.142920	DROP	AMBIGUOUS	DROP	2	1	5.44e-28	98.1	0.435	1054	FAM012606
ERR3487394_clean_NODE_630_length_3896_cov_27.190760	DROP	AMBIGUOUS	DROP	7	0	3.37e-16	56.0	0.071	752	FAM001712
ERR3487395_clean_NODE_13471_length_688_cov_2.105426	DROP	REVIEW	DROP	0	0				0	
ERR3487395_clean_NODE_220_length_2311_cov_50.497354	DROP	REVIEW	DROP	0	0				0	
ERR3487395_clean_NODE_271_length_2215_cov_13.041436	REVIEW	REVIEW	short_fragment	0	0				0	
ERR3487395_clean_NODE_6_length_4020_cov_11.452602	DROP	REVIEW	DROP	0	0				0	
ERR3487396_clean_NODE_1138_length_3071_cov_20.773118	DROP	AMBIGUOUS	DROP	0	0				0	
ERR3487396_clean_NODE_2243_length_2336_cov_6.127780	DROP	AMBIGUOUS	DROP	0	0				0	
ERR3487396_clean_NODE_2343_length_2293_cov_5.500444	REVIEW	AMBIGUOUS	short_fragment	0	0				0	
ERR3487396_clean_NODE_2618_length_2189_cov_3.832712	KEEP	PASS_VIRAL	KEEP	25	1	2.34e-28	98.7	0.217	376	FAM007705
ERR3487396_clean_NODE_6148_length_1542_cov_3.737825	KEEP	PASS_VIRAL	KEEP	0	0				0	
ERR3487396_clean_NODE_8567_length_1307_cov_7.568829	KEEP	PASS_VIRAL	KEEP	2	0	4.33e-40	137.4	0.194	216	FAM007797
ERR3487397_clean_NODE_12_length_9486_cov_53.128349	REVIEW	REVIEW	no_viral_domain_but_blast	11	7	1.18e-218	728.8	0.603	3052	FAM007197
ERR3487397_clean_NODE_13274_length_997_cov_6.039832	DROP	REVIEW	DROP	0	0				0	
ERR3487397_clean_NODE_33_length_8076_cov_23.402091	KEEP	PASS_VIRAL	KEEP	7	1	1.66e-65	221.5	0.267	2123	FAM013464
ERR3487397_clean_NODE_3823_length_2409_cov_30.219780	DROP	AMBIGUOUS	DROP	1	1	4.26e-06	26.8	0.728	147	FAM007856
ERR3487397_clean_NODE_4463_length_2232_cov_2.856556	DROP	REVIEW	DROP	6	0	3.52e-89	299.2	0.148	464	FAM007197
ERR3487397_clean_NODE_5044_length_2082_cov_3.172634	KEEP	PASS_CORE	KEEP	50	1	2.91e-26	91.5	0.362	191	FAM024624
ERR3487397_clean_NODE_6327_length_1829_cov_6.069429	REVIEW	REVIEW	no_viral_domain_but_blast	0	0				0	
ERR3487397_clean_NODE_7137_length_1685_cov_4.898904	REVIEW	REVIEW	no_viral_domain_but_blast	0	0				0	
ERR3487397_clean_NODE_928_length_3950_cov_14.147172	KEEP	PASS_VIRAL	KEEP	26	0	2.82e-61	207.6	0.393	990	FAM004890
ERR3487398_clean_NODE_1318_length_3391_cov_14.167563	DROP	AMBIGUOUS	DROP	7	0	1.82e-16	56.9	0.071	780	FAM001712
ERR3487398_clean_NODE_1853_length_3069_cov_5.184071	KEEP	PASS_VIRAL	KEEP	17	0	5.55e-07	29.3	0.378	524	FAM004782
ERR3487398_clean_NODE_2055_length_2964_cov_11.768915	KEEP	PASS_VIRAL	KEEP	4	1	1.49e-69	234.2	0.922	618	FAM011052
ERR3487398_clean_NODE_22102_length_891_cov_2.676887	KEEP	PASS_CORE	KEEP	0	0				0	
ERR3487398_clean_NODE_2252_length_2888_cov_23.403866	DROP	AMBIGUOUS	DROP	0	0				0	
ERR3487398_clean_NODE_31022_length_671_cov_2.555732	KEEP	PASS_CORE	KEEP	0	0				0	
ERR3487398_clean_NODE_4_length_10073_cov_51.954536	DROP	AMBIGUOUS	DROP	0	0				0	
ERR3487398_clean_NODE_5277_length_2115_cov_7.442085	DROP	AMBIGUOUS	DROP	4	1	4.44e-08	31.7	0.115	502	FAM022056
ERR3487398_clean_NODE_704_length_3975_cov_13.757884	DROP	REVIEW	DROP	0	0				0	
ERR3487398_clean_NODE_738_length_3923_cov_18.007732	REVIEW	AMBIGUOUS	no_viral_domain_but_blast	0	0				0	
ERR3487398_clean_NODE_7903_length_1759_cov_1.990093	REVIEW	AMBIGUOUS	short_fragment	2	0	4.30e-13	48.1	0.065	510	FAM013464
ERR3487399_clean_NODE_264_length_4982_cov_13.500506	REVIEW	AMBIGUOUS	no_viral_domain_but_blast	2	0	6.91e-21	74.7	0.426	1047	FAM012606
ERR3487399_clean_NODE_3660_length_2282_cov_20.529254	DROP	REVIEW	DROP	0	0				0	
ERR3487399_clean_NODE_3_length_10691_cov_21.947596	DROP	AMBIGUOUS	DROP	0	0				0	
ERR3487399_clean_NODE_4379_length_2090_cov_72.023449	DROP	AMBIGUOUS	DROP	0	0				0	
ERR3487399_clean_NODE_4583_length_2039_cov_41.875752	DROP	REVIEW	DROP	0	0				0	
ERR3487399_clean_NODE_472_length_4370_cov_19.246822	DROP	REVIEW	DROP	0	0				0	
ERR3487399_clean_NODE_79_length_6253_cov_21.693398	DROP	AMBIGUOUS	DROP	0	0				0	
ERR3487399_clean_NODE_960_length_3642_cov_63.483190	DROP	AMBIGUOUS	DROP	8	0	4.15e-17	59.0	0.071	732	FAM001712
ERR3487400_clean_NODE_120_length_4456_cov_18.156130	DROP	AMBIGUOUS	DROP	1	0	1.10e-04	20.9	0.244	1123	FAM007630
ERR3487400_clean_NODE_226_length_4032_cov_16.228879	DROP	AMBIGUOUS	DROP	8	0	2.02e-16	56.7	0.071	772	FAM001712
ERR3487400_clean_NODE_244_length_3992_cov_14.378577	DROP	REVIEW	DROP	0	0				0	
ERR3487400_clean_NODE_84_length_4721_cov_16.927747	DROP	REVIEW	DROP	0	0				0	
ERR3487400_clean_NODE_971_length_2994_cov_9.679431	DROP	AMBIGUOUS	DROP	0	0				0	
ERR3487401_clean_NODE_1_length_13317_cov_26.749510	DROP	AMBIGUOUS	DROP	0	0				0	
ERR3487401_clean_NODE_3058_length_2632_cov_4.181537	DROP	REVIEW	DROP	0	0				0	
ERR3487401_clean_NODE_3853_length_2403_cov_241.127542	DROP	AMBIGUOUS	DROP	0	0				0	
ERR3487401_clean_NODE_5194_length_2084_cov_156.759922	DROP	AMBIGUOUS	DROP	0	0				0	
ERR3487401_clean_NODE_659_length_4088_cov_8.700618	KEEP	PASS_VIRAL	KEEP	28	0	1.64e-63	215.0	0.391	990	FAM004890
ERR3487401_clean_NODE_6_length_9061_cov_19.163007	KEEP	PASS_VIRAL	KEEP	10	6	1.80e-251	837.6	0.775	2948	FAM007197
ERR3487401_clean_NODE_774_length_3923_cov_8.853093	DROP	REVIEW	DROP	0	0				0	
ERR3487401_clean_NODE_809_length_3883_cov_98.352604	REVIEW	AMBIGUOUS	no_viral_domain_but_blast	0	0				0	
ERR3487402_clean_NODE_205_length_2908_cov_19.639791	DROP	AMBIGUOUS	DROP	0	0				0	
ERR3487402_clean_NODE_53_length_3846_cov_97.193268	DROP	AMBIGUOUS	DROP	7	0	6.05e-28	97.6	0.135	1186	FAM031275
ERR3487402_clean_NODE_601_length_2027_cov_109.606855	DROP	AMBIGUOUS	DROP	0	0				0	
ERR3487403_clean_NODE_12_length_6109_cov_13.792450	DROP	AMBIGUOUS	DROP	3	0	2.60e-08	31.1	0.044	1906	FAM028001
ERR3487403_clean_NODE_206_length_3084_cov_56.321276	REVIEW	AMBIGUOUS	no_viral_domain_but_blast	0	0				0	
ERR3487403_clean_NODE_333_length_2736_cov_12.241367	DROP	AMBIGUOUS	DROP	6	0	3.62e-10	38.4	0.265	382	FAM003667
ERR3487403_clean_NODE_8_length_6807_cov_19.375074	DROP	AMBIGUOUS	DROP	0	0				0	
ERR3487403_clean_NODE_990_length_2054_cov_4.165092	DROP	REVIEW	DROP	0	0				0	
ERR3487404_clean_NODE_1445_length_2304_cov_16.750111	KEEP	PASS_VIRAL	KEEP	32	0	1.58e-20	73.3	0.340	484	FAM001819
ERR3487404_clean_NODE_1651_length_2142_cov_28.201048	DROP	AMBIGUOUS	DROP	0	0				0	
ERR3487404_clean_NODE_1897_length_1977_cov_22.408997	DROP	AMBIGUOUS	DROP	0	0				0	
ERR3487404_clean_NODE_193_length_4784_cov_19.627505	DROP	AMBIGUOUS	DROP	0	0				0	
ERR3487404_clean_NODE_2_length_14015_cov_14.054323	DROP	AMBIGUOUS	DROP	3	0	2.19e-04	20.5	0.319	4577	FAM003971
ERR3487404_clean_NODE_364_length_3957_cov_21.692131	KEEP	PASS_VIRAL	KEEP	72	3	3.58e-49	167.0	0.085	494	FAM008177
ERR3487404_clean_NODE_616_length_3310_cov_12.516988	REVIEW	AMBIGUOUS	short_fragment	0	0				0	
ERR3487404_clean_NODE_741_length_3109_cov_69.263862	DROP	AMBIGUOUS	DROP	0	0				0	
ERR3487404_clean_NODE_75_length_6027_cov_14.050802	DROP	AMBIGUOUS	DROP	0	0				0	
ERR3487404_clean_NODE_79_length_5998_cov_90.067674	DROP	AMBIGUOUS	DROP	0	0				0	
ERR3487405_clean_NODE_154_length_3492_cov_26.719919	REVIEW	AMBIGUOUS	no_viral_domain_but_blast	0	0				0	
ERR3487406_clean_NODE_122_length_3845_cov_39.431352	REVIEW	AMBIGUOUS	no_viral_domain_but_blast	0	0				0	
ERR3487406_clean_NODE_745_length_2230_cov_41.438043	DROP	AMBIGUOUS	DROP	0	0				0	
ERR3487406_clean_NODE_747_length_2230_cov_3.541381	DROP	REVIEW	DROP	0	0				0	
ERR3487406_clean_NODE_878_length_2093_cov_21.647805	DROP	AMBIGUOUS	DROP	0	0				0	
ERR3487407_clean_NODE_1307_length_2307_cov_5.882509	DROP	AMBIGUOUS	DROP	3	0	3.94e-07	28.9	0.499	677	FAM005402
ERR3487407_clean_NODE_2591_length_1705_cov_21.865223	DROP	AMBIGUOUS	DROP	0	0				0	
ERR3487407_clean_NODE_397_length_3478_cov_60.419796	REVIEW	AMBIGUOUS	no_viral_domain_but_blast	0	0				0	
ERR3487407_clean_NODE_531_length_3125_cov_58.404283	DROP	AMBIGUOUS	DROP	1	0	6.17e-04	18.1	0.076	453	FAM022056
ERR3487408_clean_NODE_19_length_2638_cov_24.382251	DROP	AMBIGUOUS	DROP	1	0	4.33e-03	15.6	0.289	580	FAM019357
ERR3487409_clean_NODE_1519_length_2375_cov_12.232847	DROP	REVIEW	DROP	0	0				0	
ERR3487409_clean_NODE_2359_length_2000_cov_95.955544	DROP	AMBIGUOUS	DROP	0	0				0	
ERR3487409_clean_NODE_252_length_3836_cov_10.552333	DROP	AMBIGUOUS	DROP	0	0				0	
ERR3487409_clean_NODE_334_length_3644_cov_52.172174	DROP	REVIEW	DROP	0	0				0	
ERR3487409_clean_NODE_6327_length_1131_cov_3.083640	REVIEW	REVIEW	short_fragment	0	0				0	
ERR3487410_clean_NODE_16_length_4209_cov_17.277004	KEEP	PASS_VIRAL	KEEP	0	0				0	
ERR3487410_clean_NODE_24_length_3752_cov_4.106228	KEEP	PASS_VIRAL	KEEP	0	0				0	
ERR3487410_clean_NODE_93_length_2717_cov_145.302169	REVIEW	AMBIGUOUS	no_viral_domain_but_blast	0	0				0	
ERR3487411_clean_NODE_1703_length_2232_cov_12.456373	DROP	REVIEW	DROP	0	0				0	
ERR3487411_clean_NODE_2156_length_2042_cov_12.966983	DROP	AMBIGUOUS	DROP	1	0	2.71e-10	39.6	0.421	403	FAM032257
ERR3487411_clean_NODE_435_length_3381_cov_29.885261	DROP	REVIEW	DROP	0	0				0	
ERR3487411_clean_NODE_865_length_2785_cov_12.564916	KEEP	PASS_VIRAL	KEEP	0	0				0	
ERR3487412_clean_NODE_1149_length_2761_cov_14.569904	DROP	AMBIGUOUS	DROP	0	0				0	
ERR3487412_clean_NODE_14025_length_753_cov_2.378873	KEEP	PASS_CORE	KEEP	0	0				0	
ERR3487412_clean_NODE_1857_length_2380_cov_3.719298	DROP	REVIEW	DROP	0	0				0	
ERR3487412_clean_NODE_2413_length_2174_cov_8.937588	DROP	REVIEW	DROP	0	0				0	
ERR3487412_clean_NODE_9326_length_1066_cov_3.634409	REVIEW	REVIEW	no_viral_domain_but_blast	0	0				0	
ERR3487413_clean_NODE_235_length_4164_cov_12.743509	DROP	AMBIGUOUS	DROP	0	0				0	
ERR3487413_clean_NODE_2429_length_2072_cov_21.488418	DROP	REVIEW	DROP	0	0				0	
ERR3487413_clean_NODE_525_length_3442_cov_12.279788	DROP	REVIEW	DROP	0	0				0	
ERR3487413_clean_NODE_53_length_5596_cov_22.266162	KEEP	PASS_VIRAL	KEEP	7	0	2.25e-25	89.1	0.384	1406	FAM012657
ERR3487413_clean_NODE_554_length_3396_cov_21.603937	REVIEW	AMBIGUOUS	no_viral_domain_but_blast	0	0				0	
ERR3487414_clean_NODE_1119_length_2732_cov_14.107103	DROP	REVIEW	DROP	0	0				0	
ERR3487414_clean_NODE_137_length_5046_cov_14.479312	KEEP	PASS_VIRAL	KEEP	7	0	8.21e-23	80.7	0.309	1333	FAM012657
ERR3487414_clean_NODE_17_length_7489_cov_7.547945	KEEP	PASS_VIRAL	KEEP	0	0				0	
ERR3487414_clean_NODE_1808_length_2281_cov_5.898570	DROP	REVIEW	DROP	0	0				0	
ERR3487414_clean_NODE_2428_length_2026_cov_11.870398	DROP	REVIEW	DROP	0	0				0	
ERR3487414_clean_NODE_275_length_4156_cov_31.202285	DROP	REVIEW	DROP	0	0				0	
ERR3487414_clean_NODE_331_length_3965_cov_5.984192	DROP	REVIEW	DROP	0	0				0	
ERR3487415_clean_NODE_13396_length_662_cov_26.872375	DROP	AMBIGUOUS	DROP	0	0				0	
ERR3487415_clean_NODE_1708_length_2679_cov_37.776935	DROP	REVIEW	DROP	0	0				0	
ERR3487415_clean_NODE_1732_length_2673_cov_7.534981	DROP	REVIEW	DROP	0	0				0	
ERR3487415_clean_NODE_19_length_9316_cov_99.436213	DROP	AMBIGUOUS	DROP	0	0				0	
ERR3487415_clean_NODE_3057_length_2082_cov_8.642472	DROP	REVIEW	DROP	0	0				0	
ERR3487415_clean_NODE_325_length_4667_cov_12.320934	DROP	REVIEW	DROP	0	0				0	
ERR3487415_clean_NODE_652_length_3810_cov_9.355721	KEEP	PASS_VIRAL	KEEP	1	0	2.40e-22	79.1	0.485	1071	FAM012744
ERR3487415_clean_NODE_721_length_3653_cov_15.830471	DROP	AMBIGUOUS	DROP	13	0	5.09e-11	42.3	0.115	770	FAM022874
ERR3487415_clean_NODE_9250_length_1034_cov_6.383451	REVIEW	REVIEW	short_fragment	0	0				0	
ERR3487415_clean_NODE_948_length_3368_cov_127.751278	REVIEW	AMBIGUOUS	no_viral_domain_but_blast	0	0				0	
ERR3487416_clean_NODE_184_length_3359_cov_6.410736	DROP	AMBIGUOUS	DROP	10	0	1.25e-30	106.4	0.287	868	FAM007630
ERR3487416_clean_NODE_291_length_3015_cov_24.908143	DROP	REVIEW	DROP	26	0	7.03e-18	64.4	0.230	179	FAM000117
ERR3487416_clean_NODE_894_length_2207_cov_4.469501	DROP	AMBIGUOUS	DROP	3	0	5.14e-08	31.8	0.449	551	FAM005402
ERR3487416_clean_NODE_91_length_3904_cov_22.455063	REVIEW	AMBIGUOUS	no_viral_domain_but_blast	0	0				0	
ERR3487417_clean_NODE_123_length_4029_cov_52.088560	REVIEW	AMBIGUOUS	no_viral_domain_but_blast	0	0				0	
ERR3487417_clean_NODE_561_length_2871_cov_91.012023	DROP	REVIEW	DROP	0	0				0	
ERR3487418_clean_NODE_1201_length_3081_cov_16.881830	DROP	REVIEW	DROP	0	0				0	
ERR3487418_clean_NODE_2604_length_2398_cov_36.203822	DROP	AMBIGUOUS	DROP	1	0	4.59e-05	22.2	0.250	150	FAM000819
ERR3487418_clean_NODE_2658_length_2379_cov_44.512842	DROP	REVIEW	DROP	0	0				0	
ERR3487418_clean_NODE_3235_length_2214_cov_4.878858	KEEP	PASS_VIRAL	KEEP	16	1	1.11e-05	25.3	0.353	573	FAM004782
ERR3487418_clean_NODE_331_length_4251_cov_4.128802	KEEP	PASS_VIRAL	KEEP	33	0	2.57e-10	39.6	0.221	129	FAM007881
ERR3487418_clean_NODE_3360_length_2182_cov_8.571295	DROP	REVIEW	DROP	0	0				0	
ERR3487418_clean_NODE_3490_length_2150_cov_7.600854	DROP	AMBIGUOUS	DROP	16	3	2.22e-06	26.8	0.286	563	FAM001405
ERR3487418_clean_NODE_354_length_4199_cov_19.634986	KEEP	PASS_VIRAL	KEEP	41	0	5.94e-23	81.1	0.200	886	FAM012364
ERR3487418_clean_NODE_3838_length_2066_cov_34.585269	DROP	REVIEW	DROP	0	0				0	
ERR3487418_clean_NODE_4094_length_2015_cov_48.957911	DROP	AMBIGUOUS	DROP	0	0				0	
ERR3487418_clean_NODE_7853_length_1450_cov_7.911158	REVIEW	PASS_VIRAL	short_fragment	5	1	1.36e-101	339.7	0.884	382	FAM011052
ERR3487419_clean_NODE_1670_length_3063_cov_58.327815	REVIEW	AMBIGUOUS	no_viral_domain_but_blast	0	0				0	
ERR3487419_clean_NODE_1914_length_2904_cov_18.550507	DROP	REVIEW	DROP	24	3	1.31e-23	82.8	0.303	551	FAM002215
ERR3487419_clean_NODE_223_length_5894_cov_7.726030	DROP	REVIEW	DROP	0	0				0	
ERR3487419_clean_NODE_7372_length_1254_cov_4.814203	KEEP	PASS_VIRAL	KEEP	0	0				0	
ERR3487420_clean_NODE_1394_length_2913_cov_23.118815	DROP	REVIEW	DROP	0	0				0	
ERR3487420_clean_NODE_1604_length_2787_cov_20.459548	DROP	REVIEW	DROP	0	0				0	
ERR3487420_clean_NODE_1993_length_2573_cov_11.514229	DROP	REVIEW	DROP	0	0				0	
ERR3487420_clean_NODE_212_length_4674_cov_57.239257	DROP	AMBIGUOUS	DROP	0	0				0	
ERR3487420_clean_NODE_557_length_3771_cov_129.693133	KEEP	PASS_VIRAL	KEEP	6	1	9.02e-135	450.4	0.314	250	FAM004987
ERR3487421_clean_NODE_104_length_3083_cov_23.007895	DROP	REVIEW	DROP	0	0				0	
ERR3487422_clean_NODE_22_length_3392_cov_53.318005	REVIEW	AMBIGUOUS	no_viral_domain_but_blast	0	0				0	
ERR3487422_clean_NODE_244_length_2319_cov_17.076889	DROP	AMBIGUOUS	DROP	0	0				0	
ERR3487422_clean_NODE_63_length_2890_cov_13.218476	REVIEW	AMBIGUOUS	no_viral_domain_but_blast	0	0				0	
ERR3487422_clean_NODE_86_length_2781_cov_16.401388	DROP	REVIEW	DROP	0	0				0	
ERR3487423_clean_NODE_1024_length_3337_cov_11.940194	REVIEW	AMBIGUOUS	no_viral_domain_but_blast	0	0				0	
ERR3487423_clean_NODE_127_length_5371_cov_6.487050	KEEP	PASS_VIRAL	KEEP	7	0	2.27e-24	85.8	0.167	1439	FAM012657
ERR3487423_clean_NODE_153_length_5135_cov_22.999804	KEEP	PASS_VIRAL	KEEP	5	3	1.38e-87	293.5	0.942	1381	FAM011052
ERR3487423_clean_NODE_2403_length_2525_cov_61.503223	DROP	REVIEW	DROP	0	0				0	
ERR3487423_clean_NODE_25_length_7037_cov_4.945811	REVIEW	AMBIGUOUS	no_viral_domain_but_blast	2	0	4.83e-05	21.8	0.291	1977	FAM012636
ERR3487423_clean_NODE_2701_length_2420_cov_60.316786	DROP	REVIEW	DROP	0	0				0	
ERR3487423_clean_NODE_7813_length_1332_cov_3.004655	KEEP	PASS_CORE	KEEP	0	0				0	
ERR3487423_clean_NODE_8209_length_1266_cov_4.192150	DROP	REVIEW	DROP	3	0	2.13e-78	264.1	0.252	275	FAM003378
ERR3487423_clean_NODE_978_length_3392_cov_10.431771	DROP	REVIEW	DROP	0	0				0	
ERR3487424_clean_NODE_1046_length_3194_cov_30.924468	REVIEW	REVIEW	short_fragment	2	0	1.74e-13	49.6	0.368	900	FAM024700
ERR3487424_clean_NODE_12066_length_685_cov_2.316199	REVIEW	REVIEW	short_fragment	0	0				0	
ERR3487424_clean_NODE_1713_length_2648_cov_6.866027	DROP	REVIEW	DROP	0	0				0	
ERR3487424_clean_NODE_1807_length_2597_cov_4.757244	DROP	REVIEW	DROP	0	0				0	
ERR3487424_clean_NODE_3091_length_2071_cov_4.179487	REVIEW	REVIEW	no_viral_domain_but_blast	2	1	3.21e-19	68.2	0.215	294	FAM003378
ERR3487424_clean_NODE_3198_length_2031_cov_4.047284	DROP	REVIEW	DROP	0	0				0	
ERR3487424_clean_NODE_6138_length_1379_cov_3.314371	REVIEW	REVIEW	no_viral_domain_but_blast	1	0	3.85e-104	349.3	0.317	349	FAM003378
ERR3487424_clean_NODE_674_length_3612_cov_563.024937	DROP	AMBIGUOUS	DROP	0	0				0	
ERR3487424_clean_NODE_684_length_3606_cov_14.073534	DROP	REVIEW	DROP	0	0				0	
ERR3487424_clean_NODE_696_length_3589_cov_11.192329	DROP	REVIEW	DROP	0	0				0	
ERR3487424_clean_NODE_975_length_3274_cov_13.317549	DROP	AMBIGUOUS	DROP	0	0				0	
ERR3487425_clean_NODE_1193_length_3931_cov_28.381173	DROP	AMBIGUOUS	DROP	0	0				0	
ERR3487425_clean_NODE_2535_length_3020_cov_9.032583	DROP	REVIEW	DROP	0	0				0	
ERR3487425_clean_NODE_2_length_14269_cov_60.236960	KEEP	PASS_CORE	KEEP	0	0				0	
ERR3487425_clean_NODE_3299_length_2738_cov_11.969573	DROP	AMBIGUOUS	DROP	0	0				0	
ERR3487425_clean_NODE_3650_length_2624_cov_7.964742	DROP	AMBIGUOUS	DROP	0	0				0	
ERR3487425_clean_NODE_4301_length_2440_cov_27.210263	DROP	REVIEW	DROP	0	0				0	
ERR3487425_clean_NODE_43_length_7943_cov_9.200759	DROP	REVIEW	DROP	3	0	6.51e-05	21.5	0.268	2098	FAM026512
ERR3487425_clean_NODE_5228_length_2208_cov_12.186605	DROP	AMBIGUOUS	DROP	0	0				0	
ERR3487426_clean_NODE_260_length_2852_cov_86.834461	KEEP	PASS_VIRAL	KEEP	0	0				0	
ERR3487426_clean_NODE_308_length_2740_cov_77.053763	REVIEW	AMBIGUOUS	no_viral_domain_but_blast	0	0				0	
ERR3487426_clean_NODE_454_length_2492_cov_17.866476	DROP	REVIEW	DROP	0	0				0	
ERR3487427_clean_NODE_1133_length_2679_cov_19.510622	DROP	REVIEW	DROP	0	0				0	
ERR3487427_clean_NODE_1617_length_2427_cov_8.374161	DROP	REVIEW	DROP	0	0				0	
ERR3487427_clean_NODE_1810_length_2337_cov_109.163034	DROP	REVIEW	DROP	0	0				0	
ERR3487427_clean_NODE_265_length_3932_cov_9.669067	DROP	AMBIGUOUS	DROP	0	0				0	
ERR3487427_clean_NODE_487_length_3330_cov_10.354731	DROP	AMBIGUOUS	DROP	0	0				0	
ERR3487427_clean_NODE_501_length_3303_cov_17.377607	DROP	REVIEW	DROP	0	0				0	
ERR3487427_clean_NODE_572_length_3205_cov_44.110373	REVIEW	AMBIGUOUS	no_viral_domain_but_blast	0	0				0	
ERR3487428_clean_NODE_1138_length_1474_cov_14.194969	KEEP	PASS_VIRAL	KEEP	0	0				0	
ERR3487428_clean_NODE_312_length_2148_cov_26.758195	DROP	REVIEW	DROP	0	0				0	
ERR3487430_clean_NODE_332_length_2246_cov_7.832955	REVIEW	REVIEW	short_fragment	0	0				0	
ERR3487430_clean_NODE_351_length_2223_cov_29.979358	KEEP	PASS_VIRAL	KEEP	13	0	7.09e-14	51.4	0.348	266	FAM001894
ERR3487431_clean_NODE_176_length_2642_cov_13.273567	DROP	AMBIGUOUS	DROP	1	0	8.87e-23	80.7	0.242	634	FAM012763
ERR3487432_clean_NODE_182_length_4403_cov_93.742890	REVIEW	AMBIGUOUS	no_viral_domain_but_blast	2	1	5.80e-18	64.3	0.984	264	FAM004959
ERR3487432_clean_NODE_2063_length_2586_cov_4.167519	DROP	AMBIGUOUS	DROP	7	4	8.75e-19	67.2	0.698	461	FAM022337
ERR3487432_clean_NODE_351_length_3920_cov_11.960021	DROP	REVIEW	DROP	0	0				0	
ERR3487432_clean_NODE_700_length_3429_cov_9.363851	REVIEW	AMBIGUOUS	no_viral_domain_but_blast	0	0				0	
ERR3487432_clean_NODE_825_length_3300_cov_5.255143	KEEP	PASS_VIRAL	KEEP	0	0				0	
ERR3489924_clean_NODE_1437_length_2769_cov_6.330521	KEEP	PASS_VIRAL	KEEP	4	0	4.27e-13	48.1	0.067	650	FAM013464
ERR3489924_clean_NODE_14593_length_821_cov_2.620823	REVIEW	REVIEW	short_fragment	0	0				0	
ERR3489924_clean_NODE_15385_length_777_cov_3.224796	DROP	REVIEW	DROP	9	0	8.56e-26	89.5	0.038	51	FAM025821
ERR3489924_clean_NODE_1557_length_2692_cov_94.911665	DROP	AMBIGUOUS	DROP	0	0				0	
ERR3489924_clean_NODE_165_length_4784_cov_14.640160	KEEP	PASS_VIRAL	KEEP	7	1	9.39e-162	539.8	0.628	929	FAM013464
ERR3489924_clean_NODE_1705_length_2622_cov_11.086468	KEEP	PASS_VIRAL	KEEP	43	22	1.11e-36	126.2	0.744	631	FAM012364
ERR3489924_clean_NODE_1747_length_2596_cov_47.491970	DROP	AMBIGUOUS	DROP	10	1	4.39e-44	150.8	0.303	624	FAM010323
ERR3489924_clean_NODE_1751_length_2595_cov_43.208072	DROP	AMBIGUOUS	DROP	1	0	1.19e-03	18.3	0.382	150	FAM005345
ERR3489924_clean_NODE_19150_length_619_cov_3.411458	KEEP	PASS_VIRAL	KEEP	0	0				0	
ERR3489924_clean_NODE_20708_length_567_cov_2.624046	REVIEW	REVIEW	no_viral_domain_but_blast	0	0				0	
ERR3489924_clean_NODE_366_length_4005_cov_21.280414	KEEP	PASS_VIRAL	KEEP	18	0	7.90e-55	186.3	0.393	1153	FAM004890
ERR3489924_clean_NODE_561_length_3624_cov_16.729964	DROP	AMBIGUOUS	DROP	0	0				0	
ERR3489924_clean_NODE_596_length_3544_cov_17.831762	DROP	AMBIGUOUS	DROP	6	1	3.83e-41	140.7	0.313	968	FAM012472
ERR3489924_clean_NODE_974_length_3108_cov_42.575856	REVIEW	AMBIGUOUS	no_viral_domain_but_blast	1	0	9.64e-03	14.3	0.258	932	FAM005959
ERR3489925_clean_NODE_2027_length_1460_cov_74.757939	KEEP	PASS_VIRAL	KEEP	26	1	1.18e-71	241.8	0.439	341	FAM004890
ERR364329_clean_NODE_1192_length_2946_cov_23.578495	KEEP	PASS_VIRAL	KEEP	5	0	4.34e-20	71.7	0.357	825	FAM012657
ERR364329_clean_NODE_1500_length_2740_cov_11.289834	DROP	AMBIGUOUS	DROP	2	0	1.11e-10	39.1	0.051	640	FAM010548
ERR364329_clean_NODE_1684_length_2640_cov_9.890211	DROP	REVIEW	DROP	0	0				0	
ERR364329_clean_NODE_1865_length_2555_cov_35.696032	REVIEW	AMBIGUOUS	short_fragment	0	0				0	
ERR364329_clean_NODE_1906_length_2534_cov_7.971589	KEEP	PASS_VIRAL	KEEP	5	0	1.03e-13	50.2	0.065	657	FAM013464
ERR364329_clean_NODE_2055_length_2465_cov_22.019753	DROP	AMBIGUOUS	DROP	4	0	9.63e-06	24.6	0.180	619	FAM018129
ERR364329_clean_NODE_2542_length_2280_cov_26.301559	DROP	AMBIGUOUS	DROP	4	0	9.45e-09	33.9	0.111	497	FAM022056
ERR364329_clean_NODE_2665_length_2244_cov_74.789950	DROP	REVIEW	DROP	0	0				0	
ERR364329_clean_NODE_2783_length_2206_cov_3.907877	REVIEW	AMBIGUOUS	short_fragment	9	0	2.03e-17	60.0	0.028	588	FAM001712
ERR364329_clean_NODE_3072_length_2112_cov_34.139624	DROP	AMBIGUOUS	DROP	0	0				0	
ERR364329_clean_NODE_411_length_3864_cov_12.439018	DROP	AMBIGUOUS	DROP	0	0				0	
ERR364329_clean_NODE_606_length_3507_cov_50.959389	DROP	AMBIGUOUS	DROP	2	0	9.94e-42	142.5	0.345	559	FAM010955
ERR364329_clean_NODE_682_length_3430_cov_9.617673	KEEP	PASS_VIRAL	KEEP	19	0	1.48e-12	47.1	0.164	887	FAM019029
ERR364329_clean_NODE_736_length_3376_cov_56.244837	REVIEW	AMBIGUOUS	no_viral_domain_but_blast	0	0				0	
ERR364329_clean_NODE_950_length_3151_cov_11.937099	DROP	REVIEW	DROP	0	0				0	
ERR364330_clean_NODE_159_length_2446_cov_18.626717	DROP	AMBIGUOUS	DROP	5	1	8.36e-11	40.7	0.137	522	FAM022056
ERR364330_clean_NODE_34_length_3187_cov_23.906170	REVIEW	AMBIGUOUS	no_viral_domain_but_blast	0	0				0	
ERR364330_clean_NODE_7277_length_731_cov_1.460756	REVIEW	REVIEW	short_fragment	0	0				0	
ERR364331_clean_NODE_100_length_2839_cov_58.551355	DROP	REVIEW	DROP	0	0				0	
ERR364331_clean_NODE_286_length_2340_cov_60.622993	REVIEW	AMBIGUOUS	short_fragment	0	0				0	
ERR364331_clean_NODE_76_length_2968_cov_28.357995	KEEP	PASS_VIRAL	KEEP	10	0	4.38e-07	28.7	0.176	740	FAM011187
ERR364332_clean_NODE_205_length_2752_cov_8.008833	DROP	AMBIGUOUS	DROP	2	1	1.01e-34	120.2	0.426	667	FAM012606
ERR364332_clean_NODE_53_length_3497_cov_5.325823	KEEP	PASS_VIRAL	KEEP	0	0				0	
ERR364332_clean_NODE_705_length_2155_cov_7.824528	DROP	REVIEW	DROP	0	0				0	
ERR364332_clean_NODE_70_length_3361_cov_16.877931	REVIEW	AMBIGUOUS	no_viral_domain_but_blast	1	0	2.85e-03	16.1	0.149	838	FAM005403
ERR364332_clean_NODE_87_length_3228_cov_18.028187	KEEP	PASS_VIRAL	KEEP	0	0				0	
ERR364333_clean_NODE_1097_length_2206_cov_19.161216	KEEP	PASS_VIRAL	KEEP	22	0	9.01e-58	196.0	0.403	396	FAM004890
ERR364333_clean_NODE_112_length_3600_cov_10.629734	KEEP	PASS_VIRAL	KEEP	18	1	1.12e-50	172.6	0.417	982	FAM004890
ERR364333_clean_NODE_2537_length_1683_cov_24.112864	KEEP	PASS_CORE_FAM	KEEP	71	21	1.22e-183	610.5	0.858	417	FAM002989
ERR364333_clean_NODE_3628_length_1451_cov_58.663136	REVIEW	REVIEW	no_viral_domain_but_blast	5	5	1.39e-128	428.4	0.809	284	FAM014886
ERR364333_clean_NODE_4839_length_1253_cov_11.461412	REVIEW	REVIEW	no_viral_domain_but_blast	5	5	2.97e-113	377.7	0.816	283	FAM009566
ERR364333_clean_NODE_492_length_2716_cov_11.073107	DROP	AMBIGUOUS	DROP	3	1	4.38e-04	19.4	0.217	718	FAM002853
ERR364333_clean_NODE_521_length_2681_cov_26.012094	DROP	AMBIGUOUS	DROP	0	0				0	
ERR364333_clean_NODE_665_length_2539_cov_28.926118	DROP	AMBIGUOUS	DROP	7	3	1.01e-53	182.2	0.719	637	FAM004846
ERR364333_clean_NODE_75_length_3865_cov_5.062141	KEEP	PASS_VIRAL	KEEP	20	2	6.23e-108	361.4	0.951	1104	FAM008037
ERR364333_clean_NODE_866_length_2359_cov_37.381670	DROP	AMBIGUOUS	DROP	4	1	2.08e-09	36.1	0.117	523	FAM022056
ERR364333_clean_NODE_935_length_2313_cov_35.012291	REVIEW	AMBIGUOUS	no_viral_domain_but_blast	0	0				0	
ERR364334_clean_NODE_178_length_2989_cov_9.378808	KEEP	PASS_VIRAL	KEEP	19	1	2.19e-52	178.2	0.415	807	FAM004890
ERR364335_clean_NODE_1065_length_2849_cov_72.899787	DROP	AMBIGUOUS	DROP	3	2	4.14e-55	186.6	0.903	537	FAM020762
ERR364335_clean_NODE_2294_length_2222_cov_16.631459	REVIEW	AMBIGUOUS	short_fragment	7	0	8.05e-16	54.7	0.071	599	FAM001712
ERR364335_clean_NODE_254_length_4009_cov_6.887267	KEEP	PASS_VIRAL	KEEP	4	1	2.47e-125	419.3	0.680	1113	FAM013464
ERR364335_clean_NODE_2610_length_2125_cov_14.463636	DROP	AMBIGUOUS	DROP	5	1	9.14e-26	90.5	0.968	484	FAM017437
ERR364335_clean_NODE_3458_length_1920_cov_45.419629	REVIEW	REVIEW	no_viral_domain_but_blast	29	15	6.17e-198	658.7	0.876	521	FAM001725
ERR364335_clean_NODE_556_length_3395_cov_18.390476	KEEP	PASS_VIRAL	KEEP	0	0				0	
ERR364335_clean_NODE_707_length_3223_cov_12.153074	KEEP	PASS_VIRAL	KEEP	32	1	5.44e-71	239.5	0.886	479	FAM012586
ERR364336_clean_NODE_1620_length_2551_cov_5.038951	KEEP	PASS_VIRAL	KEEP	0	0				0	
ERR364336_clean_NODE_240_length_4292_cov_36.286352	KEEP	PASS_CORE_FAM	KEEP	23	5	7.85e-159	529.7	0.977	1361	FAM000134
ERR364336_clean_NODE_2921_length_2073_cov_7.637880	REVIEW	AMBIGUOUS	short_fragment	6	0	1.89e-15	53.5	0.071	554	FAM001712
ERR364336_clean_NODE_329_length_3951_cov_14.171093	KEEP	PASS_VIRAL	KEEP	0	0				0	
ERR364336_clean_NODE_346_length_3917_cov_17.261721	KEEP	PASS_VIRAL	KEEP	16	4	8.18e-20	69.7	0.062	602	FAM008177
ERR364336_clean_NODE_781_length_3198_cov_13.516914	DROP	REVIEW	DROP	0	0				0	
ERR364337_clean_NODE_1646_length_2356_cov_7.722103	KEEP	PASS_VIRAL	KEEP	12	0	3.46e-14	52.2	0.158	494	FAM017957
ERR364337_clean_NODE_2621_length_2029_cov_81.840020	KEEP	PASS_VIRAL	KEEP	0	0				0	
ERR364337_clean_NODE_421_length_3367_cov_19.246699	KEEP	PASS_VIRAL	KEEP	16	0	3.33e-46	157.8	0.400	964	FAM004890
ERR364338_clean_NODE_1169_length_3013_cov_5.901484	REVIEW	PASS_VIRAL	short_fragment	0	0				0	
ERR364338_clean_NODE_151_length_5000_cov_35.998990	KEEP	PASS_VIRAL	KEEP	6	0	1.23e-27	96.6	0.342	1454	FAM012657
ERR364338_clean_NODE_2344_length_2425_cov_7.448232	KEEP	PASS_VIRAL	KEEP	40	20	5.32e-49	166.5	0.152	604	FAM008177
ERR364338_clean_NODE_2466_length_2378_cov_3.931730	DROP	AMBIGUOUS	DROP	0	0				0	
ERR364338_clean_NODE_3548_length_2083_cov_40.013766	DROP	AMBIGUOUS	DROP	4	1	4.30e-26	91.3	0.553	434	FAM007653
ERR364338_clean_NODE_5404_length_1773_cov_119.301044	REVIEW	REVIEW	no_viral_domain_but_blast	11	5	2.34e-158	527.8	0.872	432	FAM001737
ERR364338_clean_NODE_933_length_3200_cov_14.831165	REVIEW	AMBIGUOUS	no_viral_domain_but_blast	1	0	4.25e-04	18.8	0.218	771	FAM006218
ERR364339_clean_NODE_119_length_2636_cov_22.696271	DROP	REVIEW	DROP	0	0				0	
ERR364339_clean_NODE_131_length_2596_cov_10.682546	DROP	REVIEW	DROP	0	0				0	
ERR364340_clean_NODE_1103_length_2261_cov_36.356694	DROP	AMBIGUOUS	DROP	0	0				0	
ERR364340_clean_NODE_1190_length_2222_cov_9.450846	DROP	AMBIGUOUS	DROP	17	3	4.89e-70	236.2	0.973	446	FAM017957
ERR364340_clean_NODE_219_length_3042_cov_19.672431	DROP	AMBIGUOUS	DROP	0	0				0	
ERR364340_clean_NODE_236_length_2995_cov_18.218919	DROP	AMBIGUOUS	DROP	5	0	3.23e-08	32.2	0.105	535	FAM022056
ERR364340_clean_NODE_361_length_2801_cov_8.575560	KEEP	PASS_VIRAL	KEEP	21	1	3.77e-07	29.8	0.378	536	FAM004782
ERR364340_clean_NODE_398_length_2763_cov_6.479106	DROP	AMBIGUOUS	DROP	0	0				0	
ERR364341_clean_NODE_12136_length_646_cov_7.153846	REVIEW	REVIEW	no_viral_domain_but_blast	0	0				0	
ERR364341_clean_NODE_277_length_2645_cov_16.849808	DROP	AMBIGUOUS	DROP	5	0	1.26e-08	33.5	0.113	511	FAM022056
ERR364341_clean_NODE_331_length_2572_cov_18.142294	DROP	REVIEW	DROP	0	0				0	
ERR364341_clean_NODE_3585_length_1354_cov_4.340409	REVIEW	REVIEW	no_viral_domain_but_blast	4	4	1.51e-133	444.4	0.818	278	FAM024447
ERR364341_clean_NODE_672_length_2200_cov_12.134411	DROP	AMBIGUOUS	DROP	3	2	4.29e-137	456.9	0.947	455	FAM021437
ERR364342_clean_NODE_22_length_4659_cov_28.141869	KEEP	PASS_VIRAL	KEEP	17	0	7.93e-53	179.7	0.405	1205	FAM004890
ERR364342_clean_NODE_486_length_2705_cov_98.972659	DROP	AMBIGUOUS	DROP	1	0	4.30e-06	27.0	0.411	164	FAM016413
ERR364342_clean_NODE_784_length_2449_cov_18.262220	DROP	AMBIGUOUS	DROP	0	0				0	
ERR364342_clean_NODE_985_length_2302_cov_68.234230	DROP	AMBIGUOUS	DROP	18	13	7.22e-28	96.3	0.720	507	FAM005900
ERR364343_clean_NODE_1094_length_2886_cov_16.750965	DROP	AMBIGUOUS	DROP	5	0	9.40e-09	33.9	0.105	485	FAM022056
ERR364343_clean_NODE_1156_length_2847_cov_48.181721	KEEP	PASS_VIRAL	KEEP	4	1	5.47e-67	225.7	0.945	635	FAM011052
ERR364343_clean_NODE_1392_length_2683_cov_20.057779	KEEP	PASS_VIRAL	KEEP	23	2	2.11e-07	30.6	0.378	538	FAM004782
ERR364343_clean_NODE_505_length_3467_cov_22.018648	DROP	AMBIGUOUS	DROP	0	0				0	
ERR364343_clean_NODE_5070_length_1697_cov_15.649218	REVIEW	REVIEW	no_viral_domain_but_blast	11	5	2.58e-198	659.5	0.882	429	FAM001737
ERR364343_clean_NODE_55_length_5280_cov_13.749666	KEEP	PASS_VIRAL	KEEP	9	0	2.25e-27	95.7	0.347	1459	FAM012657
ERR364343_clean_NODE_568_length_3378_cov_22.141789	REVIEW	AMBIGUOUS	no_viral_domain_but_blast	0	0				0	
ERR364343_clean_NODE_693_length_3238_cov_14.461130	DROP	AMBIGUOUS	DROP	0	0				0	
ERR364343_clean_NODE_93_length_4704_cov_37.538659	KEEP	PASS_VIRAL	KEEP	17	0	5.61e-52	176.9	0.405	1272	FAM004890
ERR364344_clean_NODE_1271_length_2672_cov_15.996587	DROP	AMBIGUOUS	DROP	5	1	1.49e-08	33.3	0.107	519	FAM022056
ERR364344_clean_NODE_16229_length_528_cov_1.158215	KEEP	PASS_CORE	KEEP	0	0				0	
ERR364344_clean_NODE_1727_length_2449_cov_268.378210	KEEP	PASS_VIRAL	KEEP	5	5	1.86e-292	971.8	0.709	590	FAM004987
ERR364344_clean_NODE_2898_length_2078_cov_38.114048	DROP	AMBIGUOUS	DROP	0	0				0	
ERR364344_clean_NODE_49_length_5092_cov_71.881946	REVIEW	AMBIGUOUS	short_fragment	0	0				0	
ERR364344_clean_NODE_559_length_3288_cov_22.039348	DROP	AMBIGUOUS	DROP	1	0	3.58e-03	16.9	0.200	710	FAM010707
ERR364344_clean_NODE_66_length_4873_cov_8.706077	REVIEW	REVIEW	no_viral_domain_but_blast	10	6	4.11e-43	147.1	0.825	268	FAM013193
ERR364345_clean_NODE_1120_length_2821_cov_8.413372	KEEP	PASS_VIRAL	KEEP	17	0	1.69e-09	36.6	0.236	721	FAM012165
ERR364345_clean_NODE_134_length_4182_cov_63.499638	DROP	AMBIGUOUS	DROP	16	0	6.36e-44	149.6	0.064	341	FAM007819
ERR364345_clean_NODE_18595_length_636_cov_5.577889	REVIEW	REVIEW	short_fragment	0	0				0	
ERR364345_clean_NODE_1935_length_2464_cov_9.623093	REVIEW	AMBIGUOUS	no_viral_domain_but_blast	0	0				0	
ERR364345_clean_NODE_21546_length_542_cov_3.765408	REVIEW	REVIEW	short_fragment	0	0				0	
ERR364345_clean_NODE_21793_length_536_cov_3.746479	REVIEW	REVIEW	short_fragment	0	0				0	
ERR364345_clean_NODE_2329_length_2338_cov_47.820357	KEEP	PASS_CORE	KEEP	13	6	5.27e-146	487.6	0.260	479	FAM000252
ERR364345_clean_NODE_264_length_3794_cov_22.674834	KEEP	PASS_CORE	KEEP	4	1	4.06e-19	68.7	0.601	106	FAM001308
ERR364345_clean_NODE_3464_length_2047_cov_71.398904	DROP	AMBIGUOUS	DROP	0	0				0	
ERR364345_clean_NODE_56_length_4685_cov_8.883556	REVIEW	REVIEW	short_fragment	0	0				0	
ERR364345_clean_NODE_6268_length_1594_cov_45.248232	DROP	REVIEW	DROP	3	3	7.58e-71	238.8	0.866	413	FAM003102
ERR364345_clean_NODE_629_length_3194_cov_65.832013	REVIEW	AMBIGUOUS	no_viral_domain_but_blast	0	0				0	
ERR364345_clean_NODE_6643_length_1543_cov_3.517952	KEEP	PASS_CORE	KEEP	22	2	6.52e-165	550.3	0.152	294	FAM000252
ERR364345_clean_NODE_6744_length_1528_cov_9.033580	REVIEW	AMBIGUOUS	short_fragment	5	1	9.12e-29	99.8	0.488	352	FAM030721
ERR364345_clean_NODE_7577_length_1424_cov_3.060650	KEEP	PASS_CORE	KEEP	243	11	1.60e-87	294.2	0.169	321	FAM000437
ERR364345_clean_NODE_8575_length_1313_cov_3.211146	DROP	REVIEW	DROP	0	0				0	
ERR364345_clean_NODE_9825_length_1192_cov_3.256722	REVIEW	REVIEW	short_fragment	0	0				0	
ERR364346_clean_NODE_1144_length_2645_cov_6.033768	DROP	REVIEW	DROP	0	0				0	
ERR364346_clean_NODE_14656_length_656_cov_3.012966	REVIEW	REVIEW	short_fragment	0	0				0	
ERR364346_clean_NODE_1683_length_2361_cov_11.294143	DROP	REVIEW	DROP	0	0				0	
ERR364346_clean_NODE_17006_length_572_cov_1.048780	REVIEW	REVIEW	short_fragment	0	0				0	
ERR364346_clean_NODE_1720_length_2344_cov_8.109761	REVIEW	REVIEW	short_fragment	0	0				0	
ERR364346_clean_NODE_177_length_4135_cov_13.080811	KEEP	PASS_VIRAL	KEEP	6	3	5.98e-88	294.7	0.952	1038	FAM011052
ERR364346_clean_NODE_377_length_3529_cov_38.793696	REVIEW	AMBIGUOUS	no_viral_domain_but_blast	0	0				0	
ERR364346_clean_NODE_93_length_4687_cov_43.275602	DROP	REVIEW	DROP	2	0	3.83e-05	22.1	0.252	1029	FAM003581
ERR364347_clean_NODE_1066_length_3179_cov_79.084184	DROP	AMBIGUOUS	DROP	0	0				0	
ERR364347_clean_NODE_1346_length_2915_cov_189.828691	DROP	AMBIGUOUS	DROP	0	0				0	
ERR364347_clean_NODE_1561_length_2765_cov_57.176708	KEEP	PASS_VIRAL	KEEP	9	0	4.05e-07	29.7	0.228	812	FAM023966
ERR364347_clean_NODE_286_length_4558_cov_11.416390	DROP	AMBIGUOUS	DROP	0	0				0	
ERR364347_clean_NODE_3030_length_2082_cov_92.125061	DROP	REVIEW	DROP	0	0				0	
ERR364347_clean_NODE_307_length_4483_cov_12.919595	DROP	AMBIGUOUS	DROP	1	0	2.74e-03	16.8	0.344	737	FAM023864
ERR364347_clean_NODE_497_length_3996_cov_54.605110	KEEP	PASS_VIRAL	KEEP	20	0	1.44e-55	188.7	0.395	627	FAM004890
ERR364348_clean_NODE_1238_length_2451_cov_9.575041	DROP	REVIEW	DROP	1	0	9.19e-03	14.8	0.178	612	FAM032399
ERR364348_clean_NODE_1648_length_2235_cov_26.908925	DROP	AMBIGUOUS	DROP	4	0	4.61e-08	31.7	0.119	499	FAM022056
ERR364348_clean_NODE_185_length_4061_cov_13.436847	DROP	AMBIGUOUS	DROP	1	0	3.46e-03	15.8	0.234	1193	FAM001808
ERR364348_clean_NODE_275_length_3692_cov_5.983849	DROP	AMBIGUOUS	DROP	2	0	1.88e-04	20.6	0.298	894	FAM001077
ERR364348_clean_NODE_310_length_3579_cov_10.108475	REVIEW	AMBIGUOUS	short_fragment	0	0				0	
ERR364348_clean_NODE_326_length_3551_cov_6.173975	DROP	REVIEW	DROP	0	0				0	
ERR364348_clean_NODE_477_length_3237_cov_13.902439	KEEP	PASS_VIRAL	KEEP	8	0	1.59e-13	47.1	0.071	769	FAM001712
ERR364349_clean_NODE_12_length_7766_cov_18.233467	KEEP	PASS_VIRAL	KEEP	8	0	8.52e-65	219.1	0.202	2119	FAM013464
ERR364349_clean_NODE_167_length_4806_cov_9.406335	DROP	AMBIGUOUS	DROP	2	2	6.01e-30	104.5	0.720	1135	FAM012606
ERR364349_clean_NODE_3009_length_2106_cov_6.299952	DROP	AMBIGUOUS	DROP	0	0				0	
ERR364349_clean_NODE_364_length_4009_cov_12.828463	DROP	AMBIGUOUS	DROP	3	0	8.75e-13	47.1	0.065	799	FAM013464
ERR364349_clean_NODE_605_length_3590_cov_15.242185	KEEP	PASS_VIRAL	KEEP	21	0	5.42e-07	29.3	0.387	523	FAM004782
ERR364349_clean_NODE_714_length_3403_cov_5.624851	DROP	AMBIGUOUS	DROP	7	0	2.82e-16	56.2	0.071	747	FAM001712
ERR364350_clean_NODE_1018_length_3041_cov_25.827115	REVIEW	AMBIGUOUS	no_viral_domain_but_blast	1	0	6.07e-03	13.8	0.038	787	FAM015395
ERR364350_clean_NODE_1619_length_2641_cov_18.584166	DROP	AMBIGUOUS	DROP	9	0	2.73e-25	88.8	0.140	494	FAM007630
ERR364350_clean_NODE_1626_length_2638_cov_4.967295	DROP	AMBIGUOUS	DROP	0	0				0	
ERR364350_clean_NODE_1695_length_2601_cov_16.329820	DROP	AMBIGUOUS	DROP	0	0				0	
ERR364350_clean_NODE_1728_length_2585_cov_5.224273	DROP	AMBIGUOUS	DROP	2	0	2.33e-15	55.3	0.150	567	FAM012805
ERR364350_clean_NODE_1797_length_2548_cov_26.693105	DROP	AMBIGUOUS	DROP	0	0				0	
ERR364350_clean_NODE_1860_length_2519_cov_13.150403	DROP	REVIEW	DROP	0	0				0	
ERR364350_clean_NODE_2045_length_2444_cov_10.534719	KEEP	PASS_VIRAL	KEEP	18	1	4.37e-07	29.6	0.378	451	FAM004782
ERR364350_clean_NODE_20_length_7054_cov_35.523450	KEEP	PASS_VIRAL	KEEP	7	0	5.61e-66	223.0	0.202	2119	FAM013464
ERR364350_clean_NODE_2147_length_2407_cov_9.567990	DROP	AMBIGUOUS	DROP	1	1	7.30e-11	41.6	0.945	560	FAM012680
ERR364350_clean_NODE_2527_length_2271_cov_9.549731	DROP	AMBIGUOUS	DROP	0	0				0	
ERR364350_clean_NODE_2680_length_2220_cov_15.983035	DROP	AMBIGUOUS	DROP	5	0	2.14e-08	32.8	0.115	501	FAM022056
ERR364350_clean_NODE_3015_length_2120_cov_15.521864	DROP	AMBIGUOUS	DROP	0	0				0	
ERR364350_clean_NODE_3194_length_2069_cov_30.855172	DROP	AMBIGUOUS	DROP	4	0	1.03e-08	33.8	0.113	500	FAM022056
ERR364350_clean_NODE_3928_length_1897_cov_6.733584	KEEP	PASS_VIRAL	KEEP	26	0	1.28e-53	182.3	0.388	508	FAM004890
ERR364350_clean_NODE_591_length_3545_cov_36.434398	DROP	AMBIGUOUS	DROP	7	0	2.43e-14	49.8	0.071	791	FAM001712
ERR364350_clean_NODE_856_length_3198_cov_33.748971	REVIEW	AMBIGUOUS	no_viral_domain_but_blast	0	0				0	
ERR364350_clean_NODE_860_length_3195_cov_10.834601	DROP	AMBIGUOUS	DROP	8	0	9.91e-12	41.2	0.071	759	FAM001712
ERR364351_clean_NODE_130_length_3203_cov_34.853982	DROP	AMBIGUOUS	DROP	7	0	4.64e-14	48.9	0.071	727	FAM001712
ERR364351_clean_NODE_131_length_3202_cov_10.813152	KEEP	PASS_VIRAL	KEEP	8	0	2.46e-13	46.5	0.083	770	FAM001712
ERR364351_clean_NODE_239_length_2913_cov_28.024356	REVIEW	AMBIGUOUS	no_viral_domain_but_blast	0	0				0	
ERR364351_clean_NODE_267_length_2874_cov_12.570370	DROP	AMBIGUOUS	DROP	0	0				0	
ERR364351_clean_NODE_52_length_3569_cov_16.269972	KEEP	PASS_VIRAL	KEEP	9	0	1.37e-27	96.4	0.123	1047	FAM012657
ERR364351_clean_NODE_730_length_2377_cov_9.417879	KEEP	PASS_VIRAL	KEEP	18	0	5.18e-07	29.4	0.378	461	FAM004782
ERR364352_clean_NODE_1006_length_3327_cov_28.373630	DROP	AMBIGUOUS	DROP	7	0	5.54e-13	45.3	0.084	768	FAM001712
ERR364352_clean_NODE_10_length_7288_cov_14.038923	KEEP	PASS_VIRAL	KEEP	52	20	1.02e-119	399.4	0.574	1115	FAM012845
ERR364352_clean_NODE_1134_length_3217_cov_13.910838	DROP	AMBIGUOUS	DROP	2	0	5.26e-13	47.8	0.065	694	FAM013464
ERR364352_clean_NODE_1155_length_3204_cov_13.893072	REVIEW	REVIEW	no_viral_domain_but_blast	0	0				0	
ERR364352_clean_NODE_1776_length_2868_cov_10.379823	DROP	AMBIGUOUS	DROP	3	1	6.27e-21	74.1	0.717	611	FAM004846
ERR364352_clean_NODE_1832_length_2838_cov_16.789267	DROP	AMBIGUOUS	DROP	2	2	2.37e-30	105.9	0.696	777	FAM012606
ERR364352_clean_NODE_1893_length_2809_cov_15.389371	REVIEW	AMBIGUOUS	no_viral_domain_but_blast	0	0				0	
ERR364352_clean_NODE_1990_length_2763_cov_12.453309	DROP	REVIEW	DROP	0	0				0	
ERR364352_clean_NODE_1_length_9619_cov_150.378342	REVIEW	REVIEW	no_viral_domain_but_blast	10	8	4.03e-235	783.4	0.584	3113	FAM007197
ERR364352_clean_NODE_2015_length_2747_cov_58.114645	DROP	AMBIGUOUS	DROP	4	1	3.13e-07	28.9	0.113	500	FAM022056
ERR364352_clean_NODE_212_length_4525_cov_36.717760	DROP	AMBIGUOUS	DROP	25	0	2.18e-06	27.3	0.143	719	FAM001741
ERR364352_clean_NODE_223_length_4498_cov_11.179125	DROP	REVIEW	DROP	1	0	9.93e-03	15.5	0.255	825	FAM018315
ERR364352_clean_NODE_237_length_4446_cov_16.279582	DROP	AMBIGUOUS	DROP	0	0				0	
ERR364352_clean_NODE_2434_length_2578_cov_16.713609	DROP	AMBIGUOUS	DROP	4	0	4.69e-08	31.9	0.263	640	FAM012482
ERR364352_clean_NODE_2733_length_2477_cov_9.703780	KEEP	PASS_VIRAL	KEEP	18	0	6.29e-07	29.1	0.378	524	FAM004782
ERR364352_clean_NODE_2746_length_2472_cov_80.725401	DROP	REVIEW	DROP	0	0				0	
ERR364352_clean_NODE_4418_length_2042_cov_2.289145	KEEP	PASS_VIRAL	KEEP	0	0				0	
ERR364352_clean_NODE_46_length_5796_cov_5.503390	KEEP	PASS_VIRAL	KEEP	0	0				0	
ERR364352_clean_NODE_542_length_3841_cov_11.623486	DROP	AMBIGUOUS	DROP	0	0				0	
ERR364352_clean_NODE_55_length_5661_cov_106.599146	DROP	REVIEW	DROP	0	0				0	
ERR364352_clean_NODE_57_length_5645_cov_49.946626	DROP	REVIEW	DROP	0	0				0	
ERR364352_clean_NODE_944_length_3383_cov_13.675749	DROP	REVIEW	DROP	19	1	3.89e-153	511.4	0.252	747	FAM007197
ERR364352_clean_NODE_97_length_5243_cov_131.111538	DROP	REVIEW	DROP	6	0	1.78e-48	164.1	0.153	1643	FAM007197
ERR364353_clean_NODE_1423_length_3078_cov_13.391104	DROP	AMBIGUOUS	DROP	4	0	5.29e-33	113.7	0.153	676	FAM012595
ERR364353_clean_NODE_1640_length_2953_cov_23.626117	KEEP	PASS_VIRAL	KEEP	20	0	5.52e-07	29.3	0.378	524	FAM004782
ERR364353_clean_NODE_18887_length_670_cov_1.192982	KEEP	PASS_CORE_FAM	KEEP	0	0				0	
ERR364353_clean_NODE_2472_length_2565_cov_23.872324	DROP	AMBIGUOUS	DROP	2	0	2.00e-12	46.4	0.170	438	FAM007630
ERR364353_clean_NODE_2491_length_2560_cov_33.576877	REVIEW	AMBIGUOUS	short_fragment	6	1	3.93e-27	94.5	0.563	584	FAM004846
ERR364353_clean_NODE_2608_length_2511_cov_48.666532	DROP	AMBIGUOUS	DROP	4	1	2.58e-08	32.5	0.115	501	FAM022056
ERR364353_clean_NODE_46_length_6849_cov_16.736556	DROP	AMBIGUOUS	DROP	12	8	5.10e-105	352.0	0.653	1372	FAM010667
ERR364353_clean_NODE_82_length_6009_cov_6.373952	KEEP	PASS_VIRAL	KEEP	17	0	2.48e-54	184.7	0.381	1698	FAM004890
ERR364353_clean_NODE_877_length_3533_cov_19.661318	REVIEW	AMBIGUOUS	no_viral_domain_but_blast	0	0				0	
ERR364354_clean_NODE_139_length_3383_cov_17.272428	DROP	AMBIGUOUS	DROP	7	0	4.60e-15	52.2	0.071	746	FAM001712
ERR364354_clean_NODE_1663_length_2154_cov_67.517258	DROP	AMBIGUOUS	DROP	0	0				0	
ERR364354_clean_NODE_176_length_3266_cov_80.378060	KEEP	PASS_VIRAL	KEEP	4	2	6.37e-94	315.3	0.564	768	FAM004987
ERR364354_clean_NODE_553_length_2703_cov_12.576201	DROP	REVIEW	DROP	0	0				0	
ERR364354_clean_NODE_559_length_2698_cov_19.480256	KEEP	PASS_VIRAL	KEEP	20	0	5.36e-07	29.3	0.387	523	FAM004782
ERR364355_clean_NODE_1002_length_3174_cov_11.042743	DROP	AMBIGUOUS	DROP	7	0	2.15e-19	69.1	0.320	797	FAM012472
ERR364355_clean_NODE_1322_length_2935_cov_8.377417	KEEP	PASS_VIRAL	KEEP	6	0	1.50e-18	66.6	0.121	798	FAM012657
ERR364355_clean_NODE_16_length_7506_cov_22.949511	DROP	REVIEW	DROP	0	0				0	
ERR364355_clean_NODE_197_length_4599_cov_4.271930	DROP	REVIEW	DROP	0	0				0	
ERR364355_clean_NODE_28_length_6966_cov_18.416775	DROP	REVIEW	DROP	0	0				0	
ERR364355_clean_NODE_3_length_9441_cov_38.253563	REVIEW	REVIEW	no_viral_domain_but_blast	9	6	7.86e-212	706.1	0.708	3031	FAM007197
ERR364355_clean_NODE_470_length_3850_cov_8.618210	DROP	REVIEW	DROP	0	0				0	
ERR364355_clean_NODE_50_length_6022_cov_15.038442	REVIEW	PASS_VIRAL	short_fragment	0	0				0	
ERR364355_clean_NODE_665_length_3528_cov_6.302379	REVIEW	AMBIGUOUS	no_viral_domain_but_blast	0	0				0	
ERR364355_clean_NODE_6_length_9197_cov_40.649159	REVIEW	REVIEW	no_viral_domain_but_blast	10	7	5.55e-221	736.5	0.582	2993	FAM007197
ERR364355_clean_NODE_7_length_9194_cov_19.528017	DROP	REVIEW	DROP	13	10	3.77e-218	727.1	0.583	2976	FAM007197
ERR364357_clean_NODE_11234_length_843_cov_4.081250	REVIEW	REVIEW	short_fragment	13	0	7.39e-23	80.1	0.078	99	FAM003304
ERR364357_clean_NODE_15188_length_639_cov_1.689597	DROP	REVIEW	DROP	0	0				0	
ERR364357_clean_NODE_285_length_4292_cov_16.229230	KEEP	PASS_VIRAL	KEEP	7	0	1.96e-23	82.7	0.173	969	FAM012657
ERR364357_clean_NODE_2893_length_2055_cov_206.001491	DROP	AMBIGUOUS	DROP	0	0				0	
ERR364357_clean_NODE_289_length_4284_cov_9.386465	DROP	AMBIGUOUS	DROP	2	1	1.98e-05	24.3	0.431	1076	FAM012804
ERR364357_clean_NODE_4670_length_1618_cov_4.162540	KEEP	PASS_CORE	KEEP	7	0	7.43e-06	23.9	0.039	46	FAM008902
ERR364357_clean_NODE_698_length_3395_cov_16.318616	REVIEW	AMBIGUOUS	no_viral_domain_but_blast	0	0				0	
ERR364357_clean_NODE_9530_length_975_cov_3.092275	DROP	REVIEW	DROP	0	0				0	
ERR364358_clean_NODE_191_length_4837_cov_8.142768	KEEP	PASS_VIRAL	KEEP	18	0	4.80e-53	180.4	0.398	1128	FAM004890
ERR364358_clean_NODE_2339_length_2454_cov_87.917184	DROP	AMBIGUOUS	DROP	0	0				0	
ERR364358_clean_NODE_2927_length_2239_cov_95.204545	DROP	AMBIGUOUS	DROP	0	0				0	
ERR364358_clean_NODE_3055_length_2196_cov_40.684284	DROP	AMBIGUOUS	DROP	0	0				0	
ERR364358_clean_NODE_3530_length_2060_cov_7.344879	KEEP	PASS_VIRAL	KEEP	26	0	3.00e-58	197.6	0.422	520	FAM004890
ERR364358_clean_NODE_415_length_4082_cov_36.501608	REVIEW	AMBIGUOUS	no_viral_domain_but_blast	0	0				0	
ERR364359_clean_NODE_1879_length_2779_cov_10.339181	REVIEW	AMBIGUOUS	no_viral_domain_but_blast	0	0				0	
ERR364359_clean_NODE_190_length_4970_cov_8.832352	KEEP	PASS_VIRAL	KEEP	6	1	1.30e-36	125.9	0.253	1138	FAM013464
ERR364359_clean_NODE_206_length_4864_cov_55.805849	KEEP	PASS_VIRAL	KEEP	4	1	3.03e-05	23.2	0.230	817	FAM002853
ERR364359_clean_NODE_2075_length_2679_cov_13.439302	REVIEW	AMBIGUOUS	short_fragment	8	0	1.57e-13	47.1	0.071	678	FAM001712
ERR364359_clean_NODE_3318_length_2206_cov_38.740638	DROP	AMBIGUOUS	DROP	0	0				0	
ERR364359_clean_NODE_350_length_4359_cov_18.401297	DROP	AMBIGUOUS	DROP	2	0	2.17e-10	38.2	0.039	971	FAM010548
ERR364359_clean_NODE_512_length_4012_cov_23.169060	REVIEW	AMBIGUOUS	no_viral_domain_but_blast	3	0	6.39e-04	18.0	0.185	921	FAM007595
ERR364359_clean_NODE_586_length_3886_cov_16.029664	KEEP	PASS_VIRAL	KEEP	19	0	3.70e-07	29.8	0.378	537	FAM004782
ERR364360_clean_NODE_113_length_4259_cov_8.571564	DROP	AMBIGUOUS	DROP	0	0				0	
ERR364360_clean_NODE_493_length_3133_cov_39.665482	REVIEW	AMBIGUOUS	no_viral_domain_but_blast	0	0				0	
ERR364360_clean_NODE_630_length_2951_cov_120.234547	REVIEW	AMBIGUOUS	no_viral_domain_but_blast	0	0				0	
ERR364360_clean_NODE_861_length_2724_cov_108.599255	REVIEW	AMBIGUOUS	no_viral_domain_but_blast	0	0				0	
ERR364360_clean_NODE_9347_length_848_cov_2.060569	KEEP	PASS_CORE	KEEP	0	0				0	
ERR364361_clean_NODE_1165_length_2398_cov_12.752442	DROP	REVIEW	DROP	0	0				0	
ERR364361_clean_NODE_1182_length_2389_cov_6.526854	REVIEW	REVIEW	short_fragment	0	0				0	
ERR364361_clean_NODE_1677_length_2168_cov_26.638118	DROP	REVIEW	DROP	0	0				0	
ERR364361_clean_NODE_1757_length_2140_cov_9.326180	KEEP	PASS_CORE	KEEP	0	0				0	
ERR364361_clean_NODE_228_length_3553_cov_50.448148	REVIEW	AMBIGUOUS	no_viral_domain_but_blast	0	0				0	
ERR364362_clean_NODE_186_length_3042_cov_8.904635	DROP	AMBIGUOUS	DROP	0	0				0	
ERR364362_clean_NODE_61_length_3750_cov_19.461020	DROP	REVIEW	DROP	0	0				0	
ERR364363_clean_NODE_278_length_3067_cov_12.250331	DROP	AMBIGUOUS	DROP	0	0				0	
ERR364363_clean_NODE_555_length_2513_cov_3.945344	DROP	REVIEW	DROP	0	0				0	
ERR364364_clean_NODE_1160_length_2520_cov_9.381106	DROP	AMBIGUOUS	DROP	0	0				0	
ERR364364_clean_NODE_9630_length_693_cov_7.852308	KEEP	PASS_CORE_FAM	KEEP	0	0				0	
ERR364364_clean_NODE_98_length_4732_cov_5.251653	DROP	AMBIGUOUS	DROP	2	0	2.01e-09	36.2	0.413	970	FAM007789
ERR364365_clean_NODE_14_length_4750_cov_14.990032	DROP	AMBIGUOUS	DROP	0	0				0	
ERR364365_clean_NODE_27_length_3238_cov_27.172651	DROP	REVIEW	DROP	0	0				0	
ERR364367_clean_NODE_1456_length_3010_cov_43.045838	DROP	REVIEW	DROP	0	0				0	
ERR364367_clean_NODE_1581_length_2936_cov_19.304528	DROP	AMBIGUOUS	DROP	8	2	3.63e-58	196.9	0.733	585	FAM004846
ERR364367_clean_NODE_2578_length_2441_cov_580.222269	KEEP	PASS_VIRAL	KEEP	6	5	1.01e-292	972.7	0.716	594	FAM004987
ERR364367_clean_NODE_3537_length_2147_cov_11.437738	DROP	REVIEW	DROP	0	0				0	
ERR364367_clean_NODE_807_length_3635_cov_17.314588	KEEP	PASS_VIRAL	KEEP	19	0	1.33e-52	178.9	0.366	971	FAM004890
ERR364368_clean_NODE_100_length_4389_cov_17.868397	KEEP	PASS_VIRAL	KEEP	30	5	2.11e-117	393.2	0.473	742	FAM003304
ERR364368_clean_NODE_276_length_3322_cov_92.380894	REVIEW	AMBIGUOUS	no_viral_domain_but_blast	0	0				0	
ERR364368_clean_NODE_534_length_2817_cov_9.964774	DROP	REVIEW	DROP	0	0				0	
ERR364368_clean_NODE_558_length_2784_cov_6.467079	DROP	AMBIGUOUS	DROP	15	3	4.61e-17	61.9	0.537	446	FAM031976
ERR364368_clean_NODE_958_length_2391_cov_9.342105	DROP	REVIEW	DROP	0	0				0	
ERR364368_clean_NODE_9_length_7512_cov_38.125184	REVIEW	AMBIGUOUS	no_viral_domain_but_blast	4	0	8.92e-07	27.5	0.269	2201	FAM012636
ERR364369_clean_NODE_516_length_2086_cov_68.404193	DROP	AMBIGUOUS	DROP	0	0				0	
ERR364369_clean_NODE_70_length_2966_cov_16.028318	DROP	REVIEW	DROP	0	0				0	
ERR364370_clean_NODE_87_length_2904_cov_16.096201	DROP	AMBIGUOUS	DROP	0	0				0	
ERR364371_clean_NODE_116_length_4604_cov_32.761217	DROP	AMBIGUOUS	DROP	7	0	8.39e-17	60.8	0.151	1246	FAM007630
ERR364371_clean_NODE_138_length_4456_cov_40.074418	KEEP	PASS_VIRAL	KEEP	17	0	2.47e-50	171.4	0.405	1224	FAM004890
ERR364371_clean_NODE_531_length_3240_cov_21.048674	DROP	REVIEW	DROP	0	0				0	
ERR364371_clean_NODE_624_length_3084_cov_56.956379	REVIEW	AMBIGUOUS	no_viral_domain_but_blast	0	0				0	
ERR364371_clean_NODE_672_length_3005_cov_24.993266	DROP	REVIEW	DROP	0	0				0	
ERR364372_clean_NODE_1077_length_3023_cov_5.295638	DROP	REVIEW	DROP	0	0				0	
ERR364372_clean_NODE_12_length_7490_cov_9.689002	DROP	AMBIGUOUS	DROP	0	0				0	
ERR364372_clean_NODE_167_length_4541_cov_6.446643	KEEP	PASS_VIRAL	KEEP	23	2	2.58e-104	349.4	0.947	1296	FAM008037
ERR364372_clean_NODE_3334_length_2045_cov_3.841658	DROP	REVIEW	DROP	0	0				0	
ERR364372_clean_NODE_392_length_3850_cov_85.024954	REVIEW	AMBIGUOUS	no_viral_domain_but_blast	0	0				0	
ERR364372_clean_NODE_48_length_5997_cov_6.836077	KEEP	PASS_VIRAL	KEEP	5	0	2.19e-20	72.7	0.155	1614	FAM012657
ERR364372_clean_NODE_700_length_3393_cov_22.972239	DROP	REVIEW	DROP	0	0				0	
ERR364372_clean_NODE_714_length_3367_cov_67.569495	KEEP	PASS_VIRAL	KEEP	2	0	3.92e-03	15.7	0.030	193	FAM003805
ERR364372_clean_NODE_826_length_3247_cov_26.246879	REVIEW	AMBIGUOUS	no_viral_domain_but_blast	0	0				0	
ERR364373_clean_NODE_1182_length_3141_cov_5.662363	REVIEW	REVIEW	short_fragment	0	0				0	
ERR364373_clean_NODE_211_length_4849_cov_19.523512	DROP	AMBIGUOUS	DROP	0	0				0	
ERR364373_clean_NODE_255_length_4647_cov_15.045830	KEEP	PASS_VIRAL	KEEP	17	2	2.63e-10	40.0	0.387	1158	FAM004782
ERR364373_clean_NODE_2744_length_2380_cov_8.641421	DROP	REVIEW	DROP	0	0				0	
ERR364373_clean_NODE_586_length_3800_cov_24.308757	KEEP	PASS_VIRAL	KEEP	44	21	1.14e-49	168.7	0.117	747	FAM008177
ERR364373_clean_NODE_646_length_3724_cov_12.446346	DROP	AMBIGUOUS	DROP	2	0	7.27e-99	331.5	0.290	993	FAM010955
ERR364374_clean_NODE_10_length_6838_cov_14.119352	REVIEW	AMBIGUOUS	no_viral_domain_but_blast	3	0	1.12e-04	20.6	0.285	2115	FAM012636
ERR364374_clean_NODE_189_length_3527_cov_34.506602	KEEP	PASS_VIRAL	KEEP	6	1	3.42e-158	528.0	0.644	993	FAM013464
ERR364374_clean_NODE_425_length_2913_cov_14.356794	REVIEW	AMBIGUOUS	no_viral_domain_but_blast	1	0	6.99e-03	14.8	0.159	830	FAM005403
ERR364375_clean_NODE_174_length_2715_cov_38.385821	REVIEW	AMBIGUOUS	no_viral_domain_but_blast	0	0				0	
ERR364375_clean_NODE_200_length_2614_cov_7.367972	DROP	REVIEW	DROP	0	0				0	
ERR364375_clean_NODE_257_length_2432_cov_3.793909	DROP	REVIEW	DROP	0	0				0	
ERR364375_clean_NODE_83_length_3162_cov_24.927726	DROP	AMBIGUOUS	DROP	0	0				0	
ERR364375_clean_NODE_92_length_3111_cov_12.870611	REVIEW	AMBIGUOUS	no_viral_domain_but_blast	0	0				0	
ERR364376_clean_NODE_1101_length_2135_cov_7.826482	REVIEW	AMBIGUOUS	short_fragment	0	0				0	
ERR364376_clean_NODE_1186_length_2088_cov_17.691932	DROP	REVIEW	DROP	0	0				0	
ERR364376_clean_NODE_249_length_3032_cov_15.174640	REVIEW	AMBIGUOUS	no_viral_domain_but_blast	0	0				0	
ERR364376_clean_NODE_299_length_2918_cov_62.291826	REVIEW	AMBIGUOUS	no_viral_domain_but_blast	0	0				0	
ERR364376_clean_NODE_32_length_4246_cov_29.164406	DROP	REVIEW	DROP	0	0				0	
ERR364376_clean_NODE_401_length_2734_cov_10.219249	DROP	REVIEW	DROP	0	0				0	
ERR364377_clean_NODE_1114_length_2860_cov_12.624068	KEEP	PASS_VIRAL	KEEP	3	0	6.05e-58	196.1	0.475	592	FAM004705
ERR364377_clean_NODE_1756_length_2481_cov_7.989746	DROP	REVIEW	DROP	0	0				0	
ERR364377_clean_NODE_2195_length_2310_cov_6.582267	DROP	REVIEW	DROP	0	0				0	
ERR364377_clean_NODE_2475_length_2220_cov_9.125402	DROP	REVIEW	DROP	0	0				0	
ERR364377_clean_NODE_32_length_6221_cov_23.873260	DROP	AMBIGUOUS	DROP	1	0	1.18e-15	57.0	0.412	821	FAM019366
ERR364377_clean_NODE_539_length_3507_cov_36.062644	DROP	AMBIGUOUS	DROP	0	0				0	
ERR364377_clean_NODE_56_length_5524_cov_59.640941	DROP	REVIEW	DROP	0	0				0	
ERR364377_clean_NODE_765_length_3179_cov_30.684311	REVIEW	AMBIGUOUS	no_viral_domain_but_blast	0	0				0	
ERR364378_clean_NODE_11421_length_1146_cov_3.834089	KEEP	PASS_CORE	KEEP	0	0				0	
ERR364378_clean_NODE_128_length_6665_cov_4.662187	DROP	REVIEW	DROP	0	0				0	
ERR364378_clean_NODE_1435_length_3728_cov_13.299593	DROP	REVIEW	DROP	0	0				0	
ERR364378_clean_NODE_2482_length_3080_cov_4.286138	DROP	REVIEW	DROP	0	0				0	
ERR364378_clean_NODE_297_length_5604_cov_15.363604	KEEP	PASS_VIRAL	KEEP	7	0	1.44e-25	89.8	0.119	1474	FAM012657
ERR364378_clean_NODE_322_length_5506_cov_11.232473	DROP	AMBIGUOUS	DROP	2	0	1.06e-10	39.2	0.053	1276	FAM010548
ERR364378_clean_NODE_358_length_5382_cov_14.566586	DROP	AMBIGUOUS	DROP	0	0				0	
ERR364378_clean_NODE_397_length_5253_cov_101.047409_self_circular	DROP	REVIEW	DROP	7	0	5.89e-26	90.0	0.206	358	FAM003309
ERR364378_clean_NODE_42_length_8193_cov_20.638528	DROP	REVIEW	DROP	0	0				0	
ERR364378_clean_NODE_5086_length_2235_cov_8.208029	DROP	REVIEW	DROP	0	0				0	
ERR364378_clean_NODE_5882_length_2045_cov_16.921079	REVIEW	REVIEW	short_fragment	0	0				0	
ERR364378_clean_NODE_913_length_4214_cov_8.138336	DROP	REVIEW	DROP	0	0				0	
ERR364379_clean_NODE_132_length_2666_cov_34.923223	REVIEW	AMBIGUOUS	no_viral_domain_but_blast	0	0				0	
ERR364379_clean_NODE_169_length_2538_cov_28.479824	DROP	AMBIGUOUS	DROP	1	1	3.01e-04	20.2	0.658	619	FAM003342
ERR364379_clean_NODE_54_length_3137_cov_29.588330	REVIEW	AMBIGUOUS	no_viral_domain_but_blast	0	0				0	
ERR364380_clean_NODE_13_length_6618_cov_48.325475	DROP	REVIEW	DROP	0	0				0	
ERR364380_clean_NODE_172_length_4090_cov_6.061774	DROP	REVIEW	DROP	0	0				0	
ERR364380_clean_NODE_336_length_3476_cov_19.586950	REVIEW	AMBIGUOUS	no_viral_domain_but_blast	0	0				0	
ERR364380_clean_NODE_381_length_3349_cov_226.659710	REVIEW	AMBIGUOUS	no_viral_domain_but_blast	0	0				0	
ERR364380_clean_NODE_544_length_3060_cov_59.158436	DROP	REVIEW	DROP	0	0				0	
ERR364380_clean_NODE_916_length_2638_cov_9.678613	DROP	REVIEW	DROP	0	0				0	
ERR364381_clean_NODE_107_length_3901_cov_29.555872	REVIEW	AMBIGUOUS	no_viral_domain_but_blast	0	0				0	
ERR364381_clean_NODE_1_length_9107_cov_15.013117	DROP	REVIEW	DROP	0	0				0	
ERR364381_clean_NODE_279_length_3192_cov_31.285398	REVIEW	AMBIGUOUS	no_viral_domain_but_blast	0	0				0	
ERR364381_clean_NODE_369_length_2967_cov_10.399727	DROP	REVIEW	DROP	0	0				0	
ERR364381_clean_NODE_396_length_2923_cov_4.987188	DROP	REVIEW	DROP	0	0				0	
ERR364382_clean_NODE_65_length_3240_cov_17.532687	DROP	AMBIGUOUS	DROP	4	0	3.59e-20	71.4	0.318	911	FAM019894
ERR364383_clean_NODE_1018_length_2781_cov_20.125637	KEEP	PASS_VIRAL	KEEP	15	0	1.52e-08	33.6	0.281	775	FAM012430
ERR364383_clean_NODE_14502_length_693_cov_1.805471	DROP	REVIEW	DROP	0	0				0	
ERR364383_clean_NODE_1472_length_2479_cov_4.532733	REVIEW	AMBIGUOUS	short_fragment	0	0				0	
ERR364383_clean_NODE_1794_length_2340_cov_4.599132	DROP	REVIEW	DROP	0	0				0	
ERR364383_clean_NODE_2387_length_2128_cov_24.346871	DROP	AMBIGUOUS	DROP	1	1	4.06e-15	55.6	0.653	503	FAM004746
ERR364383_clean_NODE_430_length_3452_cov_15.641791	KEEP	PASS_VIRAL	KEEP	8	1	1.39e-162	542.5	0.635	944	FAM013464
ERR364383_clean_NODE_455_length_3403_cov_20.984264	REVIEW	AMBIGUOUS	no_viral_domain_but_blast	0	0				0	
ERR364383_clean_NODE_966_length_2828_cov_6.655209	DROP	AMBIGUOUS	DROP	2	1	8.62e-25	87.6	0.714	809	FAM012606
ERR364384_clean_NODE_107_length_3532_cov_30.879611	REVIEW	AMBIGUOUS	no_viral_domain_but_blast	0	0				0	
ERR364384_clean_NODE_112_length_3520_cov_8.438737	REVIEW	AMBIGUOUS	short_fragment	6	1	1.28e-10	40.3	0.270	800	FAM012482
ERR364384_clean_NODE_1204_length_2172_cov_15.034160	REVIEW	REVIEW	short_fragment	0	0				0	
ERR364384_clean_NODE_1419_length_2084_cov_10.770132	DROP	AMBIGUOUS	DROP	5	0	1.66e-09	36.4	0.109	511	FAM022056
ERR364384_clean_NODE_14452_length_535_cov_16.410000	KEEP	PASS_CORE	KEEP	0	0				0	
ERR364384_clean_NODE_219_length_3137_cov_6.907157	KEEP	PASS_VIRAL	KEEP	6	0	6.33e-24	84.4	0.274	793	FAM012657
ERR364384_clean_NODE_25_length_4307_cov_19.241573	KEEP	PASS_VIRAL	KEEP	17	0	2.22e-52	178.2	0.421	1209	FAM004890
ERR364384_clean_NODE_44_length_4045_cov_7.900249	REVIEW	AMBIGUOUS	no_viral_domain_but_blast	2	0	9.48e-07	27.4	0.288	1164	FAM012636
ERR364384_clean_NODE_821_length_2387_cov_6.164541	KEEP	PASS_VIRAL	KEEP	31	14	4.67e-42	143.5	0.155	574	FAM008177
ERR364384_clean_NODE_841_length_2376_cov_5.102520	KEEP	PASS_VIRAL	KEEP	18	0	1.73e-52	178.6	0.407	643	FAM004890
ERR364385_clean_NODE_154_length_3313_cov_11.751678	REVIEW	AMBIGUOUS	no_viral_domain_but_blast	0	0				0	
ERR364385_clean_NODE_2006_length_1929_cov_18.418691	DROP	AMBIGUOUS	DROP	2	1	1.21e-10	40.2	0.592	349	FAM012636
ERR364385_clean_NODE_2769_length_1749_cov_152.630688	REVIEW	REVIEW	no_viral_domain_but_blast	11	5	3.35e-166	553.6	0.889	444	FAM003547
ERR364385_clean_NODE_660_length_2530_cov_14.650501	DROP	AMBIGUOUS	DROP	6	0	5.46e-09	34.7	0.111	505	FAM022056
ERR364385_clean_NODE_7029_length_1131_cov_2.938869	REVIEW	REVIEW	short_fragment	0	0				0	
ERR364386_clean_NODE_1196_length_2123_cov_71.547414	DROP	AMBIGUOUS	DROP	0	0				0	
ERR364386_clean_NODE_1461_length_2018_cov_5.403933	REVIEW	AMBIGUOUS	no_viral_domain_but_blast	0	0				0	
ERR364386_clean_NODE_383_length_2769_cov_7.117410	DROP	AMBIGUOUS	DROP	0	0				0	
ERR364386_clean_NODE_607_length_2504_cov_16.230458	DROP	AMBIGUOUS	DROP	5	1	6.07e-10	37.9	0.107	507	FAM022056
ERR364388_clean_NODE_2020_length_1504_cov_6.833901	DROP	REVIEW	DROP	8	2	3.50e-24	84.9	0.433	325	FAM007484
ERR364388_clean_NODE_2514_length_1410_cov_9.068364	REVIEW	PASS_VIRAL	short_fragment	8	3	7.62e-60	202.7	0.661	346	FAM003024
ERR364388_clean_NODE_459_length_2136_cov_11.619705	REVIEW	AMBIGUOUS	no_viral_domain_but_blast	0	0				0	
ERR364389_clean_NODE_1009_length_2039_cov_131.518463	DROP	REVIEW	DROP	0	0				0	
ERR364389_clean_NODE_14329_length_516_cov_2.118503	KEEP	PASS_CORE	KEEP	0	0				0	
ERR364389_clean_NODE_456_length_2339_cov_39.309028	DROP	AMBIGUOUS	DROP	3	2	8.57e-49	165.9	0.754	469	FAM020762
ERR364389_clean_NODE_8290_length_928_cov_6.203807	KEEP	PASS_CORE	KEEP	4	1	1.00e-91	308.3	0.207	142	FAM000128
ERR364389_clean_NODE_956_length_2062_cov_11.437593	REVIEW	AMBIGUOUS	no_viral_domain_but_blast	0	0				0	
ERR364389_clean_NODE_9_length_3824_cov_25.533122	DROP	AMBIGUOUS	DROP	5	0	2.73e-04	19.5	0.186	570	FAM019150
ERR364390_clean_NODE_1220_length_2267_cov_10.942652	DROP	AMBIGUOUS	DROP	4	1	3.04e-09	35.6	0.123	522	FAM022056
ERR364390_clean_NODE_1814_length_2056_cov_7.857001	REVIEW	AMBIGUOUS	short_fragment	9	0	3.83e-19	68.6	0.170	495	FAM007630
ERR364390_clean_NODE_1876_length_2037_cov_4.870130	REVIEW	AMBIGUOUS	short_fragment	9	0	1.19e-16	57.5	0.071	595	FAM001712
ERR364390_clean_NODE_243_length_3142_cov_29.163180	REVIEW	AMBIGUOUS	no_viral_domain_but_blast	0	0				0	
ERR364390_clean_NODE_299_length_3022_cov_21.551724	DROP	AMBIGUOUS	DROP	0	0				0	
ERR364390_clean_NODE_46_length_4031_cov_14.775776	KEEP	PASS_VIRAL	KEEP	5	0	1.28e-26	93.2	0.171	1076	FAM012657
ERR364390_clean_NODE_495_length_2766_cov_13.378250	REVIEW	AMBIGUOUS	no_viral_domain_but_blast	0	0				0	
ERR364390_clean_NODE_772_length_2506_cov_8.782679	KEEP	PASS_VIRAL	KEEP	17	0	7.77e-52	176.4	0.405	685	FAM004890
ERR364391_clean_NODE_593_length_1913_cov_4.560170	KEEP	PASS_VIRAL	KEEP	0	0				0	
ERR364392_clean_NODE_5_length_4505_cov_128.373378	KEEP	PASS_VIRAL	KEEP	2	1	2.18e-19	69.3	0.626	227	FAM012802
ERR364393_clean_NODE_11307_length_758_cov_8.009682	DROP	REVIEW	DROP	2	0	1.77e-20	72.3	0.120	133	FAM003378
ERR364393_clean_NODE_382_length_2816_cov_6.805466	REVIEW	AMBIGUOUS	no_viral_domain_but_blast	0	0				0	
ERR364393_clean_NODE_390_length_2809_cov_8.951334	DROP	AMBIGUOUS	DROP	0	0				0	
ERR364393_clean_NODE_904_length_2311_cov_5.217487	KEEP	PASS_VIRAL	KEEP	32	0	4.99e-59	200.2	0.397	657	FAM004890
ERR364394_clean_NODE_10836_length_984_cov_2.609062	REVIEW	REVIEW	short_fragment	0	0				0	
ERR364394_clean_NODE_1492_length_2282_cov_25.511348	DROP	AMBIGUOUS	DROP	6	0	3.75e-09	35.3	0.107	488	FAM022056
ERR364394_clean_NODE_1730_length_2201_cov_7.192521	REVIEW	AMBIGUOUS	short_fragment	9	0	1.76e-14	50.3	0.028	576	FAM001712
ERR364394_clean_NODE_376_length_3154_cov_22.417441	DROP	AMBIGUOUS	DROP	0	0				0	
ERR364395_clean_NODE_1173_length_2374_cov_9.766195	REVIEW	AMBIGUOUS	short_fragment	4	0	1.40e-09	36.5	0.065	522	FAM013464
ERR364395_clean_NODE_1473_length_2231_cov_2.369287	DROP	REVIEW	DROP	4	0	1.97e-17	61.8	0.068	177	FAM025821
ERR364395_clean_NODE_1477_length_2227_cov_10.951923	KEEP	PASS_VIRAL	KEEP	17	1	1.20e-07	31.4	0.378	531	FAM004782
ERR364395_clean_NODE_158_length_3646_cov_31.647238	REVIEW	AMBIGUOUS	no_viral_domain_but_blast	1	1	4.79e-03	16.7	0.734	895	FAM004487
ERR364395_clean_NODE_1697_length_2138_cov_21.364678	DROP	AMBIGUOUS	DROP	4	0	6.97e-29	100.3	0.251	296	FAM021342
ERR364395_clean_NODE_1906_length_2067_cov_11.003458	DROP	AMBIGUOUS	DROP	8	0	7.01e-12	44.3	0.198	441	FAM002666
ERR364395_clean_NODE_1963_length_2053_cov_13.287562	DROP	AMBIGUOUS	DROP	5	1	3.82e-09	35.2	0.115	519	FAM022056
ERR364395_clean_NODE_1980_length_2048_cov_10.688778	DROP	AMBIGUOUS	DROP	0	0				0	
ERR364395_clean_NODE_1990_length_2045_cov_6.595405	DROP	AMBIGUOUS	DROP	3	1	2.18e-09	36.3	0.373	513	FAM022479
ERR364395_clean_NODE_216_length_3481_cov_28.108493	KEEP	PASS_VIRAL	KEEP	46	15	1.64e-89	300.0	0.538	949	FAM012845
ERR364395_clean_NODE_231_length_3437_cov_6.491750	DROP	REVIEW	DROP	3	0	1.58e-05	24.0	0.297	938	FAM001818
ERR364395_clean_NODE_378_length_3117_cov_6.576122	DROP	AMBIGUOUS	DROP	6	0	2.89e-05	23.7	0.258	825	FAM012824
ERR364395_clean_NODE_390_length_3095_cov_26.860747	KEEP	PASS_VIRAL	KEEP	1	1	1.01e-07	31.6	0.545	796	FAM022736
ERR364395_clean_NODE_420_length_3047_cov_5.178096	KEEP	PASS_VIRAL	KEEP	48	23	8.86e-61	205.2	0.172	868	FAM020796
ERR364395_clean_NODE_73_length_4110_cov_11.513646	KEEP	PASS_VIRAL	KEEP	7	0	2.38e-25	89.1	0.345	1062	FAM012657
ERR364396_clean_NODE_198_length_2614_cov_34.612641	REVIEW	AMBIGUOUS	no_viral_domain_but_blast	0	0				0	
ERR364396_clean_NODE_246_length_2520_cov_11.663179	DROP	AMBIGUOUS	DROP	2	2	3.38e-05	23.3	0.809	501	FAM003342
ERR364396_clean_NODE_282_length_2432_cov_3.734668	DROP	REVIEW	DROP	0	0				0	
ERR364396_clean_NODE_417_length_2237_cov_29.331971	REVIEW	AMBIGUOUS	short_fragment	0	0				0	
ERR364396_clean_NODE_573_length_2078_cov_97.975526	KEEP	PASS_VIRAL	KEEP	0	0				0	
ERR364396_clean_NODE_57_length_3192_cov_24.346215	KEEP	PASS_VIRAL	KEEP	7	0	6.11e-25	87.7	0.344	834	FAM012657
ERR364396_clean_NODE_580_length_2077_cov_21.594515	REVIEW	AMBIGUOUS	no_viral_domain_but_blast	0	0				0	
ERR364396_clean_NODE_617_length_2052_cov_15.835895	DROP	AMBIGUOUS	DROP	6	0	1.37e-09	36.7	0.111	523	FAM022056
ERR364396_clean_NODE_694_length_2007_cov_15.984787	KEEP	PASS_VIRAL	KEEP	19	0	1.13e-53	182.5	0.424	476	FAM004890
ERR364398_clean_NODE_12163_length_756_cov_2.669004	KEEP	PASS_CORE_FAM	KEEP	4	0	6.73e-09	34.3	0.052	37	FAM000134
ERR364398_clean_NODE_220_length_2452_cov_13.480282	DROP	AMBIGUOUS	DROP	3	0	4.28e-18	65.0	0.137	689	FAM004890
ERR364399_clean_NODE_1240_length_2190_cov_15.556125	DROP	REVIEW	DROP	0	0				0	
ERR364399_clean_NODE_1593_length_2036_cov_3.231811	KEEP	PASS_VIRAL	KEEP	28	4	5.63e-24	83.3	0.141	604	FAM020796
ERR364399_clean_NODE_18969_length_672_cov_1.863275	DROP	REVIEW	DROP	0	0				0	
ERR364399_clean_NODE_22529_length_603_cov_1.275000	KEEP	PASS_CORE	KEEP	0	0				0	
ERR364399_clean_NODE_8144_length_1081_cov_1.503854	DROP	REVIEW	DROP	0	0				0	
ERR364400_clean_NODE_15963_length_599_cov_1.296763	REVIEW	REVIEW	short_fragment	0	0				0	
ERR364400_clean_NODE_82_length_2931_cov_14.476801	DROP	REVIEW	DROP	0	0				0	
ERR364401_clean_NODE_3705_length_1204_cov_5.120616	KEEP	PASS_CORE	KEEP	0	0				0	
ERR364402_clean_NODE_119_length_2191_cov_35.451763	DROP	REVIEW	DROP	0	0				0	
ERR364403_clean_NODE_1129_length_2508_cov_54.016983	KEEP	PASS_CORE	KEEP	182	3	1.00e-37	129.1	0.112	640	FAM000437
ERR364403_clean_NODE_15242_length_502_cov_1.959315	DROP	REVIEW	DROP	0	0				0	
ERR364403_clean_NODE_182_length_4026_cov_6.620396	KEEP	PASS_VIRAL	KEEP	18	1	1.50e-53	182.1	0.371	857	FAM004890
ERR364403_clean_NODE_1_length_9524_cov_58.619559	KEEP	PASS_CORE	KEEP	54	28	0.00e+00	2495.4	0.577	2053	FAM000080
ERR364403_clean_NODE_411_length_3370_cov_10.306447	REVIEW	AMBIGUOUS	no_viral_domain_but_blast	0	0				0	
ERR364403_clean_NODE_451_length_3277_cov_5.908390	KEEP	PASS_VIRAL	KEEP	22	0	5.31e-65	219.6	0.315	848	FAM012716
ERR364403_clean_NODE_457_length_3269_cov_11.701299	DROP	AMBIGUOUS	DROP	6	0	3.29e-16	56.0	0.071	685	FAM001712
ERR364403_clean_NODE_573_length_3076_cov_7.928642	REVIEW	AMBIGUOUS	no_viral_domain_but_blast	0	0				0	
ERR364403_clean_NODE_680_length_2927_cov_12.304633	KEEP	PASS_CORE_FAM	KEEP	0	0				0	
ERR364403_clean_NODE_9_length_7302_cov_8.148204	REVIEW	AMBIGUOUS	no_viral_domain_but_blast	0	0				0	
ERR364404_clean_NODE_1020_length_3059_cov_31.584218	KEEP	PASS_VIRAL	KEEP	10	0	3.45e-09	36.1	0.352	781	FAM001894
ERR364404_clean_NODE_13454_length_795_cov_2.658245	KEEP	PASS_CORE	KEEP	0	0				0	
ERR364404_clean_NODE_14110_length_755_cov_4.363764	REVIEW	REVIEW	no_viral_domain_but_blast	0	0				0	
ERR364404_clean_NODE_145_length_4910_cov_6.323197	DROP	AMBIGUOUS	DROP	1	0	2.52e-03	16.1	0.195	646	FAM018201
ERR364404_clean_NODE_15339_length_689_cov_5.082043	KEEP	PASS_CORE	KEEP	0	0				0	
ERR364404_clean_NODE_16824_length_617_cov_5.120209	REVIEW	REVIEW	no_viral_domain_but_blast	0	0				0	
ERR364404_clean_NODE_17489_length_590_cov_6.283364	REVIEW	REVIEW	no_viral_domain_but_blast	0	0				0	
ERR364404_clean_NODE_20174_length_502_cov_4.989107	REVIEW	REVIEW	short_fragment	0	0				0	
ERR364404_clean_NODE_2656_length_2196_cov_23.529958	DROP	REVIEW	DROP	0	0				0	
ERR364404_clean_NODE_3150_length_2065_cov_30.342730	DROP	AMBIGUOUS	DROP	0	0				0	
ERR364404_clean_NODE_396_length_3921_cov_13.616813	KEEP	PASS_VIRAL	KEEP	7	2	1.19e-169	565.9	0.652	932	FAM013464
ERR364404_clean_NODE_4_length_9947_cov_41.387015	REVIEW	AMBIGUOUS	no_viral_domain_but_blast	0	0				0	
ERR364404_clean_NODE_533_length_3646_cov_42.549542	REVIEW	AMBIGUOUS	no_viral_domain_but_blast	0	0				0	
ERR364404_clean_NODE_581_length_3569_cov_7.958026	DROP	REVIEW	DROP	0	0				0	
ERR364404_clean_NODE_7236_length_1344_cov_3.521138	REVIEW	REVIEW	no_viral_domain_but_blast	3	3	4.50e-09	36.1	0.562	186	FAM000412
ERR364404_clean_NODE_7386_length_1325_cov_7.982839	REVIEW	REVIEW	no_viral_domain_but_blast	3	3	1.24e-07	31.3	0.559	161	FAM000412
ERR364405_clean_NODE_1050_length_2292_cov_25.635800	REVIEW	AMBIGUOUS	short_fragment	2	0	1.04e-04	19.9	0.080	499	FAM018797
ERR364405_clean_NODE_268_length_2936_cov_23.931403	DROP	REVIEW	DROP	2	0	2.96e-06	23.6	0.018	604	FAM013988
ERR364405_clean_NODE_62_length_3562_cov_12.276722	REVIEW	AMBIGUOUS	no_viral_domain_but_blast	0	0				0	
ERR364406_clean_NODE_1044_length_2481_cov_299.632461	KEEP	PASS_VIRAL	KEEP	5	5	5.09e-292	970.4	0.714	593	FAM004987
ERR364406_clean_NODE_1140_length_2435_cov_14.915833	KEEP	PASS_VIRAL	KEEP	19	1	4.01e-07	29.7	0.378	536	FAM004782
ERR364406_clean_NODE_287_length_3319_cov_12.202801	REVIEW	AMBIGUOUS	no_viral_domain_but_blast	0	0				0	
ERR364406_clean_NODE_563_length_2890_cov_19.788792	DROP	AMBIGUOUS	DROP	3	2	1.71e-55	187.9	0.981	573	FAM020762
ERR364406_clean_NODE_995_length_2510_cov_13.266667	DROP	AMBIGUOUS	DROP	1	0	4.17e-07	28.8	0.115	709	FAM012744
ERR364407_clean_NODE_1417_length_2043_cov_6.792829	DROP	AMBIGUOUS	DROP	0	0				0	
ERR364407_clean_NODE_234_length_3068_cov_10.615562	REVIEW	AMBIGUOUS	no_viral_domain_but_blast	0	0				0	
ERR364407_clean_NODE_2912_length_1615_cov_10.195570	REVIEW	REVIEW	no_viral_domain_but_blast	8	4	1.06e-25	90.1	0.548	335	FAM006294
ERR364407_clean_NODE_5209_length_1225_cov_6.330252	DROP	REVIEW	DROP	4	1	2.66e-71	239.8	0.799	279	FAM015065
ERR364409_clean_NODE_13250_length_648_cov_2.526917	KEEP	PASS_CORE_FAM	KEEP	3	0	1.18e-06	26.4	0.039	61	FAM003304
ERR364410_clean_NODE_187_length_2593_cov_16.083137	REVIEW	AMBIGUOUS	no_viral_domain_but_blast	0	0				0	
ERR364410_clean_NODE_390_length_2193_cov_26.884186	KEEP	PASS_VIRAL	KEEP	6	5	5.98e-292	970.2	0.709	589	FAM004987
ERR364411_clean_NODE_161_length_3140_cov_11.401610	REVIEW	AMBIGUOUS	short_fragment	0	0				0	
ERR364411_clean_NODE_401_length_2707_cov_17.777320	KEEP	PASS_VIRAL	KEEP	1	0	3.77e-54	183.7	0.256	671	FAM004987
ERR364411_clean_NODE_91_length_3397_cov_13.544616	REVIEW	AMBIGUOUS	no_viral_domain_but_blast	0	0				0	
ERR364412_clean_NODE_187_length_2361_cov_11.758813	REVIEW	AMBIGUOUS	no_viral_domain_but_blast	1	0	2.12e-04	20.1	0.345	599	FAM012647
ERR364412_clean_NODE_80_length_2706_cov_6.917634	KEEP	PASS_VIRAL	KEEP	0	0				0	
ERR364413_clean_NODE_88_length_3582_cov_42.643361	REVIEW	AMBIGUOUS	no_viral_domain_but_blast	0	0				0	
ERR364414_clean_NODE_1242_length_2228_cov_25.590515	DROP	AMBIGUOUS	DROP	0	0				0	
ERR364414_clean_NODE_1287_length_2213_cov_6.595500	DROP	AMBIGUOUS	DROP	0	0				0	
ERR364414_clean_NODE_227_length_2987_cov_14.102642	DROP	AMBIGUOUS	DROP	0	0				0	
ERR364414_clean_NODE_480_length_2674_cov_3.934066	REVIEW	AMBIGUOUS	short_fragment	11	0	3.51e-12	44.4	0.034	465	FAM008177
ERR364415_clean_NODE_1297_length_2963_cov_16.992123	DROP	AMBIGUOUS	DROP	0	0				0	
ERR364415_clean_NODE_1676_length_2746_cov_7.133185	KEEP	PASS_VIRAL	KEEP	20	0	3.66e-53	180.8	0.398	562	FAM004890
ERR364415_clean_NODE_1850_length_2657_cov_6.694338	DROP	AMBIGUOUS	DROP	2	1	2.99e-35	122.0	0.429	700	FAM012606
ERR364415_clean_NODE_2063_length_2557_cov_63.907717	DROP	REVIEW	DROP	5	0	1.68e-62	210.7	0.207	765	FAM007197
ERR364415_clean_NODE_3271_length_2171_cov_10.439850	DROP	AMBIGUOUS	DROP	1	0	6.15e-03	15.4	0.267	255	FAM012764
ERR364415_clean_NODE_679_length_3556_cov_18.167094	REVIEW	AMBIGUOUS	no_viral_domain_but_blast	0	0				0	
ERR364415_clean_NODE_71_length_5397_cov_254.906425	DROP	REVIEW	DROP	6	0	6.31e-78	261.8	0.181	1714	FAM007197
ERR364416_clean_NODE_108_length_4406_cov_10.017845	KEEP	PASS_VIRAL	KEEP	19	0	4.18e-07	29.7	0.378	542	FAM004782
ERR364416_clean_NODE_113_length_4374_cov_6.863563	KEEP	PASS_VIRAL	KEEP	42	0	7.41e-69	232.6	0.390	377	FAM004890
ERR364416_clean_NODE_1310_length_2548_cov_61.031437	DROP	AMBIGUOUS	DROP	0	0				0	
ERR364416_clean_NODE_1835_length_2301_cov_17.104148	REVIEW	PASS_VIRAL	short_fragment	0	0				0	
ERR364416_clean_NODE_1921_length_2258_cov_11.363023	DROP	AMBIGUOUS	DROP	0	0				0	
ERR364416_clean_NODE_209_length_3928_cov_27.354996	KEEP	PASS_VIRAL	KEEP	21	0	2.36e-53	181.4	0.403	761	FAM004890
ERR364416_clean_NODE_364_length_3491_cov_17.596644	REVIEW	AMBIGUOUS	no_viral_domain_but_blast	0	0				0	
ERR364416_clean_NODE_395_length_3446_cov_5.683084	KEEP	PASS_VIRAL	KEEP	19	0	7.08e-60	203.0	0.422	980	FAM004890
ERR364416_clean_NODE_437_length_3362_cov_15.489029	DROP	AMBIGUOUS	DROP	1	0	9.79e-15	53.7	0.365	767	FAM007966
ERR364417_clean_NODE_112_length_3234_cov_9.038450	DROP	AMBIGUOUS	DROP	4	0	1.13e-03	18.6	0.218	705	FAM001120
ERR364417_clean_NODE_1238_length_2064_cov_33.646624	DROP	AMBIGUOUS	DROP	0	0				0	
ERR364417_clean_NODE_1257_length_2055_cov_19.332673	DROP	AMBIGUOUS	DROP	0	0				0	
ERR364417_clean_NODE_1470_length_1960_cov_4.988571	DROP	AMBIGUOUS	DROP	0	0				0	
ERR364417_clean_NODE_592_length_2455_cov_10.995041	DROP	AMBIGUOUS	DROP	2	0	5.22e-14	52.1	0.214	579	FAM012606
ERR364417_clean_NODE_666_length_2395_cov_81.088136	DROP	AMBIGUOUS	DROP	0	0				0	
ERR364417_clean_NODE_771_length_2317_cov_22.122261	DROP	AMBIGUOUS	DROP	1	0	2.72e-05	23.2	0.159	445	FAM005026
ERR706796_clean_NODE_376_length_2973_cov_5.211604	DROP	REVIEW	DROP	4	3	2.54e-16	59.7	0.720	128	FAM001308
ERR706796_clean_NODE_7632_length_1092_cov_1.713060	KEEP	PASS_CORE	KEEP	0	0				0	
ERR706797_clean_NODE_10005_length_563_cov_1.653846	REVIEW	REVIEW	short_fragment	0	0				0	
ERR706797_clean_NODE_102_length_1837_cov_32.476031	KEEP	PASS_CORE	KEEP	3	2	1.46e-76	257.5	0.491	221	FAM002369
ERR706797_clean_NODE_1167_length_1167_cov_34.064947	KEEP	PASS_CORE	KEEP	9	2	7.58e-37	126.9	0.324	202	FAM025794
ERR706797_clean_NODE_609_length_1346_cov_3.557176	KEEP	PASS_VIRAL	KEEP	0	0				0	
ERR706798_clean_NODE_38_length_4424_cov_19.361790	DROP	AMBIGUOUS	DROP	2	1	1.21e-31	110.1	0.432	965	FAM012606
ERR706800_clean_NODE_454_length_2756_cov_22.686694	KEEP	PASS_VIRAL	KEEP	0	0				0	
ERR706802_clean_NODE_269_length_3280_cov_11.311091	DROP	AMBIGUOUS	DROP	0	0				0	
ERR706803_clean_NODE_639_length_2911_cov_9.369596	DROP	AMBIGUOUS	DROP	0	0				0	
ERR706804_clean_NODE_10206_length_969_cov_2.525918	REVIEW	REVIEW	short_fragment	16	0	6.60e-98	328.2	0.117	248	FAM000252
ERR706804_clean_NODE_14912_length_667_cov_14.097756	REVIEW	REVIEW	short_fragment	1	0	7.33e-05	22.6	0.410	72	FAM000251
ERR706804_clean_NODE_2874_length_1805_cov_7.355278	REVIEW	REVIEW	short_fragment	0	0				0	
ERR706804_clean_NODE_4_length_5490_cov_43.848724	DROP	AMBIGUOUS	DROP	1	0	9.33e-04	18.9	0.354	192	FAM018335
ERR706804_clean_NODE_9992_length_986_cov_7.331919	REVIEW	REVIEW	no_viral_domain_but_blast	4	0	1.96e-65	220.8	0.496	177	FAM014886
ERR706806_clean_NODE_10447_length_985_cov_2.389597	DROP	REVIEW	DROP	17	0	8.40e-53	179.4	0.328	213	FAM000134
ERR706809_clean_NODE_1038_length_2690_cov_18.009067	REVIEW	AMBIGUOUS	no_viral_domain_but_blast	1	1	3.02e-174	580.2	0.878	544	FAM021041
ERR706809_clean_NODE_257_length_3679_cov_113.325358	DROP	AMBIGUOUS	DROP	2	1	4.87e-18	64.9	0.637	224	FAM012802
ERR706811_clean_NODE_22_length_3142_cov_60.566634	DROP	AMBIGUOUS	DROP	3	1	3.44e-40	137.6	0.648	437	FAM020762
ERR706812_clean_NODE_415_length_3302_cov_6.593740	DROP	AMBIGUOUS	DROP	0	0				0	
ERR706812_clean_NODE_8951_length_1122_cov_5.196478	REVIEW	AMBIGUOUS	short_fragment	11	2	7.36e-38	129.5	0.071	107	FAM003310
ERR706813_clean_NODE_210_length_3457_cov_5.801113	KEEP	PASS_CORE	KEEP	4	3	7.42e-15	54.9	0.720	128	FAM001308
ERR706813_clean_NODE_6_length_5888_cov_106.437468	DROP	AMBIGUOUS	DROP	2	1	3.16e-15	55.9	0.626	227	FAM012802
ERR706814_clean_NODE_1116_length_2525_cov_5.302579	REVIEW	AMBIGUOUS	short_fragment	9	0	1.35e-17	60.6	0.028	569	FAM001712
ERR706814_clean_NODE_12_length_5316_cov_26.014223	KEEP	PASS_VIRAL	KEEP	7	0	4.07e-27	94.9	0.382	1438	FAM012657
ERR706814_clean_NODE_133_length_3817_cov_15.001855	DROP	REVIEW	DROP	0	0				0	
ERR706814_clean_NODE_1390_length_2391_cov_7.806218	DROP	AMBIGUOUS	DROP	0	0				0	
ERR706814_clean_NODE_1471_length_2356_cov_1299.852572	REVIEW	AMBIGUOUS	no_viral_domain_but_blast	11	7	8.21e-172	572.1	0.859	438	FAM003547
ERR706814_clean_NODE_1700_length_2273_cov_48.617489	DROP	AMBIGUOUS	DROP	4	1	1.49e-31	109.2	0.555	406	FAM020762
ERR706814_clean_NODE_17410_length_759_cov_23.262570	REVIEW	REVIEW	short_fragment	0	0				0	
ERR706814_clean_NODE_215_length_3533_cov_253.504585	REVIEW	AMBIGUOUS	no_viral_domain_but_blast	0	0				0	
ERR706814_clean_NODE_2662_length_1996_cov_818.737839	REVIEW	REVIEW	no_viral_domain_but_blast	31	15	8.26e-209	694.6	0.876	526	FAM001725
ERR706814_clean_NODE_2960_length_1933_cov_3.335450	REVIEW	REVIEW	short_fragment	12	6	5.75e-61	206.4	0.847	527	FAM014960
ERR706814_clean_NODE_298_length_3343_cov_311.645455	DROP	AMBIGUOUS	DROP	0	0				0	
ERR706814_clean_NODE_3129_length_1893_cov_1831.803243	REVIEW	REVIEW	no_viral_domain_but_blast	26	11	1.43e-193	644.3	0.887	509	FAM001725
ERR706814_clean_NODE_462_length_3087_cov_10.106767	DROP	AMBIGUOUS	DROP	0	0				0	
ERR706814_clean_NODE_475_length_3068_cov_376.409917	REVIEW	REVIEW	no_viral_domain_but_blast	11	4	6.36e-196	651.6	0.880	430	FAM001737
ERR706814_clean_NODE_4829_length_1624_cov_3.736243	REVIEW	REVIEW	no_viral_domain_but_blast	26	1	9.78e-33	112.8	0.062	73	FAM003304
ERR706815_clean_NODE_2916_length_1517_cov_3.557666	REVIEW	REVIEW	short_fragment	8	1	4.57e-19	68.1	0.479	356	FAM007484
ERR706816_clean_NODE_2825_length_1843_cov_7.316111	DROP	REVIEW	DROP	12	0	2.41e-38	130.7	0.069	159	FAM000252
ERR706816_clean_NODE_2864_length_1834_cov_12.145729	KEEP	PASS_CORE	KEEP	0	0				0	
ERR706818_clean_NODE_169_length_3615_cov_50.627940	DROP	AMBIGUOUS	DROP	4	0	1.79e-09	36.3	0.117	522	FAM022056
ERR706818_clean_NODE_4327_length_1605_cov_3.183099	REVIEW	REVIEW	no_viral_domain_but_blast	5	4	1.74e-96	322.9	0.783	314	FAM014886
ERR706819_clean_NODE_1358_length_2533_cov_51.460241	DROP	AMBIGUOUS	DROP	0	0				0	
ERR706819_clean_NODE_193_length_3944_cov_13.776211	DROP	AMBIGUOUS	DROP	0	0				0	
ERR706819_clean_NODE_2536_length_2103_cov_59.047573	DROP	AMBIGUOUS	DROP	0	0				0	
ERR706819_clean_NODE_45_length_5036_cov_60.559183	DROP	REVIEW	DROP	1	0	1.39e-03	17.7	0.450	910	FAM002894
ERR706820_clean_NODE_1259_length_2412_cov_20.191220	REVIEW	REVIEW	short_fragment	0	0				0	
ERR706821_clean_NODE_1031_length_2823_cov_6.756475	REVIEW	AMBIGUOUS	short_fragment	8	0	3.27e-16	56.0	0.029	580	FAM001712
ERR706821_clean_NODE_1326_length_2637_cov_6.836931	KEEP	PASS_VIRAL	KEEP	4	0	3.01e-12	45.3	0.065	770	FAM013464
ERR706821_clean_NODE_13_length_7174_cov_49.929463	KEEP	PASS_VIRAL	KEEP	6	2	1.57e-67	228.1	0.250	2119	FAM013464
ERR706821_clean_NODE_1817_length_2401_cov_30.669635	DROP	REVIEW	DROP	0	0				0	
ERR706821_clean_NODE_2086_length_2305_cov_18.553935	REVIEW	AMBIGUOUS	short_fragment	7	0	1.29e-13	47.4	0.071	562	FAM001712
ERR706821_clean_NODE_232_length_3974_cov_26.097176	DROP	AMBIGUOUS	DROP	0	0				0	
ERR706821_clean_NODE_2501_length_2179_cov_3.818352	KEEP	PASS_CORE	KEEP	36	3	4.23e-95	318.9	0.080	147	FAM000252
ERR706821_clean_NODE_2526_length_2170_cov_13.933239	DROP	AMBIGUOUS	DROP	3	2	3.50e-56	190.1	0.866	508	FAM020762
ERR706821_clean_NODE_28789_length_512_cov_1.153518	REVIEW	REVIEW	short_fragment	0	0				0	
ERR706821_clean_NODE_411_length_3542_cov_76.371821	DROP	REVIEW	DROP	4	0	1.59e-05	23.9	0.148	893	FAM001818
ERR706821_clean_NODE_5186_length_1663_cov_12.718519	DROP	REVIEW	DROP	10	3	2.46e-33	115.1	0.586	409	FAM007484
ERR706821_clean_NODE_5351_length_1645_cov_2.576155	KEEP	PASS_CORE	KEEP	10	0	1.29e-49	168.7	0.208	284	FAM003304
ERR706821_clean_NODE_647_length_3176_cov_3.806256	KEEP	PASS_CORE	KEEP	17	5	3.14e-64	216.5	0.147	312	FAM000252
ERR706821_clean_NODE_688_length_3128_cov_9.222690	REVIEW	AMBIGUOUS	no_viral_domain_but_blast	0	0				0	
ERR706821_clean_NODE_99_length_4805_cov_59.566359	KEEP	PASS_VIRAL	KEEP	8	0	4.15e-31	108.1	0.165	1434	FAM012657
ERR706822_clean_NODE_2034_length_2060_cov_15.691125	DROP	REVIEW	DROP	0	0				0	
ERR706824_clean_NODE_1040_length_2723_cov_8.124627	DROP	AMBIGUOUS	DROP	0	0				0	
ERR706824_clean_NODE_1142_length_2662_cov_174.731959	DROP	AMBIGUOUS	DROP	0	0				0	
ERR706824_clean_NODE_1236_length_2611_cov_7.305296	DROP	AMBIGUOUS	DROP	1	0	2.74e-10	39.0	0.420	675	FAM007966
ERR706824_clean_NODE_152_length_4202_cov_11.894205	KEEP	PASS_VIRAL	KEEP	18	0	1.70e-50	172.0	0.405	1179	FAM004890
ERR706824_clean_NODE_872_length_2866_cov_16.343606	KEEP	PASS_VIRAL	KEEP	41	18	1.01e-39	135.7	0.152	765	FAM008177
ERR706825_clean_NODE_14265_length_578_cov_2.375701	REVIEW	REVIEW	short_fragment	0	0				0	
ERR706826_clean_NODE_371_length_3341_cov_13.508187	REVIEW	AMBIGUOUS	no_viral_domain_but_blast	0	0				0	
ERR706826_clean_NODE_499_length_3133_cov_15.745631	REVIEW	AMBIGUOUS	short_fragment	4	1	4.54e-27	93.7	0.138	350	FAM003310
ERR706827_clean_NODE_21_length_1064_cov_4.937804	KEEP	PASS_CORE_FAM	KEEP	61	1	2.90e-84	282.9	0.469	287	FAM003544
ERR706828_clean_NODE_12_length_3200_cov_12.697814	KEEP	PASS_CORE_FAM	KEEP	74	13	4.71e-140	468.1	0.217	480	FAM001326
ERR706828_clean_NODE_13_length_3171_cov_60.091432	REVIEW	AMBIGUOUS	short_fragment	0	0				0	
ERR706828_clean_NODE_14_length_3114_cov_19.449365	REVIEW	AMBIGUOUS	no_viral_domain_but_blast	15	0	7.71e-14	50.2	0.041	52	FAM003304
ERR706828_clean_NODE_17752_length_501_cov_1.816594	REVIEW	REVIEW	short_fragment	0	0				0	
ERR706828_clean_NODE_34_length_2609_cov_216.492595	REVIEW	REVIEW	no_viral_domain_but_blast	24	11	3.56e-315	1046.4	0.993	744	FAM002056
ERR706828_clean_NODE_4_length_4348_cov_8.612544	KEEP	PASS_VIRAL	KEEP	11	0	6.65e-07	28.0	0.428	1224	FAM007350
ERR706828_clean_NODE_668_length_1584_cov_22.279040	DROP	REVIEW	DROP	3	3	4.13e-118	394.8	0.851	372	FAM002990
ERR706828_clean_NODE_737_length_1556_cov_19.388632	KEEP	PASS_CORE_FAM	KEEP	88	20	1.17e-196	653.4	0.877	421	FAM002989
ERR706828_clean_NODE_74_length_2294_cov_1150.892048	REVIEW	REVIEW	no_viral_domain_but_blast	7	6	7.36e-269	893.3	0.910	614	FAM003546
ERR706829_clean_NODE_1181_length_1299_cov_10.473726	DROP	REVIEW	DROP	0	0				0	
ERR706829_clean_NODE_503_length_1535_cov_18.428954	REVIEW	REVIEW	short_fragment	6	4	2.23e-24	85.7	0.602	358	FAM003024
ERR706829_clean_NODE_674_length_1456_cov_22.968153	REVIEW	REVIEW	short_fragment	0	0				0	
ERR706829_clean_NODE_743_length_1425_cov_38.442836	REVIEW	REVIEW	short_fragment	0	0				0	
ERR706829_clean_NODE_93_length_2099_cov_24.841440	REVIEW	REVIEW	short_fragment	0	0				0	
ERR706830_clean_NODE_523_length_2963_cov_5.407192	REVIEW	AMBIGUOUS	short_fragment	0	0				0	
ERR706831_clean_NODE_2205_length_2069_cov_13.559230	DROP	AMBIGUOUS	DROP	0	0				0	
ERR706835_clean_NODE_670_length_2887_cov_9.714135	KEEP	PASS_VIRAL	KEEP	39	17	5.30e-40	136.6	0.153	760	FAM008177
ERR706837_clean_NODE_194_length_1897_cov_34.272923	REVIEW	AMBIGUOUS	short_fragment	4	3	7.03e-31	107.2	0.700	465	FAM019186
ERR706837_clean_NODE_7695_length_749_cov_1.881020	KEEP	PASS_CORE	KEEP	0	0				0	
ERR706838_clean_NODE_1678_length_2097_cov_15.541870	REVIEW	AMBIGUOUS	short_fragment	9	0	1.29e-17	60.7	0.039	528	FAM001712
ERR706838_clean_NODE_17105_length_796_cov_3.066401	KEEP	PASS_CORE	KEEP	0	0				0	
ERR706838_clean_NODE_205_length_3382_cov_9.743336	KEEP	PASS_VIRAL	KEEP	26	0	6.82e-58	196.1	0.358	868	FAM012716
ERR706838_clean_NODE_263_length_3197_cov_18.521877	REVIEW	AMBIGUOUS	no_viral_domain_but_blast	0	0				0	
ERR706838_clean_NODE_277_length_3152_cov_8.500804	KEEP	PASS_VIRAL	KEEP	3	0	5.47e-13	47.8	0.066	802	FAM013464
ERR706838_clean_NODE_28231_length_556_cov_2.198830	REVIEW	REVIEW	short_fragment	0	0				0	
ERR706838_clean_NODE_29672_length_534_cov_2.010183	REVIEW	REVIEW	short_fragment	0	0				0	
ERR706838_clean_NODE_96_length_3848_cov_13.937714	DROP	AMBIGUOUS	DROP	0	0				0	
ERR706839_clean_NODE_233_length_3428_cov_18.374594	DROP	AMBIGUOUS	DROP	0	0				0	
ERR706839_clean_NODE_948_length_2501_cov_16.936127	DROP	AMBIGUOUS	DROP	1	0	2.45e-03	15.5	0.067	269	FAM012805
ERR706840_clean_NODE_641_length_2421_cov_10.681665	DROP	REVIEW	DROP	0	0				0	
ERR706840_clean_NODE_68_length_3587_cov_19.708521	REVIEW	AMBIGUOUS	no_viral_domain_but_blast	1	0	5.87e-04	17.6	0.137	916	FAM001967
ERR706841_clean_NODE_1162_length_2306_cov_67.508617	KEEP	PASS_VIRAL	KEEP	5	5	1.90e-245	816.4	0.694	542	FAM004987
ERR706841_clean_NODE_141_length_3422_cov_3.522048	REVIEW	AMBIGUOUS	short_fragment	23	2	8.61e-79	265.1	0.123	183	FAM003310
ERR706841_clean_NODE_21638_length_610_cov_2.253968	KEEP	PASS_CORE	KEEP	3	0	6.96e-05	21.0	0.030	20	FAM000970
ERR706841_clean_NODE_336_length_2960_cov_5.216661	KEEP	PASS_VIRAL	KEEP	23	7	2.10e-32	111.5	0.142	729	FAM008177
ERR706842_clean_NODE_27_length_5394_cov_11.426836	DROP	AMBIGUOUS	DROP	0	0				0	
ERR706843_clean_NODE_1500_length_1481_cov_161.936022	KEEP	PASS_CORE	KEEP	17	0	7.69e-24	83.9	0.264	88	FAM000130
ERR706843_clean_NODE_18636_length_546_cov_28.689861	KEEP	PASS_CORE	KEEP	0	0				0	
ERR706843_clean_NODE_2123_length_1374_cov_11.444778	KEEP	PASS_CORE	KEEP	34	1	1.73e-39	135.4	0.146	96	FAM000134
ERR706845_clean_NODE_127_length_2982_cov_13.370874	DROP	REVIEW	DROP	0	0				0	
ERR706845_clean_NODE_200_length_2770_cov_17.792813	KEEP	PASS_VIRAL	KEEP	25	3	3.20e-60	203.5	0.896	651	FAM012474
ERR706845_clean_NODE_7055_length_1079_cov_5.072394	REVIEW	REVIEW	short_fragment	10	2	2.63e-26	92.1	0.345	243	FAM006294
ERR706845_clean_NODE_96_length_3117_cov_57.382563	DROP	AMBIGUOUS	DROP	3	2	1.39e-55	188.2	0.850	502	FAM020762
ERR706846_clean_NODE_1024_length_2962_cov_4.885890	KEEP	PASS_VIRAL	KEEP	8	0	2.03e-16	56.7	0.029	587	FAM001712
ERR706846_clean_NODE_1092_length_2906_cov_14.909788	REVIEW	AMBIGUOUS	no_viral_domain_but_blast	0	0				0	
ERR706846_clean_NODE_22_length_7151_cov_42.517847	KEEP	PASS_VIRAL	KEEP	6	2	1.15e-67	228.6	0.205	2115	FAM013464
ERR706846_clean_NODE_2526_length_2225_cov_42.194064	DROP	AMBIGUOUS	DROP	6	0	2.20e-10	39.3	0.111	519	FAM022056
ERR706846_clean_NODE_5201_length_1695_cov_7.649398	DROP	AMBIGUOUS	DROP	3	2	4.22e-136	453.7	0.949	463	FAM021437
ERR706846_clean_NODE_575_length_3461_cov_14.979568	KEEP	PASS_VIRAL	KEEP	8	1	4.38e-163	544.2	0.637	915	FAM013464
ERR706846_clean_NODE_637_length_3369_cov_24.448110	REVIEW	AMBIGUOUS	no_viral_domain_but_blast	0	0				0	
ERR706846_clean_NODE_680_length_3308_cov_6.395661	KEEP	PASS_VIRAL	KEEP	3	0	9.29e-13	47.0	0.065	798	FAM013464
ERR706846_clean_NODE_737_length_3227_cov_20.048872	DROP	AMBIGUOUS	DROP	8	1	1.61e-23	82.8	0.553	877	FAM012845
ERR706848_clean_NODE_3970_length_1847_cov_17.804878	DROP	AMBIGUOUS	DROP	2	1	3.63e-12	45.2	0.618	391	FAM012636
ERR706848_clean_NODE_658_length_2954_cov_7.725867	KEEP	PASS_VIRAL	KEEP	4	0	3.26e-12	45.2	0.065	732	FAM013464
ERR706848_clean_NODE_879_length_2792_cov_10.590033	DROP	AMBIGUOUS	DROP	0	0				0	
ERR706848_clean_NODE_95_length_4103_cov_48.548768	KEEP	PASS_VIRAL	KEEP	21	1	7.29e-56	189.7	0.429	769	FAM004890
ERR706849_clean_NODE_204_length_3740_cov_8.169867	DROP	REVIEW	DROP	24	0	5.06e-41	139.4	0.427	1175	FAM008900
ERR706849_clean_NODE_346_length_3386_cov_20.942567	REVIEW	AMBIGUOUS	no_viral_domain_but_blast	0	0				0	
ERR706850_clean_NODE_16650_length_507_cov_2.081897	REVIEW	REVIEW	short_fragment	0	0				0	
ERR706850_clean_NODE_495_length_2720_cov_13.958162	REVIEW	PASS_VIRAL	short_fragment	38	14	2.54e-40	137.7	0.153	726	FAM008177
ERR706850_clean_NODE_53_length_4240_cov_14.431737	DROP	AMBIGUOUS	DROP	0	0				0	
ERR706851_clean_NODE_11889_length_729_cov_5.874636	KEEP	PASS_CORE	KEEP	15	0	1.93e-53	181.1	0.298	143	FAM002989
ERR706851_clean_NODE_2152_length_1405_cov_8.537445	REVIEW	REVIEW	no_viral_domain_but_blast	3	3	3.24e-167	556.2	0.854	369	FAM006903
ERR706852_clean_NODE_1006_length_2381_cov_14.027280	KEEP	PASS_VIRAL	KEEP	0	0				0	
ERR706852_clean_NODE_1280_length_2240_cov_5.389116	DROP	AMBIGUOUS	DROP	0	0				0	
ERR706852_clean_NODE_2215_length_1929_cov_5.796727	REVIEW	PASS_VIRAL	short_fragment	0	0				0	
ERR706852_clean_NODE_310_length_3064_cov_67.143282	DROP	AMBIGUOUS	DROP	0	0				0	
ERR706852_clean_NODE_326_length_3039_cov_13.881824	KEEP	PASS_VIRAL	KEEP	39	2	3.91e-20	70.8	0.107	714	FAM008177
ERR706852_clean_NODE_578_length_2709_cov_15.698205	KEEP	PASS_VIRAL	KEEP	14	0	1.94e-08	33.3	0.317	770	FAM012430
ERR706853_clean_NODE_2_length_2344_cov_8.205717	REVIEW	REVIEW	no_viral_domain_but_blast	23	11	1.25e-301	1001.6	0.914	686	FAM002056
ERR706854_clean_NODE_614_length_2833_cov_8.627240	KEEP	PASS_VIRAL	KEEP	5	2	8.91e-97	324.7	0.409	773	FAM004987
ERR706857_clean_NODE_217_length_2876_cov_8.299329	KEEP	PASS_VIRAL	KEEP	39	16	2.50e-40	137.7	0.153	760	FAM008177
ERR706861_clean_NODE_277_length_3203_cov_107.151899	KEEP	PASS_VIRAL	KEEP	49	7	2.13e-37	128.6	0.431	458	FAM012364
ERR706863_clean_NODE_27_length_4643_cov_21.107174	REVIEW	AMBIGUOUS	no_viral_domain_but_blast	1	0	1.17e-03	18.1	0.326	313	FAM015117
ERR706863_clean_NODE_2_length_6917_cov_22.504655	DROP	AMBIGUOUS	DROP	7	0	1.54e-137	459.3	0.169	1626	FAM003307
ERR706864_clean_NODE_1951_length_2062_cov_30.932640	DROP	AMBIGUOUS	DROP	0	0				0	
ERR706864_clean_NODE_221_length_3483_cov_10.446802	KEEP	PASS_VIRAL	KEEP	9	1	5.94e-162	540.4	0.642	928	FAM013464
ERR706865_clean_NODE_1241_length_2583_cov_6.345276	DROP	AMBIGUOUS	DROP	12	1	7.74e-28	97.2	0.176	453	FAM007630
ERR706865_clean_NODE_1494_length_2453_cov_48.781743	REVIEW	AMBIGUOUS	short_fragment	9	0	3.24e-10	36.1	0.025	199	FAM003565
ERR706865_clean_NODE_152_length_4088_cov_3.652410	REVIEW	REVIEW	no_viral_domain_but_blast	10	0	2.51e-18	65.1	0.054	63	FAM003304
ERR706865_clean_NODE_19188_length_817_cov_4.045220	REVIEW	REVIEW	short_fragment	1	0	3.87e-03	15.2	0.019	14	FAM000970
ERR706865_clean_NODE_20044_length_792_cov_7.942590	REVIEW	REVIEW	short_fragment	2	0	1.08e-08	33.2	0.039	162	FAM003304
ERR706865_clean_NODE_2429_length_2132_cov_74.344184	DROP	AMBIGUOUS	DROP	0	0				0	
ERR706865_clean_NODE_2562_length_2100_cov_9.775401	DROP	REVIEW	DROP	0	0				0	
ERR706865_clean_NODE_2634_length_2078_cov_8.608354	REVIEW	AMBIGUOUS	no_viral_domain_but_blast	0	0				0	
ERR706865_clean_NODE_296_length_3590_cov_11.956301	REVIEW	AMBIGUOUS	no_viral_domain_but_blast	0	0				0	
ERR706865_clean_NODE_777_length_2894_cov_18.914767	KEEP	PASS_VIRAL	KEEP	3	0	5.83e-11	41.0	0.228	566	FAM019894
ERR706865_clean_NODE_783_length_2891_cov_31.692767	DROP	AMBIGUOUS	DROP	0	0				0	
ERR706865_clean_NODE_943_length_2764_cov_19.450570	DROP	AMBIGUOUS	DROP	0	0				0	
ERR706865_clean_NODE_9655_length_1245_cov_1.779534	REVIEW	REVIEW	short_fragment	3	0	2.35e-10	38.3	0.025	55	FAM023340
MF325033.1	REVIEW	REVIEW	no_viral_domain_but_blast	38	4	1.31e-315	1049.4	0.577	610	FAM003378
MH898467.1	KEEP	PASS_CORE	KEEP	50	22	0.00e+00	2387.5	0.947	1981	FAM000252
MH898481.1	KEEP	PASS_CORE	KEEP	115	34	0.00e+00	4465.6	0.633	3109	FAM000291
MN059332.1	KEEP	PASS_CORE	KEEP	71	28	0.00e+00	1843.3	0.940	1481	FAM000088
MN527469.1	KEEP	PASS_CORE	KEEP	88	17	0.00e+00	1482.1	0.948	1025	FAM000137
MN527470.1	KEEP	PASS_VIRAL	KEEP	76	12	1.28e-301	1002.4	0.895	724	FAM001294
MN814306.1	KEEP	PASS_CORE	KEEP	217	58	0.00e+00	6493.8	0.398	3008	FAM006908
MT040193.1	KEEP	PASS_CORE	KEEP	39	12	0.00e+00	3009.5	0.775	4713	FAM007526
NC_001616.1	KEEP	PASS_CORE	KEEP	139	35	0.00e+00	4733.9	0.637	2976	FAM000291
NC_003398.1	KEEP	PASS_CORE	KEEP	120	35	0.00e+00	4650.4	0.630	3003	FAM000291
NC_003624.1	KEEP	PASS_VIRAL	KEEP	7	6	2.94e-192	639.2	0.851	389	FAM001220
NC_003805.1	KEEP	PASS_CORE	KEEP	167	38	0.00e+00	2486.1	0.660	1127	FAM000091
NC_003820.1	KEEP	PASS_CORE	KEEP	61	22	0.00e+00	1887.7	0.629	1234	FAM000088
NC_003842.1	KEEP	PASS_VIRAL	KEEP	75	13	7.67e-319	1059.3	0.875	740	FAM001294
NC_003844.1	KEEP	PASS_CORE	KEEP	89	15	0.00e+00	1532.4	0.948	1034	FAM000137
NC_004756.1	KEEP	PASS_CORE	KEEP	44	15	3.52e-185	617.4	0.348	365	FAM000127
NC_005138.1	KEEP	PASS_CORE	KEEP	112	34	0.00e+00	2191.2	0.934	1888	FAM000080
NC_005210.2	KEEP	PASS_CORE	KEEP	40	28	4.77e-204	678.3	0.882	457	FAM000120
NC_005288.1	KEEP	PASS_CORE	KEEP	126	36	0.00e+00	4711.4	0.633	3035	FAM000291
NC_009608.1	REVIEW	REVIEW	no_viral_domain_but_blast	19	11	9.46e-243	805.9	0.900	492	FAM001622
NC_009609.1	KEEP	PASS_CORE	KEEP	78	40	0.00e+00	3385.8	0.686	1804	FAM001692
NC_011556.1	REVIEW	REVIEW	no_viral_domain_but_blast	27	9	2.60e-203	676.5	0.906	556	FAM001725
NC_011557.1	REVIEW	REVIEW	no_viral_domain_but_blast	12	5	3.12e-229	761.4	0.871	429	FAM003548
NC_011558.1	KEEP	PASS_CORE	KEEP	77	44	0.00e+00	2850.2	0.974	1980	FAM012222
NC_011568.1	REVIEW	REVIEW	no_viral_domain_but_blast	12	5	3.23e-195	646.7	0.973	330	FAM010181
NC_011620.1	KEEP	PASS_CORE	KEEP	55	20	0.00e+00	1818.6	0.919	1365	FAM000088
NC_012910.1	KEEP	PASS_CORE	KEEP	39	21	2.57e-230	765.0	0.882	457	FAM000120
NC_013134.1	KEEP	PASS_CORE	KEEP	6	1	2.76e-29	101.9	0.609	238	FAM001717
NC_024458.1	KEEP	PASS_CORE	KEEP	73	30	0.00e+00	1910.7	0.944	1497	FAM000088
NC_043109.1	KEEP	PASS_CORE	KEEP	37	10	0.00e+00	3962.5	0.396	4599	FAM007526
NC_055601.1	KEEP	PASS_CORE	KEEP	122	36	0.00e+00	4525.9	0.652	3012	FAM000291
NC_076971.1	KEEP	PASS_CORE	KEEP	109	56	0.00e+00	2708.5	0.991	2041	FAM002238
NC_076972.1	KEEP	PASS_CORE	KEEP	91	58	0.00e+00	2581.4	0.733	1963	FAM001692
NC_077165.1	KEEP	PASS_CORE	KEEP	43	19	0.00e+00	2499.1	0.891	1798	FAM000252
NC_077695.1	REVIEW	REVIEW	no_viral_domain_but_blast	7	7	1.12e-276	919.1	0.911	612	FAM003546
NC_077696.1	REVIEW	REVIEW	no_viral_domain_but_blast	19	7	6.80e-289	959.5	0.915	685	FAM002056
NC_078672.1	KEEP	PASS_CORE	KEEP	91	16	0.00e+00	1392.1	0.937	888	FAM001290
OL472190.1	KEEP	PASS_VIRAL	KEEP	436	67	0.00e+00	3449.8	0.968	1734	FAM005689
OR248789.1	REVIEW	REVIEW	no_viral_domain_but_blast	5	5	4.92e-115	383.6	0.816	284	FAM009566
OR248790.1	REVIEW	AMBIGUOUS	no_viral_domain_but_blast	4	4	4.53e-124	413.6	0.797	312	FAM014886
OR346818.1	KEEP	PASS_CORE_FAM	KEEP	105	36	0.00e+00	1606.2	0.941	1716	FAM000080
OR553238.1	KEEP	PASS_CORE_FAM	KEEP	67	21	5.50e-172	572.3	0.878	503	FAM003544
OR707130.1	KEEP	PASS_VIRAL	KEEP	299	66	0.00e+00	1280.8	0.462	2830	FAM006461
OX380383.1	KEEP	PASS_CORE	KEEP	276	43	0.00e+00	2634.1	0.967	2003	FAM000136
OX380465.1	KEEP	PASS_CORE	KEEP	263	42	0.00e+00	2760.7	0.968	2040	FAM000136
OX380481.1	KEEP	PASS_CORE	KEEP	265	45	0.00e+00	2736.1	0.968	2031	FAM000136
PQ156977.1	KEEP	PASS_CORE	KEEP	86	28	0.00e+00	1408.0	0.546	1463	FAM000080
PQ184858.1	KEEP	PASS_CORE	KEEP	81	29	0.00e+00	1396.9	0.545	1470	FAM000080
PQ682516.1	KEEP	PASS_CORE	KEEP	15	8	5.84e-64	215.4	0.576	140	FAM004550
PV083582.1	KEEP	PASS_CORE	KEEP	117	32	0.00e+00	4653.4	0.533	3047	FAM000291
PV177267.1	KEEP	PASS_CORE	KEEP	56	22	0.00e+00	2285.9	0.927	1939	FAM000252
PV805050.1	KEEP	PASS_CORE	KEEP	113	35	0.00e+00	2228.6	0.934	1920	FAM000080
contig_10082	KEEP	PASS_VIRAL	KEEP	4	0	2.89e-33	114.9	0.414	300	FAM004866
contig_10167	DROP	AMBIGUOUS	DROP	0	0				0	
contig_10255	DROP	AMBIGUOUS	DROP	3	1	2.74e-06	26.7	0.390	119	FAM022898
contig_10432	REVIEW	AMBIGUOUS	no_viral_domain_but_blast	0	0				0	
contig_10533	DROP	AMBIGUOUS	DROP	0	0				0	
contig_10727	DROP	AMBIGUOUS	DROP	5	0	1.77e-08	33.0	0.113	500	FAM022056
contig_10814	KEEP	PASS_VIRAL	KEEP	30	1	8.40e-15	54.1	0.116	100	FAM004890
contig_10979	KEEP	PASS_VIRAL	KEEP	43	11	2.26e-125	419.6	0.324	680	FAM003304
contig_11110	KEEP	PASS_VIRAL	KEEP	7	0	1.97e-20	72.8	0.194	577	FAM012657
contig_11334	DROP	AMBIGUOUS	DROP	0	0				0	
contig_1145	KEEP	PASS_VIRAL	KEEP	38	9	1.11e-37	128.9	0.152	596	FAM008177
contig_11472	REVIEW	AMBIGUOUS	no_viral_domain_but_blast	0	0				0	
contig_1156	KEEP	PASS_VIRAL	KEEP	23	0	7.21e-36	123.7	0.315	267	FAM004890
contig_11575	REVIEW	AMBIGUOUS	no_viral_domain_but_blast	1	1	6.07e-172	572.6	0.859	529	FAM021041
contig_11598	KEEP	PASS_VIRAL	KEEP	8	0	7.80e-81	272.1	0.381	398	FAM013464
contig_11751	REVIEW	AMBIGUOUS	no_viral_domain_but_blast	0	0				0	
contig_11768	KEEP	PASS_VIRAL	KEEP	3	1	5.20e-41	140.3	0.189	158	FAM004987
contig_11795	REVIEW	AMBIGUOUS	short_fragment	0	0				0	
contig_11815	REVIEW	PASS_VIRAL	short_fragment	2	0	1.20e-04	17.6	0.010	406	FAM001712
contig_11999	REVIEW	AMBIGUOUS	no_viral_domain_but_blast	0	0				0	
contig_12328	KEEP	PASS_VIRAL	KEEP	3	0	1.81e-21	75.8	0.251	105	FAM011052
contig_1244	REVIEW	PASS_VIRAL	short_fragment	10	0	1.24e-09	35.1	0.015	165	FAM005805
contig_12594	DROP	AMBIGUOUS	DROP	0	0				0	
contig_12616	REVIEW	AMBIGUOUS	short_fragment	3	0	8.17e-09	34.0	0.066	306	FAM013464
contig_13048	REVIEW	AMBIGUOUS	short_fragment	0	0				0	
contig_13217	KEEP	PASS_VIRAL	KEEP	21	0	9.03e-19	67.3	0.382	561	FAM012657
contig_13220	KEEP	PASS_VIRAL	KEEP	14	1	3.93e-32	110.6	0.293	620	FAM004770
contig_13262	DROP	REVIEW	DROP	0	0				0	
contig_13340	DROP	AMBIGUOUS	DROP	0	0				0	
contig_13348	REVIEW	AMBIGUOUS	short_fragment	6	0	3.03e-08	29.6	0.029	380	FAM001712
contig_13682	KEEP	PASS_VIRAL	KEEP	1	0	1.12e-05	24.1	0.096	803	FAM012657
contig_13742	REVIEW	AMBIGUOUS	no_viral_domain_but_blast	0	0				0	
contig_13749	DROP	AMBIGUOUS	DROP	0	0				0	
contig_13766	DROP	AMBIGUOUS	DROP	0	0				0	
contig_1377	KEEP	PASS_VIRAL	KEEP	0	0				0	
contig_13956	KEEP	PASS_VIRAL	KEEP	13	4	3.29e-18	64.4	0.132	496	FAM008177
contig_14264	REVIEW	AMBIGUOUS	short_fragment	0	0				0	
contig_14266	DROP	AMBIGUOUS	DROP	1	0	1.65e-11	43.0	0.436	672	FAM007966
contig_14478	KEEP	PASS_VIRAL	KEEP	1	0	3.31e-06	24.6	0.030	63	FAM008177
contig_14501	DROP	AMBIGUOUS	DROP	0	0				0	
contig_14510	DROP	REVIEW	DROP	0	0				0	
contig_14544	DROP	AMBIGUOUS	DROP	12	0	2.13e-09	36.6	0.105	642	FAM017957
contig_14675	DROP	AMBIGUOUS	DROP	0	0				0	
contig_14971	DROP	REVIEW	DROP	0	0				0	
contig_15004	DROP	REVIEW	DROP	0	0				0	
contig_15160	KEEP	PASS_VIRAL	KEEP	36	0	1.14e-10	40.5	0.056	40	FAM004890
contig_15263	REVIEW	AMBIGUOUS	no_viral_domain_but_blast	0	0				0	
contig_1532	KEEP	PASS_VIRAL	KEEP	0	0				0	
contig_15498	KEEP	PASS_VIRAL	KEEP	6	0	3.73e-34	118.0	0.289	256	FAM004890
contig_15571	DROP	AMBIGUOUS	DROP	0	0				0	
contig_1571	REVIEW	AMBIGUOUS	no_viral_domain_but_blast	0	0				0	
contig_15913	DROP	AMBIGUOUS	DROP	2	2	1.16e-114	383.0	0.752	368	FAM021437
contig_15982	KEEP	PASS_VIRAL	KEEP	4	0	4.79e-10	38.2	0.173	79	FAM011052
contig_16067	REVIEW	REVIEW	short_fragment	0	0				0	
contig_16158	DROP	REVIEW	DROP	0	0				0	
contig_16195	KEEP	PASS_VIRAL	KEEP	10	0	7.38e-39	133.6	0.284	198	FAM004890
contig_1620	KEEP	PASS_VIRAL	KEEP	29	8	4.69e-40	136.8	0.158	484	FAM008177
contig_16378	DROP	AMBIGUOUS	DROP	3	1	3.96e-14	51.6	0.615	370	FAM004846
contig_16663	REVIEW	AMBIGUOUS	no_viral_domain_but_blast	0	0				0	
contig_16810	KEEP	PASS_VIRAL	KEEP	23	0	9.95e-43	146.3	0.263	173	FAM004890
contig_16819	KEEP	PASS_VIRAL	KEEP	25	16	0.00e+00	2143.7	0.903	1009	FAM001793
contig_16864	KEEP	PASS_VIRAL	KEEP	24	0	3.10e-53	181.0	0.368	290	FAM004890
contig_16921	DROP	AMBIGUOUS	DROP	1	0	1.94e-03	16.5	0.075	58	FAM012043
contig_17251	REVIEW	AMBIGUOUS	short_fragment	8	0	2.64e-09	33.1	0.029	181	FAM001712
contig_17374	REVIEW	AMBIGUOUS	no_viral_domain_but_blast	0	0				0	
contig_1738	KEEP	PASS_VIRAL	KEEP	5	0	2.03e-12	46.4	0.169	331	FAM012657
contig_17407	KEEP	PASS_VIRAL	KEEP	5	0	3.41e-09	35.7	0.171	192	FAM012657
contig_17427	DROP	AMBIGUOUS	DROP	3	2	3.82e-49	167.0	0.791	471	FAM020762
contig_17589	DROP	REVIEW	DROP	0	0				0	
contig_17892	KEEP	PASS_CORE	KEEP	19	12	0.00e+00	4494.9	0.977	2805	FAM001223
contig_17949	DROP	REVIEW	DROP	0	0				0	
contig_18027	REVIEW	AMBIGUOUS	no_viral_domain_but_blast	0	0				0	
contig_18100	DROP	AMBIGUOUS	DROP	5	0	1.11e-08	33.7	0.105	488	FAM022056
contig_18208	KEEP	PASS_CORE	KEEP	0	0				0	
contig_1829	REVIEW	AMBIGUOUS	no_viral_domain_but_blast	0	0				0	
contig_18654	DROP	REVIEW	DROP	0	0				0	
contig_1867	REVIEW	AMBIGUOUS	short_fragment	0	0				0	
contig_18758	KEEP	PASS_VIRAL	KEEP	1	0	3.80e-04	18.8	0.090	110	FAM011052
contig_18805	KEEP	PASS_VIRAL	KEEP	19	0	4.30e-51	174.0	0.321	201	FAM004890
contig_18959	KEEP	PASS_VIRAL	KEEP	5	0	4.88e-19	67.6	0.126	254	FAM004987
contig_19000	KEEP	PASS_VIRAL	KEEP	23	0	1.37e-79	268.1	0.321	261	FAM004890
contig_19054	KEEP	PASS_CORE	KEEP	72	33	0.00e+00	1912.3	0.944	1485	FAM000088
contig_19066	KEEP	PASS_VIRAL	KEEP	5	1	7.55e-86	288.6	0.408	462	FAM004987
contig_19067	KEEP	PASS_VIRAL	KEEP	5	1	2.27e-84	283.7	0.409	505	FAM004987
contig_19192	DROP	AMBIGUOUS	DROP	1	0	5.32e-05	22.6	0.347	416	FAM003342
contig_19396	KEEP	PASS_VIRAL	KEEP	6	0	1.28e-04	20.6	0.139	91	FAM030729
contig_19441	REVIEW	AMBIGUOUS	short_fragment	6	0	2.25e-13	46.6	0.071	516	FAM001712
contig_19461	KEEP	PASS_VIRAL	KEEP	31	0	1.33e-23	82.3	0.049	86	FAM008177
contig_19584	REVIEW	AMBIGUOUS	no_viral_domain_but_blast	0	0				0	
contig_19880	DROP	REVIEW	DROP	13	2	3.65e-17	61.2	0.060	80	FAM003304
contig_20031	DROP	AMBIGUOUS	DROP	1	0	1.73e-07	29.2	0.070	163	FAM010955
contig_20058	KEEP	PASS_VIRAL	KEEP	34	12	8.15e-49	165.9	0.121	536	FAM008177
contig_2017	KEEP	PASS_VIRAL	KEEP	9	0	3.09e-13	49.1	0.173	202	FAM012657
contig_20185	KEEP	PASS_VIRAL	KEEP	45	22	4.38e-37	127.5	0.752	381	FAM012364
contig_20236	DROP	REVIEW	DROP	1	0	1.29e-47	161.9	0.122	1356	FAM008177
contig_20393	REVIEW	AMBIGUOUS	no_viral_domain_but_blast	5	0	1.52e-07	30.1	0.298	494	FAM012636
contig_20424	KEEP	PASS_VIRAL	KEEP	24	0	1.16e-53	182.4	0.338	274	FAM004890
contig_20596	REVIEW	AMBIGUOUS	short_fragment	9	0	4.34e-17	58.9	0.028	584	FAM001712
contig_20602	REVIEW	AMBIGUOUS	no_viral_domain_but_blast	0	0				0	
contig_20755	KEEP	PASS_VIRAL	KEEP	2	0	6.47e-07	28.4	0.228	134	FAM007992
contig_20833	DROP	AMBIGUOUS	DROP	0	0				0	
contig_20937	KEEP	PASS_CORE	KEEP	16	9	2.33e-108	362.5	0.679	266	FAM000039
contig_2094	KEEP	PASS_VIRAL	KEEP	14	0	1.09e-07	30.8	0.218	266	FAM012430
contig_2100	KEEP	PASS_CORE	KEEP	59	10	1.28e-185	619.1	0.343	834	FAM000080
contig_21005	REVIEW	AMBIGUOUS	short_fragment	0	0				0	
contig_21007	DROP	AMBIGUOUS	DROP	0	0				0	
contig_21163	KEEP	PASS_VIRAL	KEEP	0	0				0	
contig_21190	KEEP	PASS_VIRAL	KEEP	1	0	6.60e-05	21.6	0.117	334	FAM012657
contig_21621	KEEP	PASS_VIRAL	KEEP	6	1	2.85e-15	55.8	0.167	869	FAM012657
contig_22027	KEEP	PASS_VIRAL	KEEP	12	3	9.15e-23	79.5	0.153	488	FAM008177
contig_22189	REVIEW	AMBIGUOUS	no_viral_domain_but_blast	0	0				0	
contig_22267	DROP	AMBIGUOUS	DROP	0	0				0	
contig_22309	DROP	AMBIGUOUS	DROP	2	1	4.63e-68	229.8	0.919	1113	FAM021447
contig_22390	REVIEW	AMBIGUOUS	no_viral_domain_but_blast	0	0				0	
contig_22398	DROP	REVIEW	DROP	0	0				0	
contig_22554	KEEP	PASS_VIRAL	KEEP	0	0				0	
contig_22637	KEEP	PASS_CORE	KEEP	82	12	3.25e-259	863.1	0.534	1180	FAM000080
contig_22660	DROP	AMBIGUOUS	DROP	0	0				0	
contig_22698	DROP	REVIEW	DROP	0	0				0	
contig_22740	KEEP	PASS_VIRAL	KEEP	4	0	9.71e-12	44.1	0.117	275	FAM012657
contig_22776	DROP	AMBIGUOUS	DROP	2	0	5.28e-06	24.8	0.089	84	FAM004846
contig_22876	KEEP	PASS_VIRAL	KEEP	9	0	2.09e-13	49.1	0.085	98	FAM013464
contig_22919	KEEP	PASS_CORE	KEEP	110	34	0.00e+00	2036.4	0.852	1875	FAM000080
contig_22994	DROP	AMBIGUOUS	DROP	0	0				0	
contig_23302	DROP	AMBIGUOUS	DROP	0	0				0	
contig_23441	KEEP	PASS_VIRAL	KEEP	5	0	1.09e-21	76.5	0.248	793	FAM013464
contig_23493	KEEP	PASS_VIRAL	KEEP	28	0	4.11e-08	31.8	0.087	155	FAM018279
contig_23532	KEEP	PASS_VIRAL	KEEP	6	2	8.43e-88	294.2	0.907	844	FAM011052
contig_23545	KEEP	PASS_VIRAL	KEEP	3	0	9.43e-24	83.2	0.133	115	FAM004987
contig_23644	KEEP	PASS_VIRAL	KEEP	20	0	1.46e-78	264.7	0.421	381	FAM004890
contig_2436	REVIEW	AMBIGUOUS	no_viral_domain_but_blast	0	0				0	
contig_2554	KEEP	PASS_VIRAL	KEEP	5	0	3.62e-20	71.4	0.152	171	FAM004987
contig_2632	REVIEW	AMBIGUOUS	no_viral_domain_but_blast	0	0				0	
contig_2691	REVIEW	AMBIGUOUS	no_viral_domain_but_blast	0	0				0	
contig_2805	REVIEW	AMBIGUOUS	no_viral_domain_but_blast	0	0				0	
contig_2817	DROP	REVIEW	DROP	1	0	1.93e-03	16.6	0.042	340	FAM003250
contig_2931	REVIEW	AMBIGUOUS	short_fragment	1	0	6.47e-03	16.0	0.443	38	FAM009895
contig_296	DROP	AMBIGUOUS	DROP	2	0	3.46e-19	67.9	0.155	222	FAM010955
contig_2969	DROP	AMBIGUOUS	DROP	0	0				0	
contig_3063	DROP	AMBIGUOUS	DROP	34	0	1.16e-18	66.9	0.142	92	FAM004890
contig_3189	DROP	AMBIGUOUS	DROP	0	0				0	
contig_3217	KEEP	PASS_VIRAL	KEEP	1	0	1.31e-03	17.3	0.075	133	FAM012657
contig_3612	REVIEW	AMBIGUOUS	no_viral_domain_but_blast	0	0				0	
contig_3987	KEEP	PASS_VIRAL	KEEP	15	0	1.04e-48	166.1	0.309	247	FAM004890
contig_4000	DROP	AMBIGUOUS	DROP	0	0				0	
contig_4007	DROP	AMBIGUOUS	DROP	2	1	1.16e-06	26.0	0.058	86	FAM001090
contig_4047	REVIEW	AMBIGUOUS	no_viral_domain_but_blast	0	0				0	
contig_4179	DROP	AMBIGUOUS	DROP	1	0	9.67e-23	79.7	0.213	327	FAM010955
contig_4373	DROP	AMBIGUOUS	DROP	0	0				0	
contig_4483	DROP	AMBIGUOUS	DROP	3	1	1.20e-11	42.3	0.064	130	FAM010548
contig_4500	KEEP	PASS_VIRAL	KEEP	2	0	1.92e-24	85.7	0.076	86	FAM013464
contig_4522	KEEP	PASS_CORE	KEEP	190	36	5.09e-176	586.9	0.555	409	FAM000071
contig_4535	KEEP	PASS_VIRAL	KEEP	0	0				0	
contig_459	KEEP	PASS_CORE	KEEP	58	23	0.00e+00	1838.7	0.940	1481	FAM000088
contig_4860	KEEP	PASS_VIRAL	KEEP	13	4	8.27e-18	63.1	0.132	498	FAM008177
contig_5036	KEEP	PASS_VIRAL	KEEP	3	1	3.93e-45	153.7	0.598	268	FAM011052
contig_5108	REVIEW	REVIEW	short_fragment	2	0	1.11e-03	17.2	0.087	168	FAM028881
contig_5225	DROP	AMBIGUOUS	DROP	1	0	5.55e-05	21.8	0.113	58	FAM012482
contig_5330	DROP	AMBIGUOUS	DROP	9	0	5.52e-11	38.7	0.026	322	FAM003565
contig_5412	KEEP	PASS_VIRAL	KEEP	5	0	6.83e-32	110.1	0.289	169	FAM011052
contig_5685	KEEP	PASS_VIRAL	KEEP	2	0	1.66e-28	99.1	0.271	176	FAM004905
contig_5756	REVIEW	AMBIGUOUS	no_viral_domain_but_blast	0	0				0	
contig_6093	REVIEW	AMBIGUOUS	short_fragment	0	0				0	
contig_612	DROP	AMBIGUOUS	DROP	0	0				0	
contig_6178	REVIEW	PASS_VIRAL	short_fragment	9	0	8.27e-10	34.7	0.014	133	FAM007378
contig_6391	REVIEW	AMBIGUOUS	no_viral_domain_but_blast	0	0				0	
contig_640	DROP	AMBIGUOUS	DROP	0	0				0	
contig_702	KEEP	PASS_CORE	KEEP	62	21	0.00e+00	1859.5	0.947	1357	FAM000088
contig_7023	DROP	AMBIGUOUS	DROP	3	0	2.67e-13	48.7	0.139	119	FAM019894
contig_7039	REVIEW	AMBIGUOUS	no_viral_domain_but_blast	0	0				0	
contig_7097	DROP	REVIEW	DROP	0	0				0	
contig_7157	KEEP	PASS_VIRAL	KEEP	0	0				0	
contig_7178	REVIEW	AMBIGUOUS	no_viral_domain_but_blast	0	0				0	
contig_7288	KEEP	PASS_VIRAL	KEEP	22	0	1.79e-53	181.8	0.323	249	FAM004890
contig_7446	REVIEW	AMBIGUOUS	short_fragment	1	0	2.08e-03	13.5	0.011	422	FAM001712
contig_7455	DROP	AMBIGUOUS	DROP	0	0				0	
contig_76	KEEP	PASS_VIRAL	KEEP	0	0				0	
contig_7887	KEEP	PASS_VIRAL	KEEP	3	0	1.43e-06	27.1	0.115	161	FAM012657
contig_7902	REVIEW	AMBIGUOUS	no_viral_domain_but_blast	0	0				0	
contig_8046	DROP	REVIEW	DROP	0	0				0	
contig_81	REVIEW	AMBIGUOUS	no_viral_domain_but_blast	0	0				0	
contig_8178	REVIEW	AMBIGUOUS	no_viral_domain_but_blast	0	0				0	
contig_8501	REVIEW	AMBIGUOUS	short_fragment	0	0				0	
contig_851	REVIEW	AMBIGUOUS	no_viral_domain_but_blast	0	0				0	
contig_8515	KEEP	PASS_VIRAL	KEEP	6	0	6.81e-34	116.7	0.377	158	FAM011052
contig_8732	DROP	REVIEW	DROP	0	0				0	
contig_8826	REVIEW	AMBIGUOUS	short_fragment	0	0				0	
contig_9077	REVIEW	REVIEW	short_fragment	0	0				0	
contig_9147	DROP	AMBIGUOUS	DROP	1	0	7.24e-03	14.5	0.066	68	FAM022056
contig_9228	REVIEW	AMBIGUOUS	short_fragment	0	0				0	
contig_9336	REVIEW	AMBIGUOUS	no_viral_domain_but_blast	0	0				0	
contig_9337	REVIEW	AMBIGUOUS	no_viral_domain_but_blast	2	0	1.91e-03	16.6	0.482	169	FAM012636
contig_938	DROP	AMBIGUOUS	DROP	6	1	1.62e-09	36.5	0.111	489	FAM022056
contig_9418	DROP	AMBIGUOUS	DROP	0	0				0	
contig_9525	DROP	AMBIGUOUS	DROP	0	0				0	
contig_9593	KEEP	PASS_VIRAL	KEEP	28	0	1.52e-36	125.9	0.274	182	FAM004890
contig_9626	DROP	REVIEW	DROP	14	0	2.06e-13	49.3	0.206	660	FAM019571
contig_9659	KEEP	PASS_VIRAL	KEEP	23	0	3.84e-57	193.9	0.386	349	FAM004890
contig_9957	REVIEW	AMBIGUOUS	short_fragment	11	0	9.67e-10	34.5	0.015	134	FAM007378
