MZ463745.1	387	Chr01	215860124	97.312	372	10	381	76299690	76299320	1.63e-177	623	97
MZ463745.1	387	Chr01	215860124	97.661	171	10	180	85363717	85363887	1.26e-77	291	97
MZ463745.1	387	Chr01	215860124	96.454	141	209	349	210110535	210110675	1.03e-59	233	97
MZ463745.1	387	Chr01	215860124	77.947	263	12	272	162056068	162055806	4.12e-52	206	97
MZ463745.1	387	Chr01	215860124	74.502	251	7	255	176087558	176087808	1.87e-37	158	97
MZ463745.1	387	Chr01	215860124	75.214	234	41	272	13159738	13159971	2.28e-36	154	97
MZ463745.1	387	Chr01	215860124	72.830	265	12	272	176088672	176088410	1.18e-33	146	97
MZ463746.1	387	Chr01	215860124	96.774	372	10	381	76299690	76299320	8.45e-175	614	97
MZ463746.1	387	Chr01	215860124	97.076	171	10	180	85363717	85363887	5.36e-76	287	97
MZ463746.1	387	Chr01	215860124	96.454	141	209	349	210110535	210110675	1.03e-59	233	97
MZ463746.1	387	Chr01	215860124	77.947	263	12	272	162056068	162055806	4.12e-52	206	97
MZ463746.1	387	Chr01	215860124	74.502	251	7	255	176087558	176087808	1.87e-37	158	97
MZ463746.1	387	Chr01	215860124	75.214	234	41	272	13159738	13159971	2.28e-36	154	97
MZ463746.1	387	Chr01	215860124	72.830	265	12	272	176088672	176088410	1.18e-33	146	97
MZ463747.1	387	Chr01	215860124	96.774	372	10	381	76299690	76299320	8.45e-175	614	97
MZ463747.1	387	Chr01	215860124	97.076	171	10	180	85363717	85363887	5.36e-76	287	97
MZ463747.1	387	Chr01	215860124	96.454	141	209	349	210110535	210110675	1.03e-59	233	97
MZ463747.1	387	Chr01	215860124	77.567	263	12	272	162056068	162055806	1.75e-50	202	97
MZ463747.1	387	Chr01	215860124	74.104	251	7	255	176087558	176087808	7.96e-36	153	97
MZ463747.1	387	Chr01	215860124	74.786	234	41	272	13159738	13159971	9.70e-35	150	97
MZ463747.1	387	Chr01	215860124	72.453	265	12	272	176088672	176088410	1.44e-32	141	97
MZ463748.1	387	Chr01	215860124	96.505	372	10	381	76299690	76299320	3.59e-173	609	97
MZ463748.1	387	Chr01	215860124	97.076	171	10	180	85363717	85363887	5.36e-76	287	97
MZ463748.1	387	Chr01	215860124	96.454	141	209	349	210110535	210110675	1.03e-59	233	97
MZ463748.1	387	Chr01	215860124	77.567	263	12	272	162056068	162055806	1.75e-50	202	97
MZ463748.1	387	Chr01	215860124	74.104	251	7	255	176087558	176087808	7.96e-36	153	97
MZ463748.1	387	Chr01	215860124	74.786	234	41	272	13159738	13159971	9.70e-35	150	97
MZ463748.1	387	Chr01	215860124	72.453	265	12	272	176088672	176088410	1.44e-32	141	97
MZ463749.1	391	Chr01	215860124	96.774	372	15	386	76299690	76299320	8.54e-175	614	98
MZ463749.1	391	Chr01	215860124	97.076	171	15	185	85363717	85363887	5.42e-76	287	98
MZ463749.1	391	Chr01	215860124	96.454	141	214	354	210110535	210110675	1.05e-59	233	98
MZ463749.1	391	Chr01	215860124	77.174	276	5	277	162056081	162055806	5.08e-51	204	98
MZ463749.1	391	Chr01	215860124	74.131	259	5	260	176087550	176087808	2.31e-36	155	98
MZ463749.1	391	Chr01	215860124	74.786	234	46	277	13159738	13159971	9.81e-35	150	98
MZ463749.1	391	Chr01	215860124	72.453	265	17	277	176088672	176088410	1.46e-32	141	98
MZ463750.1	392	Chr01	215860124	96.505	372	15	386	76299690	76299320	3.64e-173	609	97
MZ463750.1	392	Chr01	215860124	96.491	171	15	185	85363717	85363887	6.62e-75	282	97
MZ463750.1	392	Chr01	215860124	96.454	141	214	354	210110535	210110675	1.05e-59	233	97
MZ463750.1	392	Chr01	215860124	76.812	276	5	277	162056081	162055806	6.20e-50	199	97
MZ463750.1	392	Chr01	215860124	73.745	259	5	260	176087550	176087808	2.82e-35	150	97
MZ463750.1	392	Chr01	215860124	74.569	232	48	277	13159740	13159971	1.20e-33	146	97
MZ463750.1	392	Chr01	215860124	72.075	265	17	277	176088672	176088410	6.21e-31	137	97
MZ463751.1	393	Chr01	215860124	96.774	372	15	386	76299690	76299320	8.59e-175	614	97
MZ463751.1	393	Chr01	215860124	97.661	171	15	185	85363717	85363887	1.28e-77	291	97
MZ463751.1	393	Chr01	215860124	95.745	141	214	354	210110535	210110675	1.28e-58	228	97
MZ463751.1	393	Chr01	215860124	77.536	276	5	277	162056081	162055806	1.20e-52	208	97
MZ463751.1	393	Chr01	215860124	74.517	259	5	260	176087550	176087808	5.46e-38	159	97
MZ463751.1	393	Chr01	215860124	75.214	234	46	277	13159738	13159971	2.32e-36	154	97
MZ463751.1	393	Chr01	215860124	72.830	265	17	277	176088672	176088410	1.20e-33	146	97
MZ463752.1	394	Chr01	215860124	96.505	372	15	386	76299690	76299320	3.66e-173	609	97
MZ463752.1	394	Chr01	215860124	97.076	171	15	185	85363717	85363887	5.46e-76	287	97
MZ463752.1	394	Chr01	215860124	96.454	141	214	354	210110535	210110675	1.06e-59	233	97
MZ463752.1	394	Chr01	215860124	77.536	276	5	277	162056081	162055806	1.20e-52	208	97
MZ463752.1	394	Chr01	215860124	74.517	259	5	260	176087550	176087808	5.47e-38	159	97
MZ463752.1	394	Chr01	215860124	75.214	234	46	277	13159738	13159971	2.33e-36	154	97
MZ463752.1	394	Chr01	215860124	72.830	265	17	277	176088672	176088410	1.21e-33	146	97
MZ463753.1	394	Chr01	215860124	96.505	372	15	386	76299690	76299320	3.66e-173	609	97
MZ463753.1	394	Chr01	215860124	97.076	171	15	185	85363717	85363887	5.46e-76	287	97
MZ463753.1	394	Chr01	215860124	95.745	141	214	354	210110535	210110675	1.29e-58	228	97
MZ463753.1	394	Chr01	215860124	77.174	276	5	277	162056081	162055806	5.12e-51	204	97
MZ463753.1	394	Chr01	215860124	74.131	259	5	260	176087550	176087808	2.33e-36	155	97
MZ463753.1	394	Chr01	215860124	74.786	234	46	277	13159738	13159971	9.89e-35	150	97
MZ463753.1	394	Chr01	215860124	72.453	265	17	277	176088672	176088410	1.47e-32	141	97
MZ463754.1	394	Chr01	215860124	96.505	372	15	386	76299690	76299320	3.66e-173	609	97
MZ463754.1	394	Chr01	215860124	97.076	171	15	185	85363717	85363887	5.46e-76	287	97
MZ463754.1	394	Chr01	215860124	95.745	141	214	354	210110535	210110675	1.29e-58	228	97
MZ463754.1	394	Chr01	215860124	78.378	259	5	260	162056081	162055823	1.47e-51	205	97
MZ463754.1	394	Chr01	215860124	74.517	259	5	260	176087550	176087808	5.47e-38	159	97
MZ463754.1	394	Chr01	215860124	76.037	217	46	260	13159738	13159954	2.83e-35	150	97
MZ463754.1	394	Chr01	215860124	73.171	246	17	260	176088672	176088427	5.12e-32	140	97
MZ463755.1	394	Chr01	215860124	96.774	372	15	386	76299690	76299320	8.62e-175	614	97
MZ463755.1	394	Chr01	215860124	97.661	171	15	185	85363717	85363887	1.28e-77	291	97
MZ463755.1	394	Chr01	215860124	95.745	141	214	354	210110535	210110675	1.29e-58	228	97
MZ463755.1	394	Chr01	215860124	77.899	276	5	277	162056081	162055806	9.88e-54	213	97
MZ463755.1	394	Chr01	215860124	74.903	259	5	260	176087550	176087808	4.49e-39	164	97
MZ463755.1	394	Chr01	215860124	75.641	234	46	277	13159738	13159971	1.91e-37	159	97
MZ463755.1	394	Chr01	215860124	73.208	265	17	277	176088672	176088410	2.83e-35	150	97
MZ463756.1	394	Chr01	215860124	96.774	372	15	386	76299690	76299320	8.62e-175	614	97
MZ463756.1	394	Chr01	215860124	97.661	171	15	185	85363717	85363887	1.28e-77	291	97
MZ463756.1	394	Chr01	215860124	95.745	141	214	354	210110535	210110675	1.29e-58	228	97
MZ463756.1	394	Chr01	215860124	77.174	276	5	277	162056081	162055806	5.12e-51	204	97
MZ463756.1	394	Chr01	215860124	74.603	252	5	253	176087550	176087801	6.66e-37	156	97
MZ463756.1	394	Chr01	215860124	74.786	234	46	277	13159738	13159971	9.89e-35	150	97
MZ463756.1	394	Chr01	215860124	72.453	265	17	277	176088672	176088410	1.47e-32	141	97
MZ463757.1	394	Chr01	215860124	96.505	372	15	386	76299690	76299320	3.66e-173	609	97
MZ463757.1	394	Chr01	215860124	97.076	171	15	185	85363717	85363887	5.46e-76	287	97
MZ463757.1	394	Chr01	215860124	95.745	141	214	354	210110535	210110675	1.29e-58	228	97
MZ463757.1	394	Chr01	215860124	77.174	276	5	277	162056081	162055806	5.12e-51	204	97
MZ463757.1	394	Chr01	215860124	74.131	259	5	260	176087550	176087808	2.33e-36	155	97
MZ463757.1	394	Chr01	215860124	74.786	234	46	277	13159738	13159971	9.89e-35	150	97
MZ463757.1	394	Chr01	215860124	72.453	265	17	277	176088672	176088410	1.47e-32	141	97
MZ463758.1	394	Chr01	215860124	96.774	372	15	386	76299690	76299320	8.62e-175	614	97
MZ463758.1	394	Chr01	215860124	97.076	171	15	185	85363717	85363887	5.46e-76	287	97
MZ463758.1	394	Chr01	215860124	96.454	141	214	354	210110535	210110675	1.06e-59	233	97
MZ463758.1	394	Chr01	215860124	77.174	276	5	277	162056081	162055806	5.12e-51	204	97
MZ463758.1	394	Chr01	215860124	74.131	259	5	260	176087550	176087808	2.33e-36	155	97
MZ463758.1	394	Chr01	215860124	75.214	234	46	277	13159738	13159971	2.33e-36	154	97
MZ463758.1	394	Chr01	215860124	72.453	265	17	277	176088672	176088410	1.47e-32	141	97
MZ463759.1	410	Chr01	215860124	96.774	372	15	386	76299690	76299320	8.97e-175	614	93
MZ463759.1	410	Chr01	215860124	97.076	171	15	185	85363717	85363887	5.68e-76	287	93
MZ463759.1	410	Chr01	215860124	96.454	141	214	354	210110535	210110675	1.10e-59	233	93
MZ463759.1	410	Chr01	215860124	77.174	276	5	277	162056081	162055806	5.33e-51	204	93
MZ463759.1	410	Chr01	215860124	74.131	259	5	260	176087550	176087808	2.42e-36	155	93
MZ463759.1	410	Chr01	215860124	75.214	234	46	277	13159738	13159971	2.42e-36	154	93
MZ463759.1	410	Chr01	215860124	72.453	265	17	277	176088672	176088410	1.53e-32	141	93
FJ751925.1	394	Chr01	215860124	97.043	372	15	386	76299690	76299320	7.07e-176	618	97
FJ751925.1	394	Chr01	215860124	97.661	171	15	185	85363717	85363887	1.28e-77	291	97
FJ751925.1	394	Chr01	215860124	96.454	141	214	354	210110535	210110675	1.06e-59	233	97
FJ751925.1	394	Chr01	215860124	77.536	276	5	277	162056081	162055806	1.20e-52	208	97
FJ751925.1	394	Chr01	215860124	74.517	259	5	260	176087550	176087808	5.47e-38	159	97
FJ751925.1	394	Chr01	215860124	75.214	234	46	277	13159738	13159971	2.33e-36	154	97
FJ751925.1	394	Chr01	215860124	72.830	265	17	277	176088672	176088410	1.21e-33	146	97
FJ751926.1	395	Chr01	215860124	96.783	373	15	387	76299690	76299320	3.02e-174	612	97
FJ751926.1	395	Chr01	215860124	97.661	171	15	185	85363717	85363887	1.29e-77	291	97
FJ751926.1	395	Chr01	215860124	96.454	141	214	354	210110535	210110675	1.06e-59	233	97
FJ751926.1	395	Chr01	215860124	77.536	276	5	277	162056081	162055806	1.21e-52	208	97
FJ751926.1	395	Chr01	215860124	74.517	259	5	260	176087550	176087808	5.49e-38	159	97
FJ751926.1	395	Chr01	215860124	75.214	234	46	277	13159738	13159971	2.33e-36	154	97
FJ751926.1	395	Chr01	215860124	72.830	265	17	277	176088672	176088410	1.21e-33	146	97
FJ751927.1	395	Chr01	215860124	96.515	373	15	387	76299690	76299320	1.28e-172	608	97
FJ751927.1	395	Chr01	215860124	97.661	171	15	185	85363717	85363887	1.29e-77	291	97
FJ751927.1	395	Chr01	215860124	95.745	141	214	354	210110535	210110675	1.29e-58	228	97
FJ751927.1	395	Chr01	215860124	77.174	276	5	277	162056081	162055806	5.13e-51	204	97
FJ751927.1	395	Chr01	215860124	74.131	259	5	260	176087550	176087808	2.33e-36	155	97
FJ751927.1	395	Chr01	215860124	74.786	234	46	277	13159738	13159971	9.92e-35	150	97
FJ751927.1	395	Chr01	215860124	72.453	265	17	277	176088672	176088410	1.47e-32	141	97
FJ751930.1	395	Chr01	215860124	96.561	378	15	392	76299690	76299314	2.03e-176	620	98
FJ751930.1	395	Chr01	215860124	97.661	171	15	185	85363717	85363887	1.29e-77	291	98
FJ751930.1	395	Chr01	215860124	96.454	141	214	354	210110535	210110675	1.06e-59	233	98
FJ751930.1	395	Chr01	215860124	77.536	276	5	277	162056081	162055806	1.21e-52	208	98
FJ751930.1	395	Chr01	215860124	74.517	259	5	260	176087550	176087808	5.49e-38	159	98
FJ751930.1	395	Chr01	215860124	75.214	234	46	277	13159738	13159971	2.33e-36	154	98
FJ751930.1	395	Chr01	215860124	72.830	265	17	277	176088672	176088410	1.21e-33	146	98
FJ751933.1	396	Chr01	215860124	96.783	373	16	388	76299690	76299320	3.02e-174	612	97
FJ751933.1	396	Chr01	215860124	97.661	171	16	186	85363717	85363887	1.29e-77	291	97
FJ751933.1	396	Chr01	215860124	96.454	141	215	355	210110535	210110675	1.06e-59	233	97
FJ751933.1	396	Chr01	215860124	77.536	276	6	278	162056081	162055806	1.21e-52	208	97
FJ751933.1	396	Chr01	215860124	74.517	259	6	261	176087550	176087808	5.50e-38	159	97
FJ751933.1	396	Chr01	215860124	75.214	234	47	278	13159738	13159971	2.34e-36	154	97
FJ751933.1	396	Chr01	215860124	72.830	265	18	278	176088672	176088410	1.21e-33	146	97
FJ751934.1	395	Chr01	215860124	97.043	372	16	387	76299690	76299320	7.09e-176	618	97
FJ751934.1	395	Chr01	215860124	97.661	171	16	186	85363717	85363887	1.29e-77	291	97
FJ751934.1	395	Chr01	215860124	96.454	141	215	355	210110535	210110675	1.06e-59	233	97
FJ751934.1	395	Chr01	215860124	77.536	276	6	278	162056081	162055806	1.21e-52	208	97
FJ751934.1	395	Chr01	215860124	74.517	259	6	261	176087550	176087808	5.49e-38	159	97
FJ751934.1	395	Chr01	215860124	75.214	234	47	278	13159738	13159971	2.33e-36	154	97
FJ751934.1	395	Chr01	215860124	72.830	265	18	278	176088672	176088410	1.21e-33	146	97
MZ463745.1	387	Chr03	195735490	92.593	297	85	381	10344120	10344415	1.48e-120	434	97
MZ463745.1	387	Chr03	195735490	96.943	229	153	381	103899436	103899663	1.00e-103	379	97
MZ463745.1	387	Chr03	195735490	77.567	263	12	272	70146958	70147220	1.59e-50	202	97
MZ463745.1	387	Chr03	195735490	74.427	262	12	271	12726732	12726472	4.87e-38	160	97
MZ463745.1	387	Chr03	195735490	78.873	142	132	272	13699155	13699014	1.49e-25	118	97
MZ463745.1	387	Chr03	195735490	84.314	102	112	212	176361268	176361369	7.72e-23	109	97
MZ463745.1	387	Chr03	195735490	74.157	89	5	93	13631262	13631350	4.27e-07	58.1	97
MZ463746.1	387	Chr03	195735490	91.919	297	85	381	10344120	10344415	7.68e-118	425	97
MZ463746.1	387	Chr03	195735490	96.507	229	153	381	103899436	103899663	1.22e-102	374	97
MZ463746.1	387	Chr03	195735490	77.567	263	12	272	70146958	70147220	1.59e-50	202	97
MZ463746.1	387	Chr03	195735490	74.427	262	12	271	12726732	12726472	4.87e-38	160	97
MZ463746.1	387	Chr03	195735490	78.873	142	132	272	13699155	13699014	1.49e-25	118	97
MZ463746.1	387	Chr03	195735490	74.157	89	5	93	13631262	13631350	4.27e-07	58.1	97
MZ463747.1	387	Chr03	195735490	91.919	297	85	381	10344120	10344415	7.68e-118	425	97
MZ463747.1	387	Chr03	195735490	96.507	229	153	381	103899436	103899663	1.22e-102	374	97
MZ463747.1	387	Chr03	195735490	77.186	263	12	272	70146958	70147220	1.94e-49	197	97
MZ463747.1	387	Chr03	195735490	74.046	262	12	271	12726732	12726472	5.93e-37	156	97
MZ463747.1	387	Chr03	195735490	78.873	142	132	272	13699155	13699014	1.49e-25	118	97
MZ463747.1	387	Chr03	195735490	84.314	102	112	212	176361268	176361369	7.72e-23	109	97
MZ463747.1	387	Chr03	195735490	74.157	89	5	93	13631262	13631350	4.27e-07	58.1	97
MZ463748.1	387	Chr03	195735490	91.582	297	85	381	10344120	10344415	3.27e-116	420	97
MZ463748.1	387	Chr03	195735490	96.070	229	153	381	103899436	103899663	5.18e-101	370	97
MZ463748.1	387	Chr03	195735490	77.186	263	12	272	70146958	70147220	1.94e-49	197	97
MZ463748.1	387	Chr03	195735490	74.046	262	12	271	12726732	12726472	5.93e-37	156	97
MZ463748.1	387	Chr03	195735490	78.873	142	132	272	13699155	13699014	1.49e-25	118	97
MZ463748.1	387	Chr03	195735490	84.314	102	112	212	176361268	176361369	7.72e-23	109	97
MZ463748.1	387	Chr03	195735490	74.157	89	5	93	13631262	13631350	4.27e-07	58.1	97
MZ463749.1	391	Chr03	195735490	92.256	297	90	386	10344120	10344415	6.38e-119	429	98
MZ463749.1	391	Chr03	195735490	96.507	229	158	386	103899436	103899663	1.23e-102	374	98
MZ463749.1	391	Chr03	195735490	76.812	276	5	277	70146945	70147220	5.61e-50	199	98
MZ463749.1	391	Chr03	195735490	74.046	262	17	276	12726732	12726472	5.99e-37	156	98
MZ463749.1	391	Chr03	195735490	78.873	142	137	277	13699155	13699014	1.51e-25	118	98
MZ463749.1	391	Chr03	195735490	84.314	102	117	217	176361268	176361369	7.80e-23	109	98
MZ463749.1	391	Chr03	195735490	73.034	89	10	98	13631262	13631350	5.26e-06	53.6	98
MZ463750.1	392	Chr03	195735490	91.919	297	90	386	10344120	10344415	7.79e-118	425	97
MZ463750.1	392	Chr03	195735490	96.507	229	158	386	103899436	103899663	1.24e-102	374	97
MZ463750.1	392	Chr03	195735490	76.449	276	5	277	70146945	70147220	2.39e-48	195	97
MZ463750.1	392	Chr03	195735490	74.046	262	17	276	12726732	12726472	6.01e-37	156	97
MZ463750.1	392	Chr03	195735490	78.873	142	137	277	13699155	13699014	1.51e-25	118	97
MZ463750.1	392	Chr03	195735490	84.314	102	117	217	176361268	176361369	7.82e-23	109	97
MZ463751.1	393	Chr03	195735490	91.919	297	90	386	10344120	10344415	7.81e-118	425	97
MZ463751.1	393	Chr03	195735490	96.070	229	158	386	103899436	103899663	5.27e-101	370	97
MZ463751.1	393	Chr03	195735490	77.174	276	5	277	70146945	70147220	4.63e-51	204	97
MZ463751.1	393	Chr03	195735490	74.427	262	17	276	12726732	12726472	4.95e-38	160	97
MZ463751.1	393	Chr03	195735490	78.873	142	137	277	13699155	13699014	1.51e-25	118	97
MZ463751.1	393	Chr03	195735490	84.314	102	117	217	176361268	176361369	7.85e-23	109	97
MZ463751.1	393	Chr03	195735490	74.157	89	10	98	13631262	13631350	4.34e-07	58.1	97
MZ463752.1	394	Chr03	195735490	91.582	297	90	386	10344120	10344415	3.33e-116	420	97
MZ463752.1	394	Chr03	195735490	96.070	229	158	386	103899436	103899663	5.28e-101	370	97
MZ463752.1	394	Chr03	195735490	77.174	276	5	277	70146945	70147220	4.64e-51	204	97
MZ463752.1	394	Chr03	195735490	74.427	262	17	276	12726732	12726472	4.96e-38	160	97
MZ463752.1	394	Chr03	195735490	78.873	142	137	277	13699155	13699014	1.52e-25	118	97
MZ463752.1	394	Chr03	195735490	74.157	89	10	98	13631262	13631350	4.36e-07	58.1	97
MZ463753.1	394	Chr03	195735490	91.919	297	90	386	10344120	10344415	7.83e-118	425	97
MZ463753.1	394	Chr03	195735490	96.070	229	158	386	103899436	103899663	5.28e-101	370	97
MZ463753.1	394	Chr03	195735490	76.812	276	5	277	70146945	70147220	5.66e-50	199	97
MZ463753.1	394	Chr03	195735490	74.046	262	17	276	12726732	12726472	6.04e-37	156	97
MZ463753.1	394	Chr03	195735490	78.873	142	137	277	13699155	13699014	1.52e-25	118	97
MZ463753.1	394	Chr03	195735490	84.314	102	117	217	176361268	176361369	7.87e-23	109	97
MZ463753.1	394	Chr03	195735490	73.034	89	10	98	13631262	13631350	5.31e-06	53.6	97
MZ463754.1	394	Chr03	195735490	91.582	297	90	386	10344120	10344415	3.33e-116	420	97
MZ463754.1	394	Chr03	195735490	96.070	229	158	386	103899436	103899663	5.28e-101	370	97
MZ463754.1	394	Chr03	195735490	77.992	259	5	260	70146945	70147203	5.66e-50	200	97
MZ463754.1	394	Chr03	195735490	75.203	246	17	260	12726732	12726488	1.73e-37	159	97
MZ463754.1	394	Chr03	195735490	73.958	192	76	265	13699217	13699026	1.85e-24	114	97
MZ463754.1	394	Chr03	195735490	83.333	102	117	217	176361268	176361369	3.35e-21	104	97
MZ463754.1	394	Chr03	195735490	74.157	89	10	98	13631262	13631350	4.36e-07	58.1	97
MZ463755.1	394	Chr03	195735490	91.919	297	90	386	10344120	10344415	7.83e-118	425	97
MZ463755.1	394	Chr03	195735490	96.070	229	158	386	103899436	103899663	5.28e-101	370	97
MZ463755.1	394	Chr03	195735490	77.536	276	5	277	70146945	70147220	1.09e-52	208	97
MZ463755.1	394	Chr03	195735490	74.809	262	17	276	12726732	12726472	1.17e-39	165	97
MZ463755.1	394	Chr03	195735490	79.577	142	137	277	13699155	13699014	1.25e-26	123	97
MZ463755.1	394	Chr03	195735490	84.314	102	117	217	176361268	176361369	7.87e-23	109	97
MZ463755.1	394	Chr03	195735490	74.157	89	10	98	13631262	13631350	4.36e-07	58.1	97
MZ463756.1	394	Chr03	195735490	91.919	297	90	386	10344120	10344415	7.83e-118	425	97
MZ463756.1	394	Chr03	195735490	96.070	229	158	386	103899436	103899663	5.28e-101	370	97
MZ463756.1	394	Chr03	195735490	76.812	276	5	277	70146945	70147220	5.66e-50	199	97
MZ463756.1	394	Chr03	195735490	74.046	262	17	276	12726732	12726472	6.04e-37	156	97
MZ463756.1	394	Chr03	195735490	78.169	142	137	277	13699155	13699014	6.46e-24	113	97
MZ463756.1	394	Chr03	195735490	84.314	102	117	217	176361268	176361369	7.87e-23	109	97
MZ463756.1	394	Chr03	195735490	74.157	89	10	98	13631262	13631350	4.36e-07	58.1	97
MZ463757.1	394	Chr03	195735490	91.582	297	90	386	10344120	10344415	3.33e-116	420	97
MZ463757.1	394	Chr03	195735490	95.633	229	158	386	103899436	103899663	6.44e-100	365	97
MZ463757.1	394	Chr03	195735490	76.812	276	5	277	70146945	70147220	5.66e-50	199	97
MZ463757.1	394	Chr03	195735490	74.046	262	17	276	12726732	12726472	6.04e-37	156	97
MZ463757.1	394	Chr03	195735490	78.169	142	137	277	13699155	13699014	6.46e-24	113	97
MZ463757.1	394	Chr03	195735490	83.333	102	117	217	176361268	176361369	3.35e-21	104	97
MZ463757.1	394	Chr03	195735490	74.157	89	10	98	13631262	13631350	4.36e-07	58.1	97
MZ463758.1	394	Chr03	195735490	92.256	297	90	386	10344120	10344415	6.43e-119	429	97
MZ463758.1	394	Chr03	195735490	96.507	229	158	386	103899436	103899663	1.24e-102	374	97
MZ463758.1	394	Chr03	195735490	76.812	276	5	277	70146945	70147220	5.66e-50	199	97
MZ463758.1	394	Chr03	195735490	74.046	262	17	276	12726732	12726472	6.04e-37	156	97
MZ463758.1	394	Chr03	195735490	78.873	142	137	277	13699155	13699014	1.52e-25	118	97
MZ463758.1	394	Chr03	195735490	84.314	102	117	217	176361268	176361369	7.87e-23	109	97
MZ463758.1	394	Chr03	195735490	73.034	89	10	98	13631262	13631350	5.31e-06	53.6	97
MZ463759.1	410	Chr03	195735490	92.256	297	90	386	10344120	10344415	6.71e-119	429	93
MZ463759.1	410	Chr03	195735490	96.507	229	158	386	103899436	103899663	1.30e-102	374	93
MZ463759.1	410	Chr03	195735490	76.812	276	5	277	70146945	70147220	5.90e-50	199	93
MZ463759.1	410	Chr03	195735490	74.046	262	17	276	12726732	12726472	6.31e-37	156	93
MZ463759.1	410	Chr03	195735490	78.873	142	137	277	13699155	13699014	1.59e-25	118	93
MZ463759.1	410	Chr03	195735490	84.314	102	117	217	176361268	176361369	8.21e-23	109	93
FJ751925.1	394	Chr03	195735490	92.256	297	90	386	10344120	10344415	6.43e-119	429	97
FJ751925.1	394	Chr03	195735490	96.507	229	158	386	103899436	103899663	1.24e-102	374	97
FJ751925.1	394	Chr03	195735490	77.174	276	5	277	70146945	70147220	4.64e-51	204	97
FJ751925.1	394	Chr03	195735490	74.427	262	17	276	12726732	12726472	4.96e-38	160	97
FJ751925.1	394	Chr03	195735490	78.873	142	137	277	13699155	13699014	1.52e-25	118	97
FJ751925.1	394	Chr03	195735490	84.314	102	117	217	176361268	176361369	7.87e-23	109	97
FJ751925.1	394	Chr03	195735490	74.157	89	10	98	13631262	13631350	4.36e-07	58.1	97
FJ751926.1	395	Chr03	195735490	91.946	298	90	387	10344120	10344415	2.74e-117	423	97
FJ751926.1	395	Chr03	195735490	96.087	230	158	387	103899436	103899663	1.85e-100	368	97
FJ751926.1	395	Chr03	195735490	77.174	276	5	277	70146945	70147220	4.65e-51	204	97
FJ751926.1	395	Chr03	195735490	74.427	262	17	276	12726732	12726472	4.97e-38	160	97
FJ751926.1	395	Chr03	195735490	78.873	142	137	277	13699155	13699014	1.52e-25	118	97
FJ751926.1	395	Chr03	195735490	84.314	102	117	217	176361268	176361369	7.89e-23	109	97
FJ751926.1	395	Chr03	195735490	74.157	89	10	98	13631262	13631350	4.37e-07	58.1	97
FJ751927.1	395	Chr03	195735490	91.611	298	90	387	10344120	10344415	1.17e-115	418	97
FJ751927.1	395	Chr03	195735490	95.652	230	158	387	103899436	103899663	2.25e-99	363	97
FJ751927.1	395	Chr03	195735490	76.812	276	5	277	70146945	70147220	5.67e-50	199	97
FJ751927.1	395	Chr03	195735490	74.046	262	17	276	12726732	12726472	6.06e-37	156	97
FJ751927.1	395	Chr03	195735490	78.169	142	137	277	13699155	13699014	6.48e-24	113	97
FJ751927.1	395	Chr03	195735490	84.314	102	117	217	176361268	176361369	7.89e-23	109	97
FJ751927.1	395	Chr03	195735490	74.157	89	10	98	13631262	13631350	4.37e-07	58.1	97
FJ751930.1	395	Chr03	195735490	91.503	306	90	395	10344120	10344424	5.29e-120	432	99
FJ751930.1	395	Chr03	195735490	95.378	238	158	395	103899436	103899672	3.57e-103	377	99
FJ751930.1	395	Chr03	195735490	77.174	276	5	277	70146945	70147220	4.65e-51	204	99
FJ751930.1	395	Chr03	195735490	74.427	262	17	276	12726732	12726472	4.97e-38	160	99
FJ751930.1	395	Chr03	195735490	78.873	142	137	277	13699155	13699014	1.52e-25	118	99
FJ751930.1	395	Chr03	195735490	84.314	102	117	217	176361268	176361369	7.89e-23	109	99
FJ751930.1	395	Chr03	195735490	74.157	89	10	98	13631262	13631350	4.37e-07	58.1	99
FJ751933.1	396	Chr03	195735490	91.946	298	91	388	10344120	10344415	2.75e-117	423	97
FJ751933.1	396	Chr03	195735490	96.087	230	159	388	103899436	103899663	1.85e-100	368	97
FJ751933.1	396	Chr03	195735490	77.174	276	6	278	70146945	70147220	4.67e-51	204	97
FJ751933.1	396	Chr03	195735490	74.427	262	18	277	12726732	12726472	4.99e-38	160	97
FJ751933.1	396	Chr03	195735490	78.873	142	138	278	13699155	13699014	1.53e-25	118	97
FJ751933.1	396	Chr03	195735490	84.314	102	118	218	176361268	176361369	7.91e-23	109	97
FJ751933.1	396	Chr03	195735490	74.157	89	11	99	13631262	13631350	4.38e-07	58.1	97
FJ751934.1	395	Chr03	195735490	92.256	297	91	387	10344120	10344415	6.45e-119	429	97
FJ751934.1	395	Chr03	195735490	96.507	229	159	387	103899436	103899663	1.25e-102	374	97
FJ751934.1	395	Chr03	195735490	77.174	276	6	278	70146945	70147220	4.65e-51	204	97
FJ751934.1	395	Chr03	195735490	74.427	262	18	277	12726732	12726472	4.97e-38	160	97
FJ751934.1	395	Chr03	195735490	78.873	142	138	278	13699155	13699014	1.52e-25	118	97
FJ751934.1	395	Chr03	195735490	84.314	102	118	218	176361268	176361369	7.89e-23	109	97
FJ751934.1	395	Chr03	195735490	74.157	89	11	99	13631262	13631350	4.37e-07	58.1	97
MZ463745.1	387	Chr04	212736402	97.043	372	10	381	80984664	80984294	6.84e-176	618	96
MZ463745.1	387	Chr04	212736402	97.043	372	10	381	80987730	80987360	6.84e-176	618	96
MZ463745.1	387	Chr04	212736402	97.222	324	10	333	115482538	115482215	1.24e-153	545	96
MZ463745.1	387	Chr04	212736402	97.126	174	208	381	165169169	165169341	1.51e-76	288	96
MZ463745.1	387	Chr04	212736402	74.905	263	12	272	173803326	173803064	2.92e-41	170	96
MZ463745.1	387	Chr04	212736402	74.427	262	12	272	173729050	173728789	3.56e-40	168	96
MZ463745.1	387	Chr04	212736402	74.242	264	12	271	151198159	151197898	1.52e-38	162	96
MZ463745.1	387	Chr04	212736402	73.764	263	12	272	173779366	173779104	6.44e-37	157	96
MZ463745.1	387	Chr04	212736402	70.536	112	124	234	6935719	6935830	6.89e-05	50.9	96
MZ463746.1	387	Chr04	212736402	96.505	372	10	381	80984664	80984294	3.54e-173	609	96
MZ463746.1	387	Chr04	212736402	96.505	372	10	381	80987730	80987360	3.54e-173	609	96
MZ463746.1	387	Chr04	212736402	96.914	324	10	333	115482538	115482215	1.51e-152	540	96
MZ463746.1	387	Chr04	212736402	96.552	174	208	381	165169169	165169341	1.84e-75	284	96
MZ463746.1	387	Chr04	212736402	74.905	263	12	272	173803326	173803064	2.92e-41	170	96
MZ463746.1	387	Chr04	212736402	74.427	262	12	272	173729050	173728789	3.56e-40	168	96
MZ463746.1	387	Chr04	212736402	74.242	264	12	271	151198159	151197898	1.52e-38	162	96
MZ463746.1	387	Chr04	212736402	73.764	263	12	272	173779366	173779104	6.44e-37	157	96
MZ463746.1	387	Chr04	212736402	70.536	112	124	234	6935719	6935830	6.89e-05	50.9	96
MZ463747.1	387	Chr04	212736402	96.505	372	10	381	80984664	80984294	3.54e-173	609	96
MZ463747.1	387	Chr04	212736402	96.505	372	10	381	80987730	80987360	3.54e-173	609	96
MZ463747.1	387	Chr04	212736402	96.914	324	10	333	115482538	115482215	1.51e-152	540	96
MZ463747.1	387	Chr04	212736402	96.552	174	208	381	165169169	165169341	1.84e-75	284	96
MZ463747.1	387	Chr04	212736402	74.525	263	12	272	173803326	173803064	1.24e-39	166	96
MZ463747.1	387	Chr04	212736402	74.046	262	12	272	173729050	173728789	4.34e-39	163	96
MZ463747.1	387	Chr04	212736402	73.864	264	12	271	151198159	151197898	1.85e-37	158	96
MZ463747.1	387	Chr04	212736402	73.384	263	12	272	173779366	173779104	7.85e-36	152	96
MZ463747.1	387	Chr04	212736402	70.536	112	124	234	6935719	6935830	6.89e-05	50.9	96
MZ463748.1	387	Chr04	212736402	96.237	372	10	381	80984664	80984294	4.31e-172	605	96
MZ463748.1	387	Chr04	212736402	96.237	372	10	381	80987730	80987360	4.31e-172	605	96
MZ463748.1	387	Chr04	212736402	96.914	324	10	333	115482538	115482215	1.51e-152	540	96
MZ463748.1	387	Chr04	212736402	95.977	174	208	381	165169169	165169341	7.83e-74	279	96
MZ463748.1	387	Chr04	212736402	74.525	263	12	272	173803326	173803064	1.24e-39	166	96
MZ463748.1	387	Chr04	212736402	74.046	262	12	272	173729050	173728789	4.34e-39	163	96
MZ463748.1	387	Chr04	212736402	73.864	264	12	271	151198159	151197898	1.85e-37	158	96
MZ463748.1	387	Chr04	212736402	73.384	263	12	272	173779366	173779104	7.85e-36	152	96
MZ463748.1	387	Chr04	212736402	70.536	112	124	234	6935719	6935830	6.89e-05	50.9	96
MZ463749.1	391	Chr04	212736402	96.505	372	15	386	80984664	80984294	3.58e-173	609	98
MZ463749.1	391	Chr04	212736402	96.505	372	15	386	80987730	80987360	3.58e-173	609	98
MZ463749.1	391	Chr04	212736402	96.914	324	15	338	115482538	115482215	1.52e-152	540	98
MZ463749.1	391	Chr04	212736402	96.552	174	213	386	165169169	165169341	1.86e-75	284	98
MZ463749.1	391	Chr04	212736402	74.525	263	17	277	173803326	173803064	1.26e-39	166	98
MZ463749.1	391	Chr04	212736402	74.046	262	17	277	173729050	173728789	4.39e-39	163	98
MZ463749.1	391	Chr04	212736402	73.646	277	5	276	151198172	151197898	5.35e-38	159	98
MZ463749.1	391	Chr04	212736402	73.188	276	5	277	173779379	173779104	2.27e-36	154	98
MZ463749.1	391	Chr04	212736402	70.536	112	129	239	6935719	6935830	6.97e-05	50.9	98
MZ463750.1	392	Chr04	212736402	96.237	372	15	386	80984664	80984294	4.37e-172	605	97
MZ463750.1	392	Chr04	212736402	96.237	372	15	386	80987730	80987360	4.37e-172	605	97
MZ463750.1	392	Chr04	212736402	96.605	324	15	338	115482538	115482215	6.50e-151	535	97
MZ463750.1	392	Chr04	212736402	96.552	174	213	386	165169169	165169341	1.87e-75	284	97
MZ463750.1	392	Chr04	212736402	74.007	277	5	276	151198172	151197898	4.40e-39	164	97
MZ463750.1	392	Chr04	212736402	74.144	263	17	277	173803326	173803064	1.54e-38	161	97
MZ463750.1	392	Chr04	212736402	73.664	262	17	277	173729050	173728789	1.87e-37	159	97
MZ463750.1	392	Chr04	212736402	72.826	276	5	277	173779379	173779104	9.69e-35	150	97
MZ463750.1	392	Chr04	212736402	70.536	112	129	239	6935719	6935830	6.99e-05	50.9	97
MZ463751.1	393	Chr04	212736402	96.505	372	15	386	80984664	80984294	3.60e-173	609	97
MZ463751.1	393	Chr04	212736402	96.505	372	15	386	80987730	80987360	3.60e-173	609	97
MZ463751.1	393	Chr04	212736402	97.222	324	15	338	115482538	115482215	1.26e-153	545	97
MZ463751.1	393	Chr04	212736402	95.977	174	213	386	165169169	165169341	7.97e-74	279	97
MZ463751.1	393	Chr04	212736402	74.905	263	17	277	173803326	173803064	2.97e-41	170	97
MZ463751.1	393	Chr04	212736402	74.427	262	17	277	173729050	173728789	3.62e-40	168	97
MZ463751.1	393	Chr04	212736402	74.007	277	5	276	151198172	151197898	4.41e-39	164	97
MZ463751.1	393	Chr04	212736402	73.551	276	5	277	173779379	173779104	1.88e-37	159	97
MZ463751.1	393	Chr04	212736402	70.536	112	129	239	6935719	6935830	7.01e-05	50.9	97
MZ463752.1	394	Chr04	212736402	96.237	372	15	386	80984664	80984294	4.40e-172	605	97
MZ463752.1	394	Chr04	212736402	96.237	372	15	386	80987730	80987360	4.40e-172	605	97
MZ463752.1	394	Chr04	212736402	96.914	324	15	338	115482538	115482215	1.54e-152	540	97
MZ463752.1	394	Chr04	212736402	95.977	174	213	386	165169169	165169341	7.99e-74	279	97
MZ463752.1	394	Chr04	212736402	74.905	263	17	277	173803326	173803064	2.98e-41	170	97
MZ463752.1	394	Chr04	212736402	74.427	262	17	277	173729050	173728789	3.63e-40	168	97
MZ463752.1	394	Chr04	212736402	74.007	277	5	276	151198172	151197898	4.43e-39	164	97
MZ463752.1	394	Chr04	212736402	73.551	276	5	277	173779379	173779104	1.88e-37	159	97
MZ463752.1	394	Chr04	212736402	70.536	112	129	239	6935719	6935830	7.03e-05	50.9	97
MZ463753.1	394	Chr04	212736402	96.237	372	15	386	80984664	80984294	4.40e-172	605	97
MZ463753.1	394	Chr04	212736402	96.237	372	15	386	80987730	80987360	4.40e-172	605	97
MZ463753.1	394	Chr04	212736402	96.605	324	15	338	115482538	115482215	6.53e-151	535	97
MZ463753.1	394	Chr04	212736402	95.977	174	213	386	165169169	165169341	7.99e-74	279	97
MZ463753.1	394	Chr04	212736402	74.525	263	17	277	173803326	173803064	1.27e-39	166	97
MZ463753.1	394	Chr04	212736402	74.046	262	17	277	173729050	173728789	4.43e-39	163	97
MZ463753.1	394	Chr04	212736402	73.646	277	5	276	151198172	151197898	5.39e-38	159	97
MZ463753.1	394	Chr04	212736402	73.188	276	5	277	173779379	173779104	2.29e-36	154	97
MZ463753.1	394	Chr04	212736402	70.536	112	129	239	6935719	6935830	7.03e-05	50.9	97
MZ463754.1	394	Chr04	212736402	96.237	372	15	386	80984664	80984294	4.40e-172	605	97
MZ463754.1	394	Chr04	212736402	96.237	372	15	386	80987730	80987360	4.40e-172	605	97
MZ463754.1	394	Chr04	212736402	96.605	324	15	338	115482538	115482215	6.53e-151	535	97
MZ463754.1	394	Chr04	212736402	95.977	174	213	386	165169169	165169341	7.99e-74	279	97
MZ463754.1	394	Chr04	212736402	75.610	246	17	260	173803326	173803081	3.63e-40	167	97
MZ463754.1	394	Chr04	212736402	75.210	238	17	253	173729050	173728813	5.39e-38	160	97
MZ463754.1	394	Chr04	212736402	74.517	259	5	260	151198172	151197914	5.39e-38	159	97
MZ463754.1	394	Chr04	212736402	74.603	252	5	253	173779379	173779128	6.57e-37	156	97
MZ463754.1	394	Chr04	212736402	73.810	84	157	239	6935747	6935830	7.03e-05	50.0	97
MZ463755.1	394	Chr04	212736402	96.505	372	15	386	80984664	80984294	3.61e-173	609	97
MZ463755.1	394	Chr04	212736402	96.505	372	15	386	80987730	80987360	3.61e-173	609	97
MZ463755.1	394	Chr04	212736402	96.914	324	15	338	115482538	115482215	1.54e-152	540	97
MZ463755.1	394	Chr04	212736402	95.977	174	213	386	165169169	165169341	7.99e-74	279	97
MZ463755.1	394	Chr04	212736402	75.285	263	17	277	173803326	173803064	2.45e-42	175	97
MZ463755.1	394	Chr04	212736402	74.809	262	17	277	173729050	173728789	8.54e-42	172	97
MZ463755.1	394	Chr04	212736402	74.368	277	5	276	151198172	151197898	1.04e-40	168	97
MZ463755.1	394	Chr04	212736402	73.913	276	5	277	173779379	173779104	4.43e-39	163	97
MZ463755.1	394	Chr04	212736402	71.429	112	129	239	6935719	6935830	1.65e-06	55.4	97
MZ463756.1	394	Chr04	212736402	96.505	372	15	386	80984664	80984294	3.61e-173	609	97
MZ463756.1	394	Chr04	212736402	96.505	372	15	386	80987730	80987360	3.61e-173	609	97
MZ463756.1	394	Chr04	212736402	96.914	324	15	338	115482538	115482215	1.54e-152	540	97
MZ463756.1	394	Chr04	212736402	95.977	174	213	386	165169169	165169341	7.99e-74	279	97
MZ463756.1	394	Chr04	212736402	74.525	263	17	277	173803326	173803064	1.27e-39	166	97
MZ463756.1	394	Chr04	212736402	75.630	238	17	253	173729050	173728813	1.27e-39	165	97
MZ463756.1	394	Chr04	212736402	73.646	277	5	276	151198172	151197898	5.39e-38	159	97
MZ463756.1	394	Chr04	212736402	74.603	252	5	253	173779379	173779128	6.57e-37	156	97
MZ463756.1	394	Chr04	212736402	70.536	112	129	239	6935719	6935830	7.03e-05	50.9	97
MZ463757.1	394	Chr04	212736402	96.237	372	15	386	80984664	80984294	4.40e-172	605	97
MZ463757.1	394	Chr04	212736402	96.237	372	15	386	80987730	80987360	4.40e-172	605	97
MZ463757.1	394	Chr04	212736402	96.605	324	15	338	115482538	115482215	6.53e-151	535	97
MZ463757.1	394	Chr04	212736402	95.977	174	213	386	165169169	165169341	7.99e-74	279	97
MZ463757.1	394	Chr04	212736402	74.525	263	17	277	173803326	173803064	1.27e-39	166	97
MZ463757.1	394	Chr04	212736402	74.046	262	17	277	173729050	173728789	4.43e-39	163	97
MZ463757.1	394	Chr04	212736402	73.646	277	5	276	151198172	151197898	5.39e-38	159	97
MZ463757.1	394	Chr04	212736402	73.188	276	5	277	173779379	173779104	2.29e-36	154	97
MZ463758.1	394	Chr04	212736402	96.505	372	15	386	80984664	80984294	3.61e-173	609	97
MZ463758.1	394	Chr04	212736402	96.505	372	15	386	80987730	80987360	3.61e-173	609	97
MZ463758.1	394	Chr04	212736402	96.914	324	15	338	115482538	115482215	1.54e-152	540	97
MZ463758.1	394	Chr04	212736402	96.552	174	213	386	165169169	165169341	1.88e-75	284	97
MZ463758.1	394	Chr04	212736402	74.525	263	17	277	173803326	173803064	1.27e-39	166	97
MZ463758.1	394	Chr04	212736402	74.046	262	17	277	173729050	173728789	4.43e-39	163	97
MZ463758.1	394	Chr04	212736402	73.646	277	5	276	151198172	151197898	5.39e-38	159	97
MZ463758.1	394	Chr04	212736402	73.188	276	5	277	173779379	173779104	2.29e-36	154	97
MZ463758.1	394	Chr04	212736402	70.536	112	129	239	6935719	6935830	7.03e-05	50.9	97
MZ463759.1	410	Chr04	212736402	96.505	372	15	386	80984664	80984294	3.76e-173	609	93
MZ463759.1	410	Chr04	212736402	96.505	372	15	386	80987730	80987360	3.76e-173	609	93
MZ463759.1	410	Chr04	212736402	96.914	324	15	338	115482538	115482215	1.60e-152	540	93
MZ463759.1	410	Chr04	212736402	96.552	174	213	386	165169169	165169341	1.96e-75	284	93
MZ463759.1	410	Chr04	212736402	74.525	263	17	277	173803326	173803064	1.32e-39	166	93
MZ463759.1	410	Chr04	212736402	74.046	262	17	277	173729050	173728789	4.61e-39	163	93
MZ463759.1	410	Chr04	212736402	73.646	277	5	276	151198172	151197898	5.61e-38	159	93
MZ463759.1	410	Chr04	212736402	73.188	276	5	277	173779379	173779104	2.39e-36	154	93
MZ463759.1	410	Chr04	212736402	70.536	112	129	239	6935719	6935830	7.31e-05	50.9	93
FJ751925.1	394	Chr04	212736402	96.774	372	15	386	80984664	80984294	8.49e-175	614	97
FJ751925.1	394	Chr04	212736402	96.774	372	15	386	80987730	80987360	8.49e-175	614	97
FJ751925.1	394	Chr04	212736402	97.222	324	15	338	115482538	115482215	1.26e-153	545	97
FJ751925.1	394	Chr04	212736402	96.552	174	213	386	165169169	165169341	1.88e-75	284	97
FJ751925.1	394	Chr04	212736402	74.905	263	17	277	173803326	173803064	2.98e-41	170	97
FJ751925.1	394	Chr04	212736402	74.427	262	17	277	173729050	173728789	3.63e-40	168	97
FJ751925.1	394	Chr04	212736402	74.007	277	5	276	151198172	151197898	4.43e-39	164	97
FJ751925.1	394	Chr04	212736402	73.551	276	5	277	173779379	173779104	1.88e-37	159	97
FJ751925.1	394	Chr04	212736402	70.536	112	129	239	6935719	6935830	7.03e-05	50.9	97
FJ751926.1	395	Chr04	212736402	96.515	373	15	387	80984664	80984294	1.26e-172	608	97
FJ751926.1	395	Chr04	212736402	96.515	373	15	387	80987730	80987360	1.26e-172	608	97
FJ751926.1	395	Chr04	212736402	97.222	324	15	338	115482538	115482215	1.26e-153	545	97
FJ751926.1	395	Chr04	212736402	96.000	175	213	387	165169169	165169341	2.80e-73	278	97
FJ751926.1	395	Chr04	212736402	74.905	263	17	277	173803326	173803064	2.99e-41	170	97
FJ751926.1	395	Chr04	212736402	74.427	262	17	277	173729050	173728789	3.64e-40	168	97
FJ751926.1	395	Chr04	212736402	74.007	277	5	276	151198172	151197898	4.44e-39	164	97
FJ751926.1	395	Chr04	212736402	73.551	276	5	277	173779379	173779104	1.89e-37	159	97
FJ751926.1	395	Chr04	212736402	70.536	112	129	239	6935719	6935830	7.04e-05	50.9	97
FJ751927.1	395	Chr04	212736402	96.515	373	15	387	80987730	80987360	1.26e-172	608	97
FJ751927.1	395	Chr04	212736402	96.247	373	15	387	80984664	80984294	1.54e-171	603	97
FJ751927.1	395	Chr04	212736402	96.914	324	15	338	115482538	115482215	1.54e-152	540	97
FJ751927.1	395	Chr04	212736402	95.429	175	213	387	165169169	165169341	3.41e-72	273	97
FJ751927.1	395	Chr04	212736402	74.525	263	17	277	173803326	173803064	1.27e-39	166	97
FJ751927.1	395	Chr04	212736402	74.046	262	17	277	173729050	173728789	4.44e-39	163	97
FJ751927.1	395	Chr04	212736402	73.646	277	5	276	151198172	151197898	5.41e-38	159	97
FJ751927.1	395	Chr04	212736402	73.188	276	5	277	173779379	173779104	2.30e-36	154	97
FJ751930.1	395	Chr04	212736402	96.063	381	15	395	80984664	80984285	2.44e-175	617	99
FJ751930.1	395	Chr04	212736402	96.063	381	15	395	80987730	80987351	2.44e-175	617	99
FJ751930.1	395	Chr04	212736402	97.222	324	15	338	115482538	115482215	1.26e-153	545	99
FJ751930.1	395	Chr04	212736402	95.082	183	213	395	165169169	165169350	5.40e-76	287	99
FJ751930.1	395	Chr04	212736402	74.905	263	17	277	173803326	173803064	2.99e-41	170	99
FJ751930.1	395	Chr04	212736402	74.427	262	17	277	173729050	173728789	3.64e-40	168	99
FJ751930.1	395	Chr04	212736402	74.007	277	5	276	151198172	151197898	4.44e-39	164	99
FJ751930.1	395	Chr04	212736402	73.551	276	5	277	173779379	173779104	1.89e-37	159	99
FJ751930.1	395	Chr04	212736402	70.536	112	129	239	6935719	6935830	7.04e-05	50.9	99
FJ751933.1	396	Chr04	212736402	96.515	373	16	388	80984664	80984294	1.27e-172	608	97
FJ751933.1	396	Chr04	212736402	96.515	373	16	388	80987730	80987360	1.27e-172	608	97
FJ751933.1	396	Chr04	212736402	97.222	324	16	339	115482538	115482215	1.27e-153	545	97
FJ751933.1	396	Chr04	212736402	96.000	175	214	388	165169169	165169341	2.80e-73	278	97
FJ751933.1	396	Chr04	212736402	74.905	263	18	278	173803326	173803064	3.00e-41	170	97
FJ751933.1	396	Chr04	212736402	74.427	262	18	278	173729050	173728789	3.65e-40	168	97
FJ751933.1	396	Chr04	212736402	74.007	277	6	277	151198172	151197898	4.45e-39	164	97
FJ751933.1	396	Chr04	212736402	73.551	276	6	278	173779379	173779104	1.89e-37	159	97
FJ751933.1	396	Chr04	212736402	70.536	112	130	240	6935719	6935830	7.06e-05	50.9	97
FJ751934.1	395	Chr04	212736402	96.774	372	16	387	80984664	80984294	8.51e-175	614	97
FJ751934.1	395	Chr04	212736402	96.774	372	16	387	80987730	80987360	8.51e-175	614	97
FJ751934.1	395	Chr04	212736402	97.222	324	16	339	115482538	115482215	1.26e-153	545	97
FJ751934.1	395	Chr04	212736402	96.552	174	214	387	165169169	165169341	1.88e-75	284	97
FJ751934.1	395	Chr04	212736402	74.905	263	18	278	173803326	173803064	2.99e-41	170	97
FJ751934.1	395	Chr04	212736402	74.427	262	18	278	173729050	173728789	3.64e-40	168	97
FJ751934.1	395	Chr04	212736402	74.007	277	6	277	151198172	151197898	4.44e-39	164	97
FJ751934.1	395	Chr04	212736402	73.551	276	6	278	173779379	173779104	1.89e-37	159	97
FJ751934.1	395	Chr04	212736402	70.536	112	130	240	6935719	6935830	7.04e-05	50.9	97
MZ463745.1	387	Chr05	191430403	97.581	372	10	381	77865224	77865594	1.19e-178	627	96
MZ463745.1	387	Chr05	191430403	96.774	372	10	381	77366053	77366423	7.49e-175	614	96
MZ463745.1	387	Chr05	191430403	96.774	372	10	381	77548668	77549038	7.49e-175	614	96
MZ463745.1	387	Chr05	191430403	96.505	372	10	381	77735788	77736158	3.19e-173	609	96
MZ463745.1	387	Chr05	191430403	76.515	264	12	272	49102195	49102457	3.42e-46	187	96
MZ463745.1	387	Chr05	191430403	76.046	263	12	272	49136570	49136308	4.17e-45	184	96
MZ463745.1	387	Chr05	191430403	75.094	265	12	272	34838054	34838316	7.54e-42	173	96
MZ463745.1	387	Chr05	191430403	95.192	104	187	290	7853476	7853579	1.12e-39	166	96
MZ463746.1	387	Chr05	191430403	97.043	372	10	381	77865224	77865594	6.15e-176	618	96
MZ463746.1	387	Chr05	191430403	96.237	372	10	381	77366053	77366423	3.88e-172	605	96
MZ463746.1	387	Chr05	191430403	96.237	372	10	381	77548668	77549038	3.88e-172	605	96
MZ463746.1	387	Chr05	191430403	95.968	372	10	381	77735788	77736158	1.65e-170	600	96
MZ463746.1	387	Chr05	191430403	76.515	264	12	272	49102195	49102457	3.42e-46	187	96
MZ463746.1	387	Chr05	191430403	76.046	263	12	272	49136570	49136308	4.17e-45	184	96
MZ463746.1	387	Chr05	191430403	75.094	265	12	272	34838054	34838316	7.54e-42	173	96
MZ463746.1	387	Chr05	191430403	95.192	104	187	290	7853476	7853579	1.12e-39	166	96
MZ463747.1	387	Chr05	191430403	97.043	372	10	381	77865224	77865594	6.15e-176	618	96
MZ463747.1	387	Chr05	191430403	96.237	372	10	381	77366053	77366423	3.88e-172	605	96
MZ463747.1	387	Chr05	191430403	96.237	372	10	381	77548668	77549038	3.88e-172	605	96
MZ463747.1	387	Chr05	191430403	95.968	372	10	381	77735788	77736158	1.65e-170	600	96
MZ463747.1	387	Chr05	191430403	76.136	264	12	272	49102195	49102457	4.17e-45	183	96
MZ463747.1	387	Chr05	191430403	75.665	263	12	272	49136570	49136308	5.08e-44	179	96
MZ463747.1	387	Chr05	191430403	74.717	265	12	272	34838054	34838316	9.19e-41	168	96
MZ463747.1	387	Chr05	191430403	95.192	104	187	290	7853476	7853579	1.12e-39	166	96
MZ463748.1	387	Chr05	191430403	96.774	372	10	381	77865224	77865594	7.49e-175	614	96
MZ463748.1	387	Chr05	191430403	95.968	372	10	381	77366053	77366423	1.65e-170	600	96
MZ463748.1	387	Chr05	191430403	95.968	372	10	381	77548668	77549038	1.65e-170	600	96
MZ463748.1	387	Chr05	191430403	95.699	372	10	381	77735788	77736158	2.01e-169	596	96
MZ463748.1	387	Chr05	191430403	76.136	264	12	272	49102195	49102457	4.17e-45	183	96
MZ463748.1	387	Chr05	191430403	75.665	263	12	272	49136570	49136308	5.08e-44	179	96
MZ463748.1	387	Chr05	191430403	74.717	265	12	272	34838054	34838316	9.19e-41	168	96
MZ463748.1	387	Chr05	191430403	95.192	104	187	290	7853476	7853579	1.12e-39	166	96
MZ463749.1	391	Chr05	191430403	97.043	372	15	386	77865224	77865594	6.22e-176	618	98
MZ463749.1	391	Chr05	191430403	96.237	372	15	386	77366053	77366423	3.93e-172	605	98
MZ463749.1	391	Chr05	191430403	96.237	372	15	386	77548668	77549038	3.93e-172	605	98
MZ463749.1	391	Chr05	191430403	95.968	372	15	386	77735788	77736158	1.67e-170	600	98
MZ463749.1	391	Chr05	191430403	76.136	264	17	277	49102195	49102457	4.22e-45	183	98
MZ463749.1	391	Chr05	191430403	75.362	276	5	277	49136583	49136308	1.47e-44	181	98
MZ463749.1	391	Chr05	191430403	74.460	278	5	277	34838041	34838316	2.66e-41	170	98
MZ463749.1	391	Chr05	191430403	95.192	104	192	295	7853476	7853579	1.13e-39	166	98
MZ463750.1	392	Chr05	191430403	96.774	372	15	386	77865224	77865594	7.60e-175	614	97
MZ463750.1	392	Chr05	191430403	95.968	372	15	386	77366053	77366423	1.67e-170	600	97
MZ463750.1	392	Chr05	191430403	95.968	372	15	386	77548668	77549038	1.67e-170	600	97
MZ463750.1	392	Chr05	191430403	95.699	372	15	386	77735788	77736158	2.04e-169	596	97
MZ463750.1	392	Chr05	191430403	75.758	264	17	277	49102195	49102457	1.80e-43	178	97
MZ463750.1	392	Chr05	191430403	75.000	276	5	277	49136583	49136308	6.28e-43	177	97
MZ463750.1	392	Chr05	191430403	95.192	104	192	295	7853476	7853579	1.13e-39	166	97
MZ463750.1	392	Chr05	191430403	74.101	278	5	277	34838041	34838316	1.13e-39	166	97
MZ463751.1	393	Chr05	191430403	97.043	372	15	386	77865224	77865594	6.25e-176	618	97
MZ463751.1	393	Chr05	191430403	96.237	372	15	386	77366053	77366423	3.95e-172	605	97
MZ463751.1	393	Chr05	191430403	96.237	372	15	386	77548668	77549038	3.95e-172	605	97
MZ463751.1	393	Chr05	191430403	95.968	372	15	386	77735788	77736158	1.68e-170	600	97
MZ463751.1	393	Chr05	191430403	76.515	264	17	277	49102195	49102457	3.48e-46	187	97
MZ463751.1	393	Chr05	191430403	75.725	276	5	277	49136583	49136308	1.21e-45	186	97
MZ463751.1	393	Chr05	191430403	74.820	278	5	277	34838041	34838316	2.20e-42	175	97
MZ463751.1	393	Chr05	191430403	95.192	104	192	295	7853476	7853579	1.14e-39	166	97
MZ463752.1	394	Chr05	191430403	96.774	372	15	386	77865224	77865594	7.64e-175	614	97
MZ463752.1	394	Chr05	191430403	95.968	372	15	386	77366053	77366423	1.68e-170	600	97
MZ463752.1	394	Chr05	191430403	95.968	372	15	386	77548668	77549038	1.68e-170	600	97
MZ463752.1	394	Chr05	191430403	95.699	372	15	386	77735788	77736158	2.05e-169	596	97
MZ463752.1	394	Chr05	191430403	76.515	264	17	277	49102195	49102457	3.49e-46	187	97
MZ463752.1	394	Chr05	191430403	75.725	276	5	277	49136583	49136308	1.22e-45	186	97
MZ463752.1	394	Chr05	191430403	74.820	278	5	277	34838041	34838316	2.20e-42	175	97
MZ463752.1	394	Chr05	191430403	95.192	104	192	295	7853476	7853579	1.14e-39	166	97
MZ463753.1	394	Chr05	191430403	96.774	372	15	386	77865224	77865594	7.64e-175	614	97
MZ463753.1	394	Chr05	191430403	95.968	372	15	386	77366053	77366423	1.68e-170	600	97
MZ463753.1	394	Chr05	191430403	95.968	372	15	386	77548668	77549038	1.68e-170	600	97
MZ463753.1	394	Chr05	191430403	95.699	372	15	386	77735788	77736158	2.05e-169	596	97
MZ463753.1	394	Chr05	191430403	76.136	264	17	277	49102195	49102457	4.25e-45	183	97
MZ463753.1	394	Chr05	191430403	75.362	276	5	277	49136583	49136308	1.48e-44	181	97
MZ463753.1	394	Chr05	191430403	74.460	278	5	277	34838041	34838316	2.68e-41	170	97
MZ463753.1	394	Chr05	191430403	94.231	104	192	295	7853476	7853579	1.39e-38	161	97
MZ463754.1	394	Chr05	191430403	96.774	372	15	386	77865224	77865594	7.64e-175	614	97
MZ463754.1	394	Chr05	191430403	95.968	372	15	386	77366053	77366423	1.68e-170	600	97
MZ463754.1	394	Chr05	191430403	95.968	372	15	386	77548668	77549038	1.68e-170	600	97
MZ463754.1	394	Chr05	191430403	95.699	372	15	386	77735788	77736158	2.05e-169	596	97
MZ463754.1	394	Chr05	191430403	76.136	264	5	265	49136583	49136320	1.48e-44	182	97
MZ463754.1	394	Chr05	191430403	76.829	246	17	260	49102195	49102440	5.18e-44	180	97
MZ463754.1	394	Chr05	191430403	75.290	259	5	260	34838041	34838299	9.37e-41	168	97
MZ463754.1	394	Chr05	191430403	94.231	104	192	295	7853476	7853579	1.39e-38	161	97
MZ463755.1	394	Chr05	191430403	97.043	372	15	386	77865224	77865594	6.27e-176	618	97
MZ463755.1	394	Chr05	191430403	96.237	372	15	386	77366053	77366423	3.96e-172	605	97
MZ463755.1	394	Chr05	191430403	96.237	372	15	386	77548668	77549038	3.96e-172	605	97
MZ463755.1	394	Chr05	191430403	95.968	372	15	386	77735788	77736158	1.68e-170	600	97
MZ463755.1	394	Chr05	191430403	76.894	264	17	277	49102195	49102457	8.21e-48	192	97
MZ463755.1	394	Chr05	191430403	76.087	276	5	277	49136583	49136308	2.87e-47	190	97
MZ463755.1	394	Chr05	191430403	75.180	278	5	277	34838041	34838316	5.18e-44	179	97
MZ463755.1	394	Chr05	191430403	94.231	104	192	295	7853476	7853579	1.39e-38	161	97
MZ463756.1	394	Chr05	191430403	97.043	372	15	386	77865224	77865594	6.27e-176	618	97
MZ463756.1	394	Chr05	191430403	96.237	372	15	386	77366053	77366423	3.96e-172	605	97
MZ463756.1	394	Chr05	191430403	96.237	372	15	386	77548668	77549038	3.96e-172	605	97
MZ463756.1	394	Chr05	191430403	95.968	372	15	386	77735788	77736158	1.68e-170	600	97
MZ463756.1	394	Chr05	191430403	76.136	264	17	277	49102195	49102457	4.25e-45	183	97
MZ463756.1	394	Chr05	191430403	75.362	276	5	277	49136583	49136308	1.48e-44	181	97
MZ463756.1	394	Chr05	191430403	74.460	278	5	277	34838041	34838316	2.68e-41	170	97
MZ463756.1	394	Chr05	191430403	94.231	104	192	295	7853476	7853579	1.39e-38	161	97
MZ463757.1	394	Chr05	191430403	96.774	372	15	386	77865224	77865594	7.64e-175	614	97
MZ463757.1	394	Chr05	191430403	95.968	372	15	386	77366053	77366423	1.68e-170	600	97
MZ463757.1	394	Chr05	191430403	95.968	372	15	386	77548668	77549038	1.68e-170	600	97
MZ463757.1	394	Chr05	191430403	95.699	372	15	386	77735788	77736158	2.05e-169	596	97
MZ463757.1	394	Chr05	191430403	76.136	264	17	277	49102195	49102457	4.25e-45	183	97
MZ463757.1	394	Chr05	191430403	75.362	276	5	277	49136583	49136308	1.48e-44	181	97
MZ463757.1	394	Chr05	191430403	74.460	278	5	277	34838041	34838316	2.68e-41	170	97
MZ463757.1	394	Chr05	191430403	94.231	104	192	295	7853476	7853579	1.39e-38	161	97
MZ463758.1	394	Chr05	191430403	97.043	372	15	386	77865224	77865594	6.27e-176	618	97
MZ463758.1	394	Chr05	191430403	96.237	372	15	386	77366053	77366423	3.96e-172	605	97
MZ463758.1	394	Chr05	191430403	96.237	372	15	386	77548668	77549038	3.96e-172	605	97
MZ463758.1	394	Chr05	191430403	95.968	372	15	386	77735788	77736158	1.68e-170	600	97
MZ463758.1	394	Chr05	191430403	76.136	264	17	277	49102195	49102457	4.25e-45	183	97
MZ463758.1	394	Chr05	191430403	75.362	276	5	277	49136583	49136308	1.48e-44	181	97
MZ463758.1	394	Chr05	191430403	74.460	278	5	277	34838041	34838316	2.68e-41	170	97
MZ463758.1	394	Chr05	191430403	95.192	104	192	295	7853476	7853579	1.14e-39	166	97
MZ463759.1	410	Chr05	191430403	97.043	372	15	386	77865224	77865594	6.55e-176	618	93
MZ463759.1	410	Chr05	191430403	96.237	372	15	386	77366053	77366423	4.13e-172	605	93
MZ463759.1	410	Chr05	191430403	96.237	372	15	386	77548668	77549038	4.13e-172	605	93
MZ463759.1	410	Chr05	191430403	95.968	372	15	386	77735788	77736158	1.76e-170	600	93
MZ463759.1	410	Chr05	191430403	76.136	264	17	277	49102195	49102457	4.44e-45	183	93
MZ463759.1	410	Chr05	191430403	75.362	276	5	277	49136583	49136308	1.55e-44	181	93
MZ463759.1	410	Chr05	191430403	74.460	278	5	277	34838041	34838316	2.80e-41	170	93
MZ463759.1	410	Chr05	191430403	95.192	104	192	295	7853476	7853579	1.19e-39	166	93
FJ751925.1	394	Chr05	191430403	97.312	372	15	386	77865224	77865594	1.47e-177	623	97
FJ751925.1	394	Chr05	191430403	96.505	372	15	386	77366053	77366423	3.25e-173	609	97
FJ751925.1	394	Chr05	191430403	96.505	372	15	386	77548668	77549038	3.25e-173	609	97
FJ751925.1	394	Chr05	191430403	96.237	372	15	386	77735788	77736158	3.96e-172	605	97
FJ751925.1	394	Chr05	191430403	76.515	264	17	277	49102195	49102457	3.49e-46	187	97
FJ751925.1	394	Chr05	191430403	75.725	276	5	277	49136583	49136308	1.22e-45	186	97
FJ751925.1	394	Chr05	191430403	74.820	278	5	277	34838041	34838316	2.20e-42	175	97
FJ751925.1	394	Chr05	191430403	95.192	104	192	295	7853476	7853579	1.14e-39	166	97
FJ751926.1	395	Chr05	191430403	97.051	373	15	387	77865224	77865594	2.20e-175	617	97
FJ751926.1	395	Chr05	191430403	96.247	373	15	387	77366053	77366423	1.39e-171	603	97
FJ751926.1	395	Chr05	191430403	96.247	373	15	387	77548668	77549038	1.39e-171	603	97
FJ751926.1	395	Chr05	191430403	95.979	373	15	387	77735788	77736158	5.89e-170	599	97
FJ751926.1	395	Chr05	191430403	76.515	264	17	277	49102195	49102457	3.50e-46	187	97
FJ751926.1	395	Chr05	191430403	75.725	276	5	277	49136583	49136308	1.22e-45	186	97
FJ751926.1	395	Chr05	191430403	74.820	278	5	277	34838041	34838316	2.21e-42	175	97
FJ751926.1	395	Chr05	191430403	95.192	104	192	295	7853476	7853579	1.14e-39	166	97
FJ751927.1	395	Chr05	191430403	96.783	373	15	387	77865224	77865594	2.67e-174	612	97
FJ751927.1	395	Chr05	191430403	95.979	373	15	387	77366053	77366423	5.89e-170	599	97
FJ751927.1	395	Chr05	191430403	95.979	373	15	387	77548668	77549038	5.89e-170	599	97
FJ751927.1	395	Chr05	191430403	95.710	373	15	387	77735788	77736158	7.18e-169	594	97
FJ751927.1	395	Chr05	191430403	76.136	264	17	277	49102195	49102457	4.26e-45	183	97
FJ751927.1	395	Chr05	191430403	75.362	276	5	277	49136583	49136308	1.49e-44	181	97
FJ751927.1	395	Chr05	191430403	74.460	278	5	277	34838041	34838316	2.69e-41	170	97
FJ751927.1	395	Chr05	191430403	94.231	104	192	295	7853476	7853579	1.39e-38	161	97
FJ751930.1	395	Chr05	191430403	96.588	381	15	395	77865224	77865603	4.24e-178	626	99
FJ751930.1	395	Chr05	191430403	95.801	381	15	395	77366053	77366432	2.67e-174	612	99
FJ751930.1	395	Chr05	191430403	95.801	381	15	395	77548668	77549047	2.67e-174	612	99
FJ751930.1	395	Chr05	191430403	95.538	381	15	395	77735788	77736167	1.14e-172	608	99
FJ751930.1	395	Chr05	191430403	76.515	264	17	277	49102195	49102457	3.50e-46	187	99
FJ751930.1	395	Chr05	191430403	75.725	276	5	277	49136583	49136308	1.22e-45	186	99
FJ751930.1	395	Chr05	191430403	74.820	278	5	277	34838041	34838316	2.21e-42	175	99
FJ751930.1	395	Chr05	191430403	95.192	104	192	295	7853476	7853579	1.14e-39	166	99
FJ751933.1	396	Chr05	191430403	97.051	373	16	388	77865224	77865594	2.20e-175	617	97
FJ751933.1	396	Chr05	191430403	96.247	373	16	388	77366053	77366423	1.39e-171	603	97
FJ751933.1	396	Chr05	191430403	96.247	373	16	388	77548668	77549038	1.39e-171	603	97
FJ751933.1	396	Chr05	191430403	95.979	373	16	388	77735788	77736158	5.91e-170	599	97
FJ751933.1	396	Chr05	191430403	76.515	264	18	278	49102195	49102457	3.51e-46	187	97
FJ751933.1	396	Chr05	191430403	75.725	276	6	278	49136583	49136308	1.22e-45	186	97
FJ751933.1	396	Chr05	191430403	74.820	278	6	278	34838041	34838316	2.21e-42	175	97
FJ751933.1	396	Chr05	191430403	95.192	104	193	296	7853476	7853579	1.15e-39	166	97
FJ751934.1	395	Chr05	191430403	97.312	372	16	387	77865224	77865594	1.48e-177	623	97
FJ751934.1	395	Chr05	191430403	96.505	372	16	387	77366053	77366423	3.26e-173	609	97
FJ751934.1	395	Chr05	191430403	96.505	372	16	387	77548668	77549038	3.26e-173	609	97
FJ751934.1	395	Chr05	191430403	96.237	372	16	387	77735788	77736158	3.97e-172	605	97
FJ751934.1	395	Chr05	191430403	76.515	264	18	278	49102195	49102457	3.50e-46	187	97
FJ751934.1	395	Chr05	191430403	75.725	276	6	278	49136583	49136308	1.22e-45	186	97
FJ751934.1	395	Chr05	191430403	74.820	278	6	278	34838041	34838316	2.21e-42	175	97
FJ751934.1	395	Chr05	191430403	95.192	104	193	296	7853476	7853579	1.14e-39	166	97
MZ463745.1	387	Chr06	188008672	93.548	372	10	381	87729582	87729952	1.42e-158	560	96
MZ463745.1	387	Chr06	188008672	74.144	263	12	272	27282585	27282845	1.99e-36	154	96
MZ463745.1	387	Chr06	188008672	75.789	190	12	200	150431435	150431246	6.50e-30	132	96
MZ463745.1	387	Chr06	188008672	91.954	87	218	304	149383943	149384029	9.64e-28	126	96
MZ463745.1	387	Chr06	188008672	75.691	181	12	191	39123483	39123663	9.64e-28	125	96
MZ463745.1	387	Chr06	188008672	77.193	114	132	244	152483434	152483547	8.46e-16	86.0	96
MZ463745.1	387	Chr06	188008672	77.193	114	132	244	152607227	152607340	8.46e-16	86.0	96
MZ463746.1	387	Chr06	188008672	93.011	372	10	381	87729582	87729952	7.37e-156	551	96
MZ463746.1	387	Chr06	188008672	74.144	263	12	272	27282585	27282845	1.99e-36	154	96
MZ463746.1	387	Chr06	188008672	75.789	190	12	200	150431435	150431246	6.50e-30	132	96
MZ463746.1	387	Chr06	188008672	91.954	87	218	304	149383943	149384029	9.64e-28	126	96
MZ463746.1	387	Chr06	188008672	75.691	181	12	191	39123483	39123663	9.64e-28	125	96
MZ463746.1	387	Chr06	188008672	77.193	114	132	244	152483434	152483547	8.46e-16	86.0	96
MZ463746.1	387	Chr06	188008672	77.193	114	132	244	152607227	152607340	8.46e-16	86.0	96
MZ463747.1	387	Chr06	188008672	93.011	372	10	381	87729582	87729952	7.37e-156	551	96
MZ463747.1	387	Chr06	188008672	74.525	263	12	272	27282585	27282845	1.63e-37	159	96
MZ463747.1	387	Chr06	188008672	75.263	190	12	200	150431435	150431246	2.76e-28	128	96
MZ463747.1	387	Chr06	188008672	91.954	87	218	304	149383943	149384029	9.64e-28	126	96
MZ463747.1	387	Chr06	188008672	75.138	181	12	191	39123483	39123663	4.10e-26	121	96
MZ463747.1	387	Chr06	188008672	77.193	114	132	244	152483434	152483547	8.46e-16	86.0	96
MZ463747.1	387	Chr06	188008672	77.193	114	132	244	152607227	152607340	8.46e-16	86.0	96
MZ463748.1	387	Chr06	188008672	92.742	372	10	381	87729582	87729952	3.13e-154	546	96
MZ463748.1	387	Chr06	188008672	73.764	263	12	272	27282585	27282845	8.45e-35	150	96
MZ463748.1	387	Chr06	188008672	75.263	190	12	200	150431435	150431246	2.76e-28	128	96
MZ463748.1	387	Chr06	188008672	91.954	87	218	304	149383943	149384029	9.64e-28	126	96
MZ463748.1	387	Chr06	188008672	75.138	181	12	191	39123483	39123663	4.10e-26	121	96
MZ463748.1	387	Chr06	188008672	77.193	114	132	244	152483434	152483547	8.46e-16	86.0	96
MZ463748.1	387	Chr06	188008672	77.193	114	132	244	152607227	152607340	8.46e-16	86.0	96
MZ463749.1	391	Chr06	188008672	93.011	372	15	386	87729582	87729952	7.45e-156	551	98
MZ463749.1	391	Chr06	188008672	73.764	263	17	277	27282585	27282845	8.54e-35	150	98
MZ463749.1	391	Chr06	188008672	74.877	203	5	205	150431448	150431246	8.00e-29	130	98
MZ463749.1	391	Chr06	188008672	91.954	87	223	309	149383943	149384029	9.75e-28	126	98
MZ463749.1	391	Chr06	188008672	75.138	181	17	196	39123483	39123663	4.15e-26	121	98
MZ463749.1	391	Chr06	188008672	77.193	114	137	249	152483434	152483547	8.55e-16	86.0	98
MZ463749.1	391	Chr06	188008672	77.193	114	137	249	152607227	152607340	8.55e-16	86.0	98
MZ463750.1	392	Chr06	188008672	92.742	372	15	386	87729582	87729952	3.18e-154	546	97
MZ463750.1	392	Chr06	188008672	73.384	263	17	277	27282585	27282845	1.04e-33	145	97
MZ463750.1	392	Chr06	188008672	91.954	87	223	309	149383943	149384029	9.78e-28	126	97
MZ463750.1	392	Chr06	188008672	74.384	203	5	205	150431448	150431246	9.78e-28	125	97
MZ463750.1	392	Chr06	188008672	74.586	181	17	196	39123483	39123663	5.06e-25	116	97
MZ463750.1	392	Chr06	188008672	77.193	114	137	249	152483434	152483547	8.58e-16	86.0	97
MZ463750.1	392	Chr06	188008672	77.193	114	137	249	152607227	152607340	8.58e-16	86.0	97
MZ463751.1	393	Chr06	188008672	93.011	372	15	386	87729582	87729952	7.49e-156	551	97
MZ463751.1	393	Chr06	188008672	74.144	263	17	277	27282585	27282845	2.02e-36	154	97
MZ463751.1	393	Chr06	188008672	75.369	203	5	205	150431448	150431246	1.89e-30	134	97
MZ463751.1	393	Chr06	188008672	91.954	87	223	309	149383943	149384029	9.80e-28	126	97
MZ463751.1	393	Chr06	188008672	75.691	181	17	196	39123483	39123663	9.80e-28	125	97
MZ463751.1	393	Chr06	188008672	77.193	114	137	249	152483434	152483547	8.60e-16	86.0	97
MZ463751.1	393	Chr06	188008672	77.193	114	137	249	152607227	152607340	8.60e-16	86.0	97
MZ463752.1	394	Chr06	188008672	92.742	372	15	386	87729582	87729952	3.19e-154	546	97
MZ463752.1	394	Chr06	188008672	74.144	263	17	277	27282585	27282845	2.03e-36	154	97
MZ463752.1	394	Chr06	188008672	75.369	203	5	205	150431448	150431246	1.90e-30	134	97
MZ463752.1	394	Chr06	188008672	91.954	87	223	309	149383943	149384029	9.83e-28	126	97
MZ463752.1	394	Chr06	188008672	75.691	181	17	196	39123483	39123663	9.83e-28	125	97
MZ463752.1	394	Chr06	188008672	77.193	114	137	249	152483434	152483547	8.62e-16	86.0	97
MZ463752.1	394	Chr06	188008672	77.193	114	137	249	152607227	152607340	8.62e-16	86.0	97
MZ463753.1	394	Chr06	188008672	93.011	372	15	386	87729582	87729952	7.51e-156	551	97
MZ463753.1	394	Chr06	188008672	73.764	263	17	277	27282585	27282845	8.62e-35	150	97
MZ463753.1	394	Chr06	188008672	93.103	87	223	309	149383943	149384029	2.31e-29	131	97
MZ463753.1	394	Chr06	188008672	74.877	203	5	205	150431448	150431246	8.07e-29	130	97
MZ463753.1	394	Chr06	188008672	75.138	181	17	196	39123483	39123663	4.18e-26	121	97
MZ463753.1	394	Chr06	188008672	77.193	114	137	249	152483434	152483547	8.62e-16	86.0	97
MZ463753.1	394	Chr06	188008672	77.193	114	137	249	152607227	152607340	8.62e-16	86.0	97
MZ463754.1	394	Chr06	188008672	92.742	372	15	386	87729582	87729952	3.19e-154	546	97
MZ463754.1	394	Chr06	188008672	74.502	251	17	265	27282585	27282833	2.47e-35	150	97
MZ463754.1	394	Chr06	188008672	75.369	203	5	205	150431448	150431246	1.90e-30	134	97
MZ463754.1	394	Chr06	188008672	75.691	181	17	196	39123483	39123663	9.83e-28	125	97
MZ463754.1	394	Chr06	188008672	90.805	87	223	309	149383943	149384029	1.20e-26	122	97
MZ463754.1	394	Chr06	188008672	77.477	111	140	249	152483437	152483547	3.01e-15	85.1	97
MZ463754.1	394	Chr06	188008672	77.477	111	140	249	152607230	152607340	3.01e-15	85.1	97
MZ463755.1	394	Chr06	188008672	93.011	372	15	386	87729582	87729952	7.51e-156	551	97
MZ463755.1	394	Chr06	188008672	74.525	263	17	277	27282585	27282845	1.66e-37	159	97
MZ463755.1	394	Chr06	188008672	75.369	203	5	205	150431448	150431246	1.90e-30	134	97
MZ463755.1	394	Chr06	188008672	91.954	87	223	309	149383943	149384029	9.83e-28	126	97
MZ463755.1	394	Chr06	188008672	75.691	181	17	196	39123483	39123663	9.83e-28	125	97
MZ463755.1	394	Chr06	188008672	78.070	114	137	249	152483434	152483547	7.08e-17	90.6	97
MZ463755.1	394	Chr06	188008672	78.070	114	137	249	152607227	152607340	7.08e-17	90.6	97
MZ463755.1	394	Chr06	188008672	72.826	92	156	246	101829347	101829256	6.21e-05	50.9	97
MZ463756.1	394	Chr06	188008672	93.011	372	15	386	87729582	87729952	7.51e-156	551	97
MZ463756.1	394	Chr06	188008672	73.764	263	17	277	27282585	27282845	8.62e-35	150	97
MZ463756.1	394	Chr06	188008672	75.369	203	5	205	150431448	150431246	1.90e-30	134	97
MZ463756.1	394	Chr06	188008672	75.691	181	17	196	39123483	39123663	9.83e-28	125	97
MZ463756.1	394	Chr06	188008672	90.805	87	223	309	149383943	149384029	1.20e-26	122	97
MZ463756.1	394	Chr06	188008672	77.193	114	137	249	152483434	152483547	8.62e-16	86.0	97
MZ463756.1	394	Chr06	188008672	77.193	114	137	249	152607227	152607340	8.62e-16	86.0	97
MZ463757.1	394	Chr06	188008672	92.742	372	15	386	87729582	87729952	3.19e-154	546	97
MZ463757.1	394	Chr06	188008672	73.764	263	17	277	27282585	27282845	8.62e-35	150	97
MZ463757.1	394	Chr06	188008672	74.877	203	5	205	150431448	150431246	8.07e-29	130	97
MZ463757.1	394	Chr06	188008672	90.805	87	223	309	149383943	149384029	1.20e-26	122	97
MZ463757.1	394	Chr06	188008672	75.138	181	17	196	39123483	39123663	4.18e-26	121	97
MZ463757.1	394	Chr06	188008672	76.316	114	137	249	152483434	152483547	3.67e-14	81.5	97
MZ463757.1	394	Chr06	188008672	76.316	114	137	249	152607227	152607340	3.67e-14	81.5	97
MZ463758.1	394	Chr06	188008672	93.011	372	15	386	87729582	87729952	7.51e-156	551	97
MZ463758.1	394	Chr06	188008672	73.764	263	17	277	27282585	27282845	8.62e-35	150	97
MZ463758.1	394	Chr06	188008672	74.877	203	5	205	150431448	150431246	8.07e-29	130	97
MZ463758.1	394	Chr06	188008672	91.954	87	223	309	149383943	149384029	9.83e-28	126	97
MZ463758.1	394	Chr06	188008672	75.138	181	17	196	39123483	39123663	4.18e-26	121	97
MZ463758.1	394	Chr06	188008672	77.193	114	137	249	152483434	152483547	8.62e-16	86.0	97
MZ463758.1	394	Chr06	188008672	77.193	114	137	249	152607227	152607340	8.62e-16	86.0	97
MZ463759.1	410	Chr06	188008672	93.011	372	15	386	87729582	87729952	7.84e-156	551	93
MZ463759.1	410	Chr06	188008672	73.764	263	17	277	27282585	27282845	8.99e-35	150	93
MZ463759.1	410	Chr06	188008672	74.877	203	5	205	150431448	150431246	8.42e-29	130	93
MZ463759.1	410	Chr06	188008672	91.954	87	223	309	149383943	149384029	1.03e-27	126	93
MZ463759.1	410	Chr06	188008672	75.138	181	17	196	39123483	39123663	4.36e-26	121	93
MZ463759.1	410	Chr06	188008672	77.193	114	137	249	152483434	152483547	9.00e-16	86.0	93
MZ463759.1	410	Chr06	188008672	77.193	114	137	249	152607227	152607340	9.00e-16	86.0	93
FJ751925.1	394	Chr06	188008672	93.280	372	15	386	87729582	87729952	6.17e-157	555	97
FJ751925.1	394	Chr06	188008672	74.144	263	17	277	27282585	27282845	2.03e-36	154	97
FJ751925.1	394	Chr06	188008672	75.369	203	5	205	150431448	150431246	1.90e-30	134	97
FJ751925.1	394	Chr06	188008672	91.954	87	223	309	149383943	149384029	9.83e-28	126	97
FJ751925.1	394	Chr06	188008672	75.691	181	17	196	39123483	39123663	9.83e-28	125	97
FJ751925.1	394	Chr06	188008672	77.193	114	137	249	152483434	152483547	8.62e-16	86.0	97
FJ751925.1	394	Chr06	188008672	77.193	114	137	249	152607227	152607340	8.62e-16	86.0	97
FJ751926.1	395	Chr06	188008672	93.029	373	15	387	87729582	87729952	2.63e-155	549	97
FJ751926.1	395	Chr06	188008672	74.144	263	17	277	27282585	27282845	2.03e-36	154	97
FJ751926.1	395	Chr06	188008672	75.369	203	5	205	150431448	150431246	1.90e-30	134	97
FJ751926.1	395	Chr06	188008672	91.954	87	223	309	149383943	149384029	9.86e-28	126	97
FJ751926.1	395	Chr06	188008672	75.691	181	17	196	39123483	39123663	9.86e-28	125	97
FJ751926.1	395	Chr06	188008672	77.193	114	137	249	152483434	152483547	8.65e-16	86.0	97
FJ751926.1	395	Chr06	188008672	77.193	114	137	249	152607227	152607340	8.65e-16	86.0	97
FJ751927.1	395	Chr06	188008672	92.761	373	15	387	87729582	87729952	1.12e-153	545	97
FJ751927.1	395	Chr06	188008672	73.764	263	17	277	27282585	27282845	8.64e-35	150	97
FJ751927.1	395	Chr06	188008672	75.369	203	5	205	150431448	150431246	1.90e-30	134	97
FJ751927.1	395	Chr06	188008672	75.691	181	17	196	39123483	39123663	9.86e-28	125	97
FJ751927.1	395	Chr06	188008672	90.805	87	223	309	149383943	149384029	1.20e-26	122	97
FJ751927.1	395	Chr06	188008672	76.316	114	137	249	152483434	152483547	3.68e-14	81.5	97
FJ751927.1	395	Chr06	188008672	76.316	114	137	249	152607227	152607340	3.68e-14	81.5	97
FJ751930.1	395	Chr06	188008672	92.651	381	15	395	87729582	87729961	5.07e-158	558	99
FJ751930.1	395	Chr06	188008672	74.144	263	17	277	27282585	27282845	2.03e-36	154	99
FJ751930.1	395	Chr06	188008672	75.369	203	5	205	150431448	150431246	1.90e-30	134	99
FJ751930.1	395	Chr06	188008672	91.954	87	223	309	149383943	149384029	9.86e-28	126	99
FJ751930.1	395	Chr06	188008672	75.691	181	17	196	39123483	39123663	9.86e-28	125	99
FJ751930.1	395	Chr06	188008672	77.193	114	137	249	152483434	152483547	8.65e-16	86.0	99
FJ751930.1	395	Chr06	188008672	77.193	114	137	249	152607227	152607340	8.65e-16	86.0	99
FJ751933.1	396	Chr06	188008672	93.029	373	16	388	87729582	87729952	2.64e-155	549	97
FJ751933.1	396	Chr06	188008672	74.144	263	18	278	27282585	27282845	2.04e-36	154	97
FJ751933.1	396	Chr06	188008672	75.369	203	6	206	150431448	150431246	1.91e-30	134	97
FJ751933.1	396	Chr06	188008672	91.954	87	224	310	149383943	149384029	9.88e-28	126	97
FJ751933.1	396	Chr06	188008672	75.691	181	18	197	39123483	39123663	9.88e-28	125	97
FJ751933.1	396	Chr06	188008672	77.193	114	138	250	152483434	152483547	8.67e-16	86.0	97
FJ751933.1	396	Chr06	188008672	77.193	114	138	250	152607227	152607340	8.67e-16	86.0	97
FJ751934.1	395	Chr06	188008672	93.280	372	16	387	87729582	87729952	6.18e-157	555	97
FJ751934.1	395	Chr06	188008672	74.144	263	18	278	27282585	27282845	2.03e-36	154	97
FJ751934.1	395	Chr06	188008672	75.369	203	6	206	150431448	150431246	1.90e-30	134	97
FJ751934.1	395	Chr06	188008672	91.954	87	224	310	149383943	149384029	9.86e-28	126	97
FJ751934.1	395	Chr06	188008672	75.691	181	18	197	39123483	39123663	9.86e-28	125	97
FJ751934.1	395	Chr06	188008672	77.193	114	138	250	152483434	152483547	8.65e-16	86.0	97
FJ751934.1	395	Chr06	188008672	77.193	114	138	250	152607227	152607340	8.65e-16	86.0	97
MZ463745.1	387	Chr07	188110659	71.329	143	132	273	7002513	7002655	6.51e-11	70.7	51
MZ463746.1	387	Chr07	188110659	71.329	143	132	273	7002513	7002655	6.51e-11	70.7	51
MZ463747.1	387	Chr07	188110659	71.329	143	132	273	7002513	7002655	6.51e-11	70.7	51
MZ463748.1	387	Chr07	188110659	71.329	143	132	273	7002513	7002655	6.51e-11	70.7	51
MZ463749.1	391	Chr07	188110659	71.329	143	137	278	7002513	7002655	6.58e-11	70.7	50
MZ463750.1	392	Chr07	188110659	71.329	143	137	278	7002513	7002655	6.60e-11	70.7	50
MZ463751.1	393	Chr07	188110659	71.329	143	137	278	7002513	7002655	6.61e-11	70.7	50
MZ463752.1	394	Chr07	188110659	71.329	143	137	278	7002513	7002655	6.63e-11	70.7	50
MZ463753.1	394	Chr07	188110659	71.329	143	137	278	7002513	7002655	6.63e-11	70.7	50
MZ463755.1	394	Chr07	188110659	72.028	143	137	278	7002513	7002655	1.56e-12	75.2	50
MZ463757.1	394	Chr07	188110659	70.629	143	137	278	7002513	7002655	8.08e-10	66.2	50
MZ463758.1	394	Chr07	188110659	71.329	143	137	278	7002513	7002655	6.63e-11	70.7	50
FJ751925.1	394	Chr07	188110659	71.329	143	137	278	7002513	7002655	6.63e-11	70.7	50
FJ751926.1	395	Chr07	188110659	71.329	143	137	278	7002513	7002655	6.65e-11	70.7	50
FJ751927.1	395	Chr07	188110659	70.629	143	137	278	7002513	7002655	8.10e-10	66.2	50
FJ751930.1	395	Chr07	188110659	71.329	143	137	278	7002513	7002655	6.65e-11	70.7	50
FJ751934.1	395	Chr07	188110659	71.329	143	138	279	7002513	7002655	6.65e-11	70.7	50
MZ463745.1	387	Chr08	186625174	98.656	372	10	381	11746716	11747086	0.0	645	96
MZ463745.1	387	Chr08	186625174	96.774	372	10	381	135977580	135977950	7.31e-175	614	96
MZ463745.1	387	Chr08	186625174	72.857	210	65	272	1934470	1934679	1.73e-24	115	96
MZ463745.1	387	Chr08	186625174	85.366	82	12	93	12206085	12206166	1.62e-18	95.1	96
MZ463745.1	387	Chr08	186625174	76.068	117	132	247	162128658	162128542	1.02e-14	82.4	96
MZ463745.1	387	Chr08	186625174	76.842	95	179	272	143913936	143914030	6.45e-11	69.8	96
MZ463746.1	387	Chr08	186625174	98.118	372	10	381	11746716	11747086	0.0	636	96
MZ463746.1	387	Chr08	186625174	96.237	372	10	381	135977580	135977950	3.78e-172	605	96
MZ463746.1	387	Chr08	186625174	72.857	210	65	272	1934470	1934679	1.73e-24	115	96
MZ463746.1	387	Chr08	186625174	85.366	82	12	93	12206085	12206166	1.62e-18	95.1	96
MZ463746.1	387	Chr08	186625174	76.068	117	132	247	162128658	162128542	1.02e-14	82.4	96
MZ463746.1	387	Chr08	186625174	76.842	95	179	272	143913936	143914030	6.45e-11	69.8	96
MZ463747.1	387	Chr08	186625174	98.118	372	10	381	11746716	11747086	0.0	636	96
MZ463747.1	387	Chr08	186625174	96.237	372	10	381	135977580	135977950	3.78e-172	605	96
MZ463747.1	387	Chr08	186625174	72.381	210	65	272	1934470	1934679	2.11e-23	111	96
MZ463747.1	387	Chr08	186625174	85.366	82	12	93	12206085	12206166	1.62e-18	95.1	96
MZ463747.1	387	Chr08	186625174	76.068	117	132	247	162128658	162128542	1.02e-14	82.4	96
MZ463747.1	387	Chr08	186625174	76.842	95	179	272	143913936	143914030	6.45e-11	69.8	96
MZ463748.1	387	Chr08	186625174	97.849	372	10	381	11746716	11747086	2.72e-180	632	96
MZ463748.1	387	Chr08	186625174	95.968	372	10	381	135977580	135977950	1.61e-170	600	96
MZ463748.1	387	Chr08	186625174	72.381	210	65	272	1934470	1934679	2.11e-23	111	96
MZ463748.1	387	Chr08	186625174	85.366	82	12	93	12206085	12206166	1.62e-18	95.1	96
MZ463748.1	387	Chr08	186625174	76.068	117	132	247	162128658	162128542	1.02e-14	82.4	96
MZ463748.1	387	Chr08	186625174	76.842	95	179	272	143913936	143914030	6.45e-11	69.8	96
MZ463749.1	391	Chr08	186625174	98.118	372	15	386	11746716	11747086	0.0	636	95
MZ463749.1	391	Chr08	186625174	96.237	372	15	386	135977580	135977950	3.83e-172	605	95
MZ463749.1	391	Chr08	186625174	72.381	210	70	277	1934470	1934679	2.13e-23	111	95
MZ463749.1	391	Chr08	186625174	84.146	82	17	98	12206085	12206166	6.97e-17	90.6	95
MZ463749.1	391	Chr08	186625174	76.068	117	137	252	162128658	162128542	1.03e-14	82.4	95
MZ463749.1	391	Chr08	186625174	76.842	95	184	277	143913936	143914030	6.53e-11	69.8	95
MZ463750.1	392	Chr08	186625174	97.849	372	15	386	11746716	11747086	2.76e-180	632	95
MZ463750.1	392	Chr08	186625174	95.968	372	15	386	135977580	135977950	1.63e-170	600	95
MZ463750.1	392	Chr08	186625174	72.381	210	70	277	1934470	1934679	2.14e-23	111	95
MZ463750.1	392	Chr08	186625174	76.068	117	137	252	162128658	162128542	1.04e-14	82.4	95
MZ463750.1	392	Chr08	186625174	76.842	95	184	277	143913936	143914030	6.54e-11	69.8	95
MZ463751.1	393	Chr08	186625174	98.118	372	15	386	11746716	11747086	0.0	636	95
MZ463751.1	393	Chr08	186625174	96.237	372	15	386	135977580	135977950	3.85e-172	605	95
MZ463751.1	393	Chr08	186625174	72.857	210	70	277	1934470	1934679	1.76e-24	115	95
MZ463751.1	393	Chr08	186625174	85.366	82	17	98	12206085	12206166	1.65e-18	95.1	95
MZ463751.1	393	Chr08	186625174	76.068	117	137	252	162128658	162128542	1.04e-14	82.4	95
MZ463751.1	393	Chr08	186625174	76.842	95	184	277	143913936	143914030	6.56e-11	69.8	95
MZ463752.1	394	Chr08	186625174	97.849	372	15	386	11746716	11747086	2.78e-180	632	94
MZ463752.1	394	Chr08	186625174	95.968	372	15	386	135977580	135977950	1.64e-170	600	94
MZ463752.1	394	Chr08	186625174	72.857	210	70	277	1934470	1934679	1.76e-24	115	94
MZ463752.1	394	Chr08	186625174	85.366	82	17	98	12206085	12206166	1.65e-18	95.1	94
MZ463752.1	394	Chr08	186625174	76.068	117	137	252	162128658	162128542	1.04e-14	82.4	94
MZ463752.1	394	Chr08	186625174	76.842	95	184	277	143913936	143914030	6.58e-11	69.8	94
MZ463753.1	394	Chr08	186625174	97.849	372	15	386	11746716	11747086	2.78e-180	632	94
MZ463753.1	394	Chr08	186625174	95.968	372	15	386	135977580	135977950	1.64e-170	600	94
MZ463753.1	394	Chr08	186625174	72.381	210	70	277	1934470	1934679	2.15e-23	111	94
MZ463753.1	394	Chr08	186625174	84.146	82	17	98	12206085	12206166	7.03e-17	90.6	94
MZ463753.1	394	Chr08	186625174	76.068	117	137	252	162128658	162128542	1.04e-14	82.4	94
MZ463753.1	394	Chr08	186625174	76.842	95	184	277	143913936	143914030	6.58e-11	69.8	94
MZ463754.1	394	Chr08	186625174	97.849	372	15	386	11746716	11747086	2.78e-180	632	94
MZ463754.1	394	Chr08	186625174	95.968	372	15	386	135977580	135977950	1.64e-170	600	94
MZ463754.1	394	Chr08	186625174	74.731	186	70	253	1934470	1934655	5.05e-25	117	94
MZ463754.1	394	Chr08	186625174	85.366	82	17	98	12206085	12206166	1.65e-18	95.1	94
MZ463754.1	394	Chr08	186625174	76.316	114	140	252	162128655	162128542	3.64e-14	81.5	94
MZ463755.1	394	Chr08	186625174	98.118	372	15	386	11746716	11747086	0.0	636	94
MZ463755.1	394	Chr08	186625174	96.237	372	15	386	135977580	135977950	3.86e-172	605	94
MZ463755.1	394	Chr08	186625174	72.381	210	70	277	1934470	1934679	2.15e-23	111	94
MZ463755.1	394	Chr08	186625174	85.366	82	17	98	12206085	12206166	1.65e-18	95.1	94
MZ463755.1	394	Chr08	186625174	76.923	117	137	252	162128658	162128542	8.56e-16	86.9	94
MZ463755.1	394	Chr08	186625174	77.895	95	184	277	143913936	143914030	5.40e-12	74.3	94
MZ463756.1	394	Chr08	186625174	98.118	372	15	386	11746716	11747086	0.0	636	94
MZ463756.1	394	Chr08	186625174	96.237	372	15	386	135977580	135977950	3.86e-172	605	94
MZ463756.1	394	Chr08	186625174	74.194	186	70	253	1934470	1934655	6.16e-24	113	94
MZ463756.1	394	Chr08	186625174	85.366	82	17	98	12206085	12206166	1.65e-18	95.1	94
MZ463756.1	394	Chr08	186625174	76.068	117	137	252	162128658	162128542	1.04e-14	82.4	94
MZ463757.1	394	Chr08	186625174	97.849	372	15	386	11746716	11747086	2.78e-180	632	94
MZ463757.1	394	Chr08	186625174	95.968	372	15	386	135977580	135977950	1.64e-170	600	94
MZ463757.1	394	Chr08	186625174	72.381	210	70	277	1934470	1934679	2.15e-23	111	94
MZ463757.1	394	Chr08	186625174	85.366	82	17	98	12206085	12206166	1.65e-18	95.1	94
MZ463757.1	394	Chr08	186625174	75.214	117	137	252	162128658	162128542	4.43e-13	77.9	94
MZ463757.1	394	Chr08	186625174	76.842	95	184	277	143913936	143914030	6.58e-11	69.8	94
MZ463758.1	394	Chr08	186625174	98.118	372	15	386	11746716	11747086	0.0	636	94
MZ463758.1	394	Chr08	186625174	96.237	372	15	386	135977580	135977950	3.86e-172	605	94
MZ463758.1	394	Chr08	186625174	72.857	210	70	277	1934470	1934679	1.76e-24	115	94
MZ463758.1	394	Chr08	186625174	84.146	82	17	98	12206085	12206166	7.03e-17	90.6	94
MZ463758.1	394	Chr08	186625174	76.068	117	137	252	162128658	162128542	1.04e-14	82.4	94
MZ463758.1	394	Chr08	186625174	76.842	95	184	277	143913936	143914030	6.58e-11	69.8	94
MZ463759.1	410	Chr08	186625174	98.118	372	15	386	11746716	11747086	0.0	636	91
MZ463759.1	410	Chr08	186625174	96.237	372	15	386	135977580	135977950	4.03e-172	605	91
MZ463759.1	410	Chr08	186625174	72.857	210	70	277	1934470	1934679	1.84e-24	115	91
MZ463759.1	410	Chr08	186625174	84.146	82	17	98	12206085	12206166	7.33e-17	90.6	91
MZ463759.1	410	Chr08	186625174	76.068	117	137	252	162128658	162128542	1.09e-14	82.4	91
MZ463759.1	410	Chr08	186625174	76.842	95	184	277	143913936	143914030	6.87e-11	69.8	91
FJ751925.1	394	Chr08	186625174	98.387	372	15	386	11746716	11747086	0.0	641	94
FJ751925.1	394	Chr08	186625174	96.505	372	15	386	135977580	135977950	3.17e-173	609	94
FJ751925.1	394	Chr08	186625174	72.857	210	70	277	1934470	1934679	1.76e-24	115	94
FJ751925.1	394	Chr08	186625174	85.366	82	17	98	12206085	12206166	1.65e-18	95.1	94
FJ751925.1	394	Chr08	186625174	76.068	117	137	252	162128658	162128542	1.04e-14	82.4	94
FJ751925.1	394	Chr08	186625174	76.842	95	184	277	143913936	143914030	6.58e-11	69.8	94
FJ751926.1	395	Chr08	186625174	98.123	373	15	387	11746716	11747086	0.0	635	94
FJ751926.1	395	Chr08	186625174	96.247	373	15	387	135977580	135977950	1.35e-171	603	94
FJ751926.1	395	Chr08	186625174	72.857	210	70	277	1934470	1934679	1.77e-24	115	94
FJ751926.1	395	Chr08	186625174	85.366	82	17	98	12206085	12206166	1.66e-18	95.1	94
FJ751926.1	395	Chr08	186625174	76.068	117	137	252	162128658	162128542	1.05e-14	82.4	94
FJ751926.1	395	Chr08	186625174	76.842	95	184	277	143913936	143914030	6.60e-11	69.8	94
FJ751927.1	395	Chr08	186625174	97.855	373	15	387	11746716	11747086	9.72e-180	630	94
FJ751927.1	395	Chr08	186625174	95.979	373	15	387	135977580	135977950	5.74e-170	599	94
FJ751927.1	395	Chr08	186625174	72.381	210	70	277	1934470	1934679	2.16e-23	111	94
FJ751927.1	395	Chr08	186625174	85.366	82	17	98	12206085	12206166	1.66e-18	95.1	94
FJ751927.1	395	Chr08	186625174	75.214	117	137	252	162128658	162128542	4.45e-13	77.9	94
FJ751927.1	395	Chr08	186625174	75.789	95	184	277	143913936	143914030	2.81e-09	65.3	94
FJ751930.1	395	Chr08	186625174	97.638	381	15	395	11746716	11747095	0.0	644	96
FJ751930.1	395	Chr08	186625174	95.801	381	15	395	135977580	135977959	2.61e-174	612	96
FJ751930.1	395	Chr08	186625174	72.857	210	70	277	1934470	1934679	1.77e-24	115	96
FJ751930.1	395	Chr08	186625174	85.366	82	17	98	12206085	12206166	1.66e-18	95.1	96
FJ751930.1	395	Chr08	186625174	76.068	117	137	252	162128658	162128542	1.05e-14	82.4	96
FJ751930.1	395	Chr08	186625174	76.842	95	184	277	143913936	143914030	6.60e-11	69.8	96
FJ751933.1	396	Chr08	186625174	98.123	373	16	388	11746716	11747086	0.0	635	94
FJ751933.1	396	Chr08	186625174	96.247	373	16	388	135977580	135977950	1.35e-171	603	94
FJ751933.1	396	Chr08	186625174	72.857	210	71	278	1934470	1934679	1.77e-24	115	94
FJ751933.1	396	Chr08	186625174	85.366	82	18	99	12206085	12206166	1.66e-18	95.1	94
FJ751933.1	396	Chr08	186625174	76.068	117	138	253	162128658	162128542	1.05e-14	82.4	94
FJ751933.1	396	Chr08	186625174	76.842	95	185	278	143913936	143914030	6.62e-11	69.8	94
FJ751934.1	395	Chr08	186625174	98.387	372	16	387	11746716	11747086	0.0	641	94
FJ751934.1	395	Chr08	186625174	96.505	372	16	387	135977580	135977950	3.18e-173	609	94
FJ751934.1	395	Chr08	186625174	72.857	210	71	278	1934470	1934679	1.77e-24	115	94
FJ751934.1	395	Chr08	186625174	85.366	82	18	99	12206085	12206166	1.66e-18	95.1	94
FJ751934.1	395	Chr08	186625174	76.068	117	138	253	162128658	162128542	1.05e-14	82.4	94
FJ751934.1	395	Chr08	186625174	76.842	95	185	278	143913936	143914030	6.60e-11	69.8	94
MZ463745.1	387	Chr09	175638585	70.732	246	14	255	151641119	151640882	5.68e-24	113	63
MZ463746.1	387	Chr09	175638585	70.732	246	14	255	151641119	151640882	5.68e-24	113	63
MZ463747.1	387	Chr09	175638585	70.325	246	14	255	151641119	151640882	2.42e-22	108	63
MZ463748.1	387	Chr09	175638585	70.325	246	14	255	151641119	151640882	2.42e-22	108	63
MZ463749.1	391	Chr09	175638585	70.325	246	19	260	151641119	151640882	2.44e-22	108	65
MZ463750.1	392	Chr09	175638585	69.919	246	19	260	151641119	151640882	2.99e-21	104	65
MZ463751.1	393	Chr09	175638585	70.732	246	19	260	151641119	151640882	5.78e-24	113	65
MZ463752.1	394	Chr09	175638585	70.732	246	19	260	151641119	151640882	5.80e-24	113	65
MZ463753.1	394	Chr09	175638585	70.325	246	19	260	151641119	151640882	2.46e-22	108	65
MZ463753.1	394	Chr09	175638585	85.000	80	5	83	147157989	147157910	2.31e-16	87.8	65
MZ463754.1	394	Chr09	175638585	70.492	244	19	260	151641119	151640882	7.06e-23	110	65
MZ463755.1	394	Chr09	175638585	70.325	246	19	260	151641119	151640882	2.46e-22	108	65
MZ463756.1	394	Chr09	175638585	70.711	239	19	253	151641119	151640889	7.06e-23	109	67
MZ463757.1	394	Chr09	175638585	70.325	246	19	260	151641119	151640882	2.46e-22	108	65
MZ463758.1	394	Chr09	175638585	70.325	246	19	260	151641119	151640882	2.46e-22	108	65
MZ463759.1	410	Chr09	175638585	70.325	246	19	260	151641119	151640882	2.57e-22	108	62
FJ751925.1	394	Chr09	175638585	70.732	246	19	260	151641119	151640882	5.80e-24	113	65
FJ751926.1	395	Chr09	175638585	70.732	246	19	260	151641119	151640882	5.81e-24	113	65
FJ751927.1	395	Chr09	175638585	70.325	246	19	260	151641119	151640882	2.47e-22	108	65
FJ751930.1	395	Chr09	175638585	70.732	246	19	260	151641119	151640882	5.81e-24	113	65
FJ751933.1	396	Chr09	175638585	70.732	246	20	261	151641119	151640882	5.83e-24	113	65
FJ751934.1	395	Chr09	175638585	70.732	246	20	261	151641119	151640882	5.81e-24	113	65
MZ463745.1	387	Chr10	188157477	97.305	334	48	381	173907455	173907123	4.97e-158	559	97
MZ463745.1	387	Chr10	188157477	88.976	127	52	178	142054119	142053994	3.84e-39	163	97
MZ463745.1	387	Chr10	188157477	81.081	111	153	262	117699143	117699033	1.10e-20	103	97
MZ463745.1	387	Chr10	188157477	70.760	171	14	183	36468240	36468410	3.60e-14	80.6	97
MZ463745.1	387	Chr10	188157477	77.551	98	14	109	10874490	10874398	9.66e-09	62.6	97
MZ463746.1	387	Chr10	188157477	96.707	334	48	381	173907455	173907123	2.57e-155	550	97
MZ463746.1	387	Chr10	188157477	88.189	127	52	178	142054119	142053994	1.63e-37	159	97
MZ463746.1	387	Chr10	188157477	81.081	111	153	262	117699143	117699033	1.10e-20	103	97
MZ463746.1	387	Chr10	188157477	70.760	171	14	183	36468240	36468410	3.60e-14	80.6	97
MZ463746.1	387	Chr10	188157477	77.551	98	14	109	10874490	10874398	9.66e-09	62.6	97
MZ463747.1	387	Chr10	188157477	96.707	334	48	381	173907455	173907123	2.57e-155	550	97
MZ463747.1	387	Chr10	188157477	88.189	127	52	178	142054119	142053994	1.63e-37	159	97
MZ463747.1	387	Chr10	188157477	81.081	111	153	262	117699143	117699033	1.10e-20	103	97
MZ463747.1	387	Chr10	188157477	70.175	171	14	183	36468240	36468410	1.53e-12	76.1	97
MZ463747.1	387	Chr10	188157477	76.531	98	14	109	10874490	10874398	4.11e-07	58.1	97
MZ463748.1	387	Chr10	188157477	96.407	334	48	381	173907455	173907123	3.13e-154	545	97
MZ463748.1	387	Chr10	188157477	88.189	127	52	178	142054119	142053994	1.63e-37	159	97
MZ463748.1	387	Chr10	188157477	81.081	111	153	262	117699143	117699033	1.10e-20	103	97
MZ463748.1	387	Chr10	188157477	70.175	171	14	183	36468240	36468410	1.53e-12	76.1	97
MZ463748.1	387	Chr10	188157477	76.531	98	14	109	10874490	10874398	4.11e-07	58.1	97
MZ463749.1	391	Chr10	188157477	96.707	334	53	386	173907455	173907123	2.60e-155	550	98
MZ463749.1	391	Chr10	188157477	88.189	127	57	183	142054119	142053994	1.65e-37	159	98
MZ463749.1	391	Chr10	188157477	81.081	111	158	267	117699143	117699033	1.11e-20	103	98
MZ463749.1	391	Chr10	188157477	85.542	83	5	86	132542626	132542544	5.77e-18	93.3	98
MZ463749.1	391	Chr10	188157477	81.928	83	5	86	126665671	126665589	1.27e-13	79.7	98
MZ463749.1	391	Chr10	188157477	70.175	171	19	188	36468240	36468410	1.55e-12	76.1	98
MZ463749.1	391	Chr10	188157477	76.531	98	19	114	10874490	10874398	4.15e-07	58.1	98
MZ463750.1	392	Chr10	188157477	96.707	334	53	386	173907455	173907123	2.61e-155	550	97
MZ463750.1	392	Chr10	188157477	88.189	127	57	183	142054119	142053994	1.66e-37	159	97
MZ463750.1	392	Chr10	188157477	81.081	111	158	267	117699143	117699033	1.12e-20	103	97
MZ463750.1	392	Chr10	188157477	85.542	83	5	86	132542626	132542544	5.78e-18	93.3	97
MZ463750.1	392	Chr10	188157477	81.928	83	5	86	126665671	126665589	1.27e-13	79.7	97
MZ463750.1	392	Chr10	188157477	69.591	171	19	188	36468240	36468410	1.89e-11	71.6	97
MZ463751.1	393	Chr10	188157477	96.707	334	53	386	173907455	173907123	2.62e-155	550	97
MZ463751.1	393	Chr10	188157477	88.976	127	57	183	142054119	142053994	3.90e-39	163	97
MZ463751.1	393	Chr10	188157477	81.081	111	158	267	117699143	117699033	1.12e-20	103	97
MZ463751.1	393	Chr10	188157477	86.747	83	5	86	132542626	132542544	4.76e-19	97.8	97
MZ463751.1	393	Chr10	188157477	83.133	83	5	86	126665671	126665589	3.00e-15	84.2	97
MZ463751.1	393	Chr10	188157477	70.760	171	19	188	36468240	36468410	3.66e-14	80.6	97
MZ463751.1	393	Chr10	188157477	77.551	98	19	114	10874490	10874398	9.82e-09	62.6	97
MZ463752.1	394	Chr10	188157477	96.407	334	53	386	173907455	173907123	3.20e-154	545	97
MZ463752.1	394	Chr10	188157477	88.189	127	57	183	142054119	142053994	1.66e-37	159	97
MZ463752.1	394	Chr10	188157477	81.081	111	158	267	117699143	117699033	1.12e-20	103	97
MZ463752.1	394	Chr10	188157477	86.747	83	5	86	132542626	132542544	4.77e-19	97.8	97
MZ463752.1	394	Chr10	188157477	83.133	83	5	86	126665671	126665589	3.01e-15	84.2	97
MZ463752.1	394	Chr10	188157477	70.760	171	19	188	36468240	36468410	3.67e-14	80.6	97
MZ463752.1	394	Chr10	188157477	77.551	98	19	114	10874490	10874398	9.85e-09	62.6	97
MZ463753.1	394	Chr10	188157477	96.407	334	53	386	173907455	173907123	3.20e-154	545	97
MZ463753.1	394	Chr10	188157477	88.189	127	57	183	142054119	142053994	1.66e-37	159	97
MZ463753.1	394	Chr10	188157477	81.081	111	158	267	117699143	117699033	1.12e-20	103	97
MZ463753.1	394	Chr10	188157477	85.542	83	5	86	132542626	132542544	5.81e-18	93.3	97
MZ463753.1	394	Chr10	188157477	81.928	83	5	86	126665671	126665589	1.28e-13	79.7	97
MZ463753.1	394	Chr10	188157477	70.175	171	19	188	36468240	36468410	1.56e-12	76.1	97
MZ463753.1	394	Chr10	188157477	76.289	97	19	114	10874490	10874398	1.20e-07	59.0	97
MZ463754.1	394	Chr10	188157477	96.407	334	53	386	173907455	173907123	3.20e-154	545	97
MZ463754.1	394	Chr10	188157477	89.764	127	57	183	142054119	142053994	3.21e-40	168	97
MZ463754.1	394	Chr10	188157477	81.081	111	158	267	117699143	117699033	1.12e-20	103	97
MZ463754.1	394	Chr10	188157477	86.747	83	5	86	132542626	132542544	4.77e-19	97.8	97
MZ463754.1	394	Chr10	188157477	83.133	83	5	86	126665671	126665589	3.01e-15	84.2	97
MZ463754.1	394	Chr10	188157477	70.760	171	19	188	36468240	36468410	3.67e-14	80.6	97
MZ463754.1	394	Chr10	188157477	77.551	98	19	114	10874490	10874398	9.85e-09	62.6	97
MZ463755.1	394	Chr10	188157477	96.707	334	53	386	173907455	173907123	2.62e-155	550	97
MZ463755.1	394	Chr10	188157477	88.976	127	57	183	142054119	142053994	3.91e-39	163	97
MZ463755.1	394	Chr10	188157477	81.982	111	158	267	117699143	117699033	2.64e-22	107	97
MZ463755.1	394	Chr10	188157477	86.747	83	5	86	132542626	132542544	4.77e-19	97.8	97
MZ463755.1	394	Chr10	188157477	83.133	83	5	86	126665671	126665589	3.01e-15	84.2	97
MZ463755.1	394	Chr10	188157477	70.760	171	19	188	36468240	36468410	3.67e-14	80.6	97
MZ463755.1	394	Chr10	188157477	77.551	98	19	114	10874490	10874398	9.85e-09	62.6	97
MZ463756.1	394	Chr10	188157477	96.707	334	53	386	173907455	173907123	2.62e-155	550	97
MZ463756.1	394	Chr10	188157477	88.976	127	57	183	142054119	142053994	3.91e-39	163	97
MZ463756.1	394	Chr10	188157477	80.180	111	158	267	117699143	117699033	1.37e-19	98.7	97
MZ463756.1	394	Chr10	188157477	86.747	83	5	86	132542626	132542544	4.77e-19	97.8	97
MZ463756.1	394	Chr10	188157477	83.133	83	5	86	126665671	126665589	3.01e-15	84.2	97
MZ463756.1	394	Chr10	188157477	70.760	171	19	188	36468240	36468410	3.67e-14	80.6	97
MZ463756.1	394	Chr10	188157477	77.551	98	19	114	10874490	10874398	9.85e-09	62.6	97
MZ463757.1	394	Chr10	188157477	96.407	334	53	386	173907455	173907123	3.20e-154	545	97
MZ463757.1	394	Chr10	188157477	88.189	127	57	183	142054119	142053994	1.66e-37	159	97
MZ463757.1	394	Chr10	188157477	80.180	111	158	267	117699143	117699033	1.37e-19	98.7	97
MZ463757.1	394	Chr10	188157477	86.747	83	5	86	132542626	132542544	4.77e-19	97.8	97
MZ463757.1	394	Chr10	188157477	83.133	83	5	86	126665671	126665589	3.01e-15	84.2	97
MZ463757.1	394	Chr10	188157477	70.175	171	19	188	36468240	36468410	1.56e-12	76.1	97
MZ463757.1	394	Chr10	188157477	77.551	98	19	114	10874490	10874398	9.85e-09	62.6	97
MZ463758.1	394	Chr10	188157477	97.006	334	53	386	173907455	173907123	6.17e-157	554	97
MZ463758.1	394	Chr10	188157477	88.976	127	57	183	142054119	142053994	3.91e-39	163	97
MZ463758.1	394	Chr10	188157477	81.081	111	158	267	117699143	117699033	1.12e-20	103	97
MZ463758.1	394	Chr10	188157477	85.542	83	5	86	132542626	132542544	5.81e-18	93.3	97
MZ463758.1	394	Chr10	188157477	81.928	83	5	86	126665671	126665589	1.28e-13	79.7	97
MZ463758.1	394	Chr10	188157477	70.175	171	19	188	36468240	36468410	1.56e-12	76.1	97
MZ463758.1	394	Chr10	188157477	76.531	98	19	114	10874490	10874398	4.19e-07	58.1	97
MZ463759.1	410	Chr10	188157477	97.006	334	53	386	173907455	173907123	6.44e-157	554	93
MZ463759.1	410	Chr10	188157477	88.976	127	57	183	142054119	142053994	4.09e-39	163	93
MZ463759.1	410	Chr10	188157477	81.081	111	158	267	117699143	117699033	1.17e-20	103	93
MZ463759.1	410	Chr10	188157477	85.542	83	5	86	132542626	132542544	6.07e-18	93.3	93
MZ463759.1	410	Chr10	188157477	81.928	83	5	86	126665671	126665589	1.34e-13	79.7	93
MZ463759.1	410	Chr10	188157477	70.175	171	19	188	36468240	36468410	1.63e-12	76.1	93
MZ463759.1	410	Chr10	188157477	77.528	89	28	114	10874482	10874398	1.25e-07	59.0	93
FJ751925.1	394	Chr10	188157477	97.006	334	53	386	173907455	173907123	6.17e-157	554	97
FJ751925.1	394	Chr10	188157477	88.976	127	57	183	142054119	142053994	3.91e-39	163	97
FJ751925.1	394	Chr10	188157477	81.081	111	158	267	117699143	117699033	1.12e-20	103	97
FJ751925.1	394	Chr10	188157477	86.747	83	5	86	132542626	132542544	4.77e-19	97.8	97
FJ751925.1	394	Chr10	188157477	83.133	83	5	86	126665671	126665589	3.01e-15	84.2	97
FJ751925.1	394	Chr10	188157477	70.760	171	19	188	36468240	36468410	3.67e-14	80.6	97
FJ751925.1	394	Chr10	188157477	77.551	98	19	114	10874490	10874398	9.85e-09	62.6	97
FJ751926.1	395	Chr10	188157477	96.716	335	53	387	173907455	173907123	9.18e-155	548	97
FJ751926.1	395	Chr10	188157477	88.976	127	57	183	142054119	142053994	3.93e-39	163	97
FJ751926.1	395	Chr10	188157477	81.081	111	158	267	117699143	117699033	1.13e-20	103	97
FJ751926.1	395	Chr10	188157477	86.747	83	5	86	132542626	132542544	4.79e-19	97.8	97
FJ751926.1	395	Chr10	188157477	83.133	83	5	86	126665671	126665589	3.02e-15	84.2	97
FJ751926.1	395	Chr10	188157477	70.760	171	19	188	36468240	36468410	3.68e-14	80.6	97
FJ751926.1	395	Chr10	188157477	77.551	98	19	114	10874490	10874398	9.87e-09	62.6	97
FJ751927.1	395	Chr10	188157477	96.418	335	53	387	173907455	173907123	1.12e-153	544	97
FJ751927.1	395	Chr10	188157477	88.976	127	57	183	142054119	142053994	3.93e-39	163	97
FJ751927.1	395	Chr10	188157477	80.180	111	158	267	117699143	117699033	1.37e-19	98.7	97
FJ751927.1	395	Chr10	188157477	86.747	83	5	86	132542626	132542544	4.79e-19	97.8	97
FJ751927.1	395	Chr10	188157477	83.133	83	5	86	126665671	126665589	3.02e-15	84.2	97
FJ751927.1	395	Chr10	188157477	70.760	171	19	188	36468240	36468410	3.68e-14	80.6	97
FJ751927.1	395	Chr10	188157477	77.551	98	19	114	10874490	10874398	9.87e-09	62.6	97
FJ751930.1	395	Chr10	188157477	96.210	343	53	395	173907455	173907114	1.77e-157	557	99
FJ751930.1	395	Chr10	188157477	88.976	127	57	183	142054119	142053994	3.93e-39	163	99
FJ751930.1	395	Chr10	188157477	81.081	111	158	267	117699143	117699033	1.13e-20	103	99
FJ751930.1	395	Chr10	188157477	86.747	83	5	86	132542626	132542544	4.79e-19	97.8	99
FJ751930.1	395	Chr10	188157477	83.133	83	5	86	126665671	126665589	3.02e-15	84.2	99
FJ751930.1	395	Chr10	188157477	70.760	171	19	188	36468240	36468410	3.68e-14	80.6	99
FJ751930.1	395	Chr10	188157477	77.551	98	19	114	10874490	10874398	9.87e-09	62.6	99
FJ751933.1	396	Chr10	188157477	96.716	335	54	388	173907455	173907123	9.21e-155	548	97
FJ751933.1	396	Chr10	188157477	88.976	127	58	184	142054119	142053994	3.94e-39	163	97
FJ751933.1	396	Chr10	188157477	81.081	111	159	268	117699143	117699033	1.13e-20	103	97
FJ751933.1	396	Chr10	188157477	86.747	83	6	87	132542626	132542544	4.80e-19	97.8	97
FJ751933.1	396	Chr10	188157477	83.133	83	6	87	126665671	126665589	3.03e-15	84.2	97
FJ751933.1	396	Chr10	188157477	70.760	171	20	189	36468240	36468410	3.69e-14	80.6	97
FJ751933.1	396	Chr10	188157477	77.551	98	20	115	10874490	10874398	9.90e-09	62.6	97
FJ751934.1	395	Chr10	188157477	97.006	334	54	387	173907455	173907123	6.19e-157	554	97
FJ751934.1	395	Chr10	188157477	88.976	127	58	184	142054119	142053994	3.93e-39	163	97
FJ751934.1	395	Chr10	188157477	81.081	111	159	268	117699143	117699033	1.13e-20	103	97
FJ751934.1	395	Chr10	188157477	86.747	83	6	87	132542626	132542544	4.79e-19	97.8	97
FJ751934.1	395	Chr10	188157477	83.133	83	6	87	126665671	126665589	3.02e-15	84.2	97
FJ751934.1	395	Chr10	188157477	70.760	171	20	189	36468240	36468410	3.68e-14	80.6	97
FJ751934.1	395	Chr10	188157477	77.551	98	20	115	10874490	10874398	9.87e-09	62.6	97
MZ463745.1	387	Chr11	166291015	99.130	115	112	226	29549423	29549537	3.87e-51	204	68
MZ463745.1	387	Chr11	166291015	97.087	103	119	221	108533334	108533232	6.55e-42	173	68
MZ463745.1	387	Chr11	166291015	71.345	171	28	197	162926711	162926541	2.61e-15	85.1	68
MZ463745.1	387	Chr11	166291015	81.707	82	12	93	35146592	35146511	3.18e-14	81.5	68
MZ463746.1	387	Chr11	166291015	98.261	115	112	226	29549423	29549537	4.71e-50	199	68
MZ463746.1	387	Chr11	166291015	96.117	103	119	221	108533334	108533232	7.98e-41	168	68
MZ463746.1	387	Chr11	166291015	71.345	171	28	197	162926711	162926541	2.61e-15	85.1	68
MZ463746.1	387	Chr11	166291015	81.707	82	12	93	35146592	35146511	3.18e-14	81.5	68
MZ463747.1	387	Chr11	166291015	99.130	115	112	226	29549423	29549537	3.87e-51	204	68
MZ463747.1	387	Chr11	166291015	97.087	103	119	221	108533334	108533232	6.55e-42	173	68
MZ463747.1	387	Chr11	166291015	81.707	82	12	93	35146592	35146511	3.18e-14	81.5	68
MZ463747.1	387	Chr11	166291015	70.760	171	28	197	162926711	162926541	3.18e-14	80.6	68
MZ463748.1	387	Chr11	166291015	99.130	115	112	226	29549423	29549537	3.87e-51	204	68
MZ463748.1	387	Chr11	166291015	97.087	103	119	221	108533334	108533232	6.55e-42	173	68
MZ463748.1	387	Chr11	166291015	81.707	82	12	93	35146592	35146511	3.18e-14	81.5	68
MZ463748.1	387	Chr11	166291015	70.760	171	28	197	162926711	162926541	3.18e-14	80.6	68
MZ463749.1	391	Chr11	166291015	99.130	115	117	231	29549423	29549537	3.91e-51	204	67
MZ463749.1	391	Chr11	166291015	97.087	103	124	226	108533334	108533232	6.62e-42	173	67
MZ463749.1	391	Chr11	166291015	70.760	171	33	202	162926711	162926541	3.22e-14	80.6	67
MZ463749.1	391	Chr11	166291015	80.488	82	17	98	35146592	35146511	3.92e-13	77.0	67
MZ463750.1	392	Chr11	166291015	99.130	115	117	231	29549423	29549537	3.92e-51	204	67
MZ463750.1	392	Chr11	166291015	97.087	103	124	226	108533334	108533232	6.64e-42	173	67
MZ463750.1	392	Chr11	166291015	70.175	171	33	202	162926711	162926541	1.37e-12	76.1	67
MZ463751.1	393	Chr11	166291015	99.130	115	117	231	29549423	29549537	3.93e-51	204	67
MZ463751.1	393	Chr11	166291015	97.087	103	124	226	108533334	108533232	6.66e-42	173	67
MZ463751.1	393	Chr11	166291015	71.345	171	33	202	162926711	162926541	2.65e-15	85.1	67
MZ463751.1	393	Chr11	166291015	81.707	82	17	98	35146592	35146511	3.23e-14	81.5	67
MZ463752.1	394	Chr11	166291015	98.261	115	117	231	29549423	29549537	4.80e-50	199	66
MZ463752.1	394	Chr11	166291015	96.117	103	124	226	108533334	108533232	8.14e-41	168	66
MZ463752.1	394	Chr11	166291015	71.345	171	33	202	162926711	162926541	2.66e-15	85.1	66
MZ463752.1	394	Chr11	166291015	81.707	82	17	98	35146592	35146511	3.24e-14	81.5	66
MZ463753.1	394	Chr11	166291015	99.130	115	117	231	29549423	29549537	3.94e-51	204	66
MZ463753.1	394	Chr11	166291015	97.087	103	124	226	108533334	108533232	6.68e-42	173	66
MZ463753.1	394	Chr11	166291015	70.760	171	33	202	162926711	162926541	3.24e-14	80.6	66
MZ463753.1	394	Chr11	166291015	80.488	82	17	98	35146592	35146511	3.95e-13	77.0	66
MZ463754.1	394	Chr11	166291015	98.261	115	117	231	29549423	29549537	4.80e-50	199	66
MZ463754.1	394	Chr11	166291015	96.117	103	124	226	108533334	108533232	8.14e-41	168	66
MZ463754.1	394	Chr11	166291015	71.345	171	33	202	162926711	162926541	2.66e-15	85.1	66
MZ463754.1	394	Chr11	166291015	81.707	82	17	98	35146592	35146511	3.24e-14	81.5	66
MZ463755.1	394	Chr11	166291015	98.261	115	117	231	29549423	29549537	4.80e-50	199	66
MZ463755.1	394	Chr11	166291015	96.117	103	124	226	108533334	108533232	8.14e-41	168	66
MZ463755.1	394	Chr11	166291015	71.345	171	33	202	162926711	162926541	2.66e-15	85.1	66
MZ463755.1	394	Chr11	166291015	81.707	82	17	98	35146592	35146511	3.24e-14	81.5	66
MZ463756.1	394	Chr11	166291015	99.130	115	117	231	29549423	29549537	3.94e-51	204	66
MZ463756.1	394	Chr11	166291015	97.087	103	124	226	108533334	108533232	6.68e-42	173	66
MZ463756.1	394	Chr11	166291015	71.345	171	33	202	162926711	162926541	2.66e-15	85.1	66
MZ463756.1	394	Chr11	166291015	81.707	82	17	98	35146592	35146511	3.24e-14	81.5	66
MZ463757.1	394	Chr11	166291015	98.261	115	117	231	29549423	29549537	4.80e-50	199	66
MZ463757.1	394	Chr11	166291015	96.117	103	124	226	108533334	108533232	8.14e-41	168	66
MZ463757.1	394	Chr11	166291015	81.707	82	17	98	35146592	35146511	3.24e-14	81.5	66
MZ463757.1	394	Chr11	166291015	70.760	171	33	202	162926711	162926541	3.24e-14	80.6	66
MZ463758.1	394	Chr11	166291015	99.130	115	117	231	29549423	29549537	3.94e-51	204	66
MZ463758.1	394	Chr11	166291015	97.087	103	124	226	108533334	108533232	6.68e-42	173	66
MZ463758.1	394	Chr11	166291015	70.760	171	33	202	162926711	162926541	3.24e-14	80.6	66
MZ463758.1	394	Chr11	166291015	80.488	82	17	98	35146592	35146511	3.95e-13	77.0	66
MZ463759.1	410	Chr11	166291015	99.130	115	117	231	29549423	29549537	4.12e-51	204	64
MZ463759.1	410	Chr11	166291015	97.087	103	124	226	108533334	108533232	6.97e-42	173	64
MZ463759.1	410	Chr11	166291015	71.345	171	33	202	162926711	162926541	2.78e-15	85.1	64
MZ463759.1	410	Chr11	166291015	80.488	82	17	98	35146592	35146511	4.12e-13	77.0	64
FJ751925.1	394	Chr11	166291015	99.130	115	117	231	29549423	29549537	3.94e-51	204	66
FJ751925.1	394	Chr11	166291015	97.087	103	124	226	108533334	108533232	6.68e-42	173	66
FJ751925.1	394	Chr11	166291015	71.345	171	33	202	162926711	162926541	2.66e-15	85.1	66
FJ751925.1	394	Chr11	166291015	81.707	82	17	98	35146592	35146511	3.24e-14	81.5	66
FJ751926.1	395	Chr11	166291015	99.130	115	117	231	29549423	29549537	3.95e-51	204	67
FJ751926.1	395	Chr11	166291015	97.087	103	124	226	108533334	108533232	6.70e-42	173	67
FJ751926.1	395	Chr11	166291015	71.345	171	33	202	162926711	162926541	2.67e-15	85.1	67
FJ751926.1	395	Chr11	166291015	81.707	82	17	98	35146592	35146511	3.25e-14	81.5	67
FJ751927.1	395	Chr11	166291015	99.130	115	117	231	29549423	29549537	3.95e-51	204	67
FJ751927.1	395	Chr11	166291015	97.087	103	124	226	108533334	108533232	6.70e-42	173	67
FJ751927.1	395	Chr11	166291015	71.345	171	33	202	162926711	162926541	2.67e-15	85.1	67
FJ751927.1	395	Chr11	166291015	81.707	82	17	98	35146592	35146511	3.25e-14	81.5	67
FJ751930.1	395	Chr11	166291015	99.130	115	117	231	29549423	29549537	3.95e-51	204	66
FJ751930.1	395	Chr11	166291015	97.087	103	124	226	108533334	108533232	6.70e-42	173	66
FJ751930.1	395	Chr11	166291015	71.345	171	33	202	162926711	162926541	2.67e-15	85.1	66
FJ751930.1	395	Chr11	166291015	81.707	82	17	98	35146592	35146511	3.25e-14	81.5	66
FJ751933.1	396	Chr11	166291015	99.130	115	118	232	29549423	29549537	3.97e-51	204	66
FJ751933.1	396	Chr11	166291015	97.087	103	125	227	108533334	108533232	6.71e-42	173	66
FJ751933.1	396	Chr11	166291015	71.345	171	34	203	162926711	162926541	2.68e-15	85.1	66
FJ751933.1	396	Chr11	166291015	81.707	82	18	99	35146592	35146511	3.26e-14	81.5	66
FJ751934.1	395	Chr11	166291015	99.130	115	118	232	29549423	29549537	3.95e-51	204	66
FJ751934.1	395	Chr11	166291015	97.087	103	125	227	108533334	108533232	6.70e-42	173	66
FJ751934.1	395	Chr11	166291015	71.345	171	34	203	162926711	162926541	2.67e-15	85.1	66
FJ751934.1	395	Chr11	166291015	81.707	82	18	99	35146592	35146511	3.25e-14	81.5	66
MZ463745.1	387	Chr12	130574490	99.259	135	38	172	106005110	106004976	4.22e-62	240	61
MZ463745.1	387	Chr12	130574490	82.569	109	165	272	1905091	1904983	1.80e-22	108	61
MZ463745.1	387	Chr12	130574490	79.439	107	132	237	100307450	100307344	1.38e-17	91.5	61
MZ463745.1	387	Chr12	130574490	78.261	92	165	255	129587973	129587882	3.71e-12	73.4	61
MZ463746.1	387	Chr12	130574490	98.519	135	38	172	106005110	106004976	5.14e-61	235	61
MZ463746.1	387	Chr12	130574490	82.569	109	165	272	1905091	1904983	1.80e-22	108	61
MZ463746.1	387	Chr12	130574490	79.439	107	132	237	100307450	100307344	1.38e-17	91.5	61
MZ463746.1	387	Chr12	130574490	78.261	92	165	255	129587973	129587882	3.71e-12	73.4	61
MZ463747.1	387	Chr12	130574490	98.519	135	38	172	106005110	106004976	5.14e-61	235	61
MZ463747.1	387	Chr12	130574490	82.569	109	165	272	1905091	1904983	1.80e-22	108	61
MZ463747.1	387	Chr12	130574490	79.439	107	132	237	100307450	100307344	1.38e-17	91.5	61
MZ463747.1	387	Chr12	130574490	78.261	92	165	255	129587973	129587882	3.71e-12	73.4	61
MZ463748.1	387	Chr12	130574490	98.519	135	38	172	106005110	106004976	5.14e-61	235	61
MZ463748.1	387	Chr12	130574490	82.569	109	165	272	1905091	1904983	1.80e-22	108	61
MZ463748.1	387	Chr12	130574490	79.439	107	132	237	100307450	100307344	1.38e-17	91.5	61
MZ463748.1	387	Chr12	130574490	78.261	92	165	255	129587973	129587882	3.71e-12	73.4	61
MZ463749.1	391	Chr12	130574490	98.519	135	43	177	106005110	106004976	5.20e-61	235	60
MZ463749.1	391	Chr12	130574490	82.569	109	170	277	1905091	1904983	1.82e-22	108	60
MZ463749.1	391	Chr12	130574490	79.439	107	137	242	100307450	100307344	1.40e-17	91.5	60
MZ463749.1	391	Chr12	130574490	78.261	92	170	260	129587973	129587882	3.75e-12	73.4	60
MZ463750.1	392	Chr12	130574490	97.778	135	43	177	106005110	106004976	2.22e-59	231	60
MZ463750.1	392	Chr12	130574490	82.569	109	170	277	1905091	1904983	1.82e-22	108	60
MZ463750.1	392	Chr12	130574490	79.439	107	137	242	100307450	100307344	1.40e-17	91.5	60
MZ463750.1	392	Chr12	130574490	78.261	92	170	260	129587973	129587882	3.76e-12	73.4	60
MZ463751.1	393	Chr12	130574490	99.259	135	43	177	106005110	106004976	4.29e-62	240	60
MZ463751.1	393	Chr12	130574490	82.569	109	170	277	1905091	1904983	1.83e-22	108	60
MZ463751.1	393	Chr12	130574490	79.439	107	137	242	100307450	100307344	1.40e-17	91.5	60
MZ463751.1	393	Chr12	130574490	78.261	92	170	260	129587973	129587882	3.77e-12	73.4	60
MZ463752.1	394	Chr12	130574490	98.519	135	43	177	106005110	106004976	5.24e-61	235	60
MZ463752.1	394	Chr12	130574490	82.569	109	170	277	1905091	1904983	1.83e-22	108	60
MZ463752.1	394	Chr12	130574490	79.439	107	137	242	100307450	100307344	1.41e-17	91.5	60
MZ463752.1	394	Chr12	130574490	78.261	92	170	260	129587973	129587882	3.78e-12	73.4	60
MZ463753.1	394	Chr12	130574490	98.519	135	43	177	106005110	106004976	5.24e-61	235	60
MZ463753.1	394	Chr12	130574490	82.569	109	170	277	1905091	1904983	1.83e-22	108	60
MZ463753.1	394	Chr12	130574490	79.439	107	137	242	100307450	100307344	1.41e-17	91.5	60
MZ463753.1	394	Chr12	130574490	78.261	92	170	260	129587973	129587882	3.78e-12	73.4	60
MZ463754.1	394	Chr12	130574490	98.519	135	43	177	106005110	106004976	5.24e-61	235	55
MZ463754.1	394	Chr12	130574490	85.870	92	170	260	1905091	1905000	2.23e-21	104	55
MZ463754.1	394	Chr12	130574490	79.245	106	138	242	100307449	100307344	4.92e-17	89.7	55
MZ463754.1	394	Chr12	130574490	78.261	92	170	260	129587973	129587882	3.78e-12	73.4	55
MZ463755.1	394	Chr12	130574490	99.259	135	43	177	106005110	106004976	4.30e-62	240	60
MZ463755.1	394	Chr12	130574490	83.486	109	170	277	1905091	1904983	4.31e-24	113	60
MZ463755.1	394	Chr12	130574490	80.374	107	137	242	100307450	100307344	1.16e-18	96.0	60
MZ463755.1	394	Chr12	130574490	79.348	92	170	260	129587973	129587882	3.10e-13	77.9	60
MZ463756.1	394	Chr12	130574490	99.259	135	43	177	106005110	106004976	4.30e-62	240	60
MZ463756.1	394	Chr12	130574490	81.651	109	170	277	1905091	1904983	2.23e-21	104	60
MZ463756.1	394	Chr12	130574490	79.439	107	137	242	100307450	100307344	1.41e-17	91.5	60
MZ463756.1	394	Chr12	130574490	78.824	85	170	253	129587973	129587889	4.60e-11	69.8	60
MZ463757.1	394	Chr12	130574490	98.519	135	43	177	106005110	106004976	5.24e-61	235	60
MZ463757.1	394	Chr12	130574490	82.243	107	172	277	1905089	1904983	2.23e-21	104	60
MZ463757.1	394	Chr12	130574490	78.505	107	137	242	100307450	100307344	5.99e-16	86.9	60
MZ463757.1	394	Chr12	130574490	77.778	90	172	260	129587971	129587882	4.60e-11	69.8	60
MZ463758.1	394	Chr12	130574490	99.259	135	43	177	106005110	106004976	4.30e-62	240	60
MZ463758.1	394	Chr12	130574490	82.569	109	170	277	1905091	1904983	1.83e-22	108	60
MZ463758.1	394	Chr12	130574490	79.439	107	137	242	100307450	100307344	1.41e-17	91.5	60
MZ463758.1	394	Chr12	130574490	78.261	92	170	260	129587973	129587882	3.78e-12	73.4	60
MZ463759.1	410	Chr12	130574490	99.259	135	43	177	106005110	106004976	4.49e-62	240	57
MZ463759.1	410	Chr12	130574490	82.569	109	170	277	1905091	1904983	1.91e-22	108	57
MZ463759.1	410	Chr12	130574490	79.439	107	137	242	100307450	100307344	1.47e-17	91.5	57
MZ463759.1	410	Chr12	130574490	78.261	92	170	260	129587973	129587882	3.94e-12	73.4	57
FJ751925.1	394	Chr12	130574490	99.259	135	43	177	106005110	106004976	4.30e-62	240	60
FJ751925.1	394	Chr12	130574490	82.569	109	170	277	1905091	1904983	1.83e-22	108	60
FJ751925.1	394	Chr12	130574490	79.439	107	137	242	100307450	100307344	1.41e-17	91.5	60
FJ751925.1	394	Chr12	130574490	78.261	92	170	260	129587973	129587882	3.78e-12	73.4	60
FJ751926.1	395	Chr12	130574490	99.259	135	43	177	106005110	106004976	4.31e-62	240	59
FJ751926.1	395	Chr12	130574490	82.569	109	170	277	1905091	1904983	1.84e-22	108	59
FJ751926.1	395	Chr12	130574490	79.439	107	137	242	100307450	100307344	1.41e-17	91.5	59
FJ751926.1	395	Chr12	130574490	78.261	92	170	260	129587973	129587882	3.79e-12	73.4	59
FJ751927.1	395	Chr12	130574490	99.259	135	43	177	106005110	106004976	4.31e-62	240	59
FJ751927.1	395	Chr12	130574490	81.651	109	170	277	1905091	1904983	2.24e-21	104	59
FJ751927.1	395	Chr12	130574490	78.505	107	137	242	100307450	100307344	6.00e-16	86.9	59
FJ751927.1	395	Chr12	130574490	77.174	92	170	260	129587973	129587882	1.61e-10	68.9	59
FJ751930.1	395	Chr12	130574490	99.259	135	43	177	106005110	106004976	4.31e-62	240	59
FJ751930.1	395	Chr12	130574490	82.569	109	170	277	1905091	1904983	1.84e-22	108	59
FJ751930.1	395	Chr12	130574490	79.439	107	137	242	100307450	100307344	1.41e-17	91.5	59
FJ751930.1	395	Chr12	130574490	78.261	92	170	260	129587973	129587882	3.79e-12	73.4	59
FJ751933.1	396	Chr12	130574490	99.259	135	44	178	106005110	106004976	4.32e-62	240	59
FJ751933.1	396	Chr12	130574490	82.569	109	171	278	1905091	1904983	1.84e-22	108	59
FJ751933.1	396	Chr12	130574490	79.439	107	138	243	100307450	100307344	1.42e-17	91.5	59
FJ751933.1	396	Chr12	130574490	78.261	92	171	261	129587973	129587882	3.80e-12	73.4	59
FJ751934.1	395	Chr12	130574490	99.259	135	44	178	106005110	106004976	4.31e-62	240	59
FJ751934.1	395	Chr12	130574490	82.569	109	171	278	1905091	1904983	1.84e-22	108	59
FJ751934.1	395	Chr12	130574490	79.439	107	138	243	100307450	100307344	1.41e-17	91.5	59
FJ751934.1	395	Chr12	130574490	78.261	92	171	261	129587973	129587882	3.79e-12	73.4	59
MZ463745.1	387	hS00001	5004006	80.443	271	6	274	1920563	1920294	1.63e-63	240	70
MZ463745.1	387	hS00001	5004006	80.443	271	6	274	1926230	1925961	1.63e-63	240	70
MZ463745.1	387	hS00001	5004006	80.443	271	6	274	2370426	2370695	1.63e-63	240	70
MZ463746.1	387	hS00001	5004006	80.074	271	6	274	1920563	1920294	1.99e-62	235	70
MZ463746.1	387	hS00001	5004006	80.074	271	6	274	1926230	1925961	1.99e-62	235	70
MZ463746.1	387	hS00001	5004006	80.074	271	6	274	2370426	2370695	1.99e-62	235	70
MZ463747.1	387	hS00001	5004006	80.586	273	6	274	1920563	1920294	5.71e-63	238	70
MZ463747.1	387	hS00001	5004006	80.586	273	6	274	1926230	1925961	5.71e-63	238	70
MZ463747.1	387	hS00001	5004006	80.586	273	6	274	2370426	2370695	5.71e-63	238	70
MZ463748.1	387	hS00001	5004006	80.074	271	6	274	1920563	1920294	1.99e-62	235	70
MZ463748.1	387	hS00001	5004006	80.074	271	6	274	1926230	1925961	1.99e-62	235	70
MZ463748.1	387	hS00001	5004006	80.074	271	6	274	2370426	2370695	1.99e-62	235	70
MZ463749.1	391	hS00001	5004006	80.074	271	11	279	1920563	1920294	2.01e-62	235	69
MZ463749.1	391	hS00001	5004006	80.074	271	11	279	1926230	1925961	2.01e-62	235	69
MZ463749.1	391	hS00001	5004006	80.074	271	11	279	2370426	2370695	2.01e-62	235	69
MZ463750.1	392	hS00001	5004006	79.705	271	11	279	1920563	1920294	8.58e-61	231	69
MZ463750.1	392	hS00001	5004006	79.705	271	11	279	1926230	1925961	8.58e-61	231	69
MZ463750.1	392	hS00001	5004006	79.705	271	11	279	2370426	2370695	8.58e-61	231	69
MZ463751.1	393	hS00001	5004006	80.443	271	11	279	1920563	1920294	1.66e-63	240	68
MZ463751.1	393	hS00001	5004006	80.443	271	11	279	1926230	1925961	1.66e-63	240	68
MZ463751.1	393	hS00001	5004006	80.443	271	11	279	2370426	2370695	1.66e-63	240	68
MZ463752.1	394	hS00001	5004006	80.443	271	11	279	1920563	1920294	1.67e-63	240	68
MZ463752.1	394	hS00001	5004006	80.443	271	11	279	1926230	1925961	1.67e-63	240	68
MZ463752.1	394	hS00001	5004006	80.443	271	11	279	2370426	2370695	1.67e-63	240	68
MZ463753.1	394	hS00001	5004006	80.074	271	11	279	1920563	1920294	2.03e-62	235	68
MZ463753.1	394	hS00001	5004006	80.074	271	11	279	1926230	1925961	2.03e-62	235	68
MZ463753.1	394	hS00001	5004006	80.074	271	11	279	2370426	2370695	2.03e-62	235	68
MZ463754.1	394	hS00001	5004006	80.443	271	11	279	1920563	1920294	1.67e-63	240	68
MZ463754.1	394	hS00001	5004006	80.443	271	11	279	1926230	1925961	1.67e-63	240	68
MZ463754.1	394	hS00001	5004006	80.443	271	11	279	2370426	2370695	1.67e-63	240	68
MZ463755.1	394	hS00001	5004006	80.812	271	11	279	1920563	1920294	3.92e-65	244	68
MZ463755.1	394	hS00001	5004006	80.812	271	11	279	1926230	1925961	3.92e-65	244	68
MZ463755.1	394	hS00001	5004006	80.812	271	11	279	2370426	2370695	3.92e-65	244	68
MZ463756.1	394	hS00001	5004006	80.074	271	11	279	1920563	1920294	2.03e-62	235	68
MZ463756.1	394	hS00001	5004006	80.074	271	11	279	1926230	1925961	2.03e-62	235	68
MZ463756.1	394	hS00001	5004006	80.074	271	11	279	2370426	2370695	2.03e-62	235	68
MZ463757.1	394	hS00001	5004006	80.074	271	11	279	1920563	1920294	2.03e-62	235	68
MZ463757.1	394	hS00001	5004006	80.074	271	11	279	1926230	1925961	2.03e-62	235	68
MZ463757.1	394	hS00001	5004006	80.074	271	11	279	2370426	2370695	2.03e-62	235	68
MZ463758.1	394	hS00001	5004006	80.074	271	11	279	1920563	1920294	2.03e-62	235	68
MZ463758.1	394	hS00001	5004006	80.074	271	11	279	1926230	1925961	2.03e-62	235	68
MZ463758.1	394	hS00001	5004006	80.074	271	11	279	2370426	2370695	2.03e-62	235	68
MZ463759.1	410	hS00001	5004006	80.074	271	11	279	1920563	1920294	2.12e-62	235	66
MZ463759.1	410	hS00001	5004006	80.074	271	11	279	1926230	1925961	2.12e-62	235	66
MZ463759.1	410	hS00001	5004006	80.074	271	11	279	2370426	2370695	2.12e-62	235	66
FJ751925.1	394	hS00001	5004006	80.443	271	11	279	1920563	1920294	1.67e-63	240	68
FJ751925.1	394	hS00001	5004006	80.443	271	11	279	1926230	1925961	1.67e-63	240	68
FJ751925.1	394	hS00001	5004006	80.443	271	11	279	2370426	2370695	1.67e-63	240	68
FJ751926.1	395	hS00001	5004006	80.443	271	11	279	1920563	1920294	1.67e-63	240	68
FJ751926.1	395	hS00001	5004006	80.443	271	11	279	1926230	1925961	1.67e-63	240	68
FJ751926.1	395	hS00001	5004006	80.443	271	11	279	2370426	2370695	1.67e-63	240	68
FJ751927.1	395	hS00001	5004006	80.074	271	11	279	1920563	1920294	2.04e-62	235	68
FJ751927.1	395	hS00001	5004006	80.074	271	11	279	1926230	1925961	2.04e-62	235	68
FJ751927.1	395	hS00001	5004006	80.074	271	11	279	2370426	2370695	2.04e-62	235	68
FJ751930.1	395	hS00001	5004006	80.443	271	11	279	1920563	1920294	1.67e-63	240	68
FJ751930.1	395	hS00001	5004006	80.443	271	11	279	1926230	1925961	1.67e-63	240	68
FJ751930.1	395	hS00001	5004006	80.443	271	11	279	2370426	2370695	1.67e-63	240	68
FJ751933.1	396	hS00001	5004006	80.443	271	12	280	1920563	1920294	1.68e-63	240	68
FJ751933.1	396	hS00001	5004006	80.443	271	12	280	1926230	1925961	1.68e-63	240	68
FJ751933.1	396	hS00001	5004006	80.443	271	12	280	2370426	2370695	1.68e-63	240	68
FJ751934.1	395	hS00001	5004006	80.443	271	12	280	1920563	1920294	1.67e-63	240	68
FJ751934.1	395	hS00001	5004006	80.443	271	12	280	1926230	1925961	1.67e-63	240	68
FJ751934.1	395	hS00001	5004006	80.443	271	12	280	2370426	2370695	1.67e-63	240	68
MZ463745.1	387	hS00002	4139135	84.674	261	12	272	644569	644309	2.45e-79	291	67
MZ463745.1	387	hS00002	4139135	84.674	261	12	272	2048712	2048972	2.45e-79	291	67
MZ463746.1	387	hS00002	4139135	84.291	261	12	272	644569	644309	1.04e-77	287	67
MZ463746.1	387	hS00002	4139135	84.291	261	12	272	2048712	2048972	1.04e-77	287	67
MZ463747.1	387	hS00002	4139135	84.291	261	12	272	644569	644309	1.04e-77	287	67
MZ463747.1	387	hS00002	4139135	84.291	261	12	272	2048712	2048972	1.04e-77	287	67
MZ463748.1	387	hS00002	4139135	84.291	261	12	272	644569	644309	1.04e-77	287	67
MZ463748.1	387	hS00002	4139135	84.291	261	12	272	2048712	2048972	1.04e-77	287	67
MZ463749.1	391	hS00002	4139135	83.577	274	5	277	644582	644309	3.02e-78	288	70
MZ463749.1	391	hS00002	4139135	83.577	274	5	277	2048699	2048972	3.02e-78	288	70
MZ463750.1	392	hS00002	4139135	83.212	274	5	277	644582	644309	3.68e-77	284	70
MZ463750.1	392	hS00002	4139135	83.212	274	5	277	2048699	2048972	3.68e-77	284	70
MZ463751.1	393	hS00002	4139135	83.942	274	5	277	644582	644309	7.13e-80	293	69
MZ463751.1	393	hS00002	4139135	83.942	274	5	277	2048699	2048972	7.13e-80	293	69
MZ463752.1	394	hS00002	4139135	83.577	274	5	277	644582	644309	3.04e-78	288	69
MZ463752.1	394	hS00002	4139135	83.577	274	5	277	2048699	2048972	3.04e-78	288	69
MZ463753.1	394	hS00002	4139135	83.577	274	5	277	644582	644309	3.04e-78	288	69
MZ463753.1	394	hS00002	4139135	83.577	274	5	277	2048699	2048972	3.04e-78	288	69
MZ463754.1	394	hS00002	4139135	83.942	274	5	277	644582	644309	7.15e-80	293	69
MZ463754.1	394	hS00002	4139135	83.942	274	5	277	2048699	2048972	7.15e-80	293	69
MZ463755.1	394	hS00002	4139135	84.307	274	5	277	644582	644309	5.87e-81	297	69
MZ463755.1	394	hS00002	4139135	84.307	274	5	277	2048699	2048972	5.87e-81	297	69
MZ463756.1	394	hS00002	4139135	83.577	274	5	277	644582	644309	3.04e-78	288	69
MZ463756.1	394	hS00002	4139135	83.577	274	5	277	2048699	2048972	3.04e-78	288	69
MZ463757.1	394	hS00002	4139135	83.577	274	5	277	644582	644309	3.04e-78	288	69
MZ463757.1	394	hS00002	4139135	83.577	274	5	277	2048699	2048972	3.04e-78	288	69
MZ463758.1	394	hS00002	4139135	83.577	274	5	277	644582	644309	3.04e-78	288	69
MZ463758.1	394	hS00002	4139135	83.577	274	5	277	2048699	2048972	3.04e-78	288	69
MZ463759.1	410	hS00002	4139135	83.577	274	5	277	644582	644309	3.17e-78	288	67
MZ463759.1	410	hS00002	4139135	83.577	274	5	277	2048699	2048972	3.17e-78	288	67
FJ751925.1	394	hS00002	4139135	83.942	274	5	277	644582	644309	7.15e-80	293	69
FJ751925.1	394	hS00002	4139135	83.942	274	5	277	2048699	2048972	7.15e-80	293	69
FJ751926.1	395	hS00002	4139135	83.942	274	5	277	644582	644309	7.17e-80	293	69
FJ751926.1	395	hS00002	4139135	83.942	274	5	277	2048699	2048972	7.17e-80	293	69
FJ751927.1	395	hS00002	4139135	83.577	274	5	277	644582	644309	3.05e-78	288	69
FJ751927.1	395	hS00002	4139135	83.577	274	5	277	2048699	2048972	3.05e-78	288	69
FJ751930.1	395	hS00002	4139135	83.942	274	5	277	644582	644309	7.17e-80	293	69
FJ751930.1	395	hS00002	4139135	83.942	274	5	277	2048699	2048972	7.17e-80	293	69
FJ751933.1	396	hS00002	4139135	83.942	274	6	278	644582	644309	7.19e-80	293	69
FJ751933.1	396	hS00002	4139135	83.942	274	6	278	2048699	2048972	7.19e-80	293	69
FJ751934.1	395	hS00002	4139135	83.942	274	6	278	644582	644309	7.17e-80	293	69
FJ751934.1	395	hS00002	4139135	83.942	274	6	278	2048699	2048972	7.17e-80	293	69
MZ463745.1	387	hS00003	3614743	78.788	264	12	273	1142716	1142979	3.87e-57	217	68
MZ463745.1	387	hS00003	3614743	78.788	264	12	273	2127829	2127566	3.87e-57	217	68
MZ463745.1	387	hS00003	3614743	78.788	264	12	273	2951620	2951357	3.87e-57	217	68
MZ463746.1	387	hS00003	3614743	78.409	264	12	273	1142716	1142979	1.65e-55	213	68
MZ463746.1	387	hS00003	3614743	78.409	264	12	273	2127829	2127566	1.65e-55	213	68
MZ463746.1	387	hS00003	3614743	78.409	264	12	273	2951620	2951357	1.65e-55	213	68
MZ463747.1	387	hS00003	3614743	78.409	264	12	273	1142716	1142979	1.65e-55	213	68
MZ463747.1	387	hS00003	3614743	78.409	264	12	273	2127829	2127566	1.65e-55	213	68
MZ463747.1	387	hS00003	3614743	78.409	264	12	273	2951620	2951357	1.65e-55	213	68
MZ463748.1	387	hS00003	3614743	78.409	264	12	273	1142716	1142979	1.65e-55	213	68
MZ463748.1	387	hS00003	3614743	78.409	264	12	273	2127829	2127566	1.65e-55	213	68
MZ463748.1	387	hS00003	3614743	78.409	264	12	273	2951620	2951357	1.65e-55	213	68
MZ463749.1	391	hS00003	3614743	78.700	277	5	278	1142703	1142979	9.20e-59	224	70
MZ463749.1	391	hS00003	3614743	78.700	277	5	278	2127842	2127566	9.20e-59	224	70
MZ463749.1	391	hS00003	3614743	78.700	277	5	278	2951633	2951357	9.20e-59	224	70
MZ463750.1	392	hS00003	3614743	77.617	277	5	278	1142703	1142979	5.82e-55	210	70
MZ463750.1	392	hS00003	3614743	77.617	277	5	278	2127842	2127566	5.82e-55	210	70
MZ463750.1	392	hS00003	3614743	77.617	277	5	278	2951633	2951357	5.82e-55	210	70
MZ463751.1	393	hS00003	3614743	78.339	277	5	278	1142703	1142979	1.13e-57	219	70
MZ463751.1	393	hS00003	3614743	78.339	277	5	278	2127842	2127566	1.13e-57	219	70
MZ463751.1	393	hS00003	3614743	78.339	277	5	278	2951633	2951357	1.13e-57	219	70
MZ463752.1	394	hS00003	3614743	78.339	277	5	278	1142703	1142979	1.13e-57	219	70
MZ463752.1	394	hS00003	3614743	78.339	277	5	278	2127842	2127566	1.13e-57	219	70
MZ463752.1	394	hS00003	3614743	78.339	277	5	278	2951633	2951357	1.13e-57	219	70
MZ463753.1	394	hS00003	3614743	77.978	277	5	278	1142703	1142979	4.81e-56	214	70
MZ463753.1	394	hS00003	3614743	77.978	277	5	278	2127842	2127566	4.81e-56	214	70
MZ463753.1	394	hS00003	3614743	77.978	277	5	278	2951633	2951357	4.81e-56	214	70
MZ463754.1	394	hS00003	3614743	80.723	249	5	250	1142703	1142951	9.28e-59	223	62
MZ463754.1	394	hS00003	3614743	80.723	249	5	250	2127842	2127594	9.28e-59	223	62
MZ463754.1	394	hS00003	3614743	80.723	249	5	250	2951633	2951385	9.28e-59	223	62
MZ463755.1	394	hS00003	3614743	78.700	277	5	278	1142703	1142979	9.28e-59	224	70
MZ463755.1	394	hS00003	3614743	78.700	277	5	278	2127842	2127566	9.28e-59	224	70
MZ463755.1	394	hS00003	3614743	78.700	277	5	278	2951633	2951357	9.28e-59	224	70
MZ463756.1	394	hS00003	3614743	78.700	277	5	278	1142703	1142979	9.28e-59	224	70
MZ463756.1	394	hS00003	3614743	78.700	277	5	278	2127842	2127566	9.28e-59	224	70
MZ463756.1	394	hS00003	3614743	78.700	277	5	278	2951633	2951357	9.28e-59	224	70
MZ463757.1	394	hS00003	3614743	77.978	277	5	278	1142703	1142979	4.81e-56	214	70
MZ463757.1	394	hS00003	3614743	77.978	277	5	278	2127842	2127566	4.81e-56	214	70
MZ463757.1	394	hS00003	3614743	77.978	277	5	278	2951633	2951357	4.81e-56	214	70
MZ463758.1	394	hS00003	3614743	77.978	277	5	278	1142703	1142979	4.81e-56	214	70
MZ463758.1	394	hS00003	3614743	77.978	277	5	278	2127842	2127566	4.81e-56	214	70
MZ463758.1	394	hS00003	3614743	77.978	277	5	278	2951633	2951357	4.81e-56	214	70
MZ463759.1	410	hS00003	3614743	77.978	277	5	278	1142703	1142979	5.01e-56	214	67
MZ463759.1	410	hS00003	3614743	77.978	277	5	278	2127842	2127566	5.01e-56	214	67
MZ463759.1	410	hS00003	3614743	77.978	277	5	278	2951633	2951357	5.01e-56	214	67
FJ751925.1	394	hS00003	3614743	78.339	277	5	278	1142703	1142979	1.13e-57	219	70
FJ751925.1	394	hS00003	3614743	78.339	277	5	278	2127842	2127566	1.13e-57	219	70
FJ751925.1	394	hS00003	3614743	78.339	277	5	278	2951633	2951357	1.13e-57	219	70
FJ751926.1	395	hS00003	3614743	78.339	277	5	278	1142703	1142979	1.13e-57	219	69
FJ751926.1	395	hS00003	3614743	78.339	277	5	278	2127842	2127566	1.13e-57	219	69
FJ751926.1	395	hS00003	3614743	78.339	277	5	278	2951633	2951357	1.13e-57	219	69
FJ751927.1	395	hS00003	3614743	77.978	277	5	278	1142703	1142979	4.82e-56	214	69
FJ751927.1	395	hS00003	3614743	77.978	277	5	278	2127842	2127566	4.82e-56	214	69
FJ751927.1	395	hS00003	3614743	77.978	277	5	278	2951633	2951357	4.82e-56	214	69
FJ751930.1	395	hS00003	3614743	78.339	277	5	278	1142703	1142979	1.13e-57	219	69
FJ751930.1	395	hS00003	3614743	78.339	277	5	278	2127842	2127566	1.13e-57	219	69
FJ751930.1	395	hS00003	3614743	78.339	277	5	278	2951633	2951357	1.13e-57	219	69
FJ751933.1	396	hS00003	3614743	78.339	277	6	279	1142703	1142979	1.14e-57	219	69
FJ751933.1	396	hS00003	3614743	78.339	277	6	279	2127842	2127566	1.14e-57	219	69
FJ751933.1	396	hS00003	3614743	78.339	277	6	279	2951633	2951357	1.14e-57	219	69
FJ751934.1	395	hS00003	3614743	78.339	277	6	279	1142703	1142979	1.13e-57	219	69
FJ751934.1	395	hS00003	3614743	78.339	277	6	279	2127842	2127566	1.13e-57	219	69
FJ751934.1	395	hS00003	3614743	78.339	277	6	279	2951633	2951357	1.13e-57	219	69
MZ463745.1	387	hS00008	840713	78.764	259	6	262	160446	160702	1.34e-55	210	66
MZ463745.1	387	hS00008	840713	78.764	259	6	262	297826	298082	1.34e-55	210	66
MZ463745.1	387	hS00008	840713	78.764	259	6	262	384835	385091	1.34e-55	210	66
MZ463745.1	387	hS00008	840713	78.462	260	6	262	430973	431230	1.99e-53	204	66
MZ463746.1	387	hS00008	840713	78.378	259	6	262	160446	160702	5.71e-54	205	66
MZ463746.1	387	hS00008	840713	78.378	259	6	262	297826	298082	5.71e-54	205	66
MZ463746.1	387	hS00008	840713	78.378	259	6	262	384835	385091	5.71e-54	205	66
MZ463746.1	387	hS00008	840713	78.077	260	6	262	430973	431230	2.43e-52	199	66
MZ463747.1	387	hS00008	840713	78.378	259	6	262	160446	160702	5.71e-54	205	66
MZ463747.1	387	hS00008	840713	78.378	259	6	262	297826	298082	5.71e-54	205	66
MZ463747.1	387	hS00008	840713	78.378	259	6	262	384835	385091	5.71e-54	205	66
MZ463747.1	387	hS00008	840713	78.077	260	6	262	430973	431230	2.43e-52	199	66
MZ463748.1	387	hS00008	840713	79.231	260	6	262	160446	160702	4.69e-55	209	66
MZ463748.1	387	hS00008	840713	79.231	260	6	262	297826	298082	4.69e-55	209	66
MZ463748.1	387	hS00008	840713	79.231	260	6	262	384835	385091	4.69e-55	209	66
MZ463748.1	387	hS00008	840713	78.927	261	6	262	430973	431230	1.99e-53	203	66
MZ463749.1	391	hS00008	840713	78.378	259	11	267	160446	160702	5.77e-54	205	66
MZ463749.1	391	hS00008	840713	78.378	259	11	267	297826	298082	5.77e-54	205	66
MZ463749.1	391	hS00008	840713	78.378	259	11	267	384835	385091	5.77e-54	205	66
MZ463749.1	391	hS00008	840713	78.077	260	11	267	430973	431230	2.46e-52	199	66
MZ463750.1	392	hS00008	840713	77.992	259	11	267	160446	160702	7.05e-53	201	66
MZ463750.1	392	hS00008	840713	77.992	259	11	267	297826	298082	7.05e-53	201	66
MZ463750.1	392	hS00008	840713	77.992	259	11	267	384835	385091	7.05e-53	201	66
MZ463750.1	392	hS00008	840713	77.692	260	11	267	430973	431230	1.05e-50	195	66
MZ463751.1	393	hS00008	840713	78.764	259	11	267	160446	160702	1.37e-55	210	65
MZ463751.1	393	hS00008	840713	78.764	259	11	267	297826	298082	1.37e-55	210	65
MZ463751.1	393	hS00008	840713	78.764	259	11	267	384835	385091	1.37e-55	210	65
MZ463751.1	393	hS00008	840713	78.462	260	11	267	430973	431230	2.03e-53	204	65
MZ463752.1	394	hS00008	840713	78.764	259	11	267	160446	160702	1.37e-55	210	65
MZ463752.1	394	hS00008	840713	78.764	259	11	267	297826	298082	1.37e-55	210	65
MZ463752.1	394	hS00008	840713	78.764	259	11	267	384835	385091	1.37e-55	210	65
MZ463752.1	394	hS00008	840713	78.462	260	11	267	430973	431230	2.03e-53	204	65
MZ463753.1	394	hS00008	840713	78.378	259	11	267	160446	160702	5.82e-54	205	65
MZ463753.1	394	hS00008	840713	78.378	259	11	267	297826	298082	5.82e-54	205	65
MZ463753.1	394	hS00008	840713	78.378	259	11	267	384835	385091	5.82e-54	205	65
MZ463753.1	394	hS00008	840713	78.077	260	11	267	430973	431230	2.48e-52	199	65
MZ463754.1	394	hS00008	840713	78.682	258	11	267	160446	160702	1.37e-55	211	65
MZ463754.1	394	hS00008	840713	78.682	258	11	267	297826	298082	1.37e-55	211	65
MZ463754.1	394	hS00008	840713	78.682	258	11	267	384835	385091	1.37e-55	211	65
MZ463754.1	394	hS00008	840713	78.378	259	11	267	430973	431230	5.82e-54	205	65
MZ463755.1	394	hS00008	840713	79.151	259	11	267	160446	160702	1.12e-56	214	65
MZ463755.1	394	hS00008	840713	79.151	259	11	267	297826	298082	1.12e-56	214	65
MZ463755.1	394	hS00008	840713	79.151	259	11	267	384835	385091	1.12e-56	214	65
MZ463755.1	394	hS00008	840713	78.846	260	11	267	430973	431230	4.78e-55	208	65
MZ463756.1	394	hS00008	840713	78.378	259	11	267	160446	160702	5.82e-54	205	65
MZ463756.1	394	hS00008	840713	78.378	259	11	267	297826	298082	5.82e-54	205	65
MZ463756.1	394	hS00008	840713	78.378	259	11	267	384835	385091	5.82e-54	205	65
MZ463756.1	394	hS00008	840713	78.077	260	11	267	430973	431230	2.48e-52	199	65
MZ463757.1	394	hS00008	840713	79.151	259	11	267	160446	160702	1.12e-56	214	65
MZ463757.1	394	hS00008	840713	79.151	259	11	267	297826	298082	1.12e-56	214	65
MZ463757.1	394	hS00008	840713	79.151	259	11	267	384835	385091	1.12e-56	214	65
MZ463757.1	394	hS00008	840713	78.846	260	11	267	430973	431230	4.78e-55	208	65
MZ463758.1	394	hS00008	840713	78.378	259	11	267	160446	160702	5.82e-54	205	65
MZ463758.1	394	hS00008	840713	78.378	259	11	267	297826	298082	5.82e-54	205	65
MZ463758.1	394	hS00008	840713	78.378	259	11	267	384835	385091	5.82e-54	205	65
MZ463758.1	394	hS00008	840713	78.077	260	11	267	430973	431230	2.48e-52	199	65
MZ463759.1	410	hS00008	840713	78.378	259	11	267	160446	160702	6.07e-54	205	63
MZ463759.1	410	hS00008	840713	78.378	259	11	267	297826	298082	6.07e-54	205	63
MZ463759.1	410	hS00008	840713	78.378	259	11	267	384835	385091	6.07e-54	205	63
MZ463759.1	410	hS00008	840713	78.077	260	11	267	430973	431230	2.58e-52	199	63
FJ751925.1	394	hS00008	840713	78.764	259	11	267	160446	160702	1.37e-55	210	65
FJ751925.1	394	hS00008	840713	78.764	259	11	267	297826	298082	1.37e-55	210	65
FJ751925.1	394	hS00008	840713	78.764	259	11	267	384835	385091	1.37e-55	210	65
FJ751925.1	394	hS00008	840713	78.462	260	11	267	430973	431230	2.03e-53	204	65
FJ751926.1	395	hS00008	840713	78.764	259	11	267	160446	160702	1.37e-55	210	65
FJ751926.1	395	hS00008	840713	78.764	259	11	267	297826	298082	1.37e-55	210	65
FJ751926.1	395	hS00008	840713	78.764	259	11	267	384835	385091	1.37e-55	210	65
FJ751926.1	395	hS00008	840713	78.462	260	11	267	430973	431230	2.04e-53	204	65
FJ751927.1	395	hS00008	840713	78.378	259	11	267	160446	160702	5.84e-54	205	65
FJ751927.1	395	hS00008	840713	78.378	259	11	267	297826	298082	5.84e-54	205	65
FJ751927.1	395	hS00008	840713	78.378	259	11	267	384835	385091	5.84e-54	205	65
FJ751927.1	395	hS00008	840713	78.077	260	11	267	430973	431230	2.48e-52	199	65
FJ751930.1	395	hS00008	840713	78.764	259	11	267	160446	160702	1.37e-55	210	65
FJ751930.1	395	hS00008	840713	78.764	259	11	267	297826	298082	1.37e-55	210	65
FJ751930.1	395	hS00008	840713	78.764	259	11	267	384835	385091	1.37e-55	210	65
FJ751930.1	395	hS00008	840713	78.462	260	11	267	430973	431230	2.04e-53	204	65
FJ751933.1	396	hS00008	840713	78.764	259	12	268	160446	160702	1.38e-55	210	65
FJ751933.1	396	hS00008	840713	78.764	259	12	268	297826	298082	1.38e-55	210	65
FJ751933.1	396	hS00008	840713	78.764	259	12	268	384835	385091	1.38e-55	210	65
FJ751933.1	396	hS00008	840713	78.462	260	12	268	430973	431230	2.04e-53	204	65
FJ751934.1	395	hS00008	840713	78.764	259	12	268	160446	160702	1.37e-55	210	65
FJ751934.1	395	hS00008	840713	78.764	259	12	268	297826	298082	1.37e-55	210	65
FJ751934.1	395	hS00008	840713	78.764	259	12	268	384835	385091	1.37e-55	210	65
FJ751934.1	395	hS00008	840713	78.462	260	12	268	430973	431230	2.04e-53	204	65
MZ463745.1	387	hS00018	365767	78.764	259	6	262	137291	137035	5.86e-56	210	66
MZ463746.1	387	hS00018	365767	78.378	259	6	262	137291	137035	2.49e-54	205	66
MZ463747.1	387	hS00018	365767	78.378	259	6	262	137291	137035	2.49e-54	205	66
MZ463748.1	387	hS00018	365767	79.231	260	6	262	137291	137035	2.05e-55	209	66
MZ463749.1	391	hS00018	365767	78.378	259	11	267	137291	137035	2.52e-54	205	66
MZ463750.1	392	hS00018	365767	77.992	259	11	267	137291	137035	3.08e-53	201	66
MZ463751.1	393	hS00018	365767	78.764	259	11	267	137291	137035	5.96e-56	210	65
MZ463752.1	394	hS00018	365767	78.764	259	11	267	137291	137035	5.97e-56	210	65
MZ463753.1	394	hS00018	365767	78.378	259	11	267	137291	137035	2.54e-54	205	65
MZ463754.1	394	hS00018	365767	78.682	258	11	267	137291	137035	5.97e-56	211	65
MZ463755.1	394	hS00018	365767	79.151	259	11	267	137291	137035	4.90e-57	214	65
MZ463756.1	394	hS00018	365767	78.378	259	11	267	137291	137035	2.54e-54	205	65
MZ463757.1	394	hS00018	365767	79.151	259	11	267	137291	137035	4.90e-57	214	65
MZ463758.1	394	hS00018	365767	78.378	259	11	267	137291	137035	2.54e-54	205	65
MZ463759.1	410	hS00018	365767	78.378	259	11	267	137291	137035	2.65e-54	205	63
FJ751925.1	394	hS00018	365767	78.764	259	11	267	137291	137035	5.97e-56	210	65
FJ751926.1	395	hS00018	365767	78.764	259	11	267	137291	137035	5.99e-56	210	65
FJ751927.1	395	hS00018	365767	78.378	259	11	267	137291	137035	2.55e-54	205	65
FJ751930.1	395	hS00018	365767	78.764	259	11	267	137291	137035	5.99e-56	210	65
FJ751933.1	396	hS00018	365767	78.764	259	12	268	137291	137035	6.00e-56	210	65
FJ751934.1	395	hS00018	365767	78.764	259	12	268	137291	137035	5.99e-56	210	65
MZ463745.1	387	hS00019	340032	79.104	268	6	272	90288	90554	2.47e-60	224	69
MZ463745.1	387	hS00019	340032	79.104	268	6	272	165841	166107	2.47e-60	224	69
MZ463746.1	387	hS00019	340032	78.731	268	6	272	90288	90554	1.05e-58	220	69
MZ463746.1	387	hS00019	340032	78.731	268	6	272	165841	166107	1.05e-58	220	69
MZ463747.1	387	hS00019	340032	78.731	268	6	272	90288	90554	1.05e-58	220	69
MZ463747.1	387	hS00019	340032	78.731	268	6	272	165841	166107	1.05e-58	220	69
MZ463748.1	387	hS00019	340032	78.731	268	6	272	90288	90554	1.05e-58	220	69
MZ463748.1	387	hS00019	340032	78.731	268	6	272	165841	166107	1.05e-58	220	69
MZ463749.1	391	hS00019	340032	78.731	268	11	277	90288	90554	1.06e-58	220	68
MZ463749.1	391	hS00019	340032	78.731	268	11	277	165841	166107	1.06e-58	220	68
MZ463750.1	392	hS00019	340032	78.358	268	11	277	90288	90554	1.30e-57	215	68
MZ463750.1	392	hS00019	340032	78.358	268	11	277	165841	166107	1.30e-57	215	68
MZ463751.1	393	hS00019	340032	79.104	268	11	277	90288	90554	2.51e-60	224	68
MZ463751.1	393	hS00019	340032	79.104	268	11	277	165841	166107	2.51e-60	224	68
MZ463752.1	394	hS00019	340032	79.104	268	11	277	90288	90554	2.52e-60	224	68
MZ463752.1	394	hS00019	340032	79.104	268	11	277	165841	166107	2.52e-60	224	68
MZ463753.1	394	hS00019	340032	78.731	268	11	277	90288	90554	1.07e-58	220	68
MZ463753.1	394	hS00019	340032	78.731	268	11	277	165841	166107	1.07e-58	220	68
MZ463754.1	394	hS00019	340032	80.478	251	11	260	90288	90537	2.52e-60	225	63
MZ463754.1	394	hS00019	340032	80.478	251	11	260	165841	166090	2.52e-60	225	63
MZ463755.1	394	hS00019	340032	79.478	268	11	277	90288	90554	2.07e-61	229	68
MZ463755.1	394	hS00019	340032	79.478	268	11	277	165841	166107	2.07e-61	229	68
MZ463756.1	394	hS00019	340032	78.731	268	11	277	90288	90554	1.07e-58	220	68
MZ463756.1	394	hS00019	340032	78.731	268	11	277	165841	166107	1.07e-58	220	68
MZ463757.1	394	hS00019	340032	79.478	268	11	277	90288	90554	2.07e-61	229	68
MZ463757.1	394	hS00019	340032	79.478	268	11	277	165841	166107	2.07e-61	229	68
MZ463758.1	394	hS00019	340032	78.731	268	11	277	90288	90554	1.07e-58	220	68
MZ463758.1	394	hS00019	340032	78.731	268	11	277	165841	166107	1.07e-58	220	68
MZ463759.1	410	hS00019	340032	78.731	268	11	277	90288	90554	1.12e-58	220	65
MZ463759.1	410	hS00019	340032	78.731	268	11	277	165841	166107	1.12e-58	220	65
FJ751925.1	394	hS00019	340032	79.104	268	11	277	90288	90554	2.52e-60	224	68
FJ751925.1	394	hS00019	340032	79.104	268	11	277	165841	166107	2.52e-60	224	68
FJ751926.1	395	hS00019	340032	79.104	268	11	277	90288	90554	2.53e-60	224	68
FJ751926.1	395	hS00019	340032	79.104	268	11	277	165841	166107	2.53e-60	224	68
FJ751927.1	395	hS00019	340032	78.731	268	11	277	90288	90554	1.07e-58	220	68
FJ751927.1	395	hS00019	340032	78.731	268	11	277	165841	166107	1.07e-58	220	68
FJ751930.1	395	hS00019	340032	79.104	268	11	277	90288	90554	2.53e-60	224	68
FJ751930.1	395	hS00019	340032	79.104	268	11	277	165841	166107	2.53e-60	224	68
FJ751933.1	396	hS00019	340032	79.104	268	12	278	90288	90554	2.53e-60	224	67
FJ751933.1	396	hS00019	340032	79.104	268	12	278	165841	166107	2.53e-60	224	67
FJ751934.1	395	hS00019	340032	79.104	268	12	278	90288	90554	2.53e-60	224	68
FJ751934.1	395	hS00019	340032	79.104	268	12	278	165841	166107	2.53e-60	224	68
MZ463745.1	387	hS00024	300425	78.764	259	6	262	229060	229316	4.81e-56	210	66
MZ463746.1	387	hS00024	300425	78.378	259	6	262	229060	229316	2.05e-54	205	66
MZ463747.1	387	hS00024	300425	78.378	259	6	262	229060	229316	2.05e-54	205	66
MZ463748.1	387	hS00024	300425	79.231	260	6	262	229060	229316	1.68e-55	209	66
MZ463749.1	391	hS00024	300425	78.378	259	11	267	229060	229316	2.07e-54	205	66
MZ463750.1	392	hS00024	300425	77.992	259	11	267	229060	229316	2.53e-53	201	66
MZ463751.1	393	hS00024	300425	78.764	259	11	267	229060	229316	4.89e-56	210	65
MZ463752.1	394	hS00024	300425	78.764	259	11	267	229060	229316	4.91e-56	210	65
MZ463753.1	394	hS00024	300425	78.378	259	11	267	229060	229316	2.09e-54	205	65
MZ463754.1	394	hS00024	300425	78.682	258	11	267	229060	229316	4.91e-56	211	65
MZ463755.1	394	hS00024	300425	79.151	259	11	267	229060	229316	4.03e-57	214	65
MZ463756.1	394	hS00024	300425	78.378	259	11	267	229060	229316	2.09e-54	205	65
MZ463757.1	394	hS00024	300425	79.151	259	11	267	229060	229316	4.03e-57	214	65
MZ463758.1	394	hS00024	300425	78.378	259	11	267	229060	229316	2.09e-54	205	65
MZ463759.1	410	hS00024	300425	78.378	259	11	267	229060	229316	2.18e-54	205	63
FJ751925.1	394	hS00024	300425	78.764	259	11	267	229060	229316	4.91e-56	210	65
FJ751926.1	395	hS00024	300425	78.764	259	11	267	229060	229316	4.92e-56	210	65
FJ751927.1	395	hS00024	300425	78.378	259	11	267	229060	229316	2.09e-54	205	65
FJ751930.1	395	hS00024	300425	78.764	259	11	267	229060	229316	4.92e-56	210	65
FJ751933.1	396	hS00024	300425	78.764	259	12	268	229060	229316	4.93e-56	210	65
FJ751934.1	395	hS00024	300425	78.764	259	12	268	229060	229316	4.92e-56	210	65
MZ463745.1	387	hS00033	222183	77.947	263	12	272	8399	8661	4.34e-55	206	67
MZ463745.1	387	hS00033	222183	77.947	263	12	272	48980	48718	4.34e-55	206	67
MZ463745.1	387	hS00033	222183	77.947	263	12	272	60583	60845	4.34e-55	206	67
MZ463745.1	387	hS00033	222183	77.947	263	12	272	95032	94770	4.34e-55	206	67
MZ463745.1	387	hS00033	222183	77.947	263	12	272	115499	115761	4.34e-55	206	67
MZ463745.1	387	hS00033	222183	77.947	263	12	272	180696	180434	4.34e-55	206	67
MZ463745.1	387	hS00033	222183	77.947	263	12	272	195746	196008	4.34e-55	206	67
MZ463746.1	387	hS00033	222183	77.947	263	12	272	8399	8661	4.34e-55	206	67
MZ463746.1	387	hS00033	222183	77.947	263	12	272	48980	48718	4.34e-55	206	67
MZ463746.1	387	hS00033	222183	77.947	263	12	272	60583	60845	4.34e-55	206	67
MZ463746.1	387	hS00033	222183	77.947	263	12	272	95032	94770	4.34e-55	206	67
MZ463746.1	387	hS00033	222183	77.947	263	12	272	115499	115761	4.34e-55	206	67
MZ463746.1	387	hS00033	222183	77.947	263	12	272	180696	180434	4.34e-55	206	67
MZ463746.1	387	hS00033	222183	77.947	263	12	272	195746	196008	4.34e-55	206	67
MZ463747.1	387	hS00033	222183	77.567	263	12	272	8399	8661	1.84e-53	202	67
MZ463747.1	387	hS00033	222183	77.567	263	12	272	48980	48718	1.84e-53	202	67
MZ463747.1	387	hS00033	222183	77.567	263	12	272	60583	60845	1.84e-53	202	67
MZ463747.1	387	hS00033	222183	77.567	263	12	272	95032	94770	1.84e-53	202	67
MZ463747.1	387	hS00033	222183	77.567	263	12	272	115499	115761	1.84e-53	202	67
MZ463747.1	387	hS00033	222183	77.567	263	12	272	180696	180434	1.84e-53	202	67
MZ463747.1	387	hS00033	222183	77.567	263	12	272	195746	196008	1.84e-53	202	67
MZ463748.1	387	hS00033	222183	77.567	263	12	272	8399	8661	1.84e-53	202	67
MZ463748.1	387	hS00033	222183	77.567	263	12	272	48980	48718	1.84e-53	202	67
MZ463748.1	387	hS00033	222183	77.567	263	12	272	60583	60845	1.84e-53	202	67
MZ463748.1	387	hS00033	222183	77.567	263	12	272	95032	94770	1.84e-53	202	67
MZ463748.1	387	hS00033	222183	77.567	263	12	272	115499	115761	1.84e-53	202	67
MZ463748.1	387	hS00033	222183	77.567	263	12	272	180696	180434	1.84e-53	202	67
MZ463748.1	387	hS00033	222183	77.567	263	12	272	195746	196008	1.84e-53	202	67
MZ463749.1	391	hS00033	222183	77.174	276	5	277	8386	8661	5.34e-54	204	70
MZ463749.1	391	hS00033	222183	77.174	276	5	277	48993	48718	5.34e-54	204	70
MZ463749.1	391	hS00033	222183	77.174	276	5	277	60570	60845	5.34e-54	204	70
MZ463749.1	391	hS00033	222183	77.174	276	5	277	95045	94770	5.34e-54	204	70
MZ463749.1	391	hS00033	222183	77.174	276	5	277	115486	115761	5.34e-54	204	70
MZ463749.1	391	hS00033	222183	77.174	276	5	277	180709	180434	5.34e-54	204	70
MZ463749.1	391	hS00033	222183	77.174	276	5	277	195733	196008	5.34e-54	204	70
MZ463750.1	392	hS00033	222183	76.812	276	5	277	8386	8661	6.52e-53	199	70
MZ463750.1	392	hS00033	222183	76.812	276	5	277	48993	48718	6.52e-53	199	70
MZ463750.1	392	hS00033	222183	76.812	276	5	277	60570	60845	6.52e-53	199	70
MZ463750.1	392	hS00033	222183	76.812	276	5	277	95045	94770	6.52e-53	199	70
MZ463750.1	392	hS00033	222183	76.812	276	5	277	115486	115761	6.52e-53	199	70
MZ463750.1	392	hS00033	222183	76.812	276	5	277	180709	180434	6.52e-53	199	70
MZ463750.1	392	hS00033	222183	76.812	276	5	277	195733	196008	6.52e-53	199	70
MZ463751.1	393	hS00033	222183	77.536	276	5	277	8386	8661	1.26e-55	208	69
MZ463751.1	393	hS00033	222183	77.536	276	5	277	48993	48718	1.26e-55	208	69
MZ463751.1	393	hS00033	222183	77.536	276	5	277	60570	60845	1.26e-55	208	69
MZ463751.1	393	hS00033	222183	77.536	276	5	277	95045	94770	1.26e-55	208	69
MZ463751.1	393	hS00033	222183	77.536	276	5	277	115486	115761	1.26e-55	208	69
MZ463751.1	393	hS00033	222183	77.536	276	5	277	180709	180434	1.26e-55	208	69
MZ463751.1	393	hS00033	222183	77.536	276	5	277	195733	196008	1.26e-55	208	69
MZ463752.1	394	hS00033	222183	77.536	276	5	277	8386	8661	1.27e-55	208	69
MZ463752.1	394	hS00033	222183	77.536	276	5	277	48993	48718	1.27e-55	208	69
MZ463752.1	394	hS00033	222183	77.536	276	5	277	60570	60845	1.27e-55	208	69
MZ463752.1	394	hS00033	222183	77.536	276	5	277	95045	94770	1.27e-55	208	69
MZ463752.1	394	hS00033	222183	77.536	276	5	277	115486	115761	1.27e-55	208	69
MZ463752.1	394	hS00033	222183	77.536	276	5	277	180709	180434	1.27e-55	208	69
MZ463752.1	394	hS00033	222183	77.536	276	5	277	195733	196008	1.27e-55	208	69
MZ463753.1	394	hS00033	222183	77.174	276	5	277	8386	8661	5.38e-54	204	69
MZ463753.1	394	hS00033	222183	77.174	276	5	277	48993	48718	5.38e-54	204	69
MZ463753.1	394	hS00033	222183	77.174	276	5	277	60570	60845	5.38e-54	204	69
MZ463753.1	394	hS00033	222183	77.174	276	5	277	95045	94770	5.38e-54	204	69
MZ463753.1	394	hS00033	222183	77.174	276	5	277	115486	115761	5.38e-54	204	69
MZ463753.1	394	hS00033	222183	77.174	276	5	277	180709	180434	5.38e-54	204	69
MZ463753.1	394	hS00033	222183	77.174	276	5	277	195733	196008	5.38e-54	204	69
MZ463754.1	394	hS00033	222183	78.378	259	5	260	8386	8644	1.54e-54	205	65
MZ463754.1	394	hS00033	222183	78.378	259	5	260	48993	48735	1.54e-54	205	65
MZ463754.1	394	hS00033	222183	78.378	259	5	260	60570	60828	1.54e-54	205	65
MZ463754.1	394	hS00033	222183	78.378	259	5	260	95045	94787	1.54e-54	205	65
MZ463754.1	394	hS00033	222183	78.378	259	5	260	115486	115744	1.54e-54	205	65
MZ463754.1	394	hS00033	222183	78.378	259	5	260	180709	180451	1.54e-54	205	65
MZ463754.1	394	hS00033	222183	78.378	259	5	260	195733	195991	1.54e-54	205	65
MZ463755.1	394	hS00033	222183	77.899	276	5	277	8386	8661	1.04e-56	213	69
MZ463755.1	394	hS00033	222183	77.899	276	5	277	48993	48718	1.04e-56	213	69
MZ463755.1	394	hS00033	222183	77.899	276	5	277	60570	60845	1.04e-56	213	69
MZ463755.1	394	hS00033	222183	77.899	276	5	277	95045	94770	1.04e-56	213	69
MZ463755.1	394	hS00033	222183	77.899	276	5	277	115486	115761	1.04e-56	213	69
MZ463755.1	394	hS00033	222183	77.899	276	5	277	180709	180434	1.04e-56	213	69
MZ463755.1	394	hS00033	222183	77.899	276	5	277	195733	196008	1.04e-56	213	69
MZ463756.1	394	hS00033	222183	77.174	276	5	277	8386	8661	5.38e-54	204	69
MZ463756.1	394	hS00033	222183	77.174	276	5	277	48993	48718	5.38e-54	204	69
MZ463756.1	394	hS00033	222183	77.174	276	5	277	60570	60845	5.38e-54	204	69
MZ463756.1	394	hS00033	222183	77.174	276	5	277	95045	94770	5.38e-54	204	69
MZ463756.1	394	hS00033	222183	77.174	276	5	277	115486	115761	5.38e-54	204	69
MZ463756.1	394	hS00033	222183	77.174	276	5	277	180709	180434	5.38e-54	204	69
MZ463756.1	394	hS00033	222183	77.174	276	5	277	195733	196008	5.38e-54	204	69
MZ463757.1	394	hS00033	222183	77.174	276	5	277	8386	8661	5.38e-54	204	69
MZ463757.1	394	hS00033	222183	77.174	276	5	277	48993	48718	5.38e-54	204	69
MZ463757.1	394	hS00033	222183	77.174	276	5	277	60570	60845	5.38e-54	204	69
MZ463757.1	394	hS00033	222183	77.174	276	5	277	95045	94770	5.38e-54	204	69
MZ463757.1	394	hS00033	222183	77.174	276	5	277	115486	115761	5.38e-54	204	69
MZ463757.1	394	hS00033	222183	77.174	276	5	277	180709	180434	5.38e-54	204	69
MZ463757.1	394	hS00033	222183	77.174	276	5	277	195733	196008	5.38e-54	204	69
MZ463758.1	394	hS00033	222183	77.174	276	5	277	8386	8661	5.38e-54	204	69
MZ463758.1	394	hS00033	222183	77.174	276	5	277	48993	48718	5.38e-54	204	69
MZ463758.1	394	hS00033	222183	77.174	276	5	277	60570	60845	5.38e-54	204	69
MZ463758.1	394	hS00033	222183	77.174	276	5	277	95045	94770	5.38e-54	204	69
MZ463758.1	394	hS00033	222183	77.174	276	5	277	115486	115761	5.38e-54	204	69
MZ463758.1	394	hS00033	222183	77.174	276	5	277	180709	180434	5.38e-54	204	69
MZ463758.1	394	hS00033	222183	77.174	276	5	277	195733	196008	5.38e-54	204	69
MZ463759.1	410	hS00033	222183	77.174	276	5	277	8386	8661	5.61e-54	204	67
MZ463759.1	410	hS00033	222183	77.174	276	5	277	48993	48718	5.61e-54	204	67
MZ463759.1	410	hS00033	222183	77.174	276	5	277	60570	60845	5.61e-54	204	67
MZ463759.1	410	hS00033	222183	77.174	276	5	277	95045	94770	5.61e-54	204	67
MZ463759.1	410	hS00033	222183	77.174	276	5	277	115486	115761	5.61e-54	204	67
MZ463759.1	410	hS00033	222183	77.174	276	5	277	180709	180434	5.61e-54	204	67
MZ463759.1	410	hS00033	222183	77.174	276	5	277	195733	196008	5.61e-54	204	67
FJ751925.1	394	hS00033	222183	77.536	276	5	277	8386	8661	1.27e-55	208	69
FJ751925.1	394	hS00033	222183	77.536	276	5	277	48993	48718	1.27e-55	208	69
FJ751925.1	394	hS00033	222183	77.536	276	5	277	60570	60845	1.27e-55	208	69
FJ751925.1	394	hS00033	222183	77.536	276	5	277	95045	94770	1.27e-55	208	69
FJ751925.1	394	hS00033	222183	77.536	276	5	277	115486	115761	1.27e-55	208	69
FJ751925.1	394	hS00033	222183	77.536	276	5	277	180709	180434	1.27e-55	208	69
FJ751925.1	394	hS00033	222183	77.536	276	5	277	195733	196008	1.27e-55	208	69
FJ751926.1	395	hS00033	222183	77.536	276	5	277	8386	8661	1.27e-55	208	69
FJ751926.1	395	hS00033	222183	77.536	276	5	277	48993	48718	1.27e-55	208	69
FJ751926.1	395	hS00033	222183	77.536	276	5	277	60570	60845	1.27e-55	208	69
FJ751926.1	395	hS00033	222183	77.536	276	5	277	95045	94770	1.27e-55	208	69
FJ751926.1	395	hS00033	222183	77.536	276	5	277	115486	115761	1.27e-55	208	69
FJ751926.1	395	hS00033	222183	77.536	276	5	277	180709	180434	1.27e-55	208	69
FJ751926.1	395	hS00033	222183	77.536	276	5	277	195733	196008	1.27e-55	208	69
FJ751927.1	395	hS00033	222183	77.174	276	5	277	8386	8661	5.40e-54	204	69
FJ751927.1	395	hS00033	222183	77.174	276	5	277	48993	48718	5.40e-54	204	69
FJ751927.1	395	hS00033	222183	77.174	276	5	277	60570	60845	5.40e-54	204	69
FJ751927.1	395	hS00033	222183	77.174	276	5	277	95045	94770	5.40e-54	204	69
FJ751927.1	395	hS00033	222183	77.174	276	5	277	115486	115761	5.40e-54	204	69
FJ751927.1	395	hS00033	222183	77.174	276	5	277	180709	180434	5.40e-54	204	69
FJ751927.1	395	hS00033	222183	77.174	276	5	277	195733	196008	5.40e-54	204	69
FJ751930.1	395	hS00033	222183	77.536	276	5	277	8386	8661	1.27e-55	208	69
FJ751930.1	395	hS00033	222183	77.536	276	5	277	48993	48718	1.27e-55	208	69
FJ751930.1	395	hS00033	222183	77.536	276	5	277	60570	60845	1.27e-55	208	69
FJ751930.1	395	hS00033	222183	77.536	276	5	277	95045	94770	1.27e-55	208	69
FJ751930.1	395	hS00033	222183	77.536	276	5	277	115486	115761	1.27e-55	208	69
FJ751930.1	395	hS00033	222183	77.536	276	5	277	180709	180434	1.27e-55	208	69
FJ751930.1	395	hS00033	222183	77.536	276	5	277	195733	196008	1.27e-55	208	69
FJ751933.1	396	hS00033	222183	77.536	276	6	278	8386	8661	1.27e-55	208	69
FJ751933.1	396	hS00033	222183	77.536	276	6	278	48993	48718	1.27e-55	208	69
FJ751933.1	396	hS00033	222183	77.536	276	6	278	60570	60845	1.27e-55	208	69
FJ751933.1	396	hS00033	222183	77.536	276	6	278	95045	94770	1.27e-55	208	69
FJ751933.1	396	hS00033	222183	77.536	276	6	278	115486	115761	1.27e-55	208	69
FJ751933.1	396	hS00033	222183	77.536	276	6	278	180709	180434	1.27e-55	208	69
FJ751933.1	396	hS00033	222183	77.536	276	6	278	195733	196008	1.27e-55	208	69
FJ751934.1	395	hS00033	222183	77.536	276	6	278	8386	8661	1.27e-55	208	69
FJ751934.1	395	hS00033	222183	77.536	276	6	278	48993	48718	1.27e-55	208	69
FJ751934.1	395	hS00033	222183	77.536	276	6	278	60570	60845	1.27e-55	208	69
FJ751934.1	395	hS00033	222183	77.536	276	6	278	95045	94770	1.27e-55	208	69
FJ751934.1	395	hS00033	222183	77.536	276	6	278	115486	115761	1.27e-55	208	69
FJ751934.1	395	hS00033	222183	77.536	276	6	278	180709	180434	1.27e-55	208	69
FJ751934.1	395	hS00033	222183	77.536	276	6	278	195733	196008	1.27e-55	208	69
MZ463745.1	387	hS00047	153545	77.947	263	12	272	4423	4685	3.01e-55	206	67
MZ463745.1	387	hS00047	153545	77.947	263	12	272	38877	38615	3.01e-55	206	67
MZ463745.1	387	hS00047	153545	77.947	263	12	272	80228	79966	3.01e-55	206	67
MZ463745.1	387	hS00047	153545	77.947	263	12	272	122605	122867	3.01e-55	206	67
MZ463745.1	387	hS00047	153545	77.652	264	12	272	66023	66286	4.46e-53	200	67
MZ463746.1	387	hS00047	153545	77.947	263	12	272	4423	4685	3.01e-55	206	67
MZ463746.1	387	hS00047	153545	77.947	263	12	272	38877	38615	3.01e-55	206	67
MZ463746.1	387	hS00047	153545	77.947	263	12	272	80228	79966	3.01e-55	206	67
MZ463746.1	387	hS00047	153545	77.947	263	12	272	122605	122867	3.01e-55	206	67
MZ463746.1	387	hS00047	153545	77.652	264	12	272	66023	66286	4.46e-53	200	67
MZ463747.1	387	hS00047	153545	77.567	263	12	272	4423	4685	1.28e-53	202	67
MZ463747.1	387	hS00047	153545	77.567	263	12	272	38877	38615	1.28e-53	202	67
MZ463747.1	387	hS00047	153545	77.567	263	12	272	80228	79966	1.28e-53	202	67
MZ463747.1	387	hS00047	153545	77.567	263	12	272	122605	122867	1.28e-53	202	67
MZ463747.1	387	hS00047	153545	77.273	264	12	272	66023	66286	5.43e-52	196	67
MZ463748.1	387	hS00047	153545	77.567	263	12	272	4423	4685	1.28e-53	202	67
MZ463748.1	387	hS00047	153545	77.567	263	12	272	38877	38615	1.28e-53	202	67
MZ463748.1	387	hS00047	153545	77.567	263	12	272	80228	79966	1.28e-53	202	67
MZ463748.1	387	hS00047	153545	77.567	263	12	272	122605	122867	1.28e-53	202	67
MZ463748.1	387	hS00047	153545	77.273	264	12	272	66023	66286	5.43e-52	196	67
MZ463749.1	391	hS00047	153545	77.174	276	5	277	4410	4685	3.70e-54	204	70
MZ463749.1	391	hS00047	153545	77.174	276	5	277	38890	38615	3.70e-54	204	70
MZ463749.1	391	hS00047	153545	77.174	276	5	277	80241	79966	3.70e-54	204	70
MZ463749.1	391	hS00047	153545	77.174	276	5	277	122592	122867	3.70e-54	204	70
MZ463749.1	391	hS00047	153545	76.895	277	5	277	66010	66286	1.57e-52	197	70
MZ463750.1	392	hS00047	153545	76.812	276	5	277	4410	4685	4.52e-53	199	70
MZ463750.1	392	hS00047	153545	76.812	276	5	277	38890	38615	4.52e-53	199	70
MZ463750.1	392	hS00047	153545	76.812	276	5	277	80241	79966	4.52e-53	199	70
MZ463750.1	392	hS00047	153545	76.812	276	5	277	122592	122867	4.52e-53	199	70
MZ463750.1	392	hS00047	153545	76.534	277	5	277	66010	66286	6.71e-51	193	70
MZ463751.1	393	hS00047	153545	77.536	276	5	277	4410	4685	8.75e-56	208	69
MZ463751.1	393	hS00047	153545	77.536	276	5	277	38890	38615	8.75e-56	208	69
MZ463751.1	393	hS00047	153545	77.536	276	5	277	80241	79966	8.75e-56	208	69
MZ463751.1	393	hS00047	153545	77.536	276	5	277	122592	122867	8.75e-56	208	69
MZ463751.1	393	hS00047	153545	77.256	277	5	277	66010	66286	1.30e-53	202	69
MZ463752.1	394	hS00047	153545	77.536	276	5	277	4410	4685	8.77e-56	208	69
MZ463752.1	394	hS00047	153545	77.536	276	5	277	38890	38615	8.77e-56	208	69
MZ463752.1	394	hS00047	153545	77.536	276	5	277	80241	79966	8.77e-56	208	69
MZ463752.1	394	hS00047	153545	77.536	276	5	277	122592	122867	8.77e-56	208	69
MZ463752.1	394	hS00047	153545	77.256	277	5	277	66010	66286	1.30e-53	202	69
MZ463753.1	394	hS00047	153545	77.174	276	5	277	4410	4685	3.73e-54	204	69
MZ463753.1	394	hS00047	153545	77.174	276	5	277	38890	38615	3.73e-54	204	69
MZ463753.1	394	hS00047	153545	77.174	276	5	277	80241	79966	3.73e-54	204	69
MZ463753.1	394	hS00047	153545	77.174	276	5	277	122592	122867	3.73e-54	204	69
MZ463753.1	394	hS00047	153545	76.895	277	5	277	66010	66286	1.59e-52	197	69
MZ463754.1	394	hS00047	153545	78.378	259	5	260	4410	4668	1.07e-54	205	65
MZ463754.1	394	hS00047	153545	78.378	259	5	260	38890	38632	1.07e-54	205	65
MZ463754.1	394	hS00047	153545	78.378	259	5	260	80241	79983	1.07e-54	205	65
MZ463754.1	394	hS00047	153545	78.378	259	5	260	122592	122850	1.07e-54	205	65
MZ463754.1	394	hS00047	153545	78.077	260	5	260	66010	66269	1.59e-52	198	65
MZ463755.1	394	hS00047	153545	77.899	276	5	277	4410	4685	7.20e-57	213	69
MZ463755.1	394	hS00047	153545	77.899	276	5	277	38890	38615	7.20e-57	213	69
MZ463755.1	394	hS00047	153545	77.899	276	5	277	80241	79966	7.20e-57	213	69
MZ463755.1	394	hS00047	153545	77.899	276	5	277	122592	122867	7.20e-57	213	69
MZ463755.1	394	hS00047	153545	77.617	277	5	277	66010	66286	3.06e-55	206	69
MZ463756.1	394	hS00047	153545	77.174	276	5	277	4410	4685	3.73e-54	204	69
MZ463756.1	394	hS00047	153545	77.174	276	5	277	38890	38615	3.73e-54	204	69
MZ463756.1	394	hS00047	153545	77.174	276	5	277	80241	79966	3.73e-54	204	69
MZ463756.1	394	hS00047	153545	77.174	276	5	277	122592	122867	3.73e-54	204	69
MZ463756.1	394	hS00047	153545	76.895	277	5	277	66010	66286	1.59e-52	197	69
MZ463757.1	394	hS00047	153545	77.174	276	5	277	4410	4685	3.73e-54	204	69
MZ463757.1	394	hS00047	153545	77.174	276	5	277	38890	38615	3.73e-54	204	69
MZ463757.1	394	hS00047	153545	77.174	276	5	277	80241	79966	3.73e-54	204	69
MZ463757.1	394	hS00047	153545	77.174	276	5	277	122592	122867	3.73e-54	204	69
MZ463757.1	394	hS00047	153545	76.895	277	5	277	66010	66286	1.59e-52	197	69
MZ463758.1	394	hS00047	153545	77.174	276	5	277	4410	4685	3.73e-54	204	69
MZ463758.1	394	hS00047	153545	77.174	276	5	277	38890	38615	3.73e-54	204	69
MZ463758.1	394	hS00047	153545	77.174	276	5	277	80241	79966	3.73e-54	204	69
MZ463758.1	394	hS00047	153545	77.174	276	5	277	122592	122867	3.73e-54	204	69
MZ463758.1	394	hS00047	153545	76.895	277	5	277	66010	66286	1.59e-52	197	69
MZ463759.1	410	hS00047	153545	77.174	276	5	277	4410	4685	3.89e-54	204	67
MZ463759.1	410	hS00047	153545	77.174	276	5	277	38890	38615	3.89e-54	204	67
MZ463759.1	410	hS00047	153545	77.174	276	5	277	80241	79966	3.89e-54	204	67
MZ463759.1	410	hS00047	153545	77.174	276	5	277	122592	122867	3.89e-54	204	67
MZ463759.1	410	hS00047	153545	76.895	277	5	277	66010	66286	1.65e-52	197	67
FJ751925.1	394	hS00047	153545	77.536	276	5	277	4410	4685	8.77e-56	208	69
FJ751925.1	394	hS00047	153545	77.536	276	5	277	38890	38615	8.77e-56	208	69
FJ751925.1	394	hS00047	153545	77.536	276	5	277	80241	79966	8.77e-56	208	69
FJ751925.1	394	hS00047	153545	77.536	276	5	277	122592	122867	8.77e-56	208	69
FJ751925.1	394	hS00047	153545	77.256	277	5	277	66010	66286	1.30e-53	202	69
FJ751926.1	395	hS00047	153545	77.536	276	5	277	4410	4685	8.80e-56	208	69
FJ751926.1	395	hS00047	153545	77.536	276	5	277	38890	38615	8.80e-56	208	69
FJ751926.1	395	hS00047	153545	77.536	276	5	277	80241	79966	8.80e-56	208	69
FJ751926.1	395	hS00047	153545	77.536	276	5	277	122592	122867	8.80e-56	208	69
FJ751926.1	395	hS00047	153545	77.256	277	5	277	66010	66286	1.31e-53	202	69
FJ751927.1	395	hS00047	153545	77.174	276	5	277	4410	4685	3.74e-54	204	69
FJ751927.1	395	hS00047	153545	77.174	276	5	277	38890	38615	3.74e-54	204	69
FJ751927.1	395	hS00047	153545	77.174	276	5	277	80241	79966	3.74e-54	204	69
FJ751927.1	395	hS00047	153545	77.174	276	5	277	122592	122867	3.74e-54	204	69
FJ751927.1	395	hS00047	153545	76.895	277	5	277	66010	66286	1.59e-52	197	69
FJ751930.1	395	hS00047	153545	77.536	276	5	277	4410	4685	8.80e-56	208	69
FJ751930.1	395	hS00047	153545	77.536	276	5	277	38890	38615	8.80e-56	208	69
FJ751930.1	395	hS00047	153545	77.536	276	5	277	80241	79966	8.80e-56	208	69
FJ751930.1	395	hS00047	153545	77.536	276	5	277	122592	122867	8.80e-56	208	69
FJ751930.1	395	hS00047	153545	77.256	277	5	277	66010	66286	1.31e-53	202	69
FJ751933.1	396	hS00047	153545	77.536	276	6	278	4410	4685	8.82e-56	208	69
FJ751933.1	396	hS00047	153545	77.536	276	6	278	38890	38615	8.82e-56	208	69
FJ751933.1	396	hS00047	153545	77.536	276	6	278	80241	79966	8.82e-56	208	69
FJ751933.1	396	hS00047	153545	77.536	276	6	278	122592	122867	8.82e-56	208	69
FJ751933.1	396	hS00047	153545	77.256	277	6	278	66010	66286	1.31e-53	202	69
FJ751934.1	395	hS00047	153545	77.536	276	6	278	4410	4685	8.80e-56	208	69
FJ751934.1	395	hS00047	153545	77.536	276	6	278	38890	38615	8.80e-56	208	69
FJ751934.1	395	hS00047	153545	77.536	276	6	278	80241	79966	8.80e-56	208	69
FJ751934.1	395	hS00047	153545	77.536	276	6	278	122592	122867	8.80e-56	208	69
FJ751934.1	395	hS00047	153545	77.256	277	6	278	66010	66286	1.31e-53	202	69
MZ463745.1	387	hS00051	150020	77.947	263	12	272	5006	4744	2.94e-55	206	67
MZ463746.1	387	hS00051	150020	77.947	263	12	272	5006	4744	2.94e-55	206	67
MZ463747.1	387	hS00051	150020	77.567	263	12	272	5006	4744	1.25e-53	202	67
MZ463748.1	387	hS00051	150020	77.567	263	12	272	5006	4744	1.25e-53	202	67
MZ463749.1	391	hS00051	150020	77.174	276	5	277	5019	4744	3.62e-54	204	70
MZ463750.1	392	hS00051	150020	76.812	276	5	277	5019	4744	4.42e-53	199	70
MZ463751.1	393	hS00051	150020	77.536	276	5	277	5019	4744	8.55e-56	208	69
MZ463752.1	394	hS00051	150020	77.536	276	5	277	5019	4744	8.57e-56	208	69
MZ463753.1	394	hS00051	150020	77.174	276	5	277	5019	4744	3.64e-54	204	69
MZ463754.1	394	hS00051	150020	78.378	259	5	260	5019	4761	1.04e-54	205	65
MZ463755.1	394	hS00051	150020	77.899	276	5	277	5019	4744	7.04e-57	213	69
MZ463756.1	394	hS00051	150020	77.174	276	5	277	5019	4744	3.64e-54	204	69
MZ463757.1	394	hS00051	150020	77.174	276	5	277	5019	4744	3.64e-54	204	69
MZ463758.1	394	hS00051	150020	77.174	276	5	277	5019	4744	3.64e-54	204	69
MZ463759.1	410	hS00051	150020	77.174	276	5	277	5019	4744	3.80e-54	204	67
FJ751925.1	394	hS00051	150020	77.536	276	5	277	5019	4744	8.57e-56	208	69
FJ751926.1	395	hS00051	150020	77.536	276	5	277	5019	4744	8.59e-56	208	69
FJ751927.1	395	hS00051	150020	77.174	276	5	277	5019	4744	3.65e-54	204	69
FJ751930.1	395	hS00051	150020	77.536	276	5	277	5019	4744	8.59e-56	208	69
FJ751933.1	396	hS00051	150020	77.536	276	6	278	5019	4744	8.62e-56	208	69
FJ751934.1	395	hS00051	150020	77.536	276	6	278	5019	4744	8.59e-56	208	69
MZ463745.1	387	hS00062	125720	77.947	263	12	272	52992	53254	2.46e-55	206	67
MZ463745.1	387	hS00062	125720	77.947	263	12	272	87443	87181	2.46e-55	206	67
MZ463745.1	387	hS00062	125720	77.947	263	12	272	101044	100782	2.46e-55	206	67
MZ463745.1	387	hS00062	125720	77.947	263	12	272	28750	29010	3.00e-54	204	67
MZ463746.1	387	hS00062	125720	77.947	263	12	272	52992	53254	2.46e-55	206	67
MZ463746.1	387	hS00062	125720	77.947	263	12	272	87443	87181	2.46e-55	206	67
MZ463746.1	387	hS00062	125720	77.947	263	12	272	101044	100782	2.46e-55	206	67
MZ463746.1	387	hS00062	125720	77.947	263	12	272	28750	29010	3.00e-54	204	67
MZ463747.1	387	hS00062	125720	77.567	263	12	272	52992	53254	1.05e-53	202	67
MZ463747.1	387	hS00062	125720	77.567	263	12	272	87443	87181	1.05e-53	202	67
MZ463747.1	387	hS00062	125720	77.567	263	12	272	101044	100782	1.05e-53	202	67
MZ463747.1	387	hS00062	125720	77.567	263	12	272	28750	29010	3.65e-53	199	67
MZ463748.1	387	hS00062	125720	77.567	263	12	272	52992	53254	1.05e-53	202	67
MZ463748.1	387	hS00062	125720	77.567	263	12	272	87443	87181	1.05e-53	202	67
MZ463748.1	387	hS00062	125720	77.567	263	12	272	101044	100782	1.05e-53	202	67
MZ463748.1	387	hS00062	125720	77.567	263	12	272	28750	29010	3.65e-53	199	67
MZ463749.1	391	hS00062	125720	77.174	276	5	277	52979	53254	3.03e-54	204	70
MZ463749.1	391	hS00062	125720	77.174	276	5	277	87456	87181	3.03e-54	204	70
MZ463749.1	391	hS00062	125720	77.174	276	5	277	101057	100782	3.03e-54	204	70
MZ463749.1	391	hS00062	125720	77.174	276	5	277	28737	29010	1.06e-53	201	70
MZ463750.1	392	hS00062	125720	76.812	276	5	277	52979	53254	3.70e-53	199	70
MZ463750.1	392	hS00062	125720	76.812	276	5	277	87456	87181	3.70e-53	199	70
MZ463750.1	392	hS00062	125720	76.812	276	5	277	101057	100782	3.70e-53	199	70
MZ463750.1	392	hS00062	125720	76.812	276	5	277	28737	29010	4.51e-52	196	70
MZ463751.1	393	hS00062	125720	77.536	276	5	277	52979	53254	7.16e-56	208	69
MZ463751.1	393	hS00062	125720	77.536	276	5	277	87456	87181	7.16e-56	208	69
MZ463751.1	393	hS00062	125720	77.536	276	5	277	101057	100782	7.16e-56	208	69
MZ463751.1	393	hS00062	125720	77.536	276	5	277	28737	29010	8.73e-55	205	69
MZ463752.1	394	hS00062	125720	77.536	276	5	277	52979	53254	7.18e-56	208	69
MZ463752.1	394	hS00062	125720	77.536	276	5	277	87456	87181	7.18e-56	208	69
MZ463752.1	394	hS00062	125720	77.536	276	5	277	101057	100782	7.18e-56	208	69
MZ463752.1	394	hS00062	125720	77.536	276	5	277	28737	29010	8.75e-55	205	69
MZ463753.1	394	hS00062	125720	77.174	276	5	277	52979	53254	3.05e-54	204	69
MZ463753.1	394	hS00062	125720	77.174	276	5	277	87456	87181	3.05e-54	204	69
MZ463753.1	394	hS00062	125720	77.174	276	5	277	101057	100782	3.05e-54	204	69
MZ463753.1	394	hS00062	125720	77.174	276	5	277	28737	29010	1.07e-53	201	69
MZ463754.1	394	hS00062	125720	78.378	259	5	260	52979	53237	8.75e-55	205	65
MZ463754.1	394	hS00062	125720	78.378	259	5	260	87456	87198	8.75e-55	205	65
MZ463754.1	394	hS00062	125720	78.378	259	5	260	101057	100799	8.75e-55	205	65
MZ463754.1	394	hS00062	125720	78.378	259	5	260	28737	28993	1.07e-53	202	65
MZ463755.1	394	hS00062	125720	77.899	276	5	277	52979	53254	5.90e-57	213	69
MZ463755.1	394	hS00062	125720	77.899	276	5	277	87456	87181	5.90e-57	213	69
MZ463755.1	394	hS00062	125720	77.899	276	5	277	101057	100782	5.90e-57	213	69
MZ463755.1	394	hS00062	125720	77.899	276	5	277	28737	29010	2.06e-56	210	69
MZ463756.1	394	hS00062	125720	77.174	276	5	277	52979	53254	3.05e-54	204	69
MZ463756.1	394	hS00062	125720	77.174	276	5	277	87456	87181	3.05e-54	204	69
MZ463756.1	394	hS00062	125720	77.174	276	5	277	101057	100782	3.05e-54	204	69
MZ463756.1	394	hS00062	125720	77.174	276	5	277	28737	29010	1.07e-53	201	69
MZ463757.1	394	hS00062	125720	77.174	276	5	277	52979	53254	3.05e-54	204	69
MZ463757.1	394	hS00062	125720	77.174	276	5	277	87456	87181	3.05e-54	204	69
MZ463757.1	394	hS00062	125720	77.174	276	5	277	101057	100782	3.05e-54	204	69
MZ463757.1	394	hS00062	125720	77.174	276	5	277	28737	29010	1.07e-53	201	69
MZ463758.1	394	hS00062	125720	77.174	276	5	277	52979	53254	3.05e-54	204	69
MZ463758.1	394	hS00062	125720	77.174	276	5	277	87456	87181	3.05e-54	204	69
MZ463758.1	394	hS00062	125720	77.174	276	5	277	101057	100782	3.05e-54	204	69
MZ463758.1	394	hS00062	125720	77.174	276	5	277	28737	29010	1.07e-53	201	69
MZ463759.1	410	hS00062	125720	77.174	276	5	277	52979	53254	3.18e-54	204	67
MZ463759.1	410	hS00062	125720	77.174	276	5	277	87456	87181	3.18e-54	204	67
MZ463759.1	410	hS00062	125720	77.174	276	5	277	101057	100782	3.18e-54	204	67
MZ463759.1	410	hS00062	125720	77.174	276	5	277	28737	29010	1.11e-53	201	67
FJ751925.1	394	hS00062	125720	77.536	276	5	277	52979	53254	7.18e-56	208	69
FJ751925.1	394	hS00062	125720	77.536	276	5	277	87456	87181	7.18e-56	208	69
FJ751925.1	394	hS00062	125720	77.536	276	5	277	101057	100782	7.18e-56	208	69
FJ751925.1	394	hS00062	125720	77.536	276	5	277	28737	29010	8.75e-55	205	69
FJ751926.1	395	hS00062	125720	77.536	276	5	277	52979	53254	7.20e-56	208	69
FJ751926.1	395	hS00062	125720	77.536	276	5	277	87456	87181	7.20e-56	208	69
FJ751926.1	395	hS00062	125720	77.536	276	5	277	101057	100782	7.20e-56	208	69
FJ751926.1	395	hS00062	125720	77.536	276	5	277	28737	29010	8.77e-55	205	69
FJ751927.1	395	hS00062	125720	77.174	276	5	277	52979	53254	3.06e-54	204	69
FJ751927.1	395	hS00062	125720	77.174	276	5	277	87456	87181	3.06e-54	204	69
FJ751927.1	395	hS00062	125720	77.174	276	5	277	101057	100782	3.06e-54	204	69
FJ751927.1	395	hS00062	125720	77.174	276	5	277	28737	29010	1.07e-53	201	69
FJ751930.1	395	hS00062	125720	77.536	276	5	277	52979	53254	7.20e-56	208	69
FJ751930.1	395	hS00062	125720	77.536	276	5	277	87456	87181	7.20e-56	208	69
FJ751930.1	395	hS00062	125720	77.536	276	5	277	101057	100782	7.20e-56	208	69
FJ751930.1	395	hS00062	125720	77.536	276	5	277	28737	29010	8.77e-55	205	69
FJ751933.1	396	hS00062	125720	77.536	276	6	278	52979	53254	7.22e-56	208	69
FJ751933.1	396	hS00062	125720	77.536	276	6	278	87456	87181	7.22e-56	208	69
FJ751933.1	396	hS00062	125720	77.536	276	6	278	101057	100782	7.22e-56	208	69
FJ751933.1	396	hS00062	125720	77.536	276	6	278	28737	29010	8.80e-55	205	69
FJ751934.1	395	hS00062	125720	77.536	276	6	278	52979	53254	7.20e-56	208	69
FJ751934.1	395	hS00062	125720	77.536	276	6	278	87456	87181	7.20e-56	208	69
FJ751934.1	395	hS00062	125720	77.536	276	6	278	101057	100782	7.20e-56	208	69
FJ751934.1	395	hS00062	125720	77.536	276	6	278	28737	29010	8.77e-55	205	69
MZ463745.1	387	hS00063	125143	77.947	263	12	272	11388	11650	2.45e-55	206	67
MZ463745.1	387	hS00063	125143	77.947	263	12	272	64379	64117	2.45e-55	206	67
MZ463745.1	387	hS00063	125143	77.947	263	12	272	86836	86574	2.45e-55	206	67
MZ463746.1	387	hS00063	125143	77.947	263	12	272	11388	11650	2.45e-55	206	67
MZ463746.1	387	hS00063	125143	77.947	263	12	272	64379	64117	2.45e-55	206	67
MZ463746.1	387	hS00063	125143	77.947	263	12	272	86836	86574	2.45e-55	206	67
MZ463747.1	387	hS00063	125143	77.567	263	12	272	11388	11650	1.04e-53	202	67
MZ463747.1	387	hS00063	125143	77.567	263	12	272	64379	64117	1.04e-53	202	67
MZ463747.1	387	hS00063	125143	77.567	263	12	272	86836	86574	1.04e-53	202	67
MZ463748.1	387	hS00063	125143	77.567	263	12	272	11388	11650	1.04e-53	202	67
MZ463748.1	387	hS00063	125143	77.567	263	12	272	64379	64117	1.04e-53	202	67
MZ463748.1	387	hS00063	125143	77.567	263	12	272	86836	86574	1.04e-53	202	67
MZ463749.1	391	hS00063	125143	77.174	276	5	277	11375	11650	3.02e-54	204	70
MZ463749.1	391	hS00063	125143	77.174	276	5	277	64392	64117	3.02e-54	204	70
MZ463749.1	391	hS00063	125143	77.174	276	5	277	86849	86574	3.02e-54	204	70
MZ463750.1	392	hS00063	125143	76.812	276	5	277	11375	11650	3.68e-53	199	70
MZ463750.1	392	hS00063	125143	76.812	276	5	277	64392	64117	3.68e-53	199	70
MZ463750.1	392	hS00063	125143	76.812	276	5	277	86849	86574	3.68e-53	199	70
MZ463751.1	393	hS00063	125143	77.536	276	5	277	11375	11650	7.13e-56	208	69
MZ463751.1	393	hS00063	125143	77.536	276	5	277	64392	64117	7.13e-56	208	69
MZ463751.1	393	hS00063	125143	77.536	276	5	277	86849	86574	7.13e-56	208	69
MZ463752.1	394	hS00063	125143	77.536	276	5	277	11375	11650	7.15e-56	208	69
MZ463752.1	394	hS00063	125143	77.536	276	5	277	64392	64117	7.15e-56	208	69
MZ463752.1	394	hS00063	125143	77.536	276	5	277	86849	86574	7.15e-56	208	69
MZ463753.1	394	hS00063	125143	77.174	276	5	277	11375	11650	3.04e-54	204	69
MZ463753.1	394	hS00063	125143	77.174	276	5	277	64392	64117	3.04e-54	204	69
MZ463753.1	394	hS00063	125143	77.174	276	5	277	86849	86574	3.04e-54	204	69
MZ463754.1	394	hS00063	125143	78.378	259	5	260	11375	11633	8.71e-55	205	65
MZ463754.1	394	hS00063	125143	78.378	259	5	260	64392	64134	8.71e-55	205	65
MZ463754.1	394	hS00063	125143	78.378	259	5	260	86849	86591	8.71e-55	205	65
MZ463755.1	394	hS00063	125143	77.899	276	5	277	11375	11650	5.87e-57	213	69
MZ463755.1	394	hS00063	125143	77.899	276	5	277	64392	64117	5.87e-57	213	69
MZ463755.1	394	hS00063	125143	77.899	276	5	277	86849	86574	5.87e-57	213	69
MZ463756.1	394	hS00063	125143	77.174	276	5	277	11375	11650	3.04e-54	204	69
MZ463756.1	394	hS00063	125143	77.174	276	5	277	64392	64117	3.04e-54	204	69
MZ463756.1	394	hS00063	125143	77.174	276	5	277	86849	86574	3.04e-54	204	69
MZ463757.1	394	hS00063	125143	77.174	276	5	277	11375	11650	3.04e-54	204	69
MZ463757.1	394	hS00063	125143	77.174	276	5	277	64392	64117	3.04e-54	204	69
MZ463757.1	394	hS00063	125143	77.174	276	5	277	86849	86574	3.04e-54	204	69
MZ463758.1	394	hS00063	125143	77.174	276	5	277	11375	11650	3.04e-54	204	69
MZ463758.1	394	hS00063	125143	77.174	276	5	277	64392	64117	3.04e-54	204	69
MZ463758.1	394	hS00063	125143	77.174	276	5	277	86849	86574	3.04e-54	204	69
MZ463759.1	410	hS00063	125143	77.174	276	5	277	11375	11650	3.17e-54	204	67
MZ463759.1	410	hS00063	125143	77.174	276	5	277	64392	64117	3.17e-54	204	67
MZ463759.1	410	hS00063	125143	77.174	276	5	277	86849	86574	3.17e-54	204	67
FJ751925.1	394	hS00063	125143	77.536	276	5	277	11375	11650	7.15e-56	208	69
FJ751925.1	394	hS00063	125143	77.536	276	5	277	64392	64117	7.15e-56	208	69
FJ751925.1	394	hS00063	125143	77.536	276	5	277	86849	86574	7.15e-56	208	69
FJ751926.1	395	hS00063	125143	77.536	276	5	277	11375	11650	7.17e-56	208	69
FJ751926.1	395	hS00063	125143	77.536	276	5	277	64392	64117	7.17e-56	208	69
FJ751926.1	395	hS00063	125143	77.536	276	5	277	86849	86574	7.17e-56	208	69
FJ751927.1	395	hS00063	125143	77.174	276	5	277	11375	11650	3.05e-54	204	69
FJ751927.1	395	hS00063	125143	77.174	276	5	277	64392	64117	3.05e-54	204	69
FJ751927.1	395	hS00063	125143	77.174	276	5	277	86849	86574	3.05e-54	204	69
FJ751930.1	395	hS00063	125143	77.536	276	5	277	11375	11650	7.17e-56	208	69
FJ751930.1	395	hS00063	125143	77.536	276	5	277	64392	64117	7.17e-56	208	69
FJ751930.1	395	hS00063	125143	77.536	276	5	277	86849	86574	7.17e-56	208	69
FJ751933.1	396	hS00063	125143	77.536	276	6	278	11375	11650	7.19e-56	208	69
FJ751933.1	396	hS00063	125143	77.536	276	6	278	64392	64117	7.19e-56	208	69
FJ751933.1	396	hS00063	125143	77.536	276	6	278	86849	86574	7.19e-56	208	69
FJ751934.1	395	hS00063	125143	77.536	276	6	278	11375	11650	7.17e-56	208	69
FJ751934.1	395	hS00063	125143	77.536	276	6	278	64392	64117	7.17e-56	208	69
FJ751934.1	395	hS00063	125143	77.536	276	6	278	86849	86574	7.17e-56	208	69
MZ463745.1	387	hS00065	121687	98.656	372	10	381	71093	71463	0.0	645	96
MZ463746.1	387	hS00065	121687	98.118	372	10	381	71093	71463	0.0	636	96
MZ463747.1	387	hS00065	121687	98.118	372	10	381	71093	71463	0.0	636	96
MZ463748.1	387	hS00065	121687	97.849	372	10	381	71093	71463	0.0	632	96
MZ463749.1	391	hS00065	121687	98.118	372	15	386	71093	71463	0.0	636	95
MZ463750.1	392	hS00065	121687	97.849	372	15	386	71093	71463	0.0	632	95
MZ463751.1	393	hS00065	121687	98.118	372	15	386	71093	71463	0.0	636	95
MZ463752.1	394	hS00065	121687	97.849	372	15	386	71093	71463	0.0	632	94
MZ463753.1	394	hS00065	121687	97.849	372	15	386	71093	71463	0.0	632	94
MZ463754.1	394	hS00065	121687	97.849	372	15	386	71093	71463	0.0	632	94
MZ463755.1	394	hS00065	121687	98.118	372	15	386	71093	71463	0.0	636	94
MZ463756.1	394	hS00065	121687	98.118	372	15	386	71093	71463	0.0	636	94
MZ463757.1	394	hS00065	121687	97.849	372	15	386	71093	71463	0.0	632	94
MZ463758.1	394	hS00065	121687	98.118	372	15	386	71093	71463	0.0	636	94
MZ463759.1	410	hS00065	121687	98.118	372	15	386	71093	71463	0.0	636	91
FJ751925.1	394	hS00065	121687	98.387	372	15	386	71093	71463	0.0	641	94
FJ751926.1	395	hS00065	121687	98.123	373	15	387	71093	71463	0.0	635	94
FJ751927.1	395	hS00065	121687	97.855	373	15	387	71093	71463	0.0	630	94
FJ751930.1	395	hS00065	121687	97.638	381	15	395	71093	71472	0.0	644	96
FJ751933.1	396	hS00065	121687	98.123	373	16	388	71093	71463	0.0	635	94
FJ751934.1	395	hS00065	121687	98.387	372	16	387	71093	71463	0.0	641	94
MZ463745.1	387	hS00070	117793	77.947	263	12	272	7768	8030	2.31e-55	206	67
MZ463745.1	387	hS00070	117793	77.947	263	12	272	61532	61270	2.31e-55	206	67
MZ463745.1	387	hS00070	117793	77.947	263	12	272	81695	81433	2.31e-55	206	67
MZ463746.1	387	hS00070	117793	77.947	263	12	272	7768	8030	2.31e-55	206	67
MZ463746.1	387	hS00070	117793	77.947	263	12	272	61532	61270	2.31e-55	206	67
MZ463746.1	387	hS00070	117793	77.947	263	12	272	81695	81433	2.31e-55	206	67
MZ463747.1	387	hS00070	117793	77.567	263	12	272	7768	8030	9.80e-54	202	67
MZ463747.1	387	hS00070	117793	77.567	263	12	272	61532	61270	9.80e-54	202	67
MZ463747.1	387	hS00070	117793	77.567	263	12	272	81695	81433	9.80e-54	202	67
MZ463748.1	387	hS00070	117793	77.567	263	12	272	7768	8030	9.80e-54	202	67
MZ463748.1	387	hS00070	117793	77.567	263	12	272	61532	61270	9.80e-54	202	67
MZ463748.1	387	hS00070	117793	77.567	263	12	272	81695	81433	9.80e-54	202	67
MZ463749.1	391	hS00070	117793	77.174	276	5	277	7755	8030	2.84e-54	204	70
MZ463749.1	391	hS00070	117793	77.174	276	5	277	61545	61270	2.84e-54	204	70
MZ463749.1	391	hS00070	117793	77.174	276	5	277	81708	81433	2.84e-54	204	70
MZ463750.1	392	hS00070	117793	76.812	276	5	277	7755	8030	3.47e-53	199	70
MZ463750.1	392	hS00070	117793	76.812	276	5	277	61545	61270	3.47e-53	199	70
MZ463750.1	392	hS00070	117793	76.812	276	5	277	81708	81433	3.47e-53	199	70
MZ463751.1	393	hS00070	117793	77.536	276	5	277	7755	8030	6.71e-56	208	69
MZ463751.1	393	hS00070	117793	77.536	276	5	277	61545	61270	6.71e-56	208	69
MZ463751.1	393	hS00070	117793	77.536	276	5	277	81708	81433	6.71e-56	208	69
MZ463752.1	394	hS00070	117793	77.536	276	5	277	7755	8030	6.73e-56	208	69
MZ463752.1	394	hS00070	117793	77.536	276	5	277	61545	61270	6.73e-56	208	69
MZ463752.1	394	hS00070	117793	77.536	276	5	277	81708	81433	6.73e-56	208	69
MZ463753.1	394	hS00070	117793	77.174	276	5	277	7755	8030	2.86e-54	204	69
MZ463753.1	394	hS00070	117793	77.174	276	5	277	61545	61270	2.86e-54	204	69
MZ463753.1	394	hS00070	117793	77.174	276	5	277	81708	81433	2.86e-54	204	69
MZ463754.1	394	hS00070	117793	78.378	259	5	260	7755	8013	8.20e-55	205	65
MZ463754.1	394	hS00070	117793	78.378	259	5	260	61545	61287	8.20e-55	205	65
MZ463754.1	394	hS00070	117793	78.378	259	5	260	81708	81450	8.20e-55	205	65
MZ463755.1	394	hS00070	117793	77.899	276	5	277	7755	8030	5.52e-57	213	69
MZ463755.1	394	hS00070	117793	77.899	276	5	277	61545	61270	5.52e-57	213	69
MZ463755.1	394	hS00070	117793	77.899	276	5	277	81708	81433	5.52e-57	213	69
MZ463756.1	394	hS00070	117793	77.174	276	5	277	7755	8030	2.86e-54	204	69
MZ463756.1	394	hS00070	117793	77.174	276	5	277	61545	61270	2.86e-54	204	69
MZ463756.1	394	hS00070	117793	77.174	276	5	277	81708	81433	2.86e-54	204	69
MZ463757.1	394	hS00070	117793	77.174	276	5	277	7755	8030	2.86e-54	204	69
MZ463757.1	394	hS00070	117793	77.174	276	5	277	61545	61270	2.86e-54	204	69
MZ463757.1	394	hS00070	117793	77.174	276	5	277	81708	81433	2.86e-54	204	69
MZ463758.1	394	hS00070	117793	77.174	276	5	277	7755	8030	2.86e-54	204	69
MZ463758.1	394	hS00070	117793	77.174	276	5	277	61545	61270	2.86e-54	204	69
MZ463758.1	394	hS00070	117793	77.174	276	5	277	81708	81433	2.86e-54	204	69
MZ463759.1	410	hS00070	117793	77.174	276	5	277	7755	8030	2.98e-54	204	67
MZ463759.1	410	hS00070	117793	77.174	276	5	277	61545	61270	2.98e-54	204	67
MZ463759.1	410	hS00070	117793	77.174	276	5	277	81708	81433	2.98e-54	204	67
FJ751925.1	394	hS00070	117793	77.536	276	5	277	7755	8030	6.73e-56	208	69
FJ751925.1	394	hS00070	117793	77.536	276	5	277	61545	61270	6.73e-56	208	69
FJ751925.1	394	hS00070	117793	77.536	276	5	277	81708	81433	6.73e-56	208	69
FJ751926.1	395	hS00070	117793	77.536	276	5	277	7755	8030	6.75e-56	208	69
FJ751926.1	395	hS00070	117793	77.536	276	5	277	61545	61270	6.75e-56	208	69
FJ751926.1	395	hS00070	117793	77.536	276	5	277	81708	81433	6.75e-56	208	69
FJ751927.1	395	hS00070	117793	77.174	276	5	277	7755	8030	2.87e-54	204	69
FJ751927.1	395	hS00070	117793	77.174	276	5	277	61545	61270	2.87e-54	204	69
FJ751927.1	395	hS00070	117793	77.174	276	5	277	81708	81433	2.87e-54	204	69
FJ751930.1	395	hS00070	117793	77.536	276	5	277	7755	8030	6.75e-56	208	69
FJ751930.1	395	hS00070	117793	77.536	276	5	277	61545	61270	6.75e-56	208	69
FJ751930.1	395	hS00070	117793	77.536	276	5	277	81708	81433	6.75e-56	208	69
FJ751933.1	396	hS00070	117793	77.536	276	6	278	7755	8030	6.77e-56	208	69
FJ751933.1	396	hS00070	117793	77.536	276	6	278	61545	61270	6.77e-56	208	69
FJ751933.1	396	hS00070	117793	77.536	276	6	278	81708	81433	6.77e-56	208	69
FJ751934.1	395	hS00070	117793	77.536	276	6	278	7755	8030	6.75e-56	208	69
FJ751934.1	395	hS00070	117793	77.536	276	6	278	61545	61270	6.75e-56	208	69
FJ751934.1	395	hS00070	117793	77.536	276	6	278	81708	81433	6.75e-56	208	69
MZ463745.1	387	hS00081	105348	77.947	263	12	272	7732	7470	2.06e-55	206	67
MZ463746.1	387	hS00081	105348	77.947	263	12	272	7732	7470	2.06e-55	206	67
MZ463747.1	387	hS00081	105348	77.567	263	12	272	7732	7470	8.77e-54	202	67
MZ463748.1	387	hS00081	105348	77.567	263	12	272	7732	7470	8.77e-54	202	67
MZ463749.1	391	hS00081	105348	77.174	276	5	277	7745	7470	2.54e-54	204	70
MZ463750.1	392	hS00081	105348	76.812	276	5	277	7745	7470	3.10e-53	199	70
MZ463751.1	393	hS00081	105348	77.536	276	5	277	7745	7470	6.00e-56	208	69
MZ463752.1	394	hS00081	105348	77.536	276	5	277	7745	7470	6.02e-56	208	69
MZ463753.1	394	hS00081	105348	77.174	276	5	277	7745	7470	2.56e-54	204	69
MZ463754.1	394	hS00081	105348	78.378	259	5	260	7745	7487	7.33e-55	205	65
MZ463755.1	394	hS00081	105348	77.899	276	5	277	7745	7470	4.94e-57	213	69
MZ463756.1	394	hS00081	105348	77.174	276	5	277	7745	7470	2.56e-54	204	69
MZ463757.1	394	hS00081	105348	77.174	276	5	277	7745	7470	2.56e-54	204	69
MZ463758.1	394	hS00081	105348	77.174	276	5	277	7745	7470	2.56e-54	204	69
MZ463759.1	410	hS00081	105348	77.174	276	5	277	7745	7470	2.67e-54	204	67
FJ751925.1	394	hS00081	105348	77.536	276	5	277	7745	7470	6.02e-56	208	69
FJ751926.1	395	hS00081	105348	77.536	276	5	277	7745	7470	6.04e-56	208	69
FJ751927.1	395	hS00081	105348	77.174	276	5	277	7745	7470	2.57e-54	204	69
FJ751930.1	395	hS00081	105348	77.536	276	5	277	7745	7470	6.04e-56	208	69
FJ751933.1	396	hS00081	105348	77.536	276	6	278	7745	7470	6.05e-56	208	69
FJ751934.1	395	hS00081	105348	77.536	276	6	278	7745	7470	6.04e-56	208	69
MZ463745.1	387	hS00092	94783	77.947	263	12	272	71396	71658	1.85e-55	206	67
MZ463746.1	387	hS00092	94783	77.947	263	12	272	71396	71658	1.85e-55	206	67
MZ463747.1	387	hS00092	94783	77.567	263	12	272	71396	71658	7.89e-54	202	67
MZ463748.1	387	hS00092	94783	77.567	263	12	272	71396	71658	7.89e-54	202	67
MZ463749.1	391	hS00092	94783	77.174	276	5	277	71383	71658	2.28e-54	204	70
MZ463750.1	392	hS00092	94783	76.812	276	5	277	71383	71658	2.79e-53	199	70
MZ463751.1	393	hS00092	94783	77.536	276	5	277	71383	71658	5.40e-56	208	69
MZ463752.1	394	hS00092	94783	77.536	276	5	277	71383	71658	5.42e-56	208	69
MZ463753.1	394	hS00092	94783	77.174	276	5	277	71383	71658	2.30e-54	204	69
MZ463754.1	394	hS00092	94783	78.378	259	5	260	71383	71641	6.60e-55	205	65
MZ463755.1	394	hS00092	94783	77.899	276	5	277	71383	71658	4.45e-57	213	69
MZ463756.1	394	hS00092	94783	77.174	276	5	277	71383	71658	2.30e-54	204	69
MZ463757.1	394	hS00092	94783	77.174	276	5	277	71383	71658	2.30e-54	204	69
MZ463758.1	394	hS00092	94783	77.174	276	5	277	71383	71658	2.30e-54	204	69
MZ463759.1	410	hS00092	94783	77.174	276	5	277	71383	71658	2.40e-54	204	67
FJ751925.1	394	hS00092	94783	77.536	276	5	277	71383	71658	5.42e-56	208	69
FJ751926.1	395	hS00092	94783	77.536	276	5	277	71383	71658	5.43e-56	208	69
FJ751927.1	395	hS00092	94783	77.174	276	5	277	71383	71658	2.31e-54	204	69
FJ751930.1	395	hS00092	94783	77.536	276	5	277	71383	71658	5.43e-56	208	69
FJ751933.1	396	hS00092	94783	77.536	276	6	278	71383	71658	5.44e-56	208	69
FJ751934.1	395	hS00092	94783	77.536	276	6	278	71383	71658	5.43e-56	208	69
MZ463745.1	387	hS00097	91328	77.947	263	12	272	4644	4382	1.79e-55	206	67
MZ463746.1	387	hS00097	91328	77.947	263	12	272	4644	4382	1.79e-55	206	67
MZ463747.1	387	hS00097	91328	77.567	263	12	272	4644	4382	7.60e-54	202	67
MZ463748.1	387	hS00097	91328	77.567	263	12	272	4644	4382	7.60e-54	202	67
MZ463749.1	391	hS00097	91328	77.174	276	5	277	4657	4382	2.20e-54	204	70
MZ463750.1	392	hS00097	91328	76.812	276	5	277	4657	4382	2.69e-53	199	70
MZ463751.1	393	hS00097	91328	77.536	276	5	277	4657	4382	5.20e-56	208	69
MZ463752.1	394	hS00097	91328	77.536	276	5	277	4657	4382	5.22e-56	208	69
MZ463753.1	394	hS00097	91328	77.174	276	5	277	4657	4382	2.22e-54	204	69
MZ463754.1	394	hS00097	91328	78.378	259	5	260	4657	4399	6.36e-55	205	65
MZ463755.1	394	hS00097	91328	77.899	276	5	277	4657	4382	4.28e-57	213	69
MZ463756.1	394	hS00097	91328	77.174	276	5	277	4657	4382	2.22e-54	204	69
MZ463757.1	394	hS00097	91328	77.174	276	5	277	4657	4382	2.22e-54	204	69
MZ463758.1	394	hS00097	91328	77.174	276	5	277	4657	4382	2.22e-54	204	69
MZ463759.1	410	hS00097	91328	77.174	276	5	277	4657	4382	2.31e-54	204	67
FJ751925.1	394	hS00097	91328	77.536	276	5	277	4657	4382	5.22e-56	208	69
FJ751926.1	395	hS00097	91328	77.536	276	5	277	4657	4382	5.23e-56	208	69
FJ751927.1	395	hS00097	91328	77.174	276	5	277	4657	4382	2.22e-54	204	69
FJ751930.1	395	hS00097	91328	77.536	276	5	277	4657	4382	5.23e-56	208	69
FJ751933.1	396	hS00097	91328	77.536	276	6	278	4657	4382	5.25e-56	208	69
FJ751934.1	395	hS00097	91328	77.536	276	6	278	4657	4382	5.23e-56	208	69
MZ463745.1	387	hS00098	90050	77.947	263	12	272	72295	72557	1.76e-55	206	67
MZ463746.1	387	hS00098	90050	77.947	263	12	272	72295	72557	1.76e-55	206	67
MZ463747.1	387	hS00098	90050	77.567	263	12	272	72295	72557	7.49e-54	202	67
MZ463748.1	387	hS00098	90050	77.567	263	12	272	72295	72557	7.49e-54	202	67
MZ463749.1	391	hS00098	90050	77.174	276	5	277	72282	72557	2.17e-54	204	70
MZ463750.1	392	hS00098	90050	76.812	276	5	277	72282	72557	2.65e-53	199	70
MZ463751.1	393	hS00098	90050	77.536	276	5	277	72282	72557	5.13e-56	208	69
MZ463752.1	394	hS00098	90050	77.536	276	5	277	72282	72557	5.14e-56	208	69
MZ463753.1	394	hS00098	90050	77.174	276	5	277	72282	72557	2.19e-54	204	69
MZ463754.1	394	hS00098	90050	78.378	259	5	260	72282	72540	6.27e-55	205	65
MZ463755.1	394	hS00098	90050	77.899	276	5	277	72282	72557	4.22e-57	213	69
MZ463756.1	394	hS00098	90050	77.174	276	5	277	72282	72557	2.19e-54	204	69
MZ463757.1	394	hS00098	90050	77.174	276	5	277	72282	72557	2.19e-54	204	69
MZ463758.1	394	hS00098	90050	77.174	276	5	277	72282	72557	2.19e-54	204	69
MZ463759.1	410	hS00098	90050	77.174	276	5	277	72282	72557	2.28e-54	204	67
FJ751925.1	394	hS00098	90050	77.536	276	5	277	72282	72557	5.14e-56	208	69
FJ751926.1	395	hS00098	90050	77.536	276	5	277	72282	72557	5.16e-56	208	69
FJ751927.1	395	hS00098	90050	77.174	276	5	277	72282	72557	2.19e-54	204	69
FJ751930.1	395	hS00098	90050	77.536	276	5	277	72282	72557	5.16e-56	208	69
FJ751933.1	396	hS00098	90050	77.536	276	6	278	72282	72557	5.17e-56	208	69
FJ751934.1	395	hS00098	90050	77.536	276	6	278	72282	72557	5.16e-56	208	69
MZ463745.1	387	hS00099	90447	77.947	263	12	272	2515	2777	1.77e-55	206	67
MZ463745.1	387	hS00099	90447	77.947	263	12	272	49130	48868	1.77e-55	206	67
MZ463745.1	387	hS00099	90447	77.947	263	12	272	61369	61107	1.77e-55	206	67
MZ463746.1	387	hS00099	90447	77.947	263	12	272	2515	2777	1.77e-55	206	67
MZ463746.1	387	hS00099	90447	77.947	263	12	272	49130	48868	1.77e-55	206	67
MZ463746.1	387	hS00099	90447	77.947	263	12	272	61369	61107	1.77e-55	206	67
MZ463747.1	387	hS00099	90447	77.567	263	12	272	2515	2777	7.53e-54	202	67
MZ463747.1	387	hS00099	90447	77.567	263	12	272	49130	48868	7.53e-54	202	67
MZ463747.1	387	hS00099	90447	77.567	263	12	272	61369	61107	7.53e-54	202	67
MZ463748.1	387	hS00099	90447	77.567	263	12	272	2515	2777	7.53e-54	202	67
MZ463748.1	387	hS00099	90447	77.567	263	12	272	49130	48868	7.53e-54	202	67
MZ463748.1	387	hS00099	90447	77.567	263	12	272	61369	61107	7.53e-54	202	67
MZ463749.1	391	hS00099	90447	77.174	276	5	277	2502	2777	2.18e-54	204	70
MZ463749.1	391	hS00099	90447	77.174	276	5	277	49143	48868	2.18e-54	204	70
MZ463749.1	391	hS00099	90447	77.174	276	5	277	61382	61107	2.18e-54	204	70
MZ463750.1	392	hS00099	90447	76.812	276	5	277	2502	2777	2.66e-53	199	70
MZ463750.1	392	hS00099	90447	76.812	276	5	277	49143	48868	2.66e-53	199	70
MZ463750.1	392	hS00099	90447	76.812	276	5	277	61382	61107	2.66e-53	199	70
MZ463751.1	393	hS00099	90447	77.536	276	5	277	2502	2777	5.15e-56	208	69
MZ463751.1	393	hS00099	90447	77.536	276	5	277	49143	48868	5.15e-56	208	69
MZ463751.1	393	hS00099	90447	77.536	276	5	277	61382	61107	5.15e-56	208	69
MZ463752.1	394	hS00099	90447	77.536	276	5	277	2502	2777	5.17e-56	208	69
MZ463752.1	394	hS00099	90447	77.536	276	5	277	49143	48868	5.17e-56	208	69
MZ463752.1	394	hS00099	90447	77.536	276	5	277	61382	61107	5.17e-56	208	69
MZ463753.1	394	hS00099	90447	77.174	276	5	277	2502	2777	2.20e-54	204	69
MZ463753.1	394	hS00099	90447	77.174	276	5	277	49143	48868	2.20e-54	204	69
MZ463753.1	394	hS00099	90447	77.174	276	5	277	61382	61107	2.20e-54	204	69
MZ463754.1	394	hS00099	90447	78.378	259	5	260	2502	2760	6.30e-55	205	65
MZ463754.1	394	hS00099	90447	78.378	259	5	260	49143	48885	6.30e-55	205	65
MZ463754.1	394	hS00099	90447	78.378	259	5	260	61382	61124	6.30e-55	205	65
MZ463755.1	394	hS00099	90447	77.899	276	5	277	2502	2777	4.24e-57	213	69
MZ463755.1	394	hS00099	90447	77.899	276	5	277	49143	48868	4.24e-57	213	69
MZ463755.1	394	hS00099	90447	77.899	276	5	277	61382	61107	4.24e-57	213	69
MZ463756.1	394	hS00099	90447	77.174	276	5	277	2502	2777	2.20e-54	204	69
MZ463756.1	394	hS00099	90447	77.174	276	5	277	49143	48868	2.20e-54	204	69
MZ463756.1	394	hS00099	90447	77.174	276	5	277	61382	61107	2.20e-54	204	69
MZ463757.1	394	hS00099	90447	77.174	276	5	277	2502	2777	2.20e-54	204	69
MZ463757.1	394	hS00099	90447	77.174	276	5	277	49143	48868	2.20e-54	204	69
MZ463757.1	394	hS00099	90447	77.174	276	5	277	61382	61107	2.20e-54	204	69
MZ463758.1	394	hS00099	90447	77.174	276	5	277	2502	2777	2.20e-54	204	69
MZ463758.1	394	hS00099	90447	77.174	276	5	277	49143	48868	2.20e-54	204	69
MZ463758.1	394	hS00099	90447	77.174	276	5	277	61382	61107	2.20e-54	204	69
MZ463759.1	410	hS00099	90447	77.174	276	5	277	2502	2777	2.29e-54	204	67
MZ463759.1	410	hS00099	90447	77.174	276	5	277	49143	48868	2.29e-54	204	67
MZ463759.1	410	hS00099	90447	77.174	276	5	277	61382	61107	2.29e-54	204	67
FJ751925.1	394	hS00099	90447	77.536	276	5	277	2502	2777	5.17e-56	208	69
FJ751925.1	394	hS00099	90447	77.536	276	5	277	49143	48868	5.17e-56	208	69
FJ751925.1	394	hS00099	90447	77.536	276	5	277	61382	61107	5.17e-56	208	69
FJ751926.1	395	hS00099	90447	77.536	276	5	277	2502	2777	5.18e-56	208	69
FJ751926.1	395	hS00099	90447	77.536	276	5	277	49143	48868	5.18e-56	208	69
FJ751926.1	395	hS00099	90447	77.536	276	5	277	61382	61107	5.18e-56	208	69
FJ751927.1	395	hS00099	90447	77.174	276	5	277	2502	2777	2.20e-54	204	69
FJ751927.1	395	hS00099	90447	77.174	276	5	277	49143	48868	2.20e-54	204	69
FJ751927.1	395	hS00099	90447	77.174	276	5	277	61382	61107	2.20e-54	204	69
FJ751930.1	395	hS00099	90447	77.536	276	5	277	2502	2777	5.18e-56	208	69
FJ751930.1	395	hS00099	90447	77.536	276	5	277	49143	48868	5.18e-56	208	69
FJ751930.1	395	hS00099	90447	77.536	276	5	277	61382	61107	5.18e-56	208	69
FJ751933.1	396	hS00099	90447	77.536	276	6	278	2502	2777	5.20e-56	208	69
FJ751933.1	396	hS00099	90447	77.536	276	6	278	49143	48868	5.20e-56	208	69
FJ751933.1	396	hS00099	90447	77.536	276	6	278	61382	61107	5.20e-56	208	69
FJ751934.1	395	hS00099	90447	77.536	276	6	278	2502	2777	5.18e-56	208	69
FJ751934.1	395	hS00099	90447	77.536	276	6	278	49143	48868	5.18e-56	208	69
FJ751934.1	395	hS00099	90447	77.536	276	6	278	61382	61107	5.18e-56	208	69
MZ463745.1	387	hS00100	90386	77.947	263	12	272	24654	24392	1.77e-55	206	67
MZ463745.1	387	hS00100	90386	77.947	263	12	272	41616	41354	1.77e-55	206	67
MZ463745.1	387	hS00100	90386	77.947	263	12	272	86699	86961	1.77e-55	206	67
MZ463746.1	387	hS00100	90386	77.947	263	12	272	24654	24392	1.77e-55	206	67
MZ463746.1	387	hS00100	90386	77.947	263	12	272	41616	41354	1.77e-55	206	67
MZ463746.1	387	hS00100	90386	77.947	263	12	272	86699	86961	1.77e-55	206	67
MZ463747.1	387	hS00100	90386	77.567	263	12	272	24654	24392	7.52e-54	202	67
MZ463747.1	387	hS00100	90386	77.567	263	12	272	41616	41354	7.52e-54	202	67
MZ463747.1	387	hS00100	90386	77.567	263	12	272	86699	86961	7.52e-54	202	67
MZ463748.1	387	hS00100	90386	77.567	263	12	272	24654	24392	7.52e-54	202	67
MZ463748.1	387	hS00100	90386	77.567	263	12	272	41616	41354	7.52e-54	202	67
MZ463748.1	387	hS00100	90386	77.567	263	12	272	86699	86961	7.52e-54	202	67
MZ463749.1	391	hS00100	90386	77.174	276	5	277	24667	24392	2.18e-54	204	70
MZ463749.1	391	hS00100	90386	77.174	276	5	277	41629	41354	2.18e-54	204	70
MZ463749.1	391	hS00100	90386	77.174	276	5	277	86686	86961	2.18e-54	204	70
MZ463750.1	392	hS00100	90386	76.812	276	5	277	24667	24392	2.66e-53	199	70
MZ463750.1	392	hS00100	90386	76.812	276	5	277	41629	41354	2.66e-53	199	70
MZ463750.1	392	hS00100	90386	76.812	276	5	277	86686	86961	2.66e-53	199	70
MZ463751.1	393	hS00100	90386	77.536	276	5	277	24667	24392	5.15e-56	208	69
MZ463751.1	393	hS00100	90386	77.536	276	5	277	41629	41354	5.15e-56	208	69
MZ463751.1	393	hS00100	90386	77.536	276	5	277	86686	86961	5.15e-56	208	69
MZ463752.1	394	hS00100	90386	77.536	276	5	277	24667	24392	5.16e-56	208	69
MZ463752.1	394	hS00100	90386	77.536	276	5	277	41629	41354	5.16e-56	208	69
MZ463752.1	394	hS00100	90386	77.536	276	5	277	86686	86961	5.16e-56	208	69
MZ463753.1	394	hS00100	90386	77.174	276	5	277	24667	24392	2.20e-54	204	69
MZ463753.1	394	hS00100	90386	77.174	276	5	277	41629	41354	2.20e-54	204	69
MZ463753.1	394	hS00100	90386	77.174	276	5	277	86686	86961	2.20e-54	204	69
MZ463754.1	394	hS00100	90386	78.378	259	5	260	24667	24409	6.29e-55	205	65
MZ463754.1	394	hS00100	90386	78.378	259	5	260	41629	41371	6.29e-55	205	65
MZ463754.1	394	hS00100	90386	78.378	259	5	260	86686	86944	6.29e-55	205	65
MZ463755.1	394	hS00100	90386	77.899	276	5	277	24667	24392	4.24e-57	213	69
MZ463755.1	394	hS00100	90386	77.899	276	5	277	41629	41354	4.24e-57	213	69
MZ463755.1	394	hS00100	90386	77.899	276	5	277	86686	86961	4.24e-57	213	69
MZ463756.1	394	hS00100	90386	77.174	276	5	277	24667	24392	2.20e-54	204	69
MZ463756.1	394	hS00100	90386	77.174	276	5	277	41629	41354	2.20e-54	204	69
MZ463756.1	394	hS00100	90386	77.174	276	5	277	86686	86961	2.20e-54	204	69
MZ463757.1	394	hS00100	90386	77.174	276	5	277	24667	24392	2.20e-54	204	69
MZ463757.1	394	hS00100	90386	77.174	276	5	277	41629	41354	2.20e-54	204	69
MZ463757.1	394	hS00100	90386	77.174	276	5	277	86686	86961	2.20e-54	204	69
MZ463758.1	394	hS00100	90386	77.174	276	5	277	24667	24392	2.20e-54	204	69
MZ463758.1	394	hS00100	90386	77.174	276	5	277	41629	41354	2.20e-54	204	69
MZ463758.1	394	hS00100	90386	77.174	276	5	277	86686	86961	2.20e-54	204	69
MZ463759.1	410	hS00100	90386	77.174	276	5	277	24667	24392	2.29e-54	204	67
MZ463759.1	410	hS00100	90386	77.174	276	5	277	41629	41354	2.29e-54	204	67
MZ463759.1	410	hS00100	90386	77.174	276	5	277	86686	86961	2.29e-54	204	67
FJ751925.1	394	hS00100	90386	77.536	276	5	277	24667	24392	5.16e-56	208	69
FJ751925.1	394	hS00100	90386	77.536	276	5	277	41629	41354	5.16e-56	208	69
FJ751925.1	394	hS00100	90386	77.536	276	5	277	86686	86961	5.16e-56	208	69
FJ751926.1	395	hS00100	90386	77.536	276	5	277	24667	24392	5.18e-56	208	69
FJ751926.1	395	hS00100	90386	77.536	276	5	277	41629	41354	5.18e-56	208	69
FJ751926.1	395	hS00100	90386	77.536	276	5	277	86686	86961	5.18e-56	208	69
FJ751927.1	395	hS00100	90386	77.174	276	5	277	24667	24392	2.20e-54	204	69
FJ751927.1	395	hS00100	90386	77.174	276	5	277	41629	41354	2.20e-54	204	69
FJ751927.1	395	hS00100	90386	77.174	276	5	277	86686	86961	2.20e-54	204	69
FJ751930.1	395	hS00100	90386	77.536	276	5	277	24667	24392	5.18e-56	208	69
FJ751930.1	395	hS00100	90386	77.536	276	5	277	41629	41354	5.18e-56	208	69
FJ751930.1	395	hS00100	90386	77.536	276	5	277	86686	86961	5.18e-56	208	69
FJ751933.1	396	hS00100	90386	77.536	276	6	278	24667	24392	5.19e-56	208	69
FJ751933.1	396	hS00100	90386	77.536	276	6	278	41629	41354	5.19e-56	208	69
FJ751933.1	396	hS00100	90386	77.536	276	6	278	86686	86961	5.19e-56	208	69
FJ751934.1	395	hS00100	90386	77.536	276	6	278	24667	24392	5.18e-56	208	69
FJ751934.1	395	hS00100	90386	77.536	276	6	278	41629	41354	5.18e-56	208	69
FJ751934.1	395	hS00100	90386	77.536	276	6	278	86686	86961	5.18e-56	208	69
MZ463745.1	387	hS00103	89284	77.947	263	12	272	81218	81480	1.75e-55	206	67
MZ463746.1	387	hS00103	89284	77.947	263	12	272	81218	81480	1.75e-55	206	67
MZ463747.1	387	hS00103	89284	77.567	263	12	272	81218	81480	7.43e-54	202	67
MZ463748.1	387	hS00103	89284	77.567	263	12	272	81218	81480	7.43e-54	202	67
MZ463749.1	391	hS00103	89284	77.174	276	5	277	81205	81480	2.15e-54	204	70
MZ463750.1	392	hS00103	89284	76.812	276	5	277	81205	81480	2.63e-53	199	70
MZ463751.1	393	hS00103	89284	77.536	276	5	277	81205	81480	5.09e-56	208	69
MZ463752.1	394	hS00103	89284	77.536	276	5	277	81205	81480	5.10e-56	208	69
MZ463753.1	394	hS00103	89284	77.174	276	5	277	81205	81480	2.17e-54	204	69
MZ463754.1	394	hS00103	89284	78.378	259	5	260	81205	81463	6.21e-55	205	65
MZ463755.1	394	hS00103	89284	77.899	276	5	277	81205	81480	4.19e-57	213	69
MZ463756.1	394	hS00103	89284	77.174	276	5	277	81205	81480	2.17e-54	204	69
MZ463757.1	394	hS00103	89284	77.174	276	5	277	81205	81480	2.17e-54	204	69
MZ463758.1	394	hS00103	89284	77.174	276	5	277	81205	81480	2.17e-54	204	69
MZ463759.1	410	hS00103	89284	77.174	276	5	277	81205	81480	2.26e-54	204	67
FJ751925.1	394	hS00103	89284	77.536	276	5	277	81205	81480	5.10e-56	208	69
FJ751926.1	395	hS00103	89284	77.536	276	5	277	81205	81480	5.11e-56	208	69
FJ751927.1	395	hS00103	89284	77.174	276	5	277	81205	81480	2.17e-54	204	69
FJ751930.1	395	hS00103	89284	77.536	276	5	277	81205	81480	5.11e-56	208	69
FJ751933.1	396	hS00103	89284	77.536	276	6	278	81205	81480	5.13e-56	208	69
FJ751934.1	395	hS00103	89284	77.536	276	6	278	81205	81480	5.11e-56	208	69
MZ463745.1	387	hS00104	87063	98.656	372	10	381	37345	36975	0.0	645	96
MZ463746.1	387	hS00104	87063	98.118	372	10	381	37345	36975	0.0	636	96
MZ463747.1	387	hS00104	87063	98.118	372	10	381	37345	36975	0.0	636	96
MZ463748.1	387	hS00104	87063	97.849	372	10	381	37345	36975	0.0	632	96
MZ463749.1	391	hS00104	87063	98.118	372	15	386	37345	36975	0.0	636	95
MZ463750.1	392	hS00104	87063	97.849	372	15	386	37345	36975	0.0	632	95
MZ463751.1	393	hS00104	87063	98.118	372	15	386	37345	36975	0.0	636	95
MZ463752.1	394	hS00104	87063	97.849	372	15	386	37345	36975	0.0	632	94
MZ463753.1	394	hS00104	87063	97.849	372	15	386	37345	36975	0.0	632	94
MZ463754.1	394	hS00104	87063	97.849	372	15	386	37345	36975	0.0	632	94
MZ463755.1	394	hS00104	87063	98.118	372	15	386	37345	36975	0.0	636	94
MZ463756.1	394	hS00104	87063	98.118	372	15	386	37345	36975	0.0	636	94
MZ463757.1	394	hS00104	87063	97.849	372	15	386	37345	36975	0.0	632	94
MZ463758.1	394	hS00104	87063	98.118	372	15	386	37345	36975	0.0	636	94
MZ463759.1	410	hS00104	87063	98.118	372	15	386	37345	36975	0.0	636	91
FJ751925.1	394	hS00104	87063	98.387	372	15	386	37345	36975	0.0	641	94
FJ751926.1	395	hS00104	87063	98.123	373	15	387	37345	36975	0.0	635	94
FJ751927.1	395	hS00104	87063	97.855	373	15	387	37345	36975	0.0	630	94
FJ751930.1	395	hS00104	87063	97.638	381	15	395	37345	36966	0.0	644	96
FJ751933.1	396	hS00104	87063	98.123	373	16	388	37345	36975	0.0	635	94
FJ751934.1	395	hS00104	87063	98.387	372	16	387	37345	36975	0.0	641	94
MZ463745.1	387	hS00114	82784	77.947	263	12	272	31902	31640	1.62e-55	206	67
MZ463745.1	387	hS00114	82784	77.947	263	12	272	41966	42228	1.62e-55	206	67
MZ463745.1	387	hS00114	82784	77.652	264	12	272	76424	76161	2.41e-53	200	67
MZ463746.1	387	hS00114	82784	77.947	263	12	272	31902	31640	1.62e-55	206	67
MZ463746.1	387	hS00114	82784	77.947	263	12	272	41966	42228	1.62e-55	206	67
MZ463746.1	387	hS00114	82784	77.652	264	12	272	76424	76161	2.41e-53	200	67
MZ463747.1	387	hS00114	82784	77.567	263	12	272	31902	31640	6.91e-54	202	67
MZ463747.1	387	hS00114	82784	77.567	263	12	272	41966	42228	6.91e-54	202	67
MZ463747.1	387	hS00114	82784	77.273	264	12	272	76424	76161	2.94e-52	196	67
MZ463748.1	387	hS00114	82784	77.567	263	12	272	31902	31640	6.91e-54	202	67
MZ463748.1	387	hS00114	82784	77.567	263	12	272	41966	42228	6.91e-54	202	67
MZ463748.1	387	hS00114	82784	77.273	264	12	272	76424	76161	2.94e-52	196	67
MZ463749.1	391	hS00114	82784	77.174	276	5	277	31915	31640	2.00e-54	204	70
MZ463749.1	391	hS00114	82784	77.174	276	5	277	41953	42228	2.00e-54	204	70
MZ463749.1	391	hS00114	82784	76.895	277	5	277	76437	76161	8.51e-53	197	70
MZ463750.1	392	hS00114	82784	76.812	276	5	277	31915	31640	2.44e-53	199	70
MZ463750.1	392	hS00114	82784	76.812	276	5	277	41953	42228	2.44e-53	199	70
MZ463750.1	392	hS00114	82784	76.534	277	5	277	76437	76161	3.63e-51	193	70
MZ463751.1	393	hS00114	82784	77.536	276	5	277	31915	31640	4.73e-56	208	69
MZ463751.1	393	hS00114	82784	77.536	276	5	277	41953	42228	4.73e-56	208	69
MZ463751.1	393	hS00114	82784	77.256	277	5	277	76437	76161	7.02e-54	202	69
MZ463752.1	394	hS00114	82784	77.536	276	5	277	31915	31640	4.74e-56	208	69
MZ463752.1	394	hS00114	82784	77.536	276	5	277	41953	42228	4.74e-56	208	69
MZ463752.1	394	hS00114	82784	77.256	277	5	277	76437	76161	7.04e-54	202	69
MZ463753.1	394	hS00114	82784	77.174	276	5	277	31915	31640	2.02e-54	204	69
MZ463753.1	394	hS00114	82784	77.174	276	5	277	41953	42228	2.02e-54	204	69
MZ463753.1	394	hS00114	82784	76.895	277	5	277	76437	76161	8.57e-53	197	69
MZ463754.1	394	hS00114	82784	78.378	259	5	260	31915	31657	5.78e-55	205	65
MZ463754.1	394	hS00114	82784	78.378	259	5	260	41953	42211	5.78e-55	205	65
MZ463754.1	394	hS00114	82784	78.077	260	5	260	76437	76178	8.57e-53	198	65
MZ463755.1	394	hS00114	82784	77.899	276	5	277	31915	31640	3.89e-57	213	69
MZ463755.1	394	hS00114	82784	77.899	276	5	277	41953	42228	3.89e-57	213	69
MZ463755.1	394	hS00114	82784	77.617	277	5	277	76437	76161	1.66e-55	206	69
MZ463756.1	394	hS00114	82784	77.174	276	5	277	31915	31640	2.02e-54	204	69
MZ463756.1	394	hS00114	82784	77.174	276	5	277	41953	42228	2.02e-54	204	69
MZ463756.1	394	hS00114	82784	76.895	277	5	277	76437	76161	8.57e-53	197	69
MZ463757.1	394	hS00114	82784	77.174	276	5	277	31915	31640	2.02e-54	204	69
MZ463757.1	394	hS00114	82784	77.174	276	5	277	41953	42228	2.02e-54	204	69
MZ463757.1	394	hS00114	82784	76.895	277	5	277	76437	76161	8.57e-53	197	69
MZ463758.1	394	hS00114	82784	77.174	276	5	277	31915	31640	2.02e-54	204	69
MZ463758.1	394	hS00114	82784	77.174	276	5	277	41953	42228	2.02e-54	204	69
MZ463758.1	394	hS00114	82784	76.895	277	5	277	76437	76161	8.57e-53	197	69
MZ463759.1	410	hS00114	82784	77.174	276	5	277	31915	31640	2.10e-54	204	67
MZ463759.1	410	hS00114	82784	77.174	276	5	277	41953	42228	2.10e-54	204	67
MZ463759.1	410	hS00114	82784	76.895	277	5	277	76437	76161	8.94e-53	197	67
FJ751925.1	394	hS00114	82784	77.536	276	5	277	31915	31640	4.74e-56	208	69
FJ751925.1	394	hS00114	82784	77.536	276	5	277	41953	42228	4.74e-56	208	69
FJ751925.1	394	hS00114	82784	77.256	277	5	277	76437	76161	7.04e-54	202	69
FJ751926.1	395	hS00114	82784	77.536	276	5	277	31915	31640	4.75e-56	208	69
FJ751926.1	395	hS00114	82784	77.536	276	5	277	41953	42228	4.75e-56	208	69
FJ751926.1	395	hS00114	82784	77.256	277	5	277	76437	76161	7.06e-54	202	69
FJ751927.1	395	hS00114	82784	77.174	276	5	277	31915	31640	2.02e-54	204	69
FJ751927.1	395	hS00114	82784	77.174	276	5	277	41953	42228	2.02e-54	204	69
FJ751927.1	395	hS00114	82784	76.895	277	5	277	76437	76161	8.60e-53	197	69
FJ751930.1	395	hS00114	82784	77.536	276	5	277	31915	31640	4.75e-56	208	69
FJ751930.1	395	hS00114	82784	77.536	276	5	277	41953	42228	4.75e-56	208	69
FJ751930.1	395	hS00114	82784	77.256	277	5	277	76437	76161	7.06e-54	202	69
FJ751933.1	396	hS00114	82784	77.536	276	6	278	31915	31640	4.77e-56	208	69
FJ751933.1	396	hS00114	82784	77.536	276	6	278	41953	42228	4.77e-56	208	69
FJ751933.1	396	hS00114	82784	77.256	277	6	278	76437	76161	7.08e-54	202	69
FJ751934.1	395	hS00114	82784	77.536	276	6	278	31915	31640	4.75e-56	208	69
FJ751934.1	395	hS00114	82784	77.536	276	6	278	41953	42228	4.75e-56	208	69
FJ751934.1	395	hS00114	82784	77.256	277	6	278	76437	76161	7.06e-54	202	69
MZ463745.1	387	hS00122	75611	77.947	263	12	272	30201	30463	1.48e-55	206	67
MZ463745.1	387	hS00122	75611	77.947	263	12	272	45725	45463	1.48e-55	206	67
MZ463746.1	387	hS00122	75611	77.947	263	12	272	30201	30463	1.48e-55	206	67
MZ463746.1	387	hS00122	75611	77.947	263	12	272	45725	45463	1.48e-55	206	67
MZ463747.1	387	hS00122	75611	77.567	263	12	272	30201	30463	6.31e-54	202	67
MZ463747.1	387	hS00122	75611	77.567	263	12	272	45725	45463	6.31e-54	202	67
MZ463748.1	387	hS00122	75611	77.567	263	12	272	30201	30463	6.31e-54	202	67
MZ463748.1	387	hS00122	75611	77.567	263	12	272	45725	45463	6.31e-54	202	67
MZ463749.1	391	hS00122	75611	77.174	276	5	277	30188	30463	1.83e-54	204	70
MZ463749.1	391	hS00122	75611	77.174	276	5	277	45738	45463	1.83e-54	204	70
MZ463750.1	392	hS00122	75611	76.812	276	5	277	30188	30463	2.23e-53	199	70
MZ463750.1	392	hS00122	75611	76.812	276	5	277	45738	45463	2.23e-53	199	70
MZ463751.1	393	hS00122	75611	77.536	276	5	277	30188	30463	4.32e-56	208	69
MZ463751.1	393	hS00122	75611	77.536	276	5	277	45738	45463	4.32e-56	208	69
MZ463752.1	394	hS00122	75611	77.536	276	5	277	30188	30463	4.33e-56	208	69
MZ463752.1	394	hS00122	75611	77.536	276	5	277	45738	45463	4.33e-56	208	69
MZ463753.1	394	hS00122	75611	77.174	276	5	277	30188	30463	1.84e-54	204	69
MZ463753.1	394	hS00122	75611	77.174	276	5	277	45738	45463	1.84e-54	204	69
MZ463754.1	394	hS00122	75611	78.378	259	5	260	30188	30446	5.28e-55	205	65
MZ463754.1	394	hS00122	75611	78.378	259	5	260	45738	45480	5.28e-55	205	65
MZ463755.1	394	hS00122	75611	77.899	276	5	277	30188	30463	3.56e-57	213	69
MZ463755.1	394	hS00122	75611	77.899	276	5	277	45738	45463	3.56e-57	213	69
MZ463756.1	394	hS00122	75611	77.174	276	5	277	30188	30463	1.84e-54	204	69
MZ463756.1	394	hS00122	75611	77.174	276	5	277	45738	45463	1.84e-54	204	69
MZ463757.1	394	hS00122	75611	77.174	276	5	277	30188	30463	1.84e-54	204	69
MZ463757.1	394	hS00122	75611	77.174	276	5	277	45738	45463	1.84e-54	204	69
MZ463758.1	394	hS00122	75611	77.174	276	5	277	30188	30463	1.84e-54	204	69
MZ463758.1	394	hS00122	75611	77.174	276	5	277	45738	45463	1.84e-54	204	69
MZ463759.1	410	hS00122	75611	77.174	276	5	277	30188	30463	1.92e-54	204	67
MZ463759.1	410	hS00122	75611	77.174	276	5	277	45738	45463	1.92e-54	204	67
FJ751925.1	394	hS00122	75611	77.536	276	5	277	30188	30463	4.33e-56	208	69
FJ751925.1	394	hS00122	75611	77.536	276	5	277	45738	45463	4.33e-56	208	69
FJ751926.1	395	hS00122	75611	77.536	276	5	277	30188	30463	4.34e-56	208	69
FJ751926.1	395	hS00122	75611	77.536	276	5	277	45738	45463	4.34e-56	208	69
FJ751927.1	395	hS00122	75611	77.174	276	5	277	30188	30463	1.85e-54	204	69
FJ751927.1	395	hS00122	75611	77.174	276	5	277	45738	45463	1.85e-54	204	69
FJ751930.1	395	hS00122	75611	77.536	276	5	277	30188	30463	4.34e-56	208	69
FJ751930.1	395	hS00122	75611	77.536	276	5	277	45738	45463	4.34e-56	208	69
FJ751933.1	396	hS00122	75611	77.536	276	6	278	30188	30463	4.35e-56	208	69
FJ751933.1	396	hS00122	75611	77.536	276	6	278	45738	45463	4.35e-56	208	69
FJ751934.1	395	hS00122	75611	77.536	276	6	278	30188	30463	4.34e-56	208	69
FJ751934.1	395	hS00122	75611	77.536	276	6	278	45738	45463	4.34e-56	208	69
MZ463745.1	387	hS00126	73321	77.947	263	12	272	8030	7768	1.44e-55	206	67
MZ463745.1	387	hS00126	73321	77.947	263	12	272	34324	34586	1.44e-55	206	67
MZ463745.1	387	hS00126	73321	77.947	263	12	272	56255	55993	1.44e-55	206	67
MZ463746.1	387	hS00126	73321	77.947	263	12	272	8030	7768	1.44e-55	206	67
MZ463746.1	387	hS00126	73321	77.947	263	12	272	34324	34586	1.44e-55	206	67
MZ463746.1	387	hS00126	73321	77.947	263	12	272	56255	55993	1.44e-55	206	67
MZ463747.1	387	hS00126	73321	77.567	263	12	272	8030	7768	6.12e-54	202	67
MZ463747.1	387	hS00126	73321	77.567	263	12	272	34324	34586	6.12e-54	202	67
MZ463747.1	387	hS00126	73321	77.567	263	12	272	56255	55993	6.12e-54	202	67
MZ463748.1	387	hS00126	73321	77.567	263	12	272	8030	7768	6.12e-54	202	67
MZ463748.1	387	hS00126	73321	77.567	263	12	272	34324	34586	6.12e-54	202	67
MZ463748.1	387	hS00126	73321	77.567	263	12	272	56255	55993	6.12e-54	202	67
MZ463749.1	391	hS00126	73321	77.174	276	5	277	8043	7768	1.77e-54	204	70
MZ463749.1	391	hS00126	73321	77.174	276	5	277	34311	34586	1.77e-54	204	70
MZ463749.1	391	hS00126	73321	77.174	276	5	277	56268	55993	1.77e-54	204	70
MZ463750.1	392	hS00126	73321	76.812	276	5	277	8043	7768	2.16e-53	199	70
MZ463750.1	392	hS00126	73321	76.812	276	5	277	34311	34586	2.16e-53	199	70
MZ463750.1	392	hS00126	73321	76.812	276	5	277	56268	55993	2.16e-53	199	70
MZ463751.1	393	hS00126	73321	77.536	276	5	277	8043	7768	4.19e-56	208	69
MZ463751.1	393	hS00126	73321	77.536	276	5	277	34311	34586	4.19e-56	208	69
MZ463751.1	393	hS00126	73321	77.536	276	5	277	56268	55993	4.19e-56	208	69
MZ463752.1	394	hS00126	73321	77.536	276	5	277	8043	7768	4.20e-56	208	69
MZ463752.1	394	hS00126	73321	77.536	276	5	277	34311	34586	4.20e-56	208	69
MZ463752.1	394	hS00126	73321	77.536	276	5	277	56268	55993	4.20e-56	208	69
MZ463753.1	394	hS00126	73321	77.174	276	5	277	8043	7768	1.79e-54	204	69
MZ463753.1	394	hS00126	73321	77.174	276	5	277	34311	34586	1.79e-54	204	69
MZ463753.1	394	hS00126	73321	77.174	276	5	277	56268	55993	1.79e-54	204	69
MZ463754.1	394	hS00126	73321	78.378	259	5	260	8043	7785	5.12e-55	205	65
MZ463754.1	394	hS00126	73321	78.378	259	5	260	34311	34569	5.12e-55	205	65
MZ463754.1	394	hS00126	73321	78.378	259	5	260	56268	56010	5.12e-55	205	65
MZ463755.1	394	hS00126	73321	77.899	276	5	277	8043	7768	3.45e-57	213	69
MZ463755.1	394	hS00126	73321	77.899	276	5	277	34311	34586	3.45e-57	213	69
MZ463755.1	394	hS00126	73321	77.899	276	5	277	56268	55993	3.45e-57	213	69
MZ463756.1	394	hS00126	73321	77.174	276	5	277	8043	7768	1.79e-54	204	69
MZ463756.1	394	hS00126	73321	77.174	276	5	277	34311	34586	1.79e-54	204	69
MZ463756.1	394	hS00126	73321	77.174	276	5	277	56268	55993	1.79e-54	204	69
MZ463757.1	394	hS00126	73321	77.174	276	5	277	8043	7768	1.79e-54	204	69
MZ463757.1	394	hS00126	73321	77.174	276	5	277	34311	34586	1.79e-54	204	69
MZ463757.1	394	hS00126	73321	77.174	276	5	277	56268	55993	1.79e-54	204	69
MZ463758.1	394	hS00126	73321	77.174	276	5	277	8043	7768	1.79e-54	204	69
MZ463758.1	394	hS00126	73321	77.174	276	5	277	34311	34586	1.79e-54	204	69
MZ463758.1	394	hS00126	73321	77.174	276	5	277	56268	55993	1.79e-54	204	69
MZ463759.1	410	hS00126	73321	77.174	276	5	277	8043	7768	1.86e-54	204	67
MZ463759.1	410	hS00126	73321	77.174	276	5	277	34311	34586	1.86e-54	204	67
MZ463759.1	410	hS00126	73321	77.174	276	5	277	56268	55993	1.86e-54	204	67
FJ751925.1	394	hS00126	73321	77.536	276	5	277	8043	7768	4.20e-56	208	69
FJ751925.1	394	hS00126	73321	77.536	276	5	277	34311	34586	4.20e-56	208	69
FJ751925.1	394	hS00126	73321	77.536	276	5	277	56268	55993	4.20e-56	208	69
FJ751926.1	395	hS00126	73321	77.536	276	5	277	8043	7768	4.21e-56	208	69
FJ751926.1	395	hS00126	73321	77.536	276	5	277	34311	34586	4.21e-56	208	69
FJ751926.1	395	hS00126	73321	77.536	276	5	277	56268	55993	4.21e-56	208	69
FJ751927.1	395	hS00126	73321	77.174	276	5	277	8043	7768	1.79e-54	204	69
FJ751927.1	395	hS00126	73321	77.174	276	5	277	34311	34586	1.79e-54	204	69
FJ751927.1	395	hS00126	73321	77.174	276	5	277	56268	55993	1.79e-54	204	69
FJ751930.1	395	hS00126	73321	77.536	276	5	277	8043	7768	4.21e-56	208	69
FJ751930.1	395	hS00126	73321	77.536	276	5	277	34311	34586	4.21e-56	208	69
FJ751930.1	395	hS00126	73321	77.536	276	5	277	56268	55993	4.21e-56	208	69
FJ751933.1	396	hS00126	73321	77.536	276	6	278	8043	7768	4.22e-56	208	69
FJ751933.1	396	hS00126	73321	77.536	276	6	278	34311	34586	4.22e-56	208	69
FJ751933.1	396	hS00126	73321	77.536	276	6	278	56268	55993	4.22e-56	208	69
FJ751934.1	395	hS00126	73321	77.536	276	6	278	8043	7768	4.21e-56	208	69
FJ751934.1	395	hS00126	73321	77.536	276	6	278	34311	34586	4.21e-56	208	69
FJ751934.1	395	hS00126	73321	77.536	276	6	278	56268	55993	4.21e-56	208	69
MZ463745.1	387	hS00134	69793	77.947	263	12	272	25199	24937	1.37e-55	206	67
MZ463745.1	387	hS00134	69793	77.947	263	12	272	46143	45881	1.37e-55	206	67
MZ463746.1	387	hS00134	69793	77.947	263	12	272	25199	24937	1.37e-55	206	67
MZ463746.1	387	hS00134	69793	77.947	263	12	272	46143	45881	1.37e-55	206	67
MZ463747.1	387	hS00134	69793	77.567	263	12	272	25199	24937	5.82e-54	202	67
MZ463747.1	387	hS00134	69793	77.567	263	12	272	46143	45881	5.82e-54	202	67
MZ463748.1	387	hS00134	69793	77.567	263	12	272	25199	24937	5.82e-54	202	67
MZ463748.1	387	hS00134	69793	77.567	263	12	272	46143	45881	5.82e-54	202	67
MZ463749.1	391	hS00134	69793	77.174	276	5	277	25212	24937	1.69e-54	204	70
MZ463749.1	391	hS00134	69793	77.174	276	5	277	46156	45881	1.69e-54	204	70
MZ463750.1	392	hS00134	69793	76.812	276	5	277	25212	24937	2.06e-53	199	70
MZ463750.1	392	hS00134	69793	76.812	276	5	277	46156	45881	2.06e-53	199	70
MZ463751.1	393	hS00134	69793	77.536	276	5	277	25212	24937	3.99e-56	208	69
MZ463751.1	393	hS00134	69793	77.536	276	5	277	46156	45881	3.99e-56	208	69
MZ463752.1	394	hS00134	69793	77.536	276	5	277	25212	24937	4.00e-56	208	69
MZ463752.1	394	hS00134	69793	77.536	276	5	277	46156	45881	4.00e-56	208	69
MZ463753.1	394	hS00134	69793	77.174	276	5	277	25212	24937	1.70e-54	204	69
MZ463753.1	394	hS00134	69793	77.174	276	5	277	46156	45881	1.70e-54	204	69
MZ463754.1	394	hS00134	69793	78.378	259	5	260	25212	24954	4.87e-55	205	65
MZ463754.1	394	hS00134	69793	78.378	259	5	260	46156	45898	4.87e-55	205	65
MZ463755.1	394	hS00134	69793	77.899	276	5	277	25212	24937	3.28e-57	213	69
MZ463755.1	394	hS00134	69793	77.899	276	5	277	46156	45881	3.28e-57	213	69
MZ463756.1	394	hS00134	69793	77.174	276	5	277	25212	24937	1.70e-54	204	69
MZ463756.1	394	hS00134	69793	77.174	276	5	277	46156	45881	1.70e-54	204	69
MZ463757.1	394	hS00134	69793	77.174	276	5	277	25212	24937	1.70e-54	204	69
MZ463757.1	394	hS00134	69793	77.174	276	5	277	46156	45881	1.70e-54	204	69
MZ463758.1	394	hS00134	69793	77.174	276	5	277	25212	24937	1.70e-54	204	69
MZ463758.1	394	hS00134	69793	77.174	276	5	277	46156	45881	1.70e-54	204	69
MZ463759.1	410	hS00134	69793	77.174	276	5	277	25212	24937	1.77e-54	204	67
MZ463759.1	410	hS00134	69793	77.174	276	5	277	46156	45881	1.77e-54	204	67
FJ751925.1	394	hS00134	69793	77.536	276	5	277	25212	24937	4.00e-56	208	69
FJ751925.1	394	hS00134	69793	77.536	276	5	277	46156	45881	4.00e-56	208	69
FJ751926.1	395	hS00134	69793	77.536	276	5	277	25212	24937	4.01e-56	208	69
FJ751926.1	395	hS00134	69793	77.536	276	5	277	46156	45881	4.01e-56	208	69
FJ751927.1	395	hS00134	69793	77.174	276	5	277	25212	24937	1.70e-54	204	69
FJ751927.1	395	hS00134	69793	77.174	276	5	277	46156	45881	1.70e-54	204	69
FJ751930.1	395	hS00134	69793	77.536	276	5	277	25212	24937	4.01e-56	208	69
FJ751930.1	395	hS00134	69793	77.536	276	5	277	46156	45881	4.01e-56	208	69
FJ751933.1	396	hS00134	69793	77.536	276	6	278	25212	24937	4.02e-56	208	69
FJ751933.1	396	hS00134	69793	77.536	276	6	278	46156	45881	4.02e-56	208	69
FJ751934.1	395	hS00134	69793	77.536	276	6	278	25212	24937	4.01e-56	208	69
FJ751934.1	395	hS00134	69793	77.536	276	6	278	46156	45881	4.01e-56	208	69
MZ463745.1	387	hS00135	68961	77.947	263	12	272	19159	18897	1.35e-55	206	67
MZ463746.1	387	hS00135	68961	77.947	263	12	272	19159	18897	1.35e-55	206	67
MZ463747.1	387	hS00135	68961	77.567	263	12	272	19159	18897	5.75e-54	202	67
MZ463748.1	387	hS00135	68961	77.567	263	12	272	19159	18897	5.75e-54	202	67
MZ463749.1	391	hS00135	68961	77.174	276	5	277	19172	18897	1.67e-54	204	70
MZ463750.1	392	hS00135	68961	76.812	276	5	277	19172	18897	2.04e-53	199	70
MZ463751.1	393	hS00135	68961	77.536	276	5	277	19172	18897	3.94e-56	208	69
MZ463752.1	394	hS00135	68961	77.536	276	5	277	19172	18897	3.95e-56	208	69
MZ463753.1	394	hS00135	68961	77.174	276	5	277	19172	18897	1.68e-54	204	69
MZ463754.1	394	hS00135	68961	78.378	259	5	260	19172	18914	4.81e-55	205	65
MZ463755.1	394	hS00135	68961	77.899	276	5	277	19172	18897	3.24e-57	213	69
MZ463756.1	394	hS00135	68961	77.174	276	5	277	19172	18897	1.68e-54	204	69
MZ463757.1	394	hS00135	68961	77.174	276	5	277	19172	18897	1.68e-54	204	69
MZ463758.1	394	hS00135	68961	77.174	276	5	277	19172	18897	1.68e-54	204	69
MZ463759.1	410	hS00135	68961	77.174	276	5	277	19172	18897	1.75e-54	204	67
FJ751925.1	394	hS00135	68961	77.536	276	5	277	19172	18897	3.95e-56	208	69
FJ751926.1	395	hS00135	68961	77.536	276	5	277	19172	18897	3.96e-56	208	69
FJ751927.1	395	hS00135	68961	77.174	276	5	277	19172	18897	1.68e-54	204	69
FJ751930.1	395	hS00135	68961	77.536	276	5	277	19172	18897	3.96e-56	208	69
FJ751933.1	396	hS00135	68961	77.536	276	6	278	19172	18897	3.97e-56	208	69
FJ751934.1	395	hS00135	68961	77.536	276	6	278	19172	18897	3.96e-56	208	69
MZ463745.1	387	hS00136	69163	77.947	263	12	272	47466	47204	1.36e-55	206	67
MZ463746.1	387	hS00136	69163	77.947	263	12	272	47466	47204	1.36e-55	206	67
MZ463747.1	387	hS00136	69163	77.567	263	12	272	47466	47204	5.77e-54	202	67
MZ463748.1	387	hS00136	69163	77.567	263	12	272	47466	47204	5.77e-54	202	67
MZ463749.1	391	hS00136	69163	77.174	276	5	277	47479	47204	1.67e-54	204	70
MZ463750.1	392	hS00136	69163	76.812	276	5	277	47479	47204	2.04e-53	199	70
MZ463751.1	393	hS00136	69163	77.536	276	5	277	47479	47204	3.95e-56	208	69
MZ463752.1	394	hS00136	69163	77.536	276	5	277	47479	47204	3.96e-56	208	69
MZ463753.1	394	hS00136	69163	77.174	276	5	277	47479	47204	1.68e-54	204	69
MZ463754.1	394	hS00136	69163	78.378	259	5	260	47479	47221	4.83e-55	205	65
MZ463755.1	394	hS00136	69163	77.899	276	5	277	47479	47204	3.25e-57	213	69
MZ463756.1	394	hS00136	69163	77.174	276	5	277	47479	47204	1.68e-54	204	69
MZ463757.1	394	hS00136	69163	77.174	276	5	277	47479	47204	1.68e-54	204	69
MZ463758.1	394	hS00136	69163	77.174	276	5	277	47479	47204	1.68e-54	204	69
MZ463759.1	410	hS00136	69163	77.174	276	5	277	47479	47204	1.76e-54	204	67
FJ751925.1	394	hS00136	69163	77.536	276	5	277	47479	47204	3.96e-56	208	69
FJ751926.1	395	hS00136	69163	77.536	276	5	277	47479	47204	3.97e-56	208	69
FJ751927.1	395	hS00136	69163	77.174	276	5	277	47479	47204	1.69e-54	204	69
FJ751930.1	395	hS00136	69163	77.536	276	5	277	47479	47204	3.97e-56	208	69
FJ751933.1	396	hS00136	69163	77.536	276	6	278	47479	47204	3.98e-56	208	69
FJ751934.1	395	hS00136	69163	77.536	276	6	278	47479	47204	3.97e-56	208	69
MZ463745.1	387	hS00138	68732	77.947	263	12	272	28073	27811	1.35e-55	206	67
MZ463745.1	387	hS00138	68732	77.947	263	12	272	49804	49542	1.35e-55	206	67
MZ463746.1	387	hS00138	68732	77.947	263	12	272	28073	27811	1.35e-55	206	67
MZ463746.1	387	hS00138	68732	77.947	263	12	272	49804	49542	1.35e-55	206	67
MZ463747.1	387	hS00138	68732	77.567	263	12	272	28073	27811	5.73e-54	202	67
MZ463747.1	387	hS00138	68732	77.567	263	12	272	49804	49542	5.73e-54	202	67
MZ463748.1	387	hS00138	68732	77.567	263	12	272	28073	27811	5.73e-54	202	67
MZ463748.1	387	hS00138	68732	77.567	263	12	272	49804	49542	5.73e-54	202	67
MZ463749.1	391	hS00138	68732	77.174	276	5	277	28086	27811	1.66e-54	204	70
MZ463749.1	391	hS00138	68732	77.174	276	5	277	49817	49542	1.66e-54	204	70
MZ463750.1	392	hS00138	68732	76.812	276	5	277	28086	27811	2.03e-53	199	70
MZ463750.1	392	hS00138	68732	76.812	276	5	277	49817	49542	2.03e-53	199	70
MZ463751.1	393	hS00138	68732	77.536	276	5	277	28086	27811	3.93e-56	208	69
MZ463751.1	393	hS00138	68732	77.536	276	5	277	49817	49542	3.93e-56	208	69
MZ463752.1	394	hS00138	68732	77.536	276	5	277	28086	27811	3.94e-56	208	69
MZ463752.1	394	hS00138	68732	77.536	276	5	277	49817	49542	3.94e-56	208	69
MZ463753.1	394	hS00138	68732	77.174	276	5	277	28086	27811	1.67e-54	204	69
MZ463753.1	394	hS00138	68732	77.174	276	5	277	49817	49542	1.67e-54	204	69
MZ463754.1	394	hS00138	68732	78.378	259	5	260	28086	27828	4.80e-55	205	65
MZ463754.1	394	hS00138	68732	78.378	259	5	260	49817	49559	4.80e-55	205	65
MZ463755.1	394	hS00138	68732	77.899	276	5	277	28086	27811	3.23e-57	213	69
MZ463755.1	394	hS00138	68732	77.899	276	5	277	49817	49542	3.23e-57	213	69
MZ463756.1	394	hS00138	68732	77.174	276	5	277	28086	27811	1.67e-54	204	69
MZ463756.1	394	hS00138	68732	77.174	276	5	277	49817	49542	1.67e-54	204	69
MZ463757.1	394	hS00138	68732	77.174	276	5	277	28086	27811	1.67e-54	204	69
MZ463757.1	394	hS00138	68732	77.174	276	5	277	49817	49542	1.67e-54	204	69
MZ463758.1	394	hS00138	68732	77.174	276	5	277	28086	27811	1.67e-54	204	69
MZ463758.1	394	hS00138	68732	77.174	276	5	277	49817	49542	1.67e-54	204	69
MZ463759.1	410	hS00138	68732	77.174	276	5	277	28086	27811	1.75e-54	204	67
MZ463759.1	410	hS00138	68732	77.174	276	5	277	49817	49542	1.75e-54	204	67
FJ751925.1	394	hS00138	68732	77.536	276	5	277	28086	27811	3.94e-56	208	69
FJ751925.1	394	hS00138	68732	77.536	276	5	277	49817	49542	3.94e-56	208	69
FJ751926.1	395	hS00138	68732	77.536	276	5	277	28086	27811	3.95e-56	208	69
FJ751926.1	395	hS00138	68732	77.536	276	5	277	49817	49542	3.95e-56	208	69
FJ751927.1	395	hS00138	68732	77.174	276	5	277	28086	27811	1.68e-54	204	69
FJ751927.1	395	hS00138	68732	77.174	276	5	277	49817	49542	1.68e-54	204	69
FJ751930.1	395	hS00138	68732	77.536	276	5	277	28086	27811	3.95e-56	208	69
FJ751930.1	395	hS00138	68732	77.536	276	5	277	49817	49542	3.95e-56	208	69
FJ751933.1	396	hS00138	68732	77.536	276	6	278	28086	27811	3.96e-56	208	69
FJ751933.1	396	hS00138	68732	77.536	276	6	278	49817	49542	3.96e-56	208	69
FJ751934.1	395	hS00138	68732	77.536	276	6	278	28086	27811	3.95e-56	208	69
FJ751934.1	395	hS00138	68732	77.536	276	6	278	49817	49542	3.95e-56	208	69
MZ463745.1	387	hS00141	67691	77.947	263	12	272	11442	11704	1.33e-55	206	67
MZ463745.1	387	hS00141	67691	77.947	263	12	272	60708	60446	1.33e-55	206	67
MZ463746.1	387	hS00141	67691	77.947	263	12	272	11442	11704	1.33e-55	206	67
MZ463746.1	387	hS00141	67691	77.947	263	12	272	60708	60446	1.33e-55	206	67
MZ463747.1	387	hS00141	67691	77.567	263	12	272	11442	11704	5.65e-54	202	67
MZ463747.1	387	hS00141	67691	77.567	263	12	272	60708	60446	5.65e-54	202	67
MZ463748.1	387	hS00141	67691	77.567	263	12	272	11442	11704	5.65e-54	202	67
MZ463748.1	387	hS00141	67691	77.567	263	12	272	60708	60446	5.65e-54	202	67
MZ463749.1	391	hS00141	67691	77.174	276	5	277	11429	11704	1.64e-54	204	70
MZ463749.1	391	hS00141	67691	77.174	276	5	277	60721	60446	1.64e-54	204	70
MZ463750.1	392	hS00141	67691	76.812	276	5	277	11429	11704	2.00e-53	199	70
MZ463750.1	392	hS00141	67691	76.812	276	5	277	60721	60446	2.00e-53	199	70
MZ463751.1	393	hS00141	67691	77.536	276	5	277	11429	11704	3.87e-56	208	69
MZ463751.1	393	hS00141	67691	77.536	276	5	277	60721	60446	3.87e-56	208	69
MZ463752.1	394	hS00141	67691	77.536	276	5	277	11429	11704	3.88e-56	208	69
MZ463752.1	394	hS00141	67691	77.536	276	5	277	60721	60446	3.88e-56	208	69
MZ463753.1	394	hS00141	67691	77.174	276	5	277	11429	11704	1.65e-54	204	69
MZ463753.1	394	hS00141	67691	77.174	276	5	277	60721	60446	1.65e-54	204	69
MZ463754.1	394	hS00141	67691	78.378	259	5	260	11429	11687	4.72e-55	205	65
MZ463754.1	394	hS00141	67691	78.378	259	5	260	60721	60463	4.72e-55	205	65
MZ463755.1	394	hS00141	67691	77.899	276	5	277	11429	11704	3.18e-57	213	69
MZ463755.1	394	hS00141	67691	77.899	276	5	277	60721	60446	3.18e-57	213	69
MZ463756.1	394	hS00141	67691	77.174	276	5	277	11429	11704	1.65e-54	204	69
MZ463756.1	394	hS00141	67691	77.174	276	5	277	60721	60446	1.65e-54	204	69
MZ463757.1	394	hS00141	67691	77.174	276	5	277	11429	11704	1.65e-54	204	69
MZ463757.1	394	hS00141	67691	77.174	276	5	277	60721	60446	1.65e-54	204	69
MZ463758.1	394	hS00141	67691	77.174	276	5	277	11429	11704	1.65e-54	204	69
MZ463758.1	394	hS00141	67691	77.174	276	5	277	60721	60446	1.65e-54	204	69
MZ463759.1	410	hS00141	67691	77.174	276	5	277	11429	11704	1.72e-54	204	67
MZ463759.1	410	hS00141	67691	77.174	276	5	277	60721	60446	1.72e-54	204	67
FJ751925.1	394	hS00141	67691	77.536	276	5	277	11429	11704	3.88e-56	208	69
FJ751925.1	394	hS00141	67691	77.536	276	5	277	60721	60446	3.88e-56	208	69
FJ751926.1	395	hS00141	67691	77.536	276	5	277	11429	11704	3.89e-56	208	69
FJ751926.1	395	hS00141	67691	77.536	276	5	277	60721	60446	3.89e-56	208	69
FJ751927.1	395	hS00141	67691	77.174	276	5	277	11429	11704	1.65e-54	204	69
FJ751927.1	395	hS00141	67691	77.174	276	5	277	60721	60446	1.65e-54	204	69
FJ751930.1	395	hS00141	67691	77.536	276	5	277	11429	11704	3.89e-56	208	69
FJ751930.1	395	hS00141	67691	77.536	276	5	277	60721	60446	3.89e-56	208	69
FJ751933.1	396	hS00141	67691	77.536	276	6	278	11429	11704	3.90e-56	208	69
FJ751933.1	396	hS00141	67691	77.536	276	6	278	60721	60446	3.90e-56	208	69
FJ751934.1	395	hS00141	67691	77.536	276	6	278	11429	11704	3.89e-56	208	69
FJ751934.1	395	hS00141	67691	77.536	276	6	278	60721	60446	3.89e-56	208	69
MZ463745.1	387	hS00144	67251	77.947	263	12	272	11982	12244	1.32e-55	206	67
MZ463745.1	387	hS00144	67251	77.947	263	12	272	63669	63407	1.32e-55	206	67
MZ463746.1	387	hS00144	67251	77.947	263	12	272	11982	12244	1.32e-55	206	67
MZ463746.1	387	hS00144	67251	77.947	263	12	272	63669	63407	1.32e-55	206	67
MZ463747.1	387	hS00144	67251	77.567	263	12	272	11982	12244	5.61e-54	202	67
MZ463747.1	387	hS00144	67251	77.567	263	12	272	63669	63407	5.61e-54	202	67
MZ463748.1	387	hS00144	67251	77.567	263	12	272	11982	12244	5.61e-54	202	67
MZ463748.1	387	hS00144	67251	77.567	263	12	272	63669	63407	5.61e-54	202	67
MZ463749.1	391	hS00144	67251	77.174	276	5	277	11969	12244	1.62e-54	204	70
MZ463749.1	391	hS00144	67251	77.174	276	5	277	63682	63407	1.62e-54	204	70
MZ463750.1	392	hS00144	67251	76.812	276	5	277	11969	12244	1.98e-53	199	70
MZ463750.1	392	hS00144	67251	76.812	276	5	277	63682	63407	1.98e-53	199	70
MZ463751.1	393	hS00144	67251	77.536	276	5	277	11969	12244	3.84e-56	208	69
MZ463751.1	393	hS00144	67251	77.536	276	5	277	63682	63407	3.84e-56	208	69
MZ463752.1	394	hS00144	67251	77.536	276	5	277	11969	12244	3.85e-56	208	69
MZ463752.1	394	hS00144	67251	77.536	276	5	277	63682	63407	3.85e-56	208	69
MZ463753.1	394	hS00144	67251	77.174	276	5	277	11969	12244	1.64e-54	204	69
MZ463753.1	394	hS00144	67251	77.174	276	5	277	63682	63407	1.64e-54	204	69
MZ463754.1	394	hS00144	67251	78.378	259	5	260	11969	12227	4.69e-55	205	65
MZ463754.1	394	hS00144	67251	78.378	259	5	260	63682	63424	4.69e-55	205	65
MZ463755.1	394	hS00144	67251	77.899	276	5	277	11969	12244	3.16e-57	213	69
MZ463755.1	394	hS00144	67251	77.899	276	5	277	63682	63407	3.16e-57	213	69
MZ463756.1	394	hS00144	67251	77.174	276	5	277	11969	12244	1.64e-54	204	69
MZ463756.1	394	hS00144	67251	77.174	276	5	277	63682	63407	1.64e-54	204	69
MZ463757.1	394	hS00144	67251	77.174	276	5	277	11969	12244	1.64e-54	204	69
MZ463757.1	394	hS00144	67251	77.174	276	5	277	63682	63407	1.64e-54	204	69
MZ463758.1	394	hS00144	67251	77.174	276	5	277	11969	12244	1.64e-54	204	69
MZ463758.1	394	hS00144	67251	77.174	276	5	277	63682	63407	1.64e-54	204	69
MZ463759.1	410	hS00144	67251	77.174	276	5	277	11969	12244	1.71e-54	204	67
MZ463759.1	410	hS00144	67251	77.174	276	5	277	63682	63407	1.71e-54	204	67
FJ751925.1	394	hS00144	67251	77.536	276	5	277	11969	12244	3.85e-56	208	69
FJ751925.1	394	hS00144	67251	77.536	276	5	277	63682	63407	3.85e-56	208	69
FJ751926.1	395	hS00144	67251	77.536	276	5	277	11969	12244	3.86e-56	208	69
FJ751926.1	395	hS00144	67251	77.536	276	5	277	63682	63407	3.86e-56	208	69
FJ751927.1	395	hS00144	67251	77.174	276	5	277	11969	12244	1.64e-54	204	69
FJ751927.1	395	hS00144	67251	77.174	276	5	277	63682	63407	1.64e-54	204	69
FJ751930.1	395	hS00144	67251	77.536	276	5	277	11969	12244	3.86e-56	208	69
FJ751930.1	395	hS00144	67251	77.536	276	5	277	63682	63407	3.86e-56	208	69
FJ751933.1	396	hS00144	67251	77.536	276	6	278	11969	12244	3.87e-56	208	69
FJ751933.1	396	hS00144	67251	77.536	276	6	278	63682	63407	3.87e-56	208	69
FJ751934.1	395	hS00144	67251	77.536	276	6	278	11969	12244	3.86e-56	208	69
FJ751934.1	395	hS00144	67251	77.536	276	6	278	63682	63407	3.86e-56	208	69
MZ463745.1	387	hS00146	66847	77.947	263	12	272	26444	26182	1.31e-55	206	67
MZ463745.1	387	hS00146	66847	77.947	263	12	272	44043	43781	1.31e-55	206	67
MZ463746.1	387	hS00146	66847	77.947	263	12	272	26444	26182	1.31e-55	206	67
MZ463746.1	387	hS00146	66847	77.947	263	12	272	44043	43781	1.31e-55	206	67
MZ463747.1	387	hS00146	66847	77.567	263	12	272	26444	26182	5.58e-54	202	67
MZ463747.1	387	hS00146	66847	77.567	263	12	272	44043	43781	5.58e-54	202	67
MZ463748.1	387	hS00146	66847	77.567	263	12	272	26444	26182	5.58e-54	202	67
MZ463748.1	387	hS00146	66847	77.567	263	12	272	44043	43781	5.58e-54	202	67
MZ463749.1	391	hS00146	66847	77.174	276	5	277	26457	26182	1.62e-54	204	70
MZ463749.1	391	hS00146	66847	77.174	276	5	277	44056	43781	1.62e-54	204	70
MZ463750.1	392	hS00146	66847	76.812	276	5	277	26457	26182	1.97e-53	199	70
MZ463750.1	392	hS00146	66847	76.812	276	5	277	44056	43781	1.97e-53	199	70
MZ463751.1	393	hS00146	66847	77.536	276	5	277	26457	26182	3.82e-56	208	69
MZ463751.1	393	hS00146	66847	77.536	276	5	277	44056	43781	3.82e-56	208	69
MZ463752.1	394	hS00146	66847	77.536	276	5	277	26457	26182	3.83e-56	208	69
MZ463752.1	394	hS00146	66847	77.536	276	5	277	44056	43781	3.83e-56	208	69
MZ463753.1	394	hS00146	66847	77.174	276	5	277	26457	26182	1.63e-54	204	69
MZ463753.1	394	hS00146	66847	77.174	276	5	277	44056	43781	1.63e-54	204	69
MZ463754.1	394	hS00146	66847	78.378	259	5	260	26457	26199	4.66e-55	205	65
MZ463754.1	394	hS00146	66847	78.378	259	5	260	44056	43798	4.66e-55	205	65
MZ463755.1	394	hS00146	66847	77.899	276	5	277	26457	26182	3.14e-57	213	69
MZ463755.1	394	hS00146	66847	77.899	276	5	277	44056	43781	3.14e-57	213	69
MZ463756.1	394	hS00146	66847	77.174	276	5	277	26457	26182	1.63e-54	204	69
MZ463756.1	394	hS00146	66847	77.174	276	5	277	44056	43781	1.63e-54	204	69
MZ463757.1	394	hS00146	66847	77.174	276	5	277	26457	26182	1.63e-54	204	69
MZ463757.1	394	hS00146	66847	77.174	276	5	277	44056	43781	1.63e-54	204	69
MZ463758.1	394	hS00146	66847	77.174	276	5	277	26457	26182	1.63e-54	204	69
MZ463758.1	394	hS00146	66847	77.174	276	5	277	44056	43781	1.63e-54	204	69
MZ463759.1	410	hS00146	66847	77.174	276	5	277	26457	26182	1.70e-54	204	67
MZ463759.1	410	hS00146	66847	77.174	276	5	277	44056	43781	1.70e-54	204	67
FJ751925.1	394	hS00146	66847	77.536	276	5	277	26457	26182	3.83e-56	208	69
FJ751925.1	394	hS00146	66847	77.536	276	5	277	44056	43781	3.83e-56	208	69
FJ751926.1	395	hS00146	66847	77.536	276	5	277	26457	26182	3.84e-56	208	69
FJ751926.1	395	hS00146	66847	77.536	276	5	277	44056	43781	3.84e-56	208	69
FJ751927.1	395	hS00146	66847	77.174	276	5	277	26457	26182	1.63e-54	204	69
FJ751927.1	395	hS00146	66847	77.174	276	5	277	44056	43781	1.63e-54	204	69
FJ751930.1	395	hS00146	66847	77.536	276	5	277	26457	26182	3.84e-56	208	69
FJ751930.1	395	hS00146	66847	77.536	276	5	277	44056	43781	3.84e-56	208	69
FJ751933.1	396	hS00146	66847	77.536	276	6	278	26457	26182	3.85e-56	208	69
FJ751933.1	396	hS00146	66847	77.536	276	6	278	44056	43781	3.85e-56	208	69
FJ751934.1	395	hS00146	66847	77.536	276	6	278	26457	26182	3.84e-56	208	69
FJ751934.1	395	hS00146	66847	77.536	276	6	278	44056	43781	3.84e-56	208	69
MZ463745.1	387	hS00149	65209	77.947	263	12	272	41220	41482	1.28e-55	206	67
MZ463746.1	387	hS00149	65209	77.947	263	12	272	41220	41482	1.28e-55	206	67
MZ463747.1	387	hS00149	65209	77.567	263	12	272	41220	41482	5.44e-54	202	67
MZ463748.1	387	hS00149	65209	77.567	263	12	272	41220	41482	5.44e-54	202	67
MZ463749.1	391	hS00149	65209	77.174	276	5	277	41207	41482	1.58e-54	204	70
MZ463750.1	392	hS00149	65209	76.812	276	5	277	41207	41482	1.92e-53	199	70
MZ463751.1	393	hS00149	65209	77.536	276	5	277	41207	41482	3.73e-56	208	69
MZ463752.1	394	hS00149	65209	77.536	276	5	277	41207	41482	3.74e-56	208	69
MZ463753.1	394	hS00149	65209	77.174	276	5	277	41207	41482	1.59e-54	204	69
MZ463754.1	394	hS00149	65209	78.378	259	5	260	41207	41465	4.55e-55	205	65
MZ463755.1	394	hS00149	65209	77.899	276	5	277	41207	41482	3.07e-57	213	69
MZ463756.1	394	hS00149	65209	77.174	276	5	277	41207	41482	1.59e-54	204	69
MZ463757.1	394	hS00149	65209	77.174	276	5	277	41207	41482	1.59e-54	204	69
MZ463758.1	394	hS00149	65209	77.174	276	5	277	41207	41482	1.59e-54	204	69
MZ463759.1	410	hS00149	65209	77.174	276	5	277	41207	41482	1.66e-54	204	67
FJ751925.1	394	hS00149	65209	77.536	276	5	277	41207	41482	3.74e-56	208	69
FJ751926.1	395	hS00149	65209	77.536	276	5	277	41207	41482	3.75e-56	208	69
FJ751927.1	395	hS00149	65209	77.174	276	5	277	41207	41482	1.59e-54	204	69
FJ751930.1	395	hS00149	65209	77.536	276	5	277	41207	41482	3.75e-56	208	69
FJ751933.1	396	hS00149	65209	77.536	276	6	278	41207	41482	3.76e-56	208	69
FJ751934.1	395	hS00149	65209	77.536	276	6	278	41207	41482	3.75e-56	208	69
MZ463745.1	387	hS00153	64982	77.947	263	12	272	17214	16952	1.28e-55	206	67
MZ463745.1	387	hS00153	64982	77.947	263	12	272	50165	50427	1.28e-55	206	67
MZ463746.1	387	hS00153	64982	77.947	263	12	272	17214	16952	1.28e-55	206	67
MZ463746.1	387	hS00153	64982	77.947	263	12	272	50165	50427	1.28e-55	206	67
MZ463747.1	387	hS00153	64982	77.567	263	12	272	17214	16952	5.42e-54	202	67
MZ463747.1	387	hS00153	64982	77.567	263	12	272	50165	50427	5.42e-54	202	67
MZ463748.1	387	hS00153	64982	77.567	263	12	272	17214	16952	5.42e-54	202	67
MZ463748.1	387	hS00153	64982	77.567	263	12	272	50165	50427	5.42e-54	202	67
MZ463749.1	391	hS00153	64982	77.174	276	5	277	17227	16952	1.57e-54	204	70
MZ463749.1	391	hS00153	64982	77.174	276	5	277	50152	50427	1.57e-54	204	70
MZ463750.1	392	hS00153	64982	76.812	276	5	277	17227	16952	1.92e-53	199	70
MZ463750.1	392	hS00153	64982	76.812	276	5	277	50152	50427	1.92e-53	199	70
MZ463751.1	393	hS00153	64982	77.536	276	5	277	17227	16952	3.71e-56	208	69
MZ463751.1	393	hS00153	64982	77.536	276	5	277	50152	50427	3.71e-56	208	69
MZ463752.1	394	hS00153	64982	77.536	276	5	277	17227	16952	3.72e-56	208	69
MZ463752.1	394	hS00153	64982	77.536	276	5	277	50152	50427	3.72e-56	208	69
MZ463753.1	394	hS00153	64982	77.174	276	5	277	17227	16952	1.58e-54	204	69
MZ463753.1	394	hS00153	64982	77.174	276	5	277	50152	50427	1.58e-54	204	69
MZ463754.1	394	hS00153	64982	78.378	259	5	260	17227	16969	4.53e-55	205	65
MZ463754.1	394	hS00153	64982	78.378	259	5	260	50152	50410	4.53e-55	205	65
MZ463755.1	394	hS00153	64982	77.899	276	5	277	17227	16952	3.06e-57	213	69
MZ463755.1	394	hS00153	64982	77.899	276	5	277	50152	50427	3.06e-57	213	69
MZ463756.1	394	hS00153	64982	77.174	276	5	277	17227	16952	1.58e-54	204	69
MZ463756.1	394	hS00153	64982	77.174	276	5	277	50152	50427	1.58e-54	204	69
MZ463757.1	394	hS00153	64982	77.174	276	5	277	17227	16952	1.58e-54	204	69
MZ463757.1	394	hS00153	64982	77.174	276	5	277	50152	50427	1.58e-54	204	69
MZ463758.1	394	hS00153	64982	77.174	276	5	277	17227	16952	1.58e-54	204	69
MZ463758.1	394	hS00153	64982	77.174	276	5	277	50152	50427	1.58e-54	204	69
MZ463759.1	410	hS00153	64982	77.174	276	5	277	17227	16952	1.65e-54	204	67
MZ463759.1	410	hS00153	64982	77.174	276	5	277	50152	50427	1.65e-54	204	67
FJ751925.1	394	hS00153	64982	77.536	276	5	277	17227	16952	3.72e-56	208	69
FJ751925.1	394	hS00153	64982	77.536	276	5	277	50152	50427	3.72e-56	208	69
FJ751926.1	395	hS00153	64982	77.536	276	5	277	17227	16952	3.73e-56	208	69
FJ751926.1	395	hS00153	64982	77.536	276	5	277	50152	50427	3.73e-56	208	69
FJ751927.1	395	hS00153	64982	77.174	276	5	277	17227	16952	1.59e-54	204	69
FJ751927.1	395	hS00153	64982	77.174	276	5	277	50152	50427	1.59e-54	204	69
FJ751930.1	395	hS00153	64982	77.536	276	5	277	17227	16952	3.73e-56	208	69
FJ751930.1	395	hS00153	64982	77.536	276	5	277	50152	50427	3.73e-56	208	69
FJ751933.1	396	hS00153	64982	77.536	276	6	278	17227	16952	3.74e-56	208	69
FJ751933.1	396	hS00153	64982	77.536	276	6	278	50152	50427	3.74e-56	208	69
FJ751934.1	395	hS00153	64982	77.536	276	6	278	17227	16952	3.73e-56	208	69
FJ751934.1	395	hS00153	64982	77.536	276	6	278	50152	50427	3.73e-56	208	69
MZ463745.1	387	hS00154	64887	77.947	263	12	272	60666	60928	1.27e-55	206	67
MZ463746.1	387	hS00154	64887	77.947	263	12	272	60666	60928	1.27e-55	206	67
MZ463747.1	387	hS00154	64887	77.567	263	12	272	60666	60928	5.41e-54	202	67
MZ463748.1	387	hS00154	64887	77.567	263	12	272	60666	60928	5.41e-54	202	67
MZ463749.1	391	hS00154	64887	77.174	276	5	277	60653	60928	1.57e-54	204	70
MZ463750.1	392	hS00154	64887	76.812	276	5	277	60653	60928	1.92e-53	199	70
MZ463751.1	393	hS00154	64887	77.536	276	5	277	60653	60928	3.71e-56	208	69
MZ463752.1	394	hS00154	64887	77.536	276	5	277	60653	60928	3.72e-56	208	69
MZ463753.1	394	hS00154	64887	77.174	276	5	277	60653	60928	1.58e-54	204	69
MZ463754.1	394	hS00154	64887	78.378	259	5	260	60653	60911	4.53e-55	205	65
MZ463755.1	394	hS00154	64887	77.899	276	5	277	60653	60928	3.05e-57	213	69
MZ463756.1	394	hS00154	64887	77.174	276	5	277	60653	60928	1.58e-54	204	69
MZ463757.1	394	hS00154	64887	77.174	276	5	277	60653	60928	1.58e-54	204	69
MZ463758.1	394	hS00154	64887	77.174	276	5	277	60653	60928	1.58e-54	204	69
MZ463759.1	410	hS00154	64887	77.174	276	5	277	60653	60928	1.65e-54	204	67
FJ751925.1	394	hS00154	64887	77.536	276	5	277	60653	60928	3.72e-56	208	69
FJ751926.1	395	hS00154	64887	77.536	276	5	277	60653	60928	3.73e-56	208	69
FJ751927.1	395	hS00154	64887	77.174	276	5	277	60653	60928	1.58e-54	204	69
FJ751930.1	395	hS00154	64887	77.536	276	5	277	60653	60928	3.73e-56	208	69
FJ751933.1	396	hS00154	64887	77.536	276	6	278	60653	60928	3.74e-56	208	69
FJ751934.1	395	hS00154	64887	77.536	276	6	278	60653	60928	3.73e-56	208	69
MZ463745.1	387	hS00158	63802	79.104	268	6	272	2936	2670	4.67e-61	224	69
MZ463746.1	387	hS00158	63802	78.731	268	6	272	2936	2670	1.98e-59	220	69
MZ463747.1	387	hS00158	63802	78.731	268	6	272	2936	2670	1.98e-59	220	69
MZ463748.1	387	hS00158	63802	78.731	268	6	272	2936	2670	1.98e-59	220	69
MZ463749.1	391	hS00158	63802	78.731	268	11	277	2936	2670	2.01e-59	220	68
MZ463750.1	392	hS00158	63802	78.358	268	11	277	2936	2670	2.45e-58	215	68
MZ463751.1	393	hS00158	63802	79.104	268	11	277	2936	2670	4.74e-61	224	68
MZ463752.1	394	hS00158	63802	79.104	268	11	277	2936	2670	4.75e-61	224	68
MZ463753.1	394	hS00158	63802	78.731	268	11	277	2936	2670	2.02e-59	220	68
MZ463754.1	394	hS00158	63802	80.478	251	11	260	2936	2687	4.75e-61	225	63
MZ463755.1	394	hS00158	63802	79.478	268	11	277	2936	2670	3.90e-62	229	68
MZ463756.1	394	hS00158	63802	78.731	268	11	277	2936	2670	2.02e-59	220	68
MZ463757.1	394	hS00158	63802	79.478	268	11	277	2936	2670	3.90e-62	229	68
MZ463758.1	394	hS00158	63802	78.731	268	11	277	2936	2670	2.02e-59	220	68
MZ463759.1	410	hS00158	63802	78.731	268	11	277	2936	2670	2.11e-59	220	65
FJ751925.1	394	hS00158	63802	79.104	268	11	277	2936	2670	4.75e-61	224	68
FJ751926.1	395	hS00158	63802	79.104	268	11	277	2936	2670	4.77e-61	224	68
FJ751927.1	395	hS00158	63802	78.731	268	11	277	2936	2670	2.03e-59	220	68
FJ751930.1	395	hS00158	63802	79.104	268	11	277	2936	2670	4.77e-61	224	68
FJ751933.1	396	hS00158	63802	79.104	268	12	278	2936	2670	4.78e-61	224	67
FJ751934.1	395	hS00158	63802	79.104	268	12	278	2936	2670	4.77e-61	224	68
MZ463745.1	387	hS00161	63682	77.947	263	12	272	43844	44106	1.25e-55	206	67
MZ463746.1	387	hS00161	63682	77.947	263	12	272	43844	44106	1.25e-55	206	67
MZ463747.1	387	hS00161	63682	77.567	263	12	272	43844	44106	5.31e-54	202	67
MZ463748.1	387	hS00161	63682	77.567	263	12	272	43844	44106	5.31e-54	202	67
MZ463749.1	391	hS00161	63682	77.174	276	5	277	43831	44106	1.54e-54	204	70
MZ463750.1	392	hS00161	63682	76.812	276	5	277	43831	44106	1.88e-53	199	70
MZ463751.1	393	hS00161	63682	77.536	276	5	277	43831	44106	3.64e-56	208	69
MZ463752.1	394	hS00161	63682	77.536	276	5	277	43831	44106	3.65e-56	208	69
MZ463753.1	394	hS00161	63682	77.174	276	5	277	43831	44106	1.55e-54	204	69
MZ463754.1	394	hS00161	63682	78.378	259	5	260	43831	44089	4.44e-55	205	65
MZ463755.1	394	hS00161	63682	77.899	276	5	277	43831	44106	2.99e-57	213	69
MZ463756.1	394	hS00161	63682	77.174	276	5	277	43831	44106	1.55e-54	204	69
MZ463757.1	394	hS00161	63682	77.174	276	5	277	43831	44106	1.55e-54	204	69
MZ463758.1	394	hS00161	63682	77.174	276	5	277	43831	44106	1.55e-54	204	69
MZ463759.1	410	hS00161	63682	77.174	276	5	277	43831	44106	1.62e-54	204	67
FJ751925.1	394	hS00161	63682	77.536	276	5	277	43831	44106	3.65e-56	208	69
FJ751926.1	395	hS00161	63682	77.536	276	5	277	43831	44106	3.66e-56	208	69
FJ751927.1	395	hS00161	63682	77.174	276	5	277	43831	44106	1.56e-54	204	69
FJ751930.1	395	hS00161	63682	77.536	276	5	277	43831	44106	3.66e-56	208	69
FJ751933.1	396	hS00161	63682	77.536	276	6	278	43831	44106	3.67e-56	208	69
FJ751934.1	395	hS00161	63682	77.536	276	6	278	43831	44106	3.66e-56	208	69
MZ463745.1	387	hS00166	62969	77.947	263	12	272	22398	22136	1.24e-55	206	67
MZ463746.1	387	hS00166	62969	77.947	263	12	272	22398	22136	1.24e-55	206	67
MZ463747.1	387	hS00166	62969	77.567	263	12	272	22398	22136	5.25e-54	202	67
MZ463748.1	387	hS00166	62969	77.567	263	12	272	22398	22136	5.25e-54	202	67
MZ463749.1	391	hS00166	62969	77.174	276	5	277	22411	22136	1.52e-54	204	70
MZ463750.1	392	hS00166	62969	76.812	276	5	277	22411	22136	1.86e-53	199	70
MZ463751.1	393	hS00166	62969	77.536	276	5	277	22411	22136	3.60e-56	208	69
MZ463752.1	394	hS00166	62969	77.536	276	5	277	22411	22136	3.61e-56	208	69
MZ463753.1	394	hS00166	62969	77.174	276	5	277	22411	22136	1.53e-54	204	69
MZ463754.1	394	hS00166	62969	78.378	259	5	260	22411	22153	4.39e-55	205	65
MZ463755.1	394	hS00166	62969	77.899	276	5	277	22411	22136	2.96e-57	213	69
MZ463756.1	394	hS00166	62969	77.174	276	5	277	22411	22136	1.53e-54	204	69
MZ463757.1	394	hS00166	62969	77.174	276	5	277	22411	22136	1.53e-54	204	69
MZ463758.1	394	hS00166	62969	77.174	276	5	277	22411	22136	1.53e-54	204	69
MZ463759.1	410	hS00166	62969	77.174	276	5	277	22411	22136	1.60e-54	204	67
FJ751925.1	394	hS00166	62969	77.536	276	5	277	22411	22136	3.61e-56	208	69
FJ751926.1	395	hS00166	62969	77.536	276	5	277	22411	22136	3.62e-56	208	69
FJ751927.1	395	hS00166	62969	77.174	276	5	277	22411	22136	1.54e-54	204	69
FJ751930.1	395	hS00166	62969	77.536	276	5	277	22411	22136	3.62e-56	208	69
FJ751933.1	396	hS00166	62969	77.536	276	6	278	22411	22136	3.63e-56	208	69
FJ751934.1	395	hS00166	62969	77.536	276	6	278	22411	22136	3.62e-56	208	69
MZ463745.1	387	hS00175	60180	77.947	263	12	272	12833	12571	1.18e-55	206	67
MZ463745.1	387	hS00175	60180	77.947	263	12	272	32074	31812	1.18e-55	206	67
MZ463746.1	387	hS00175	60180	77.947	263	12	272	12833	12571	1.18e-55	206	67
MZ463746.1	387	hS00175	60180	77.947	263	12	272	32074	31812	1.18e-55	206	67
MZ463747.1	387	hS00175	60180	77.567	263	12	272	12833	12571	5.02e-54	202	67
MZ463747.1	387	hS00175	60180	77.567	263	12	272	32074	31812	5.02e-54	202	67
MZ463748.1	387	hS00175	60180	77.567	263	12	272	12833	12571	5.02e-54	202	67
MZ463748.1	387	hS00175	60180	77.567	263	12	272	32074	31812	5.02e-54	202	67
MZ463749.1	391	hS00175	60180	77.174	276	5	277	12846	12571	1.45e-54	204	70
MZ463749.1	391	hS00175	60180	77.174	276	5	277	32087	31812	1.45e-54	204	70
MZ463750.1	392	hS00175	60180	76.812	276	5	277	12846	12571	1.78e-53	199	70
MZ463750.1	392	hS00175	60180	76.812	276	5	277	32087	31812	1.78e-53	199	70
MZ463751.1	393	hS00175	60180	77.536	276	5	277	12846	12571	3.44e-56	208	69
MZ463751.1	393	hS00175	60180	77.536	276	5	277	32087	31812	3.44e-56	208	69
MZ463752.1	394	hS00175	60180	77.536	276	5	277	12846	12571	3.45e-56	208	69
MZ463752.1	394	hS00175	60180	77.536	276	5	277	32087	31812	3.45e-56	208	69
MZ463753.1	394	hS00175	60180	77.174	276	5	277	12846	12571	1.47e-54	204	69
MZ463753.1	394	hS00175	60180	77.174	276	5	277	32087	31812	1.47e-54	204	69
MZ463754.1	394	hS00175	60180	78.378	259	5	260	12846	12588	4.20e-55	205	65
MZ463754.1	394	hS00175	60180	78.378	259	5	260	32087	31829	4.20e-55	205	65
MZ463755.1	394	hS00175	60180	77.899	276	5	277	12846	12571	2.83e-57	213	69
MZ463755.1	394	hS00175	60180	77.899	276	5	277	32087	31812	2.83e-57	213	69
MZ463756.1	394	hS00175	60180	77.174	276	5	277	12846	12571	1.47e-54	204	69
MZ463756.1	394	hS00175	60180	77.174	276	5	277	32087	31812	1.47e-54	204	69
MZ463757.1	394	hS00175	60180	77.174	276	5	277	12846	12571	1.47e-54	204	69
MZ463757.1	394	hS00175	60180	77.174	276	5	277	32087	31812	1.47e-54	204	69
MZ463758.1	394	hS00175	60180	77.174	276	5	277	12846	12571	1.47e-54	204	69
MZ463758.1	394	hS00175	60180	77.174	276	5	277	32087	31812	1.47e-54	204	69
MZ463759.1	410	hS00175	60180	77.174	276	5	277	12846	12571	1.53e-54	204	67
MZ463759.1	410	hS00175	60180	77.174	276	5	277	32087	31812	1.53e-54	204	67
FJ751925.1	394	hS00175	60180	77.536	276	5	277	12846	12571	3.45e-56	208	69
FJ751925.1	394	hS00175	60180	77.536	276	5	277	32087	31812	3.45e-56	208	69
FJ751926.1	395	hS00175	60180	77.536	276	5	277	12846	12571	3.46e-56	208	69
FJ751926.1	395	hS00175	60180	77.536	276	5	277	32087	31812	3.46e-56	208	69
FJ751927.1	395	hS00175	60180	77.174	276	5	277	12846	12571	1.47e-54	204	69
FJ751927.1	395	hS00175	60180	77.174	276	5	277	32087	31812	1.47e-54	204	69
FJ751930.1	395	hS00175	60180	77.536	276	5	277	12846	12571	3.46e-56	208	69
FJ751930.1	395	hS00175	60180	77.536	276	5	277	32087	31812	3.46e-56	208	69
FJ751933.1	396	hS00175	60180	77.536	276	6	278	12846	12571	3.47e-56	208	69
FJ751933.1	396	hS00175	60180	77.536	276	6	278	32087	31812	3.47e-56	208	69
FJ751934.1	395	hS00175	60180	77.536	276	6	278	12846	12571	3.46e-56	208	69
FJ751934.1	395	hS00175	60180	77.536	276	6	278	32087	31812	3.46e-56	208	69
MZ463745.1	387	hS00178	58999	77.947	263	12	272	14838	14576	1.16e-55	206	67
MZ463746.1	387	hS00178	58999	77.947	263	12	272	14838	14576	1.16e-55	206	67
MZ463747.1	387	hS00178	58999	77.567	263	12	272	14838	14576	4.92e-54	202	67
MZ463748.1	387	hS00178	58999	77.567	263	12	272	14838	14576	4.92e-54	202	67
MZ463749.1	391	hS00178	58999	77.174	276	5	277	14851	14576	1.43e-54	204	70
MZ463750.1	392	hS00178	58999	76.812	276	5	277	14851	14576	1.74e-53	199	70
MZ463751.1	393	hS00178	58999	77.536	276	5	277	14851	14576	3.37e-56	208	69
MZ463752.1	394	hS00178	58999	77.536	276	5	277	14851	14576	3.38e-56	208	69
MZ463753.1	394	hS00178	58999	77.174	276	5	277	14851	14576	1.44e-54	204	69
MZ463754.1	394	hS00178	58999	78.378	259	5	260	14851	14593	4.12e-55	205	65
MZ463755.1	394	hS00178	58999	77.899	276	5	277	14851	14576	2.77e-57	213	69
MZ463756.1	394	hS00178	58999	77.174	276	5	277	14851	14576	1.44e-54	204	69
MZ463757.1	394	hS00178	58999	77.174	276	5	277	14851	14576	1.44e-54	204	69
MZ463758.1	394	hS00178	58999	77.174	276	5	277	14851	14576	1.44e-54	204	69
MZ463759.1	410	hS00178	58999	77.174	276	5	277	14851	14576	1.50e-54	204	67
FJ751925.1	394	hS00178	58999	77.536	276	5	277	14851	14576	3.38e-56	208	69
FJ751926.1	395	hS00178	58999	77.536	276	5	277	14851	14576	3.39e-56	208	69
FJ751927.1	395	hS00178	58999	77.174	276	5	277	14851	14576	1.44e-54	204	69
FJ751930.1	395	hS00178	58999	77.536	276	5	277	14851	14576	3.39e-56	208	69
FJ751933.1	396	hS00178	58999	77.536	276	6	278	14851	14576	3.40e-56	208	69
FJ751934.1	395	hS00178	58999	77.536	276	6	278	14851	14576	3.39e-56	208	69
MZ463745.1	387	hS00180	58663	77.947	263	12	272	29124	29386	1.15e-55	206	67
MZ463746.1	387	hS00180	58663	77.947	263	12	272	29124	29386	1.15e-55	206	67
MZ463747.1	387	hS00180	58663	77.567	263	12	272	29124	29386	4.89e-54	202	67
MZ463748.1	387	hS00180	58663	77.567	263	12	272	29124	29386	4.89e-54	202	67
MZ463749.1	391	hS00180	58663	77.174	276	5	277	29111	29386	1.42e-54	204	70
MZ463750.1	392	hS00180	58663	76.812	276	5	277	29111	29386	1.73e-53	199	70
MZ463751.1	393	hS00180	58663	77.536	276	5	277	29111	29386	3.35e-56	208	69
MZ463752.1	394	hS00180	58663	77.536	276	5	277	29111	29386	3.36e-56	208	69
MZ463753.1	394	hS00180	58663	77.174	276	5	277	29111	29386	1.43e-54	204	69
MZ463754.1	394	hS00180	58663	78.378	259	5	260	29111	29369	4.09e-55	205	65
MZ463755.1	394	hS00180	58663	77.899	276	5	277	29111	29386	2.76e-57	213	69
MZ463756.1	394	hS00180	58663	77.174	276	5	277	29111	29386	1.43e-54	204	69
MZ463757.1	394	hS00180	58663	77.174	276	5	277	29111	29386	1.43e-54	204	69
MZ463758.1	394	hS00180	58663	77.174	276	5	277	29111	29386	1.43e-54	204	69
MZ463759.1	410	hS00180	58663	77.174	276	5	277	29111	29386	1.49e-54	204	67
FJ751925.1	394	hS00180	58663	77.536	276	5	277	29111	29386	3.36e-56	208	69
FJ751926.1	395	hS00180	58663	77.536	276	5	277	29111	29386	3.37e-56	208	69
FJ751927.1	395	hS00180	58663	77.174	276	5	277	29111	29386	1.43e-54	204	69
FJ751930.1	395	hS00180	58663	77.536	276	5	277	29111	29386	3.37e-56	208	69
FJ751933.1	396	hS00180	58663	77.536	276	6	278	29111	29386	3.38e-56	208	69
FJ751934.1	395	hS00180	58663	77.536	276	6	278	29111	29386	3.37e-56	208	69
MZ463745.1	387	hS00185	57896	77.947	263	12	272	46336	46598	1.14e-55	206	67
MZ463746.1	387	hS00185	57896	77.947	263	12	272	46336	46598	1.14e-55	206	67
MZ463747.1	387	hS00185	57896	77.567	263	12	272	46336	46598	4.83e-54	202	67
MZ463748.1	387	hS00185	57896	77.567	263	12	272	46336	46598	4.83e-54	202	67
MZ463749.1	391	hS00185	57896	77.174	276	5	277	46323	46598	1.40e-54	204	70
MZ463750.1	392	hS00185	57896	76.812	276	5	277	46323	46598	1.71e-53	199	70
MZ463751.1	393	hS00185	57896	77.536	276	5	277	46323	46598	3.31e-56	208	69
MZ463752.1	394	hS00185	57896	77.536	276	5	277	46323	46598	3.32e-56	208	69
MZ463753.1	394	hS00185	57896	77.174	276	5	277	46323	46598	1.41e-54	204	69
MZ463754.1	394	hS00185	57896	78.378	259	5	260	46323	46581	4.04e-55	205	65
MZ463755.1	394	hS00185	57896	77.899	276	5	277	46323	46598	2.72e-57	213	69
MZ463756.1	394	hS00185	57896	77.174	276	5	277	46323	46598	1.41e-54	204	69
MZ463757.1	394	hS00185	57896	77.174	276	5	277	46323	46598	1.41e-54	204	69
MZ463758.1	394	hS00185	57896	77.174	276	5	277	46323	46598	1.41e-54	204	69
MZ463759.1	410	hS00185	57896	77.174	276	5	277	46323	46598	1.47e-54	204	67
FJ751925.1	394	hS00185	57896	77.536	276	5	277	46323	46598	3.32e-56	208	69
FJ751926.1	395	hS00185	57896	77.536	276	5	277	46323	46598	3.33e-56	208	69
FJ751927.1	395	hS00185	57896	77.174	276	5	277	46323	46598	1.41e-54	204	69
FJ751930.1	395	hS00185	57896	77.536	276	5	277	46323	46598	3.33e-56	208	69
FJ751933.1	396	hS00185	57896	77.536	276	6	278	46323	46598	3.33e-56	208	69
FJ751934.1	395	hS00185	57896	77.536	276	6	278	46323	46598	3.33e-56	208	69
MZ463745.1	387	hS00188	57524	77.947	263	12	272	7368	7106	1.13e-55	206	67
MZ463745.1	387	hS00188	57524	77.947	263	12	272	48377	48639	1.13e-55	206	67
MZ463746.1	387	hS00188	57524	77.947	263	12	272	7368	7106	1.13e-55	206	67
MZ463746.1	387	hS00188	57524	77.947	263	12	272	48377	48639	1.13e-55	206	67
MZ463747.1	387	hS00188	57524	77.567	263	12	272	7368	7106	4.80e-54	202	67
MZ463747.1	387	hS00188	57524	77.567	263	12	272	48377	48639	4.80e-54	202	67
MZ463748.1	387	hS00188	57524	77.567	263	12	272	7368	7106	4.80e-54	202	67
MZ463748.1	387	hS00188	57524	77.567	263	12	272	48377	48639	4.80e-54	202	67
MZ463749.1	391	hS00188	57524	77.174	276	5	277	7381	7106	1.39e-54	204	70
MZ463749.1	391	hS00188	57524	77.174	276	5	277	48364	48639	1.39e-54	204	70
MZ463750.1	392	hS00188	57524	76.812	276	5	277	7381	7106	1.70e-53	199	70
MZ463750.1	392	hS00188	57524	76.812	276	5	277	48364	48639	1.70e-53	199	70
MZ463751.1	393	hS00188	57524	77.536	276	5	277	7381	7106	3.29e-56	208	69
MZ463751.1	393	hS00188	57524	77.536	276	5	277	48364	48639	3.29e-56	208	69
MZ463752.1	394	hS00188	57524	77.536	276	5	277	7381	7106	3.29e-56	208	69
MZ463752.1	394	hS00188	57524	77.536	276	5	277	48364	48639	3.29e-56	208	69
MZ463753.1	394	hS00188	57524	77.174	276	5	277	7381	7106	1.40e-54	204	69
MZ463753.1	394	hS00188	57524	77.174	276	5	277	48364	48639	1.40e-54	204	69
MZ463754.1	394	hS00188	57524	78.378	259	5	260	7381	7123	4.01e-55	205	65
MZ463754.1	394	hS00188	57524	78.378	259	5	260	48364	48622	4.01e-55	205	65
MZ463755.1	394	hS00188	57524	77.899	276	5	277	7381	7106	2.70e-57	213	69
MZ463755.1	394	hS00188	57524	77.899	276	5	277	48364	48639	2.70e-57	213	69
MZ463756.1	394	hS00188	57524	77.174	276	5	277	7381	7106	1.40e-54	204	69
MZ463756.1	394	hS00188	57524	77.174	276	5	277	48364	48639	1.40e-54	204	69
MZ463757.1	394	hS00188	57524	77.174	276	5	277	7381	7106	1.40e-54	204	69
MZ463757.1	394	hS00188	57524	77.174	276	5	277	48364	48639	1.40e-54	204	69
MZ463758.1	394	hS00188	57524	77.174	276	5	277	7381	7106	1.40e-54	204	69
MZ463758.1	394	hS00188	57524	77.174	276	5	277	48364	48639	1.40e-54	204	69
MZ463759.1	410	hS00188	57524	77.174	276	5	277	7381	7106	1.46e-54	204	67
MZ463759.1	410	hS00188	57524	77.174	276	5	277	48364	48639	1.46e-54	204	67
FJ751925.1	394	hS00188	57524	77.536	276	5	277	7381	7106	3.29e-56	208	69
FJ751925.1	394	hS00188	57524	77.536	276	5	277	48364	48639	3.29e-56	208	69
FJ751926.1	395	hS00188	57524	77.536	276	5	277	7381	7106	3.30e-56	208	69
FJ751926.1	395	hS00188	57524	77.536	276	5	277	48364	48639	3.30e-56	208	69
FJ751927.1	395	hS00188	57524	77.174	276	5	277	7381	7106	1.40e-54	204	69
FJ751927.1	395	hS00188	57524	77.174	276	5	277	48364	48639	1.40e-54	204	69
FJ751930.1	395	hS00188	57524	77.536	276	5	277	7381	7106	3.30e-56	208	69
FJ751930.1	395	hS00188	57524	77.536	276	5	277	48364	48639	3.30e-56	208	69
FJ751933.1	396	hS00188	57524	77.536	276	6	278	7381	7106	3.31e-56	208	69
FJ751933.1	396	hS00188	57524	77.536	276	6	278	48364	48639	3.31e-56	208	69
FJ751934.1	395	hS00188	57524	77.536	276	6	278	7381	7106	3.30e-56	208	69
FJ751934.1	395	hS00188	57524	77.536	276	6	278	48364	48639	3.30e-56	208	69
MZ463745.1	387	hS00190	57130	77.947	263	12	272	7518	7256	1.12e-55	206	67
MZ463745.1	387	hS00190	57130	77.947	263	12	272	40733	40995	1.12e-55	206	67
MZ463746.1	387	hS00190	57130	77.947	263	12	272	7518	7256	1.12e-55	206	67
MZ463746.1	387	hS00190	57130	77.947	263	12	272	40733	40995	1.12e-55	206	67
MZ463747.1	387	hS00190	57130	77.567	263	12	272	7518	7256	4.77e-54	202	67
MZ463747.1	387	hS00190	57130	77.567	263	12	272	40733	40995	4.77e-54	202	67
MZ463748.1	387	hS00190	57130	77.567	263	12	272	7518	7256	4.77e-54	202	67
MZ463748.1	387	hS00190	57130	77.567	263	12	272	40733	40995	4.77e-54	202	67
MZ463749.1	391	hS00190	57130	77.174	276	5	277	7531	7256	1.38e-54	204	70
MZ463749.1	391	hS00190	57130	77.174	276	5	277	40720	40995	1.38e-54	204	70
MZ463750.1	392	hS00190	57130	76.812	276	5	277	7531	7256	1.69e-53	199	70
MZ463750.1	392	hS00190	57130	76.812	276	5	277	40720	40995	1.69e-53	199	70
MZ463751.1	393	hS00190	57130	77.536	276	5	277	7531	7256	3.26e-56	208	69
MZ463751.1	393	hS00190	57130	77.536	276	5	277	40720	40995	3.26e-56	208	69
MZ463752.1	394	hS00190	57130	77.536	276	5	277	7531	7256	3.27e-56	208	69
MZ463752.1	394	hS00190	57130	77.536	276	5	277	40720	40995	3.27e-56	208	69
MZ463753.1	394	hS00190	57130	77.174	276	5	277	7531	7256	1.39e-54	204	69
MZ463753.1	394	hS00190	57130	77.174	276	5	277	40720	40995	1.39e-54	204	69
MZ463754.1	394	hS00190	57130	78.378	259	5	260	7531	7273	3.99e-55	205	65
MZ463754.1	394	hS00190	57130	78.378	259	5	260	40720	40978	3.99e-55	205	65
MZ463755.1	394	hS00190	57130	77.899	276	5	277	7531	7256	2.69e-57	213	69
MZ463755.1	394	hS00190	57130	77.899	276	5	277	40720	40995	2.69e-57	213	69
MZ463756.1	394	hS00190	57130	77.174	276	5	277	7531	7256	1.39e-54	204	69
MZ463756.1	394	hS00190	57130	77.174	276	5	277	40720	40995	1.39e-54	204	69
MZ463757.1	394	hS00190	57130	77.174	276	5	277	7531	7256	1.39e-54	204	69
MZ463757.1	394	hS00190	57130	77.174	276	5	277	40720	40995	1.39e-54	204	69
MZ463758.1	394	hS00190	57130	77.174	276	5	277	7531	7256	1.39e-54	204	69
MZ463758.1	394	hS00190	57130	77.174	276	5	277	40720	40995	1.39e-54	204	69
MZ463759.1	410	hS00190	57130	77.174	276	5	277	7531	7256	1.45e-54	204	67
MZ463759.1	410	hS00190	57130	77.174	276	5	277	40720	40995	1.45e-54	204	67
FJ751925.1	394	hS00190	57130	77.536	276	5	277	7531	7256	3.27e-56	208	69
FJ751925.1	394	hS00190	57130	77.536	276	5	277	40720	40995	3.27e-56	208	69
FJ751926.1	395	hS00190	57130	77.536	276	5	277	7531	7256	3.28e-56	208	69
FJ751926.1	395	hS00190	57130	77.536	276	5	277	40720	40995	3.28e-56	208	69
FJ751927.1	395	hS00190	57130	77.174	276	5	277	7531	7256	1.40e-54	204	69
FJ751927.1	395	hS00190	57130	77.174	276	5	277	40720	40995	1.40e-54	204	69
FJ751930.1	395	hS00190	57130	77.536	276	5	277	7531	7256	3.28e-56	208	69
FJ751930.1	395	hS00190	57130	77.536	276	5	277	40720	40995	3.28e-56	208	69
FJ751933.1	396	hS00190	57130	77.536	276	6	278	7531	7256	3.29e-56	208	69
FJ751933.1	396	hS00190	57130	77.536	276	6	278	40720	40995	3.29e-56	208	69
FJ751934.1	395	hS00190	57130	77.536	276	6	278	7531	7256	3.28e-56	208	69
FJ751934.1	395	hS00190	57130	77.536	276	6	278	40720	40995	3.28e-56	208	69
MZ463745.1	387	hS00195	56350	77.947	263	12	272	11873	11611	1.11e-55	206	67
MZ463746.1	387	hS00195	56350	77.947	263	12	272	11873	11611	1.11e-55	206	67
MZ463747.1	387	hS00195	56350	77.567	263	12	272	11873	11611	4.70e-54	202	67
MZ463748.1	387	hS00195	56350	77.567	263	12	272	11873	11611	4.70e-54	202	67
MZ463749.1	391	hS00195	56350	77.174	276	5	277	11886	11611	1.36e-54	204	70
MZ463750.1	392	hS00195	56350	76.812	276	5	277	11886	11611	1.66e-53	199	70
MZ463751.1	393	hS00195	56350	77.536	276	5	277	11886	11611	3.22e-56	208	69
MZ463752.1	394	hS00195	56350	77.536	276	5	277	11886	11611	3.23e-56	208	69
MZ463753.1	394	hS00195	56350	77.174	276	5	277	11886	11611	1.37e-54	204	69
MZ463754.1	394	hS00195	56350	78.378	259	5	260	11886	11628	3.93e-55	205	65
MZ463755.1	394	hS00195	56350	77.899	276	5	277	11886	11611	2.65e-57	213	69
MZ463756.1	394	hS00195	56350	77.174	276	5	277	11886	11611	1.37e-54	204	69
MZ463757.1	394	hS00195	56350	77.174	276	5	277	11886	11611	1.37e-54	204	69
MZ463758.1	394	hS00195	56350	77.174	276	5	277	11886	11611	1.37e-54	204	69
MZ463759.1	410	hS00195	56350	77.174	276	5	277	11886	11611	1.43e-54	204	67
FJ751925.1	394	hS00195	56350	77.536	276	5	277	11886	11611	3.23e-56	208	69
FJ751926.1	395	hS00195	56350	77.536	276	5	277	11886	11611	3.24e-56	208	69
FJ751927.1	395	hS00195	56350	77.174	276	5	277	11886	11611	1.38e-54	204	69
FJ751930.1	395	hS00195	56350	77.536	276	5	277	11886	11611	3.24e-56	208	69
FJ751933.1	396	hS00195	56350	77.536	276	6	278	11886	11611	3.24e-56	208	69
FJ751934.1	395	hS00195	56350	77.536	276	6	278	11886	11611	3.24e-56	208	69
MZ463745.1	387	hS00196	55702	77.947	263	12	272	20482	20220	1.09e-55	206	67
MZ463746.1	387	hS00196	55702	77.947	263	12	272	20482	20220	1.09e-55	206	67
MZ463747.1	387	hS00196	55702	77.567	263	12	272	20482	20220	4.65e-54	202	67
MZ463748.1	387	hS00196	55702	77.567	263	12	272	20482	20220	4.65e-54	202	67
MZ463749.1	391	hS00196	55702	77.174	276	5	277	20495	20220	1.35e-54	204	70
MZ463750.1	392	hS00196	55702	76.812	276	5	277	20495	20220	1.64e-53	199	70
MZ463751.1	393	hS00196	55702	77.536	276	5	277	20495	20220	3.18e-56	208	69
MZ463752.1	394	hS00196	55702	77.536	276	5	277	20495	20220	3.19e-56	208	69
MZ463753.1	394	hS00196	55702	77.174	276	5	277	20495	20220	1.36e-54	204	69
MZ463754.1	394	hS00196	55702	78.378	259	5	260	20495	20237	3.89e-55	205	65
MZ463755.1	394	hS00196	55702	77.899	276	5	277	20495	20220	2.62e-57	213	69
MZ463756.1	394	hS00196	55702	77.174	276	5	277	20495	20220	1.36e-54	204	69
MZ463757.1	394	hS00196	55702	77.174	276	5	277	20495	20220	1.36e-54	204	69
MZ463758.1	394	hS00196	55702	77.174	276	5	277	20495	20220	1.36e-54	204	69
MZ463759.1	410	hS00196	55702	77.174	276	5	277	20495	20220	1.41e-54	204	67
FJ751925.1	394	hS00196	55702	77.536	276	5	277	20495	20220	3.19e-56	208	69
FJ751926.1	395	hS00196	55702	77.536	276	5	277	20495	20220	3.20e-56	208	69
FJ751927.1	395	hS00196	55702	77.174	276	5	277	20495	20220	1.36e-54	204	69
FJ751930.1	395	hS00196	55702	77.536	276	5	277	20495	20220	3.20e-56	208	69
FJ751933.1	396	hS00196	55702	77.536	276	6	278	20495	20220	3.21e-56	208	69
FJ751934.1	395	hS00196	55702	77.536	276	6	278	20495	20220	3.20e-56	208	69
MZ463745.1	387	hS00198	55486	77.947	263	12	272	34492	34754	1.09e-55	206	67
MZ463746.1	387	hS00198	55486	77.947	263	12	272	34492	34754	1.09e-55	206	67
MZ463747.1	387	hS00198	55486	77.567	263	12	272	34492	34754	4.63e-54	202	67
MZ463748.1	387	hS00198	55486	77.567	263	12	272	34492	34754	4.63e-54	202	67
MZ463749.1	391	hS00198	55486	77.174	276	5	277	34479	34754	1.34e-54	204	70
MZ463750.1	392	hS00198	55486	76.812	276	5	277	34479	34754	1.64e-53	199	70
MZ463751.1	393	hS00198	55486	77.536	276	5	277	34479	34754	3.17e-56	208	69
MZ463752.1	394	hS00198	55486	77.536	276	5	277	34479	34754	3.18e-56	208	69
MZ463753.1	394	hS00198	55486	77.174	276	5	277	34479	34754	1.35e-54	204	69
MZ463754.1	394	hS00198	55486	78.378	259	5	260	34479	34737	3.87e-55	205	65
MZ463755.1	394	hS00198	55486	77.899	276	5	277	34479	34754	2.61e-57	213	69
MZ463756.1	394	hS00198	55486	77.174	276	5	277	34479	34754	1.35e-54	204	69
MZ463757.1	394	hS00198	55486	77.174	276	5	277	34479	34754	1.35e-54	204	69
MZ463758.1	394	hS00198	55486	77.174	276	5	277	34479	34754	1.35e-54	204	69
MZ463759.1	410	hS00198	55486	77.174	276	5	277	34479	34754	1.41e-54	204	67
FJ751925.1	394	hS00198	55486	77.536	276	5	277	34479	34754	3.18e-56	208	69
FJ751926.1	395	hS00198	55486	77.536	276	5	277	34479	34754	3.19e-56	208	69
FJ751927.1	395	hS00198	55486	77.174	276	5	277	34479	34754	1.36e-54	204	69
FJ751930.1	395	hS00198	55486	77.536	276	5	277	34479	34754	3.19e-56	208	69
FJ751933.1	396	hS00198	55486	77.536	276	6	278	34479	34754	3.20e-56	208	69
FJ751934.1	395	hS00198	55486	77.536	276	6	278	34479	34754	3.19e-56	208	69
MZ463745.1	387	hS00199	55126	77.947	263	12	272	11508	11246	1.08e-55	206	67
MZ463746.1	387	hS00199	55126	77.947	263	12	272	11508	11246	1.08e-55	206	67
MZ463747.1	387	hS00199	55126	77.567	263	12	272	11508	11246	4.60e-54	202	67
MZ463748.1	387	hS00199	55126	77.567	263	12	272	11508	11246	4.60e-54	202	67
MZ463749.1	391	hS00199	55126	77.174	276	5	277	11521	11246	1.33e-54	204	70
MZ463750.1	392	hS00199	55126	76.812	276	5	277	11521	11246	1.63e-53	199	70
MZ463751.1	393	hS00199	55126	77.536	276	5	277	11521	11246	3.15e-56	208	69
MZ463752.1	394	hS00199	55126	77.536	276	5	277	11521	11246	3.16e-56	208	69
MZ463753.1	394	hS00199	55126	77.174	276	5	277	11521	11246	1.34e-54	204	69
MZ463754.1	394	hS00199	55126	78.378	259	5	260	11521	11263	3.85e-55	205	65
MZ463755.1	394	hS00199	55126	77.899	276	5	277	11521	11246	2.59e-57	213	69
MZ463756.1	394	hS00199	55126	77.174	276	5	277	11521	11246	1.34e-54	204	69
MZ463757.1	394	hS00199	55126	77.174	276	5	277	11521	11246	1.34e-54	204	69
MZ463758.1	394	hS00199	55126	77.174	276	5	277	11521	11246	1.34e-54	204	69
MZ463759.1	410	hS00199	55126	77.174	276	5	277	11521	11246	1.40e-54	204	67
FJ751925.1	394	hS00199	55126	77.536	276	5	277	11521	11246	3.16e-56	208	69
FJ751926.1	395	hS00199	55126	77.536	276	5	277	11521	11246	3.17e-56	208	69
FJ751927.1	395	hS00199	55126	77.174	276	5	277	11521	11246	1.35e-54	204	69
FJ751930.1	395	hS00199	55126	77.536	276	5	277	11521	11246	3.17e-56	208	69
FJ751933.1	396	hS00199	55126	77.536	276	6	278	11521	11246	3.17e-56	208	69
FJ751934.1	395	hS00199	55126	77.536	276	6	278	11521	11246	3.17e-56	208	69
MZ463745.1	387	hS00200	54732	77.947	263	12	272	51529	51791	1.07e-55	206	67
MZ463746.1	387	hS00200	54732	77.947	263	12	272	51529	51791	1.07e-55	206	67
MZ463747.1	387	hS00200	54732	77.567	263	12	272	51529	51791	4.57e-54	202	67
MZ463748.1	387	hS00200	54732	77.567	263	12	272	51529	51791	4.57e-54	202	67
MZ463749.1	391	hS00200	54732	77.174	276	5	277	51516	51791	1.32e-54	204	70
MZ463750.1	392	hS00200	54732	76.812	276	5	277	51516	51791	1.62e-53	199	70
MZ463751.1	393	hS00200	54732	77.536	276	5	277	51516	51791	3.13e-56	208	69
MZ463752.1	394	hS00200	54732	77.536	276	5	277	51516	51791	3.14e-56	208	69
MZ463753.1	394	hS00200	54732	77.174	276	5	277	51516	51791	1.33e-54	204	69
MZ463754.1	394	hS00200	54732	78.378	259	5	260	51516	51774	3.82e-55	205	65
MZ463755.1	394	hS00200	54732	77.899	276	5	277	51516	51791	2.57e-57	213	69
MZ463756.1	394	hS00200	54732	77.174	276	5	277	51516	51791	1.33e-54	204	69
MZ463757.1	394	hS00200	54732	77.174	276	5	277	51516	51791	1.33e-54	204	69
MZ463758.1	394	hS00200	54732	77.174	276	5	277	51516	51791	1.33e-54	204	69
MZ463759.1	410	hS00200	54732	77.174	276	5	277	51516	51791	1.39e-54	204	67
FJ751925.1	394	hS00200	54732	77.536	276	5	277	51516	51791	3.14e-56	208	69
FJ751926.1	395	hS00200	54732	77.536	276	5	277	51516	51791	3.14e-56	208	69
FJ751927.1	395	hS00200	54732	77.174	276	5	277	51516	51791	1.34e-54	204	69
FJ751930.1	395	hS00200	54732	77.536	276	5	277	51516	51791	3.14e-56	208	69
FJ751933.1	396	hS00200	54732	77.536	276	6	278	51516	51791	3.15e-56	208	69
FJ751934.1	395	hS00200	54732	77.536	276	6	278	51516	51791	3.14e-56	208	69
MZ463745.1	387	hS00202	54533	77.947	263	12	272	14658	14396	1.07e-55	206	67
MZ463746.1	387	hS00202	54533	77.947	263	12	272	14658	14396	1.07e-55	206	67
MZ463747.1	387	hS00202	54533	77.567	263	12	272	14658	14396	4.55e-54	202	67
MZ463748.1	387	hS00202	54533	77.567	263	12	272	14658	14396	4.55e-54	202	67
MZ463749.1	391	hS00202	54533	77.174	276	5	277	14671	14396	1.32e-54	204	70
MZ463750.1	392	hS00202	54533	76.812	276	5	277	14671	14396	1.61e-53	199	70
MZ463751.1	393	hS00202	54533	77.536	276	5	277	14671	14396	3.12e-56	208	69
MZ463752.1	394	hS00202	54533	77.536	276	5	277	14671	14396	3.12e-56	208	69
MZ463753.1	394	hS00202	54533	77.174	276	5	277	14671	14396	1.33e-54	204	69
MZ463754.1	394	hS00202	54533	78.378	259	5	260	14671	14413	3.81e-55	205	65
MZ463755.1	394	hS00202	54533	77.899	276	5	277	14671	14396	2.56e-57	213	69
MZ463756.1	394	hS00202	54533	77.174	276	5	277	14671	14396	1.33e-54	204	69
MZ463757.1	394	hS00202	54533	77.174	276	5	277	14671	14396	1.33e-54	204	69
MZ463758.1	394	hS00202	54533	77.174	276	5	277	14671	14396	1.33e-54	204	69
MZ463759.1	410	hS00202	54533	77.174	276	5	277	14671	14396	1.38e-54	204	67
FJ751925.1	394	hS00202	54533	77.536	276	5	277	14671	14396	3.12e-56	208	69
FJ751926.1	395	hS00202	54533	77.536	276	5	277	14671	14396	3.13e-56	208	69
FJ751927.1	395	hS00202	54533	77.174	276	5	277	14671	14396	1.33e-54	204	69
FJ751930.1	395	hS00202	54533	77.536	276	5	277	14671	14396	3.13e-56	208	69
FJ751933.1	396	hS00202	54533	77.536	276	6	278	14671	14396	3.14e-56	208	69
FJ751934.1	395	hS00202	54533	77.536	276	6	278	14671	14396	3.13e-56	208	69
MZ463745.1	387	hS00203	54480	77.947	263	12	272	1855	1593	1.07e-55	206	67
MZ463746.1	387	hS00203	54480	77.947	263	12	272	1855	1593	1.07e-55	206	67
MZ463747.1	387	hS00203	54480	77.567	263	12	272	1855	1593	4.55e-54	202	67
MZ463748.1	387	hS00203	54480	77.567	263	12	272	1855	1593	4.55e-54	202	67
MZ463749.1	391	hS00203	54480	77.174	276	5	277	1868	1593	1.32e-54	204	70
MZ463750.1	392	hS00203	54480	76.812	276	5	277	1868	1593	1.61e-53	199	70
MZ463751.1	393	hS00203	54480	77.536	276	5	277	1868	1593	3.11e-56	208	69
MZ463752.1	394	hS00203	54480	77.536	276	5	277	1868	1593	3.12e-56	208	69
MZ463753.1	394	hS00203	54480	77.174	276	5	277	1868	1593	1.33e-54	204	69
MZ463754.1	394	hS00203	54480	78.378	259	5	260	1868	1610	3.80e-55	205	65
MZ463755.1	394	hS00203	54480	77.899	276	5	277	1868	1593	2.56e-57	213	69
MZ463756.1	394	hS00203	54480	77.174	276	5	277	1868	1593	1.33e-54	204	69
MZ463757.1	394	hS00203	54480	77.174	276	5	277	1868	1593	1.33e-54	204	69
MZ463758.1	394	hS00203	54480	77.174	276	5	277	1868	1593	1.33e-54	204	69
MZ463759.1	410	hS00203	54480	77.174	276	5	277	1868	1593	1.38e-54	204	67
FJ751925.1	394	hS00203	54480	77.536	276	5	277	1868	1593	3.12e-56	208	69
FJ751926.1	395	hS00203	54480	77.536	276	5	277	1868	1593	3.13e-56	208	69
FJ751927.1	395	hS00203	54480	77.174	276	5	277	1868	1593	1.33e-54	204	69
FJ751930.1	395	hS00203	54480	77.536	276	5	277	1868	1593	3.13e-56	208	69
FJ751933.1	396	hS00203	54480	77.536	276	6	278	1868	1593	3.14e-56	208	69
FJ751934.1	395	hS00203	54480	77.536	276	6	278	1868	1593	3.13e-56	208	69
MZ463745.1	387	hS00205	54523	77.947	263	12	272	40131	40393	1.07e-55	206	67
MZ463746.1	387	hS00205	54523	77.947	263	12	272	40131	40393	1.07e-55	206	67
MZ463747.1	387	hS00205	54523	77.567	263	12	272	40131	40393	4.55e-54	202	67
MZ463748.1	387	hS00205	54523	77.567	263	12	272	40131	40393	4.55e-54	202	67
MZ463749.1	391	hS00205	54523	77.174	276	5	277	40118	40393	1.32e-54	204	70
MZ463750.1	392	hS00205	54523	76.812	276	5	277	40118	40393	1.61e-53	199	70
MZ463751.1	393	hS00205	54523	77.536	276	5	277	40118	40393	3.11e-56	208	69
MZ463752.1	394	hS00205	54523	77.536	276	5	277	40118	40393	3.12e-56	208	69
MZ463753.1	394	hS00205	54523	77.174	276	5	277	40118	40393	1.33e-54	204	69
MZ463754.1	394	hS00205	54523	78.378	259	5	260	40118	40376	3.80e-55	205	65
MZ463755.1	394	hS00205	54523	77.899	276	5	277	40118	40393	2.56e-57	213	69
MZ463756.1	394	hS00205	54523	77.174	276	5	277	40118	40393	1.33e-54	204	69
MZ463757.1	394	hS00205	54523	77.174	276	5	277	40118	40393	1.33e-54	204	69
MZ463758.1	394	hS00205	54523	77.174	276	5	277	40118	40393	1.33e-54	204	69
MZ463759.1	410	hS00205	54523	77.174	276	5	277	40118	40393	1.38e-54	204	67
FJ751925.1	394	hS00205	54523	77.536	276	5	277	40118	40393	3.12e-56	208	69
FJ751926.1	395	hS00205	54523	77.536	276	5	277	40118	40393	3.13e-56	208	69
FJ751927.1	395	hS00205	54523	77.174	276	5	277	40118	40393	1.33e-54	204	69
FJ751930.1	395	hS00205	54523	77.536	276	5	277	40118	40393	3.13e-56	208	69
FJ751933.1	396	hS00205	54523	77.536	276	6	278	40118	40393	3.14e-56	208	69
FJ751934.1	395	hS00205	54523	77.536	276	6	278	40118	40393	3.13e-56	208	69
MZ463745.1	387	hS00207	54234	77.947	263	12	272	48189	47927	1.06e-55	206	67
MZ463746.1	387	hS00207	54234	77.947	263	12	272	48189	47927	1.06e-55	206	67
MZ463747.1	387	hS00207	54234	77.567	263	12	272	48189	47927	4.52e-54	202	67
MZ463748.1	387	hS00207	54234	77.567	263	12	272	48189	47927	4.52e-54	202	67
MZ463749.1	391	hS00207	54234	77.174	276	5	277	48202	47927	1.31e-54	204	70
MZ463750.1	392	hS00207	54234	76.812	276	5	277	48202	47927	1.60e-53	199	70
MZ463751.1	393	hS00207	54234	77.536	276	5	277	48202	47927	3.10e-56	208	69
MZ463752.1	394	hS00207	54234	77.536	276	5	277	48202	47927	3.11e-56	208	69
MZ463753.1	394	hS00207	54234	77.174	276	5	277	48202	47927	1.32e-54	204	69
MZ463754.1	394	hS00207	54234	78.378	259	5	260	48202	47944	3.78e-55	205	65
MZ463755.1	394	hS00207	54234	77.899	276	5	277	48202	47927	2.55e-57	213	69
MZ463756.1	394	hS00207	54234	77.174	276	5	277	48202	47927	1.32e-54	204	69
MZ463757.1	394	hS00207	54234	77.174	276	5	277	48202	47927	1.32e-54	204	69
MZ463758.1	394	hS00207	54234	77.174	276	5	277	48202	47927	1.32e-54	204	69
MZ463759.1	410	hS00207	54234	77.174	276	5	277	48202	47927	1.38e-54	204	67
FJ751925.1	394	hS00207	54234	77.536	276	5	277	48202	47927	3.11e-56	208	69
FJ751926.1	395	hS00207	54234	77.536	276	5	277	48202	47927	3.11e-56	208	69
FJ751927.1	395	hS00207	54234	77.174	276	5	277	48202	47927	1.32e-54	204	69
FJ751930.1	395	hS00207	54234	77.536	276	5	277	48202	47927	3.11e-56	208	69
FJ751933.1	396	hS00207	54234	77.536	276	6	278	48202	47927	3.12e-56	208	69
FJ751934.1	395	hS00207	54234	77.536	276	6	278	48202	47927	3.11e-56	208	69
MZ463745.1	387	hS00208	53598	77.947	263	12	272	16985	17247	1.05e-55	206	67
MZ463745.1	387	hS00208	53598	77.947	263	12	272	51423	51161	1.05e-55	206	67
MZ463746.1	387	hS00208	53598	77.947	263	12	272	16985	17247	1.05e-55	206	67
MZ463746.1	387	hS00208	53598	77.947	263	12	272	51423	51161	1.05e-55	206	67
MZ463747.1	387	hS00208	53598	77.567	263	12	272	16985	17247	4.47e-54	202	67
MZ463747.1	387	hS00208	53598	77.567	263	12	272	51423	51161	4.47e-54	202	67
MZ463748.1	387	hS00208	53598	77.567	263	12	272	16985	17247	4.47e-54	202	67
MZ463748.1	387	hS00208	53598	77.567	263	12	272	51423	51161	4.47e-54	202	67
MZ463749.1	391	hS00208	53598	77.174	276	5	277	16972	17247	1.29e-54	204	70
MZ463749.1	391	hS00208	53598	77.174	276	5	277	51436	51161	1.29e-54	204	70
MZ463750.1	392	hS00208	53598	76.812	276	5	277	16972	17247	1.58e-53	199	70
MZ463750.1	392	hS00208	53598	76.812	276	5	277	51436	51161	1.58e-53	199	70
MZ463751.1	393	hS00208	53598	77.536	276	5	277	16972	17247	3.06e-56	208	69
MZ463751.1	393	hS00208	53598	77.536	276	5	277	51436	51161	3.06e-56	208	69
MZ463752.1	394	hS00208	53598	77.536	276	5	277	16972	17247	3.07e-56	208	69
MZ463752.1	394	hS00208	53598	77.536	276	5	277	51436	51161	3.07e-56	208	69
MZ463753.1	394	hS00208	53598	77.174	276	5	277	16972	17247	1.31e-54	204	69
MZ463753.1	394	hS00208	53598	77.174	276	5	277	51436	51161	1.31e-54	204	69
MZ463754.1	394	hS00208	53598	78.378	259	5	260	16972	17230	3.74e-55	205	65
MZ463754.1	394	hS00208	53598	78.378	259	5	260	51436	51178	3.74e-55	205	65
MZ463755.1	394	hS00208	53598	77.899	276	5	277	16972	17247	2.52e-57	213	69
MZ463755.1	394	hS00208	53598	77.899	276	5	277	51436	51161	2.52e-57	213	69
MZ463756.1	394	hS00208	53598	77.174	276	5	277	16972	17247	1.31e-54	204	69
MZ463756.1	394	hS00208	53598	77.174	276	5	277	51436	51161	1.31e-54	204	69
MZ463757.1	394	hS00208	53598	77.174	276	5	277	16972	17247	1.31e-54	204	69
MZ463757.1	394	hS00208	53598	77.174	276	5	277	51436	51161	1.31e-54	204	69
MZ463758.1	394	hS00208	53598	77.174	276	5	277	16972	17247	1.31e-54	204	69
MZ463758.1	394	hS00208	53598	77.174	276	5	277	51436	51161	1.31e-54	204	69
MZ463759.1	410	hS00208	53598	77.174	276	5	277	16972	17247	1.36e-54	204	67
MZ463759.1	410	hS00208	53598	77.174	276	5	277	51436	51161	1.36e-54	204	67
FJ751925.1	394	hS00208	53598	77.536	276	5	277	16972	17247	3.07e-56	208	69
FJ751925.1	394	hS00208	53598	77.536	276	5	277	51436	51161	3.07e-56	208	69
FJ751926.1	395	hS00208	53598	77.536	276	5	277	16972	17247	3.08e-56	208	69
FJ751926.1	395	hS00208	53598	77.536	276	5	277	51436	51161	3.08e-56	208	69
FJ751927.1	395	hS00208	53598	77.174	276	5	277	16972	17247	1.31e-54	204	69
FJ751927.1	395	hS00208	53598	77.174	276	5	277	51436	51161	1.31e-54	204	69
FJ751930.1	395	hS00208	53598	77.536	276	5	277	16972	17247	3.08e-56	208	69
FJ751930.1	395	hS00208	53598	77.536	276	5	277	51436	51161	3.08e-56	208	69
FJ751933.1	396	hS00208	53598	77.536	276	6	278	16972	17247	3.09e-56	208	69
FJ751933.1	396	hS00208	53598	77.536	276	6	278	51436	51161	3.09e-56	208	69
FJ751934.1	395	hS00208	53598	77.536	276	6	278	16972	17247	3.08e-56	208	69
FJ751934.1	395	hS00208	53598	77.536	276	6	278	51436	51161	3.08e-56	208	69
MZ463745.1	387	hS00210	53283	77.947	263	12	272	18929	18667	1.05e-55	206	67
MZ463746.1	387	hS00210	53283	77.947	263	12	272	18929	18667	1.05e-55	206	67
MZ463747.1	387	hS00210	53283	77.567	263	12	272	18929	18667	4.45e-54	202	67
MZ463748.1	387	hS00210	53283	77.567	263	12	272	18929	18667	4.45e-54	202	67
MZ463749.1	391	hS00210	53283	77.174	276	5	277	18942	18667	1.29e-54	204	70
MZ463750.1	392	hS00210	53283	76.812	276	5	277	18942	18667	1.57e-53	199	70
MZ463751.1	393	hS00210	53283	77.536	276	5	277	18942	18667	3.04e-56	208	69
MZ463752.1	394	hS00210	53283	77.536	276	5	277	18942	18667	3.05e-56	208	69
MZ463753.1	394	hS00210	53283	77.174	276	5	277	18942	18667	1.30e-54	204	69
MZ463754.1	394	hS00210	53283	78.378	259	5	260	18942	18684	3.72e-55	205	65
MZ463755.1	394	hS00210	53283	77.899	276	5	277	18942	18667	2.51e-57	213	69
MZ463756.1	394	hS00210	53283	77.174	276	5	277	18942	18667	1.30e-54	204	69
MZ463757.1	394	hS00210	53283	77.174	276	5	277	18942	18667	1.30e-54	204	69
MZ463758.1	394	hS00210	53283	77.174	276	5	277	18942	18667	1.30e-54	204	69
MZ463759.1	410	hS00210	53283	77.174	276	5	277	18942	18667	1.35e-54	204	67
FJ751925.1	394	hS00210	53283	77.536	276	5	277	18942	18667	3.05e-56	208	69
FJ751926.1	395	hS00210	53283	77.536	276	5	277	18942	18667	3.06e-56	208	69
FJ751927.1	395	hS00210	53283	77.174	276	5	277	18942	18667	1.30e-54	204	69
FJ751930.1	395	hS00210	53283	77.536	276	5	277	18942	18667	3.06e-56	208	69
FJ751933.1	396	hS00210	53283	77.536	276	6	278	18942	18667	3.07e-56	208	69
FJ751934.1	395	hS00210	53283	77.536	276	6	278	18942	18667	3.06e-56	208	69
MZ463745.1	387	hS00215	52768	77.947	263	12	272	10994	10732	1.04e-55	206	67
MZ463746.1	387	hS00215	52768	77.947	263	12	272	10994	10732	1.04e-55	206	67
MZ463747.1	387	hS00215	52768	77.567	263	12	272	10994	10732	4.40e-54	202	67
MZ463748.1	387	hS00215	52768	77.567	263	12	272	10994	10732	4.40e-54	202	67
MZ463749.1	391	hS00215	52768	77.174	276	5	277	11007	10732	1.27e-54	204	70
MZ463750.1	392	hS00215	52768	76.812	276	5	277	11007	10732	1.56e-53	199	70
MZ463751.1	393	hS00215	52768	77.536	276	5	277	11007	10732	3.01e-56	208	69
MZ463752.1	394	hS00215	52768	77.536	276	5	277	11007	10732	3.02e-56	208	69
MZ463753.1	394	hS00215	52768	77.174	276	5	277	11007	10732	1.29e-54	204	69
MZ463754.1	394	hS00215	52768	78.378	259	5	260	11007	10749	3.68e-55	205	65
MZ463755.1	394	hS00215	52768	77.899	276	5	277	11007	10732	2.48e-57	213	69
MZ463756.1	394	hS00215	52768	77.174	276	5	277	11007	10732	1.29e-54	204	69
MZ463757.1	394	hS00215	52768	77.174	276	5	277	11007	10732	1.29e-54	204	69
MZ463758.1	394	hS00215	52768	77.174	276	5	277	11007	10732	1.29e-54	204	69
MZ463759.1	410	hS00215	52768	77.174	276	5	277	11007	10732	1.34e-54	204	67
FJ751925.1	394	hS00215	52768	77.536	276	5	277	11007	10732	3.02e-56	208	69
FJ751926.1	395	hS00215	52768	77.536	276	5	277	11007	10732	3.03e-56	208	69
FJ751927.1	395	hS00215	52768	77.174	276	5	277	11007	10732	1.29e-54	204	69
FJ751930.1	395	hS00215	52768	77.536	276	5	277	11007	10732	3.03e-56	208	69
FJ751933.1	396	hS00215	52768	77.536	276	6	278	11007	10732	3.04e-56	208	69
FJ751934.1	395	hS00215	52768	77.536	276	6	278	11007	10732	3.03e-56	208	69
MZ463745.1	387	hS00216	52177	77.154	267	12	272	35232	35496	1.17e-48	183	67
MZ463746.1	387	hS00216	52177	77.154	267	12	272	35232	35496	1.17e-48	183	67
MZ463747.1	387	hS00216	52177	76.779	267	12	272	35232	35496	4.97e-47	178	67
MZ463748.1	387	hS00216	52177	76.779	267	12	272	35232	35496	4.97e-47	178	67
MZ463749.1	391	hS00216	52177	76.429	280	5	277	35219	35496	1.44e-47	180	70
MZ463750.1	392	hS00216	52177	76.071	280	5	277	35219	35496	1.76e-46	176	70
MZ463751.1	393	hS00216	52177	76.786	280	5	277	35219	35496	3.40e-49	185	69
MZ463752.1	394	hS00216	52177	76.786	280	5	277	35219	35496	3.41e-49	185	69
MZ463753.1	394	hS00216	52177	76.429	280	5	277	35219	35496	1.45e-47	180	69
MZ463754.1	394	hS00216	52177	77.947	263	5	260	35219	35479	4.15e-48	181	65
MZ463755.1	394	hS00216	52177	77.143	280	5	277	35219	35496	2.80e-50	189	69
MZ463756.1	394	hS00216	52177	76.429	280	5	277	35219	35496	1.45e-47	180	69
MZ463757.1	394	hS00216	52177	76.429	280	5	277	35219	35496	1.45e-47	180	69
MZ463758.1	394	hS00216	52177	76.429	280	5	277	35219	35496	1.45e-47	180	69
MZ463759.1	410	hS00216	52177	76.429	280	5	277	35219	35496	1.51e-47	180	67
FJ751925.1	394	hS00216	52177	76.786	280	5	277	35219	35496	3.41e-49	185	69
FJ751926.1	395	hS00216	52177	76.786	280	5	277	35219	35496	3.42e-49	185	69
FJ751927.1	395	hS00216	52177	76.429	280	5	277	35219	35496	1.45e-47	180	69
FJ751930.1	395	hS00216	52177	76.786	280	5	277	35219	35496	3.42e-49	185	69
FJ751933.1	396	hS00216	52177	76.786	280	6	278	35219	35496	3.43e-49	185	69
FJ751934.1	395	hS00216	52177	76.786	280	6	278	35219	35496	3.42e-49	185	69
MZ463745.1	387	hS00217	52093	77.947	263	12	272	45191	45453	1.02e-55	206	67
MZ463746.1	387	hS00217	52093	77.947	263	12	272	45191	45453	1.02e-55	206	67
MZ463747.1	387	hS00217	52093	77.567	263	12	272	45191	45453	4.35e-54	202	67
MZ463748.1	387	hS00217	52093	77.567	263	12	272	45191	45453	4.35e-54	202	67
MZ463749.1	391	hS00217	52093	77.174	276	5	277	45178	45453	1.26e-54	204	70
MZ463750.1	392	hS00217	52093	76.812	276	5	277	45178	45453	1.54e-53	199	70
MZ463751.1	393	hS00217	52093	77.536	276	5	277	45178	45453	2.98e-56	208	69
MZ463752.1	394	hS00217	52093	77.536	276	5	277	45178	45453	2.98e-56	208	69
MZ463753.1	394	hS00217	52093	77.174	276	5	277	45178	45453	1.27e-54	204	69
MZ463754.1	394	hS00217	52093	78.378	259	5	260	45178	45436	3.64e-55	205	65
MZ463755.1	394	hS00217	52093	77.899	276	5	277	45178	45453	2.45e-57	213	69
MZ463756.1	394	hS00217	52093	77.174	276	5	277	45178	45453	1.27e-54	204	69
MZ463757.1	394	hS00217	52093	77.174	276	5	277	45178	45453	1.27e-54	204	69
MZ463758.1	394	hS00217	52093	77.174	276	5	277	45178	45453	1.27e-54	204	69
MZ463759.1	410	hS00217	52093	77.174	276	5	277	45178	45453	1.32e-54	204	67
FJ751925.1	394	hS00217	52093	77.536	276	5	277	45178	45453	2.98e-56	208	69
FJ751926.1	395	hS00217	52093	77.536	276	5	277	45178	45453	2.99e-56	208	69
FJ751927.1	395	hS00217	52093	77.174	276	5	277	45178	45453	1.27e-54	204	69
FJ751930.1	395	hS00217	52093	77.536	276	5	277	45178	45453	2.99e-56	208	69
FJ751933.1	396	hS00217	52093	77.536	276	6	278	45178	45453	3.00e-56	208	69
FJ751934.1	395	hS00217	52093	77.536	276	6	278	45178	45453	2.99e-56	208	69
MZ463745.1	387	hS00218	52028	77.947	263	12	272	5440	5702	1.02e-55	206	67
MZ463745.1	387	hS00218	52028	77.947	263	12	272	39890	39628	1.02e-55	206	67
MZ463746.1	387	hS00218	52028	77.947	263	12	272	5440	5702	1.02e-55	206	67
MZ463746.1	387	hS00218	52028	77.947	263	12	272	39890	39628	1.02e-55	206	67
MZ463747.1	387	hS00218	52028	77.567	263	12	272	5440	5702	4.34e-54	202	67
MZ463747.1	387	hS00218	52028	77.567	263	12	272	39890	39628	4.34e-54	202	67
MZ463748.1	387	hS00218	52028	77.567	263	12	272	5440	5702	4.34e-54	202	67
MZ463748.1	387	hS00218	52028	77.567	263	12	272	39890	39628	4.34e-54	202	67
MZ463749.1	391	hS00218	52028	77.174	276	5	277	5427	5702	1.26e-54	204	70
MZ463749.1	391	hS00218	52028	77.174	276	5	277	39903	39628	1.26e-54	204	70
MZ463750.1	392	hS00218	52028	76.812	276	5	277	5427	5702	1.54e-53	199	70
MZ463750.1	392	hS00218	52028	76.812	276	5	277	39903	39628	1.54e-53	199	70
MZ463751.1	393	hS00218	52028	77.536	276	5	277	5427	5702	2.97e-56	208	69
MZ463751.1	393	hS00218	52028	77.536	276	5	277	39903	39628	2.97e-56	208	69
MZ463752.1	394	hS00218	52028	77.536	276	5	277	5427	5702	2.98e-56	208	69
MZ463752.1	394	hS00218	52028	77.536	276	5	277	39903	39628	2.98e-56	208	69
MZ463753.1	394	hS00218	52028	77.174	276	5	277	5427	5702	1.27e-54	204	69
MZ463753.1	394	hS00218	52028	77.174	276	5	277	39903	39628	1.27e-54	204	69
MZ463754.1	394	hS00218	52028	78.378	259	5	260	5427	5685	3.63e-55	205	65
MZ463754.1	394	hS00218	52028	78.378	259	5	260	39903	39645	3.63e-55	205	65
MZ463755.1	394	hS00218	52028	77.899	276	5	277	5427	5702	2.45e-57	213	69
MZ463755.1	394	hS00218	52028	77.899	276	5	277	39903	39628	2.45e-57	213	69
MZ463756.1	394	hS00218	52028	77.174	276	5	277	5427	5702	1.27e-54	204	69
MZ463756.1	394	hS00218	52028	77.174	276	5	277	39903	39628	1.27e-54	204	69
MZ463757.1	394	hS00218	52028	77.174	276	5	277	5427	5702	1.27e-54	204	69
MZ463757.1	394	hS00218	52028	77.174	276	5	277	39903	39628	1.27e-54	204	69
MZ463758.1	394	hS00218	52028	77.174	276	5	277	5427	5702	1.27e-54	204	69
MZ463758.1	394	hS00218	52028	77.174	276	5	277	39903	39628	1.27e-54	204	69
MZ463759.1	410	hS00218	52028	77.174	276	5	277	5427	5702	1.32e-54	204	67
MZ463759.1	410	hS00218	52028	77.174	276	5	277	39903	39628	1.32e-54	204	67
FJ751925.1	394	hS00218	52028	77.536	276	5	277	5427	5702	2.98e-56	208	69
FJ751925.1	394	hS00218	52028	77.536	276	5	277	39903	39628	2.98e-56	208	69
FJ751926.1	395	hS00218	52028	77.536	276	5	277	5427	5702	2.99e-56	208	69
FJ751926.1	395	hS00218	52028	77.536	276	5	277	39903	39628	2.99e-56	208	69
FJ751927.1	395	hS00218	52028	77.174	276	5	277	5427	5702	1.27e-54	204	69
FJ751927.1	395	hS00218	52028	77.174	276	5	277	39903	39628	1.27e-54	204	69
FJ751930.1	395	hS00218	52028	77.536	276	5	277	5427	5702	2.99e-56	208	69
FJ751930.1	395	hS00218	52028	77.536	276	5	277	39903	39628	2.99e-56	208	69
FJ751933.1	396	hS00218	52028	77.536	276	6	278	5427	5702	3.00e-56	208	69
FJ751933.1	396	hS00218	52028	77.536	276	6	278	39903	39628	3.00e-56	208	69
FJ751934.1	395	hS00218	52028	77.536	276	6	278	5427	5702	2.99e-56	208	69
FJ751934.1	395	hS00218	52028	77.536	276	6	278	39903	39628	2.99e-56	208	69
MZ463745.1	387	hS00226	50694	77.947	263	12	272	17131	16869	9.95e-56	206	67
MZ463746.1	387	hS00226	50694	77.947	263	12	272	17131	16869	9.95e-56	206	67
MZ463747.1	387	hS00226	50694	77.567	263	12	272	17131	16869	4.23e-54	202	67
MZ463748.1	387	hS00226	50694	77.567	263	12	272	17131	16869	4.23e-54	202	67
MZ463749.1	391	hS00226	50694	77.174	276	5	277	17144	16869	1.22e-54	204	70
MZ463750.1	392	hS00226	50694	76.812	276	5	277	17144	16869	1.50e-53	199	70
MZ463751.1	393	hS00226	50694	77.536	276	5	277	17144	16869	2.90e-56	208	69
MZ463752.1	394	hS00226	50694	77.536	276	5	277	17144	16869	2.90e-56	208	69
MZ463753.1	394	hS00226	50694	77.174	276	5	277	17144	16869	1.23e-54	204	69
MZ463754.1	394	hS00226	50694	78.378	259	5	260	17144	16886	3.54e-55	205	65
MZ463755.1	394	hS00226	50694	77.899	276	5	277	17144	16869	2.38e-57	213	69
MZ463756.1	394	hS00226	50694	77.174	276	5	277	17144	16869	1.23e-54	204	69
MZ463757.1	394	hS00226	50694	77.174	276	5	277	17144	16869	1.23e-54	204	69
MZ463758.1	394	hS00226	50694	77.174	276	5	277	17144	16869	1.23e-54	204	69
MZ463759.1	410	hS00226	50694	77.174	276	5	277	17144	16869	1.29e-54	204	67
FJ751925.1	394	hS00226	50694	77.536	276	5	277	17144	16869	2.90e-56	208	69
FJ751926.1	395	hS00226	50694	77.536	276	5	277	17144	16869	2.91e-56	208	69
FJ751927.1	395	hS00226	50694	77.174	276	5	277	17144	16869	1.24e-54	204	69
FJ751930.1	395	hS00226	50694	77.536	276	5	277	17144	16869	2.91e-56	208	69
FJ751933.1	396	hS00226	50694	77.536	276	6	278	17144	16869	2.92e-56	208	69
FJ751934.1	395	hS00226	50694	77.536	276	6	278	17144	16869	2.91e-56	208	69
MZ463745.1	387	hS00231	49740	77.947	263	12	272	18522	18260	9.76e-56	206	67
MZ463746.1	387	hS00231	49740	77.947	263	12	272	18522	18260	9.76e-56	206	67
MZ463747.1	387	hS00231	49740	77.567	263	12	272	18522	18260	4.15e-54	202	67
MZ463748.1	387	hS00231	49740	77.567	263	12	272	18522	18260	4.15e-54	202	67
MZ463749.1	391	hS00231	49740	77.174	276	5	277	18535	18260	1.20e-54	204	70
MZ463750.1	392	hS00231	49740	76.812	276	5	277	18535	18260	1.47e-53	199	70
MZ463751.1	393	hS00231	49740	77.536	276	5	277	18535	18260	2.84e-56	208	69
MZ463752.1	394	hS00231	49740	77.536	276	5	277	18535	18260	2.85e-56	208	69
MZ463753.1	394	hS00231	49740	77.174	276	5	277	18535	18260	1.21e-54	204	69
MZ463754.1	394	hS00231	49740	78.378	259	5	260	18535	18277	3.47e-55	205	65
MZ463755.1	394	hS00231	49740	77.899	276	5	277	18535	18260	2.34e-57	213	69
MZ463756.1	394	hS00231	49740	77.174	276	5	277	18535	18260	1.21e-54	204	69
MZ463757.1	394	hS00231	49740	77.174	276	5	277	18535	18260	1.21e-54	204	69
MZ463758.1	394	hS00231	49740	77.174	276	5	277	18535	18260	1.21e-54	204	69
MZ463759.1	410	hS00231	49740	77.174	276	5	277	18535	18260	1.26e-54	204	67
FJ751925.1	394	hS00231	49740	77.536	276	5	277	18535	18260	2.85e-56	208	69
FJ751926.1	395	hS00231	49740	77.536	276	5	277	18535	18260	2.86e-56	208	69
FJ751927.1	395	hS00231	49740	77.174	276	5	277	18535	18260	1.21e-54	204	69
FJ751930.1	395	hS00231	49740	77.536	276	5	277	18535	18260	2.86e-56	208	69
FJ751933.1	396	hS00231	49740	77.536	276	6	278	18535	18260	2.86e-56	208	69
FJ751934.1	395	hS00231	49740	77.536	276	6	278	18535	18260	2.86e-56	208	69
MZ463745.1	387	hS00236	48717	77.947	263	12	272	29766	30028	9.56e-56	206	67
MZ463746.1	387	hS00236	48717	77.947	263	12	272	29766	30028	9.56e-56	206	67
MZ463747.1	387	hS00236	48717	77.567	263	12	272	29766	30028	4.06e-54	202	67
MZ463748.1	387	hS00236	48717	77.567	263	12	272	29766	30028	4.06e-54	202	67
MZ463749.1	391	hS00236	48717	77.174	276	5	277	29753	30028	1.18e-54	204	70
MZ463750.1	392	hS00236	48717	76.812	276	5	277	29753	30028	1.44e-53	199	70
MZ463751.1	393	hS00236	48717	77.536	276	5	277	29753	30028	2.78e-56	208	69
MZ463752.1	394	hS00236	48717	77.536	276	5	277	29753	30028	2.79e-56	208	69
MZ463753.1	394	hS00236	48717	77.174	276	5	277	29753	30028	1.19e-54	204	69
MZ463754.1	394	hS00236	48717	78.378	259	5	260	29753	30011	3.40e-55	205	65
MZ463755.1	394	hS00236	48717	77.899	276	5	277	29753	30028	2.29e-57	213	69
MZ463756.1	394	hS00236	48717	77.174	276	5	277	29753	30028	1.19e-54	204	69
MZ463757.1	394	hS00236	48717	77.174	276	5	277	29753	30028	1.19e-54	204	69
MZ463758.1	394	hS00236	48717	77.174	276	5	277	29753	30028	1.19e-54	204	69
MZ463759.1	410	hS00236	48717	77.174	276	5	277	29753	30028	1.24e-54	204	67
FJ751925.1	394	hS00236	48717	77.536	276	5	277	29753	30028	2.79e-56	208	69
FJ751926.1	395	hS00236	48717	77.536	276	5	277	29753	30028	2.80e-56	208	69
FJ751927.1	395	hS00236	48717	77.174	276	5	277	29753	30028	1.19e-54	204	69
FJ751930.1	395	hS00236	48717	77.536	276	5	277	29753	30028	2.80e-56	208	69
FJ751933.1	396	hS00236	48717	77.536	276	6	278	29753	30028	2.81e-56	208	69
FJ751934.1	395	hS00236	48717	77.536	276	6	278	29753	30028	2.80e-56	208	69
MZ463745.1	387	hS00238	48436	77.947	263	12	272	43500	43762	9.50e-56	206	67
MZ463746.1	387	hS00238	48436	77.947	263	12	272	43500	43762	9.50e-56	206	67
MZ463747.1	387	hS00238	48436	77.567	263	12	272	43500	43762	4.04e-54	202	67
MZ463748.1	387	hS00238	48436	77.567	263	12	272	43500	43762	4.04e-54	202	67
MZ463749.1	391	hS00238	48436	77.174	276	5	277	43487	43762	1.17e-54	204	70
MZ463750.1	392	hS00238	48436	76.812	276	5	277	43487	43762	1.43e-53	199	70
MZ463751.1	393	hS00238	48436	77.536	276	5	277	43487	43762	2.77e-56	208	69
MZ463752.1	394	hS00238	48436	77.536	276	5	277	43487	43762	2.77e-56	208	69
MZ463753.1	394	hS00238	48436	77.174	276	5	277	43487	43762	1.18e-54	204	69
MZ463754.1	394	hS00238	48436	78.378	259	5	260	43487	43745	3.38e-55	205	65
MZ463755.1	394	hS00238	48436	77.899	276	5	277	43487	43762	2.28e-57	213	69
MZ463756.1	394	hS00238	48436	77.174	276	5	277	43487	43762	1.18e-54	204	69
MZ463757.1	394	hS00238	48436	77.174	276	5	277	43487	43762	1.18e-54	204	69
MZ463758.1	394	hS00238	48436	77.174	276	5	277	43487	43762	1.18e-54	204	69
MZ463759.1	410	hS00238	48436	77.174	276	5	277	43487	43762	1.23e-54	204	67
FJ751925.1	394	hS00238	48436	77.536	276	5	277	43487	43762	2.77e-56	208	69
FJ751926.1	395	hS00238	48436	77.536	276	5	277	43487	43762	2.78e-56	208	69
FJ751927.1	395	hS00238	48436	77.174	276	5	277	43487	43762	1.18e-54	204	69
FJ751930.1	395	hS00238	48436	77.536	276	5	277	43487	43762	2.78e-56	208	69
FJ751933.1	396	hS00238	48436	77.536	276	6	278	43487	43762	2.79e-56	208	69
FJ751934.1	395	hS00238	48436	77.536	276	6	278	43487	43762	2.78e-56	208	69
MZ463745.1	387	hS00240	48294	77.947	263	12	272	15430	15692	9.47e-56	206	67
MZ463746.1	387	hS00240	48294	77.947	263	12	272	15430	15692	9.47e-56	206	67
MZ463747.1	387	hS00240	48294	77.567	263	12	272	15430	15692	4.03e-54	202	67
MZ463748.1	387	hS00240	48294	77.567	263	12	272	15430	15692	4.03e-54	202	67
MZ463749.1	391	hS00240	48294	77.174	276	5	277	15417	15692	1.17e-54	204	70
MZ463750.1	392	hS00240	48294	76.812	276	5	277	15417	15692	1.43e-53	199	70
MZ463751.1	393	hS00240	48294	77.536	276	5	277	15417	15692	2.76e-56	208	69
MZ463752.1	394	hS00240	48294	77.536	276	5	277	15417	15692	2.77e-56	208	69
MZ463753.1	394	hS00240	48294	77.174	276	5	277	15417	15692	1.18e-54	204	69
MZ463754.1	394	hS00240	48294	78.378	259	5	260	15417	15675	3.37e-55	205	65
MZ463755.1	394	hS00240	48294	77.899	276	5	277	15417	15692	2.27e-57	213	69
MZ463756.1	394	hS00240	48294	77.174	276	5	277	15417	15692	1.18e-54	204	69
MZ463757.1	394	hS00240	48294	77.174	276	5	277	15417	15692	1.18e-54	204	69
MZ463758.1	394	hS00240	48294	77.174	276	5	277	15417	15692	1.18e-54	204	69
MZ463759.1	410	hS00240	48294	77.174	276	5	277	15417	15692	1.23e-54	204	67
FJ751925.1	394	hS00240	48294	77.536	276	5	277	15417	15692	2.77e-56	208	69
FJ751926.1	395	hS00240	48294	77.536	276	5	277	15417	15692	2.77e-56	208	69
FJ751927.1	395	hS00240	48294	77.174	276	5	277	15417	15692	1.18e-54	204	69
FJ751930.1	395	hS00240	48294	77.536	276	5	277	15417	15692	2.77e-56	208	69
FJ751933.1	396	hS00240	48294	77.536	276	6	278	15417	15692	2.78e-56	208	69
FJ751934.1	395	hS00240	48294	77.536	276	6	278	15417	15692	2.77e-56	208	69
MZ463745.1	387	hS00250	47513	77.947	263	12	272	41206	41468	9.32e-56	206	67
MZ463746.1	387	hS00250	47513	77.947	263	12	272	41206	41468	9.32e-56	206	67
MZ463747.1	387	hS00250	47513	77.567	263	12	272	41206	41468	3.96e-54	202	67
MZ463748.1	387	hS00250	47513	77.567	263	12	272	41206	41468	3.96e-54	202	67
MZ463749.1	391	hS00250	47513	77.174	276	5	277	41193	41468	1.15e-54	204	70
MZ463750.1	392	hS00250	47513	76.812	276	5	277	41193	41468	1.40e-53	199	70
MZ463751.1	393	hS00250	47513	77.536	276	5	277	41193	41468	2.71e-56	208	69
MZ463752.1	394	hS00250	47513	77.536	276	5	277	41193	41468	2.72e-56	208	69
MZ463753.1	394	hS00250	47513	77.174	276	5	277	41193	41468	1.16e-54	204	69
MZ463754.1	394	hS00250	47513	78.378	259	5	260	41193	41451	3.32e-55	205	65
MZ463755.1	394	hS00250	47513	77.899	276	5	277	41193	41468	2.23e-57	213	69
MZ463756.1	394	hS00250	47513	77.174	276	5	277	41193	41468	1.16e-54	204	69
MZ463757.1	394	hS00250	47513	77.174	276	5	277	41193	41468	1.16e-54	204	69
MZ463758.1	394	hS00250	47513	77.174	276	5	277	41193	41468	1.16e-54	204	69
MZ463759.1	410	hS00250	47513	77.174	276	5	277	41193	41468	1.21e-54	204	67
FJ751925.1	394	hS00250	47513	77.536	276	5	277	41193	41468	2.72e-56	208	69
FJ751926.1	395	hS00250	47513	77.536	276	5	277	41193	41468	2.73e-56	208	69
FJ751927.1	395	hS00250	47513	77.174	276	5	277	41193	41468	1.16e-54	204	69
FJ751930.1	395	hS00250	47513	77.536	276	5	277	41193	41468	2.73e-56	208	69
FJ751933.1	396	hS00250	47513	77.536	276	6	278	41193	41468	2.74e-56	208	69
FJ751934.1	395	hS00250	47513	77.536	276	6	278	41193	41468	2.73e-56	208	69
MZ463745.1	387	hS00251	47410	79.079	239	12	248	23430	23668	1.38e-53	199	61
MZ463746.1	387	hS00251	47410	79.079	239	12	248	23430	23668	1.38e-53	199	61
MZ463747.1	387	hS00251	47410	78.661	239	12	248	23430	23668	5.87e-52	195	61
MZ463748.1	387	hS00251	47410	78.661	239	12	248	23430	23668	5.87e-52	195	61
MZ463749.1	391	hS00251	47410	78.175	252	5	253	23417	23668	1.70e-52	196	64
MZ463750.1	392	hS00251	47410	77.778	252	5	253	23417	23668	2.08e-51	192	64
MZ463751.1	393	hS00251	47410	78.571	252	5	253	23417	23668	4.02e-54	201	63
MZ463752.1	394	hS00251	47410	78.571	252	5	253	23417	23668	4.03e-54	201	63
MZ463753.1	394	hS00251	47410	78.175	252	5	253	23417	23668	1.71e-52	196	63
MZ463754.1	394	hS00251	47410	78.571	252	5	253	23417	23668	4.03e-54	201	63
MZ463755.1	394	hS00251	47410	78.968	252	5	253	23417	23668	3.31e-55	205	63
MZ463756.1	394	hS00251	47410	78.295	258	5	259	23417	23674	1.15e-54	203	65
MZ463757.1	394	hS00251	47410	78.175	252	5	253	23417	23668	1.71e-52	196	63
MZ463758.1	394	hS00251	47410	78.175	252	5	253	23417	23668	1.71e-52	196	63
MZ463759.1	410	hS00251	47410	78.175	252	5	253	23417	23668	1.79e-52	196	61
FJ751925.1	394	hS00251	47410	78.571	252	5	253	23417	23668	4.03e-54	201	63
FJ751926.1	395	hS00251	47410	78.571	252	5	253	23417	23668	4.04e-54	201	63
FJ751927.1	395	hS00251	47410	78.175	252	5	253	23417	23668	1.72e-52	196	63
FJ751930.1	395	hS00251	47410	78.571	252	5	253	23417	23668	4.04e-54	201	63
FJ751933.1	396	hS00251	47410	78.571	252	6	254	23417	23668	4.05e-54	201	63
FJ751934.1	395	hS00251	47410	78.571	252	6	254	23417	23668	4.04e-54	201	63
MZ463745.1	387	hS00254	46647	77.947	263	12	272	12696	12434	9.15e-56	206	67
MZ463746.1	387	hS00254	46647	77.947	263	12	272	12696	12434	9.15e-56	206	67
MZ463747.1	387	hS00254	46647	77.567	263	12	272	12696	12434	3.89e-54	202	67
MZ463748.1	387	hS00254	46647	77.567	263	12	272	12696	12434	3.89e-54	202	67
MZ463749.1	391	hS00254	46647	77.174	276	5	277	12709	12434	1.13e-54	204	70
MZ463750.1	392	hS00254	46647	76.812	276	5	277	12709	12434	1.38e-53	199	70
MZ463751.1	393	hS00254	46647	77.536	276	5	277	12709	12434	2.66e-56	208	69
MZ463752.1	394	hS00254	46647	77.536	276	5	277	12709	12434	2.67e-56	208	69
MZ463753.1	394	hS00254	46647	77.174	276	5	277	12709	12434	1.14e-54	204	69
MZ463754.1	394	hS00254	46647	78.378	259	5	260	12709	12451	3.25e-55	205	65
MZ463755.1	394	hS00254	46647	77.899	276	5	277	12709	12434	2.19e-57	213	69
MZ463756.1	394	hS00254	46647	77.174	276	5	277	12709	12434	1.14e-54	204	69
MZ463757.1	394	hS00254	46647	77.174	276	5	277	12709	12434	1.14e-54	204	69
MZ463758.1	394	hS00254	46647	77.174	276	5	277	12709	12434	1.14e-54	204	69
MZ463759.1	410	hS00254	46647	77.174	276	5	277	12709	12434	1.18e-54	204	67
FJ751925.1	394	hS00254	46647	77.536	276	5	277	12709	12434	2.67e-56	208	69
FJ751926.1	395	hS00254	46647	77.536	276	5	277	12709	12434	2.68e-56	208	69
FJ751927.1	395	hS00254	46647	77.174	276	5	277	12709	12434	1.14e-54	204	69
FJ751930.1	395	hS00254	46647	77.536	276	5	277	12709	12434	2.68e-56	208	69
FJ751933.1	396	hS00254	46647	77.536	276	6	278	12709	12434	2.69e-56	208	69
FJ751934.1	395	hS00254	46647	77.536	276	6	278	12709	12434	2.68e-56	208	69
MZ463745.1	387	hS00256	46352	77.947	263	12	272	3573	3835	9.09e-56	206	67
MZ463745.1	387	hS00256	46352	77.947	263	12	272	38032	37770	9.09e-56	206	67
MZ463746.1	387	hS00256	46352	77.947	263	12	272	3573	3835	9.09e-56	206	67
MZ463746.1	387	hS00256	46352	77.947	263	12	272	38032	37770	9.09e-56	206	67
MZ463747.1	387	hS00256	46352	77.567	263	12	272	3573	3835	3.87e-54	202	67
MZ463747.1	387	hS00256	46352	77.567	263	12	272	38032	37770	3.87e-54	202	67
MZ463748.1	387	hS00256	46352	77.567	263	12	272	3573	3835	3.87e-54	202	67
MZ463748.1	387	hS00256	46352	77.567	263	12	272	38032	37770	3.87e-54	202	67
MZ463749.1	391	hS00256	46352	77.174	276	5	277	3560	3835	1.12e-54	204	70
MZ463749.1	391	hS00256	46352	77.174	276	5	277	38045	37770	1.12e-54	204	70
MZ463750.1	392	hS00256	46352	76.812	276	5	277	3560	3835	1.37e-53	199	70
MZ463750.1	392	hS00256	46352	76.812	276	5	277	38045	37770	1.37e-53	199	70
MZ463751.1	393	hS00256	46352	77.536	276	5	277	3560	3835	2.65e-56	208	69
MZ463751.1	393	hS00256	46352	77.536	276	5	277	38045	37770	2.65e-56	208	69
MZ463752.1	394	hS00256	46352	77.536	276	5	277	3560	3835	2.65e-56	208	69
MZ463752.1	394	hS00256	46352	77.536	276	5	277	38045	37770	2.65e-56	208	69
MZ463753.1	394	hS00256	46352	77.174	276	5	277	3560	3835	1.13e-54	204	69
MZ463753.1	394	hS00256	46352	77.174	276	5	277	38045	37770	1.13e-54	204	69
MZ463754.1	394	hS00256	46352	78.378	259	5	260	3560	3818	3.23e-55	205	65
MZ463754.1	394	hS00256	46352	78.378	259	5	260	38045	37787	3.23e-55	205	65
MZ463755.1	394	hS00256	46352	77.899	276	5	277	3560	3835	2.18e-57	213	69
MZ463755.1	394	hS00256	46352	77.899	276	5	277	38045	37770	2.18e-57	213	69
MZ463756.1	394	hS00256	46352	77.174	276	5	277	3560	3835	1.13e-54	204	69
MZ463756.1	394	hS00256	46352	77.174	276	5	277	38045	37770	1.13e-54	204	69
MZ463757.1	394	hS00256	46352	77.174	276	5	277	3560	3835	1.13e-54	204	69
MZ463757.1	394	hS00256	46352	77.174	276	5	277	38045	37770	1.13e-54	204	69
MZ463758.1	394	hS00256	46352	77.174	276	5	277	3560	3835	1.13e-54	204	69
MZ463758.1	394	hS00256	46352	77.174	276	5	277	38045	37770	1.13e-54	204	69
MZ463759.1	410	hS00256	46352	77.174	276	5	277	3560	3835	1.18e-54	204	67
MZ463759.1	410	hS00256	46352	77.174	276	5	277	38045	37770	1.18e-54	204	67
FJ751925.1	394	hS00256	46352	77.536	276	5	277	3560	3835	2.65e-56	208	69
FJ751925.1	394	hS00256	46352	77.536	276	5	277	38045	37770	2.65e-56	208	69
FJ751926.1	395	hS00256	46352	77.536	276	5	277	3560	3835	2.66e-56	208	69
FJ751926.1	395	hS00256	46352	77.536	276	5	277	38045	37770	2.66e-56	208	69
FJ751927.1	395	hS00256	46352	77.174	276	5	277	3560	3835	1.13e-54	204	69
FJ751927.1	395	hS00256	46352	77.174	276	5	277	38045	37770	1.13e-54	204	69
FJ751930.1	395	hS00256	46352	77.536	276	5	277	3560	3835	2.66e-56	208	69
FJ751930.1	395	hS00256	46352	77.536	276	5	277	38045	37770	2.66e-56	208	69
FJ751933.1	396	hS00256	46352	77.536	276	6	278	3560	3835	2.67e-56	208	69
FJ751933.1	396	hS00256	46352	77.536	276	6	278	38045	37770	2.67e-56	208	69
FJ751934.1	395	hS00256	46352	77.536	276	6	278	3560	3835	2.66e-56	208	69
FJ751934.1	395	hS00256	46352	77.536	276	6	278	38045	37770	2.66e-56	208	69
MZ463745.1	387	hS00257	46320	77.947	263	12	272	30679	30941	9.09e-56	206	67
MZ463746.1	387	hS00257	46320	77.947	263	12	272	30679	30941	9.09e-56	206	67
MZ463747.1	387	hS00257	46320	77.567	263	12	272	30679	30941	3.86e-54	202	67
MZ463748.1	387	hS00257	46320	77.567	263	12	272	30679	30941	3.86e-54	202	67
MZ463749.1	391	hS00257	46320	77.174	276	5	277	30666	30941	1.12e-54	204	70
MZ463750.1	392	hS00257	46320	76.812	276	5	277	30666	30941	1.37e-53	199	70
MZ463751.1	393	hS00257	46320	77.536	276	5	277	30666	30941	2.65e-56	208	69
MZ463752.1	394	hS00257	46320	77.536	276	5	277	30666	30941	2.65e-56	208	69
MZ463753.1	394	hS00257	46320	77.174	276	5	277	30666	30941	1.13e-54	204	69
MZ463754.1	394	hS00257	46320	78.378	259	5	260	30666	30924	3.23e-55	205	65
MZ463755.1	394	hS00257	46320	77.899	276	5	277	30666	30941	2.18e-57	213	69
MZ463756.1	394	hS00257	46320	77.174	276	5	277	30666	30941	1.13e-54	204	69
MZ463757.1	394	hS00257	46320	77.174	276	5	277	30666	30941	1.13e-54	204	69
MZ463758.1	394	hS00257	46320	77.174	276	5	277	30666	30941	1.13e-54	204	69
MZ463759.1	410	hS00257	46320	77.174	276	5	277	30666	30941	1.18e-54	204	67
FJ751925.1	394	hS00257	46320	77.536	276	5	277	30666	30941	2.65e-56	208	69
FJ751926.1	395	hS00257	46320	77.536	276	5	277	30666	30941	2.66e-56	208	69
FJ751927.1	395	hS00257	46320	77.174	276	5	277	30666	30941	1.13e-54	204	69
FJ751930.1	395	hS00257	46320	77.536	276	5	277	30666	30941	2.66e-56	208	69
FJ751933.1	396	hS00257	46320	77.536	276	6	278	30666	30941	2.67e-56	208	69
FJ751934.1	395	hS00257	46320	77.536	276	6	278	30666	30941	2.66e-56	208	69
MZ463745.1	387	hS00261	45944	77.947	263	12	272	15844	16106	9.01e-56	206	67
MZ463746.1	387	hS00261	45944	77.947	263	12	272	15844	16106	9.01e-56	206	67
MZ463747.1	387	hS00261	45944	77.567	263	12	272	15844	16106	3.83e-54	202	67
MZ463748.1	387	hS00261	45944	77.567	263	12	272	15844	16106	3.83e-54	202	67
MZ463749.1	391	hS00261	45944	77.174	276	5	277	15831	16106	1.11e-54	204	70
MZ463750.1	392	hS00261	45944	76.812	276	5	277	15831	16106	1.36e-53	199	70
MZ463751.1	393	hS00261	45944	77.536	276	5	277	15831	16106	2.62e-56	208	69
MZ463752.1	394	hS00261	45944	77.536	276	5	277	15831	16106	2.63e-56	208	69
MZ463753.1	394	hS00261	45944	77.174	276	5	277	15831	16106	1.12e-54	204	69
MZ463754.1	394	hS00261	45944	78.378	259	5	260	15831	16089	3.21e-55	205	65
MZ463755.1	394	hS00261	45944	77.899	276	5	277	15831	16106	2.16e-57	213	69
MZ463756.1	394	hS00261	45944	77.174	276	5	277	15831	16106	1.12e-54	204	69
MZ463757.1	394	hS00261	45944	77.174	276	5	277	15831	16106	1.12e-54	204	69
MZ463758.1	394	hS00261	45944	77.174	276	5	277	15831	16106	1.12e-54	204	69
MZ463759.1	410	hS00261	45944	77.174	276	5	277	15831	16106	1.17e-54	204	67
FJ751925.1	394	hS00261	45944	77.536	276	5	277	15831	16106	2.63e-56	208	69
FJ751926.1	395	hS00261	45944	77.536	276	5	277	15831	16106	2.64e-56	208	69
FJ751927.1	395	hS00261	45944	77.174	276	5	277	15831	16106	1.12e-54	204	69
FJ751930.1	395	hS00261	45944	77.536	276	5	277	15831	16106	2.64e-56	208	69
FJ751933.1	396	hS00261	45944	77.536	276	6	278	15831	16106	2.65e-56	208	69
FJ751934.1	395	hS00261	45944	77.536	276	6	278	15831	16106	2.64e-56	208	69
MZ463745.1	387	hS00265	45525	77.947	263	12	272	38708	38970	8.93e-56	206	67
MZ463746.1	387	hS00265	45525	77.947	263	12	272	38708	38970	8.93e-56	206	67
MZ463747.1	387	hS00265	45525	77.567	263	12	272	38708	38970	3.80e-54	202	67
MZ463748.1	387	hS00265	45525	77.567	263	12	272	38708	38970	3.80e-54	202	67
MZ463749.1	391	hS00265	45525	77.174	276	5	277	38695	38970	1.10e-54	204	70
MZ463750.1	392	hS00265	45525	76.812	276	5	277	38695	38970	1.34e-53	199	70
MZ463751.1	393	hS00265	45525	77.536	276	5	277	38695	38970	2.60e-56	208	69
MZ463752.1	394	hS00265	45525	77.536	276	5	277	38695	38970	2.61e-56	208	69
MZ463753.1	394	hS00265	45525	77.174	276	5	277	38695	38970	1.11e-54	204	69
MZ463754.1	394	hS00265	45525	78.378	259	5	260	38695	38953	3.18e-55	205	65
MZ463755.1	394	hS00265	45525	77.899	276	5	277	38695	38970	2.14e-57	213	69
MZ463756.1	394	hS00265	45525	77.174	276	5	277	38695	38970	1.11e-54	204	69
MZ463757.1	394	hS00265	45525	77.174	276	5	277	38695	38970	1.11e-54	204	69
MZ463758.1	394	hS00265	45525	77.174	276	5	277	38695	38970	1.11e-54	204	69
MZ463759.1	410	hS00265	45525	77.174	276	5	277	38695	38970	1.16e-54	204	67
FJ751925.1	394	hS00265	45525	77.536	276	5	277	38695	38970	2.61e-56	208	69
FJ751926.1	395	hS00265	45525	77.536	276	5	277	38695	38970	2.61e-56	208	69
FJ751927.1	395	hS00265	45525	77.174	276	5	277	38695	38970	1.11e-54	204	69
FJ751930.1	395	hS00265	45525	77.536	276	5	277	38695	38970	2.61e-56	208	69
FJ751933.1	396	hS00265	45525	77.536	276	6	278	38695	38970	2.62e-56	208	69
FJ751934.1	395	hS00265	45525	77.536	276	6	278	38695	38970	2.61e-56	208	69
MZ463745.1	387	hS00266	45393	77.947	263	12	272	1788	2050	8.91e-56	206	67
MZ463745.1	387	hS00266	45393	77.947	263	12	272	36244	35982	8.91e-56	206	67
MZ463746.1	387	hS00266	45393	77.947	263	12	272	1788	2050	8.91e-56	206	67
MZ463746.1	387	hS00266	45393	77.947	263	12	272	36244	35982	8.91e-56	206	67
MZ463747.1	387	hS00266	45393	77.567	263	12	272	1788	2050	3.79e-54	202	67
MZ463747.1	387	hS00266	45393	77.567	263	12	272	36244	35982	3.79e-54	202	67
MZ463748.1	387	hS00266	45393	77.567	263	12	272	1788	2050	3.79e-54	202	67
MZ463748.1	387	hS00266	45393	77.567	263	12	272	36244	35982	3.79e-54	202	67
MZ463749.1	391	hS00266	45393	77.174	276	5	277	1775	2050	1.10e-54	204	70
MZ463749.1	391	hS00266	45393	77.174	276	5	277	36257	35982	1.10e-54	204	70
MZ463750.1	392	hS00266	45393	76.812	276	5	277	1775	2050	1.34e-53	199	70
MZ463750.1	392	hS00266	45393	76.812	276	5	277	36257	35982	1.34e-53	199	70
MZ463751.1	393	hS00266	45393	77.536	276	5	277	1775	2050	2.59e-56	208	69
MZ463751.1	393	hS00266	45393	77.536	276	5	277	36257	35982	2.59e-56	208	69
MZ463752.1	394	hS00266	45393	77.536	276	5	277	1775	2050	2.60e-56	208	69
MZ463752.1	394	hS00266	45393	77.536	276	5	277	36257	35982	2.60e-56	208	69
MZ463753.1	394	hS00266	45393	77.174	276	5	277	1775	2050	1.11e-54	204	69
MZ463753.1	394	hS00266	45393	77.174	276	5	277	36257	35982	1.11e-54	204	69
MZ463754.1	394	hS00266	45393	78.378	259	5	260	1775	2033	3.17e-55	205	65
MZ463754.1	394	hS00266	45393	78.378	259	5	260	36257	35999	3.17e-55	205	65
MZ463755.1	394	hS00266	45393	77.899	276	5	277	1775	2050	2.13e-57	213	69
MZ463755.1	394	hS00266	45393	77.899	276	5	277	36257	35982	2.13e-57	213	69
MZ463756.1	394	hS00266	45393	77.174	276	5	277	1775	2050	1.11e-54	204	69
MZ463756.1	394	hS00266	45393	77.174	276	5	277	36257	35982	1.11e-54	204	69
MZ463757.1	394	hS00266	45393	77.174	276	5	277	1775	2050	1.11e-54	204	69
MZ463757.1	394	hS00266	45393	77.174	276	5	277	36257	35982	1.11e-54	204	69
MZ463758.1	394	hS00266	45393	77.174	276	5	277	1775	2050	1.11e-54	204	69
MZ463758.1	394	hS00266	45393	77.174	276	5	277	36257	35982	1.11e-54	204	69
MZ463759.1	410	hS00266	45393	77.174	276	5	277	1775	2050	1.15e-54	204	67
MZ463759.1	410	hS00266	45393	77.174	276	5	277	36257	35982	1.15e-54	204	67
FJ751925.1	394	hS00266	45393	77.536	276	5	277	1775	2050	2.60e-56	208	69
FJ751925.1	394	hS00266	45393	77.536	276	5	277	36257	35982	2.60e-56	208	69
FJ751926.1	395	hS00266	45393	77.536	276	5	277	1775	2050	2.61e-56	208	69
FJ751926.1	395	hS00266	45393	77.536	276	5	277	36257	35982	2.61e-56	208	69
FJ751927.1	395	hS00266	45393	77.174	276	5	277	1775	2050	1.11e-54	204	69
FJ751927.1	395	hS00266	45393	77.174	276	5	277	36257	35982	1.11e-54	204	69
FJ751930.1	395	hS00266	45393	77.536	276	5	277	1775	2050	2.61e-56	208	69
FJ751930.1	395	hS00266	45393	77.536	276	5	277	36257	35982	2.61e-56	208	69
FJ751933.1	396	hS00266	45393	77.536	276	6	278	1775	2050	2.61e-56	208	69
FJ751933.1	396	hS00266	45393	77.536	276	6	278	36257	35982	2.61e-56	208	69
FJ751934.1	395	hS00266	45393	77.536	276	6	278	1775	2050	2.61e-56	208	69
FJ751934.1	395	hS00266	45393	77.536	276	6	278	36257	35982	2.61e-56	208	69
MZ463745.1	387	hS00267	45165	77.947	263	12	272	10720	10982	8.86e-56	206	67
MZ463745.1	387	hS00267	45165	77.947	263	12	272	45158	44896	8.86e-56	206	67
MZ463746.1	387	hS00267	45165	77.947	263	12	272	10720	10982	8.86e-56	206	67
MZ463746.1	387	hS00267	45165	77.947	263	12	272	45158	44896	8.86e-56	206	67
MZ463747.1	387	hS00267	45165	77.567	263	12	272	10720	10982	3.77e-54	202	67
MZ463747.1	387	hS00267	45165	77.567	263	12	272	45158	44896	3.77e-54	202	67
MZ463748.1	387	hS00267	45165	77.567	263	12	272	10720	10982	3.77e-54	202	67
MZ463748.1	387	hS00267	45165	77.567	263	12	272	45158	44896	3.77e-54	202	67
MZ463749.1	391	hS00267	45165	77.174	276	5	277	10707	10982	1.09e-54	204	70
MZ463749.1	391	hS00267	45165	77.567	263	17	277	45158	44896	3.81e-54	202	70
MZ463750.1	392	hS00267	45165	76.812	276	5	277	10707	10982	1.33e-53	199	70
MZ463750.1	392	hS00267	45165	77.186	263	17	277	45158	44896	4.65e-53	197	70
MZ463751.1	393	hS00267	45165	77.536	276	5	277	10707	10982	2.58e-56	208	69
MZ463751.1	393	hS00267	45165	77.947	263	17	277	45158	44896	9.00e-56	206	69
MZ463752.1	394	hS00267	45165	77.536	276	5	277	10707	10982	2.59e-56	208	69
MZ463752.1	394	hS00267	45165	77.947	263	17	277	45158	44896	9.03e-56	206	69
MZ463753.1	394	hS00267	45165	77.174	276	5	277	10707	10982	1.10e-54	204	69
MZ463753.1	394	hS00267	45165	77.567	263	17	277	45158	44896	3.84e-54	202	69
MZ463754.1	394	hS00267	45165	78.378	259	5	260	10707	10965	3.15e-55	205	65
MZ463754.1	394	hS00267	45165	78.862	246	17	260	45158	44913	1.10e-54	203	65
MZ463755.1	394	hS00267	45165	77.899	276	5	277	10707	10982	2.12e-57	213	69
MZ463755.1	394	hS00267	45165	78.327	263	17	277	45158	44896	7.41e-57	211	69
MZ463756.1	394	hS00267	45165	77.174	276	5	277	10707	10982	1.10e-54	204	69
MZ463756.1	394	hS00267	45165	77.567	263	17	277	45158	44896	3.84e-54	202	69
MZ463757.1	394	hS00267	45165	77.174	276	5	277	10707	10982	1.10e-54	204	69
MZ463757.1	394	hS00267	45165	77.567	263	17	277	45158	44896	3.84e-54	202	69
MZ463758.1	394	hS00267	45165	77.174	276	5	277	10707	10982	1.10e-54	204	69
MZ463758.1	394	hS00267	45165	77.567	263	17	277	45158	44896	3.84e-54	202	69
MZ463759.1	410	hS00267	45165	77.174	276	5	277	10707	10982	1.15e-54	204	67
MZ463759.1	410	hS00267	45165	77.567	263	17	277	45158	44896	4.00e-54	202	67
FJ751925.1	394	hS00267	45165	77.536	276	5	277	10707	10982	2.59e-56	208	69
FJ751925.1	394	hS00267	45165	77.947	263	17	277	45158	44896	9.03e-56	206	69
FJ751926.1	395	hS00267	45165	77.536	276	5	277	10707	10982	2.59e-56	208	69
FJ751926.1	395	hS00267	45165	77.947	263	17	277	45158	44896	9.05e-56	206	69
FJ751927.1	395	hS00267	45165	77.174	276	5	277	10707	10982	1.10e-54	204	69
FJ751927.1	395	hS00267	45165	77.567	263	17	277	45158	44896	3.85e-54	202	69
FJ751930.1	395	hS00267	45165	77.536	276	5	277	10707	10982	2.59e-56	208	69
FJ751930.1	395	hS00267	45165	77.947	263	17	277	45158	44896	9.05e-56	206	69
FJ751933.1	396	hS00267	45165	77.536	276	6	278	10707	10982	2.60e-56	208	69
FJ751933.1	396	hS00267	45165	77.947	263	18	278	45158	44896	9.08e-56	206	69
FJ751934.1	395	hS00267	45165	77.536	276	6	278	10707	10982	2.59e-56	208	69
FJ751934.1	395	hS00267	45165	77.947	263	18	278	45158	44896	9.05e-56	206	69
MZ463745.1	387	hS00269	45042	77.947	263	12	272	7568	7830	8.84e-56	206	67
MZ463745.1	387	hS00269	45042	77.947	263	12	272	42070	41808	8.84e-56	206	67
MZ463746.1	387	hS00269	45042	77.947	263	12	272	7568	7830	8.84e-56	206	67
MZ463746.1	387	hS00269	45042	77.947	263	12	272	42070	41808	8.84e-56	206	67
MZ463747.1	387	hS00269	45042	77.567	263	12	272	7568	7830	3.76e-54	202	67
MZ463747.1	387	hS00269	45042	77.567	263	12	272	42070	41808	3.76e-54	202	67
MZ463748.1	387	hS00269	45042	77.567	263	12	272	7568	7830	3.76e-54	202	67
MZ463748.1	387	hS00269	45042	77.567	263	12	272	42070	41808	3.76e-54	202	67
MZ463749.1	391	hS00269	45042	77.174	276	5	277	7555	7830	1.09e-54	204	70
MZ463749.1	391	hS00269	45042	77.174	276	5	277	42083	41808	1.09e-54	204	70
MZ463750.1	392	hS00269	45042	76.812	276	5	277	7555	7830	1.33e-53	199	70
MZ463750.1	392	hS00269	45042	76.812	276	5	277	42083	41808	1.33e-53	199	70
MZ463751.1	393	hS00269	45042	77.536	276	5	277	7555	7830	2.57e-56	208	69
MZ463751.1	393	hS00269	45042	77.536	276	5	277	42083	41808	2.57e-56	208	69
MZ463752.1	394	hS00269	45042	77.536	276	5	277	7555	7830	2.58e-56	208	69
MZ463752.1	394	hS00269	45042	77.536	276	5	277	42083	41808	2.58e-56	208	69
MZ463753.1	394	hS00269	45042	77.174	276	5	277	7555	7830	1.10e-54	204	69
MZ463753.1	394	hS00269	45042	77.174	276	5	277	42083	41808	1.10e-54	204	69
MZ463754.1	394	hS00269	45042	78.378	259	5	260	7555	7813	3.14e-55	205	65
MZ463754.1	394	hS00269	45042	78.378	259	5	260	42083	41825	3.14e-55	205	65
MZ463755.1	394	hS00269	45042	77.899	276	5	277	7555	7830	2.12e-57	213	69
MZ463755.1	394	hS00269	45042	77.899	276	5	277	42083	41808	2.12e-57	213	69
MZ463756.1	394	hS00269	45042	77.174	276	5	277	7555	7830	1.10e-54	204	69
MZ463756.1	394	hS00269	45042	77.174	276	5	277	42083	41808	1.10e-54	204	69
MZ463757.1	394	hS00269	45042	77.174	276	5	277	7555	7830	1.10e-54	204	69
MZ463757.1	394	hS00269	45042	77.174	276	5	277	42083	41808	1.10e-54	204	69
MZ463758.1	394	hS00269	45042	77.174	276	5	277	7555	7830	1.10e-54	204	69
MZ463758.1	394	hS00269	45042	77.174	276	5	277	42083	41808	1.10e-54	204	69
MZ463759.1	410	hS00269	45042	77.174	276	5	277	7555	7830	1.14e-54	204	67
MZ463759.1	410	hS00269	45042	77.174	276	5	277	42083	41808	1.14e-54	204	67
FJ751925.1	394	hS00269	45042	77.536	276	5	277	7555	7830	2.58e-56	208	69
FJ751925.1	394	hS00269	45042	77.536	276	5	277	42083	41808	2.58e-56	208	69
FJ751926.1	395	hS00269	45042	77.536	276	5	277	7555	7830	2.59e-56	208	69
FJ751926.1	395	hS00269	45042	77.536	276	5	277	42083	41808	2.59e-56	208	69
FJ751927.1	395	hS00269	45042	77.174	276	5	277	7555	7830	1.10e-54	204	69
FJ751927.1	395	hS00269	45042	77.174	276	5	277	42083	41808	1.10e-54	204	69
FJ751930.1	395	hS00269	45042	77.536	276	5	277	7555	7830	2.59e-56	208	69
FJ751930.1	395	hS00269	45042	77.536	276	5	277	42083	41808	2.59e-56	208	69
FJ751933.1	396	hS00269	45042	77.536	276	6	278	7555	7830	2.59e-56	208	69
FJ751933.1	396	hS00269	45042	77.536	276	6	278	42083	41808	2.59e-56	208	69
FJ751934.1	395	hS00269	45042	77.536	276	6	278	7555	7830	2.59e-56	208	69
FJ751934.1	395	hS00269	45042	77.536	276	6	278	42083	41808	2.59e-56	208	69
MZ463745.1	387	hS00271	43946	77.947	263	12	272	8481	8219	8.62e-56	206	67
MZ463746.1	387	hS00271	43946	77.947	263	12	272	8481	8219	8.62e-56	206	67
MZ463747.1	387	hS00271	43946	77.567	263	12	272	8481	8219	3.67e-54	202	67
MZ463748.1	387	hS00271	43946	77.567	263	12	272	8481	8219	3.67e-54	202	67
MZ463749.1	391	hS00271	43946	77.174	276	5	277	8494	8219	1.06e-54	204	70
MZ463750.1	392	hS00271	43946	76.812	276	5	277	8494	8219	1.30e-53	199	70
MZ463751.1	393	hS00271	43946	77.536	276	5	277	8494	8219	2.51e-56	208	69
MZ463752.1	394	hS00271	43946	77.536	276	5	277	8494	8219	2.52e-56	208	69
MZ463753.1	394	hS00271	43946	77.174	276	5	277	8494	8219	1.07e-54	204	69
MZ463754.1	394	hS00271	43946	78.378	259	5	260	8494	8236	3.07e-55	205	65
MZ463755.1	394	hS00271	43946	77.899	276	5	277	8494	8219	2.07e-57	213	69
MZ463756.1	394	hS00271	43946	77.174	276	5	277	8494	8219	1.07e-54	204	69
MZ463757.1	394	hS00271	43946	77.174	276	5	277	8494	8219	1.07e-54	204	69
MZ463758.1	394	hS00271	43946	77.174	276	5	277	8494	8219	1.07e-54	204	69
MZ463759.1	410	hS00271	43946	77.174	276	5	277	8494	8219	1.12e-54	204	67
FJ751925.1	394	hS00271	43946	77.536	276	5	277	8494	8219	2.52e-56	208	69
FJ751926.1	395	hS00271	43946	77.536	276	5	277	8494	8219	2.52e-56	208	69
FJ751927.1	395	hS00271	43946	77.174	276	5	277	8494	8219	1.07e-54	204	69
FJ751930.1	395	hS00271	43946	77.536	276	5	277	8494	8219	2.52e-56	208	69
FJ751933.1	396	hS00271	43946	77.536	276	6	278	8494	8219	2.53e-56	208	69
FJ751934.1	395	hS00271	43946	77.536	276	6	278	8494	8219	2.52e-56	208	69
MZ463745.1	387	hS00278	43431	77.947	263	12	272	25142	24880	8.52e-56	206	67
MZ463746.1	387	hS00278	43431	77.947	263	12	272	25142	24880	8.52e-56	206	67
MZ463747.1	387	hS00278	43431	77.567	263	12	272	25142	24880	3.62e-54	202	67
MZ463748.1	387	hS00278	43431	77.567	263	12	272	25142	24880	3.62e-54	202	67
MZ463749.1	391	hS00278	43431	77.174	276	5	277	25155	24880	1.05e-54	204	70
MZ463750.1	392	hS00278	43431	76.812	276	5	277	25155	24880	1.28e-53	199	70
MZ463751.1	393	hS00278	43431	77.536	276	5	277	25155	24880	2.48e-56	208	69
MZ463752.1	394	hS00278	43431	77.536	276	5	277	25155	24880	2.49e-56	208	69
MZ463753.1	394	hS00278	43431	77.174	276	5	277	25155	24880	1.06e-54	204	69
MZ463754.1	394	hS00278	43431	78.378	259	5	260	25155	24897	3.03e-55	205	65
MZ463755.1	394	hS00278	43431	77.899	276	5	277	25155	24880	2.04e-57	213	69
MZ463756.1	394	hS00278	43431	77.174	276	5	277	25155	24880	1.06e-54	204	69
MZ463757.1	394	hS00278	43431	77.174	276	5	277	25155	24880	1.06e-54	204	69
MZ463758.1	394	hS00278	43431	77.174	276	5	277	25155	24880	1.06e-54	204	69
MZ463759.1	410	hS00278	43431	77.174	276	5	277	25155	24880	1.10e-54	204	67
FJ751925.1	394	hS00278	43431	77.536	276	5	277	25155	24880	2.49e-56	208	69
FJ751926.1	395	hS00278	43431	77.536	276	5	277	25155	24880	2.49e-56	208	69
FJ751927.1	395	hS00278	43431	77.174	276	5	277	25155	24880	1.06e-54	204	69
FJ751930.1	395	hS00278	43431	77.536	276	5	277	25155	24880	2.49e-56	208	69
FJ751933.1	396	hS00278	43431	77.536	276	6	278	25155	24880	2.50e-56	208	69
FJ751934.1	395	hS00278	43431	77.536	276	6	278	25155	24880	2.49e-56	208	69
MZ463745.1	387	hS00279	43393	77.947	263	12	272	10465	10727	8.51e-56	206	67
MZ463746.1	387	hS00279	43393	77.947	263	12	272	10465	10727	8.51e-56	206	67
MZ463747.1	387	hS00279	43393	77.567	263	12	272	10465	10727	3.62e-54	202	67
MZ463748.1	387	hS00279	43393	77.567	263	12	272	10465	10727	3.62e-54	202	67
MZ463749.1	391	hS00279	43393	77.174	276	5	277	10452	10727	1.05e-54	204	70
MZ463750.1	392	hS00279	43393	76.812	276	5	277	10452	10727	1.28e-53	199	70
MZ463751.1	393	hS00279	43393	77.536	276	5	277	10452	10727	2.48e-56	208	69
MZ463752.1	394	hS00279	43393	77.536	276	5	277	10452	10727	2.49e-56	208	69
MZ463753.1	394	hS00279	43393	77.174	276	5	277	10452	10727	1.06e-54	204	69
MZ463754.1	394	hS00279	43393	78.378	259	5	260	10452	10710	3.03e-55	205	65
MZ463755.1	394	hS00279	43393	77.899	276	5	277	10452	10727	2.04e-57	213	69
MZ463756.1	394	hS00279	43393	77.174	276	5	277	10452	10727	1.06e-54	204	69
MZ463757.1	394	hS00279	43393	77.174	276	5	277	10452	10727	1.06e-54	204	69
MZ463758.1	394	hS00279	43393	77.174	276	5	277	10452	10727	1.06e-54	204	69
MZ463759.1	410	hS00279	43393	77.174	276	5	277	10452	10727	1.10e-54	204	67
FJ751925.1	394	hS00279	43393	77.536	276	5	277	10452	10727	2.49e-56	208	69
FJ751926.1	395	hS00279	43393	77.536	276	5	277	10452	10727	2.49e-56	208	69
FJ751927.1	395	hS00279	43393	77.174	276	5	277	10452	10727	1.06e-54	204	69
FJ751930.1	395	hS00279	43393	77.536	276	5	277	10452	10727	2.49e-56	208	69
FJ751933.1	396	hS00279	43393	77.536	276	6	278	10452	10727	2.50e-56	208	69
FJ751934.1	395	hS00279	43393	77.536	276	6	278	10452	10727	2.49e-56	208	69
MZ463745.1	387	hS00280	43332	77.947	263	12	272	4960	5222	8.50e-56	206	67
MZ463745.1	387	hS00280	43332	77.947	263	12	272	39415	39153	8.50e-56	206	67
MZ463746.1	387	hS00280	43332	77.947	263	12	272	4960	5222	8.50e-56	206	67
MZ463746.1	387	hS00280	43332	77.947	263	12	272	39415	39153	8.50e-56	206	67
MZ463747.1	387	hS00280	43332	77.567	263	12	272	4960	5222	3.61e-54	202	67
MZ463747.1	387	hS00280	43332	77.567	263	12	272	39415	39153	3.61e-54	202	67
MZ463748.1	387	hS00280	43332	77.567	263	12	272	4960	5222	3.61e-54	202	67
MZ463748.1	387	hS00280	43332	77.567	263	12	272	39415	39153	3.61e-54	202	67
MZ463749.1	391	hS00280	43332	77.174	276	5	277	4947	5222	1.05e-54	204	70
MZ463749.1	391	hS00280	43332	77.174	276	5	277	39428	39153	1.05e-54	204	70
MZ463750.1	392	hS00280	43332	76.812	276	5	277	4947	5222	1.28e-53	199	70
MZ463750.1	392	hS00280	43332	76.812	276	5	277	39428	39153	1.28e-53	199	70
MZ463751.1	393	hS00280	43332	77.536	276	5	277	4947	5222	2.48e-56	208	69
MZ463751.1	393	hS00280	43332	77.536	276	5	277	39428	39153	2.48e-56	208	69
MZ463752.1	394	hS00280	43332	77.536	276	5	277	4947	5222	2.48e-56	208	69
MZ463752.1	394	hS00280	43332	77.536	276	5	277	39428	39153	2.48e-56	208	69
MZ463753.1	394	hS00280	43332	77.174	276	5	277	4947	5222	1.06e-54	204	69
MZ463753.1	394	hS00280	43332	77.174	276	5	277	39428	39153	1.06e-54	204	69
MZ463754.1	394	hS00280	43332	78.378	259	5	260	4947	5205	3.02e-55	205	65
MZ463754.1	394	hS00280	43332	78.378	259	5	260	39428	39170	3.02e-55	205	65
MZ463755.1	394	hS00280	43332	77.899	276	5	277	4947	5222	2.04e-57	213	69
MZ463755.1	394	hS00280	43332	77.899	276	5	277	39428	39153	2.04e-57	213	69
MZ463756.1	394	hS00280	43332	77.174	276	5	277	4947	5222	1.06e-54	204	69
MZ463756.1	394	hS00280	43332	77.174	276	5	277	39428	39153	1.06e-54	204	69
MZ463757.1	394	hS00280	43332	77.174	276	5	277	4947	5222	1.06e-54	204	69
MZ463757.1	394	hS00280	43332	77.174	276	5	277	39428	39153	1.06e-54	204	69
MZ463758.1	394	hS00280	43332	77.174	276	5	277	4947	5222	1.06e-54	204	69
MZ463758.1	394	hS00280	43332	77.174	276	5	277	39428	39153	1.06e-54	204	69
MZ463759.1	410	hS00280	43332	77.174	276	5	277	4947	5222	1.10e-54	204	67
MZ463759.1	410	hS00280	43332	77.174	276	5	277	39428	39153	1.10e-54	204	67
FJ751925.1	394	hS00280	43332	77.536	276	5	277	4947	5222	2.48e-56	208	69
FJ751925.1	394	hS00280	43332	77.536	276	5	277	39428	39153	2.48e-56	208	69
FJ751926.1	395	hS00280	43332	77.536	276	5	277	4947	5222	2.49e-56	208	69
FJ751926.1	395	hS00280	43332	77.536	276	5	277	39428	39153	2.49e-56	208	69
FJ751927.1	395	hS00280	43332	77.174	276	5	277	4947	5222	1.06e-54	204	69
FJ751927.1	395	hS00280	43332	77.174	276	5	277	39428	39153	1.06e-54	204	69
FJ751930.1	395	hS00280	43332	77.536	276	5	277	4947	5222	2.49e-56	208	69
FJ751930.1	395	hS00280	43332	77.536	276	5	277	39428	39153	2.49e-56	208	69
FJ751933.1	396	hS00280	43332	77.536	276	6	278	4947	5222	2.50e-56	208	69
FJ751933.1	396	hS00280	43332	77.536	276	6	278	39428	39153	2.50e-56	208	69
FJ751934.1	395	hS00280	43332	77.536	276	6	278	4947	5222	2.49e-56	208	69
FJ751934.1	395	hS00280	43332	77.536	276	6	278	39428	39153	2.49e-56	208	69
MZ463745.1	387	hS00281	43292	77.947	263	12	272	10403	10665	8.49e-56	206	67
MZ463746.1	387	hS00281	43292	77.947	263	12	272	10403	10665	8.49e-56	206	67
MZ463747.1	387	hS00281	43292	77.567	263	12	272	10403	10665	3.61e-54	202	67
MZ463748.1	387	hS00281	43292	77.567	263	12	272	10403	10665	3.61e-54	202	67
MZ463749.1	391	hS00281	43292	77.174	276	5	277	10390	10665	1.05e-54	204	70
MZ463750.1	392	hS00281	43292	76.812	276	5	277	10390	10665	1.28e-53	199	70
MZ463751.1	393	hS00281	43292	77.536	276	5	277	10390	10665	2.47e-56	208	69
MZ463752.1	394	hS00281	43292	77.536	276	5	277	10390	10665	2.48e-56	208	69
MZ463753.1	394	hS00281	43292	77.174	276	5	277	10390	10665	1.05e-54	204	69
MZ463754.1	394	hS00281	43292	78.378	259	5	260	10390	10648	3.02e-55	205	65
MZ463755.1	394	hS00281	43292	77.899	276	5	277	10390	10665	2.04e-57	213	69
MZ463756.1	394	hS00281	43292	77.174	276	5	277	10390	10665	1.05e-54	204	69
MZ463757.1	394	hS00281	43292	77.174	276	5	277	10390	10665	1.05e-54	204	69
MZ463758.1	394	hS00281	43292	77.174	276	5	277	10390	10665	1.05e-54	204	69
MZ463759.1	410	hS00281	43292	77.174	276	5	277	10390	10665	1.10e-54	204	67
FJ751925.1	394	hS00281	43292	77.536	276	5	277	10390	10665	2.48e-56	208	69
FJ751926.1	395	hS00281	43292	77.536	276	5	277	10390	10665	2.49e-56	208	69
FJ751927.1	395	hS00281	43292	77.174	276	5	277	10390	10665	1.06e-54	204	69
FJ751930.1	395	hS00281	43292	77.536	276	5	277	10390	10665	2.49e-56	208	69
FJ751933.1	396	hS00281	43292	77.536	276	6	278	10390	10665	2.49e-56	208	69
FJ751934.1	395	hS00281	43292	77.536	276	6	278	10390	10665	2.49e-56	208	69
MZ463745.1	387	hS00283	42417	77.947	263	12	272	2641	2379	8.32e-56	206	67
MZ463746.1	387	hS00283	42417	77.947	263	12	272	2641	2379	8.32e-56	206	67
MZ463747.1	387	hS00283	42417	77.567	263	12	272	2641	2379	3.54e-54	202	67
MZ463748.1	387	hS00283	42417	77.567	263	12	272	2641	2379	3.54e-54	202	67
MZ463749.1	391	hS00283	42417	77.174	276	5	277	2654	2379	1.02e-54	204	70
MZ463750.1	392	hS00283	42417	76.812	276	5	277	2654	2379	1.25e-53	199	70
MZ463751.1	393	hS00283	42417	77.536	276	5	277	2654	2379	2.42e-56	208	69
MZ463752.1	394	hS00283	42417	77.536	276	5	277	2654	2379	2.43e-56	208	69
MZ463753.1	394	hS00283	42417	77.174	276	5	277	2654	2379	1.03e-54	204	69
MZ463754.1	394	hS00283	42417	78.378	259	5	260	2654	2396	2.96e-55	205	65
MZ463755.1	394	hS00283	42417	77.899	276	5	277	2654	2379	1.99e-57	213	69
MZ463756.1	394	hS00283	42417	77.174	276	5	277	2654	2379	1.03e-54	204	69
MZ463757.1	394	hS00283	42417	77.174	276	5	277	2654	2379	1.03e-54	204	69
MZ463758.1	394	hS00283	42417	77.174	276	5	277	2654	2379	1.03e-54	204	69
MZ463759.1	410	hS00283	42417	77.174	276	5	277	2654	2379	1.08e-54	204	67
FJ751925.1	394	hS00283	42417	77.536	276	5	277	2654	2379	2.43e-56	208	69
FJ751926.1	395	hS00283	42417	77.536	276	5	277	2654	2379	2.44e-56	208	69
FJ751927.1	395	hS00283	42417	77.174	276	5	277	2654	2379	1.04e-54	204	69
FJ751930.1	395	hS00283	42417	77.536	276	5	277	2654	2379	2.44e-56	208	69
FJ751933.1	396	hS00283	42417	77.536	276	6	278	2654	2379	2.44e-56	208	69
FJ751934.1	395	hS00283	42417	77.536	276	6	278	2654	2379	2.44e-56	208	69
MZ463745.1	387	hS00291	41445	77.947	263	12	272	22244	21982	8.13e-56	206	67
MZ463746.1	387	hS00291	41445	77.947	263	12	272	22244	21982	8.13e-56	206	67
MZ463747.1	387	hS00291	41445	77.567	263	12	272	22244	21982	3.46e-54	202	67
MZ463748.1	387	hS00291	41445	77.567	263	12	272	22244	21982	3.46e-54	202	67
MZ463749.1	391	hS00291	41445	77.174	276	5	277	22257	21982	1.00e-54	204	70
MZ463750.1	392	hS00291	41445	76.812	276	5	277	22257	21982	1.22e-53	199	70
MZ463751.1	393	hS00291	41445	77.536	276	5	277	22257	21982	2.37e-56	208	69
MZ463752.1	394	hS00291	41445	77.536	276	5	277	22257	21982	2.37e-56	208	69
MZ463753.1	394	hS00291	41445	77.174	276	5	277	22257	21982	1.01e-54	204	69
MZ463754.1	394	hS00291	41445	78.378	259	5	260	22257	21999	2.89e-55	205	65
MZ463755.1	394	hS00291	41445	77.899	276	5	277	22257	21982	1.95e-57	213	69
MZ463756.1	394	hS00291	41445	77.174	276	5	277	22257	21982	1.01e-54	204	69
MZ463757.1	394	hS00291	41445	77.174	276	5	277	22257	21982	1.01e-54	204	69
MZ463758.1	394	hS00291	41445	77.174	276	5	277	22257	21982	1.01e-54	204	69
MZ463759.1	410	hS00291	41445	77.174	276	5	277	22257	21982	1.05e-54	204	67
FJ751925.1	394	hS00291	41445	77.536	276	5	277	22257	21982	2.37e-56	208	69
FJ751926.1	395	hS00291	41445	77.536	276	5	277	22257	21982	2.38e-56	208	69
FJ751927.1	395	hS00291	41445	77.174	276	5	277	22257	21982	1.01e-54	204	69
FJ751930.1	395	hS00291	41445	77.536	276	5	277	22257	21982	2.38e-56	208	69
FJ751933.1	396	hS00291	41445	77.536	276	6	278	22257	21982	2.39e-56	208	69
FJ751934.1	395	hS00291	41445	77.536	276	6	278	22257	21982	2.38e-56	208	69
MZ463745.1	387	hS00295	40928	77.947	263	12	272	10576	10838	8.03e-56	206	67
MZ463746.1	387	hS00295	40928	77.947	263	12	272	10576	10838	8.03e-56	206	67
MZ463747.1	387	hS00295	40928	77.567	263	12	272	10576	10838	3.41e-54	202	67
MZ463748.1	387	hS00295	40928	77.567	263	12	272	10576	10838	3.41e-54	202	67
MZ463749.1	391	hS00295	40928	77.174	276	5	277	10563	10838	9.89e-55	204	70
MZ463750.1	392	hS00295	40928	76.812	276	5	277	10563	10838	1.21e-53	199	70
MZ463751.1	393	hS00295	40928	77.536	276	5	277	10563	10838	2.34e-56	208	69
MZ463752.1	394	hS00295	40928	77.536	276	5	277	10563	10838	2.34e-56	208	69
MZ463753.1	394	hS00295	40928	77.174	276	5	277	10563	10838	9.97e-55	204	69
MZ463754.1	394	hS00295	40928	78.378	259	5	260	10563	10821	2.86e-55	205	65
MZ463755.1	394	hS00295	40928	77.899	276	5	277	10563	10838	1.92e-57	213	69
MZ463756.1	394	hS00295	40928	77.174	276	5	277	10563	10838	9.97e-55	204	69
MZ463757.1	394	hS00295	40928	77.174	276	5	277	10563	10838	9.97e-55	204	69
MZ463758.1	394	hS00295	40928	77.174	276	5	277	10563	10838	9.97e-55	204	69
MZ463759.1	410	hS00295	40928	77.174	276	5	277	10563	10838	1.04e-54	204	67
FJ751925.1	394	hS00295	40928	77.536	276	5	277	10563	10838	2.34e-56	208	69
FJ751926.1	395	hS00295	40928	77.536	276	5	277	10563	10838	2.35e-56	208	69
FJ751927.1	395	hS00295	40928	77.174	276	5	277	10563	10838	9.99e-55	204	69
FJ751930.1	395	hS00295	40928	77.536	276	5	277	10563	10838	2.35e-56	208	69
FJ751933.1	396	hS00295	40928	77.536	276	6	278	10563	10838	2.36e-56	208	69
FJ751934.1	395	hS00295	40928	77.536	276	6	278	10563	10838	2.35e-56	208	69
MZ463745.1	387	hS00296	40923	77.947	263	12	272	32309	32047	8.03e-56	206	67
MZ463746.1	387	hS00296	40923	77.947	263	12	272	32309	32047	8.03e-56	206	67
MZ463747.1	387	hS00296	40923	77.567	263	12	272	32309	32047	3.41e-54	202	67
MZ463748.1	387	hS00296	40923	77.567	263	12	272	32309	32047	3.41e-54	202	67
MZ463749.1	391	hS00296	40923	77.174	276	5	277	32322	32047	9.89e-55	204	70
MZ463750.1	392	hS00296	40923	76.812	276	5	277	32322	32047	1.21e-53	199	70
MZ463751.1	393	hS00296	40923	77.536	276	5	277	32322	32047	2.34e-56	208	69
MZ463752.1	394	hS00296	40923	77.536	276	5	277	32322	32047	2.34e-56	208	69
MZ463753.1	394	hS00296	40923	77.174	276	5	277	32322	32047	9.97e-55	204	69
MZ463754.1	394	hS00296	40923	78.378	259	5	260	32322	32064	2.86e-55	205	65
MZ463755.1	394	hS00296	40923	77.899	276	5	277	32322	32047	1.92e-57	213	69
MZ463756.1	394	hS00296	40923	77.174	276	5	277	32322	32047	9.97e-55	204	69
MZ463757.1	394	hS00296	40923	77.174	276	5	277	32322	32047	9.97e-55	204	69
MZ463758.1	394	hS00296	40923	77.174	276	5	277	32322	32047	9.97e-55	204	69
MZ463759.1	410	hS00296	40923	77.174	276	5	277	32322	32047	1.04e-54	204	67
FJ751925.1	394	hS00296	40923	77.536	276	5	277	32322	32047	2.34e-56	208	69
FJ751926.1	395	hS00296	40923	77.536	276	5	277	32322	32047	2.35e-56	208	69
FJ751927.1	395	hS00296	40923	77.174	276	5	277	32322	32047	9.99e-55	204	69
FJ751930.1	395	hS00296	40923	77.536	276	5	277	32322	32047	2.35e-56	208	69
FJ751933.1	396	hS00296	40923	77.536	276	6	278	32322	32047	2.36e-56	208	69
FJ751934.1	395	hS00296	40923	77.536	276	6	278	32322	32047	2.35e-56	208	69
MZ463745.1	387	hS00297	40902	77.947	263	12	272	22228	21966	8.02e-56	206	67
MZ463746.1	387	hS00297	40902	77.947	263	12	272	22228	21966	8.02e-56	206	67
MZ463747.1	387	hS00297	40902	77.567	263	12	272	22228	21966	3.41e-54	202	67
MZ463748.1	387	hS00297	40902	77.567	263	12	272	22228	21966	3.41e-54	202	67
MZ463749.1	391	hS00297	40902	77.174	276	5	277	22241	21966	9.88e-55	204	70
MZ463750.1	392	hS00297	40902	76.812	276	5	277	22241	21966	1.21e-53	199	70
MZ463751.1	393	hS00297	40902	77.536	276	5	277	22241	21966	2.34e-56	208	69
MZ463752.1	394	hS00297	40902	77.536	276	5	277	22241	21966	2.34e-56	208	69
MZ463753.1	394	hS00297	40902	77.174	276	5	277	22241	21966	9.96e-55	204	69
MZ463754.1	394	hS00297	40902	78.378	259	5	260	22241	21983	2.85e-55	205	65
MZ463755.1	394	hS00297	40902	77.899	276	5	277	22241	21966	1.92e-57	213	69
MZ463756.1	394	hS00297	40902	77.174	276	5	277	22241	21966	9.96e-55	204	69
MZ463757.1	394	hS00297	40902	77.174	276	5	277	22241	21966	9.96e-55	204	69
MZ463758.1	394	hS00297	40902	77.174	276	5	277	22241	21966	9.96e-55	204	69
MZ463759.1	410	hS00297	40902	77.174	276	5	277	22241	21966	1.04e-54	204	67
FJ751925.1	394	hS00297	40902	77.536	276	5	277	22241	21966	2.34e-56	208	69
FJ751926.1	395	hS00297	40902	77.536	276	5	277	22241	21966	2.35e-56	208	69
FJ751927.1	395	hS00297	40902	77.174	276	5	277	22241	21966	9.99e-55	204	69
FJ751930.1	395	hS00297	40902	77.536	276	5	277	22241	21966	2.35e-56	208	69
FJ751933.1	396	hS00297	40902	77.536	276	6	278	22241	21966	2.36e-56	208	69
FJ751934.1	395	hS00297	40902	77.536	276	6	278	22241	21966	2.35e-56	208	69
MZ463745.1	387	hS00298	40732	79.079	239	12	248	5053	4815	1.19e-53	199	61
MZ463746.1	387	hS00298	40732	79.079	239	12	248	5053	4815	1.19e-53	199	61
MZ463747.1	387	hS00298	40732	78.661	239	12	248	5053	4815	5.04e-52	195	61
MZ463748.1	387	hS00298	40732	78.661	239	12	248	5053	4815	5.04e-52	195	61
MZ463749.1	391	hS00298	40732	78.175	252	5	253	5066	4815	1.46e-52	196	64
MZ463750.1	392	hS00298	40732	77.778	252	5	253	5066	4815	1.78e-51	192	64
MZ463751.1	393	hS00298	40732	78.571	252	5	253	5066	4815	3.45e-54	201	63
MZ463752.1	394	hS00298	40732	78.571	252	5	253	5066	4815	3.46e-54	201	63
MZ463753.1	394	hS00298	40732	78.175	252	5	253	5066	4815	1.47e-52	196	63
MZ463754.1	394	hS00298	40732	78.571	252	5	253	5066	4815	3.46e-54	201	63
MZ463755.1	394	hS00298	40732	78.968	252	5	253	5066	4815	2.84e-55	205	63
MZ463756.1	394	hS00298	40732	78.295	258	5	259	5066	4809	9.92e-55	203	65
MZ463757.1	394	hS00298	40732	78.175	252	5	253	5066	4815	1.47e-52	196	63
MZ463758.1	394	hS00298	40732	78.175	252	5	253	5066	4815	1.47e-52	196	63
MZ463759.1	410	hS00298	40732	78.175	252	5	253	5066	4815	1.53e-52	196	61
FJ751925.1	394	hS00298	40732	78.571	252	5	253	5066	4815	3.46e-54	201	63
FJ751926.1	395	hS00298	40732	78.571	252	5	253	5066	4815	3.47e-54	201	63
FJ751927.1	395	hS00298	40732	78.175	252	5	253	5066	4815	1.48e-52	196	63
FJ751930.1	395	hS00298	40732	78.571	252	5	253	5066	4815	3.47e-54	201	63
FJ751933.1	396	hS00298	40732	78.571	252	6	254	5066	4815	3.48e-54	201	63
FJ751934.1	395	hS00298	40732	78.571	252	6	254	5066	4815	3.47e-54	201	63
MZ463745.1	387	hS00299	40731	77.947	263	12	272	26148	25886	7.99e-56	206	67
MZ463746.1	387	hS00299	40731	77.947	263	12	272	26148	25886	7.99e-56	206	67
MZ463747.1	387	hS00299	40731	77.567	263	12	272	26148	25886	3.40e-54	202	67
MZ463748.1	387	hS00299	40731	77.567	263	12	272	26148	25886	3.40e-54	202	67
MZ463749.1	391	hS00299	40731	77.174	276	5	277	26161	25886	9.84e-55	204	70
MZ463750.1	392	hS00299	40731	76.812	276	5	277	26161	25886	1.20e-53	199	70
MZ463751.1	393	hS00299	40731	77.536	276	5	277	26161	25886	2.33e-56	208	69
MZ463752.1	394	hS00299	40731	77.536	276	5	277	26161	25886	2.33e-56	208	69
MZ463753.1	394	hS00299	40731	77.174	276	5	277	26161	25886	9.92e-55	204	69
MZ463754.1	394	hS00299	40731	78.378	259	5	260	26161	25903	2.84e-55	205	65
MZ463755.1	394	hS00299	40731	77.899	276	5	277	26161	25886	1.91e-57	213	69
MZ463756.1	394	hS00299	40731	77.174	276	5	277	26161	25886	9.92e-55	204	69
MZ463757.1	394	hS00299	40731	77.174	276	5	277	26161	25886	9.92e-55	204	69
MZ463758.1	394	hS00299	40731	77.174	276	5	277	26161	25886	9.92e-55	204	69
MZ463759.1	410	hS00299	40731	77.174	276	5	277	26161	25886	1.03e-54	204	67
FJ751925.1	394	hS00299	40731	77.536	276	5	277	26161	25886	2.33e-56	208	69
FJ751926.1	395	hS00299	40731	77.536	276	5	277	26161	25886	2.34e-56	208	69
FJ751927.1	395	hS00299	40731	77.174	276	5	277	26161	25886	9.95e-55	204	69
FJ751930.1	395	hS00299	40731	77.536	276	5	277	26161	25886	2.34e-56	208	69
FJ751933.1	396	hS00299	40731	77.536	276	6	278	26161	25886	2.35e-56	208	69
FJ751934.1	395	hS00299	40731	77.536	276	6	278	26161	25886	2.34e-56	208	69
MZ463745.1	387	hS00301	40584	77.947	263	12	272	10111	10373	7.96e-56	206	67
MZ463746.1	387	hS00301	40584	77.947	263	12	272	10111	10373	7.96e-56	206	67
MZ463747.1	387	hS00301	40584	77.567	263	12	272	10111	10373	3.39e-54	202	67
MZ463748.1	387	hS00301	40584	77.567	263	12	272	10111	10373	3.39e-54	202	67
MZ463749.1	391	hS00301	40584	77.174	276	5	277	10098	10373	9.80e-55	204	70
MZ463750.1	392	hS00301	40584	76.812	276	5	277	10098	10373	1.20e-53	199	70
MZ463751.1	393	hS00301	40584	77.536	276	5	277	10098	10373	2.32e-56	208	69
MZ463752.1	394	hS00301	40584	77.536	276	5	277	10098	10373	2.32e-56	208	69
MZ463753.1	394	hS00301	40584	77.174	276	5	277	10098	10373	9.88e-55	204	69
MZ463754.1	394	hS00301	40584	78.378	259	5	260	10098	10356	2.83e-55	205	65
MZ463755.1	394	hS00301	40584	77.899	276	5	277	10098	10373	1.91e-57	213	69
MZ463756.1	394	hS00301	40584	77.174	276	5	277	10098	10373	9.88e-55	204	69
MZ463757.1	394	hS00301	40584	77.174	276	5	277	10098	10373	9.88e-55	204	69
MZ463758.1	394	hS00301	40584	77.174	276	5	277	10098	10373	9.88e-55	204	69
MZ463759.1	410	hS00301	40584	77.174	276	5	277	10098	10373	1.03e-54	204	67
FJ751925.1	394	hS00301	40584	77.536	276	5	277	10098	10373	2.32e-56	208	69
FJ751926.1	395	hS00301	40584	77.536	276	5	277	10098	10373	2.33e-56	208	69
FJ751927.1	395	hS00301	40584	77.174	276	5	277	10098	10373	9.91e-55	204	69
FJ751930.1	395	hS00301	40584	77.536	276	5	277	10098	10373	2.33e-56	208	69
FJ751933.1	396	hS00301	40584	77.536	276	6	278	10098	10373	2.34e-56	208	69
FJ751934.1	395	hS00301	40584	77.536	276	6	278	10098	10373	2.33e-56	208	69
MZ463745.1	387	hS00306	39796	77.947	263	12	272	25764	25502	7.83e-56	206	67
MZ463746.1	387	hS00306	39796	77.947	263	12	272	25764	25502	7.83e-56	206	67
MZ463747.1	387	hS00306	39796	77.567	263	12	272	25764	25502	3.33e-54	202	67
MZ463748.1	387	hS00306	39796	77.567	263	12	272	25764	25502	3.33e-54	202	67
MZ463749.1	391	hS00306	39796	77.174	276	5	277	25777	25502	9.64e-55	204	70
MZ463750.1	392	hS00306	39796	76.812	276	5	277	25777	25502	1.18e-53	199	70
MZ463751.1	393	hS00306	39796	77.536	276	5	277	25777	25502	2.27e-56	208	69
MZ463752.1	394	hS00306	39796	77.536	276	5	277	25777	25502	2.28e-56	208	69
MZ463753.1	394	hS00306	39796	77.174	276	5	277	25777	25502	9.69e-55	204	69
MZ463754.1	394	hS00306	39796	78.378	259	5	260	25777	25519	2.78e-55	205	65
MZ463755.1	394	hS00306	39796	77.899	276	5	277	25777	25502	1.87e-57	213	69
MZ463756.1	394	hS00306	39796	77.174	276	5	277	25777	25502	9.69e-55	204	69
MZ463757.1	394	hS00306	39796	77.174	276	5	277	25777	25502	9.69e-55	204	69
MZ463758.1	394	hS00306	39796	77.174	276	5	277	25777	25502	9.69e-55	204	69
MZ463759.1	410	hS00306	39796	77.174	276	5	277	25777	25502	1.01e-54	204	67
FJ751925.1	394	hS00306	39796	77.536	276	5	277	25777	25502	2.28e-56	208	69
FJ751926.1	395	hS00306	39796	77.536	276	5	277	25777	25502	2.29e-56	208	69
FJ751927.1	395	hS00306	39796	77.174	276	5	277	25777	25502	9.72e-55	204	69
FJ751930.1	395	hS00306	39796	77.536	276	5	277	25777	25502	2.29e-56	208	69
FJ751933.1	396	hS00306	39796	77.536	276	6	278	25777	25502	2.29e-56	208	69
FJ751934.1	395	hS00306	39796	77.536	276	6	278	25777	25502	2.29e-56	208	69
MZ463745.1	387	hS00311	39460	77.947	263	12	272	4682	4420	7.76e-56	206	67
MZ463746.1	387	hS00311	39460	77.947	263	12	272	4682	4420	7.76e-56	206	67
MZ463747.1	387	hS00311	39460	77.567	263	12	272	4682	4420	3.30e-54	202	67
MZ463748.1	387	hS00311	39460	77.567	263	12	272	4682	4420	3.30e-54	202	67
MZ463749.1	391	hS00311	39460	77.174	276	5	277	4695	4420	9.56e-55	204	70
MZ463750.1	392	hS00311	39460	76.812	276	5	277	4695	4420	1.17e-53	199	70
MZ463751.1	393	hS00311	39460	77.536	276	5	277	4695	4420	2.26e-56	208	69
MZ463752.1	394	hS00311	39460	77.536	276	5	277	4695	4420	2.27e-56	208	69
MZ463753.1	394	hS00311	39460	77.174	276	5	277	4695	4420	9.64e-55	204	69
MZ463754.1	394	hS00311	39460	78.378	259	5	260	4695	4437	2.76e-55	205	65
MZ463755.1	394	hS00311	39460	77.899	276	5	277	4695	4420	1.86e-57	213	69
MZ463756.1	394	hS00311	39460	77.174	276	5	277	4695	4420	9.64e-55	204	69
MZ463757.1	394	hS00311	39460	77.174	276	5	277	4695	4420	9.64e-55	204	69
MZ463758.1	394	hS00311	39460	77.174	276	5	277	4695	4420	9.64e-55	204	69
MZ463759.1	410	hS00311	39460	77.174	276	5	277	4695	4420	1.00e-54	204	67
FJ751925.1	394	hS00311	39460	77.536	276	5	277	4695	4420	2.27e-56	208	69
FJ751926.1	395	hS00311	39460	77.536	276	5	277	4695	4420	2.27e-56	208	69
FJ751927.1	395	hS00311	39460	77.174	276	5	277	4695	4420	9.66e-55	204	69
FJ751930.1	395	hS00311	39460	77.536	276	5	277	4695	4420	2.27e-56	208	69
FJ751933.1	396	hS00311	39460	77.536	276	6	278	4695	4420	2.27e-56	208	69
FJ751934.1	395	hS00311	39460	77.536	276	6	278	4695	4420	2.27e-56	208	69
MZ463745.1	387	hS00313	39169	77.652	264	12	272	2006	1743	2.69e-55	205	67
MZ463746.1	387	hS00313	39169	77.652	264	12	272	2006	1743	2.69e-55	205	67
MZ463747.1	387	hS00313	39169	77.273	264	12	272	2006	1743	1.14e-53	200	67
MZ463748.1	387	hS00313	39169	77.273	264	12	272	2006	1743	1.14e-53	200	67
MZ463749.1	391	hS00313	39169	76.895	277	5	277	2019	1743	3.31e-54	202	70
MZ463750.1	392	hS00313	39169	76.534	277	5	277	2019	1743	4.05e-53	197	70
MZ463751.1	393	hS00313	39169	77.256	277	5	277	2019	1743	7.83e-56	206	69
MZ463752.1	394	hS00313	39169	77.256	277	5	277	2019	1743	7.85e-56	206	69
MZ463753.1	394	hS00313	39169	76.895	277	5	277	2019	1743	3.34e-54	202	69
MZ463754.1	394	hS00313	39169	78.462	260	5	260	2019	1760	9.56e-55	203	65
MZ463755.1	394	hS00313	39169	77.617	277	5	277	2019	1743	6.44e-57	211	69
MZ463756.1	394	hS00313	39169	76.895	277	5	277	2019	1743	3.34e-54	202	69
MZ463757.1	394	hS00313	39169	76.895	277	5	277	2019	1743	3.34e-54	202	69
MZ463758.1	394	hS00313	39169	76.895	277	5	277	2019	1743	3.34e-54	202	69
MZ463759.1	410	hS00313	39169	76.895	277	5	277	2019	1743	3.47e-54	202	67
FJ751925.1	394	hS00313	39169	77.256	277	5	277	2019	1743	7.85e-56	206	69
FJ751926.1	395	hS00313	39169	77.256	277	5	277	2019	1743	7.87e-56	206	69
FJ751927.1	395	hS00313	39169	76.895	277	5	277	2019	1743	3.35e-54	202	69
FJ751930.1	395	hS00313	39169	77.256	277	5	277	2019	1743	7.87e-56	206	69
FJ751933.1	396	hS00313	39169	77.256	277	6	278	2019	1743	7.89e-56	206	69
FJ751934.1	395	hS00313	39169	77.256	277	6	278	2019	1743	7.87e-56	206	69
MZ463745.1	387	hS00314	39048	77.947	263	12	272	11976	12238	7.68e-56	206	67
MZ463746.1	387	hS00314	39048	77.947	263	12	272	11976	12238	7.68e-56	206	67
MZ463747.1	387	hS00314	39048	77.567	263	12	272	11976	12238	3.27e-54	202	67
MZ463748.1	387	hS00314	39048	77.567	263	12	272	11976	12238	3.27e-54	202	67
MZ463749.1	391	hS00314	39048	77.174	276	5	277	11963	12238	9.46e-55	204	70
MZ463750.1	392	hS00314	39048	76.812	276	5	277	11963	12238	1.16e-53	199	70
MZ463751.1	393	hS00314	39048	77.536	276	5	277	11963	12238	2.24e-56	208	69
MZ463752.1	394	hS00314	39048	77.536	276	5	277	11963	12238	2.24e-56	208	69
MZ463753.1	394	hS00314	39048	77.174	276	5	277	11963	12238	9.53e-55	204	69
MZ463754.1	394	hS00314	39048	78.378	259	5	260	11963	12221	2.73e-55	205	65
MZ463755.1	394	hS00314	39048	77.899	276	5	277	11963	12238	1.84e-57	213	69
MZ463756.1	394	hS00314	39048	77.174	276	5	277	11963	12238	9.53e-55	204	69
MZ463757.1	394	hS00314	39048	77.174	276	5	277	11963	12238	9.53e-55	204	69
MZ463758.1	394	hS00314	39048	77.174	276	5	277	11963	12238	9.53e-55	204	69
MZ463759.1	410	hS00314	39048	77.174	276	5	277	11963	12238	9.91e-55	204	67
FJ751925.1	394	hS00314	39048	77.536	276	5	277	11963	12238	2.24e-56	208	69
FJ751926.1	395	hS00314	39048	77.536	276	5	277	11963	12238	2.25e-56	208	69
FJ751927.1	395	hS00314	39048	77.174	276	5	277	11963	12238	9.56e-55	204	69
FJ751930.1	395	hS00314	39048	77.536	276	5	277	11963	12238	2.25e-56	208	69
FJ751933.1	396	hS00314	39048	77.536	276	6	278	11963	12238	2.25e-56	208	69
FJ751934.1	395	hS00314	39048	77.536	276	6	278	11963	12238	2.25e-56	208	69
MZ463745.1	387	hS00315	38921	77.947	263	12	272	16240	15978	7.66e-56	206	67
MZ463746.1	387	hS00315	38921	77.947	263	12	272	16240	15978	7.66e-56	206	67
MZ463747.1	387	hS00315	38921	77.567	263	12	272	16240	15978	3.26e-54	202	67
MZ463748.1	387	hS00315	38921	77.567	263	12	272	16240	15978	3.26e-54	202	67
MZ463749.1	391	hS00315	38921	77.174	276	5	277	16253	15978	9.43e-55	204	70
MZ463750.1	392	hS00315	38921	76.812	276	5	277	16253	15978	1.15e-53	199	70
MZ463751.1	393	hS00315	38921	77.536	276	5	277	16253	15978	2.23e-56	208	69
MZ463752.1	394	hS00315	38921	77.536	276	5	277	16253	15978	2.24e-56	208	69
MZ463753.1	394	hS00315	38921	77.174	276	5	277	16253	15978	9.50e-55	204	69
MZ463754.1	394	hS00315	38921	78.378	259	5	260	16253	15995	2.72e-55	205	65
MZ463755.1	394	hS00315	38921	77.899	276	5	277	16253	15978	1.83e-57	213	69
MZ463756.1	394	hS00315	38921	77.174	276	5	277	16253	15978	9.50e-55	204	69
MZ463757.1	394	hS00315	38921	77.174	276	5	277	16253	15978	9.50e-55	204	69
MZ463758.1	394	hS00315	38921	77.174	276	5	277	16253	15978	9.50e-55	204	69
MZ463759.1	410	hS00315	38921	77.174	276	5	277	16253	15978	9.88e-55	204	67
FJ751925.1	394	hS00315	38921	77.536	276	5	277	16253	15978	2.24e-56	208	69
FJ751926.1	395	hS00315	38921	77.536	276	5	277	16253	15978	2.24e-56	208	69
FJ751927.1	395	hS00315	38921	77.174	276	5	277	16253	15978	9.53e-55	204	69
FJ751930.1	395	hS00315	38921	77.536	276	5	277	16253	15978	2.24e-56	208	69
FJ751933.1	396	hS00315	38921	77.536	276	6	278	16253	15978	2.25e-56	208	69
FJ751934.1	395	hS00315	38921	77.536	276	6	278	16253	15978	2.24e-56	208	69
MZ463745.1	387	hS00316	38707	77.947	263	12	272	3268	3006	7.61e-56	206	67
MZ463746.1	387	hS00316	38707	77.947	263	12	272	3268	3006	7.61e-56	206	67
MZ463747.1	387	hS00316	38707	77.567	263	12	272	3268	3006	3.24e-54	202	67
MZ463748.1	387	hS00316	38707	77.567	263	12	272	3268	3006	3.24e-54	202	67
MZ463749.1	391	hS00316	38707	77.174	276	5	277	3281	3006	9.38e-55	204	70
MZ463750.1	392	hS00316	38707	76.812	276	5	277	3281	3006	1.15e-53	199	70
MZ463751.1	393	hS00316	38707	77.536	276	5	277	3281	3006	2.22e-56	208	69
MZ463752.1	394	hS00316	38707	77.536	276	5	277	3281	3006	2.22e-56	208	69
MZ463753.1	394	hS00316	38707	77.174	276	5	277	3281	3006	9.45e-55	204	69
MZ463754.1	394	hS00316	38707	78.378	259	5	260	3281	3023	2.71e-55	205	65
MZ463755.1	394	hS00316	38707	77.899	276	5	277	3281	3006	1.82e-57	213	69
MZ463756.1	394	hS00316	38707	77.174	276	5	277	3281	3006	9.45e-55	204	69
MZ463757.1	394	hS00316	38707	77.174	276	5	277	3281	3006	9.45e-55	204	69
MZ463758.1	394	hS00316	38707	77.174	276	5	277	3281	3006	9.45e-55	204	69
MZ463759.1	410	hS00316	38707	77.174	276	5	277	3281	3006	9.83e-55	204	67
FJ751925.1	394	hS00316	38707	77.536	276	5	277	3281	3006	2.22e-56	208	69
FJ751926.1	395	hS00316	38707	77.536	276	5	277	3281	3006	2.23e-56	208	69
FJ751927.1	395	hS00316	38707	77.174	276	5	277	3281	3006	9.48e-55	204	69
FJ751930.1	395	hS00316	38707	77.536	276	5	277	3281	3006	2.23e-56	208	69
FJ751933.1	396	hS00316	38707	77.536	276	6	278	3281	3006	2.23e-56	208	69
FJ751934.1	395	hS00316	38707	77.536	276	6	278	3281	3006	2.23e-56	208	69
MZ463745.1	387	hS00326	36605	77.947	263	12	272	17760	17498	7.20e-56	206	67
MZ463746.1	387	hS00326	36605	77.947	263	12	272	17760	17498	7.20e-56	206	67
MZ463747.1	387	hS00326	36605	77.567	263	12	272	17760	17498	3.06e-54	202	67
MZ463748.1	387	hS00326	36605	77.567	263	12	272	17760	17498	3.06e-54	202	67
MZ463749.1	391	hS00326	36605	77.174	276	5	277	17773	17498	8.87e-55	204	70
MZ463750.1	392	hS00326	36605	76.812	276	5	277	17773	17498	1.08e-53	199	70
MZ463751.1	393	hS00326	36605	77.536	276	5	277	17773	17498	2.10e-56	208	69
MZ463752.1	394	hS00326	36605	77.536	276	5	277	17773	17498	2.10e-56	208	69
MZ463753.1	394	hS00326	36605	77.174	276	5	277	17773	17498	8.94e-55	204	69
MZ463754.1	394	hS00326	36605	78.378	259	5	260	17773	17515	2.56e-55	205	65
MZ463755.1	394	hS00326	36605	77.899	276	5	277	17773	17498	1.73e-57	213	69
MZ463756.1	394	hS00326	36605	77.174	276	5	277	17773	17498	8.94e-55	204	69
MZ463757.1	394	hS00326	36605	77.174	276	5	277	17773	17498	8.94e-55	204	69
MZ463758.1	394	hS00326	36605	77.174	276	5	277	17773	17498	8.94e-55	204	69
MZ463759.1	410	hS00326	36605	77.174	276	5	277	17773	17498	9.32e-55	204	67
FJ751925.1	394	hS00326	36605	77.536	276	5	277	17773	17498	2.10e-56	208	69
FJ751926.1	395	hS00326	36605	77.536	276	5	277	17773	17498	2.11e-56	208	69
FJ751927.1	395	hS00326	36605	77.174	276	5	277	17773	17498	8.96e-55	204	69
FJ751930.1	395	hS00326	36605	77.536	276	5	277	17773	17498	2.11e-56	208	69
FJ751933.1	396	hS00326	36605	77.536	276	6	278	17773	17498	2.11e-56	208	69
FJ751934.1	395	hS00326	36605	77.536	276	6	278	17773	17498	2.11e-56	208	69
MZ463745.1	387	hS00328	36411	77.947	263	12	272	26114	25852	7.16e-56	206	67
MZ463746.1	387	hS00328	36411	77.947	263	12	272	26114	25852	7.16e-56	206	67
MZ463747.1	387	hS00328	36411	77.567	263	12	272	26114	25852	3.05e-54	202	67
MZ463748.1	387	hS00328	36411	77.567	263	12	272	26114	25852	3.05e-54	202	67
MZ463749.1	391	hS00328	36411	77.174	276	5	277	26127	25852	8.82e-55	204	70
MZ463750.1	392	hS00328	36411	76.812	276	5	277	26127	25852	1.08e-53	199	70
MZ463751.1	393	hS00328	36411	77.536	276	5	277	26127	25852	2.09e-56	208	69
MZ463752.1	394	hS00328	36411	77.536	276	5	277	26127	25852	2.09e-56	208	69
MZ463753.1	394	hS00328	36411	77.174	276	5	277	26127	25852	8.89e-55	204	69
MZ463754.1	394	hS00328	36411	78.378	259	5	260	26127	25869	2.55e-55	205	65
MZ463755.1	394	hS00328	36411	77.899	276	5	277	26127	25852	1.72e-57	213	69
MZ463756.1	394	hS00328	36411	77.174	276	5	277	26127	25852	8.89e-55	204	69
MZ463757.1	394	hS00328	36411	77.174	276	5	277	26127	25852	8.89e-55	204	69
MZ463758.1	394	hS00328	36411	77.174	276	5	277	26127	25852	8.89e-55	204	69
MZ463759.1	410	hS00328	36411	77.174	276	5	277	26127	25852	9.27e-55	204	67
FJ751925.1	394	hS00328	36411	77.536	276	5	277	26127	25852	2.09e-56	208	69
FJ751926.1	395	hS00328	36411	77.536	276	5	277	26127	25852	2.10e-56	208	69
FJ751927.1	395	hS00328	36411	77.174	276	5	277	26127	25852	8.91e-55	204	69
FJ751930.1	395	hS00328	36411	77.536	276	5	277	26127	25852	2.10e-56	208	69
FJ751933.1	396	hS00328	36411	77.536	276	6	278	26127	25852	2.10e-56	208	69
FJ751934.1	395	hS00328	36411	77.536	276	6	278	26127	25852	2.10e-56	208	69
MZ463745.1	387	hS00329	36366	77.947	263	12	272	13598	13860	7.15e-56	206	67
MZ463746.1	387	hS00329	36366	77.947	263	12	272	13598	13860	7.15e-56	206	67
MZ463747.1	387	hS00329	36366	77.567	263	12	272	13598	13860	3.04e-54	202	67
MZ463748.1	387	hS00329	36366	77.567	263	12	272	13598	13860	3.04e-54	202	67
MZ463749.1	391	hS00329	36366	77.174	276	5	277	13585	13860	8.81e-55	204	70
MZ463750.1	392	hS00329	36366	76.812	276	5	277	13585	13860	1.08e-53	199	70
MZ463751.1	393	hS00329	36366	77.536	276	5	277	13585	13860	2.08e-56	208	69
MZ463752.1	394	hS00329	36366	77.536	276	5	277	13585	13860	2.09e-56	208	69
MZ463753.1	394	hS00329	36366	77.174	276	5	277	13585	13860	8.88e-55	204	69
MZ463754.1	394	hS00329	36366	78.378	259	5	260	13585	13843	2.54e-55	205	65
MZ463755.1	394	hS00329	36366	77.899	276	5	277	13585	13860	1.71e-57	213	69
MZ463756.1	394	hS00329	36366	77.174	276	5	277	13585	13860	8.88e-55	204	69
MZ463757.1	394	hS00329	36366	77.174	276	5	277	13585	13860	8.88e-55	204	69
MZ463758.1	394	hS00329	36366	77.174	276	5	277	13585	13860	8.88e-55	204	69
MZ463759.1	410	hS00329	36366	77.174	276	5	277	13585	13860	9.26e-55	204	67
FJ751925.1	394	hS00329	36366	77.536	276	5	277	13585	13860	2.09e-56	208	69
FJ751926.1	395	hS00329	36366	77.536	276	5	277	13585	13860	2.09e-56	208	69
FJ751927.1	395	hS00329	36366	77.174	276	5	277	13585	13860	8.90e-55	204	69
FJ751930.1	395	hS00329	36366	77.536	276	5	277	13585	13860	2.09e-56	208	69
FJ751933.1	396	hS00329	36366	77.536	276	6	278	13585	13860	2.10e-56	208	69
FJ751934.1	395	hS00329	36366	77.536	276	6	278	13585	13860	2.09e-56	208	69
MZ463745.1	387	hS00333	36060	77.567	263	12	272	14435	14696	3.67e-53	198	67
MZ463746.1	387	hS00333	36060	77.567	263	12	272	14435	14696	3.67e-53	198	67
MZ463747.1	387	hS00333	36060	77.186	263	12	272	14435	14696	4.48e-52	194	67
MZ463748.1	387	hS00333	36060	77.186	263	12	272	14435	14696	4.48e-52	194	67
MZ463749.1	391	hS00333	36060	76.812	276	5	277	14422	14696	1.30e-52	196	70
MZ463750.1	392	hS00333	36060	76.449	276	5	277	14422	14696	5.53e-51	191	70
MZ463751.1	393	hS00333	36060	77.174	276	5	277	14422	14696	1.07e-53	200	69
MZ463752.1	394	hS00333	36060	77.174	276	5	277	14422	14696	1.07e-53	200	69
MZ463753.1	394	hS00333	36060	76.812	276	5	277	14422	14696	1.31e-52	196	69
MZ463754.1	394	hS00333	36060	77.992	259	5	260	14422	14679	1.31e-52	196	65
MZ463755.1	394	hS00333	36060	77.536	276	5	277	14422	14696	2.52e-55	205	69
MZ463756.1	394	hS00333	36060	76.812	276	5	277	14422	14696	1.31e-52	196	69
MZ463757.1	394	hS00333	36060	76.812	276	5	277	14422	14696	1.31e-52	196	69
MZ463758.1	394	hS00333	36060	76.812	276	5	277	14422	14696	1.31e-52	196	69
MZ463759.1	410	hS00333	36060	76.812	276	5	277	14422	14696	1.36e-52	196	67
FJ751925.1	394	hS00333	36060	77.174	276	5	277	14422	14696	1.07e-53	200	69
FJ751926.1	395	hS00333	36060	77.174	276	5	277	14422	14696	1.08e-53	200	69
FJ751927.1	395	hS00333	36060	76.812	276	5	277	14422	14696	1.31e-52	196	69
FJ751930.1	395	hS00333	36060	77.174	276	5	277	14422	14696	1.08e-53	200	69
FJ751933.1	396	hS00333	36060	77.174	276	6	278	14422	14696	1.08e-53	200	69
FJ751934.1	395	hS00333	36060	77.174	276	6	278	14422	14696	1.08e-53	200	69
MZ463745.1	387	hS00335	35879	77.947	263	12	272	4349	4611	7.06e-56	206	67
MZ463746.1	387	hS00335	35879	77.947	263	12	272	4349	4611	7.06e-56	206	67
MZ463747.1	387	hS00335	35879	77.567	263	12	272	4349	4611	3.00e-54	202	67
MZ463748.1	387	hS00335	35879	77.567	263	12	272	4349	4611	3.00e-54	202	67
MZ463749.1	391	hS00335	35879	77.174	276	5	277	4336	4611	8.69e-55	204	70
MZ463750.1	392	hS00335	35879	76.812	276	5	277	4336	4611	1.06e-53	199	70
MZ463751.1	393	hS00335	35879	77.536	276	5	277	4336	4611	2.05e-56	208	69
MZ463752.1	394	hS00335	35879	77.536	276	5	277	4336	4611	2.06e-56	208	69
MZ463753.1	394	hS00335	35879	77.174	276	5	277	4336	4611	8.76e-55	204	69
MZ463754.1	394	hS00335	35879	78.378	259	5	260	4336	4594	2.51e-55	205	65
MZ463755.1	394	hS00335	35879	77.899	276	5	277	4336	4611	1.69e-57	213	69
MZ463756.1	394	hS00335	35879	77.174	276	5	277	4336	4611	8.76e-55	204	69
MZ463757.1	394	hS00335	35879	77.174	276	5	277	4336	4611	8.76e-55	204	69
MZ463758.1	394	hS00335	35879	77.174	276	5	277	4336	4611	8.76e-55	204	69
MZ463759.1	410	hS00335	35879	77.174	276	5	277	4336	4611	9.13e-55	204	67
FJ751925.1	394	hS00335	35879	77.536	276	5	277	4336	4611	2.06e-56	208	69
FJ751926.1	395	hS00335	35879	77.536	276	5	277	4336	4611	2.07e-56	208	69
FJ751927.1	395	hS00335	35879	77.174	276	5	277	4336	4611	8.78e-55	204	69
FJ751930.1	395	hS00335	35879	77.536	276	5	277	4336	4611	2.07e-56	208	69
FJ751933.1	396	hS00335	35879	77.536	276	6	278	4336	4611	2.07e-56	208	69
FJ751934.1	395	hS00335	35879	77.536	276	6	278	4336	4611	2.07e-56	208	69
MZ463745.1	387	hS00340	35270	77.947	263	12	272	10153	9891	6.94e-56	206	67
MZ463746.1	387	hS00340	35270	77.947	263	12	272	10153	9891	6.94e-56	206	67
MZ463747.1	387	hS00340	35270	77.567	263	12	272	10153	9891	2.95e-54	202	67
MZ463748.1	387	hS00340	35270	77.567	263	12	272	10153	9891	2.95e-54	202	67
MZ463749.1	391	hS00340	35270	77.174	276	5	277	10166	9891	8.54e-55	204	70
MZ463750.1	392	hS00340	35270	76.812	276	5	277	10166	9891	1.04e-53	199	70
MZ463751.1	393	hS00340	35270	77.536	276	5	277	10166	9891	2.02e-56	208	69
MZ463752.1	394	hS00340	35270	77.536	276	5	277	10166	9891	2.03e-56	208	69
MZ463753.1	394	hS00340	35270	77.174	276	5	277	10166	9891	8.61e-55	204	69
MZ463754.1	394	hS00340	35270	78.378	259	5	260	10166	9908	2.47e-55	205	65
MZ463755.1	394	hS00340	35270	77.899	276	5	277	10166	9891	1.66e-57	213	69
MZ463756.1	394	hS00340	35270	77.174	276	5	277	10166	9891	8.61e-55	204	69
MZ463757.1	394	hS00340	35270	77.174	276	5	277	10166	9891	8.61e-55	204	69
MZ463758.1	394	hS00340	35270	77.174	276	5	277	10166	9891	8.61e-55	204	69
MZ463759.1	410	hS00340	35270	77.174	276	5	277	10166	9891	8.98e-55	204	67
FJ751925.1	394	hS00340	35270	77.536	276	5	277	10166	9891	2.03e-56	208	69
FJ751926.1	395	hS00340	35270	77.536	276	5	277	10166	9891	2.03e-56	208	69
FJ751927.1	395	hS00340	35270	77.174	276	5	277	10166	9891	8.63e-55	204	69
FJ751930.1	395	hS00340	35270	77.536	276	5	277	10166	9891	2.03e-56	208	69
FJ751933.1	396	hS00340	35270	77.536	276	6	278	10166	9891	2.04e-56	208	69
FJ751934.1	395	hS00340	35270	77.536	276	6	278	10166	9891	2.03e-56	208	69
MZ463745.1	387	hS00344	34863	77.947	263	12	272	32258	31996	6.86e-56	206	67
MZ463746.1	387	hS00344	34863	77.947	263	12	272	32258	31996	6.86e-56	206	67
MZ463747.1	387	hS00344	34863	77.567	263	12	272	32258	31996	2.92e-54	202	67
MZ463748.1	387	hS00344	34863	77.567	263	12	272	32258	31996	2.92e-54	202	67
MZ463749.1	391	hS00344	34863	77.174	276	5	277	32271	31996	8.44e-55	204	70
MZ463750.1	392	hS00344	34863	76.812	276	5	277	32271	31996	1.03e-53	199	70
MZ463751.1	393	hS00344	34863	77.536	276	5	277	32271	31996	2.00e-56	208	69
MZ463752.1	394	hS00344	34863	77.536	276	5	277	32271	31996	2.00e-56	208	69
MZ463753.1	394	hS00344	34863	77.174	276	5	277	32271	31996	8.51e-55	204	69
MZ463754.1	394	hS00344	34863	78.378	259	5	260	32271	32013	2.44e-55	205	65
MZ463755.1	394	hS00344	34863	77.899	276	5	277	32271	31996	1.64e-57	213	69
MZ463756.1	394	hS00344	34863	77.174	276	5	277	32271	31996	8.51e-55	204	69
MZ463757.1	394	hS00344	34863	77.174	276	5	277	32271	31996	8.51e-55	204	69
MZ463758.1	394	hS00344	34863	77.174	276	5	277	32271	31996	8.51e-55	204	69
MZ463759.1	410	hS00344	34863	77.174	276	5	277	32271	31996	8.87e-55	204	67
FJ751925.1	394	hS00344	34863	77.536	276	5	277	32271	31996	2.00e-56	208	69
FJ751926.1	395	hS00344	34863	77.536	276	5	277	32271	31996	2.01e-56	208	69
FJ751927.1	395	hS00344	34863	77.174	276	5	277	32271	31996	8.53e-55	204	69
FJ751930.1	395	hS00344	34863	77.536	276	5	277	32271	31996	2.01e-56	208	69
FJ751933.1	396	hS00344	34863	77.536	276	6	278	32271	31996	2.01e-56	208	69
FJ751934.1	395	hS00344	34863	77.536	276	6	278	32271	31996	2.01e-56	208	69
MZ463745.1	387	hS00347	34456	77.947	263	12	272	10246	9984	6.78e-56	206	67
MZ463746.1	387	hS00347	34456	77.947	263	12	272	10246	9984	6.78e-56	206	67
MZ463747.1	387	hS00347	34456	77.567	263	12	272	10246	9984	2.88e-54	202	67
MZ463748.1	387	hS00347	34456	77.567	263	12	272	10246	9984	2.88e-54	202	67
MZ463749.1	391	hS00347	34456	77.174	276	5	277	10259	9984	8.35e-55	204	70
MZ463750.1	392	hS00347	34456	76.812	276	5	277	10259	9984	1.02e-53	199	70
MZ463751.1	393	hS00347	34456	77.536	276	5	277	10259	9984	1.97e-56	208	69
MZ463752.1	394	hS00347	34456	77.536	276	5	277	10259	9984	1.98e-56	208	69
MZ463753.1	394	hS00347	34456	77.174	276	5	277	10259	9984	8.41e-55	204	69
MZ463754.1	394	hS00347	34456	78.378	259	5	260	10259	10001	2.41e-55	205	65
MZ463755.1	394	hS00347	34456	77.899	276	5	277	10259	9984	1.62e-57	213	69
MZ463756.1	394	hS00347	34456	77.174	276	5	277	10259	9984	8.41e-55	204	69
MZ463757.1	394	hS00347	34456	77.174	276	5	277	10259	9984	8.41e-55	204	69
MZ463758.1	394	hS00347	34456	77.174	276	5	277	10259	9984	8.41e-55	204	69
MZ463759.1	410	hS00347	34456	77.174	276	5	277	10259	9984	8.77e-55	204	67
FJ751925.1	394	hS00347	34456	77.536	276	5	277	10259	9984	1.98e-56	208	69
FJ751926.1	395	hS00347	34456	77.536	276	5	277	10259	9984	1.98e-56	208	69
FJ751927.1	395	hS00347	34456	77.174	276	5	277	10259	9984	8.44e-55	204	69
FJ751930.1	395	hS00347	34456	77.536	276	5	277	10259	9984	1.98e-56	208	69
FJ751933.1	396	hS00347	34456	77.536	276	6	278	10259	9984	1.99e-56	208	69
FJ751934.1	395	hS00347	34456	77.536	276	6	278	10259	9984	1.98e-56	208	69
MZ463745.1	387	hS00349	34370	77.652	264	12	272	16923	17186	2.36e-55	205	67
MZ463746.1	387	hS00349	34370	77.652	264	12	272	16923	17186	2.36e-55	205	67
MZ463747.1	387	hS00349	34370	77.273	264	12	272	16923	17186	1.00e-53	200	67
MZ463748.1	387	hS00349	34370	77.273	264	12	272	16923	17186	1.00e-53	200	67
MZ463749.1	391	hS00349	34370	76.895	277	5	277	16910	17186	2.91e-54	202	70
MZ463750.1	392	hS00349	34370	76.534	277	5	277	16910	17186	3.55e-53	197	70
MZ463751.1	393	hS00349	34370	77.256	277	5	277	16910	17186	6.87e-56	206	69
MZ463752.1	394	hS00349	34370	77.256	277	5	277	16910	17186	6.89e-56	206	69
MZ463753.1	394	hS00349	34370	76.895	277	5	277	16910	17186	2.93e-54	202	69
MZ463754.1	394	hS00349	34370	78.462	260	5	260	16910	17169	8.39e-55	203	65
MZ463755.1	394	hS00349	34370	77.617	277	5	277	16910	17186	5.65e-57	211	69
MZ463756.1	394	hS00349	34370	76.895	277	5	277	16910	17186	2.93e-54	202	69
MZ463757.1	394	hS00349	34370	76.895	277	5	277	16910	17186	2.93e-54	202	69
MZ463758.1	394	hS00349	34370	76.895	277	5	277	16910	17186	2.93e-54	202	69
MZ463759.1	410	hS00349	34370	76.895	277	5	277	16910	17186	3.05e-54	202	67
FJ751925.1	394	hS00349	34370	77.256	277	5	277	16910	17186	6.89e-56	206	69
FJ751926.1	395	hS00349	34370	77.256	277	5	277	16910	17186	6.91e-56	206	69
FJ751927.1	395	hS00349	34370	76.895	277	5	277	16910	17186	2.94e-54	202	69
FJ751930.1	395	hS00349	34370	77.256	277	5	277	16910	17186	6.91e-56	206	69
FJ751933.1	396	hS00349	34370	77.256	277	6	278	16910	17186	6.93e-56	206	69
FJ751934.1	395	hS00349	34370	77.256	277	6	278	16910	17186	6.91e-56	206	69
MZ463745.1	387	hS00354	34163	77.947	263	12	272	14158	14420	6.72e-56	206	67
MZ463746.1	387	hS00354	34163	77.947	263	12	272	14158	14420	6.72e-56	206	67
MZ463747.1	387	hS00354	34163	77.567	263	12	272	14158	14420	2.86e-54	202	67
MZ463748.1	387	hS00354	34163	77.567	263	12	272	14158	14420	2.86e-54	202	67
MZ463749.1	391	hS00354	34163	77.174	276	5	277	14145	14420	8.27e-55	204	70
MZ463750.1	392	hS00354	34163	76.812	276	5	277	14145	14420	1.01e-53	199	70
MZ463751.1	393	hS00354	34163	77.536	276	5	277	14145	14420	1.96e-56	208	69
MZ463752.1	394	hS00354	34163	77.536	276	5	277	14145	14420	1.96e-56	208	69
MZ463753.1	394	hS00354	34163	77.174	276	5	277	14145	14420	8.34e-55	204	69
MZ463754.1	394	hS00354	34163	78.378	259	5	260	14145	14403	2.39e-55	205	65
MZ463755.1	394	hS00354	34163	77.899	276	5	277	14145	14420	1.61e-57	213	69
MZ463756.1	394	hS00354	34163	77.174	276	5	277	14145	14420	8.34e-55	204	69
MZ463757.1	394	hS00354	34163	77.174	276	5	277	14145	14420	8.34e-55	204	69
MZ463758.1	394	hS00354	34163	77.174	276	5	277	14145	14420	8.34e-55	204	69
MZ463759.1	410	hS00354	34163	77.174	276	5	277	14145	14420	8.70e-55	204	67
FJ751925.1	394	hS00354	34163	77.536	276	5	277	14145	14420	1.96e-56	208	69
FJ751926.1	395	hS00354	34163	77.536	276	5	277	14145	14420	1.97e-56	208	69
FJ751927.1	395	hS00354	34163	77.174	276	5	277	14145	14420	8.36e-55	204	69
FJ751930.1	395	hS00354	34163	77.536	276	5	277	14145	14420	1.97e-56	208	69
FJ751933.1	396	hS00354	34163	77.536	276	6	278	14145	14420	1.97e-56	208	69
FJ751934.1	395	hS00354	34163	77.536	276	6	278	14145	14420	1.97e-56	208	69
MZ463745.1	387	hS00355	33970	77.947	263	12	272	20954	20692	6.68e-56	206	67
MZ463746.1	387	hS00355	33970	77.947	263	12	272	20954	20692	6.68e-56	206	67
MZ463747.1	387	hS00355	33970	77.567	263	12	272	20954	20692	2.84e-54	202	67
MZ463748.1	387	hS00355	33970	77.567	263	12	272	20954	20692	2.84e-54	202	67
MZ463749.1	391	hS00355	33970	77.174	276	5	277	20967	20692	8.23e-55	204	70
MZ463750.1	392	hS00355	33970	76.812	276	5	277	20967	20692	1.01e-53	199	70
MZ463751.1	393	hS00355	33970	77.536	276	5	277	20967	20692	1.95e-56	208	69
MZ463752.1	394	hS00355	33970	77.536	276	5	277	20967	20692	1.95e-56	208	69
MZ463753.1	394	hS00355	33970	77.174	276	5	277	20967	20692	8.29e-55	204	69
MZ463754.1	394	hS00355	33970	78.378	259	5	260	20967	20709	2.38e-55	205	65
MZ463755.1	394	hS00355	33970	77.899	276	5	277	20967	20692	1.60e-57	213	69
MZ463756.1	394	hS00355	33970	77.174	276	5	277	20967	20692	8.29e-55	204	69
MZ463757.1	394	hS00355	33970	77.174	276	5	277	20967	20692	8.29e-55	204	69
MZ463758.1	394	hS00355	33970	77.174	276	5	277	20967	20692	8.29e-55	204	69
MZ463759.1	410	hS00355	33970	77.174	276	5	277	20967	20692	8.65e-55	204	67
FJ751925.1	394	hS00355	33970	77.536	276	5	277	20967	20692	1.95e-56	208	69
FJ751926.1	395	hS00355	33970	77.536	276	5	277	20967	20692	1.96e-56	208	69
FJ751927.1	395	hS00355	33970	77.174	276	5	277	20967	20692	8.32e-55	204	69
FJ751930.1	395	hS00355	33970	77.536	276	5	277	20967	20692	1.96e-56	208	69
FJ751933.1	396	hS00355	33970	77.536	276	6	278	20967	20692	1.96e-56	208	69
FJ751934.1	395	hS00355	33970	77.536	276	6	278	20967	20692	1.96e-56	208	69
MZ463745.1	387	hS00360	33806	77.947	263	12	272	27885	28147	6.65e-56	206	67
MZ463746.1	387	hS00360	33806	77.947	263	12	272	27885	28147	6.65e-56	206	67
MZ463747.1	387	hS00360	33806	77.567	263	12	272	27885	28147	2.83e-54	202	67
MZ463748.1	387	hS00360	33806	77.567	263	12	272	27885	28147	2.83e-54	202	67
MZ463749.1	391	hS00360	33806	77.174	276	5	277	27872	28147	8.19e-55	204	70
MZ463750.1	392	hS00360	33806	76.812	276	5	277	27872	28147	1.00e-53	199	70
MZ463751.1	393	hS00360	33806	77.536	276	5	277	27872	28147	1.94e-56	208	69
MZ463752.1	394	hS00360	33806	77.536	276	5	277	27872	28147	1.94e-56	208	69
MZ463753.1	394	hS00360	33806	77.174	276	5	277	27872	28147	8.25e-55	204	69
MZ463754.1	394	hS00360	33806	78.378	259	5	260	27872	28130	2.36e-55	205	65
MZ463755.1	394	hS00360	33806	77.899	276	5	277	27872	28147	1.59e-57	213	69
MZ463756.1	394	hS00360	33806	77.174	276	5	277	27872	28147	8.25e-55	204	69
MZ463757.1	394	hS00360	33806	77.174	276	5	277	27872	28147	8.25e-55	204	69
MZ463758.1	394	hS00360	33806	77.174	276	5	277	27872	28147	8.25e-55	204	69
MZ463759.1	410	hS00360	33806	77.174	276	5	277	27872	28147	8.60e-55	204	67
FJ751925.1	394	hS00360	33806	77.536	276	5	277	27872	28147	1.94e-56	208	69
FJ751926.1	395	hS00360	33806	77.536	276	5	277	27872	28147	1.95e-56	208	69
FJ751927.1	395	hS00360	33806	77.174	276	5	277	27872	28147	8.28e-55	204	69
FJ751930.1	395	hS00360	33806	77.536	276	5	277	27872	28147	1.95e-56	208	69
FJ751933.1	396	hS00360	33806	77.536	276	6	278	27872	28147	1.95e-56	208	69
FJ751934.1	395	hS00360	33806	77.536	276	6	278	27872	28147	1.95e-56	208	69
MZ463745.1	387	hS00366	33371	77.947	263	12	272	29934	30196	6.56e-56	206	67
MZ463746.1	387	hS00366	33371	77.947	263	12	272	29934	30196	6.56e-56	206	67
MZ463747.1	387	hS00366	33371	77.567	263	12	272	29934	30196	2.79e-54	202	67
MZ463748.1	387	hS00366	33371	77.567	263	12	272	29934	30196	2.79e-54	202	67
MZ463749.1	391	hS00366	33371	77.174	276	5	277	29921	30196	8.08e-55	204	70
MZ463750.1	392	hS00366	33371	76.812	276	5	277	29921	30196	9.87e-54	199	70
MZ463751.1	393	hS00366	33371	77.536	276	5	277	29921	30196	1.91e-56	208	69
MZ463752.1	394	hS00366	33371	77.536	276	5	277	29921	30196	1.92e-56	208	69
MZ463753.1	394	hS00366	33371	77.174	276	5	277	29921	30196	8.15e-55	204	69
MZ463754.1	394	hS00366	33371	78.378	259	5	260	29921	30179	2.33e-55	205	65
MZ463755.1	394	hS00366	33371	77.899	276	5	277	29921	30196	1.57e-57	213	69
MZ463756.1	394	hS00366	33371	77.174	276	5	277	29921	30196	8.15e-55	204	69
MZ463757.1	394	hS00366	33371	77.174	276	5	277	29921	30196	8.15e-55	204	69
MZ463758.1	394	hS00366	33371	77.174	276	5	277	29921	30196	8.15e-55	204	69
MZ463759.1	410	hS00366	33371	77.174	276	5	277	29921	30196	8.49e-55	204	67
FJ751925.1	394	hS00366	33371	77.536	276	5	277	29921	30196	1.92e-56	208	69
FJ751926.1	395	hS00366	33371	77.536	276	5	277	29921	30196	1.92e-56	208	69
FJ751927.1	395	hS00366	33371	77.174	276	5	277	29921	30196	8.17e-55	204	69
FJ751930.1	395	hS00366	33371	77.536	276	5	277	29921	30196	1.92e-56	208	69
FJ751933.1	396	hS00366	33371	77.536	276	6	278	29921	30196	1.93e-56	208	69
FJ751934.1	395	hS00366	33371	77.536	276	6	278	29921	30196	1.92e-56	208	69
MZ463745.1	387	hS00367	33360	77.947	263	12	272	15679	15417	6.56e-56	206	67
MZ463746.1	387	hS00367	33360	77.947	263	12	272	15679	15417	6.56e-56	206	67
MZ463747.1	387	hS00367	33360	77.567	263	12	272	15679	15417	2.79e-54	202	67
MZ463748.1	387	hS00367	33360	77.567	263	12	272	15679	15417	2.79e-54	202	67
MZ463749.1	391	hS00367	33360	77.174	276	5	277	15692	15417	8.08e-55	204	70
MZ463750.1	392	hS00367	33360	76.812	276	5	277	15692	15417	9.87e-54	199	70
MZ463751.1	393	hS00367	33360	77.536	276	5	277	15692	15417	1.91e-56	208	69
MZ463752.1	394	hS00367	33360	77.536	276	5	277	15692	15417	1.92e-56	208	69
MZ463753.1	394	hS00367	33360	77.174	276	5	277	15692	15417	8.15e-55	204	69
MZ463754.1	394	hS00367	33360	78.378	259	5	260	15692	15434	2.33e-55	205	65
MZ463755.1	394	hS00367	33360	77.899	276	5	277	15692	15417	1.57e-57	213	69
MZ463756.1	394	hS00367	33360	77.174	276	5	277	15692	15417	8.15e-55	204	69
MZ463757.1	394	hS00367	33360	77.174	276	5	277	15692	15417	8.15e-55	204	69
MZ463758.1	394	hS00367	33360	77.174	276	5	277	15692	15417	8.15e-55	204	69
MZ463759.1	410	hS00367	33360	77.174	276	5	277	15692	15417	8.49e-55	204	67
FJ751925.1	394	hS00367	33360	77.536	276	5	277	15692	15417	1.92e-56	208	69
FJ751926.1	395	hS00367	33360	77.536	276	5	277	15692	15417	1.92e-56	208	69
FJ751927.1	395	hS00367	33360	77.174	276	5	277	15692	15417	8.17e-55	204	69
FJ751930.1	395	hS00367	33360	77.536	276	5	277	15692	15417	1.92e-56	208	69
FJ751933.1	396	hS00367	33360	77.536	276	6	278	15692	15417	1.93e-56	208	69
FJ751934.1	395	hS00367	33360	77.536	276	6	278	15692	15417	1.92e-56	208	69
MZ463745.1	387	hS00370	33111	77.947	263	12	272	11069	10807	6.51e-56	206	67
MZ463746.1	387	hS00370	33111	77.947	263	12	272	11069	10807	6.51e-56	206	67
MZ463747.1	387	hS00370	33111	77.567	263	12	272	11069	10807	2.77e-54	202	67
MZ463748.1	387	hS00370	33111	77.567	263	12	272	11069	10807	2.77e-54	202	67
MZ463749.1	391	hS00370	33111	77.174	276	5	277	11082	10807	8.02e-55	204	70
MZ463750.1	392	hS00370	33111	76.812	276	5	277	11082	10807	9.80e-54	199	70
MZ463751.1	393	hS00370	33111	77.536	276	5	277	11082	10807	1.90e-56	208	69
MZ463752.1	394	hS00370	33111	77.536	276	5	277	11082	10807	1.90e-56	208	69
MZ463753.1	394	hS00370	33111	77.174	276	5	277	11082	10807	8.08e-55	204	69
MZ463754.1	394	hS00370	33111	78.378	259	5	260	11082	10824	2.32e-55	205	65
MZ463755.1	394	hS00370	33111	77.899	276	5	277	11082	10807	1.56e-57	213	69
MZ463756.1	394	hS00370	33111	77.174	276	5	277	11082	10807	8.08e-55	204	69
MZ463757.1	394	hS00370	33111	77.174	276	5	277	11082	10807	8.08e-55	204	69
MZ463758.1	394	hS00370	33111	77.174	276	5	277	11082	10807	8.08e-55	204	69
MZ463759.1	410	hS00370	33111	77.174	276	5	277	11082	10807	8.43e-55	204	67
FJ751925.1	394	hS00370	33111	77.536	276	5	277	11082	10807	1.90e-56	208	69
FJ751926.1	395	hS00370	33111	77.536	276	5	277	11082	10807	1.91e-56	208	69
FJ751927.1	395	hS00370	33111	77.174	276	5	277	11082	10807	8.11e-55	204	69
FJ751930.1	395	hS00370	33111	77.536	276	5	277	11082	10807	1.91e-56	208	69
FJ751933.1	396	hS00370	33111	77.536	276	6	278	11082	10807	1.91e-56	208	69
FJ751934.1	395	hS00370	33111	77.536	276	6	278	11082	10807	1.91e-56	208	69
MZ463745.1	387	hS00372	33033	77.947	263	12	272	17144	17406	6.50e-56	206	67
MZ463746.1	387	hS00372	33033	77.947	263	12	272	17144	17406	6.50e-56	206	67
MZ463747.1	387	hS00372	33033	77.567	263	12	272	17144	17406	2.76e-54	202	67
MZ463748.1	387	hS00372	33033	77.567	263	12	272	17144	17406	2.76e-54	202	67
MZ463749.1	391	hS00372	33033	77.174	276	5	277	17131	17406	8.00e-55	204	70
MZ463750.1	392	hS00372	33033	76.812	276	5	277	17131	17406	9.77e-54	199	70
MZ463751.1	393	hS00372	33033	77.536	276	5	277	17131	17406	1.89e-56	208	69
MZ463752.1	394	hS00372	33033	77.536	276	5	277	17131	17406	1.90e-56	208	69
MZ463753.1	394	hS00372	33033	77.174	276	5	277	17131	17406	8.07e-55	204	69
MZ463754.1	394	hS00372	33033	78.378	259	5	260	17131	17389	2.31e-55	205	65
MZ463755.1	394	hS00372	33033	77.899	276	5	277	17131	17406	1.56e-57	213	69
MZ463756.1	394	hS00372	33033	77.174	276	5	277	17131	17406	8.07e-55	204	69
MZ463757.1	394	hS00372	33033	77.174	276	5	277	17131	17406	8.07e-55	204	69
MZ463758.1	394	hS00372	33033	77.174	276	5	277	17131	17406	8.07e-55	204	69
MZ463759.1	410	hS00372	33033	77.174	276	5	277	17131	17406	8.41e-55	204	67
FJ751925.1	394	hS00372	33033	77.536	276	5	277	17131	17406	1.90e-56	208	69
FJ751926.1	395	hS00372	33033	77.536	276	5	277	17131	17406	1.90e-56	208	69
FJ751927.1	395	hS00372	33033	77.174	276	5	277	17131	17406	8.09e-55	204	69
FJ751930.1	395	hS00372	33033	77.536	276	5	277	17131	17406	1.90e-56	208	69
FJ751933.1	396	hS00372	33033	77.536	276	6	278	17131	17406	1.91e-56	208	69
FJ751934.1	395	hS00372	33033	77.536	276	6	278	17131	17406	1.90e-56	208	69
MZ463745.1	387	hS00373	33011	77.947	263	12	272	10520	10258	6.49e-56	206	67
MZ463746.1	387	hS00373	33011	77.947	263	12	272	10520	10258	6.49e-56	206	67
MZ463747.1	387	hS00373	33011	77.567	263	12	272	10520	10258	2.76e-54	202	67
MZ463748.1	387	hS00373	33011	77.567	263	12	272	10520	10258	2.76e-54	202	67
MZ463749.1	391	hS00373	33011	77.174	276	5	277	10533	10258	8.00e-55	204	70
MZ463750.1	392	hS00373	33011	76.812	276	5	277	10533	10258	9.77e-54	199	70
MZ463751.1	393	hS00373	33011	77.536	276	5	277	10533	10258	1.89e-56	208	69
MZ463752.1	394	hS00373	33011	77.536	276	5	277	10533	10258	1.90e-56	208	69
MZ463753.1	394	hS00373	33011	77.174	276	5	277	10533	10258	8.06e-55	204	69
MZ463754.1	394	hS00373	33011	78.378	259	5	260	10533	10275	2.31e-55	205	65
MZ463755.1	394	hS00373	33011	77.899	276	5	277	10533	10258	1.56e-57	213	69
MZ463756.1	394	hS00373	33011	77.174	276	5	277	10533	10258	8.06e-55	204	69
MZ463757.1	394	hS00373	33011	77.174	276	5	277	10533	10258	8.06e-55	204	69
MZ463758.1	394	hS00373	33011	77.174	276	5	277	10533	10258	8.06e-55	204	69
MZ463759.1	410	hS00373	33011	77.174	276	5	277	10533	10258	8.40e-55	204	67
FJ751925.1	394	hS00373	33011	77.536	276	5	277	10533	10258	1.90e-56	208	69
FJ751926.1	395	hS00373	33011	77.536	276	5	277	10533	10258	1.90e-56	208	69
FJ751927.1	395	hS00373	33011	77.174	276	5	277	10533	10258	8.08e-55	204	69
FJ751930.1	395	hS00373	33011	77.536	276	5	277	10533	10258	1.90e-56	208	69
FJ751933.1	396	hS00373	33011	77.536	276	6	278	10533	10258	1.91e-56	208	69
FJ751934.1	395	hS00373	33011	77.536	276	6	278	10533	10258	1.90e-56	208	69
MZ463745.1	387	hS00378	32811	77.947	263	12	272	8357	8095	6.45e-56	206	67
MZ463746.1	387	hS00378	32811	77.947	263	12	272	8357	8095	6.45e-56	206	67
MZ463747.1	387	hS00378	32811	77.567	263	12	272	8357	8095	2.74e-54	202	67
MZ463748.1	387	hS00378	32811	77.567	263	12	272	8357	8095	2.74e-54	202	67
MZ463749.1	391	hS00378	32811	77.174	276	5	277	8370	8095	7.95e-55	204	70
MZ463750.1	392	hS00378	32811	76.812	276	5	277	8370	8095	9.71e-54	199	70
MZ463751.1	393	hS00378	32811	77.536	276	5	277	8370	8095	1.88e-56	208	69
MZ463752.1	394	hS00378	32811	77.536	276	5	277	8370	8095	1.88e-56	208	69
MZ463753.1	394	hS00378	32811	77.174	276	5	277	8370	8095	8.01e-55	204	69
MZ463754.1	394	hS00378	32811	78.378	259	5	260	8370	8112	2.30e-55	205	65
MZ463755.1	394	hS00378	32811	77.899	276	5	277	8370	8095	1.55e-57	213	69
MZ463756.1	394	hS00378	32811	77.174	276	5	277	8370	8095	8.01e-55	204	69
MZ463757.1	394	hS00378	32811	77.174	276	5	277	8370	8095	8.01e-55	204	69
MZ463758.1	394	hS00378	32811	77.174	276	5	277	8370	8095	8.01e-55	204	69
MZ463759.1	410	hS00378	32811	77.174	276	5	277	8370	8095	8.35e-55	204	67
FJ751925.1	394	hS00378	32811	77.536	276	5	277	8370	8095	1.88e-56	208	69
FJ751926.1	395	hS00378	32811	77.536	276	5	277	8370	8095	1.89e-56	208	69
FJ751927.1	395	hS00378	32811	77.174	276	5	277	8370	8095	8.03e-55	204	69
FJ751930.1	395	hS00378	32811	77.536	276	5	277	8370	8095	1.89e-56	208	69
FJ751933.1	396	hS00378	32811	77.536	276	6	278	8370	8095	1.89e-56	208	69
FJ751934.1	395	hS00378	32811	77.536	276	6	278	8370	8095	1.89e-56	208	69
MZ463745.1	387	hS00381	32414	77.947	263	12	272	25239	24977	6.38e-56	206	67
MZ463746.1	387	hS00381	32414	77.947	263	12	272	25239	24977	6.38e-56	206	67
MZ463747.1	387	hS00381	32414	77.567	263	12	272	25239	24977	2.71e-54	202	67
MZ463748.1	387	hS00381	32414	77.567	263	12	272	25239	24977	2.71e-54	202	67
MZ463749.1	391	hS00381	32414	77.174	276	5	277	25252	24977	7.85e-55	204	70
MZ463750.1	392	hS00381	32414	76.812	276	5	277	25252	24977	9.59e-54	199	70
MZ463751.1	393	hS00381	32414	77.536	276	5	277	25252	24977	1.86e-56	208	69
MZ463752.1	394	hS00381	32414	77.536	276	5	277	25252	24977	1.86e-56	208	69
MZ463753.1	394	hS00381	32414	77.174	276	5	277	25252	24977	7.91e-55	204	69
MZ463754.1	394	hS00381	32414	78.378	259	5	260	25252	24994	2.27e-55	205	65
MZ463755.1	394	hS00381	32414	77.899	276	5	277	25252	24977	1.53e-57	213	69
MZ463756.1	394	hS00381	32414	77.174	276	5	277	25252	24977	7.91e-55	204	69
MZ463757.1	394	hS00381	32414	77.174	276	5	277	25252	24977	7.91e-55	204	69
MZ463758.1	394	hS00381	32414	77.174	276	5	277	25252	24977	7.91e-55	204	69
MZ463759.1	410	hS00381	32414	77.174	276	5	277	25252	24977	8.25e-55	204	67
FJ751925.1	394	hS00381	32414	77.536	276	5	277	25252	24977	1.86e-56	208	69
FJ751926.1	395	hS00381	32414	77.536	276	5	277	25252	24977	1.87e-56	208	69
FJ751927.1	395	hS00381	32414	77.174	276	5	277	25252	24977	7.94e-55	204	69
FJ751930.1	395	hS00381	32414	77.536	276	5	277	25252	24977	1.87e-56	208	69
FJ751933.1	396	hS00381	32414	77.536	276	6	278	25252	24977	1.87e-56	208	69
FJ751934.1	395	hS00381	32414	77.536	276	6	278	25252	24977	1.87e-56	208	69
MZ463745.1	387	hS00383	32337	77.947	263	12	272	30126	30388	6.36e-56	206	67
MZ463746.1	387	hS00383	32337	77.947	263	12	272	30126	30388	6.36e-56	206	67
MZ463747.1	387	hS00383	32337	77.567	263	12	272	30126	30388	2.70e-54	202	67
MZ463748.1	387	hS00383	32337	77.567	263	12	272	30126	30388	2.70e-54	202	67
MZ463749.1	391	hS00383	32337	77.174	276	5	277	30113	30388	7.83e-55	204	70
MZ463750.1	392	hS00383	32337	76.812	276	5	277	30113	30388	9.57e-54	199	70
MZ463751.1	393	hS00383	32337	77.536	276	5	277	30113	30388	1.85e-56	208	69
MZ463752.1	394	hS00383	32337	77.536	276	5	277	30113	30388	1.86e-56	208	69
MZ463753.1	394	hS00383	32337	77.174	276	5	277	30113	30388	7.90e-55	204	69
MZ463754.1	394	hS00383	32337	78.378	259	5	260	30113	30371	2.26e-55	205	65
MZ463755.1	394	hS00383	32337	77.899	276	5	277	30113	30388	1.52e-57	213	69
MZ463756.1	394	hS00383	32337	77.174	276	5	277	30113	30388	7.90e-55	204	69
MZ463757.1	394	hS00383	32337	77.174	276	5	277	30113	30388	7.90e-55	204	69
MZ463758.1	394	hS00383	32337	77.174	276	5	277	30113	30388	7.90e-55	204	69
MZ463759.1	410	hS00383	32337	77.174	276	5	277	30113	30388	8.23e-55	204	67
FJ751925.1	394	hS00383	32337	77.536	276	5	277	30113	30388	1.86e-56	208	69
FJ751926.1	395	hS00383	32337	77.536	276	5	277	30113	30388	1.86e-56	208	69
FJ751927.1	395	hS00383	32337	77.174	276	5	277	30113	30388	7.92e-55	204	69
FJ751930.1	395	hS00383	32337	77.536	276	5	277	30113	30388	1.86e-56	208	69
FJ751933.1	396	hS00383	32337	77.536	276	6	278	30113	30388	1.87e-56	208	69
FJ751934.1	395	hS00383	32337	77.536	276	6	278	30113	30388	1.86e-56	208	69
MZ463745.1	387	hS00387	32224	77.947	263	12	272	10308	10046	6.34e-56	206	67
MZ463746.1	387	hS00387	32224	77.947	263	12	272	10308	10046	6.34e-56	206	67
MZ463747.1	387	hS00387	32224	77.567	263	12	272	10308	10046	2.70e-54	202	67
MZ463748.1	387	hS00387	32224	77.567	263	12	272	10308	10046	2.70e-54	202	67
MZ463749.1	391	hS00387	32224	77.174	276	5	277	10321	10046	7.81e-55	204	70
MZ463750.1	392	hS00387	32224	76.812	276	5	277	10321	10046	9.53e-54	199	70
MZ463751.1	393	hS00387	32224	77.536	276	5	277	10321	10046	1.85e-56	208	69
MZ463752.1	394	hS00387	32224	77.536	276	5	277	10321	10046	1.85e-56	208	69
MZ463753.1	394	hS00387	32224	77.174	276	5	277	10321	10046	7.87e-55	204	69
MZ463754.1	394	hS00387	32224	78.378	259	5	260	10321	10063	2.25e-55	205	65
MZ463755.1	394	hS00387	32224	77.899	276	5	277	10321	10046	1.52e-57	213	69
MZ463756.1	394	hS00387	32224	77.174	276	5	277	10321	10046	7.87e-55	204	69
MZ463757.1	394	hS00387	32224	77.174	276	5	277	10321	10046	7.87e-55	204	69
MZ463758.1	394	hS00387	32224	77.174	276	5	277	10321	10046	7.87e-55	204	69
MZ463759.1	410	hS00387	32224	77.174	276	5	277	10321	10046	8.20e-55	204	67
FJ751925.1	394	hS00387	32224	77.536	276	5	277	10321	10046	1.85e-56	208	69
FJ751926.1	395	hS00387	32224	77.536	276	5	277	10321	10046	1.86e-56	208	69
FJ751927.1	395	hS00387	32224	77.174	276	5	277	10321	10046	7.89e-55	204	69
FJ751930.1	395	hS00387	32224	77.536	276	5	277	10321	10046	1.86e-56	208	69
FJ751933.1	396	hS00387	32224	77.536	276	6	278	10321	10046	1.86e-56	208	69
FJ751934.1	395	hS00387	32224	77.536	276	6	278	10321	10046	1.86e-56	208	69
MZ463745.1	387	hS00389	31966	77.947	263	12	272	31844	31582	6.29e-56	206	67
MZ463746.1	387	hS00389	31966	77.947	263	12	272	31844	31582	6.29e-56	206	67
MZ463747.1	387	hS00389	31966	77.567	263	12	272	31844	31582	2.67e-54	202	67
MZ463748.1	387	hS00389	31966	77.567	263	12	272	31844	31582	2.67e-54	202	67
MZ463749.1	391	hS00389	31966	77.174	276	5	277	31857	31582	7.74e-55	204	70
MZ463750.1	392	hS00389	31966	76.812	276	5	277	31857	31582	9.46e-54	199	70
MZ463751.1	393	hS00389	31966	77.536	276	5	277	31857	31582	1.83e-56	208	69
MZ463752.1	394	hS00389	31966	77.536	276	5	277	31857	31582	1.84e-56	208	69
MZ463753.1	394	hS00389	31966	77.174	276	5	277	31857	31582	7.80e-55	204	69
MZ463754.1	394	hS00389	31966	78.378	259	5	260	31857	31599	2.24e-55	205	65
MZ463755.1	394	hS00389	31966	77.899	276	5	277	31857	31582	1.51e-57	213	69
MZ463756.1	394	hS00389	31966	77.174	276	5	277	31857	31582	7.80e-55	204	69
MZ463757.1	394	hS00389	31966	77.174	276	5	277	31857	31582	7.80e-55	204	69
MZ463758.1	394	hS00389	31966	77.174	276	5	277	31857	31582	7.80e-55	204	69
MZ463759.1	410	hS00389	31966	77.174	276	5	277	31857	31582	8.14e-55	204	67
FJ751925.1	394	hS00389	31966	77.536	276	5	277	31857	31582	1.84e-56	208	69
FJ751926.1	395	hS00389	31966	77.536	276	5	277	31857	31582	1.84e-56	208	69
FJ751927.1	395	hS00389	31966	77.174	276	5	277	31857	31582	7.83e-55	204	69
FJ751930.1	395	hS00389	31966	77.536	276	5	277	31857	31582	1.84e-56	208	69
FJ751933.1	396	hS00389	31966	77.536	276	6	278	31857	31582	1.85e-56	208	69
FJ751934.1	395	hS00389	31966	77.536	276	6	278	31857	31582	1.84e-56	208	69
MZ463745.1	387	hS00393	31631	77.947	263	12	272	3444	3706	6.22e-56	206	67
MZ463746.1	387	hS00393	31631	77.947	263	12	272	3444	3706	6.22e-56	206	67
MZ463747.1	387	hS00393	31631	77.567	263	12	272	3444	3706	2.65e-54	202	67
MZ463748.1	387	hS00393	31631	77.567	263	12	272	3444	3706	2.65e-54	202	67
MZ463749.1	391	hS00393	31631	77.174	276	5	277	3431	3706	7.66e-55	204	70
MZ463750.1	392	hS00393	31631	76.812	276	5	277	3431	3706	9.36e-54	199	70
MZ463751.1	393	hS00393	31631	77.536	276	5	277	3431	3706	1.81e-56	208	69
MZ463752.1	394	hS00393	31631	77.536	276	5	277	3431	3706	1.82e-56	208	69
MZ463753.1	394	hS00393	31631	77.174	276	5	277	3431	3706	7.72e-55	204	69
MZ463754.1	394	hS00393	31631	78.378	259	5	260	3431	3689	2.21e-55	205	65
MZ463755.1	394	hS00393	31631	77.899	276	5	277	3431	3706	1.49e-57	213	69
MZ463756.1	394	hS00393	31631	77.174	276	5	277	3431	3706	7.72e-55	204	69
MZ463757.1	394	hS00393	31631	77.174	276	5	277	3431	3706	7.72e-55	204	69
MZ463758.1	394	hS00393	31631	77.174	276	5	277	3431	3706	7.72e-55	204	69
MZ463759.1	410	hS00393	31631	77.174	276	5	277	3431	3706	8.05e-55	204	67
FJ751925.1	394	hS00393	31631	77.536	276	5	277	3431	3706	1.82e-56	208	69
FJ751926.1	395	hS00393	31631	77.536	276	5	277	3431	3706	1.82e-56	208	69
FJ751927.1	395	hS00393	31631	77.174	276	5	277	3431	3706	7.74e-55	204	69
FJ751930.1	395	hS00393	31631	77.536	276	5	277	3431	3706	1.82e-56	208	69
FJ751933.1	396	hS00393	31631	77.536	276	6	278	3431	3706	1.83e-56	208	69
FJ751934.1	395	hS00393	31631	77.536	276	6	278	3431	3706	1.82e-56	208	69
MZ463745.1	387	hS00395	31409	77.947	263	12	272	9138	9400	6.18e-56	206	67
MZ463746.1	387	hS00395	31409	77.947	263	12	272	9138	9400	6.18e-56	206	67
MZ463747.1	387	hS00395	31409	77.567	263	12	272	9138	9400	2.63e-54	202	67
MZ463748.1	387	hS00395	31409	77.567	263	12	272	9138	9400	2.63e-54	202	67
MZ463749.1	391	hS00395	31409	77.174	276	5	277	9125	9400	7.61e-55	204	70
MZ463750.1	392	hS00395	31409	76.812	276	5	277	9125	9400	9.29e-54	199	70
MZ463751.1	393	hS00395	31409	77.536	276	5	277	9125	9400	1.80e-56	208	69
MZ463752.1	394	hS00395	31409	77.536	276	5	277	9125	9400	1.80e-56	208	69
MZ463753.1	394	hS00395	31409	77.174	276	5	277	9125	9400	7.67e-55	204	69
MZ463754.1	394	hS00395	31409	78.378	259	5	260	9125	9383	2.20e-55	205	65
MZ463755.1	394	hS00395	31409	77.899	276	5	277	9125	9400	1.48e-57	213	69
MZ463756.1	394	hS00395	31409	77.174	276	5	277	9125	9400	7.67e-55	204	69
MZ463757.1	394	hS00395	31409	77.174	276	5	277	9125	9400	7.67e-55	204	69
MZ463758.1	394	hS00395	31409	77.174	276	5	277	9125	9400	7.67e-55	204	69
MZ463759.1	410	hS00395	31409	77.174	276	5	277	9125	9400	7.99e-55	204	67
FJ751925.1	394	hS00395	31409	77.536	276	5	277	9125	9400	1.80e-56	208	69
FJ751926.1	395	hS00395	31409	77.536	276	5	277	9125	9400	1.81e-56	208	69
FJ751927.1	395	hS00395	31409	77.174	276	5	277	9125	9400	7.69e-55	204	69
FJ751930.1	395	hS00395	31409	77.536	276	5	277	9125	9400	1.81e-56	208	69
FJ751933.1	396	hS00395	31409	77.536	276	6	278	9125	9400	1.81e-56	208	69
FJ751934.1	395	hS00395	31409	77.536	276	6	278	9125	9400	1.81e-56	208	69
MZ463745.1	387	hS00397	31282	77.947	263	12	272	16747	16485	6.15e-56	206	67
MZ463746.1	387	hS00397	31282	77.947	263	12	272	16747	16485	6.15e-56	206	67
MZ463747.1	387	hS00397	31282	77.567	263	12	272	16747	16485	2.62e-54	202	67
MZ463748.1	387	hS00397	31282	77.567	263	12	272	16747	16485	2.62e-54	202	67
MZ463749.1	391	hS00397	31282	77.174	276	5	277	16760	16485	7.58e-55	204	70
MZ463750.1	392	hS00397	31282	76.812	276	5	277	16760	16485	9.26e-54	199	70
MZ463751.1	393	hS00397	31282	77.536	276	5	277	16760	16485	1.79e-56	208	69
MZ463752.1	394	hS00397	31282	77.536	276	5	277	16760	16485	1.80e-56	208	69
MZ463753.1	394	hS00397	31282	77.174	276	5	277	16760	16485	7.64e-55	204	69
MZ463754.1	394	hS00397	31282	78.378	259	5	260	16760	16502	2.19e-55	205	65
MZ463755.1	394	hS00397	31282	77.899	276	5	277	16760	16485	1.47e-57	213	69
MZ463756.1	394	hS00397	31282	77.174	276	5	277	16760	16485	7.64e-55	204	69
MZ463757.1	394	hS00397	31282	77.174	276	5	277	16760	16485	7.64e-55	204	69
MZ463758.1	394	hS00397	31282	77.174	276	5	277	16760	16485	7.64e-55	204	69
MZ463759.1	410	hS00397	31282	77.174	276	5	277	16760	16485	7.96e-55	204	67
FJ751925.1	394	hS00397	31282	77.536	276	5	277	16760	16485	1.80e-56	208	69
FJ751926.1	395	hS00397	31282	77.536	276	5	277	16760	16485	1.80e-56	208	69
FJ751927.1	395	hS00397	31282	77.174	276	5	277	16760	16485	7.66e-55	204	69
FJ751930.1	395	hS00397	31282	77.536	276	5	277	16760	16485	1.80e-56	208	69
FJ751933.1	396	hS00397	31282	77.536	276	6	278	16760	16485	1.81e-56	208	69
FJ751934.1	395	hS00397	31282	77.536	276	6	278	16760	16485	1.80e-56	208	69
MZ463745.1	387	hS00404	30661	77.947	263	12	272	22361	22623	6.03e-56	206	67
MZ463746.1	387	hS00404	30661	77.947	263	12	272	22361	22623	6.03e-56	206	67
MZ463747.1	387	hS00404	30661	77.567	263	12	272	22361	22623	2.56e-54	202	67
MZ463748.1	387	hS00404	30661	77.567	263	12	272	22361	22623	2.56e-54	202	67
MZ463749.1	391	hS00404	30661	77.174	276	5	277	22348	22623	7.43e-55	204	70
MZ463750.1	392	hS00404	30661	76.812	276	5	277	22348	22623	9.07e-54	199	70
MZ463751.1	393	hS00404	30661	77.536	276	5	277	22348	22623	1.76e-56	208	69
MZ463752.1	394	hS00404	30661	77.536	276	5	277	22348	22623	1.76e-56	208	69
MZ463753.1	394	hS00404	30661	77.174	276	5	277	22348	22623	7.49e-55	204	69
MZ463754.1	394	hS00404	30661	78.378	259	5	260	22348	22606	2.14e-55	205	65
MZ463755.1	394	hS00404	30661	77.899	276	5	277	22348	22623	1.45e-57	213	69
MZ463756.1	394	hS00404	30661	77.174	276	5	277	22348	22623	7.49e-55	204	69
MZ463757.1	394	hS00404	30661	77.174	276	5	277	22348	22623	7.49e-55	204	69
MZ463758.1	394	hS00404	30661	77.174	276	5	277	22348	22623	7.49e-55	204	69
MZ463759.1	410	hS00404	30661	77.174	276	5	277	22348	22623	7.80e-55	204	67
FJ751925.1	394	hS00404	30661	77.536	276	5	277	22348	22623	1.76e-56	208	69
FJ751926.1	395	hS00404	30661	77.536	276	5	277	22348	22623	1.77e-56	208	69
FJ751927.1	395	hS00404	30661	77.174	276	5	277	22348	22623	7.51e-55	204	69
FJ751930.1	395	hS00404	30661	77.536	276	5	277	22348	22623	1.77e-56	208	69
FJ751933.1	396	hS00404	30661	77.536	276	6	278	22348	22623	1.77e-56	208	69
FJ751934.1	395	hS00404	30661	77.536	276	6	278	22348	22623	1.77e-56	208	69
MZ463745.1	387	hS00407	30525	77.947	263	12	272	29448	29710	6.00e-56	206	67
MZ463746.1	387	hS00407	30525	77.947	263	12	272	29448	29710	6.00e-56	206	67
MZ463747.1	387	hS00407	30525	77.567	263	12	272	29448	29710	2.55e-54	202	67
MZ463748.1	387	hS00407	30525	77.567	263	12	272	29448	29710	2.55e-54	202	67
MZ463749.1	391	hS00407	30525	77.174	276	5	277	29435	29710	7.39e-55	204	70
MZ463750.1	392	hS00407	30525	76.812	276	5	277	29435	29710	9.03e-54	199	70
MZ463751.1	393	hS00407	30525	77.536	276	5	277	29435	29710	1.75e-56	208	69
MZ463752.1	394	hS00407	30525	77.536	276	5	277	29435	29710	1.75e-56	208	69
MZ463753.1	394	hS00407	30525	77.174	276	5	277	29435	29710	7.45e-55	204	69
MZ463754.1	394	hS00407	30525	78.378	259	5	260	29435	29693	2.14e-55	205	65
MZ463755.1	394	hS00407	30525	77.899	276	5	277	29435	29710	1.44e-57	213	69
MZ463756.1	394	hS00407	30525	77.174	276	5	277	29435	29710	7.45e-55	204	69
MZ463757.1	394	hS00407	30525	77.174	276	5	277	29435	29710	7.45e-55	204	69
MZ463758.1	394	hS00407	30525	77.174	276	5	277	29435	29710	7.45e-55	204	69
MZ463759.1	410	hS00407	30525	77.174	276	5	277	29435	29710	7.77e-55	204	67
FJ751925.1	394	hS00407	30525	77.536	276	5	277	29435	29710	1.75e-56	208	69
FJ751926.1	395	hS00407	30525	77.536	276	5	277	29435	29710	1.76e-56	208	69
FJ751927.1	395	hS00407	30525	77.174	276	5	277	29435	29710	7.47e-55	204	69
FJ751930.1	395	hS00407	30525	77.536	276	5	277	29435	29710	1.76e-56	208	69
FJ751933.1	396	hS00407	30525	77.536	276	6	278	29435	29710	1.76e-56	208	69
FJ751934.1	395	hS00407	30525	77.536	276	6	278	29435	29710	1.76e-56	208	69
MZ463745.1	387	hS00414	30270	77.947	263	12	272	6644	6906	5.95e-56	206	67
MZ463746.1	387	hS00414	30270	77.947	263	12	272	6644	6906	5.95e-56	206	67
MZ463747.1	387	hS00414	30270	77.567	263	12	272	6644	6906	2.53e-54	202	67
MZ463748.1	387	hS00414	30270	77.567	263	12	272	6644	6906	2.53e-54	202	67
MZ463749.1	391	hS00414	30270	77.174	276	5	277	6631	6906	7.33e-55	204	70
MZ463750.1	392	hS00414	30270	76.812	276	5	277	6631	6906	8.96e-54	199	70
MZ463751.1	393	hS00414	30270	77.536	276	5	277	6631	6906	1.73e-56	208	69
MZ463752.1	394	hS00414	30270	77.536	276	5	277	6631	6906	1.74e-56	208	69
MZ463753.1	394	hS00414	30270	77.174	276	5	277	6631	6906	7.39e-55	204	69
MZ463754.1	394	hS00414	30270	78.378	259	5	260	6631	6889	2.12e-55	205	65
MZ463755.1	394	hS00414	30270	77.899	276	5	277	6631	6906	1.43e-57	213	69
MZ463756.1	394	hS00414	30270	77.174	276	5	277	6631	6906	7.39e-55	204	69
MZ463757.1	394	hS00414	30270	77.174	276	5	277	6631	6906	7.39e-55	204	69
MZ463758.1	394	hS00414	30270	77.174	276	5	277	6631	6906	7.39e-55	204	69
MZ463759.1	410	hS00414	30270	77.174	276	5	277	6631	6906	7.70e-55	204	67
FJ751925.1	394	hS00414	30270	77.536	276	5	277	6631	6906	1.74e-56	208	69
FJ751926.1	395	hS00414	30270	77.536	276	5	277	6631	6906	1.74e-56	208	69
FJ751927.1	395	hS00414	30270	77.174	276	5	277	6631	6906	7.41e-55	204	69
FJ751930.1	395	hS00414	30270	77.536	276	5	277	6631	6906	1.74e-56	208	69
FJ751933.1	396	hS00414	30270	77.536	276	6	278	6631	6906	1.75e-56	208	69
FJ751934.1	395	hS00414	30270	77.536	276	6	278	6631	6906	1.74e-56	208	69
MZ463745.1	387	hS00416	29880	77.947	263	12	272	28283	28021	5.88e-56	206	67
MZ463746.1	387	hS00416	29880	77.947	263	12	272	28283	28021	5.88e-56	206	67
MZ463747.1	387	hS00416	29880	77.567	263	12	272	28283	28021	2.50e-54	202	67
MZ463748.1	387	hS00416	29880	77.567	263	12	272	28283	28021	2.50e-54	202	67
MZ463749.1	391	hS00416	29880	77.174	276	5	277	28296	28021	7.24e-55	204	70
MZ463750.1	392	hS00416	29880	76.812	276	5	277	28296	28021	8.84e-54	199	70
MZ463751.1	393	hS00416	29880	77.536	276	5	277	28296	28021	1.71e-56	208	69
MZ463752.1	394	hS00416	29880	77.536	276	5	277	28296	28021	1.72e-56	208	69
MZ463753.1	394	hS00416	29880	77.174	276	5	277	28296	28021	7.30e-55	204	69
MZ463754.1	394	hS00416	29880	78.378	259	5	260	28296	28038	2.09e-55	205	65
MZ463755.1	394	hS00416	29880	77.899	276	5	277	28296	28021	1.41e-57	213	69
MZ463756.1	394	hS00416	29880	77.174	276	5	277	28296	28021	7.30e-55	204	69
MZ463757.1	394	hS00416	29880	77.174	276	5	277	28296	28021	7.30e-55	204	69
MZ463758.1	394	hS00416	29880	77.174	276	5	277	28296	28021	7.30e-55	204	69
MZ463759.1	410	hS00416	29880	77.174	276	5	277	28296	28021	7.60e-55	204	67
FJ751925.1	394	hS00416	29880	77.536	276	5	277	28296	28021	1.72e-56	208	69
FJ751926.1	395	hS00416	29880	77.536	276	5	277	28296	28021	1.72e-56	208	69
FJ751927.1	395	hS00416	29880	77.174	276	5	277	28296	28021	7.31e-55	204	69
FJ751930.1	395	hS00416	29880	77.536	276	5	277	28296	28021	1.72e-56	208	69
FJ751933.1	396	hS00416	29880	77.536	276	6	278	28296	28021	1.72e-56	208	69
FJ751934.1	395	hS00416	29880	77.536	276	6	278	28296	28021	1.72e-56	208	69
MZ463745.1	387	hS00418	29745	77.947	263	12	272	24898	24636	5.85e-56	206	67
MZ463746.1	387	hS00418	29745	77.947	263	12	272	24898	24636	5.85e-56	206	67
MZ463747.1	387	hS00418	29745	77.567	263	12	272	24898	24636	2.49e-54	202	67
MZ463748.1	387	hS00418	29745	77.567	263	12	272	24898	24636	2.49e-54	202	67
MZ463749.1	391	hS00418	29745	77.174	276	5	277	24911	24636	7.20e-55	204	70
MZ463750.1	392	hS00418	29745	76.812	276	5	277	24911	24636	8.80e-54	199	70
MZ463751.1	393	hS00418	29745	77.536	276	5	277	24911	24636	1.70e-56	208	69
MZ463752.1	394	hS00418	29745	77.536	276	5	277	24911	24636	1.71e-56	208	69
MZ463753.1	394	hS00418	29745	77.174	276	5	277	24911	24636	7.26e-55	204	69
MZ463754.1	394	hS00418	29745	78.378	259	5	260	24911	24653	2.08e-55	205	65
MZ463755.1	394	hS00418	29745	77.899	276	5	277	24911	24636	1.40e-57	213	69
MZ463756.1	394	hS00418	29745	77.174	276	5	277	24911	24636	7.26e-55	204	69
MZ463757.1	394	hS00418	29745	77.174	276	5	277	24911	24636	7.26e-55	204	69
MZ463758.1	394	hS00418	29745	77.174	276	5	277	24911	24636	7.26e-55	204	69
MZ463759.1	410	hS00418	29745	77.174	276	5	277	24911	24636	7.57e-55	204	67
FJ751925.1	394	hS00418	29745	77.536	276	5	277	24911	24636	1.71e-56	208	69
FJ751926.1	395	hS00418	29745	77.536	276	5	277	24911	24636	1.71e-56	208	69
FJ751927.1	395	hS00418	29745	77.174	276	5	277	24911	24636	7.28e-55	204	69
FJ751930.1	395	hS00418	29745	77.536	276	5	277	24911	24636	1.71e-56	208	69
FJ751933.1	396	hS00418	29745	77.536	276	6	278	24911	24636	1.72e-56	208	69
FJ751934.1	395	hS00418	29745	77.536	276	6	278	24911	24636	1.71e-56	208	69
MZ463745.1	387	hS00421	29623	77.947	263	12	272	14361	14099	5.83e-56	206	67
MZ463746.1	387	hS00421	29623	77.947	263	12	272	14361	14099	5.83e-56	206	67
MZ463747.1	387	hS00421	29623	77.567	263	12	272	14361	14099	2.48e-54	202	67
MZ463748.1	387	hS00421	29623	77.567	263	12	272	14361	14099	2.48e-54	202	67
MZ463749.1	391	hS00421	29623	77.174	276	5	277	14374	14099	7.17e-55	204	70
MZ463750.1	392	hS00421	29623	76.812	276	5	277	14374	14099	8.76e-54	199	70
MZ463751.1	393	hS00421	29623	77.536	276	5	277	14374	14099	1.70e-56	208	69
MZ463752.1	394	hS00421	29623	77.536	276	5	277	14374	14099	1.70e-56	208	69
MZ463753.1	394	hS00421	29623	77.174	276	5	277	14374	14099	7.23e-55	204	69
MZ463754.1	394	hS00421	29623	78.378	259	5	260	14374	14116	2.07e-55	205	65
MZ463755.1	394	hS00421	29623	77.899	276	5	277	14374	14099	1.40e-57	213	69
MZ463756.1	394	hS00421	29623	77.174	276	5	277	14374	14099	7.23e-55	204	69
MZ463757.1	394	hS00421	29623	77.174	276	5	277	14374	14099	7.23e-55	204	69
MZ463758.1	394	hS00421	29623	77.174	276	5	277	14374	14099	7.23e-55	204	69
MZ463759.1	410	hS00421	29623	77.174	276	5	277	14374	14099	7.54e-55	204	67
FJ751925.1	394	hS00421	29623	77.536	276	5	277	14374	14099	1.70e-56	208	69
FJ751926.1	395	hS00421	29623	77.536	276	5	277	14374	14099	1.71e-56	208	69
FJ751927.1	395	hS00421	29623	77.174	276	5	277	14374	14099	7.25e-55	204	69
FJ751930.1	395	hS00421	29623	77.536	276	5	277	14374	14099	1.71e-56	208	69
FJ751933.1	396	hS00421	29623	77.536	276	6	278	14374	14099	1.71e-56	208	69
FJ751934.1	395	hS00421	29623	77.536	276	6	278	14374	14099	1.71e-56	208	69
MZ463745.1	387	hS00426	29221	77.947	263	12	272	17998	18260	5.75e-56	206	67
MZ463746.1	387	hS00426	29221	77.947	263	12	272	17998	18260	5.75e-56	206	67
MZ463747.1	387	hS00426	29221	77.567	263	12	272	17998	18260	2.44e-54	202	67
MZ463748.1	387	hS00426	29221	77.567	263	12	272	17998	18260	2.44e-54	202	67
MZ463749.1	391	hS00426	29221	77.174	276	5	277	17985	18260	7.08e-55	204	70
MZ463750.1	392	hS00426	29221	76.812	276	5	277	17985	18260	8.65e-54	199	70
MZ463751.1	393	hS00426	29221	77.536	276	5	277	17985	18260	1.67e-56	208	69
MZ463752.1	394	hS00426	29221	77.536	276	5	277	17985	18260	1.68e-56	208	69
MZ463753.1	394	hS00426	29221	77.174	276	5	277	17985	18260	7.13e-55	204	69
MZ463754.1	394	hS00426	29221	78.378	259	5	260	17985	18243	2.04e-55	205	65
MZ463755.1	394	hS00426	29221	77.899	276	5	277	17985	18260	1.38e-57	213	69
MZ463756.1	394	hS00426	29221	77.174	276	5	277	17985	18260	7.13e-55	204	69
MZ463757.1	394	hS00426	29221	77.174	276	5	277	17985	18260	7.13e-55	204	69
MZ463758.1	394	hS00426	29221	77.174	276	5	277	17985	18260	7.13e-55	204	69
MZ463759.1	410	hS00426	29221	77.174	276	5	277	17985	18260	7.44e-55	204	67
FJ751925.1	394	hS00426	29221	77.536	276	5	277	17985	18260	1.68e-56	208	69
FJ751926.1	395	hS00426	29221	77.536	276	5	277	17985	18260	1.68e-56	208	69
FJ751927.1	395	hS00426	29221	77.174	276	5	277	17985	18260	7.15e-55	204	69
FJ751930.1	395	hS00426	29221	77.536	276	5	277	17985	18260	1.68e-56	208	69
FJ751933.1	396	hS00426	29221	77.536	276	6	278	17985	18260	1.69e-56	208	69
FJ751934.1	395	hS00426	29221	77.536	276	6	278	17985	18260	1.68e-56	208	69
MZ463745.1	387	hS00428	29144	77.947	263	12	272	12894	12632	5.73e-56	206	67
MZ463746.1	387	hS00428	29144	77.947	263	12	272	12894	12632	5.73e-56	206	67
MZ463747.1	387	hS00428	29144	77.567	263	12	272	12894	12632	2.44e-54	202	67
MZ463748.1	387	hS00428	29144	77.567	263	12	272	12894	12632	2.44e-54	202	67
MZ463749.1	391	hS00428	29144	77.174	276	5	277	12907	12632	7.06e-55	204	70
MZ463750.1	392	hS00428	29144	76.812	276	5	277	12907	12632	8.62e-54	199	70
MZ463751.1	393	hS00428	29144	77.536	276	5	277	12907	12632	1.67e-56	208	69
MZ463752.1	394	hS00428	29144	77.536	276	5	277	12907	12632	1.67e-56	208	69
MZ463753.1	394	hS00428	29144	77.174	276	5	277	12907	12632	7.12e-55	204	69
MZ463754.1	394	hS00428	29144	78.378	259	5	260	12907	12649	2.04e-55	205	65
MZ463755.1	394	hS00428	29144	77.899	276	5	277	12907	12632	1.37e-57	213	69
MZ463756.1	394	hS00428	29144	77.174	276	5	277	12907	12632	7.12e-55	204	69
MZ463757.1	394	hS00428	29144	77.174	276	5	277	12907	12632	7.12e-55	204	69
MZ463758.1	394	hS00428	29144	77.174	276	5	277	12907	12632	7.12e-55	204	69
MZ463759.1	410	hS00428	29144	77.174	276	5	277	12907	12632	7.42e-55	204	67
FJ751925.1	394	hS00428	29144	77.536	276	5	277	12907	12632	1.67e-56	208	69
FJ751926.1	395	hS00428	29144	77.536	276	5	277	12907	12632	1.68e-56	208	69
FJ751927.1	395	hS00428	29144	77.174	276	5	277	12907	12632	7.13e-55	204	69
FJ751930.1	395	hS00428	29144	77.536	276	5	277	12907	12632	1.68e-56	208	69
FJ751933.1	396	hS00428	29144	77.536	276	6	278	12907	12632	1.68e-56	208	69
FJ751934.1	395	hS00428	29144	77.536	276	6	278	12907	12632	1.68e-56	208	69
MZ463745.1	387	hS00439	28666	77.947	263	12	272	11233	10971	5.64e-56	206	67
MZ463746.1	387	hS00439	28666	77.947	263	12	272	11233	10971	5.64e-56	206	67
MZ463747.1	387	hS00439	28666	77.567	263	12	272	11233	10971	2.40e-54	202	67
MZ463748.1	387	hS00439	28666	77.567	263	12	272	11233	10971	2.40e-54	202	67
MZ463749.1	391	hS00439	28666	77.174	276	5	277	11246	10971	6.94e-55	204	70
MZ463750.1	392	hS00439	28666	76.812	276	5	277	11246	10971	8.48e-54	199	70
MZ463751.1	393	hS00439	28666	77.536	276	5	277	11246	10971	1.64e-56	208	69
MZ463752.1	394	hS00439	28666	77.536	276	5	277	11246	10971	1.65e-56	208	69
MZ463753.1	394	hS00439	28666	77.174	276	5	277	11246	10971	7.00e-55	204	69
MZ463754.1	394	hS00439	28666	78.378	259	5	260	11246	10988	2.01e-55	205	65
MZ463755.1	394	hS00439	28666	77.899	276	5	277	11246	10971	1.35e-57	213	69
MZ463756.1	394	hS00439	28666	77.174	276	5	277	11246	10971	7.00e-55	204	69
MZ463757.1	394	hS00439	28666	77.174	276	5	277	11246	10971	7.00e-55	204	69
MZ463758.1	394	hS00439	28666	77.174	276	5	277	11246	10971	7.00e-55	204	69
MZ463759.1	410	hS00439	28666	77.174	276	5	277	11246	10971	7.30e-55	204	67
FJ751925.1	394	hS00439	28666	77.536	276	5	277	11246	10971	1.65e-56	208	69
FJ751926.1	395	hS00439	28666	77.536	276	5	277	11246	10971	1.65e-56	208	69
FJ751927.1	395	hS00439	28666	77.174	276	5	277	11246	10971	7.02e-55	204	69
FJ751930.1	395	hS00439	28666	77.536	276	5	277	11246	10971	1.65e-56	208	69
FJ751933.1	396	hS00439	28666	77.536	276	6	278	11246	10971	1.65e-56	208	69
FJ751934.1	395	hS00439	28666	77.536	276	6	278	11246	10971	1.65e-56	208	69
MZ463745.1	387	hS00443	28396	77.947	263	12	272	14239	13977	5.58e-56	206	67
MZ463746.1	387	hS00443	28396	77.947	263	12	272	14239	13977	5.58e-56	206	67
MZ463747.1	387	hS00443	28396	77.567	263	12	272	14239	13977	2.37e-54	202	67
MZ463748.1	387	hS00443	28396	77.567	263	12	272	14239	13977	2.37e-54	202	67
MZ463749.1	391	hS00443	28396	77.174	276	5	277	14252	13977	6.88e-55	204	70
MZ463750.1	392	hS00443	28396	76.812	276	5	277	14252	13977	8.40e-54	199	70
MZ463751.1	393	hS00443	28396	77.536	276	5	277	14252	13977	1.63e-56	208	69
MZ463752.1	394	hS00443	28396	77.536	276	5	277	14252	13977	1.63e-56	208	69
MZ463753.1	394	hS00443	28396	77.174	276	5	277	14252	13977	6.93e-55	204	69
MZ463754.1	394	hS00443	28396	78.378	259	5	260	14252	13994	1.99e-55	205	65
MZ463755.1	394	hS00443	28396	77.899	276	5	277	14252	13977	1.34e-57	213	69
MZ463756.1	394	hS00443	28396	77.174	276	5	277	14252	13977	6.93e-55	204	69
MZ463757.1	394	hS00443	28396	77.174	276	5	277	14252	13977	6.93e-55	204	69
MZ463758.1	394	hS00443	28396	77.174	276	5	277	14252	13977	6.93e-55	204	69
MZ463759.1	410	hS00443	28396	77.174	276	5	277	14252	13977	7.23e-55	204	67
FJ751925.1	394	hS00443	28396	77.536	276	5	277	14252	13977	1.63e-56	208	69
FJ751926.1	395	hS00443	28396	77.536	276	5	277	14252	13977	1.63e-56	208	69
FJ751927.1	395	hS00443	28396	77.174	276	5	277	14252	13977	6.95e-55	204	69
FJ751930.1	395	hS00443	28396	77.536	276	5	277	14252	13977	1.63e-56	208	69
FJ751933.1	396	hS00443	28396	77.536	276	6	278	14252	13977	1.64e-56	208	69
FJ751934.1	395	hS00443	28396	77.536	276	6	278	14252	13977	1.63e-56	208	69
MZ463745.1	387	hS00444	28355	77.947	263	12	272	13619	13357	5.58e-56	206	67
MZ463746.1	387	hS00444	28355	77.947	263	12	272	13619	13357	5.58e-56	206	67
MZ463747.1	387	hS00444	28355	77.567	263	12	272	13619	13357	2.37e-54	202	67
MZ463748.1	387	hS00444	28355	77.567	263	12	272	13619	13357	2.37e-54	202	67
MZ463749.1	391	hS00444	28355	77.174	276	5	277	13632	13357	6.87e-55	204	70
MZ463750.1	392	hS00444	28355	76.812	276	5	277	13632	13357	8.39e-54	199	70
MZ463751.1	393	hS00444	28355	77.536	276	5	277	13632	13357	1.62e-56	208	69
MZ463752.1	394	hS00444	28355	77.536	276	5	277	13632	13357	1.63e-56	208	69
MZ463753.1	394	hS00444	28355	77.174	276	5	277	13632	13357	6.92e-55	204	69
MZ463754.1	394	hS00444	28355	78.378	259	5	260	13632	13374	1.98e-55	205	65
MZ463755.1	394	hS00444	28355	77.899	276	5	277	13632	13357	1.34e-57	213	69
MZ463756.1	394	hS00444	28355	77.174	276	5	277	13632	13357	6.92e-55	204	69
MZ463757.1	394	hS00444	28355	77.174	276	5	277	13632	13357	6.92e-55	204	69
MZ463758.1	394	hS00444	28355	77.174	276	5	277	13632	13357	6.92e-55	204	69
MZ463759.1	410	hS00444	28355	77.174	276	5	277	13632	13357	7.22e-55	204	67
FJ751925.1	394	hS00444	28355	77.536	276	5	277	13632	13357	1.63e-56	208	69
FJ751926.1	395	hS00444	28355	77.536	276	5	277	13632	13357	1.63e-56	208	69
FJ751927.1	395	hS00444	28355	77.174	276	5	277	13632	13357	6.94e-55	204	69
FJ751930.1	395	hS00444	28355	77.536	276	5	277	13632	13357	1.63e-56	208	69
FJ751933.1	396	hS00444	28355	77.536	276	6	278	13632	13357	1.64e-56	208	69
FJ751934.1	395	hS00444	28355	77.536	276	6	278	13632	13357	1.63e-56	208	69
MZ463745.1	387	hS00453	27714	77.947	263	12	272	22099	22361	5.45e-56	206	67
MZ463746.1	387	hS00453	27714	77.947	263	12	272	22099	22361	5.45e-56	206	67
MZ463747.1	387	hS00453	27714	77.567	263	12	272	22099	22361	2.32e-54	202	67
MZ463748.1	387	hS00453	27714	77.567	263	12	272	22099	22361	2.32e-54	202	67
MZ463749.1	391	hS00453	27714	77.174	276	5	277	22086	22361	6.71e-55	204	70
MZ463750.1	392	hS00453	27714	76.812	276	5	277	22086	22361	8.20e-54	199	70
MZ463751.1	393	hS00453	27714	77.536	276	5	277	22086	22361	1.59e-56	208	69
MZ463752.1	394	hS00453	27714	77.536	276	5	277	22086	22361	1.59e-56	208	69
MZ463753.1	394	hS00453	27714	77.174	276	5	277	22086	22361	6.77e-55	204	69
MZ463754.1	394	hS00453	27714	78.378	259	5	260	22086	22344	1.94e-55	205	65
MZ463755.1	394	hS00453	27714	77.899	276	5	277	22086	22361	1.31e-57	213	69
MZ463756.1	394	hS00453	27714	77.174	276	5	277	22086	22361	6.77e-55	204	69
MZ463757.1	394	hS00453	27714	77.174	276	5	277	22086	22361	6.77e-55	204	69
MZ463758.1	394	hS00453	27714	77.174	276	5	277	22086	22361	6.77e-55	204	69
MZ463759.1	410	hS00453	27714	77.174	276	5	277	22086	22361	7.05e-55	204	67
FJ751925.1	394	hS00453	27714	77.536	276	5	277	22086	22361	1.59e-56	208	69
FJ751926.1	395	hS00453	27714	77.536	276	5	277	22086	22361	1.60e-56	208	69
FJ751927.1	395	hS00453	27714	77.174	276	5	277	22086	22361	6.78e-55	204	69
FJ751930.1	395	hS00453	27714	77.536	276	5	277	22086	22361	1.60e-56	208	69
FJ751933.1	396	hS00453	27714	77.536	276	6	278	22086	22361	1.60e-56	208	69
FJ751934.1	395	hS00453	27714	77.536	276	6	278	22086	22361	1.60e-56	208	69
MZ463745.1	387	hS00457	27524	77.947	263	12	272	4367	4105	5.41e-56	206	67
MZ463746.1	387	hS00457	27524	77.947	263	12	272	4367	4105	5.41e-56	206	67
MZ463747.1	387	hS00457	27524	77.567	263	12	272	4367	4105	2.30e-54	202	67
MZ463748.1	387	hS00457	27524	77.567	263	12	272	4367	4105	2.30e-54	202	67
MZ463749.1	391	hS00457	27524	77.174	276	5	277	4380	4105	6.67e-55	204	70
MZ463750.1	392	hS00457	27524	76.812	276	5	277	4380	4105	8.14e-54	199	70
MZ463751.1	393	hS00457	27524	77.536	276	5	277	4380	4105	1.58e-56	208	69
MZ463752.1	394	hS00457	27524	77.536	276	5	277	4380	4105	1.58e-56	208	69
MZ463753.1	394	hS00457	27524	77.174	276	5	277	4380	4105	6.72e-55	204	69
MZ463754.1	394	hS00457	27524	78.378	259	5	260	4380	4122	1.93e-55	205	65
MZ463755.1	394	hS00457	27524	77.899	276	5	277	4380	4105	1.30e-57	213	69
MZ463756.1	394	hS00457	27524	77.174	276	5	277	4380	4105	6.72e-55	204	69
MZ463757.1	394	hS00457	27524	77.174	276	5	277	4380	4105	6.72e-55	204	69
MZ463758.1	394	hS00457	27524	77.174	276	5	277	4380	4105	6.72e-55	204	69
MZ463759.1	410	hS00457	27524	77.174	276	5	277	4380	4105	7.00e-55	204	67
FJ751925.1	394	hS00457	27524	77.536	276	5	277	4380	4105	1.58e-56	208	69
FJ751926.1	395	hS00457	27524	77.536	276	5	277	4380	4105	1.58e-56	208	69
FJ751927.1	395	hS00457	27524	77.174	276	5	277	4380	4105	6.74e-55	204	69
FJ751930.1	395	hS00457	27524	77.536	276	5	277	4380	4105	1.58e-56	208	69
FJ751933.1	396	hS00457	27524	77.536	276	6	278	4380	4105	1.59e-56	208	69
FJ751934.1	395	hS00457	27524	77.536	276	6	278	4380	4105	1.58e-56	208	69
MZ463745.1	387	hS00463	27308	77.947	263	12	272	23905	24167	5.37e-56	206	67
MZ463746.1	387	hS00463	27308	77.947	263	12	272	23905	24167	5.37e-56	206	67
MZ463747.1	387	hS00463	27308	77.567	263	12	272	23905	24167	2.28e-54	202	67
MZ463748.1	387	hS00463	27308	77.567	263	12	272	23905	24167	2.28e-54	202	67
MZ463749.1	391	hS00463	27308	77.174	276	5	277	23892	24167	6.61e-55	204	70
MZ463750.1	392	hS00463	27308	76.812	276	5	277	23892	24167	8.08e-54	199	70
MZ463751.1	393	hS00463	27308	77.536	276	5	277	23892	24167	1.56e-56	208	69
MZ463752.1	394	hS00463	27308	77.536	276	5	277	23892	24167	1.57e-56	208	69
MZ463753.1	394	hS00463	27308	77.174	276	5	277	23892	24167	6.67e-55	204	69
MZ463754.1	394	hS00463	27308	78.378	259	5	260	23892	24150	1.91e-55	205	65
MZ463755.1	394	hS00463	27308	77.899	276	5	277	23892	24167	1.29e-57	213	69
MZ463756.1	394	hS00463	27308	77.174	276	5	277	23892	24167	6.67e-55	204	69
MZ463757.1	394	hS00463	27308	77.174	276	5	277	23892	24167	6.67e-55	204	69
MZ463758.1	394	hS00463	27308	77.174	276	5	277	23892	24167	6.67e-55	204	69
MZ463759.1	410	hS00463	27308	77.174	276	5	277	23892	24167	6.95e-55	204	67
FJ751925.1	394	hS00463	27308	77.536	276	5	277	23892	24167	1.57e-56	208	69
FJ751926.1	395	hS00463	27308	77.536	276	5	277	23892	24167	1.57e-56	208	69
FJ751927.1	395	hS00463	27308	77.174	276	5	277	23892	24167	6.68e-55	204	69
FJ751930.1	395	hS00463	27308	77.536	276	5	277	23892	24167	1.57e-56	208	69
FJ751933.1	396	hS00463	27308	77.536	276	6	278	23892	24167	1.58e-56	208	69
FJ751934.1	395	hS00463	27308	77.536	276	6	278	23892	24167	1.57e-56	208	69
MZ463745.1	387	hS00465	27291	77.947	263	12	272	8744	9006	5.37e-56	206	67
MZ463746.1	387	hS00465	27291	77.947	263	12	272	8744	9006	5.37e-56	206	67
MZ463747.1	387	hS00465	27291	77.567	263	12	272	8744	9006	2.28e-54	202	67
MZ463748.1	387	hS00465	27291	77.567	263	12	272	8744	9006	2.28e-54	202	67
MZ463749.1	391	hS00465	27291	77.174	276	5	277	8731	9006	6.61e-55	204	70
MZ463750.1	392	hS00465	27291	76.812	276	5	277	8731	9006	8.07e-54	199	70
MZ463751.1	393	hS00465	27291	77.536	276	5	277	8731	9006	1.56e-56	208	69
MZ463752.1	394	hS00465	27291	77.536	276	5	277	8731	9006	1.57e-56	208	69
MZ463753.1	394	hS00465	27291	77.174	276	5	277	8731	9006	6.66e-55	204	69
MZ463754.1	394	hS00465	27291	78.378	259	5	260	8731	8989	1.91e-55	205	65
MZ463755.1	394	hS00465	27291	77.899	276	5	277	8731	9006	1.29e-57	213	69
MZ463756.1	394	hS00465	27291	77.174	276	5	277	8731	9006	6.66e-55	204	69
MZ463757.1	394	hS00465	27291	77.174	276	5	277	8731	9006	6.66e-55	204	69
MZ463758.1	394	hS00465	27291	77.174	276	5	277	8731	9006	6.66e-55	204	69
MZ463759.1	410	hS00465	27291	77.174	276	5	277	8731	9006	6.95e-55	204	67
FJ751925.1	394	hS00465	27291	77.536	276	5	277	8731	9006	1.57e-56	208	69
FJ751926.1	395	hS00465	27291	77.536	276	5	277	8731	9006	1.57e-56	208	69
FJ751927.1	395	hS00465	27291	77.174	276	5	277	8731	9006	6.68e-55	204	69
FJ751930.1	395	hS00465	27291	77.536	276	5	277	8731	9006	1.57e-56	208	69
FJ751933.1	396	hS00465	27291	77.536	276	6	278	8731	9006	1.58e-56	208	69
FJ751934.1	395	hS00465	27291	77.536	276	6	278	8731	9006	1.57e-56	208	69
MZ463745.1	387	hS00467	26950	77.947	263	12	272	22915	23177	5.30e-56	206	67
MZ463746.1	387	hS00467	26950	77.947	263	12	272	22915	23177	5.30e-56	206	67
MZ463747.1	387	hS00467	26950	77.567	263	12	272	22915	23177	2.25e-54	202	67
MZ463748.1	387	hS00467	26950	77.567	263	12	272	22915	23177	2.25e-54	202	67
MZ463749.1	391	hS00467	26950	77.174	276	5	277	22902	23177	6.53e-55	204	70
MZ463750.1	392	hS00467	26950	76.812	276	5	277	22902	23177	7.97e-54	199	70
MZ463751.1	393	hS00467	26950	77.536	276	5	277	22902	23177	1.54e-56	208	69
MZ463752.1	394	hS00467	26950	77.536	276	5	277	22902	23177	1.55e-56	208	69
MZ463753.1	394	hS00467	26950	77.174	276	5	277	22902	23177	6.58e-55	204	69
MZ463754.1	394	hS00467	26950	78.378	259	5	260	22902	23160	1.89e-55	205	65
MZ463755.1	394	hS00467	26950	77.899	276	5	277	22902	23177	1.27e-57	213	69
MZ463756.1	394	hS00467	26950	77.174	276	5	277	22902	23177	6.58e-55	204	69
MZ463757.1	394	hS00467	26950	77.174	276	5	277	22902	23177	6.58e-55	204	69
MZ463758.1	394	hS00467	26950	77.174	276	5	277	22902	23177	6.58e-55	204	69
MZ463759.1	410	hS00467	26950	77.174	276	5	277	22902	23177	6.86e-55	204	67
FJ751925.1	394	hS00467	26950	77.536	276	5	277	22902	23177	1.55e-56	208	69
FJ751926.1	395	hS00467	26950	77.536	276	5	277	22902	23177	1.55e-56	208	69
FJ751927.1	395	hS00467	26950	77.174	276	5	277	22902	23177	6.60e-55	204	69
FJ751930.1	395	hS00467	26950	77.536	276	5	277	22902	23177	1.55e-56	208	69
FJ751933.1	396	hS00467	26950	77.536	276	6	278	22902	23177	1.56e-56	208	69
FJ751934.1	395	hS00467	26950	77.536	276	6	278	22902	23177	1.55e-56	208	69
MZ463745.1	387	hS00471	26760	98.656	372	10	381	13244	12874	0.0	645	96
MZ463746.1	387	hS00471	26760	98.118	372	10	381	13244	12874	0.0	636	96
MZ463747.1	387	hS00471	26760	98.118	372	10	381	13244	12874	0.0	636	96
MZ463748.1	387	hS00471	26760	97.849	372	10	381	13244	12874	0.0	632	96
MZ463749.1	391	hS00471	26760	98.118	372	15	386	13244	12874	0.0	636	95
MZ463750.1	392	hS00471	26760	97.849	372	15	386	13244	12874	0.0	632	95
MZ463751.1	393	hS00471	26760	98.118	372	15	386	13244	12874	0.0	636	95
MZ463752.1	394	hS00471	26760	97.849	372	15	386	13244	12874	0.0	632	94
MZ463753.1	394	hS00471	26760	97.849	372	15	386	13244	12874	0.0	632	94
MZ463754.1	394	hS00471	26760	97.849	372	15	386	13244	12874	0.0	632	94
MZ463755.1	394	hS00471	26760	98.118	372	15	386	13244	12874	0.0	636	94
MZ463756.1	394	hS00471	26760	98.118	372	15	386	13244	12874	0.0	636	94
MZ463757.1	394	hS00471	26760	97.849	372	15	386	13244	12874	0.0	632	94
MZ463758.1	394	hS00471	26760	98.118	372	15	386	13244	12874	0.0	636	94
MZ463759.1	410	hS00471	26760	98.118	372	15	386	13244	12874	0.0	636	91
FJ751925.1	394	hS00471	26760	98.387	372	15	386	13244	12874	0.0	641	94
FJ751926.1	395	hS00471	26760	98.123	373	15	387	13244	12874	0.0	635	94
FJ751927.1	395	hS00471	26760	97.855	373	15	387	13244	12874	0.0	630	94
FJ751930.1	395	hS00471	26760	97.638	381	15	395	13244	12865	0.0	644	96
FJ751933.1	396	hS00471	26760	98.123	373	16	388	13244	12874	0.0	635	94
FJ751934.1	395	hS00471	26760	98.387	372	16	387	13244	12874	0.0	641	94
MZ463745.1	387	hS00472	26684	77.947	263	12	272	18424	18162	5.25e-56	206	67
MZ463746.1	387	hS00472	26684	77.947	263	12	272	18424	18162	5.25e-56	206	67
MZ463747.1	387	hS00472	26684	77.567	263	12	272	18424	18162	2.23e-54	202	67
MZ463748.1	387	hS00472	26684	77.567	263	12	272	18424	18162	2.23e-54	202	67
MZ463749.1	391	hS00472	26684	77.174	276	5	277	18437	18162	6.46e-55	204	70
MZ463750.1	392	hS00472	26684	76.812	276	5	277	18437	18162	7.89e-54	199	70
MZ463751.1	393	hS00472	26684	77.536	276	5	277	18437	18162	1.53e-56	208	69
MZ463752.1	394	hS00472	26684	77.536	276	5	277	18437	18162	1.53e-56	208	69
MZ463753.1	394	hS00472	26684	77.174	276	5	277	18437	18162	6.51e-55	204	69
MZ463754.1	394	hS00472	26684	78.378	259	5	260	18437	18179	1.87e-55	205	65
MZ463755.1	394	hS00472	26684	77.899	276	5	277	18437	18162	1.26e-57	213	69
MZ463756.1	394	hS00472	26684	77.174	276	5	277	18437	18162	6.51e-55	204	69
MZ463757.1	394	hS00472	26684	77.174	276	5	277	18437	18162	6.51e-55	204	69
MZ463758.1	394	hS00472	26684	77.174	276	5	277	18437	18162	6.51e-55	204	69
MZ463759.1	410	hS00472	26684	77.174	276	5	277	18437	18162	6.79e-55	204	67
FJ751925.1	394	hS00472	26684	77.536	276	5	277	18437	18162	1.53e-56	208	69
FJ751926.1	395	hS00472	26684	77.536	276	5	277	18437	18162	1.54e-56	208	69
FJ751927.1	395	hS00472	26684	77.174	276	5	277	18437	18162	6.53e-55	204	69
FJ751930.1	395	hS00472	26684	77.536	276	5	277	18437	18162	1.54e-56	208	69
FJ751933.1	396	hS00472	26684	77.536	276	6	278	18437	18162	1.54e-56	208	69
FJ751934.1	395	hS00472	26684	77.536	276	6	278	18437	18162	1.54e-56	208	69
MZ463745.1	387	hS00473	26660	77.947	263	12	272	20996	20734	5.24e-56	206	67
MZ463746.1	387	hS00473	26660	77.947	263	12	272	20996	20734	5.24e-56	206	67
MZ463747.1	387	hS00473	26660	77.567	263	12	272	20996	20734	2.23e-54	202	67
MZ463748.1	387	hS00473	26660	77.567	263	12	272	20996	20734	2.23e-54	202	67
MZ463749.1	391	hS00473	26660	77.174	276	5	277	21009	20734	6.46e-55	204	70
MZ463750.1	392	hS00473	26660	76.812	276	5	277	21009	20734	7.89e-54	199	70
MZ463751.1	393	hS00473	26660	77.536	276	5	277	21009	20734	1.53e-56	208	69
MZ463752.1	394	hS00473	26660	77.536	276	5	277	21009	20734	1.53e-56	208	69
MZ463753.1	394	hS00473	26660	77.174	276	5	277	21009	20734	6.51e-55	204	69
MZ463754.1	394	hS00473	26660	78.378	259	5	260	21009	20751	1.86e-55	205	65
MZ463755.1	394	hS00473	26660	77.899	276	5	277	21009	20734	1.26e-57	213	69
MZ463756.1	394	hS00473	26660	77.174	276	5	277	21009	20734	6.51e-55	204	69
MZ463757.1	394	hS00473	26660	77.174	276	5	277	21009	20734	6.51e-55	204	69
MZ463758.1	394	hS00473	26660	77.174	276	5	277	21009	20734	6.51e-55	204	69
MZ463759.1	410	hS00473	26660	77.174	276	5	277	21009	20734	6.78e-55	204	67
FJ751925.1	394	hS00473	26660	77.536	276	5	277	21009	20734	1.53e-56	208	69
FJ751926.1	395	hS00473	26660	77.536	276	5	277	21009	20734	1.53e-56	208	69
FJ751927.1	395	hS00473	26660	77.174	276	5	277	21009	20734	6.53e-55	204	69
FJ751930.1	395	hS00473	26660	77.536	276	5	277	21009	20734	1.53e-56	208	69
FJ751933.1	396	hS00473	26660	77.536	276	6	278	21009	20734	1.54e-56	208	69
FJ751934.1	395	hS00473	26660	77.536	276	6	278	21009	20734	1.53e-56	208	69
MZ463745.1	387	hS00476	26591	77.947	263	12	272	6235	6497	5.23e-56	206	67
MZ463746.1	387	hS00476	26591	77.947	263	12	272	6235	6497	5.23e-56	206	67
MZ463747.1	387	hS00476	26591	77.567	263	12	272	6235	6497	2.22e-54	202	67
MZ463748.1	387	hS00476	26591	77.567	263	12	272	6235	6497	2.22e-54	202	67
MZ463749.1	391	hS00476	26591	77.174	276	5	277	6222	6497	6.44e-55	204	70
MZ463750.1	392	hS00476	26591	76.812	276	5	277	6222	6497	7.87e-54	199	70
MZ463751.1	393	hS00476	26591	77.536	276	5	277	6222	6497	1.52e-56	208	69
MZ463752.1	394	hS00476	26591	77.536	276	5	277	6222	6497	1.53e-56	208	69
MZ463753.1	394	hS00476	26591	77.174	276	5	277	6222	6497	6.49e-55	204	69
MZ463754.1	394	hS00476	26591	78.378	259	5	260	6222	6480	1.86e-55	205	65
MZ463755.1	394	hS00476	26591	77.899	276	5	277	6222	6497	1.25e-57	213	69
MZ463756.1	394	hS00476	26591	77.174	276	5	277	6222	6497	6.49e-55	204	69
MZ463757.1	394	hS00476	26591	77.174	276	5	277	6222	6497	6.49e-55	204	69
MZ463758.1	394	hS00476	26591	77.174	276	5	277	6222	6497	6.49e-55	204	69
MZ463759.1	410	hS00476	26591	77.174	276	5	277	6222	6497	6.77e-55	204	67
FJ751925.1	394	hS00476	26591	77.536	276	5	277	6222	6497	1.53e-56	208	69
FJ751926.1	395	hS00476	26591	77.536	276	5	277	6222	6497	1.53e-56	208	69
FJ751927.1	395	hS00476	26591	77.174	276	5	277	6222	6497	6.51e-55	204	69
FJ751930.1	395	hS00476	26591	77.536	276	5	277	6222	6497	1.53e-56	208	69
FJ751933.1	396	hS00476	26591	77.536	276	6	278	6222	6497	1.53e-56	208	69
FJ751934.1	395	hS00476	26591	77.536	276	6	278	6222	6497	1.53e-56	208	69
MZ463745.1	387	hS00479	26392	77.947	263	12	272	21911	22173	5.19e-56	206	67
MZ463746.1	387	hS00479	26392	77.947	263	12	272	21911	22173	5.19e-56	206	67
MZ463747.1	387	hS00479	26392	77.567	263	12	272	21911	22173	2.21e-54	202	67
MZ463748.1	387	hS00479	26392	77.567	263	12	272	21911	22173	2.21e-54	202	67
MZ463749.1	391	hS00479	26392	77.174	276	5	277	21898	22173	6.39e-55	204	70
MZ463750.1	392	hS00479	26392	76.812	276	5	277	21898	22173	7.81e-54	199	70
MZ463751.1	393	hS00479	26392	77.536	276	5	277	21898	22173	1.51e-56	208	69
MZ463752.1	394	hS00479	26392	77.536	276	5	277	21898	22173	1.52e-56	208	69
MZ463753.1	394	hS00479	26392	77.174	276	5	277	21898	22173	6.44e-55	204	69
MZ463754.1	394	hS00479	26392	78.378	259	5	260	21898	22156	1.85e-55	205	65
MZ463755.1	394	hS00479	26392	77.899	276	5	277	21898	22173	1.24e-57	213	69
MZ463756.1	394	hS00479	26392	77.174	276	5	277	21898	22173	6.44e-55	204	69
MZ463757.1	394	hS00479	26392	77.174	276	5	277	21898	22173	6.44e-55	204	69
MZ463758.1	394	hS00479	26392	77.174	276	5	277	21898	22173	6.44e-55	204	69
MZ463759.1	410	hS00479	26392	77.174	276	5	277	21898	22173	6.72e-55	204	67
FJ751925.1	394	hS00479	26392	77.536	276	5	277	21898	22173	1.52e-56	208	69
FJ751926.1	395	hS00479	26392	77.536	276	5	277	21898	22173	1.52e-56	208	69
FJ751927.1	395	hS00479	26392	77.174	276	5	277	21898	22173	6.46e-55	204	69
FJ751930.1	395	hS00479	26392	77.536	276	5	277	21898	22173	1.52e-56	208	69
FJ751933.1	396	hS00479	26392	77.536	276	6	278	21898	22173	1.52e-56	208	69
FJ751934.1	395	hS00479	26392	77.536	276	6	278	21898	22173	1.52e-56	208	69
MZ463745.1	387	hS00481	26313	77.947	263	12	272	17751	17489	5.18e-56	206	67
MZ463746.1	387	hS00481	26313	77.947	263	12	272	17751	17489	5.18e-56	206	67
MZ463747.1	387	hS00481	26313	77.567	263	12	272	17751	17489	2.20e-54	202	67
MZ463748.1	387	hS00481	26313	77.567	263	12	272	17751	17489	2.20e-54	202	67
MZ463749.1	391	hS00481	26313	77.174	276	5	277	17764	17489	6.37e-55	204	70
MZ463750.1	392	hS00481	26313	76.812	276	5	277	17764	17489	7.78e-54	199	70
MZ463751.1	393	hS00481	26313	77.536	276	5	277	17764	17489	1.51e-56	208	69
MZ463752.1	394	hS00481	26313	77.536	276	5	277	17764	17489	1.51e-56	208	69
MZ463753.1	394	hS00481	26313	77.174	276	5	277	17764	17489	6.42e-55	204	69
MZ463754.1	394	hS00481	26313	78.378	259	5	260	17764	17506	1.84e-55	205	65
MZ463755.1	394	hS00481	26313	77.899	276	5	277	17764	17489	1.24e-57	213	69
MZ463756.1	394	hS00481	26313	77.174	276	5	277	17764	17489	6.42e-55	204	69
MZ463757.1	394	hS00481	26313	77.174	276	5	277	17764	17489	6.42e-55	204	69
MZ463758.1	394	hS00481	26313	77.174	276	5	277	17764	17489	6.42e-55	204	69
MZ463759.1	410	hS00481	26313	77.174	276	5	277	17764	17489	6.70e-55	204	67
FJ751925.1	394	hS00481	26313	77.536	276	5	277	17764	17489	1.51e-56	208	69
FJ751926.1	395	hS00481	26313	77.536	276	5	277	17764	17489	1.51e-56	208	69
FJ751927.1	395	hS00481	26313	77.174	276	5	277	17764	17489	6.44e-55	204	69
FJ751930.1	395	hS00481	26313	77.536	276	5	277	17764	17489	1.51e-56	208	69
FJ751933.1	396	hS00481	26313	77.536	276	6	278	17764	17489	1.52e-56	208	69
FJ751934.1	395	hS00481	26313	77.536	276	6	278	17764	17489	1.51e-56	208	69
MZ463745.1	387	hS00483	26160	77.947	263	12	272	12586	12848	5.14e-56	206	67
MZ463746.1	387	hS00483	26160	77.947	263	12	272	12586	12848	5.14e-56	206	67
MZ463747.1	387	hS00483	26160	77.567	263	12	272	12586	12848	2.19e-54	202	67
MZ463748.1	387	hS00483	26160	77.567	263	12	272	12586	12848	2.19e-54	202	67
MZ463749.1	391	hS00483	26160	77.174	276	5	277	12573	12848	6.34e-55	204	70
MZ463750.1	392	hS00483	26160	76.812	276	5	277	12573	12848	7.74e-54	199	70
MZ463751.1	393	hS00483	26160	77.536	276	5	277	12573	12848	1.50e-56	208	69
MZ463752.1	394	hS00483	26160	77.536	276	5	277	12573	12848	1.50e-56	208	69
MZ463753.1	394	hS00483	26160	77.174	276	5	277	12573	12848	6.39e-55	204	69
MZ463754.1	394	hS00483	26160	78.378	259	5	260	12573	12831	1.83e-55	205	65
MZ463755.1	394	hS00483	26160	77.899	276	5	277	12573	12848	1.23e-57	213	69
MZ463756.1	394	hS00483	26160	77.174	276	5	277	12573	12848	6.39e-55	204	69
MZ463757.1	394	hS00483	26160	77.174	276	5	277	12573	12848	6.39e-55	204	69
MZ463758.1	394	hS00483	26160	77.174	276	5	277	12573	12848	6.39e-55	204	69
MZ463759.1	410	hS00483	26160	77.174	276	5	277	12573	12848	6.66e-55	204	67
FJ751925.1	394	hS00483	26160	77.536	276	5	277	12573	12848	1.50e-56	208	69
FJ751926.1	395	hS00483	26160	77.536	276	5	277	12573	12848	1.51e-56	208	69
FJ751927.1	395	hS00483	26160	77.174	276	5	277	12573	12848	6.40e-55	204	69
FJ751930.1	395	hS00483	26160	77.536	276	5	277	12573	12848	1.51e-56	208	69
FJ751933.1	396	hS00483	26160	77.536	276	6	278	12573	12848	1.51e-56	208	69
FJ751934.1	395	hS00483	26160	77.536	276	6	278	12573	12848	1.51e-56	208	69
MZ463745.1	387	hS00485	26124	77.947	263	12	272	21033	20771	5.14e-56	206	67
MZ463746.1	387	hS00485	26124	77.947	263	12	272	21033	20771	5.14e-56	206	67
MZ463747.1	387	hS00485	26124	77.567	263	12	272	21033	20771	2.18e-54	202	67
MZ463748.1	387	hS00485	26124	77.567	263	12	272	21033	20771	2.18e-54	202	67
MZ463749.1	391	hS00485	26124	77.174	276	5	277	21046	20771	6.33e-55	204	70
MZ463750.1	392	hS00485	26124	76.812	276	5	277	21046	20771	7.73e-54	199	70
MZ463751.1	393	hS00485	26124	77.536	276	5	277	21046	20771	1.50e-56	208	69
MZ463752.1	394	hS00485	26124	77.536	276	5	277	21046	20771	1.50e-56	208	69
MZ463753.1	394	hS00485	26124	77.174	276	5	277	21046	20771	6.38e-55	204	69
MZ463754.1	394	hS00485	26124	78.378	259	5	260	21046	20788	1.83e-55	205	65
MZ463755.1	394	hS00485	26124	77.899	276	5	277	21046	20771	1.23e-57	213	69
MZ463756.1	394	hS00485	26124	77.174	276	5	277	21046	20771	6.38e-55	204	69
MZ463757.1	394	hS00485	26124	77.174	276	5	277	21046	20771	6.38e-55	204	69
MZ463758.1	394	hS00485	26124	77.174	276	5	277	21046	20771	6.38e-55	204	69
MZ463759.1	410	hS00485	26124	77.174	276	5	277	21046	20771	6.65e-55	204	67
FJ751925.1	394	hS00485	26124	77.536	276	5	277	21046	20771	1.50e-56	208	69
FJ751926.1	395	hS00485	26124	77.536	276	5	277	21046	20771	1.50e-56	208	69
FJ751927.1	395	hS00485	26124	77.174	276	5	277	21046	20771	6.39e-55	204	69
FJ751930.1	395	hS00485	26124	77.536	276	5	277	21046	20771	1.50e-56	208	69
FJ751933.1	396	hS00485	26124	77.536	276	6	278	21046	20771	1.51e-56	208	69
FJ751934.1	395	hS00485	26124	77.536	276	6	278	21046	20771	1.50e-56	208	69
MZ463745.1	387	hS00486	26103	77.947	263	12	272	10858	11120	5.13e-56	206	67
MZ463746.1	387	hS00486	26103	77.947	263	12	272	10858	11120	5.13e-56	206	67
MZ463747.1	387	hS00486	26103	77.567	263	12	272	10858	11120	2.18e-54	202	67
MZ463748.1	387	hS00486	26103	77.567	263	12	272	10858	11120	2.18e-54	202	67
MZ463749.1	391	hS00486	26103	77.174	276	5	277	10845	11120	6.32e-55	204	70
MZ463750.1	392	hS00486	26103	76.812	276	5	277	10845	11120	7.72e-54	199	70
MZ463751.1	393	hS00486	26103	77.536	276	5	277	10845	11120	1.49e-56	208	69
MZ463752.1	394	hS00486	26103	77.536	276	5	277	10845	11120	1.50e-56	208	69
MZ463753.1	394	hS00486	26103	77.174	276	5	277	10845	11120	6.37e-55	204	69
MZ463754.1	394	hS00486	26103	78.378	259	5	260	10845	11103	1.83e-55	205	65
MZ463755.1	394	hS00486	26103	77.899	276	5	277	10845	11120	1.23e-57	213	69
MZ463756.1	394	hS00486	26103	77.174	276	5	277	10845	11120	6.37e-55	204	69
MZ463757.1	394	hS00486	26103	77.174	276	5	277	10845	11120	6.37e-55	204	69
MZ463758.1	394	hS00486	26103	77.174	276	5	277	10845	11120	6.37e-55	204	69
MZ463759.1	410	hS00486	26103	77.174	276	5	277	10845	11120	6.64e-55	204	67
FJ751925.1	394	hS00486	26103	77.536	276	5	277	10845	11120	1.50e-56	208	69
FJ751926.1	395	hS00486	26103	77.536	276	5	277	10845	11120	1.50e-56	208	69
FJ751927.1	395	hS00486	26103	77.174	276	5	277	10845	11120	6.39e-55	204	69
FJ751930.1	395	hS00486	26103	77.536	276	5	277	10845	11120	1.50e-56	208	69
FJ751933.1	396	hS00486	26103	77.536	276	6	278	10845	11120	1.51e-56	208	69
FJ751934.1	395	hS00486	26103	77.536	276	6	278	10845	11120	1.50e-56	208	69
MZ463745.1	387	hS00488	26064	77.947	263	12	272	6420	6682	5.13e-56	206	67
MZ463746.1	387	hS00488	26064	77.947	263	12	272	6420	6682	5.13e-56	206	67
MZ463747.1	387	hS00488	26064	77.567	263	12	272	6420	6682	2.18e-54	202	67
MZ463748.1	387	hS00488	26064	77.567	263	12	272	6420	6682	2.18e-54	202	67
MZ463749.1	391	hS00488	26064	77.174	276	5	277	6407	6682	6.31e-55	204	70
MZ463750.1	392	hS00488	26064	76.812	276	5	277	6407	6682	7.71e-54	199	70
MZ463751.1	393	hS00488	26064	77.536	276	5	277	6407	6682	1.49e-56	208	69
MZ463752.1	394	hS00488	26064	77.536	276	5	277	6407	6682	1.50e-56	208	69
MZ463753.1	394	hS00488	26064	77.174	276	5	277	6407	6682	6.36e-55	204	69
MZ463754.1	394	hS00488	26064	78.378	259	5	260	6407	6665	1.82e-55	205	65
MZ463755.1	394	hS00488	26064	77.899	276	5	277	6407	6682	1.23e-57	213	69
MZ463756.1	394	hS00488	26064	77.174	276	5	277	6407	6682	6.36e-55	204	69
MZ463757.1	394	hS00488	26064	77.174	276	5	277	6407	6682	6.36e-55	204	69
MZ463758.1	394	hS00488	26064	77.174	276	5	277	6407	6682	6.36e-55	204	69
MZ463759.1	410	hS00488	26064	77.174	276	5	277	6407	6682	6.63e-55	204	67
FJ751925.1	394	hS00488	26064	77.536	276	5	277	6407	6682	1.50e-56	208	69
FJ751926.1	395	hS00488	26064	77.536	276	5	277	6407	6682	1.50e-56	208	69
FJ751927.1	395	hS00488	26064	77.174	276	5	277	6407	6682	6.38e-55	204	69
FJ751930.1	395	hS00488	26064	77.536	276	5	277	6407	6682	1.50e-56	208	69
FJ751933.1	396	hS00488	26064	77.536	276	6	278	6407	6682	1.50e-56	208	69
FJ751934.1	395	hS00488	26064	77.536	276	6	278	6407	6682	1.50e-56	208	69
MZ463745.1	387	hS00495	25482	77.947	263	12	272	11843	11581	5.01e-56	206	67
MZ463746.1	387	hS00495	25482	77.947	263	12	272	11843	11581	5.01e-56	206	67
MZ463747.1	387	hS00495	25482	77.567	263	12	272	11843	11581	2.13e-54	202	67
MZ463748.1	387	hS00495	25482	77.567	263	12	272	11843	11581	2.13e-54	202	67
MZ463749.1	391	hS00495	25482	77.174	276	5	277	11856	11581	6.17e-55	204	70
MZ463750.1	392	hS00495	25482	76.812	276	5	277	11856	11581	7.54e-54	199	70
MZ463751.1	393	hS00495	25482	77.536	276	5	277	11856	11581	1.46e-56	208	69
MZ463752.1	394	hS00495	25482	77.536	276	5	277	11856	11581	1.46e-56	208	69
MZ463753.1	394	hS00495	25482	77.174	276	5	277	11856	11581	6.22e-55	204	69
MZ463754.1	394	hS00495	25482	78.378	259	5	260	11856	11598	1.78e-55	205	65
MZ463755.1	394	hS00495	25482	77.899	276	5	277	11856	11581	1.20e-57	213	69
MZ463756.1	394	hS00495	25482	77.174	276	5	277	11856	11581	6.22e-55	204	69
MZ463757.1	394	hS00495	25482	77.174	276	5	277	11856	11581	6.22e-55	204	69
MZ463758.1	394	hS00495	25482	77.174	276	5	277	11856	11581	6.22e-55	204	69
MZ463759.1	410	hS00495	25482	77.174	276	5	277	11856	11581	6.48e-55	204	67
FJ751925.1	394	hS00495	25482	77.536	276	5	277	11856	11581	1.46e-56	208	69
FJ751926.1	395	hS00495	25482	77.536	276	5	277	11856	11581	1.47e-56	208	69
FJ751927.1	395	hS00495	25482	77.174	276	5	277	11856	11581	6.24e-55	204	69
FJ751930.1	395	hS00495	25482	77.536	276	5	277	11856	11581	1.47e-56	208	69
FJ751933.1	396	hS00495	25482	77.536	276	6	278	11856	11581	1.47e-56	208	69
FJ751934.1	395	hS00495	25482	77.536	276	6	278	11856	11581	1.47e-56	208	69
MZ463745.1	387	hS00497	25418	77.947	263	12	272	24908	25170	5.00e-56	206	67
MZ463746.1	387	hS00497	25418	77.947	263	12	272	24908	25170	5.00e-56	206	67
MZ463747.1	387	hS00497	25418	77.567	263	12	272	24908	25170	2.13e-54	202	67
MZ463748.1	387	hS00497	25418	77.567	263	12	272	24908	25170	2.13e-54	202	67
MZ463749.1	391	hS00497	25418	77.174	276	5	277	24895	25170	6.16e-55	204	70
MZ463750.1	392	hS00497	25418	76.812	276	5	277	24895	25170	7.52e-54	199	70
MZ463751.1	393	hS00497	25418	77.536	276	5	277	24895	25170	1.46e-56	208	69
MZ463752.1	394	hS00497	25418	77.536	276	5	277	24895	25170	1.46e-56	208	69
MZ463753.1	394	hS00497	25418	77.174	276	5	277	24895	25170	6.21e-55	204	69
MZ463754.1	394	hS00497	25418	78.378	259	5	260	24895	25153	1.78e-55	205	65
MZ463755.1	394	hS00497	25418	77.899	276	5	277	24895	25170	1.20e-57	213	69
MZ463756.1	394	hS00497	25418	77.174	276	5	277	24895	25170	6.21e-55	204	69
MZ463757.1	394	hS00497	25418	77.174	276	5	277	24895	25170	6.21e-55	204	69
MZ463758.1	394	hS00497	25418	77.174	276	5	277	24895	25170	6.21e-55	204	69
MZ463759.1	410	hS00497	25418	77.174	276	5	277	24895	25170	6.47e-55	204	67
FJ751925.1	394	hS00497	25418	77.536	276	5	277	24895	25170	1.46e-56	208	69
FJ751926.1	395	hS00497	25418	77.536	276	5	277	24895	25170	1.46e-56	208	69
FJ751927.1	395	hS00497	25418	77.174	276	5	277	24895	25170	6.22e-55	204	69
FJ751930.1	395	hS00497	25418	77.536	276	5	277	24895	25170	1.46e-56	208	69
FJ751933.1	396	hS00497	25418	77.536	276	6	278	24895	25170	1.47e-56	208	69
FJ751934.1	395	hS00497	25418	77.536	276	6	278	24895	25170	1.46e-56	208	69
MZ463745.1	387	hS00507	24765	77.947	263	12	272	11507	11245	4.87e-56	206	67
MZ463746.1	387	hS00507	24765	77.947	263	12	272	11507	11245	4.87e-56	206	67
MZ463747.1	387	hS00507	24765	77.567	263	12	272	11507	11245	2.07e-54	202	67
MZ463748.1	387	hS00507	24765	77.567	263	12	272	11507	11245	2.07e-54	202	67
MZ463749.1	391	hS00507	24765	77.174	276	5	277	11520	11245	6.00e-55	204	70
MZ463750.1	392	hS00507	24765	76.812	276	5	277	11520	11245	7.33e-54	199	70
MZ463751.1	393	hS00507	24765	77.536	276	5	277	11520	11245	1.42e-56	208	69
MZ463752.1	394	hS00507	24765	77.536	276	5	277	11520	11245	1.42e-56	208	69
MZ463753.1	394	hS00507	24765	77.174	276	5	277	11520	11245	6.05e-55	204	69
MZ463754.1	394	hS00507	24765	78.378	259	5	260	11520	11262	1.73e-55	205	65
MZ463755.1	394	hS00507	24765	77.899	276	5	277	11520	11245	1.17e-57	213	69
MZ463756.1	394	hS00507	24765	77.174	276	5	277	11520	11245	6.05e-55	204	69
MZ463757.1	394	hS00507	24765	77.174	276	5	277	11520	11245	6.05e-55	204	69
MZ463758.1	394	hS00507	24765	77.174	276	5	277	11520	11245	6.05e-55	204	69
MZ463759.1	410	hS00507	24765	77.174	276	5	277	11520	11245	6.30e-55	204	67
FJ751925.1	394	hS00507	24765	77.536	276	5	277	11520	11245	1.42e-56	208	69
FJ751926.1	395	hS00507	24765	77.536	276	5	277	11520	11245	1.43e-56	208	69
FJ751927.1	395	hS00507	24765	77.174	276	5	277	11520	11245	6.06e-55	204	69
FJ751930.1	395	hS00507	24765	77.536	276	5	277	11520	11245	1.43e-56	208	69
FJ751933.1	396	hS00507	24765	77.536	276	6	278	11520	11245	1.43e-56	208	69
FJ751934.1	395	hS00507	24765	77.536	276	6	278	11520	11245	1.43e-56	208	69
MZ463745.1	387	hS00508	24737	77.567	263	12	272	10413	10673	7.22e-54	199	67
MZ463746.1	387	hS00508	24737	77.567	263	12	272	10413	10673	7.22e-54	199	67
MZ463747.1	387	hS00508	24737	77.186	263	12	272	10413	10673	3.07e-52	195	67
MZ463748.1	387	hS00508	24737	77.186	263	12	272	10413	10673	3.07e-52	195	67
MZ463749.1	391	hS00508	24737	76.812	276	5	277	10400	10673	8.89e-53	196	70
MZ463750.1	392	hS00508	24737	76.449	276	5	277	10400	10673	1.09e-51	192	70
MZ463751.1	393	hS00508	24737	77.174	276	5	277	10400	10673	2.10e-54	201	69
MZ463752.1	394	hS00508	24737	77.174	276	5	277	10400	10673	2.11e-54	201	69
MZ463753.1	394	hS00508	24737	76.812	276	5	277	10400	10673	8.96e-53	196	69
MZ463754.1	394	hS00508	24737	77.992	259	5	260	10400	10656	2.57e-53	197	65
MZ463755.1	394	hS00508	24737	77.536	276	5	277	10400	10673	1.73e-55	205	69
MZ463756.1	394	hS00508	24737	76.812	276	5	277	10400	10673	8.96e-53	196	69
MZ463757.1	394	hS00508	24737	76.812	276	5	277	10400	10673	8.96e-53	196	69
MZ463758.1	394	hS00508	24737	76.812	276	5	277	10400	10673	8.96e-53	196	69
MZ463759.1	410	hS00508	24737	76.812	276	5	277	10400	10673	9.34e-53	196	67
FJ751925.1	394	hS00508	24737	77.174	276	5	277	10400	10673	2.11e-54	201	69
FJ751926.1	395	hS00508	24737	77.174	276	5	277	10400	10673	2.11e-54	201	69
FJ751927.1	395	hS00508	24737	76.812	276	5	277	10400	10673	8.99e-53	196	69
FJ751930.1	395	hS00508	24737	77.174	276	5	277	10400	10673	2.11e-54	201	69
FJ751933.1	396	hS00508	24737	77.174	276	6	278	10400	10673	2.12e-54	201	69
FJ751934.1	395	hS00508	24737	77.174	276	6	278	10400	10673	2.11e-54	201	69
MZ463745.1	387	hS00511	24516	77.947	263	12	272	22917	22655	4.82e-56	206	67
MZ463746.1	387	hS00511	24516	77.947	263	12	272	22917	22655	4.82e-56	206	67
MZ463747.1	387	hS00511	24516	77.567	263	12	272	22917	22655	2.05e-54	202	67
MZ463748.1	387	hS00511	24516	77.567	263	12	272	22917	22655	2.05e-54	202	67
MZ463749.1	391	hS00511	24516	77.174	276	5	277	22930	22655	5.94e-55	204	70
MZ463750.1	392	hS00511	24516	76.812	276	5	277	22930	22655	7.25e-54	199	70
MZ463751.1	393	hS00511	24516	77.536	276	5	277	22930	22655	1.40e-56	208	69
MZ463752.1	394	hS00511	24516	77.536	276	5	277	22930	22655	1.41e-56	208	69
MZ463753.1	394	hS00511	24516	77.174	276	5	277	22930	22655	5.98e-55	204	69
MZ463754.1	394	hS00511	24516	78.378	259	5	260	22930	22672	1.71e-55	205	65
MZ463755.1	394	hS00511	24516	77.899	276	5	277	22930	22655	1.16e-57	213	69
MZ463756.1	394	hS00511	24516	77.174	276	5	277	22930	22655	5.98e-55	204	69
MZ463757.1	394	hS00511	24516	77.174	276	5	277	22930	22655	5.98e-55	204	69
MZ463758.1	394	hS00511	24516	77.174	276	5	277	22930	22655	5.98e-55	204	69
MZ463759.1	410	hS00511	24516	77.174	276	5	277	22930	22655	6.24e-55	204	67
FJ751925.1	394	hS00511	24516	77.536	276	5	277	22930	22655	1.41e-56	208	69
FJ751926.1	395	hS00511	24516	77.536	276	5	277	22930	22655	1.41e-56	208	69
FJ751927.1	395	hS00511	24516	77.174	276	5	277	22930	22655	6.00e-55	204	69
FJ751930.1	395	hS00511	24516	77.536	276	5	277	22930	22655	1.41e-56	208	69
FJ751933.1	396	hS00511	24516	77.536	276	6	278	22930	22655	1.41e-56	208	69
FJ751934.1	395	hS00511	24516	77.536	276	6	278	22930	22655	1.41e-56	208	69
MZ463745.1	387	hS00512	24349	77.947	263	12	272	19936	20198	4.79e-56	206	67
MZ463746.1	387	hS00512	24349	77.947	263	12	272	19936	20198	4.79e-56	206	67
MZ463747.1	387	hS00512	24349	77.567	263	12	272	19936	20198	2.04e-54	202	67
MZ463748.1	387	hS00512	24349	77.567	263	12	272	19936	20198	2.04e-54	202	67
MZ463749.1	391	hS00512	24349	77.174	276	5	277	19923	20198	5.90e-55	204	70
MZ463750.1	392	hS00512	24349	76.812	276	5	277	19923	20198	7.20e-54	199	70
MZ463751.1	393	hS00512	24349	77.536	276	5	277	19923	20198	1.39e-56	208	69
MZ463752.1	394	hS00512	24349	77.536	276	5	277	19923	20198	1.40e-56	208	69
MZ463753.1	394	hS00512	24349	77.174	276	5	277	19923	20198	5.94e-55	204	69
MZ463754.1	394	hS00512	24349	78.378	259	5	260	19923	20181	1.70e-55	205	65
MZ463755.1	394	hS00512	24349	77.899	276	5	277	19923	20198	1.15e-57	213	69
MZ463756.1	394	hS00512	24349	77.174	276	5	277	19923	20198	5.94e-55	204	69
MZ463757.1	394	hS00512	24349	77.174	276	5	277	19923	20198	5.94e-55	204	69
MZ463758.1	394	hS00512	24349	77.174	276	5	277	19923	20198	5.94e-55	204	69
MZ463759.1	410	hS00512	24349	77.174	276	5	277	19923	20198	6.20e-55	204	67
FJ751925.1	394	hS00512	24349	77.536	276	5	277	19923	20198	1.40e-56	208	69
FJ751926.1	395	hS00512	24349	77.536	276	5	277	19923	20198	1.40e-56	208	69
FJ751927.1	395	hS00512	24349	77.174	276	5	277	19923	20198	5.96e-55	204	69
FJ751930.1	395	hS00512	24349	77.536	276	5	277	19923	20198	1.40e-56	208	69
FJ751933.1	396	hS00512	24349	77.536	276	6	278	19923	20198	1.41e-56	208	69
FJ751934.1	395	hS00512	24349	77.536	276	6	278	19923	20198	1.40e-56	208	69
MZ463745.1	387	hS00513	24304	77.947	263	12	272	13714	13976	4.78e-56	206	67
MZ463746.1	387	hS00513	24304	77.947	263	12	272	13714	13976	4.78e-56	206	67
MZ463747.1	387	hS00513	24304	77.567	263	12	272	13714	13976	2.03e-54	202	67
MZ463748.1	387	hS00513	24304	77.567	263	12	272	13714	13976	2.03e-54	202	67
MZ463749.1	391	hS00513	24304	77.174	276	5	277	13701	13976	5.89e-55	204	70
MZ463750.1	392	hS00513	24304	76.812	276	5	277	13701	13976	7.19e-54	199	70
MZ463751.1	393	hS00513	24304	77.536	276	5	277	13701	13976	1.39e-56	208	69
MZ463752.1	394	hS00513	24304	77.536	276	5	277	13701	13976	1.40e-56	208	69
MZ463753.1	394	hS00513	24304	77.174	276	5	277	13701	13976	5.93e-55	204	69
MZ463754.1	394	hS00513	24304	78.378	259	5	260	13701	13959	1.70e-55	205	65
MZ463755.1	394	hS00513	24304	77.899	276	5	277	13701	13976	1.15e-57	213	69
MZ463756.1	394	hS00513	24304	77.174	276	5	277	13701	13976	5.93e-55	204	69
MZ463757.1	394	hS00513	24304	77.174	276	5	277	13701	13976	5.93e-55	204	69
MZ463758.1	394	hS00513	24304	77.174	276	5	277	13701	13976	5.93e-55	204	69
MZ463759.1	410	hS00513	24304	77.174	276	5	277	13701	13976	6.18e-55	204	67
FJ751925.1	394	hS00513	24304	77.536	276	5	277	13701	13976	1.40e-56	208	69
FJ751926.1	395	hS00513	24304	77.536	276	5	277	13701	13976	1.40e-56	208	69
FJ751927.1	395	hS00513	24304	77.174	276	5	277	13701	13976	5.95e-55	204	69
FJ751930.1	395	hS00513	24304	77.536	276	5	277	13701	13976	1.40e-56	208	69
FJ751933.1	396	hS00513	24304	77.536	276	6	278	13701	13976	1.40e-56	208	69
FJ751934.1	395	hS00513	24304	77.536	276	6	278	13701	13976	1.40e-56	208	69
MZ463745.1	387	hS00521	23491	77.947	263	12	272	13455	13193	4.62e-56	206	67
MZ463746.1	387	hS00521	23491	77.947	263	12	272	13455	13193	4.62e-56	206	67
MZ463747.1	387	hS00521	23491	77.567	263	12	272	13455	13193	1.96e-54	202	67
MZ463748.1	387	hS00521	23491	77.567	263	12	272	13455	13193	1.96e-54	202	67
MZ463749.1	391	hS00521	23491	77.174	276	5	277	13468	13193	5.69e-55	204	70
MZ463750.1	392	hS00521	23491	76.812	276	5	277	13468	13193	6.95e-54	199	70
MZ463751.1	393	hS00521	23491	77.536	276	5	277	13468	13193	1.35e-56	208	69
MZ463752.1	394	hS00521	23491	77.536	276	5	277	13468	13193	1.35e-56	208	69
MZ463753.1	394	hS00521	23491	77.174	276	5	277	13468	13193	5.73e-55	204	69
MZ463754.1	394	hS00521	23491	78.378	259	5	260	13468	13210	1.64e-55	205	65
MZ463755.1	394	hS00521	23491	77.899	276	5	277	13468	13193	1.11e-57	213	69
MZ463756.1	394	hS00521	23491	77.174	276	5	277	13468	13193	5.73e-55	204	69
MZ463757.1	394	hS00521	23491	77.174	276	5	277	13468	13193	5.73e-55	204	69
MZ463758.1	394	hS00521	23491	77.174	276	5	277	13468	13193	5.73e-55	204	69
MZ463759.1	410	hS00521	23491	77.174	276	5	277	13468	13193	5.98e-55	204	67
FJ751925.1	394	hS00521	23491	77.536	276	5	277	13468	13193	1.35e-56	208	69
FJ751926.1	395	hS00521	23491	77.536	276	5	277	13468	13193	1.35e-56	208	69
FJ751927.1	395	hS00521	23491	77.174	276	5	277	13468	13193	5.75e-55	204	69
FJ751930.1	395	hS00521	23491	77.536	276	5	277	13468	13193	1.35e-56	208	69
FJ751933.1	396	hS00521	23491	77.536	276	6	278	13468	13193	1.36e-56	208	69
FJ751934.1	395	hS00521	23491	77.536	276	6	278	13468	13193	1.35e-56	208	69
MZ463745.1	387	hS00526	23292	77.947	263	12	272	9036	9298	4.58e-56	206	67
MZ463746.1	387	hS00526	23292	77.947	263	12	272	9036	9298	4.58e-56	206	67
MZ463747.1	387	hS00526	23292	77.567	263	12	272	9036	9298	1.95e-54	202	67
MZ463748.1	387	hS00526	23292	77.567	263	12	272	9036	9298	1.95e-54	202	67
MZ463749.1	391	hS00526	23292	77.174	276	5	277	9023	9298	5.64e-55	204	70
MZ463750.1	392	hS00526	23292	76.812	276	5	277	9023	9298	6.89e-54	199	70
MZ463751.1	393	hS00526	23292	77.536	276	5	277	9023	9298	1.33e-56	208	69
MZ463752.1	394	hS00526	23292	77.536	276	5	277	9023	9298	1.34e-56	208	69
MZ463753.1	394	hS00526	23292	77.174	276	5	277	9023	9298	5.69e-55	204	69
MZ463754.1	394	hS00526	23292	78.378	259	5	260	9023	9281	1.63e-55	205	65
MZ463755.1	394	hS00526	23292	77.899	276	5	277	9023	9298	1.10e-57	213	69
MZ463756.1	394	hS00526	23292	77.174	276	5	277	9023	9298	5.69e-55	204	69
MZ463757.1	394	hS00526	23292	77.174	276	5	277	9023	9298	5.69e-55	204	69
MZ463758.1	394	hS00526	23292	77.174	276	5	277	9023	9298	5.69e-55	204	69
MZ463759.1	410	hS00526	23292	77.174	276	5	277	9023	9298	5.93e-55	204	67
FJ751925.1	394	hS00526	23292	77.536	276	5	277	9023	9298	1.34e-56	208	69
FJ751926.1	395	hS00526	23292	77.536	276	5	277	9023	9298	1.34e-56	208	69
FJ751927.1	395	hS00526	23292	77.174	276	5	277	9023	9298	5.70e-55	204	69
FJ751930.1	395	hS00526	23292	77.536	276	5	277	9023	9298	1.34e-56	208	69
FJ751933.1	396	hS00526	23292	77.536	276	6	278	9023	9298	1.34e-56	208	69
FJ751934.1	395	hS00526	23292	77.536	276	6	278	9023	9298	1.34e-56	208	69
MZ463745.1	387	hS00529	23091	77.947	263	12	272	17141	17403	4.54e-56	206	67
MZ463746.1	387	hS00529	23091	77.947	263	12	272	17141	17403	4.54e-56	206	67
MZ463747.1	387	hS00529	23091	77.567	263	12	272	17141	17403	1.93e-54	202	67
MZ463748.1	387	hS00529	23091	77.567	263	12	272	17141	17403	1.93e-54	202	67
MZ463749.1	391	hS00529	23091	77.174	276	5	277	17128	17403	5.59e-55	204	70
MZ463750.1	392	hS00529	23091	76.812	276	5	277	17128	17403	6.83e-54	199	70
MZ463751.1	393	hS00529	23091	77.536	276	5	277	17128	17403	1.32e-56	208	69
MZ463752.1	394	hS00529	23091	77.536	276	5	277	17128	17403	1.33e-56	208	69
MZ463753.1	394	hS00529	23091	77.174	276	5	277	17128	17403	5.64e-55	204	69
MZ463754.1	394	hS00529	23091	78.378	259	5	260	17128	17386	1.61e-55	205	65
MZ463755.1	394	hS00529	23091	77.899	276	5	277	17128	17403	1.09e-57	213	69
MZ463756.1	394	hS00529	23091	77.174	276	5	277	17128	17403	5.64e-55	204	69
MZ463757.1	394	hS00529	23091	77.174	276	5	277	17128	17403	5.64e-55	204	69
MZ463758.1	394	hS00529	23091	77.174	276	5	277	17128	17403	5.64e-55	204	69
MZ463759.1	410	hS00529	23091	77.174	276	5	277	17128	17403	5.88e-55	204	67
FJ751925.1	394	hS00529	23091	77.536	276	5	277	17128	17403	1.33e-56	208	69
FJ751926.1	395	hS00529	23091	77.536	276	5	277	17128	17403	1.33e-56	208	69
FJ751927.1	395	hS00529	23091	77.174	276	5	277	17128	17403	5.65e-55	204	69
FJ751930.1	395	hS00529	23091	77.536	276	5	277	17128	17403	1.33e-56	208	69
FJ751933.1	396	hS00529	23091	77.536	276	6	278	17128	17403	1.33e-56	208	69
FJ751934.1	395	hS00529	23091	77.536	276	6	278	17128	17403	1.33e-56	208	69
MZ463745.1	387	hS00534	22691	77.947	263	12	272	3566	3304	4.46e-56	206	67
MZ463746.1	387	hS00534	22691	77.947	263	12	272	3566	3304	4.46e-56	206	67
MZ463747.1	387	hS00534	22691	77.567	263	12	272	3566	3304	1.90e-54	202	67
MZ463748.1	387	hS00534	22691	77.567	263	12	272	3566	3304	1.90e-54	202	67
MZ463749.1	391	hS00534	22691	77.174	276	5	277	3579	3304	5.49e-55	204	70
MZ463750.1	392	hS00534	22691	76.812	276	5	277	3579	3304	6.71e-54	199	70
MZ463751.1	393	hS00534	22691	77.536	276	5	277	3579	3304	1.30e-56	208	69
MZ463752.1	394	hS00534	22691	77.536	276	5	277	3579	3304	1.30e-56	208	69
MZ463753.1	394	hS00534	22691	77.174	276	5	277	3579	3304	5.54e-55	204	69
MZ463754.1	394	hS00534	22691	78.378	259	5	260	3579	3321	1.59e-55	205	65
MZ463755.1	394	hS00534	22691	77.899	276	5	277	3579	3304	1.07e-57	213	69
MZ463756.1	394	hS00534	22691	77.174	276	5	277	3579	3304	5.54e-55	204	69
MZ463757.1	394	hS00534	22691	77.174	276	5	277	3579	3304	5.54e-55	204	69
MZ463758.1	394	hS00534	22691	77.174	276	5	277	3579	3304	5.54e-55	204	69
MZ463759.1	410	hS00534	22691	77.174	276	5	277	3579	3304	5.77e-55	204	67
FJ751925.1	394	hS00534	22691	77.536	276	5	277	3579	3304	1.30e-56	208	69
FJ751926.1	395	hS00534	22691	77.536	276	5	277	3579	3304	1.31e-56	208	69
FJ751927.1	395	hS00534	22691	77.174	276	5	277	3579	3304	5.55e-55	204	69
FJ751930.1	395	hS00534	22691	77.536	276	5	277	3579	3304	1.31e-56	208	69
FJ751933.1	396	hS00534	22691	77.536	276	6	278	3579	3304	1.31e-56	208	69
FJ751934.1	395	hS00534	22691	77.536	276	6	278	3579	3304	1.31e-56	208	69
MZ463745.1	387	hS00536	22469	77.947	263	12	272	3723	3985	4.42e-56	206	67
MZ463746.1	387	hS00536	22469	77.947	263	12	272	3723	3985	4.42e-56	206	67
MZ463747.1	387	hS00536	22469	77.567	263	12	272	3723	3985	1.88e-54	202	67
MZ463748.1	387	hS00536	22469	77.567	263	12	272	3723	3985	1.88e-54	202	67
MZ463749.1	391	hS00536	22469	77.174	276	5	277	3710	3985	5.44e-55	204	70
MZ463750.1	392	hS00536	22469	76.812	276	5	277	3710	3985	6.65e-54	199	70
MZ463751.1	393	hS00536	22469	77.536	276	5	277	3710	3985	1.29e-56	208	69
MZ463752.1	394	hS00536	22469	77.536	276	5	277	3710	3985	1.29e-56	208	69
MZ463753.1	394	hS00536	22469	77.174	276	5	277	3710	3985	5.48e-55	204	69
MZ463754.1	394	hS00536	22469	78.378	259	5	260	3710	3968	1.57e-55	205	65
MZ463755.1	394	hS00536	22469	77.899	276	5	277	3710	3985	1.06e-57	213	69
MZ463756.1	394	hS00536	22469	77.174	276	5	277	3710	3985	5.48e-55	204	69
MZ463757.1	394	hS00536	22469	77.174	276	5	277	3710	3985	5.48e-55	204	69
MZ463758.1	394	hS00536	22469	77.174	276	5	277	3710	3985	5.48e-55	204	69
MZ463759.1	410	hS00536	22469	77.174	276	5	277	3710	3985	5.72e-55	204	67
FJ751925.1	394	hS00536	22469	77.536	276	5	277	3710	3985	1.29e-56	208	69
FJ751926.1	395	hS00536	22469	77.536	276	5	277	3710	3985	1.29e-56	208	69
FJ751927.1	395	hS00536	22469	77.174	276	5	277	3710	3985	5.50e-55	204	69
FJ751930.1	395	hS00536	22469	77.536	276	5	277	3710	3985	1.29e-56	208	69
FJ751933.1	396	hS00536	22469	77.536	276	6	278	3710	3985	1.30e-56	208	69
FJ751934.1	395	hS00536	22469	77.536	276	6	278	3710	3985	1.29e-56	208	69
MZ463745.1	387	hS00556	19559	77.947	263	12	272	12676	12414	3.85e-56	206	67
MZ463746.1	387	hS00556	19559	77.947	263	12	272	12676	12414	3.85e-56	206	67
MZ463747.1	387	hS00556	19559	77.567	263	12	272	12676	12414	1.64e-54	202	67
MZ463748.1	387	hS00556	19559	77.567	263	12	272	12676	12414	1.64e-54	202	67
MZ463749.1	391	hS00556	19559	77.174	276	5	277	12689	12414	4.74e-55	204	70
MZ463750.1	392	hS00556	19559	76.812	276	5	277	12689	12414	5.78e-54	199	70
MZ463751.1	393	hS00556	19559	77.536	276	5	277	12689	12414	1.12e-56	208	69
MZ463752.1	394	hS00556	19559	77.536	276	5	277	12689	12414	1.12e-56	208	69
MZ463753.1	394	hS00556	19559	77.174	276	5	277	12689	12414	4.77e-55	204	69
MZ463754.1	394	hS00556	19559	78.378	259	5	260	12689	12431	1.37e-55	205	65
MZ463755.1	394	hS00556	19559	77.899	276	5	277	12689	12414	9.22e-58	213	69
MZ463756.1	394	hS00556	19559	77.174	276	5	277	12689	12414	4.77e-55	204	69
MZ463757.1	394	hS00556	19559	77.174	276	5	277	12689	12414	4.77e-55	204	69
MZ463758.1	394	hS00556	19559	77.174	276	5	277	12689	12414	4.77e-55	204	69
MZ463759.1	410	hS00556	19559	77.174	276	5	277	12689	12414	4.98e-55	204	67
FJ751925.1	394	hS00556	19559	77.536	276	5	277	12689	12414	1.12e-56	208	69
FJ751926.1	395	hS00556	19559	77.536	276	5	277	12689	12414	1.13e-56	208	69
FJ751927.1	395	hS00556	19559	77.174	276	5	277	12689	12414	4.79e-55	204	69
FJ751930.1	395	hS00556	19559	77.536	276	5	277	12689	12414	1.13e-56	208	69
FJ751933.1	396	hS00556	19559	77.536	276	6	278	12689	12414	1.13e-56	208	69
FJ751934.1	395	hS00556	19559	77.536	276	6	278	12689	12414	1.13e-56	208	69
