MZ463745.1	387	nSX00000	176172997	77.947	263	12	272	90589936	90589674	3.36e-52	206	68
MZ463745.1	387	nSX00000	176172997	77.947	263	12	272	90596536	90596798	3.36e-52	206	68
MZ463745.1	387	nSX00000	176172997	73.200	250	16	255	133606561	133606317	5.00e-31	136	68
MZ463745.1	387	nSX00000	176172997	71.495	214	19	230	33451104	33451317	2.95e-21	104	68
MZ463746.1	387	nSX00000	176172997	77.947	263	12	272	90589936	90589674	3.36e-52	206	68
MZ463746.1	387	nSX00000	176172997	77.947	263	12	272	90596536	90596798	3.36e-52	206	68
MZ463746.1	387	nSX00000	176172997	73.200	250	16	255	133606561	133606317	5.00e-31	136	68
MZ463746.1	387	nSX00000	176172997	71.495	214	19	230	33451104	33451317	2.95e-21	104	68
MZ463747.1	387	nSX00000	176172997	77.567	263	12	272	90589936	90589674	1.43e-50	202	68
MZ463747.1	387	nSX00000	176172997	77.567	263	12	272	90596536	90596798	1.43e-50	202	68
MZ463747.1	387	nSX00000	176172997	72.800	250	16	255	133606561	133606317	2.12e-29	132	68
MZ463747.1	387	nSX00000	176172997	71.028	214	19	230	33451104	33451317	3.60e-20	100	68
MZ463748.1	387	nSX00000	176172997	77.567	263	12	272	90589936	90589674	1.43e-50	202	68
MZ463748.1	387	nSX00000	176172997	77.567	263	12	272	90596536	90596798	1.43e-50	202	68
MZ463748.1	387	nSX00000	176172997	72.800	250	16	255	133606561	133606317	2.12e-29	132	68
MZ463748.1	387	nSX00000	176172997	71.028	214	19	230	33451104	33451317	3.60e-20	100	68
MZ463749.1	391	nSX00000	176172997	77.174	276	5	277	90589949	90589674	4.14e-51	204	71
MZ463749.1	391	nSX00000	176172997	77.174	276	5	277	90596523	90596798	4.14e-51	204	71
MZ463749.1	391	nSX00000	176172997	72.800	250	21	260	133606561	133606317	2.15e-29	132	71
MZ463749.1	391	nSX00000	176172997	71.963	214	24	235	33451104	33451317	7.02e-23	109	71
MZ463750.1	392	nSX00000	176172997	76.812	276	5	277	90589949	90589674	5.06e-50	199	70
MZ463750.1	392	nSX00000	176172997	76.812	276	5	277	90596523	90596798	5.06e-50	199	70
MZ463750.1	392	nSX00000	176172997	72.400	250	21	260	133606561	133606317	2.62e-28	127	70
MZ463750.1	392	nSX00000	176172997	70.561	214	24	235	33451104	33451317	1.55e-18	96.0	70
MZ463751.1	393	nSX00000	176172997	77.536	276	5	277	90589949	90589674	9.80e-53	208	70
MZ463751.1	393	nSX00000	176172997	77.536	276	5	277	90596523	90596798	9.80e-53	208	70
MZ463751.1	393	nSX00000	176172997	73.200	250	21	260	133606561	133606317	5.08e-31	136	70
MZ463751.1	393	nSX00000	176172997	71.495	214	24	235	33451104	33451317	3.00e-21	104	70
MZ463752.1	394	nSX00000	176172997	77.536	276	5	277	90589949	90589674	9.83e-53	208	70
MZ463752.1	394	nSX00000	176172997	77.536	276	5	277	90596523	90596798	9.83e-53	208	70
MZ463752.1	394	nSX00000	176172997	73.200	250	21	260	133606561	133606317	5.09e-31	136	70
MZ463752.1	394	nSX00000	176172997	71.495	214	24	235	33451104	33451317	3.01e-21	104	70
MZ463753.1	394	nSX00000	176172997	77.174	276	5	277	90589949	90589674	4.18e-51	204	70
MZ463753.1	394	nSX00000	176172997	77.174	276	5	277	90596523	90596798	4.18e-51	204	70
MZ463753.1	394	nSX00000	176172997	72.800	250	21	260	133606561	133606317	2.17e-29	132	70
MZ463753.1	394	nSX00000	176172997	71.028	214	24	235	33451104	33451317	3.67e-20	100	70
MZ463754.1	394	nSX00000	176172997	78.378	259	5	260	90589949	90589691	1.20e-51	205	70
MZ463754.1	394	nSX00000	176172997	78.378	259	5	260	90596523	90596781	1.20e-51	205	70
MZ463754.1	394	nSX00000	176172997	72.984	248	21	260	133606561	133606317	6.21e-30	133	70
MZ463754.1	394	nSX00000	176172997	71.495	214	24	235	33451104	33451317	3.01e-21	104	70
MZ463755.1	394	nSX00000	176172997	77.899	276	5	277	90589949	90589674	8.07e-54	213	70
MZ463755.1	394	nSX00000	176172997	77.899	276	5	277	90596523	90596798	8.07e-54	213	70
MZ463755.1	394	nSX00000	176172997	73.600	250	21	260	133606561	133606317	4.18e-32	141	70
MZ463755.1	394	nSX00000	176172997	71.963	214	24	235	33451104	33451317	7.08e-23	109	70
MZ463756.1	394	nSX00000	176172997	77.174	276	5	277	90589949	90589674	4.18e-51	204	70
MZ463756.1	394	nSX00000	176172997	77.174	276	5	277	90596523	90596798	4.18e-51	204	70
MZ463756.1	394	nSX00000	176172997	73.251	243	21	253	133606561	133606324	6.21e-30	132	70
MZ463756.1	394	nSX00000	176172997	71.495	214	24	235	33451104	33451317	3.01e-21	104	70
MZ463757.1	394	nSX00000	176172997	77.174	276	5	277	90589949	90589674	4.18e-51	204	70
MZ463757.1	394	nSX00000	176172997	77.174	276	5	277	90596523	90596798	4.18e-51	204	70
MZ463757.1	394	nSX00000	176172997	72.800	250	21	260	133606561	133606317	2.17e-29	132	70
MZ463757.1	394	nSX00000	176172997	71.028	214	24	235	33451104	33451317	3.67e-20	100	70
MZ463758.1	394	nSX00000	176172997	77.174	276	5	277	90589949	90589674	4.18e-51	204	70
MZ463758.1	394	nSX00000	176172997	77.174	276	5	277	90596523	90596798	4.18e-51	204	70
MZ463758.1	394	nSX00000	176172997	72.800	250	21	260	133606561	133606317	2.17e-29	132	70
MZ463758.1	394	nSX00000	176172997	71.028	214	24	235	33451104	33451317	3.67e-20	100	70
MZ463759.1	410	nSX00000	176172997	77.174	276	5	277	90589949	90589674	4.36e-51	204	67
MZ463759.1	410	nSX00000	176172997	77.174	276	5	277	90596523	90596798	4.36e-51	204	67
MZ463759.1	410	nSX00000	176172997	72.800	250	21	260	133606561	133606317	2.26e-29	132	67
MZ463759.1	410	nSX00000	176172997	71.292	209	29	235	33451109	33451317	3.83e-20	100	67
FJ751925.1	394	nSX00000	176172997	77.536	276	5	277	90589949	90589674	9.83e-53	208	70
FJ751925.1	394	nSX00000	176172997	77.536	276	5	277	90596523	90596798	9.83e-53	208	70
FJ751925.1	394	nSX00000	176172997	73.200	250	21	260	133606561	133606317	5.09e-31	136	70
FJ751925.1	394	nSX00000	176172997	71.495	214	24	235	33451104	33451317	3.01e-21	104	70
FJ751926.1	395	nSX00000	176172997	77.536	276	5	277	90589949	90589674	9.85e-53	208	70
FJ751926.1	395	nSX00000	176172997	77.536	276	5	277	90596523	90596798	9.85e-53	208	70
FJ751926.1	395	nSX00000	176172997	73.200	250	21	260	133606561	133606317	5.11e-31	136	70
FJ751926.1	395	nSX00000	176172997	71.495	214	24	235	33451104	33451317	3.02e-21	104	70
FJ751927.1	395	nSX00000	176172997	77.174	276	5	277	90589949	90589674	4.19e-51	204	70
FJ751927.1	395	nSX00000	176172997	77.174	276	5	277	90596523	90596798	4.19e-51	204	70
FJ751927.1	395	nSX00000	176172997	72.800	250	21	260	133606561	133606317	2.17e-29	132	70
FJ751927.1	395	nSX00000	176172997	71.495	214	24	235	33451104	33451317	3.02e-21	104	70
FJ751930.1	395	nSX00000	176172997	77.536	276	5	277	90589949	90589674	9.85e-53	208	70
FJ751930.1	395	nSX00000	176172997	77.536	276	5	277	90596523	90596798	9.85e-53	208	70
FJ751930.1	395	nSX00000	176172997	73.200	250	21	260	133606561	133606317	5.11e-31	136	70
FJ751930.1	395	nSX00000	176172997	71.495	214	24	235	33451104	33451317	3.02e-21	104	70
FJ751933.1	396	nSX00000	176172997	77.536	276	6	278	90589949	90589674	9.88e-53	208	70
FJ751933.1	396	nSX00000	176172997	77.536	276	6	278	90596523	90596798	9.88e-53	208	70
FJ751933.1	396	nSX00000	176172997	73.200	250	22	261	133606561	133606317	5.12e-31	136	70
FJ751933.1	396	nSX00000	176172997	71.495	214	25	236	33451104	33451317	3.03e-21	104	70
FJ751934.1	395	nSX00000	176172997	77.536	276	6	278	90589949	90589674	9.85e-53	208	70
FJ751934.1	395	nSX00000	176172997	77.536	276	6	278	90596523	90596798	9.85e-53	208	70
FJ751934.1	395	nSX00000	176172997	73.200	250	22	261	133606561	133606317	5.11e-31	136	70
FJ751934.1	395	nSX00000	176172997	71.495	214	25	236	33451104	33451317	3.02e-21	104	70
MZ463745.1	387	nSX00001	155455888	78.707	263	12	272	58662847	58662585	5.73e-55	215	79
MZ463745.1	387	nSX00001	155455888	77.947	263	12	272	58841355	58841093	2.97e-52	206	79
MZ463745.1	387	nSX00001	155455888	77.947	263	12	272	59030701	59030963	2.97e-52	206	79
MZ463745.1	387	nSX00001	155455888	77.186	263	12	272	58807387	58807649	1.54e-49	197	79
MZ463745.1	387	nSX00001	155455888	76.806	263	12	272	59038409	59038147	6.54e-48	193	79
MZ463745.1	387	nSX00001	155455888	96.460	113	203	315	139553979	139553867	2.78e-46	187	79
MZ463745.1	387	nSX00001	155455888	77.193	114	132	244	11757048	11757161	6.99e-16	86.0	79
MZ463746.1	387	nSX00001	155455888	78.707	263	12	272	58662847	58662585	5.73e-55	215	79
MZ463746.1	387	nSX00001	155455888	77.947	263	12	272	58841355	58841093	2.97e-52	206	79
MZ463746.1	387	nSX00001	155455888	77.947	263	12	272	59030701	59030963	2.97e-52	206	79
MZ463746.1	387	nSX00001	155455888	77.186	263	12	272	58807387	58807649	1.54e-49	197	79
MZ463746.1	387	nSX00001	155455888	76.806	263	12	272	59038409	59038147	6.54e-48	193	79
MZ463746.1	387	nSX00001	155455888	96.460	113	203	315	139553979	139553867	2.78e-46	187	79
MZ463746.1	387	nSX00001	155455888	77.193	114	132	244	11757048	11757161	6.99e-16	86.0	79
MZ463747.1	387	nSX00001	155455888	78.327	263	12	272	58662847	58662585	2.44e-53	211	79
MZ463747.1	387	nSX00001	155455888	77.567	263	12	272	58841355	58841093	1.26e-50	202	79
MZ463747.1	387	nSX00001	155455888	77.567	263	12	272	59030701	59030963	1.26e-50	202	79
MZ463747.1	387	nSX00001	155455888	76.806	263	12	272	58807387	58807649	6.54e-48	193	79
MZ463747.1	387	nSX00001	155455888	76.426	263	12	272	59038409	59038147	7.97e-47	188	79
MZ463747.1	387	nSX00001	155455888	96.460	113	203	315	139553979	139553867	2.78e-46	187	79
MZ463747.1	387	nSX00001	155455888	77.193	114	132	244	11757048	11757161	6.99e-16	86.0	79
MZ463748.1	387	nSX00001	155455888	78.327	263	12	272	58662847	58662585	2.44e-53	211	79
MZ463748.1	387	nSX00001	155455888	77.567	263	12	272	58841355	58841093	1.26e-50	202	79
MZ463748.1	387	nSX00001	155455888	77.567	263	12	272	59030701	59030963	1.26e-50	202	79
MZ463748.1	387	nSX00001	155455888	76.806	263	12	272	58807387	58807649	6.54e-48	193	79
MZ463748.1	387	nSX00001	155455888	76.426	263	12	272	59038409	59038147	7.97e-47	188	79
MZ463748.1	387	nSX00001	155455888	96.460	113	203	315	139553979	139553867	2.78e-46	187	79
MZ463748.1	387	nSX00001	155455888	77.193	114	132	244	11757048	11757161	6.99e-16	86.0	79
MZ463749.1	391	nSX00001	155455888	77.899	276	5	277	58662860	58662585	7.06e-54	213	81
MZ463749.1	391	nSX00001	155455888	77.174	276	5	277	58841368	58841093	3.66e-51	204	81
MZ463749.1	391	nSX00001	155455888	77.174	276	5	277	59030688	59030963	3.66e-51	204	81
MZ463749.1	391	nSX00001	155455888	76.449	276	5	277	58807374	58807649	1.89e-48	195	81
MZ463749.1	391	nSX00001	155455888	76.426	263	17	277	59038409	59038147	8.05e-47	188	81
MZ463749.1	391	nSX00001	155455888	96.460	113	208	320	139553979	139553867	2.81e-46	187	81
MZ463749.1	391	nSX00001	155455888	77.193	114	137	249	11757048	11757161	7.07e-16	86.0	81
MZ463750.1	392	nSX00001	155455888	77.536	276	5	277	58662860	58662585	8.62e-53	208	81
MZ463750.1	392	nSX00001	155455888	76.812	276	5	277	58841368	58841093	4.47e-50	199	81
MZ463750.1	392	nSX00001	155455888	76.812	276	5	277	59030688	59030963	4.47e-50	199	81
MZ463750.1	392	nSX00001	155455888	76.087	276	5	277	58807374	58807649	2.31e-47	190	81
MZ463750.1	392	nSX00001	155455888	96.460	113	208	320	139553979	139553867	2.82e-46	187	81
MZ463750.1	392	nSX00001	155455888	76.046	263	17	277	59038409	59038147	3.43e-45	184	81
MZ463750.1	392	nSX00001	155455888	77.193	114	137	249	11757048	11757161	7.09e-16	86.0	81
MZ463751.1	393	nSX00001	155455888	78.261	276	5	277	58662860	58662585	1.67e-55	217	80
MZ463751.1	393	nSX00001	155455888	77.536	276	5	277	58841368	58841093	8.65e-53	208	80
MZ463751.1	393	nSX00001	155455888	77.536	276	5	277	59030688	59030963	8.65e-53	208	80
MZ463751.1	393	nSX00001	155455888	76.812	276	5	277	58807374	58807649	4.48e-50	199	80
MZ463751.1	393	nSX00001	155455888	76.806	263	17	277	59038409	59038147	6.65e-48	193	80
MZ463751.1	393	nSX00001	155455888	96.460	113	208	320	139553979	139553867	2.83e-46	187	80
MZ463751.1	393	nSX00001	155455888	77.193	114	137	249	11757048	11757161	7.11e-16	86.0	80
MZ463752.1	394	nSX00001	155455888	78.261	276	5	277	58662860	58662585	1.67e-55	217	80
MZ463752.1	394	nSX00001	155455888	77.536	276	5	277	58841368	58841093	8.67e-53	208	80
MZ463752.1	394	nSX00001	155455888	77.536	276	5	277	59030688	59030963	8.67e-53	208	80
MZ463752.1	394	nSX00001	155455888	76.812	276	5	277	58807374	58807649	4.49e-50	199	80
MZ463752.1	394	nSX00001	155455888	76.806	263	17	277	59038409	59038147	6.67e-48	193	80
MZ463752.1	394	nSX00001	155455888	96.460	113	208	320	139553979	139553867	2.83e-46	187	80
MZ463752.1	394	nSX00001	155455888	77.193	114	137	249	11757048	11757161	7.13e-16	86.0	80
MZ463753.1	394	nSX00001	155455888	77.899	276	5	277	58662860	58662585	7.12e-54	213	80
MZ463753.1	394	nSX00001	155455888	77.174	276	5	277	58841368	58841093	3.69e-51	204	80
MZ463753.1	394	nSX00001	155455888	77.174	276	5	277	59030688	59030963	3.69e-51	204	80
MZ463753.1	394	nSX00001	155455888	76.449	276	5	277	58807374	58807649	1.91e-48	195	80
MZ463753.1	394	nSX00001	155455888	76.426	263	17	277	59038409	59038147	8.12e-47	188	80
MZ463753.1	394	nSX00001	155455888	95.575	113	208	320	139553979	139553867	1.21e-44	182	80
MZ463753.1	394	nSX00001	155455888	77.193	114	137	249	11757048	11757161	7.13e-16	86.0	80
MZ463754.1	394	nSX00001	155455888	78.788	264	5	265	58662860	58662597	2.04e-54	214	80
MZ463754.1	394	nSX00001	155455888	78.378	259	5	260	58841368	58841110	1.06e-51	205	80
MZ463754.1	394	nSX00001	155455888	78.378	259	5	260	59030688	59030946	1.06e-51	205	80
MZ463754.1	394	nSX00001	155455888	77.606	259	5	260	58807374	58807632	5.47e-49	196	80
MZ463754.1	394	nSX00001	155455888	77.642	246	17	260	59038409	59038164	8.12e-47	189	80
MZ463754.1	394	nSX00001	155455888	95.575	113	208	320	139553979	139553867	1.21e-44	182	80
MZ463754.1	394	nSX00001	155455888	77.477	111	140	249	11757051	11757161	2.49e-15	85.1	80
MZ463755.1	394	nSX00001	155455888	77.899	276	5	277	58662860	58662585	7.12e-54	213	80
MZ463755.1	394	nSX00001	155455888	77.899	276	5	277	58841368	58841093	7.12e-54	213	80
MZ463755.1	394	nSX00001	155455888	77.899	276	5	277	59030688	59030963	7.12e-54	213	80
MZ463755.1	394	nSX00001	155455888	77.174	276	5	277	58807374	58807649	3.69e-51	204	80
MZ463755.1	394	nSX00001	155455888	77.186	263	17	277	59038409	59038147	1.57e-49	197	80
MZ463755.1	394	nSX00001	155455888	95.575	113	208	320	139553979	139553867	1.21e-44	182	80
MZ463755.1	394	nSX00001	155455888	78.070	114	137	249	11757048	11757161	5.85e-17	90.6	80
MZ463756.1	394	nSX00001	155455888	77.899	276	5	277	58662860	58662585	7.12e-54	213	80
MZ463756.1	394	nSX00001	155455888	77.174	276	5	277	58841368	58841093	3.69e-51	204	80
MZ463756.1	394	nSX00001	155455888	77.174	276	5	277	59030688	59030963	3.69e-51	204	80
MZ463756.1	394	nSX00001	155455888	76.449	276	5	277	58807374	58807649	1.91e-48	195	80
MZ463756.1	394	nSX00001	155455888	76.426	263	17	277	59038409	59038147	8.12e-47	188	80
MZ463756.1	394	nSX00001	155455888	95.575	113	208	320	139553979	139553867	1.21e-44	182	80
MZ463756.1	394	nSX00001	155455888	77.193	114	137	249	11757048	11757161	7.13e-16	86.0	80
MZ463757.1	394	nSX00001	155455888	77.899	276	5	277	58662860	58662585	7.12e-54	213	80
MZ463757.1	394	nSX00001	155455888	77.174	276	5	277	58841368	58841093	3.69e-51	204	80
MZ463757.1	394	nSX00001	155455888	77.174	276	5	277	59030688	59030963	3.69e-51	204	80
MZ463757.1	394	nSX00001	155455888	76.449	276	5	277	58807374	58807649	1.91e-48	195	80
MZ463757.1	394	nSX00001	155455888	76.426	263	17	277	59038409	59038147	8.12e-47	188	80
MZ463757.1	394	nSX00001	155455888	95.575	113	208	320	139553979	139553867	1.21e-44	182	80
MZ463757.1	394	nSX00001	155455888	76.316	114	137	249	11757048	11757161	3.03e-14	81.5	80
MZ463758.1	394	nSX00001	155455888	77.899	276	5	277	58662860	58662585	7.12e-54	213	80
MZ463758.1	394	nSX00001	155455888	77.174	276	5	277	58841368	58841093	3.69e-51	204	80
MZ463758.1	394	nSX00001	155455888	77.174	276	5	277	59030688	59030963	3.69e-51	204	80
MZ463758.1	394	nSX00001	155455888	76.449	276	5	277	58807374	58807649	1.91e-48	195	80
MZ463758.1	394	nSX00001	155455888	76.426	263	17	277	59038409	59038147	8.12e-47	188	80
MZ463758.1	394	nSX00001	155455888	96.460	113	208	320	139553979	139553867	2.83e-46	187	80
MZ463758.1	394	nSX00001	155455888	77.193	114	137	249	11757048	11757161	7.13e-16	86.0	80
MZ463759.1	410	nSX00001	155455888	77.899	276	5	277	58662860	58662585	7.43e-54	213	77
MZ463759.1	410	nSX00001	155455888	77.174	276	5	277	58841368	58841093	3.85e-51	204	77
MZ463759.1	410	nSX00001	155455888	77.174	276	5	277	59030688	59030963	3.85e-51	204	77
MZ463759.1	410	nSX00001	155455888	76.449	276	5	277	58807374	58807649	1.99e-48	195	77
MZ463759.1	410	nSX00001	155455888	76.426	263	17	277	59038409	59038147	8.48e-47	188	77
MZ463759.1	410	nSX00001	155455888	96.460	113	208	320	139553979	139553867	2.96e-46	187	77
MZ463759.1	410	nSX00001	155455888	77.193	114	137	249	11757048	11757161	7.44e-16	86.0	77
FJ751925.1	394	nSX00001	155455888	78.261	276	5	277	58662860	58662585	1.67e-55	217	80
FJ751925.1	394	nSX00001	155455888	77.536	276	5	277	58841368	58841093	8.67e-53	208	80
FJ751925.1	394	nSX00001	155455888	77.536	276	5	277	59030688	59030963	8.67e-53	208	80
FJ751925.1	394	nSX00001	155455888	76.812	276	5	277	58807374	58807649	4.49e-50	199	80
FJ751925.1	394	nSX00001	155455888	76.806	263	17	277	59038409	59038147	6.67e-48	193	80
FJ751925.1	394	nSX00001	155455888	96.460	113	208	320	139553979	139553867	2.83e-46	187	80
FJ751925.1	394	nSX00001	155455888	77.193	114	137	249	11757048	11757161	7.13e-16	86.0	80
FJ751926.1	395	nSX00001	155455888	78.261	276	5	277	58662860	58662585	1.68e-55	217	80
FJ751926.1	395	nSX00001	155455888	77.536	276	5	277	58841368	58841093	8.69e-53	208	80
FJ751926.1	395	nSX00001	155455888	77.536	276	5	277	59030688	59030963	8.69e-53	208	80
FJ751926.1	395	nSX00001	155455888	76.812	276	5	277	58807374	58807649	4.50e-50	199	80
FJ751926.1	395	nSX00001	155455888	76.806	263	17	277	59038409	59038147	6.68e-48	193	80
FJ751926.1	395	nSX00001	155455888	96.460	113	208	320	139553979	139553867	2.84e-46	187	80
FJ751926.1	395	nSX00001	155455888	77.193	114	137	249	11757048	11757161	7.15e-16	86.0	80
FJ751927.1	395	nSX00001	155455888	77.899	276	5	277	58662860	58662585	7.14e-54	213	80
FJ751927.1	395	nSX00001	155455888	77.174	276	5	277	58841368	58841093	3.70e-51	204	80
FJ751927.1	395	nSX00001	155455888	77.174	276	5	277	59030688	59030963	3.70e-51	204	80
FJ751927.1	395	nSX00001	155455888	76.449	276	5	277	58807374	58807649	1.92e-48	195	80
FJ751927.1	395	nSX00001	155455888	76.426	263	17	277	59038409	59038147	8.14e-47	188	80
FJ751927.1	395	nSX00001	155455888	95.575	113	208	320	139553979	139553867	1.21e-44	182	80
FJ751927.1	395	nSX00001	155455888	76.316	114	137	249	11757048	11757161	3.04e-14	81.5	80
FJ751930.1	395	nSX00001	155455888	78.261	276	5	277	58662860	58662585	1.68e-55	217	80
FJ751930.1	395	nSX00001	155455888	77.536	276	5	277	58841368	58841093	8.69e-53	208	80
FJ751930.1	395	nSX00001	155455888	77.536	276	5	277	59030688	59030963	8.69e-53	208	80
FJ751930.1	395	nSX00001	155455888	76.812	276	5	277	58807374	58807649	4.50e-50	199	80
FJ751930.1	395	nSX00001	155455888	76.806	263	17	277	59038409	59038147	6.68e-48	193	80
FJ751930.1	395	nSX00001	155455888	96.460	113	208	320	139553979	139553867	2.84e-46	187	80
FJ751930.1	395	nSX00001	155455888	77.193	114	137	249	11757048	11757161	7.15e-16	86.0	80
FJ751933.1	396	nSX00001	155455888	78.261	276	6	278	58662860	58662585	1.68e-55	217	80
FJ751933.1	396	nSX00001	155455888	77.536	276	6	278	58841368	58841093	8.72e-53	208	80
FJ751933.1	396	nSX00001	155455888	77.536	276	6	278	59030688	59030963	8.72e-53	208	80
FJ751933.1	396	nSX00001	155455888	76.812	276	6	278	58807374	58807649	4.52e-50	199	80
FJ751933.1	396	nSX00001	155455888	76.806	263	18	278	59038409	59038147	6.70e-48	193	80
FJ751933.1	396	nSX00001	155455888	96.460	113	209	321	139553979	139553867	2.85e-46	187	80
FJ751933.1	396	nSX00001	155455888	77.193	114	138	250	11757048	11757161	7.17e-16	86.0	80
FJ751934.1	395	nSX00001	155455888	78.261	276	6	278	58662860	58662585	1.68e-55	217	80
FJ751934.1	395	nSX00001	155455888	77.536	276	6	278	58841368	58841093	8.69e-53	208	80
FJ751934.1	395	nSX00001	155455888	77.536	276	6	278	59030688	59030963	8.69e-53	208	80
FJ751934.1	395	nSX00001	155455888	76.812	276	6	278	58807374	58807649	4.50e-50	199	80
FJ751934.1	395	nSX00001	155455888	76.806	263	18	278	59038409	59038147	6.68e-48	193	80
FJ751934.1	395	nSX00001	155455888	96.460	113	209	321	139553979	139553867	2.84e-46	187	80
FJ751934.1	395	nSX00001	155455888	77.193	114	138	250	11757048	11757161	7.15e-16	86.0	80
MZ463745.1	387	nSX00002	155918635	96.296	297	85	381	12082475	12082769	3.17e-134	480	95
MZ463745.1	387	nSX00002	155918635	84.314	102	112	212	136590609	136590710	6.15e-23	109	95
MZ463746.1	387	nSX00002	155918635	95.623	297	85	381	12082475	12082769	1.64e-131	471	95
MZ463747.1	387	nSX00002	155918635	95.623	297	85	381	12082475	12082769	1.64e-131	471	95
MZ463747.1	387	nSX00002	155918635	84.314	102	112	212	136590609	136590710	6.15e-23	109	95
MZ463748.1	387	nSX00002	155918635	95.286	297	85	381	12082475	12082769	2.00e-130	466	95
MZ463748.1	387	nSX00002	155918635	84.314	102	112	212	136590609	136590710	6.15e-23	109	95
MZ463749.1	391	nSX00002	155918635	95.960	297	90	386	12082475	12082769	3.90e-133	475	94
MZ463749.1	391	nSX00002	155918635	84.314	102	117	217	136590609	136590710	6.22e-23	109	94
MZ463750.1	392	nSX00002	155918635	95.623	297	90	386	12082475	12082769	1.66e-131	471	94
MZ463750.1	392	nSX00002	155918635	84.314	102	117	217	136590609	136590710	6.23e-23	109	94
MZ463751.1	393	nSX00002	155918635	95.623	297	90	386	12082475	12082769	1.67e-131	471	93
MZ463751.1	393	nSX00002	155918635	84.314	102	117	217	136590609	136590710	6.25e-23	109	93
MZ463752.1	394	nSX00002	155918635	95.286	297	90	386	12082475	12082769	2.04e-130	466	93
MZ463753.1	394	nSX00002	155918635	95.623	297	90	386	12082475	12082769	1.67e-131	471	93
MZ463753.1	394	nSX00002	155918635	84.314	102	117	217	136590609	136590710	6.27e-23	109	93
MZ463754.1	394	nSX00002	155918635	95.286	297	90	386	12082475	12082769	2.04e-130	466	93
MZ463754.1	394	nSX00002	155918635	83.333	102	117	217	136590609	136590710	2.66e-21	104	93
MZ463755.1	394	nSX00002	155918635	95.623	297	90	386	12082475	12082769	1.67e-131	471	93
MZ463755.1	394	nSX00002	155918635	84.314	102	117	217	136590609	136590710	6.27e-23	109	93
MZ463756.1	394	nSX00002	155918635	95.623	297	90	386	12082475	12082769	1.67e-131	471	93
MZ463756.1	394	nSX00002	155918635	84.314	102	117	217	136590609	136590710	6.27e-23	109	93
MZ463757.1	394	nSX00002	155918635	95.286	297	90	386	12082475	12082769	2.04e-130	466	93
MZ463757.1	394	nSX00002	155918635	83.333	102	117	217	136590609	136590710	2.66e-21	104	93
MZ463758.1	394	nSX00002	155918635	95.960	297	90	386	12082475	12082769	3.93e-133	475	93
MZ463758.1	394	nSX00002	155918635	84.314	102	117	217	136590609	136590710	6.27e-23	109	93
MZ463759.1	410	nSX00002	155918635	95.960	297	90	386	12082475	12082769	4.11e-133	475	90
MZ463759.1	410	nSX00002	155918635	84.314	102	117	217	136590609	136590710	6.54e-23	109	90
FJ751925.1	394	nSX00002	155918635	95.960	297	90	386	12082475	12082769	3.93e-133	475	93
FJ751925.1	394	nSX00002	155918635	84.314	102	117	217	136590609	136590710	6.27e-23	109	93
FJ751926.1	395	nSX00002	155918635	95.638	298	90	387	12082475	12082769	5.85e-131	469	93
FJ751926.1	395	nSX00002	155918635	84.314	102	117	217	136590609	136590710	6.28e-23	109	93
FJ751927.1	395	nSX00002	155918635	95.302	298	90	387	12082475	12082769	7.13e-130	464	93
FJ751927.1	395	nSX00002	155918635	84.314	102	117	217	136590609	136590710	6.28e-23	109	93
FJ751930.1	395	nSX00002	155918635	95.098	306	90	395	12082475	12082778	1.13e-133	478	95
FJ751930.1	395	nSX00002	155918635	84.314	102	117	217	136590609	136590710	6.28e-23	109	95
FJ751933.1	396	nSX00002	155918635	95.638	298	91	388	12082475	12082769	5.87e-131	469	93
FJ751933.1	396	nSX00002	155918635	84.314	102	118	218	136590609	136590710	6.30e-23	109	93
FJ751934.1	395	nSX00002	155918635	95.960	297	91	387	12082475	12082769	3.94e-133	475	93
FJ751934.1	395	nSX00002	155918635	84.314	102	118	218	136590609	136590710	6.28e-23	109	93
MZ463745.1	387	nSX00003	154751859	76.667	150	12	160	150153720	150153571	6.10e-23	110	67
MZ463745.1	387	nSX00003	154751859	75.352	142	132	272	148031733	148031593	1.64e-17	92.4	67
MZ463746.1	387	nSX00003	154751859	76.667	150	12	160	150153720	150153571	6.10e-23	110	67
MZ463746.1	387	nSX00003	154751859	75.352	142	132	272	148031733	148031593	1.64e-17	92.4	67
MZ463747.1	387	nSX00003	154751859	76.000	150	12	160	150153720	150153571	7.43e-22	105	67
MZ463747.1	387	nSX00003	154751859	75.352	142	132	272	148031733	148031593	1.64e-17	92.4	67
MZ463748.1	387	nSX00003	154751859	76.000	150	12	160	150153720	150153571	7.43e-22	105	67
MZ463748.1	387	nSX00003	154751859	75.352	142	132	272	148031733	148031593	1.64e-17	92.4	67
MZ463749.1	391	nSX00003	154751859	75.460	163	5	165	150153733	150153571	2.15e-22	107	70
MZ463749.1	391	nSX00003	154751859	75.352	142	137	277	148031733	148031593	1.66e-17	92.4	70
MZ463750.1	392	nSX00003	154751859	74.847	163	5	165	150153733	150153571	9.18e-21	103	70
MZ463750.1	392	nSX00003	154751859	75.352	142	137	277	148031733	148031593	1.66e-17	92.4	70
MZ463751.1	393	nSX00003	154751859	76.074	163	5	165	150153733	150153571	1.78e-23	112	69
MZ463751.1	393	nSX00003	154751859	75.352	142	137	277	148031733	148031593	1.66e-17	92.4	69
MZ463752.1	394	nSX00003	154751859	76.074	163	5	165	150153733	150153571	1.78e-23	112	69
MZ463752.1	394	nSX00003	154751859	75.352	142	137	277	148031733	148031593	1.67e-17	92.4	69
MZ463753.1	394	nSX00003	154751859	75.460	163	5	165	150153733	150153571	2.17e-22	107	69
MZ463753.1	394	nSX00003	154751859	75.352	142	137	277	148031733	148031593	1.67e-17	92.4	69
MZ463754.1	394	nSX00003	154751859	76.074	163	5	165	150153733	150153571	1.78e-23	112	65
MZ463754.1	394	nSX00003	154751859	76.613	124	138	260	148031732	148031610	7.10e-16	86.9	65
MZ463755.1	394	nSX00003	154751859	76.074	163	5	165	150153733	150153571	1.78e-23	112	69
MZ463755.1	394	nSX00003	154751859	74.648	142	137	277	148031733	148031593	2.03e-16	87.8	69
MZ463756.1	394	nSX00003	154751859	76.074	163	5	165	150153733	150153571	1.78e-23	112	69
MZ463756.1	394	nSX00003	154751859	74.648	142	137	277	148031733	148031593	2.03e-16	87.8	69
MZ463757.1	394	nSX00003	154751859	76.074	163	5	165	150153733	150153571	1.78e-23	112	69
MZ463757.1	394	nSX00003	154751859	74.648	142	137	277	148031733	148031593	2.03e-16	87.8	69
MZ463758.1	394	nSX00003	154751859	75.460	163	5	165	150153733	150153571	2.17e-22	107	69
MZ463758.1	394	nSX00003	154751859	75.352	142	137	277	148031733	148031593	1.67e-17	92.4	69
MZ463759.1	410	nSX00003	154751859	75.460	163	5	165	150153733	150153571	2.27e-22	107	67
MZ463759.1	410	nSX00003	154751859	75.352	142	137	277	148031733	148031593	1.74e-17	92.4	67
FJ751925.1	394	nSX00003	154751859	76.074	163	5	165	150153733	150153571	1.78e-23	112	69
FJ751925.1	394	nSX00003	154751859	75.352	142	137	277	148031733	148031593	1.67e-17	92.4	69
FJ751926.1	395	nSX00003	154751859	76.074	163	5	165	150153733	150153571	1.79e-23	112	69
FJ751926.1	395	nSX00003	154751859	75.352	142	137	277	148031733	148031593	1.67e-17	92.4	69
FJ751927.1	395	nSX00003	154751859	76.074	163	5	165	150153733	150153571	1.79e-23	112	61
FJ751930.1	395	nSX00003	154751859	76.074	163	5	165	150153733	150153571	1.79e-23	112	69
FJ751930.1	395	nSX00003	154751859	75.352	142	137	277	148031733	148031593	1.67e-17	92.4	69
FJ751933.1	396	nSX00003	154751859	76.074	163	6	166	150153733	150153571	1.79e-23	112	69
FJ751933.1	396	nSX00003	154751859	75.352	142	138	278	148031733	148031593	1.68e-17	92.4	69
FJ751934.1	395	nSX00003	154751859	76.074	163	6	166	150153733	150153571	1.79e-23	112	69
FJ751934.1	395	nSX00003	154751859	75.352	142	138	278	148031733	148031593	1.67e-17	92.4	69
MZ463745.1	387	nSX00004	150804403	95.833	96	156	251	124972910	124972815	4.57e-37	156	73
MZ463745.1	387	nSX00004	150804403	91.089	101	190	290	7702253	7702352	1.23e-31	139	73
MZ463745.1	387	nSX00004	150804403	70.085	234	24	255	77589680	77589903	2.53e-21	104	73
MZ463746.1	387	nSX00004	150804403	95.833	96	156	251	124972910	124972815	4.57e-37	156	73
MZ463746.1	387	nSX00004	150804403	91.089	101	190	290	7702253	7702352	1.23e-31	139	73
MZ463746.1	387	nSX00004	150804403	70.085	234	24	255	77589680	77589903	2.53e-21	104	73
MZ463747.1	387	nSX00004	150804403	95.833	96	156	251	124972910	124972815	4.57e-37	156	73
MZ463747.1	387	nSX00004	150804403	91.089	101	190	290	7702253	7702352	1.23e-31	139	73
MZ463747.1	387	nSX00004	150804403	69.658	234	24	255	77589680	77589903	3.08e-20	100	73
MZ463748.1	387	nSX00004	150804403	95.833	96	156	251	124972910	124972815	4.57e-37	156	73
MZ463748.1	387	nSX00004	150804403	91.089	101	190	290	7702253	7702352	1.23e-31	139	73
MZ463748.1	387	nSX00004	150804403	69.658	234	24	255	77589680	77589903	3.08e-20	100	73
MZ463749.1	391	nSX00004	150804403	95.833	96	161	256	124972910	124972815	4.62e-37	156	72
MZ463749.1	391	nSX00004	150804403	91.089	101	195	295	7702253	7702352	1.24e-31	139	72
MZ463749.1	391	nSX00004	150804403	69.658	234	29	260	77589680	77589903	3.11e-20	100	72
MZ463750.1	392	nSX00004	150804403	95.833	96	161	256	124972910	124972815	4.63e-37	156	72
MZ463750.1	392	nSX00004	150804403	91.089	101	195	295	7702253	7702352	1.24e-31	139	72
MZ463750.1	392	nSX00004	150804403	69.231	234	29	260	77589680	77589903	1.33e-18	96.0	72
MZ463751.1	393	nSX00004	150804403	95.833	96	161	256	124972910	124972815	4.64e-37	156	72
MZ463751.1	393	nSX00004	150804403	91.089	101	195	295	7702253	7702352	1.25e-31	139	72
MZ463751.1	393	nSX00004	150804403	70.085	234	29	260	77589680	77589903	2.57e-21	104	72
MZ463752.1	394	nSX00004	150804403	95.833	96	161	256	124972910	124972815	4.66e-37	156	71
MZ463752.1	394	nSX00004	150804403	91.089	101	195	295	7702253	7702352	1.25e-31	139	71
MZ463752.1	394	nSX00004	150804403	70.085	234	29	260	77589680	77589903	2.58e-21	104	71
MZ463753.1	394	nSX00004	150804403	95.745	94	161	254	124972910	124972817	5.67e-36	152	71
MZ463753.1	394	nSX00004	150804403	90.099	101	195	295	7702253	7702352	1.52e-30	134	71
MZ463753.1	394	nSX00004	150804403	69.658	234	29	260	77589680	77589903	3.14e-20	100	71
MZ463754.1	394	nSX00004	150804403	95.833	96	161	256	124972910	124972815	4.66e-37	156	71
MZ463754.1	394	nSX00004	150804403	90.099	101	195	295	7702253	7702352	1.52e-30	134	71
MZ463754.1	394	nSX00004	150804403	70.085	234	29	260	77589680	77589903	2.58e-21	104	71
MZ463755.1	394	nSX00004	150804403	94.792	96	161	256	124972910	124972815	1.98e-35	151	71
MZ463755.1	394	nSX00004	150804403	90.099	101	195	295	7702253	7702352	1.52e-30	134	71
MZ463755.1	394	nSX00004	150804403	70.513	234	29	260	77589680	77589903	6.06e-23	109	71
MZ463756.1	394	nSX00004	150804403	95.833	96	161	256	124972910	124972815	4.66e-37	156	71
MZ463756.1	394	nSX00004	150804403	90.099	101	195	295	7702253	7702352	1.52e-30	134	71
MZ463756.1	394	nSX00004	150804403	70.044	227	29	253	77589680	77589896	3.14e-20	101	71
MZ463757.1	394	nSX00004	150804403	94.792	96	161	256	124972910	124972815	1.98e-35	151	71
MZ463757.1	394	nSX00004	150804403	90.099	101	195	295	7702253	7702352	1.52e-30	134	71
MZ463757.1	394	nSX00004	150804403	70.940	234	29	260	77589680	77589903	2.58e-21	104	71
MZ463758.1	394	nSX00004	150804403	95.833	96	161	256	124972910	124972815	4.66e-37	156	71
MZ463758.1	394	nSX00004	150804403	91.089	101	195	295	7702253	7702352	1.25e-31	139	71
MZ463758.1	394	nSX00004	150804403	69.658	234	29	260	77589680	77589903	3.14e-20	100	71
MZ463759.1	410	nSX00004	150804403	95.833	96	161	256	124972910	124972815	4.86e-37	156	69
MZ463759.1	410	nSX00004	150804403	91.089	101	195	295	7702253	7702352	1.30e-31	139	69
MZ463759.1	410	nSX00004	150804403	70.085	234	29	260	77589680	77589903	2.69e-21	104	69
FJ751925.1	394	nSX00004	150804403	95.833	96	161	256	124972910	124972815	4.66e-37	156	71
FJ751925.1	394	nSX00004	150804403	91.089	101	195	295	7702253	7702352	1.25e-31	139	71
FJ751925.1	394	nSX00004	150804403	70.085	234	29	260	77589680	77589903	2.58e-21	104	71
FJ751926.1	395	nSX00004	150804403	95.833	96	161	256	124972910	124972815	4.67e-37	156	71
FJ751926.1	395	nSX00004	150804403	91.089	101	195	295	7702253	7702352	1.25e-31	139	71
FJ751926.1	395	nSX00004	150804403	70.085	234	29	260	77589680	77589903	2.58e-21	104	71
FJ751927.1	395	nSX00004	150804403	94.792	96	161	256	124972910	124972815	1.99e-35	151	71
FJ751927.1	395	nSX00004	150804403	90.099	101	195	295	7702253	7702352	1.53e-30	134	71
FJ751927.1	395	nSX00004	150804403	69.658	234	29	260	77589680	77589903	3.15e-20	100	71
FJ751930.1	395	nSX00004	150804403	95.833	96	161	256	124972910	124972815	4.67e-37	156	71
FJ751930.1	395	nSX00004	150804403	91.089	101	195	295	7702253	7702352	1.25e-31	139	71
FJ751930.1	395	nSX00004	150804403	70.085	234	29	260	77589680	77589903	2.58e-21	104	71
FJ751933.1	396	nSX00004	150804403	95.833	96	162	257	124972910	124972815	4.68e-37	156	71
FJ751933.1	396	nSX00004	150804403	91.089	101	196	296	7702253	7702352	1.26e-31	139	71
FJ751933.1	396	nSX00004	150804403	70.085	234	30	261	77589680	77589903	2.59e-21	104	71
FJ751934.1	395	nSX00004	150804403	95.833	96	162	257	124972910	124972815	4.67e-37	156	71
FJ751934.1	395	nSX00004	150804403	91.089	101	196	296	7702253	7702352	1.25e-31	139	71
FJ751934.1	395	nSX00004	150804403	70.085	234	30	261	77589680	77589903	2.58e-21	104	71
MZ463745.1	387	nSX00005	140386750	76.426	263	12	272	22025009	22025270	8.76e-46	185	76
MZ463745.1	387	nSX00005	140386750	73.764	263	12	272	14808859	14808603	6.31e-35	149	76
MZ463745.1	387	nSX00005	140386750	70.318	283	27	304	137493889	137493627	2.06e-28	128	76
MZ463745.1	387	nSX00005	140386750	79.245	106	151	255	88138952	88139057	5.18e-17	89.7	76
MZ463746.1	387	nSX00005	140386750	76.426	263	12	272	22025009	22025270	8.76e-46	185	76
MZ463746.1	387	nSX00005	140386750	73.764	263	12	272	14808859	14808603	6.31e-35	149	76
MZ463746.1	387	nSX00005	140386750	69.965	283	27	304	137493889	137493627	2.51e-27	123	76
MZ463746.1	387	nSX00005	140386750	79.245	106	151	255	88138952	88139057	5.18e-17	89.7	76
MZ463747.1	387	nSX00005	140386750	76.046	263	12	272	22025009	22025270	3.73e-44	180	76
MZ463747.1	387	nSX00005	140386750	73.384	263	12	272	14808859	14808603	2.68e-33	144	76
MZ463747.1	387	nSX00005	140386750	70.318	283	27	304	137493889	137493627	2.06e-28	128	76
MZ463747.1	387	nSX00005	140386750	79.245	106	151	255	88138952	88139057	5.18e-17	89.7	76
MZ463748.1	387	nSX00005	140386750	76.046	263	12	272	22025009	22025270	3.73e-44	180	76
MZ463748.1	387	nSX00005	140386750	73.384	263	12	272	14808859	14808603	2.68e-33	144	76
MZ463748.1	387	nSX00005	140386750	69.965	283	27	304	137493889	137493627	2.51e-27	123	76
MZ463748.1	387	nSX00005	140386750	79.245	106	151	255	88138952	88139057	5.18e-17	89.7	76
MZ463749.1	391	nSX00005	140386750	75.725	276	5	277	22024996	22025270	1.08e-44	182	78
MZ463749.1	391	nSX00005	140386750	73.384	263	17	277	14808859	14808603	2.71e-33	144	78
MZ463749.1	391	nSX00005	140386750	69.965	283	32	309	137493889	137493627	2.54e-27	123	78
MZ463749.1	391	nSX00005	140386750	79.245	106	156	260	88138952	88139057	5.24e-17	89.7	78
MZ463750.1	392	nSX00005	140386750	75.362	276	5	277	22024996	22025270	1.32e-43	178	78
MZ463750.1	392	nSX00005	140386750	73.004	263	17	277	14808859	14808603	3.31e-32	140	78
MZ463750.1	392	nSX00005	140386750	69.965	283	32	309	137493889	137493627	2.55e-27	123	78
MZ463750.1	392	nSX00005	140386750	79.245	106	156	260	88138952	88139057	5.26e-17	89.7	78
MZ463751.1	393	nSX00005	140386750	76.087	276	5	277	22024996	22025270	2.55e-46	187	78
MZ463751.1	393	nSX00005	140386750	73.764	263	17	277	14808859	14808603	6.42e-35	149	78
MZ463751.1	393	nSX00005	140386750	70.318	283	32	309	137493889	137493627	2.10e-28	128	78
MZ463751.1	393	nSX00005	140386750	79.245	106	156	260	88138952	88139057	5.27e-17	89.7	78
MZ463752.1	394	nSX00005	140386750	76.087	276	5	277	22024996	22025270	2.56e-46	187	77
MZ463752.1	394	nSX00005	140386750	73.764	263	17	277	14808859	14808603	6.43e-35	149	77
MZ463752.1	394	nSX00005	140386750	69.965	283	32	309	137493889	137493627	2.56e-27	123	77
MZ463752.1	394	nSX00005	140386750	79.245	106	156	260	88138952	88139057	5.29e-17	89.7	77
MZ463753.1	394	nSX00005	140386750	75.725	276	5	277	22024996	22025270	1.09e-44	182	77
MZ463753.1	394	nSX00005	140386750	73.384	263	17	277	14808859	14808603	2.74e-33	144	77
MZ463753.1	394	nSX00005	140386750	69.611	283	32	309	137493889	137493627	1.09e-25	119	77
MZ463753.1	394	nSX00005	140386750	79.245	106	156	260	88138952	88139057	5.29e-17	89.7	77
MZ463754.1	394	nSX00005	140386750	76.448	259	5	260	22024996	22025253	1.33e-43	178	77
MZ463754.1	394	nSX00005	140386750	74.390	246	17	260	14808859	14808620	7.84e-34	145	77
MZ463754.1	394	nSX00005	140386750	69.611	283	32	309	137493889	137493627	1.09e-25	119	77
MZ463754.1	394	nSX00005	140386750	79.245	106	156	260	88138952	88139057	5.29e-17	89.7	77
MZ463755.1	394	nSX00005	140386750	76.449	276	5	277	22024996	22025270	2.10e-47	191	77
MZ463755.1	394	nSX00005	140386750	74.144	263	17	277	14808859	14808603	5.28e-36	153	77
MZ463755.1	394	nSX00005	140386750	69.965	283	32	309	137493889	137493627	2.56e-27	123	77
MZ463755.1	394	nSX00005	140386750	80.189	106	156	260	88138952	88139057	4.34e-18	94.2	77
MZ463756.1	394	nSX00005	140386750	75.725	276	5	277	22024996	22025270	1.09e-44	182	77
MZ463756.1	394	nSX00005	140386750	73.384	263	17	277	14808859	14808603	2.74e-33	144	77
MZ463756.1	394	nSX00005	140386750	70.318	283	32	309	137493889	137493627	2.10e-28	128	77
MZ463756.1	394	nSX00005	140386750	79.798	99	156	253	88138952	88139050	6.44e-16	86.0	77
MZ463757.1	394	nSX00005	140386750	75.725	276	5	277	22024996	22025270	1.09e-44	182	77
MZ463757.1	394	nSX00005	140386750	73.764	263	17	277	14808859	14808603	6.43e-35	149	77
MZ463757.1	394	nSX00005	140386750	69.611	283	32	309	137493889	137493627	1.09e-25	119	77
MZ463757.1	394	nSX00005	140386750	78.302	106	156	260	88138952	88139057	2.25e-15	85.1	77
MZ463758.1	394	nSX00005	140386750	75.725	276	5	277	22024996	22025270	1.09e-44	182	77
MZ463758.1	394	nSX00005	140386750	73.384	263	17	277	14808859	14808603	2.74e-33	144	77
MZ463758.1	394	nSX00005	140386750	69.965	283	32	309	137493889	137493627	2.56e-27	123	77
MZ463758.1	394	nSX00005	140386750	79.245	106	156	260	88138952	88139057	5.29e-17	89.7	77
MZ463759.1	410	nSX00005	140386750	75.725	276	5	277	22024996	22025270	1.14e-44	182	74
MZ463759.1	410	nSX00005	140386750	73.384	263	17	277	14808859	14808603	2.85e-33	144	74
MZ463759.1	410	nSX00005	140386750	70.318	283	32	309	137493889	137493627	2.19e-28	128	74
MZ463759.1	410	nSX00005	140386750	79.245	106	156	260	88138952	88139057	5.52e-17	89.7	74
FJ751925.1	394	nSX00005	140386750	76.087	276	5	277	22024996	22025270	2.56e-46	187	77
FJ751925.1	394	nSX00005	140386750	73.764	263	17	277	14808859	14808603	6.43e-35	149	77
FJ751925.1	394	nSX00005	140386750	70.318	283	32	309	137493889	137493627	2.10e-28	128	77
FJ751925.1	394	nSX00005	140386750	79.245	106	156	260	88138952	88139057	5.29e-17	89.7	77
FJ751926.1	395	nSX00005	140386750	76.087	276	5	277	22024996	22025270	2.57e-46	187	77
FJ751926.1	395	nSX00005	140386750	73.764	263	17	277	14808859	14808603	6.45e-35	149	77
FJ751926.1	395	nSX00005	140386750	70.318	283	32	309	137493889	137493627	2.11e-28	128	77
FJ751926.1	395	nSX00005	140386750	79.245	106	156	260	88138952	88139057	5.30e-17	89.7	77
FJ751927.1	395	nSX00005	140386750	75.725	276	5	277	22024996	22025270	1.09e-44	182	77
FJ751927.1	395	nSX00005	140386750	73.384	263	17	277	14808859	14808603	2.74e-33	144	77
FJ751927.1	395	nSX00005	140386750	69.965	283	32	309	137493889	137493627	2.57e-27	123	77
FJ751927.1	395	nSX00005	140386750	78.302	106	156	260	88138952	88139057	2.25e-15	85.1	77
FJ751930.1	395	nSX00005	140386750	76.087	276	5	277	22024996	22025270	2.57e-46	187	77
FJ751930.1	395	nSX00005	140386750	73.764	263	17	277	14808859	14808603	6.45e-35	149	77
FJ751930.1	395	nSX00005	140386750	70.318	283	32	309	137493889	137493627	2.11e-28	128	77
FJ751930.1	395	nSX00005	140386750	79.245	106	156	260	88138952	88139057	5.30e-17	89.7	77
FJ751933.1	396	nSX00005	140386750	76.087	276	6	278	22024996	22025270	2.57e-46	187	77
FJ751933.1	396	nSX00005	140386750	73.764	263	18	278	14808859	14808603	6.47e-35	149	77
FJ751933.1	396	nSX00005	140386750	70.318	283	33	310	137493889	137493627	2.11e-28	128	77
FJ751933.1	396	nSX00005	140386750	79.245	106	157	261	88138952	88139057	5.31e-17	89.7	77
FJ751934.1	395	nSX00005	140386750	76.087	276	6	278	22024996	22025270	2.57e-46	187	77
FJ751934.1	395	nSX00005	140386750	73.764	263	18	278	14808859	14808603	6.45e-35	149	77
FJ751934.1	395	nSX00005	140386750	70.318	283	33	310	137493889	137493627	2.11e-28	128	77
FJ751934.1	395	nSX00005	140386750	79.245	106	157	261	88138952	88139057	5.30e-17	89.7	77
MZ463745.1	387	nSX00007	139656567	75.191	262	13	272	87405311	87405050	5.50e-42	173	67
MZ463746.1	387	nSX00007	139656567	75.573	262	13	272	87405311	87405050	1.29e-43	178	67
MZ463747.1	387	nSX00007	139656567	74.809	262	13	272	87405311	87405050	6.70e-41	168	67
MZ463748.1	387	nSX00007	139656567	74.809	262	13	272	87405311	87405050	6.70e-41	168	67
MZ463749.1	391	nSX00007	139656567	74.809	262	18	277	87405311	87405050	6.78e-41	168	70
MZ463749.1	391	nSX00007	139656567	85.542	83	5	86	12388097	12388179	4.28e-18	93.3	70
MZ463750.1	392	nSX00007	139656567	74.427	262	18	277	87405311	87405050	2.89e-39	164	70
MZ463750.1	392	nSX00007	139656567	85.542	83	5	86	12388097	12388179	4.29e-18	93.3	70
MZ463751.1	393	nSX00007	139656567	75.191	262	18	277	87405311	87405050	5.59e-42	173	69
MZ463751.1	393	nSX00007	139656567	86.747	83	5	86	12388097	12388179	3.53e-19	97.8	69
MZ463752.1	394	nSX00007	139656567	75.191	262	18	277	87405311	87405050	5.61e-42	173	69
MZ463752.1	394	nSX00007	139656567	86.747	83	5	86	12388097	12388179	3.54e-19	97.8	69
MZ463753.1	394	nSX00007	139656567	74.809	262	18	277	87405311	87405050	6.83e-41	168	69
MZ463753.1	394	nSX00007	139656567	85.542	83	5	86	12388097	12388179	4.32e-18	93.3	69
MZ463754.1	394	nSX00007	139656567	75.918	245	18	260	87405311	87405067	6.83e-41	169	65
MZ463754.1	394	nSX00007	139656567	86.747	83	5	86	12388097	12388179	3.54e-19	97.8	65
MZ463755.1	394	nSX00007	139656567	75.573	262	18	277	87405311	87405050	1.32e-43	178	69
MZ463755.1	394	nSX00007	139656567	86.747	83	5	86	12388097	12388179	3.54e-19	97.8	69
MZ463756.1	394	nSX00007	139656567	74.809	262	18	277	87405311	87405050	6.83e-41	168	69
MZ463756.1	394	nSX00007	139656567	86.747	83	5	86	12388097	12388179	3.54e-19	97.8	69
MZ463757.1	394	nSX00007	139656567	74.809	262	18	277	87405311	87405050	6.83e-41	168	69
MZ463757.1	394	nSX00007	139656567	86.747	83	5	86	12388097	12388179	3.54e-19	97.8	69
MZ463758.1	394	nSX00007	139656567	74.809	262	18	277	87405311	87405050	6.83e-41	168	69
MZ463758.1	394	nSX00007	139656567	85.542	83	5	86	12388097	12388179	4.32e-18	93.3	69
MZ463759.1	410	nSX00007	139656567	74.809	262	18	277	87405311	87405050	7.13e-41	168	67
MZ463759.1	410	nSX00007	139656567	85.542	83	5	86	12388097	12388179	4.50e-18	93.3	67
FJ751925.1	394	nSX00007	139656567	75.191	262	18	277	87405311	87405050	5.61e-42	173	69
FJ751925.1	394	nSX00007	139656567	86.747	83	5	86	12388097	12388179	3.54e-19	97.8	69
FJ751926.1	395	nSX00007	139656567	75.191	262	18	277	87405311	87405050	5.62e-42	173	69
FJ751926.1	395	nSX00007	139656567	86.747	83	5	86	12388097	12388179	3.55e-19	97.8	69
FJ751927.1	395	nSX00007	139656567	74.809	262	18	277	87405311	87405050	6.85e-41	168	69
FJ751927.1	395	nSX00007	139656567	86.747	83	5	86	12388097	12388179	3.55e-19	97.8	69
FJ751930.1	395	nSX00007	139656567	75.191	262	18	277	87405311	87405050	5.62e-42	173	69
FJ751930.1	395	nSX00007	139656567	86.747	83	5	86	12388097	12388179	3.55e-19	97.8	69
FJ751933.1	396	nSX00007	139656567	75.191	262	19	278	87405311	87405050	5.64e-42	173	69
FJ751933.1	396	nSX00007	139656567	86.747	83	6	87	12388097	12388179	3.56e-19	97.8	69
FJ751934.1	395	nSX00007	139656567	75.191	262	19	278	87405311	87405050	5.62e-42	173	69
FJ751934.1	395	nSX00007	139656567	86.747	83	6	87	12388097	12388179	3.55e-19	97.8	69
MZ463745.1	387	nSX00008	135136899	80.899	89	14	102	118456016	118456104	2.12e-15	85.1	64
MZ463746.1	387	nSX00008	135136899	80.899	89	14	102	118456016	118456104	2.12e-15	85.1	64
MZ463747.1	387	nSX00008	135136899	80.899	89	14	102	118456016	118456104	2.12e-15	85.1	64
MZ463749.1	391	nSX00008	135136899	79.775	89	19	107	118456016	118456104	2.61e-14	80.6	63
MZ463751.1	393	nSX00008	135136899	80.899	89	19	107	118456016	118456104	2.16e-15	85.1	63
MZ463752.1	394	nSX00008	135136899	80.899	89	19	107	118456016	118456104	2.16e-15	85.1	63
MZ463753.1	394	nSX00008	135136899	79.775	89	19	107	118456016	118456104	2.64e-14	80.6	63
MZ463754.1	394	nSX00008	135136899	80.899	89	19	107	118456016	118456104	2.16e-15	85.1	63
MZ463754.1	394	nSX00008	135136899	82.353	85	134	216	94320987	94321071	9.20e-14	79.7	63
MZ463755.1	394	nSX00008	135136899	80.899	89	19	107	118456016	118456104	2.16e-15	85.1	63
MZ463757.1	394	nSX00008	135136899	80.899	89	19	107	118456016	118456104	2.16e-15	85.1	63
MZ463758.1	394	nSX00008	135136899	79.775	89	19	107	118456016	118456104	2.64e-14	80.6	63
MZ463759.1	410	nSX00008	135136899	79.775	89	19	107	118456016	118456104	2.75e-14	80.6	60
FJ751925.1	394	nSX00008	135136899	80.899	89	19	107	118456016	118456104	2.16e-15	85.1	63
FJ751926.1	395	nSX00008	135136899	80.899	89	19	107	118456016	118456104	2.17e-15	85.1	63
FJ751930.1	395	nSX00008	135136899	80.899	89	19	107	118456016	118456104	2.17e-15	85.1	63
FJ751933.1	396	nSX00008	135136899	80.899	89	20	108	118456016	118456104	2.18e-15	85.1	63
FJ751934.1	395	nSX00008	135136899	80.899	89	20	108	118456016	118456104	2.17e-15	85.1	63
MZ463745.1	387	nSX00009	129278179	81.250	128	51	178	103691413	103691527	6.63e-28	126	61
MZ463745.1	387	nSX00009	129278179	73.099	171	14	183	28527026	28527196	9.22e-20	98.7	61
MZ463745.1	387	nSX00009	129278179	77.193	114	132	244	126953399	126953512	5.82e-16	86.0	61
MZ463745.1	387	nSX00009	129278179	76.636	107	14	119	11317245	11317143	1.56e-10	68.0	61
MZ463745.1	387	nSX00009	129278179	77.108	83	145	227	107866014	107866089	6.64e-09	62.6	61
MZ463746.1	387	nSX00009	129278179	80.469	128	51	178	103691413	103691527	8.08e-27	122	61
MZ463746.1	387	nSX00009	129278179	73.099	171	14	183	28527026	28527196	9.22e-20	98.7	61
MZ463746.1	387	nSX00009	129278179	77.193	114	132	244	126953399	126953512	5.82e-16	86.0	61
MZ463746.1	387	nSX00009	129278179	76.636	107	14	119	11317245	11317143	1.56e-10	68.0	61
MZ463746.1	387	nSX00009	129278179	75.904	83	145	227	107866014	107866089	2.82e-07	58.1	61
MZ463747.1	387	nSX00009	129278179	80.469	128	51	178	103691413	103691527	8.08e-27	122	61
MZ463747.1	387	nSX00009	129278179	72.515	171	14	183	28527026	28527196	3.92e-18	94.2	61
MZ463747.1	387	nSX00009	129278179	77.193	114	132	244	126953399	126953512	5.82e-16	86.0	61
MZ463747.1	387	nSX00009	129278179	75.701	107	14	119	11317245	11317143	6.64e-09	63.5	61
MZ463747.1	387	nSX00009	129278179	77.108	83	145	227	107866014	107866089	6.64e-09	62.6	61
MZ463748.1	387	nSX00009	129278179	80.469	128	51	178	103691413	103691527	8.08e-27	122	61
MZ463748.1	387	nSX00009	129278179	72.515	171	14	183	28527026	28527196	3.92e-18	94.2	61
MZ463748.1	387	nSX00009	129278179	77.193	114	132	244	126953399	126953512	5.82e-16	86.0	61
MZ463748.1	387	nSX00009	129278179	75.701	107	14	119	11317245	11317143	6.64e-09	63.5	61
MZ463748.1	387	nSX00009	129278179	77.108	83	145	227	107866014	107866089	6.64e-09	62.6	61
MZ463749.1	391	nSX00009	129278179	80.469	128	56	183	103691413	103691527	8.17e-27	122	60
MZ463749.1	391	nSX00009	129278179	72.515	171	19	188	28527026	28527196	3.96e-18	94.2	60
MZ463749.1	391	nSX00009	129278179	77.193	114	137	249	126953399	126953512	5.88e-16	86.0	60
MZ463749.1	391	nSX00009	129278179	75.701	107	19	124	11317245	11317143	6.71e-09	63.5	60
MZ463749.1	391	nSX00009	129278179	77.108	83	150	232	107866014	107866089	6.71e-09	62.6	60
MZ463750.1	392	nSX00009	129278179	80.469	128	56	183	103691413	103691527	8.19e-27	122	60
MZ463750.1	392	nSX00009	129278179	71.930	171	19	188	28527026	28527196	4.84e-17	89.7	60
MZ463750.1	392	nSX00009	129278179	77.193	114	137	249	126953399	126953512	5.90e-16	86.0	60
MZ463750.1	392	nSX00009	129278179	77.108	83	150	232	107866014	107866089	6.73e-09	62.6	60
MZ463751.1	393	nSX00009	129278179	81.250	128	56	183	103691413	103691527	6.74e-28	126	60
MZ463751.1	393	nSX00009	129278179	73.099	171	19	188	28527026	28527196	9.37e-20	98.7	60
MZ463751.1	393	nSX00009	129278179	77.193	114	137	249	126953399	126953512	5.91e-16	86.0	60
MZ463751.1	393	nSX00009	129278179	76.636	107	19	124	11317245	11317143	1.59e-10	68.0	60
MZ463751.1	393	nSX00009	129278179	77.108	83	150	232	107866014	107866089	6.75e-09	62.6	60
MZ463752.1	394	nSX00009	129278179	80.469	128	56	183	103691413	103691527	8.23e-27	122	60
MZ463752.1	394	nSX00009	129278179	73.099	171	19	188	28527026	28527196	9.40e-20	98.7	60
MZ463752.1	394	nSX00009	129278179	77.193	114	137	249	126953399	126953512	5.93e-16	86.0	60
MZ463752.1	394	nSX00009	129278179	76.636	107	19	124	11317245	11317143	1.59e-10	68.0	60
MZ463752.1	394	nSX00009	129278179	75.904	83	150	232	107866014	107866089	2.88e-07	58.1	60
MZ463753.1	394	nSX00009	129278179	80.469	128	56	183	103691413	103691527	8.23e-27	122	60
MZ463753.1	394	nSX00009	129278179	72.515	171	19	188	28527026	28527196	4.00e-18	94.2	60
MZ463753.1	394	nSX00009	129278179	77.193	114	137	249	126953399	126953512	5.93e-16	86.0	60
MZ463753.1	394	nSX00009	129278179	76.636	107	19	124	11317245	11317143	1.59e-10	68.0	60
MZ463753.1	394	nSX00009	129278179	77.108	83	150	232	107866014	107866089	6.77e-09	62.6	60
MZ463754.1	394	nSX00009	129278179	80.469	128	56	183	103691413	103691527	8.23e-27	122	60
MZ463754.1	394	nSX00009	129278179	73.099	171	19	188	28527026	28527196	9.40e-20	98.7	60
MZ463754.1	394	nSX00009	129278179	77.477	111	140	249	126953402	126953512	2.07e-15	85.1	60
MZ463754.1	394	nSX00009	129278179	76.636	107	19	124	11317245	11317143	1.59e-10	68.0	60
MZ463754.1	394	nSX00009	129278179	77.108	83	150	232	107866014	107866089	6.77e-09	62.6	60
MZ463755.1	394	nSX00009	129278179	81.250	128	56	183	103691413	103691527	6.76e-28	126	60
MZ463755.1	394	nSX00009	129278179	73.099	171	19	188	28527026	28527196	9.40e-20	98.7	60
MZ463755.1	394	nSX00009	129278179	78.070	114	137	249	126953399	126953512	4.87e-17	90.6	60
MZ463755.1	394	nSX00009	129278179	76.636	107	19	124	11317245	11317143	1.59e-10	68.0	60
MZ463756.1	394	nSX00009	129278179	81.250	128	56	183	103691413	103691527	6.76e-28	126	60
MZ463756.1	394	nSX00009	129278179	73.099	171	19	188	28527026	28527196	9.40e-20	98.7	60
MZ463756.1	394	nSX00009	129278179	77.193	114	137	249	126953399	126953512	5.93e-16	86.0	60
MZ463756.1	394	nSX00009	129278179	76.636	107	19	124	11317245	11317143	1.59e-10	68.0	60
MZ463756.1	394	nSX00009	129278179	77.108	83	150	232	107866014	107866089	6.77e-09	62.6	60
MZ463757.1	394	nSX00009	129278179	80.469	128	56	183	103691413	103691527	8.23e-27	122	60
MZ463757.1	394	nSX00009	129278179	72.515	171	19	188	28527026	28527196	4.00e-18	94.2	60
MZ463757.1	394	nSX00009	129278179	76.316	114	137	249	126953399	126953512	2.52e-14	81.5	60
MZ463757.1	394	nSX00009	129278179	76.636	107	19	124	11317245	11317143	1.59e-10	68.0	60
MZ463757.1	394	nSX00009	129278179	75.904	83	150	232	107866014	107866089	2.88e-07	58.1	60
MZ463758.1	394	nSX00009	129278179	81.250	128	56	183	103691413	103691527	6.76e-28	126	60
MZ463758.1	394	nSX00009	129278179	72.515	171	19	188	28527026	28527196	4.00e-18	94.2	60
MZ463758.1	394	nSX00009	129278179	77.193	114	137	249	126953399	126953512	5.93e-16	86.0	60
MZ463758.1	394	nSX00009	129278179	75.701	107	19	124	11317245	11317143	6.77e-09	63.5	60
MZ463758.1	394	nSX00009	129278179	77.108	83	150	232	107866014	107866089	6.77e-09	62.6	60
MZ463759.1	410	nSX00009	129278179	81.250	128	56	183	103691413	103691527	7.05e-28	126	57
MZ463759.1	410	nSX00009	129278179	72.515	171	19	188	28527026	28527196	4.17e-18	94.2	57
MZ463759.1	410	nSX00009	129278179	77.193	114	137	249	126953399	126953512	6.19e-16	86.0	57
MZ463759.1	410	nSX00009	129278179	76.531	98	28	124	11317237	11317143	2.02e-09	64.4	57
MZ463759.1	410	nSX00009	129278179	77.108	83	150	232	107866014	107866089	7.06e-09	62.6	57
FJ751925.1	394	nSX00009	129278179	81.250	128	56	183	103691413	103691527	6.76e-28	126	60
FJ751925.1	394	nSX00009	129278179	73.099	171	19	188	28527026	28527196	9.40e-20	98.7	60
FJ751925.1	394	nSX00009	129278179	77.193	114	137	249	126953399	126953512	5.93e-16	86.0	60
FJ751925.1	394	nSX00009	129278179	76.636	107	19	124	11317245	11317143	1.59e-10	68.0	60
FJ751925.1	394	nSX00009	129278179	77.108	83	150	232	107866014	107866089	6.77e-09	62.6	60
FJ751926.1	395	nSX00009	129278179	81.250	128	56	183	103691413	103691527	6.78e-28	126	59
FJ751926.1	395	nSX00009	129278179	73.099	171	19	188	28527026	28527196	9.42e-20	98.7	59
FJ751926.1	395	nSX00009	129278179	77.193	114	137	249	126953399	126953512	5.95e-16	86.0	59
FJ751926.1	395	nSX00009	129278179	76.636	107	19	124	11317245	11317143	1.60e-10	68.0	59
FJ751926.1	395	nSX00009	129278179	77.108	83	150	232	107866014	107866089	6.78e-09	62.6	59
FJ751927.1	395	nSX00009	129278179	81.250	128	56	183	103691413	103691527	6.78e-28	126	59
FJ751927.1	395	nSX00009	129278179	73.099	171	19	188	28527026	28527196	9.42e-20	98.7	59
FJ751927.1	395	nSX00009	129278179	76.316	114	137	249	126953399	126953512	2.53e-14	81.5	59
FJ751927.1	395	nSX00009	129278179	76.636	107	19	124	11317245	11317143	1.60e-10	68.0	59
FJ751927.1	395	nSX00009	129278179	77.108	83	150	232	107866014	107866089	6.78e-09	62.6	59
FJ751930.1	395	nSX00009	129278179	81.250	128	56	183	103691413	103691527	6.78e-28	126	59
FJ751930.1	395	nSX00009	129278179	73.099	171	19	188	28527026	28527196	9.42e-20	98.7	59
FJ751930.1	395	nSX00009	129278179	77.193	114	137	249	126953399	126953512	5.95e-16	86.0	59
FJ751930.1	395	nSX00009	129278179	76.636	107	19	124	11317245	11317143	1.60e-10	68.0	59
FJ751930.1	395	nSX00009	129278179	77.108	83	150	232	107866014	107866089	6.78e-09	62.6	59
FJ751933.1	396	nSX00009	129278179	81.250	128	57	184	103691413	103691527	6.80e-28	126	59
FJ751933.1	396	nSX00009	129278179	73.099	171	20	189	28527026	28527196	9.45e-20	98.7	59
FJ751933.1	396	nSX00009	129278179	77.193	114	138	250	126953399	126953512	5.96e-16	86.0	59
FJ751933.1	396	nSX00009	129278179	76.636	107	20	125	11317245	11317143	1.60e-10	68.0	59
FJ751933.1	396	nSX00009	129278179	77.108	83	151	233	107866014	107866089	6.80e-09	62.6	59
FJ751934.1	395	nSX00009	129278179	81.250	128	57	184	103691413	103691527	6.78e-28	126	59
FJ751934.1	395	nSX00009	129278179	73.099	171	20	189	28527026	28527196	9.42e-20	98.7	59
FJ751934.1	395	nSX00009	129278179	77.193	114	138	250	126953399	126953512	5.95e-16	86.0	59
FJ751934.1	395	nSX00009	129278179	76.636	107	20	125	11317245	11317143	1.60e-10	68.0	59
FJ751934.1	395	nSX00009	129278179	77.108	83	151	233	107866014	107866089	6.78e-09	62.6	59
MZ463745.1	387	nSX00010	135574691	75.820	244	14	255	78094149	78094392	2.27e-40	168	67
MZ463745.1	387	nSX00010	135574691	79.167	120	154	272	96650246	96650127	2.77e-20	101	67
MZ463745.1	387	nSX00010	135574691	81.818	88	12	99	84249387	84249474	1.75e-16	87.8	67
MZ463746.1	387	nSX00010	135574691	75.820	244	14	255	78094149	78094392	2.27e-40	168	67
MZ463746.1	387	nSX00010	135574691	79.167	120	154	272	96650246	96650127	2.77e-20	101	67
MZ463746.1	387	nSX00010	135574691	81.818	88	12	99	84249387	84249474	1.75e-16	87.8	67
MZ463747.1	387	nSX00010	135574691	75.410	244	14	255	78094149	78094392	2.77e-39	163	67
MZ463747.1	387	nSX00010	135574691	79.167	120	154	272	96650246	96650127	2.77e-20	101	67
MZ463747.1	387	nSX00010	135574691	81.818	88	12	99	84249387	84249474	1.75e-16	87.8	67
MZ463748.1	387	nSX00010	135574691	75.410	244	14	255	78094149	78094392	2.77e-39	163	67
MZ463748.1	387	nSX00010	135574691	79.167	120	154	272	96650246	96650127	2.77e-20	101	67
MZ463749.1	391	nSX00010	135574691	74.903	259	5	260	78094134	78094392	2.80e-39	164	70
MZ463749.1	391	nSX00010	135574691	79.167	120	159	277	96650246	96650127	2.80e-20	101	70
MZ463749.1	391	nSX00010	135574691	79.208	101	5	104	84249374	84249474	2.15e-15	85.1	70
MZ463750.1	392	nSX00010	135574691	74.517	259	5	260	78094134	78094392	3.42e-38	159	70
MZ463750.1	392	nSX00010	135574691	79.167	120	159	277	96650246	96650127	2.81e-20	101	70
MZ463750.1	392	nSX00010	135574691	83.133	83	5	86	84249374	84249456	2.16e-15	84.2	70
MZ463751.1	393	nSX00010	135574691	75.290	259	5	260	78094134	78094392	6.61e-41	168	69
MZ463751.1	393	nSX00010	135574691	79.167	120	159	277	96650246	96650127	2.82e-20	101	69
MZ463751.1	393	nSX00010	135574691	80.198	101	5	104	84249374	84249474	5.09e-17	89.7	69
MZ463752.1	394	nSX00010	135574691	75.290	259	5	260	78094134	78094392	6.63e-41	168	69
MZ463752.1	394	nSX00010	135574691	79.167	120	159	277	96650246	96650127	2.82e-20	101	69
MZ463752.1	394	nSX00010	135574691	80.198	101	5	104	84249374	84249474	5.10e-17	89.7	69
MZ463753.1	394	nSX00010	135574691	74.903	259	5	260	78094134	78094392	2.82e-39	164	69
MZ463753.1	394	nSX00010	135574691	79.167	120	159	277	96650246	96650127	2.82e-20	101	69
MZ463753.1	394	nSX00010	135574691	79.208	101	5	104	84249374	84249474	2.17e-15	85.1	69
MZ463754.1	394	nSX00010	135574691	75.290	259	5	260	78094134	78094392	6.63e-41	168	66
MZ463754.1	394	nSX00010	135574691	80.734	109	159	266	96650246	96650138	9.85e-20	99.6	66
MZ463754.1	394	nSX00010	135574691	80.198	101	5	104	84249374	84249474	5.10e-17	89.7	66
MZ463755.1	394	nSX00010	135574691	75.676	259	5	260	78094134	78094392	5.44e-42	173	69
MZ463755.1	394	nSX00010	135574691	80.000	120	159	277	96650246	96650127	6.64e-22	105	69
MZ463755.1	394	nSX00010	135574691	80.198	101	5	104	84249374	84249474	5.10e-17	89.7	69
MZ463756.1	394	nSX00010	135574691	75.397	252	5	253	78094134	78094385	8.08e-40	165	69
MZ463756.1	394	nSX00010	135574691	78.333	120	159	277	96650246	96650127	3.44e-19	96.9	69
MZ463756.1	394	nSX00010	135574691	80.198	101	5	104	84249374	84249474	5.10e-17	89.7	69
MZ463757.1	394	nSX00010	135574691	74.903	259	5	260	78094134	78094392	2.82e-39	164	69
MZ463757.1	394	nSX00010	135574691	78.333	120	159	277	96650246	96650127	3.44e-19	96.9	69
MZ463757.1	394	nSX00010	135574691	80.198	101	5	104	84249374	84249474	5.10e-17	89.7	69
MZ463758.1	394	nSX00010	135574691	74.903	259	5	260	78094134	78094392	2.82e-39	164	69
MZ463758.1	394	nSX00010	135574691	79.167	120	159	277	96650246	96650127	2.82e-20	101	69
MZ463758.1	394	nSX00010	135574691	79.208	101	5	104	84249374	84249474	2.17e-15	85.1	69
MZ463759.1	410	nSX00010	135574691	74.903	259	5	260	78094134	78094392	2.94e-39	164	67
MZ463759.1	410	nSX00010	135574691	79.167	120	159	277	96650246	96650127	2.95e-20	101	67
MZ463759.1	410	nSX00010	135574691	79.208	101	5	104	84249374	84249474	2.27e-15	85.1	67
FJ751925.1	394	nSX00010	135574691	75.290	259	5	260	78094134	78094392	6.63e-41	168	69
FJ751925.1	394	nSX00010	135574691	79.167	120	159	277	96650246	96650127	2.82e-20	101	69
FJ751925.1	394	nSX00010	135574691	80.198	101	5	104	84249374	84249474	5.10e-17	89.7	69
FJ751926.1	395	nSX00010	135574691	75.290	259	5	260	78094134	78094392	6.65e-41	168	69
FJ751926.1	395	nSX00010	135574691	79.167	120	159	277	96650246	96650127	2.83e-20	101	69
FJ751926.1	395	nSX00010	135574691	80.198	101	5	104	84249374	84249474	5.12e-17	89.7	69
FJ751927.1	395	nSX00010	135574691	74.903	259	5	260	78094134	78094392	2.83e-39	164	69
FJ751927.1	395	nSX00010	135574691	78.333	120	159	277	96650246	96650127	3.45e-19	96.9	69
FJ751927.1	395	nSX00010	135574691	80.198	101	5	104	84249374	84249474	5.12e-17	89.7	69
FJ751930.1	395	nSX00010	135574691	75.290	259	5	260	78094134	78094392	6.65e-41	168	69
FJ751930.1	395	nSX00010	135574691	79.167	120	159	277	96650246	96650127	2.83e-20	101	69
FJ751930.1	395	nSX00010	135574691	80.198	101	5	104	84249374	84249474	5.12e-17	89.7	69
FJ751933.1	396	nSX00010	135574691	75.290	259	6	261	78094134	78094392	6.67e-41	168	69
FJ751933.1	396	nSX00010	135574691	79.167	120	160	278	96650246	96650127	2.84e-20	101	69
FJ751933.1	396	nSX00010	135574691	80.198	101	6	105	84249374	84249474	5.13e-17	89.7	69
FJ751934.1	395	nSX00010	135574691	75.290	259	6	261	78094134	78094392	6.65e-41	168	69
FJ751934.1	395	nSX00010	135574691	79.167	120	160	278	96650246	96650127	2.83e-20	101	69
FJ751934.1	395	nSX00010	135574691	80.198	101	6	105	84249374	84249474	5.12e-17	89.7	69
MZ463753.1	394	nSX00011	108323747	80.374	107	137	242	74076657	74076551	9.59e-19	96.0	52
MZ463753.1	394	nSX00011	108323747	85.366	82	5	85	93669521	93669602	1.17e-17	91.5	52
MZ463755.1	394	nSX00011	108323747	81.308	107	137	242	74076657	74076551	2.26e-20	100	50
MZ463755.1	394	nSX00011	108323747	86.585	82	5	85	93669521	93669602	9.59e-19	96.0	50
MZ463745.1	387	nSX00015	639517	98.656	372	10	381	127204	127574	0.0	645	96
MZ463745.1	387	nSX00015	639517	98.656	372	10	381	253672	254042	0.0	645	96
MZ463745.1	387	nSX00015	639517	98.656	372	10	381	432537	432907	0.0	645	96
MZ463746.1	387	nSX00015	639517	98.118	372	10	381	127204	127574	0.0	636	96
MZ463746.1	387	nSX00015	639517	98.118	372	10	381	253672	254042	0.0	636	96
MZ463746.1	387	nSX00015	639517	98.118	372	10	381	432537	432907	0.0	636	96
MZ463747.1	387	nSX00015	639517	98.118	372	10	381	127204	127574	0.0	636	96
MZ463747.1	387	nSX00015	639517	98.118	372	10	381	253672	254042	0.0	636	96
MZ463747.1	387	nSX00015	639517	98.118	372	10	381	432537	432907	0.0	636	96
MZ463748.1	387	nSX00015	639517	97.849	372	10	381	127204	127574	0.0	632	96
MZ463748.1	387	nSX00015	639517	97.849	372	10	381	253672	254042	0.0	632	96
MZ463748.1	387	nSX00015	639517	97.849	372	10	381	432537	432907	0.0	632	96
MZ463749.1	391	nSX00015	639517	98.118	372	15	386	127204	127574	0.0	636	95
MZ463749.1	391	nSX00015	639517	98.118	372	15	386	253672	254042	0.0	636	95
MZ463749.1	391	nSX00015	639517	98.118	372	15	386	432537	432907	0.0	636	95
MZ463750.1	392	nSX00015	639517	97.849	372	15	386	127204	127574	0.0	632	95
MZ463750.1	392	nSX00015	639517	97.849	372	15	386	253672	254042	0.0	632	95
MZ463750.1	392	nSX00015	639517	97.849	372	15	386	432537	432907	0.0	632	95
MZ463751.1	393	nSX00015	639517	98.118	372	15	386	127204	127574	0.0	636	95
MZ463751.1	393	nSX00015	639517	98.118	372	15	386	253672	254042	0.0	636	95
MZ463751.1	393	nSX00015	639517	98.118	372	15	386	432537	432907	0.0	636	95
MZ463752.1	394	nSX00015	639517	97.849	372	15	386	127204	127574	0.0	632	94
MZ463752.1	394	nSX00015	639517	97.849	372	15	386	253672	254042	0.0	632	94
MZ463752.1	394	nSX00015	639517	97.849	372	15	386	432537	432907	0.0	632	94
MZ463753.1	394	nSX00015	639517	97.849	372	15	386	127204	127574	0.0	632	94
MZ463753.1	394	nSX00015	639517	97.849	372	15	386	253672	254042	0.0	632	94
MZ463753.1	394	nSX00015	639517	97.849	372	15	386	432537	432907	0.0	632	94
MZ463754.1	394	nSX00015	639517	97.849	372	15	386	127204	127574	0.0	632	94
MZ463754.1	394	nSX00015	639517	97.849	372	15	386	253672	254042	0.0	632	94
MZ463754.1	394	nSX00015	639517	97.849	372	15	386	432537	432907	0.0	632	94
MZ463755.1	394	nSX00015	639517	98.118	372	15	386	127204	127574	0.0	636	94
MZ463755.1	394	nSX00015	639517	98.118	372	15	386	253672	254042	0.0	636	94
MZ463755.1	394	nSX00015	639517	98.118	372	15	386	432537	432907	0.0	636	94
MZ463756.1	394	nSX00015	639517	98.118	372	15	386	127204	127574	0.0	636	94
MZ463756.1	394	nSX00015	639517	98.118	372	15	386	253672	254042	0.0	636	94
MZ463756.1	394	nSX00015	639517	98.118	372	15	386	432537	432907	0.0	636	94
MZ463757.1	394	nSX00015	639517	97.849	372	15	386	127204	127574	0.0	632	94
MZ463757.1	394	nSX00015	639517	97.849	372	15	386	253672	254042	0.0	632	94
MZ463757.1	394	nSX00015	639517	97.849	372	15	386	432537	432907	0.0	632	94
MZ463758.1	394	nSX00015	639517	98.118	372	15	386	127204	127574	0.0	636	94
MZ463758.1	394	nSX00015	639517	98.118	372	15	386	253672	254042	0.0	636	94
MZ463758.1	394	nSX00015	639517	98.118	372	15	386	432537	432907	0.0	636	94
MZ463759.1	410	nSX00015	639517	98.118	372	15	386	127204	127574	0.0	636	91
MZ463759.1	410	nSX00015	639517	98.118	372	15	386	253672	254042	0.0	636	91
MZ463759.1	410	nSX00015	639517	98.118	372	15	386	432537	432907	0.0	636	91
FJ751925.1	394	nSX00015	639517	98.387	372	15	386	127204	127574	0.0	641	94
FJ751925.1	394	nSX00015	639517	98.387	372	15	386	253672	254042	0.0	641	94
FJ751925.1	394	nSX00015	639517	98.387	372	15	386	432537	432907	0.0	641	94
FJ751926.1	395	nSX00015	639517	98.123	373	15	387	127204	127574	0.0	635	94
FJ751926.1	395	nSX00015	639517	98.123	373	15	387	253672	254042	0.0	635	94
FJ751926.1	395	nSX00015	639517	98.123	373	15	387	432537	432907	0.0	635	94
FJ751927.1	395	nSX00015	639517	97.855	373	15	387	127204	127574	0.0	630	94
FJ751927.1	395	nSX00015	639517	97.855	373	15	387	253672	254042	0.0	630	94
FJ751927.1	395	nSX00015	639517	97.855	373	15	387	432537	432907	0.0	630	94
FJ751930.1	395	nSX00015	639517	97.638	381	15	395	127204	127583	0.0	644	96
FJ751930.1	395	nSX00015	639517	97.638	381	15	395	253672	254051	0.0	644	96
FJ751930.1	395	nSX00015	639517	97.638	381	15	395	432537	432916	0.0	644	96
FJ751933.1	396	nSX00015	639517	98.123	373	16	388	127204	127574	0.0	635	94
FJ751933.1	396	nSX00015	639517	98.123	373	16	388	253672	254042	0.0	635	94
FJ751933.1	396	nSX00015	639517	98.123	373	16	388	432537	432907	0.0	635	94
FJ751934.1	395	nSX00015	639517	98.387	372	16	387	127204	127574	0.0	641	94
FJ751934.1	395	nSX00015	639517	98.387	372	16	387	253672	254042	0.0	641	94
FJ751934.1	395	nSX00015	639517	98.387	372	16	387	432537	432907	0.0	641	94
MZ463745.1	387	nSX00021	415321	78.764	259	6	262	241248	241504	6.65e-56	210	66
MZ463746.1	387	nSX00021	415321	78.378	259	6	262	241248	241504	2.83e-54	205	66
MZ463747.1	387	nSX00021	415321	78.378	259	6	262	241248	241504	2.83e-54	205	66
MZ463748.1	387	nSX00021	415321	79.231	260	6	262	241248	241504	2.32e-55	209	66
MZ463749.1	391	nSX00021	415321	78.378	259	11	267	241248	241504	2.86e-54	205	66
MZ463750.1	392	nSX00021	415321	77.992	259	11	267	241248	241504	3.49e-53	201	66
MZ463751.1	393	nSX00021	415321	78.764	259	11	267	241248	241504	6.76e-56	210	65
MZ463752.1	394	nSX00021	415321	78.764	259	11	267	241248	241504	6.78e-56	210	65
MZ463753.1	394	nSX00021	415321	78.378	259	11	267	241248	241504	2.88e-54	205	65
MZ463754.1	394	nSX00021	415321	78.682	258	11	267	241248	241504	6.78e-56	211	65
MZ463755.1	394	nSX00021	415321	79.151	259	11	267	241248	241504	5.57e-57	214	65
MZ463756.1	394	nSX00021	415321	78.378	259	11	267	241248	241504	2.88e-54	205	65
MZ463757.1	394	nSX00021	415321	79.151	259	11	267	241248	241504	5.57e-57	214	65
MZ463758.1	394	nSX00021	415321	78.378	259	11	267	241248	241504	2.88e-54	205	65
MZ463759.1	410	nSX00021	415321	78.378	259	11	267	241248	241504	3.00e-54	205	63
FJ751925.1	394	nSX00021	415321	78.764	259	11	267	241248	241504	6.78e-56	210	65
FJ751926.1	395	nSX00021	415321	78.764	259	11	267	241248	241504	6.78e-56	210	65
FJ751927.1	395	nSX00021	415321	78.378	259	11	267	241248	241504	2.88e-54	205	65
FJ751930.1	395	nSX00021	415321	78.764	259	11	267	241248	241504	6.78e-56	210	65
FJ751933.1	396	nSX00021	415321	78.764	259	12	268	241248	241504	6.80e-56	210	65
FJ751934.1	395	nSX00021	415321	78.764	259	12	268	241248	241504	6.78e-56	210	65
MZ463745.1	387	nSX00026	347796	84.674	261	12	272	115203	115463	2.07e-80	291	67
MZ463746.1	387	nSX00026	347796	84.291	261	12	272	115203	115463	8.82e-79	287	67
MZ463747.1	387	nSX00026	347796	84.291	261	12	272	115203	115463	8.82e-79	287	67
MZ463748.1	387	nSX00026	347796	84.291	261	12	272	115203	115463	8.82e-79	287	67
MZ463749.1	391	nSX00026	347796	83.577	274	5	277	115190	115463	2.56e-79	288	70
MZ463750.1	392	nSX00026	347796	83.212	274	5	277	115190	115463	3.12e-78	284	70
MZ463751.1	393	nSX00026	347796	83.942	274	5	277	115190	115463	6.04e-81	293	69
MZ463752.1	394	nSX00026	347796	83.577	274	5	277	115190	115463	2.58e-79	288	69
MZ463753.1	394	nSX00026	347796	83.577	274	5	277	115190	115463	2.58e-79	288	69
MZ463754.1	394	nSX00026	347796	83.942	274	5	277	115190	115463	6.06e-81	293	69
MZ463755.1	394	nSX00026	347796	84.307	274	5	277	115190	115463	4.97e-82	297	69
MZ463756.1	394	nSX00026	347796	83.577	274	5	277	115190	115463	2.58e-79	288	69
MZ463757.1	394	nSX00026	347796	83.577	274	5	277	115190	115463	2.58e-79	288	69
MZ463758.1	394	nSX00026	347796	83.577	274	5	277	115190	115463	2.58e-79	288	69
MZ463759.1	410	nSX00026	347796	83.577	274	5	277	115190	115463	2.69e-79	288	67
FJ751925.1	394	nSX00026	347796	83.942	274	5	277	115190	115463	6.06e-81	293	69
FJ751926.1	395	nSX00026	347796	83.942	274	5	277	115190	115463	6.07e-81	293	69
FJ751927.1	395	nSX00026	347796	83.577	274	5	277	115190	115463	2.58e-79	288	69
FJ751930.1	395	nSX00026	347796	83.942	274	5	277	115190	115463	6.07e-81	293	69
FJ751933.1	396	nSX00026	347796	83.942	274	6	278	115190	115463	6.09e-81	293	69
FJ751934.1	395	nSX00026	347796	83.942	274	6	278	115190	115463	6.07e-81	293	69
MZ463745.1	387	nSX00034	231308	77.947	263	12	272	74929	75191	4.51e-55	206	67
MZ463745.1	387	nSX00034	231308	77.947	263	12	272	89922	90184	4.51e-55	206	67
MZ463745.1	387	nSX00034	231308	77.947	263	12	272	132935	133197	4.51e-55	206	67
MZ463745.1	387	nSX00034	231308	77.947	263	12	272	167367	167105	4.51e-55	206	67
MZ463746.1	387	nSX00034	231308	77.947	263	12	272	74929	75191	4.51e-55	206	67
MZ463746.1	387	nSX00034	231308	77.947	263	12	272	89922	90184	4.51e-55	206	67
MZ463746.1	387	nSX00034	231308	77.947	263	12	272	132935	133197	4.51e-55	206	67
MZ463746.1	387	nSX00034	231308	77.947	263	12	272	167367	167105	4.51e-55	206	67
MZ463747.1	387	nSX00034	231308	77.567	263	12	272	74929	75191	1.92e-53	202	67
MZ463747.1	387	nSX00034	231308	77.567	263	12	272	89922	90184	1.92e-53	202	67
MZ463747.1	387	nSX00034	231308	77.567	263	12	272	132935	133197	1.92e-53	202	67
MZ463747.1	387	nSX00034	231308	77.567	263	12	272	167367	167105	1.92e-53	202	67
MZ463748.1	387	nSX00034	231308	77.567	263	12	272	74929	75191	1.92e-53	202	67
MZ463748.1	387	nSX00034	231308	77.567	263	12	272	89922	90184	1.92e-53	202	67
MZ463748.1	387	nSX00034	231308	77.567	263	12	272	132935	133197	1.92e-53	202	67
MZ463748.1	387	nSX00034	231308	77.567	263	12	272	167367	167105	1.92e-53	202	67
MZ463749.1	391	nSX00034	231308	77.174	276	5	277	74916	75191	5.56e-54	204	70
MZ463749.1	391	nSX00034	231308	77.174	276	5	277	89909	90184	5.56e-54	204	70
MZ463749.1	391	nSX00034	231308	77.174	276	5	277	132922	133197	5.56e-54	204	70
MZ463749.1	391	nSX00034	231308	77.174	276	5	277	167380	167105	5.56e-54	204	70
MZ463750.1	392	nSX00034	231308	76.812	276	5	277	74916	75191	6.79e-53	199	70
MZ463750.1	392	nSX00034	231308	76.812	276	5	277	89909	90184	6.79e-53	199	70
MZ463750.1	392	nSX00034	231308	76.812	276	5	277	132922	133197	6.79e-53	199	70
MZ463750.1	392	nSX00034	231308	76.812	276	5	277	167380	167105	6.79e-53	199	70
MZ463751.1	393	nSX00034	231308	77.536	276	5	277	74916	75191	1.31e-55	208	69
MZ463751.1	393	nSX00034	231308	77.536	276	5	277	89909	90184	1.31e-55	208	69
MZ463751.1	393	nSX00034	231308	77.536	276	5	277	132922	133197	1.31e-55	208	69
MZ463751.1	393	nSX00034	231308	77.536	276	5	277	167380	167105	1.31e-55	208	69
MZ463752.1	394	nSX00034	231308	77.536	276	5	277	74916	75191	1.32e-55	208	69
MZ463752.1	394	nSX00034	231308	77.536	276	5	277	89909	90184	1.32e-55	208	69
MZ463752.1	394	nSX00034	231308	77.536	276	5	277	132922	133197	1.32e-55	208	69
MZ463752.1	394	nSX00034	231308	77.536	276	5	277	167380	167105	1.32e-55	208	69
MZ463753.1	394	nSX00034	231308	77.174	276	5	277	74916	75191	5.61e-54	204	69
MZ463753.1	394	nSX00034	231308	77.174	276	5	277	89909	90184	5.61e-54	204	69
MZ463753.1	394	nSX00034	231308	77.174	276	5	277	132922	133197	5.61e-54	204	69
MZ463753.1	394	nSX00034	231308	77.174	276	5	277	167380	167105	5.61e-54	204	69
MZ463754.1	394	nSX00034	231308	78.378	259	5	260	74916	75174	1.61e-54	205	65
MZ463754.1	394	nSX00034	231308	78.378	259	5	260	89909	90167	1.61e-54	205	65
MZ463754.1	394	nSX00034	231308	78.378	259	5	260	132922	133180	1.61e-54	205	65
MZ463754.1	394	nSX00034	231308	78.378	259	5	260	167380	167122	1.61e-54	205	65
MZ463755.1	394	nSX00034	231308	77.899	276	5	277	74916	75191	1.08e-56	213	69
MZ463755.1	394	nSX00034	231308	77.899	276	5	277	89909	90184	1.08e-56	213	69
MZ463755.1	394	nSX00034	231308	77.899	276	5	277	132922	133197	1.08e-56	213	69
MZ463755.1	394	nSX00034	231308	77.899	276	5	277	167380	167105	1.08e-56	213	69
MZ463756.1	394	nSX00034	231308	77.174	276	5	277	74916	75191	5.61e-54	204	69
MZ463756.1	394	nSX00034	231308	77.174	276	5	277	89909	90184	5.61e-54	204	69
MZ463756.1	394	nSX00034	231308	77.174	276	5	277	132922	133197	5.61e-54	204	69
MZ463756.1	394	nSX00034	231308	77.174	276	5	277	167380	167105	5.61e-54	204	69
MZ463757.1	394	nSX00034	231308	77.174	276	5	277	74916	75191	5.61e-54	204	69
MZ463757.1	394	nSX00034	231308	77.174	276	5	277	89909	90184	5.61e-54	204	69
MZ463757.1	394	nSX00034	231308	77.174	276	5	277	132922	133197	5.61e-54	204	69
MZ463757.1	394	nSX00034	231308	77.174	276	5	277	167380	167105	5.61e-54	204	69
MZ463758.1	394	nSX00034	231308	77.174	276	5	277	74916	75191	5.61e-54	204	69
MZ463758.1	394	nSX00034	231308	77.174	276	5	277	89909	90184	5.61e-54	204	69
MZ463758.1	394	nSX00034	231308	77.174	276	5	277	132922	133197	5.61e-54	204	69
MZ463758.1	394	nSX00034	231308	77.174	276	5	277	167380	167105	5.61e-54	204	69
MZ463759.1	410	nSX00034	231308	77.174	276	5	277	74916	75191	5.84e-54	204	67
MZ463759.1	410	nSX00034	231308	77.174	276	5	277	89909	90184	5.84e-54	204	67
MZ463759.1	410	nSX00034	231308	77.174	276	5	277	132922	133197	5.84e-54	204	67
MZ463759.1	410	nSX00034	231308	77.174	276	5	277	167380	167105	5.84e-54	204	67
FJ751925.1	394	nSX00034	231308	77.536	276	5	277	74916	75191	1.32e-55	208	69
FJ751925.1	394	nSX00034	231308	77.536	276	5	277	89909	90184	1.32e-55	208	69
FJ751925.1	394	nSX00034	231308	77.536	276	5	277	132922	133197	1.32e-55	208	69
FJ751925.1	394	nSX00034	231308	77.536	276	5	277	167380	167105	1.32e-55	208	69
FJ751926.1	395	nSX00034	231308	77.536	276	5	277	74916	75191	1.32e-55	208	69
FJ751926.1	395	nSX00034	231308	77.536	276	5	277	89909	90184	1.32e-55	208	69
FJ751926.1	395	nSX00034	231308	77.536	276	5	277	132922	133197	1.32e-55	208	69
FJ751926.1	395	nSX00034	231308	77.536	276	5	277	167380	167105	1.32e-55	208	69
FJ751927.1	395	nSX00034	231308	77.174	276	5	277	74916	75191	5.62e-54	204	69
FJ751927.1	395	nSX00034	231308	77.174	276	5	277	89909	90184	5.62e-54	204	69
FJ751927.1	395	nSX00034	231308	77.174	276	5	277	132922	133197	5.62e-54	204	69
FJ751927.1	395	nSX00034	231308	77.174	276	5	277	167380	167105	5.62e-54	204	69
FJ751930.1	395	nSX00034	231308	77.536	276	5	277	74916	75191	1.32e-55	208	69
FJ751930.1	395	nSX00034	231308	77.536	276	5	277	89909	90184	1.32e-55	208	69
FJ751930.1	395	nSX00034	231308	77.536	276	5	277	132922	133197	1.32e-55	208	69
FJ751930.1	395	nSX00034	231308	77.536	276	5	277	167380	167105	1.32e-55	208	69
FJ751933.1	396	nSX00034	231308	77.536	276	6	278	74916	75191	1.33e-55	208	69
FJ751933.1	396	nSX00034	231308	77.536	276	6	278	89909	90184	1.33e-55	208	69
FJ751933.1	396	nSX00034	231308	77.536	276	6	278	132922	133197	1.33e-55	208	69
FJ751933.1	396	nSX00034	231308	77.536	276	6	278	167380	167105	1.33e-55	208	69
FJ751934.1	395	nSX00034	231308	77.536	276	6	278	74916	75191	1.32e-55	208	69
FJ751934.1	395	nSX00034	231308	77.536	276	6	278	89909	90184	1.32e-55	208	69
FJ751934.1	395	nSX00034	231308	77.536	276	6	278	132922	133197	1.32e-55	208	69
FJ751934.1	395	nSX00034	231308	77.536	276	6	278	167380	167105	1.32e-55	208	69
MZ463745.1	387	nSX00038	217481	84.674	261	12	272	1302	1042	1.30e-80	291	67
MZ463746.1	387	nSX00038	217481	84.291	261	12	272	1302	1042	5.52e-79	287	67
MZ463747.1	387	nSX00038	217481	84.291	261	12	272	1302	1042	5.52e-79	287	67
MZ463748.1	387	nSX00038	217481	84.291	261	12	272	1302	1042	5.52e-79	287	67
MZ463749.1	391	nSX00038	217481	83.577	274	5	277	1315	1042	1.60e-79	288	70
MZ463750.1	392	nSX00038	217481	83.212	274	5	277	1315	1042	1.95e-78	284	70
MZ463751.1	393	nSX00038	217481	83.942	274	5	277	1315	1042	3.78e-81	293	69
MZ463752.1	394	nSX00038	217481	83.577	274	5	277	1315	1042	1.61e-79	288	69
MZ463753.1	394	nSX00038	217481	83.577	274	5	277	1315	1042	1.61e-79	288	69
MZ463754.1	394	nSX00038	217481	83.942	274	5	277	1315	1042	3.79e-81	293	69
MZ463755.1	394	nSX00038	217481	84.307	274	5	277	1315	1042	3.11e-82	297	69
MZ463756.1	394	nSX00038	217481	83.577	274	5	277	1315	1042	1.61e-79	288	69
MZ463757.1	394	nSX00038	217481	83.577	274	5	277	1315	1042	1.61e-79	288	69
MZ463758.1	394	nSX00038	217481	83.577	274	5	277	1315	1042	1.61e-79	288	69
MZ463759.1	410	nSX00038	217481	83.577	274	5	277	1315	1042	1.68e-79	288	67
FJ751925.1	394	nSX00038	217481	83.942	274	5	277	1315	1042	3.79e-81	293	69
FJ751926.1	395	nSX00038	217481	83.942	274	5	277	1315	1042	3.80e-81	293	69
FJ751927.1	395	nSX00038	217481	83.577	274	5	277	1315	1042	1.61e-79	288	69
FJ751930.1	395	nSX00038	217481	83.942	274	5	277	1315	1042	3.80e-81	293	69
FJ751933.1	396	nSX00038	217481	83.942	274	6	278	1315	1042	3.81e-81	293	69
FJ751934.1	395	nSX00038	217481	83.942	274	6	278	1315	1042	3.80e-81	293	69
MZ463745.1	387	nSX00040	194652	77.947	263	12	272	2712	2974	3.80e-55	206	67
MZ463745.1	387	nSX00040	194652	77.947	263	12	272	37177	36915	3.80e-55	206	67
MZ463745.1	387	nSX00040	194652	77.947	263	12	272	158427	158689	3.80e-55	206	67
MZ463745.1	387	nSX00040	194652	77.947	263	12	272	192889	192627	3.80e-55	206	67
MZ463746.1	387	nSX00040	194652	77.947	263	12	272	2712	2974	3.80e-55	206	67
MZ463746.1	387	nSX00040	194652	77.947	263	12	272	37177	36915	3.80e-55	206	67
MZ463746.1	387	nSX00040	194652	77.947	263	12	272	158427	158689	3.80e-55	206	67
MZ463746.1	387	nSX00040	194652	77.947	263	12	272	192889	192627	3.80e-55	206	67
MZ463747.1	387	nSX00040	194652	77.567	263	12	272	2712	2974	1.62e-53	202	67
MZ463747.1	387	nSX00040	194652	77.567	263	12	272	37177	36915	1.62e-53	202	67
MZ463747.1	387	nSX00040	194652	77.567	263	12	272	158427	158689	1.62e-53	202	67
MZ463747.1	387	nSX00040	194652	77.567	263	12	272	192889	192627	1.62e-53	202	67
MZ463748.1	387	nSX00040	194652	77.567	263	12	272	2712	2974	1.62e-53	202	67
MZ463748.1	387	nSX00040	194652	77.567	263	12	272	37177	36915	1.62e-53	202	67
MZ463748.1	387	nSX00040	194652	77.567	263	12	272	158427	158689	1.62e-53	202	67
MZ463748.1	387	nSX00040	194652	77.567	263	12	272	192889	192627	1.62e-53	202	67
MZ463749.1	391	nSX00040	194652	77.174	276	5	277	2699	2974	4.68e-54	204	70
MZ463749.1	391	nSX00040	194652	77.174	276	5	277	37190	36915	4.68e-54	204	70
MZ463749.1	391	nSX00040	194652	77.174	276	5	277	158414	158689	4.68e-54	204	70
MZ463749.1	391	nSX00040	194652	77.174	276	5	277	192902	192627	4.68e-54	204	70
MZ463750.1	392	nSX00040	194652	76.812	276	5	277	2699	2974	5.72e-53	199	70
MZ463750.1	392	nSX00040	194652	76.812	276	5	277	37190	36915	5.72e-53	199	70
MZ463750.1	392	nSX00040	194652	76.812	276	5	277	158414	158689	5.72e-53	199	70
MZ463750.1	392	nSX00040	194652	76.812	276	5	277	192902	192627	5.72e-53	199	70
MZ463751.1	393	nSX00040	194652	77.536	276	5	277	2699	2974	1.11e-55	208	69
MZ463751.1	393	nSX00040	194652	77.536	276	5	277	37190	36915	1.11e-55	208	69
MZ463751.1	393	nSX00040	194652	77.536	276	5	277	158414	158689	1.11e-55	208	69
MZ463751.1	393	nSX00040	194652	77.536	276	5	277	192902	192627	1.11e-55	208	69
MZ463752.1	394	nSX00040	194652	77.536	276	5	277	2699	2974	1.11e-55	208	69
MZ463752.1	394	nSX00040	194652	77.536	276	5	277	37190	36915	1.11e-55	208	69
MZ463752.1	394	nSX00040	194652	77.536	276	5	277	158414	158689	1.11e-55	208	69
MZ463752.1	394	nSX00040	194652	77.536	276	5	277	192902	192627	1.11e-55	208	69
MZ463753.1	394	nSX00040	194652	77.174	276	5	277	2699	2974	4.72e-54	204	69
MZ463753.1	394	nSX00040	194652	77.174	276	5	277	37190	36915	4.72e-54	204	69
MZ463753.1	394	nSX00040	194652	77.174	276	5	277	158414	158689	4.72e-54	204	69
MZ463753.1	394	nSX00040	194652	77.174	276	5	277	192902	192627	4.72e-54	204	69
MZ463754.1	394	nSX00040	194652	78.378	259	5	260	2699	2957	1.35e-54	205	65
MZ463754.1	394	nSX00040	194652	78.378	259	5	260	37190	36932	1.35e-54	205	65
MZ463754.1	394	nSX00040	194652	78.378	259	5	260	158414	158672	1.35e-54	205	65
MZ463754.1	394	nSX00040	194652	78.378	259	5	260	192902	192644	1.35e-54	205	65
MZ463755.1	394	nSX00040	194652	77.899	276	5	277	2699	2974	9.11e-57	213	69
MZ463755.1	394	nSX00040	194652	77.899	276	5	277	37190	36915	9.11e-57	213	69
MZ463755.1	394	nSX00040	194652	77.899	276	5	277	158414	158689	9.11e-57	213	69
MZ463755.1	394	nSX00040	194652	77.899	276	5	277	192902	192627	9.11e-57	213	69
MZ463756.1	394	nSX00040	194652	77.174	276	5	277	2699	2974	4.72e-54	204	69
MZ463756.1	394	nSX00040	194652	77.174	276	5	277	37190	36915	4.72e-54	204	69
MZ463756.1	394	nSX00040	194652	77.174	276	5	277	158414	158689	4.72e-54	204	69
MZ463756.1	394	nSX00040	194652	77.174	276	5	277	192902	192627	4.72e-54	204	69
MZ463757.1	394	nSX00040	194652	77.174	276	5	277	2699	2974	4.72e-54	204	69
MZ463757.1	394	nSX00040	194652	77.174	276	5	277	37190	36915	4.72e-54	204	69
MZ463757.1	394	nSX00040	194652	77.174	276	5	277	158414	158689	4.72e-54	204	69
MZ463757.1	394	nSX00040	194652	77.174	276	5	277	192902	192627	4.72e-54	204	69
MZ463758.1	394	nSX00040	194652	77.174	276	5	277	2699	2974	4.72e-54	204	69
MZ463758.1	394	nSX00040	194652	77.174	276	5	277	37190	36915	4.72e-54	204	69
MZ463758.1	394	nSX00040	194652	77.174	276	5	277	158414	158689	4.72e-54	204	69
MZ463758.1	394	nSX00040	194652	77.174	276	5	277	192902	192627	4.72e-54	204	69
MZ463759.1	410	nSX00040	194652	77.174	276	5	277	2699	2974	4.92e-54	204	67
MZ463759.1	410	nSX00040	194652	77.174	276	5	277	37190	36915	4.92e-54	204	67
MZ463759.1	410	nSX00040	194652	77.174	276	5	277	158414	158689	4.92e-54	204	67
MZ463759.1	410	nSX00040	194652	77.174	276	5	277	192902	192627	4.92e-54	204	67
FJ751925.1	394	nSX00040	194652	77.536	276	5	277	2699	2974	1.11e-55	208	69
FJ751925.1	394	nSX00040	194652	77.536	276	5	277	37190	36915	1.11e-55	208	69
FJ751925.1	394	nSX00040	194652	77.536	276	5	277	158414	158689	1.11e-55	208	69
FJ751925.1	394	nSX00040	194652	77.536	276	5	277	192902	192627	1.11e-55	208	69
FJ751926.1	395	nSX00040	194652	77.536	276	5	277	2699	2974	1.11e-55	208	69
FJ751926.1	395	nSX00040	194652	77.536	276	5	277	37190	36915	1.11e-55	208	69
FJ751926.1	395	nSX00040	194652	77.536	276	5	277	158414	158689	1.11e-55	208	69
FJ751926.1	395	nSX00040	194652	77.536	276	5	277	192902	192627	1.11e-55	208	69
FJ751927.1	395	nSX00040	194652	77.174	276	5	277	2699	2974	4.73e-54	204	69
FJ751927.1	395	nSX00040	194652	77.174	276	5	277	37190	36915	4.73e-54	204	69
FJ751927.1	395	nSX00040	194652	77.174	276	5	277	158414	158689	4.73e-54	204	69
FJ751927.1	395	nSX00040	194652	77.174	276	5	277	192902	192627	4.73e-54	204	69
FJ751930.1	395	nSX00040	194652	77.536	276	5	277	2699	2974	1.11e-55	208	69
FJ751930.1	395	nSX00040	194652	77.536	276	5	277	37190	36915	1.11e-55	208	69
FJ751930.1	395	nSX00040	194652	77.536	276	5	277	158414	158689	1.11e-55	208	69
FJ751930.1	395	nSX00040	194652	77.536	276	5	277	192902	192627	1.11e-55	208	69
FJ751933.1	396	nSX00040	194652	77.536	276	6	278	2699	2974	1.12e-55	208	69
FJ751933.1	396	nSX00040	194652	77.536	276	6	278	37190	36915	1.12e-55	208	69
FJ751933.1	396	nSX00040	194652	77.536	276	6	278	158414	158689	1.12e-55	208	69
FJ751933.1	396	nSX00040	194652	77.536	276	6	278	192902	192627	1.12e-55	208	69
FJ751934.1	395	nSX00040	194652	77.536	276	6	278	2699	2974	1.11e-55	208	69
FJ751934.1	395	nSX00040	194652	77.536	276	6	278	37190	36915	1.11e-55	208	69
FJ751934.1	395	nSX00040	194652	77.536	276	6	278	158414	158689	1.11e-55	208	69
FJ751934.1	395	nSX00040	194652	77.536	276	6	278	192902	192627	1.11e-55	208	69
MZ463745.1	387	nSX00042	188374	77.863	262	12	272	65480	65219	1.06e-55	208	67
MZ463745.1	387	nSX00042	188374	77.947	263	12	272	17095	17357	3.69e-55	206	67
MZ463745.1	387	nSX00042	188374	77.947	263	12	272	31021	31283	3.69e-55	206	67
MZ463745.1	387	nSX00042	188374	77.947	263	12	272	77369	77631	3.69e-55	206	67
MZ463745.1	387	nSX00042	188374	77.947	263	12	272	120386	120648	3.69e-55	206	67
MZ463745.1	387	nSX00042	188374	77.947	263	12	272	132669	132931	3.69e-55	206	67
MZ463745.1	387	nSX00042	188374	77.947	263	12	272	177204	176942	3.69e-55	206	67
MZ463746.1	387	nSX00042	188374	77.863	262	12	272	65480	65219	1.06e-55	208	67
MZ463746.1	387	nSX00042	188374	77.947	263	12	272	17095	17357	3.69e-55	206	67
MZ463746.1	387	nSX00042	188374	77.947	263	12	272	31021	31283	3.69e-55	206	67
MZ463746.1	387	nSX00042	188374	77.947	263	12	272	77369	77631	3.69e-55	206	67
MZ463746.1	387	nSX00042	188374	77.947	263	12	272	120386	120648	3.69e-55	206	67
MZ463746.1	387	nSX00042	188374	77.947	263	12	272	132669	132931	3.69e-55	206	67
MZ463746.1	387	nSX00042	188374	77.947	263	12	272	177204	176942	3.69e-55	206	67
MZ463747.1	387	nSX00042	188374	77.481	262	12	272	65480	65219	4.49e-54	204	67
MZ463747.1	387	nSX00042	188374	77.567	263	12	272	17095	17357	1.57e-53	202	67
MZ463747.1	387	nSX00042	188374	77.567	263	12	272	31021	31283	1.57e-53	202	67
MZ463747.1	387	nSX00042	188374	77.567	263	12	272	77369	77631	1.57e-53	202	67
MZ463747.1	387	nSX00042	188374	77.567	263	12	272	120386	120648	1.57e-53	202	67
MZ463747.1	387	nSX00042	188374	77.567	263	12	272	132669	132931	1.57e-53	202	67
MZ463747.1	387	nSX00042	188374	77.567	263	12	272	177204	176942	1.57e-53	202	67
MZ463748.1	387	nSX00042	188374	77.481	262	12	272	65480	65219	4.49e-54	204	67
MZ463748.1	387	nSX00042	188374	77.567	263	12	272	17095	17357	1.57e-53	202	67
MZ463748.1	387	nSX00042	188374	77.567	263	12	272	31021	31283	1.57e-53	202	67
MZ463748.1	387	nSX00042	188374	77.567	263	12	272	77369	77631	1.57e-53	202	67
MZ463748.1	387	nSX00042	188374	77.567	263	12	272	120386	120648	1.57e-53	202	67
MZ463748.1	387	nSX00042	188374	77.567	263	12	272	132669	132931	1.57e-53	202	67
MZ463748.1	387	nSX00042	188374	77.567	263	12	272	177204	176942	1.57e-53	202	67
MZ463749.1	391	nSX00042	188374	77.091	275	5	277	65493	65219	1.30e-54	205	70
MZ463749.1	391	nSX00042	188374	77.174	276	5	277	17082	17357	4.54e-54	204	70
MZ463749.1	391	nSX00042	188374	77.174	276	5	277	31008	31283	4.54e-54	204	70
MZ463749.1	391	nSX00042	188374	77.174	276	5	277	77356	77631	4.54e-54	204	70
MZ463749.1	391	nSX00042	188374	77.174	276	5	277	120373	120648	4.54e-54	204	70
MZ463749.1	391	nSX00042	188374	77.174	276	5	277	132656	132931	4.54e-54	204	70
MZ463749.1	391	nSX00042	188374	77.174	276	5	277	177217	176942	4.54e-54	204	70
MZ463750.1	392	nSX00042	188374	76.727	275	5	277	65493	65219	1.59e-53	201	70
MZ463750.1	392	nSX00042	188374	76.812	276	5	277	17082	17357	5.55e-53	199	70
MZ463750.1	392	nSX00042	188374	76.812	276	5	277	31008	31283	5.55e-53	199	70
MZ463750.1	392	nSX00042	188374	76.812	276	5	277	77356	77631	5.55e-53	199	70
MZ463750.1	392	nSX00042	188374	76.812	276	5	277	120373	120648	5.55e-53	199	70
MZ463750.1	392	nSX00042	188374	76.812	276	5	277	132656	132931	5.55e-53	199	70
MZ463750.1	392	nSX00042	188374	76.812	276	5	277	177217	176942	5.55e-53	199	70
MZ463751.1	393	nSX00042	188374	77.455	275	5	277	65493	65219	3.08e-56	210	69
MZ463751.1	393	nSX00042	188374	77.536	276	5	277	17082	17357	1.07e-55	208	69
MZ463751.1	393	nSX00042	188374	77.536	276	5	277	31008	31283	1.07e-55	208	69
MZ463751.1	393	nSX00042	188374	77.536	276	5	277	77356	77631	1.07e-55	208	69
MZ463751.1	393	nSX00042	188374	77.536	276	5	277	120373	120648	1.07e-55	208	69
MZ463751.1	393	nSX00042	188374	77.536	276	5	277	132656	132931	1.07e-55	208	69
MZ463751.1	393	nSX00042	188374	77.536	276	5	277	177217	176942	1.07e-55	208	69
MZ463752.1	394	nSX00042	188374	77.455	275	5	277	65493	65219	3.08e-56	210	69
MZ463752.1	394	nSX00042	188374	77.536	276	5	277	17082	17357	1.08e-55	208	69
MZ463752.1	394	nSX00042	188374	77.536	276	5	277	31008	31283	1.08e-55	208	69
MZ463752.1	394	nSX00042	188374	77.536	276	5	277	77356	77631	1.08e-55	208	69
MZ463752.1	394	nSX00042	188374	77.536	276	5	277	120373	120648	1.08e-55	208	69
MZ463752.1	394	nSX00042	188374	77.536	276	5	277	132656	132931	1.08e-55	208	69
MZ463752.1	394	nSX00042	188374	77.536	276	5	277	177217	176942	1.08e-55	208	69
MZ463753.1	394	nSX00042	188374	77.091	275	5	277	65493	65219	1.31e-54	205	69
MZ463753.1	394	nSX00042	188374	77.174	276	5	277	17082	17357	4.58e-54	204	69
MZ463753.1	394	nSX00042	188374	77.174	276	5	277	31008	31283	4.58e-54	204	69
MZ463753.1	394	nSX00042	188374	77.174	276	5	277	77356	77631	4.58e-54	204	69
MZ463753.1	394	nSX00042	188374	77.174	276	5	277	120373	120648	4.58e-54	204	69
MZ463753.1	394	nSX00042	188374	77.174	276	5	277	132656	132931	4.58e-54	204	69
MZ463753.1	394	nSX00042	188374	77.174	276	5	277	177217	176942	4.58e-54	204	69
MZ463754.1	394	nSX00042	188374	78.378	259	5	260	17082	17340	1.31e-54	205	65
MZ463754.1	394	nSX00042	188374	78.378	259	5	260	31008	31266	1.31e-54	205	65
MZ463754.1	394	nSX00042	188374	78.378	259	5	260	77356	77614	1.31e-54	205	65
MZ463754.1	394	nSX00042	188374	78.378	259	5	260	120373	120631	1.31e-54	205	65
MZ463754.1	394	nSX00042	188374	78.378	259	5	260	132656	132914	1.31e-54	205	65
MZ463754.1	394	nSX00042	188374	78.378	259	5	260	177217	176959	1.31e-54	205	65
MZ463754.1	394	nSX00042	188374	77.907	258	5	260	65493	65236	1.60e-53	202	65
MZ463755.1	394	nSX00042	188374	77.818	275	5	277	65493	65219	2.53e-57	214	69
MZ463755.1	394	nSX00042	188374	77.899	276	5	277	17082	17357	8.84e-57	213	69
MZ463755.1	394	nSX00042	188374	77.899	276	5	277	31008	31283	8.84e-57	213	69
MZ463755.1	394	nSX00042	188374	77.899	276	5	277	77356	77631	8.84e-57	213	69
MZ463755.1	394	nSX00042	188374	77.899	276	5	277	120373	120648	8.84e-57	213	69
MZ463755.1	394	nSX00042	188374	77.899	276	5	277	132656	132931	8.84e-57	213	69
MZ463755.1	394	nSX00042	188374	77.899	276	5	277	177217	176942	8.84e-57	213	69
MZ463756.1	394	nSX00042	188374	77.091	275	5	277	65493	65219	1.31e-54	205	69
MZ463756.1	394	nSX00042	188374	77.174	276	5	277	17082	17357	4.58e-54	204	69
MZ463756.1	394	nSX00042	188374	77.174	276	5	277	31008	31283	4.58e-54	204	69
MZ463756.1	394	nSX00042	188374	77.174	276	5	277	77356	77631	4.58e-54	204	69
MZ463756.1	394	nSX00042	188374	77.174	276	5	277	120373	120648	4.58e-54	204	69
MZ463756.1	394	nSX00042	188374	77.174	276	5	277	132656	132931	4.58e-54	204	69
MZ463756.1	394	nSX00042	188374	77.174	276	5	277	177217	176942	4.58e-54	204	69
MZ463757.1	394	nSX00042	188374	77.091	275	5	277	65493	65219	1.31e-54	205	69
MZ463757.1	394	nSX00042	188374	77.174	276	5	277	17082	17357	4.58e-54	204	69
MZ463757.1	394	nSX00042	188374	77.174	276	5	277	31008	31283	4.58e-54	204	69
MZ463757.1	394	nSX00042	188374	77.174	276	5	277	77356	77631	4.58e-54	204	69
MZ463757.1	394	nSX00042	188374	77.174	276	5	277	120373	120648	4.58e-54	204	69
MZ463757.1	394	nSX00042	188374	77.174	276	5	277	132656	132931	4.58e-54	204	69
MZ463757.1	394	nSX00042	188374	77.174	276	5	277	177217	176942	4.58e-54	204	69
MZ463758.1	394	nSX00042	188374	77.091	275	5	277	65493	65219	1.31e-54	205	69
MZ463758.1	394	nSX00042	188374	77.174	276	5	277	17082	17357	4.58e-54	204	69
MZ463758.1	394	nSX00042	188374	77.174	276	5	277	31008	31283	4.58e-54	204	69
MZ463758.1	394	nSX00042	188374	77.174	276	5	277	77356	77631	4.58e-54	204	69
MZ463758.1	394	nSX00042	188374	77.174	276	5	277	120373	120648	4.58e-54	204	69
MZ463758.1	394	nSX00042	188374	77.174	276	5	277	132656	132931	4.58e-54	204	69
MZ463758.1	394	nSX00042	188374	77.174	276	5	277	177217	176942	4.58e-54	204	69
MZ463759.1	410	nSX00042	188374	77.091	275	5	277	65493	65219	1.36e-54	205	67
MZ463759.1	410	nSX00042	188374	77.174	276	5	277	17082	17357	4.76e-54	204	67
MZ463759.1	410	nSX00042	188374	77.174	276	5	277	31008	31283	4.76e-54	204	67
MZ463759.1	410	nSX00042	188374	77.174	276	5	277	77356	77631	4.76e-54	204	67
MZ463759.1	410	nSX00042	188374	77.174	276	5	277	120373	120648	4.76e-54	204	67
MZ463759.1	410	nSX00042	188374	77.174	276	5	277	132656	132931	4.76e-54	204	67
MZ463759.1	410	nSX00042	188374	77.174	276	5	277	177217	176942	4.76e-54	204	67
FJ751925.1	394	nSX00042	188374	77.455	275	5	277	65493	65219	3.08e-56	210	69
FJ751925.1	394	nSX00042	188374	77.536	276	5	277	17082	17357	1.08e-55	208	69
FJ751925.1	394	nSX00042	188374	77.536	276	5	277	31008	31283	1.08e-55	208	69
FJ751925.1	394	nSX00042	188374	77.536	276	5	277	77356	77631	1.08e-55	208	69
FJ751925.1	394	nSX00042	188374	77.536	276	5	277	120373	120648	1.08e-55	208	69
FJ751925.1	394	nSX00042	188374	77.536	276	5	277	132656	132931	1.08e-55	208	69
FJ751925.1	394	nSX00042	188374	77.536	276	5	277	177217	176942	1.08e-55	208	69
FJ751926.1	395	nSX00042	188374	77.455	275	5	277	65493	65219	3.09e-56	210	69
FJ751926.1	395	nSX00042	188374	77.536	276	5	277	17082	17357	1.08e-55	208	69
FJ751926.1	395	nSX00042	188374	77.536	276	5	277	31008	31283	1.08e-55	208	69
FJ751926.1	395	nSX00042	188374	77.536	276	5	277	77356	77631	1.08e-55	208	69
FJ751926.1	395	nSX00042	188374	77.536	276	5	277	120373	120648	1.08e-55	208	69
FJ751926.1	395	nSX00042	188374	77.536	276	5	277	132656	132931	1.08e-55	208	69
FJ751926.1	395	nSX00042	188374	77.536	276	5	277	177217	176942	1.08e-55	208	69
FJ751927.1	395	nSX00042	188374	77.091	275	5	277	65493	65219	1.31e-54	205	69
FJ751927.1	395	nSX00042	188374	77.174	276	5	277	17082	17357	4.59e-54	204	69
FJ751927.1	395	nSX00042	188374	77.174	276	5	277	31008	31283	4.59e-54	204	69
FJ751927.1	395	nSX00042	188374	77.174	276	5	277	77356	77631	4.59e-54	204	69
FJ751927.1	395	nSX00042	188374	77.174	276	5	277	120373	120648	4.59e-54	204	69
FJ751927.1	395	nSX00042	188374	77.174	276	5	277	132656	132931	4.59e-54	204	69
FJ751927.1	395	nSX00042	188374	77.174	276	5	277	177217	176942	4.59e-54	204	69
FJ751930.1	395	nSX00042	188374	77.455	275	5	277	65493	65219	3.09e-56	210	69
FJ751930.1	395	nSX00042	188374	77.536	276	5	277	17082	17357	1.08e-55	208	69
FJ751930.1	395	nSX00042	188374	77.536	276	5	277	31008	31283	1.08e-55	208	69
FJ751930.1	395	nSX00042	188374	77.536	276	5	277	77356	77631	1.08e-55	208	69
FJ751930.1	395	nSX00042	188374	77.536	276	5	277	120373	120648	1.08e-55	208	69
FJ751930.1	395	nSX00042	188374	77.536	276	5	277	132656	132931	1.08e-55	208	69
FJ751930.1	395	nSX00042	188374	77.536	276	5	277	177217	176942	1.08e-55	208	69
FJ751933.1	396	nSX00042	188374	77.455	275	6	278	65493	65219	3.10e-56	210	69
FJ751933.1	396	nSX00042	188374	77.536	276	6	278	17082	17357	1.08e-55	208	69
FJ751933.1	396	nSX00042	188374	77.536	276	6	278	31008	31283	1.08e-55	208	69
FJ751933.1	396	nSX00042	188374	77.536	276	6	278	77356	77631	1.08e-55	208	69
FJ751933.1	396	nSX00042	188374	77.536	276	6	278	120373	120648	1.08e-55	208	69
FJ751933.1	396	nSX00042	188374	77.536	276	6	278	132656	132931	1.08e-55	208	69
FJ751933.1	396	nSX00042	188374	77.536	276	6	278	177217	176942	1.08e-55	208	69
FJ751934.1	395	nSX00042	188374	77.455	275	6	278	65493	65219	3.09e-56	210	69
FJ751934.1	395	nSX00042	188374	77.536	276	6	278	17082	17357	1.08e-55	208	69
FJ751934.1	395	nSX00042	188374	77.536	276	6	278	31008	31283	1.08e-55	208	69
FJ751934.1	395	nSX00042	188374	77.536	276	6	278	77356	77631	1.08e-55	208	69
FJ751934.1	395	nSX00042	188374	77.536	276	6	278	120373	120648	1.08e-55	208	69
FJ751934.1	395	nSX00042	188374	77.536	276	6	278	132656	132931	1.08e-55	208	69
FJ751934.1	395	nSX00042	188374	77.536	276	6	278	177217	176942	1.08e-55	208	69
MZ463745.1	387	nSX00043	185476	78.764	259	6	262	42559	42303	2.98e-56	210	66
MZ463745.1	387	nSX00043	185476	78.764	259	6	262	94597	94853	2.98e-56	210	66
MZ463745.1	387	nSX00043	185476	78.764	259	6	262	152967	152711	2.98e-56	210	66
MZ463746.1	387	nSX00043	185476	78.378	259	6	262	42559	42303	1.27e-54	205	66
MZ463746.1	387	nSX00043	185476	78.378	259	6	262	94597	94853	1.27e-54	205	66
MZ463746.1	387	nSX00043	185476	78.378	259	6	262	152967	152711	1.27e-54	205	66
MZ463747.1	387	nSX00043	185476	78.378	259	6	262	42559	42303	1.27e-54	205	66
MZ463747.1	387	nSX00043	185476	78.378	259	6	262	94597	94853	1.27e-54	205	66
MZ463747.1	387	nSX00043	185476	78.378	259	6	262	152967	152711	1.27e-54	205	66
MZ463748.1	387	nSX00043	185476	79.231	260	6	262	42559	42303	1.04e-55	209	66
MZ463748.1	387	nSX00043	185476	79.231	260	6	262	94597	94853	1.04e-55	209	66
MZ463748.1	387	nSX00043	185476	79.231	260	6	262	152967	152711	1.04e-55	209	66
MZ463749.1	391	nSX00043	185476	78.378	259	11	267	42559	42303	1.28e-54	205	66
MZ463749.1	391	nSX00043	185476	78.378	259	11	267	94597	94853	1.28e-54	205	66
MZ463749.1	391	nSX00043	185476	78.378	259	11	267	152967	152711	1.28e-54	205	66
MZ463750.1	392	nSX00043	185476	77.992	259	11	267	42559	42303	1.56e-53	201	66
MZ463750.1	392	nSX00043	185476	77.992	259	11	267	94597	94853	1.56e-53	201	66
MZ463750.1	392	nSX00043	185476	77.992	259	11	267	152967	152711	1.56e-53	201	66
MZ463751.1	393	nSX00043	185476	78.764	259	11	267	42559	42303	3.03e-56	210	65
MZ463751.1	393	nSX00043	185476	78.764	259	11	267	94597	94853	3.03e-56	210	65
MZ463751.1	393	nSX00043	185476	78.764	259	11	267	152967	152711	3.03e-56	210	65
MZ463752.1	394	nSX00043	185476	78.764	259	11	267	42559	42303	3.04e-56	210	65
MZ463752.1	394	nSX00043	185476	78.764	259	11	267	94597	94853	3.04e-56	210	65
MZ463752.1	394	nSX00043	185476	78.764	259	11	267	152967	152711	3.04e-56	210	65
MZ463753.1	394	nSX00043	185476	78.378	259	11	267	42559	42303	1.29e-54	205	65
MZ463753.1	394	nSX00043	185476	78.378	259	11	267	94597	94853	1.29e-54	205	65
MZ463753.1	394	nSX00043	185476	78.378	259	11	267	152967	152711	1.29e-54	205	65
MZ463754.1	394	nSX00043	185476	78.682	258	11	267	42559	42303	3.04e-56	211	65
MZ463754.1	394	nSX00043	185476	78.682	258	11	267	94597	94853	3.04e-56	211	65
MZ463754.1	394	nSX00043	185476	78.682	258	11	267	152967	152711	3.04e-56	211	65
MZ463755.1	394	nSX00043	185476	79.151	259	11	267	42559	42303	2.49e-57	214	65
MZ463755.1	394	nSX00043	185476	79.151	259	11	267	94597	94853	2.49e-57	214	65
MZ463755.1	394	nSX00043	185476	79.151	259	11	267	152967	152711	2.49e-57	214	65
MZ463756.1	394	nSX00043	185476	78.378	259	11	267	42559	42303	1.29e-54	205	65
MZ463756.1	394	nSX00043	185476	78.378	259	11	267	94597	94853	1.29e-54	205	65
MZ463756.1	394	nSX00043	185476	78.378	259	11	267	152967	152711	1.29e-54	205	65
MZ463757.1	394	nSX00043	185476	79.151	259	11	267	42559	42303	2.49e-57	214	65
MZ463757.1	394	nSX00043	185476	79.151	259	11	267	94597	94853	2.49e-57	214	65
MZ463757.1	394	nSX00043	185476	79.151	259	11	267	152967	152711	2.49e-57	214	65
MZ463758.1	394	nSX00043	185476	78.378	259	11	267	42559	42303	1.29e-54	205	65
MZ463758.1	394	nSX00043	185476	78.378	259	11	267	94597	94853	1.29e-54	205	65
MZ463758.1	394	nSX00043	185476	78.378	259	11	267	152967	152711	1.29e-54	205	65
MZ463759.1	410	nSX00043	185476	78.378	259	11	267	42559	42303	1.34e-54	205	63
MZ463759.1	410	nSX00043	185476	78.378	259	11	267	94597	94853	1.34e-54	205	63
MZ463759.1	410	nSX00043	185476	78.378	259	11	267	152967	152711	1.34e-54	205	63
FJ751925.1	394	nSX00043	185476	78.764	259	11	267	42559	42303	3.04e-56	210	65
FJ751925.1	394	nSX00043	185476	78.764	259	11	267	94597	94853	3.04e-56	210	65
FJ751925.1	394	nSX00043	185476	78.764	259	11	267	152967	152711	3.04e-56	210	65
FJ751926.1	395	nSX00043	185476	78.764	259	11	267	42559	42303	3.04e-56	210	65
FJ751926.1	395	nSX00043	185476	78.764	259	11	267	94597	94853	3.04e-56	210	65
FJ751926.1	395	nSX00043	185476	78.764	259	11	267	152967	152711	3.04e-56	210	65
FJ751927.1	395	nSX00043	185476	78.378	259	11	267	42559	42303	1.29e-54	205	65
FJ751927.1	395	nSX00043	185476	78.378	259	11	267	94597	94853	1.29e-54	205	65
FJ751927.1	395	nSX00043	185476	78.378	259	11	267	152967	152711	1.29e-54	205	65
FJ751930.1	395	nSX00043	185476	78.764	259	11	267	42559	42303	3.04e-56	210	65
FJ751930.1	395	nSX00043	185476	78.764	259	11	267	94597	94853	3.04e-56	210	65
FJ751930.1	395	nSX00043	185476	78.764	259	11	267	152967	152711	3.04e-56	210	65
FJ751933.1	396	nSX00043	185476	78.764	259	12	268	42559	42303	3.05e-56	210	65
FJ751933.1	396	nSX00043	185476	78.764	259	12	268	94597	94853	3.05e-56	210	65
FJ751933.1	396	nSX00043	185476	78.764	259	12	268	152967	152711	3.05e-56	210	65
FJ751934.1	395	nSX00043	185476	78.764	259	12	268	42559	42303	3.04e-56	210	65
FJ751934.1	395	nSX00043	185476	78.764	259	12	268	94597	94853	3.04e-56	210	65
FJ751934.1	395	nSX00043	185476	78.764	259	12	268	152967	152711	3.04e-56	210	65
MZ463745.1	387	nSX00046	173398	77.947	263	12	272	101577	101839	3.39e-55	206	67
MZ463745.1	387	nSX00046	173398	78.543	247	12	255	136158	135912	6.14e-52	196	67
MZ463746.1	387	nSX00046	173398	77.947	263	12	272	101577	101839	3.39e-55	206	67
MZ463746.1	387	nSX00046	173398	78.543	247	12	255	136158	135912	6.14e-52	196	67
MZ463747.1	387	nSX00046	173398	77.567	263	12	272	101577	101839	1.44e-53	202	67
MZ463747.1	387	nSX00046	173398	78.138	247	12	255	136158	135912	7.47e-51	192	67
MZ463748.1	387	nSX00046	173398	77.567	263	12	272	101577	101839	1.44e-53	202	67
MZ463748.1	387	nSX00046	173398	78.138	247	12	255	136158	135912	7.47e-51	192	67
MZ463749.1	391	nSX00046	173398	77.174	276	5	277	101564	101839	4.18e-54	204	70
MZ463749.1	391	nSX00046	173398	77.692	260	5	260	136171	135912	2.16e-51	194	70
MZ463750.1	392	nSX00046	173398	76.812	276	5	277	101564	101839	5.11e-53	199	70
MZ463750.1	392	nSX00046	173398	77.308	260	5	260	136171	135912	9.23e-50	189	70
MZ463751.1	393	nSX00046	173398	77.536	276	5	277	101564	101839	9.88e-56	208	69
MZ463751.1	393	nSX00046	173398	78.077	260	5	260	136171	135912	1.79e-52	198	69
MZ463752.1	394	nSX00046	173398	77.536	276	5	277	101564	101839	9.91e-56	208	69
MZ463752.1	394	nSX00046	173398	78.077	260	5	260	136171	135912	1.79e-52	198	69
MZ463753.1	394	nSX00046	173398	77.174	276	5	277	101564	101839	4.21e-54	204	69
MZ463753.1	394	nSX00046	173398	77.692	260	5	260	136171	135912	2.18e-51	194	69
MZ463754.1	394	nSX00046	173398	78.378	259	5	260	101564	101822	1.21e-54	205	65
MZ463754.1	394	nSX00046	173398	78.077	260	5	260	136171	135912	1.79e-52	198	65
MZ463755.1	394	nSX00046	173398	77.899	276	5	277	101564	101839	8.13e-57	213	69
MZ463755.1	394	nSX00046	173398	78.462	260	5	260	136171	135912	4.21e-54	203	69
MZ463756.1	394	nSX00046	173398	77.174	276	5	277	101564	101839	4.21e-54	204	69
MZ463756.1	394	nSX00046	173398	78.261	253	5	253	136171	135919	2.18e-51	195	69
MZ463757.1	394	nSX00046	173398	77.174	276	5	277	101564	101839	4.21e-54	204	69
MZ463757.1	394	nSX00046	173398	77.692	260	5	260	136171	135912	2.18e-51	194	69
MZ463758.1	394	nSX00046	173398	77.174	276	5	277	101564	101839	4.21e-54	204	69
MZ463758.1	394	nSX00046	173398	77.692	260	5	260	136171	135912	2.18e-51	194	69
MZ463759.1	410	nSX00046	173398	77.174	276	5	277	101564	101839	4.39e-54	204	67
MZ463759.1	410	nSX00046	173398	77.692	260	5	260	136171	135912	2.28e-51	194	67
FJ751925.1	394	nSX00046	173398	77.536	276	5	277	101564	101839	9.91e-56	208	69
FJ751925.1	394	nSX00046	173398	78.077	260	5	260	136171	135912	1.79e-52	198	69
FJ751926.1	395	nSX00046	173398	77.536	276	5	277	101564	101839	9.93e-56	208	69
FJ751926.1	395	nSX00046	173398	78.077	260	5	260	136171	135912	1.80e-52	198	69
FJ751927.1	395	nSX00046	173398	77.174	276	5	277	101564	101839	4.22e-54	204	69
FJ751927.1	395	nSX00046	173398	77.692	260	5	260	136171	135912	2.19e-51	194	69
FJ751930.1	395	nSX00046	173398	77.536	276	5	277	101564	101839	9.93e-56	208	69
FJ751930.1	395	nSX00046	173398	78.077	260	5	260	136171	135912	1.80e-52	198	69
FJ751933.1	396	nSX00046	173398	77.536	276	6	278	101564	101839	9.96e-56	208	69
FJ751933.1	396	nSX00046	173398	78.077	260	6	261	136171	135912	1.80e-52	198	69
FJ751934.1	395	nSX00046	173398	77.536	276	6	278	101564	101839	9.93e-56	208	69
FJ751934.1	395	nSX00046	173398	78.077	260	6	261	136171	135912	1.80e-52	198	69
MZ463745.1	387	nSX00050	164781	77.947	263	12	272	26269	26007	3.22e-55	206	67
MZ463745.1	387	nSX00050	164781	77.947	263	12	272	58365	58103	3.22e-55	206	67
MZ463745.1	387	nSX00050	164781	77.947	263	12	272	96864	97126	3.22e-55	206	67
MZ463745.1	387	nSX00050	164781	77.947	263	12	272	127188	127450	3.22e-55	206	67
MZ463745.1	387	nSX00050	164781	77.947	263	12	272	161669	161407	3.22e-55	206	67
MZ463746.1	387	nSX00050	164781	77.947	263	12	272	26269	26007	3.22e-55	206	67
MZ463746.1	387	nSX00050	164781	77.947	263	12	272	58365	58103	3.22e-55	206	67
MZ463746.1	387	nSX00050	164781	77.947	263	12	272	96864	97126	3.22e-55	206	67
MZ463746.1	387	nSX00050	164781	77.947	263	12	272	127188	127450	3.22e-55	206	67
MZ463746.1	387	nSX00050	164781	77.947	263	12	272	161669	161407	3.22e-55	206	67
MZ463747.1	387	nSX00050	164781	77.567	263	12	272	26269	26007	1.37e-53	202	67
MZ463747.1	387	nSX00050	164781	77.567	263	12	272	58365	58103	1.37e-53	202	67
MZ463747.1	387	nSX00050	164781	77.567	263	12	272	96864	97126	1.37e-53	202	67
MZ463747.1	387	nSX00050	164781	77.567	263	12	272	127188	127450	1.37e-53	202	67
MZ463747.1	387	nSX00050	164781	77.567	263	12	272	161669	161407	1.37e-53	202	67
MZ463748.1	387	nSX00050	164781	77.567	263	12	272	26269	26007	1.37e-53	202	67
MZ463748.1	387	nSX00050	164781	77.567	263	12	272	58365	58103	1.37e-53	202	67
MZ463748.1	387	nSX00050	164781	77.567	263	12	272	96864	97126	1.37e-53	202	67
MZ463748.1	387	nSX00050	164781	77.567	263	12	272	127188	127450	1.37e-53	202	67
MZ463748.1	387	nSX00050	164781	77.567	263	12	272	161669	161407	1.37e-53	202	67
MZ463749.1	391	nSX00050	164781	77.174	276	5	277	26282	26007	3.97e-54	204	70
MZ463749.1	391	nSX00050	164781	77.174	276	5	277	58378	58103	3.97e-54	204	70
MZ463749.1	391	nSX00050	164781	77.174	276	5	277	96851	97126	3.97e-54	204	70
MZ463749.1	391	nSX00050	164781	77.174	276	5	277	127175	127450	3.97e-54	204	70
MZ463749.1	391	nSX00050	164781	77.174	276	5	277	161682	161407	3.97e-54	204	70
MZ463750.1	392	nSX00050	164781	76.812	276	5	277	26282	26007	4.85e-53	199	70
MZ463750.1	392	nSX00050	164781	76.812	276	5	277	58378	58103	4.85e-53	199	70
MZ463750.1	392	nSX00050	164781	76.812	276	5	277	96851	97126	4.85e-53	199	70
MZ463750.1	392	nSX00050	164781	76.812	276	5	277	127175	127450	4.85e-53	199	70
MZ463750.1	392	nSX00050	164781	76.812	276	5	277	161682	161407	4.85e-53	199	70
MZ463751.1	393	nSX00050	164781	77.536	276	5	277	26282	26007	9.39e-56	208	69
MZ463751.1	393	nSX00050	164781	77.536	276	5	277	58378	58103	9.39e-56	208	69
MZ463751.1	393	nSX00050	164781	77.536	276	5	277	96851	97126	9.39e-56	208	69
MZ463751.1	393	nSX00050	164781	77.536	276	5	277	127175	127450	9.39e-56	208	69
MZ463751.1	393	nSX00050	164781	77.536	276	5	277	161682	161407	9.39e-56	208	69
MZ463752.1	394	nSX00050	164781	77.536	276	5	277	26282	26007	9.42e-56	208	69
MZ463752.1	394	nSX00050	164781	77.536	276	5	277	58378	58103	9.42e-56	208	69
MZ463752.1	394	nSX00050	164781	77.536	276	5	277	96851	97126	9.42e-56	208	69
MZ463752.1	394	nSX00050	164781	77.536	276	5	277	127175	127450	9.42e-56	208	69
MZ463752.1	394	nSX00050	164781	77.536	276	5	277	161682	161407	9.42e-56	208	69
MZ463753.1	394	nSX00050	164781	77.174	276	5	277	26282	26007	4.00e-54	204	69
MZ463753.1	394	nSX00050	164781	77.174	276	5	277	58378	58103	4.00e-54	204	69
MZ463753.1	394	nSX00050	164781	77.174	276	5	277	96851	97126	4.00e-54	204	69
MZ463753.1	394	nSX00050	164781	77.174	276	5	277	127175	127450	4.00e-54	204	69
MZ463753.1	394	nSX00050	164781	77.174	276	5	277	161682	161407	4.00e-54	204	69
MZ463754.1	394	nSX00050	164781	78.378	259	5	260	26282	26024	1.15e-54	205	65
MZ463754.1	394	nSX00050	164781	78.378	259	5	260	58378	58120	1.15e-54	205	65
MZ463754.1	394	nSX00050	164781	78.378	259	5	260	96851	97109	1.15e-54	205	65
MZ463754.1	394	nSX00050	164781	78.378	259	5	260	127175	127433	1.15e-54	205	65
MZ463754.1	394	nSX00050	164781	78.378	259	5	260	161682	161424	1.15e-54	205	65
MZ463755.1	394	nSX00050	164781	77.899	276	5	277	26282	26007	7.73e-57	213	69
MZ463755.1	394	nSX00050	164781	77.899	276	5	277	58378	58103	7.73e-57	213	69
MZ463755.1	394	nSX00050	164781	77.899	276	5	277	96851	97126	7.73e-57	213	69
MZ463755.1	394	nSX00050	164781	77.899	276	5	277	127175	127450	7.73e-57	213	69
MZ463755.1	394	nSX00050	164781	77.899	276	5	277	161682	161407	7.73e-57	213	69
MZ463756.1	394	nSX00050	164781	77.174	276	5	277	26282	26007	4.00e-54	204	69
MZ463756.1	394	nSX00050	164781	77.174	276	5	277	58378	58103	4.00e-54	204	69
MZ463756.1	394	nSX00050	164781	77.174	276	5	277	96851	97126	4.00e-54	204	69
MZ463756.1	394	nSX00050	164781	77.174	276	5	277	127175	127450	4.00e-54	204	69
MZ463756.1	394	nSX00050	164781	77.174	276	5	277	161682	161407	4.00e-54	204	69
MZ463757.1	394	nSX00050	164781	77.174	276	5	277	26282	26007	4.00e-54	204	69
MZ463757.1	394	nSX00050	164781	77.174	276	5	277	58378	58103	4.00e-54	204	69
MZ463757.1	394	nSX00050	164781	77.174	276	5	277	96851	97126	4.00e-54	204	69
MZ463757.1	394	nSX00050	164781	77.174	276	5	277	127175	127450	4.00e-54	204	69
MZ463757.1	394	nSX00050	164781	77.174	276	5	277	161682	161407	4.00e-54	204	69
MZ463758.1	394	nSX00050	164781	77.174	276	5	277	26282	26007	4.00e-54	204	69
MZ463758.1	394	nSX00050	164781	77.174	276	5	277	58378	58103	4.00e-54	204	69
MZ463758.1	394	nSX00050	164781	77.174	276	5	277	96851	97126	4.00e-54	204	69
MZ463758.1	394	nSX00050	164781	77.174	276	5	277	127175	127450	4.00e-54	204	69
MZ463758.1	394	nSX00050	164781	77.174	276	5	277	161682	161407	4.00e-54	204	69
MZ463759.1	410	nSX00050	164781	77.174	276	5	277	26282	26007	4.17e-54	204	67
MZ463759.1	410	nSX00050	164781	77.174	276	5	277	58378	58103	4.17e-54	204	67
MZ463759.1	410	nSX00050	164781	77.174	276	5	277	96851	97126	4.17e-54	204	67
MZ463759.1	410	nSX00050	164781	77.174	276	5	277	127175	127450	4.17e-54	204	67
MZ463759.1	410	nSX00050	164781	77.174	276	5	277	161682	161407	4.17e-54	204	67
FJ751925.1	394	nSX00050	164781	77.536	276	5	277	26282	26007	9.42e-56	208	69
FJ751925.1	394	nSX00050	164781	77.536	276	5	277	58378	58103	9.42e-56	208	69
FJ751925.1	394	nSX00050	164781	77.536	276	5	277	96851	97126	9.42e-56	208	69
FJ751925.1	394	nSX00050	164781	77.536	276	5	277	127175	127450	9.42e-56	208	69
FJ751925.1	394	nSX00050	164781	77.536	276	5	277	161682	161407	9.42e-56	208	69
FJ751926.1	395	nSX00050	164781	77.536	276	5	277	26282	26007	9.44e-56	208	69
FJ751926.1	395	nSX00050	164781	77.536	276	5	277	58378	58103	9.44e-56	208	69
FJ751926.1	395	nSX00050	164781	77.536	276	5	277	96851	97126	9.44e-56	208	69
FJ751926.1	395	nSX00050	164781	77.536	276	5	277	127175	127450	9.44e-56	208	69
FJ751926.1	395	nSX00050	164781	77.536	276	5	277	161682	161407	9.44e-56	208	69
FJ751927.1	395	nSX00050	164781	77.174	276	5	277	26282	26007	4.01e-54	204	69
FJ751927.1	395	nSX00050	164781	77.174	276	5	277	58378	58103	4.01e-54	204	69
FJ751927.1	395	nSX00050	164781	77.174	276	5	277	96851	97126	4.01e-54	204	69
FJ751927.1	395	nSX00050	164781	77.174	276	5	277	127175	127450	4.01e-54	204	69
FJ751927.1	395	nSX00050	164781	77.174	276	5	277	161682	161407	4.01e-54	204	69
FJ751930.1	395	nSX00050	164781	77.536	276	5	277	26282	26007	9.44e-56	208	69
FJ751930.1	395	nSX00050	164781	77.536	276	5	277	58378	58103	9.44e-56	208	69
FJ751930.1	395	nSX00050	164781	77.536	276	5	277	96851	97126	9.44e-56	208	69
FJ751930.1	395	nSX00050	164781	77.536	276	5	277	127175	127450	9.44e-56	208	69
FJ751930.1	395	nSX00050	164781	77.536	276	5	277	161682	161407	9.44e-56	208	69
FJ751933.1	396	nSX00050	164781	77.536	276	6	278	26282	26007	9.47e-56	208	69
FJ751933.1	396	nSX00050	164781	77.536	276	6	278	58378	58103	9.47e-56	208	69
FJ751933.1	396	nSX00050	164781	77.536	276	6	278	96851	97126	9.47e-56	208	69
FJ751933.1	396	nSX00050	164781	77.536	276	6	278	127175	127450	9.47e-56	208	69
FJ751933.1	396	nSX00050	164781	77.536	276	6	278	161682	161407	9.47e-56	208	69
FJ751934.1	395	nSX00050	164781	77.536	276	6	278	26282	26007	9.44e-56	208	69
FJ751934.1	395	nSX00050	164781	77.536	276	6	278	58378	58103	9.44e-56	208	69
FJ751934.1	395	nSX00050	164781	77.536	276	6	278	96851	97126	9.44e-56	208	69
FJ751934.1	395	nSX00050	164781	77.536	276	6	278	127175	127450	9.44e-56	208	69
FJ751934.1	395	nSX00050	164781	77.536	276	6	278	161682	161407	9.44e-56	208	69
MZ463745.1	387	nSX00051	161051	77.947	263	12	272	8044	8306	3.15e-55	206	67
MZ463745.1	387	nSX00051	161051	77.947	263	12	272	42506	42244	3.15e-55	206	67
MZ463746.1	387	nSX00051	161051	77.947	263	12	272	8044	8306	3.15e-55	206	67
MZ463746.1	387	nSX00051	161051	77.947	263	12	272	42506	42244	3.15e-55	206	67
MZ463747.1	387	nSX00051	161051	77.567	263	12	272	8044	8306	1.34e-53	202	67
MZ463747.1	387	nSX00051	161051	77.567	263	12	272	42506	42244	1.34e-53	202	67
MZ463748.1	387	nSX00051	161051	77.567	263	12	272	8044	8306	1.34e-53	202	67
MZ463748.1	387	nSX00051	161051	77.567	263	12	272	42506	42244	1.34e-53	202	67
MZ463749.1	391	nSX00051	161051	77.174	276	5	277	8031	8306	3.88e-54	204	70
MZ463749.1	391	nSX00051	161051	77.174	276	5	277	42519	42244	3.88e-54	204	70
MZ463750.1	392	nSX00051	161051	76.812	276	5	277	8031	8306	4.74e-53	199	70
MZ463750.1	392	nSX00051	161051	76.812	276	5	277	42519	42244	4.74e-53	199	70
MZ463751.1	393	nSX00051	161051	77.536	276	5	277	8031	8306	9.18e-56	208	69
MZ463751.1	393	nSX00051	161051	77.536	276	5	277	42519	42244	9.18e-56	208	69
MZ463752.1	394	nSX00051	161051	77.536	276	5	277	8031	8306	9.20e-56	208	69
MZ463752.1	394	nSX00051	161051	77.536	276	5	277	42519	42244	9.20e-56	208	69
MZ463753.1	394	nSX00051	161051	77.174	276	5	277	8031	8306	3.91e-54	204	69
MZ463753.1	394	nSX00051	161051	77.174	276	5	277	42519	42244	3.91e-54	204	69
MZ463754.1	394	nSX00051	161051	78.378	259	5	260	8031	8289	1.12e-54	205	65
MZ463754.1	394	nSX00051	161051	78.378	259	5	260	42519	42261	1.12e-54	205	65
MZ463755.1	394	nSX00051	161051	77.899	276	5	277	8031	8306	7.55e-57	213	69
MZ463755.1	394	nSX00051	161051	77.899	276	5	277	42519	42244	7.55e-57	213	69
MZ463756.1	394	nSX00051	161051	77.174	276	5	277	8031	8306	3.91e-54	204	69
MZ463756.1	394	nSX00051	161051	77.174	276	5	277	42519	42244	3.91e-54	204	69
MZ463757.1	394	nSX00051	161051	77.174	276	5	277	8031	8306	3.91e-54	204	69
MZ463757.1	394	nSX00051	161051	77.174	276	5	277	42519	42244	3.91e-54	204	69
MZ463758.1	394	nSX00051	161051	77.174	276	5	277	8031	8306	3.91e-54	204	69
MZ463758.1	394	nSX00051	161051	77.174	276	5	277	42519	42244	3.91e-54	204	69
MZ463759.1	410	nSX00051	161051	77.174	276	5	277	8031	8306	4.08e-54	204	67
MZ463759.1	410	nSX00051	161051	77.174	276	5	277	42519	42244	4.08e-54	204	67
FJ751925.1	394	nSX00051	161051	77.536	276	5	277	8031	8306	9.20e-56	208	69
FJ751925.1	394	nSX00051	161051	77.536	276	5	277	42519	42244	9.20e-56	208	69
FJ751926.1	395	nSX00051	161051	77.536	276	5	277	8031	8306	9.23e-56	208	69
FJ751926.1	395	nSX00051	161051	77.536	276	5	277	42519	42244	9.23e-56	208	69
FJ751927.1	395	nSX00051	161051	77.174	276	5	277	8031	8306	3.92e-54	204	69
FJ751927.1	395	nSX00051	161051	77.174	276	5	277	42519	42244	3.92e-54	204	69
FJ751930.1	395	nSX00051	161051	77.536	276	5	277	8031	8306	9.23e-56	208	69
FJ751930.1	395	nSX00051	161051	77.536	276	5	277	42519	42244	9.23e-56	208	69
FJ751933.1	396	nSX00051	161051	77.536	276	6	278	8031	8306	9.25e-56	208	69
FJ751933.1	396	nSX00051	161051	77.536	276	6	278	42519	42244	9.25e-56	208	69
FJ751934.1	395	nSX00051	161051	77.536	276	6	278	8031	8306	9.23e-56	208	69
FJ751934.1	395	nSX00051	161051	77.536	276	6	278	42519	42244	9.23e-56	208	69
MZ463745.1	387	nSX00052	160926	77.947	263	12	272	78206	78468	3.15e-55	206	67
MZ463745.1	387	nSX00052	160926	77.947	263	12	272	102676	102414	3.15e-55	206	67
MZ463746.1	387	nSX00052	160926	77.947	263	12	272	78206	78468	3.15e-55	206	67
MZ463746.1	387	nSX00052	160926	77.947	263	12	272	102676	102414	3.15e-55	206	67
MZ463747.1	387	nSX00052	160926	77.567	263	12	272	78206	78468	1.34e-53	202	67
MZ463747.1	387	nSX00052	160926	77.567	263	12	272	102676	102414	1.34e-53	202	67
MZ463748.1	387	nSX00052	160926	77.567	263	12	272	78206	78468	1.34e-53	202	67
MZ463748.1	387	nSX00052	160926	77.567	263	12	272	102676	102414	1.34e-53	202	67
MZ463749.1	391	nSX00052	160926	77.174	276	5	277	78193	78468	3.88e-54	204	70
MZ463749.1	391	nSX00052	160926	77.174	276	5	277	102689	102414	3.88e-54	204	70
MZ463750.1	392	nSX00052	160926	76.812	276	5	277	78193	78468	4.74e-53	199	70
MZ463750.1	392	nSX00052	160926	76.812	276	5	277	102689	102414	4.74e-53	199	70
MZ463751.1	393	nSX00052	160926	77.536	276	5	277	78193	78468	9.17e-56	208	69
MZ463751.1	393	nSX00052	160926	77.536	276	5	277	102689	102414	9.17e-56	208	69
MZ463752.1	394	nSX00052	160926	77.536	276	5	277	78193	78468	9.20e-56	208	69
MZ463752.1	394	nSX00052	160926	77.536	276	5	277	102689	102414	9.20e-56	208	69
MZ463753.1	394	nSX00052	160926	77.174	276	5	277	78193	78468	3.91e-54	204	69
MZ463753.1	394	nSX00052	160926	77.174	276	5	277	102689	102414	3.91e-54	204	69
MZ463754.1	394	nSX00052	160926	78.378	259	5	260	78193	78451	1.12e-54	205	65
MZ463754.1	394	nSX00052	160926	78.378	259	5	260	102689	102431	1.12e-54	205	65
MZ463755.1	394	nSX00052	160926	77.899	276	5	277	78193	78468	7.55e-57	213	69
MZ463755.1	394	nSX00052	160926	77.899	276	5	277	102689	102414	7.55e-57	213	69
MZ463756.1	394	nSX00052	160926	77.174	276	5	277	78193	78468	3.91e-54	204	69
MZ463756.1	394	nSX00052	160926	77.174	276	5	277	102689	102414	3.91e-54	204	69
MZ463757.1	394	nSX00052	160926	77.174	276	5	277	78193	78468	3.91e-54	204	69
MZ463757.1	394	nSX00052	160926	77.174	276	5	277	102689	102414	3.91e-54	204	69
MZ463758.1	394	nSX00052	160926	77.174	276	5	277	78193	78468	3.91e-54	204	69
MZ463758.1	394	nSX00052	160926	77.174	276	5	277	102689	102414	3.91e-54	204	69
MZ463759.1	410	nSX00052	160926	77.174	276	5	277	78193	78468	4.08e-54	204	67
MZ463759.1	410	nSX00052	160926	77.174	276	5	277	102689	102414	4.08e-54	204	67
FJ751925.1	394	nSX00052	160926	77.536	276	5	277	78193	78468	9.20e-56	208	69
FJ751925.1	394	nSX00052	160926	77.536	276	5	277	102689	102414	9.20e-56	208	69
FJ751926.1	395	nSX00052	160926	77.536	276	5	277	78193	78468	9.22e-56	208	69
FJ751926.1	395	nSX00052	160926	77.536	276	5	277	102689	102414	9.22e-56	208	69
FJ751927.1	395	nSX00052	160926	77.174	276	5	277	78193	78468	3.92e-54	204	69
FJ751927.1	395	nSX00052	160926	77.174	276	5	277	102689	102414	3.92e-54	204	69
FJ751930.1	395	nSX00052	160926	77.536	276	5	277	78193	78468	9.22e-56	208	69
FJ751930.1	395	nSX00052	160926	77.536	276	5	277	102689	102414	9.22e-56	208	69
FJ751933.1	396	nSX00052	160926	77.536	276	6	278	78193	78468	9.24e-56	208	69
FJ751933.1	396	nSX00052	160926	77.536	276	6	278	102689	102414	9.24e-56	208	69
FJ751934.1	395	nSX00052	160926	77.536	276	6	278	78193	78468	9.22e-56	208	69
FJ751934.1	395	nSX00052	160926	77.536	276	6	278	102689	102414	9.22e-56	208	69
MZ463745.1	387	nSX00054	159231	77.652	264	12	272	5007	5270	4.63e-53	200	67
MZ463745.1	387	nSX00054	159231	77.652	264	12	272	39520	39257	4.63e-53	200	67
MZ463746.1	387	nSX00054	159231	77.652	264	12	272	5007	5270	4.63e-53	200	67
MZ463746.1	387	nSX00054	159231	77.652	264	12	272	39520	39257	4.63e-53	200	67
MZ463747.1	387	nSX00054	159231	77.273	264	12	272	5007	5270	5.63e-52	196	67
MZ463747.1	387	nSX00054	159231	77.273	264	12	272	39520	39257	5.63e-52	196	67
MZ463748.1	387	nSX00054	159231	77.652	264	12	272	39520	39257	4.63e-53	200	67
MZ463748.1	387	nSX00054	159231	77.273	264	12	272	5007	5270	5.63e-52	196	67
MZ463749.1	391	nSX00054	159231	76.895	277	5	277	39533	39257	1.63e-52	197	70
MZ463749.1	391	nSX00054	159231	77.273	264	17	277	5007	5270	5.70e-52	196	70
MZ463750.1	392	nSX00054	159231	76.534	277	5	277	39533	39257	6.96e-51	193	70
MZ463750.1	392	nSX00054	159231	76.894	264	17	277	5007	5270	2.43e-50	191	70
MZ463751.1	393	nSX00054	159231	77.256	277	5	277	39533	39257	1.35e-53	202	69
MZ463751.1	393	nSX00054	159231	77.652	264	17	277	5007	5270	4.70e-53	200	69
MZ463752.1	394	nSX00054	159231	77.256	277	5	277	39533	39257	1.35e-53	202	69
MZ463752.1	394	nSX00054	159231	77.652	264	17	277	5007	5270	4.71e-53	200	69
MZ463753.1	394	nSX00054	159231	76.895	277	5	277	39533	39257	1.65e-52	197	69
MZ463753.1	394	nSX00054	159231	77.273	264	17	277	5007	5270	5.74e-52	196	69
MZ463754.1	394	nSX00054	159231	78.077	260	5	260	39533	39274	1.65e-52	198	65
MZ463754.1	394	nSX00054	159231	78.543	247	17	260	5007	5253	5.74e-52	196	65
MZ463755.1	394	nSX00054	159231	77.617	277	5	277	39533	39257	3.18e-55	206	69
MZ463755.1	394	nSX00054	159231	78.030	264	17	277	5007	5270	1.11e-54	205	69
MZ463756.1	394	nSX00054	159231	76.895	277	5	277	39533	39257	1.65e-52	197	69
MZ463756.1	394	nSX00054	159231	77.273	264	17	277	5007	5270	5.74e-52	196	69
MZ463757.1	394	nSX00054	159231	76.895	277	5	277	39533	39257	1.65e-52	197	69
MZ463757.1	394	nSX00054	159231	77.273	264	17	277	5007	5270	5.74e-52	196	69
MZ463758.1	394	nSX00054	159231	76.895	277	5	277	39533	39257	1.65e-52	197	69
MZ463758.1	394	nSX00054	159231	77.273	264	17	277	5007	5270	5.74e-52	196	69
MZ463759.1	410	nSX00054	159231	76.895	277	5	277	39533	39257	1.72e-52	197	67
MZ463759.1	410	nSX00054	159231	77.273	264	17	277	5007	5270	5.99e-52	196	67
FJ751925.1	394	nSX00054	159231	77.256	277	5	277	39533	39257	1.35e-53	202	69
FJ751925.1	394	nSX00054	159231	77.652	264	17	277	5007	5270	4.71e-53	200	69
FJ751926.1	395	nSX00054	159231	77.256	277	5	277	39533	39257	1.35e-53	202	69
FJ751926.1	395	nSX00054	159231	77.652	264	17	277	5007	5270	4.73e-53	200	69
FJ751927.1	395	nSX00054	159231	76.895	277	5	277	39533	39257	1.65e-52	197	69
FJ751927.1	395	nSX00054	159231	77.273	264	17	277	5007	5270	5.76e-52	196	69
FJ751930.1	395	nSX00054	159231	77.256	277	5	277	39533	39257	1.35e-53	202	69
FJ751930.1	395	nSX00054	159231	77.652	264	17	277	5007	5270	4.73e-53	200	69
FJ751933.1	396	nSX00054	159231	77.256	277	6	278	39533	39257	1.36e-53	202	69
FJ751933.1	396	nSX00054	159231	77.652	264	18	278	5007	5270	4.74e-53	200	69
FJ751934.1	395	nSX00054	159231	77.256	277	6	278	39533	39257	1.35e-53	202	69
FJ751934.1	395	nSX00054	159231	77.652	264	18	278	5007	5270	4.73e-53	200	69
MZ463745.1	387	nSX00055	158001	77.947	263	12	272	64683	64945	3.09e-55	206	67
MZ463745.1	387	nSX00055	158001	77.947	263	12	272	99156	98894	3.09e-55	206	67
MZ463746.1	387	nSX00055	158001	77.947	263	12	272	64683	64945	3.09e-55	206	67
MZ463746.1	387	nSX00055	158001	77.947	263	12	272	99156	98894	3.09e-55	206	67
MZ463747.1	387	nSX00055	158001	77.567	263	12	272	64683	64945	1.31e-53	202	67
MZ463747.1	387	nSX00055	158001	77.567	263	12	272	99156	98894	1.31e-53	202	67
MZ463748.1	387	nSX00055	158001	77.567	263	12	272	64683	64945	1.31e-53	202	67
MZ463748.1	387	nSX00055	158001	77.567	263	12	272	99156	98894	1.31e-53	202	67
MZ463749.1	391	nSX00055	158001	77.174	276	5	277	64670	64945	3.81e-54	204	70
MZ463749.1	391	nSX00055	158001	77.174	276	5	277	99169	98894	3.81e-54	204	70
MZ463750.1	392	nSX00055	158001	76.812	276	5	277	64670	64945	4.65e-53	199	70
MZ463750.1	392	nSX00055	158001	76.812	276	5	277	99169	98894	4.65e-53	199	70
MZ463751.1	393	nSX00055	158001	77.536	276	5	277	64670	64945	9.00e-56	208	69
MZ463751.1	393	nSX00055	158001	77.536	276	5	277	99169	98894	9.00e-56	208	69
MZ463752.1	394	nSX00055	158001	77.536	276	5	277	64670	64945	9.03e-56	208	69
MZ463752.1	394	nSX00055	158001	77.536	276	5	277	99169	98894	9.03e-56	208	69
MZ463753.1	394	nSX00055	158001	77.174	276	5	277	64670	64945	3.84e-54	204	69
MZ463753.1	394	nSX00055	158001	77.174	276	5	277	99169	98894	3.84e-54	204	69
MZ463754.1	394	nSX00055	158001	78.378	259	5	260	64670	64928	1.10e-54	205	65
MZ463754.1	394	nSX00055	158001	78.378	259	5	260	99169	98911	1.10e-54	205	65
MZ463755.1	394	nSX00055	158001	77.899	276	5	277	64670	64945	7.41e-57	213	69
MZ463755.1	394	nSX00055	158001	77.899	276	5	277	99169	98894	7.41e-57	213	69
MZ463756.1	394	nSX00055	158001	77.174	276	5	277	64670	64945	3.84e-54	204	69
MZ463756.1	394	nSX00055	158001	77.174	276	5	277	99169	98894	3.84e-54	204	69
MZ463757.1	394	nSX00055	158001	77.174	276	5	277	64670	64945	3.84e-54	204	69
MZ463757.1	394	nSX00055	158001	77.174	276	5	277	99169	98894	3.84e-54	204	69
MZ463758.1	394	nSX00055	158001	77.174	276	5	277	64670	64945	3.84e-54	204	69
MZ463758.1	394	nSX00055	158001	77.174	276	5	277	99169	98894	3.84e-54	204	69
MZ463759.1	410	nSX00055	158001	77.174	276	5	277	64670	64945	4.00e-54	204	67
MZ463759.1	410	nSX00055	158001	77.174	276	5	277	99169	98894	4.00e-54	204	67
FJ751925.1	394	nSX00055	158001	77.536	276	5	277	64670	64945	9.03e-56	208	69
FJ751925.1	394	nSX00055	158001	77.536	276	5	277	99169	98894	9.03e-56	208	69
FJ751926.1	395	nSX00055	158001	77.536	276	5	277	64670	64945	9.05e-56	208	69
FJ751926.1	395	nSX00055	158001	77.536	276	5	277	99169	98894	9.05e-56	208	69
FJ751927.1	395	nSX00055	158001	77.174	276	5	277	64670	64945	3.85e-54	204	69
FJ751927.1	395	nSX00055	158001	77.174	276	5	277	99169	98894	3.85e-54	204	69
FJ751930.1	395	nSX00055	158001	77.536	276	5	277	64670	64945	9.05e-56	208	69
FJ751930.1	395	nSX00055	158001	77.536	276	5	277	99169	98894	9.05e-56	208	69
FJ751933.1	396	nSX00055	158001	77.536	276	6	278	64670	64945	9.08e-56	208	69
FJ751933.1	396	nSX00055	158001	77.536	276	6	278	99169	98894	9.08e-56	208	69
FJ751934.1	395	nSX00055	158001	77.536	276	6	278	64670	64945	9.05e-56	208	69
FJ751934.1	395	nSX00055	158001	77.536	276	6	278	99169	98894	9.05e-56	208	69
MZ463745.1	387	nSX00057	149443	77.947	263	12	272	2573	2835	2.92e-55	206	67
MZ463745.1	387	nSX00057	149443	77.947	263	12	272	37110	36848	2.92e-55	206	67
MZ463745.1	387	nSX00057	149443	77.947	263	12	272	124110	124372	2.92e-55	206	67
MZ463746.1	387	nSX00057	149443	77.947	263	12	272	2573	2835	2.92e-55	206	67
MZ463746.1	387	nSX00057	149443	77.947	263	12	272	37110	36848	2.92e-55	206	67
MZ463746.1	387	nSX00057	149443	77.947	263	12	272	124110	124372	2.92e-55	206	67
MZ463747.1	387	nSX00057	149443	77.567	263	12	272	2573	2835	1.24e-53	202	67
MZ463747.1	387	nSX00057	149443	77.567	263	12	272	37110	36848	1.24e-53	202	67
MZ463747.1	387	nSX00057	149443	77.567	263	12	272	124110	124372	1.24e-53	202	67
MZ463748.1	387	nSX00057	149443	77.567	263	12	272	2573	2835	1.24e-53	202	67
MZ463748.1	387	nSX00057	149443	77.567	263	12	272	37110	36848	1.24e-53	202	67
MZ463748.1	387	nSX00057	149443	77.567	263	12	272	124110	124372	1.24e-53	202	67
MZ463749.1	391	nSX00057	149443	77.174	276	5	277	2560	2835	3.60e-54	204	70
MZ463749.1	391	nSX00057	149443	77.174	276	5	277	37123	36848	3.60e-54	204	70
MZ463749.1	391	nSX00057	149443	77.174	276	5	277	124097	124372	3.60e-54	204	70
MZ463750.1	392	nSX00057	149443	76.812	276	5	277	2560	2835	4.40e-53	199	70
MZ463750.1	392	nSX00057	149443	76.812	276	5	277	37123	36848	4.40e-53	199	70
MZ463750.1	392	nSX00057	149443	76.812	276	5	277	124097	124372	4.40e-53	199	70
MZ463751.1	393	nSX00057	149443	77.536	276	5	277	2560	2835	8.52e-56	208	69
MZ463751.1	393	nSX00057	149443	77.536	276	5	277	37123	36848	8.52e-56	208	69
MZ463751.1	393	nSX00057	149443	77.536	276	5	277	124097	124372	8.52e-56	208	69
MZ463752.1	394	nSX00057	149443	77.536	276	5	277	2560	2835	8.54e-56	208	69
MZ463752.1	394	nSX00057	149443	77.536	276	5	277	37123	36848	8.54e-56	208	69
MZ463752.1	394	nSX00057	149443	77.536	276	5	277	124097	124372	8.54e-56	208	69
MZ463753.1	394	nSX00057	149443	77.174	276	5	277	2560	2835	3.63e-54	204	69
MZ463753.1	394	nSX00057	149443	77.174	276	5	277	37123	36848	3.63e-54	204	69
MZ463753.1	394	nSX00057	149443	77.174	276	5	277	124097	124372	3.63e-54	204	69
MZ463754.1	394	nSX00057	149443	78.378	259	5	260	2560	2818	1.04e-54	205	65
MZ463754.1	394	nSX00057	149443	78.378	259	5	260	37123	36865	1.04e-54	205	65
MZ463754.1	394	nSX00057	149443	78.378	259	5	260	124097	124355	1.04e-54	205	65
MZ463755.1	394	nSX00057	149443	77.899	276	5	277	2560	2835	7.01e-57	213	69
MZ463755.1	394	nSX00057	149443	77.899	276	5	277	37123	36848	7.01e-57	213	69
MZ463755.1	394	nSX00057	149443	77.899	276	5	277	124097	124372	7.01e-57	213	69
MZ463756.1	394	nSX00057	149443	77.174	276	5	277	2560	2835	3.63e-54	204	69
MZ463756.1	394	nSX00057	149443	77.174	276	5	277	37123	36848	3.63e-54	204	69
MZ463756.1	394	nSX00057	149443	77.174	276	5	277	124097	124372	3.63e-54	204	69
MZ463757.1	394	nSX00057	149443	77.174	276	5	277	2560	2835	3.63e-54	204	69
MZ463757.1	394	nSX00057	149443	77.174	276	5	277	37123	36848	3.63e-54	204	69
MZ463757.1	394	nSX00057	149443	77.174	276	5	277	124097	124372	3.63e-54	204	69
MZ463758.1	394	nSX00057	149443	77.174	276	5	277	2560	2835	3.63e-54	204	69
MZ463758.1	394	nSX00057	149443	77.174	276	5	277	37123	36848	3.63e-54	204	69
MZ463758.1	394	nSX00057	149443	77.174	276	5	277	124097	124372	3.63e-54	204	69
MZ463759.1	410	nSX00057	149443	77.174	276	5	277	2560	2835	3.79e-54	204	67
MZ463759.1	410	nSX00057	149443	77.174	276	5	277	37123	36848	3.79e-54	204	67
MZ463759.1	410	nSX00057	149443	77.174	276	5	277	124097	124372	3.79e-54	204	67
FJ751925.1	394	nSX00057	149443	77.536	276	5	277	2560	2835	8.54e-56	208	69
FJ751925.1	394	nSX00057	149443	77.536	276	5	277	37123	36848	8.54e-56	208	69
FJ751925.1	394	nSX00057	149443	77.536	276	5	277	124097	124372	8.54e-56	208	69
FJ751926.1	395	nSX00057	149443	77.536	276	5	277	2560	2835	8.56e-56	208	69
FJ751926.1	395	nSX00057	149443	77.536	276	5	277	37123	36848	8.56e-56	208	69
FJ751926.1	395	nSX00057	149443	77.536	276	5	277	124097	124372	8.56e-56	208	69
FJ751927.1	395	nSX00057	149443	77.174	276	5	277	2560	2835	3.64e-54	204	69
FJ751927.1	395	nSX00057	149443	77.174	276	5	277	37123	36848	3.64e-54	204	69
FJ751927.1	395	nSX00057	149443	77.174	276	5	277	124097	124372	3.64e-54	204	69
FJ751930.1	395	nSX00057	149443	77.536	276	5	277	2560	2835	8.56e-56	208	69
FJ751930.1	395	nSX00057	149443	77.536	276	5	277	37123	36848	8.56e-56	208	69
FJ751930.1	395	nSX00057	149443	77.536	276	5	277	124097	124372	8.56e-56	208	69
FJ751933.1	396	nSX00057	149443	77.536	276	6	278	2560	2835	8.58e-56	208	69
FJ751933.1	396	nSX00057	149443	77.536	276	6	278	37123	36848	8.58e-56	208	69
FJ751933.1	396	nSX00057	149443	77.536	276	6	278	124097	124372	8.58e-56	208	69
FJ751934.1	395	nSX00057	149443	77.536	276	6	278	2560	2835	8.56e-56	208	69
FJ751934.1	395	nSX00057	149443	77.536	276	6	278	37123	36848	8.56e-56	208	69
FJ751934.1	395	nSX00057	149443	77.536	276	6	278	124097	124372	8.56e-56	208	69
MZ463745.1	387	nSX00058	147512	77.947	263	12	272	73632	73370	2.89e-55	206	67
MZ463745.1	387	nSX00058	147512	77.947	263	12	272	103823	104085	2.89e-55	206	67
MZ463745.1	387	nSX00058	147512	77.947	263	12	272	138279	138017	2.89e-55	206	67
MZ463745.1	387	nSX00058	147512	76.692	266	12	272	39172	39437	6.36e-51	192	67
MZ463746.1	387	nSX00058	147512	77.947	263	12	272	73632	73370	2.89e-55	206	67
MZ463746.1	387	nSX00058	147512	77.947	263	12	272	103823	104085	2.89e-55	206	67
MZ463746.1	387	nSX00058	147512	77.947	263	12	272	138279	138017	2.89e-55	206	67
MZ463746.1	387	nSX00058	147512	76.692	266	12	272	39172	39437	6.36e-51	192	67
MZ463747.1	387	nSX00058	147512	77.567	263	12	272	73632	73370	1.23e-53	202	67
MZ463747.1	387	nSX00058	147512	77.567	263	12	272	103823	104085	1.23e-53	202	67
MZ463747.1	387	nSX00058	147512	77.567	263	12	272	138279	138017	1.23e-53	202	67
MZ463747.1	387	nSX00058	147512	76.316	266	12	272	39172	39437	2.70e-49	187	67
MZ463748.1	387	nSX00058	147512	77.567	263	12	272	73632	73370	1.23e-53	202	67
MZ463748.1	387	nSX00058	147512	77.567	263	12	272	103823	104085	1.23e-53	202	67
MZ463748.1	387	nSX00058	147512	77.567	263	12	272	138279	138017	1.23e-53	202	67
MZ463748.1	387	nSX00058	147512	76.316	266	12	272	39172	39437	2.70e-49	187	67
MZ463749.1	391	nSX00058	147512	77.174	276	5	277	73645	73370	3.56e-54	204	70
MZ463749.1	391	nSX00058	147512	77.174	276	5	277	103810	104085	3.56e-54	204	70
MZ463749.1	391	nSX00058	147512	77.174	276	5	277	138292	138017	3.56e-54	204	70
MZ463749.1	391	nSX00058	147512	75.986	279	5	277	39159	39437	7.83e-50	189	70
MZ463750.1	392	nSX00058	147512	76.812	276	5	277	73645	73370	4.34e-53	199	70
MZ463750.1	392	nSX00058	147512	76.812	276	5	277	103810	104085	4.34e-53	199	70
MZ463750.1	392	nSX00058	147512	76.812	276	5	277	138292	138017	4.34e-53	199	70
MZ463750.1	392	nSX00058	147512	75.627	279	5	277	39159	39437	9.57e-49	185	70
MZ463751.1	393	nSX00058	147512	77.536	276	5	277	73645	73370	8.41e-56	208	69
MZ463751.1	393	nSX00058	147512	77.536	276	5	277	103810	104085	8.41e-56	208	69
MZ463751.1	393	nSX00058	147512	77.536	276	5	277	138292	138017	8.41e-56	208	69
MZ463751.1	393	nSX00058	147512	76.344	279	5	277	39159	39437	1.85e-51	194	69
MZ463752.1	394	nSX00058	147512	77.536	276	5	277	73645	73370	8.43e-56	208	69
MZ463752.1	394	nSX00058	147512	77.536	276	5	277	103810	104085	8.43e-56	208	69
MZ463752.1	394	nSX00058	147512	77.536	276	5	277	138292	138017	8.43e-56	208	69
MZ463752.1	394	nSX00058	147512	76.344	279	5	277	39159	39437	1.86e-51	194	69
MZ463753.1	394	nSX00058	147512	77.174	276	5	277	73645	73370	3.58e-54	204	69
MZ463753.1	394	nSX00058	147512	77.174	276	5	277	103810	104085	3.58e-54	204	69
MZ463753.1	394	nSX00058	147512	77.174	276	5	277	138292	138017	3.58e-54	204	69
MZ463753.1	394	nSX00058	147512	75.986	279	5	277	39159	39437	7.89e-50	189	69
MZ463754.1	394	nSX00058	147512	78.378	259	5	260	73645	73387	1.03e-54	205	65
MZ463754.1	394	nSX00058	147512	78.378	259	5	260	103810	104068	1.03e-54	205	65
MZ463754.1	394	nSX00058	147512	78.378	259	5	260	138292	138034	1.03e-54	205	65
MZ463754.1	394	nSX00058	147512	77.481	262	5	260	39159	39420	2.26e-50	190	65
MZ463755.1	394	nSX00058	147512	77.899	276	5	277	73645	73370	6.92e-57	213	69
MZ463755.1	394	nSX00058	147512	77.899	276	5	277	103810	104085	6.92e-57	213	69
MZ463755.1	394	nSX00058	147512	77.899	276	5	277	138292	138017	6.92e-57	213	69
MZ463755.1	394	nSX00058	147512	76.703	279	5	277	39159	39437	1.52e-52	198	69
MZ463756.1	394	nSX00058	147512	77.174	276	5	277	73645	73370	3.58e-54	204	69
MZ463756.1	394	nSX00058	147512	77.174	276	5	277	103810	104085	3.58e-54	204	69
MZ463756.1	394	nSX00058	147512	77.174	276	5	277	138292	138017	3.58e-54	204	69
MZ463756.1	394	nSX00058	147512	75.986	279	5	277	39159	39437	7.89e-50	189	69
MZ463757.1	394	nSX00058	147512	77.174	276	5	277	73645	73370	3.58e-54	204	69
MZ463757.1	394	nSX00058	147512	77.174	276	5	277	103810	104085	3.58e-54	204	69
MZ463757.1	394	nSX00058	147512	77.174	276	5	277	138292	138017	3.58e-54	204	69
MZ463757.1	394	nSX00058	147512	75.986	279	5	277	39159	39437	7.89e-50	189	69
MZ463758.1	394	nSX00058	147512	77.174	276	5	277	73645	73370	3.58e-54	204	69
MZ463758.1	394	nSX00058	147512	77.174	276	5	277	103810	104085	3.58e-54	204	69
MZ463758.1	394	nSX00058	147512	77.174	276	5	277	138292	138017	3.58e-54	204	69
MZ463758.1	394	nSX00058	147512	75.986	279	5	277	39159	39437	7.89e-50	189	69
MZ463759.1	410	nSX00058	147512	77.174	276	5	277	73645	73370	3.74e-54	204	67
MZ463759.1	410	nSX00058	147512	77.174	276	5	277	103810	104085	3.74e-54	204	67
MZ463759.1	410	nSX00058	147512	77.174	276	5	277	138292	138017	3.74e-54	204	67
MZ463759.1	410	nSX00058	147512	75.986	279	5	277	39159	39437	8.23e-50	189	67
FJ751925.1	394	nSX00058	147512	77.536	276	5	277	73645	73370	8.43e-56	208	69
FJ751925.1	394	nSX00058	147512	77.536	276	5	277	103810	104085	8.43e-56	208	69
FJ751925.1	394	nSX00058	147512	77.536	276	5	277	138292	138017	8.43e-56	208	69
FJ751925.1	394	nSX00058	147512	76.344	279	5	277	39159	39437	1.86e-51	194	69
FJ751926.1	395	nSX00058	147512	77.536	276	5	277	73645	73370	8.45e-56	208	69
FJ751926.1	395	nSX00058	147512	77.536	276	5	277	103810	104085	8.45e-56	208	69
FJ751926.1	395	nSX00058	147512	77.536	276	5	277	138292	138017	8.45e-56	208	69
FJ751926.1	395	nSX00058	147512	76.344	279	5	277	39159	39437	1.86e-51	194	69
FJ751927.1	395	nSX00058	147512	77.174	276	5	277	73645	73370	3.59e-54	204	69
FJ751927.1	395	nSX00058	147512	77.174	276	5	277	103810	104085	3.59e-54	204	69
FJ751927.1	395	nSX00058	147512	77.174	276	5	277	138292	138017	3.59e-54	204	69
FJ751927.1	395	nSX00058	147512	75.986	279	5	277	39159	39437	7.92e-50	189	69
FJ751930.1	395	nSX00058	147512	77.536	276	5	277	73645	73370	8.45e-56	208	69
FJ751930.1	395	nSX00058	147512	77.536	276	5	277	103810	104085	8.45e-56	208	69
FJ751930.1	395	nSX00058	147512	77.536	276	5	277	138292	138017	8.45e-56	208	69
FJ751930.1	395	nSX00058	147512	76.344	279	5	277	39159	39437	1.86e-51	194	69
FJ751933.1	396	nSX00058	147512	77.536	276	6	278	73645	73370	8.47e-56	208	69
FJ751933.1	396	nSX00058	147512	77.536	276	6	278	103810	104085	8.47e-56	208	69
FJ751933.1	396	nSX00058	147512	77.536	276	6	278	138292	138017	8.47e-56	208	69
FJ751933.1	396	nSX00058	147512	76.344	279	6	278	39159	39437	1.87e-51	194	69
FJ751934.1	395	nSX00058	147512	77.536	276	6	278	73645	73370	8.45e-56	208	69
FJ751934.1	395	nSX00058	147512	77.536	276	6	278	103810	104085	8.45e-56	208	69
FJ751934.1	395	nSX00058	147512	77.536	276	6	278	138292	138017	8.45e-56	208	69
FJ751934.1	395	nSX00058	147512	76.344	279	6	278	39159	39437	1.86e-51	194	69
MZ463745.1	387	nSX00059	147129	77.947	263	12	272	16451	16713	2.88e-55	206	67
MZ463745.1	387	nSX00059	147129	77.947	263	12	272	50912	50650	2.88e-55	206	67
MZ463745.1	387	nSX00059	147129	77.947	263	12	272	79608	79346	2.88e-55	206	67
MZ463746.1	387	nSX00059	147129	77.947	263	12	272	16451	16713	2.88e-55	206	67
MZ463746.1	387	nSX00059	147129	77.947	263	12	272	50912	50650	2.88e-55	206	67
MZ463746.1	387	nSX00059	147129	77.947	263	12	272	79608	79346	2.88e-55	206	67
MZ463747.1	387	nSX00059	147129	77.567	263	12	272	16451	16713	1.22e-53	202	67
MZ463747.1	387	nSX00059	147129	77.567	263	12	272	50912	50650	1.22e-53	202	67
MZ463747.1	387	nSX00059	147129	77.567	263	12	272	79608	79346	1.22e-53	202	67
MZ463748.1	387	nSX00059	147129	77.567	263	12	272	16451	16713	1.22e-53	202	67
MZ463748.1	387	nSX00059	147129	77.567	263	12	272	50912	50650	1.22e-53	202	67
MZ463748.1	387	nSX00059	147129	77.567	263	12	272	79608	79346	1.22e-53	202	67
MZ463749.1	391	nSX00059	147129	77.174	276	5	277	16438	16713	3.55e-54	204	70
MZ463749.1	391	nSX00059	147129	77.174	276	5	277	50925	50650	3.55e-54	204	70
MZ463749.1	391	nSX00059	147129	77.174	276	5	277	79621	79346	3.55e-54	204	70
MZ463750.1	392	nSX00059	147129	76.812	276	5	277	16438	16713	4.33e-53	199	70
MZ463750.1	392	nSX00059	147129	76.812	276	5	277	50925	50650	4.33e-53	199	70
MZ463750.1	392	nSX00059	147129	76.812	276	5	277	79621	79346	4.33e-53	199	70
MZ463751.1	393	nSX00059	147129	77.536	276	5	277	16438	16713	8.38e-56	208	69
MZ463751.1	393	nSX00059	147129	77.536	276	5	277	50925	50650	8.38e-56	208	69
MZ463751.1	393	nSX00059	147129	77.536	276	5	277	79621	79346	8.38e-56	208	69
MZ463752.1	394	nSX00059	147129	77.536	276	5	277	16438	16713	8.41e-56	208	69
MZ463752.1	394	nSX00059	147129	77.536	276	5	277	50925	50650	8.41e-56	208	69
MZ463752.1	394	nSX00059	147129	77.536	276	5	277	79621	79346	8.41e-56	208	69
MZ463753.1	394	nSX00059	147129	77.174	276	5	277	16438	16713	3.57e-54	204	69
MZ463753.1	394	nSX00059	147129	77.174	276	5	277	50925	50650	3.57e-54	204	69
MZ463753.1	394	nSX00059	147129	77.174	276	5	277	79621	79346	3.57e-54	204	69
MZ463754.1	394	nSX00059	147129	78.378	259	5	260	16438	16696	1.02e-54	205	65
MZ463754.1	394	nSX00059	147129	78.378	259	5	260	50925	50667	1.02e-54	205	65
MZ463754.1	394	nSX00059	147129	78.378	259	5	260	79621	79363	1.02e-54	205	65
MZ463755.1	394	nSX00059	147129	77.899	276	5	277	16438	16713	6.90e-57	213	69
MZ463755.1	394	nSX00059	147129	77.899	276	5	277	50925	50650	6.90e-57	213	69
MZ463755.1	394	nSX00059	147129	77.899	276	5	277	79621	79346	6.90e-57	213	69
MZ463756.1	394	nSX00059	147129	77.174	276	5	277	16438	16713	3.57e-54	204	69
MZ463756.1	394	nSX00059	147129	77.174	276	5	277	50925	50650	3.57e-54	204	69
MZ463756.1	394	nSX00059	147129	77.174	276	5	277	79621	79346	3.57e-54	204	69
MZ463757.1	394	nSX00059	147129	77.174	276	5	277	16438	16713	3.57e-54	204	69
MZ463757.1	394	nSX00059	147129	77.174	276	5	277	50925	50650	3.57e-54	204	69
MZ463757.1	394	nSX00059	147129	77.174	276	5	277	79621	79346	3.57e-54	204	69
MZ463758.1	394	nSX00059	147129	77.174	276	5	277	16438	16713	3.57e-54	204	69
MZ463758.1	394	nSX00059	147129	77.174	276	5	277	50925	50650	3.57e-54	204	69
MZ463758.1	394	nSX00059	147129	77.174	276	5	277	79621	79346	3.57e-54	204	69
MZ463759.1	410	nSX00059	147129	77.174	276	5	277	16438	16713	3.73e-54	204	67
MZ463759.1	410	nSX00059	147129	77.174	276	5	277	50925	50650	3.73e-54	204	67
MZ463759.1	410	nSX00059	147129	77.174	276	5	277	79621	79346	3.73e-54	204	67
FJ751925.1	394	nSX00059	147129	77.536	276	5	277	16438	16713	8.41e-56	208	69
FJ751925.1	394	nSX00059	147129	77.536	276	5	277	50925	50650	8.41e-56	208	69
FJ751925.1	394	nSX00059	147129	77.536	276	5	277	79621	79346	8.41e-56	208	69
FJ751926.1	395	nSX00059	147129	77.536	276	5	277	16438	16713	8.43e-56	208	69
FJ751926.1	395	nSX00059	147129	77.536	276	5	277	50925	50650	8.43e-56	208	69
FJ751926.1	395	nSX00059	147129	77.536	276	5	277	79621	79346	8.43e-56	208	69
FJ751927.1	395	nSX00059	147129	77.174	276	5	277	16438	16713	3.58e-54	204	69
FJ751927.1	395	nSX00059	147129	77.174	276	5	277	50925	50650	3.58e-54	204	69
FJ751927.1	395	nSX00059	147129	77.174	276	5	277	79621	79346	3.58e-54	204	69
FJ751930.1	395	nSX00059	147129	77.536	276	5	277	16438	16713	8.43e-56	208	69
FJ751930.1	395	nSX00059	147129	77.536	276	5	277	50925	50650	8.43e-56	208	69
FJ751930.1	395	nSX00059	147129	77.536	276	5	277	79621	79346	8.43e-56	208	69
FJ751933.1	396	nSX00059	147129	77.536	276	6	278	16438	16713	8.45e-56	208	69
FJ751933.1	396	nSX00059	147129	77.536	276	6	278	50925	50650	8.45e-56	208	69
FJ751933.1	396	nSX00059	147129	77.536	276	6	278	79621	79346	8.45e-56	208	69
FJ751934.1	395	nSX00059	147129	77.536	276	6	278	16438	16713	8.43e-56	208	69
FJ751934.1	395	nSX00059	147129	77.536	276	6	278	50925	50650	8.43e-56	208	69
FJ751934.1	395	nSX00059	147129	77.536	276	6	278	79621	79346	8.43e-56	208	69
MZ463745.1	387	nSX00060	144528	77.947	263	12	272	21547	21285	2.83e-55	206	67
MZ463745.1	387	nSX00060	144528	77.947	263	12	272	114864	115126	2.83e-55	206	67
MZ463746.1	387	nSX00060	144528	77.947	263	12	272	21547	21285	2.83e-55	206	67
MZ463746.1	387	nSX00060	144528	77.947	263	12	272	114864	115126	2.83e-55	206	67
MZ463747.1	387	nSX00060	144528	77.567	263	12	272	21547	21285	1.20e-53	202	67
MZ463747.1	387	nSX00060	144528	77.567	263	12	272	114864	115126	1.20e-53	202	67
MZ463748.1	387	nSX00060	144528	77.567	263	12	272	21547	21285	1.20e-53	202	67
MZ463748.1	387	nSX00060	144528	77.567	263	12	272	114864	115126	1.20e-53	202	67
MZ463749.1	391	nSX00060	144528	77.174	276	5	277	21560	21285	3.48e-54	204	70
MZ463749.1	391	nSX00060	144528	77.174	276	5	277	114851	115126	3.48e-54	204	70
MZ463750.1	392	nSX00060	144528	76.812	276	5	277	21560	21285	4.25e-53	199	70
MZ463750.1	392	nSX00060	144528	76.812	276	5	277	114851	115126	4.25e-53	199	70
MZ463751.1	393	nSX00060	144528	77.536	276	5	277	21560	21285	8.24e-56	208	69
MZ463751.1	393	nSX00060	144528	77.536	276	5	277	114851	115126	8.24e-56	208	69
MZ463752.1	394	nSX00060	144528	77.536	276	5	277	21560	21285	8.26e-56	208	69
MZ463752.1	394	nSX00060	144528	77.536	276	5	277	114851	115126	8.26e-56	208	69
MZ463753.1	394	nSX00060	144528	77.174	276	5	277	21560	21285	3.51e-54	204	69
MZ463753.1	394	nSX00060	144528	77.174	276	5	277	114851	115126	3.51e-54	204	69
MZ463754.1	394	nSX00060	144528	78.378	259	5	260	21560	21302	1.01e-54	205	65
MZ463754.1	394	nSX00060	144528	78.378	259	5	260	114851	115109	1.01e-54	205	65
MZ463755.1	394	nSX00060	144528	77.899	276	5	277	21560	21285	6.78e-57	213	69
MZ463755.1	394	nSX00060	144528	77.899	276	5	277	114851	115126	6.78e-57	213	69
MZ463756.1	394	nSX00060	144528	77.174	276	5	277	21560	21285	3.51e-54	204	69
MZ463756.1	394	nSX00060	144528	77.174	276	5	277	114851	115126	3.51e-54	204	69
MZ463757.1	394	nSX00060	144528	77.174	276	5	277	21560	21285	3.51e-54	204	69
MZ463757.1	394	nSX00060	144528	77.174	276	5	277	114851	115126	3.51e-54	204	69
MZ463758.1	394	nSX00060	144528	77.174	276	5	277	21560	21285	3.51e-54	204	69
MZ463758.1	394	nSX00060	144528	77.174	276	5	277	114851	115126	3.51e-54	204	69
MZ463759.1	410	nSX00060	144528	77.174	276	5	277	21560	21285	3.66e-54	204	67
MZ463759.1	410	nSX00060	144528	77.174	276	5	277	114851	115126	3.66e-54	204	67
FJ751925.1	394	nSX00060	144528	77.536	276	5	277	21560	21285	8.26e-56	208	69
FJ751925.1	394	nSX00060	144528	77.536	276	5	277	114851	115126	8.26e-56	208	69
FJ751926.1	395	nSX00060	144528	77.536	276	5	277	21560	21285	8.28e-56	208	69
FJ751926.1	395	nSX00060	144528	77.536	276	5	277	114851	115126	8.28e-56	208	69
FJ751927.1	395	nSX00060	144528	77.174	276	5	277	21560	21285	3.52e-54	204	69
FJ751927.1	395	nSX00060	144528	77.174	276	5	277	114851	115126	3.52e-54	204	69
FJ751930.1	395	nSX00060	144528	77.536	276	5	277	21560	21285	8.28e-56	208	69
FJ751930.1	395	nSX00060	144528	77.536	276	5	277	114851	115126	8.28e-56	208	69
FJ751933.1	396	nSX00060	144528	77.536	276	6	278	21560	21285	8.30e-56	208	69
FJ751933.1	396	nSX00060	144528	77.536	276	6	278	114851	115126	8.30e-56	208	69
FJ751934.1	395	nSX00060	144528	77.536	276	6	278	21560	21285	8.28e-56	208	69
FJ751934.1	395	nSX00060	144528	77.536	276	6	278	114851	115126	8.28e-56	208	69
MZ463745.1	387	nSX00061	142765	77.947	263	12	272	23337	23075	2.79e-55	206	67
MZ463745.1	387	nSX00061	142765	77.947	263	12	272	37896	38158	2.79e-55	206	67
MZ463745.1	387	nSX00061	142765	77.947	263	12	272	72359	72097	2.79e-55	206	67
MZ463745.1	387	nSX00061	142765	77.947	263	12	272	107352	107090	2.79e-55	206	67
MZ463746.1	387	nSX00061	142765	77.947	263	12	272	23337	23075	2.79e-55	206	67
MZ463746.1	387	nSX00061	142765	77.947	263	12	272	37896	38158	2.79e-55	206	67
MZ463746.1	387	nSX00061	142765	77.947	263	12	272	72359	72097	2.79e-55	206	67
MZ463746.1	387	nSX00061	142765	77.947	263	12	272	107352	107090	2.79e-55	206	67
MZ463747.1	387	nSX00061	142765	77.567	263	12	272	23337	23075	1.19e-53	202	67
MZ463747.1	387	nSX00061	142765	77.567	263	12	272	37896	38158	1.19e-53	202	67
MZ463747.1	387	nSX00061	142765	77.567	263	12	272	72359	72097	1.19e-53	202	67
MZ463747.1	387	nSX00061	142765	77.567	263	12	272	107352	107090	1.19e-53	202	67
MZ463748.1	387	nSX00061	142765	77.567	263	12	272	23337	23075	1.19e-53	202	67
MZ463748.1	387	nSX00061	142765	77.567	263	12	272	37896	38158	1.19e-53	202	67
MZ463748.1	387	nSX00061	142765	77.567	263	12	272	72359	72097	1.19e-53	202	67
MZ463748.1	387	nSX00061	142765	77.567	263	12	272	107352	107090	1.19e-53	202	67
MZ463749.1	391	nSX00061	142765	77.174	276	5	277	23350	23075	3.44e-54	204	70
MZ463749.1	391	nSX00061	142765	77.174	276	5	277	37883	38158	3.44e-54	204	70
MZ463749.1	391	nSX00061	142765	77.174	276	5	277	72372	72097	3.44e-54	204	70
MZ463749.1	391	nSX00061	142765	77.174	276	5	277	107365	107090	3.44e-54	204	70
MZ463750.1	392	nSX00061	142765	76.812	276	5	277	23350	23075	4.20e-53	199	70
MZ463750.1	392	nSX00061	142765	76.812	276	5	277	37883	38158	4.20e-53	199	70
MZ463750.1	392	nSX00061	142765	76.812	276	5	277	72372	72097	4.20e-53	199	70
MZ463750.1	392	nSX00061	142765	76.812	276	5	277	107365	107090	4.20e-53	199	70
MZ463751.1	393	nSX00061	142765	77.536	276	5	277	23350	23075	8.14e-56	208	69
MZ463751.1	393	nSX00061	142765	77.536	276	5	277	37883	38158	8.14e-56	208	69
MZ463751.1	393	nSX00061	142765	77.536	276	5	277	72372	72097	8.14e-56	208	69
MZ463751.1	393	nSX00061	142765	77.536	276	5	277	107365	107090	8.14e-56	208	69
MZ463752.1	394	nSX00061	142765	77.536	276	5	277	23350	23075	8.16e-56	208	69
MZ463752.1	394	nSX00061	142765	77.536	276	5	277	37883	38158	8.16e-56	208	69
MZ463752.1	394	nSX00061	142765	77.536	276	5	277	72372	72097	8.16e-56	208	69
MZ463752.1	394	nSX00061	142765	77.536	276	5	277	107365	107090	8.16e-56	208	69
MZ463753.1	394	nSX00061	142765	77.174	276	5	277	23350	23075	3.47e-54	204	69
MZ463753.1	394	nSX00061	142765	77.174	276	5	277	37883	38158	3.47e-54	204	69
MZ463753.1	394	nSX00061	142765	77.174	276	5	277	72372	72097	3.47e-54	204	69
MZ463753.1	394	nSX00061	142765	77.174	276	5	277	107365	107090	3.47e-54	204	69
MZ463754.1	394	nSX00061	142765	78.378	259	5	260	23350	23092	9.94e-55	205	65
MZ463754.1	394	nSX00061	142765	78.378	259	5	260	37883	38141	9.94e-55	205	65
MZ463754.1	394	nSX00061	142765	78.378	259	5	260	72372	72114	9.94e-55	205	65
MZ463754.1	394	nSX00061	142765	78.378	259	5	260	107365	107107	9.94e-55	205	65
MZ463755.1	394	nSX00061	142765	77.899	276	5	277	23350	23075	6.70e-57	213	69
MZ463755.1	394	nSX00061	142765	77.899	276	5	277	37883	38158	6.70e-57	213	69
MZ463755.1	394	nSX00061	142765	77.899	276	5	277	72372	72097	6.70e-57	213	69
MZ463755.1	394	nSX00061	142765	77.899	276	5	277	107365	107090	6.70e-57	213	69
MZ463756.1	394	nSX00061	142765	77.174	276	5	277	23350	23075	3.47e-54	204	69
MZ463756.1	394	nSX00061	142765	77.174	276	5	277	37883	38158	3.47e-54	204	69
MZ463756.1	394	nSX00061	142765	77.174	276	5	277	72372	72097	3.47e-54	204	69
MZ463756.1	394	nSX00061	142765	77.174	276	5	277	107365	107090	3.47e-54	204	69
MZ463757.1	394	nSX00061	142765	77.174	276	5	277	23350	23075	3.47e-54	204	69
MZ463757.1	394	nSX00061	142765	77.174	276	5	277	37883	38158	3.47e-54	204	69
MZ463757.1	394	nSX00061	142765	77.174	276	5	277	72372	72097	3.47e-54	204	69
MZ463757.1	394	nSX00061	142765	77.174	276	5	277	107365	107090	3.47e-54	204	69
MZ463758.1	394	nSX00061	142765	77.174	276	5	277	23350	23075	3.47e-54	204	69
MZ463758.1	394	nSX00061	142765	77.174	276	5	277	37883	38158	3.47e-54	204	69
MZ463758.1	394	nSX00061	142765	77.174	276	5	277	72372	72097	3.47e-54	204	69
MZ463758.1	394	nSX00061	142765	77.174	276	5	277	107365	107090	3.47e-54	204	69
MZ463759.1	410	nSX00061	142765	77.174	276	5	277	23350	23075	3.62e-54	204	67
MZ463759.1	410	nSX00061	142765	77.174	276	5	277	37883	38158	3.62e-54	204	67
MZ463759.1	410	nSX00061	142765	77.174	276	5	277	72372	72097	3.62e-54	204	67
MZ463759.1	410	nSX00061	142765	77.174	276	5	277	107365	107090	3.62e-54	204	67
FJ751925.1	394	nSX00061	142765	77.536	276	5	277	23350	23075	8.16e-56	208	69
FJ751925.1	394	nSX00061	142765	77.536	276	5	277	37883	38158	8.16e-56	208	69
FJ751925.1	394	nSX00061	142765	77.536	276	5	277	72372	72097	8.16e-56	208	69
FJ751925.1	394	nSX00061	142765	77.536	276	5	277	107365	107090	8.16e-56	208	69
FJ751926.1	395	nSX00061	142765	77.536	276	5	277	23350	23075	8.18e-56	208	69
FJ751926.1	395	nSX00061	142765	77.536	276	5	277	37883	38158	8.18e-56	208	69
FJ751926.1	395	nSX00061	142765	77.536	276	5	277	72372	72097	8.18e-56	208	69
FJ751926.1	395	nSX00061	142765	77.536	276	5	277	107365	107090	8.18e-56	208	69
FJ751927.1	395	nSX00061	142765	77.174	276	5	277	23350	23075	3.48e-54	204	69
FJ751927.1	395	nSX00061	142765	77.174	276	5	277	37883	38158	3.48e-54	204	69
FJ751927.1	395	nSX00061	142765	77.174	276	5	277	72372	72097	3.48e-54	204	69
FJ751927.1	395	nSX00061	142765	77.174	276	5	277	107365	107090	3.48e-54	204	69
FJ751930.1	395	nSX00061	142765	77.536	276	5	277	23350	23075	8.18e-56	208	69
FJ751930.1	395	nSX00061	142765	77.536	276	5	277	37883	38158	8.18e-56	208	69
FJ751930.1	395	nSX00061	142765	77.536	276	5	277	72372	72097	8.18e-56	208	69
FJ751930.1	395	nSX00061	142765	77.536	276	5	277	107365	107090	8.18e-56	208	69
FJ751933.1	396	nSX00061	142765	77.536	276	6	278	23350	23075	8.20e-56	208	69
FJ751933.1	396	nSX00061	142765	77.536	276	6	278	37883	38158	8.20e-56	208	69
FJ751933.1	396	nSX00061	142765	77.536	276	6	278	72372	72097	8.20e-56	208	69
FJ751933.1	396	nSX00061	142765	77.536	276	6	278	107365	107090	8.20e-56	208	69
FJ751934.1	395	nSX00061	142765	77.536	276	6	278	23350	23075	8.18e-56	208	69
FJ751934.1	395	nSX00061	142765	77.536	276	6	278	37883	38158	8.18e-56	208	69
FJ751934.1	395	nSX00061	142765	77.536	276	6	278	72372	72097	8.18e-56	208	69
FJ751934.1	395	nSX00061	142765	77.536	276	6	278	107365	107090	8.18e-56	208	69
MZ463745.1	387	nSX00062	136447	77.947	263	12	272	68208	67946	2.67e-55	206	67
MZ463745.1	387	nSX00062	136447	77.947	263	12	272	75783	76045	2.67e-55	206	67
MZ463745.1	387	nSX00062	136447	77.947	263	12	272	110247	109985	2.67e-55	206	67
MZ463745.1	387	nSX00062	136447	77.308	260	15	272	15741	16000	4.83e-52	196	67
MZ463746.1	387	nSX00062	136447	77.947	263	12	272	68208	67946	2.67e-55	206	67
MZ463746.1	387	nSX00062	136447	77.947	263	12	272	75783	76045	2.67e-55	206	67
MZ463746.1	387	nSX00062	136447	77.947	263	12	272	110247	109985	2.67e-55	206	67
MZ463746.1	387	nSX00062	136447	77.308	260	15	272	15741	16000	4.83e-52	196	67
MZ463747.1	387	nSX00062	136447	77.567	263	12	272	68208	67946	1.14e-53	202	67
MZ463747.1	387	nSX00062	136447	77.567	263	12	272	75783	76045	1.14e-53	202	67
MZ463747.1	387	nSX00062	136447	77.567	263	12	272	110247	109985	1.14e-53	202	67
MZ463747.1	387	nSX00062	136447	76.923	260	15	272	15741	16000	5.88e-51	192	67
MZ463748.1	387	nSX00062	136447	77.567	263	12	272	68208	67946	1.14e-53	202	67
MZ463748.1	387	nSX00062	136447	77.567	263	12	272	75783	76045	1.14e-53	202	67
MZ463748.1	387	nSX00062	136447	77.567	263	12	272	110247	109985	1.14e-53	202	67
MZ463748.1	387	nSX00062	136447	76.923	260	15	272	15741	16000	5.88e-51	192	67
MZ463749.1	391	nSX00062	136447	77.174	276	5	277	68221	67946	3.29e-54	204	70
MZ463749.1	391	nSX00062	136447	77.174	276	5	277	75770	76045	3.29e-54	204	70
MZ463749.1	391	nSX00062	136447	77.174	276	5	277	110260	109985	3.29e-54	204	70
MZ463749.1	391	nSX00062	136447	76.534	277	5	277	15724	16000	5.95e-51	193	70
MZ463750.1	392	nSX00062	136447	76.812	276	5	277	68221	67946	4.02e-53	199	70
MZ463750.1	392	nSX00062	136447	76.812	276	5	277	75770	76045	4.02e-53	199	70
MZ463750.1	392	nSX00062	136447	76.812	276	5	277	110260	109985	4.02e-53	199	70
MZ463750.1	392	nSX00062	136447	76.173	277	5	277	15724	16000	7.26e-50	188	70
MZ463751.1	393	nSX00062	136447	77.536	276	5	277	68221	67946	7.78e-56	208	69
MZ463751.1	393	nSX00062	136447	77.536	276	5	277	75770	76045	7.78e-56	208	69
MZ463751.1	393	nSX00062	136447	77.536	276	5	277	110260	109985	7.78e-56	208	69
MZ463751.1	393	nSX00062	136447	76.895	277	5	277	15724	16000	1.41e-52	197	69
MZ463752.1	394	nSX00062	136447	77.536	276	5	277	68221	67946	7.80e-56	208	69
MZ463752.1	394	nSX00062	136447	77.536	276	5	277	75770	76045	7.80e-56	208	69
MZ463752.1	394	nSX00062	136447	77.536	276	5	277	110260	109985	7.80e-56	208	69
MZ463752.1	394	nSX00062	136447	76.895	277	5	277	15724	16000	1.41e-52	197	69
MZ463753.1	394	nSX00062	136447	77.174	276	5	277	68221	67946	3.32e-54	204	69
MZ463753.1	394	nSX00062	136447	77.174	276	5	277	75770	76045	3.32e-54	204	69
MZ463753.1	394	nSX00062	136447	77.174	276	5	277	110260	109985	3.32e-54	204	69
MZ463753.1	394	nSX00062	136447	76.534	277	5	277	15724	16000	5.99e-51	193	69
MZ463754.1	394	nSX00062	136447	78.378	259	5	260	68221	67963	9.50e-55	205	65
MZ463754.1	394	nSX00062	136447	78.378	259	5	260	75770	76028	9.50e-55	205	65
MZ463754.1	394	nSX00062	136447	78.378	259	5	260	110260	110002	9.50e-55	205	65
MZ463754.1	394	nSX00062	136447	78.077	260	5	260	15724	15983	1.41e-52	198	65
MZ463755.1	394	nSX00062	136447	77.899	276	5	277	68221	67946	6.40e-57	213	69
MZ463755.1	394	nSX00062	136447	77.899	276	5	277	75770	76045	6.40e-57	213	69
MZ463755.1	394	nSX00062	136447	77.899	276	5	277	110260	109985	6.40e-57	213	69
MZ463755.1	394	nSX00062	136447	77.256	277	5	277	15724	16000	1.16e-53	202	69
MZ463756.1	394	nSX00062	136447	77.174	276	5	277	68221	67946	3.32e-54	204	69
MZ463756.1	394	nSX00062	136447	77.174	276	5	277	75770	76045	3.32e-54	204	69
MZ463756.1	394	nSX00062	136447	77.174	276	5	277	110260	109985	3.32e-54	204	69
MZ463756.1	394	nSX00062	136447	76.534	277	5	277	15724	16000	5.99e-51	193	69
MZ463757.1	394	nSX00062	136447	77.174	276	5	277	68221	67946	3.32e-54	204	69
MZ463757.1	394	nSX00062	136447	77.174	276	5	277	75770	76045	3.32e-54	204	69
MZ463757.1	394	nSX00062	136447	77.174	276	5	277	110260	109985	3.32e-54	204	69
MZ463757.1	394	nSX00062	136447	76.534	277	5	277	15724	16000	5.99e-51	193	69
MZ463758.1	394	nSX00062	136447	77.174	276	5	277	68221	67946	3.32e-54	204	69
MZ463758.1	394	nSX00062	136447	77.174	276	5	277	75770	76045	3.32e-54	204	69
MZ463758.1	394	nSX00062	136447	77.174	276	5	277	110260	109985	3.32e-54	204	69
MZ463758.1	394	nSX00062	136447	76.534	277	5	277	15724	16000	5.99e-51	193	69
MZ463759.1	410	nSX00062	136447	77.174	276	5	277	68221	67946	3.46e-54	204	67
MZ463759.1	410	nSX00062	136447	77.174	276	5	277	75770	76045	3.46e-54	204	67
MZ463759.1	410	nSX00062	136447	77.174	276	5	277	110260	109985	3.46e-54	204	67
MZ463759.1	410	nSX00062	136447	76.534	277	5	277	15724	16000	6.25e-51	193	67
FJ751925.1	394	nSX00062	136447	77.536	276	5	277	68221	67946	7.80e-56	208	69
FJ751925.1	394	nSX00062	136447	77.536	276	5	277	75770	76045	7.80e-56	208	69
FJ751925.1	394	nSX00062	136447	77.536	276	5	277	110260	109985	7.80e-56	208	69
FJ751925.1	394	nSX00062	136447	76.895	277	5	277	15724	16000	1.41e-52	197	69
FJ751926.1	395	nSX00062	136447	77.536	276	5	277	68221	67946	7.82e-56	208	69
FJ751926.1	395	nSX00062	136447	77.536	276	5	277	75770	76045	7.82e-56	208	69
FJ751926.1	395	nSX00062	136447	77.536	276	5	277	110260	109985	7.82e-56	208	69
FJ751926.1	395	nSX00062	136447	76.895	277	5	277	15724	16000	1.41e-52	197	69
FJ751927.1	395	nSX00062	136447	77.174	276	5	277	68221	67946	3.32e-54	204	69
FJ751927.1	395	nSX00062	136447	77.174	276	5	277	75770	76045	3.32e-54	204	69
FJ751927.1	395	nSX00062	136447	77.174	276	5	277	110260	109985	3.32e-54	204	69
FJ751927.1	395	nSX00062	136447	76.895	277	5	277	15724	16000	1.41e-52	197	69
FJ751930.1	395	nSX00062	136447	77.536	276	5	277	68221	67946	7.82e-56	208	69
FJ751930.1	395	nSX00062	136447	77.536	276	5	277	75770	76045	7.82e-56	208	69
FJ751930.1	395	nSX00062	136447	77.536	276	5	277	110260	109985	7.82e-56	208	69
FJ751930.1	395	nSX00062	136447	76.895	277	5	277	15724	16000	1.41e-52	197	69
FJ751933.1	396	nSX00062	136447	77.536	276	6	278	68221	67946	7.84e-56	208	69
FJ751933.1	396	nSX00062	136447	77.536	276	6	278	75770	76045	7.84e-56	208	69
FJ751933.1	396	nSX00062	136447	77.536	276	6	278	110260	109985	7.84e-56	208	69
FJ751933.1	396	nSX00062	136447	76.895	277	6	278	15724	16000	1.42e-52	197	69
FJ751934.1	395	nSX00062	136447	77.536	276	6	278	68221	67946	7.82e-56	208	69
FJ751934.1	395	nSX00062	136447	77.536	276	6	278	75770	76045	7.82e-56	208	69
FJ751934.1	395	nSX00062	136447	77.536	276	6	278	110260	109985	7.82e-56	208	69
FJ751934.1	395	nSX00062	136447	76.895	277	6	278	15724	16000	1.41e-52	197	69
MZ463745.1	387	nSX00064	132130	77.947	263	12	272	7377	7639	2.59e-55	206	67
MZ463745.1	387	nSX00064	132130	77.947	263	12	272	55312	55050	2.59e-55	206	67
MZ463745.1	387	nSX00064	132130	77.947	263	12	272	68015	67753	2.59e-55	206	67
MZ463746.1	387	nSX00064	132130	77.947	263	12	272	7377	7639	2.59e-55	206	67
MZ463746.1	387	nSX00064	132130	77.947	263	12	272	55312	55050	2.59e-55	206	67
MZ463746.1	387	nSX00064	132130	77.947	263	12	272	68015	67753	2.59e-55	206	67
MZ463747.1	387	nSX00064	132130	77.567	263	12	272	7377	7639	1.10e-53	202	67
MZ463747.1	387	nSX00064	132130	77.567	263	12	272	55312	55050	1.10e-53	202	67
MZ463747.1	387	nSX00064	132130	77.567	263	12	272	68015	67753	1.10e-53	202	67
MZ463748.1	387	nSX00064	132130	77.567	263	12	272	7377	7639	1.10e-53	202	67
MZ463748.1	387	nSX00064	132130	77.567	263	12	272	55312	55050	1.10e-53	202	67
MZ463748.1	387	nSX00064	132130	77.567	263	12	272	68015	67753	1.10e-53	202	67
MZ463749.1	391	nSX00064	132130	77.174	276	5	277	7364	7639	3.18e-54	204	70
MZ463749.1	391	nSX00064	132130	77.174	276	5	277	55325	55050	3.18e-54	204	70
MZ463749.1	391	nSX00064	132130	77.174	276	5	277	68028	67753	3.18e-54	204	70
MZ463750.1	392	nSX00064	132130	76.812	276	5	277	7364	7639	3.89e-53	199	70
MZ463750.1	392	nSX00064	132130	76.812	276	5	277	55325	55050	3.89e-53	199	70
MZ463750.1	392	nSX00064	132130	76.812	276	5	277	68028	67753	3.89e-53	199	70
MZ463751.1	393	nSX00064	132130	77.536	276	5	277	7364	7639	7.53e-56	208	69
MZ463751.1	393	nSX00064	132130	77.536	276	5	277	55325	55050	7.53e-56	208	69
MZ463751.1	393	nSX00064	132130	77.536	276	5	277	68028	67753	7.53e-56	208	69
MZ463752.1	394	nSX00064	132130	77.536	276	5	277	7364	7639	7.55e-56	208	69
MZ463752.1	394	nSX00064	132130	77.536	276	5	277	55325	55050	7.55e-56	208	69
MZ463752.1	394	nSX00064	132130	77.536	276	5	277	68028	67753	7.55e-56	208	69
MZ463753.1	394	nSX00064	132130	77.174	276	5	277	7364	7639	3.21e-54	204	69
MZ463753.1	394	nSX00064	132130	77.174	276	5	277	55325	55050	3.21e-54	204	69
MZ463753.1	394	nSX00064	132130	77.174	276	5	277	68028	67753	3.21e-54	204	69
MZ463754.1	394	nSX00064	132130	78.378	259	5	260	7364	7622	9.20e-55	205	65
MZ463754.1	394	nSX00064	132130	78.378	259	5	260	55325	55067	9.20e-55	205	65
MZ463754.1	394	nSX00064	132130	78.378	259	5	260	68028	67770	9.20e-55	205	65
MZ463755.1	394	nSX00064	132130	77.899	276	5	277	7364	7639	6.20e-57	213	69
MZ463755.1	394	nSX00064	132130	77.899	276	5	277	55325	55050	6.20e-57	213	69
MZ463755.1	394	nSX00064	132130	77.899	276	5	277	68028	67753	6.20e-57	213	69
MZ463756.1	394	nSX00064	132130	77.174	276	5	277	7364	7639	3.21e-54	204	69
MZ463756.1	394	nSX00064	132130	77.174	276	5	277	55325	55050	3.21e-54	204	69
MZ463756.1	394	nSX00064	132130	77.174	276	5	277	68028	67753	3.21e-54	204	69
MZ463757.1	394	nSX00064	132130	77.174	276	5	277	7364	7639	3.21e-54	204	69
MZ463757.1	394	nSX00064	132130	77.174	276	5	277	55325	55050	3.21e-54	204	69
MZ463757.1	394	nSX00064	132130	77.174	276	5	277	68028	67753	3.21e-54	204	69
MZ463758.1	394	nSX00064	132130	77.174	276	5	277	7364	7639	3.21e-54	204	69
MZ463758.1	394	nSX00064	132130	77.174	276	5	277	55325	55050	3.21e-54	204	69
MZ463758.1	394	nSX00064	132130	77.174	276	5	277	68028	67753	3.21e-54	204	69
MZ463759.1	410	nSX00064	132130	77.174	276	5	277	7364	7639	3.35e-54	204	67
MZ463759.1	410	nSX00064	132130	77.174	276	5	277	55325	55050	3.35e-54	204	67
MZ463759.1	410	nSX00064	132130	77.174	276	5	277	68028	67753	3.35e-54	204	67
FJ751925.1	394	nSX00064	132130	77.536	276	5	277	7364	7639	7.55e-56	208	69
FJ751925.1	394	nSX00064	132130	77.536	276	5	277	55325	55050	7.55e-56	208	69
FJ751925.1	394	nSX00064	132130	77.536	276	5	277	68028	67753	7.55e-56	208	69
FJ751926.1	395	nSX00064	132130	77.536	276	5	277	7364	7639	7.57e-56	208	69
FJ751926.1	395	nSX00064	132130	77.536	276	5	277	55325	55050	7.57e-56	208	69
FJ751926.1	395	nSX00064	132130	77.536	276	5	277	68028	67753	7.57e-56	208	69
FJ751927.1	395	nSX00064	132130	77.174	276	5	277	7364	7639	3.22e-54	204	69
FJ751927.1	395	nSX00064	132130	77.174	276	5	277	55325	55050	3.22e-54	204	69
FJ751927.1	395	nSX00064	132130	77.174	276	5	277	68028	67753	3.22e-54	204	69
FJ751930.1	395	nSX00064	132130	77.536	276	5	277	7364	7639	7.57e-56	208	69
FJ751930.1	395	nSX00064	132130	77.536	276	5	277	55325	55050	7.57e-56	208	69
FJ751930.1	395	nSX00064	132130	77.536	276	5	277	68028	67753	7.57e-56	208	69
FJ751933.1	396	nSX00064	132130	77.536	276	6	278	7364	7639	7.59e-56	208	69
FJ751933.1	396	nSX00064	132130	77.536	276	6	278	55325	55050	7.59e-56	208	69
FJ751933.1	396	nSX00064	132130	77.536	276	6	278	68028	67753	7.59e-56	208	69
FJ751934.1	395	nSX00064	132130	77.536	276	6	278	7364	7639	7.57e-56	208	69
FJ751934.1	395	nSX00064	132130	77.536	276	6	278	55325	55050	7.57e-56	208	69
FJ751934.1	395	nSX00064	132130	77.536	276	6	278	68028	67753	7.57e-56	208	69
MZ463745.1	387	nSX00065	131589	77.947	263	12	272	8640	8378	2.58e-55	206	67
MZ463745.1	387	nSX00065	131589	77.947	263	12	272	129970	130232	2.58e-55	206	67
MZ463746.1	387	nSX00065	131589	77.947	263	12	272	8640	8378	2.58e-55	206	67
MZ463746.1	387	nSX00065	131589	77.947	263	12	272	129970	130232	2.58e-55	206	67
MZ463747.1	387	nSX00065	131589	77.567	263	12	272	8640	8378	1.10e-53	202	67
MZ463747.1	387	nSX00065	131589	77.567	263	12	272	129970	130232	1.10e-53	202	67
MZ463748.1	387	nSX00065	131589	77.567	263	12	272	8640	8378	1.10e-53	202	67
MZ463748.1	387	nSX00065	131589	77.567	263	12	272	129970	130232	1.10e-53	202	67
MZ463749.1	391	nSX00065	131589	77.174	276	5	277	8653	8378	3.17e-54	204	70
MZ463749.1	391	nSX00065	131589	77.174	276	5	277	129957	130232	3.17e-54	204	70
MZ463750.1	392	nSX00065	131589	76.812	276	5	277	8653	8378	3.87e-53	199	70
MZ463750.1	392	nSX00065	131589	76.812	276	5	277	129957	130232	3.87e-53	199	70
MZ463751.1	393	nSX00065	131589	77.536	276	5	277	8653	8378	7.50e-56	208	69
MZ463751.1	393	nSX00065	131589	77.536	276	5	277	129957	130232	7.50e-56	208	69
MZ463752.1	394	nSX00065	131589	77.536	276	5	277	8653	8378	7.52e-56	208	69
MZ463752.1	394	nSX00065	131589	77.536	276	5	277	129957	130232	7.52e-56	208	69
MZ463753.1	394	nSX00065	131589	77.174	276	5	277	8653	8378	3.20e-54	204	69
MZ463753.1	394	nSX00065	131589	77.174	276	5	277	129957	130232	3.20e-54	204	69
MZ463754.1	394	nSX00065	131589	78.378	259	5	260	8653	8395	9.16e-55	205	65
MZ463754.1	394	nSX00065	131589	78.378	259	5	260	129957	130215	9.16e-55	205	65
MZ463755.1	394	nSX00065	131589	77.899	276	5	277	8653	8378	6.17e-57	213	69
MZ463755.1	394	nSX00065	131589	77.899	276	5	277	129957	130232	6.17e-57	213	69
MZ463756.1	394	nSX00065	131589	77.174	276	5	277	8653	8378	3.20e-54	204	69
MZ463756.1	394	nSX00065	131589	77.174	276	5	277	129957	130232	3.20e-54	204	69
MZ463757.1	394	nSX00065	131589	77.174	276	5	277	8653	8378	3.20e-54	204	69
MZ463757.1	394	nSX00065	131589	77.174	276	5	277	129957	130232	3.20e-54	204	69
MZ463758.1	394	nSX00065	131589	77.174	276	5	277	8653	8378	3.20e-54	204	69
MZ463758.1	394	nSX00065	131589	77.174	276	5	277	129957	130232	3.20e-54	204	69
MZ463759.1	410	nSX00065	131589	77.174	276	5	277	8653	8378	3.33e-54	204	67
MZ463759.1	410	nSX00065	131589	77.174	276	5	277	129957	130232	3.33e-54	204	67
FJ751925.1	394	nSX00065	131589	77.536	276	5	277	8653	8378	7.52e-56	208	69
FJ751925.1	394	nSX00065	131589	77.536	276	5	277	129957	130232	7.52e-56	208	69
FJ751926.1	395	nSX00065	131589	77.536	276	5	277	8653	8378	7.54e-56	208	69
FJ751926.1	395	nSX00065	131589	77.536	276	5	277	129957	130232	7.54e-56	208	69
FJ751927.1	395	nSX00065	131589	77.174	276	5	277	8653	8378	3.21e-54	204	69
FJ751927.1	395	nSX00065	131589	77.174	276	5	277	129957	130232	3.21e-54	204	69
FJ751930.1	395	nSX00065	131589	77.536	276	5	277	8653	8378	7.54e-56	208	69
FJ751930.1	395	nSX00065	131589	77.536	276	5	277	129957	130232	7.54e-56	208	69
FJ751933.1	396	nSX00065	131589	77.536	276	6	278	8653	8378	7.56e-56	208	69
FJ751933.1	396	nSX00065	131589	77.536	276	6	278	129957	130232	7.56e-56	208	69
FJ751934.1	395	nSX00065	131589	77.536	276	6	278	8653	8378	7.54e-56	208	69
FJ751934.1	395	nSX00065	131589	77.536	276	6	278	129957	130232	7.54e-56	208	69
MZ463745.1	387	nSX00066	129892	77.947	263	12	272	9910	10172	2.54e-55	206	67
MZ463745.1	387	nSX00066	129892	77.273	264	12	272	44434	44171	3.77e-53	200	67
MZ463746.1	387	nSX00066	129892	77.947	263	12	272	9910	10172	2.54e-55	206	67
MZ463746.1	387	nSX00066	129892	77.273	264	12	272	44434	44171	3.77e-53	200	67
MZ463747.1	387	nSX00066	129892	77.567	263	12	272	9910	10172	1.08e-53	202	67
MZ463747.1	387	nSX00066	129892	76.894	264	12	272	44434	44171	4.60e-52	196	67
MZ463748.1	387	nSX00066	129892	77.567	263	12	272	9910	10172	1.08e-53	202	67
MZ463748.1	387	nSX00066	129892	76.894	264	12	272	44434	44171	4.60e-52	196	67
MZ463749.1	391	nSX00066	129892	77.174	276	5	277	9897	10172	3.13e-54	204	70
MZ463749.1	391	nSX00066	129892	76.534	277	5	277	44447	44171	1.33e-52	197	70
MZ463750.1	392	nSX00066	129892	76.812	276	5	277	9897	10172	3.82e-53	199	70
MZ463750.1	392	nSX00066	129892	76.173	277	5	277	44447	44171	5.68e-51	193	70
MZ463751.1	393	nSX00066	129892	77.536	276	5	277	9897	10172	7.40e-56	208	69
MZ463751.1	393	nSX00066	129892	76.895	277	5	277	44447	44171	1.10e-53	202	69
MZ463752.1	394	nSX00066	129892	77.536	276	5	277	9897	10172	7.42e-56	208	69
MZ463752.1	394	nSX00066	129892	76.895	277	5	277	44447	44171	1.10e-53	202	69
MZ463753.1	394	nSX00066	129892	77.174	276	5	277	9897	10172	3.16e-54	204	69
MZ463753.1	394	nSX00066	129892	76.534	277	5	277	44447	44171	1.34e-52	197	69
MZ463754.1	394	nSX00066	129892	78.378	259	5	260	9897	10155	9.04e-55	205	65
MZ463754.1	394	nSX00066	129892	78.077	260	5	260	44447	44188	1.34e-52	198	65
MZ463755.1	394	nSX00066	129892	77.899	276	5	277	9897	10172	6.09e-57	213	69
MZ463755.1	394	nSX00066	129892	77.256	277	5	277	44447	44171	2.59e-55	206	69
MZ463756.1	394	nSX00066	129892	77.174	276	5	277	9897	10172	3.16e-54	204	69
MZ463756.1	394	nSX00066	129892	76.534	277	5	277	44447	44171	1.34e-52	197	69
MZ463757.1	394	nSX00066	129892	77.174	276	5	277	9897	10172	3.16e-54	204	69
MZ463757.1	394	nSX00066	129892	76.534	277	5	277	44447	44171	1.34e-52	197	69
MZ463758.1	394	nSX00066	129892	77.174	276	5	277	9897	10172	3.16e-54	204	69
MZ463758.1	394	nSX00066	129892	76.534	277	5	277	44447	44171	1.34e-52	197	69
MZ463759.1	410	nSX00066	129892	77.174	276	5	277	9897	10172	3.29e-54	204	67
MZ463759.1	410	nSX00066	129892	76.534	277	5	277	44447	44171	1.40e-52	197	67
FJ751925.1	394	nSX00066	129892	77.536	276	5	277	9897	10172	7.42e-56	208	69
FJ751925.1	394	nSX00066	129892	76.895	277	5	277	44447	44171	1.10e-53	202	69
FJ751926.1	395	nSX00066	129892	77.536	276	5	277	9897	10172	7.44e-56	208	69
FJ751926.1	395	nSX00066	129892	76.895	277	5	277	44447	44171	1.10e-53	202	69
FJ751927.1	395	nSX00066	129892	77.174	276	5	277	9897	10172	3.16e-54	204	69
FJ751927.1	395	nSX00066	129892	76.534	277	5	277	44447	44171	1.35e-52	197	69
FJ751930.1	395	nSX00066	129892	77.536	276	5	277	9897	10172	7.44e-56	208	69
FJ751930.1	395	nSX00066	129892	76.895	277	5	277	44447	44171	1.10e-53	202	69
FJ751933.1	396	nSX00066	129892	77.536	276	6	278	9897	10172	7.46e-56	208	69
FJ751933.1	396	nSX00066	129892	76.895	277	6	278	44447	44171	1.11e-53	202	69
FJ751934.1	395	nSX00066	129892	77.536	276	6	278	9897	10172	7.44e-56	208	69
FJ751934.1	395	nSX00066	129892	76.895	277	6	278	44447	44171	1.10e-53	202	69
MZ463745.1	387	nSX00067	129892	77.947	263	12	272	17370	17108	2.54e-55	206	67
MZ463746.1	387	nSX00067	129892	77.947	263	12	272	17370	17108	2.54e-55	206	67
MZ463747.1	387	nSX00067	129892	77.567	263	12	272	17370	17108	1.08e-53	202	67
MZ463748.1	387	nSX00067	129892	77.567	263	12	272	17370	17108	1.08e-53	202	67
MZ463749.1	391	nSX00067	129892	77.174	276	5	277	17383	17108	3.13e-54	204	70
MZ463750.1	392	nSX00067	129892	76.812	276	5	277	17383	17108	3.82e-53	199	70
MZ463751.1	393	nSX00067	129892	77.536	276	5	277	17383	17108	7.40e-56	208	69
MZ463752.1	394	nSX00067	129892	77.536	276	5	277	17383	17108	7.42e-56	208	69
MZ463753.1	394	nSX00067	129892	77.174	276	5	277	17383	17108	3.16e-54	204	69
MZ463754.1	394	nSX00067	129892	78.378	259	5	260	17383	17125	9.04e-55	205	65
MZ463755.1	394	nSX00067	129892	77.899	276	5	277	17383	17108	6.09e-57	213	69
MZ463756.1	394	nSX00067	129892	77.174	276	5	277	17383	17108	3.16e-54	204	69
MZ463757.1	394	nSX00067	129892	77.174	276	5	277	17383	17108	3.16e-54	204	69
MZ463758.1	394	nSX00067	129892	77.174	276	5	277	17383	17108	3.16e-54	204	69
MZ463759.1	410	nSX00067	129892	77.174	276	5	277	17383	17108	3.29e-54	204	67
FJ751925.1	394	nSX00067	129892	77.536	276	5	277	17383	17108	7.42e-56	208	69
FJ751926.1	395	nSX00067	129892	77.536	276	5	277	17383	17108	7.44e-56	208	69
FJ751927.1	395	nSX00067	129892	77.174	276	5	277	17383	17108	3.16e-54	204	69
FJ751930.1	395	nSX00067	129892	77.536	276	5	277	17383	17108	7.44e-56	208	69
FJ751933.1	396	nSX00067	129892	77.536	276	6	278	17383	17108	7.46e-56	208	69
FJ751934.1	395	nSX00067	129892	77.536	276	6	278	17383	17108	7.44e-56	208	69
MZ463745.1	387	nSX00074	121260	77.567	263	12	272	85051	84789	1.01e-53	202	67
MZ463745.1	387	nSX00074	121260	77.652	264	12	272	35555	35817	4.29e-52	196	67
MZ463746.1	387	nSX00074	121260	77.567	263	12	272	85051	84789	1.01e-53	202	67
MZ463746.1	387	nSX00074	121260	77.652	264	12	272	35555	35817	4.29e-52	196	67
MZ463747.1	387	nSX00074	121260	77.186	263	12	272	85051	84789	1.23e-52	197	67
MZ463747.1	387	nSX00074	121260	77.273	264	12	272	35555	35817	5.23e-51	192	67
MZ463748.1	387	nSX00074	121260	77.186	263	12	272	85051	84789	1.23e-52	197	67
MZ463748.1	387	nSX00074	121260	77.273	264	12	272	35555	35817	5.23e-51	192	67
MZ463749.1	391	nSX00074	121260	76.812	276	5	277	85064	84789	3.56e-53	199	70
MZ463749.1	391	nSX00074	121260	76.895	277	5	277	35542	35817	1.51e-51	194	70
MZ463750.1	392	nSX00074	121260	76.449	276	5	277	85064	84789	1.52e-51	195	70
MZ463750.1	392	nSX00074	121260	76.534	277	5	277	35542	35817	6.45e-50	189	70
MZ463751.1	393	nSX00074	121260	77.174	276	5	277	85064	84789	2.94e-54	204	69
MZ463751.1	393	nSX00074	121260	77.256	277	5	277	35542	35817	1.25e-52	198	69
MZ463752.1	394	nSX00074	121260	77.174	276	5	277	85064	84789	2.95e-54	204	69
MZ463752.1	394	nSX00074	121260	77.256	277	5	277	35542	35817	1.25e-52	198	69
MZ463753.1	394	nSX00074	121260	76.812	276	5	277	85064	84789	3.59e-53	199	69
MZ463753.1	394	nSX00074	121260	76.895	277	5	277	35542	35817	1.53e-51	194	69
MZ463754.1	394	nSX00074	121260	77.992	259	5	260	85064	84806	3.59e-53	200	65
MZ463754.1	394	nSX00074	121260	78.077	260	5	260	35542	35800	1.53e-51	195	65
MZ463755.1	394	nSX00074	121260	77.536	276	5	277	85064	84789	6.93e-56	208	69
MZ463755.1	394	nSX00074	121260	77.617	277	5	277	35542	35817	2.95e-54	203	69
MZ463756.1	394	nSX00074	121260	76.812	276	5	277	85064	84789	3.59e-53	199	69
MZ463756.1	394	nSX00074	121260	76.895	277	5	277	35542	35817	1.53e-51	194	69
MZ463757.1	394	nSX00074	121260	76.812	276	5	277	85064	84789	3.59e-53	199	69
MZ463757.1	394	nSX00074	121260	76.895	277	5	277	35542	35817	1.53e-51	194	69
MZ463758.1	394	nSX00074	121260	76.812	276	5	277	85064	84789	3.59e-53	199	69
MZ463758.1	394	nSX00074	121260	76.895	277	5	277	35542	35817	1.53e-51	194	69
MZ463759.1	410	nSX00074	121260	76.812	276	5	277	85064	84789	3.74e-53	199	67
MZ463759.1	410	nSX00074	121260	76.895	277	5	277	35542	35817	1.59e-51	194	67
FJ751925.1	394	nSX00074	121260	77.174	276	5	277	85064	84789	2.95e-54	204	69
FJ751925.1	394	nSX00074	121260	77.256	277	5	277	35542	35817	1.25e-52	198	69
FJ751926.1	395	nSX00074	121260	77.174	276	5	277	85064	84789	2.95e-54	204	69
FJ751926.1	395	nSX00074	121260	77.256	277	5	277	35542	35817	1.26e-52	198	69
FJ751927.1	395	nSX00074	121260	76.812	276	5	277	85064	84789	3.60e-53	199	69
FJ751927.1	395	nSX00074	121260	76.895	277	5	277	35542	35817	1.53e-51	194	69
FJ751930.1	395	nSX00074	121260	77.174	276	5	277	85064	84789	2.95e-54	204	69
FJ751930.1	395	nSX00074	121260	77.256	277	5	277	35542	35817	1.26e-52	198	69
FJ751933.1	396	nSX00074	121260	77.174	276	6	278	85064	84789	2.96e-54	204	69
FJ751933.1	396	nSX00074	121260	77.256	277	6	278	35542	35817	1.26e-52	198	69
FJ751934.1	395	nSX00074	121260	77.174	276	6	278	85064	84789	2.95e-54	204	69
FJ751934.1	395	nSX00074	121260	77.256	277	6	278	35542	35817	1.26e-52	198	69
MZ463745.1	387	nSX00075	121005	77.947	263	12	272	34708	34970	2.37e-55	206	67
MZ463745.1	387	nSX00075	121005	77.947	263	12	272	51324	51586	2.37e-55	206	67
MZ463745.1	387	nSX00075	121005	77.947	263	12	272	108068	107806	2.37e-55	206	67
MZ463746.1	387	nSX00075	121005	77.947	263	12	272	34708	34970	2.37e-55	206	67
MZ463746.1	387	nSX00075	121005	77.947	263	12	272	51324	51586	2.37e-55	206	67
MZ463746.1	387	nSX00075	121005	77.947	263	12	272	108068	107806	2.37e-55	206	67
MZ463747.1	387	nSX00075	121005	77.567	263	12	272	34708	34970	1.01e-53	202	67
MZ463747.1	387	nSX00075	121005	77.567	263	12	272	51324	51586	1.01e-53	202	67
MZ463747.1	387	nSX00075	121005	77.567	263	12	272	108068	107806	1.01e-53	202	67
MZ463748.1	387	nSX00075	121005	77.567	263	12	272	34708	34970	1.01e-53	202	67
MZ463748.1	387	nSX00075	121005	77.567	263	12	272	51324	51586	1.01e-53	202	67
MZ463748.1	387	nSX00075	121005	77.567	263	12	272	108068	107806	1.01e-53	202	67
MZ463749.1	391	nSX00075	121005	77.174	276	5	277	34695	34970	2.92e-54	204	70
MZ463749.1	391	nSX00075	121005	77.174	276	5	277	51311	51586	2.92e-54	204	70
MZ463749.1	391	nSX00075	121005	77.174	276	5	277	108081	107806	2.92e-54	204	70
MZ463750.1	392	nSX00075	121005	76.812	276	5	277	34695	34970	3.56e-53	199	70
MZ463750.1	392	nSX00075	121005	76.812	276	5	277	51311	51586	3.56e-53	199	70
MZ463750.1	392	nSX00075	121005	76.812	276	5	277	108081	107806	3.56e-53	199	70
MZ463751.1	393	nSX00075	121005	77.536	276	5	277	34695	34970	6.90e-56	208	69
MZ463751.1	393	nSX00075	121005	77.536	276	5	277	51311	51586	6.90e-56	208	69
MZ463751.1	393	nSX00075	121005	77.536	276	5	277	108081	107806	6.90e-56	208	69
MZ463752.1	394	nSX00075	121005	77.536	276	5	277	34695	34970	6.91e-56	208	69
MZ463752.1	394	nSX00075	121005	77.536	276	5	277	51311	51586	6.91e-56	208	69
MZ463752.1	394	nSX00075	121005	77.536	276	5	277	108081	107806	6.91e-56	208	69
MZ463753.1	394	nSX00075	121005	77.174	276	5	277	34695	34970	2.94e-54	204	69
MZ463753.1	394	nSX00075	121005	77.174	276	5	277	51311	51586	2.94e-54	204	69
MZ463753.1	394	nSX00075	121005	77.174	276	5	277	108081	107806	2.94e-54	204	69
MZ463754.1	394	nSX00075	121005	78.378	259	5	260	34695	34953	8.42e-55	205	65
MZ463754.1	394	nSX00075	121005	78.378	259	5	260	51311	51569	8.42e-55	205	65
MZ463754.1	394	nSX00075	121005	78.378	259	5	260	108081	107823	8.42e-55	205	65
MZ463755.1	394	nSX00075	121005	77.899	276	5	277	34695	34970	5.68e-57	213	69
MZ463755.1	394	nSX00075	121005	77.899	276	5	277	51311	51586	5.68e-57	213	69
MZ463755.1	394	nSX00075	121005	77.899	276	5	277	108081	107806	5.68e-57	213	69
MZ463756.1	394	nSX00075	121005	77.174	276	5	277	34695	34970	2.94e-54	204	69
MZ463756.1	394	nSX00075	121005	77.174	276	5	277	51311	51586	2.94e-54	204	69
MZ463756.1	394	nSX00075	121005	77.174	276	5	277	108081	107806	2.94e-54	204	69
MZ463757.1	394	nSX00075	121005	77.174	276	5	277	34695	34970	2.94e-54	204	69
MZ463757.1	394	nSX00075	121005	77.174	276	5	277	51311	51586	2.94e-54	204	69
MZ463757.1	394	nSX00075	121005	77.174	276	5	277	108081	107806	2.94e-54	204	69
MZ463758.1	394	nSX00075	121005	77.174	276	5	277	34695	34970	2.94e-54	204	69
MZ463758.1	394	nSX00075	121005	77.174	276	5	277	51311	51586	2.94e-54	204	69
MZ463758.1	394	nSX00075	121005	77.174	276	5	277	108081	107806	2.94e-54	204	69
MZ463759.1	410	nSX00075	121005	77.174	276	5	277	34695	34970	3.07e-54	204	67
MZ463759.1	410	nSX00075	121005	77.174	276	5	277	51311	51586	3.07e-54	204	67
MZ463759.1	410	nSX00075	121005	77.174	276	5	277	108081	107806	3.07e-54	204	67
FJ751925.1	394	nSX00075	121005	77.536	276	5	277	34695	34970	6.91e-56	208	69
FJ751925.1	394	nSX00075	121005	77.536	276	5	277	51311	51586	6.91e-56	208	69
FJ751925.1	394	nSX00075	121005	77.536	276	5	277	108081	107806	6.91e-56	208	69
FJ751926.1	395	nSX00075	121005	77.536	276	5	277	34695	34970	6.93e-56	208	69
FJ751926.1	395	nSX00075	121005	77.536	276	5	277	51311	51586	6.93e-56	208	69
FJ751926.1	395	nSX00075	121005	77.536	276	5	277	108081	107806	6.93e-56	208	69
FJ751927.1	395	nSX00075	121005	77.174	276	5	277	34695	34970	2.95e-54	204	69
FJ751927.1	395	nSX00075	121005	77.174	276	5	277	51311	51586	2.95e-54	204	69
FJ751927.1	395	nSX00075	121005	77.174	276	5	277	108081	107806	2.95e-54	204	69
FJ751930.1	395	nSX00075	121005	77.536	276	5	277	34695	34970	6.93e-56	208	69
FJ751930.1	395	nSX00075	121005	77.536	276	5	277	51311	51586	6.93e-56	208	69
FJ751930.1	395	nSX00075	121005	77.536	276	5	277	108081	107806	6.93e-56	208	69
FJ751933.1	396	nSX00075	121005	77.536	276	6	278	34695	34970	6.95e-56	208	69
FJ751933.1	396	nSX00075	121005	77.536	276	6	278	51311	51586	6.95e-56	208	69
FJ751933.1	396	nSX00075	121005	77.536	276	6	278	108081	107806	6.95e-56	208	69
FJ751934.1	395	nSX00075	121005	77.536	276	6	278	34695	34970	6.93e-56	208	69
FJ751934.1	395	nSX00075	121005	77.536	276	6	278	51311	51586	6.93e-56	208	69
FJ751934.1	395	nSX00075	121005	77.536	276	6	278	108081	107806	6.93e-56	208	69
MZ463745.1	387	nSX00077	120903	79.104	268	6	272	85362	85096	8.82e-61	224	69
MZ463745.1	387	nSX00077	120903	78.764	259	6	262	42736	42480	1.94e-56	210	69
MZ463746.1	387	nSX00077	120903	78.731	268	6	272	85362	85096	3.75e-59	220	69
MZ463746.1	387	nSX00077	120903	78.378	259	6	262	42736	42480	8.26e-55	205	69
MZ463747.1	387	nSX00077	120903	78.731	268	6	272	85362	85096	3.75e-59	220	69
MZ463747.1	387	nSX00077	120903	78.378	259	6	262	42736	42480	8.26e-55	205	69
MZ463748.1	387	nSX00077	120903	78.731	268	6	272	85362	85096	3.75e-59	220	69
MZ463748.1	387	nSX00077	120903	79.231	260	6	262	42736	42480	6.78e-56	209	69
MZ463749.1	391	nSX00077	120903	78.731	268	11	277	85362	85096	3.79e-59	220	68
MZ463749.1	391	nSX00077	120903	78.378	259	11	267	42736	42480	8.35e-55	205	68
MZ463750.1	392	nSX00077	120903	78.358	268	11	277	85362	85096	4.63e-58	215	68
MZ463750.1	392	nSX00077	120903	77.992	259	11	267	42736	42480	1.02e-53	201	68
MZ463751.1	393	nSX00077	120903	79.104	268	11	277	85362	85096	8.96e-61	224	68
MZ463751.1	393	nSX00077	120903	78.764	259	11	267	42736	42480	1.97e-56	210	68
MZ463752.1	394	nSX00077	120903	79.104	268	11	277	85362	85096	8.99e-61	224	68
MZ463752.1	394	nSX00077	120903	78.764	259	11	267	42736	42480	1.98e-56	210	68
MZ463753.1	394	nSX00077	120903	78.731	268	11	277	85362	85096	3.82e-59	220	68
MZ463753.1	394	nSX00077	120903	78.378	259	11	267	42736	42480	8.42e-55	205	68
MZ463754.1	394	nSX00077	120903	80.478	251	11	260	85362	85113	8.99e-61	225	65
MZ463754.1	394	nSX00077	120903	78.682	258	11	267	42736	42480	1.98e-56	211	65
MZ463755.1	394	nSX00077	120903	79.478	268	11	277	85362	85096	7.38e-62	229	68
MZ463755.1	394	nSX00077	120903	79.151	259	11	267	42736	42480	1.62e-57	214	68
MZ463756.1	394	nSX00077	120903	78.731	268	11	277	85362	85096	3.82e-59	220	68
MZ463756.1	394	nSX00077	120903	78.378	259	11	267	42736	42480	8.42e-55	205	68
MZ463757.1	394	nSX00077	120903	79.478	268	11	277	85362	85096	7.38e-62	229	68
MZ463757.1	394	nSX00077	120903	79.151	259	11	267	42736	42480	1.62e-57	214	68
MZ463758.1	394	nSX00077	120903	78.731	268	11	277	85362	85096	3.82e-59	220	68
MZ463758.1	394	nSX00077	120903	78.378	259	11	267	42736	42480	8.42e-55	205	68
MZ463759.1	410	nSX00077	120903	78.731	268	11	277	85362	85096	3.98e-59	220	65
MZ463759.1	410	nSX00077	120903	78.378	259	11	267	42736	42480	8.77e-55	205	65
FJ751925.1	394	nSX00077	120903	79.104	268	11	277	85362	85096	8.99e-61	224	68
FJ751925.1	394	nSX00077	120903	78.764	259	11	267	42736	42480	1.98e-56	210	68
FJ751926.1	395	nSX00077	120903	79.104	268	11	277	85362	85096	9.01e-61	224	68
FJ751926.1	395	nSX00077	120903	78.764	259	11	267	42736	42480	1.98e-56	210	68
FJ751927.1	395	nSX00077	120903	78.731	268	11	277	85362	85096	3.83e-59	220	68
FJ751927.1	395	nSX00077	120903	78.378	259	11	267	42736	42480	8.44e-55	205	68
FJ751930.1	395	nSX00077	120903	79.104	268	11	277	85362	85096	9.01e-61	224	68
FJ751930.1	395	nSX00077	120903	78.764	259	11	267	42736	42480	1.98e-56	210	68
FJ751933.1	396	nSX00077	120903	79.104	268	12	278	85362	85096	9.03e-61	224	67
FJ751933.1	396	nSX00077	120903	78.764	259	12	268	42736	42480	1.99e-56	210	67
FJ751934.1	395	nSX00077	120903	79.104	268	12	278	85362	85096	9.01e-61	224	68
FJ751934.1	395	nSX00077	120903	78.764	259	12	268	42736	42480	1.98e-56	210	68
MZ463745.1	387	nSX00078	120745	77.947	263	12	272	27744	27482	2.36e-55	206	67
MZ463746.1	387	nSX00078	120745	77.947	263	12	272	27744	27482	2.36e-55	206	67
MZ463747.1	387	nSX00078	120745	77.567	263	12	272	27744	27482	1.00e-53	202	67
MZ463748.1	387	nSX00078	120745	77.567	263	12	272	27744	27482	1.00e-53	202	67
MZ463749.1	391	nSX00078	120745	77.174	276	5	277	27757	27482	2.91e-54	204	70
MZ463750.1	392	nSX00078	120745	76.812	276	5	277	27757	27482	3.55e-53	199	70
MZ463751.1	393	nSX00078	120745	77.536	276	5	277	27757	27482	6.88e-56	208	69
MZ463752.1	394	nSX00078	120745	77.536	276	5	277	27757	27482	6.90e-56	208	69
MZ463753.1	394	nSX00078	120745	77.174	276	5	277	27757	27482	2.93e-54	204	69
MZ463754.1	394	nSX00078	120745	78.378	259	5	260	27757	27499	8.40e-55	205	65
MZ463755.1	394	nSX00078	120745	77.899	276	5	277	27757	27482	5.66e-57	213	69
MZ463756.1	394	nSX00078	120745	77.174	276	5	277	27757	27482	2.93e-54	204	69
MZ463757.1	394	nSX00078	120745	77.174	276	5	277	27757	27482	2.93e-54	204	69
MZ463758.1	394	nSX00078	120745	77.174	276	5	277	27757	27482	2.93e-54	204	69
MZ463759.1	410	nSX00078	120745	77.174	276	5	277	27757	27482	3.06e-54	204	67
FJ751925.1	394	nSX00078	120745	77.536	276	5	277	27757	27482	6.90e-56	208	69
FJ751926.1	395	nSX00078	120745	77.536	276	5	277	27757	27482	6.92e-56	208	69
FJ751927.1	395	nSX00078	120745	77.174	276	5	277	27757	27482	2.94e-54	204	69
FJ751930.1	395	nSX00078	120745	77.536	276	5	277	27757	27482	6.92e-56	208	69
FJ751933.1	396	nSX00078	120745	77.536	276	6	278	27757	27482	6.94e-56	208	69
FJ751934.1	395	nSX00078	120745	77.536	276	6	278	27757	27482	6.92e-56	208	69
MZ463745.1	387	nSX00080	117169	77.947	263	12	272	35237	35499	2.29e-55	206	67
MZ463745.1	387	nSX00080	117169	77.947	263	12	272	69703	69441	2.29e-55	206	67
MZ463745.1	387	nSX00080	117169	77.947	263	12	272	92944	92682	2.29e-55	206	67
MZ463746.1	387	nSX00080	117169	77.947	263	12	272	35237	35499	2.29e-55	206	67
MZ463746.1	387	nSX00080	117169	77.947	263	12	272	69703	69441	2.29e-55	206	67
MZ463746.1	387	nSX00080	117169	77.947	263	12	272	92944	92682	2.29e-55	206	67
MZ463747.1	387	nSX00080	117169	77.567	263	12	272	35237	35499	9.75e-54	202	67
MZ463747.1	387	nSX00080	117169	77.567	263	12	272	69703	69441	9.75e-54	202	67
MZ463747.1	387	nSX00080	117169	77.567	263	12	272	92944	92682	9.75e-54	202	67
MZ463748.1	387	nSX00080	117169	77.567	263	12	272	35237	35499	9.75e-54	202	67
MZ463748.1	387	nSX00080	117169	77.567	263	12	272	69703	69441	9.75e-54	202	67
MZ463748.1	387	nSX00080	117169	77.567	263	12	272	92944	92682	9.75e-54	202	67
MZ463749.1	391	nSX00080	117169	77.174	276	5	277	35224	35499	2.82e-54	204	70
MZ463749.1	391	nSX00080	117169	77.174	276	5	277	69716	69441	2.82e-54	204	70
MZ463749.1	391	nSX00080	117169	77.174	276	5	277	92957	92682	2.82e-54	204	70
MZ463750.1	392	nSX00080	117169	76.812	276	5	277	35224	35499	3.45e-53	199	70
MZ463750.1	392	nSX00080	117169	76.812	276	5	277	69716	69441	3.45e-53	199	70
MZ463750.1	392	nSX00080	117169	76.812	276	5	277	92957	92682	3.45e-53	199	70
MZ463751.1	393	nSX00080	117169	77.536	276	5	277	35224	35499	6.68e-56	208	69
MZ463751.1	393	nSX00080	117169	77.536	276	5	277	69716	69441	6.68e-56	208	69
MZ463751.1	393	nSX00080	117169	77.536	276	5	277	92957	92682	6.68e-56	208	69
MZ463752.1	394	nSX00080	117169	77.536	276	5	277	35224	35499	6.69e-56	208	69
MZ463752.1	394	nSX00080	117169	77.536	276	5	277	69716	69441	6.69e-56	208	69
MZ463752.1	394	nSX00080	117169	77.536	276	5	277	92957	92682	6.69e-56	208	69
MZ463753.1	394	nSX00080	117169	77.174	276	5	277	35224	35499	2.85e-54	204	69
MZ463753.1	394	nSX00080	117169	77.174	276	5	277	69716	69441	2.85e-54	204	69
MZ463753.1	394	nSX00080	117169	77.174	276	5	277	92957	92682	2.85e-54	204	69
MZ463754.1	394	nSX00080	117169	78.378	259	5	260	35224	35482	8.16e-55	205	65
MZ463754.1	394	nSX00080	117169	78.378	259	5	260	69716	69458	8.16e-55	205	65
MZ463754.1	394	nSX00080	117169	78.378	259	5	260	92957	92699	8.16e-55	205	65
MZ463755.1	394	nSX00080	117169	77.899	276	5	277	35224	35499	5.50e-57	213	69
MZ463755.1	394	nSX00080	117169	77.899	276	5	277	69716	69441	5.50e-57	213	69
MZ463755.1	394	nSX00080	117169	77.899	276	5	277	92957	92682	5.50e-57	213	69
MZ463756.1	394	nSX00080	117169	77.174	276	5	277	35224	35499	2.85e-54	204	69
MZ463756.1	394	nSX00080	117169	77.174	276	5	277	69716	69441	2.85e-54	204	69
MZ463756.1	394	nSX00080	117169	77.174	276	5	277	92957	92682	2.85e-54	204	69
MZ463757.1	394	nSX00080	117169	77.174	276	5	277	35224	35499	2.85e-54	204	69
MZ463757.1	394	nSX00080	117169	77.174	276	5	277	69716	69441	2.85e-54	204	69
MZ463757.1	394	nSX00080	117169	77.174	276	5	277	92957	92682	2.85e-54	204	69
MZ463758.1	394	nSX00080	117169	77.174	276	5	277	35224	35499	2.85e-54	204	69
MZ463758.1	394	nSX00080	117169	77.174	276	5	277	69716	69441	2.85e-54	204	69
MZ463758.1	394	nSX00080	117169	77.174	276	5	277	92957	92682	2.85e-54	204	69
MZ463759.1	410	nSX00080	117169	77.174	276	5	277	35224	35499	2.97e-54	204	67
MZ463759.1	410	nSX00080	117169	77.174	276	5	277	69716	69441	2.97e-54	204	67
MZ463759.1	410	nSX00080	117169	77.174	276	5	277	92957	92682	2.97e-54	204	67
FJ751925.1	394	nSX00080	117169	77.536	276	5	277	35224	35499	6.69e-56	208	69
FJ751925.1	394	nSX00080	117169	77.536	276	5	277	69716	69441	6.69e-56	208	69
FJ751925.1	394	nSX00080	117169	77.536	276	5	277	92957	92682	6.69e-56	208	69
FJ751926.1	395	nSX00080	117169	77.536	276	5	277	35224	35499	6.71e-56	208	69
FJ751926.1	395	nSX00080	117169	77.536	276	5	277	69716	69441	6.71e-56	208	69
FJ751926.1	395	nSX00080	117169	77.536	276	5	277	92957	92682	6.71e-56	208	69
FJ751927.1	395	nSX00080	117169	77.174	276	5	277	35224	35499	2.85e-54	204	69
FJ751927.1	395	nSX00080	117169	77.174	276	5	277	69716	69441	2.85e-54	204	69
FJ751927.1	395	nSX00080	117169	77.174	276	5	277	92957	92682	2.85e-54	204	69
FJ751930.1	395	nSX00080	117169	77.536	276	5	277	35224	35499	6.71e-56	208	69
FJ751930.1	395	nSX00080	117169	77.536	276	5	277	69716	69441	6.71e-56	208	69
FJ751930.1	395	nSX00080	117169	77.536	276	5	277	92957	92682	6.71e-56	208	69
FJ751933.1	396	nSX00080	117169	77.536	276	6	278	35224	35499	6.73e-56	208	69
FJ751933.1	396	nSX00080	117169	77.536	276	6	278	69716	69441	6.73e-56	208	69
FJ751933.1	396	nSX00080	117169	77.536	276	6	278	92957	92682	6.73e-56	208	69
FJ751934.1	395	nSX00080	117169	77.536	276	6	278	35224	35499	6.71e-56	208	69
FJ751934.1	395	nSX00080	117169	77.536	276	6	278	69716	69441	6.71e-56	208	69
FJ751934.1	395	nSX00080	117169	77.536	276	6	278	92957	92682	6.71e-56	208	69
MZ463745.1	387	nSX00081	116900	77.947	263	12	272	44313	44575	2.29e-55	206	67
MZ463745.1	387	nSX00081	116900	77.947	263	12	272	78791	78529	2.29e-55	206	67
MZ463746.1	387	nSX00081	116900	77.947	263	12	272	44313	44575	2.29e-55	206	67
MZ463746.1	387	nSX00081	116900	77.947	263	12	272	78791	78529	2.29e-55	206	67
MZ463747.1	387	nSX00081	116900	77.567	263	12	272	44313	44575	9.73e-54	202	67
MZ463747.1	387	nSX00081	116900	77.567	263	12	272	78791	78529	9.73e-54	202	67
MZ463748.1	387	nSX00081	116900	77.567	263	12	272	44313	44575	9.73e-54	202	67
MZ463748.1	387	nSX00081	116900	77.567	263	12	272	78791	78529	9.73e-54	202	67
MZ463749.1	391	nSX00081	116900	77.174	276	5	277	44300	44575	2.82e-54	204	70
MZ463749.1	391	nSX00081	116900	77.174	276	5	277	78804	78529	2.82e-54	204	70
MZ463750.1	392	nSX00081	116900	76.812	276	5	277	44300	44575	3.44e-53	199	70
MZ463750.1	392	nSX00081	116900	76.812	276	5	277	78804	78529	3.44e-53	199	70
MZ463751.1	393	nSX00081	116900	77.536	276	5	277	44300	44575	6.66e-56	208	69
MZ463751.1	393	nSX00081	116900	77.536	276	5	277	78804	78529	6.66e-56	208	69
MZ463752.1	394	nSX00081	116900	77.536	276	5	277	44300	44575	6.68e-56	208	69
MZ463752.1	394	nSX00081	116900	77.536	276	5	277	78804	78529	6.68e-56	208	69
MZ463753.1	394	nSX00081	116900	77.174	276	5	277	44300	44575	2.84e-54	204	69
MZ463753.1	394	nSX00081	116900	77.174	276	5	277	78804	78529	2.84e-54	204	69
MZ463754.1	394	nSX00081	116900	78.378	259	5	260	44300	44558	8.14e-55	205	65
MZ463754.1	394	nSX00081	116900	78.378	259	5	260	78804	78546	8.14e-55	205	65
MZ463755.1	394	nSX00081	116900	77.899	276	5	277	44300	44575	5.48e-57	213	69
MZ463755.1	394	nSX00081	116900	77.899	276	5	277	78804	78529	5.48e-57	213	69
MZ463756.1	394	nSX00081	116900	77.174	276	5	277	44300	44575	2.84e-54	204	69
MZ463756.1	394	nSX00081	116900	77.174	276	5	277	78804	78529	2.84e-54	204	69
MZ463757.1	394	nSX00081	116900	77.174	276	5	277	44300	44575	2.84e-54	204	69
MZ463757.1	394	nSX00081	116900	77.174	276	5	277	78804	78529	2.84e-54	204	69
MZ463758.1	394	nSX00081	116900	77.174	276	5	277	44300	44575	2.84e-54	204	69
MZ463758.1	394	nSX00081	116900	77.174	276	5	277	78804	78529	2.84e-54	204	69
MZ463759.1	410	nSX00081	116900	77.174	276	5	277	44300	44575	2.96e-54	204	67
MZ463759.1	410	nSX00081	116900	77.174	276	5	277	78804	78529	2.96e-54	204	67
FJ751925.1	394	nSX00081	116900	77.536	276	5	277	44300	44575	6.68e-56	208	69
FJ751925.1	394	nSX00081	116900	77.536	276	5	277	78804	78529	6.68e-56	208	69
FJ751926.1	395	nSX00081	116900	77.536	276	5	277	44300	44575	6.70e-56	208	69
FJ751926.1	395	nSX00081	116900	77.536	276	5	277	78804	78529	6.70e-56	208	69
FJ751927.1	395	nSX00081	116900	77.174	276	5	277	44300	44575	2.85e-54	204	69
FJ751927.1	395	nSX00081	116900	77.174	276	5	277	78804	78529	2.85e-54	204	69
FJ751930.1	395	nSX00081	116900	77.536	276	5	277	44300	44575	6.70e-56	208	69
FJ751930.1	395	nSX00081	116900	77.536	276	5	277	78804	78529	6.70e-56	208	69
FJ751933.1	396	nSX00081	116900	77.536	276	6	278	44300	44575	6.71e-56	208	69
FJ751933.1	396	nSX00081	116900	77.536	276	6	278	78804	78529	6.71e-56	208	69
FJ751934.1	395	nSX00081	116900	77.536	276	6	278	44300	44575	6.70e-56	208	69
FJ751934.1	395	nSX00081	116900	77.536	276	6	278	78804	78529	6.70e-56	208	69
MZ463745.1	387	nSX00082	115959	77.947	263	12	272	2752	2490	2.27e-55	206	67
MZ463746.1	387	nSX00082	115959	77.947	263	12	272	2752	2490	2.27e-55	206	67
MZ463747.1	387	nSX00082	115959	77.567	263	12	272	2752	2490	9.65e-54	202	67
MZ463748.1	387	nSX00082	115959	77.567	263	12	272	2752	2490	9.65e-54	202	67
MZ463749.1	391	nSX00082	115959	77.174	276	5	277	2765	2490	2.79e-54	204	70
MZ463750.1	392	nSX00082	115959	76.812	276	5	277	2765	2490	3.41e-53	199	70
MZ463751.1	393	nSX00082	115959	77.536	276	5	277	2765	2490	6.61e-56	208	69
MZ463752.1	394	nSX00082	115959	77.536	276	5	277	2765	2490	6.63e-56	208	69
MZ463753.1	394	nSX00082	115959	77.174	276	5	277	2765	2490	2.82e-54	204	69
MZ463754.1	394	nSX00082	115959	78.378	259	5	260	2765	2507	8.07e-55	205	65
MZ463755.1	394	nSX00082	115959	77.899	276	5	277	2765	2490	5.44e-57	213	69
MZ463756.1	394	nSX00082	115959	77.174	276	5	277	2765	2490	2.82e-54	204	69
MZ463757.1	394	nSX00082	115959	77.174	276	5	277	2765	2490	2.82e-54	204	69
MZ463758.1	394	nSX00082	115959	77.174	276	5	277	2765	2490	2.82e-54	204	69
MZ463759.1	410	nSX00082	115959	77.174	276	5	277	2765	2490	2.94e-54	204	67
FJ751925.1	394	nSX00082	115959	77.536	276	5	277	2765	2490	6.63e-56	208	69
FJ751926.1	395	nSX00082	115959	77.536	276	5	277	2765	2490	6.64e-56	208	69
FJ751927.1	395	nSX00082	115959	77.174	276	5	277	2765	2490	2.82e-54	204	69
FJ751930.1	395	nSX00082	115959	77.536	276	5	277	2765	2490	6.64e-56	208	69
FJ751933.1	396	nSX00082	115959	77.536	276	6	278	2765	2490	6.66e-56	208	69
FJ751934.1	395	nSX00082	115959	77.536	276	6	278	2765	2490	6.64e-56	208	69
MZ463745.1	387	nSX00083	115821	77.947	263	12	272	33715	33977	2.27e-55	206	67
MZ463745.1	387	nSX00083	115821	78.992	238	12	248	68233	67997	1.17e-52	197	67
MZ463746.1	387	nSX00083	115821	77.947	263	12	272	33715	33977	2.27e-55	206	67
MZ463746.1	387	nSX00083	115821	78.992	238	12	248	68233	67997	1.17e-52	197	67
MZ463747.1	387	nSX00083	115821	77.567	263	12	272	33715	33977	9.64e-54	202	67
MZ463747.1	387	nSX00083	115821	78.571	238	12	248	68233	67997	4.99e-51	193	67
MZ463748.1	387	nSX00083	115821	77.567	263	12	272	33715	33977	9.64e-54	202	67
MZ463748.1	387	nSX00083	115821	78.571	238	12	248	68233	67997	4.99e-51	193	67
MZ463749.1	391	nSX00083	115821	77.174	276	5	277	33702	33977	2.79e-54	204	70
MZ463749.1	391	nSX00083	115821	78.088	251	5	253	68246	67997	1.45e-51	195	70
MZ463750.1	392	nSX00083	115821	76.812	276	5	277	33702	33977	3.41e-53	199	70
MZ463750.1	392	nSX00083	115821	77.689	251	5	253	68246	67997	1.77e-50	190	70
MZ463751.1	393	nSX00083	115821	77.536	276	5	277	33702	33977	6.60e-56	208	69
MZ463751.1	393	nSX00083	115821	78.486	251	5	253	68246	67997	3.42e-53	199	69
MZ463752.1	394	nSX00083	115821	77.536	276	5	277	33702	33977	6.62e-56	208	69
MZ463752.1	394	nSX00083	115821	78.486	251	5	253	68246	67997	3.43e-53	199	69
MZ463753.1	394	nSX00083	115821	77.174	276	5	277	33702	33977	2.81e-54	204	69
MZ463753.1	394	nSX00083	115821	78.088	251	5	253	68246	67997	1.46e-51	195	69
MZ463754.1	394	nSX00083	115821	78.378	259	5	260	33702	33960	8.06e-55	205	65
MZ463754.1	394	nSX00083	115821	78.088	251	5	253	68246	67997	1.46e-51	195	65
MZ463755.1	394	nSX00083	115821	77.899	276	5	277	33702	33977	5.43e-57	213	69
MZ463755.1	394	nSX00083	115821	78.884	251	5	253	68246	67997	2.81e-54	204	69
MZ463756.1	394	nSX00083	115821	77.174	276	5	277	33702	33977	2.81e-54	204	69
MZ463756.1	394	nSX00083	115821	78.210	257	5	259	68246	67991	9.82e-54	201	69
MZ463757.1	394	nSX00083	115821	77.174	276	5	277	33702	33977	2.81e-54	204	69
MZ463757.1	394	nSX00083	115821	78.088	251	5	253	68246	67997	1.46e-51	195	69
MZ463758.1	394	nSX00083	115821	77.174	276	5	277	33702	33977	2.81e-54	204	69
MZ463758.1	394	nSX00083	115821	78.088	251	5	253	68246	67997	1.46e-51	195	69
MZ463759.1	410	nSX00083	115821	77.174	276	5	277	33702	33977	2.93e-54	204	67
MZ463759.1	410	nSX00083	115821	78.088	251	5	253	68246	67997	1.52e-51	195	67
FJ751925.1	394	nSX00083	115821	77.536	276	5	277	33702	33977	6.62e-56	208	69
FJ751925.1	394	nSX00083	115821	78.486	251	5	253	68246	67997	3.43e-53	199	69
FJ751926.1	395	nSX00083	115821	77.536	276	5	277	33702	33977	6.64e-56	208	69
FJ751926.1	395	nSX00083	115821	78.486	251	5	253	68246	67997	3.44e-53	199	69
FJ751927.1	395	nSX00083	115821	77.174	276	5	277	33702	33977	2.82e-54	204	69
FJ751927.1	395	nSX00083	115821	78.088	251	5	253	68246	67997	1.46e-51	195	69
FJ751930.1	395	nSX00083	115821	77.536	276	5	277	33702	33977	6.64e-56	208	69
FJ751930.1	395	nSX00083	115821	78.486	251	5	253	68246	67997	3.44e-53	199	69
FJ751933.1	396	nSX00083	115821	77.536	276	6	278	33702	33977	6.65e-56	208	69
FJ751933.1	396	nSX00083	115821	78.486	251	6	254	68246	67997	3.45e-53	199	69
FJ751934.1	395	nSX00083	115821	77.536	276	6	278	33702	33977	6.64e-56	208	69
FJ751934.1	395	nSX00083	115821	78.486	251	6	254	68246	67997	3.44e-53	199	69
MZ463745.1	387	nSX00085	114206	77.947	263	12	272	3568	3830	2.24e-55	206	67
MZ463745.1	387	nSX00085	114206	77.947	263	12	272	57166	56904	2.24e-55	206	67
MZ463745.1	387	nSX00085	114206	77.947	263	12	272	87537	87799	2.24e-55	206	67
MZ463746.1	387	nSX00085	114206	77.947	263	12	272	3568	3830	2.24e-55	206	67
MZ463746.1	387	nSX00085	114206	77.947	263	12	272	57166	56904	2.24e-55	206	67
MZ463746.1	387	nSX00085	114206	77.947	263	12	272	87537	87799	2.24e-55	206	67
MZ463747.1	387	nSX00085	114206	77.567	263	12	272	3568	3830	9.50e-54	202	67
MZ463747.1	387	nSX00085	114206	77.567	263	12	272	57166	56904	9.50e-54	202	67
MZ463747.1	387	nSX00085	114206	77.567	263	12	272	87537	87799	9.50e-54	202	67
MZ463748.1	387	nSX00085	114206	77.567	263	12	272	3568	3830	9.50e-54	202	67
MZ463748.1	387	nSX00085	114206	77.567	263	12	272	57166	56904	9.50e-54	202	67
MZ463748.1	387	nSX00085	114206	77.567	263	12	272	87537	87799	9.50e-54	202	67
MZ463749.1	391	nSX00085	114206	77.174	276	5	277	3555	3830	2.75e-54	204	70
MZ463749.1	391	nSX00085	114206	77.174	276	5	277	57179	56904	2.75e-54	204	70
MZ463749.1	391	nSX00085	114206	77.174	276	5	277	87524	87799	2.75e-54	204	70
MZ463750.1	392	nSX00085	114206	76.812	276	5	277	3555	3830	3.36e-53	199	70
MZ463750.1	392	nSX00085	114206	76.812	276	5	277	57179	56904	3.36e-53	199	70
MZ463750.1	392	nSX00085	114206	76.812	276	5	277	87524	87799	3.36e-53	199	70
MZ463751.1	393	nSX00085	114206	77.536	276	5	277	3555	3830	6.51e-56	208	69
MZ463751.1	393	nSX00085	114206	77.536	276	5	277	57179	56904	6.51e-56	208	69
MZ463751.1	393	nSX00085	114206	77.536	276	5	277	87524	87799	6.51e-56	208	69
MZ463752.1	394	nSX00085	114206	77.536	276	5	277	3555	3830	6.53e-56	208	69
MZ463752.1	394	nSX00085	114206	77.536	276	5	277	57179	56904	6.53e-56	208	69
MZ463752.1	394	nSX00085	114206	77.536	276	5	277	87524	87799	6.53e-56	208	69
MZ463753.1	394	nSX00085	114206	77.174	276	5	277	3555	3830	2.77e-54	204	69
MZ463753.1	394	nSX00085	114206	77.174	276	5	277	57179	56904	2.77e-54	204	69
MZ463753.1	394	nSX00085	114206	77.174	276	5	277	87524	87799	2.77e-54	204	69
MZ463754.1	394	nSX00085	114206	78.378	259	5	260	3555	3813	7.95e-55	205	65
MZ463754.1	394	nSX00085	114206	78.378	259	5	260	57179	56921	7.95e-55	205	65
MZ463754.1	394	nSX00085	114206	78.378	259	5	260	87524	87782	7.95e-55	205	65
MZ463755.1	394	nSX00085	114206	77.899	276	5	277	3555	3830	5.36e-57	213	69
MZ463755.1	394	nSX00085	114206	77.899	276	5	277	57179	56904	5.36e-57	213	69
MZ463755.1	394	nSX00085	114206	77.899	276	5	277	87524	87799	5.36e-57	213	69
MZ463756.1	394	nSX00085	114206	77.174	276	5	277	3555	3830	2.77e-54	204	69
MZ463756.1	394	nSX00085	114206	77.174	276	5	277	57179	56904	2.77e-54	204	69
MZ463756.1	394	nSX00085	114206	77.174	276	5	277	87524	87799	2.77e-54	204	69
MZ463757.1	394	nSX00085	114206	77.174	276	5	277	3555	3830	2.77e-54	204	69
MZ463757.1	394	nSX00085	114206	77.174	276	5	277	57179	56904	2.77e-54	204	69
MZ463757.1	394	nSX00085	114206	77.174	276	5	277	87524	87799	2.77e-54	204	69
MZ463758.1	394	nSX00085	114206	77.174	276	5	277	3555	3830	2.77e-54	204	69
MZ463758.1	394	nSX00085	114206	77.174	276	5	277	57179	56904	2.77e-54	204	69
MZ463758.1	394	nSX00085	114206	77.174	276	5	277	87524	87799	2.77e-54	204	69
MZ463759.1	410	nSX00085	114206	77.174	276	5	277	3555	3830	2.89e-54	204	67
MZ463759.1	410	nSX00085	114206	77.174	276	5	277	57179	56904	2.89e-54	204	67
MZ463759.1	410	nSX00085	114206	77.174	276	5	277	87524	87799	2.89e-54	204	67
FJ751925.1	394	nSX00085	114206	77.536	276	5	277	3555	3830	6.53e-56	208	69
FJ751925.1	394	nSX00085	114206	77.536	276	5	277	57179	56904	6.53e-56	208	69
FJ751925.1	394	nSX00085	114206	77.536	276	5	277	87524	87799	6.53e-56	208	69
FJ751926.1	395	nSX00085	114206	77.536	276	5	277	3555	3830	6.54e-56	208	69
FJ751926.1	395	nSX00085	114206	77.536	276	5	277	57179	56904	6.54e-56	208	69
FJ751926.1	395	nSX00085	114206	77.536	276	5	277	87524	87799	6.54e-56	208	69
FJ751927.1	395	nSX00085	114206	77.174	276	5	277	3555	3830	2.78e-54	204	69
FJ751927.1	395	nSX00085	114206	77.174	276	5	277	57179	56904	2.78e-54	204	69
FJ751927.1	395	nSX00085	114206	77.174	276	5	277	87524	87799	2.78e-54	204	69
FJ751930.1	395	nSX00085	114206	77.536	276	5	277	3555	3830	6.54e-56	208	69
FJ751930.1	395	nSX00085	114206	77.536	276	5	277	57179	56904	6.54e-56	208	69
FJ751930.1	395	nSX00085	114206	77.536	276	5	277	87524	87799	6.54e-56	208	69
FJ751933.1	396	nSX00085	114206	77.536	276	6	278	3555	3830	6.56e-56	208	69
FJ751933.1	396	nSX00085	114206	77.536	276	6	278	57179	56904	6.56e-56	208	69
FJ751933.1	396	nSX00085	114206	77.536	276	6	278	87524	87799	6.56e-56	208	69
FJ751934.1	395	nSX00085	114206	77.536	276	6	278	3555	3830	6.54e-56	208	69
FJ751934.1	395	nSX00085	114206	77.536	276	6	278	57179	56904	6.54e-56	208	69
FJ751934.1	395	nSX00085	114206	77.536	276	6	278	87524	87799	6.54e-56	208	69
MZ463745.1	387	nSX00086	113813	77.947	263	12	272	3951	3689	2.23e-55	206	67
MZ463746.1	387	nSX00086	113813	77.947	263	12	272	3951	3689	2.23e-55	206	67
MZ463747.1	387	nSX00086	113813	77.567	263	12	272	3951	3689	9.47e-54	202	67
MZ463748.1	387	nSX00086	113813	77.567	263	12	272	3951	3689	9.47e-54	202	67
MZ463749.1	391	nSX00086	113813	77.174	276	5	277	3964	3689	2.74e-54	204	70
MZ463750.1	392	nSX00086	113813	76.812	276	5	277	3964	3689	3.35e-53	199	70
MZ463751.1	393	nSX00086	113813	77.536	276	5	277	3964	3689	6.49e-56	208	69
MZ463752.1	394	nSX00086	113813	77.536	276	5	277	3964	3689	6.50e-56	208	69
MZ463753.1	394	nSX00086	113813	77.174	276	5	277	3964	3689	2.77e-54	204	69
MZ463754.1	394	nSX00086	113813	78.378	259	5	260	3964	3706	7.92e-55	205	65
MZ463755.1	394	nSX00086	113813	77.899	276	5	277	3964	3689	5.34e-57	213	69
MZ463756.1	394	nSX00086	113813	77.174	276	5	277	3964	3689	2.77e-54	204	69
MZ463757.1	394	nSX00086	113813	77.174	276	5	277	3964	3689	2.77e-54	204	69
MZ463758.1	394	nSX00086	113813	77.174	276	5	277	3964	3689	2.77e-54	204	69
MZ463759.1	410	nSX00086	113813	77.174	276	5	277	3964	3689	2.88e-54	204	67
FJ751925.1	394	nSX00086	113813	77.536	276	5	277	3964	3689	6.50e-56	208	69
FJ751926.1	395	nSX00086	113813	77.536	276	5	277	3964	3689	6.52e-56	208	69
FJ751927.1	395	nSX00086	113813	77.174	276	5	277	3964	3689	2.77e-54	204	69
FJ751930.1	395	nSX00086	113813	77.536	276	5	277	3964	3689	6.52e-56	208	69
FJ751933.1	396	nSX00086	113813	77.536	276	6	278	3964	3689	6.54e-56	208	69
FJ751934.1	395	nSX00086	113813	77.536	276	6	278	3964	3689	6.52e-56	208	69
MZ463745.1	387	nSX00089	110056	77.947	263	12	272	62142	62404	2.15e-55	206	67
MZ463745.1	387	nSX00089	110056	77.947	263	12	272	96624	96362	2.15e-55	206	67
MZ463746.1	387	nSX00089	110056	77.947	263	12	272	62142	62404	2.15e-55	206	67
MZ463746.1	387	nSX00089	110056	77.947	263	12	272	96624	96362	2.15e-55	206	67
MZ463747.1	387	nSX00089	110056	77.567	263	12	272	62142	62404	9.16e-54	202	67
MZ463747.1	387	nSX00089	110056	77.567	263	12	272	96624	96362	9.16e-54	202	67
MZ463748.1	387	nSX00089	110056	77.567	263	12	272	62142	62404	9.16e-54	202	67
MZ463748.1	387	nSX00089	110056	77.567	263	12	272	96624	96362	9.16e-54	202	67
MZ463749.1	391	nSX00089	110056	77.174	276	5	277	62129	62404	2.65e-54	204	70
MZ463749.1	391	nSX00089	110056	77.174	276	5	277	96637	96362	2.65e-54	204	70
MZ463750.1	392	nSX00089	110056	76.812	276	5	277	62129	62404	3.24e-53	199	70
MZ463750.1	392	nSX00089	110056	76.812	276	5	277	96637	96362	3.24e-53	199	70
MZ463751.1	393	nSX00089	110056	77.536	276	5	277	62129	62404	6.27e-56	208	69
MZ463751.1	393	nSX00089	110056	77.536	276	5	277	96637	96362	6.27e-56	208	69
MZ463752.1	394	nSX00089	110056	77.536	276	5	277	62129	62404	6.29e-56	208	69
MZ463752.1	394	nSX00089	110056	77.536	276	5	277	96637	96362	6.29e-56	208	69
MZ463753.1	394	nSX00089	110056	77.174	276	5	277	62129	62404	2.67e-54	204	69
MZ463753.1	394	nSX00089	110056	77.174	276	5	277	96637	96362	2.67e-54	204	69
MZ463754.1	394	nSX00089	110056	78.378	259	5	260	62129	62387	7.66e-55	205	65
MZ463754.1	394	nSX00089	110056	78.378	259	5	260	96637	96379	7.66e-55	205	65
MZ463755.1	394	nSX00089	110056	77.899	276	5	277	62129	62404	5.16e-57	213	69
MZ463755.1	394	nSX00089	110056	77.899	276	5	277	96637	96362	5.16e-57	213	69
MZ463756.1	394	nSX00089	110056	77.174	276	5	277	62129	62404	2.67e-54	204	69
MZ463756.1	394	nSX00089	110056	77.174	276	5	277	96637	96362	2.67e-54	204	69
MZ463757.1	394	nSX00089	110056	77.174	276	5	277	62129	62404	2.67e-54	204	69
MZ463757.1	394	nSX00089	110056	77.174	276	5	277	96637	96362	2.67e-54	204	69
MZ463758.1	394	nSX00089	110056	77.174	276	5	277	62129	62404	2.67e-54	204	69
MZ463758.1	394	nSX00089	110056	77.174	276	5	277	96637	96362	2.67e-54	204	69
MZ463759.1	410	nSX00089	110056	77.174	276	5	277	62129	62404	2.79e-54	204	67
MZ463759.1	410	nSX00089	110056	77.174	276	5	277	96637	96362	2.79e-54	204	67
FJ751925.1	394	nSX00089	110056	77.536	276	5	277	62129	62404	6.29e-56	208	69
FJ751925.1	394	nSX00089	110056	77.536	276	5	277	96637	96362	6.29e-56	208	69
FJ751926.1	395	nSX00089	110056	77.536	276	5	277	62129	62404	6.30e-56	208	69
FJ751926.1	395	nSX00089	110056	77.536	276	5	277	96637	96362	6.30e-56	208	69
FJ751927.1	395	nSX00089	110056	77.174	276	5	277	62129	62404	2.68e-54	204	69
FJ751927.1	395	nSX00089	110056	77.174	276	5	277	96637	96362	2.68e-54	204	69
FJ751930.1	395	nSX00089	110056	77.536	276	5	277	62129	62404	6.30e-56	208	69
FJ751930.1	395	nSX00089	110056	77.536	276	5	277	96637	96362	6.30e-56	208	69
FJ751933.1	396	nSX00089	110056	77.536	276	6	278	62129	62404	6.32e-56	208	69
FJ751933.1	396	nSX00089	110056	77.536	276	6	278	96637	96362	6.32e-56	208	69
FJ751934.1	395	nSX00089	110056	77.536	276	6	278	62129	62404	6.30e-56	208	69
FJ751934.1	395	nSX00089	110056	77.536	276	6	278	96637	96362	6.30e-56	208	69
MZ463745.1	387	nSX00091	106804	77.947	263	12	272	20196	19934	2.09e-55	206	67
MZ463745.1	387	nSX00091	106804	77.947	263	12	272	62708	62970	2.09e-55	206	67
MZ463745.1	387	nSX00091	106804	77.947	263	12	272	80376	80638	2.09e-55	206	67
MZ463746.1	387	nSX00091	106804	77.947	263	12	272	20196	19934	2.09e-55	206	67
MZ463746.1	387	nSX00091	106804	77.947	263	12	272	62708	62970	2.09e-55	206	67
MZ463746.1	387	nSX00091	106804	77.947	263	12	272	80376	80638	2.09e-55	206	67
MZ463747.1	387	nSX00091	106804	77.567	263	12	272	20196	19934	8.89e-54	202	67
MZ463747.1	387	nSX00091	106804	77.567	263	12	272	62708	62970	8.89e-54	202	67
MZ463747.1	387	nSX00091	106804	77.567	263	12	272	80376	80638	8.89e-54	202	67
MZ463748.1	387	nSX00091	106804	77.567	263	12	272	20196	19934	8.89e-54	202	67
MZ463748.1	387	nSX00091	106804	77.567	263	12	272	62708	62970	8.89e-54	202	67
MZ463748.1	387	nSX00091	106804	77.567	263	12	272	80376	80638	8.89e-54	202	67
MZ463749.1	391	nSX00091	106804	77.174	276	5	277	20209	19934	2.57e-54	204	70
MZ463749.1	391	nSX00091	106804	77.174	276	5	277	62695	62970	2.57e-54	204	70
MZ463749.1	391	nSX00091	106804	77.174	276	5	277	80363	80638	2.57e-54	204	70
MZ463750.1	392	nSX00091	106804	76.812	276	5	277	20209	19934	3.14e-53	199	70
MZ463750.1	392	nSX00091	106804	76.812	276	5	277	62695	62970	3.14e-53	199	70
MZ463750.1	392	nSX00091	106804	76.812	276	5	277	80363	80638	3.14e-53	199	70
MZ463751.1	393	nSX00091	106804	77.536	276	5	277	20209	19934	6.09e-56	208	69
MZ463751.1	393	nSX00091	106804	77.536	276	5	277	62695	62970	6.09e-56	208	69
MZ463751.1	393	nSX00091	106804	77.536	276	5	277	80363	80638	6.09e-56	208	69
MZ463752.1	394	nSX00091	106804	77.536	276	5	277	20209	19934	6.10e-56	208	69
MZ463752.1	394	nSX00091	106804	77.536	276	5	277	62695	62970	6.10e-56	208	69
MZ463752.1	394	nSX00091	106804	77.536	276	5	277	80363	80638	6.10e-56	208	69
MZ463753.1	394	nSX00091	106804	77.174	276	5	277	20209	19934	2.59e-54	204	69
MZ463753.1	394	nSX00091	106804	77.174	276	5	277	62695	62970	2.59e-54	204	69
MZ463753.1	394	nSX00091	106804	77.174	276	5	277	80363	80638	2.59e-54	204	69
MZ463754.1	394	nSX00091	106804	78.378	259	5	260	20209	19951	7.43e-55	205	65
MZ463754.1	394	nSX00091	106804	78.378	259	5	260	62695	62953	7.43e-55	205	65
MZ463754.1	394	nSX00091	106804	78.378	259	5	260	80363	80621	7.43e-55	205	65
MZ463755.1	394	nSX00091	106804	77.899	276	5	277	20209	19934	5.01e-57	213	69
MZ463755.1	394	nSX00091	106804	77.899	276	5	277	62695	62970	5.01e-57	213	69
MZ463755.1	394	nSX00091	106804	77.899	276	5	277	80363	80638	5.01e-57	213	69
MZ463756.1	394	nSX00091	106804	77.174	276	5	277	20209	19934	2.59e-54	204	69
MZ463756.1	394	nSX00091	106804	77.174	276	5	277	62695	62970	2.59e-54	204	69
MZ463756.1	394	nSX00091	106804	77.174	276	5	277	80363	80638	2.59e-54	204	69
MZ463757.1	394	nSX00091	106804	77.174	276	5	277	20209	19934	2.59e-54	204	69
MZ463757.1	394	nSX00091	106804	77.174	276	5	277	62695	62970	2.59e-54	204	69
MZ463757.1	394	nSX00091	106804	77.174	276	5	277	80363	80638	2.59e-54	204	69
MZ463758.1	394	nSX00091	106804	77.174	276	5	277	20209	19934	2.59e-54	204	69
MZ463758.1	394	nSX00091	106804	77.174	276	5	277	62695	62970	2.59e-54	204	69
MZ463758.1	394	nSX00091	106804	77.174	276	5	277	80363	80638	2.59e-54	204	69
MZ463759.1	410	nSX00091	106804	77.174	276	5	277	20209	19934	2.71e-54	204	67
MZ463759.1	410	nSX00091	106804	77.174	276	5	277	62695	62970	2.71e-54	204	67
MZ463759.1	410	nSX00091	106804	77.174	276	5	277	80363	80638	2.71e-54	204	67
FJ751925.1	394	nSX00091	106804	77.536	276	5	277	20209	19934	6.10e-56	208	69
FJ751925.1	394	nSX00091	106804	77.536	276	5	277	62695	62970	6.10e-56	208	69
FJ751925.1	394	nSX00091	106804	77.536	276	5	277	80363	80638	6.10e-56	208	69
FJ751926.1	395	nSX00091	106804	77.536	276	5	277	20209	19934	6.12e-56	208	69
FJ751926.1	395	nSX00091	106804	77.536	276	5	277	62695	62970	6.12e-56	208	69
FJ751926.1	395	nSX00091	106804	77.536	276	5	277	80363	80638	6.12e-56	208	69
FJ751927.1	395	nSX00091	106804	77.174	276	5	277	20209	19934	2.60e-54	204	69
FJ751927.1	395	nSX00091	106804	77.174	276	5	277	62695	62970	2.60e-54	204	69
FJ751927.1	395	nSX00091	106804	77.174	276	5	277	80363	80638	2.60e-54	204	69
FJ751930.1	395	nSX00091	106804	77.536	276	5	277	20209	19934	6.12e-56	208	69
FJ751930.1	395	nSX00091	106804	77.536	276	5	277	62695	62970	6.12e-56	208	69
FJ751930.1	395	nSX00091	106804	77.536	276	5	277	80363	80638	6.12e-56	208	69
FJ751933.1	396	nSX00091	106804	77.536	276	6	278	20209	19934	6.13e-56	208	69
FJ751933.1	396	nSX00091	106804	77.536	276	6	278	62695	62970	6.13e-56	208	69
FJ751933.1	396	nSX00091	106804	77.536	276	6	278	80363	80638	6.13e-56	208	69
FJ751934.1	395	nSX00091	106804	77.536	276	6	278	20209	19934	6.12e-56	208	69
FJ751934.1	395	nSX00091	106804	77.536	276	6	278	62695	62970	6.12e-56	208	69
FJ751934.1	395	nSX00091	106804	77.536	276	6	278	80363	80638	6.12e-56	208	69
MZ463745.1	387	nSX00093	104758	77.947	263	12	272	13185	13447	2.05e-55	206	67
MZ463745.1	387	nSX00093	104758	77.947	263	12	272	47755	47493	2.05e-55	206	67
MZ463745.1	387	nSX00093	104758	77.947	263	12	272	87496	87234	2.05e-55	206	67
MZ463746.1	387	nSX00093	104758	77.947	263	12	272	13185	13447	2.05e-55	206	67
MZ463746.1	387	nSX00093	104758	77.947	263	12	272	47755	47493	2.05e-55	206	67
MZ463746.1	387	nSX00093	104758	77.947	263	12	272	87496	87234	2.05e-55	206	67
MZ463747.1	387	nSX00093	104758	77.567	263	12	272	13185	13447	8.72e-54	202	67
MZ463747.1	387	nSX00093	104758	77.567	263	12	272	47755	47493	8.72e-54	202	67
MZ463747.1	387	nSX00093	104758	77.567	263	12	272	87496	87234	8.72e-54	202	67
MZ463748.1	387	nSX00093	104758	77.567	263	12	272	13185	13447	8.72e-54	202	67
MZ463748.1	387	nSX00093	104758	77.567	263	12	272	47755	47493	8.72e-54	202	67
MZ463748.1	387	nSX00093	104758	77.567	263	12	272	87496	87234	8.72e-54	202	67
MZ463749.1	391	nSX00093	104758	77.174	276	5	277	13172	13447	2.52e-54	204	70
MZ463749.1	391	nSX00093	104758	77.174	276	5	277	47768	47493	2.52e-54	204	70
MZ463749.1	391	nSX00093	104758	77.174	276	5	277	87509	87234	2.52e-54	204	70
MZ463750.1	392	nSX00093	104758	76.812	276	5	277	13172	13447	3.08e-53	199	70
MZ463750.1	392	nSX00093	104758	76.812	276	5	277	47768	47493	3.08e-53	199	70
MZ463750.1	392	nSX00093	104758	76.812	276	5	277	87509	87234	3.08e-53	199	70
MZ463751.1	393	nSX00093	104758	77.536	276	5	277	13172	13447	5.97e-56	208	69
MZ463751.1	393	nSX00093	104758	77.536	276	5	277	47768	47493	5.97e-56	208	69
MZ463751.1	393	nSX00093	104758	77.536	276	5	277	87509	87234	5.97e-56	208	69
MZ463752.1	394	nSX00093	104758	77.536	276	5	277	13172	13447	5.99e-56	208	69
MZ463752.1	394	nSX00093	104758	77.536	276	5	277	47768	47493	5.99e-56	208	69
MZ463752.1	394	nSX00093	104758	77.536	276	5	277	87509	87234	5.99e-56	208	69
MZ463753.1	394	nSX00093	104758	77.174	276	5	277	13172	13447	2.55e-54	204	69
MZ463753.1	394	nSX00093	104758	77.174	276	5	277	47768	47493	2.55e-54	204	69
MZ463753.1	394	nSX00093	104758	77.174	276	5	277	87509	87234	2.55e-54	204	69
MZ463754.1	394	nSX00093	104758	78.378	259	5	260	13172	13430	7.29e-55	205	65
MZ463754.1	394	nSX00093	104758	78.378	259	5	260	47768	47510	7.29e-55	205	65
MZ463754.1	394	nSX00093	104758	78.378	259	5	260	87509	87251	7.29e-55	205	65
MZ463755.1	394	nSX00093	104758	77.899	276	5	277	13172	13447	4.91e-57	213	69
MZ463755.1	394	nSX00093	104758	77.899	276	5	277	47768	47493	4.91e-57	213	69
MZ463755.1	394	nSX00093	104758	77.899	276	5	277	87509	87234	4.91e-57	213	69
MZ463756.1	394	nSX00093	104758	77.174	276	5	277	13172	13447	2.55e-54	204	69
MZ463756.1	394	nSX00093	104758	77.174	276	5	277	47768	47493	2.55e-54	204	69
MZ463756.1	394	nSX00093	104758	77.174	276	5	277	87509	87234	2.55e-54	204	69
MZ463757.1	394	nSX00093	104758	77.174	276	5	277	13172	13447	2.55e-54	204	69
MZ463757.1	394	nSX00093	104758	77.174	276	5	277	47768	47493	2.55e-54	204	69
MZ463757.1	394	nSX00093	104758	77.174	276	5	277	87509	87234	2.55e-54	204	69
MZ463758.1	394	nSX00093	104758	77.174	276	5	277	13172	13447	2.55e-54	204	69
MZ463758.1	394	nSX00093	104758	77.174	276	5	277	47768	47493	2.55e-54	204	69
MZ463758.1	394	nSX00093	104758	77.174	276	5	277	87509	87234	2.55e-54	204	69
MZ463759.1	410	nSX00093	104758	77.174	276	5	277	13172	13447	2.65e-54	204	67
MZ463759.1	410	nSX00093	104758	77.174	276	5	277	47768	47493	2.65e-54	204	67
MZ463759.1	410	nSX00093	104758	77.174	276	5	277	87509	87234	2.65e-54	204	67
FJ751925.1	394	nSX00093	104758	77.536	276	5	277	13172	13447	5.99e-56	208	69
FJ751925.1	394	nSX00093	104758	77.536	276	5	277	47768	47493	5.99e-56	208	69
FJ751925.1	394	nSX00093	104758	77.536	276	5	277	87509	87234	5.99e-56	208	69
FJ751926.1	395	nSX00093	104758	77.536	276	5	277	13172	13447	6.00e-56	208	69
FJ751926.1	395	nSX00093	104758	77.536	276	5	277	47768	47493	6.00e-56	208	69
FJ751926.1	395	nSX00093	104758	77.536	276	5	277	87509	87234	6.00e-56	208	69
FJ751927.1	395	nSX00093	104758	77.174	276	5	277	13172	13447	2.55e-54	204	69
FJ751927.1	395	nSX00093	104758	77.174	276	5	277	47768	47493	2.55e-54	204	69
FJ751927.1	395	nSX00093	104758	77.174	276	5	277	87509	87234	2.55e-54	204	69
FJ751930.1	395	nSX00093	104758	77.536	276	5	277	13172	13447	6.00e-56	208	69
FJ751930.1	395	nSX00093	104758	77.536	276	5	277	47768	47493	6.00e-56	208	69
FJ751930.1	395	nSX00093	104758	77.536	276	5	277	87509	87234	6.00e-56	208	69
FJ751933.1	396	nSX00093	104758	77.536	276	6	278	13172	13447	6.02e-56	208	69
FJ751933.1	396	nSX00093	104758	77.536	276	6	278	47768	47493	6.02e-56	208	69
FJ751933.1	396	nSX00093	104758	77.536	276	6	278	87509	87234	6.02e-56	208	69
FJ751934.1	395	nSX00093	104758	77.536	276	6	278	13172	13447	6.00e-56	208	69
FJ751934.1	395	nSX00093	104758	77.536	276	6	278	47768	47493	6.00e-56	208	69
FJ751934.1	395	nSX00093	104758	77.536	276	6	278	87509	87234	6.00e-56	208	69
MZ463745.1	387	nSX00096	97255	77.947	263	12	272	40629	40891	1.90e-55	206	67
MZ463745.1	387	nSX00096	97255	77.947	263	12	272	52432	52170	1.90e-55	206	67
MZ463746.1	387	nSX00096	97255	77.947	263	12	272	40629	40891	1.90e-55	206	67
MZ463746.1	387	nSX00096	97255	77.947	263	12	272	52432	52170	1.90e-55	206	67
MZ463747.1	387	nSX00096	97255	77.567	263	12	272	40629	40891	8.09e-54	202	67
MZ463747.1	387	nSX00096	97255	77.567	263	12	272	52432	52170	8.09e-54	202	67
MZ463748.1	387	nSX00096	97255	77.567	263	12	272	40629	40891	8.09e-54	202	67
MZ463748.1	387	nSX00096	97255	77.567	263	12	272	52432	52170	8.09e-54	202	67
MZ463749.1	391	nSX00096	97255	77.174	276	5	277	40616	40891	2.34e-54	204	70
MZ463749.1	391	nSX00096	97255	77.174	276	5	277	52445	52170	2.34e-54	204	70
MZ463750.1	392	nSX00096	97255	76.812	276	5	277	40616	40891	2.86e-53	199	70
MZ463750.1	392	nSX00096	97255	76.812	276	5	277	52445	52170	2.86e-53	199	70
MZ463751.1	393	nSX00096	97255	77.536	276	5	277	40616	40891	5.54e-56	208	69
MZ463751.1	393	nSX00096	97255	77.536	276	5	277	52445	52170	5.54e-56	208	69
MZ463752.1	394	nSX00096	97255	77.536	276	5	277	40616	40891	5.56e-56	208	69
MZ463752.1	394	nSX00096	97255	77.536	276	5	277	52445	52170	5.56e-56	208	69
MZ463753.1	394	nSX00096	97255	77.174	276	5	277	40616	40891	2.36e-54	204	69
MZ463753.1	394	nSX00096	97255	77.174	276	5	277	52445	52170	2.36e-54	204	69
MZ463754.1	394	nSX00096	97255	78.378	259	5	260	40616	40874	6.77e-55	205	65
MZ463754.1	394	nSX00096	97255	78.378	259	5	260	52445	52187	6.77e-55	205	65
MZ463755.1	394	nSX00096	97255	77.899	276	5	277	40616	40891	4.56e-57	213	69
MZ463755.1	394	nSX00096	97255	77.899	276	5	277	52445	52170	4.56e-57	213	69
MZ463756.1	394	nSX00096	97255	77.174	276	5	277	40616	40891	2.36e-54	204	69
MZ463756.1	394	nSX00096	97255	77.174	276	5	277	52445	52170	2.36e-54	204	69
MZ463757.1	394	nSX00096	97255	77.174	276	5	277	40616	40891	2.36e-54	204	69
MZ463757.1	394	nSX00096	97255	77.174	276	5	277	52445	52170	2.36e-54	204	69
MZ463758.1	394	nSX00096	97255	77.174	276	5	277	40616	40891	2.36e-54	204	69
MZ463758.1	394	nSX00096	97255	77.174	276	5	277	52445	52170	2.36e-54	204	69
MZ463759.1	410	nSX00096	97255	77.174	276	5	277	40616	40891	2.46e-54	204	67
MZ463759.1	410	nSX00096	97255	77.174	276	5	277	52445	52170	2.46e-54	204	67
FJ751925.1	394	nSX00096	97255	77.536	276	5	277	40616	40891	5.56e-56	208	69
FJ751925.1	394	nSX00096	97255	77.536	276	5	277	52445	52170	5.56e-56	208	69
FJ751926.1	395	nSX00096	97255	77.536	276	5	277	40616	40891	5.57e-56	208	69
FJ751926.1	395	nSX00096	97255	77.536	276	5	277	52445	52170	5.57e-56	208	69
FJ751927.1	395	nSX00096	97255	77.174	276	5	277	40616	40891	2.37e-54	204	69
FJ751927.1	395	nSX00096	97255	77.174	276	5	277	52445	52170	2.37e-54	204	69
FJ751930.1	395	nSX00096	97255	77.536	276	5	277	40616	40891	5.57e-56	208	69
FJ751930.1	395	nSX00096	97255	77.536	276	5	277	52445	52170	5.57e-56	208	69
FJ751933.1	396	nSX00096	97255	77.536	276	6	278	40616	40891	5.59e-56	208	69
FJ751933.1	396	nSX00096	97255	77.536	276	6	278	52445	52170	5.59e-56	208	69
FJ751934.1	395	nSX00096	97255	77.536	276	6	278	40616	40891	5.57e-56	208	69
FJ751934.1	395	nSX00096	97255	77.536	276	6	278	52445	52170	5.57e-56	208	69
MZ463745.1	387	nSX00098	96333	77.652	264	12	272	70350	70613	6.58e-55	205	67
MZ463746.1	387	nSX00098	96333	77.652	264	12	272	70350	70613	6.58e-55	205	67
MZ463747.1	387	nSX00098	96333	77.273	264	12	272	70350	70613	2.80e-53	200	67
MZ463748.1	387	nSX00098	96333	77.273	264	12	272	70350	70613	2.80e-53	200	67
MZ463749.1	391	nSX00098	96333	76.895	277	5	277	70337	70613	8.10e-54	202	70
MZ463750.1	392	nSX00098	96333	76.534	277	5	277	70337	70613	9.90e-53	197	70
MZ463751.1	393	nSX00098	96333	77.256	277	5	277	70337	70613	1.92e-55	206	69
MZ463752.1	394	nSX00098	96333	77.256	277	5	277	70337	70613	1.92e-55	206	69
MZ463753.1	394	nSX00098	96333	76.895	277	5	277	70337	70613	8.17e-54	202	69
MZ463754.1	394	nSX00098	96333	78.462	260	5	260	70337	70596	2.34e-54	203	65
MZ463755.1	394	nSX00098	96333	77.617	277	5	277	70337	70613	1.58e-56	211	69
MZ463756.1	394	nSX00098	96333	76.895	277	5	277	70337	70613	8.17e-54	202	69
MZ463757.1	394	nSX00098	96333	76.895	277	5	277	70337	70613	8.17e-54	202	69
MZ463758.1	394	nSX00098	96333	76.895	277	5	277	70337	70613	8.17e-54	202	69
MZ463759.1	410	nSX00098	96333	76.895	277	5	277	70337	70613	8.52e-54	202	67
FJ751925.1	394	nSX00098	96333	77.256	277	5	277	70337	70613	1.92e-55	206	69
FJ751926.1	395	nSX00098	96333	77.256	277	5	277	70337	70613	1.93e-55	206	69
FJ751927.1	395	nSX00098	96333	76.895	277	5	277	70337	70613	8.19e-54	202	69
FJ751930.1	395	nSX00098	96333	77.256	277	5	277	70337	70613	1.93e-55	206	69
FJ751933.1	396	nSX00098	96333	77.256	277	6	278	70337	70613	1.93e-55	206	69
FJ751934.1	395	nSX00098	96333	77.256	277	6	278	70337	70613	1.93e-55	206	69
MZ463745.1	387	nSX00099	96062	77.863	262	12	272	12727	12988	5.39e-56	208	67
MZ463745.1	387	nSX00099	96062	76.981	265	12	272	47216	46953	1.19e-51	195	67
MZ463746.1	387	nSX00099	96062	77.863	262	12	272	12727	12988	5.39e-56	208	67
MZ463746.1	387	nSX00099	96062	76.981	265	12	272	47216	46953	1.19e-51	195	67
MZ463747.1	387	nSX00099	96062	77.481	262	12	272	12727	12988	2.29e-54	204	67
MZ463747.1	387	nSX00099	96062	76.604	265	12	272	47216	46953	1.45e-50	190	67
MZ463748.1	387	nSX00099	96062	77.481	262	12	272	12727	12988	2.29e-54	204	67
MZ463748.1	387	nSX00099	96062	76.604	265	12	272	47216	46953	1.45e-50	190	67
MZ463749.1	391	nSX00099	96062	77.091	275	5	277	12714	12988	6.63e-55	205	70
MZ463749.1	391	nSX00099	96062	76.259	278	5	277	47229	46953	4.19e-51	192	70
MZ463750.1	392	nSX00099	96062	76.727	275	5	277	12714	12988	8.10e-54	201	70
MZ463750.1	392	nSX00099	96062	75.899	278	5	277	47229	46953	1.78e-49	187	70
MZ463751.1	393	nSX00099	96062	77.455	275	5	277	12714	12988	1.57e-56	210	69
MZ463751.1	393	nSX00099	96062	76.619	278	5	277	47229	46953	3.45e-52	196	69
MZ463752.1	394	nSX00099	96062	77.455	275	5	277	12714	12988	1.57e-56	210	69
MZ463752.1	394	nSX00099	96062	76.619	278	5	277	47229	46953	3.46e-52	196	69
MZ463753.1	394	nSX00099	96062	77.091	275	5	277	12714	12988	6.69e-55	205	69
MZ463753.1	394	nSX00099	96062	76.259	278	5	277	47229	46953	4.22e-51	192	69
MZ463754.1	394	nSX00099	96062	78.764	259	5	260	12714	12971	6.69e-55	205	65
MZ463754.1	394	nSX00099	96062	77.778	261	5	260	47229	46970	4.22e-51	193	65
MZ463755.1	394	nSX00099	96062	77.818	275	5	277	12714	12988	1.29e-57	214	69
MZ463755.1	394	nSX00099	96062	76.978	278	5	277	47229	46953	8.15e-54	201	69
MZ463756.1	394	nSX00099	96062	77.091	275	5	277	12714	12988	6.69e-55	205	69
MZ463756.1	394	nSX00099	96062	76.259	278	5	277	47229	46953	4.22e-51	192	69
MZ463757.1	394	nSX00099	96062	77.091	275	5	277	12714	12988	6.69e-55	205	69
MZ463757.1	394	nSX00099	96062	76.259	278	5	277	47229	46953	4.22e-51	192	69
MZ463758.1	394	nSX00099	96062	77.091	275	5	277	12714	12988	6.69e-55	205	69
MZ463758.1	394	nSX00099	96062	76.259	278	5	277	47229	46953	4.22e-51	192	69
MZ463759.1	410	nSX00099	96062	77.091	275	5	277	12714	12988	6.97e-55	205	67
MZ463759.1	410	nSX00099	96062	76.259	278	5	277	47229	46953	4.40e-51	192	67
FJ751925.1	394	nSX00099	96062	77.455	275	5	277	12714	12988	1.57e-56	210	69
FJ751925.1	394	nSX00099	96062	76.619	278	5	277	47229	46953	3.46e-52	196	69
FJ751926.1	395	nSX00099	96062	77.455	275	5	277	12714	12988	1.58e-56	210	69
FJ751926.1	395	nSX00099	96062	76.619	278	5	277	47229	46953	3.47e-52	196	69
FJ751927.1	395	nSX00099	96062	77.091	275	5	277	12714	12988	6.70e-55	205	69
FJ751927.1	395	nSX00099	96062	76.259	278	5	277	47229	46953	4.23e-51	192	69
FJ751930.1	395	nSX00099	96062	77.455	275	5	277	12714	12988	1.58e-56	210	69
FJ751930.1	395	nSX00099	96062	76.619	278	5	277	47229	46953	3.47e-52	196	69
FJ751933.1	396	nSX00099	96062	77.455	275	6	278	12714	12988	1.58e-56	210	69
FJ751933.1	396	nSX00099	96062	76.619	278	6	278	47229	46953	3.48e-52	196	69
FJ751934.1	395	nSX00099	96062	77.455	275	6	278	12714	12988	1.58e-56	210	69
FJ751934.1	395	nSX00099	96062	76.619	278	6	278	47229	46953	3.47e-52	196	69
MZ463745.1	387	nSX00103	93541	77.947	263	12	272	6437	6699	1.83e-55	206	67
MZ463745.1	387	nSX00103	93541	77.947	263	12	272	40898	40636	1.83e-55	206	67
MZ463745.1	387	nSX00103	93541	77.947	263	12	272	67359	67621	1.83e-55	206	67
MZ463746.1	387	nSX00103	93541	77.947	263	12	272	6437	6699	1.83e-55	206	67
MZ463746.1	387	nSX00103	93541	77.947	263	12	272	40898	40636	1.83e-55	206	67
MZ463746.1	387	nSX00103	93541	77.947	263	12	272	67359	67621	1.83e-55	206	67
MZ463747.1	387	nSX00103	93541	77.567	263	12	272	6437	6699	7.78e-54	202	67
MZ463747.1	387	nSX00103	93541	77.567	263	12	272	40898	40636	7.78e-54	202	67
MZ463747.1	387	nSX00103	93541	77.567	263	12	272	67359	67621	7.78e-54	202	67
MZ463748.1	387	nSX00103	93541	77.567	263	12	272	6437	6699	7.78e-54	202	67
MZ463748.1	387	nSX00103	93541	77.567	263	12	272	40898	40636	7.78e-54	202	67
MZ463748.1	387	nSX00103	93541	77.567	263	12	272	67359	67621	7.78e-54	202	67
MZ463749.1	391	nSX00103	93541	77.174	276	5	277	6424	6699	2.25e-54	204	70
MZ463749.1	391	nSX00103	93541	77.174	276	5	277	40911	40636	2.25e-54	204	70
MZ463749.1	391	nSX00103	93541	77.174	276	5	277	67346	67621	2.25e-54	204	70
MZ463750.1	392	nSX00103	93541	76.812	276	5	277	6424	6699	2.75e-53	199	70
MZ463750.1	392	nSX00103	93541	76.812	276	5	277	40911	40636	2.75e-53	199	70
MZ463750.1	392	nSX00103	93541	76.812	276	5	277	67346	67621	2.75e-53	199	70
MZ463751.1	393	nSX00103	93541	77.536	276	5	277	6424	6699	5.33e-56	208	69
MZ463751.1	393	nSX00103	93541	77.536	276	5	277	40911	40636	5.33e-56	208	69
MZ463751.1	393	nSX00103	93541	77.536	276	5	277	67346	67621	5.33e-56	208	69
MZ463752.1	394	nSX00103	93541	77.536	276	5	277	6424	6699	5.34e-56	208	69
MZ463752.1	394	nSX00103	93541	77.536	276	5	277	40911	40636	5.34e-56	208	69
MZ463752.1	394	nSX00103	93541	77.536	276	5	277	67346	67621	5.34e-56	208	69
MZ463753.1	394	nSX00103	93541	77.174	276	5	277	6424	6699	2.27e-54	204	69
MZ463753.1	394	nSX00103	93541	77.174	276	5	277	40911	40636	2.27e-54	204	69
MZ463753.1	394	nSX00103	93541	77.174	276	5	277	67346	67621	2.27e-54	204	69
MZ463754.1	394	nSX00103	93541	78.378	259	5	260	6424	6682	6.51e-55	205	65
MZ463754.1	394	nSX00103	93541	78.378	259	5	260	40911	40653	6.51e-55	205	65
MZ463754.1	394	nSX00103	93541	78.378	259	5	260	67346	67604	6.51e-55	205	65
MZ463755.1	394	nSX00103	93541	77.899	276	5	277	6424	6699	4.39e-57	213	69
MZ463755.1	394	nSX00103	93541	77.899	276	5	277	40911	40636	4.39e-57	213	69
MZ463755.1	394	nSX00103	93541	77.899	276	5	277	67346	67621	4.39e-57	213	69
MZ463756.1	394	nSX00103	93541	77.174	276	5	277	6424	6699	2.27e-54	204	69
MZ463756.1	394	nSX00103	93541	77.174	276	5	277	40911	40636	2.27e-54	204	69
MZ463756.1	394	nSX00103	93541	77.174	276	5	277	67346	67621	2.27e-54	204	69
MZ463757.1	394	nSX00103	93541	77.174	276	5	277	6424	6699	2.27e-54	204	69
MZ463757.1	394	nSX00103	93541	77.174	276	5	277	40911	40636	2.27e-54	204	69
MZ463757.1	394	nSX00103	93541	77.174	276	5	277	67346	67621	2.27e-54	204	69
MZ463758.1	394	nSX00103	93541	77.174	276	5	277	6424	6699	2.27e-54	204	69
MZ463758.1	394	nSX00103	93541	77.174	276	5	277	40911	40636	2.27e-54	204	69
MZ463758.1	394	nSX00103	93541	77.174	276	5	277	67346	67621	2.27e-54	204	69
MZ463759.1	410	nSX00103	93541	77.174	276	5	277	6424	6699	2.37e-54	204	67
MZ463759.1	410	nSX00103	93541	77.174	276	5	277	40911	40636	2.37e-54	204	67
MZ463759.1	410	nSX00103	93541	77.174	276	5	277	67346	67621	2.37e-54	204	67
FJ751925.1	394	nSX00103	93541	77.536	276	5	277	6424	6699	5.34e-56	208	69
FJ751925.1	394	nSX00103	93541	77.536	276	5	277	40911	40636	5.34e-56	208	69
FJ751925.1	394	nSX00103	93541	77.536	276	5	277	67346	67621	5.34e-56	208	69
FJ751926.1	395	nSX00103	93541	77.536	276	5	277	6424	6699	5.36e-56	208	69
FJ751926.1	395	nSX00103	93541	77.536	276	5	277	40911	40636	5.36e-56	208	69
FJ751926.1	395	nSX00103	93541	77.536	276	5	277	67346	67621	5.36e-56	208	69
FJ751927.1	395	nSX00103	93541	77.174	276	5	277	6424	6699	2.28e-54	204	69
FJ751927.1	395	nSX00103	93541	77.174	276	5	277	40911	40636	2.28e-54	204	69
FJ751927.1	395	nSX00103	93541	77.174	276	5	277	67346	67621	2.28e-54	204	69
FJ751930.1	395	nSX00103	93541	77.536	276	5	277	6424	6699	5.36e-56	208	69
FJ751930.1	395	nSX00103	93541	77.536	276	5	277	40911	40636	5.36e-56	208	69
FJ751930.1	395	nSX00103	93541	77.536	276	5	277	67346	67621	5.36e-56	208	69
FJ751933.1	396	nSX00103	93541	77.536	276	6	278	6424	6699	5.37e-56	208	69
FJ751933.1	396	nSX00103	93541	77.536	276	6	278	40911	40636	5.37e-56	208	69
FJ751933.1	396	nSX00103	93541	77.536	276	6	278	67346	67621	5.37e-56	208	69
FJ751934.1	395	nSX00103	93541	77.536	276	6	278	6424	6699	5.36e-56	208	69
FJ751934.1	395	nSX00103	93541	77.536	276	6	278	40911	40636	5.36e-56	208	69
FJ751934.1	395	nSX00103	93541	77.536	276	6	278	67346	67621	5.36e-56	208	69
MZ463745.1	387	nSX00105	93056	77.947	263	12	272	39312	39574	1.82e-55	206	67
MZ463745.1	387	nSX00105	93056	77.947	263	12	272	70374	70112	1.82e-55	206	67
MZ463746.1	387	nSX00105	93056	77.947	263	12	272	39312	39574	1.82e-55	206	67
MZ463746.1	387	nSX00105	93056	77.947	263	12	272	70374	70112	1.82e-55	206	67
MZ463747.1	387	nSX00105	93056	77.567	263	12	272	39312	39574	7.74e-54	202	67
MZ463747.1	387	nSX00105	93056	77.567	263	12	272	70374	70112	7.74e-54	202	67
MZ463748.1	387	nSX00105	93056	77.567	263	12	272	39312	39574	7.74e-54	202	67
MZ463748.1	387	nSX00105	93056	77.567	263	12	272	70374	70112	7.74e-54	202	67
MZ463749.1	391	nSX00105	93056	77.174	276	5	277	39299	39574	2.24e-54	204	70
MZ463749.1	391	nSX00105	93056	77.174	276	5	277	70387	70112	2.24e-54	204	70
MZ463750.1	392	nSX00105	93056	76.812	276	5	277	39299	39574	2.74e-53	199	70
MZ463750.1	392	nSX00105	93056	76.812	276	5	277	70387	70112	2.74e-53	199	70
MZ463751.1	393	nSX00105	93056	77.536	276	5	277	39299	39574	5.30e-56	208	69
MZ463751.1	393	nSX00105	93056	77.536	276	5	277	70387	70112	5.30e-56	208	69
MZ463752.1	394	nSX00105	93056	77.536	276	5	277	39299	39574	5.32e-56	208	69
MZ463752.1	394	nSX00105	93056	77.536	276	5	277	70387	70112	5.32e-56	208	69
MZ463753.1	394	nSX00105	93056	77.174	276	5	277	39299	39574	2.26e-54	204	69
MZ463753.1	394	nSX00105	93056	77.174	276	5	277	70387	70112	2.26e-54	204	69
MZ463754.1	394	nSX00105	93056	78.378	259	5	260	39299	39557	6.48e-55	205	65
MZ463754.1	394	nSX00105	93056	78.378	259	5	260	70387	70129	6.48e-55	205	65
MZ463755.1	394	nSX00105	93056	77.899	276	5	277	39299	39574	4.36e-57	213	69
MZ463755.1	394	nSX00105	93056	77.899	276	5	277	70387	70112	4.36e-57	213	69
MZ463756.1	394	nSX00105	93056	77.174	276	5	277	39299	39574	2.26e-54	204	69
MZ463756.1	394	nSX00105	93056	77.174	276	5	277	70387	70112	2.26e-54	204	69
MZ463757.1	394	nSX00105	93056	77.174	276	5	277	39299	39574	2.26e-54	204	69
MZ463757.1	394	nSX00105	93056	77.174	276	5	277	70387	70112	2.26e-54	204	69
MZ463758.1	394	nSX00105	93056	77.174	276	5	277	39299	39574	2.26e-54	204	69
MZ463758.1	394	nSX00105	93056	77.174	276	5	277	70387	70112	2.26e-54	204	69
MZ463759.1	410	nSX00105	93056	77.174	276	5	277	39299	39574	2.36e-54	204	67
MZ463759.1	410	nSX00105	93056	77.174	276	5	277	70387	70112	2.36e-54	204	67
FJ751925.1	394	nSX00105	93056	77.536	276	5	277	39299	39574	5.32e-56	208	69
FJ751925.1	394	nSX00105	93056	77.536	276	5	277	70387	70112	5.32e-56	208	69
FJ751926.1	395	nSX00105	93056	77.536	276	5	277	39299	39574	5.33e-56	208	69
FJ751926.1	395	nSX00105	93056	77.536	276	5	277	70387	70112	5.33e-56	208	69
FJ751927.1	395	nSX00105	93056	77.174	276	5	277	39299	39574	2.27e-54	204	69
FJ751927.1	395	nSX00105	93056	77.174	276	5	277	70387	70112	2.27e-54	204	69
FJ751930.1	395	nSX00105	93056	77.536	276	5	277	39299	39574	5.33e-56	208	69
FJ751930.1	395	nSX00105	93056	77.536	276	5	277	70387	70112	5.33e-56	208	69
FJ751933.1	396	nSX00105	93056	77.536	276	6	278	39299	39574	5.35e-56	208	69
FJ751933.1	396	nSX00105	93056	77.536	276	6	278	70387	70112	5.35e-56	208	69
FJ751934.1	395	nSX00105	93056	77.536	276	6	278	39299	39574	5.33e-56	208	69
FJ751934.1	395	nSX00105	93056	77.536	276	6	278	70387	70112	5.33e-56	208	69
MZ463745.1	387	nSX00109	91725	77.652	264	12	272	9502	9239	6.27e-55	205	67
MZ463746.1	387	nSX00109	91725	77.652	264	12	272	9502	9239	6.27e-55	205	67
MZ463747.1	387	nSX00109	91725	77.273	264	12	272	9502	9239	2.66e-53	200	67
MZ463748.1	387	nSX00109	91725	77.273	264	12	272	9502	9239	2.66e-53	200	67
MZ463749.1	391	nSX00109	91725	76.895	277	5	277	9515	9239	7.72e-54	202	70
MZ463750.1	392	nSX00109	91725	76.534	277	5	277	9515	9239	9.42e-53	197	70
MZ463751.1	393	nSX00109	91725	77.256	277	5	277	9515	9239	1.82e-55	206	69
MZ463752.1	394	nSX00109	91725	77.256	277	5	277	9515	9239	1.83e-55	206	69
MZ463753.1	394	nSX00109	91725	76.895	277	5	277	9515	9239	7.78e-54	202	69
MZ463754.1	394	nSX00109	91725	78.462	260	5	260	9515	9256	2.23e-54	203	65
MZ463755.1	394	nSX00109	91725	77.617	277	5	277	9515	9239	1.50e-56	211	69
MZ463756.1	394	nSX00109	91725	76.895	277	5	277	9515	9239	7.78e-54	202	69
MZ463757.1	394	nSX00109	91725	76.895	277	5	277	9515	9239	7.78e-54	202	69
MZ463758.1	394	nSX00109	91725	76.895	277	5	277	9515	9239	7.78e-54	202	69
MZ463759.1	410	nSX00109	91725	76.895	277	5	277	9515	9239	8.11e-54	202	67
FJ751925.1	394	nSX00109	91725	77.256	277	5	277	9515	9239	1.83e-55	206	69
FJ751926.1	395	nSX00109	91725	77.256	277	5	277	9515	9239	1.83e-55	206	69
FJ751927.1	395	nSX00109	91725	76.895	277	5	277	9515	9239	7.80e-54	202	69
FJ751930.1	395	nSX00109	91725	77.256	277	5	277	9515	9239	1.83e-55	206	69
FJ751933.1	396	nSX00109	91725	77.256	277	6	278	9515	9239	1.84e-55	206	69
FJ751934.1	395	nSX00109	91725	77.256	277	6	278	9515	9239	1.83e-55	206	69
MZ463745.1	387	nSX00110	91510	77.947	263	12	272	10027	9765	1.79e-55	206	67
MZ463746.1	387	nSX00110	91510	77.947	263	12	272	10027	9765	1.79e-55	206	67
MZ463747.1	387	nSX00110	91510	77.567	263	12	272	10027	9765	7.61e-54	202	67
MZ463748.1	387	nSX00110	91510	77.567	263	12	272	10027	9765	7.61e-54	202	67
MZ463749.1	391	nSX00110	91510	77.174	276	5	277	10040	9765	2.21e-54	204	70
MZ463750.1	392	nSX00110	91510	76.812	276	5	277	10040	9765	2.69e-53	199	70
MZ463751.1	393	nSX00110	91510	77.536	276	5	277	10040	9765	5.21e-56	208	69
MZ463752.1	394	nSX00110	91510	77.536	276	5	277	10040	9765	5.23e-56	208	69
MZ463753.1	394	nSX00110	91510	77.174	276	5	277	10040	9765	2.22e-54	204	69
MZ463754.1	394	nSX00110	91510	78.378	259	5	260	10040	9782	6.37e-55	205	65
MZ463755.1	394	nSX00110	91510	77.899	276	5	277	10040	9765	4.29e-57	213	69
MZ463756.1	394	nSX00110	91510	77.174	276	5	277	10040	9765	2.22e-54	204	69
MZ463757.1	394	nSX00110	91510	77.174	276	5	277	10040	9765	2.22e-54	204	69
MZ463758.1	394	nSX00110	91510	77.174	276	5	277	10040	9765	2.22e-54	204	69
MZ463759.1	410	nSX00110	91510	77.174	276	5	277	10040	9765	2.32e-54	204	67
FJ751925.1	394	nSX00110	91510	77.536	276	5	277	10040	9765	5.23e-56	208	69
FJ751926.1	395	nSX00110	91510	77.536	276	5	277	10040	9765	5.24e-56	208	69
FJ751927.1	395	nSX00110	91510	77.174	276	5	277	10040	9765	2.23e-54	204	69
FJ751930.1	395	nSX00110	91510	77.536	276	5	277	10040	9765	5.24e-56	208	69
FJ751933.1	396	nSX00110	91510	77.536	276	6	278	10040	9765	5.26e-56	208	69
FJ751934.1	395	nSX00110	91510	77.536	276	6	278	10040	9765	5.24e-56	208	69
MZ463745.1	387	nSX00111	91228	77.947	263	12	272	78800	79062	1.79e-55	206	67
MZ463746.1	387	nSX00111	91228	77.947	263	12	272	78800	79062	1.79e-55	206	67
MZ463747.1	387	nSX00111	91228	77.567	263	12	272	78800	79062	7.59e-54	202	67
MZ463748.1	387	nSX00111	91228	77.567	263	12	272	78800	79062	7.59e-54	202	67
MZ463749.1	391	nSX00111	91228	77.174	276	5	277	78787	79062	2.20e-54	204	70
MZ463750.1	392	nSX00111	91228	76.812	276	5	277	78787	79062	2.69e-53	199	70
MZ463751.1	393	nSX00111	91228	77.536	276	5	277	78787	79062	5.20e-56	208	69
MZ463752.1	394	nSX00111	91228	77.536	276	5	277	78787	79062	5.21e-56	208	69
MZ463753.1	394	nSX00111	91228	77.174	276	5	277	78787	79062	2.22e-54	204	69
MZ463754.1	394	nSX00111	91228	78.378	259	5	260	78787	79045	6.35e-55	205	65
MZ463755.1	394	nSX00111	91228	77.899	276	5	277	78787	79062	4.28e-57	213	69
MZ463756.1	394	nSX00111	91228	77.174	276	5	277	78787	79062	2.22e-54	204	69
MZ463757.1	394	nSX00111	91228	77.174	276	5	277	78787	79062	2.22e-54	204	69
MZ463758.1	394	nSX00111	91228	77.174	276	5	277	78787	79062	2.22e-54	204	69
MZ463759.1	410	nSX00111	91228	77.174	276	5	277	78787	79062	2.31e-54	204	67
FJ751925.1	394	nSX00111	91228	77.536	276	5	277	78787	79062	5.21e-56	208	69
FJ751926.1	395	nSX00111	91228	77.536	276	5	277	78787	79062	5.23e-56	208	69
FJ751927.1	395	nSX00111	91228	77.174	276	5	277	78787	79062	2.22e-54	204	69
FJ751930.1	395	nSX00111	91228	77.536	276	5	277	78787	79062	5.23e-56	208	69
FJ751933.1	396	nSX00111	91228	77.536	276	6	278	78787	79062	5.24e-56	208	69
FJ751934.1	395	nSX00111	91228	77.536	276	6	278	78787	79062	5.23e-56	208	69
MZ463745.1	387	nSX00112	89812	77.947	263	12	272	87824	88086	1.76e-55	206	67
MZ463746.1	387	nSX00112	89812	77.947	263	12	272	87824	88086	1.76e-55	206	67
MZ463747.1	387	nSX00112	89812	77.567	263	12	272	87824	88086	7.47e-54	202	67
MZ463748.1	387	nSX00112	89812	77.567	263	12	272	87824	88086	7.47e-54	202	67
MZ463749.1	391	nSX00112	89812	77.174	276	5	277	87811	88086	2.16e-54	204	70
MZ463750.1	392	nSX00112	89812	76.812	276	5	277	87811	88086	2.64e-53	199	70
MZ463751.1	393	nSX00112	89812	77.536	276	5	277	87811	88086	5.12e-56	208	69
MZ463752.1	394	nSX00112	89812	77.536	276	5	277	87811	88086	5.13e-56	208	69
MZ463753.1	394	nSX00112	89812	77.174	276	5	277	87811	88086	2.18e-54	204	69
MZ463754.1	394	nSX00112	89812	78.378	259	5	260	87811	88069	6.25e-55	205	65
MZ463755.1	394	nSX00112	89812	77.899	276	5	277	87811	88086	4.21e-57	213	69
MZ463756.1	394	nSX00112	89812	77.174	276	5	277	87811	88086	2.18e-54	204	69
MZ463757.1	394	nSX00112	89812	77.174	276	5	277	87811	88086	2.18e-54	204	69
MZ463758.1	394	nSX00112	89812	77.174	276	5	277	87811	88086	2.18e-54	204	69
MZ463759.1	410	nSX00112	89812	77.174	276	5	277	87811	88086	2.27e-54	204	67
FJ751925.1	394	nSX00112	89812	77.536	276	5	277	87811	88086	5.13e-56	208	69
FJ751926.1	395	nSX00112	89812	77.536	276	5	277	87811	88086	5.14e-56	208	69
FJ751927.1	395	nSX00112	89812	77.174	276	5	277	87811	88086	2.19e-54	204	69
FJ751930.1	395	nSX00112	89812	77.536	276	5	277	87811	88086	5.14e-56	208	69
FJ751933.1	396	nSX00112	89812	77.536	276	6	278	87811	88086	5.16e-56	208	69
FJ751934.1	395	nSX00112	89812	77.536	276	6	278	87811	88086	5.14e-56	208	69
MZ463745.1	387	nSX00113	89708	77.947	263	12	272	7603	7865	1.76e-55	206	67
MZ463745.1	387	nSX00113	89708	77.947	263	12	272	44779	44517	1.76e-55	206	67
MZ463745.1	387	nSX00113	89708	77.947	263	12	272	63699	63961	1.76e-55	206	67
MZ463746.1	387	nSX00113	89708	77.947	263	12	272	7603	7865	1.76e-55	206	67
MZ463746.1	387	nSX00113	89708	77.947	263	12	272	44779	44517	1.76e-55	206	67
MZ463746.1	387	nSX00113	89708	77.947	263	12	272	63699	63961	1.76e-55	206	67
MZ463747.1	387	nSX00113	89708	77.567	263	12	272	7603	7865	7.46e-54	202	67
MZ463747.1	387	nSX00113	89708	77.567	263	12	272	44779	44517	7.46e-54	202	67
MZ463747.1	387	nSX00113	89708	77.567	263	12	272	63699	63961	7.46e-54	202	67
MZ463748.1	387	nSX00113	89708	77.567	263	12	272	7603	7865	7.46e-54	202	67
MZ463748.1	387	nSX00113	89708	77.567	263	12	272	44779	44517	7.46e-54	202	67
MZ463748.1	387	nSX00113	89708	77.567	263	12	272	63699	63961	7.46e-54	202	67
MZ463749.1	391	nSX00113	89708	77.174	276	5	277	7590	7865	2.16e-54	204	70
MZ463749.1	391	nSX00113	89708	77.174	276	5	277	44792	44517	2.16e-54	204	70
MZ463749.1	391	nSX00113	89708	77.174	276	5	277	63686	63961	2.16e-54	204	70
MZ463750.1	392	nSX00113	89708	76.812	276	5	277	7590	7865	2.64e-53	199	70
MZ463750.1	392	nSX00113	89708	76.812	276	5	277	44792	44517	2.64e-53	199	70
MZ463750.1	392	nSX00113	89708	76.812	276	5	277	63686	63961	2.64e-53	199	70
MZ463751.1	393	nSX00113	89708	77.536	276	5	277	7590	7865	5.11e-56	208	69
MZ463751.1	393	nSX00113	89708	77.536	276	5	277	44792	44517	5.11e-56	208	69
MZ463751.1	393	nSX00113	89708	77.536	276	5	277	63686	63961	5.11e-56	208	69
MZ463752.1	394	nSX00113	89708	77.536	276	5	277	7590	7865	5.13e-56	208	69
MZ463752.1	394	nSX00113	89708	77.536	276	5	277	44792	44517	5.13e-56	208	69
MZ463752.1	394	nSX00113	89708	77.536	276	5	277	63686	63961	5.13e-56	208	69
MZ463753.1	394	nSX00113	89708	77.174	276	5	277	7590	7865	2.18e-54	204	69
MZ463753.1	394	nSX00113	89708	77.174	276	5	277	44792	44517	2.18e-54	204	69
MZ463753.1	394	nSX00113	89708	77.174	276	5	277	63686	63961	2.18e-54	204	69
MZ463754.1	394	nSX00113	89708	78.378	259	5	260	7590	7848	6.24e-55	205	65
MZ463754.1	394	nSX00113	89708	78.378	259	5	260	44792	44534	6.24e-55	205	65
MZ463754.1	394	nSX00113	89708	78.378	259	5	260	63686	63944	6.24e-55	205	65
MZ463755.1	394	nSX00113	89708	77.899	276	5	277	7590	7865	4.21e-57	213	69
MZ463755.1	394	nSX00113	89708	77.899	276	5	277	44792	44517	4.21e-57	213	69
MZ463755.1	394	nSX00113	89708	77.899	276	5	277	63686	63961	4.21e-57	213	69
MZ463756.1	394	nSX00113	89708	77.174	276	5	277	7590	7865	2.18e-54	204	69
MZ463756.1	394	nSX00113	89708	77.174	276	5	277	44792	44517	2.18e-54	204	69
MZ463756.1	394	nSX00113	89708	77.174	276	5	277	63686	63961	2.18e-54	204	69
MZ463757.1	394	nSX00113	89708	77.174	276	5	277	7590	7865	2.18e-54	204	69
MZ463757.1	394	nSX00113	89708	77.174	276	5	277	44792	44517	2.18e-54	204	69
MZ463757.1	394	nSX00113	89708	77.174	276	5	277	63686	63961	2.18e-54	204	69
MZ463758.1	394	nSX00113	89708	77.174	276	5	277	7590	7865	2.18e-54	204	69
MZ463758.1	394	nSX00113	89708	77.174	276	5	277	44792	44517	2.18e-54	204	69
MZ463758.1	394	nSX00113	89708	77.174	276	5	277	63686	63961	2.18e-54	204	69
MZ463759.1	410	nSX00113	89708	77.174	276	5	277	7590	7865	2.27e-54	204	67
MZ463759.1	410	nSX00113	89708	77.174	276	5	277	44792	44517	2.27e-54	204	67
MZ463759.1	410	nSX00113	89708	77.174	276	5	277	63686	63961	2.27e-54	204	67
FJ751925.1	394	nSX00113	89708	77.536	276	5	277	7590	7865	5.13e-56	208	69
FJ751925.1	394	nSX00113	89708	77.536	276	5	277	44792	44517	5.13e-56	208	69
FJ751925.1	394	nSX00113	89708	77.536	276	5	277	63686	63961	5.13e-56	208	69
FJ751926.1	395	nSX00113	89708	77.536	276	5	277	7590	7865	5.14e-56	208	69
FJ751926.1	395	nSX00113	89708	77.536	276	5	277	44792	44517	5.14e-56	208	69
FJ751926.1	395	nSX00113	89708	77.536	276	5	277	63686	63961	5.14e-56	208	69
FJ751927.1	395	nSX00113	89708	77.174	276	5	277	7590	7865	2.19e-54	204	69
FJ751927.1	395	nSX00113	89708	77.174	276	5	277	44792	44517	2.19e-54	204	69
FJ751927.1	395	nSX00113	89708	77.174	276	5	277	63686	63961	2.19e-54	204	69
FJ751930.1	395	nSX00113	89708	77.536	276	5	277	7590	7865	5.14e-56	208	69
FJ751930.1	395	nSX00113	89708	77.536	276	5	277	44792	44517	5.14e-56	208	69
FJ751930.1	395	nSX00113	89708	77.536	276	5	277	63686	63961	5.14e-56	208	69
FJ751933.1	396	nSX00113	89708	77.536	276	6	278	7590	7865	5.15e-56	208	69
FJ751933.1	396	nSX00113	89708	77.536	276	6	278	44792	44517	5.15e-56	208	69
FJ751933.1	396	nSX00113	89708	77.536	276	6	278	63686	63961	5.15e-56	208	69
FJ751934.1	395	nSX00113	89708	77.536	276	6	278	7590	7865	5.14e-56	208	69
FJ751934.1	395	nSX00113	89708	77.536	276	6	278	44792	44517	5.14e-56	208	69
FJ751934.1	395	nSX00113	89708	77.536	276	6	278	63686	63961	5.14e-56	208	69
MZ463745.1	387	nSX00115	88083	77.695	269	6	272	65938	66206	4.95e-56	208	69
MZ463746.1	387	nSX00115	88083	77.695	269	6	272	65938	66206	4.95e-56	208	69
MZ463747.1	387	nSX00115	88083	77.323	269	6	272	65938	66206	2.11e-54	204	69
MZ463748.1	387	nSX00115	88083	77.323	269	6	272	65938	66206	2.11e-54	204	69
MZ463749.1	391	nSX00115	88083	77.323	269	11	277	65938	66206	2.12e-54	204	68
MZ463750.1	392	nSX00115	88083	76.952	269	11	277	65938	66206	2.59e-53	199	68
MZ463751.1	393	nSX00115	88083	77.695	269	11	277	65938	66206	5.02e-56	208	68
MZ463752.1	394	nSX00115	88083	77.695	269	11	277	65938	66206	5.03e-56	208	68
MZ463753.1	394	nSX00115	88083	77.323	269	11	277	65938	66206	2.14e-54	204	68
MZ463754.1	394	nSX00115	88083	78.571	252	11	260	65938	66189	6.13e-55	205	63
MZ463755.1	394	nSX00115	88083	78.067	269	11	277	65938	66206	4.13e-57	213	68
MZ463756.1	394	nSX00115	88083	77.323	269	11	277	65938	66206	2.14e-54	204	68
MZ463757.1	394	nSX00115	88083	77.323	269	11	277	65938	66206	2.14e-54	204	68
MZ463758.1	394	nSX00115	88083	77.323	269	11	277	65938	66206	2.14e-54	204	68
MZ463759.1	410	nSX00115	88083	77.323	269	11	277	65938	66206	2.23e-54	204	65
FJ751925.1	394	nSX00115	88083	77.695	269	11	277	65938	66206	5.03e-56	208	68
FJ751926.1	395	nSX00115	88083	77.695	269	11	277	65938	66206	5.05e-56	208	68
FJ751927.1	395	nSX00115	88083	77.323	269	11	277	65938	66206	2.15e-54	204	68
FJ751930.1	395	nSX00115	88083	77.695	269	11	277	65938	66206	5.05e-56	208	68
FJ751933.1	396	nSX00115	88083	77.695	269	12	278	65938	66206	5.06e-56	208	67
FJ751934.1	395	nSX00115	88083	77.695	269	12	278	65938	66206	5.05e-56	208	68
MZ463745.1	387	nSX00116	87991	77.947	263	12	272	13598	13860	1.73e-55	206	67
MZ463745.1	387	nSX00116	87991	77.947	263	12	272	48088	47826	1.73e-55	206	67
MZ463745.1	387	nSX00116	87991	77.947	263	12	272	82861	82599	1.73e-55	206	67
MZ463746.1	387	nSX00116	87991	77.947	263	12	272	13598	13860	1.73e-55	206	67
MZ463746.1	387	nSX00116	87991	77.947	263	12	272	48088	47826	1.73e-55	206	67
MZ463746.1	387	nSX00116	87991	77.947	263	12	272	82861	82599	1.73e-55	206	67
MZ463747.1	387	nSX00116	87991	77.567	263	12	272	13598	13860	7.34e-54	202	67
MZ463747.1	387	nSX00116	87991	77.567	263	12	272	48088	47826	7.34e-54	202	67
MZ463747.1	387	nSX00116	87991	77.567	263	12	272	82861	82599	7.34e-54	202	67
MZ463748.1	387	nSX00116	87991	77.567	263	12	272	13598	13860	7.34e-54	202	67
MZ463748.1	387	nSX00116	87991	77.567	263	12	272	48088	47826	7.34e-54	202	67
MZ463748.1	387	nSX00116	87991	77.567	263	12	272	82861	82599	7.34e-54	202	67
MZ463749.1	391	nSX00116	87991	77.174	276	5	277	13585	13860	2.12e-54	204	70
MZ463749.1	391	nSX00116	87991	77.174	276	5	277	48101	47826	2.12e-54	204	70
MZ463749.1	391	nSX00116	87991	77.174	276	5	277	82874	82599	2.12e-54	204	70
MZ463750.1	392	nSX00116	87991	76.812	276	5	277	13585	13860	2.59e-53	199	70
MZ463750.1	392	nSX00116	87991	76.812	276	5	277	48101	47826	2.59e-53	199	70
MZ463750.1	392	nSX00116	87991	76.812	276	5	277	82874	82599	2.59e-53	199	70
MZ463751.1	393	nSX00116	87991	77.536	276	5	277	13585	13860	5.01e-56	208	69
MZ463751.1	393	nSX00116	87991	77.536	276	5	277	48101	47826	5.01e-56	208	69
MZ463751.1	393	nSX00116	87991	77.536	276	5	277	82874	82599	5.01e-56	208	69
MZ463752.1	394	nSX00116	87991	77.536	276	5	277	13585	13860	5.03e-56	208	69
MZ463752.1	394	nSX00116	87991	77.536	276	5	277	48101	47826	5.03e-56	208	69
MZ463752.1	394	nSX00116	87991	77.536	276	5	277	82874	82599	5.03e-56	208	69
MZ463753.1	394	nSX00116	87991	77.174	276	5	277	13585	13860	2.14e-54	204	69
MZ463753.1	394	nSX00116	87991	77.174	276	5	277	48101	47826	2.14e-54	204	69
MZ463753.1	394	nSX00116	87991	77.174	276	5	277	82874	82599	2.14e-54	204	69
MZ463754.1	394	nSX00116	87991	78.378	259	5	260	13585	13843	6.12e-55	205	65
MZ463754.1	394	nSX00116	87991	78.378	259	5	260	48101	47843	6.12e-55	205	65
MZ463754.1	394	nSX00116	87991	78.378	259	5	260	82874	82616	6.12e-55	205	65
MZ463755.1	394	nSX00116	87991	77.899	276	5	277	13585	13860	4.13e-57	213	69
MZ463755.1	394	nSX00116	87991	77.899	276	5	277	48101	47826	4.13e-57	213	69
MZ463755.1	394	nSX00116	87991	77.899	276	5	277	82874	82599	4.13e-57	213	69
MZ463756.1	394	nSX00116	87991	77.174	276	5	277	13585	13860	2.14e-54	204	69
MZ463756.1	394	nSX00116	87991	77.174	276	5	277	48101	47826	2.14e-54	204	69
MZ463756.1	394	nSX00116	87991	77.174	276	5	277	82874	82599	2.14e-54	204	69
MZ463757.1	394	nSX00116	87991	77.174	276	5	277	13585	13860	2.14e-54	204	69
MZ463757.1	394	nSX00116	87991	77.174	276	5	277	48101	47826	2.14e-54	204	69
MZ463757.1	394	nSX00116	87991	77.174	276	5	277	82874	82599	2.14e-54	204	69
MZ463758.1	394	nSX00116	87991	77.174	276	5	277	13585	13860	2.14e-54	204	69
MZ463758.1	394	nSX00116	87991	77.174	276	5	277	48101	47826	2.14e-54	204	69
MZ463758.1	394	nSX00116	87991	77.174	276	5	277	82874	82599	2.14e-54	204	69
MZ463759.1	410	nSX00116	87991	77.174	276	5	277	13585	13860	2.23e-54	204	67
MZ463759.1	410	nSX00116	87991	77.174	276	5	277	48101	47826	2.23e-54	204	67
MZ463759.1	410	nSX00116	87991	77.174	276	5	277	82874	82599	2.23e-54	204	67
FJ751925.1	394	nSX00116	87991	77.536	276	5	277	13585	13860	5.03e-56	208	69
FJ751925.1	394	nSX00116	87991	77.536	276	5	277	48101	47826	5.03e-56	208	69
FJ751925.1	394	nSX00116	87991	77.536	276	5	277	82874	82599	5.03e-56	208	69
FJ751926.1	395	nSX00116	87991	77.536	276	5	277	13585	13860	5.04e-56	208	69
FJ751926.1	395	nSX00116	87991	77.536	276	5	277	48101	47826	5.04e-56	208	69
FJ751926.1	395	nSX00116	87991	77.536	276	5	277	82874	82599	5.04e-56	208	69
FJ751927.1	395	nSX00116	87991	77.174	276	5	277	13585	13860	2.14e-54	204	69
FJ751927.1	395	nSX00116	87991	77.174	276	5	277	48101	47826	2.14e-54	204	69
FJ751927.1	395	nSX00116	87991	77.174	276	5	277	82874	82599	2.14e-54	204	69
FJ751930.1	395	nSX00116	87991	77.536	276	5	277	13585	13860	5.04e-56	208	69
FJ751930.1	395	nSX00116	87991	77.536	276	5	277	48101	47826	5.04e-56	208	69
FJ751930.1	395	nSX00116	87991	77.536	276	5	277	82874	82599	5.04e-56	208	69
FJ751933.1	396	nSX00116	87991	77.536	276	6	278	13585	13860	5.05e-56	208	69
FJ751933.1	396	nSX00116	87991	77.536	276	6	278	48101	47826	5.05e-56	208	69
FJ751933.1	396	nSX00116	87991	77.536	276	6	278	82874	82599	5.05e-56	208	69
FJ751934.1	395	nSX00116	87991	77.536	276	6	278	13585	13860	5.04e-56	208	69
FJ751934.1	395	nSX00116	87991	77.536	276	6	278	48101	47826	5.04e-56	208	69
FJ751934.1	395	nSX00116	87991	77.536	276	6	278	82874	82599	5.04e-56	208	69
MZ463745.1	387	nSX00118	87713	77.947	263	12	272	397	135	1.72e-55	206	67
MZ463746.1	387	nSX00118	87713	77.947	263	12	272	397	135	1.72e-55	206	67
MZ463747.1	387	nSX00118	87713	77.567	263	12	272	397	135	7.32e-54	202	67
MZ463748.1	387	nSX00118	87713	77.567	263	12	272	397	135	7.32e-54	202	67
MZ463749.1	391	nSX00118	87713	77.174	276	5	277	410	135	2.11e-54	204	70
MZ463750.1	392	nSX00118	87713	76.812	276	5	277	410	135	2.58e-53	199	70
MZ463751.1	393	nSX00118	87713	77.536	276	5	277	410	135	5.00e-56	208	69
MZ463752.1	394	nSX00118	87713	77.536	276	5	277	410	135	5.01e-56	208	69
MZ463753.1	394	nSX00118	87713	77.174	276	5	277	410	135	2.13e-54	204	69
MZ463754.1	394	nSX00118	87713	78.378	259	5	260	410	152	6.11e-55	205	65
MZ463755.1	394	nSX00118	87713	77.899	276	5	277	410	135	4.11e-57	213	69
MZ463756.1	394	nSX00118	87713	77.174	276	5	277	410	135	2.13e-54	204	69
MZ463757.1	394	nSX00118	87713	77.174	276	5	277	410	135	2.13e-54	204	69
MZ463758.1	394	nSX00118	87713	77.174	276	5	277	410	135	2.13e-54	204	69
MZ463759.1	410	nSX00118	87713	77.174	276	5	277	410	135	2.22e-54	204	67
FJ751925.1	394	nSX00118	87713	77.536	276	5	277	410	135	5.01e-56	208	69
FJ751926.1	395	nSX00118	87713	77.536	276	5	277	410	135	5.02e-56	208	69
FJ751927.1	395	nSX00118	87713	77.174	276	5	277	410	135	2.14e-54	204	69
FJ751930.1	395	nSX00118	87713	77.536	276	5	277	410	135	5.02e-56	208	69
FJ751933.1	396	nSX00118	87713	77.536	276	6	278	410	135	5.04e-56	208	69
FJ751934.1	395	nSX00118	87713	77.536	276	6	278	410	135	5.02e-56	208	69
MZ463745.1	387	nSX00119	86157	77.068	266	12	272	52791	52526	7.19e-54	201	67
MZ463745.1	387	nSX00119	86157	76.692	266	12	272	18206	18471	1.93e-48	183	67
MZ463746.1	387	nSX00119	86157	77.068	266	12	272	52791	52526	7.19e-54	201	67
MZ463746.1	387	nSX00119	86157	76.692	266	12	272	18206	18471	1.93e-48	183	67
MZ463747.1	387	nSX00119	86157	76.692	266	12	272	52791	52526	3.06e-52	196	67
MZ463747.1	387	nSX00119	86157	76.316	266	12	272	18206	18471	8.20e-47	178	67
MZ463748.1	387	nSX00119	86157	76.692	266	12	272	52791	52526	3.06e-52	196	67
MZ463748.1	387	nSX00119	86157	76.316	266	12	272	18206	18471	8.20e-47	178	67
MZ463749.1	391	nSX00119	86157	76.344	279	5	277	52804	52526	8.85e-53	198	70
MZ463749.1	391	nSX00119	86157	75.986	279	5	277	18193	18471	2.38e-47	180	70
MZ463750.1	392	nSX00119	86157	75.986	279	5	277	52804	52526	1.08e-51	194	70
MZ463750.1	392	nSX00119	86157	75.627	279	5	277	18193	18471	2.90e-46	176	70
MZ463751.1	393	nSX00119	86157	76.703	279	5	277	52804	52526	2.09e-54	203	69
MZ463751.1	393	nSX00119	86157	76.344	279	5	277	18193	18471	5.62e-49	185	69
MZ463752.1	394	nSX00119	86157	76.703	279	5	277	52804	52526	2.10e-54	203	69
MZ463752.1	394	nSX00119	86157	76.344	279	5	277	18193	18471	5.63e-49	185	69
MZ463753.1	394	nSX00119	86157	76.344	279	5	277	52804	52526	8.92e-53	198	69
MZ463753.1	394	nSX00119	86157	75.986	279	5	277	18193	18471	2.39e-47	180	69
MZ463754.1	394	nSX00119	86157	77.863	262	5	260	52804	52543	2.56e-53	199	65
MZ463754.1	394	nSX00119	86157	77.099	262	5	260	18193	18454	6.86e-48	181	65
MZ463755.1	394	nSX00119	86157	77.061	279	5	277	52804	52526	1.72e-55	207	69
MZ463755.1	394	nSX00119	86157	76.703	279	5	277	18193	18471	4.62e-50	189	69
MZ463756.1	394	nSX00119	86157	76.344	279	5	277	52804	52526	8.92e-53	198	69
MZ463756.1	394	nSX00119	86157	75.986	279	5	277	18193	18471	2.39e-47	180	69
MZ463757.1	394	nSX00119	86157	76.344	279	5	277	52804	52526	8.92e-53	198	69
MZ463757.1	394	nSX00119	86157	75.986	279	5	277	18193	18471	2.39e-47	180	69
MZ463758.1	394	nSX00119	86157	76.344	279	5	277	52804	52526	8.92e-53	198	69
MZ463758.1	394	nSX00119	86157	75.986	279	5	277	18193	18471	2.39e-47	180	69
MZ463759.1	410	nSX00119	86157	76.344	279	5	277	52804	52526	9.28e-53	198	67
MZ463759.1	410	nSX00119	86157	75.986	279	5	277	18193	18471	2.49e-47	180	67
FJ751925.1	394	nSX00119	86157	76.703	279	5	277	52804	52526	2.10e-54	203	69
FJ751925.1	394	nSX00119	86157	76.344	279	5	277	18193	18471	5.63e-49	185	69
FJ751926.1	395	nSX00119	86157	76.703	279	5	277	52804	52526	2.10e-54	203	69
FJ751926.1	395	nSX00119	86157	76.344	279	5	277	18193	18471	5.65e-49	185	69
FJ751927.1	395	nSX00119	86157	76.344	279	5	277	52804	52526	8.95e-53	198	69
FJ751927.1	395	nSX00119	86157	75.986	279	5	277	18193	18471	2.40e-47	180	69
FJ751930.1	395	nSX00119	86157	76.703	279	5	277	52804	52526	2.10e-54	203	69
FJ751930.1	395	nSX00119	86157	76.344	279	5	277	18193	18471	5.65e-49	185	69
FJ751933.1	396	nSX00119	86157	76.703	279	6	278	52804	52526	2.11e-54	203	69
FJ751933.1	396	nSX00119	86157	76.344	279	6	278	18193	18471	5.66e-49	185	69
FJ751934.1	395	nSX00119	86157	76.703	279	6	278	52804	52526	2.10e-54	203	69
FJ751934.1	395	nSX00119	86157	76.344	279	6	278	18193	18471	5.65e-49	185	69
MZ463745.1	387	nSX00122	83755	77.947	263	12	272	17380	17118	1.64e-55	206	67
MZ463746.1	387	nSX00122	83755	77.947	263	12	272	17380	17118	1.64e-55	206	67
MZ463747.1	387	nSX00122	83755	77.567	263	12	272	17380	17118	6.99e-54	202	67
MZ463748.1	387	nSX00122	83755	77.567	263	12	272	17380	17118	6.99e-54	202	67
MZ463749.1	391	nSX00122	83755	77.174	276	5	277	17393	17118	2.02e-54	204	70
MZ463750.1	392	nSX00122	83755	76.812	276	5	277	17393	17118	2.47e-53	199	70
MZ463751.1	393	nSX00122	83755	77.536	276	5	277	17393	17118	4.79e-56	208	69
MZ463752.1	394	nSX00122	83755	77.536	276	5	277	17393	17118	4.80e-56	208	69
MZ463753.1	394	nSX00122	83755	77.174	276	5	277	17393	17118	2.04e-54	204	69
MZ463754.1	394	nSX00122	83755	78.378	259	5	260	17393	17135	5.85e-55	205	65
MZ463755.1	394	nSX00122	83755	77.899	276	5	277	17393	17118	3.94e-57	213	69
MZ463756.1	394	nSX00122	83755	77.174	276	5	277	17393	17118	2.04e-54	204	69
MZ463757.1	394	nSX00122	83755	77.174	276	5	277	17393	17118	2.04e-54	204	69
MZ463758.1	394	nSX00122	83755	77.174	276	5	277	17393	17118	2.04e-54	204	69
MZ463759.1	410	nSX00122	83755	77.174	276	5	277	17393	17118	2.12e-54	204	67
FJ751925.1	394	nSX00122	83755	77.536	276	5	277	17393	17118	4.80e-56	208	69
FJ751926.1	395	nSX00122	83755	77.536	276	5	277	17393	17118	4.81e-56	208	69
FJ751927.1	395	nSX00122	83755	77.174	276	5	277	17393	17118	2.05e-54	204	69
FJ751930.1	395	nSX00122	83755	77.536	276	5	277	17393	17118	4.81e-56	208	69
FJ751933.1	396	nSX00122	83755	77.536	276	6	278	17393	17118	4.82e-56	208	69
FJ751934.1	395	nSX00122	83755	77.536	276	6	278	17393	17118	4.81e-56	208	69
MZ463745.1	387	nSX00124	82240	77.947	263	12	272	28875	29137	1.61e-55	206	67
MZ463745.1	387	nSX00124	82240	77.947	263	12	272	62047	61785	1.61e-55	206	67
MZ463746.1	387	nSX00124	82240	77.947	263	12	272	28875	29137	1.61e-55	206	67
MZ463746.1	387	nSX00124	82240	77.947	263	12	272	62047	61785	1.61e-55	206	67
MZ463747.1	387	nSX00124	82240	77.567	263	12	272	28875	29137	6.86e-54	202	67
MZ463747.1	387	nSX00124	82240	77.567	263	12	272	62047	61785	6.86e-54	202	67
MZ463748.1	387	nSX00124	82240	77.567	263	12	272	28875	29137	6.86e-54	202	67
MZ463748.1	387	nSX00124	82240	77.567	263	12	272	62047	61785	6.86e-54	202	67
MZ463749.1	391	nSX00124	82240	77.174	276	5	277	28862	29137	1.99e-54	204	70
MZ463749.1	391	nSX00124	82240	77.174	276	5	277	62060	61785	1.99e-54	204	70
MZ463750.1	392	nSX00124	82240	76.812	276	5	277	28862	29137	2.43e-53	199	70
MZ463750.1	392	nSX00124	82240	76.812	276	5	277	62060	61785	2.43e-53	199	70
MZ463751.1	393	nSX00124	82240	77.536	276	5	277	28862	29137	4.70e-56	208	69
MZ463751.1	393	nSX00124	82240	77.536	276	5	277	62060	61785	4.70e-56	208	69
MZ463752.1	394	nSX00124	82240	77.536	276	5	277	28862	29137	4.71e-56	208	69
MZ463752.1	394	nSX00124	82240	77.536	276	5	277	62060	61785	4.71e-56	208	69
MZ463753.1	394	nSX00124	82240	77.174	276	5	277	28862	29137	2.00e-54	204	69
MZ463753.1	394	nSX00124	82240	77.174	276	5	277	62060	61785	2.00e-54	204	69
MZ463754.1	394	nSX00124	82240	78.378	259	5	260	28862	29120	5.74e-55	205	65
MZ463754.1	394	nSX00124	82240	78.378	259	5	260	62060	61802	5.74e-55	205	65
MZ463755.1	394	nSX00124	82240	77.899	276	5	277	28862	29137	3.87e-57	213	69
MZ463755.1	394	nSX00124	82240	77.899	276	5	277	62060	61785	3.87e-57	213	69
MZ463756.1	394	nSX00124	82240	77.174	276	5	277	28862	29137	2.00e-54	204	69
MZ463756.1	394	nSX00124	82240	77.174	276	5	277	62060	61785	2.00e-54	204	69
MZ463757.1	394	nSX00124	82240	77.174	276	5	277	28862	29137	2.00e-54	204	69
MZ463757.1	394	nSX00124	82240	77.174	276	5	277	62060	61785	2.00e-54	204	69
MZ463758.1	394	nSX00124	82240	77.174	276	5	277	28862	29137	2.00e-54	204	69
MZ463758.1	394	nSX00124	82240	77.174	276	5	277	62060	61785	2.00e-54	204	69
MZ463759.1	410	nSX00124	82240	77.174	276	5	277	28862	29137	2.09e-54	204	67
MZ463759.1	410	nSX00124	82240	77.174	276	5	277	62060	61785	2.09e-54	204	67
FJ751925.1	394	nSX00124	82240	77.536	276	5	277	28862	29137	4.71e-56	208	69
FJ751925.1	394	nSX00124	82240	77.536	276	5	277	62060	61785	4.71e-56	208	69
FJ751926.1	395	nSX00124	82240	77.536	276	5	277	28862	29137	4.72e-56	208	69
FJ751926.1	395	nSX00124	82240	77.536	276	5	277	62060	61785	4.72e-56	208	69
FJ751927.1	395	nSX00124	82240	77.174	276	5	277	28862	29137	2.01e-54	204	69
FJ751927.1	395	nSX00124	82240	77.174	276	5	277	62060	61785	2.01e-54	204	69
FJ751930.1	395	nSX00124	82240	77.536	276	5	277	28862	29137	4.72e-56	208	69
FJ751930.1	395	nSX00124	82240	77.536	276	5	277	62060	61785	4.72e-56	208	69
FJ751933.1	396	nSX00124	82240	77.536	276	6	278	28862	29137	4.74e-56	208	69
FJ751933.1	396	nSX00124	82240	77.536	276	6	278	62060	61785	4.74e-56	208	69
FJ751934.1	395	nSX00124	82240	77.536	276	6	278	28862	29137	4.72e-56	208	69
FJ751934.1	395	nSX00124	82240	77.536	276	6	278	62060	61785	4.72e-56	208	69
MZ463745.1	387	nSX00125	81344	77.947	263	12	272	6475	6737	1.60e-55	206	67
MZ463745.1	387	nSX00125	81344	78.750	240	12	248	40960	40722	4.28e-50	189	67
MZ463746.1	387	nSX00125	81344	77.947	263	12	272	6475	6737	1.60e-55	206	67
MZ463746.1	387	nSX00125	81344	78.750	240	12	248	40960	40722	4.28e-50	189	67
MZ463747.1	387	nSX00125	81344	77.567	263	12	272	6475	6737	6.79e-54	202	67
MZ463747.1	387	nSX00125	81344	78.333	240	12	248	40960	40722	5.22e-49	185	67
MZ463748.1	387	nSX00125	81344	77.567	263	12	272	6475	6737	6.79e-54	202	67
MZ463748.1	387	nSX00125	81344	78.333	240	12	248	40960	40722	5.22e-49	185	67
MZ463749.1	391	nSX00125	81344	77.174	276	5	277	6462	6737	1.97e-54	204	70
MZ463749.1	391	nSX00125	81344	77.866	253	5	253	40973	40722	1.51e-49	187	70
MZ463750.1	392	nSX00125	81344	76.812	276	5	277	6462	6737	2.40e-53	199	70
MZ463750.1	392	nSX00125	81344	77.470	253	5	253	40973	40722	6.44e-48	182	70
MZ463751.1	393	nSX00125	81344	77.536	276	5	277	6462	6737	4.65e-56	208	69
MZ463751.1	393	nSX00125	81344	78.261	253	5	253	40973	40722	1.25e-50	191	69
MZ463752.1	394	nSX00125	81344	77.536	276	5	277	6462	6737	4.66e-56	208	69
MZ463752.1	394	nSX00125	81344	78.656	253	5	253	40973	40722	2.94e-52	196	69
MZ463753.1	394	nSX00125	81344	77.174	276	5	277	6462	6737	1.98e-54	204	69
MZ463753.1	394	nSX00125	81344	77.866	253	5	253	40973	40722	1.52e-49	187	69
MZ463754.1	394	nSX00125	81344	78.378	259	5	260	6462	6720	5.68e-55	205	65
MZ463754.1	394	nSX00125	81344	78.261	253	5	253	40973	40722	1.25e-50	191	65
MZ463755.1	394	nSX00125	81344	77.899	276	5	277	6462	6737	3.83e-57	213	69
MZ463755.1	394	nSX00125	81344	78.656	253	5	253	40973	40722	2.94e-52	196	69
MZ463756.1	394	nSX00125	81344	77.174	276	5	277	6462	6737	1.98e-54	204	69
MZ463756.1	394	nSX00125	81344	77.992	259	5	259	40973	40716	3.58e-51	193	69
MZ463757.1	394	nSX00125	81344	77.174	276	5	277	6462	6737	1.98e-54	204	69
MZ463757.1	394	nSX00125	81344	77.866	253	5	253	40973	40722	1.52e-49	187	69
MZ463758.1	394	nSX00125	81344	77.174	276	5	277	6462	6737	1.98e-54	204	69
MZ463758.1	394	nSX00125	81344	77.866	253	5	253	40973	40722	1.52e-49	187	69
MZ463759.1	410	nSX00125	81344	77.174	276	5	277	6462	6737	2.07e-54	204	67
MZ463759.1	410	nSX00125	81344	77.866	253	5	253	40973	40722	1.59e-49	187	67
FJ751925.1	394	nSX00125	81344	77.536	276	5	277	6462	6737	4.66e-56	208	69
FJ751925.1	394	nSX00125	81344	78.261	253	5	253	40973	40722	1.25e-50	191	69
FJ751926.1	395	nSX00125	81344	77.536	276	5	277	6462	6737	4.67e-56	208	69
FJ751926.1	395	nSX00125	81344	78.261	253	5	253	40973	40722	1.25e-50	191	69
FJ751927.1	395	nSX00125	81344	77.174	276	5	277	6462	6737	1.99e-54	204	69
FJ751927.1	395	nSX00125	81344	77.866	253	5	253	40973	40722	1.53e-49	187	69
FJ751930.1	395	nSX00125	81344	77.536	276	5	277	6462	6737	4.67e-56	208	69
FJ751930.1	395	nSX00125	81344	78.261	253	5	253	40973	40722	1.25e-50	191	69
FJ751933.1	396	nSX00125	81344	77.536	276	6	278	6462	6737	4.68e-56	208	69
FJ751933.1	396	nSX00125	81344	78.261	253	6	254	40973	40722	1.26e-50	191	69
FJ751934.1	395	nSX00125	81344	77.536	276	6	278	6462	6737	4.67e-56	208	69
FJ751934.1	395	nSX00125	81344	78.261	253	6	254	40973	40722	1.25e-50	191	69
MZ463745.1	387	nSX00126	79805	77.947	263	12	272	37797	38059	1.57e-55	206	67
MZ463745.1	387	nSX00126	79805	77.947	263	12	272	43455	43193	1.57e-55	206	67
MZ463746.1	387	nSX00126	79805	77.947	263	12	272	37797	38059	1.57e-55	206	67
MZ463746.1	387	nSX00126	79805	77.947	263	12	272	43455	43193	1.57e-55	206	67
MZ463747.1	387	nSX00126	79805	77.567	263	12	272	37797	38059	6.66e-54	202	67
MZ463747.1	387	nSX00126	79805	77.567	263	12	272	43455	43193	6.66e-54	202	67
MZ463748.1	387	nSX00126	79805	77.567	263	12	272	37797	38059	6.66e-54	202	67
MZ463748.1	387	nSX00126	79805	77.567	263	12	272	43455	43193	6.66e-54	202	67
MZ463749.1	391	nSX00126	79805	77.174	276	5	277	37784	38059	1.93e-54	204	70
MZ463749.1	391	nSX00126	79805	77.174	276	5	277	43468	43193	1.93e-54	204	70
MZ463750.1	392	nSX00126	79805	76.812	276	5	277	37784	38059	2.36e-53	199	70
MZ463750.1	392	nSX00126	79805	76.812	276	5	277	43468	43193	2.36e-53	199	70
MZ463751.1	393	nSX00126	79805	77.536	276	5	277	37784	38059	4.56e-56	208	69
MZ463751.1	393	nSX00126	79805	77.536	276	5	277	43468	43193	4.56e-56	208	69
MZ463752.1	394	nSX00126	79805	77.536	276	5	277	37784	38059	4.57e-56	208	69
MZ463752.1	394	nSX00126	79805	77.536	276	5	277	43468	43193	4.57e-56	208	69
MZ463753.1	394	nSX00126	79805	77.174	276	5	277	37784	38059	1.94e-54	204	69
MZ463753.1	394	nSX00126	79805	77.174	276	5	277	43468	43193	1.94e-54	204	69
MZ463754.1	394	nSX00126	79805	78.378	259	5	260	37784	38042	5.57e-55	205	65
MZ463754.1	394	nSX00126	79805	78.378	259	5	260	43468	43210	5.57e-55	205	65
MZ463755.1	394	nSX00126	79805	77.899	276	5	277	37784	38059	3.75e-57	213	69
MZ463755.1	394	nSX00126	79805	77.899	276	5	277	43468	43193	3.75e-57	213	69
MZ463756.1	394	nSX00126	79805	77.174	276	5	277	37784	38059	1.94e-54	204	69
MZ463756.1	394	nSX00126	79805	77.174	276	5	277	43468	43193	1.94e-54	204	69
MZ463757.1	394	nSX00126	79805	77.174	276	5	277	37784	38059	1.94e-54	204	69
MZ463757.1	394	nSX00126	79805	77.174	276	5	277	43468	43193	1.94e-54	204	69
MZ463758.1	394	nSX00126	79805	77.174	276	5	277	37784	38059	1.94e-54	204	69
MZ463758.1	394	nSX00126	79805	77.174	276	5	277	43468	43193	1.94e-54	204	69
MZ463759.1	410	nSX00126	79805	77.174	276	5	277	37784	38059	2.03e-54	204	67
MZ463759.1	410	nSX00126	79805	77.174	276	5	277	43468	43193	2.03e-54	204	67
FJ751925.1	394	nSX00126	79805	77.536	276	5	277	37784	38059	4.57e-56	208	69
FJ751925.1	394	nSX00126	79805	77.536	276	5	277	43468	43193	4.57e-56	208	69
FJ751926.1	395	nSX00126	79805	77.536	276	5	277	37784	38059	4.58e-56	208	69
FJ751926.1	395	nSX00126	79805	77.536	276	5	277	43468	43193	4.58e-56	208	69
FJ751927.1	395	nSX00126	79805	77.174	276	5	277	37784	38059	1.95e-54	204	69
FJ751927.1	395	nSX00126	79805	77.174	276	5	277	43468	43193	1.95e-54	204	69
FJ751930.1	395	nSX00126	79805	77.536	276	5	277	37784	38059	4.58e-56	208	69
FJ751930.1	395	nSX00126	79805	77.536	276	5	277	43468	43193	4.58e-56	208	69
FJ751933.1	396	nSX00126	79805	77.536	276	6	278	37784	38059	4.60e-56	208	69
FJ751933.1	396	nSX00126	79805	77.536	276	6	278	43468	43193	4.60e-56	208	69
FJ751934.1	395	nSX00126	79805	77.536	276	6	278	37784	38059	4.58e-56	208	69
FJ751934.1	395	nSX00126	79805	77.536	276	6	278	43468	43193	4.58e-56	208	69
MZ463745.1	387	nSX00130	78173	77.947	263	12	272	39151	39413	1.53e-55	206	67
MZ463745.1	387	nSX00130	78173	77.947	263	12	272	73617	73355	1.53e-55	206	67
MZ463746.1	387	nSX00130	78173	77.947	263	12	272	39151	39413	1.53e-55	206	67
MZ463746.1	387	nSX00130	78173	77.947	263	12	272	73617	73355	1.53e-55	206	67
MZ463747.1	387	nSX00130	78173	77.567	263	12	272	39151	39413	6.52e-54	202	67
MZ463747.1	387	nSX00130	78173	77.567	263	12	272	73617	73355	6.52e-54	202	67
MZ463748.1	387	nSX00130	78173	77.567	263	12	272	39151	39413	6.52e-54	202	67
MZ463748.1	387	nSX00130	78173	77.567	263	12	272	73617	73355	6.52e-54	202	67
MZ463749.1	391	nSX00130	78173	77.174	276	5	277	39138	39413	1.89e-54	204	70
MZ463749.1	391	nSX00130	78173	77.174	276	5	277	73630	73355	1.89e-54	204	70
MZ463750.1	392	nSX00130	78173	76.812	276	5	277	39138	39413	2.31e-53	199	70
MZ463750.1	392	nSX00130	78173	76.812	276	5	277	73630	73355	2.31e-53	199	70
MZ463751.1	393	nSX00130	78173	77.536	276	5	277	39138	39413	4.47e-56	208	69
MZ463751.1	393	nSX00130	78173	77.536	276	5	277	73630	73355	4.47e-56	208	69
MZ463752.1	394	nSX00130	78173	77.536	276	5	277	39138	39413	4.48e-56	208	69
MZ463752.1	394	nSX00130	78173	77.536	276	5	277	73630	73355	4.48e-56	208	69
MZ463753.1	394	nSX00130	78173	77.174	276	5	277	39138	39413	1.90e-54	204	69
MZ463753.1	394	nSX00130	78173	77.174	276	5	277	73630	73355	1.90e-54	204	69
MZ463754.1	394	nSX00130	78173	78.378	259	5	260	39138	39396	5.46e-55	205	65
MZ463754.1	394	nSX00130	78173	78.378	259	5	260	73630	73372	5.46e-55	205	65
MZ463755.1	394	nSX00130	78173	77.899	276	5	277	39138	39413	3.68e-57	213	69
MZ463755.1	394	nSX00130	78173	77.899	276	5	277	73630	73355	3.68e-57	213	69
MZ463756.1	394	nSX00130	78173	77.174	276	5	277	39138	39413	1.90e-54	204	69
MZ463756.1	394	nSX00130	78173	77.174	276	5	277	73630	73355	1.90e-54	204	69
MZ463757.1	394	nSX00130	78173	77.174	276	5	277	39138	39413	1.90e-54	204	69
MZ463757.1	394	nSX00130	78173	77.174	276	5	277	73630	73355	1.90e-54	204	69
MZ463758.1	394	nSX00130	78173	77.174	276	5	277	39138	39413	1.90e-54	204	69
MZ463758.1	394	nSX00130	78173	77.174	276	5	277	73630	73355	1.90e-54	204	69
MZ463759.1	410	nSX00130	78173	77.174	276	5	277	39138	39413	1.99e-54	204	67
MZ463759.1	410	nSX00130	78173	77.174	276	5	277	73630	73355	1.99e-54	204	67
FJ751925.1	394	nSX00130	78173	77.536	276	5	277	39138	39413	4.48e-56	208	69
FJ751925.1	394	nSX00130	78173	77.536	276	5	277	73630	73355	4.48e-56	208	69
FJ751926.1	395	nSX00130	78173	77.536	276	5	277	39138	39413	4.49e-56	208	69
FJ751926.1	395	nSX00130	78173	77.536	276	5	277	73630	73355	4.49e-56	208	69
FJ751927.1	395	nSX00130	78173	77.174	276	5	277	39138	39413	1.91e-54	204	69
FJ751927.1	395	nSX00130	78173	77.174	276	5	277	73630	73355	1.91e-54	204	69
FJ751930.1	395	nSX00130	78173	77.536	276	5	277	39138	39413	4.49e-56	208	69
FJ751930.1	395	nSX00130	78173	77.536	276	5	277	73630	73355	4.49e-56	208	69
FJ751933.1	396	nSX00130	78173	77.536	276	6	278	39138	39413	4.50e-56	208	69
FJ751933.1	396	nSX00130	78173	77.536	276	6	278	73630	73355	4.50e-56	208	69
FJ751934.1	395	nSX00130	78173	77.536	276	6	278	39138	39413	4.49e-56	208	69
FJ751934.1	395	nSX00130	78173	77.536	276	6	278	73630	73355	4.49e-56	208	69
MZ463745.1	387	nSX00134	77340	77.947	263	12	272	31270	31532	1.52e-55	206	67
MZ463745.1	387	nSX00134	77340	77.947	263	12	272	65735	65473	1.52e-55	206	67
MZ463746.1	387	nSX00134	77340	77.947	263	12	272	31270	31532	1.52e-55	206	67
MZ463746.1	387	nSX00134	77340	77.947	263	12	272	65735	65473	1.52e-55	206	67
MZ463747.1	387	nSX00134	77340	77.567	263	12	272	31270	31532	6.45e-54	202	67
MZ463747.1	387	nSX00134	77340	77.567	263	12	272	65735	65473	6.45e-54	202	67
MZ463748.1	387	nSX00134	77340	77.567	263	12	272	31270	31532	6.45e-54	202	67
MZ463748.1	387	nSX00134	77340	77.567	263	12	272	65735	65473	6.45e-54	202	67
MZ463749.1	391	nSX00134	77340	77.174	276	5	277	31257	31532	1.87e-54	204	70
MZ463749.1	391	nSX00134	77340	77.174	276	5	277	65748	65473	1.87e-54	204	70
MZ463750.1	392	nSX00134	77340	76.812	276	5	277	31257	31532	2.28e-53	199	70
MZ463750.1	392	nSX00134	77340	76.812	276	5	277	65748	65473	2.28e-53	199	70
MZ463751.1	393	nSX00134	77340	77.536	276	5	277	31257	31532	4.42e-56	208	69
MZ463751.1	393	nSX00134	77340	77.536	276	5	277	65748	65473	4.42e-56	208	69
MZ463752.1	394	nSX00134	77340	77.536	276	5	277	31257	31532	4.43e-56	208	69
MZ463752.1	394	nSX00134	77340	77.536	276	5	277	65748	65473	4.43e-56	208	69
MZ463753.1	394	nSX00134	77340	77.174	276	5	277	31257	31532	1.88e-54	204	69
MZ463753.1	394	nSX00134	77340	77.174	276	5	277	65748	65473	1.88e-54	204	69
MZ463754.1	394	nSX00134	77340	78.378	259	5	260	31257	31515	5.40e-55	205	65
MZ463754.1	394	nSX00134	77340	78.378	259	5	260	65748	65490	5.40e-55	205	65
MZ463755.1	394	nSX00134	77340	77.899	276	5	277	31257	31532	3.64e-57	213	69
MZ463755.1	394	nSX00134	77340	77.899	276	5	277	65748	65473	3.64e-57	213	69
MZ463756.1	394	nSX00134	77340	77.174	276	5	277	31257	31532	1.88e-54	204	69
MZ463756.1	394	nSX00134	77340	77.174	276	5	277	65748	65473	1.88e-54	204	69
MZ463757.1	394	nSX00134	77340	77.174	276	5	277	31257	31532	1.88e-54	204	69
MZ463757.1	394	nSX00134	77340	77.174	276	5	277	65748	65473	1.88e-54	204	69
MZ463758.1	394	nSX00134	77340	77.174	276	5	277	31257	31532	1.88e-54	204	69
MZ463758.1	394	nSX00134	77340	77.174	276	5	277	65748	65473	1.88e-54	204	69
MZ463759.1	410	nSX00134	77340	77.174	276	5	277	31257	31532	1.96e-54	204	67
MZ463759.1	410	nSX00134	77340	77.174	276	5	277	65748	65473	1.96e-54	204	67
FJ751925.1	394	nSX00134	77340	77.536	276	5	277	31257	31532	4.43e-56	208	69
FJ751925.1	394	nSX00134	77340	77.536	276	5	277	65748	65473	4.43e-56	208	69
FJ751926.1	395	nSX00134	77340	77.536	276	5	277	31257	31532	4.44e-56	208	69
FJ751926.1	395	nSX00134	77340	77.536	276	5	277	65748	65473	4.44e-56	208	69
FJ751927.1	395	nSX00134	77340	77.174	276	5	277	31257	31532	1.89e-54	204	69
FJ751927.1	395	nSX00134	77340	77.174	276	5	277	65748	65473	1.89e-54	204	69
FJ751930.1	395	nSX00134	77340	77.536	276	5	277	31257	31532	4.44e-56	208	69
FJ751930.1	395	nSX00134	77340	77.536	276	5	277	65748	65473	4.44e-56	208	69
FJ751933.1	396	nSX00134	77340	77.536	276	6	278	31257	31532	4.45e-56	208	69
FJ751933.1	396	nSX00134	77340	77.536	276	6	278	65748	65473	4.45e-56	208	69
FJ751934.1	395	nSX00134	77340	77.536	276	6	278	31257	31532	4.44e-56	208	69
FJ751934.1	395	nSX00134	77340	77.536	276	6	278	65748	65473	4.44e-56	208	69
MZ463745.1	387	nSX00140	76533	77.947	263	12	272	41422	41684	1.50e-55	206	67
MZ463745.1	387	nSX00140	76533	77.947	263	12	272	75882	75620	1.50e-55	206	67
MZ463746.1	387	nSX00140	76533	77.947	263	12	272	41422	41684	1.50e-55	206	67
MZ463746.1	387	nSX00140	76533	77.947	263	12	272	75882	75620	1.50e-55	206	67
MZ463747.1	387	nSX00140	76533	77.567	263	12	272	41422	41684	6.39e-54	202	67
MZ463747.1	387	nSX00140	76533	77.567	263	12	272	75882	75620	6.39e-54	202	67
MZ463748.1	387	nSX00140	76533	77.567	263	12	272	41422	41684	6.39e-54	202	67
MZ463748.1	387	nSX00140	76533	77.567	263	12	272	75882	75620	6.39e-54	202	67
MZ463749.1	391	nSX00140	76533	77.174	276	5	277	41409	41684	1.85e-54	204	70
MZ463749.1	391	nSX00140	76533	77.174	276	5	277	75895	75620	1.85e-54	204	70
MZ463750.1	392	nSX00140	76533	76.812	276	5	277	41409	41684	2.26e-53	199	70
MZ463750.1	392	nSX00140	76533	76.812	276	5	277	75895	75620	2.26e-53	199	70
MZ463751.1	393	nSX00140	76533	77.536	276	5	277	41409	41684	4.37e-56	208	69
MZ463751.1	393	nSX00140	76533	77.536	276	5	277	75895	75620	4.37e-56	208	69
MZ463752.1	394	nSX00140	76533	77.536	276	5	277	41409	41684	4.38e-56	208	69
MZ463752.1	394	nSX00140	76533	77.536	276	5	277	75895	75620	4.38e-56	208	69
MZ463753.1	394	nSX00140	76533	77.174	276	5	277	41409	41684	1.86e-54	204	69
MZ463753.1	394	nSX00140	76533	77.174	276	5	277	75895	75620	1.86e-54	204	69
MZ463754.1	394	nSX00140	76533	78.378	259	5	260	41409	41667	5.34e-55	205	65
MZ463754.1	394	nSX00140	76533	78.378	259	5	260	75895	75637	5.34e-55	205	65
MZ463755.1	394	nSX00140	76533	77.899	276	5	277	41409	41684	3.60e-57	213	69
MZ463755.1	394	nSX00140	76533	77.899	276	5	277	75895	75620	3.60e-57	213	69
MZ463756.1	394	nSX00140	76533	77.174	276	5	277	41409	41684	1.86e-54	204	69
MZ463756.1	394	nSX00140	76533	77.174	276	5	277	75895	75620	1.86e-54	204	69
MZ463757.1	394	nSX00140	76533	77.174	276	5	277	41409	41684	1.86e-54	204	69
MZ463757.1	394	nSX00140	76533	77.174	276	5	277	75895	75620	1.86e-54	204	69
MZ463758.1	394	nSX00140	76533	77.174	276	5	277	41409	41684	1.86e-54	204	69
MZ463758.1	394	nSX00140	76533	77.174	276	5	277	75895	75620	1.86e-54	204	69
MZ463759.1	410	nSX00140	76533	77.174	276	5	277	41409	41684	1.94e-54	204	67
MZ463759.1	410	nSX00140	76533	77.174	276	5	277	75895	75620	1.94e-54	204	67
FJ751925.1	394	nSX00140	76533	77.536	276	5	277	41409	41684	4.38e-56	208	69
FJ751925.1	394	nSX00140	76533	77.536	276	5	277	75895	75620	4.38e-56	208	69
FJ751926.1	395	nSX00140	76533	77.536	276	5	277	41409	41684	4.40e-56	208	69
FJ751926.1	395	nSX00140	76533	77.536	276	5	277	75895	75620	4.40e-56	208	69
FJ751927.1	395	nSX00140	76533	77.174	276	5	277	41409	41684	1.87e-54	204	69
FJ751927.1	395	nSX00140	76533	77.174	276	5	277	75895	75620	1.87e-54	204	69
FJ751930.1	395	nSX00140	76533	77.536	276	5	277	41409	41684	4.40e-56	208	69
FJ751930.1	395	nSX00140	76533	77.536	276	5	277	75895	75620	4.40e-56	208	69
FJ751933.1	396	nSX00140	76533	77.536	276	6	278	41409	41684	4.41e-56	208	69
FJ751933.1	396	nSX00140	76533	77.536	276	6	278	75895	75620	4.41e-56	208	69
FJ751934.1	395	nSX00140	76533	77.536	276	6	278	41409	41684	4.40e-56	208	69
FJ751934.1	395	nSX00140	76533	77.536	276	6	278	75895	75620	4.40e-56	208	69
MZ463745.1	387	nSX00145	75212	77.947	263	12	272	27686	27948	1.48e-55	206	67
MZ463745.1	387	nSX00145	75212	77.947	263	12	272	62154	61892	1.48e-55	206	67
MZ463746.1	387	nSX00145	75212	77.947	263	12	272	27686	27948	1.48e-55	206	67
MZ463746.1	387	nSX00145	75212	77.947	263	12	272	62154	61892	1.48e-55	206	67
MZ463747.1	387	nSX00145	75212	77.567	263	12	272	27686	27948	6.28e-54	202	67
MZ463747.1	387	nSX00145	75212	77.567	263	12	272	62154	61892	6.28e-54	202	67
MZ463748.1	387	nSX00145	75212	77.567	263	12	272	27686	27948	6.28e-54	202	67
MZ463748.1	387	nSX00145	75212	77.567	263	12	272	62154	61892	6.28e-54	202	67
MZ463749.1	391	nSX00145	75212	77.174	276	5	277	27673	27948	1.82e-54	204	70
MZ463749.1	391	nSX00145	75212	77.174	276	5	277	62167	61892	1.82e-54	204	70
MZ463750.1	392	nSX00145	75212	76.812	276	5	277	27673	27948	2.22e-53	199	70
MZ463750.1	392	nSX00145	75212	76.812	276	5	277	62167	61892	2.22e-53	199	70
MZ463751.1	393	nSX00145	75212	77.536	276	5	277	27673	27948	4.30e-56	208	69
MZ463751.1	393	nSX00145	75212	77.536	276	5	277	62167	61892	4.30e-56	208	69
MZ463752.1	394	nSX00145	75212	77.536	276	5	277	27673	27948	4.31e-56	208	69
MZ463752.1	394	nSX00145	75212	77.536	276	5	277	62167	61892	4.31e-56	208	69
MZ463753.1	394	nSX00145	75212	77.174	276	5	277	27673	27948	1.83e-54	204	69
MZ463753.1	394	nSX00145	75212	77.174	276	5	277	62167	61892	1.83e-54	204	69
MZ463754.1	394	nSX00145	75212	78.378	259	5	260	27673	27931	5.25e-55	205	65
MZ463754.1	394	nSX00145	75212	78.378	259	5	260	62167	61909	5.25e-55	205	65
MZ463755.1	394	nSX00145	75212	77.899	276	5	277	27673	27948	3.54e-57	213	69
MZ463755.1	394	nSX00145	75212	77.899	276	5	277	62167	61892	3.54e-57	213	69
MZ463756.1	394	nSX00145	75212	77.174	276	5	277	27673	27948	1.83e-54	204	69
MZ463756.1	394	nSX00145	75212	77.174	276	5	277	62167	61892	1.83e-54	204	69
MZ463757.1	394	nSX00145	75212	77.174	276	5	277	27673	27948	1.83e-54	204	69
MZ463757.1	394	nSX00145	75212	77.174	276	5	277	62167	61892	1.83e-54	204	69
MZ463758.1	394	nSX00145	75212	77.174	276	5	277	27673	27948	1.83e-54	204	69
MZ463758.1	394	nSX00145	75212	77.174	276	5	277	62167	61892	1.83e-54	204	69
MZ463759.1	410	nSX00145	75212	77.174	276	5	277	27673	27948	1.91e-54	204	67
MZ463759.1	410	nSX00145	75212	77.174	276	5	277	62167	61892	1.91e-54	204	67
FJ751925.1	394	nSX00145	75212	77.536	276	5	277	27673	27948	4.31e-56	208	69
FJ751925.1	394	nSX00145	75212	77.536	276	5	277	62167	61892	4.31e-56	208	69
FJ751926.1	395	nSX00145	75212	77.536	276	5	277	27673	27948	4.32e-56	208	69
FJ751926.1	395	nSX00145	75212	77.536	276	5	277	62167	61892	4.32e-56	208	69
FJ751927.1	395	nSX00145	75212	77.174	276	5	277	27673	27948	1.84e-54	204	69
FJ751927.1	395	nSX00145	75212	77.174	276	5	277	62167	61892	1.84e-54	204	69
FJ751930.1	395	nSX00145	75212	77.536	276	5	277	27673	27948	4.32e-56	208	69
FJ751930.1	395	nSX00145	75212	77.536	276	5	277	62167	61892	4.32e-56	208	69
FJ751933.1	396	nSX00145	75212	77.536	276	6	278	27673	27948	4.33e-56	208	69
FJ751933.1	396	nSX00145	75212	77.536	276	6	278	62167	61892	4.33e-56	208	69
FJ751934.1	395	nSX00145	75212	77.536	276	6	278	27673	27948	4.32e-56	208	69
FJ751934.1	395	nSX00145	75212	77.536	276	6	278	62167	61892	4.32e-56	208	69
MZ463745.1	387	nSX00146	74977	77.947	263	12	272	29983	29721	1.47e-55	206	67
MZ463745.1	387	nSX00146	74977	77.652	264	12	272	41468	41205	2.18e-53	200	67
MZ463746.1	387	nSX00146	74977	77.947	263	12	272	29983	29721	1.47e-55	206	67
MZ463746.1	387	nSX00146	74977	77.652	264	12	272	41468	41205	2.18e-53	200	67
MZ463747.1	387	nSX00146	74977	77.567	263	12	272	29983	29721	6.26e-54	202	67
MZ463747.1	387	nSX00146	74977	77.273	264	12	272	41468	41205	2.66e-52	196	67
MZ463748.1	387	nSX00146	74977	77.567	263	12	272	29983	29721	6.26e-54	202	67
MZ463748.1	387	nSX00146	74977	77.273	264	12	272	41468	41205	2.66e-52	196	67
MZ463749.1	391	nSX00146	74977	77.174	276	5	277	29996	29721	1.81e-54	204	70
MZ463749.1	391	nSX00146	74977	76.895	277	5	277	41481	41205	7.70e-53	197	70
MZ463750.1	392	nSX00146	74977	76.812	276	5	277	29996	29721	2.21e-53	199	70
MZ463750.1	392	nSX00146	74977	76.534	277	5	277	41481	41205	3.28e-51	193	70
MZ463751.1	393	nSX00146	74977	77.536	276	5	277	29996	29721	4.28e-56	208	69
MZ463751.1	393	nSX00146	74977	77.256	277	5	277	41481	41205	6.36e-54	202	69
MZ463752.1	394	nSX00146	74977	77.536	276	5	277	29996	29721	4.30e-56	208	69
MZ463752.1	394	nSX00146	74977	77.256	277	5	277	41481	41205	6.37e-54	202	69
MZ463753.1	394	nSX00146	74977	77.174	276	5	277	29996	29721	1.83e-54	204	69
MZ463753.1	394	nSX00146	74977	76.895	277	5	277	41481	41205	7.77e-53	197	69
MZ463754.1	394	nSX00146	74977	78.378	259	5	260	29996	29738	5.23e-55	205	65
MZ463754.1	394	nSX00146	74977	78.077	260	5	260	41481	41222	7.77e-53	198	65
MZ463755.1	394	nSX00146	74977	77.899	276	5	277	29996	29721	3.53e-57	213	69
MZ463755.1	394	nSX00146	74977	77.617	277	5	277	41481	41205	1.50e-55	206	69
MZ463756.1	394	nSX00146	74977	77.174	276	5	277	29996	29721	1.83e-54	204	69
MZ463756.1	394	nSX00146	74977	76.895	277	5	277	41481	41205	7.77e-53	197	69
MZ463757.1	394	nSX00146	74977	77.174	276	5	277	29996	29721	1.83e-54	204	69
MZ463757.1	394	nSX00146	74977	76.895	277	5	277	41481	41205	7.77e-53	197	69
MZ463758.1	394	nSX00146	74977	77.174	276	5	277	29996	29721	1.83e-54	204	69
MZ463758.1	394	nSX00146	74977	76.895	277	5	277	41481	41205	7.77e-53	197	69
MZ463759.1	410	nSX00146	74977	77.174	276	5	277	29996	29721	1.90e-54	204	67
MZ463759.1	410	nSX00146	74977	76.895	277	5	277	41481	41205	8.10e-53	197	67
FJ751925.1	394	nSX00146	74977	77.536	276	5	277	29996	29721	4.30e-56	208	69
FJ751925.1	394	nSX00146	74977	77.256	277	5	277	41481	41205	6.37e-54	202	69
FJ751926.1	395	nSX00146	74977	77.536	276	5	277	29996	29721	4.31e-56	208	69
FJ751926.1	395	nSX00146	74977	77.256	277	5	277	41481	41205	6.39e-54	202	69
FJ751927.1	395	nSX00146	74977	77.174	276	5	277	29996	29721	1.83e-54	204	69
FJ751927.1	395	nSX00146	74977	76.895	277	5	277	41481	41205	7.79e-53	197	69
FJ751930.1	395	nSX00146	74977	77.536	276	5	277	29996	29721	4.31e-56	208	69
FJ751930.1	395	nSX00146	74977	77.256	277	5	277	41481	41205	6.39e-54	202	69
FJ751933.1	396	nSX00146	74977	77.536	276	6	278	29996	29721	4.32e-56	208	69
FJ751933.1	396	nSX00146	74977	77.256	277	6	278	41481	41205	6.41e-54	202	69
FJ751934.1	395	nSX00146	74977	77.536	276	6	278	29996	29721	4.31e-56	208	69
FJ751934.1	395	nSX00146	74977	77.256	277	6	278	41481	41205	6.39e-54	202	69
MZ463745.1	387	nSX00149	74728	77.947	263	12	272	19811	20073	1.47e-55	206	67
MZ463745.1	387	nSX00149	74728	77.947	263	12	272	54273	54011	1.47e-55	206	67
MZ463746.1	387	nSX00149	74728	77.947	263	12	272	19811	20073	1.47e-55	206	67
MZ463746.1	387	nSX00149	74728	77.947	263	12	272	54273	54011	1.47e-55	206	67
MZ463747.1	387	nSX00149	74728	77.567	263	12	272	19811	20073	6.23e-54	202	67
MZ463747.1	387	nSX00149	74728	77.567	263	12	272	54273	54011	6.23e-54	202	67
MZ463748.1	387	nSX00149	74728	77.567	263	12	272	19811	20073	6.23e-54	202	67
MZ463748.1	387	nSX00149	74728	77.567	263	12	272	54273	54011	6.23e-54	202	67
MZ463749.1	391	nSX00149	74728	77.174	276	5	277	19798	20073	1.81e-54	204	70
MZ463749.1	391	nSX00149	74728	77.174	276	5	277	54286	54011	1.81e-54	204	70
MZ463750.1	392	nSX00149	74728	76.812	276	5	277	19798	20073	2.21e-53	199	70
MZ463750.1	392	nSX00149	74728	76.812	276	5	277	54286	54011	2.21e-53	199	70
MZ463751.1	393	nSX00149	74728	77.536	276	5	277	19798	20073	4.27e-56	208	69
MZ463751.1	393	nSX00149	74728	77.536	276	5	277	54286	54011	4.27e-56	208	69
MZ463752.1	394	nSX00149	74728	77.536	276	5	277	19798	20073	4.28e-56	208	69
MZ463752.1	394	nSX00149	74728	77.536	276	5	277	54286	54011	4.28e-56	208	69
MZ463753.1	394	nSX00149	74728	77.174	276	5	277	19798	20073	1.82e-54	204	69
MZ463753.1	394	nSX00149	74728	77.174	276	5	277	54286	54011	1.82e-54	204	69
MZ463754.1	394	nSX00149	74728	78.378	259	5	260	19798	20056	5.22e-55	205	65
MZ463754.1	394	nSX00149	74728	78.378	259	5	260	54286	54028	5.22e-55	205	65
MZ463755.1	394	nSX00149	74728	77.899	276	5	277	19798	20073	3.51e-57	213	69
MZ463755.1	394	nSX00149	74728	77.899	276	5	277	54286	54011	3.51e-57	213	69
MZ463756.1	394	nSX00149	74728	77.174	276	5	277	19798	20073	1.82e-54	204	69
MZ463756.1	394	nSX00149	74728	77.174	276	5	277	54286	54011	1.82e-54	204	69
MZ463757.1	394	nSX00149	74728	77.174	276	5	277	19798	20073	1.82e-54	204	69
MZ463757.1	394	nSX00149	74728	77.174	276	5	277	54286	54011	1.82e-54	204	69
MZ463758.1	394	nSX00149	74728	77.174	276	5	277	19798	20073	1.82e-54	204	69
MZ463758.1	394	nSX00149	74728	77.174	276	5	277	54286	54011	1.82e-54	204	69
MZ463759.1	410	nSX00149	74728	77.174	276	5	277	19798	20073	1.90e-54	204	67
MZ463759.1	410	nSX00149	74728	77.174	276	5	277	54286	54011	1.90e-54	204	67
FJ751925.1	394	nSX00149	74728	77.536	276	5	277	19798	20073	4.28e-56	208	69
FJ751925.1	394	nSX00149	74728	77.536	276	5	277	54286	54011	4.28e-56	208	69
FJ751926.1	395	nSX00149	74728	77.536	276	5	277	19798	20073	4.29e-56	208	69
FJ751926.1	395	nSX00149	74728	77.536	276	5	277	54286	54011	4.29e-56	208	69
FJ751927.1	395	nSX00149	74728	77.174	276	5	277	19798	20073	1.83e-54	204	69
FJ751927.1	395	nSX00149	74728	77.174	276	5	277	54286	54011	1.83e-54	204	69
FJ751930.1	395	nSX00149	74728	77.536	276	5	277	19798	20073	4.29e-56	208	69
FJ751930.1	395	nSX00149	74728	77.536	276	5	277	54286	54011	4.29e-56	208	69
FJ751933.1	396	nSX00149	74728	77.536	276	6	278	19798	20073	4.30e-56	208	69
FJ751933.1	396	nSX00149	74728	77.536	276	6	278	54286	54011	4.30e-56	208	69
FJ751934.1	395	nSX00149	74728	77.536	276	6	278	19798	20073	4.29e-56	208	69
FJ751934.1	395	nSX00149	74728	77.536	276	6	278	54286	54011	4.29e-56	208	69
MZ463745.1	387	nSX00152	74311	77.947	263	12	272	26068	25806	1.46e-55	206	67
MZ463746.1	387	nSX00152	74311	77.947	263	12	272	26068	25806	1.46e-55	206	67
MZ463747.1	387	nSX00152	74311	77.567	263	12	272	26068	25806	6.20e-54	202	67
MZ463748.1	387	nSX00152	74311	77.567	263	12	272	26068	25806	6.20e-54	202	67
MZ463749.1	391	nSX00152	74311	77.174	276	5	277	26081	25806	1.80e-54	204	70
MZ463750.1	392	nSX00152	74311	76.812	276	5	277	26081	25806	2.19e-53	199	70
MZ463751.1	393	nSX00152	74311	77.536	276	5	277	26081	25806	4.25e-56	208	69
MZ463752.1	394	nSX00152	74311	77.536	276	5	277	26081	25806	4.26e-56	208	69
MZ463753.1	394	nSX00152	74311	77.174	276	5	277	26081	25806	1.81e-54	204	69
MZ463754.1	394	nSX00152	74311	78.378	259	5	260	26081	25823	5.19e-55	205	65
MZ463755.1	394	nSX00152	74311	77.899	276	5	277	26081	25806	3.49e-57	213	69
MZ463756.1	394	nSX00152	74311	77.174	276	5	277	26081	25806	1.81e-54	204	69
MZ463757.1	394	nSX00152	74311	77.174	276	5	277	26081	25806	1.81e-54	204	69
MZ463758.1	394	nSX00152	74311	77.174	276	5	277	26081	25806	1.81e-54	204	69
MZ463759.1	410	nSX00152	74311	77.174	276	5	277	26081	25806	1.89e-54	204	67
FJ751925.1	394	nSX00152	74311	77.536	276	5	277	26081	25806	4.26e-56	208	69
FJ751926.1	395	nSX00152	74311	77.536	276	5	277	26081	25806	4.27e-56	208	69
FJ751927.1	395	nSX00152	74311	77.174	276	5	277	26081	25806	1.81e-54	204	69
FJ751930.1	395	nSX00152	74311	77.536	276	5	277	26081	25806	4.27e-56	208	69
FJ751933.1	396	nSX00152	74311	77.536	276	6	278	26081	25806	4.28e-56	208	69
FJ751934.1	395	nSX00152	74311	77.536	276	6	278	26081	25806	4.27e-56	208	69
MZ463745.1	387	nSX00153	74223	77.947	263	12	272	14034	13772	1.46e-55	206	67
MZ463746.1	387	nSX00153	74223	77.947	263	12	272	14034	13772	1.46e-55	206	67
MZ463747.1	387	nSX00153	74223	77.567	263	12	272	14034	13772	6.19e-54	202	67
MZ463748.1	387	nSX00153	74223	77.567	263	12	272	14034	13772	6.19e-54	202	67
MZ463749.1	391	nSX00153	74223	77.174	276	5	277	14047	13772	1.79e-54	204	70
MZ463750.1	392	nSX00153	74223	76.812	276	5	277	14047	13772	2.19e-53	199	70
MZ463751.1	393	nSX00153	74223	77.536	276	5	277	14047	13772	4.24e-56	208	69
MZ463752.1	394	nSX00153	74223	77.536	276	5	277	14047	13772	4.25e-56	208	69
MZ463753.1	394	nSX00153	74223	77.174	276	5	277	14047	13772	1.81e-54	204	69
MZ463754.1	394	nSX00153	74223	78.378	259	5	260	14047	13789	5.18e-55	205	65
MZ463755.1	394	nSX00153	74223	77.899	276	5	277	14047	13772	3.49e-57	213	69
MZ463756.1	394	nSX00153	74223	77.174	276	5	277	14047	13772	1.81e-54	204	69
MZ463757.1	394	nSX00153	74223	77.174	276	5	277	14047	13772	1.81e-54	204	69
MZ463758.1	394	nSX00153	74223	77.174	276	5	277	14047	13772	1.81e-54	204	69
MZ463759.1	410	nSX00153	74223	77.174	276	5	277	14047	13772	1.88e-54	204	67
FJ751925.1	394	nSX00153	74223	77.536	276	5	277	14047	13772	4.25e-56	208	69
FJ751926.1	395	nSX00153	74223	77.536	276	5	277	14047	13772	4.26e-56	208	69
FJ751927.1	395	nSX00153	74223	77.174	276	5	277	14047	13772	1.81e-54	204	69
FJ751930.1	395	nSX00153	74223	77.536	276	5	277	14047	13772	4.26e-56	208	69
FJ751933.1	396	nSX00153	74223	77.536	276	6	278	14047	13772	4.27e-56	208	69
FJ751934.1	395	nSX00153	74223	77.536	276	6	278	14047	13772	4.26e-56	208	69
MZ463745.1	387	nSX00154	74116	77.947	263	12	272	62693	62955	1.45e-55	206	67
MZ463746.1	387	nSX00154	74116	77.947	263	12	272	62693	62955	1.45e-55	206	67
MZ463747.1	387	nSX00154	74116	77.567	263	12	272	62693	62955	6.18e-54	202	67
MZ463748.1	387	nSX00154	74116	77.567	263	12	272	62693	62955	6.18e-54	202	67
MZ463749.1	391	nSX00154	74116	77.174	276	5	277	62680	62955	1.79e-54	204	70
MZ463750.1	392	nSX00154	74116	76.812	276	5	277	62680	62955	2.19e-53	199	70
MZ463751.1	393	nSX00154	74116	77.536	276	5	277	62680	62955	4.23e-56	208	69
MZ463752.1	394	nSX00154	74116	77.536	276	5	277	62680	62955	4.25e-56	208	69
MZ463753.1	394	nSX00154	74116	77.174	276	5	277	62680	62955	1.81e-54	204	69
MZ463754.1	394	nSX00154	74116	78.378	259	5	260	62680	62938	5.17e-55	205	65
MZ463755.1	394	nSX00154	74116	77.899	276	5	277	62680	62955	3.49e-57	213	69
MZ463756.1	394	nSX00154	74116	77.174	276	5	277	62680	62955	1.81e-54	204	69
MZ463757.1	394	nSX00154	74116	77.174	276	5	277	62680	62955	1.81e-54	204	69
MZ463758.1	394	nSX00154	74116	77.174	276	5	277	62680	62955	1.81e-54	204	69
MZ463759.1	410	nSX00154	74116	77.174	276	5	277	62680	62955	1.88e-54	204	67
FJ751925.1	394	nSX00154	74116	77.536	276	5	277	62680	62955	4.25e-56	208	69
FJ751926.1	395	nSX00154	74116	77.536	276	5	277	62680	62955	4.26e-56	208	69
FJ751927.1	395	nSX00154	74116	77.174	276	5	277	62680	62955	1.81e-54	204	69
FJ751930.1	395	nSX00154	74116	77.536	276	5	277	62680	62955	4.26e-56	208	69
FJ751933.1	396	nSX00154	74116	77.536	276	6	278	62680	62955	4.27e-56	208	69
FJ751934.1	395	nSX00154	74116	77.536	276	6	278	62680	62955	4.26e-56	208	69
MZ463745.1	387	nSX00155	74004	77.947	263	12	272	9307	9045	1.45e-55	206	67
MZ463746.1	387	nSX00155	74004	77.947	263	12	272	9307	9045	1.45e-55	206	67
MZ463747.1	387	nSX00155	74004	77.567	263	12	272	9307	9045	6.17e-54	202	67
MZ463748.1	387	nSX00155	74004	77.567	263	12	272	9307	9045	6.17e-54	202	67
MZ463749.1	391	nSX00155	74004	77.174	276	5	277	9320	9045	1.79e-54	204	70
MZ463750.1	392	nSX00155	74004	76.812	276	5	277	9320	9045	2.18e-53	199	70
MZ463751.1	393	nSX00155	74004	77.536	276	5	277	9320	9045	4.23e-56	208	69
MZ463752.1	394	nSX00155	74004	77.536	276	5	277	9320	9045	4.24e-56	208	69
MZ463753.1	394	nSX00155	74004	77.174	276	5	277	9320	9045	1.80e-54	204	69
MZ463754.1	394	nSX00155	74004	78.378	259	5	260	9320	9062	5.16e-55	205	65
MZ463755.1	394	nSX00155	74004	77.899	276	5	277	9320	9045	3.48e-57	213	69
MZ463756.1	394	nSX00155	74004	77.174	276	5	277	9320	9045	1.80e-54	204	69
MZ463757.1	394	nSX00155	74004	77.174	276	5	277	9320	9045	1.80e-54	204	69
MZ463758.1	394	nSX00155	74004	77.174	276	5	277	9320	9045	1.80e-54	204	69
MZ463759.1	410	nSX00155	74004	77.174	276	5	277	9320	9045	1.88e-54	204	67
FJ751925.1	394	nSX00155	74004	77.536	276	5	277	9320	9045	4.24e-56	208	69
FJ751926.1	395	nSX00155	74004	77.536	276	5	277	9320	9045	4.25e-56	208	69
FJ751927.1	395	nSX00155	74004	77.174	276	5	277	9320	9045	1.81e-54	204	69
FJ751930.1	395	nSX00155	74004	77.536	276	5	277	9320	9045	4.25e-56	208	69
FJ751933.1	396	nSX00155	74004	77.536	276	6	278	9320	9045	4.26e-56	208	69
FJ751934.1	395	nSX00155	74004	77.536	276	6	278	9320	9045	4.25e-56	208	69
MZ463745.1	387	nSX00160	73225	77.947	263	12	272	64508	64770	1.44e-55	206	67
MZ463746.1	387	nSX00160	73225	77.947	263	12	272	64508	64770	1.44e-55	206	67
MZ463747.1	387	nSX00160	73225	77.567	263	12	272	64508	64770	6.11e-54	202	67
MZ463748.1	387	nSX00160	73225	77.567	263	12	272	64508	64770	6.11e-54	202	67
MZ463749.1	391	nSX00160	73225	77.174	276	5	277	64495	64770	1.77e-54	204	70
MZ463750.1	392	nSX00160	73225	76.812	276	5	277	64495	64770	2.16e-53	199	70
MZ463751.1	393	nSX00160	73225	77.536	276	5	277	64495	64770	4.18e-56	208	69
MZ463752.1	394	nSX00160	73225	77.536	276	5	277	64495	64770	4.19e-56	208	69
MZ463753.1	394	nSX00160	73225	77.174	276	5	277	64495	64770	1.78e-54	204	69
MZ463754.1	394	nSX00160	73225	78.378	259	5	260	64495	64753	5.11e-55	205	65
MZ463755.1	394	nSX00160	73225	77.899	276	5	277	64495	64770	3.44e-57	213	69
MZ463756.1	394	nSX00160	73225	77.174	276	5	277	64495	64770	1.78e-54	204	69
MZ463757.1	394	nSX00160	73225	77.174	276	5	277	64495	64770	1.78e-54	204	69
MZ463758.1	394	nSX00160	73225	77.174	276	5	277	64495	64770	1.78e-54	204	69
MZ463759.1	410	nSX00160	73225	77.174	276	5	277	64495	64770	1.86e-54	204	67
FJ751925.1	394	nSX00160	73225	77.536	276	5	277	64495	64770	4.19e-56	208	69
FJ751926.1	395	nSX00160	73225	77.536	276	5	277	64495	64770	4.21e-56	208	69
FJ751927.1	395	nSX00160	73225	77.174	276	5	277	64495	64770	1.79e-54	204	69
FJ751930.1	395	nSX00160	73225	77.536	276	5	277	64495	64770	4.21e-56	208	69
FJ751933.1	396	nSX00160	73225	77.536	276	6	278	64495	64770	4.22e-56	208	69
FJ751934.1	395	nSX00160	73225	77.536	276	6	278	64495	64770	4.21e-56	208	69
MZ463745.1	387	nSX00163	72388	77.947	263	12	272	60446	60708	1.42e-55	206	67
MZ463746.1	387	nSX00163	72388	77.947	263	12	272	60446	60708	1.42e-55	206	67
MZ463747.1	387	nSX00163	72388	77.567	263	12	272	60446	60708	6.04e-54	202	67
MZ463748.1	387	nSX00163	72388	77.567	263	12	272	60446	60708	6.04e-54	202	67
MZ463749.1	391	nSX00163	72388	77.174	276	5	277	60433	60708	1.75e-54	204	70
MZ463750.1	392	nSX00163	72388	76.812	276	5	277	60433	60708	2.14e-53	199	70
MZ463751.1	393	nSX00163	72388	77.536	276	5	277	60433	60708	4.14e-56	208	69
MZ463752.1	394	nSX00163	72388	77.536	276	5	277	60433	60708	4.15e-56	208	69
MZ463753.1	394	nSX00163	72388	77.174	276	5	277	60433	60708	1.76e-54	204	69
MZ463754.1	394	nSX00163	72388	78.378	259	5	260	60433	60691	5.05e-55	205	65
MZ463755.1	394	nSX00163	72388	77.899	276	5	277	60433	60708	3.40e-57	213	69
MZ463756.1	394	nSX00163	72388	77.174	276	5	277	60433	60708	1.76e-54	204	69
MZ463757.1	394	nSX00163	72388	77.174	276	5	277	60433	60708	1.76e-54	204	69
MZ463758.1	394	nSX00163	72388	77.174	276	5	277	60433	60708	1.76e-54	204	69
MZ463759.1	410	nSX00163	72388	77.174	276	5	277	60433	60708	1.84e-54	204	67
FJ751925.1	394	nSX00163	72388	77.536	276	5	277	60433	60708	4.15e-56	208	69
FJ751926.1	395	nSX00163	72388	77.536	276	5	277	60433	60708	4.16e-56	208	69
FJ751927.1	395	nSX00163	72388	77.174	276	5	277	60433	60708	1.77e-54	204	69
FJ751930.1	395	nSX00163	72388	77.536	276	5	277	60433	60708	4.16e-56	208	69
FJ751933.1	396	nSX00163	72388	77.536	276	6	278	60433	60708	4.17e-56	208	69
FJ751934.1	395	nSX00163	72388	77.536	276	6	278	60433	60708	4.16e-56	208	69
MZ463745.1	387	nSX00164	72345	77.947	263	12	272	4298	4560	1.42e-55	206	67
MZ463745.1	387	nSX00164	72345	77.358	265	12	272	38814	38550	7.35e-53	198	67
MZ463746.1	387	nSX00164	72345	77.947	263	12	272	4298	4560	1.42e-55	206	67
MZ463746.1	387	nSX00164	72345	77.358	265	12	272	38814	38550	7.35e-53	198	67
MZ463747.1	387	nSX00164	72345	77.567	263	12	272	4298	4560	6.04e-54	202	67
MZ463747.1	387	nSX00164	72345	76.981	265	12	272	38814	38550	8.96e-52	194	67
MZ463748.1	387	nSX00164	72345	77.567	263	12	272	4298	4560	6.04e-54	202	67
MZ463748.1	387	nSX00164	72345	76.981	265	12	272	38814	38550	8.96e-52	194	67
MZ463749.1	391	nSX00164	72345	77.174	276	5	277	4285	4560	1.75e-54	204	70
MZ463749.1	391	nSX00164	72345	76.619	278	5	277	38827	38550	2.59e-52	196	70
MZ463750.1	392	nSX00164	72345	76.812	276	5	277	4285	4560	2.14e-53	199	70
MZ463750.1	392	nSX00164	72345	76.259	278	5	277	38827	38550	1.11e-50	191	70
MZ463751.1	393	nSX00164	72345	77.536	276	5	277	4285	4560	4.13e-56	208	69
MZ463751.1	393	nSX00164	72345	76.978	278	5	277	38827	38550	2.14e-53	200	69
MZ463752.1	394	nSX00164	72345	77.536	276	5	277	4285	4560	4.14e-56	208	69
MZ463752.1	394	nSX00164	72345	76.978	278	5	277	38827	38550	2.15e-53	200	69
MZ463753.1	394	nSX00164	72345	77.174	276	5	277	4285	4560	1.76e-54	204	69
MZ463753.1	394	nSX00164	72345	76.619	278	5	277	38827	38550	2.62e-52	196	69
MZ463754.1	394	nSX00164	72345	78.378	259	5	260	4285	4543	5.05e-55	205	65
MZ463754.1	394	nSX00164	72345	78.161	261	5	260	38827	38567	2.62e-52	196	65
MZ463755.1	394	nSX00164	72345	77.899	276	5	277	4285	4560	3.40e-57	213	69
MZ463755.1	394	nSX00164	72345	77.338	278	5	277	38827	38550	5.05e-55	205	69
MZ463756.1	394	nSX00164	72345	77.174	276	5	277	4285	4560	1.76e-54	204	69
MZ463756.1	394	nSX00164	72345	76.619	278	5	277	38827	38550	2.62e-52	196	69
MZ463757.1	394	nSX00164	72345	77.174	276	5	277	4285	4560	1.76e-54	204	69
MZ463757.1	394	nSX00164	72345	76.619	278	5	277	38827	38550	2.62e-52	196	69
MZ463758.1	394	nSX00164	72345	77.174	276	5	277	4285	4560	1.76e-54	204	69
MZ463758.1	394	nSX00164	72345	76.619	278	5	277	38827	38550	2.62e-52	196	69
MZ463759.1	410	nSX00164	72345	77.174	276	5	277	4285	4560	1.84e-54	204	67
MZ463759.1	410	nSX00164	72345	76.619	278	5	277	38827	38550	2.73e-52	196	67
FJ751925.1	394	nSX00164	72345	77.536	276	5	277	4285	4560	4.14e-56	208	69
FJ751925.1	394	nSX00164	72345	76.978	278	5	277	38827	38550	2.15e-53	200	69
FJ751926.1	395	nSX00164	72345	77.536	276	5	277	4285	4560	4.16e-56	208	69
FJ751926.1	395	nSX00164	72345	76.978	278	5	277	38827	38550	2.15e-53	200	69
FJ751927.1	395	nSX00164	72345	77.174	276	5	277	4285	4560	1.77e-54	204	69
FJ751927.1	395	nSX00164	72345	76.619	278	5	277	38827	38550	2.62e-52	196	69
FJ751930.1	395	nSX00164	72345	77.536	276	5	277	4285	4560	4.16e-56	208	69
FJ751930.1	395	nSX00164	72345	76.978	278	5	277	38827	38550	2.15e-53	200	69
FJ751933.1	396	nSX00164	72345	77.536	276	6	278	4285	4560	4.17e-56	208	69
FJ751933.1	396	nSX00164	72345	76.978	278	6	278	38827	38550	2.16e-53	200	69
FJ751934.1	395	nSX00164	72345	77.536	276	6	278	4285	4560	4.16e-56	208	69
FJ751934.1	395	nSX00164	72345	76.978	278	6	278	38827	38550	2.15e-53	200	69
MZ463745.1	387	nSX00165	72261	77.736	265	12	272	66680	66944	1.73e-54	203	67
MZ463746.1	387	nSX00165	72261	77.736	265	12	272	66680	66944	1.73e-54	203	67
MZ463747.1	387	nSX00165	72261	77.358	265	12	272	66680	66944	7.34e-53	198	67
MZ463748.1	387	nSX00165	72261	77.358	265	12	272	66680	66944	7.34e-53	198	67
MZ463749.1	391	nSX00165	72261	76.978	278	5	277	66667	66944	2.13e-53	200	70
MZ463750.1	392	nSX00165	72261	76.619	278	5	277	66667	66944	2.60e-52	196	70
MZ463751.1	393	nSX00165	72261	77.338	278	5	277	66667	66944	5.03e-55	205	69
MZ463752.1	394	nSX00165	72261	77.338	278	5	277	66667	66944	5.04e-55	205	69
MZ463753.1	394	nSX00165	72261	76.978	278	5	277	66667	66944	2.14e-53	200	69
MZ463754.1	394	nSX00165	72261	78.161	261	5	260	66667	66927	6.14e-54	201	65
MZ463755.1	394	nSX00165	72261	77.698	278	5	277	66667	66944	4.14e-56	209	69
MZ463756.1	394	nSX00165	72261	76.978	278	5	277	66667	66944	2.14e-53	200	69
MZ463757.1	394	nSX00165	72261	76.978	278	5	277	66667	66944	2.14e-53	200	69
MZ463758.1	394	nSX00165	72261	76.978	278	5	277	66667	66944	2.14e-53	200	69
MZ463759.1	410	nSX00165	72261	76.978	278	5	277	66667	66944	2.24e-53	200	67
FJ751925.1	394	nSX00165	72261	77.338	278	5	277	66667	66944	5.04e-55	205	69
FJ751926.1	395	nSX00165	72261	77.338	278	5	277	66667	66944	5.06e-55	205	69
FJ751927.1	395	nSX00165	72261	76.978	278	5	277	66667	66944	2.15e-53	200	69
FJ751930.1	395	nSX00165	72261	77.338	278	5	277	66667	66944	5.06e-55	205	69
FJ751933.1	396	nSX00165	72261	77.338	278	6	278	66667	66944	5.07e-55	205	69
FJ751934.1	395	nSX00165	72261	77.338	278	6	278	66667	66944	5.06e-55	205	69
MZ463745.1	387	nSX00166	71382	77.947	263	12	272	20261	20523	1.40e-55	206	67
MZ463745.1	387	nSX00166	71382	77.947	263	12	272	54726	54464	1.40e-55	206	67
MZ463746.1	387	nSX00166	71382	77.947	263	12	272	20261	20523	1.40e-55	206	67
MZ463746.1	387	nSX00166	71382	77.947	263	12	272	54726	54464	1.40e-55	206	67
MZ463747.1	387	nSX00166	71382	77.567	263	12	272	20261	20523	5.96e-54	202	67
MZ463747.1	387	nSX00166	71382	77.567	263	12	272	54726	54464	5.96e-54	202	67
MZ463748.1	387	nSX00166	71382	77.567	263	12	272	20261	20523	5.96e-54	202	67
MZ463748.1	387	nSX00166	71382	77.567	263	12	272	54726	54464	5.96e-54	202	67
MZ463749.1	391	nSX00166	71382	77.174	276	5	277	20248	20523	1.72e-54	204	70
MZ463749.1	391	nSX00166	71382	77.174	276	5	277	54739	54464	1.72e-54	204	70
MZ463750.1	392	nSX00166	71382	76.812	276	5	277	20248	20523	2.11e-53	199	70
MZ463750.1	392	nSX00166	71382	76.812	276	5	277	54739	54464	2.11e-53	199	70
MZ463751.1	393	nSX00166	71382	77.536	276	5	277	20248	20523	4.08e-56	208	69
MZ463751.1	393	nSX00166	71382	77.536	276	5	277	54739	54464	4.08e-56	208	69
MZ463752.1	394	nSX00166	71382	77.536	276	5	277	20248	20523	4.09e-56	208	69
MZ463752.1	394	nSX00166	71382	77.536	276	5	277	54739	54464	4.09e-56	208	69
MZ463753.1	394	nSX00166	71382	77.174	276	5	277	20248	20523	1.74e-54	204	69
MZ463753.1	394	nSX00166	71382	77.174	276	5	277	54739	54464	1.74e-54	204	69
MZ463754.1	394	nSX00166	71382	78.378	259	5	260	20248	20506	4.98e-55	205	65
MZ463754.1	394	nSX00166	71382	78.378	259	5	260	54739	54481	4.98e-55	205	65
MZ463755.1	394	nSX00166	71382	77.899	276	5	277	20248	20523	3.36e-57	213	69
MZ463755.1	394	nSX00166	71382	77.899	276	5	277	54739	54464	3.36e-57	213	69
MZ463756.1	394	nSX00166	71382	77.174	276	5	277	20248	20523	1.74e-54	204	69
MZ463756.1	394	nSX00166	71382	77.174	276	5	277	54739	54464	1.74e-54	204	69
MZ463757.1	394	nSX00166	71382	77.174	276	5	277	20248	20523	1.74e-54	204	69
MZ463757.1	394	nSX00166	71382	77.174	276	5	277	54739	54464	1.74e-54	204	69
MZ463758.1	394	nSX00166	71382	77.174	276	5	277	20248	20523	1.74e-54	204	69
MZ463758.1	394	nSX00166	71382	77.174	276	5	277	54739	54464	1.74e-54	204	69
MZ463759.1	410	nSX00166	71382	77.174	276	5	277	20248	20523	1.81e-54	204	67
MZ463759.1	410	nSX00166	71382	77.174	276	5	277	54739	54464	1.81e-54	204	67
FJ751925.1	394	nSX00166	71382	77.536	276	5	277	20248	20523	4.09e-56	208	69
FJ751925.1	394	nSX00166	71382	77.536	276	5	277	54739	54464	4.09e-56	208	69
FJ751926.1	395	nSX00166	71382	77.536	276	5	277	20248	20523	4.10e-56	208	69
FJ751926.1	395	nSX00166	71382	77.536	276	5	277	54739	54464	4.10e-56	208	69
FJ751927.1	395	nSX00166	71382	77.174	276	5	277	20248	20523	1.74e-54	204	69
FJ751927.1	395	nSX00166	71382	77.174	276	5	277	54739	54464	1.74e-54	204	69
FJ751930.1	395	nSX00166	71382	77.536	276	5	277	20248	20523	4.10e-56	208	69
FJ751930.1	395	nSX00166	71382	77.536	276	5	277	54739	54464	4.10e-56	208	69
FJ751933.1	396	nSX00166	71382	77.536	276	6	278	20248	20523	4.11e-56	208	69
FJ751933.1	396	nSX00166	71382	77.536	276	6	278	54739	54464	4.11e-56	208	69
FJ751934.1	395	nSX00166	71382	77.536	276	6	278	20248	20523	4.10e-56	208	69
FJ751934.1	395	nSX00166	71382	77.536	276	6	278	54739	54464	4.10e-56	208	69
MZ463745.1	387	nSX00171	69493	77.947	263	12	272	59100	59362	1.36e-55	206	67
MZ463746.1	387	nSX00171	69493	77.947	263	12	272	59100	59362	1.36e-55	206	67
MZ463747.1	387	nSX00171	69493	77.567	263	12	272	59100	59362	5.80e-54	202	67
MZ463748.1	387	nSX00171	69493	77.567	263	12	272	59100	59362	5.80e-54	202	67
MZ463749.1	391	nSX00171	69493	77.174	276	5	277	59087	59362	1.68e-54	204	70
MZ463750.1	392	nSX00171	69493	76.812	276	5	277	59087	59362	2.05e-53	199	70
MZ463751.1	393	nSX00171	69493	77.536	276	5	277	59087	59362	3.97e-56	208	69
MZ463752.1	394	nSX00171	69493	77.536	276	5	277	59087	59362	3.98e-56	208	69
MZ463753.1	394	nSX00171	69493	77.174	276	5	277	59087	59362	1.69e-54	204	69
MZ463754.1	394	nSX00171	69493	78.378	259	5	260	59087	59345	4.85e-55	205	65
MZ463755.1	394	nSX00171	69493	77.899	276	5	277	59087	59362	3.27e-57	213	69
MZ463756.1	394	nSX00171	69493	77.174	276	5	277	59087	59362	1.69e-54	204	69
MZ463757.1	394	nSX00171	69493	77.174	276	5	277	59087	59362	1.69e-54	204	69
MZ463758.1	394	nSX00171	69493	77.174	276	5	277	59087	59362	1.69e-54	204	69
MZ463759.1	410	nSX00171	69493	77.174	276	5	277	59087	59362	1.76e-54	204	67
FJ751925.1	394	nSX00171	69493	77.536	276	5	277	59087	59362	3.98e-56	208	69
FJ751926.1	395	nSX00171	69493	77.536	276	5	277	59087	59362	3.99e-56	208	69
FJ751927.1	395	nSX00171	69493	77.174	276	5	277	59087	59362	1.70e-54	204	69
FJ751930.1	395	nSX00171	69493	77.536	276	5	277	59087	59362	3.99e-56	208	69
FJ751933.1	396	nSX00171	69493	77.536	276	6	278	59087	59362	4.00e-56	208	69
FJ751934.1	395	nSX00171	69493	77.536	276	6	278	59087	59362	3.99e-56	208	69
MZ463745.1	387	nSX00173	69241	77.947	263	12	272	1321	1583	1.36e-55	206	67
MZ463745.1	387	nSX00173	69241	77.947	263	12	272	35784	35522	1.36e-55	206	67
MZ463746.1	387	nSX00173	69241	77.947	263	12	272	1321	1583	1.36e-55	206	67
MZ463746.1	387	nSX00173	69241	77.947	263	12	272	35784	35522	1.36e-55	206	67
MZ463747.1	387	nSX00173	69241	77.567	263	12	272	1321	1583	5.78e-54	202	67
MZ463747.1	387	nSX00173	69241	77.567	263	12	272	35784	35522	5.78e-54	202	67
MZ463748.1	387	nSX00173	69241	77.567	263	12	272	1321	1583	5.78e-54	202	67
MZ463748.1	387	nSX00173	69241	77.567	263	12	272	35784	35522	5.78e-54	202	67
MZ463749.1	391	nSX00173	69241	77.174	276	5	277	1308	1583	1.67e-54	204	70
MZ463749.1	391	nSX00173	69241	77.174	276	5	277	35797	35522	1.67e-54	204	70
MZ463750.1	392	nSX00173	69241	76.812	276	5	277	1308	1583	2.04e-53	199	70
MZ463750.1	392	nSX00173	69241	76.812	276	5	277	35797	35522	2.04e-53	199	70
MZ463751.1	393	nSX00173	69241	77.536	276	5	277	1308	1583	3.96e-56	208	69
MZ463751.1	393	nSX00173	69241	77.536	276	5	277	35797	35522	3.96e-56	208	69
MZ463752.1	394	nSX00173	69241	77.536	276	5	277	1308	1583	3.97e-56	208	69
MZ463752.1	394	nSX00173	69241	77.536	276	5	277	35797	35522	3.97e-56	208	69
MZ463753.1	394	nSX00173	69241	77.174	276	5	277	1308	1583	1.69e-54	204	69
MZ463753.1	394	nSX00173	69241	77.174	276	5	277	35797	35522	1.69e-54	204	69
MZ463754.1	394	nSX00173	69241	78.378	259	5	260	1308	1566	4.83e-55	205	65
MZ463754.1	394	nSX00173	69241	78.378	259	5	260	35797	35539	4.83e-55	205	65
MZ463755.1	394	nSX00173	69241	77.899	276	5	277	1308	1583	3.26e-57	213	69
MZ463755.1	394	nSX00173	69241	77.899	276	5	277	35797	35522	3.26e-57	213	69
MZ463756.1	394	nSX00173	69241	77.174	276	5	277	1308	1583	1.69e-54	204	69
MZ463756.1	394	nSX00173	69241	77.174	276	5	277	35797	35522	1.69e-54	204	69
MZ463757.1	394	nSX00173	69241	77.174	276	5	277	1308	1583	1.69e-54	204	69
MZ463757.1	394	nSX00173	69241	77.174	276	5	277	35797	35522	1.69e-54	204	69
MZ463758.1	394	nSX00173	69241	77.174	276	5	277	1308	1583	1.69e-54	204	69
MZ463758.1	394	nSX00173	69241	77.174	276	5	277	35797	35522	1.69e-54	204	69
MZ463759.1	410	nSX00173	69241	77.174	276	5	277	1308	1583	1.76e-54	204	67
MZ463759.1	410	nSX00173	69241	77.174	276	5	277	35797	35522	1.76e-54	204	67
FJ751925.1	394	nSX00173	69241	77.536	276	5	277	1308	1583	3.97e-56	208	69
FJ751925.1	394	nSX00173	69241	77.536	276	5	277	35797	35522	3.97e-56	208	69
FJ751926.1	395	nSX00173	69241	77.536	276	5	277	1308	1583	3.98e-56	208	69
FJ751926.1	395	nSX00173	69241	77.536	276	5	277	35797	35522	3.98e-56	208	69
FJ751927.1	395	nSX00173	69241	77.174	276	5	277	1308	1583	1.69e-54	204	69
FJ751927.1	395	nSX00173	69241	77.174	276	5	277	35797	35522	1.69e-54	204	69
FJ751930.1	395	nSX00173	69241	77.536	276	5	277	1308	1583	3.98e-56	208	69
FJ751930.1	395	nSX00173	69241	77.536	276	5	277	35797	35522	3.98e-56	208	69
FJ751933.1	396	nSX00173	69241	77.536	276	6	278	1308	1583	3.99e-56	208	69
FJ751933.1	396	nSX00173	69241	77.536	276	6	278	35797	35522	3.99e-56	208	69
FJ751934.1	395	nSX00173	69241	77.536	276	6	278	1308	1583	3.98e-56	208	69
FJ751934.1	395	nSX00173	69241	77.536	276	6	278	35797	35522	3.98e-56	208	69
MZ463745.1	387	nSX00174	68945	77.947	263	12	272	31307	31569	1.35e-55	206	67
MZ463745.1	387	nSX00174	68945	77.947	263	12	272	65797	65535	1.35e-55	206	67
MZ463746.1	387	nSX00174	68945	77.947	263	12	272	31307	31569	1.35e-55	206	67
MZ463746.1	387	nSX00174	68945	77.947	263	12	272	65797	65535	1.35e-55	206	67
MZ463747.1	387	nSX00174	68945	77.567	263	12	272	31307	31569	5.75e-54	202	67
MZ463747.1	387	nSX00174	68945	77.567	263	12	272	65797	65535	5.75e-54	202	67
MZ463748.1	387	nSX00174	68945	77.567	263	12	272	31307	31569	5.75e-54	202	67
MZ463748.1	387	nSX00174	68945	77.567	263	12	272	65797	65535	5.75e-54	202	67
MZ463749.1	391	nSX00174	68945	77.174	276	5	277	31294	31569	1.67e-54	204	70
MZ463749.1	391	nSX00174	68945	77.174	276	5	277	65810	65535	1.67e-54	204	70
MZ463750.1	392	nSX00174	68945	76.812	276	5	277	31294	31569	2.03e-53	199	70
MZ463750.1	392	nSX00174	68945	76.812	276	5	277	65810	65535	2.03e-53	199	70
MZ463751.1	393	nSX00174	68945	77.536	276	5	277	31294	31569	3.94e-56	208	69
MZ463751.1	393	nSX00174	68945	77.536	276	5	277	65810	65535	3.94e-56	208	69
MZ463752.1	394	nSX00174	68945	77.536	276	5	277	31294	31569	3.95e-56	208	69
MZ463752.1	394	nSX00174	68945	77.536	276	5	277	65810	65535	3.95e-56	208	69
MZ463753.1	394	nSX00174	68945	77.174	276	5	277	31294	31569	1.68e-54	204	69
MZ463753.1	394	nSX00174	68945	77.174	276	5	277	65810	65535	1.68e-54	204	69
MZ463754.1	394	nSX00174	68945	78.378	259	5	260	31294	31552	4.81e-55	205	65
MZ463754.1	394	nSX00174	68945	78.378	259	5	260	65810	65552	4.81e-55	205	65
MZ463755.1	394	nSX00174	68945	77.899	276	5	277	31294	31569	3.24e-57	213	69
MZ463755.1	394	nSX00174	68945	77.899	276	5	277	65810	65535	3.24e-57	213	69
MZ463756.1	394	nSX00174	68945	77.174	276	5	277	31294	31569	1.68e-54	204	69
MZ463756.1	394	nSX00174	68945	77.174	276	5	277	65810	65535	1.68e-54	204	69
MZ463757.1	394	nSX00174	68945	77.174	276	5	277	31294	31569	1.68e-54	204	69
MZ463757.1	394	nSX00174	68945	77.174	276	5	277	65810	65535	1.68e-54	204	69
MZ463758.1	394	nSX00174	68945	77.174	276	5	277	31294	31569	1.68e-54	204	69
MZ463758.1	394	nSX00174	68945	77.174	276	5	277	65810	65535	1.68e-54	204	69
MZ463759.1	410	nSX00174	68945	77.174	276	5	277	31294	31569	1.75e-54	204	67
MZ463759.1	410	nSX00174	68945	77.174	276	5	277	65810	65535	1.75e-54	204	67
FJ751925.1	394	nSX00174	68945	77.536	276	5	277	31294	31569	3.95e-56	208	69
FJ751925.1	394	nSX00174	68945	77.536	276	5	277	65810	65535	3.95e-56	208	69
FJ751926.1	395	nSX00174	68945	77.536	276	5	277	31294	31569	3.96e-56	208	69
FJ751926.1	395	nSX00174	68945	77.536	276	5	277	65810	65535	3.96e-56	208	69
FJ751927.1	395	nSX00174	68945	77.174	276	5	277	31294	31569	1.68e-54	204	69
FJ751927.1	395	nSX00174	68945	77.174	276	5	277	65810	65535	1.68e-54	204	69
FJ751930.1	395	nSX00174	68945	77.536	276	5	277	31294	31569	3.96e-56	208	69
FJ751930.1	395	nSX00174	68945	77.536	276	5	277	65810	65535	3.96e-56	208	69
FJ751933.1	396	nSX00174	68945	77.536	276	6	278	31294	31569	3.97e-56	208	69
FJ751933.1	396	nSX00174	68945	77.536	276	6	278	65810	65535	3.97e-56	208	69
FJ751934.1	395	nSX00174	68945	77.536	276	6	278	31294	31569	3.96e-56	208	69
FJ751934.1	395	nSX00174	68945	77.536	276	6	278	65810	65535	3.96e-56	208	69
MZ463745.1	387	nSX00175	68899	77.947	263	12	272	43356	43618	1.35e-55	206	67
MZ463746.1	387	nSX00175	68899	77.947	263	12	272	43356	43618	1.35e-55	206	67
MZ463747.1	387	nSX00175	68899	77.567	263	12	272	43356	43618	5.75e-54	202	67
MZ463748.1	387	nSX00175	68899	77.567	263	12	272	43356	43618	5.75e-54	202	67
MZ463749.1	391	nSX00175	68899	77.174	276	5	277	43343	43618	1.66e-54	204	70
MZ463750.1	392	nSX00175	68899	76.812	276	5	277	43343	43618	2.03e-53	199	70
MZ463751.1	393	nSX00175	68899	77.536	276	5	277	43343	43618	3.94e-56	208	69
MZ463752.1	394	nSX00175	68899	77.536	276	5	277	43343	43618	3.95e-56	208	69
MZ463753.1	394	nSX00175	68899	77.174	276	5	277	43343	43618	1.68e-54	204	69
MZ463754.1	394	nSX00175	68899	78.378	259	5	260	43343	43601	4.81e-55	205	65
MZ463755.1	394	nSX00175	68899	77.899	276	5	277	43343	43618	3.24e-57	213	69
MZ463756.1	394	nSX00175	68899	77.174	276	5	277	43343	43618	1.68e-54	204	69
MZ463757.1	394	nSX00175	68899	77.174	276	5	277	43343	43618	1.68e-54	204	69
MZ463758.1	394	nSX00175	68899	77.174	276	5	277	43343	43618	1.68e-54	204	69
MZ463759.1	410	nSX00175	68899	77.174	276	5	277	43343	43618	1.75e-54	204	67
FJ751925.1	394	nSX00175	68899	77.536	276	5	277	43343	43618	3.95e-56	208	69
FJ751926.1	395	nSX00175	68899	77.536	276	5	277	43343	43618	3.96e-56	208	69
FJ751927.1	395	nSX00175	68899	77.174	276	5	277	43343	43618	1.68e-54	204	69
FJ751930.1	395	nSX00175	68899	77.536	276	5	277	43343	43618	3.96e-56	208	69
FJ751933.1	396	nSX00175	68899	77.536	276	6	278	43343	43618	3.97e-56	208	69
FJ751934.1	395	nSX00175	68899	77.536	276	6	278	43343	43618	3.96e-56	208	69
MZ463745.1	387	nSX00176	68838	77.947	263	12	272	56217	55955	1.35e-55	206	67
MZ463745.1	387	nSX00176	68838	77.733	247	12	254	21735	21980	1.88e-47	180	67
MZ463746.1	387	nSX00176	68838	77.947	263	12	272	56217	55955	1.35e-55	206	67
MZ463746.1	387	nSX00176	68838	77.733	247	12	254	21735	21980	1.88e-47	180	67
MZ463747.1	387	nSX00176	68838	77.567	263	12	272	56217	55955	5.74e-54	202	67
MZ463747.1	387	nSX00176	68838	77.328	247	12	254	21735	21980	2.29e-46	176	67
MZ463748.1	387	nSX00176	68838	77.567	263	12	272	56217	55955	5.74e-54	202	67
MZ463748.1	387	nSX00176	68838	77.328	247	12	254	21735	21980	2.29e-46	176	67
MZ463749.1	391	nSX00176	68838	77.174	276	5	277	56230	55955	1.66e-54	204	70
MZ463749.1	391	nSX00176	68838	76.923	260	5	259	21722	21980	6.62e-47	178	70
MZ463750.1	392	nSX00176	68838	76.812	276	5	277	56230	55955	2.03e-53	199	70
MZ463750.1	392	nSX00176	68838	76.538	260	5	259	21722	21980	2.82e-45	173	70
MZ463751.1	393	nSX00176	68838	77.536	276	5	277	56230	55955	3.93e-56	208	69
MZ463751.1	393	nSX00176	68838	77.308	260	5	259	21722	21980	5.47e-48	182	69
MZ463752.1	394	nSX00176	68838	77.536	276	5	277	56230	55955	3.94e-56	208	69
MZ463752.1	394	nSX00176	68838	77.308	260	5	259	21722	21980	5.48e-48	182	69
MZ463753.1	394	nSX00176	68838	77.174	276	5	277	56230	55955	1.68e-54	204	69
MZ463753.1	394	nSX00176	68838	76.923	260	5	259	21722	21980	6.68e-47	178	69
MZ463754.1	394	nSX00176	68838	78.378	259	5	260	56230	55972	4.80e-55	205	65
MZ463754.1	394	nSX00176	68838	77.308	260	5	259	21722	21980	5.48e-48	182	65
MZ463755.1	394	nSX00176	68838	77.899	276	5	277	56230	55955	3.24e-57	213	69
MZ463755.1	394	nSX00176	68838	77.692	260	5	259	21722	21980	1.29e-49	187	69
MZ463756.1	394	nSX00176	68838	77.174	276	5	277	56230	55955	1.68e-54	204	69
MZ463756.1	394	nSX00176	68838	77.559	254	5	253	21722	21974	1.91e-47	180	69
MZ463757.1	394	nSX00176	68838	77.174	276	5	277	56230	55955	1.68e-54	204	69
MZ463757.1	394	nSX00176	68838	76.923	260	5	259	21722	21980	6.68e-47	178	69
MZ463758.1	394	nSX00176	68838	77.174	276	5	277	56230	55955	1.68e-54	204	69
MZ463758.1	394	nSX00176	68838	76.923	260	5	259	21722	21980	6.68e-47	178	69
MZ463759.1	410	nSX00176	68838	77.174	276	5	277	56230	55955	1.75e-54	204	67
MZ463759.1	410	nSX00176	68838	76.923	260	5	259	21722	21980	6.96e-47	178	67
FJ751925.1	394	nSX00176	68838	77.536	276	5	277	56230	55955	3.94e-56	208	69
FJ751925.1	394	nSX00176	68838	77.308	260	5	259	21722	21980	5.48e-48	182	69
FJ751926.1	395	nSX00176	68838	77.536	276	5	277	56230	55955	3.95e-56	208	69
FJ751926.1	395	nSX00176	68838	77.308	260	5	259	21722	21980	5.50e-48	182	69
FJ751927.1	395	nSX00176	68838	77.174	276	5	277	56230	55955	1.68e-54	204	69
FJ751927.1	395	nSX00176	68838	76.923	260	5	259	21722	21980	6.70e-47	178	69
FJ751930.1	395	nSX00176	68838	77.536	276	5	277	56230	55955	3.95e-56	208	69
FJ751930.1	395	nSX00176	68838	77.308	260	5	259	21722	21980	5.50e-48	182	69
FJ751933.1	396	nSX00176	68838	77.536	276	6	278	56230	55955	3.96e-56	208	69
FJ751933.1	396	nSX00176	68838	77.308	260	6	260	21722	21980	5.51e-48	182	69
FJ751934.1	395	nSX00176	68838	77.536	276	6	278	56230	55955	3.95e-56	208	69
FJ751934.1	395	nSX00176	68838	77.308	260	6	260	21722	21980	5.50e-48	182	69
MZ463745.1	387	nSX00180	68242	77.947	263	12	272	10885	11147	1.34e-55	206	67
MZ463745.1	387	nSX00180	68242	77.947	263	12	272	45352	45090	1.34e-55	206	67
MZ463746.1	387	nSX00180	68242	77.947	263	12	272	10885	11147	1.34e-55	206	67
MZ463746.1	387	nSX00180	68242	77.947	263	12	272	45352	45090	1.34e-55	206	67
MZ463747.1	387	nSX00180	68242	77.567	263	12	272	10885	11147	5.69e-54	202	67
MZ463747.1	387	nSX00180	68242	77.567	263	12	272	45352	45090	5.69e-54	202	67
MZ463748.1	387	nSX00180	68242	77.567	263	12	272	10885	11147	5.69e-54	202	67
MZ463748.1	387	nSX00180	68242	77.567	263	12	272	45352	45090	5.69e-54	202	67
MZ463749.1	391	nSX00180	68242	77.174	276	5	277	10872	11147	1.65e-54	204	70
MZ463749.1	391	nSX00180	68242	77.174	276	5	277	45365	45090	1.65e-54	204	70
MZ463750.1	392	nSX00180	68242	76.812	276	5	277	10872	11147	2.01e-53	199	70
MZ463750.1	392	nSX00180	68242	76.812	276	5	277	45365	45090	2.01e-53	199	70
MZ463751.1	393	nSX00180	68242	77.536	276	5	277	10872	11147	3.90e-56	208	69
MZ463751.1	393	nSX00180	68242	77.536	276	5	277	45365	45090	3.90e-56	208	69
MZ463752.1	394	nSX00180	68242	77.536	276	5	277	10872	11147	3.91e-56	208	69
MZ463752.1	394	nSX00180	68242	77.536	276	5	277	45365	45090	3.91e-56	208	69
MZ463753.1	394	nSX00180	68242	77.174	276	5	277	10872	11147	1.66e-54	204	69
MZ463753.1	394	nSX00180	68242	77.174	276	5	277	45365	45090	1.66e-54	204	69
MZ463754.1	394	nSX00180	68242	78.378	259	5	260	10872	11130	4.76e-55	205	65
MZ463754.1	394	nSX00180	68242	78.378	259	5	260	45365	45107	4.76e-55	205	65
MZ463755.1	394	nSX00180	68242	77.899	276	5	277	10872	11147	3.21e-57	213	69
MZ463755.1	394	nSX00180	68242	77.899	276	5	277	45365	45090	3.21e-57	213	69
MZ463756.1	394	nSX00180	68242	77.174	276	5	277	10872	11147	1.66e-54	204	69
MZ463756.1	394	nSX00180	68242	77.174	276	5	277	45365	45090	1.66e-54	204	69
MZ463757.1	394	nSX00180	68242	77.174	276	5	277	10872	11147	1.66e-54	204	69
MZ463757.1	394	nSX00180	68242	77.174	276	5	277	45365	45090	1.66e-54	204	69
MZ463758.1	394	nSX00180	68242	77.174	276	5	277	10872	11147	1.66e-54	204	69
MZ463758.1	394	nSX00180	68242	77.174	276	5	277	45365	45090	1.66e-54	204	69
MZ463759.1	410	nSX00180	68242	77.174	276	5	277	10872	11147	1.73e-54	204	67
MZ463759.1	410	nSX00180	68242	77.174	276	5	277	45365	45090	1.73e-54	204	67
FJ751925.1	394	nSX00180	68242	77.536	276	5	277	10872	11147	3.91e-56	208	69
FJ751925.1	394	nSX00180	68242	77.536	276	5	277	45365	45090	3.91e-56	208	69
FJ751926.1	395	nSX00180	68242	77.536	276	5	277	10872	11147	3.92e-56	208	69
FJ751926.1	395	nSX00180	68242	77.536	276	5	277	45365	45090	3.92e-56	208	69
FJ751927.1	395	nSX00180	68242	77.174	276	5	277	10872	11147	1.67e-54	204	69
FJ751927.1	395	nSX00180	68242	77.174	276	5	277	45365	45090	1.67e-54	204	69
FJ751930.1	395	nSX00180	68242	77.536	276	5	277	10872	11147	3.92e-56	208	69
FJ751930.1	395	nSX00180	68242	77.536	276	5	277	45365	45090	3.92e-56	208	69
FJ751933.1	396	nSX00180	68242	77.536	276	6	278	10872	11147	3.93e-56	208	69
FJ751933.1	396	nSX00180	68242	77.536	276	6	278	45365	45090	3.93e-56	208	69
FJ751934.1	395	nSX00180	68242	77.536	276	6	278	10872	11147	3.92e-56	208	69
FJ751934.1	395	nSX00180	68242	77.536	276	6	278	45365	45090	3.92e-56	208	69
MZ463745.1	387	nSX00184	67465	77.947	263	12	272	23383	23645	1.32e-55	206	67
MZ463745.1	387	nSX00184	67465	77.947	263	12	272	57838	57576	1.32e-55	206	67
MZ463746.1	387	nSX00184	67465	77.947	263	12	272	23383	23645	1.32e-55	206	67
MZ463746.1	387	nSX00184	67465	77.947	263	12	272	57838	57576	1.32e-55	206	67
MZ463747.1	387	nSX00184	67465	77.567	263	12	272	23383	23645	5.63e-54	202	67
MZ463747.1	387	nSX00184	67465	77.567	263	12	272	57838	57576	5.63e-54	202	67
MZ463748.1	387	nSX00184	67465	77.567	263	12	272	23383	23645	5.63e-54	202	67
MZ463748.1	387	nSX00184	67465	77.567	263	12	272	57838	57576	5.63e-54	202	67
MZ463749.1	391	nSX00184	67465	77.174	276	5	277	23370	23645	1.63e-54	204	70
MZ463749.1	391	nSX00184	67465	77.174	276	5	277	57851	57576	1.63e-54	204	70
MZ463750.1	392	nSX00184	67465	76.812	276	5	277	23370	23645	1.99e-53	199	70
MZ463750.1	392	nSX00184	67465	76.812	276	5	277	57851	57576	1.99e-53	199	70
MZ463751.1	393	nSX00184	67465	77.536	276	5	277	23370	23645	3.85e-56	208	69
MZ463751.1	393	nSX00184	67465	77.536	276	5	277	57851	57576	3.85e-56	208	69
MZ463752.1	394	nSX00184	67465	77.536	276	5	277	23370	23645	3.86e-56	208	69
MZ463752.1	394	nSX00184	67465	77.536	276	5	277	57851	57576	3.86e-56	208	69
MZ463753.1	394	nSX00184	67465	77.174	276	5	277	23370	23645	1.64e-54	204	69
MZ463753.1	394	nSX00184	67465	77.174	276	5	277	57851	57576	1.64e-54	204	69
MZ463754.1	394	nSX00184	67465	78.378	259	5	260	23370	23628	4.71e-55	205	65
MZ463754.1	394	nSX00184	67465	78.378	259	5	260	57851	57593	4.71e-55	205	65
MZ463755.1	394	nSX00184	67465	77.899	276	5	277	23370	23645	3.17e-57	213	69
MZ463755.1	394	nSX00184	67465	77.899	276	5	277	57851	57576	3.17e-57	213	69
MZ463756.1	394	nSX00184	67465	77.174	276	5	277	23370	23645	1.64e-54	204	69
MZ463756.1	394	nSX00184	67465	77.174	276	5	277	57851	57576	1.64e-54	204	69
MZ463757.1	394	nSX00184	67465	77.174	276	5	277	23370	23645	1.64e-54	204	69
MZ463757.1	394	nSX00184	67465	77.174	276	5	277	57851	57576	1.64e-54	204	69
MZ463758.1	394	nSX00184	67465	77.174	276	5	277	23370	23645	1.64e-54	204	69
MZ463758.1	394	nSX00184	67465	77.174	276	5	277	57851	57576	1.64e-54	204	69
MZ463759.1	410	nSX00184	67465	77.174	276	5	277	23370	23645	1.71e-54	204	67
MZ463759.1	410	nSX00184	67465	77.174	276	5	277	57851	57576	1.71e-54	204	67
FJ751925.1	394	nSX00184	67465	77.536	276	5	277	23370	23645	3.86e-56	208	69
FJ751925.1	394	nSX00184	67465	77.536	276	5	277	57851	57576	3.86e-56	208	69
FJ751926.1	395	nSX00184	67465	77.536	276	5	277	23370	23645	3.87e-56	208	69
FJ751926.1	395	nSX00184	67465	77.536	276	5	277	57851	57576	3.87e-56	208	69
FJ751927.1	395	nSX00184	67465	77.174	276	5	277	23370	23645	1.65e-54	204	69
FJ751927.1	395	nSX00184	67465	77.174	276	5	277	57851	57576	1.65e-54	204	69
FJ751930.1	395	nSX00184	67465	77.536	276	5	277	23370	23645	3.87e-56	208	69
FJ751930.1	395	nSX00184	67465	77.536	276	5	277	57851	57576	3.87e-56	208	69
FJ751933.1	396	nSX00184	67465	77.536	276	6	278	23370	23645	3.89e-56	208	69
FJ751933.1	396	nSX00184	67465	77.536	276	6	278	57851	57576	3.89e-56	208	69
FJ751934.1	395	nSX00184	67465	77.536	276	6	278	23370	23645	3.87e-56	208	69
FJ751934.1	395	nSX00184	67465	77.536	276	6	278	57851	57576	3.87e-56	208	69
MZ463745.1	387	nSX00187	66696	77.947	263	12	272	10040	9778	1.31e-55	206	67
MZ463746.1	387	nSX00187	66696	77.947	263	12	272	10040	9778	1.31e-55	206	67
MZ463747.1	387	nSX00187	66696	77.567	263	12	272	10040	9778	5.56e-54	202	67
MZ463748.1	387	nSX00187	66696	77.567	263	12	272	10040	9778	5.56e-54	202	67
MZ463749.1	391	nSX00187	66696	77.174	276	5	277	10053	9778	1.61e-54	204	70
MZ463750.1	392	nSX00187	66696	76.812	276	5	277	10053	9778	1.97e-53	199	70
MZ463751.1	393	nSX00187	66696	77.536	276	5	277	10053	9778	3.81e-56	208	69
MZ463752.1	394	nSX00187	66696	77.536	276	5	277	10053	9778	3.82e-56	208	69
MZ463753.1	394	nSX00187	66696	77.174	276	5	277	10053	9778	1.62e-54	204	69
MZ463754.1	394	nSX00187	66696	78.378	259	5	260	10053	9795	4.65e-55	205	65
MZ463755.1	394	nSX00187	66696	77.899	276	5	277	10053	9778	3.14e-57	213	69
MZ463756.1	394	nSX00187	66696	77.174	276	5	277	10053	9778	1.62e-54	204	69
MZ463757.1	394	nSX00187	66696	77.174	276	5	277	10053	9778	1.62e-54	204	69
MZ463758.1	394	nSX00187	66696	77.174	276	5	277	10053	9778	1.62e-54	204	69
MZ463759.1	410	nSX00187	66696	77.174	276	5	277	10053	9778	1.69e-54	204	67
FJ751925.1	394	nSX00187	66696	77.536	276	5	277	10053	9778	3.82e-56	208	69
FJ751926.1	395	nSX00187	66696	77.536	276	5	277	10053	9778	3.83e-56	208	69
FJ751927.1	395	nSX00187	66696	77.174	276	5	277	10053	9778	1.63e-54	204	69
FJ751930.1	395	nSX00187	66696	77.536	276	5	277	10053	9778	3.83e-56	208	69
FJ751933.1	396	nSX00187	66696	77.536	276	6	278	10053	9778	3.84e-56	208	69
FJ751934.1	395	nSX00187	66696	77.536	276	6	278	10053	9778	3.83e-56	208	69
MZ463745.1	387	nSX00189	66287	77.947	263	12	272	20598	20336	1.30e-55	206	67
MZ463746.1	387	nSX00189	66287	77.947	263	12	272	20598	20336	1.30e-55	206	67
MZ463747.1	387	nSX00189	66287	77.567	263	12	272	20598	20336	5.53e-54	202	67
MZ463748.1	387	nSX00189	66287	77.567	263	12	272	20598	20336	5.53e-54	202	67
MZ463749.1	391	nSX00189	66287	77.174	276	5	277	20611	20336	1.60e-54	204	70
MZ463750.1	392	nSX00189	66287	76.812	276	5	277	20611	20336	1.96e-53	199	70
MZ463751.1	393	nSX00189	66287	77.536	276	5	277	20611	20336	3.79e-56	208	69
MZ463752.1	394	nSX00189	66287	77.536	276	5	277	20611	20336	3.80e-56	208	69
MZ463753.1	394	nSX00189	66287	77.174	276	5	277	20611	20336	1.61e-54	204	69
MZ463754.1	394	nSX00189	66287	78.378	259	5	260	20611	20353	4.63e-55	205	65
MZ463755.1	394	nSX00189	66287	77.899	276	5	277	20611	20336	3.12e-57	213	69
MZ463756.1	394	nSX00189	66287	77.174	276	5	277	20611	20336	1.61e-54	204	69
MZ463757.1	394	nSX00189	66287	77.174	276	5	277	20611	20336	1.61e-54	204	69
MZ463758.1	394	nSX00189	66287	77.174	276	5	277	20611	20336	1.61e-54	204	69
MZ463759.1	410	nSX00189	66287	77.174	276	5	277	20611	20336	1.68e-54	204	67
FJ751925.1	394	nSX00189	66287	77.536	276	5	277	20611	20336	3.80e-56	208	69
FJ751926.1	395	nSX00189	66287	77.536	276	5	277	20611	20336	3.81e-56	208	69
FJ751927.1	395	nSX00189	66287	77.174	276	5	277	20611	20336	1.62e-54	204	69
FJ751930.1	395	nSX00189	66287	77.536	276	5	277	20611	20336	3.81e-56	208	69
FJ751933.1	396	nSX00189	66287	77.536	276	6	278	20611	20336	3.82e-56	208	69
FJ751934.1	395	nSX00189	66287	77.536	276	6	278	20611	20336	3.81e-56	208	69
MZ463745.1	387	nSX00191	65936	77.947	263	12	272	38599	38861	1.29e-55	206	67
MZ463746.1	387	nSX00191	65936	77.947	263	12	272	38599	38861	1.29e-55	206	67
MZ463747.1	387	nSX00191	65936	77.567	263	12	272	38599	38861	5.50e-54	202	67
MZ463748.1	387	nSX00191	65936	77.567	263	12	272	38599	38861	5.50e-54	202	67
MZ463749.1	391	nSX00191	65936	77.174	276	5	277	38586	38861	1.59e-54	204	70
MZ463750.1	392	nSX00191	65936	76.812	276	5	277	38586	38861	1.95e-53	199	70
MZ463751.1	393	nSX00191	65936	77.536	276	5	277	38586	38861	3.77e-56	208	69
MZ463752.1	394	nSX00191	65936	77.536	276	5	277	38586	38861	3.78e-56	208	69
MZ463753.1	394	nSX00191	65936	77.174	276	5	277	38586	38861	1.61e-54	204	69
MZ463754.1	394	nSX00191	65936	78.378	259	5	260	38586	38844	4.60e-55	205	65
MZ463755.1	394	nSX00191	65936	77.899	276	5	277	38586	38861	3.10e-57	213	69
MZ463756.1	394	nSX00191	65936	77.174	276	5	277	38586	38861	1.61e-54	204	69
MZ463757.1	394	nSX00191	65936	77.174	276	5	277	38586	38861	1.61e-54	204	69
MZ463758.1	394	nSX00191	65936	77.174	276	5	277	38586	38861	1.61e-54	204	69
MZ463759.1	410	nSX00191	65936	77.174	276	5	277	38586	38861	1.67e-54	204	67
FJ751925.1	394	nSX00191	65936	77.536	276	5	277	38586	38861	3.78e-56	208	69
FJ751926.1	395	nSX00191	65936	77.536	276	5	277	38586	38861	3.79e-56	208	69
FJ751927.1	395	nSX00191	65936	77.174	276	5	277	38586	38861	1.61e-54	204	69
FJ751930.1	395	nSX00191	65936	77.536	276	5	277	38586	38861	3.79e-56	208	69
FJ751933.1	396	nSX00191	65936	77.536	276	6	278	38586	38861	3.80e-56	208	69
FJ751934.1	395	nSX00191	65936	77.536	276	6	278	38586	38861	3.79e-56	208	69
MZ463745.1	387	nSX00193	65843	77.947	263	12	272	28504	28766	1.29e-55	206	67
MZ463745.1	387	nSX00193	65843	77.947	263	12	272	62971	62709	1.29e-55	206	67
MZ463746.1	387	nSX00193	65843	77.947	263	12	272	28504	28766	1.29e-55	206	67
MZ463746.1	387	nSX00193	65843	77.947	263	12	272	62971	62709	1.29e-55	206	67
MZ463747.1	387	nSX00193	65843	77.567	263	12	272	28504	28766	5.49e-54	202	67
MZ463747.1	387	nSX00193	65843	77.567	263	12	272	62971	62709	5.49e-54	202	67
MZ463748.1	387	nSX00193	65843	77.567	263	12	272	28504	28766	5.49e-54	202	67
MZ463748.1	387	nSX00193	65843	77.567	263	12	272	62971	62709	5.49e-54	202	67
MZ463749.1	391	nSX00193	65843	77.174	276	5	277	28491	28766	1.59e-54	204	70
MZ463749.1	391	nSX00193	65843	77.174	276	5	277	62984	62709	1.59e-54	204	70
MZ463750.1	392	nSX00193	65843	76.812	276	5	277	28491	28766	1.94e-53	199	70
MZ463750.1	392	nSX00193	65843	76.812	276	5	277	62984	62709	1.94e-53	199	70
MZ463751.1	393	nSX00193	65843	77.536	276	5	277	28491	28766	3.76e-56	208	69
MZ463751.1	393	nSX00193	65843	77.536	276	5	277	62984	62709	3.76e-56	208	69
MZ463752.1	394	nSX00193	65843	77.536	276	5	277	28491	28766	3.77e-56	208	69
MZ463752.1	394	nSX00193	65843	77.536	276	5	277	62984	62709	3.77e-56	208	69
MZ463753.1	394	nSX00193	65843	77.174	276	5	277	28491	28766	1.60e-54	204	69
MZ463753.1	394	nSX00193	65843	77.174	276	5	277	62984	62709	1.60e-54	204	69
MZ463754.1	394	nSX00193	65843	78.378	259	5	260	28491	28749	4.59e-55	205	65
MZ463754.1	394	nSX00193	65843	78.378	259	5	260	62984	62726	4.59e-55	205	65
MZ463755.1	394	nSX00193	65843	77.899	276	5	277	28491	28766	3.10e-57	213	69
MZ463755.1	394	nSX00193	65843	77.899	276	5	277	62984	62709	3.10e-57	213	69
MZ463756.1	394	nSX00193	65843	77.174	276	5	277	28491	28766	1.60e-54	204	69
MZ463756.1	394	nSX00193	65843	77.174	276	5	277	62984	62709	1.60e-54	204	69
MZ463757.1	394	nSX00193	65843	77.174	276	5	277	28491	28766	1.60e-54	204	69
MZ463757.1	394	nSX00193	65843	77.174	276	5	277	62984	62709	1.60e-54	204	69
MZ463758.1	394	nSX00193	65843	77.174	276	5	277	28491	28766	1.60e-54	204	69
MZ463758.1	394	nSX00193	65843	77.174	276	5	277	62984	62709	1.60e-54	204	69
MZ463759.1	410	nSX00193	65843	77.174	276	5	277	28491	28766	1.67e-54	204	67
MZ463759.1	410	nSX00193	65843	77.174	276	5	277	62984	62709	1.67e-54	204	67
FJ751925.1	394	nSX00193	65843	77.536	276	5	277	28491	28766	3.77e-56	208	69
FJ751925.1	394	nSX00193	65843	77.536	276	5	277	62984	62709	3.77e-56	208	69
FJ751926.1	395	nSX00193	65843	77.536	276	5	277	28491	28766	3.78e-56	208	69
FJ751926.1	395	nSX00193	65843	77.536	276	5	277	62984	62709	3.78e-56	208	69
FJ751927.1	395	nSX00193	65843	77.174	276	5	277	28491	28766	1.61e-54	204	69
FJ751927.1	395	nSX00193	65843	77.174	276	5	277	62984	62709	1.61e-54	204	69
FJ751930.1	395	nSX00193	65843	77.536	276	5	277	28491	28766	3.78e-56	208	69
FJ751930.1	395	nSX00193	65843	77.536	276	5	277	62984	62709	3.78e-56	208	69
FJ751933.1	396	nSX00193	65843	77.536	276	6	278	28491	28766	3.79e-56	208	69
FJ751933.1	396	nSX00193	65843	77.536	276	6	278	62984	62709	3.79e-56	208	69
FJ751934.1	395	nSX00193	65843	77.536	276	6	278	28491	28766	3.78e-56	208	69
FJ751934.1	395	nSX00193	65843	77.536	276	6	278	62984	62709	3.78e-56	208	69
MZ463745.1	387	nSX00196	65341	77.947	263	12	272	64764	65026	1.28e-55	206	67
MZ463746.1	387	nSX00196	65341	77.947	263	12	272	64764	65026	1.28e-55	206	67
MZ463747.1	387	nSX00196	65341	77.567	263	12	272	64764	65026	5.45e-54	202	67
MZ463748.1	387	nSX00196	65341	77.567	263	12	272	64764	65026	5.45e-54	202	67
MZ463749.1	391	nSX00196	65341	77.174	276	5	277	64751	65026	1.58e-54	204	70
MZ463750.1	392	nSX00196	65341	76.812	276	5	277	64751	65026	1.93e-53	199	70
MZ463751.1	393	nSX00196	65341	77.536	276	5	277	64751	65026	3.73e-56	208	69
MZ463752.1	394	nSX00196	65341	77.536	276	5	277	64751	65026	3.74e-56	208	69
MZ463753.1	394	nSX00196	65341	77.174	276	5	277	64751	65026	1.59e-54	204	69
MZ463754.1	394	nSX00196	65341	78.378	259	5	260	64751	65009	4.56e-55	205	65
MZ463755.1	394	nSX00196	65341	77.899	276	5	277	64751	65026	3.07e-57	213	69
MZ463756.1	394	nSX00196	65341	77.174	276	5	277	64751	65026	1.59e-54	204	69
MZ463757.1	394	nSX00196	65341	77.174	276	5	277	64751	65026	1.59e-54	204	69
MZ463758.1	394	nSX00196	65341	77.174	276	5	277	64751	65026	1.59e-54	204	69
MZ463759.1	410	nSX00196	65341	77.174	276	5	277	64751	65026	1.66e-54	204	67
FJ751925.1	394	nSX00196	65341	77.536	276	5	277	64751	65026	3.74e-56	208	69
FJ751926.1	395	nSX00196	65341	77.536	276	5	277	64751	65026	3.75e-56	208	69
FJ751927.1	395	nSX00196	65341	77.174	276	5	277	64751	65026	1.60e-54	204	69
FJ751930.1	395	nSX00196	65341	77.536	276	5	277	64751	65026	3.75e-56	208	69
FJ751933.1	396	nSX00196	65341	77.536	276	6	278	64751	65026	3.76e-56	208	69
FJ751934.1	395	nSX00196	65341	77.536	276	6	278	64751	65026	3.75e-56	208	69
MZ463745.1	387	nSX00197	65056	77.947	263	12	272	11549	11287	1.28e-55	206	67
MZ463746.1	387	nSX00197	65056	77.947	263	12	272	11549	11287	1.28e-55	206	67
MZ463747.1	387	nSX00197	65056	77.567	263	12	272	11549	11287	5.43e-54	202	67
MZ463748.1	387	nSX00197	65056	77.567	263	12	272	11549	11287	5.43e-54	202	67
MZ463749.1	391	nSX00197	65056	77.174	276	5	277	11562	11287	1.57e-54	204	70
MZ463750.1	392	nSX00197	65056	76.812	276	5	277	11562	11287	1.92e-53	199	70
MZ463751.1	393	nSX00197	65056	77.536	276	5	277	11562	11287	3.72e-56	208	69
MZ463752.1	394	nSX00197	65056	77.536	276	5	277	11562	11287	3.73e-56	208	69
MZ463753.1	394	nSX00197	65056	77.174	276	5	277	11562	11287	1.58e-54	204	69
MZ463754.1	394	nSX00197	65056	78.378	259	5	260	11562	11304	4.54e-55	205	65
MZ463755.1	394	nSX00197	65056	77.899	276	5	277	11562	11287	3.06e-57	213	69
MZ463756.1	394	nSX00197	65056	77.174	276	5	277	11562	11287	1.58e-54	204	69
MZ463757.1	394	nSX00197	65056	77.174	276	5	277	11562	11287	1.58e-54	204	69
MZ463758.1	394	nSX00197	65056	77.174	276	5	277	11562	11287	1.58e-54	204	69
MZ463759.1	410	nSX00197	65056	77.174	276	5	277	11562	11287	1.65e-54	204	67
FJ751925.1	394	nSX00197	65056	77.536	276	5	277	11562	11287	3.73e-56	208	69
FJ751926.1	395	nSX00197	65056	77.536	276	5	277	11562	11287	3.74e-56	208	69
FJ751927.1	395	nSX00197	65056	77.174	276	5	277	11562	11287	1.59e-54	204	69
FJ751930.1	395	nSX00197	65056	77.536	276	5	277	11562	11287	3.74e-56	208	69
FJ751933.1	396	nSX00197	65056	77.536	276	6	278	11562	11287	3.75e-56	208	69
FJ751934.1	395	nSX00197	65056	77.536	276	6	278	11562	11287	3.74e-56	208	69
MZ463745.1	387	nSX00198	64813	77.947	263	12	272	58167	58429	1.27e-55	206	67
MZ463746.1	387	nSX00198	64813	77.947	263	12	272	58167	58429	1.27e-55	206	67
MZ463747.1	387	nSX00198	64813	77.567	263	12	272	58167	58429	5.41e-54	202	67
MZ463748.1	387	nSX00198	64813	77.567	263	12	272	58167	58429	5.41e-54	202	67
MZ463749.1	391	nSX00198	64813	77.174	276	5	277	58154	58429	1.57e-54	204	70
MZ463750.1	392	nSX00198	64813	76.812	276	5	277	58154	58429	1.91e-53	199	70
MZ463751.1	393	nSX00198	64813	77.536	276	5	277	58154	58429	3.70e-56	208	69
MZ463752.1	394	nSX00198	64813	77.536	276	5	277	58154	58429	3.71e-56	208	69
MZ463753.1	394	nSX00198	64813	77.174	276	5	277	58154	58429	1.58e-54	204	69
MZ463754.1	394	nSX00198	64813	78.378	259	5	260	58154	58412	4.52e-55	205	65
MZ463755.1	394	nSX00198	64813	77.899	276	5	277	58154	58429	3.05e-57	213	69
MZ463756.1	394	nSX00198	64813	77.174	276	5	277	58154	58429	1.58e-54	204	69
MZ463757.1	394	nSX00198	64813	77.174	276	5	277	58154	58429	1.58e-54	204	69
MZ463758.1	394	nSX00198	64813	77.174	276	5	277	58154	58429	1.58e-54	204	69
MZ463759.1	410	nSX00198	64813	77.174	276	5	277	58154	58429	1.65e-54	204	67
FJ751925.1	394	nSX00198	64813	77.536	276	5	277	58154	58429	3.71e-56	208	69
FJ751926.1	395	nSX00198	64813	77.536	276	5	277	58154	58429	3.72e-56	208	69
FJ751927.1	395	nSX00198	64813	77.174	276	5	277	58154	58429	1.58e-54	204	69
FJ751930.1	395	nSX00198	64813	77.536	276	5	277	58154	58429	3.72e-56	208	69
FJ751933.1	396	nSX00198	64813	77.536	276	6	278	58154	58429	3.73e-56	208	69
FJ751934.1	395	nSX00198	64813	77.536	276	6	278	58154	58429	3.72e-56	208	69
MZ463745.1	387	nSX00205	63930	77.947	263	12	272	36808	37070	1.25e-55	206	67
MZ463746.1	387	nSX00205	63930	77.947	263	12	272	36808	37070	1.25e-55	206	67
MZ463747.1	387	nSX00205	63930	77.567	263	12	272	36808	37070	5.33e-54	202	67
MZ463748.1	387	nSX00205	63930	77.567	263	12	272	36808	37070	5.33e-54	202	67
MZ463749.1	391	nSX00205	63930	77.174	276	5	277	36795	37070	1.54e-54	204	70
MZ463750.1	392	nSX00205	63930	76.812	276	5	277	36795	37070	1.89e-53	199	70
MZ463751.1	393	nSX00205	63930	77.536	276	5	277	36795	37070	3.65e-56	208	69
MZ463752.1	394	nSX00205	63930	77.536	276	5	277	36795	37070	3.66e-56	208	69
MZ463753.1	394	nSX00205	63930	77.174	276	5	277	36795	37070	1.56e-54	204	69
MZ463754.1	394	nSX00205	63930	78.378	259	5	260	36795	37053	4.46e-55	205	65
MZ463755.1	394	nSX00205	63930	77.899	276	5	277	36795	37070	3.01e-57	213	69
MZ463756.1	394	nSX00205	63930	77.174	276	5	277	36795	37070	1.56e-54	204	69
MZ463757.1	394	nSX00205	63930	77.174	276	5	277	36795	37070	1.56e-54	204	69
MZ463758.1	394	nSX00205	63930	77.174	276	5	277	36795	37070	1.56e-54	204	69
MZ463759.1	410	nSX00205	63930	77.174	276	5	277	36795	37070	1.62e-54	204	67
FJ751925.1	394	nSX00205	63930	77.536	276	5	277	36795	37070	3.66e-56	208	69
FJ751926.1	395	nSX00205	63930	77.536	276	5	277	36795	37070	3.67e-56	208	69
FJ751927.1	395	nSX00205	63930	77.174	276	5	277	36795	37070	1.56e-54	204	69
FJ751930.1	395	nSX00205	63930	77.536	276	5	277	36795	37070	3.67e-56	208	69
FJ751933.1	396	nSX00205	63930	77.536	276	6	278	36795	37070	3.68e-56	208	69
FJ751934.1	395	nSX00205	63930	77.536	276	6	278	36795	37070	3.67e-56	208	69
MZ463745.1	387	nSX00206	63809	77.947	263	12	272	10977	10715	1.25e-55	206	67
MZ463746.1	387	nSX00206	63809	77.947	263	12	272	10977	10715	1.25e-55	206	67
MZ463747.1	387	nSX00206	63809	77.567	263	12	272	10977	10715	5.32e-54	202	67
MZ463748.1	387	nSX00206	63809	77.567	263	12	272	10977	10715	5.32e-54	202	67
MZ463749.1	391	nSX00206	63809	77.174	276	5	277	10990	10715	1.54e-54	204	70
MZ463750.1	392	nSX00206	63809	76.812	276	5	277	10990	10715	1.88e-53	199	70
MZ463751.1	393	nSX00206	63809	77.536	276	5	277	10990	10715	3.65e-56	208	69
MZ463752.1	394	nSX00206	63809	77.536	276	5	277	10990	10715	3.66e-56	208	69
MZ463753.1	394	nSX00206	63809	77.174	276	5	277	10990	10715	1.55e-54	204	69
MZ463754.1	394	nSX00206	63809	78.378	259	5	260	10990	10732	4.45e-55	205	65
MZ463755.1	394	nSX00206	63809	77.899	276	5	277	10990	10715	3.00e-57	213	69
MZ463756.1	394	nSX00206	63809	77.174	276	5	277	10990	10715	1.55e-54	204	69
MZ463757.1	394	nSX00206	63809	77.174	276	5	277	10990	10715	1.55e-54	204	69
MZ463758.1	394	nSX00206	63809	77.174	276	5	277	10990	10715	1.55e-54	204	69
MZ463759.1	410	nSX00206	63809	77.174	276	5	277	10990	10715	1.62e-54	204	67
FJ751925.1	394	nSX00206	63809	77.536	276	5	277	10990	10715	3.66e-56	208	69
FJ751926.1	395	nSX00206	63809	77.536	276	5	277	10990	10715	3.66e-56	208	69
FJ751927.1	395	nSX00206	63809	77.174	276	5	277	10990	10715	1.56e-54	204	69
FJ751930.1	395	nSX00206	63809	77.536	276	5	277	10990	10715	3.66e-56	208	69
FJ751933.1	396	nSX00206	63809	77.536	276	6	278	10990	10715	3.67e-56	208	69
FJ751934.1	395	nSX00206	63809	77.536	276	6	278	10990	10715	3.66e-56	208	69
MZ463745.1	387	nSX00207	63792	77.947	263	12	272	59142	59404	1.25e-55	206	67
MZ463746.1	387	nSX00207	63792	77.947	263	12	272	59142	59404	1.25e-55	206	67
MZ463747.1	387	nSX00207	63792	77.567	263	12	272	59142	59404	5.32e-54	202	67
MZ463748.1	387	nSX00207	63792	77.567	263	12	272	59142	59404	5.32e-54	202	67
MZ463749.1	391	nSX00207	63792	77.174	276	5	277	59129	59404	1.54e-54	204	70
MZ463750.1	392	nSX00207	63792	76.812	276	5	277	59129	59404	1.88e-53	199	70
MZ463751.1	393	nSX00207	63792	77.536	276	5	277	59129	59404	3.64e-56	208	69
MZ463752.1	394	nSX00207	63792	77.536	276	5	277	59129	59404	3.65e-56	208	69
MZ463753.1	394	nSX00207	63792	77.174	276	5	277	59129	59404	1.55e-54	204	69
MZ463754.1	394	nSX00207	63792	78.378	259	5	260	59129	59387	4.45e-55	205	65
MZ463755.1	394	nSX00207	63792	77.899	276	5	277	59129	59404	3.00e-57	213	69
MZ463756.1	394	nSX00207	63792	77.174	276	5	277	59129	59404	1.55e-54	204	69
MZ463757.1	394	nSX00207	63792	77.174	276	5	277	59129	59404	1.55e-54	204	69
MZ463758.1	394	nSX00207	63792	77.174	276	5	277	59129	59404	1.55e-54	204	69
MZ463759.1	410	nSX00207	63792	77.174	276	5	277	59129	59404	1.62e-54	204	67
FJ751925.1	394	nSX00207	63792	77.536	276	5	277	59129	59404	3.65e-56	208	69
FJ751926.1	395	nSX00207	63792	77.536	276	5	277	59129	59404	3.66e-56	208	69
FJ751927.1	395	nSX00207	63792	77.174	276	5	277	59129	59404	1.56e-54	204	69
FJ751930.1	395	nSX00207	63792	77.536	276	5	277	59129	59404	3.66e-56	208	69
FJ751933.1	396	nSX00207	63792	77.536	276	6	278	59129	59404	3.67e-56	208	69
FJ751934.1	395	nSX00207	63792	77.536	276	6	278	59129	59404	3.66e-56	208	69
MZ463745.1	387	nSX00209	63491	77.736	265	12	272	24364	24101	7.86e-52	195	67
MZ463746.1	387	nSX00209	63491	77.736	265	12	272	24364	24101	7.86e-52	195	67
MZ463747.1	387	nSX00209	63491	77.358	265	12	272	24364	24101	9.58e-51	190	67
MZ463748.1	387	nSX00209	63491	77.358	265	12	272	24364	24101	9.58e-51	190	67
MZ463749.1	391	nSX00209	63491	76.978	278	5	277	24377	24101	2.77e-51	192	70
MZ463750.1	392	nSX00209	63491	76.619	278	5	277	24377	24101	1.18e-49	187	70
MZ463751.1	393	nSX00209	63491	77.338	278	5	277	24377	24101	2.29e-52	196	69
MZ463752.1	394	nSX00209	63491	77.698	278	5	277	24377	24101	5.40e-54	201	69
MZ463753.1	394	nSX00209	63491	76.978	278	5	277	24377	24101	2.80e-51	192	69
MZ463754.1	394	nSX00209	63491	78.161	261	5	260	24377	24118	2.80e-51	193	65
MZ463755.1	394	nSX00209	63491	77.698	278	5	277	24377	24101	5.40e-54	201	69
MZ463756.1	394	nSX00209	63491	76.978	278	5	277	24377	24101	2.80e-51	192	69
MZ463757.1	394	nSX00209	63491	76.978	278	5	277	24377	24101	2.80e-51	192	69
MZ463758.1	394	nSX00209	63491	76.978	278	5	277	24377	24101	2.80e-51	192	69
MZ463759.1	410	nSX00209	63491	76.978	278	5	277	24377	24101	2.92e-51	192	67
FJ751925.1	394	nSX00209	63491	77.338	278	5	277	24377	24101	2.30e-52	196	69
FJ751926.1	395	nSX00209	63491	77.338	278	5	277	24377	24101	2.30e-52	196	69
FJ751927.1	395	nSX00209	63491	77.338	278	5	277	24377	24101	2.30e-52	196	69
FJ751930.1	395	nSX00209	63491	77.338	278	5	277	24377	24101	2.30e-52	196	69
FJ751933.1	396	nSX00209	63491	77.338	278	6	278	24377	24101	2.31e-52	196	69
FJ751934.1	395	nSX00209	63491	77.338	278	6	278	24377	24101	2.30e-52	196	69
MZ463745.1	387	nSX00212	63111	77.947	263	12	272	29150	29412	1.24e-55	206	67
MZ463746.1	387	nSX00212	63111	77.947	263	12	272	29150	29412	1.24e-55	206	67
MZ463747.1	387	nSX00212	63111	77.567	263	12	272	29150	29412	5.27e-54	202	67
MZ463748.1	387	nSX00212	63111	77.567	263	12	272	29150	29412	5.27e-54	202	67
MZ463749.1	391	nSX00212	63111	77.174	276	5	277	29137	29412	1.52e-54	204	70
MZ463750.1	392	nSX00212	63111	76.812	276	5	277	29137	29412	1.86e-53	199	70
MZ463751.1	393	nSX00212	63111	77.536	276	5	277	29137	29412	3.61e-56	208	69
MZ463752.1	394	nSX00212	63111	77.536	276	5	277	29137	29412	3.62e-56	208	69
MZ463753.1	394	nSX00212	63111	77.174	276	5	277	29137	29412	1.54e-54	204	69
MZ463754.1	394	nSX00212	63111	78.378	259	5	260	29137	29395	4.40e-55	205	65
MZ463755.1	394	nSX00212	63111	77.899	276	5	277	29137	29412	2.97e-57	213	69
MZ463756.1	394	nSX00212	63111	77.174	276	5	277	29137	29412	1.54e-54	204	69
MZ463757.1	394	nSX00212	63111	77.174	276	5	277	29137	29412	1.54e-54	204	69
MZ463758.1	394	nSX00212	63111	77.174	276	5	277	29137	29412	1.54e-54	204	69
MZ463759.1	410	nSX00212	63111	77.174	276	5	277	29137	29412	1.60e-54	204	67
FJ751925.1	394	nSX00212	63111	77.536	276	5	277	29137	29412	3.62e-56	208	69
FJ751926.1	395	nSX00212	63111	77.536	276	5	277	29137	29412	3.62e-56	208	69
FJ751927.1	395	nSX00212	63111	77.174	276	5	277	29137	29412	1.54e-54	204	69
FJ751930.1	395	nSX00212	63111	77.536	276	5	277	29137	29412	3.62e-56	208	69
FJ751933.1	396	nSX00212	63111	77.536	276	6	278	29137	29412	3.63e-56	208	69
FJ751934.1	395	nSX00212	63111	77.536	276	6	278	29137	29412	3.62e-56	208	69
MZ463745.1	387	nSX00216	62806	77.947	263	12	272	48622	48884	1.23e-55	206	67
MZ463746.1	387	nSX00216	62806	77.947	263	12	272	48622	48884	1.23e-55	206	67
MZ463747.1	387	nSX00216	62806	77.567	263	12	272	48622	48884	5.24e-54	202	67
MZ463748.1	387	nSX00216	62806	77.567	263	12	272	48622	48884	5.24e-54	202	67
MZ463749.1	391	nSX00216	62806	77.174	276	5	277	48609	48884	1.52e-54	204	70
MZ463750.1	392	nSX00216	62806	76.812	276	5	277	48609	48884	1.85e-53	199	70
MZ463751.1	393	nSX00216	62806	77.536	276	5	277	48609	48884	3.59e-56	208	69
MZ463752.1	394	nSX00216	62806	77.536	276	5	277	48609	48884	3.60e-56	208	69
MZ463753.1	394	nSX00216	62806	77.174	276	5	277	48609	48884	1.53e-54	204	69
MZ463754.1	394	nSX00216	62806	78.378	259	5	260	48609	48867	4.38e-55	205	65
MZ463755.1	394	nSX00216	62806	77.899	276	5	277	48609	48884	2.95e-57	213	69
MZ463756.1	394	nSX00216	62806	77.174	276	5	277	48609	48884	1.53e-54	204	69
MZ463757.1	394	nSX00216	62806	77.174	276	5	277	48609	48884	1.53e-54	204	69
MZ463758.1	394	nSX00216	62806	77.174	276	5	277	48609	48884	1.53e-54	204	69
MZ463759.1	410	nSX00216	62806	77.174	276	5	277	48609	48884	1.59e-54	204	67
FJ751925.1	394	nSX00216	62806	77.536	276	5	277	48609	48884	3.60e-56	208	69
FJ751926.1	395	nSX00216	62806	77.536	276	5	277	48609	48884	3.61e-56	208	69
FJ751927.1	395	nSX00216	62806	77.174	276	5	277	48609	48884	1.53e-54	204	69
FJ751930.1	395	nSX00216	62806	77.536	276	5	277	48609	48884	3.61e-56	208	69
FJ751933.1	396	nSX00216	62806	77.536	276	6	278	48609	48884	3.62e-56	208	69
FJ751934.1	395	nSX00216	62806	77.536	276	6	278	48609	48884	3.61e-56	208	69
MZ463745.1	387	nSX00220	62192	77.947	263	12	272	38904	39166	1.22e-55	206	67
MZ463746.1	387	nSX00220	62192	77.947	263	12	272	38904	39166	1.22e-55	206	67
MZ463747.1	387	nSX00220	62192	77.567	263	12	272	38904	39166	5.19e-54	202	67
MZ463748.1	387	nSX00220	62192	77.567	263	12	272	38904	39166	5.19e-54	202	67
MZ463749.1	391	nSX00220	62192	77.174	276	5	277	38891	39166	1.50e-54	204	70
MZ463750.1	392	nSX00220	62192	76.812	276	5	277	38891	39166	1.84e-53	199	70
MZ463751.1	393	nSX00220	62192	77.536	276	5	277	38891	39166	3.55e-56	208	69
MZ463752.1	394	nSX00220	62192	77.536	276	5	277	38891	39166	3.56e-56	208	69
MZ463753.1	394	nSX00220	62192	77.174	276	5	277	38891	39166	1.51e-54	204	69
MZ463754.1	394	nSX00220	62192	78.378	259	5	260	38891	39149	4.34e-55	205	65
MZ463755.1	394	nSX00220	62192	77.899	276	5	277	38891	39166	2.92e-57	213	69
MZ463756.1	394	nSX00220	62192	77.174	276	5	277	38891	39166	1.51e-54	204	69
MZ463757.1	394	nSX00220	62192	77.174	276	5	277	38891	39166	1.51e-54	204	69
MZ463758.1	394	nSX00220	62192	77.174	276	5	277	38891	39166	1.51e-54	204	69
MZ463759.1	410	nSX00220	62192	77.174	276	5	277	38891	39166	1.58e-54	204	67
FJ751925.1	394	nSX00220	62192	77.536	276	5	277	38891	39166	3.56e-56	208	69
FJ751926.1	395	nSX00220	62192	77.536	276	5	277	38891	39166	3.57e-56	208	69
FJ751927.1	395	nSX00220	62192	77.174	276	5	277	38891	39166	1.52e-54	204	69
FJ751930.1	395	nSX00220	62192	77.536	276	5	277	38891	39166	3.57e-56	208	69
FJ751933.1	396	nSX00220	62192	77.536	276	6	278	38891	39166	3.58e-56	208	69
FJ751934.1	395	nSX00220	62192	77.536	276	6	278	38891	39166	3.57e-56	208	69
MZ463745.1	387	nSX00221	62037	77.947	263	12	272	19495	19757	1.22e-55	206	67
MZ463746.1	387	nSX00221	62037	77.947	263	12	272	19495	19757	1.22e-55	206	67
MZ463747.1	387	nSX00221	62037	77.567	263	12	272	19495	19757	5.18e-54	202	67
MZ463748.1	387	nSX00221	62037	77.567	263	12	272	19495	19757	5.18e-54	202	67
MZ463749.1	391	nSX00221	62037	77.174	276	5	277	19482	19757	1.50e-54	204	70
MZ463750.1	392	nSX00221	62037	76.812	276	5	277	19482	19757	1.83e-53	199	70
MZ463751.1	393	nSX00221	62037	77.536	276	5	277	19482	19757	3.54e-56	208	69
MZ463752.1	394	nSX00221	62037	77.536	276	5	277	19482	19757	3.55e-56	208	69
MZ463753.1	394	nSX00221	62037	77.174	276	5	277	19482	19757	1.51e-54	204	69
MZ463754.1	394	nSX00221	62037	78.378	259	5	260	19482	19740	4.33e-55	205	65
MZ463755.1	394	nSX00221	62037	77.899	276	5	277	19482	19757	2.92e-57	213	69
MZ463756.1	394	nSX00221	62037	77.174	276	5	277	19482	19757	1.51e-54	204	69
MZ463757.1	394	nSX00221	62037	77.174	276	5	277	19482	19757	1.51e-54	204	69
MZ463758.1	394	nSX00221	62037	77.174	276	5	277	19482	19757	1.51e-54	204	69
MZ463759.1	410	nSX00221	62037	77.174	276	5	277	19482	19757	1.58e-54	204	67
FJ751925.1	394	nSX00221	62037	77.536	276	5	277	19482	19757	3.55e-56	208	69
FJ751926.1	395	nSX00221	62037	77.536	276	5	277	19482	19757	3.56e-56	208	69
FJ751927.1	395	nSX00221	62037	77.174	276	5	277	19482	19757	1.52e-54	204	69
FJ751930.1	395	nSX00221	62037	77.536	276	5	277	19482	19757	3.56e-56	208	69
FJ751933.1	396	nSX00221	62037	77.536	276	6	278	19482	19757	3.57e-56	208	69
FJ751934.1	395	nSX00221	62037	77.536	276	6	278	19482	19757	3.56e-56	208	69
MZ463745.1	387	nSX00223	61896	77.947	263	12	272	28210	27948	1.21e-55	206	67
MZ463746.1	387	nSX00223	61896	77.947	263	12	272	28210	27948	1.21e-55	206	67
MZ463747.1	387	nSX00223	61896	77.567	263	12	272	28210	27948	5.16e-54	202	67
MZ463748.1	387	nSX00223	61896	77.567	263	12	272	28210	27948	5.16e-54	202	67
MZ463749.1	391	nSX00223	61896	77.174	276	5	277	28223	27948	1.50e-54	204	70
MZ463750.1	392	nSX00223	61896	76.812	276	5	277	28223	27948	1.83e-53	199	70
MZ463751.1	393	nSX00223	61896	77.536	276	5	277	28223	27948	3.54e-56	208	69
MZ463752.1	394	nSX00223	61896	77.536	276	5	277	28223	27948	3.55e-56	208	69
MZ463753.1	394	nSX00223	61896	77.174	276	5	277	28223	27948	1.51e-54	204	69
MZ463754.1	394	nSX00223	61896	78.378	259	5	260	28223	27965	4.32e-55	205	65
MZ463755.1	394	nSX00223	61896	77.899	276	5	277	28223	27948	2.91e-57	213	69
MZ463756.1	394	nSX00223	61896	77.174	276	5	277	28223	27948	1.51e-54	204	69
MZ463757.1	394	nSX00223	61896	77.174	276	5	277	28223	27948	1.51e-54	204	69
MZ463758.1	394	nSX00223	61896	77.174	276	5	277	28223	27948	1.51e-54	204	69
MZ463759.1	410	nSX00223	61896	77.174	276	5	277	28223	27948	1.57e-54	204	67
FJ751925.1	394	nSX00223	61896	77.536	276	5	277	28223	27948	3.55e-56	208	69
FJ751926.1	395	nSX00223	61896	77.536	276	5	277	28223	27948	3.55e-56	208	69
FJ751927.1	395	nSX00223	61896	77.174	276	5	277	28223	27948	1.51e-54	204	69
FJ751930.1	395	nSX00223	61896	77.536	276	5	277	28223	27948	3.55e-56	208	69
FJ751933.1	396	nSX00223	61896	77.536	276	6	278	28223	27948	3.56e-56	208	69
FJ751934.1	395	nSX00223	61896	77.536	276	6	278	28223	27948	3.55e-56	208	69
MZ463745.1	387	nSX00229	61120	77.947	263	12	272	15863	15601	1.20e-55	206	67
MZ463745.1	387	nSX00229	61120	77.947	263	12	272	39447	39709	1.20e-55	206	67
MZ463745.1	387	nSX00229	61120	77.947	263	12	272	53664	53402	1.20e-55	206	67
MZ463746.1	387	nSX00229	61120	77.947	263	12	272	15863	15601	1.20e-55	206	67
MZ463746.1	387	nSX00229	61120	77.947	263	12	272	39447	39709	1.20e-55	206	67
MZ463746.1	387	nSX00229	61120	77.947	263	12	272	53664	53402	1.20e-55	206	67
MZ463747.1	387	nSX00229	61120	77.567	263	12	272	15863	15601	5.10e-54	202	67
MZ463747.1	387	nSX00229	61120	77.567	263	12	272	39447	39709	5.10e-54	202	67
MZ463747.1	387	nSX00229	61120	77.567	263	12	272	53664	53402	5.10e-54	202	67
MZ463748.1	387	nSX00229	61120	77.567	263	12	272	15863	15601	5.10e-54	202	67
MZ463748.1	387	nSX00229	61120	77.567	263	12	272	39447	39709	5.10e-54	202	67
MZ463748.1	387	nSX00229	61120	77.567	263	12	272	53664	53402	5.10e-54	202	67
MZ463749.1	391	nSX00229	61120	77.174	276	5	277	15876	15601	1.48e-54	204	70
MZ463749.1	391	nSX00229	61120	77.174	276	5	277	39434	39709	1.48e-54	204	70
MZ463749.1	391	nSX00229	61120	77.174	276	5	277	53677	53402	1.48e-54	204	70
MZ463750.1	392	nSX00229	61120	76.812	276	5	277	15876	15601	1.80e-53	199	70
MZ463750.1	392	nSX00229	61120	76.812	276	5	277	39434	39709	1.80e-53	199	70
MZ463750.1	392	nSX00229	61120	76.812	276	5	277	53677	53402	1.80e-53	199	70
MZ463751.1	393	nSX00229	61120	77.536	276	5	277	15876	15601	3.49e-56	208	69
MZ463751.1	393	nSX00229	61120	77.536	276	5	277	39434	39709	3.49e-56	208	69
MZ463751.1	393	nSX00229	61120	77.536	276	5	277	53677	53402	3.49e-56	208	69
MZ463752.1	394	nSX00229	61120	77.536	276	5	277	15876	15601	3.50e-56	208	69
MZ463752.1	394	nSX00229	61120	77.536	276	5	277	39434	39709	3.50e-56	208	69
MZ463752.1	394	nSX00229	61120	77.536	276	5	277	53677	53402	3.50e-56	208	69
MZ463753.1	394	nSX00229	61120	77.174	276	5	277	15876	15601	1.49e-54	204	69
MZ463753.1	394	nSX00229	61120	77.174	276	5	277	39434	39709	1.49e-54	204	69
MZ463753.1	394	nSX00229	61120	77.174	276	5	277	53677	53402	1.49e-54	204	69
MZ463754.1	394	nSX00229	61120	78.378	259	5	260	15876	15618	4.27e-55	205	65
MZ463754.1	394	nSX00229	61120	78.378	259	5	260	39434	39692	4.27e-55	205	65
MZ463754.1	394	nSX00229	61120	78.378	259	5	260	53677	53419	4.27e-55	205	65
MZ463755.1	394	nSX00229	61120	77.899	276	5	277	15876	15601	2.87e-57	213	69
MZ463755.1	394	nSX00229	61120	77.899	276	5	277	39434	39709	2.87e-57	213	69
MZ463755.1	394	nSX00229	61120	77.899	276	5	277	53677	53402	2.87e-57	213	69
MZ463756.1	394	nSX00229	61120	77.174	276	5	277	15876	15601	1.49e-54	204	69
MZ463756.1	394	nSX00229	61120	77.174	276	5	277	39434	39709	1.49e-54	204	69
MZ463756.1	394	nSX00229	61120	77.174	276	5	277	53677	53402	1.49e-54	204	69
MZ463757.1	394	nSX00229	61120	77.174	276	5	277	15876	15601	1.49e-54	204	69
MZ463757.1	394	nSX00229	61120	77.174	276	5	277	39434	39709	1.49e-54	204	69
MZ463757.1	394	nSX00229	61120	77.174	276	5	277	53677	53402	1.49e-54	204	69
MZ463758.1	394	nSX00229	61120	77.174	276	5	277	15876	15601	1.49e-54	204	69
MZ463758.1	394	nSX00229	61120	77.174	276	5	277	39434	39709	1.49e-54	204	69
MZ463758.1	394	nSX00229	61120	77.174	276	5	277	53677	53402	1.49e-54	204	69
MZ463759.1	410	nSX00229	61120	77.174	276	5	277	15876	15601	1.55e-54	204	67
MZ463759.1	410	nSX00229	61120	77.174	276	5	277	39434	39709	1.55e-54	204	67
MZ463759.1	410	nSX00229	61120	77.174	276	5	277	53677	53402	1.55e-54	204	67
FJ751925.1	394	nSX00229	61120	77.536	276	5	277	15876	15601	3.50e-56	208	69
FJ751925.1	394	nSX00229	61120	77.536	276	5	277	39434	39709	3.50e-56	208	69
FJ751925.1	394	nSX00229	61120	77.536	276	5	277	53677	53402	3.50e-56	208	69
FJ751926.1	395	nSX00229	61120	77.536	276	5	277	15876	15601	3.51e-56	208	69
FJ751926.1	395	nSX00229	61120	77.536	276	5	277	39434	39709	3.51e-56	208	69
FJ751926.1	395	nSX00229	61120	77.536	276	5	277	53677	53402	3.51e-56	208	69
FJ751927.1	395	nSX00229	61120	77.174	276	5	277	15876	15601	1.49e-54	204	69
FJ751927.1	395	nSX00229	61120	77.174	276	5	277	39434	39709	1.49e-54	204	69
FJ751927.1	395	nSX00229	61120	77.174	276	5	277	53677	53402	1.49e-54	204	69
FJ751930.1	395	nSX00229	61120	77.536	276	5	277	15876	15601	3.51e-56	208	69
FJ751930.1	395	nSX00229	61120	77.536	276	5	277	39434	39709	3.51e-56	208	69
FJ751930.1	395	nSX00229	61120	77.536	276	5	277	53677	53402	3.51e-56	208	69
FJ751933.1	396	nSX00229	61120	77.536	276	6	278	15876	15601	3.52e-56	208	69
FJ751933.1	396	nSX00229	61120	77.536	276	6	278	39434	39709	3.52e-56	208	69
FJ751933.1	396	nSX00229	61120	77.536	276	6	278	53677	53402	3.52e-56	208	69
FJ751934.1	395	nSX00229	61120	77.536	276	6	278	15876	15601	3.51e-56	208	69
FJ751934.1	395	nSX00229	61120	77.536	276	6	278	39434	39709	3.51e-56	208	69
FJ751934.1	395	nSX00229	61120	77.536	276	6	278	53677	53402	3.51e-56	208	69
MZ463745.1	387	nSX00230	60910	77.947	263	12	272	22016	21754	1.20e-55	206	67
MZ463746.1	387	nSX00230	60910	77.947	263	12	272	22016	21754	1.20e-55	206	67
MZ463747.1	387	nSX00230	60910	77.567	263	12	272	22016	21754	5.08e-54	202	67
MZ463748.1	387	nSX00230	60910	77.567	263	12	272	22016	21754	5.08e-54	202	67
MZ463749.1	391	nSX00230	60910	77.174	276	5	277	22029	21754	1.47e-54	204	70
MZ463750.1	392	nSX00230	60910	76.812	276	5	277	22029	21754	1.80e-53	199	70
MZ463751.1	393	nSX00230	60910	77.536	276	5	277	22029	21754	3.48e-56	208	69
MZ463752.1	394	nSX00230	60910	77.536	276	5	277	22029	21754	3.49e-56	208	69
MZ463753.1	394	nSX00230	60910	77.174	276	5	277	22029	21754	1.48e-54	204	69
MZ463754.1	394	nSX00230	60910	78.378	259	5	260	22029	21771	4.25e-55	205	65
MZ463755.1	394	nSX00230	60910	77.899	276	5	277	22029	21754	2.86e-57	213	69
MZ463756.1	394	nSX00230	60910	77.174	276	5	277	22029	21754	1.48e-54	204	69
MZ463757.1	394	nSX00230	60910	77.174	276	5	277	22029	21754	1.48e-54	204	69
MZ463758.1	394	nSX00230	60910	77.174	276	5	277	22029	21754	1.48e-54	204	69
MZ463759.1	410	nSX00230	60910	77.174	276	5	277	22029	21754	1.55e-54	204	67
FJ751925.1	394	nSX00230	60910	77.536	276	5	277	22029	21754	3.49e-56	208	69
FJ751926.1	395	nSX00230	60910	77.536	276	5	277	22029	21754	3.50e-56	208	69
FJ751927.1	395	nSX00230	60910	77.174	276	5	277	22029	21754	1.49e-54	204	69
FJ751930.1	395	nSX00230	60910	77.536	276	5	277	22029	21754	3.50e-56	208	69
FJ751933.1	396	nSX00230	60910	77.536	276	6	278	22029	21754	3.51e-56	208	69
FJ751934.1	395	nSX00230	60910	77.536	276	6	278	22029	21754	3.50e-56	208	69
MZ463745.1	387	nSX00233	60588	77.947	263	12	272	12223	11961	1.19e-55	206	67
MZ463745.1	387	nSX00233	60588	77.947	263	12	272	30166	29904	1.19e-55	206	67
MZ463746.1	387	nSX00233	60588	77.947	263	12	272	12223	11961	1.19e-55	206	67
MZ463746.1	387	nSX00233	60588	77.947	263	12	272	30166	29904	1.19e-55	206	67
MZ463747.1	387	nSX00233	60588	77.567	263	12	272	12223	11961	5.05e-54	202	67
MZ463747.1	387	nSX00233	60588	77.567	263	12	272	30166	29904	5.05e-54	202	67
MZ463748.1	387	nSX00233	60588	77.567	263	12	272	12223	11961	5.05e-54	202	67
MZ463748.1	387	nSX00233	60588	77.567	263	12	272	30166	29904	5.05e-54	202	67
MZ463749.1	391	nSX00233	60588	77.174	276	5	277	12236	11961	1.46e-54	204	70
MZ463749.1	391	nSX00233	60588	77.174	276	5	277	30179	29904	1.46e-54	204	70
MZ463750.1	392	nSX00233	60588	76.812	276	5	277	12236	11961	1.79e-53	199	70
MZ463750.1	392	nSX00233	60588	76.812	276	5	277	30179	29904	1.79e-53	199	70
MZ463751.1	393	nSX00233	60588	77.536	276	5	277	12236	11961	3.46e-56	208	69
MZ463751.1	393	nSX00233	60588	77.536	276	5	277	30179	29904	3.46e-56	208	69
MZ463752.1	394	nSX00233	60588	77.536	276	5	277	12236	11961	3.47e-56	208	69
MZ463752.1	394	nSX00233	60588	77.536	276	5	277	30179	29904	3.47e-56	208	69
MZ463753.1	394	nSX00233	60588	77.174	276	5	277	12236	11961	1.48e-54	204	69
MZ463753.1	394	nSX00233	60588	77.174	276	5	277	30179	29904	1.48e-54	204	69
MZ463754.1	394	nSX00233	60588	78.378	259	5	260	12236	11978	4.23e-55	205	65
MZ463754.1	394	nSX00233	60588	78.378	259	5	260	30179	29921	4.23e-55	205	65
MZ463755.1	394	nSX00233	60588	77.899	276	5	277	12236	11961	2.85e-57	213	69
MZ463755.1	394	nSX00233	60588	77.899	276	5	277	30179	29904	2.85e-57	213	69
MZ463756.1	394	nSX00233	60588	77.174	276	5	277	12236	11961	1.48e-54	204	69
MZ463756.1	394	nSX00233	60588	77.174	276	5	277	30179	29904	1.48e-54	204	69
MZ463757.1	394	nSX00233	60588	77.174	276	5	277	12236	11961	1.48e-54	204	69
MZ463757.1	394	nSX00233	60588	77.174	276	5	277	30179	29904	1.48e-54	204	69
MZ463758.1	394	nSX00233	60588	77.174	276	5	277	12236	11961	1.48e-54	204	69
MZ463758.1	394	nSX00233	60588	77.174	276	5	277	30179	29904	1.48e-54	204	69
MZ463759.1	410	nSX00233	60588	77.174	276	5	277	12236	11961	1.54e-54	204	67
MZ463759.1	410	nSX00233	60588	77.174	276	5	277	30179	29904	1.54e-54	204	67
FJ751925.1	394	nSX00233	60588	77.536	276	5	277	12236	11961	3.47e-56	208	69
FJ751925.1	394	nSX00233	60588	77.536	276	5	277	30179	29904	3.47e-56	208	69
FJ751926.1	395	nSX00233	60588	77.536	276	5	277	12236	11961	3.48e-56	208	69
FJ751926.1	395	nSX00233	60588	77.536	276	5	277	30179	29904	3.48e-56	208	69
FJ751927.1	395	nSX00233	60588	77.174	276	5	277	12236	11961	1.48e-54	204	69
FJ751927.1	395	nSX00233	60588	77.174	276	5	277	30179	29904	1.48e-54	204	69
FJ751930.1	395	nSX00233	60588	77.536	276	5	277	12236	11961	3.48e-56	208	69
FJ751930.1	395	nSX00233	60588	77.536	276	5	277	30179	29904	3.48e-56	208	69
FJ751933.1	396	nSX00233	60588	77.536	276	6	278	12236	11961	3.49e-56	208	69
FJ751933.1	396	nSX00233	60588	77.536	276	6	278	30179	29904	3.49e-56	208	69
FJ751934.1	395	nSX00233	60588	77.536	276	6	278	12236	11961	3.48e-56	208	69
FJ751934.1	395	nSX00233	60588	77.536	276	6	278	30179	29904	3.48e-56	208	69
MZ463745.1	387	nSX00239	60202	77.947	263	12	272	12195	12457	1.18e-55	206	67
MZ463745.1	387	nSX00239	60202	77.947	263	12	272	46659	46397	1.18e-55	206	67
MZ463746.1	387	nSX00239	60202	77.947	263	12	272	12195	12457	1.18e-55	206	67
MZ463746.1	387	nSX00239	60202	77.947	263	12	272	46659	46397	1.18e-55	206	67
MZ463747.1	387	nSX00239	60202	77.567	263	12	272	12195	12457	5.02e-54	202	67
MZ463747.1	387	nSX00239	60202	77.567	263	12	272	46659	46397	5.02e-54	202	67
MZ463748.1	387	nSX00239	60202	77.567	263	12	272	12195	12457	5.02e-54	202	67
MZ463748.1	387	nSX00239	60202	77.567	263	12	272	46659	46397	5.02e-54	202	67
MZ463749.1	391	nSX00239	60202	77.174	276	5	277	12182	12457	1.45e-54	204	70
MZ463749.1	391	nSX00239	60202	77.174	276	5	277	46672	46397	1.45e-54	204	70
MZ463750.1	392	nSX00239	60202	76.812	276	5	277	12182	12457	1.78e-53	199	70
MZ463750.1	392	nSX00239	60202	76.812	276	5	277	46672	46397	1.78e-53	199	70
MZ463751.1	393	nSX00239	60202	77.536	276	5	277	12182	12457	3.44e-56	208	69
MZ463751.1	393	nSX00239	60202	77.536	276	5	277	46672	46397	3.44e-56	208	69
MZ463752.1	394	nSX00239	60202	77.536	276	5	277	12182	12457	3.45e-56	208	69
MZ463752.1	394	nSX00239	60202	77.536	276	5	277	46672	46397	3.45e-56	208	69
MZ463753.1	394	nSX00239	60202	77.174	276	5	277	12182	12457	1.47e-54	204	69
MZ463753.1	394	nSX00239	60202	77.174	276	5	277	46672	46397	1.47e-54	204	69
MZ463754.1	394	nSX00239	60202	78.378	259	5	260	12182	12440	4.20e-55	205	65
MZ463754.1	394	nSX00239	60202	78.378	259	5	260	46672	46414	4.20e-55	205	65
MZ463755.1	394	nSX00239	60202	77.899	276	5	277	12182	12457	2.83e-57	213	69
MZ463755.1	394	nSX00239	60202	77.899	276	5	277	46672	46397	2.83e-57	213	69
MZ463756.1	394	nSX00239	60202	77.174	276	5	277	12182	12457	1.47e-54	204	69
MZ463756.1	394	nSX00239	60202	77.174	276	5	277	46672	46397	1.47e-54	204	69
MZ463757.1	394	nSX00239	60202	77.174	276	5	277	12182	12457	1.47e-54	204	69
MZ463757.1	394	nSX00239	60202	77.174	276	5	277	46672	46397	1.47e-54	204	69
MZ463758.1	394	nSX00239	60202	77.174	276	5	277	12182	12457	1.47e-54	204	69
MZ463758.1	394	nSX00239	60202	77.174	276	5	277	46672	46397	1.47e-54	204	69
MZ463759.1	410	nSX00239	60202	77.174	276	5	277	12182	12457	1.53e-54	204	67
MZ463759.1	410	nSX00239	60202	77.174	276	5	277	46672	46397	1.53e-54	204	67
FJ751925.1	394	nSX00239	60202	77.536	276	5	277	12182	12457	3.45e-56	208	69
FJ751925.1	394	nSX00239	60202	77.536	276	5	277	46672	46397	3.45e-56	208	69
FJ751926.1	395	nSX00239	60202	77.536	276	5	277	12182	12457	3.46e-56	208	69
FJ751926.1	395	nSX00239	60202	77.536	276	5	277	46672	46397	3.46e-56	208	69
FJ751927.1	395	nSX00239	60202	77.174	276	5	277	12182	12457	1.47e-54	204	69
FJ751927.1	395	nSX00239	60202	77.174	276	5	277	46672	46397	1.47e-54	204	69
FJ751930.1	395	nSX00239	60202	77.536	276	5	277	12182	12457	3.46e-56	208	69
FJ751930.1	395	nSX00239	60202	77.536	276	5	277	46672	46397	3.46e-56	208	69
FJ751933.1	396	nSX00239	60202	77.536	276	6	278	12182	12457	3.47e-56	208	69
FJ751933.1	396	nSX00239	60202	77.536	276	6	278	46672	46397	3.47e-56	208	69
FJ751934.1	395	nSX00239	60202	77.536	276	6	278	12182	12457	3.46e-56	208	69
FJ751934.1	395	nSX00239	60202	77.536	276	6	278	46672	46397	3.46e-56	208	69
MZ463745.1	387	nSX00242	59492	77.947	263	12	272	18188	17926	1.17e-55	206	67
MZ463746.1	387	nSX00242	59492	77.947	263	12	272	18188	17926	1.17e-55	206	67
MZ463747.1	387	nSX00242	59492	77.567	263	12	272	18188	17926	4.96e-54	202	67
MZ463748.1	387	nSX00242	59492	77.567	263	12	272	18188	17926	4.96e-54	202	67
MZ463749.1	391	nSX00242	59492	77.174	276	5	277	18201	17926	1.44e-54	204	70
MZ463750.1	392	nSX00242	59492	76.812	276	5	277	18201	17926	1.76e-53	199	70
MZ463751.1	393	nSX00242	59492	77.536	276	5	277	18201	17926	3.40e-56	208	69
MZ463752.1	394	nSX00242	59492	77.536	276	5	277	18201	17926	3.41e-56	208	69
MZ463753.1	394	nSX00242	59492	77.174	276	5	277	18201	17926	1.45e-54	204	69
MZ463754.1	394	nSX00242	59492	78.378	259	5	260	18201	17943	4.15e-55	205	65
MZ463755.1	394	nSX00242	59492	77.899	276	5	277	18201	17926	2.80e-57	213	69
MZ463756.1	394	nSX00242	59492	77.174	276	5	277	18201	17926	1.45e-54	204	69
MZ463757.1	394	nSX00242	59492	77.174	276	5	277	18201	17926	1.45e-54	204	69
MZ463758.1	394	nSX00242	59492	77.174	276	5	277	18201	17926	1.45e-54	204	69
MZ463759.1	410	nSX00242	59492	77.174	276	5	277	18201	17926	1.51e-54	204	67
FJ751925.1	394	nSX00242	59492	77.536	276	5	277	18201	17926	3.41e-56	208	69
FJ751926.1	395	nSX00242	59492	77.536	276	5	277	18201	17926	3.42e-56	208	69
FJ751927.1	395	nSX00242	59492	77.174	276	5	277	18201	17926	1.45e-54	204	69
FJ751930.1	395	nSX00242	59492	77.536	276	5	277	18201	17926	3.42e-56	208	69
FJ751933.1	396	nSX00242	59492	77.536	276	6	278	18201	17926	3.43e-56	208	69
FJ751934.1	395	nSX00242	59492	77.536	276	6	278	18201	17926	3.42e-56	208	69
MZ463745.1	387	nSX00252	57939	77.947	263	12	272	20681	20943	1.14e-55	206	67
MZ463745.1	387	nSX00252	57939	77.947	263	12	272	55142	54880	1.14e-55	206	67
MZ463746.1	387	nSX00252	57939	77.947	263	12	272	20681	20943	1.14e-55	206	67
MZ463746.1	387	nSX00252	57939	77.947	263	12	272	55142	54880	1.14e-55	206	67
MZ463747.1	387	nSX00252	57939	77.567	263	12	272	20681	20943	4.83e-54	202	67
MZ463747.1	387	nSX00252	57939	77.567	263	12	272	55142	54880	4.83e-54	202	67
MZ463748.1	387	nSX00252	57939	77.567	263	12	272	20681	20943	4.83e-54	202	67
MZ463748.1	387	nSX00252	57939	77.567	263	12	272	55142	54880	4.83e-54	202	67
MZ463749.1	391	nSX00252	57939	77.174	276	5	277	20668	20943	1.40e-54	204	70
MZ463749.1	391	nSX00252	57939	77.174	276	5	277	55155	54880	1.40e-54	204	70
MZ463750.1	392	nSX00252	57939	76.812	276	5	277	20668	20943	1.71e-53	199	70
MZ463750.1	392	nSX00252	57939	76.812	276	5	277	55155	54880	1.71e-53	199	70
MZ463751.1	393	nSX00252	57939	77.536	276	5	277	20668	20943	3.31e-56	208	69
MZ463751.1	393	nSX00252	57939	77.536	276	5	277	55155	54880	3.31e-56	208	69
MZ463752.1	394	nSX00252	57939	77.536	276	5	277	20668	20943	3.32e-56	208	69
MZ463752.1	394	nSX00252	57939	77.536	276	5	277	55155	54880	3.32e-56	208	69
MZ463753.1	394	nSX00252	57939	77.174	276	5	277	20668	20943	1.41e-54	204	69
MZ463753.1	394	nSX00252	57939	77.174	276	5	277	55155	54880	1.41e-54	204	69
MZ463754.1	394	nSX00252	57939	78.378	259	5	260	20668	20926	4.04e-55	205	65
MZ463754.1	394	nSX00252	57939	78.378	259	5	260	55155	54897	4.04e-55	205	65
MZ463755.1	394	nSX00252	57939	77.899	276	5	277	20668	20943	2.72e-57	213	69
MZ463755.1	394	nSX00252	57939	77.899	276	5	277	55155	54880	2.72e-57	213	69
MZ463756.1	394	nSX00252	57939	77.174	276	5	277	20668	20943	1.41e-54	204	69
MZ463756.1	394	nSX00252	57939	77.174	276	5	277	55155	54880	1.41e-54	204	69
MZ463757.1	394	nSX00252	57939	77.174	276	5	277	20668	20943	1.41e-54	204	69
MZ463757.1	394	nSX00252	57939	77.174	276	5	277	55155	54880	1.41e-54	204	69
MZ463758.1	394	nSX00252	57939	77.174	276	5	277	20668	20943	1.41e-54	204	69
MZ463758.1	394	nSX00252	57939	77.174	276	5	277	55155	54880	1.41e-54	204	69
MZ463759.1	410	nSX00252	57939	77.174	276	5	277	20668	20943	1.47e-54	204	67
MZ463759.1	410	nSX00252	57939	77.174	276	5	277	55155	54880	1.47e-54	204	67
FJ751925.1	394	nSX00252	57939	77.536	276	5	277	20668	20943	3.32e-56	208	69
FJ751925.1	394	nSX00252	57939	77.536	276	5	277	55155	54880	3.32e-56	208	69
FJ751926.1	395	nSX00252	57939	77.536	276	5	277	20668	20943	3.33e-56	208	69
FJ751926.1	395	nSX00252	57939	77.536	276	5	277	55155	54880	3.33e-56	208	69
FJ751927.1	395	nSX00252	57939	77.174	276	5	277	20668	20943	1.41e-54	204	69
FJ751927.1	395	nSX00252	57939	77.174	276	5	277	55155	54880	1.41e-54	204	69
FJ751930.1	395	nSX00252	57939	77.536	276	5	277	20668	20943	3.33e-56	208	69
FJ751930.1	395	nSX00252	57939	77.536	276	5	277	55155	54880	3.33e-56	208	69
FJ751933.1	396	nSX00252	57939	77.536	276	6	278	20668	20943	3.34e-56	208	69
FJ751933.1	396	nSX00252	57939	77.536	276	6	278	55155	54880	3.34e-56	208	69
FJ751934.1	395	nSX00252	57939	77.536	276	6	278	20668	20943	3.33e-56	208	69
FJ751934.1	395	nSX00252	57939	77.536	276	6	278	55155	54880	3.33e-56	208	69
MZ463745.1	387	nSX00258	57138	77.947	263	12	272	3695	3433	1.12e-55	206	67
MZ463746.1	387	nSX00258	57138	77.947	263	12	272	3695	3433	1.12e-55	206	67
MZ463747.1	387	nSX00258	57138	77.567	263	12	272	3695	3433	4.77e-54	202	67
MZ463748.1	387	nSX00258	57138	77.567	263	12	272	3695	3433	4.77e-54	202	67
MZ463749.1	391	nSX00258	57138	77.174	276	5	277	3708	3433	1.38e-54	204	70
MZ463750.1	392	nSX00258	57138	76.812	276	5	277	3708	3433	1.69e-53	199	70
MZ463751.1	393	nSX00258	57138	77.536	276	5	277	3708	3433	3.26e-56	208	69
MZ463752.1	394	nSX00258	57138	77.536	276	5	277	3708	3433	3.27e-56	208	69
MZ463753.1	394	nSX00258	57138	77.174	276	5	277	3708	3433	1.39e-54	204	69
MZ463754.1	394	nSX00258	57138	78.378	259	5	260	3708	3450	3.99e-55	205	65
MZ463755.1	394	nSX00258	57138	77.899	276	5	277	3708	3433	2.69e-57	213	69
MZ463756.1	394	nSX00258	57138	77.174	276	5	277	3708	3433	1.39e-54	204	69
MZ463757.1	394	nSX00258	57138	77.174	276	5	277	3708	3433	1.39e-54	204	69
MZ463758.1	394	nSX00258	57138	77.174	276	5	277	3708	3433	1.39e-54	204	69
MZ463759.1	410	nSX00258	57138	77.174	276	5	277	3708	3433	1.45e-54	204	67
FJ751925.1	394	nSX00258	57138	77.536	276	5	277	3708	3433	3.27e-56	208	69
FJ751926.1	395	nSX00258	57138	77.536	276	5	277	3708	3433	3.28e-56	208	69
FJ751927.1	395	nSX00258	57138	77.174	276	5	277	3708	3433	1.40e-54	204	69
FJ751930.1	395	nSX00258	57138	77.536	276	5	277	3708	3433	3.28e-56	208	69
FJ751933.1	396	nSX00258	57138	77.536	276	6	278	3708	3433	3.29e-56	208	69
FJ751934.1	395	nSX00258	57138	77.536	276	6	278	3708	3433	3.28e-56	208	69
MZ463745.1	387	nSX00262	56111	77.947	263	12	272	6341	6079	1.10e-55	206	67
MZ463746.1	387	nSX00262	56111	77.947	263	12	272	6341	6079	1.10e-55	206	67
MZ463747.1	387	nSX00262	56111	77.567	263	12	272	6341	6079	4.68e-54	202	67
MZ463748.1	387	nSX00262	56111	77.567	263	12	272	6341	6079	4.68e-54	202	67
MZ463749.1	391	nSX00262	56111	77.174	276	5	277	6354	6079	1.36e-54	204	70
MZ463750.1	392	nSX00262	56111	76.812	276	5	277	6354	6079	1.66e-53	199	70
MZ463751.1	393	nSX00262	56111	77.536	276	5	277	6354	6079	3.21e-56	208	69
MZ463752.1	394	nSX00262	56111	77.536	276	5	277	6354	6079	3.21e-56	208	69
MZ463753.1	394	nSX00262	56111	77.174	276	5	277	6354	6079	1.37e-54	204	69
MZ463754.1	394	nSX00262	56111	78.378	259	5	260	6354	6096	3.92e-55	205	65
MZ463755.1	394	nSX00262	56111	77.899	276	5	277	6354	6079	2.64e-57	213	69
MZ463756.1	394	nSX00262	56111	77.174	276	5	277	6354	6079	1.37e-54	204	69
MZ463757.1	394	nSX00262	56111	77.174	276	5	277	6354	6079	1.37e-54	204	69
MZ463758.1	394	nSX00262	56111	77.174	276	5	277	6354	6079	1.37e-54	204	69
MZ463759.1	410	nSX00262	56111	77.174	276	5	277	6354	6079	1.42e-54	204	67
FJ751925.1	394	nSX00262	56111	77.536	276	5	277	6354	6079	3.21e-56	208	69
FJ751926.1	395	nSX00262	56111	77.536	276	5	277	6354	6079	3.22e-56	208	69
FJ751927.1	395	nSX00262	56111	77.174	276	5	277	6354	6079	1.37e-54	204	69
FJ751930.1	395	nSX00262	56111	77.536	276	5	277	6354	6079	3.22e-56	208	69
FJ751933.1	396	nSX00262	56111	77.536	276	6	278	6354	6079	3.23e-56	208	69
FJ751934.1	395	nSX00262	56111	77.536	276	6	278	6354	6079	3.22e-56	208	69
MZ463745.1	387	nSX00263	55994	77.947	263	12	272	55420	55682	1.10e-55	206	67
MZ463746.1	387	nSX00263	55994	77.947	263	12	272	55420	55682	1.10e-55	206	67
MZ463747.1	387	nSX00263	55994	77.567	263	12	272	55420	55682	4.67e-54	202	67
MZ463748.1	387	nSX00263	55994	77.567	263	12	272	55420	55682	4.67e-54	202	67
MZ463749.1	391	nSX00263	55994	77.174	276	5	277	55407	55682	1.35e-54	204	70
MZ463750.1	392	nSX00263	55994	76.812	276	5	277	55407	55682	1.65e-53	199	70
MZ463751.1	393	nSX00263	55994	77.536	276	5	277	55407	55682	3.20e-56	208	69
MZ463752.1	394	nSX00263	55994	77.536	276	5	277	55407	55682	3.21e-56	208	69
MZ463753.1	394	nSX00263	55994	77.174	276	5	277	55407	55682	1.36e-54	204	69
MZ463754.1	394	nSX00263	55994	78.378	259	5	260	55407	55665	3.91e-55	205	65
MZ463755.1	394	nSX00263	55994	77.899	276	5	277	55407	55682	2.63e-57	213	69
MZ463756.1	394	nSX00263	55994	77.174	276	5	277	55407	55682	1.36e-54	204	69
MZ463757.1	394	nSX00263	55994	77.174	276	5	277	55407	55682	1.36e-54	204	69
MZ463758.1	394	nSX00263	55994	77.174	276	5	277	55407	55682	1.36e-54	204	69
MZ463759.1	410	nSX00263	55994	77.174	276	5	277	55407	55682	1.42e-54	204	67
FJ751925.1	394	nSX00263	55994	77.536	276	5	277	55407	55682	3.21e-56	208	69
FJ751926.1	395	nSX00263	55994	77.536	276	5	277	55407	55682	3.22e-56	208	69
FJ751927.1	395	nSX00263	55994	77.174	276	5	277	55407	55682	1.37e-54	204	69
FJ751930.1	395	nSX00263	55994	77.536	276	5	277	55407	55682	3.22e-56	208	69
FJ751933.1	396	nSX00263	55994	77.536	276	6	278	55407	55682	3.22e-56	208	69
FJ751934.1	395	nSX00263	55994	77.536	276	6	278	55407	55682	3.22e-56	208	69
MZ463745.1	387	nSX00267	55766	77.947	263	12	272	26678	26940	1.09e-55	206	67
MZ463746.1	387	nSX00267	55766	77.947	263	12	272	26678	26940	1.09e-55	206	67
MZ463747.1	387	nSX00267	55766	77.567	263	12	272	26678	26940	4.65e-54	202	67
MZ463748.1	387	nSX00267	55766	77.567	263	12	272	26678	26940	4.65e-54	202	67
MZ463749.1	391	nSX00267	55766	77.174	276	5	277	26665	26940	1.35e-54	204	70
MZ463750.1	392	nSX00267	55766	76.812	276	5	277	26665	26940	1.65e-53	199	70
MZ463751.1	393	nSX00267	55766	77.536	276	5	277	26665	26940	3.19e-56	208	69
MZ463752.1	394	nSX00267	55766	77.536	276	5	277	26665	26940	3.19e-56	208	69
MZ463753.1	394	nSX00267	55766	77.174	276	5	277	26665	26940	1.36e-54	204	69
MZ463754.1	394	nSX00267	55766	78.378	259	5	260	26665	26923	3.89e-55	205	65
MZ463755.1	394	nSX00267	55766	77.899	276	5	277	26665	26940	2.62e-57	213	69
MZ463756.1	394	nSX00267	55766	77.174	276	5	277	26665	26940	1.36e-54	204	69
MZ463757.1	394	nSX00267	55766	77.174	276	5	277	26665	26940	1.36e-54	204	69
MZ463758.1	394	nSX00267	55766	77.174	276	5	277	26665	26940	1.36e-54	204	69
MZ463759.1	410	nSX00267	55766	77.174	276	5	277	26665	26940	1.42e-54	204	67
FJ751925.1	394	nSX00267	55766	77.536	276	5	277	26665	26940	3.19e-56	208	69
FJ751926.1	395	nSX00267	55766	77.536	276	5	277	26665	26940	3.20e-56	208	69
FJ751927.1	395	nSX00267	55766	77.174	276	5	277	26665	26940	1.36e-54	204	69
FJ751930.1	395	nSX00267	55766	77.536	276	5	277	26665	26940	3.20e-56	208	69
FJ751933.1	396	nSX00267	55766	77.536	276	6	278	26665	26940	3.21e-56	208	69
FJ751934.1	395	nSX00267	55766	77.536	276	6	278	26665	26940	3.20e-56	208	69
MZ463745.1	387	nSX00268	55687	77.947	263	12	272	54101	54363	1.09e-55	206	67
MZ463746.1	387	nSX00268	55687	77.947	263	12	272	54101	54363	1.09e-55	206	67
MZ463747.1	387	nSX00268	55687	77.567	263	12	272	54101	54363	4.65e-54	202	67
MZ463748.1	387	nSX00268	55687	77.567	263	12	272	54101	54363	4.65e-54	202	67
MZ463749.1	391	nSX00268	55687	77.174	276	5	277	54088	54363	1.35e-54	204	70
MZ463750.1	392	nSX00268	55687	76.812	276	5	277	54088	54363	1.64e-53	199	70
MZ463751.1	393	nSX00268	55687	77.536	276	5	277	54088	54363	3.18e-56	208	69
MZ463752.1	394	nSX00268	55687	77.536	276	5	277	54088	54363	3.19e-56	208	69
MZ463753.1	394	nSX00268	55687	77.174	276	5	277	54088	54363	1.36e-54	204	69
MZ463754.1	394	nSX00268	55687	78.378	259	5	260	54088	54346	3.89e-55	205	65
MZ463755.1	394	nSX00268	55687	77.899	276	5	277	54088	54363	2.62e-57	213	69
MZ463756.1	394	nSX00268	55687	77.174	276	5	277	54088	54363	1.36e-54	204	69
MZ463757.1	394	nSX00268	55687	77.174	276	5	277	54088	54363	1.36e-54	204	69
MZ463758.1	394	nSX00268	55687	77.174	276	5	277	54088	54363	1.36e-54	204	69
MZ463759.1	410	nSX00268	55687	77.174	276	5	277	54088	54363	1.41e-54	204	67
FJ751925.1	394	nSX00268	55687	77.536	276	5	277	54088	54363	3.19e-56	208	69
FJ751926.1	395	nSX00268	55687	77.536	276	5	277	54088	54363	3.20e-56	208	69
FJ751927.1	395	nSX00268	55687	77.174	276	5	277	54088	54363	1.36e-54	204	69
FJ751930.1	395	nSX00268	55687	77.536	276	5	277	54088	54363	3.20e-56	208	69
FJ751933.1	396	nSX00268	55687	77.536	276	6	278	54088	54363	3.21e-56	208	69
FJ751934.1	395	nSX00268	55687	77.536	276	6	278	54088	54363	3.20e-56	208	69
MZ463745.1	387	nSX00272	55312	77.947	263	12	272	23804	23542	1.09e-55	206	67
MZ463746.1	387	nSX00272	55312	77.947	263	12	272	23804	23542	1.09e-55	206	67
MZ463747.1	387	nSX00272	55312	77.567	263	12	272	23804	23542	4.61e-54	202	67
MZ463748.1	387	nSX00272	55312	77.567	263	12	272	23804	23542	4.61e-54	202	67
MZ463749.1	391	nSX00272	55312	77.174	276	5	277	23817	23542	1.34e-54	204	70
MZ463750.1	392	nSX00272	55312	76.812	276	5	277	23817	23542	1.63e-53	199	70
MZ463751.1	393	nSX00272	55312	77.536	276	5	277	23817	23542	3.16e-56	208	69
MZ463752.1	394	nSX00272	55312	77.536	276	5	277	23817	23542	3.17e-56	208	69
MZ463753.1	394	nSX00272	55312	77.174	276	5	277	23817	23542	1.35e-54	204	69
MZ463754.1	394	nSX00272	55312	78.378	259	5	260	23817	23559	3.86e-55	205	65
MZ463755.1	394	nSX00272	55312	77.899	276	5	277	23817	23542	2.60e-57	213	69
MZ463756.1	394	nSX00272	55312	77.174	276	5	277	23817	23542	1.35e-54	204	69
MZ463757.1	394	nSX00272	55312	77.174	276	5	277	23817	23542	1.35e-54	204	69
MZ463758.1	394	nSX00272	55312	77.174	276	5	277	23817	23542	1.35e-54	204	69
MZ463759.1	410	nSX00272	55312	77.174	276	5	277	23817	23542	1.40e-54	204	67
FJ751925.1	394	nSX00272	55312	77.536	276	5	277	23817	23542	3.17e-56	208	69
FJ751926.1	395	nSX00272	55312	77.536	276	5	277	23817	23542	3.18e-56	208	69
FJ751927.1	395	nSX00272	55312	77.174	276	5	277	23817	23542	1.35e-54	204	69
FJ751930.1	395	nSX00272	55312	77.536	276	5	277	23817	23542	3.18e-56	208	69
FJ751933.1	396	nSX00272	55312	77.536	276	6	278	23817	23542	3.19e-56	208	69
FJ751934.1	395	nSX00272	55312	77.536	276	6	278	23817	23542	3.18e-56	208	69
MZ463745.1	387	nSX00273	55133	78.862	246	12	255	24696	24941	1.32e-54	203	63
MZ463746.1	387	nSX00273	55133	78.862	246	12	255	24696	24941	1.32e-54	203	63
MZ463747.1	387	nSX00273	55133	78.455	246	12	255	24696	24941	5.60e-53	198	63
MZ463748.1	387	nSX00273	55133	78.455	246	12	255	24696	24941	5.60e-53	198	63
MZ463749.1	391	nSX00273	55133	77.992	259	5	260	24683	24941	1.62e-53	200	65
MZ463750.1	392	nSX00273	55133	77.606	259	5	260	24683	24941	1.98e-52	196	65
MZ463751.1	393	nSX00273	55133	78.378	259	5	260	24683	24941	3.84e-55	205	65
MZ463752.1	394	nSX00273	55133	78.378	259	5	260	24683	24941	3.85e-55	205	65
MZ463753.1	394	nSX00273	55133	77.992	259	5	260	24683	24941	1.64e-53	200	65
MZ463754.1	394	nSX00273	55133	78.378	259	5	260	24683	24941	3.85e-55	205	65
MZ463755.1	394	nSX00273	55133	78.764	259	5	260	24683	24941	3.16e-56	209	65
MZ463756.1	394	nSX00273	55133	78.571	252	5	253	24683	24934	4.69e-54	201	63
MZ463757.1	394	nSX00273	55133	77.992	259	5	260	24683	24941	1.64e-53	200	65
MZ463758.1	394	nSX00273	55133	77.992	259	5	260	24683	24941	1.64e-53	200	65
MZ463759.1	410	nSX00273	55133	77.992	259	5	260	24683	24941	1.71e-53	200	62
FJ751925.1	394	nSX00273	55133	78.378	259	5	260	24683	24941	3.85e-55	205	65
FJ751926.1	395	nSX00273	55133	78.378	259	5	260	24683	24941	3.86e-55	205	65
FJ751927.1	395	nSX00273	55133	77.992	259	5	260	24683	24941	1.64e-53	200	65
FJ751930.1	395	nSX00273	55133	78.378	259	5	260	24683	24941	3.86e-55	205	65
FJ751933.1	396	nSX00273	55133	78.378	259	6	261	24683	24941	3.87e-55	205	65
FJ751934.1	395	nSX00273	55133	78.378	259	6	261	24683	24941	3.86e-55	205	65
MZ463745.1	387	nSX00281	53835	77.947	263	12	272	28033	28295	1.06e-55	206	67
MZ463746.1	387	nSX00281	53835	77.947	263	12	272	28033	28295	1.06e-55	206	67
MZ463747.1	387	nSX00281	53835	77.567	263	12	272	28033	28295	4.49e-54	202	67
MZ463748.1	387	nSX00281	53835	77.567	263	12	272	28033	28295	4.49e-54	202	67
MZ463749.1	391	nSX00281	53835	77.174	276	5	277	28020	28295	1.30e-54	204	70
MZ463750.1	392	nSX00281	53835	76.812	276	5	277	28020	28295	1.59e-53	199	70
MZ463751.1	393	nSX00281	53835	77.536	276	5	277	28020	28295	3.08e-56	208	69
MZ463752.1	394	nSX00281	53835	77.536	276	5	277	28020	28295	3.08e-56	208	69
MZ463753.1	394	nSX00281	53835	77.174	276	5	277	28020	28295	1.31e-54	204	69
MZ463754.1	394	nSX00281	53835	78.378	259	5	260	28020	28278	3.76e-55	205	65
MZ463755.1	394	nSX00281	53835	77.899	276	5	277	28020	28295	2.53e-57	213	69
MZ463756.1	394	nSX00281	53835	77.174	276	5	277	28020	28295	1.31e-54	204	69
MZ463757.1	394	nSX00281	53835	77.174	276	5	277	28020	28295	1.31e-54	204	69
MZ463758.1	394	nSX00281	53835	77.174	276	5	277	28020	28295	1.31e-54	204	69
MZ463759.1	410	nSX00281	53835	77.174	276	5	277	28020	28295	1.37e-54	204	67
FJ751925.1	394	nSX00281	53835	77.536	276	5	277	28020	28295	3.08e-56	208	69
FJ751926.1	395	nSX00281	53835	77.536	276	5	277	28020	28295	3.09e-56	208	69
FJ751927.1	395	nSX00281	53835	77.174	276	5	277	28020	28295	1.31e-54	204	69
FJ751930.1	395	nSX00281	53835	77.536	276	5	277	28020	28295	3.09e-56	208	69
FJ751933.1	396	nSX00281	53835	77.536	276	6	278	28020	28295	3.10e-56	208	69
FJ751934.1	395	nSX00281	53835	77.536	276	6	278	28020	28295	3.09e-56	208	69
MZ463745.1	387	nSX00282	53528	77.947	263	12	272	17538	17800	1.05e-55	206	67
MZ463745.1	387	nSX00282	53528	77.947	263	12	272	52001	51739	1.05e-55	206	67
MZ463746.1	387	nSX00282	53528	77.947	263	12	272	17538	17800	1.05e-55	206	67
MZ463746.1	387	nSX00282	53528	77.947	263	12	272	52001	51739	1.05e-55	206	67
MZ463747.1	387	nSX00282	53528	77.567	263	12	272	17538	17800	4.47e-54	202	67
MZ463747.1	387	nSX00282	53528	77.567	263	12	272	52001	51739	4.47e-54	202	67
MZ463748.1	387	nSX00282	53528	77.567	263	12	272	17538	17800	4.47e-54	202	67
MZ463748.1	387	nSX00282	53528	77.567	263	12	272	52001	51739	4.47e-54	202	67
MZ463749.1	391	nSX00282	53528	77.174	276	5	277	17525	17800	1.29e-54	204	70
MZ463749.1	391	nSX00282	53528	77.174	276	5	277	52014	51739	1.29e-54	204	70
MZ463750.1	392	nSX00282	53528	76.812	276	5	277	17525	17800	1.58e-53	199	70
MZ463750.1	392	nSX00282	53528	76.812	276	5	277	52014	51739	1.58e-53	199	70
MZ463751.1	393	nSX00282	53528	77.536	276	5	277	17525	17800	3.06e-56	208	69
MZ463751.1	393	nSX00282	53528	77.536	276	5	277	52014	51739	3.06e-56	208	69
MZ463752.1	394	nSX00282	53528	77.536	276	5	277	17525	17800	3.07e-56	208	69
MZ463752.1	394	nSX00282	53528	77.536	276	5	277	52014	51739	3.07e-56	208	69
MZ463753.1	394	nSX00282	53528	77.174	276	5	277	17525	17800	1.30e-54	204	69
MZ463753.1	394	nSX00282	53528	77.174	276	5	277	52014	51739	1.30e-54	204	69
MZ463754.1	394	nSX00282	53528	78.378	259	5	260	17525	17783	3.74e-55	205	65
MZ463754.1	394	nSX00282	53528	78.378	259	5	260	52014	51756	3.74e-55	205	65
MZ463755.1	394	nSX00282	53528	77.899	276	5	277	17525	17800	2.52e-57	213	69
MZ463755.1	394	nSX00282	53528	77.899	276	5	277	52014	51739	2.52e-57	213	69
MZ463756.1	394	nSX00282	53528	77.174	276	5	277	17525	17800	1.30e-54	204	69
MZ463756.1	394	nSX00282	53528	77.174	276	5	277	52014	51739	1.30e-54	204	69
MZ463757.1	394	nSX00282	53528	77.174	276	5	277	17525	17800	1.30e-54	204	69
MZ463757.1	394	nSX00282	53528	77.174	276	5	277	52014	51739	1.30e-54	204	69
MZ463758.1	394	nSX00282	53528	77.174	276	5	277	17525	17800	1.30e-54	204	69
MZ463758.1	394	nSX00282	53528	77.174	276	5	277	52014	51739	1.30e-54	204	69
MZ463759.1	410	nSX00282	53528	77.174	276	5	277	17525	17800	1.36e-54	204	67
MZ463759.1	410	nSX00282	53528	77.174	276	5	277	52014	51739	1.36e-54	204	67
FJ751925.1	394	nSX00282	53528	77.536	276	5	277	17525	17800	3.07e-56	208	69
FJ751925.1	394	nSX00282	53528	77.536	276	5	277	52014	51739	3.07e-56	208	69
FJ751926.1	395	nSX00282	53528	77.536	276	5	277	17525	17800	3.07e-56	208	69
FJ751926.1	395	nSX00282	53528	77.536	276	5	277	52014	51739	3.07e-56	208	69
FJ751927.1	395	nSX00282	53528	77.174	276	5	277	17525	17800	1.31e-54	204	69
FJ751927.1	395	nSX00282	53528	77.174	276	5	277	52014	51739	1.31e-54	204	69
FJ751930.1	395	nSX00282	53528	77.536	276	5	277	17525	17800	3.07e-56	208	69
FJ751930.1	395	nSX00282	53528	77.536	276	5	277	52014	51739	3.07e-56	208	69
FJ751933.1	396	nSX00282	53528	77.536	276	6	278	17525	17800	3.08e-56	208	69
FJ751933.1	396	nSX00282	53528	77.536	276	6	278	52014	51739	3.08e-56	208	69
FJ751934.1	395	nSX00282	53528	77.536	276	6	278	17525	17800	3.07e-56	208	69
FJ751934.1	395	nSX00282	53528	77.536	276	6	278	52014	51739	3.07e-56	208	69
MZ463745.1	387	nSX00286	52543	77.947	263	12	272	4423	4161	1.03e-55	206	67
MZ463746.1	387	nSX00286	52543	77.947	263	12	272	4423	4161	1.03e-55	206	67
MZ463747.1	387	nSX00286	52543	77.567	263	12	272	4423	4161	4.38e-54	202	67
MZ463748.1	387	nSX00286	52543	77.567	263	12	272	4423	4161	4.38e-54	202	67
MZ463749.1	391	nSX00286	52543	77.174	276	5	277	4436	4161	1.27e-54	204	70
MZ463750.1	392	nSX00286	52543	76.812	276	5	277	4436	4161	1.55e-53	199	70
MZ463751.1	393	nSX00286	52543	77.536	276	5	277	4436	4161	3.00e-56	208	69
MZ463752.1	394	nSX00286	52543	77.536	276	5	277	4436	4161	3.01e-56	208	69
MZ463753.1	394	nSX00286	52543	77.174	276	5	277	4436	4161	1.28e-54	204	69
MZ463754.1	394	nSX00286	52543	78.378	259	5	260	4436	4178	3.67e-55	205	65
MZ463755.1	394	nSX00286	52543	77.899	276	5	277	4436	4161	2.47e-57	213	69
MZ463756.1	394	nSX00286	52543	77.174	276	5	277	4436	4161	1.28e-54	204	69
MZ463757.1	394	nSX00286	52543	77.174	276	5	277	4436	4161	1.28e-54	204	69
MZ463758.1	394	nSX00286	52543	77.174	276	5	277	4436	4161	1.28e-54	204	69
MZ463759.1	410	nSX00286	52543	77.174	276	5	277	4436	4161	1.33e-54	204	67
FJ751925.1	394	nSX00286	52543	77.536	276	5	277	4436	4161	3.01e-56	208	69
FJ751926.1	395	nSX00286	52543	77.536	276	5	277	4436	4161	3.02e-56	208	69
FJ751927.1	395	nSX00286	52543	77.174	276	5	277	4436	4161	1.28e-54	204	69
FJ751930.1	395	nSX00286	52543	77.536	276	5	277	4436	4161	3.02e-56	208	69
FJ751933.1	396	nSX00286	52543	77.536	276	6	278	4436	4161	3.03e-56	208	69
FJ751934.1	395	nSX00286	52543	77.536	276	6	278	4436	4161	3.02e-56	208	69
MZ463745.1	387	nSX00293	51727	77.947	263	12	272	1097	1359	1.01e-55	206	67
MZ463745.1	387	nSX00293	51727	77.947	263	12	272	48541	48279	1.01e-55	206	67
MZ463746.1	387	nSX00293	51727	77.947	263	12	272	1097	1359	1.01e-55	206	67
MZ463746.1	387	nSX00293	51727	77.947	263	12	272	48541	48279	1.01e-55	206	67
MZ463747.1	387	nSX00293	51727	77.567	263	12	272	1097	1359	4.32e-54	202	67
MZ463747.1	387	nSX00293	51727	77.567	263	12	272	48541	48279	4.32e-54	202	67
MZ463748.1	387	nSX00293	51727	77.567	263	12	272	1097	1359	4.32e-54	202	67
MZ463748.1	387	nSX00293	51727	77.567	263	12	272	48541	48279	4.32e-54	202	67
MZ463749.1	391	nSX00293	51727	77.174	276	5	277	1084	1359	1.25e-54	204	70
MZ463749.1	391	nSX00293	51727	77.174	276	5	277	48554	48279	1.25e-54	204	70
MZ463750.1	392	nSX00293	51727	76.812	276	5	277	1084	1359	1.53e-53	199	70
MZ463750.1	392	nSX00293	51727	76.812	276	5	277	48554	48279	1.53e-53	199	70
MZ463751.1	393	nSX00293	51727	77.536	276	5	277	1084	1359	2.95e-56	208	69
MZ463751.1	393	nSX00293	51727	77.536	276	5	277	48554	48279	2.95e-56	208	69
MZ463752.1	394	nSX00293	51727	77.536	276	5	277	1084	1359	2.96e-56	208	69
MZ463752.1	394	nSX00293	51727	77.536	276	5	277	48554	48279	2.96e-56	208	69
MZ463753.1	394	nSX00293	51727	77.174	276	5	277	1084	1359	1.26e-54	204	69
MZ463753.1	394	nSX00293	51727	77.174	276	5	277	48554	48279	1.26e-54	204	69
MZ463754.1	394	nSX00293	51727	78.378	259	5	260	1084	1342	3.61e-55	205	65
MZ463754.1	394	nSX00293	51727	78.378	259	5	260	48554	48296	3.61e-55	205	65
MZ463755.1	394	nSX00293	51727	77.899	276	5	277	1084	1359	2.43e-57	213	69
MZ463755.1	394	nSX00293	51727	77.899	276	5	277	48554	48279	2.43e-57	213	69
MZ463756.1	394	nSX00293	51727	77.174	276	5	277	1084	1359	1.26e-54	204	69
MZ463756.1	394	nSX00293	51727	77.174	276	5	277	48554	48279	1.26e-54	204	69
MZ463757.1	394	nSX00293	51727	77.174	276	5	277	1084	1359	1.26e-54	204	69
MZ463757.1	394	nSX00293	51727	77.174	276	5	277	48554	48279	1.26e-54	204	69
MZ463758.1	394	nSX00293	51727	77.174	276	5	277	1084	1359	1.26e-54	204	69
MZ463758.1	394	nSX00293	51727	77.174	276	5	277	48554	48279	1.26e-54	204	69
MZ463759.1	410	nSX00293	51727	77.174	276	5	277	1084	1359	1.31e-54	204	67
MZ463759.1	410	nSX00293	51727	77.174	276	5	277	48554	48279	1.31e-54	204	67
FJ751925.1	394	nSX00293	51727	77.536	276	5	277	1084	1359	2.96e-56	208	69
FJ751925.1	394	nSX00293	51727	77.536	276	5	277	48554	48279	2.96e-56	208	69
FJ751926.1	395	nSX00293	51727	77.536	276	5	277	1084	1359	2.97e-56	208	69
FJ751926.1	395	nSX00293	51727	77.536	276	5	277	48554	48279	2.97e-56	208	69
FJ751927.1	395	nSX00293	51727	77.174	276	5	277	1084	1359	1.26e-54	204	69
FJ751927.1	395	nSX00293	51727	77.174	276	5	277	48554	48279	1.26e-54	204	69
FJ751930.1	395	nSX00293	51727	77.536	276	5	277	1084	1359	2.97e-56	208	69
FJ751930.1	395	nSX00293	51727	77.536	276	5	277	48554	48279	2.97e-56	208	69
FJ751933.1	396	nSX00293	51727	77.536	276	6	278	1084	1359	2.98e-56	208	69
FJ751933.1	396	nSX00293	51727	77.536	276	6	278	48554	48279	2.98e-56	208	69
FJ751934.1	395	nSX00293	51727	77.536	276	6	278	1084	1359	2.97e-56	208	69
FJ751934.1	395	nSX00293	51727	77.536	276	6	278	48554	48279	2.97e-56	208	69
MZ463745.1	387	nSX00297	51034	77.947	263	12	272	12621	12883	1.00e-55	206	67
MZ463745.1	387	nSX00297	51034	77.947	263	12	272	47087	46825	1.00e-55	206	67
MZ463746.1	387	nSX00297	51034	77.947	263	12	272	12621	12883	1.00e-55	206	67
MZ463746.1	387	nSX00297	51034	77.947	263	12	272	47087	46825	1.00e-55	206	67
MZ463747.1	387	nSX00297	51034	77.567	263	12	272	12621	12883	4.26e-54	202	67
MZ463747.1	387	nSX00297	51034	77.567	263	12	272	47087	46825	4.26e-54	202	67
MZ463748.1	387	nSX00297	51034	77.567	263	12	272	12621	12883	4.26e-54	202	67
MZ463748.1	387	nSX00297	51034	77.567	263	12	272	47087	46825	4.26e-54	202	67
MZ463749.1	391	nSX00297	51034	77.174	276	5	277	12608	12883	1.23e-54	204	70
MZ463749.1	391	nSX00297	51034	77.174	276	5	277	47100	46825	1.23e-54	204	70
MZ463750.1	392	nSX00297	51034	76.812	276	5	277	12608	12883	1.51e-53	199	70
MZ463750.1	392	nSX00297	51034	76.812	276	5	277	47100	46825	1.51e-53	199	70
MZ463751.1	393	nSX00297	51034	77.536	276	5	277	12608	12883	2.92e-56	208	69
MZ463751.1	393	nSX00297	51034	77.536	276	5	277	47100	46825	2.92e-56	208	69
MZ463752.1	394	nSX00297	51034	77.536	276	5	277	12608	12883	2.92e-56	208	69
MZ463752.1	394	nSX00297	51034	77.536	276	5	277	47100	46825	2.92e-56	208	69
MZ463753.1	394	nSX00297	51034	77.174	276	5	277	12608	12883	1.24e-54	204	69
MZ463753.1	394	nSX00297	51034	77.174	276	5	277	47100	46825	1.24e-54	204	69
MZ463754.1	394	nSX00297	51034	78.378	259	5	260	12608	12866	3.56e-55	205	65
MZ463754.1	394	nSX00297	51034	78.378	259	5	260	47100	46842	3.56e-55	205	65
MZ463755.1	394	nSX00297	51034	77.899	276	5	277	12608	12883	2.40e-57	213	69
MZ463755.1	394	nSX00297	51034	77.899	276	5	277	47100	46825	2.40e-57	213	69
MZ463756.1	394	nSX00297	51034	77.174	276	5	277	12608	12883	1.24e-54	204	69
MZ463756.1	394	nSX00297	51034	77.174	276	5	277	47100	46825	1.24e-54	204	69
MZ463757.1	394	nSX00297	51034	77.174	276	5	277	12608	12883	1.24e-54	204	69
MZ463757.1	394	nSX00297	51034	77.174	276	5	277	47100	46825	1.24e-54	204	69
MZ463758.1	394	nSX00297	51034	77.174	276	5	277	12608	12883	1.24e-54	204	69
MZ463758.1	394	nSX00297	51034	77.174	276	5	277	47100	46825	1.24e-54	204	69
MZ463759.1	410	nSX00297	51034	77.174	276	5	277	12608	12883	1.30e-54	204	67
MZ463759.1	410	nSX00297	51034	77.174	276	5	277	47100	46825	1.30e-54	204	67
FJ751925.1	394	nSX00297	51034	77.536	276	5	277	12608	12883	2.92e-56	208	69
FJ751925.1	394	nSX00297	51034	77.536	276	5	277	47100	46825	2.92e-56	208	69
FJ751926.1	395	nSX00297	51034	77.536	276	5	277	12608	12883	2.93e-56	208	69
FJ751926.1	395	nSX00297	51034	77.536	276	5	277	47100	46825	2.93e-56	208	69
FJ751927.1	395	nSX00297	51034	77.174	276	5	277	12608	12883	1.25e-54	204	69
FJ751927.1	395	nSX00297	51034	77.174	276	5	277	47100	46825	1.25e-54	204	69
FJ751930.1	395	nSX00297	51034	77.536	276	5	277	12608	12883	2.93e-56	208	69
FJ751930.1	395	nSX00297	51034	77.536	276	5	277	47100	46825	2.93e-56	208	69
FJ751933.1	396	nSX00297	51034	77.536	276	6	278	12608	12883	2.94e-56	208	69
FJ751933.1	396	nSX00297	51034	77.536	276	6	278	47100	46825	2.94e-56	208	69
FJ751934.1	395	nSX00297	51034	77.536	276	6	278	12608	12883	2.93e-56	208	69
FJ751934.1	395	nSX00297	51034	77.536	276	6	278	47100	46825	2.93e-56	208	69
MZ463745.1	387	nSX00303	50166	77.947	263	12	272	28734	28472	9.84e-56	206	67
MZ463746.1	387	nSX00303	50166	77.947	263	12	272	28734	28472	9.84e-56	206	67
MZ463747.1	387	nSX00303	50166	77.567	263	12	272	28734	28472	4.19e-54	202	67
MZ463748.1	387	nSX00303	50166	77.567	263	12	272	28734	28472	4.19e-54	202	67
MZ463749.1	391	nSX00303	50166	77.174	276	5	277	28747	28472	1.21e-54	204	70
MZ463750.1	392	nSX00303	50166	76.812	276	5	277	28747	28472	1.48e-53	199	70
MZ463751.1	393	nSX00303	50166	77.536	276	5	277	28747	28472	2.87e-56	208	69
MZ463752.1	394	nSX00303	50166	77.536	276	5	277	28747	28472	2.87e-56	208	69
MZ463753.1	394	nSX00303	50166	77.174	276	5	277	28747	28472	1.22e-54	204	69
MZ463754.1	394	nSX00303	50166	78.378	259	5	260	28747	28489	3.50e-55	205	65
MZ463755.1	394	nSX00303	50166	77.899	276	5	277	28747	28472	2.36e-57	213	69
MZ463756.1	394	nSX00303	50166	77.174	276	5	277	28747	28472	1.22e-54	204	69
MZ463757.1	394	nSX00303	50166	77.174	276	5	277	28747	28472	1.22e-54	204	69
MZ463758.1	394	nSX00303	50166	77.174	276	5	277	28747	28472	1.22e-54	204	69
MZ463759.1	410	nSX00303	50166	77.174	276	5	277	28747	28472	1.27e-54	204	67
FJ751925.1	394	nSX00303	50166	77.536	276	5	277	28747	28472	2.87e-56	208	69
FJ751926.1	395	nSX00303	50166	77.536	276	5	277	28747	28472	2.88e-56	208	69
FJ751927.1	395	nSX00303	50166	77.174	276	5	277	28747	28472	1.23e-54	204	69
FJ751930.1	395	nSX00303	50166	77.536	276	5	277	28747	28472	2.88e-56	208	69
FJ751933.1	396	nSX00303	50166	77.536	276	6	278	28747	28472	2.89e-56	208	69
FJ751934.1	395	nSX00303	50166	77.536	276	6	278	28747	28472	2.88e-56	208	69
MZ463745.1	387	nSX00305	50157	77.947	263	12	272	5979	5717	9.84e-56	206	67
MZ463746.1	387	nSX00305	50157	77.947	263	12	272	5979	5717	9.84e-56	206	67
MZ463747.1	387	nSX00305	50157	77.567	263	12	272	5979	5717	4.18e-54	202	67
MZ463748.1	387	nSX00305	50157	77.567	263	12	272	5979	5717	4.18e-54	202	67
MZ463749.1	391	nSX00305	50157	77.174	276	5	277	5992	5717	1.21e-54	204	70
MZ463750.1	392	nSX00305	50157	76.812	276	5	277	5992	5717	1.48e-53	199	70
MZ463751.1	393	nSX00305	50157	77.536	276	5	277	5992	5717	2.87e-56	208	69
MZ463752.1	394	nSX00305	50157	77.536	276	5	277	5992	5717	2.87e-56	208	69
MZ463753.1	394	nSX00305	50157	77.174	276	5	277	5992	5717	1.22e-54	204	69
MZ463754.1	394	nSX00305	50157	78.378	259	5	260	5992	5734	3.50e-55	205	65
MZ463755.1	394	nSX00305	50157	77.899	276	5	277	5992	5717	2.36e-57	213	69
MZ463756.1	394	nSX00305	50157	77.174	276	5	277	5992	5717	1.22e-54	204	69
MZ463757.1	394	nSX00305	50157	77.174	276	5	277	5992	5717	1.22e-54	204	69
MZ463758.1	394	nSX00305	50157	77.174	276	5	277	5992	5717	1.22e-54	204	69
MZ463759.1	410	nSX00305	50157	77.174	276	5	277	5992	5717	1.27e-54	204	67
FJ751925.1	394	nSX00305	50157	77.536	276	5	277	5992	5717	2.87e-56	208	69
FJ751926.1	395	nSX00305	50157	77.536	276	5	277	5992	5717	2.88e-56	208	69
FJ751927.1	395	nSX00305	50157	77.174	276	5	277	5992	5717	1.22e-54	204	69
FJ751930.1	395	nSX00305	50157	77.536	276	5	277	5992	5717	2.88e-56	208	69
FJ751933.1	396	nSX00305	50157	77.536	276	6	278	5992	5717	2.89e-56	208	69
FJ751934.1	395	nSX00305	50157	77.536	276	6	278	5992	5717	2.88e-56	208	69
MZ463745.1	387	nSX00309	49251	77.947	263	12	272	25996	26258	9.66e-56	206	67
MZ463746.1	387	nSX00309	49251	77.947	263	12	272	25996	26258	9.66e-56	206	67
MZ463747.1	387	nSX00309	49251	77.567	263	12	272	25996	26258	4.11e-54	202	67
MZ463748.1	387	nSX00309	49251	77.567	263	12	272	25996	26258	4.11e-54	202	67
MZ463749.1	391	nSX00309	49251	77.174	276	5	277	25983	26258	1.19e-54	204	70
MZ463750.1	392	nSX00309	49251	76.812	276	5	277	25983	26258	1.45e-53	199	70
MZ463751.1	393	nSX00309	49251	77.536	276	5	277	25983	26258	2.81e-56	208	69
MZ463752.1	394	nSX00309	49251	77.536	276	5	277	25983	26258	2.82e-56	208	69
MZ463753.1	394	nSX00309	49251	77.174	276	5	277	25983	26258	1.20e-54	204	69
MZ463754.1	394	nSX00309	49251	78.378	259	5	260	25983	26241	3.44e-55	205	65
MZ463755.1	394	nSX00309	49251	77.899	276	5	277	25983	26258	2.32e-57	213	69
MZ463756.1	394	nSX00309	49251	77.174	276	5	277	25983	26258	1.20e-54	204	69
MZ463757.1	394	nSX00309	49251	77.174	276	5	277	25983	26258	1.20e-54	204	69
MZ463758.1	394	nSX00309	49251	77.174	276	5	277	25983	26258	1.20e-54	204	69
MZ463759.1	410	nSX00309	49251	77.174	276	5	277	25983	26258	1.25e-54	204	67
FJ751925.1	394	nSX00309	49251	77.536	276	5	277	25983	26258	2.82e-56	208	69
FJ751926.1	395	nSX00309	49251	77.536	276	5	277	25983	26258	2.83e-56	208	69
FJ751927.1	395	nSX00309	49251	77.174	276	5	277	25983	26258	1.20e-54	204	69
FJ751930.1	395	nSX00309	49251	77.536	276	5	277	25983	26258	2.83e-56	208	69
FJ751933.1	396	nSX00309	49251	77.536	276	6	278	25983	26258	2.84e-56	208	69
FJ751934.1	395	nSX00309	49251	77.536	276	6	278	25983	26258	2.83e-56	208	69
MZ463745.1	387	nSX00311	49123	77.947	263	12	272	30235	29973	9.64e-56	206	67
MZ463746.1	387	nSX00311	49123	77.947	263	12	272	30235	29973	9.64e-56	206	67
MZ463747.1	387	nSX00311	49123	77.567	263	12	272	30235	29973	4.10e-54	202	67
MZ463748.1	387	nSX00311	49123	77.567	263	12	272	30235	29973	4.10e-54	202	67
MZ463749.1	391	nSX00311	49123	77.174	276	5	277	30248	29973	1.19e-54	204	70
MZ463750.1	392	nSX00311	49123	76.812	276	5	277	30248	29973	1.45e-53	199	70
MZ463751.1	393	nSX00311	49123	77.536	276	5	277	30248	29973	2.81e-56	208	69
MZ463752.1	394	nSX00311	49123	77.536	276	5	277	30248	29973	2.81e-56	208	69
MZ463753.1	394	nSX00311	49123	77.174	276	5	277	30248	29973	1.20e-54	204	69
MZ463754.1	394	nSX00311	49123	78.378	259	5	260	30248	29990	3.43e-55	205	65
MZ463755.1	394	nSX00311	49123	77.899	276	5	277	30248	29973	2.31e-57	213	69
MZ463756.1	394	nSX00311	49123	77.174	276	5	277	30248	29973	1.20e-54	204	69
MZ463757.1	394	nSX00311	49123	77.174	276	5	277	30248	29973	1.20e-54	204	69
MZ463758.1	394	nSX00311	49123	77.174	276	5	277	30248	29973	1.20e-54	204	69
MZ463759.1	410	nSX00311	49123	77.174	276	5	277	30248	29973	1.25e-54	204	67
FJ751925.1	394	nSX00311	49123	77.536	276	5	277	30248	29973	2.81e-56	208	69
FJ751926.1	395	nSX00311	49123	77.536	276	5	277	30248	29973	2.82e-56	208	69
FJ751927.1	395	nSX00311	49123	77.174	276	5	277	30248	29973	1.20e-54	204	69
FJ751930.1	395	nSX00311	49123	77.536	276	5	277	30248	29973	2.82e-56	208	69
FJ751933.1	396	nSX00311	49123	77.536	276	6	278	30248	29973	2.83e-56	208	69
FJ751934.1	395	nSX00311	49123	77.536	276	6	278	30248	29973	2.82e-56	208	69
MZ463745.1	387	nSX00312	48965	77.947	263	12	272	9098	8836	9.61e-56	206	67
MZ463746.1	387	nSX00312	48965	77.947	263	12	272	9098	8836	9.61e-56	206	67
MZ463747.1	387	nSX00312	48965	77.567	263	12	272	9098	8836	4.08e-54	202	67
MZ463748.1	387	nSX00312	48965	77.567	263	12	272	9098	8836	4.08e-54	202	67
MZ463749.1	391	nSX00312	48965	77.174	276	5	277	9111	8836	1.18e-54	204	70
MZ463750.1	392	nSX00312	48965	76.812	276	5	277	9111	8836	1.45e-53	199	70
MZ463751.1	393	nSX00312	48965	77.536	276	5	277	9111	8836	2.80e-56	208	69
MZ463752.1	394	nSX00312	48965	77.536	276	5	277	9111	8836	2.80e-56	208	69
MZ463753.1	394	nSX00312	48965	77.174	276	5	277	9111	8836	1.19e-54	204	69
MZ463754.1	394	nSX00312	48965	78.378	259	5	260	9111	8853	3.42e-55	205	65
MZ463755.1	394	nSX00312	48965	77.899	276	5	277	9111	8836	2.30e-57	213	69
MZ463756.1	394	nSX00312	48965	77.174	276	5	277	9111	8836	1.19e-54	204	69
MZ463757.1	394	nSX00312	48965	77.174	276	5	277	9111	8836	1.19e-54	204	69
MZ463758.1	394	nSX00312	48965	77.174	276	5	277	9111	8836	1.19e-54	204	69
MZ463759.1	410	nSX00312	48965	77.174	276	5	277	9111	8836	1.24e-54	204	67
FJ751925.1	394	nSX00312	48965	77.536	276	5	277	9111	8836	2.80e-56	208	69
FJ751926.1	395	nSX00312	48965	77.536	276	5	277	9111	8836	2.81e-56	208	69
FJ751927.1	395	nSX00312	48965	77.174	276	5	277	9111	8836	1.20e-54	204	69
FJ751930.1	395	nSX00312	48965	77.536	276	5	277	9111	8836	2.81e-56	208	69
FJ751933.1	396	nSX00312	48965	77.536	276	6	278	9111	8836	2.82e-56	208	69
FJ751934.1	395	nSX00312	48965	77.536	276	6	278	9111	8836	2.81e-56	208	69
MZ463745.1	387	nSX00314	48666	77.947	263	12	272	5603	5865	9.55e-56	206	67
MZ463746.1	387	nSX00314	48666	77.947	263	12	272	5603	5865	9.55e-56	206	67
MZ463747.1	387	nSX00314	48666	77.567	263	12	272	5603	5865	4.06e-54	202	67
MZ463748.1	387	nSX00314	48666	77.567	263	12	272	5603	5865	4.06e-54	202	67
MZ463749.1	391	nSX00314	48666	77.174	276	5	277	5590	5865	1.18e-54	204	70
MZ463750.1	392	nSX00314	48666	76.812	276	5	277	5590	5865	1.44e-53	199	70
MZ463751.1	393	nSX00314	48666	77.536	276	5	277	5590	5865	2.78e-56	208	69
MZ463752.1	394	nSX00314	48666	77.536	276	5	277	5590	5865	2.79e-56	208	69
MZ463753.1	394	nSX00314	48666	77.174	276	5	277	5590	5865	1.19e-54	204	69
MZ463754.1	394	nSX00314	48666	78.378	259	5	260	5590	5848	3.40e-55	205	65
MZ463755.1	394	nSX00314	48666	77.899	276	5	277	5590	5865	2.29e-57	213	69
MZ463756.1	394	nSX00314	48666	77.174	276	5	277	5590	5865	1.19e-54	204	69
MZ463757.1	394	nSX00314	48666	77.174	276	5	277	5590	5865	1.19e-54	204	69
MZ463758.1	394	nSX00314	48666	77.174	276	5	277	5590	5865	1.19e-54	204	69
MZ463759.1	410	nSX00314	48666	77.174	276	5	277	5590	5865	1.24e-54	204	67
FJ751925.1	394	nSX00314	48666	77.536	276	5	277	5590	5865	2.79e-56	208	69
FJ751926.1	395	nSX00314	48666	77.536	276	5	277	5590	5865	2.79e-56	208	69
FJ751927.1	395	nSX00314	48666	77.174	276	5	277	5590	5865	1.19e-54	204	69
FJ751930.1	395	nSX00314	48666	77.536	276	5	277	5590	5865	2.79e-56	208	69
FJ751933.1	396	nSX00314	48666	77.536	276	6	278	5590	5865	2.80e-56	208	69
FJ751934.1	395	nSX00314	48666	77.536	276	6	278	5590	5865	2.79e-56	208	69
MZ463745.1	387	nSX00316	48614	77.947	263	12	272	4230	4492	9.54e-56	206	67
MZ463745.1	387	nSX00316	48614	77.947	263	12	272	38696	38434	9.54e-56	206	67
MZ463746.1	387	nSX00316	48614	77.947	263	12	272	4230	4492	9.54e-56	206	67
MZ463746.1	387	nSX00316	48614	77.947	263	12	272	38696	38434	9.54e-56	206	67
MZ463747.1	387	nSX00316	48614	77.567	263	12	272	4230	4492	4.06e-54	202	67
MZ463747.1	387	nSX00316	48614	77.567	263	12	272	38696	38434	4.06e-54	202	67
MZ463748.1	387	nSX00316	48614	77.567	263	12	272	4230	4492	4.06e-54	202	67
MZ463748.1	387	nSX00316	48614	77.567	263	12	272	38696	38434	4.06e-54	202	67
MZ463749.1	391	nSX00316	48614	77.174	276	5	277	4217	4492	1.17e-54	204	70
MZ463749.1	391	nSX00316	48614	77.174	276	5	277	38709	38434	1.17e-54	204	70
MZ463750.1	392	nSX00316	48614	76.812	276	5	277	4217	4492	1.43e-53	199	70
MZ463750.1	392	nSX00316	48614	76.812	276	5	277	38709	38434	1.43e-53	199	70
MZ463751.1	393	nSX00316	48614	77.536	276	5	277	4217	4492	2.78e-56	208	69
MZ463751.1	393	nSX00316	48614	77.536	276	5	277	38709	38434	2.78e-56	208	69
MZ463752.1	394	nSX00316	48614	77.536	276	5	277	4217	4492	2.78e-56	208	69
MZ463752.1	394	nSX00316	48614	77.536	276	5	277	38709	38434	2.78e-56	208	69
MZ463753.1	394	nSX00316	48614	77.174	276	5	277	4217	4492	1.18e-54	204	69
MZ463753.1	394	nSX00316	48614	77.174	276	5	277	38709	38434	1.18e-54	204	69
MZ463754.1	394	nSX00316	48614	78.378	259	5	260	4217	4475	3.39e-55	205	65
MZ463754.1	394	nSX00316	48614	78.378	259	5	260	38709	38451	3.39e-55	205	65
MZ463755.1	394	nSX00316	48614	77.899	276	5	277	4217	4492	2.29e-57	213	69
MZ463755.1	394	nSX00316	48614	77.899	276	5	277	38709	38434	2.29e-57	213	69
MZ463756.1	394	nSX00316	48614	77.174	276	5	277	4217	4492	1.18e-54	204	69
MZ463756.1	394	nSX00316	48614	77.174	276	5	277	38709	38434	1.18e-54	204	69
MZ463757.1	394	nSX00316	48614	77.174	276	5	277	4217	4492	1.18e-54	204	69
MZ463757.1	394	nSX00316	48614	77.174	276	5	277	38709	38434	1.18e-54	204	69
MZ463758.1	394	nSX00316	48614	77.174	276	5	277	4217	4492	1.18e-54	204	69
MZ463758.1	394	nSX00316	48614	77.174	276	5	277	38709	38434	1.18e-54	204	69
MZ463759.1	410	nSX00316	48614	77.174	276	5	277	4217	4492	1.23e-54	204	67
MZ463759.1	410	nSX00316	48614	77.174	276	5	277	38709	38434	1.23e-54	204	67
FJ751925.1	394	nSX00316	48614	77.536	276	5	277	4217	4492	2.78e-56	208	69
FJ751925.1	394	nSX00316	48614	77.536	276	5	277	38709	38434	2.78e-56	208	69
FJ751926.1	395	nSX00316	48614	77.536	276	5	277	4217	4492	2.79e-56	208	69
FJ751926.1	395	nSX00316	48614	77.536	276	5	277	38709	38434	2.79e-56	208	69
FJ751927.1	395	nSX00316	48614	77.174	276	5	277	4217	4492	1.19e-54	204	69
FJ751927.1	395	nSX00316	48614	77.174	276	5	277	38709	38434	1.19e-54	204	69
FJ751930.1	395	nSX00316	48614	77.536	276	5	277	4217	4492	2.79e-56	208	69
FJ751930.1	395	nSX00316	48614	77.536	276	5	277	38709	38434	2.79e-56	208	69
FJ751933.1	396	nSX00316	48614	77.536	276	6	278	4217	4492	2.80e-56	208	69
FJ751933.1	396	nSX00316	48614	77.536	276	6	278	38709	38434	2.80e-56	208	69
FJ751934.1	395	nSX00316	48614	77.536	276	6	278	4217	4492	2.79e-56	208	69
FJ751934.1	395	nSX00316	48614	77.536	276	6	278	38709	38434	2.79e-56	208	69
MZ463745.1	387	nSX00319	47841	77.947	263	12	272	30611	30873	9.39e-56	206	67
MZ463746.1	387	nSX00319	47841	77.947	263	12	272	30611	30873	9.39e-56	206	67
MZ463747.1	387	nSX00319	47841	77.567	263	12	272	30611	30873	3.99e-54	202	67
MZ463748.1	387	nSX00319	47841	77.567	263	12	272	30611	30873	3.99e-54	202	67
MZ463749.1	391	nSX00319	47841	77.174	276	5	277	30598	30873	1.16e-54	204	70
MZ463750.1	392	nSX00319	47841	76.812	276	5	277	30598	30873	1.41e-53	199	70
MZ463751.1	393	nSX00319	47841	77.536	276	5	277	30598	30873	2.73e-56	208	69
MZ463752.1	394	nSX00319	47841	77.536	276	5	277	30598	30873	2.74e-56	208	69
MZ463753.1	394	nSX00319	47841	77.174	276	5	277	30598	30873	1.17e-54	204	69
MZ463754.1	394	nSX00319	47841	78.378	259	5	260	30598	30856	3.34e-55	205	65
MZ463755.1	394	nSX00319	47841	77.899	276	5	277	30598	30873	2.25e-57	213	69
MZ463756.1	394	nSX00319	47841	77.174	276	5	277	30598	30873	1.17e-54	204	69
MZ463757.1	394	nSX00319	47841	77.174	276	5	277	30598	30873	1.17e-54	204	69
MZ463758.1	394	nSX00319	47841	77.174	276	5	277	30598	30873	1.17e-54	204	69
MZ463759.1	410	nSX00319	47841	77.174	276	5	277	30598	30873	1.21e-54	204	67
FJ751925.1	394	nSX00319	47841	77.536	276	5	277	30598	30873	2.74e-56	208	69
FJ751926.1	395	nSX00319	47841	77.536	276	5	277	30598	30873	2.75e-56	208	69
FJ751927.1	395	nSX00319	47841	77.174	276	5	277	30598	30873	1.17e-54	204	69
FJ751930.1	395	nSX00319	47841	77.536	276	5	277	30598	30873	2.75e-56	208	69
FJ751933.1	396	nSX00319	47841	77.536	276	6	278	30598	30873	2.75e-56	208	69
FJ751934.1	395	nSX00319	47841	77.536	276	6	278	30598	30873	2.75e-56	208	69
MZ463745.1	387	nSX00320	47837	77.947	263	12	272	33648	33386	9.39e-56	206	67
MZ463746.1	387	nSX00320	47837	77.947	263	12	272	33648	33386	9.39e-56	206	67
MZ463747.1	387	nSX00320	47837	77.567	263	12	272	33648	33386	3.99e-54	202	67
MZ463748.1	387	nSX00320	47837	77.567	263	12	272	33648	33386	3.99e-54	202	67
MZ463749.1	391	nSX00320	47837	77.174	276	5	277	33661	33386	1.16e-54	204	70
MZ463750.1	392	nSX00320	47837	76.812	276	5	277	33661	33386	1.41e-53	199	70
MZ463751.1	393	nSX00320	47837	77.536	276	5	277	33661	33386	2.73e-56	208	69
MZ463752.1	394	nSX00320	47837	77.536	276	5	277	33661	33386	2.74e-56	208	69
MZ463753.1	394	nSX00320	47837	77.174	276	5	277	33661	33386	1.17e-54	204	69
MZ463754.1	394	nSX00320	47837	78.378	259	5	260	33661	33403	3.34e-55	205	65
MZ463755.1	394	nSX00320	47837	77.899	276	5	277	33661	33386	2.25e-57	213	69
MZ463756.1	394	nSX00320	47837	77.174	276	5	277	33661	33386	1.17e-54	204	69
MZ463757.1	394	nSX00320	47837	77.174	276	5	277	33661	33386	1.17e-54	204	69
MZ463758.1	394	nSX00320	47837	77.174	276	5	277	33661	33386	1.17e-54	204	69
MZ463759.1	410	nSX00320	47837	77.174	276	5	277	33661	33386	1.21e-54	204	67
FJ751925.1	394	nSX00320	47837	77.536	276	5	277	33661	33386	2.74e-56	208	69
FJ751926.1	395	nSX00320	47837	77.536	276	5	277	33661	33386	2.75e-56	208	69
FJ751927.1	395	nSX00320	47837	77.174	276	5	277	33661	33386	1.17e-54	204	69
FJ751930.1	395	nSX00320	47837	77.536	276	5	277	33661	33386	2.75e-56	208	69
FJ751933.1	396	nSX00320	47837	77.536	276	6	278	33661	33386	2.75e-56	208	69
FJ751934.1	395	nSX00320	47837	77.536	276	6	278	33661	33386	2.75e-56	208	69
MZ463745.1	387	nSX00324	47220	77.947	263	12	272	1122	1384	9.26e-56	206	67
MZ463745.1	387	nSX00324	47220	77.947	263	12	272	35584	35322	9.26e-56	206	67
MZ463746.1	387	nSX00324	47220	77.947	263	12	272	1122	1384	9.26e-56	206	67
MZ463746.1	387	nSX00324	47220	77.947	263	12	272	35584	35322	9.26e-56	206	67
MZ463747.1	387	nSX00324	47220	77.567	263	12	272	1122	1384	3.94e-54	202	67
MZ463747.1	387	nSX00324	47220	77.567	263	12	272	35584	35322	3.94e-54	202	67
MZ463748.1	387	nSX00324	47220	77.567	263	12	272	1122	1384	3.94e-54	202	67
MZ463748.1	387	nSX00324	47220	77.567	263	12	272	35584	35322	3.94e-54	202	67
MZ463749.1	391	nSX00324	47220	77.174	276	5	277	1109	1384	1.14e-54	204	70
MZ463749.1	391	nSX00324	47220	77.174	276	5	277	35597	35322	1.14e-54	204	70
MZ463750.1	392	nSX00324	47220	76.812	276	5	277	1109	1384	1.39e-53	199	70
MZ463750.1	392	nSX00324	47220	76.812	276	5	277	35597	35322	1.39e-53	199	70
MZ463751.1	393	nSX00324	47220	77.536	276	5	277	1109	1384	2.70e-56	208	69
MZ463751.1	393	nSX00324	47220	77.536	276	5	277	35597	35322	2.70e-56	208	69
MZ463752.1	394	nSX00324	47220	77.536	276	5	277	1109	1384	2.70e-56	208	69
MZ463752.1	394	nSX00324	47220	77.536	276	5	277	35597	35322	2.70e-56	208	69
MZ463753.1	394	nSX00324	47220	77.174	276	5	277	1109	1384	1.15e-54	204	69
MZ463753.1	394	nSX00324	47220	77.174	276	5	277	35597	35322	1.15e-54	204	69
MZ463754.1	394	nSX00324	47220	78.378	259	5	260	1109	1367	3.29e-55	205	65
MZ463754.1	394	nSX00324	47220	78.378	259	5	260	35597	35339	3.29e-55	205	65
MZ463755.1	394	nSX00324	47220	77.899	276	5	277	1109	1384	2.22e-57	213	69
MZ463755.1	394	nSX00324	47220	77.899	276	5	277	35597	35322	2.22e-57	213	69
MZ463756.1	394	nSX00324	47220	77.174	276	5	277	1109	1384	1.15e-54	204	69
MZ463756.1	394	nSX00324	47220	77.174	276	5	277	35597	35322	1.15e-54	204	69
MZ463757.1	394	nSX00324	47220	77.174	276	5	277	1109	1384	1.15e-54	204	69
MZ463757.1	394	nSX00324	47220	77.174	276	5	277	35597	35322	1.15e-54	204	69
MZ463758.1	394	nSX00324	47220	77.174	276	5	277	1109	1384	1.15e-54	204	69
MZ463758.1	394	nSX00324	47220	77.174	276	5	277	35597	35322	1.15e-54	204	69
MZ463759.1	410	nSX00324	47220	77.174	276	5	277	1109	1384	1.20e-54	204	67
MZ463759.1	410	nSX00324	47220	77.174	276	5	277	35597	35322	1.20e-54	204	67
FJ751925.1	394	nSX00324	47220	77.536	276	5	277	1109	1384	2.70e-56	208	69
FJ751925.1	394	nSX00324	47220	77.536	276	5	277	35597	35322	2.70e-56	208	69
FJ751926.1	395	nSX00324	47220	77.536	276	5	277	1109	1384	2.71e-56	208	69
FJ751926.1	395	nSX00324	47220	77.536	276	5	277	35597	35322	2.71e-56	208	69
FJ751927.1	395	nSX00324	47220	77.174	276	5	277	1109	1384	1.15e-54	204	69
FJ751927.1	395	nSX00324	47220	77.174	276	5	277	35597	35322	1.15e-54	204	69
FJ751930.1	395	nSX00324	47220	77.536	276	5	277	1109	1384	2.71e-56	208	69
FJ751930.1	395	nSX00324	47220	77.536	276	5	277	35597	35322	2.71e-56	208	69
FJ751933.1	396	nSX00324	47220	77.536	276	6	278	1109	1384	2.72e-56	208	69
FJ751933.1	396	nSX00324	47220	77.536	276	6	278	35597	35322	2.72e-56	208	69
FJ751934.1	395	nSX00324	47220	77.536	276	6	278	1109	1384	2.71e-56	208	69
FJ751934.1	395	nSX00324	47220	77.536	276	6	278	35597	35322	2.71e-56	208	69
MZ463745.1	387	nSX00325	47061	77.947	263	12	272	20189	20451	9.23e-56	206	67
MZ463746.1	387	nSX00325	47061	77.947	263	12	272	20189	20451	9.23e-56	206	67
MZ463747.1	387	nSX00325	47061	77.567	263	12	272	20189	20451	3.93e-54	202	67
MZ463748.1	387	nSX00325	47061	77.567	263	12	272	20189	20451	3.93e-54	202	67
MZ463749.1	391	nSX00325	47061	77.174	276	5	277	20176	20451	1.14e-54	204	70
MZ463750.1	392	nSX00325	47061	76.812	276	5	277	20176	20451	1.39e-53	199	70
MZ463751.1	393	nSX00325	47061	77.536	276	5	277	20176	20451	2.69e-56	208	69
MZ463752.1	394	nSX00325	47061	77.536	276	5	277	20176	20451	2.70e-56	208	69
MZ463753.1	394	nSX00325	47061	77.174	276	5	277	20176	20451	1.15e-54	204	69
MZ463754.1	394	nSX00325	47061	78.378	259	5	260	20176	20434	3.28e-55	205	65
MZ463755.1	394	nSX00325	47061	77.899	276	5	277	20176	20451	2.21e-57	213	69
MZ463756.1	394	nSX00325	47061	77.174	276	5	277	20176	20451	1.15e-54	204	69
MZ463757.1	394	nSX00325	47061	77.174	276	5	277	20176	20451	1.15e-54	204	69
MZ463758.1	394	nSX00325	47061	77.174	276	5	277	20176	20451	1.15e-54	204	69
MZ463759.1	410	nSX00325	47061	77.174	276	5	277	20176	20451	1.19e-54	204	67
FJ751925.1	394	nSX00325	47061	77.536	276	5	277	20176	20451	2.70e-56	208	69
FJ751926.1	395	nSX00325	47061	77.536	276	5	277	20176	20451	2.70e-56	208	69
FJ751927.1	395	nSX00325	47061	77.174	276	5	277	20176	20451	1.15e-54	204	69
FJ751930.1	395	nSX00325	47061	77.536	276	5	277	20176	20451	2.70e-56	208	69
FJ751933.1	396	nSX00325	47061	77.536	276	6	278	20176	20451	2.71e-56	208	69
FJ751934.1	395	nSX00325	47061	77.536	276	6	278	20176	20451	2.70e-56	208	69
MZ463745.1	387	nSX00329	46745	77.947	263	12	272	33039	33301	9.17e-56	206	67
MZ463746.1	387	nSX00329	46745	77.947	263	12	272	33039	33301	9.17e-56	206	67
MZ463747.1	387	nSX00329	46745	77.567	263	12	272	33039	33301	3.90e-54	202	67
MZ463748.1	387	nSX00329	46745	77.567	263	12	272	33039	33301	3.90e-54	202	67
MZ463749.1	391	nSX00329	46745	77.174	276	5	277	33026	33301	1.13e-54	204	70
MZ463750.1	392	nSX00329	46745	76.812	276	5	277	33026	33301	1.38e-53	199	70
MZ463751.1	393	nSX00329	46745	77.536	276	5	277	33026	33301	2.67e-56	208	69
MZ463752.1	394	nSX00329	46745	77.536	276	5	277	33026	33301	2.68e-56	208	69
MZ463753.1	394	nSX00329	46745	77.174	276	5	277	33026	33301	1.14e-54	204	69
MZ463754.1	394	nSX00329	46745	78.378	259	5	260	33026	33284	3.26e-55	205	65
MZ463755.1	394	nSX00329	46745	77.899	276	5	277	33026	33301	2.20e-57	213	69
MZ463756.1	394	nSX00329	46745	77.174	276	5	277	33026	33301	1.14e-54	204	69
MZ463757.1	394	nSX00329	46745	77.174	276	5	277	33026	33301	1.14e-54	204	69
MZ463758.1	394	nSX00329	46745	77.174	276	5	277	33026	33301	1.14e-54	204	69
MZ463759.1	410	nSX00329	46745	77.174	276	5	277	33026	33301	1.19e-54	204	67
FJ751925.1	394	nSX00329	46745	77.536	276	5	277	33026	33301	2.68e-56	208	69
FJ751926.1	395	nSX00329	46745	77.536	276	5	277	33026	33301	2.68e-56	208	69
FJ751927.1	395	nSX00329	46745	77.174	276	5	277	33026	33301	1.14e-54	204	69
FJ751930.1	395	nSX00329	46745	77.536	276	5	277	33026	33301	2.68e-56	208	69
FJ751933.1	396	nSX00329	46745	77.536	276	6	278	33026	33301	2.69e-56	208	69
FJ751934.1	395	nSX00329	46745	77.536	276	6	278	33026	33301	2.68e-56	208	69
MZ463745.1	387	nSX00334	46224	77.947	263	12	272	32570	32832	9.07e-56	206	67
MZ463746.1	387	nSX00334	46224	77.947	263	12	272	32570	32832	9.07e-56	206	67
MZ463747.1	387	nSX00334	46224	77.567	263	12	272	32570	32832	3.86e-54	202	67
MZ463748.1	387	nSX00334	46224	77.567	263	12	272	32570	32832	3.86e-54	202	67
MZ463749.1	391	nSX00334	46224	77.174	276	5	277	32557	32832	1.12e-54	204	70
MZ463750.1	392	nSX00334	46224	76.812	276	5	277	32557	32832	1.36e-53	199	70
MZ463751.1	393	nSX00334	46224	77.536	276	5	277	32557	32832	2.64e-56	208	69
MZ463752.1	394	nSX00334	46224	77.536	276	5	277	32557	32832	2.65e-56	208	69
MZ463753.1	394	nSX00334	46224	77.174	276	5	277	32557	32832	1.13e-54	204	69
MZ463754.1	394	nSX00334	46224	78.378	259	5	260	32557	32815	3.23e-55	205	65
MZ463755.1	394	nSX00334	46224	77.899	276	5	277	32557	32832	2.17e-57	213	69
MZ463756.1	394	nSX00334	46224	77.174	276	5	277	32557	32832	1.13e-54	204	69
MZ463757.1	394	nSX00334	46224	77.174	276	5	277	32557	32832	1.13e-54	204	69
MZ463758.1	394	nSX00334	46224	77.174	276	5	277	32557	32832	1.13e-54	204	69
MZ463759.1	410	nSX00334	46224	77.174	276	5	277	32557	32832	1.17e-54	204	67
FJ751925.1	394	nSX00334	46224	77.536	276	5	277	32557	32832	2.65e-56	208	69
FJ751926.1	395	nSX00334	46224	77.536	276	5	277	32557	32832	2.65e-56	208	69
FJ751927.1	395	nSX00334	46224	77.174	276	5	277	32557	32832	1.13e-54	204	69
FJ751930.1	395	nSX00334	46224	77.536	276	5	277	32557	32832	2.65e-56	208	69
FJ751933.1	396	nSX00334	46224	77.536	276	6	278	32557	32832	2.66e-56	208	69
FJ751934.1	395	nSX00334	46224	77.536	276	6	278	32557	32832	2.65e-56	208	69
MZ463745.1	387	nSX00335	46106	77.947	263	12	272	40584	40846	9.05e-56	206	67
MZ463746.1	387	nSX00335	46106	77.947	263	12	272	40584	40846	9.05e-56	206	67
MZ463747.1	387	nSX00335	46106	77.567	263	12	272	40584	40846	3.85e-54	202	67
MZ463748.1	387	nSX00335	46106	77.567	263	12	272	40584	40846	3.85e-54	202	67
MZ463749.1	391	nSX00335	46106	77.174	276	5	277	40571	40846	1.11e-54	204	70
MZ463750.1	392	nSX00335	46106	76.812	276	5	277	40571	40846	1.36e-53	199	70
MZ463751.1	393	nSX00335	46106	77.536	276	5	277	40571	40846	2.63e-56	208	69
MZ463752.1	394	nSX00335	46106	77.536	276	5	277	40571	40846	2.64e-56	208	69
MZ463753.1	394	nSX00335	46106	77.174	276	5	277	40571	40846	1.12e-54	204	69
MZ463754.1	394	nSX00335	46106	78.378	259	5	260	40571	40829	3.22e-55	205	65
MZ463755.1	394	nSX00335	46106	77.899	276	5	277	40571	40846	2.17e-57	213	69
MZ463756.1	394	nSX00335	46106	77.174	276	5	277	40571	40846	1.12e-54	204	69
MZ463757.1	394	nSX00335	46106	77.174	276	5	277	40571	40846	1.12e-54	204	69
MZ463758.1	394	nSX00335	46106	77.174	276	5	277	40571	40846	1.12e-54	204	69
MZ463759.1	410	nSX00335	46106	77.174	276	5	277	40571	40846	1.17e-54	204	67
FJ751925.1	394	nSX00335	46106	77.536	276	5	277	40571	40846	2.64e-56	208	69
FJ751926.1	395	nSX00335	46106	77.536	276	5	277	40571	40846	2.65e-56	208	69
FJ751927.1	395	nSX00335	46106	77.174	276	5	277	40571	40846	1.13e-54	204	69
FJ751930.1	395	nSX00335	46106	77.536	276	5	277	40571	40846	2.65e-56	208	69
FJ751933.1	396	nSX00335	46106	77.536	276	6	278	40571	40846	2.65e-56	208	69
FJ751934.1	395	nSX00335	46106	77.536	276	6	278	40571	40846	2.65e-56	208	69
MZ463745.1	387	nSX00336	46053	77.567	263	12	272	25436	25174	3.84e-54	202	67
MZ463746.1	387	nSX00336	46053	77.567	263	12	272	25436	25174	3.84e-54	202	67
MZ463747.1	387	nSX00336	46053	77.186	263	12	272	25436	25174	4.68e-53	197	67
MZ463748.1	387	nSX00336	46053	77.186	263	12	272	25436	25174	4.68e-53	197	67
MZ463749.1	391	nSX00336	46053	76.812	276	5	277	25449	25174	1.36e-53	199	70
MZ463750.1	392	nSX00336	46053	76.449	276	5	277	25449	25174	5.78e-52	195	70
MZ463751.1	393	nSX00336	46053	77.174	276	5	277	25449	25174	1.12e-54	204	69
MZ463752.1	394	nSX00336	46053	77.174	276	5	277	25449	25174	1.12e-54	204	69
MZ463753.1	394	nSX00336	46053	76.812	276	5	277	25449	25174	1.37e-53	199	69
MZ463754.1	394	nSX00336	46053	77.992	259	5	260	25449	25191	1.37e-53	200	65
MZ463755.1	394	nSX00336	46053	77.536	276	5	277	25449	25174	2.64e-56	208	69
MZ463756.1	394	nSX00336	46053	76.812	276	5	277	25449	25174	1.37e-53	199	69
MZ463757.1	394	nSX00336	46053	76.812	276	5	277	25449	25174	1.37e-53	199	69
MZ463758.1	394	nSX00336	46053	76.812	276	5	277	25449	25174	1.37e-53	199	69
MZ463759.1	410	nSX00336	46053	76.812	276	5	277	25449	25174	1.42e-53	199	67
FJ751925.1	394	nSX00336	46053	77.174	276	5	277	25449	25174	1.12e-54	204	69
FJ751926.1	395	nSX00336	46053	77.174	276	5	277	25449	25174	1.12e-54	204	69
FJ751927.1	395	nSX00336	46053	76.812	276	5	277	25449	25174	1.37e-53	199	69
FJ751930.1	395	nSX00336	46053	77.174	276	5	277	25449	25174	1.12e-54	204	69
FJ751933.1	396	nSX00336	46053	77.174	276	6	278	25449	25174	1.13e-54	204	69
FJ751934.1	395	nSX00336	46053	77.174	276	6	278	25449	25174	1.12e-54	204	69
MZ463745.1	387	nSX00337	45843	77.947	263	12	272	27512	27774	8.99e-56	206	67
MZ463746.1	387	nSX00337	45843	77.947	263	12	272	27512	27774	8.99e-56	206	67
MZ463747.1	387	nSX00337	45843	77.567	263	12	272	27512	27774	3.82e-54	202	67
MZ463748.1	387	nSX00337	45843	77.567	263	12	272	27512	27774	3.82e-54	202	67
MZ463749.1	391	nSX00337	45843	77.174	276	5	277	27499	27774	1.11e-54	204	70
MZ463750.1	392	nSX00337	45843	76.812	276	5	277	27499	27774	1.35e-53	199	70
MZ463751.1	393	nSX00337	45843	77.536	276	5	277	27499	27774	2.62e-56	208	69
MZ463752.1	394	nSX00337	45843	77.536	276	5	277	27499	27774	2.63e-56	208	69
MZ463753.1	394	nSX00337	45843	77.174	276	5	277	27499	27774	1.12e-54	204	69
MZ463754.1	394	nSX00337	45843	78.378	259	5	260	27499	27757	3.20e-55	205	65
MZ463755.1	394	nSX00337	45843	77.899	276	5	277	27499	27774	2.16e-57	213	69
MZ463756.1	394	nSX00337	45843	77.174	276	5	277	27499	27774	1.12e-54	204	69
MZ463757.1	394	nSX00337	45843	77.174	276	5	277	27499	27774	1.12e-54	204	69
MZ463758.1	394	nSX00337	45843	77.174	276	5	277	27499	27774	1.12e-54	204	69
MZ463759.1	410	nSX00337	45843	77.174	276	5	277	27499	27774	1.16e-54	204	67
FJ751925.1	394	nSX00337	45843	77.536	276	5	277	27499	27774	2.63e-56	208	69
FJ751926.1	395	nSX00337	45843	77.536	276	5	277	27499	27774	2.63e-56	208	69
FJ751927.1	395	nSX00337	45843	77.174	276	5	277	27499	27774	1.12e-54	204	69
FJ751930.1	395	nSX00337	45843	77.536	276	5	277	27499	27774	2.63e-56	208	69
FJ751933.1	396	nSX00337	45843	77.536	276	6	278	27499	27774	2.64e-56	208	69
FJ751934.1	395	nSX00337	45843	77.536	276	6	278	27499	27774	2.63e-56	208	69
MZ463745.1	387	nSX00340	45618	77.947	263	12	272	17239	17501	8.95e-56	206	67
MZ463746.1	387	nSX00340	45618	77.947	263	12	272	17239	17501	8.95e-56	206	67
MZ463747.1	387	nSX00340	45618	77.567	263	12	272	17239	17501	3.81e-54	202	67
MZ463748.1	387	nSX00340	45618	77.567	263	12	272	17239	17501	3.81e-54	202	67
MZ463749.1	391	nSX00340	45618	77.174	276	5	277	17226	17501	1.10e-54	204	70
MZ463750.1	392	nSX00340	45618	76.812	276	5	277	17226	17501	1.35e-53	199	70
MZ463751.1	393	nSX00340	45618	77.536	276	5	277	17226	17501	2.61e-56	208	69
MZ463752.1	394	nSX00340	45618	77.536	276	5	277	17226	17501	2.61e-56	208	69
MZ463753.1	394	nSX00340	45618	77.174	276	5	277	17226	17501	1.11e-54	204	69
MZ463754.1	394	nSX00340	45618	78.378	259	5	260	17226	17484	3.18e-55	205	65
MZ463755.1	394	nSX00340	45618	77.899	276	5	277	17226	17501	2.14e-57	213	69
MZ463756.1	394	nSX00340	45618	77.174	276	5	277	17226	17501	1.11e-54	204	69
MZ463757.1	394	nSX00340	45618	77.174	276	5	277	17226	17501	1.11e-54	204	69
MZ463758.1	394	nSX00340	45618	77.174	276	5	277	17226	17501	1.11e-54	204	69
MZ463759.1	410	nSX00340	45618	77.174	276	5	277	17226	17501	1.16e-54	204	67
FJ751925.1	394	nSX00340	45618	77.536	276	5	277	17226	17501	2.61e-56	208	69
FJ751926.1	395	nSX00340	45618	77.536	276	5	277	17226	17501	2.62e-56	208	69
FJ751927.1	395	nSX00340	45618	77.174	276	5	277	17226	17501	1.11e-54	204	69
FJ751930.1	395	nSX00340	45618	77.536	276	5	277	17226	17501	2.62e-56	208	69
FJ751933.1	396	nSX00340	45618	77.536	276	6	278	17226	17501	2.63e-56	208	69
FJ751934.1	395	nSX00340	45618	77.536	276	6	278	17226	17501	2.62e-56	208	69
MZ463745.1	387	nSX00348	44821	77.947	263	12	272	20140	19878	8.79e-56	206	67
MZ463746.1	387	nSX00348	44821	77.947	263	12	272	20140	19878	8.79e-56	206	67
MZ463747.1	387	nSX00348	44821	77.567	263	12	272	20140	19878	3.74e-54	202	67
MZ463748.1	387	nSX00348	44821	77.567	263	12	272	20140	19878	3.74e-54	202	67
MZ463749.1	391	nSX00348	44821	77.174	276	5	277	20153	19878	1.08e-54	204	70
MZ463750.1	392	nSX00348	44821	76.812	276	5	277	20153	19878	1.32e-53	199	70
MZ463751.1	393	nSX00348	44821	77.536	276	5	277	20153	19878	2.56e-56	208	69
MZ463752.1	394	nSX00348	44821	77.536	276	5	277	20153	19878	2.57e-56	208	69
MZ463753.1	394	nSX00348	44821	77.174	276	5	277	20153	19878	1.09e-54	204	69
MZ463754.1	394	nSX00348	44821	78.378	259	5	260	20153	19895	3.13e-55	205	65
MZ463755.1	394	nSX00348	44821	77.899	276	5	277	20153	19878	2.11e-57	213	69
MZ463756.1	394	nSX00348	44821	77.174	276	5	277	20153	19878	1.09e-54	204	69
MZ463757.1	394	nSX00348	44821	77.174	276	5	277	20153	19878	1.09e-54	204	69
MZ463758.1	394	nSX00348	44821	77.174	276	5	277	20153	19878	1.09e-54	204	69
MZ463759.1	410	nSX00348	44821	77.174	276	5	277	20153	19878	1.14e-54	204	67
FJ751925.1	394	nSX00348	44821	77.536	276	5	277	20153	19878	2.57e-56	208	69
FJ751926.1	395	nSX00348	44821	77.536	276	5	277	20153	19878	2.57e-56	208	69
FJ751927.1	395	nSX00348	44821	77.174	276	5	277	20153	19878	1.09e-54	204	69
FJ751930.1	395	nSX00348	44821	77.536	276	5	277	20153	19878	2.57e-56	208	69
FJ751933.1	396	nSX00348	44821	77.536	276	6	278	20153	19878	2.58e-56	208	69
FJ751934.1	395	nSX00348	44821	77.536	276	6	278	20153	19878	2.57e-56	208	69
MZ463745.1	387	nSX00351	44798	77.947	263	12	272	14232	13970	8.79e-56	206	67
MZ463746.1	387	nSX00351	44798	77.947	263	12	272	14232	13970	8.79e-56	206	67
MZ463747.1	387	nSX00351	44798	77.567	263	12	272	14232	13970	3.74e-54	202	67
MZ463748.1	387	nSX00351	44798	77.567	263	12	272	14232	13970	3.74e-54	202	67
MZ463749.1	391	nSX00351	44798	77.174	276	5	277	14245	13970	1.08e-54	204	70
MZ463750.1	392	nSX00351	44798	76.812	276	5	277	14245	13970	1.32e-53	199	70
MZ463751.1	393	nSX00351	44798	77.536	276	5	277	14245	13970	2.56e-56	208	69
MZ463752.1	394	nSX00351	44798	77.536	276	5	277	14245	13970	2.57e-56	208	69
MZ463753.1	394	nSX00351	44798	77.174	276	5	277	14245	13970	1.09e-54	204	69
MZ463754.1	394	nSX00351	44798	78.378	259	5	260	14245	13987	3.13e-55	205	65
MZ463755.1	394	nSX00351	44798	77.899	276	5	277	14245	13970	2.11e-57	213	69
MZ463756.1	394	nSX00351	44798	77.174	276	5	277	14245	13970	1.09e-54	204	69
MZ463757.1	394	nSX00351	44798	77.174	276	5	277	14245	13970	1.09e-54	204	69
MZ463758.1	394	nSX00351	44798	77.174	276	5	277	14245	13970	1.09e-54	204	69
MZ463759.1	410	nSX00351	44798	77.174	276	5	277	14245	13970	1.14e-54	204	67
FJ751925.1	394	nSX00351	44798	77.536	276	5	277	14245	13970	2.57e-56	208	69
FJ751926.1	395	nSX00351	44798	77.536	276	5	277	14245	13970	2.57e-56	208	69
FJ751927.1	395	nSX00351	44798	77.174	276	5	277	14245	13970	1.09e-54	204	69
FJ751930.1	395	nSX00351	44798	77.536	276	5	277	14245	13970	2.57e-56	208	69
FJ751933.1	396	nSX00351	44798	77.536	276	6	278	14245	13970	2.58e-56	208	69
FJ751934.1	395	nSX00351	44798	77.536	276	6	278	14245	13970	2.57e-56	208	69
MZ463745.1	387	nSX00356	44373	77.947	263	12	272	10217	9955	8.71e-56	206	67
MZ463746.1	387	nSX00356	44373	77.947	263	12	272	10217	9955	8.71e-56	206	67
MZ463747.1	387	nSX00356	44373	77.567	263	12	272	10217	9955	3.70e-54	202	67
MZ463748.1	387	nSX00356	44373	77.567	263	12	272	10217	9955	3.70e-54	202	67
MZ463749.1	391	nSX00356	44373	77.174	276	5	277	10230	9955	1.07e-54	204	70
MZ463750.1	392	nSX00356	44373	76.812	276	5	277	10230	9955	1.31e-53	199	70
MZ463751.1	393	nSX00356	44373	77.536	276	5	277	10230	9955	2.53e-56	208	69
MZ463752.1	394	nSX00356	44373	77.536	276	5	277	10230	9955	2.54e-56	208	69
MZ463753.1	394	nSX00356	44373	77.174	276	5	277	10230	9955	1.08e-54	204	69
MZ463754.1	394	nSX00356	44373	78.378	259	5	260	10230	9972	3.10e-55	205	65
MZ463755.1	394	nSX00356	44373	77.899	276	5	277	10230	9955	2.09e-57	213	69
MZ463756.1	394	nSX00356	44373	77.174	276	5	277	10230	9955	1.08e-54	204	69
MZ463757.1	394	nSX00356	44373	77.174	276	5	277	10230	9955	1.08e-54	204	69
MZ463758.1	394	nSX00356	44373	77.174	276	5	277	10230	9955	1.08e-54	204	69
MZ463759.1	410	nSX00356	44373	77.174	276	5	277	10230	9955	1.13e-54	204	67
FJ751925.1	394	nSX00356	44373	77.536	276	5	277	10230	9955	2.54e-56	208	69
FJ751926.1	395	nSX00356	44373	77.536	276	5	277	10230	9955	2.55e-56	208	69
FJ751927.1	395	nSX00356	44373	77.174	276	5	277	10230	9955	1.08e-54	204	69
FJ751930.1	395	nSX00356	44373	77.536	276	5	277	10230	9955	2.55e-56	208	69
FJ751933.1	396	nSX00356	44373	77.536	276	6	278	10230	9955	2.55e-56	208	69
FJ751934.1	395	nSX00356	44373	77.536	276	6	278	10230	9955	2.55e-56	208	69
MZ463745.1	387	nSX00369	43886	77.947	263	12	272	38200	38462	8.61e-56	206	67
MZ463746.1	387	nSX00369	43886	77.947	263	12	272	38200	38462	8.61e-56	206	67
MZ463747.1	387	nSX00369	43886	77.567	263	12	272	38200	38462	3.66e-54	202	67
MZ463748.1	387	nSX00369	43886	77.567	263	12	272	38200	38462	3.66e-54	202	67
MZ463749.1	391	nSX00369	43886	77.174	276	5	277	38187	38462	1.06e-54	204	70
MZ463750.1	392	nSX00369	43886	76.812	276	5	277	38187	38462	1.30e-53	199	70
MZ463751.1	393	nSX00369	43886	77.536	276	5	277	38187	38462	2.51e-56	208	69
MZ463752.1	394	nSX00369	43886	77.536	276	5	277	38187	38462	2.51e-56	208	69
MZ463753.1	394	nSX00369	43886	77.174	276	5	277	38187	38462	1.07e-54	204	69
MZ463754.1	394	nSX00369	43886	78.378	259	5	260	38187	38445	3.06e-55	205	65
MZ463755.1	394	nSX00369	43886	77.899	276	5	277	38187	38462	2.06e-57	213	69
MZ463756.1	394	nSX00369	43886	77.174	276	5	277	38187	38462	1.07e-54	204	69
MZ463757.1	394	nSX00369	43886	77.174	276	5	277	38187	38462	1.07e-54	204	69
MZ463758.1	394	nSX00369	43886	77.174	276	5	277	38187	38462	1.07e-54	204	69
MZ463759.1	410	nSX00369	43886	77.174	276	5	277	38187	38462	1.11e-54	204	67
FJ751925.1	394	nSX00369	43886	77.536	276	5	277	38187	38462	2.51e-56	208	69
FJ751926.1	395	nSX00369	43886	77.536	276	5	277	38187	38462	2.52e-56	208	69
FJ751927.1	395	nSX00369	43886	77.174	276	5	277	38187	38462	1.07e-54	204	69
FJ751930.1	395	nSX00369	43886	77.536	276	5	277	38187	38462	2.52e-56	208	69
FJ751933.1	396	nSX00369	43886	77.536	276	6	278	38187	38462	2.53e-56	208	69
FJ751934.1	395	nSX00369	43886	77.536	276	6	278	38187	38462	2.52e-56	208	69
MZ463745.1	387	nSX00372	43500	77.947	263	12	272	6327	6065	8.53e-56	206	67
MZ463746.1	387	nSX00372	43500	77.947	263	12	272	6327	6065	8.53e-56	206	67
MZ463747.1	387	nSX00372	43500	77.567	263	12	272	6327	6065	3.63e-54	202	67
MZ463748.1	387	nSX00372	43500	77.567	263	12	272	6327	6065	3.63e-54	202	67
MZ463749.1	391	nSX00372	43500	77.174	276	5	277	6340	6065	1.05e-54	204	70
MZ463750.1	392	nSX00372	43500	76.812	276	5	277	6340	6065	1.28e-53	199	70
MZ463751.1	393	nSX00372	43500	77.536	276	5	277	6340	6065	2.48e-56	208	69
MZ463752.1	394	nSX00372	43500	77.536	276	5	277	6340	6065	2.49e-56	208	69
MZ463753.1	394	nSX00372	43500	77.174	276	5	277	6340	6065	1.06e-54	204	69
MZ463754.1	394	nSX00372	43500	78.378	259	5	260	6340	6082	3.04e-55	205	65
MZ463755.1	394	nSX00372	43500	77.899	276	5	277	6340	6065	2.05e-57	213	69
MZ463756.1	394	nSX00372	43500	77.174	276	5	277	6340	6065	1.06e-54	204	69
MZ463757.1	394	nSX00372	43500	77.174	276	5	277	6340	6065	1.06e-54	204	69
MZ463758.1	394	nSX00372	43500	77.174	276	5	277	6340	6065	1.06e-54	204	69
MZ463759.1	410	nSX00372	43500	77.174	276	5	277	6340	6065	1.10e-54	204	67
FJ751925.1	394	nSX00372	43500	77.536	276	5	277	6340	6065	2.49e-56	208	69
FJ751926.1	395	nSX00372	43500	77.536	276	5	277	6340	6065	2.50e-56	208	69
FJ751927.1	395	nSX00372	43500	77.174	276	5	277	6340	6065	1.06e-54	204	69
FJ751930.1	395	nSX00372	43500	77.536	276	5	277	6340	6065	2.50e-56	208	69
FJ751933.1	396	nSX00372	43500	77.536	276	6	278	6340	6065	2.50e-56	208	69
FJ751934.1	395	nSX00372	43500	77.536	276	6	278	6340	6065	2.50e-56	208	69
MZ463745.1	387	nSX00375	43345	77.947	263	12	272	15860	15598	8.50e-56	206	67
MZ463746.1	387	nSX00375	43345	77.947	263	12	272	15860	15598	8.50e-56	206	67
MZ463747.1	387	nSX00375	43345	77.567	263	12	272	15860	15598	3.62e-54	202	67
MZ463748.1	387	nSX00375	43345	77.567	263	12	272	15860	15598	3.62e-54	202	67
MZ463749.1	391	nSX00375	43345	77.174	276	5	277	15873	15598	1.05e-54	204	70
MZ463750.1	392	nSX00375	43345	76.812	276	5	277	15873	15598	1.28e-53	199	70
MZ463751.1	393	nSX00375	43345	77.536	276	5	277	15873	15598	2.48e-56	208	69
MZ463752.1	394	nSX00375	43345	77.536	276	5	277	15873	15598	2.48e-56	208	69
MZ463753.1	394	nSX00375	43345	77.174	276	5	277	15873	15598	1.06e-54	204	69
MZ463754.1	394	nSX00375	43345	78.378	259	5	260	15873	15615	3.02e-55	205	65
MZ463755.1	394	nSX00375	43345	77.899	276	5	277	15873	15598	2.04e-57	213	69
MZ463756.1	394	nSX00375	43345	77.174	276	5	277	15873	15598	1.06e-54	204	69
MZ463757.1	394	nSX00375	43345	77.174	276	5	277	15873	15598	1.06e-54	204	69
MZ463758.1	394	nSX00375	43345	77.174	276	5	277	15873	15598	1.06e-54	204	69
MZ463759.1	410	nSX00375	43345	77.174	276	5	277	15873	15598	1.10e-54	204	67
FJ751925.1	394	nSX00375	43345	77.536	276	5	277	15873	15598	2.48e-56	208	69
FJ751926.1	395	nSX00375	43345	77.536	276	5	277	15873	15598	2.49e-56	208	69
FJ751927.1	395	nSX00375	43345	77.174	276	5	277	15873	15598	1.06e-54	204	69
FJ751930.1	395	nSX00375	43345	77.536	276	5	277	15873	15598	2.49e-56	208	69
FJ751933.1	396	nSX00375	43345	77.536	276	6	278	15873	15598	2.50e-56	208	69
FJ751934.1	395	nSX00375	43345	77.536	276	6	278	15873	15598	2.49e-56	208	69
MZ463745.1	387	nSX00377	43039	77.947	263	12	272	2770	2508	8.44e-56	206	67
MZ463746.1	387	nSX00377	43039	77.947	263	12	272	2770	2508	8.44e-56	206	67
MZ463747.1	387	nSX00377	43039	77.567	263	12	272	2770	2508	3.59e-54	202	67
MZ463748.1	387	nSX00377	43039	77.567	263	12	272	2770	2508	3.59e-54	202	67
MZ463749.1	391	nSX00377	43039	77.174	276	5	277	2783	2508	1.04e-54	204	70
MZ463750.1	392	nSX00377	43039	76.812	276	5	277	2783	2508	1.27e-53	199	70
MZ463751.1	393	nSX00377	43039	77.536	276	5	277	2783	2508	2.46e-56	208	69
MZ463752.1	394	nSX00377	43039	77.536	276	5	277	2783	2508	2.47e-56	208	69
MZ463753.1	394	nSX00377	43039	77.174	276	5	277	2783	2508	1.05e-54	204	69
MZ463754.1	394	nSX00377	43039	78.378	259	5	260	2783	2525	3.00e-55	205	65
MZ463755.1	394	nSX00377	43039	77.899	276	5	277	2783	2508	2.02e-57	213	69
MZ463756.1	394	nSX00377	43039	77.174	276	5	277	2783	2508	1.05e-54	204	69
MZ463757.1	394	nSX00377	43039	77.174	276	5	277	2783	2508	1.05e-54	204	69
MZ463758.1	394	nSX00377	43039	77.174	276	5	277	2783	2508	1.05e-54	204	69
MZ463759.1	410	nSX00377	43039	77.174	276	5	277	2783	2508	1.09e-54	204	67
FJ751925.1	394	nSX00377	43039	77.536	276	5	277	2783	2508	2.47e-56	208	69
FJ751926.1	395	nSX00377	43039	77.536	276	5	277	2783	2508	2.47e-56	208	69
FJ751927.1	395	nSX00377	43039	77.174	276	5	277	2783	2508	1.05e-54	204	69
FJ751930.1	395	nSX00377	43039	77.536	276	5	277	2783	2508	2.47e-56	208	69
FJ751933.1	396	nSX00377	43039	77.536	276	6	278	2783	2508	2.48e-56	208	69
FJ751934.1	395	nSX00377	43039	77.536	276	6	278	2783	2508	2.47e-56	208	69
MZ463745.1	387	nSX00379	42963	77.947	263	12	272	18318	18056	8.43e-56	206	67
MZ463746.1	387	nSX00379	42963	77.947	263	12	272	18318	18056	8.43e-56	206	67
MZ463747.1	387	nSX00379	42963	77.567	263	12	272	18318	18056	3.58e-54	202	67
MZ463748.1	387	nSX00379	42963	77.567	263	12	272	18318	18056	3.58e-54	202	67
MZ463749.1	391	nSX00379	42963	77.174	276	5	277	18331	18056	1.04e-54	204	70
MZ463750.1	392	nSX00379	42963	76.812	276	5	277	18331	18056	1.27e-53	199	70
MZ463751.1	393	nSX00379	42963	77.536	276	5	277	18331	18056	2.45e-56	208	69
MZ463752.1	394	nSX00379	42963	77.536	276	5	277	18331	18056	2.46e-56	208	69
MZ463753.1	394	nSX00379	42963	77.174	276	5	277	18331	18056	1.05e-54	204	69
MZ463754.1	394	nSX00379	42963	78.378	259	5	260	18331	18073	3.00e-55	205	65
MZ463755.1	394	nSX00379	42963	77.899	276	5	277	18331	18056	2.02e-57	213	69
MZ463756.1	394	nSX00379	42963	77.174	276	5	277	18331	18056	1.05e-54	204	69
MZ463757.1	394	nSX00379	42963	77.174	276	5	277	18331	18056	1.05e-54	204	69
MZ463758.1	394	nSX00379	42963	77.174	276	5	277	18331	18056	1.05e-54	204	69
MZ463759.1	410	nSX00379	42963	77.174	276	5	277	18331	18056	1.09e-54	204	67
FJ751925.1	394	nSX00379	42963	77.536	276	5	277	18331	18056	2.46e-56	208	69
FJ751926.1	395	nSX00379	42963	77.536	276	5	277	18331	18056	2.47e-56	208	69
FJ751927.1	395	nSX00379	42963	77.174	276	5	277	18331	18056	1.05e-54	204	69
FJ751930.1	395	nSX00379	42963	77.536	276	5	277	18331	18056	2.47e-56	208	69
FJ751933.1	396	nSX00379	42963	77.536	276	6	278	18331	18056	2.47e-56	208	69
FJ751934.1	395	nSX00379	42963	77.536	276	6	278	18331	18056	2.47e-56	208	69
MZ463745.1	387	nSX00383	42361	77.947	263	12	272	4996	4734	8.31e-56	206	67
MZ463746.1	387	nSX00383	42361	77.947	263	12	272	4996	4734	8.31e-56	206	67
MZ463747.1	387	nSX00383	42361	77.567	263	12	272	4996	4734	3.53e-54	202	67
MZ463748.1	387	nSX00383	42361	77.567	263	12	272	4996	4734	3.53e-54	202	67
MZ463749.1	391	nSX00383	42361	77.174	276	5	277	5009	4734	1.02e-54	204	70
MZ463750.1	392	nSX00383	42361	76.812	276	5	277	5009	4734	1.25e-53	199	70
MZ463751.1	393	nSX00383	42361	77.536	276	5	277	5009	4734	2.42e-56	208	69
MZ463752.1	394	nSX00383	42361	77.536	276	5	277	5009	4734	2.43e-56	208	69
MZ463753.1	394	nSX00383	42361	77.174	276	5	277	5009	4734	1.03e-54	204	69
MZ463754.1	394	nSX00383	42361	78.378	259	5	260	5009	4751	2.96e-55	205	65
MZ463755.1	394	nSX00383	42361	77.899	276	5	277	5009	4734	1.99e-57	213	69
MZ463756.1	394	nSX00383	42361	77.174	276	5	277	5009	4734	1.03e-54	204	69
MZ463757.1	394	nSX00383	42361	77.174	276	5	277	5009	4734	1.03e-54	204	69
MZ463758.1	394	nSX00383	42361	77.174	276	5	277	5009	4734	1.03e-54	204	69
MZ463759.1	410	nSX00383	42361	77.174	276	5	277	5009	4734	1.08e-54	204	67
FJ751925.1	394	nSX00383	42361	77.536	276	5	277	5009	4734	2.43e-56	208	69
FJ751926.1	395	nSX00383	42361	77.536	276	5	277	5009	4734	2.43e-56	208	69
FJ751927.1	395	nSX00383	42361	77.174	276	5	277	5009	4734	1.03e-54	204	69
FJ751930.1	395	nSX00383	42361	77.536	276	5	277	5009	4734	2.43e-56	208	69
FJ751933.1	396	nSX00383	42361	77.536	276	6	278	5009	4734	2.44e-56	208	69
FJ751934.1	395	nSX00383	42361	77.536	276	6	278	5009	4734	2.43e-56	208	69
MZ463745.1	387	nSX00396	41551	76.493	268	12	272	8777	9044	9.30e-49	184	67
MZ463746.1	387	nSX00396	41551	76.493	268	12	272	8777	9044	9.30e-49	184	67
MZ463747.1	387	nSX00396	41551	76.119	268	12	272	8777	9044	1.13e-47	179	67
MZ463748.1	387	nSX00396	41551	76.119	268	12	272	8777	9044	1.13e-47	179	67
MZ463749.1	391	nSX00396	41551	75.801	281	5	277	8764	9044	3.28e-48	181	70
MZ463750.1	392	nSX00396	41551	75.445	281	5	277	8764	9044	1.40e-46	177	70
MZ463751.1	393	nSX00396	41551	76.157	281	5	277	8764	9044	2.71e-49	186	69
MZ463752.1	394	nSX00396	41551	76.157	281	5	277	8764	9044	2.72e-49	186	69
MZ463753.1	394	nSX00396	41551	75.801	281	5	277	8764	9044	3.31e-48	181	69
MZ463754.1	394	nSX00396	41551	77.273	264	5	260	8764	9027	3.31e-48	182	65
MZ463755.1	394	nSX00396	41551	76.512	281	5	277	8764	9044	6.39e-51	190	69
MZ463756.1	394	nSX00396	41551	75.801	281	5	277	8764	9044	3.31e-48	181	69
MZ463757.1	394	nSX00396	41551	75.801	281	5	277	8764	9044	3.31e-48	181	69
MZ463758.1	394	nSX00396	41551	75.801	281	5	277	8764	9044	3.31e-48	181	69
MZ463759.1	410	nSX00396	41551	75.801	281	5	277	8764	9044	3.45e-48	181	67
FJ751925.1	394	nSX00396	41551	76.157	281	5	277	8764	9044	2.72e-49	186	69
FJ751926.1	395	nSX00396	41551	76.157	281	5	277	8764	9044	2.72e-49	186	69
FJ751927.1	395	nSX00396	41551	75.801	281	5	277	8764	9044	3.32e-48	181	69
FJ751930.1	395	nSX00396	41551	76.157	281	5	277	8764	9044	2.72e-49	186	69
FJ751933.1	396	nSX00396	41551	76.157	281	6	278	8764	9044	2.73e-49	186	69
FJ751934.1	395	nSX00396	41551	76.157	281	6	278	8764	9044	2.72e-49	186	69
MZ463745.1	387	nSX00398	41494	77.947	263	12	272	22468	22730	8.14e-56	206	67
MZ463746.1	387	nSX00398	41494	77.947	263	12	272	22468	22730	8.14e-56	206	67
MZ463747.1	387	nSX00398	41494	77.567	263	12	272	22468	22730	3.46e-54	202	67
MZ463748.1	387	nSX00398	41494	77.567	263	12	272	22468	22730	3.46e-54	202	67
MZ463749.1	391	nSX00398	41494	77.174	276	5	277	22455	22730	1.00e-54	204	70
MZ463750.1	392	nSX00398	41494	76.812	276	5	277	22455	22730	1.22e-53	199	70
MZ463751.1	393	nSX00398	41494	77.536	276	5	277	22455	22730	2.37e-56	208	69
MZ463752.1	394	nSX00398	41494	77.536	276	5	277	22455	22730	2.38e-56	208	69
MZ463753.1	394	nSX00398	41494	77.174	276	5	277	22455	22730	1.01e-54	204	69
MZ463754.1	394	nSX00398	41494	78.378	259	5	260	22455	22713	2.90e-55	205	65
MZ463755.1	394	nSX00398	41494	77.899	276	5	277	22455	22730	1.95e-57	213	69
MZ463756.1	394	nSX00398	41494	77.174	276	5	277	22455	22730	1.01e-54	204	69
MZ463757.1	394	nSX00398	41494	77.174	276	5	277	22455	22730	1.01e-54	204	69
MZ463758.1	394	nSX00398	41494	77.174	276	5	277	22455	22730	1.01e-54	204	69
MZ463759.1	410	nSX00398	41494	77.174	276	5	277	22455	22730	1.05e-54	204	67
FJ751925.1	394	nSX00398	41494	77.536	276	5	277	22455	22730	2.38e-56	208	69
FJ751926.1	395	nSX00398	41494	77.536	276	5	277	22455	22730	2.38e-56	208	69
FJ751927.1	395	nSX00398	41494	77.174	276	5	277	22455	22730	1.01e-54	204	69
FJ751930.1	395	nSX00398	41494	77.536	276	5	277	22455	22730	2.38e-56	208	69
FJ751933.1	396	nSX00398	41494	77.536	276	6	278	22455	22730	2.39e-56	208	69
FJ751934.1	395	nSX00398	41494	77.536	276	6	278	22455	22730	2.38e-56	208	69
MZ463745.1	387	nSX00401	41370	77.947	263	12	272	38878	39140	8.12e-56	206	67
MZ463746.1	387	nSX00401	41370	77.947	263	12	272	38878	39140	8.12e-56	206	67
MZ463747.1	387	nSX00401	41370	77.567	263	12	272	38878	39140	3.45e-54	202	67
MZ463748.1	387	nSX00401	41370	77.567	263	12	272	38878	39140	3.45e-54	202	67
MZ463749.1	391	nSX00401	41370	77.174	276	5	277	38865	39140	9.99e-55	204	70
MZ463750.1	392	nSX00401	41370	76.812	276	5	277	38865	39140	1.22e-53	199	70
MZ463751.1	393	nSX00401	41370	77.536	276	5	277	38865	39140	2.36e-56	208	69
MZ463752.1	394	nSX00401	41370	77.536	276	5	277	38865	39140	2.37e-56	208	69
MZ463753.1	394	nSX00401	41370	77.174	276	5	277	38865	39140	1.01e-54	204	69
MZ463754.1	394	nSX00401	41370	78.378	259	5	260	38865	39123	2.89e-55	205	65
MZ463755.1	394	nSX00401	41370	77.899	276	5	277	38865	39140	1.94e-57	213	69
MZ463756.1	394	nSX00401	41370	77.174	276	5	277	38865	39140	1.01e-54	204	69
MZ463757.1	394	nSX00401	41370	77.174	276	5	277	38865	39140	1.01e-54	204	69
MZ463758.1	394	nSX00401	41370	77.174	276	5	277	38865	39140	1.01e-54	204	69
MZ463759.1	410	nSX00401	41370	77.174	276	5	277	38865	39140	1.05e-54	204	67
FJ751925.1	394	nSX00401	41370	77.536	276	5	277	38865	39140	2.37e-56	208	69
FJ751926.1	395	nSX00401	41370	77.536	276	5	277	38865	39140	2.38e-56	208	69
FJ751927.1	395	nSX00401	41370	77.174	276	5	277	38865	39140	1.01e-54	204	69
FJ751930.1	395	nSX00401	41370	77.536	276	5	277	38865	39140	2.38e-56	208	69
FJ751933.1	396	nSX00401	41370	77.536	276	6	278	38865	39140	2.38e-56	208	69
FJ751934.1	395	nSX00401	41370	77.536	276	6	278	38865	39140	2.38e-56	208	69
MZ463745.1	387	nSX00406	40966	77.947	263	12	272	6748	7010	8.04e-56	206	67
MZ463746.1	387	nSX00406	40966	77.947	263	12	272	6748	7010	8.04e-56	206	67
MZ463747.1	387	nSX00406	40966	77.567	263	12	272	6748	7010	3.42e-54	202	67
MZ463748.1	387	nSX00406	40966	77.567	263	12	272	6748	7010	3.42e-54	202	67
MZ463749.1	391	nSX00406	40966	77.174	276	5	277	6735	7010	9.90e-55	204	70
MZ463750.1	392	nSX00406	40966	76.812	276	5	277	6735	7010	1.21e-53	199	70
MZ463751.1	393	nSX00406	40966	77.536	276	5	277	6735	7010	2.34e-56	208	69
MZ463752.1	394	nSX00406	40966	77.536	276	5	277	6735	7010	2.35e-56	208	69
MZ463753.1	394	nSX00406	40966	77.174	276	5	277	6735	7010	9.98e-55	204	69
MZ463754.1	394	nSX00406	40966	78.378	259	5	260	6735	6993	2.86e-55	205	65
MZ463755.1	394	nSX00406	40966	77.899	276	5	277	6735	7010	1.93e-57	213	69
MZ463756.1	394	nSX00406	40966	77.174	276	5	277	6735	7010	9.98e-55	204	69
MZ463757.1	394	nSX00406	40966	77.174	276	5	277	6735	7010	9.98e-55	204	69
MZ463758.1	394	nSX00406	40966	77.174	276	5	277	6735	7010	9.98e-55	204	69
MZ463759.1	410	nSX00406	40966	77.174	276	5	277	6735	7010	1.04e-54	204	67
FJ751925.1	394	nSX00406	40966	77.536	276	5	277	6735	7010	2.35e-56	208	69
FJ751926.1	395	nSX00406	40966	77.536	276	5	277	6735	7010	2.35e-56	208	69
FJ751927.1	395	nSX00406	40966	77.174	276	5	277	6735	7010	1.00e-54	204	69
FJ751930.1	395	nSX00406	40966	77.536	276	5	277	6735	7010	2.35e-56	208	69
FJ751933.1	396	nSX00406	40966	77.536	276	6	278	6735	7010	2.36e-56	208	69
FJ751934.1	395	nSX00406	40966	77.536	276	6	278	6735	7010	2.35e-56	208	69
MZ463745.1	387	nSX00414	40511	77.947	263	12	272	26102	25840	7.95e-56	206	67
MZ463746.1	387	nSX00414	40511	77.947	263	12	272	26102	25840	7.95e-56	206	67
MZ463747.1	387	nSX00414	40511	77.567	263	12	272	26102	25840	3.38e-54	202	67
MZ463748.1	387	nSX00414	40511	77.567	263	12	272	26102	25840	3.38e-54	202	67
MZ463749.1	391	nSX00414	40511	77.174	276	5	277	26115	25840	9.79e-55	204	70
MZ463750.1	392	nSX00414	40511	76.812	276	5	277	26115	25840	1.20e-53	199	70
MZ463751.1	393	nSX00414	40511	77.536	276	5	277	26115	25840	2.31e-56	208	69
MZ463752.1	394	nSX00414	40511	77.536	276	5	277	26115	25840	2.32e-56	208	69
MZ463753.1	394	nSX00414	40511	77.174	276	5	277	26115	25840	9.87e-55	204	69
MZ463754.1	394	nSX00414	40511	78.378	259	5	260	26115	25857	2.83e-55	205	65
MZ463755.1	394	nSX00414	40511	77.899	276	5	277	26115	25840	1.90e-57	213	69
MZ463756.1	394	nSX00414	40511	77.174	276	5	277	26115	25840	9.87e-55	204	69
MZ463757.1	394	nSX00414	40511	77.174	276	5	277	26115	25840	9.87e-55	204	69
MZ463758.1	394	nSX00414	40511	77.174	276	5	277	26115	25840	9.87e-55	204	69
MZ463759.1	410	nSX00414	40511	77.174	276	5	277	26115	25840	1.03e-54	204	67
FJ751925.1	394	nSX00414	40511	77.536	276	5	277	26115	25840	2.32e-56	208	69
FJ751926.1	395	nSX00414	40511	77.536	276	5	277	26115	25840	2.33e-56	208	69
FJ751927.1	395	nSX00414	40511	77.174	276	5	277	26115	25840	9.89e-55	204	69
FJ751930.1	395	nSX00414	40511	77.536	276	5	277	26115	25840	2.33e-56	208	69
FJ751933.1	396	nSX00414	40511	77.536	276	6	278	26115	25840	2.33e-56	208	69
FJ751934.1	395	nSX00414	40511	77.536	276	6	278	26115	25840	2.33e-56	208	69
MZ463745.1	387	nSX00416	40254	77.947	263	12	272	4720	4982	7.92e-56	206	67
MZ463745.1	387	nSX00416	40254	77.947	263	12	272	39183	38921	7.92e-56	206	67
MZ463746.1	387	nSX00416	40254	77.947	263	12	272	4720	4982	7.92e-56	206	67
MZ463746.1	387	nSX00416	40254	77.947	263	12	272	39183	38921	7.92e-56	206	67
MZ463747.1	387	nSX00416	40254	77.567	263	12	272	4720	4982	3.37e-54	202	67
MZ463747.1	387	nSX00416	40254	77.567	263	12	272	39183	38921	3.37e-54	202	67
MZ463748.1	387	nSX00416	40254	77.567	263	12	272	4720	4982	3.37e-54	202	67
MZ463748.1	387	nSX00416	40254	77.567	263	12	272	39183	38921	3.37e-54	202	67
MZ463749.1	391	nSX00416	40254	77.174	276	5	277	4707	4982	9.72e-55	204	70
MZ463749.1	391	nSX00416	40254	77.174	276	5	277	39196	38921	9.72e-55	204	70
MZ463750.1	392	nSX00416	40254	76.812	276	5	277	4707	4982	1.19e-53	199	70
MZ463750.1	392	nSX00416	40254	76.812	276	5	277	39196	38921	1.19e-53	199	70
MZ463751.1	393	nSX00416	40254	77.536	276	5	277	4707	4982	2.30e-56	208	69
MZ463751.1	393	nSX00416	40254	77.536	276	5	277	39196	38921	2.30e-56	208	69
MZ463752.1	394	nSX00416	40254	77.536	276	5	277	4707	4982	2.31e-56	208	69
MZ463752.1	394	nSX00416	40254	77.536	276	5	277	39196	38921	2.31e-56	208	69
MZ463753.1	394	nSX00416	40254	77.174	276	5	277	4707	4982	9.80e-55	204	69
MZ463753.1	394	nSX00416	40254	77.174	276	5	277	39196	38921	9.80e-55	204	69
MZ463754.1	394	nSX00416	40254	78.378	259	5	260	4707	4965	2.81e-55	205	65
MZ463754.1	394	nSX00416	40254	78.378	259	5	260	39196	38938	2.81e-55	205	65
MZ463755.1	394	nSX00416	40254	77.899	276	5	277	4707	4982	1.89e-57	213	69
MZ463755.1	394	nSX00416	40254	77.899	276	5	277	39196	38921	1.89e-57	213	69
MZ463756.1	394	nSX00416	40254	77.174	276	5	277	4707	4982	9.80e-55	204	69
MZ463756.1	394	nSX00416	40254	77.174	276	5	277	39196	38921	9.80e-55	204	69
MZ463757.1	394	nSX00416	40254	77.174	276	5	277	4707	4982	9.80e-55	204	69
MZ463757.1	394	nSX00416	40254	77.174	276	5	277	39196	38921	9.80e-55	204	69
MZ463758.1	394	nSX00416	40254	77.174	276	5	277	4707	4982	9.80e-55	204	69
MZ463758.1	394	nSX00416	40254	77.174	276	5	277	39196	38921	9.80e-55	204	69
MZ463759.1	410	nSX00416	40254	77.174	276	5	277	4707	4982	1.02e-54	204	67
MZ463759.1	410	nSX00416	40254	77.174	276	5	277	39196	38921	1.02e-54	204	67
FJ751925.1	394	nSX00416	40254	77.536	276	5	277	4707	4982	2.31e-56	208	69
FJ751925.1	394	nSX00416	40254	77.536	276	5	277	39196	38921	2.31e-56	208	69
FJ751926.1	395	nSX00416	40254	77.536	276	5	277	4707	4982	2.31e-56	208	69
FJ751926.1	395	nSX00416	40254	77.536	276	5	277	39196	38921	2.31e-56	208	69
FJ751927.1	395	nSX00416	40254	77.174	276	5	277	4707	4982	9.83e-55	204	69
FJ751927.1	395	nSX00416	40254	77.174	276	5	277	39196	38921	9.83e-55	204	69
FJ751930.1	395	nSX00416	40254	77.536	276	5	277	4707	4982	2.31e-56	208	69
FJ751930.1	395	nSX00416	40254	77.536	276	5	277	39196	38921	2.31e-56	208	69
FJ751933.1	396	nSX00416	40254	77.536	276	6	278	4707	4982	2.32e-56	208	69
FJ751933.1	396	nSX00416	40254	77.536	276	6	278	39196	38921	2.32e-56	208	69
FJ751934.1	395	nSX00416	40254	77.536	276	6	278	4707	4982	2.31e-56	208	69
FJ751934.1	395	nSX00416	40254	77.536	276	6	278	39196	38921	2.31e-56	208	69
MZ463745.1	387	nSX00418	40041	77.947	263	12	272	13802	14064	7.88e-56	206	67
MZ463746.1	387	nSX00418	40041	77.947	263	12	272	13802	14064	7.88e-56	206	67
MZ463747.1	387	nSX00418	40041	77.567	263	12	272	13802	14064	3.35e-54	202	67
MZ463748.1	387	nSX00418	40041	77.567	263	12	272	13802	14064	3.35e-54	202	67
MZ463749.1	391	nSX00418	40041	77.174	276	5	277	13789	14064	9.67e-55	204	70
MZ463750.1	392	nSX00418	40041	76.812	276	5	277	13789	14064	1.18e-53	199	70
MZ463751.1	393	nSX00418	40041	77.536	276	5	277	13789	14064	2.29e-56	208	69
MZ463752.1	394	nSX00418	40041	77.536	276	5	277	13789	14064	2.29e-56	208	69
MZ463753.1	394	nSX00418	40041	77.174	276	5	277	13789	14064	9.75e-55	204	69
MZ463754.1	394	nSX00418	40041	78.378	259	5	260	13789	14047	2.79e-55	205	65
MZ463755.1	394	nSX00418	40041	77.899	276	5	277	13789	14064	1.88e-57	213	69
MZ463756.1	394	nSX00418	40041	77.174	276	5	277	13789	14064	9.75e-55	204	69
MZ463757.1	394	nSX00418	40041	77.174	276	5	277	13789	14064	9.75e-55	204	69
MZ463758.1	394	nSX00418	40041	77.174	276	5	277	13789	14064	9.75e-55	204	69
MZ463759.1	410	nSX00418	40041	77.174	276	5	277	13789	14064	1.02e-54	204	67
FJ751925.1	394	nSX00418	40041	77.536	276	5	277	13789	14064	2.29e-56	208	69
FJ751926.1	395	nSX00418	40041	77.536	276	5	277	13789	14064	2.30e-56	208	69
FJ751927.1	395	nSX00418	40041	77.174	276	5	277	13789	14064	9.78e-55	204	69
FJ751930.1	395	nSX00418	40041	77.536	276	5	277	13789	14064	2.30e-56	208	69
FJ751933.1	396	nSX00418	40041	77.536	276	6	278	13789	14064	2.31e-56	208	69
FJ751934.1	395	nSX00418	40041	77.536	276	6	278	13789	14064	2.30e-56	208	69
MZ463745.1	387	nSX00420	39987	77.947	263	12	272	6828	7090	7.87e-56	206	67
MZ463746.1	387	nSX00420	39987	77.947	263	12	272	6828	7090	7.87e-56	206	67
MZ463747.1	387	nSX00420	39987	77.567	263	12	272	6828	7090	3.34e-54	202	67
MZ463748.1	387	nSX00420	39987	77.567	263	12	272	6828	7090	3.34e-54	202	67
MZ463749.1	391	nSX00420	39987	77.174	276	5	277	6815	7090	9.66e-55	204	70
MZ463750.1	392	nSX00420	39987	76.812	276	5	277	6815	7090	1.18e-53	199	70
MZ463751.1	393	nSX00420	39987	77.536	276	5	277	6815	7090	2.28e-56	208	69
MZ463752.1	394	nSX00420	39987	77.536	276	5	277	6815	7090	2.29e-56	208	69
MZ463753.1	394	nSX00420	39987	77.174	276	5	277	6815	7090	9.74e-55	204	69
MZ463754.1	394	nSX00420	39987	78.378	259	5	260	6815	7073	2.79e-55	205	65
MZ463755.1	394	nSX00420	39987	77.899	276	5	277	6815	7090	1.88e-57	213	69
MZ463756.1	394	nSX00420	39987	77.174	276	5	277	6815	7090	9.74e-55	204	69
MZ463757.1	394	nSX00420	39987	77.174	276	5	277	6815	7090	9.74e-55	204	69
MZ463758.1	394	nSX00420	39987	77.174	276	5	277	6815	7090	9.74e-55	204	69
MZ463759.1	410	nSX00420	39987	77.174	276	5	277	6815	7090	1.02e-54	204	67
FJ751925.1	394	nSX00420	39987	77.536	276	5	277	6815	7090	2.29e-56	208	69
FJ751926.1	395	nSX00420	39987	77.536	276	5	277	6815	7090	2.30e-56	208	69
FJ751927.1	395	nSX00420	39987	77.174	276	5	277	6815	7090	9.76e-55	204	69
FJ751930.1	395	nSX00420	39987	77.536	276	5	277	6815	7090	2.30e-56	208	69
FJ751933.1	396	nSX00420	39987	77.536	276	6	278	6815	7090	2.30e-56	208	69
FJ751934.1	395	nSX00420	39987	77.536	276	6	278	6815	7090	2.30e-56	208	69
MZ463745.1	387	nSX00422	39869	77.947	263	12	272	2458	2196	7.84e-56	206	67
MZ463746.1	387	nSX00422	39869	77.947	263	12	272	2458	2196	7.84e-56	206	67
MZ463747.1	387	nSX00422	39869	77.567	263	12	272	2458	2196	3.33e-54	202	67
MZ463748.1	387	nSX00422	39869	77.567	263	12	272	2458	2196	3.33e-54	202	67
MZ463749.1	391	nSX00422	39869	77.174	276	5	277	2471	2196	9.66e-55	204	70
MZ463750.1	392	nSX00422	39869	76.812	276	5	277	2471	2196	1.18e-53	199	70
MZ463751.1	393	nSX00422	39869	77.536	276	5	277	2471	2196	2.28e-56	208	69
MZ463752.1	394	nSX00422	39869	77.536	276	5	277	2471	2196	2.28e-56	208	69
MZ463753.1	394	nSX00422	39869	77.174	276	5	277	2471	2196	9.71e-55	204	69
MZ463754.1	394	nSX00422	39869	78.378	259	5	260	2471	2213	2.78e-55	205	65
MZ463755.1	394	nSX00422	39869	77.899	276	5	277	2471	2196	1.87e-57	213	69
MZ463756.1	394	nSX00422	39869	77.174	276	5	277	2471	2196	9.71e-55	204	69
MZ463757.1	394	nSX00422	39869	77.174	276	5	277	2471	2196	9.71e-55	204	69
MZ463758.1	394	nSX00422	39869	77.174	276	5	277	2471	2196	9.71e-55	204	69
MZ463759.1	410	nSX00422	39869	77.174	276	5	277	2471	2196	1.01e-54	204	67
FJ751925.1	394	nSX00422	39869	77.536	276	5	277	2471	2196	2.28e-56	208	69
FJ751926.1	395	nSX00422	39869	77.536	276	5	277	2471	2196	2.29e-56	208	69
FJ751927.1	395	nSX00422	39869	77.174	276	5	277	2471	2196	9.74e-55	204	69
FJ751930.1	395	nSX00422	39869	77.536	276	5	277	2471	2196	2.29e-56	208	69
FJ751933.1	396	nSX00422	39869	77.536	276	6	278	2471	2196	2.30e-56	208	69
FJ751934.1	395	nSX00422	39869	77.536	276	6	278	2471	2196	2.29e-56	208	69
MZ463745.1	387	nSX00435	39216	77.947	263	12	272	3325	3587	7.71e-56	206	67
MZ463745.1	387	nSX00435	39216	77.652	264	12	272	37784	37521	1.14e-53	200	67
MZ463746.1	387	nSX00435	39216	77.947	263	12	272	3325	3587	7.71e-56	206	67
MZ463746.1	387	nSX00435	39216	77.652	264	12	272	37784	37521	1.14e-53	200	67
MZ463747.1	387	nSX00435	39216	77.567	263	12	272	3325	3587	3.28e-54	202	67
MZ463747.1	387	nSX00435	39216	77.273	264	12	272	37784	37521	1.39e-52	196	67
MZ463748.1	387	nSX00435	39216	77.567	263	12	272	3325	3587	3.28e-54	202	67
MZ463748.1	387	nSX00435	39216	77.273	264	12	272	37784	37521	1.39e-52	196	67
MZ463749.1	391	nSX00435	39216	77.174	276	5	277	3312	3587	9.50e-55	204	70
MZ463749.1	391	nSX00435	39216	76.895	277	5	277	37797	37521	4.04e-53	197	70
MZ463750.1	392	nSX00435	39216	76.812	276	5	277	3312	3587	1.16e-53	199	70
MZ463750.1	392	nSX00435	39216	76.534	277	5	277	37797	37521	1.72e-51	193	70
MZ463751.1	393	nSX00435	39216	77.536	276	5	277	3312	3587	2.25e-56	208	69
MZ463751.1	393	nSX00435	39216	77.256	277	5	277	37797	37521	3.33e-54	202	69
MZ463752.1	394	nSX00435	39216	77.536	276	5	277	3312	3587	2.25e-56	208	69
MZ463752.1	394	nSX00435	39216	77.256	277	5	277	37797	37521	3.34e-54	202	69
MZ463753.1	394	nSX00435	39216	77.174	276	5	277	3312	3587	9.58e-55	204	69
MZ463753.1	394	nSX00435	39216	76.895	277	5	277	37797	37521	4.07e-53	197	69
MZ463754.1	394	nSX00435	39216	78.378	259	5	260	3312	3570	2.74e-55	205	65
MZ463754.1	394	nSX00435	39216	78.077	260	5	260	37797	37538	4.07e-53	198	65
MZ463755.1	394	nSX00435	39216	77.899	276	5	277	3312	3587	1.85e-57	213	69
MZ463755.1	394	nSX00435	39216	77.617	277	5	277	37797	37521	7.86e-56	206	69
MZ463756.1	394	nSX00435	39216	77.174	276	5	277	3312	3587	9.58e-55	204	69
MZ463756.1	394	nSX00435	39216	76.895	277	5	277	37797	37521	4.07e-53	197	69
MZ463757.1	394	nSX00435	39216	77.174	276	5	277	3312	3587	9.58e-55	204	69
MZ463757.1	394	nSX00435	39216	76.895	277	5	277	37797	37521	4.07e-53	197	69
MZ463758.1	394	nSX00435	39216	77.174	276	5	277	3312	3587	9.58e-55	204	69
MZ463758.1	394	nSX00435	39216	76.895	277	5	277	37797	37521	4.07e-53	197	69
MZ463759.1	410	nSX00435	39216	77.174	276	5	277	3312	3587	9.96e-55	204	67
MZ463759.1	410	nSX00435	39216	76.895	277	5	277	37797	37521	4.23e-53	197	67
FJ751925.1	394	nSX00435	39216	77.536	276	5	277	3312	3587	2.25e-56	208	69
FJ751925.1	394	nSX00435	39216	77.256	277	5	277	37797	37521	3.34e-54	202	69
FJ751926.1	395	nSX00435	39216	77.536	276	5	277	3312	3587	2.26e-56	208	69
FJ751926.1	395	nSX00435	39216	77.256	277	5	277	37797	37521	3.35e-54	202	69
FJ751927.1	395	nSX00435	39216	77.174	276	5	277	3312	3587	9.60e-55	204	69
FJ751927.1	395	nSX00435	39216	76.895	277	5	277	37797	37521	4.08e-53	197	69
FJ751930.1	395	nSX00435	39216	77.536	276	5	277	3312	3587	2.26e-56	208	69
FJ751930.1	395	nSX00435	39216	77.256	277	5	277	37797	37521	3.35e-54	202	69
FJ751933.1	396	nSX00435	39216	77.536	276	6	278	3312	3587	2.26e-56	208	69
FJ751933.1	396	nSX00435	39216	77.256	277	6	278	37797	37521	3.36e-54	202	69
FJ751934.1	395	nSX00435	39216	77.536	276	6	278	3312	3587	2.26e-56	208	69
FJ751934.1	395	nSX00435	39216	77.256	277	6	278	37797	37521	3.35e-54	202	69
MZ463745.1	387	nSX00437	39124	77.947	263	12	272	34633	34371	7.70e-56	206	67
MZ463745.1	387	nSX00437	39124	77.947	263	12	272	164	425	9.38e-55	203	67
MZ463746.1	387	nSX00437	39124	77.947	263	12	272	34633	34371	7.70e-56	206	67
MZ463746.1	387	nSX00437	39124	77.947	263	12	272	164	425	9.38e-55	203	67
MZ463747.1	387	nSX00437	39124	77.567	263	12	272	34633	34371	3.27e-54	202	67
MZ463747.1	387	nSX00437	39124	77.567	263	12	272	164	425	3.99e-53	198	67
MZ463748.1	387	nSX00437	39124	77.567	263	12	272	34633	34371	3.27e-54	202	67
MZ463748.1	387	nSX00437	39124	77.567	263	12	272	164	425	3.99e-53	198	67
MZ463749.1	391	nSX00437	39124	77.174	276	5	277	34646	34371	9.48e-55	204	70
MZ463749.1	391	nSX00437	39124	77.174	276	5	277	151	425	1.15e-53	200	70
MZ463750.1	392	nSX00437	39124	76.812	276	5	277	34646	34371	1.16e-53	199	70
MZ463750.1	392	nSX00437	39124	76.812	276	5	277	151	425	1.41e-52	196	70
MZ463751.1	393	nSX00437	39124	77.536	276	5	277	34646	34371	2.24e-56	208	69
MZ463751.1	393	nSX00437	39124	77.536	276	5	277	151	425	2.73e-55	205	69
MZ463752.1	394	nSX00437	39124	77.536	276	5	277	34646	34371	2.25e-56	208	69
MZ463752.1	394	nSX00437	39124	77.536	276	5	277	151	425	2.74e-55	205	69
MZ463753.1	394	nSX00437	39124	77.174	276	5	277	34646	34371	9.55e-55	204	69
MZ463753.1	394	nSX00437	39124	77.174	276	5	277	151	425	1.16e-53	200	69
MZ463754.1	394	nSX00437	39124	78.378	259	5	260	34646	34388	2.74e-55	205	65
MZ463754.1	394	nSX00437	39124	78.378	259	5	260	151	408	3.33e-54	201	65
MZ463755.1	394	nSX00437	39124	77.899	276	5	277	34646	34371	1.84e-57	213	69
MZ463755.1	394	nSX00437	39124	77.899	276	5	277	151	425	2.25e-56	209	69
MZ463756.1	394	nSX00437	39124	77.174	276	5	277	34646	34371	9.55e-55	204	69
MZ463756.1	394	nSX00437	39124	77.174	276	5	277	151	425	1.16e-53	200	69
MZ463757.1	394	nSX00437	39124	77.174	276	5	277	34646	34371	9.55e-55	204	69
MZ463757.1	394	nSX00437	39124	77.174	276	5	277	151	425	1.16e-53	200	69
MZ463758.1	394	nSX00437	39124	77.174	276	5	277	34646	34371	9.55e-55	204	69
MZ463758.1	394	nSX00437	39124	77.174	276	5	277	151	425	1.16e-53	200	69
MZ463759.1	410	nSX00437	39124	77.174	276	5	277	34646	34371	9.93e-55	204	67
MZ463759.1	410	nSX00437	39124	77.174	276	5	277	151	425	1.21e-53	200	67
FJ751925.1	394	nSX00437	39124	77.536	276	5	277	34646	34371	2.25e-56	208	69
FJ751925.1	394	nSX00437	39124	77.536	276	5	277	151	425	2.74e-55	205	69
FJ751926.1	395	nSX00437	39124	77.536	276	5	277	34646	34371	2.25e-56	208	69
FJ751926.1	395	nSX00437	39124	77.536	276	5	277	151	425	2.74e-55	205	69
FJ751927.1	395	nSX00437	39124	77.174	276	5	277	34646	34371	9.58e-55	204	69
FJ751927.1	395	nSX00437	39124	77.174	276	5	277	151	425	1.17e-53	200	69
FJ751930.1	395	nSX00437	39124	77.536	276	5	277	34646	34371	2.25e-56	208	69
FJ751930.1	395	nSX00437	39124	77.536	276	5	277	151	425	2.74e-55	205	69
FJ751933.1	396	nSX00437	39124	77.536	276	6	278	34646	34371	2.26e-56	208	69
FJ751933.1	396	nSX00437	39124	77.536	276	6	278	151	425	2.75e-55	205	69
FJ751934.1	395	nSX00437	39124	77.536	276	6	278	34646	34371	2.25e-56	208	69
FJ751934.1	395	nSX00437	39124	77.536	276	6	278	151	425	2.74e-55	205	69
MZ463745.1	387	nSX00438	39083	77.947	263	12	272	6938	7200	7.69e-56	206	67
MZ463746.1	387	nSX00438	39083	77.947	263	12	272	6938	7200	7.69e-56	206	67
MZ463747.1	387	nSX00438	39083	77.567	263	12	272	6938	7200	3.27e-54	202	67
MZ463748.1	387	nSX00438	39083	77.567	263	12	272	6938	7200	3.27e-54	202	67
MZ463749.1	391	nSX00438	39083	77.174	276	5	277	6925	7200	9.47e-55	204	70
MZ463750.1	392	nSX00438	39083	76.812	276	5	277	6925	7200	1.16e-53	199	70
MZ463751.1	393	nSX00438	39083	77.536	276	5	277	6925	7200	2.24e-56	208	69
MZ463752.1	394	nSX00438	39083	77.536	276	5	277	6925	7200	2.24e-56	208	69
MZ463753.1	394	nSX00438	39083	77.174	276	5	277	6925	7200	9.54e-55	204	69
MZ463754.1	394	nSX00438	39083	78.378	259	5	260	6925	7183	2.73e-55	205	65
MZ463755.1	394	nSX00438	39083	77.899	276	5	277	6925	7200	1.84e-57	213	69
MZ463756.1	394	nSX00438	39083	77.174	276	5	277	6925	7200	9.54e-55	204	69
MZ463757.1	394	nSX00438	39083	77.174	276	5	277	6925	7200	9.54e-55	204	69
MZ463758.1	394	nSX00438	39083	77.174	276	5	277	6925	7200	9.54e-55	204	69
MZ463759.1	410	nSX00438	39083	77.174	276	5	277	6925	7200	9.92e-55	204	67
FJ751925.1	394	nSX00438	39083	77.536	276	5	277	6925	7200	2.24e-56	208	69
FJ751926.1	395	nSX00438	39083	77.536	276	5	277	6925	7200	2.25e-56	208	69
FJ751927.1	395	nSX00438	39083	77.174	276	5	277	6925	7200	9.57e-55	204	69
FJ751930.1	395	nSX00438	39083	77.536	276	5	277	6925	7200	2.25e-56	208	69
FJ751933.1	396	nSX00438	39083	77.536	276	6	278	6925	7200	2.26e-56	208	69
FJ751934.1	395	nSX00438	39083	77.536	276	6	278	6925	7200	2.25e-56	208	69
MZ463745.1	387	nSX00439	38918	77.947	263	12	272	16700	16438	7.66e-56	206	67
MZ463746.1	387	nSX00439	38918	77.947	263	12	272	16700	16438	7.66e-56	206	67
MZ463747.1	387	nSX00439	38918	77.567	263	12	272	16700	16438	3.26e-54	202	67
MZ463748.1	387	nSX00439	38918	77.567	263	12	272	16700	16438	3.26e-54	202	67
MZ463749.1	391	nSX00439	38918	77.174	276	5	277	16713	16438	9.43e-55	204	70
MZ463750.1	392	nSX00439	38918	76.812	276	5	277	16713	16438	1.15e-53	199	70
MZ463751.1	393	nSX00439	38918	77.536	276	5	277	16713	16438	2.23e-56	208	69
MZ463752.1	394	nSX00439	38918	77.536	276	5	277	16713	16438	2.23e-56	208	69
MZ463753.1	394	nSX00439	38918	77.174	276	5	277	16713	16438	9.50e-55	204	69
MZ463754.1	394	nSX00439	38918	78.378	259	5	260	16713	16455	2.72e-55	205	65
MZ463755.1	394	nSX00439	38918	77.899	276	5	277	16713	16438	1.83e-57	213	69
MZ463756.1	394	nSX00439	38918	77.174	276	5	277	16713	16438	9.50e-55	204	69
MZ463757.1	394	nSX00439	38918	77.174	276	5	277	16713	16438	9.50e-55	204	69
MZ463758.1	394	nSX00439	38918	77.174	276	5	277	16713	16438	9.50e-55	204	69
MZ463759.1	410	nSX00439	38918	77.174	276	5	277	16713	16438	9.88e-55	204	67
FJ751925.1	394	nSX00439	38918	77.536	276	5	277	16713	16438	2.23e-56	208	69
FJ751926.1	395	nSX00439	38918	77.536	276	5	277	16713	16438	2.24e-56	208	69
FJ751927.1	395	nSX00439	38918	77.174	276	5	277	16713	16438	9.53e-55	204	69
FJ751930.1	395	nSX00439	38918	77.536	276	5	277	16713	16438	2.24e-56	208	69
FJ751933.1	396	nSX00439	38918	77.536	276	6	278	16713	16438	2.25e-56	208	69
FJ751934.1	395	nSX00439	38918	77.536	276	6	278	16713	16438	2.24e-56	208	69
MZ463745.1	387	nSX00442	38725	77.947	263	12	272	5951	5689	7.62e-56	206	67
MZ463746.1	387	nSX00442	38725	77.947	263	12	272	5951	5689	7.62e-56	206	67
MZ463747.1	387	nSX00442	38725	77.567	263	12	272	5951	5689	3.24e-54	202	67
MZ463748.1	387	nSX00442	38725	77.567	263	12	272	5951	5689	3.24e-54	202	67
MZ463749.1	391	nSX00442	38725	77.174	276	5	277	5964	5689	9.38e-55	204	70
MZ463750.1	392	nSX00442	38725	76.812	276	5	277	5964	5689	1.15e-53	199	70
MZ463751.1	393	nSX00442	38725	77.536	276	5	277	5964	5689	2.22e-56	208	69
MZ463752.1	394	nSX00442	38725	77.536	276	5	277	5964	5689	2.22e-56	208	69
MZ463753.1	394	nSX00442	38725	77.174	276	5	277	5964	5689	9.46e-55	204	69
MZ463754.1	394	nSX00442	38725	78.378	259	5	260	5964	5706	2.71e-55	205	65
MZ463755.1	394	nSX00442	38725	77.899	276	5	277	5964	5689	1.83e-57	213	69
MZ463756.1	394	nSX00442	38725	77.174	276	5	277	5964	5689	9.46e-55	204	69
MZ463757.1	394	nSX00442	38725	77.174	276	5	277	5964	5689	9.46e-55	204	69
MZ463758.1	394	nSX00442	38725	77.174	276	5	277	5964	5689	9.46e-55	204	69
MZ463759.1	410	nSX00442	38725	77.174	276	5	277	5964	5689	9.83e-55	204	67
FJ751925.1	394	nSX00442	38725	77.536	276	5	277	5964	5689	2.22e-56	208	69
FJ751926.1	395	nSX00442	38725	77.536	276	5	277	5964	5689	2.23e-56	208	69
FJ751927.1	395	nSX00442	38725	77.174	276	5	277	5964	5689	9.48e-55	204	69
FJ751930.1	395	nSX00442	38725	77.536	276	5	277	5964	5689	2.23e-56	208	69
FJ751933.1	396	nSX00442	38725	77.536	276	6	278	5964	5689	2.24e-56	208	69
FJ751934.1	395	nSX00442	38725	77.536	276	6	278	5964	5689	2.23e-56	208	69
MZ463745.1	387	nSX00443	38720	77.947	263	12	272	14269	14007	7.62e-56	206	67
MZ463746.1	387	nSX00443	38720	77.947	263	12	272	14269	14007	7.62e-56	206	67
MZ463747.1	387	nSX00443	38720	77.567	263	12	272	14269	14007	3.24e-54	202	67
MZ463748.1	387	nSX00443	38720	77.567	263	12	272	14269	14007	3.24e-54	202	67
MZ463749.1	391	nSX00443	38720	77.174	276	5	277	14282	14007	9.38e-55	204	70
MZ463750.1	392	nSX00443	38720	76.812	276	5	277	14282	14007	1.15e-53	199	70
MZ463751.1	393	nSX00443	38720	77.536	276	5	277	14282	14007	2.22e-56	208	69
MZ463752.1	394	nSX00443	38720	77.536	276	5	277	14282	14007	2.22e-56	208	69
MZ463753.1	394	nSX00443	38720	77.174	276	5	277	14282	14007	9.45e-55	204	69
MZ463754.1	394	nSX00443	38720	78.378	259	5	260	14282	14024	2.71e-55	205	65
MZ463755.1	394	nSX00443	38720	77.899	276	5	277	14282	14007	1.83e-57	213	69
MZ463756.1	394	nSX00443	38720	77.174	276	5	277	14282	14007	9.45e-55	204	69
MZ463757.1	394	nSX00443	38720	77.174	276	5	277	14282	14007	9.45e-55	204	69
MZ463758.1	394	nSX00443	38720	77.174	276	5	277	14282	14007	9.45e-55	204	69
MZ463759.1	410	nSX00443	38720	77.174	276	5	277	14282	14007	9.83e-55	204	67
FJ751925.1	394	nSX00443	38720	77.536	276	5	277	14282	14007	2.22e-56	208	69
FJ751926.1	395	nSX00443	38720	77.536	276	5	277	14282	14007	2.23e-56	208	69
FJ751927.1	395	nSX00443	38720	77.174	276	5	277	14282	14007	9.48e-55	204	69
FJ751930.1	395	nSX00443	38720	77.536	276	5	277	14282	14007	2.23e-56	208	69
FJ751933.1	396	nSX00443	38720	77.536	276	6	278	14282	14007	2.24e-56	208	69
FJ751934.1	395	nSX00443	38720	77.536	276	6	278	14282	14007	2.23e-56	208	69
MZ463745.1	387	nSX00447	38425	77.947	263	12	272	24525	24787	7.56e-56	206	67
MZ463746.1	387	nSX00447	38425	77.947	263	12	272	24525	24787	7.56e-56	206	67
MZ463747.1	387	nSX00447	38425	77.567	263	12	272	24525	24787	3.21e-54	202	67
MZ463748.1	387	nSX00447	38425	77.567	263	12	272	24525	24787	3.21e-54	202	67
MZ463749.1	391	nSX00447	38425	77.174	276	5	277	24512	24787	9.31e-55	204	70
MZ463750.1	392	nSX00447	38425	76.812	276	5	277	24512	24787	1.14e-53	199	70
MZ463751.1	393	nSX00447	38425	77.536	276	5	277	24512	24787	2.20e-56	208	69
MZ463752.1	394	nSX00447	38425	77.536	276	5	277	24512	24787	2.21e-56	208	69
MZ463753.1	394	nSX00447	38425	77.174	276	5	277	24512	24787	9.38e-55	204	69
MZ463754.1	394	nSX00447	38425	78.378	259	5	260	24512	24770	2.69e-55	205	65
MZ463755.1	394	nSX00447	38425	77.899	276	5	277	24512	24787	1.81e-57	213	69
MZ463756.1	394	nSX00447	38425	77.174	276	5	277	24512	24787	9.38e-55	204	69
MZ463757.1	394	nSX00447	38425	77.174	276	5	277	24512	24787	9.38e-55	204	69
MZ463758.1	394	nSX00447	38425	77.174	276	5	277	24512	24787	9.38e-55	204	69
MZ463759.1	410	nSX00447	38425	77.174	276	5	277	24512	24787	9.76e-55	204	67
FJ751925.1	394	nSX00447	38425	77.536	276	5	277	24512	24787	2.21e-56	208	69
FJ751926.1	395	nSX00447	38425	77.536	276	5	277	24512	24787	2.21e-56	208	69
FJ751927.1	395	nSX00447	38425	77.174	276	5	277	24512	24787	9.41e-55	204	69
FJ751930.1	395	nSX00447	38425	77.536	276	5	277	24512	24787	2.21e-56	208	69
FJ751933.1	396	nSX00447	38425	77.536	276	6	278	24512	24787	2.22e-56	208	69
FJ751934.1	395	nSX00447	38425	77.536	276	6	278	24512	24787	2.21e-56	208	69
MZ463745.1	387	nSX00449	38242	77.947	263	12	272	8582	8844	7.52e-56	206	67
MZ463746.1	387	nSX00449	38242	77.947	263	12	272	8582	8844	7.52e-56	206	67
MZ463747.1	387	nSX00449	38242	77.567	263	12	272	8582	8844	3.20e-54	202	67
MZ463748.1	387	nSX00449	38242	77.567	263	12	272	8582	8844	3.20e-54	202	67
MZ463749.1	391	nSX00449	38242	77.174	276	5	277	8569	8844	9.26e-55	204	70
MZ463750.1	392	nSX00449	38242	76.812	276	5	277	8569	8844	1.13e-53	199	70
MZ463751.1	393	nSX00449	38242	77.536	276	5	277	8569	8844	2.19e-56	208	69
MZ463752.1	394	nSX00449	38242	77.536	276	5	277	8569	8844	2.20e-56	208	69
MZ463753.1	394	nSX00449	38242	77.174	276	5	277	8569	8844	9.34e-55	204	69
MZ463754.1	394	nSX00449	38242	78.378	259	5	260	8569	8827	2.68e-55	205	65
MZ463755.1	394	nSX00449	38242	77.899	276	5	277	8569	8844	1.80e-57	213	69
MZ463756.1	394	nSX00449	38242	77.174	276	5	277	8569	8844	9.34e-55	204	69
MZ463757.1	394	nSX00449	38242	77.174	276	5	277	8569	8844	9.34e-55	204	69
MZ463758.1	394	nSX00449	38242	77.174	276	5	277	8569	8844	9.34e-55	204	69
MZ463759.1	410	nSX00449	38242	77.174	276	5	277	8569	8844	9.71e-55	204	67
FJ751925.1	394	nSX00449	38242	77.536	276	5	277	8569	8844	2.20e-56	208	69
FJ751926.1	395	nSX00449	38242	77.536	276	5	277	8569	8844	2.20e-56	208	69
FJ751927.1	395	nSX00449	38242	77.174	276	5	277	8569	8844	9.36e-55	204	69
FJ751930.1	395	nSX00449	38242	77.536	276	5	277	8569	8844	2.20e-56	208	69
FJ751933.1	396	nSX00449	38242	77.536	276	6	278	8569	8844	2.21e-56	208	69
FJ751934.1	395	nSX00449	38242	77.536	276	6	278	8569	8844	2.20e-56	208	69
MZ463745.1	387	nSX00455	38033	77.863	262	12	272	8297	8037	2.61e-55	205	67
MZ463746.1	387	nSX00455	38033	77.863	262	12	272	8297	8037	2.61e-55	205	67
MZ463747.1	387	nSX00455	38033	77.481	262	12	272	8297	8037	1.11e-53	200	67
MZ463748.1	387	nSX00455	38033	77.481	262	12	272	8297	8037	1.11e-53	200	67
MZ463749.1	391	nSX00455	38033	77.091	275	5	277	8310	8037	3.22e-54	202	70
MZ463750.1	392	nSX00455	38033	76.727	275	5	277	8310	8037	3.93e-53	197	70
MZ463751.1	393	nSX00455	38033	77.455	275	5	277	8310	8037	7.60e-56	206	69
MZ463752.1	394	nSX00455	38033	77.455	275	5	277	8310	8037	7.62e-56	206	69
MZ463753.1	394	nSX00455	38033	77.091	275	5	277	8310	8037	3.24e-54	202	69
MZ463754.1	394	nSX00455	38033	78.682	258	5	260	8310	8054	7.62e-56	207	65
MZ463755.1	394	nSX00455	38033	77.818	275	5	277	8310	8037	6.26e-57	211	69
MZ463756.1	394	nSX00455	38033	77.091	275	5	277	8310	8037	3.24e-54	202	69
MZ463757.1	394	nSX00455	38033	77.091	275	5	277	8310	8037	3.24e-54	202	69
MZ463758.1	394	nSX00455	38033	77.091	275	5	277	8310	8037	3.24e-54	202	69
MZ463759.1	410	nSX00455	38033	77.091	275	5	277	8310	8037	3.37e-54	202	67
FJ751925.1	394	nSX00455	38033	77.455	275	5	277	8310	8037	7.62e-56	206	69
FJ751926.1	395	nSX00455	38033	77.455	275	5	277	8310	8037	7.64e-56	206	69
FJ751927.1	395	nSX00455	38033	77.091	275	5	277	8310	8037	3.25e-54	202	69
FJ751930.1	395	nSX00455	38033	77.455	275	5	277	8310	8037	7.64e-56	206	69
FJ751933.1	396	nSX00455	38033	77.455	275	6	278	8310	8037	7.66e-56	206	69
FJ751934.1	395	nSX00455	38033	77.455	275	6	278	8310	8037	7.64e-56	206	69
MZ463745.1	387	nSX00456	38013	77.947	263	12	272	25447	25185	7.48e-56	206	67
MZ463746.1	387	nSX00456	38013	77.947	263	12	272	25447	25185	7.48e-56	206	67
MZ463747.1	387	nSX00456	38013	77.567	263	12	272	25447	25185	3.18e-54	202	67
MZ463748.1	387	nSX00456	38013	77.567	263	12	272	25447	25185	3.18e-54	202	67
MZ463749.1	391	nSX00456	38013	77.174	276	5	277	25460	25185	9.21e-55	204	70
MZ463750.1	392	nSX00456	38013	76.812	276	5	277	25460	25185	1.12e-53	199	70
MZ463751.1	393	nSX00456	38013	77.536	276	5	277	25460	25185	2.18e-56	208	69
MZ463752.1	394	nSX00456	38013	77.536	276	5	277	25460	25185	2.18e-56	208	69
MZ463753.1	394	nSX00456	38013	77.174	276	5	277	25460	25185	9.28e-55	204	69
MZ463754.1	394	nSX00456	38013	78.378	259	5	260	25460	25202	2.66e-55	205	65
MZ463755.1	394	nSX00456	38013	77.899	276	5	277	25460	25185	1.79e-57	213	69
MZ463756.1	394	nSX00456	38013	77.174	276	5	277	25460	25185	9.28e-55	204	69
MZ463757.1	394	nSX00456	38013	77.174	276	5	277	25460	25185	9.28e-55	204	69
MZ463758.1	394	nSX00456	38013	77.174	276	5	277	25460	25185	9.28e-55	204	69
MZ463759.1	410	nSX00456	38013	77.174	276	5	277	25460	25185	9.68e-55	204	67
FJ751925.1	394	nSX00456	38013	77.536	276	5	277	25460	25185	2.18e-56	208	69
FJ751926.1	395	nSX00456	38013	77.536	276	5	277	25460	25185	2.19e-56	208	69
FJ751927.1	395	nSX00456	38013	77.174	276	5	277	25460	25185	9.31e-55	204	69
FJ751930.1	395	nSX00456	38013	77.536	276	5	277	25460	25185	2.19e-56	208	69
FJ751933.1	396	nSX00456	38013	77.536	276	6	278	25460	25185	2.19e-56	208	69
FJ751934.1	395	nSX00456	38013	77.536	276	6	278	25460	25185	2.19e-56	208	69
MZ463745.1	387	nSX00457	38002	77.947	263	12	272	6562	6824	7.48e-56	206	67
MZ463746.1	387	nSX00457	38002	77.947	263	12	272	6562	6824	7.48e-56	206	67
MZ463747.1	387	nSX00457	38002	77.567	263	12	272	6562	6824	3.18e-54	202	67
MZ463748.1	387	nSX00457	38002	77.567	263	12	272	6562	6824	3.18e-54	202	67
MZ463749.1	391	nSX00457	38002	77.174	276	5	277	6549	6824	9.21e-55	204	70
MZ463750.1	392	nSX00457	38002	76.812	276	5	277	6549	6824	1.12e-53	199	70
MZ463751.1	393	nSX00457	38002	77.536	276	5	277	6549	6824	2.18e-56	208	69
MZ463752.1	394	nSX00457	38002	77.536	276	5	277	6549	6824	2.18e-56	208	69
MZ463753.1	394	nSX00457	38002	77.174	276	5	277	6549	6824	9.28e-55	204	69
MZ463754.1	394	nSX00457	38002	78.378	259	5	260	6549	6807	2.66e-55	205	65
MZ463755.1	394	nSX00457	38002	77.899	276	5	277	6549	6824	1.79e-57	213	69
MZ463756.1	394	nSX00457	38002	77.174	276	5	277	6549	6824	9.28e-55	204	69
MZ463757.1	394	nSX00457	38002	77.174	276	5	277	6549	6824	9.28e-55	204	69
MZ463758.1	394	nSX00457	38002	77.174	276	5	277	6549	6824	9.28e-55	204	69
MZ463759.1	410	nSX00457	38002	77.174	276	5	277	6549	6824	9.67e-55	204	67
FJ751925.1	394	nSX00457	38002	77.536	276	5	277	6549	6824	2.18e-56	208	69
FJ751926.1	395	nSX00457	38002	77.536	276	5	277	6549	6824	2.19e-56	208	69
FJ751927.1	395	nSX00457	38002	77.174	276	5	277	6549	6824	9.30e-55	204	69
FJ751930.1	395	nSX00457	38002	77.536	276	5	277	6549	6824	2.19e-56	208	69
FJ751933.1	396	nSX00457	38002	77.536	276	6	278	6549	6824	2.19e-56	208	69
FJ751934.1	395	nSX00457	38002	77.536	276	6	278	6549	6824	2.19e-56	208	69
MZ463745.1	387	nSX00458	37975	77.947	263	12	272	24115	24377	7.47e-56	206	67
MZ463746.1	387	nSX00458	37975	77.947	263	12	272	24115	24377	7.47e-56	206	67
MZ463747.1	387	nSX00458	37975	77.567	263	12	272	24115	24377	3.18e-54	202	67
MZ463748.1	387	nSX00458	37975	77.567	263	12	272	24115	24377	3.18e-54	202	67
MZ463749.1	391	nSX00458	37975	77.174	276	5	277	24102	24377	9.20e-55	204	70
MZ463750.1	392	nSX00458	37975	76.812	276	5	277	24102	24377	1.12e-53	199	70
MZ463751.1	393	nSX00458	37975	77.536	276	5	277	24102	24377	2.17e-56	208	69
MZ463752.1	394	nSX00458	37975	77.536	276	5	277	24102	24377	2.18e-56	208	69
MZ463753.1	394	nSX00458	37975	77.174	276	5	277	24102	24377	9.27e-55	204	69
MZ463754.1	394	nSX00458	37975	78.378	259	5	260	24102	24360	2.66e-55	205	65
MZ463755.1	394	nSX00458	37975	77.899	276	5	277	24102	24377	1.79e-57	213	69
MZ463756.1	394	nSX00458	37975	77.174	276	5	277	24102	24377	9.27e-55	204	69
MZ463757.1	394	nSX00458	37975	77.174	276	5	277	24102	24377	9.27e-55	204	69
MZ463758.1	394	nSX00458	37975	77.174	276	5	277	24102	24377	9.27e-55	204	69
MZ463759.1	410	nSX00458	37975	77.174	276	5	277	24102	24377	9.67e-55	204	67
FJ751925.1	394	nSX00458	37975	77.536	276	5	277	24102	24377	2.18e-56	208	69
FJ751926.1	395	nSX00458	37975	77.536	276	5	277	24102	24377	2.19e-56	208	69
FJ751927.1	395	nSX00458	37975	77.174	276	5	277	24102	24377	9.30e-55	204	69
FJ751930.1	395	nSX00458	37975	77.536	276	5	277	24102	24377	2.19e-56	208	69
FJ751933.1	396	nSX00458	37975	77.536	276	6	278	24102	24377	2.19e-56	208	69
FJ751934.1	395	nSX00458	37975	77.536	276	6	278	24102	24377	2.19e-56	208	69
MZ463745.1	387	nSX00459	37946	77.947	263	12	272	26617	26355	7.46e-56	206	67
MZ463746.1	387	nSX00459	37946	77.947	263	12	272	26617	26355	7.46e-56	206	67
MZ463747.1	387	nSX00459	37946	77.567	263	12	272	26617	26355	3.17e-54	202	67
MZ463748.1	387	nSX00459	37946	77.567	263	12	272	26617	26355	3.17e-54	202	67
MZ463749.1	391	nSX00459	37946	77.174	276	5	277	26630	26355	9.19e-55	204	70
MZ463750.1	392	nSX00459	37946	76.812	276	5	277	26630	26355	1.12e-53	199	70
MZ463751.1	393	nSX00459	37946	77.536	276	5	277	26630	26355	2.17e-56	208	69
MZ463752.1	394	nSX00459	37946	77.536	276	5	277	26630	26355	2.18e-56	208	69
MZ463753.1	394	nSX00459	37946	77.174	276	5	277	26630	26355	9.27e-55	204	69
MZ463754.1	394	nSX00459	37946	78.378	259	5	260	26630	26372	2.65e-55	205	65
MZ463755.1	394	nSX00459	37946	77.899	276	5	277	26630	26355	1.79e-57	213	69
MZ463756.1	394	nSX00459	37946	77.174	276	5	277	26630	26355	9.27e-55	204	69
MZ463757.1	394	nSX00459	37946	77.174	276	5	277	26630	26355	9.27e-55	204	69
MZ463758.1	394	nSX00459	37946	77.174	276	5	277	26630	26355	9.27e-55	204	69
MZ463759.1	410	nSX00459	37946	77.174	276	5	277	26630	26355	9.66e-55	204	67
FJ751925.1	394	nSX00459	37946	77.536	276	5	277	26630	26355	2.18e-56	208	69
FJ751926.1	395	nSX00459	37946	77.536	276	5	277	26630	26355	2.18e-56	208	69
FJ751927.1	395	nSX00459	37946	77.174	276	5	277	26630	26355	9.29e-55	204	69
FJ751930.1	395	nSX00459	37946	77.536	276	5	277	26630	26355	2.18e-56	208	69
FJ751933.1	396	nSX00459	37946	77.536	276	6	278	26630	26355	2.19e-56	208	69
FJ751934.1	395	nSX00459	37946	77.536	276	6	278	26630	26355	2.18e-56	208	69
MZ463745.1	387	nSX00465	37730	77.947	263	12	272	31912	32174	7.42e-56	206	67
MZ463746.1	387	nSX00465	37730	77.947	263	12	272	31912	32174	7.42e-56	206	67
MZ463747.1	387	nSX00465	37730	77.567	263	12	272	31912	32174	3.16e-54	202	67
MZ463748.1	387	nSX00465	37730	77.567	263	12	272	31912	32174	3.16e-54	202	67
MZ463749.1	391	nSX00465	37730	77.174	276	5	277	31899	32174	9.14e-55	204	70
MZ463750.1	392	nSX00465	37730	76.812	276	5	277	31899	32174	1.12e-53	199	70
MZ463751.1	393	nSX00465	37730	77.536	276	5	277	31899	32174	2.16e-56	208	69
MZ463752.1	394	nSX00465	37730	77.536	276	5	277	31899	32174	2.17e-56	208	69
MZ463753.1	394	nSX00465	37730	77.174	276	5	277	31899	32174	9.21e-55	204	69
MZ463754.1	394	nSX00465	37730	78.378	259	5	260	31899	32157	2.64e-55	205	65
MZ463755.1	394	nSX00465	37730	77.899	276	5	277	31899	32174	1.78e-57	213	69
MZ463756.1	394	nSX00465	37730	77.174	276	5	277	31899	32174	9.21e-55	204	69
MZ463757.1	394	nSX00465	37730	77.174	276	5	277	31899	32174	9.21e-55	204	69
MZ463758.1	394	nSX00465	37730	77.174	276	5	277	31899	32174	9.21e-55	204	69
MZ463759.1	410	nSX00465	37730	77.174	276	5	277	31899	32174	9.60e-55	204	67
FJ751925.1	394	nSX00465	37730	77.536	276	5	277	31899	32174	2.17e-56	208	69
FJ751926.1	395	nSX00465	37730	77.536	276	5	277	31899	32174	2.17e-56	208	69
FJ751927.1	395	nSX00465	37730	77.174	276	5	277	31899	32174	9.24e-55	204	69
FJ751930.1	395	nSX00465	37730	77.536	276	5	277	31899	32174	2.17e-56	208	69
FJ751933.1	396	nSX00465	37730	77.536	276	6	278	31899	32174	2.18e-56	208	69
FJ751934.1	395	nSX00465	37730	77.536	276	6	278	31899	32174	2.17e-56	208	69
MZ463745.1	387	nSX00466	37691	77.947	263	12	272	18592	18330	7.41e-56	206	67
MZ463746.1	387	nSX00466	37691	77.947	263	12	272	18592	18330	7.41e-56	206	67
MZ463747.1	387	nSX00466	37691	77.567	263	12	272	18592	18330	3.15e-54	202	67
MZ463748.1	387	nSX00466	37691	77.567	263	12	272	18592	18330	3.15e-54	202	67
MZ463749.1	391	nSX00466	37691	77.174	276	5	277	18605	18330	9.13e-55	204	70
MZ463750.1	392	nSX00466	37691	76.812	276	5	277	18605	18330	1.12e-53	199	70
MZ463751.1	393	nSX00466	37691	77.536	276	5	277	18605	18330	2.16e-56	208	69
MZ463752.1	394	nSX00466	37691	77.536	276	5	277	18605	18330	2.16e-56	208	69
MZ463753.1	394	nSX00466	37691	77.174	276	5	277	18605	18330	9.20e-55	204	69
MZ463754.1	394	nSX00466	37691	78.378	259	5	260	18605	18347	2.64e-55	205	65
MZ463755.1	394	nSX00466	37691	77.899	276	5	277	18605	18330	1.78e-57	213	69
MZ463756.1	394	nSX00466	37691	77.174	276	5	277	18605	18330	9.20e-55	204	69
MZ463757.1	394	nSX00466	37691	77.174	276	5	277	18605	18330	9.20e-55	204	69
MZ463758.1	394	nSX00466	37691	77.174	276	5	277	18605	18330	9.20e-55	204	69
MZ463759.1	410	nSX00466	37691	77.174	276	5	277	18605	18330	9.59e-55	204	67
FJ751925.1	394	nSX00466	37691	77.536	276	5	277	18605	18330	2.16e-56	208	69
FJ751926.1	395	nSX00466	37691	77.536	276	5	277	18605	18330	2.17e-56	208	69
FJ751927.1	395	nSX00466	37691	77.174	276	5	277	18605	18330	9.23e-55	204	69
FJ751930.1	395	nSX00466	37691	77.536	276	5	277	18605	18330	2.17e-56	208	69
FJ751933.1	396	nSX00466	37691	77.536	276	6	278	18605	18330	2.18e-56	208	69
FJ751934.1	395	nSX00466	37691	77.536	276	6	278	18605	18330	2.17e-56	208	69
MZ463745.1	387	nSX00470	37516	77.947	263	12	272	7443	7181	7.38e-56	206	67
MZ463746.1	387	nSX00470	37516	77.947	263	12	272	7443	7181	7.38e-56	206	67
MZ463747.1	387	nSX00470	37516	77.567	263	12	272	7443	7181	3.14e-54	202	67
MZ463748.1	387	nSX00470	37516	77.567	263	12	272	7443	7181	3.14e-54	202	67
MZ463749.1	391	nSX00470	37516	77.174	276	5	277	7456	7181	9.09e-55	204	70
MZ463750.1	392	nSX00470	37516	76.812	276	5	277	7456	7181	1.11e-53	199	70
MZ463751.1	393	nSX00470	37516	77.536	276	5	277	7456	7181	2.15e-56	208	69
MZ463752.1	394	nSX00470	37516	77.536	276	5	277	7456	7181	2.15e-56	208	69
MZ463753.1	394	nSX00470	37516	77.174	276	5	277	7456	7181	9.16e-55	204	69
MZ463754.1	394	nSX00470	37516	78.378	259	5	260	7456	7198	2.62e-55	205	65
MZ463755.1	394	nSX00470	37516	77.899	276	5	277	7456	7181	1.77e-57	213	69
MZ463756.1	394	nSX00470	37516	77.174	276	5	277	7456	7181	9.16e-55	204	69
MZ463757.1	394	nSX00470	37516	77.174	276	5	277	7456	7181	9.16e-55	204	69
MZ463758.1	394	nSX00470	37516	77.174	276	5	277	7456	7181	9.16e-55	204	69
MZ463759.1	410	nSX00470	37516	77.174	276	5	277	7456	7181	9.55e-55	204	67
FJ751925.1	394	nSX00470	37516	77.536	276	5	277	7456	7181	2.15e-56	208	69
FJ751926.1	395	nSX00470	37516	77.536	276	5	277	7456	7181	2.16e-56	208	69
FJ751927.1	395	nSX00470	37516	77.174	276	5	277	7456	7181	9.18e-55	204	69
FJ751930.1	395	nSX00470	37516	77.536	276	5	277	7456	7181	2.16e-56	208	69
FJ751933.1	396	nSX00470	37516	77.536	276	6	278	7456	7181	2.17e-56	208	69
FJ751934.1	395	nSX00470	37516	77.536	276	6	278	7456	7181	2.16e-56	208	69
MZ463745.1	387	nSX00484	36336	77.947	263	12	272	8536	8274	7.15e-56	206	67
MZ463746.1	387	nSX00484	36336	77.947	263	12	272	8536	8274	7.15e-56	206	67
MZ463747.1	387	nSX00484	36336	77.567	263	12	272	8536	8274	3.04e-54	202	67
MZ463748.1	387	nSX00484	36336	77.567	263	12	272	8536	8274	3.04e-54	202	67
MZ463749.1	391	nSX00484	36336	77.174	276	5	277	8549	8274	8.80e-55	204	70
MZ463750.1	392	nSX00484	36336	76.812	276	5	277	8549	8274	1.08e-53	199	70
MZ463751.1	393	nSX00484	36336	77.536	276	5	277	8549	8274	2.08e-56	208	69
MZ463752.1	394	nSX00484	36336	77.536	276	5	277	8549	8274	2.09e-56	208	69
MZ463753.1	394	nSX00484	36336	77.174	276	5	277	8549	8274	8.87e-55	204	69
MZ463754.1	394	nSX00484	36336	78.378	259	5	260	8549	8291	2.54e-55	205	65
MZ463755.1	394	nSX00484	36336	77.899	276	5	277	8549	8274	1.71e-57	213	69
MZ463756.1	394	nSX00484	36336	77.174	276	5	277	8549	8274	8.87e-55	204	69
MZ463757.1	394	nSX00484	36336	77.174	276	5	277	8549	8274	8.87e-55	204	69
MZ463758.1	394	nSX00484	36336	77.174	276	5	277	8549	8274	8.87e-55	204	69
MZ463759.1	410	nSX00484	36336	77.174	276	5	277	8549	8274	9.25e-55	204	67
FJ751925.1	394	nSX00484	36336	77.536	276	5	277	8549	8274	2.09e-56	208	69
FJ751926.1	395	nSX00484	36336	77.536	276	5	277	8549	8274	2.09e-56	208	69
FJ751927.1	395	nSX00484	36336	77.174	276	5	277	8549	8274	8.90e-55	204	69
FJ751930.1	395	nSX00484	36336	77.536	276	5	277	8549	8274	2.09e-56	208	69
FJ751933.1	396	nSX00484	36336	77.536	276	6	278	8549	8274	2.10e-56	208	69
FJ751934.1	395	nSX00484	36336	77.536	276	6	278	8549	8274	2.09e-56	208	69
MZ463745.1	387	nSX00485	36173	77.947	263	12	272	1974	1712	7.12e-56	206	67
MZ463746.1	387	nSX00485	36173	77.947	263	12	272	1974	1712	7.12e-56	206	67
MZ463747.1	387	nSX00485	36173	77.567	263	12	272	1974	1712	3.03e-54	202	67
MZ463748.1	387	nSX00485	36173	77.567	263	12	272	1974	1712	3.03e-54	202	67
MZ463749.1	391	nSX00485	36173	77.174	276	5	277	1987	1712	8.76e-55	204	70
MZ463750.1	392	nSX00485	36173	76.812	276	5	277	1987	1712	1.07e-53	199	70
MZ463751.1	393	nSX00485	36173	77.536	276	5	277	1987	1712	2.07e-56	208	69
MZ463752.1	394	nSX00485	36173	77.536	276	5	277	1987	1712	2.08e-56	208	69
MZ463753.1	394	nSX00485	36173	77.174	276	5	277	1987	1712	8.83e-55	204	69
MZ463754.1	394	nSX00485	36173	78.378	259	5	260	1987	1729	2.53e-55	205	65
MZ463755.1	394	nSX00485	36173	77.899	276	5	277	1987	1712	1.71e-57	213	69
MZ463756.1	394	nSX00485	36173	77.174	276	5	277	1987	1712	8.83e-55	204	69
MZ463757.1	394	nSX00485	36173	77.174	276	5	277	1987	1712	8.83e-55	204	69
MZ463758.1	394	nSX00485	36173	77.174	276	5	277	1987	1712	8.83e-55	204	69
MZ463759.1	410	nSX00485	36173	77.174	276	5	277	1987	1712	9.21e-55	204	67
FJ751925.1	394	nSX00485	36173	77.536	276	5	277	1987	1712	2.08e-56	208	69
FJ751926.1	395	nSX00485	36173	77.536	276	5	277	1987	1712	2.08e-56	208	69
FJ751927.1	395	nSX00485	36173	77.174	276	5	277	1987	1712	8.86e-55	204	69
FJ751930.1	395	nSX00485	36173	77.536	276	5	277	1987	1712	2.08e-56	208	69
FJ751933.1	396	nSX00485	36173	77.536	276	6	278	1987	1712	2.09e-56	208	69
FJ751934.1	395	nSX00485	36173	77.536	276	6	278	1987	1712	2.08e-56	208	69
MZ463745.1	387	nSX00496	35440	77.947	263	12	272	3592	3854	6.97e-56	206	67
MZ463746.1	387	nSX00496	35440	77.947	263	12	272	3592	3854	6.97e-56	206	67
MZ463747.1	387	nSX00496	35440	77.567	263	12	272	3592	3854	2.96e-54	202	67
MZ463748.1	387	nSX00496	35440	77.567	263	12	272	3592	3854	2.96e-54	202	67
MZ463749.1	391	nSX00496	35440	77.174	276	5	277	3579	3854	8.58e-55	204	70
MZ463750.1	392	nSX00496	35440	76.812	276	5	277	3579	3854	1.05e-53	199	70
MZ463751.1	393	nSX00496	35440	77.536	276	5	277	3579	3854	2.03e-56	208	69
MZ463752.1	394	nSX00496	35440	77.536	276	5	277	3579	3854	2.04e-56	208	69
MZ463753.1	394	nSX00496	35440	77.174	276	5	277	3579	3854	8.65e-55	204	69
MZ463754.1	394	nSX00496	35440	78.378	259	5	260	3579	3837	2.48e-55	205	65
MZ463755.1	394	nSX00496	35440	77.899	276	5	277	3579	3854	1.67e-57	213	69
MZ463756.1	394	nSX00496	35440	77.174	276	5	277	3579	3854	8.65e-55	204	69
MZ463757.1	394	nSX00496	35440	77.174	276	5	277	3579	3854	8.65e-55	204	69
MZ463758.1	394	nSX00496	35440	77.174	276	5	277	3579	3854	8.65e-55	204	69
MZ463759.1	410	nSX00496	35440	77.174	276	5	277	3579	3854	9.02e-55	204	67
FJ751925.1	394	nSX00496	35440	77.536	276	5	277	3579	3854	2.04e-56	208	69
FJ751926.1	395	nSX00496	35440	77.536	276	5	277	3579	3854	2.04e-56	208	69
FJ751927.1	395	nSX00496	35440	77.174	276	5	277	3579	3854	8.68e-55	204	69
FJ751930.1	395	nSX00496	35440	77.536	276	5	277	3579	3854	2.04e-56	208	69
FJ751933.1	396	nSX00496	35440	77.536	276	6	278	3579	3854	2.05e-56	208	69
FJ751934.1	395	nSX00496	35440	77.536	276	6	278	3579	3854	2.04e-56	208	69
MZ463745.1	387	nSX00500	35275	77.947	263	12	272	28036	27774	6.94e-56	206	67
MZ463746.1	387	nSX00500	35275	77.947	263	12	272	28036	27774	6.94e-56	206	67
MZ463747.1	387	nSX00500	35275	77.567	263	12	272	28036	27774	2.95e-54	202	67
MZ463748.1	387	nSX00500	35275	77.567	263	12	272	28036	27774	2.95e-54	202	67
MZ463749.1	391	nSX00500	35275	77.174	276	5	277	28049	27774	8.54e-55	204	70
MZ463750.1	392	nSX00500	35275	76.812	276	5	277	28049	27774	1.04e-53	199	70
MZ463751.1	393	nSX00500	35275	77.536	276	5	277	28049	27774	2.02e-56	208	69
MZ463752.1	394	nSX00500	35275	77.536	276	5	277	28049	27774	2.03e-56	208	69
MZ463753.1	394	nSX00500	35275	77.174	276	5	277	28049	27774	8.61e-55	204	69
MZ463754.1	394	nSX00500	35275	78.378	259	5	260	28049	27791	2.47e-55	205	65
MZ463755.1	394	nSX00500	35275	77.899	276	5	277	28049	27774	1.66e-57	213	69
MZ463756.1	394	nSX00500	35275	77.174	276	5	277	28049	27774	8.61e-55	204	69
MZ463757.1	394	nSX00500	35275	77.174	276	5	277	28049	27774	8.61e-55	204	69
MZ463758.1	394	nSX00500	35275	77.174	276	5	277	28049	27774	8.61e-55	204	69
MZ463759.1	410	nSX00500	35275	77.174	276	5	277	28049	27774	8.98e-55	204	67
FJ751925.1	394	nSX00500	35275	77.536	276	5	277	28049	27774	2.03e-56	208	69
FJ751926.1	395	nSX00500	35275	77.536	276	5	277	28049	27774	2.03e-56	208	69
FJ751927.1	395	nSX00500	35275	77.174	276	5	277	28049	27774	8.64e-55	204	69
FJ751930.1	395	nSX00500	35275	77.536	276	5	277	28049	27774	2.03e-56	208	69
FJ751933.1	396	nSX00500	35275	77.536	276	6	278	28049	27774	2.04e-56	208	69
FJ751934.1	395	nSX00500	35275	77.536	276	6	278	28049	27774	2.03e-56	208	69
MZ463745.1	387	nSX00507	34831	77.947	263	12	272	27187	27449	6.85e-56	206	67
MZ463746.1	387	nSX00507	34831	77.947	263	12	272	27187	27449	6.85e-56	206	67
MZ463747.1	387	nSX00507	34831	77.567	263	12	272	27187	27449	2.91e-54	202	67
MZ463748.1	387	nSX00507	34831	77.567	263	12	272	27187	27449	2.91e-54	202	67
MZ463749.1	391	nSX00507	34831	77.174	276	5	277	27174	27449	8.44e-55	204	70
MZ463750.1	392	nSX00507	34831	76.812	276	5	277	27174	27449	1.03e-53	199	70
MZ463751.1	393	nSX00507	34831	77.536	276	5	277	27174	27449	1.99e-56	208	69
MZ463752.1	394	nSX00507	34831	77.536	276	5	277	27174	27449	2.00e-56	208	69
MZ463753.1	394	nSX00507	34831	77.174	276	5	277	27174	27449	8.50e-55	204	69
MZ463754.1	394	nSX00507	34831	78.378	259	5	260	27174	27432	2.44e-55	205	65
MZ463755.1	394	nSX00507	34831	77.899	276	5	277	27174	27449	1.64e-57	213	69
MZ463756.1	394	nSX00507	34831	77.174	276	5	277	27174	27449	8.50e-55	204	69
MZ463757.1	394	nSX00507	34831	77.174	276	5	277	27174	27449	8.50e-55	204	69
MZ463758.1	394	nSX00507	34831	77.174	276	5	277	27174	27449	8.50e-55	204	69
MZ463759.1	410	nSX00507	34831	77.174	276	5	277	27174	27449	8.87e-55	204	67
FJ751925.1	394	nSX00507	34831	77.536	276	5	277	27174	27449	2.00e-56	208	69
FJ751926.1	395	nSX00507	34831	77.536	276	5	277	27174	27449	2.01e-56	208	69
FJ751927.1	395	nSX00507	34831	77.174	276	5	277	27174	27449	8.53e-55	204	69
FJ751930.1	395	nSX00507	34831	77.536	276	5	277	27174	27449	2.01e-56	208	69
FJ751933.1	396	nSX00507	34831	77.536	276	6	278	27174	27449	2.01e-56	208	69
FJ751934.1	395	nSX00507	34831	77.536	276	6	278	27174	27449	2.01e-56	208	69
MZ463745.1	387	nSX00508	34814	77.947	263	12	272	22563	22301	6.85e-56	206	67
MZ463746.1	387	nSX00508	34814	77.947	263	12	272	22563	22301	6.85e-56	206	67
MZ463747.1	387	nSX00508	34814	77.567	263	12	272	22563	22301	2.91e-54	202	67
MZ463748.1	387	nSX00508	34814	77.567	263	12	272	22563	22301	2.91e-54	202	67
MZ463749.1	391	nSX00508	34814	77.174	276	5	277	22576	22301	8.43e-55	204	70
MZ463750.1	392	nSX00508	34814	76.812	276	5	277	22576	22301	1.03e-53	199	70
MZ463751.1	393	nSX00508	34814	77.536	276	5	277	22576	22301	1.99e-56	208	69
MZ463752.1	394	nSX00508	34814	77.536	276	5	277	22576	22301	2.00e-56	208	69
MZ463753.1	394	nSX00508	34814	77.174	276	5	277	22576	22301	8.50e-55	204	69
MZ463754.1	394	nSX00508	34814	78.378	259	5	260	22576	22318	2.44e-55	205	65
MZ463755.1	394	nSX00508	34814	77.899	276	5	277	22576	22301	1.64e-57	213	69
MZ463756.1	394	nSX00508	34814	77.174	276	5	277	22576	22301	8.50e-55	204	69
MZ463757.1	394	nSX00508	34814	77.174	276	5	277	22576	22301	8.50e-55	204	69
MZ463758.1	394	nSX00508	34814	77.174	276	5	277	22576	22301	8.50e-55	204	69
MZ463759.1	410	nSX00508	34814	77.174	276	5	277	22576	22301	8.86e-55	204	67
FJ751925.1	394	nSX00508	34814	77.536	276	5	277	22576	22301	2.00e-56	208	69
FJ751926.1	395	nSX00508	34814	77.536	276	5	277	22576	22301	2.00e-56	208	69
FJ751927.1	395	nSX00508	34814	77.174	276	5	277	22576	22301	8.52e-55	204	69
FJ751930.1	395	nSX00508	34814	77.536	276	5	277	22576	22301	2.00e-56	208	69
FJ751933.1	396	nSX00508	34814	77.536	276	6	278	22576	22301	2.01e-56	208	69
FJ751934.1	395	nSX00508	34814	77.536	276	6	278	22576	22301	2.00e-56	208	69
MZ463745.1	387	nSX00511	34582	77.947	263	12	272	19915	19653	6.80e-56	206	67
MZ463746.1	387	nSX00511	34582	77.947	263	12	272	19915	19653	6.80e-56	206	67
MZ463747.1	387	nSX00511	34582	77.567	263	12	272	19915	19653	2.89e-54	202	67
MZ463748.1	387	nSX00511	34582	77.567	263	12	272	19915	19653	2.89e-54	202	67
MZ463749.1	391	nSX00511	34582	77.174	276	5	277	19928	19653	8.38e-55	204	70
MZ463750.1	392	nSX00511	34582	76.812	276	5	277	19928	19653	1.02e-53	199	70
MZ463751.1	393	nSX00511	34582	77.536	276	5	277	19928	19653	1.98e-56	208	69
MZ463752.1	394	nSX00511	34582	77.536	276	5	277	19928	19653	1.99e-56	208	69
MZ463753.1	394	nSX00511	34582	77.174	276	5	277	19928	19653	8.44e-55	204	69
MZ463754.1	394	nSX00511	34582	78.378	259	5	260	19928	19670	2.42e-55	205	65
MZ463755.1	394	nSX00511	34582	77.899	276	5	277	19928	19653	1.63e-57	213	69
MZ463756.1	394	nSX00511	34582	77.174	276	5	277	19928	19653	8.44e-55	204	69
MZ463757.1	394	nSX00511	34582	77.174	276	5	277	19928	19653	8.44e-55	204	69
MZ463758.1	394	nSX00511	34582	77.174	276	5	277	19928	19653	8.44e-55	204	69
MZ463759.1	410	nSX00511	34582	77.174	276	5	277	19928	19653	8.80e-55	204	67
FJ751925.1	394	nSX00511	34582	77.536	276	5	277	19928	19653	1.99e-56	208	69
FJ751926.1	395	nSX00511	34582	77.536	276	5	277	19928	19653	1.99e-56	208	69
FJ751927.1	395	nSX00511	34582	77.174	276	5	277	19928	19653	8.47e-55	204	69
FJ751930.1	395	nSX00511	34582	77.536	276	5	277	19928	19653	1.99e-56	208	69
FJ751933.1	396	nSX00511	34582	77.536	276	6	278	19928	19653	2.00e-56	208	69
FJ751934.1	395	nSX00511	34582	77.536	276	6	278	19928	19653	1.99e-56	208	69
MZ463745.1	387	nSX00516	34431	77.358	265	12	272	9234	9498	3.51e-53	198	67
MZ463746.1	387	nSX00516	34431	77.358	265	12	272	9234	9498	3.51e-53	198	67
MZ463747.1	387	nSX00516	34431	76.981	265	12	272	9234	9498	4.27e-52	194	67
MZ463748.1	387	nSX00516	34431	76.981	265	12	272	9234	9498	4.27e-52	194	67
MZ463749.1	391	nSX00516	34431	76.619	278	5	277	9221	9498	1.24e-52	196	70
MZ463750.1	392	nSX00516	34431	76.259	278	5	277	9221	9498	5.28e-51	191	70
MZ463751.1	393	nSX00516	34431	76.978	278	5	277	9221	9498	1.02e-53	200	69
MZ463752.1	394	nSX00516	34431	76.978	278	5	277	9221	9498	1.02e-53	200	69
MZ463753.1	394	nSX00516	34431	76.619	278	5	277	9221	9498	1.25e-52	196	69
MZ463754.1	394	nSX00516	34431	78.161	261	5	260	9221	9481	1.25e-52	196	65
MZ463755.1	394	nSX00516	34431	77.338	278	5	277	9221	9498	2.41e-55	205	69
MZ463756.1	394	nSX00516	34431	76.619	278	5	277	9221	9498	1.25e-52	196	69
MZ463757.1	394	nSX00516	34431	76.619	278	5	277	9221	9498	1.25e-52	196	69
MZ463758.1	394	nSX00516	34431	76.619	278	5	277	9221	9498	1.25e-52	196	69
MZ463759.1	410	nSX00516	34431	76.619	278	5	277	9221	9498	1.30e-52	196	67
FJ751925.1	394	nSX00516	34431	76.978	278	5	277	9221	9498	1.02e-53	200	69
FJ751926.1	395	nSX00516	34431	76.978	278	5	277	9221	9498	1.03e-53	200	69
FJ751927.1	395	nSX00516	34431	76.619	278	5	277	9221	9498	1.25e-52	196	69
FJ751930.1	395	nSX00516	34431	76.978	278	5	277	9221	9498	1.03e-53	200	69
FJ751933.1	396	nSX00516	34431	76.978	278	6	278	9221	9498	1.03e-53	200	69
FJ751934.1	395	nSX00516	34431	76.978	278	6	278	9221	9498	1.03e-53	200	69
MZ463745.1	387	nSX00520	34115	77.947	263	12	272	29136	28874	6.71e-56	206	67
MZ463746.1	387	nSX00520	34115	77.947	263	12	272	29136	28874	6.71e-56	206	67
MZ463747.1	387	nSX00520	34115	77.567	263	12	272	29136	28874	2.85e-54	202	67
MZ463748.1	387	nSX00520	34115	77.567	263	12	272	29136	28874	2.85e-54	202	67
MZ463749.1	391	nSX00520	34115	77.174	276	5	277	29149	28874	8.26e-55	204	70
MZ463750.1	392	nSX00520	34115	76.812	276	5	277	29149	28874	1.01e-53	199	70
MZ463751.1	393	nSX00520	34115	77.536	276	5	277	29149	28874	1.95e-56	208	69
MZ463752.1	394	nSX00520	34115	77.536	276	5	277	29149	28874	1.96e-56	208	69
MZ463753.1	394	nSX00520	34115	77.174	276	5	277	29149	28874	8.33e-55	204	69
MZ463754.1	394	nSX00520	34115	78.378	259	5	260	29149	28891	2.39e-55	205	65
MZ463755.1	394	nSX00520	34115	77.899	276	5	277	29149	28874	1.61e-57	213	69
MZ463756.1	394	nSX00520	34115	77.174	276	5	277	29149	28874	8.33e-55	204	69
MZ463757.1	394	nSX00520	34115	77.174	276	5	277	29149	28874	8.33e-55	204	69
MZ463758.1	394	nSX00520	34115	77.174	276	5	277	29149	28874	8.33e-55	204	69
MZ463759.1	410	nSX00520	34115	77.174	276	5	277	29149	28874	8.68e-55	204	67
FJ751925.1	394	nSX00520	34115	77.536	276	5	277	29149	28874	1.96e-56	208	69
FJ751926.1	395	nSX00520	34115	77.536	276	5	277	29149	28874	1.96e-56	208	69
FJ751927.1	395	nSX00520	34115	77.174	276	5	277	29149	28874	8.35e-55	204	69
FJ751930.1	395	nSX00520	34115	77.536	276	5	277	29149	28874	1.96e-56	208	69
FJ751933.1	396	nSX00520	34115	77.536	276	6	278	29149	28874	1.97e-56	208	69
FJ751934.1	395	nSX00520	34115	77.536	276	6	278	29149	28874	1.96e-56	208	69
MZ463745.1	387	nSX00525	33826	77.947	263	12	272	12687	12949	6.65e-56	206	67
MZ463746.1	387	nSX00525	33826	77.947	263	12	272	12687	12949	6.65e-56	206	67
MZ463747.1	387	nSX00525	33826	77.567	263	12	272	12687	12949	2.83e-54	202	67
MZ463748.1	387	nSX00525	33826	77.567	263	12	272	12687	12949	2.83e-54	202	67
MZ463749.1	391	nSX00525	33826	77.174	276	5	277	12674	12949	8.19e-55	204	70
MZ463750.1	392	nSX00525	33826	76.812	276	5	277	12674	12949	1.00e-53	199	70
MZ463751.1	393	nSX00525	33826	77.536	276	5	277	12674	12949	1.94e-56	208	69
MZ463752.1	394	nSX00525	33826	77.536	276	5	277	12674	12949	1.94e-56	208	69
MZ463753.1	394	nSX00525	33826	77.174	276	5	277	12674	12949	8.26e-55	204	69
MZ463754.1	394	nSX00525	33826	78.378	259	5	260	12674	12932	2.37e-55	205	65
MZ463755.1	394	nSX00525	33826	77.899	276	5	277	12674	12949	1.59e-57	213	69
MZ463756.1	394	nSX00525	33826	77.174	276	5	277	12674	12949	8.26e-55	204	69
MZ463757.1	394	nSX00525	33826	77.174	276	5	277	12674	12949	8.26e-55	204	69
MZ463758.1	394	nSX00525	33826	77.174	276	5	277	12674	12949	8.26e-55	204	69
MZ463759.1	410	nSX00525	33826	77.174	276	5	277	12674	12949	8.61e-55	204	67
FJ751925.1	394	nSX00525	33826	77.536	276	5	277	12674	12949	1.94e-56	208	69
FJ751926.1	395	nSX00525	33826	77.536	276	5	277	12674	12949	1.95e-56	208	69
FJ751927.1	395	nSX00525	33826	77.174	276	5	277	12674	12949	8.28e-55	204	69
FJ751930.1	395	nSX00525	33826	77.536	276	5	277	12674	12949	1.95e-56	208	69
FJ751933.1	396	nSX00525	33826	77.536	276	6	278	12674	12949	1.95e-56	208	69
FJ751934.1	395	nSX00525	33826	77.536	276	6	278	12674	12949	1.95e-56	208	69
MZ463745.1	387	nSX00528	33726	77.947	263	12	272	23566	23304	6.63e-56	206	67
MZ463746.1	387	nSX00528	33726	77.947	263	12	272	23566	23304	6.63e-56	206	67
MZ463747.1	387	nSX00528	33726	77.567	263	12	272	23566	23304	2.82e-54	202	67
MZ463748.1	387	nSX00528	33726	77.567	263	12	272	23566	23304	2.82e-54	202	67
MZ463749.1	391	nSX00528	33726	77.174	276	5	277	23579	23304	8.17e-55	204	70
MZ463750.1	392	nSX00528	33726	76.812	276	5	277	23579	23304	9.98e-54	199	70
MZ463751.1	393	nSX00528	33726	77.536	276	5	277	23579	23304	1.93e-56	208	69
MZ463752.1	394	nSX00528	33726	77.536	276	5	277	23579	23304	1.94e-56	208	69
MZ463753.1	394	nSX00528	33726	77.174	276	5	277	23579	23304	8.23e-55	204	69
MZ463754.1	394	nSX00528	33726	78.378	259	5	260	23579	23321	2.36e-55	205	65
MZ463755.1	394	nSX00528	33726	77.899	276	5	277	23579	23304	1.59e-57	213	69
MZ463756.1	394	nSX00528	33726	77.174	276	5	277	23579	23304	8.23e-55	204	69
MZ463757.1	394	nSX00528	33726	77.174	276	5	277	23579	23304	8.23e-55	204	69
MZ463758.1	394	nSX00528	33726	77.174	276	5	277	23579	23304	8.23e-55	204	69
MZ463759.1	410	nSX00528	33726	77.174	276	5	277	23579	23304	8.58e-55	204	67
FJ751925.1	394	nSX00528	33726	77.536	276	5	277	23579	23304	1.94e-56	208	69
FJ751926.1	395	nSX00528	33726	77.536	276	5	277	23579	23304	1.94e-56	208	69
FJ751927.1	395	nSX00528	33726	77.174	276	5	277	23579	23304	8.26e-55	204	69
FJ751930.1	395	nSX00528	33726	77.536	276	5	277	23579	23304	1.94e-56	208	69
FJ751933.1	396	nSX00528	33726	77.536	276	6	278	23579	23304	1.95e-56	208	69
FJ751934.1	395	nSX00528	33726	77.536	276	6	278	23579	23304	1.94e-56	208	69
MZ463745.1	387	nSX00529	33702	77.947	263	12	272	26687	26425	6.63e-56	206	67
MZ463746.1	387	nSX00529	33702	77.947	263	12	272	26687	26425	6.63e-56	206	67
MZ463747.1	387	nSX00529	33702	77.567	263	12	272	26687	26425	2.82e-54	202	67
MZ463748.1	387	nSX00529	33702	77.567	263	12	272	26687	26425	2.82e-54	202	67
MZ463749.1	391	nSX00529	33702	77.174	276	5	277	26700	26425	8.16e-55	204	70
MZ463750.1	392	nSX00529	33702	76.812	276	5	277	26700	26425	9.97e-54	199	70
MZ463751.1	393	nSX00529	33702	77.536	276	5	277	26700	26425	1.93e-56	208	69
MZ463752.1	394	nSX00529	33702	77.536	276	5	277	26700	26425	1.94e-56	208	69
MZ463753.1	394	nSX00529	33702	77.174	276	5	277	26700	26425	8.23e-55	204	69
MZ463754.1	394	nSX00529	33702	78.378	259	5	260	26700	26442	2.36e-55	205	65
MZ463755.1	394	nSX00529	33702	77.899	276	5	277	26700	26425	1.59e-57	213	69
MZ463756.1	394	nSX00529	33702	77.174	276	5	277	26700	26425	8.23e-55	204	69
MZ463757.1	394	nSX00529	33702	77.174	276	5	277	26700	26425	8.23e-55	204	69
MZ463758.1	394	nSX00529	33702	77.174	276	5	277	26700	26425	8.23e-55	204	69
MZ463759.1	410	nSX00529	33702	77.174	276	5	277	26700	26425	8.58e-55	204	67
FJ751925.1	394	nSX00529	33702	77.536	276	5	277	26700	26425	1.94e-56	208	69
FJ751926.1	395	nSX00529	33702	77.536	276	5	277	26700	26425	1.94e-56	208	69
FJ751927.1	395	nSX00529	33702	77.174	276	5	277	26700	26425	8.25e-55	204	69
FJ751930.1	395	nSX00529	33702	77.536	276	5	277	26700	26425	1.94e-56	208	69
FJ751933.1	396	nSX00529	33702	77.536	276	6	278	26700	26425	1.95e-56	208	69
FJ751934.1	395	nSX00529	33702	77.536	276	6	278	26700	26425	1.94e-56	208	69
MZ463745.1	387	nSX00533	33552	77.947	263	12	272	12825	13087	6.60e-56	206	67
MZ463746.1	387	nSX00533	33552	77.947	263	12	272	12825	13087	6.60e-56	206	67
MZ463747.1	387	nSX00533	33552	77.567	263	12	272	12825	13087	2.81e-54	202	67
MZ463748.1	387	nSX00533	33552	77.567	263	12	272	12825	13087	2.81e-54	202	67
MZ463749.1	391	nSX00533	33552	77.174	276	5	277	12812	13087	8.13e-55	204	70
MZ463750.1	392	nSX00533	33552	76.812	276	5	277	12812	13087	9.93e-54	199	70
MZ463751.1	393	nSX00533	33552	77.536	276	5	277	12812	13087	1.92e-56	208	69
MZ463752.1	394	nSX00533	33552	77.536	276	5	277	12812	13087	1.93e-56	208	69
MZ463753.1	394	nSX00533	33552	77.174	276	5	277	12812	13087	8.19e-55	204	69
MZ463754.1	394	nSX00533	33552	78.378	259	5	260	12812	13070	2.35e-55	205	65
MZ463755.1	394	nSX00533	33552	77.899	276	5	277	12812	13087	1.58e-57	213	69
MZ463756.1	394	nSX00533	33552	77.174	276	5	277	12812	13087	8.19e-55	204	69
MZ463757.1	394	nSX00533	33552	77.174	276	5	277	12812	13087	8.19e-55	204	69
MZ463758.1	394	nSX00533	33552	77.174	276	5	277	12812	13087	8.19e-55	204	69
MZ463759.1	410	nSX00533	33552	77.174	276	5	277	12812	13087	8.54e-55	204	67
FJ751925.1	394	nSX00533	33552	77.536	276	5	277	12812	13087	1.93e-56	208	69
FJ751926.1	395	nSX00533	33552	77.536	276	5	277	12812	13087	1.93e-56	208	69
FJ751927.1	395	nSX00533	33552	77.174	276	5	277	12812	13087	8.21e-55	204	69
FJ751930.1	395	nSX00533	33552	77.536	276	5	277	12812	13087	1.93e-56	208	69
FJ751933.1	396	nSX00533	33552	77.536	276	6	278	12812	13087	1.94e-56	208	69
FJ751934.1	395	nSX00533	33552	77.536	276	6	278	12812	13087	1.93e-56	208	69
MZ463745.1	387	nSX00539	33378	77.947	263	12	272	7283	7021	6.57e-56	206	67
MZ463746.1	387	nSX00539	33378	77.947	263	12	272	7283	7021	6.57e-56	206	67
MZ463747.1	387	nSX00539	33378	77.567	263	12	272	7283	7021	2.79e-54	202	67
MZ463748.1	387	nSX00539	33378	77.567	263	12	272	7283	7021	2.79e-54	202	67
MZ463749.1	391	nSX00539	33378	77.174	276	5	277	7296	7021	8.08e-55	204	70
MZ463750.1	392	nSX00539	33378	76.812	276	5	277	7296	7021	9.88e-54	199	70
MZ463751.1	393	nSX00539	33378	77.536	276	5	277	7296	7021	1.91e-56	208	69
MZ463752.1	394	nSX00539	33378	77.536	276	5	277	7296	7021	1.92e-56	208	69
MZ463753.1	394	nSX00539	33378	77.174	276	5	277	7296	7021	8.15e-55	204	69
MZ463754.1	394	nSX00539	33378	78.378	259	5	260	7296	7038	2.33e-55	205	65
MZ463755.1	394	nSX00539	33378	77.899	276	5	277	7296	7021	1.57e-57	213	69
MZ463756.1	394	nSX00539	33378	77.174	276	5	277	7296	7021	8.15e-55	204	69
MZ463757.1	394	nSX00539	33378	77.174	276	5	277	7296	7021	8.15e-55	204	69
MZ463758.1	394	nSX00539	33378	77.174	276	5	277	7296	7021	8.15e-55	204	69
MZ463759.1	410	nSX00539	33378	77.174	276	5	277	7296	7021	8.50e-55	204	67
FJ751925.1	394	nSX00539	33378	77.536	276	5	277	7296	7021	1.92e-56	208	69
FJ751926.1	395	nSX00539	33378	77.536	276	5	277	7296	7021	1.92e-56	208	69
FJ751927.1	395	nSX00539	33378	77.174	276	5	277	7296	7021	8.17e-55	204	69
FJ751930.1	395	nSX00539	33378	77.536	276	5	277	7296	7021	1.92e-56	208	69
FJ751933.1	396	nSX00539	33378	77.536	276	6	278	7296	7021	1.93e-56	208	69
FJ751934.1	395	nSX00539	33378	77.536	276	6	278	7296	7021	1.92e-56	208	69
MZ463745.1	387	nSX00540	33294	77.947	263	12	272	4664	4402	6.55e-56	206	67
MZ463746.1	387	nSX00540	33294	77.947	263	12	272	4664	4402	6.55e-56	206	67
MZ463747.1	387	nSX00540	33294	77.567	263	12	272	4664	4402	2.78e-54	202	67
MZ463748.1	387	nSX00540	33294	77.567	263	12	272	4664	4402	2.78e-54	202	67
MZ463749.1	391	nSX00540	33294	77.174	276	5	277	4677	4402	8.06e-55	204	70
MZ463750.1	392	nSX00540	33294	76.812	276	5	277	4677	4402	9.85e-54	199	70
MZ463751.1	393	nSX00540	33294	77.536	276	5	277	4677	4402	1.91e-56	208	69
MZ463752.1	394	nSX00540	33294	77.536	276	5	277	4677	4402	1.91e-56	208	69
MZ463753.1	394	nSX00540	33294	77.174	276	5	277	4677	4402	8.13e-55	204	69
MZ463754.1	394	nSX00540	33294	78.378	259	5	260	4677	4419	2.33e-55	205	65
MZ463755.1	394	nSX00540	33294	77.899	276	5	277	4677	4402	1.57e-57	213	69
MZ463756.1	394	nSX00540	33294	77.174	276	5	277	4677	4402	8.13e-55	204	69
MZ463757.1	394	nSX00540	33294	77.174	276	5	277	4677	4402	8.13e-55	204	69
MZ463758.1	394	nSX00540	33294	77.174	276	5	277	4677	4402	8.13e-55	204	69
MZ463759.1	410	nSX00540	33294	77.174	276	5	277	4677	4402	8.47e-55	204	67
FJ751925.1	394	nSX00540	33294	77.536	276	5	277	4677	4402	1.91e-56	208	69
FJ751926.1	395	nSX00540	33294	77.536	276	5	277	4677	4402	1.92e-56	208	69
FJ751927.1	395	nSX00540	33294	77.174	276	5	277	4677	4402	8.15e-55	204	69
FJ751930.1	395	nSX00540	33294	77.536	276	5	277	4677	4402	1.92e-56	208	69
FJ751933.1	396	nSX00540	33294	77.536	276	6	278	4677	4402	1.92e-56	208	69
FJ751934.1	395	nSX00540	33294	77.536	276	6	278	4677	4402	1.92e-56	208	69
MZ463745.1	387	nSX00547	32808	77.947	263	12	272	31007	30745	6.45e-56	206	67
MZ463746.1	387	nSX00547	32808	77.947	263	12	272	31007	30745	6.45e-56	206	67
MZ463747.1	387	nSX00547	32808	77.567	263	12	272	31007	30745	2.74e-54	202	67
MZ463748.1	387	nSX00547	32808	77.567	263	12	272	31007	30745	2.74e-54	202	67
MZ463749.1	391	nSX00547	32808	77.174	276	5	277	31020	30745	7.95e-55	204	70
MZ463750.1	392	nSX00547	32808	76.812	276	5	277	31020	30745	9.71e-54	199	70
MZ463751.1	393	nSX00547	32808	77.536	276	5	277	31020	30745	1.88e-56	208	69
MZ463752.1	394	nSX00547	32808	77.536	276	5	277	31020	30745	1.88e-56	208	69
MZ463753.1	394	nSX00547	32808	77.174	276	5	277	31020	30745	8.01e-55	204	69
MZ463754.1	394	nSX00547	32808	78.378	259	5	260	31020	30762	2.30e-55	205	65
MZ463755.1	394	nSX00547	32808	77.899	276	5	277	31020	30745	1.55e-57	213	69
MZ463756.1	394	nSX00547	32808	77.174	276	5	277	31020	30745	8.01e-55	204	69
MZ463757.1	394	nSX00547	32808	77.174	276	5	277	31020	30745	8.01e-55	204	69
MZ463758.1	394	nSX00547	32808	77.174	276	5	277	31020	30745	8.01e-55	204	69
MZ463759.1	410	nSX00547	32808	77.174	276	5	277	31020	30745	8.35e-55	204	67
FJ751925.1	394	nSX00547	32808	77.536	276	5	277	31020	30745	1.88e-56	208	69
FJ751926.1	395	nSX00547	32808	77.536	276	5	277	31020	30745	1.89e-56	208	69
FJ751927.1	395	nSX00547	32808	77.174	276	5	277	31020	30745	8.03e-55	204	69
FJ751930.1	395	nSX00547	32808	77.536	276	5	277	31020	30745	1.89e-56	208	69
FJ751933.1	396	nSX00547	32808	77.536	276	6	278	31020	30745	1.89e-56	208	69
FJ751934.1	395	nSX00547	32808	77.536	276	6	278	31020	30745	1.89e-56	208	69
MZ463745.1	387	nSX00548	32678	77.947	263	12	272	16916	16654	6.43e-56	206	67
MZ463746.1	387	nSX00548	32678	77.947	263	12	272	16916	16654	6.43e-56	206	67
MZ463747.1	387	nSX00548	32678	77.567	263	12	272	16916	16654	2.73e-54	202	67
MZ463748.1	387	nSX00548	32678	77.567	263	12	272	16916	16654	2.73e-54	202	67
MZ463749.1	391	nSX00548	32678	77.174	276	5	277	16929	16654	7.92e-55	204	70
MZ463750.1	392	nSX00548	32678	76.812	276	5	277	16929	16654	9.67e-54	199	70
MZ463751.1	393	nSX00548	32678	77.536	276	5	277	16929	16654	1.87e-56	208	69
MZ463752.1	394	nSX00548	32678	77.536	276	5	277	16929	16654	1.88e-56	208	69
MZ463753.1	394	nSX00548	32678	77.174	276	5	277	16929	16654	7.98e-55	204	69
MZ463754.1	394	nSX00548	32678	78.378	259	5	260	16929	16671	2.29e-55	205	65
MZ463755.1	394	nSX00548	32678	77.899	276	5	277	16929	16654	1.54e-57	213	69
MZ463756.1	394	nSX00548	32678	77.174	276	5	277	16929	16654	7.98e-55	204	69
MZ463757.1	394	nSX00548	32678	77.174	276	5	277	16929	16654	7.98e-55	204	69
MZ463758.1	394	nSX00548	32678	77.174	276	5	277	16929	16654	7.98e-55	204	69
MZ463759.1	410	nSX00548	32678	77.174	276	5	277	16929	16654	8.32e-55	204	67
FJ751925.1	394	nSX00548	32678	77.536	276	5	277	16929	16654	1.88e-56	208	69
FJ751926.1	395	nSX00548	32678	77.536	276	5	277	16929	16654	1.88e-56	208	69
FJ751927.1	395	nSX00548	32678	77.174	276	5	277	16929	16654	8.00e-55	204	69
FJ751930.1	395	nSX00548	32678	77.536	276	5	277	16929	16654	1.88e-56	208	69
FJ751933.1	396	nSX00548	32678	77.536	276	6	278	16929	16654	1.89e-56	208	69
FJ751934.1	395	nSX00548	32678	77.536	276	6	278	16929	16654	1.88e-56	208	69
MZ463745.1	387	nSX00551	32596	77.947	263	12	272	30373	30111	6.41e-56	206	67
MZ463746.1	387	nSX00551	32596	77.947	263	12	272	30373	30111	6.41e-56	206	67
MZ463747.1	387	nSX00551	32596	77.567	263	12	272	30373	30111	2.73e-54	202	67
MZ463748.1	387	nSX00551	32596	77.567	263	12	272	30373	30111	2.73e-54	202	67
MZ463749.1	391	nSX00551	32596	77.174	276	5	277	30386	30111	7.90e-55	204	70
MZ463750.1	392	nSX00551	32596	76.812	276	5	277	30386	30111	9.64e-54	199	70
MZ463751.1	393	nSX00551	32596	77.536	276	5	277	30386	30111	1.87e-56	208	69
MZ463752.1	394	nSX00551	32596	77.536	276	5	277	30386	30111	1.87e-56	208	69
MZ463753.1	394	nSX00551	32596	77.174	276	5	277	30386	30111	7.96e-55	204	69
MZ463754.1	394	nSX00551	32596	78.378	259	5	260	30386	30128	2.28e-55	205	65
MZ463755.1	394	nSX00551	32596	77.899	276	5	277	30386	30111	1.54e-57	213	69
MZ463756.1	394	nSX00551	32596	77.174	276	5	277	30386	30111	7.96e-55	204	69
MZ463757.1	394	nSX00551	32596	77.174	276	5	277	30386	30111	7.96e-55	204	69
MZ463758.1	394	nSX00551	32596	77.174	276	5	277	30386	30111	7.96e-55	204	69
MZ463759.1	410	nSX00551	32596	77.174	276	5	277	30386	30111	8.30e-55	204	67
FJ751925.1	394	nSX00551	32596	77.536	276	5	277	30386	30111	1.87e-56	208	69
FJ751926.1	395	nSX00551	32596	77.536	276	5	277	30386	30111	1.88e-56	208	69
FJ751927.1	395	nSX00551	32596	77.174	276	5	277	30386	30111	7.98e-55	204	69
FJ751930.1	395	nSX00551	32596	77.536	276	5	277	30386	30111	1.88e-56	208	69
FJ751933.1	396	nSX00551	32596	77.536	276	6	278	30386	30111	1.88e-56	208	69
FJ751934.1	395	nSX00551	32596	77.536	276	6	278	30386	30111	1.88e-56	208	69
MZ463745.1	387	nSX00561	32104	77.947	263	12	272	24588	24850	6.31e-56	206	67
MZ463746.1	387	nSX00561	32104	77.947	263	12	272	24588	24850	6.31e-56	206	67
MZ463747.1	387	nSX00561	32104	77.567	263	12	272	24588	24850	2.69e-54	202	67
MZ463748.1	387	nSX00561	32104	77.567	263	12	272	24588	24850	2.69e-54	202	67
MZ463749.1	391	nSX00561	32104	77.174	276	5	277	24575	24850	7.78e-55	204	70
MZ463750.1	392	nSX00561	32104	76.812	276	5	277	24575	24850	9.50e-54	199	70
MZ463751.1	393	nSX00561	32104	77.536	276	5	277	24575	24850	1.84e-56	208	69
MZ463752.1	394	nSX00561	32104	77.536	276	5	277	24575	24850	1.84e-56	208	69
MZ463753.1	394	nSX00561	32104	77.174	276	5	277	24575	24850	7.84e-55	204	69
MZ463754.1	394	nSX00561	32104	78.378	259	5	260	24575	24833	2.25e-55	205	65
MZ463755.1	394	nSX00561	32104	77.899	276	5	277	24575	24850	1.51e-57	213	69
MZ463756.1	394	nSX00561	32104	77.174	276	5	277	24575	24850	7.84e-55	204	69
MZ463757.1	394	nSX00561	32104	77.174	276	5	277	24575	24850	7.84e-55	204	69
MZ463758.1	394	nSX00561	32104	77.174	276	5	277	24575	24850	7.84e-55	204	69
MZ463759.1	410	nSX00561	32104	77.174	276	5	277	24575	24850	8.17e-55	204	67
FJ751925.1	394	nSX00561	32104	77.536	276	5	277	24575	24850	1.84e-56	208	69
FJ751926.1	395	nSX00561	32104	77.536	276	5	277	24575	24850	1.85e-56	208	69
FJ751927.1	395	nSX00561	32104	77.174	276	5	277	24575	24850	7.86e-55	204	69
FJ751930.1	395	nSX00561	32104	77.536	276	5	277	24575	24850	1.85e-56	208	69
FJ751933.1	396	nSX00561	32104	77.536	276	6	278	24575	24850	1.85e-56	208	69
FJ751934.1	395	nSX00561	32104	77.536	276	6	278	24575	24850	1.85e-56	208	69
MZ463745.1	387	nSX00570	31602	77.947	263	12	272	18215	18477	6.22e-56	206	67
MZ463746.1	387	nSX00570	31602	77.947	263	12	272	18215	18477	6.22e-56	206	67
MZ463747.1	387	nSX00570	31602	77.567	263	12	272	18215	18477	2.64e-54	202	67
MZ463748.1	387	nSX00570	31602	77.567	263	12	272	18215	18477	2.64e-54	202	67
MZ463749.1	391	nSX00570	31602	77.174	276	5	277	18202	18477	7.65e-55	204	70
MZ463750.1	392	nSX00570	31602	76.812	276	5	277	18202	18477	9.35e-54	199	70
MZ463751.1	393	nSX00570	31602	77.536	276	5	277	18202	18477	1.81e-56	208	69
MZ463752.1	394	nSX00570	31602	77.536	276	5	277	18202	18477	1.81e-56	208	69
MZ463753.1	394	nSX00570	31602	77.174	276	5	277	18202	18477	7.72e-55	204	69
MZ463754.1	394	nSX00570	31602	78.378	259	5	260	18202	18460	2.21e-55	205	65
MZ463755.1	394	nSX00570	31602	77.899	276	5	277	18202	18477	1.49e-57	213	69
MZ463756.1	394	nSX00570	31602	77.174	276	5	277	18202	18477	7.72e-55	204	69
MZ463757.1	394	nSX00570	31602	77.174	276	5	277	18202	18477	7.72e-55	204	69
MZ463758.1	394	nSX00570	31602	77.174	276	5	277	18202	18477	7.72e-55	204	69
MZ463759.1	410	nSX00570	31602	77.174	276	5	277	18202	18477	8.04e-55	204	67
FJ751925.1	394	nSX00570	31602	77.536	276	5	277	18202	18477	1.81e-56	208	69
FJ751926.1	395	nSX00570	31602	77.536	276	5	277	18202	18477	1.82e-56	208	69
FJ751927.1	395	nSX00570	31602	77.174	276	5	277	18202	18477	7.74e-55	204	69
FJ751930.1	395	nSX00570	31602	77.536	276	5	277	18202	18477	1.82e-56	208	69
FJ751933.1	396	nSX00570	31602	77.536	276	6	278	18202	18477	1.82e-56	208	69
FJ751934.1	395	nSX00570	31602	77.536	276	6	278	18202	18477	1.82e-56	208	69
MZ463745.1	387	nSX00573	31474	77.652	264	12	272	12613	12875	1.12e-52	196	67
MZ463746.1	387	nSX00573	31474	77.652	264	12	272	12613	12875	1.12e-52	196	67
MZ463747.1	387	nSX00573	31474	77.273	264	12	272	12613	12875	1.36e-51	192	67
MZ463748.1	387	nSX00573	31474	77.273	264	12	272	12613	12875	1.36e-51	192	67
MZ463749.1	391	nSX00573	31474	76.895	277	5	277	12600	12875	3.95e-52	194	70
MZ463750.1	392	nSX00573	31474	76.534	277	5	277	12600	12875	1.68e-50	189	70
MZ463751.1	393	nSX00573	31474	77.256	277	5	277	12600	12875	3.26e-53	198	69
MZ463752.1	394	nSX00573	31474	77.256	277	5	277	12600	12875	3.27e-53	198	69
MZ463753.1	394	nSX00573	31474	76.895	277	5	277	12600	12875	3.98e-52	194	69
MZ463754.1	394	nSX00573	31474	78.077	260	5	260	12600	12858	3.98e-52	195	65
MZ463755.1	394	nSX00573	31474	77.617	277	5	277	12600	12875	7.68e-55	203	69
MZ463756.1	394	nSX00573	31474	76.895	277	5	277	12600	12875	3.98e-52	194	69
MZ463757.1	394	nSX00573	31474	76.895	277	5	277	12600	12875	3.98e-52	194	69
MZ463758.1	394	nSX00573	31474	76.895	277	5	277	12600	12875	3.98e-52	194	69
MZ463759.1	410	nSX00573	31474	76.895	277	5	277	12600	12875	4.15e-52	194	67
FJ751925.1	394	nSX00573	31474	77.256	277	5	277	12600	12875	3.27e-53	198	69
FJ751926.1	395	nSX00573	31474	77.256	277	5	277	12600	12875	3.28e-53	198	69
FJ751927.1	395	nSX00573	31474	76.895	277	5	277	12600	12875	3.99e-52	194	69
FJ751930.1	395	nSX00573	31474	77.256	277	5	277	12600	12875	3.28e-53	198	69
FJ751933.1	396	nSX00573	31474	77.256	277	6	278	12600	12875	3.28e-53	198	69
FJ751934.1	395	nSX00573	31474	77.256	277	6	278	12600	12875	3.28e-53	198	69
MZ463745.1	387	nSX00575	31461	77.947	263	12	272	15463	15725	6.19e-56	206	67
MZ463746.1	387	nSX00575	31461	77.947	263	12	272	15463	15725	6.19e-56	206	67
MZ463747.1	387	nSX00575	31461	77.567	263	12	272	15463	15725	2.63e-54	202	67
MZ463748.1	387	nSX00575	31461	77.567	263	12	272	15463	15725	2.63e-54	202	67
MZ463749.1	391	nSX00575	31461	77.174	276	5	277	15450	15725	7.62e-55	204	70
MZ463750.1	392	nSX00575	31461	76.812	276	5	277	15450	15725	9.31e-54	199	70
MZ463751.1	393	nSX00575	31461	77.536	276	5	277	15450	15725	1.80e-56	208	69
MZ463752.1	394	nSX00575	31461	77.536	276	5	277	15450	15725	1.81e-56	208	69
MZ463753.1	394	nSX00575	31461	77.174	276	5	277	15450	15725	7.68e-55	204	69
MZ463754.1	394	nSX00575	31461	78.378	259	5	260	15450	15708	2.20e-55	205	65
MZ463755.1	394	nSX00575	31461	77.899	276	5	277	15450	15725	1.48e-57	213	69
MZ463756.1	394	nSX00575	31461	77.174	276	5	277	15450	15725	7.68e-55	204	69
MZ463757.1	394	nSX00575	31461	77.174	276	5	277	15450	15725	7.68e-55	204	69
MZ463758.1	394	nSX00575	31461	77.174	276	5	277	15450	15725	7.68e-55	204	69
MZ463759.1	410	nSX00575	31461	77.174	276	5	277	15450	15725	8.01e-55	204	67
FJ751925.1	394	nSX00575	31461	77.536	276	5	277	15450	15725	1.81e-56	208	69
FJ751926.1	395	nSX00575	31461	77.536	276	5	277	15450	15725	1.81e-56	208	69
FJ751927.1	395	nSX00575	31461	77.174	276	5	277	15450	15725	7.70e-55	204	69
FJ751930.1	395	nSX00575	31461	77.536	276	5	277	15450	15725	1.81e-56	208	69
FJ751933.1	396	nSX00575	31461	77.536	276	6	278	15450	15725	1.82e-56	208	69
FJ751934.1	395	nSX00575	31461	77.536	276	6	278	15450	15725	1.81e-56	208	69
MZ463745.1	387	nSX00581	31090	77.947	263	12	272	23669	23407	6.12e-56	206	67
MZ463746.1	387	nSX00581	31090	77.947	263	12	272	23669	23407	6.12e-56	206	67
MZ463747.1	387	nSX00581	31090	77.567	263	12	272	23669	23407	2.60e-54	202	67
MZ463748.1	387	nSX00581	31090	77.567	263	12	272	23669	23407	2.60e-54	202	67
MZ463749.1	391	nSX00581	31090	77.174	276	5	277	23682	23407	7.53e-55	204	70
MZ463750.1	392	nSX00581	31090	76.812	276	5	277	23682	23407	9.20e-54	199	70
MZ463751.1	393	nSX00581	31090	77.536	276	5	277	23682	23407	1.78e-56	208	69
MZ463752.1	394	nSX00581	31090	77.536	276	5	277	23682	23407	1.79e-56	208	69
MZ463753.1	394	nSX00581	31090	77.174	276	5	277	23682	23407	7.59e-55	204	69
MZ463754.1	394	nSX00581	31090	78.378	259	5	260	23682	23424	2.17e-55	205	65
MZ463755.1	394	nSX00581	31090	77.899	276	5	277	23682	23407	1.47e-57	213	69
MZ463756.1	394	nSX00581	31090	77.174	276	5	277	23682	23407	7.59e-55	204	69
MZ463757.1	394	nSX00581	31090	77.174	276	5	277	23682	23407	7.59e-55	204	69
MZ463758.1	394	nSX00581	31090	77.174	276	5	277	23682	23407	7.59e-55	204	69
MZ463759.1	410	nSX00581	31090	77.174	276	5	277	23682	23407	7.91e-55	204	67
FJ751925.1	394	nSX00581	31090	77.536	276	5	277	23682	23407	1.79e-56	208	69
FJ751926.1	395	nSX00581	31090	77.536	276	5	277	23682	23407	1.79e-56	208	69
FJ751927.1	395	nSX00581	31090	77.174	276	5	277	23682	23407	7.61e-55	204	69
FJ751930.1	395	nSX00581	31090	77.536	276	5	277	23682	23407	1.79e-56	208	69
FJ751933.1	396	nSX00581	31090	77.536	276	6	278	23682	23407	1.79e-56	208	69
FJ751934.1	395	nSX00581	31090	77.536	276	6	278	23682	23407	1.79e-56	208	69
MZ463745.1	387	nSX00582	31042	77.947	263	12	272	16372	16110	6.11e-56	206	67
MZ463746.1	387	nSX00582	31042	77.947	263	12	272	16372	16110	6.11e-56	206	67
MZ463747.1	387	nSX00582	31042	77.567	263	12	272	16372	16110	2.60e-54	202	67
MZ463748.1	387	nSX00582	31042	77.567	263	12	272	16372	16110	2.60e-54	202	67
MZ463749.1	391	nSX00582	31042	77.174	276	5	277	16385	16110	7.52e-55	204	70
MZ463750.1	392	nSX00582	31042	76.812	276	5	277	16385	16110	9.18e-54	199	70
MZ463751.1	393	nSX00582	31042	77.536	276	5	277	16385	16110	1.78e-56	208	69
MZ463752.1	394	nSX00582	31042	77.536	276	5	277	16385	16110	1.78e-56	208	69
MZ463753.1	394	nSX00582	31042	77.174	276	5	277	16385	16110	7.58e-55	204	69
MZ463754.1	394	nSX00582	31042	78.378	259	5	260	16385	16127	2.17e-55	205	65
MZ463755.1	394	nSX00582	31042	77.899	276	5	277	16385	16110	1.46e-57	213	69
MZ463756.1	394	nSX00582	31042	77.174	276	5	277	16385	16110	7.58e-55	204	69
MZ463757.1	394	nSX00582	31042	77.174	276	5	277	16385	16110	7.58e-55	204	69
MZ463758.1	394	nSX00582	31042	77.174	276	5	277	16385	16110	7.58e-55	204	69
MZ463759.1	410	nSX00582	31042	77.174	276	5	277	16385	16110	7.90e-55	204	67
FJ751925.1	394	nSX00582	31042	77.536	276	5	277	16385	16110	1.78e-56	208	69
FJ751926.1	395	nSX00582	31042	77.536	276	5	277	16385	16110	1.79e-56	208	69
FJ751927.1	395	nSX00582	31042	77.174	276	5	277	16385	16110	7.60e-55	204	69
FJ751930.1	395	nSX00582	31042	77.536	276	5	277	16385	16110	1.79e-56	208	69
FJ751933.1	396	nSX00582	31042	77.536	276	6	278	16385	16110	1.79e-56	208	69
FJ751934.1	395	nSX00582	31042	77.536	276	6	278	16385	16110	1.79e-56	208	69
MZ463745.1	387	nSX00583	30936	77.947	263	12	272	1198	1460	6.08e-56	206	67
MZ463746.1	387	nSX00583	30936	77.947	263	12	272	1198	1460	6.08e-56	206	67
MZ463747.1	387	nSX00583	30936	77.567	263	12	272	1198	1460	2.59e-54	202	67
MZ463748.1	387	nSX00583	30936	77.567	263	12	272	1198	1460	2.59e-54	202	67
MZ463749.1	391	nSX00583	30936	77.174	276	5	277	1185	1460	7.49e-55	204	70
MZ463750.1	392	nSX00583	30936	76.812	276	5	277	1185	1460	9.15e-54	199	70
MZ463751.1	393	nSX00583	30936	77.536	276	5	277	1185	1460	1.77e-56	208	69
MZ463752.1	394	nSX00583	30936	77.536	276	5	277	1185	1460	1.78e-56	208	69
MZ463753.1	394	nSX00583	30936	77.174	276	5	277	1185	1460	7.55e-55	204	69
MZ463754.1	394	nSX00583	30936	78.378	259	5	260	1185	1443	2.16e-55	205	65
MZ463755.1	394	nSX00583	30936	77.899	276	5	277	1185	1460	1.46e-57	213	69
MZ463756.1	394	nSX00583	30936	77.174	276	5	277	1185	1460	7.55e-55	204	69
MZ463757.1	394	nSX00583	30936	77.174	276	5	277	1185	1460	7.55e-55	204	69
MZ463758.1	394	nSX00583	30936	77.174	276	5	277	1185	1460	7.55e-55	204	69
MZ463759.1	410	nSX00583	30936	77.174	276	5	277	1185	1460	7.87e-55	204	67
FJ751925.1	394	nSX00583	30936	77.536	276	5	277	1185	1460	1.78e-56	208	69
FJ751926.1	395	nSX00583	30936	77.536	276	5	277	1185	1460	1.78e-56	208	69
FJ751927.1	395	nSX00583	30936	77.174	276	5	277	1185	1460	7.57e-55	204	69
FJ751930.1	395	nSX00583	30936	77.536	276	5	277	1185	1460	1.78e-56	208	69
FJ751933.1	396	nSX00583	30936	77.536	276	6	278	1185	1460	1.79e-56	208	69
FJ751934.1	395	nSX00583	30936	77.536	276	6	278	1185	1460	1.78e-56	208	69
MZ463745.1	387	nSX00590	30589	77.947	263	12	272	19147	19409	6.02e-56	206	67
MZ463746.1	387	nSX00590	30589	77.947	263	12	272	19147	19409	6.02e-56	206	67
MZ463747.1	387	nSX00590	30589	77.567	263	12	272	19147	19409	2.56e-54	202	67
MZ463748.1	387	nSX00590	30589	77.567	263	12	272	19147	19409	2.56e-54	202	67
MZ463749.1	391	nSX00590	30589	77.174	276	5	277	19134	19409	7.41e-55	204	70
MZ463750.1	392	nSX00590	30589	76.812	276	5	277	19134	19409	9.05e-54	199	70
MZ463751.1	393	nSX00590	30589	77.536	276	5	277	19134	19409	1.75e-56	208	69
MZ463752.1	394	nSX00590	30589	77.536	276	5	277	19134	19409	1.76e-56	208	69
MZ463753.1	394	nSX00590	30589	77.174	276	5	277	19134	19409	7.47e-55	204	69
MZ463754.1	394	nSX00590	30589	78.378	259	5	260	19134	19392	2.14e-55	205	65
MZ463755.1	394	nSX00590	30589	77.899	276	5	277	19134	19409	1.44e-57	213	69
MZ463756.1	394	nSX00590	30589	77.174	276	5	277	19134	19409	7.47e-55	204	69
MZ463757.1	394	nSX00590	30589	77.174	276	5	277	19134	19409	7.47e-55	204	69
MZ463758.1	394	nSX00590	30589	77.174	276	5	277	19134	19409	7.47e-55	204	69
MZ463759.1	410	nSX00590	30589	77.174	276	5	277	19134	19409	7.79e-55	204	67
FJ751925.1	394	nSX00590	30589	77.536	276	5	277	19134	19409	1.76e-56	208	69
FJ751926.1	395	nSX00590	30589	77.536	276	5	277	19134	19409	1.76e-56	208	69
FJ751927.1	395	nSX00590	30589	77.174	276	5	277	19134	19409	7.49e-55	204	69
FJ751930.1	395	nSX00590	30589	77.536	276	5	277	19134	19409	1.76e-56	208	69
FJ751933.1	396	nSX00590	30589	77.536	276	6	278	19134	19409	1.77e-56	208	69
FJ751934.1	395	nSX00590	30589	77.536	276	6	278	19134	19409	1.76e-56	208	69
MZ463745.1	387	nSX00593	30440	77.947	263	12	272	25939	25677	5.99e-56	206	67
MZ463746.1	387	nSX00593	30440	77.947	263	12	272	25939	25677	5.99e-56	206	67
MZ463747.1	387	nSX00593	30440	77.567	263	12	272	25939	25677	2.55e-54	202	67
MZ463748.1	387	nSX00593	30440	77.567	263	12	272	25939	25677	2.55e-54	202	67
MZ463749.1	391	nSX00593	30440	77.174	276	5	277	25952	25677	7.37e-55	204	70
MZ463750.1	392	nSX00593	30440	76.812	276	5	277	25952	25677	9.01e-54	199	70
MZ463751.1	393	nSX00593	30440	77.536	276	5	277	25952	25677	1.74e-56	208	69
MZ463752.1	394	nSX00593	30440	77.536	276	5	277	25952	25677	1.75e-56	208	69
MZ463753.1	394	nSX00593	30440	77.174	276	5	277	25952	25677	7.43e-55	204	69
MZ463754.1	394	nSX00593	30440	78.378	259	5	260	25952	25694	2.13e-55	205	65
MZ463755.1	394	nSX00593	30440	77.899	276	5	277	25952	25677	1.43e-57	213	69
MZ463756.1	394	nSX00593	30440	77.174	276	5	277	25952	25677	7.43e-55	204	69
MZ463757.1	394	nSX00593	30440	77.174	276	5	277	25952	25677	7.43e-55	204	69
MZ463758.1	394	nSX00593	30440	77.174	276	5	277	25952	25677	7.43e-55	204	69
MZ463759.1	410	nSX00593	30440	77.174	276	5	277	25952	25677	7.75e-55	204	67
FJ751925.1	394	nSX00593	30440	77.536	276	5	277	25952	25677	1.75e-56	208	69
FJ751926.1	395	nSX00593	30440	77.536	276	5	277	25952	25677	1.75e-56	208	69
FJ751927.1	395	nSX00593	30440	77.174	276	5	277	25952	25677	7.45e-55	204	69
FJ751930.1	395	nSX00593	30440	77.536	276	5	277	25952	25677	1.75e-56	208	69
FJ751933.1	396	nSX00593	30440	77.536	276	6	278	25952	25677	1.76e-56	208	69
FJ751934.1	395	nSX00593	30440	77.536	276	6	278	25952	25677	1.75e-56	208	69
MZ463745.1	387	nSX00594	30407	77.947	263	12	272	26127	25865	5.98e-56	206	67
MZ463746.1	387	nSX00594	30407	77.947	263	12	272	26127	25865	5.98e-56	206	67
MZ463747.1	387	nSX00594	30407	77.567	263	12	272	26127	25865	2.54e-54	202	67
MZ463748.1	387	nSX00594	30407	77.567	263	12	272	26127	25865	2.54e-54	202	67
MZ463749.1	391	nSX00594	30407	77.174	276	5	277	26140	25865	7.36e-55	204	70
MZ463750.1	392	nSX00594	30407	76.812	276	5	277	26140	25865	9.00e-54	199	70
MZ463751.1	393	nSX00594	30407	77.536	276	5	277	26140	25865	1.74e-56	208	69
MZ463752.1	394	nSX00594	30407	77.536	276	5	277	26140	25865	1.75e-56	208	69
MZ463753.1	394	nSX00594	30407	77.174	276	5	277	26140	25865	7.42e-55	204	69
MZ463754.1	394	nSX00594	30407	78.378	259	5	260	26140	25882	2.13e-55	205	65
MZ463755.1	394	nSX00594	30407	77.899	276	5	277	26140	25865	1.43e-57	213	69
MZ463756.1	394	nSX00594	30407	77.174	276	5	277	26140	25865	7.42e-55	204	69
MZ463757.1	394	nSX00594	30407	77.174	276	5	277	26140	25865	7.42e-55	204	69
MZ463758.1	394	nSX00594	30407	77.174	276	5	277	26140	25865	7.42e-55	204	69
MZ463759.1	410	nSX00594	30407	77.174	276	5	277	26140	25865	7.74e-55	204	67
FJ751925.1	394	nSX00594	30407	77.536	276	5	277	26140	25865	1.75e-56	208	69
FJ751926.1	395	nSX00594	30407	77.536	276	5	277	26140	25865	1.75e-56	208	69
FJ751927.1	395	nSX00594	30407	77.174	276	5	277	26140	25865	7.44e-55	204	69
FJ751930.1	395	nSX00594	30407	77.536	276	5	277	26140	25865	1.75e-56	208	69
FJ751933.1	396	nSX00594	30407	77.536	276	6	278	26140	25865	1.76e-56	208	69
FJ751934.1	395	nSX00594	30407	77.536	276	6	278	26140	25865	1.75e-56	208	69
MZ463745.1	387	nSX00595	30404	77.947	263	12	272	20506	20244	5.98e-56	206	67
MZ463746.1	387	nSX00595	30404	77.947	263	12	272	20506	20244	5.98e-56	206	67
MZ463747.1	387	nSX00595	30404	77.567	263	12	272	20506	20244	2.54e-54	202	67
MZ463748.1	387	nSX00595	30404	77.567	263	12	272	20506	20244	2.54e-54	202	67
MZ463749.1	391	nSX00595	30404	77.174	276	5	277	20519	20244	7.36e-55	204	70
MZ463750.1	392	nSX00595	30404	76.812	276	5	277	20519	20244	9.00e-54	199	70
MZ463751.1	393	nSX00595	30404	77.536	276	5	277	20519	20244	1.74e-56	208	69
MZ463752.1	394	nSX00595	30404	77.536	276	5	277	20519	20244	1.75e-56	208	69
MZ463753.1	394	nSX00595	30404	77.174	276	5	277	20519	20244	7.42e-55	204	69
MZ463754.1	394	nSX00595	30404	78.378	259	5	260	20519	20261	2.13e-55	205	65
MZ463755.1	394	nSX00595	30404	77.899	276	5	277	20519	20244	1.43e-57	213	69
MZ463756.1	394	nSX00595	30404	77.174	276	5	277	20519	20244	7.42e-55	204	69
MZ463757.1	394	nSX00595	30404	77.174	276	5	277	20519	20244	7.42e-55	204	69
MZ463758.1	394	nSX00595	30404	77.174	276	5	277	20519	20244	7.42e-55	204	69
MZ463759.1	410	nSX00595	30404	77.174	276	5	277	20519	20244	7.74e-55	204	67
FJ751925.1	394	nSX00595	30404	77.536	276	5	277	20519	20244	1.75e-56	208	69
FJ751926.1	395	nSX00595	30404	77.536	276	5	277	20519	20244	1.75e-56	208	69
FJ751927.1	395	nSX00595	30404	77.174	276	5	277	20519	20244	7.44e-55	204	69
FJ751930.1	395	nSX00595	30404	77.536	276	5	277	20519	20244	1.75e-56	208	69
FJ751933.1	396	nSX00595	30404	77.536	276	6	278	20519	20244	1.76e-56	208	69
FJ751934.1	395	nSX00595	30404	77.536	276	6	278	20519	20244	1.75e-56	208	69
MZ463745.1	387	nSX00602	30040	77.947	263	12	272	27831	27569	5.91e-56	206	67
MZ463746.1	387	nSX00602	30040	77.947	263	12	272	27831	27569	5.91e-56	206	67
MZ463747.1	387	nSX00602	30040	77.567	263	12	272	27831	27569	2.51e-54	202	67
MZ463748.1	387	nSX00602	30040	77.567	263	12	272	27831	27569	2.51e-54	202	67
MZ463749.1	391	nSX00602	30040	77.174	276	5	277	27844	27569	7.28e-55	204	70
MZ463750.1	392	nSX00602	30040	76.812	276	5	277	27844	27569	8.89e-54	199	70
MZ463751.1	393	nSX00602	30040	77.536	276	5	277	27844	27569	1.72e-56	208	69
MZ463752.1	394	nSX00602	30040	77.536	276	5	277	27844	27569	1.72e-56	208	69
MZ463753.1	394	nSX00602	30040	77.174	276	5	277	27844	27569	7.33e-55	204	69
MZ463754.1	394	nSX00602	30040	78.378	259	5	260	27844	27586	2.10e-55	205	65
MZ463755.1	394	nSX00602	30040	77.899	276	5	277	27844	27569	1.42e-57	213	69
MZ463756.1	394	nSX00602	30040	77.174	276	5	277	27844	27569	7.33e-55	204	69
MZ463757.1	394	nSX00602	30040	77.174	276	5	277	27844	27569	7.33e-55	204	69
MZ463758.1	394	nSX00602	30040	77.174	276	5	277	27844	27569	7.33e-55	204	69
MZ463759.1	410	nSX00602	30040	77.174	276	5	277	27844	27569	7.65e-55	204	67
FJ751925.1	394	nSX00602	30040	77.536	276	5	277	27844	27569	1.72e-56	208	69
FJ751926.1	395	nSX00602	30040	77.536	276	5	277	27844	27569	1.73e-56	208	69
FJ751927.1	395	nSX00602	30040	77.174	276	5	277	27844	27569	7.35e-55	204	69
FJ751930.1	395	nSX00602	30040	77.536	276	5	277	27844	27569	1.73e-56	208	69
FJ751933.1	396	nSX00602	30040	77.536	276	6	278	27844	27569	1.73e-56	208	69
FJ751934.1	395	nSX00602	30040	77.536	276	6	278	27844	27569	1.73e-56	208	69
MZ463745.1	387	nSX00603	30008	77.947	263	12	272	15439	15177	5.90e-56	206	67
MZ463746.1	387	nSX00603	30008	77.947	263	12	272	15439	15177	5.90e-56	206	67
MZ463747.1	387	nSX00603	30008	77.567	263	12	272	15439	15177	2.51e-54	202	67
MZ463748.1	387	nSX00603	30008	77.567	263	12	272	15439	15177	2.51e-54	202	67
MZ463749.1	391	nSX00603	30008	77.174	276	5	277	15452	15177	7.27e-55	204	70
MZ463750.1	392	nSX00603	30008	76.812	276	5	277	15452	15177	8.88e-54	199	70
MZ463751.1	393	nSX00603	30008	77.536	276	5	277	15452	15177	1.72e-56	208	69
MZ463752.1	394	nSX00603	30008	77.536	276	5	277	15452	15177	1.72e-56	208	69
MZ463753.1	394	nSX00603	30008	77.174	276	5	277	15452	15177	7.33e-55	204	69
MZ463754.1	394	nSX00603	30008	78.378	259	5	260	15452	15194	2.10e-55	205	65
MZ463755.1	394	nSX00603	30008	77.899	276	5	277	15452	15177	1.41e-57	213	69
MZ463756.1	394	nSX00603	30008	77.174	276	5	277	15452	15177	7.33e-55	204	69
MZ463757.1	394	nSX00603	30008	77.174	276	5	277	15452	15177	7.33e-55	204	69
MZ463758.1	394	nSX00603	30008	77.174	276	5	277	15452	15177	7.33e-55	204	69
MZ463759.1	410	nSX00603	30008	77.174	276	5	277	15452	15177	7.64e-55	204	67
FJ751925.1	394	nSX00603	30008	77.536	276	5	277	15452	15177	1.72e-56	208	69
FJ751926.1	395	nSX00603	30008	77.536	276	5	277	15452	15177	1.73e-56	208	69
FJ751927.1	395	nSX00603	30008	77.174	276	5	277	15452	15177	7.35e-55	204	69
FJ751930.1	395	nSX00603	30008	77.536	276	5	277	15452	15177	1.73e-56	208	69
FJ751933.1	396	nSX00603	30008	77.536	276	6	278	15452	15177	1.73e-56	208	69
FJ751934.1	395	nSX00603	30008	77.536	276	6	278	15452	15177	1.73e-56	208	69
MZ463745.1	387	nSX00615	28521	77.947	263	12	272	26444	26182	5.61e-56	206	67
MZ463746.1	387	nSX00615	28521	77.947	263	12	272	26444	26182	5.61e-56	206	67
MZ463747.1	387	nSX00615	28521	77.567	263	12	272	26444	26182	2.39e-54	202	67
MZ463748.1	387	nSX00615	28521	77.567	263	12	272	26444	26182	2.39e-54	202	67
MZ463749.1	391	nSX00615	28521	77.174	276	5	277	26457	26182	6.91e-55	204	70
MZ463750.1	392	nSX00615	28521	76.812	276	5	277	26457	26182	8.44e-54	199	70
MZ463751.1	393	nSX00615	28521	77.536	276	5	277	26457	26182	1.63e-56	208	69
MZ463752.1	394	nSX00615	28521	77.536	276	5	277	26457	26182	1.64e-56	208	69
MZ463753.1	394	nSX00615	28521	77.174	276	5	277	26457	26182	6.96e-55	204	69
MZ463754.1	394	nSX00615	28521	78.378	259	5	260	26457	26199	1.99e-55	205	65
MZ463755.1	394	nSX00615	28521	77.899	276	5	277	26457	26182	1.34e-57	213	69
MZ463756.1	394	nSX00615	28521	77.174	276	5	277	26457	26182	6.96e-55	204	69
MZ463757.1	394	nSX00615	28521	77.174	276	5	277	26457	26182	6.96e-55	204	69
MZ463758.1	394	nSX00615	28521	77.174	276	5	277	26457	26182	6.96e-55	204	69
MZ463759.1	410	nSX00615	28521	77.174	276	5	277	26457	26182	7.26e-55	204	67
FJ751925.1	394	nSX00615	28521	77.536	276	5	277	26457	26182	1.64e-56	208	69
FJ751926.1	395	nSX00615	28521	77.536	276	5	277	26457	26182	1.64e-56	208	69
FJ751927.1	395	nSX00615	28521	77.174	276	5	277	26457	26182	6.98e-55	204	69
FJ751930.1	395	nSX00615	28521	77.536	276	5	277	26457	26182	1.64e-56	208	69
FJ751933.1	396	nSX00615	28521	77.536	276	6	278	26457	26182	1.65e-56	208	69
FJ751934.1	395	nSX00615	28521	77.536	276	6	278	26457	26182	1.64e-56	208	69
MZ463745.1	387	nSX00621	28209	77.947	263	12	272	17177	17439	5.55e-56	206	67
MZ463746.1	387	nSX00621	28209	77.947	263	12	272	17177	17439	5.55e-56	206	67
MZ463747.1	387	nSX00621	28209	77.567	263	12	272	17177	17439	2.36e-54	202	67
MZ463748.1	387	nSX00621	28209	77.567	263	12	272	17177	17439	2.36e-54	202	67
MZ463749.1	391	nSX00621	28209	77.174	276	5	277	17164	17439	6.83e-55	204	70
MZ463750.1	392	nSX00621	28209	76.812	276	5	277	17164	17439	8.35e-54	199	70
MZ463751.1	393	nSX00621	28209	77.536	276	5	277	17164	17439	1.62e-56	208	69
MZ463752.1	394	nSX00621	28209	77.536	276	5	277	17164	17439	1.62e-56	208	69
MZ463753.1	394	nSX00621	28209	77.174	276	5	277	17164	17439	6.89e-55	204	69
MZ463754.1	394	nSX00621	28209	78.378	259	5	260	17164	17422	1.97e-55	205	65
MZ463755.1	394	nSX00621	28209	77.899	276	5	277	17164	17439	1.33e-57	213	69
MZ463756.1	394	nSX00621	28209	77.174	276	5	277	17164	17439	6.89e-55	204	69
MZ463757.1	394	nSX00621	28209	77.174	276	5	277	17164	17439	6.89e-55	204	69
MZ463758.1	394	nSX00621	28209	77.174	276	5	277	17164	17439	6.89e-55	204	69
MZ463759.1	410	nSX00621	28209	77.174	276	5	277	17164	17439	7.18e-55	204	67
FJ751925.1	394	nSX00621	28209	77.536	276	5	277	17164	17439	1.62e-56	208	69
FJ751926.1	395	nSX00621	28209	77.536	276	5	277	17164	17439	1.62e-56	208	69
FJ751927.1	395	nSX00621	28209	77.174	276	5	277	17164	17439	6.91e-55	204	69
FJ751930.1	395	nSX00621	28209	77.536	276	5	277	17164	17439	1.62e-56	208	69
FJ751933.1	396	nSX00621	28209	77.536	276	6	278	17164	17439	1.63e-56	208	69
FJ751934.1	395	nSX00621	28209	77.536	276	6	278	17164	17439	1.62e-56	208	69
MZ463745.1	387	nSX00624	27969	77.947	263	12	272	10076	9814	5.50e-56	206	67
MZ463746.1	387	nSX00624	27969	77.947	263	12	272	10076	9814	5.50e-56	206	67
MZ463747.1	387	nSX00624	27969	77.567	263	12	272	10076	9814	2.34e-54	202	67
MZ463748.1	387	nSX00624	27969	77.567	263	12	272	10076	9814	2.34e-54	202	67
MZ463749.1	391	nSX00624	27969	77.174	276	5	277	10089	9814	6.77e-55	204	70
MZ463750.1	392	nSX00624	27969	76.812	276	5	277	10089	9814	8.27e-54	199	70
MZ463751.1	393	nSX00624	27969	77.536	276	5	277	10089	9814	1.60e-56	208	69
MZ463752.1	394	nSX00624	27969	77.536	276	5	277	10089	9814	1.61e-56	208	69
MZ463753.1	394	nSX00624	27969	77.174	276	5	277	10089	9814	6.83e-55	204	69
MZ463754.1	394	nSX00624	27969	78.378	259	5	260	10089	9831	1.96e-55	205	65
MZ463755.1	394	nSX00624	27969	77.899	276	5	277	10089	9814	1.32e-57	213	69
MZ463756.1	394	nSX00624	27969	77.174	276	5	277	10089	9814	6.83e-55	204	69
MZ463757.1	394	nSX00624	27969	77.174	276	5	277	10089	9814	6.83e-55	204	69
MZ463758.1	394	nSX00624	27969	77.174	276	5	277	10089	9814	6.83e-55	204	69
MZ463759.1	410	nSX00624	27969	77.174	276	5	277	10089	9814	7.12e-55	204	67
FJ751925.1	394	nSX00624	27969	77.536	276	5	277	10089	9814	1.61e-56	208	69
FJ751926.1	395	nSX00624	27969	77.536	276	5	277	10089	9814	1.61e-56	208	69
FJ751927.1	395	nSX00624	27969	77.174	276	5	277	10089	9814	6.85e-55	204	69
FJ751930.1	395	nSX00624	27969	77.536	276	5	277	10089	9814	1.61e-56	208	69
FJ751933.1	396	nSX00624	27969	77.536	276	6	278	10089	9814	1.61e-56	208	69
FJ751934.1	395	nSX00624	27969	77.536	276	6	278	10089	9814	1.61e-56	208	69
MZ463745.1	387	nSX00626	27803	77.947	263	12	272	19745	19483	5.47e-56	206	67
MZ463746.1	387	nSX00626	27803	77.947	263	12	272	19745	19483	5.47e-56	206	67
MZ463747.1	387	nSX00626	27803	77.567	263	12	272	19745	19483	2.33e-54	202	67
MZ463748.1	387	nSX00626	27803	77.567	263	12	272	19745	19483	2.33e-54	202	67
MZ463749.1	391	nSX00626	27803	77.174	276	5	277	19758	19483	6.73e-55	204	70
MZ463750.1	392	nSX00626	27803	76.812	276	5	277	19758	19483	8.23e-54	199	70
MZ463751.1	393	nSX00626	27803	77.536	276	5	277	19758	19483	1.59e-56	208	69
MZ463752.1	394	nSX00626	27803	77.536	276	5	277	19758	19483	1.60e-56	208	69
MZ463753.1	394	nSX00626	27803	77.174	276	5	277	19758	19483	6.79e-55	204	69
MZ463754.1	394	nSX00626	27803	78.378	259	5	260	19758	19500	1.94e-55	205	65
MZ463755.1	394	nSX00626	27803	77.899	276	5	277	19758	19483	1.31e-57	213	69
MZ463756.1	394	nSX00626	27803	77.174	276	5	277	19758	19483	6.79e-55	204	69
MZ463757.1	394	nSX00626	27803	77.174	276	5	277	19758	19483	6.79e-55	204	69
MZ463758.1	394	nSX00626	27803	77.174	276	5	277	19758	19483	6.79e-55	204	69
MZ463759.1	410	nSX00626	27803	77.174	276	5	277	19758	19483	7.08e-55	204	67
FJ751925.1	394	nSX00626	27803	77.536	276	5	277	19758	19483	1.60e-56	208	69
FJ751926.1	395	nSX00626	27803	77.536	276	5	277	19758	19483	1.60e-56	208	69
FJ751927.1	395	nSX00626	27803	77.174	276	5	277	19758	19483	6.81e-55	204	69
FJ751930.1	395	nSX00626	27803	77.536	276	5	277	19758	19483	1.60e-56	208	69
FJ751933.1	396	nSX00626	27803	77.536	276	6	278	19758	19483	1.60e-56	208	69
FJ751934.1	395	nSX00626	27803	77.536	276	6	278	19758	19483	1.60e-56	208	69
MZ463745.1	387	nSX00632	27251	77.947	263	12	272	17368	17106	5.36e-56	206	67
MZ463746.1	387	nSX00632	27251	77.947	263	12	272	17368	17106	5.36e-56	206	67
MZ463747.1	387	nSX00632	27251	77.567	263	12	272	17368	17106	2.28e-54	202	67
MZ463748.1	387	nSX00632	27251	77.567	263	12	272	17368	17106	2.28e-54	202	67
MZ463749.1	391	nSX00632	27251	77.174	276	5	277	17381	17106	6.60e-55	204	70
MZ463750.1	392	nSX00632	27251	76.812	276	5	277	17381	17106	8.06e-54	199	70
MZ463751.1	393	nSX00632	27251	77.536	276	5	277	17381	17106	1.56e-56	208	69
MZ463752.1	394	nSX00632	27251	77.536	276	5	277	17381	17106	1.56e-56	208	69
MZ463753.1	394	nSX00632	27251	77.174	276	5	277	17381	17106	6.65e-55	204	69
MZ463754.1	394	nSX00632	27251	78.378	259	5	260	17381	17123	1.91e-55	205	65
MZ463755.1	394	nSX00632	27251	77.899	276	5	277	17381	17106	1.28e-57	213	69
MZ463756.1	394	nSX00632	27251	77.174	276	5	277	17381	17106	6.65e-55	204	69
MZ463757.1	394	nSX00632	27251	77.174	276	5	277	17381	17106	6.65e-55	204	69
MZ463758.1	394	nSX00632	27251	77.174	276	5	277	17381	17106	6.65e-55	204	69
MZ463759.1	410	nSX00632	27251	77.174	276	5	277	17381	17106	6.94e-55	204	67
FJ751925.1	394	nSX00632	27251	77.536	276	5	277	17381	17106	1.56e-56	208	69
FJ751926.1	395	nSX00632	27251	77.536	276	5	277	17381	17106	1.57e-56	208	69
FJ751927.1	395	nSX00632	27251	77.174	276	5	277	17381	17106	6.67e-55	204	69
FJ751930.1	395	nSX00632	27251	77.536	276	5	277	17381	17106	1.57e-56	208	69
FJ751933.1	396	nSX00632	27251	77.536	276	6	278	17381	17106	1.57e-56	208	69
FJ751934.1	395	nSX00632	27251	77.536	276	6	278	17381	17106	1.57e-56	208	69
MZ463745.1	387	nSX00642	26621	77.947	263	12	272	9506	9768	5.24e-56	206	67
MZ463746.1	387	nSX00642	26621	77.947	263	12	272	9506	9768	5.24e-56	206	67
MZ463747.1	387	nSX00642	26621	77.567	263	12	272	9506	9768	2.23e-54	202	67
MZ463748.1	387	nSX00642	26621	77.567	263	12	272	9506	9768	2.23e-54	202	67
MZ463749.1	391	nSX00642	26621	77.174	276	5	277	9493	9768	6.45e-55	204	70
MZ463750.1	392	nSX00642	26621	76.812	276	5	277	9493	9768	7.88e-54	199	70
MZ463751.1	393	nSX00642	26621	77.536	276	5	277	9493	9768	1.52e-56	208	69
MZ463752.1	394	nSX00642	26621	77.536	276	5	277	9493	9768	1.53e-56	208	69
MZ463753.1	394	nSX00642	26621	77.174	276	5	277	9493	9768	6.50e-55	204	69
MZ463754.1	394	nSX00642	26621	78.378	259	5	260	9493	9751	1.86e-55	205	65
MZ463755.1	394	nSX00642	26621	77.899	276	5	277	9493	9768	1.25e-57	213	69
MZ463756.1	394	nSX00642	26621	77.174	276	5	277	9493	9768	6.50e-55	204	69
MZ463757.1	394	nSX00642	26621	77.174	276	5	277	9493	9768	6.50e-55	204	69
MZ463758.1	394	nSX00642	26621	77.174	276	5	277	9493	9768	6.50e-55	204	69
MZ463759.1	410	nSX00642	26621	77.174	276	5	277	9493	9768	6.77e-55	204	67
FJ751925.1	394	nSX00642	26621	77.536	276	5	277	9493	9768	1.53e-56	208	69
FJ751926.1	395	nSX00642	26621	77.536	276	5	277	9493	9768	1.53e-56	208	69
FJ751927.1	395	nSX00642	26621	77.174	276	5	277	9493	9768	6.52e-55	204	69
FJ751930.1	395	nSX00642	26621	77.536	276	5	277	9493	9768	1.53e-56	208	69
FJ751933.1	396	nSX00642	26621	77.536	276	6	278	9493	9768	1.54e-56	208	69
FJ751934.1	395	nSX00642	26621	77.536	276	6	278	9493	9768	1.53e-56	208	69
MZ463745.1	387	nSX00646	26228	77.947	263	12	272	6906	6644	5.16e-56	206	67
MZ463746.1	387	nSX00646	26228	77.947	263	12	272	6906	6644	5.16e-56	206	67
MZ463747.1	387	nSX00646	26228	77.567	263	12	272	6906	6644	2.19e-54	202	67
MZ463748.1	387	nSX00646	26228	77.567	263	12	272	6906	6644	2.19e-54	202	67
MZ463749.1	391	nSX00646	26228	77.174	276	5	277	6919	6644	6.35e-55	204	70
MZ463750.1	392	nSX00646	26228	76.812	276	5	277	6919	6644	7.76e-54	199	70
MZ463751.1	393	nSX00646	26228	77.536	276	5	277	6919	6644	1.50e-56	208	69
MZ463752.1	394	nSX00646	26228	77.536	276	5	277	6919	6644	1.51e-56	208	69
MZ463753.1	394	nSX00646	26228	77.174	276	5	277	6919	6644	6.40e-55	204	69
MZ463754.1	394	nSX00646	26228	78.378	259	5	260	6919	6661	1.83e-55	205	65
MZ463755.1	394	nSX00646	26228	77.899	276	5	277	6919	6644	1.24e-57	213	69
MZ463756.1	394	nSX00646	26228	77.174	276	5	277	6919	6644	6.40e-55	204	69
MZ463757.1	394	nSX00646	26228	77.174	276	5	277	6919	6644	6.40e-55	204	69
MZ463758.1	394	nSX00646	26228	77.174	276	5	277	6919	6644	6.40e-55	204	69
MZ463759.1	410	nSX00646	26228	77.174	276	5	277	6919	6644	6.67e-55	204	67
FJ751925.1	394	nSX00646	26228	77.536	276	5	277	6919	6644	1.51e-56	208	69
FJ751926.1	395	nSX00646	26228	77.536	276	5	277	6919	6644	1.51e-56	208	69
FJ751927.1	395	nSX00646	26228	77.174	276	5	277	6919	6644	6.42e-55	204	69
FJ751930.1	395	nSX00646	26228	77.536	276	5	277	6919	6644	1.51e-56	208	69
FJ751933.1	396	nSX00646	26228	77.536	276	6	278	6919	6644	1.51e-56	208	69
FJ751934.1	395	nSX00646	26228	77.536	276	6	278	6919	6644	1.51e-56	208	69
MZ463745.1	387	nSX00649	25981	77.947	263	12	272	1593	1855	5.11e-56	206	67
MZ463746.1	387	nSX00649	25981	77.947	263	12	272	1593	1855	5.11e-56	206	67
MZ463747.1	387	nSX00649	25981	77.567	263	12	272	1593	1855	2.17e-54	202	67
MZ463748.1	387	nSX00649	25981	77.567	263	12	272	1593	1855	2.17e-54	202	67
MZ463749.1	391	nSX00649	25981	77.174	276	5	277	1580	1855	6.29e-55	204	70
MZ463750.1	392	nSX00649	25981	76.812	276	5	277	1580	1855	7.69e-54	199	70
MZ463751.1	393	nSX00649	25981	77.536	276	5	277	1580	1855	1.49e-56	208	69
MZ463752.1	394	nSX00649	25981	77.536	276	5	277	1580	1855	1.49e-56	208	69
MZ463753.1	394	nSX00649	25981	77.174	276	5	277	1580	1855	6.34e-55	204	69
MZ463754.1	394	nSX00649	25981	78.378	259	5	260	1580	1838	1.82e-55	205	65
MZ463755.1	394	nSX00649	25981	77.899	276	5	277	1580	1855	1.22e-57	213	69
MZ463756.1	394	nSX00649	25981	77.174	276	5	277	1580	1855	6.34e-55	204	69
MZ463757.1	394	nSX00649	25981	77.174	276	5	277	1580	1855	6.34e-55	204	69
MZ463758.1	394	nSX00649	25981	77.174	276	5	277	1580	1855	6.34e-55	204	69
MZ463759.1	410	nSX00649	25981	77.174	276	5	277	1580	1855	6.61e-55	204	67
FJ751925.1	394	nSX00649	25981	77.536	276	5	277	1580	1855	1.49e-56	208	69
FJ751926.1	395	nSX00649	25981	77.536	276	5	277	1580	1855	1.50e-56	208	69
FJ751927.1	395	nSX00649	25981	77.174	276	5	277	1580	1855	6.36e-55	204	69
FJ751930.1	395	nSX00649	25981	77.536	276	5	277	1580	1855	1.50e-56	208	69
FJ751933.1	396	nSX00649	25981	77.536	276	6	278	1580	1855	1.50e-56	208	69
FJ751934.1	395	nSX00649	25981	77.536	276	6	278	1580	1855	1.50e-56	208	69
MZ463745.1	387	nSX00652	25641	77.947	263	12	272	6514	6776	5.04e-56	206	67
MZ463746.1	387	nSX00652	25641	77.947	263	12	272	6514	6776	5.04e-56	206	67
MZ463747.1	387	nSX00652	25641	77.567	263	12	272	6514	6776	2.14e-54	202	67
MZ463748.1	387	nSX00652	25641	77.567	263	12	272	6514	6776	2.14e-54	202	67
MZ463749.1	391	nSX00652	25641	77.174	276	5	277	6501	6776	6.21e-55	204	70
MZ463750.1	392	nSX00652	25641	76.812	276	5	277	6501	6776	7.59e-54	199	70
MZ463751.1	393	nSX00652	25641	77.536	276	5	277	6501	6776	1.47e-56	208	69
MZ463752.1	394	nSX00652	25641	77.536	276	5	277	6501	6776	1.47e-56	208	69
MZ463753.1	394	nSX00652	25641	77.174	276	5	277	6501	6776	6.26e-55	204	69
MZ463754.1	394	nSX00652	25641	78.378	259	5	260	6501	6759	1.79e-55	205	65
MZ463755.1	394	nSX00652	25641	77.899	276	5	277	6501	6776	1.21e-57	213	69
MZ463756.1	394	nSX00652	25641	77.174	276	5	277	6501	6776	6.26e-55	204	69
MZ463757.1	394	nSX00652	25641	77.174	276	5	277	6501	6776	6.26e-55	204	69
MZ463758.1	394	nSX00652	25641	77.174	276	5	277	6501	6776	6.26e-55	204	69
MZ463759.1	410	nSX00652	25641	77.174	276	5	277	6501	6776	6.53e-55	204	67
FJ751925.1	394	nSX00652	25641	77.536	276	5	277	6501	6776	1.47e-56	208	69
FJ751926.1	395	nSX00652	25641	77.536	276	5	277	6501	6776	1.48e-56	208	69
FJ751927.1	395	nSX00652	25641	77.174	276	5	277	6501	6776	6.28e-55	204	69
FJ751930.1	395	nSX00652	25641	77.536	276	5	277	6501	6776	1.48e-56	208	69
FJ751933.1	396	nSX00652	25641	77.536	276	6	278	6501	6776	1.48e-56	208	69
FJ751934.1	395	nSX00652	25641	77.536	276	6	278	6501	6776	1.48e-56	208	69
MZ463745.1	387	nSX00653	25549	80.986	142	132	272	5582	5723	3.17e-33	132	55
MZ463746.1	387	nSX00653	25549	80.986	142	132	272	5582	5723	3.17e-33	132	55
MZ463747.1	387	nSX00653	25549	80.986	142	132	272	5582	5723	3.17e-33	132	55
MZ463748.1	387	nSX00653	25549	80.986	142	132	272	5582	5723	3.17e-33	132	55
MZ463749.1	391	nSX00653	25549	80.986	142	137	277	5582	5723	3.21e-33	132	57
MZ463749.1	391	nSX00653	25549	85.542	83	5	86	5386	5468	8.06e-22	93.3	57
MZ463750.1	392	nSX00653	25549	80.986	142	137	277	5582	5723	3.22e-33	132	57
MZ463750.1	392	nSX00653	25549	85.542	83	5	86	5386	5468	8.08e-22	93.3	57
MZ463751.1	393	nSX00653	25549	80.986	142	137	277	5582	5723	3.23e-33	132	57
MZ463751.1	393	nSX00653	25549	86.747	83	5	86	5386	5468	6.65e-23	97.8	57
MZ463752.1	394	nSX00653	25549	80.986	142	137	277	5582	5723	3.23e-33	132	57
MZ463752.1	394	nSX00653	25549	86.747	83	5	86	5386	5468	6.67e-23	97.8	57
MZ463753.1	394	nSX00653	25549	80.986	142	137	277	5582	5723	3.23e-33	132	57
MZ463753.1	394	nSX00653	25549	85.542	83	5	86	5386	5468	8.13e-22	93.3	57
MZ463754.1	394	nSX00653	25549	83.065	124	138	260	5583	5706	1.38e-31	126	52
MZ463754.1	394	nSX00653	25549	86.747	83	5	86	5386	5468	6.67e-23	97.8	52
MZ463755.1	394	nSX00653	25549	81.690	142	137	277	5582	5723	7.61e-35	136	57
MZ463755.1	394	nSX00653	25549	86.747	83	5	86	5386	5468	6.67e-23	97.8	57
MZ463756.1	394	nSX00653	25549	80.282	142	137	277	5582	5723	3.94e-32	127	57
MZ463756.1	394	nSX00653	25549	86.747	83	5	86	5386	5468	6.67e-23	97.8	57
MZ463757.1	394	nSX00653	25549	80.282	142	137	277	5582	5723	3.94e-32	127	57
MZ463757.1	394	nSX00653	25549	86.747	83	5	86	5386	5468	6.67e-23	97.8	57
MZ463758.1	394	nSX00653	25549	80.986	142	137	277	5582	5723	3.23e-33	132	57
MZ463758.1	394	nSX00653	25549	85.542	83	5	86	5386	5468	8.13e-22	93.3	57
MZ463759.1	410	nSX00653	25549	80.986	142	137	277	5582	5723	3.37e-33	132	54
MZ463759.1	410	nSX00653	25549	85.542	83	5	86	5386	5468	8.47e-22	93.3	54
FJ751925.1	394	nSX00653	25549	80.986	142	137	277	5582	5723	3.23e-33	132	57
FJ751925.1	394	nSX00653	25549	86.747	83	5	86	5386	5468	6.67e-23	97.8	57
FJ751926.1	395	nSX00653	25549	80.986	142	137	277	5582	5723	3.24e-33	132	56
FJ751926.1	395	nSX00653	25549	86.747	83	5	86	5386	5468	6.69e-23	97.8	56
FJ751927.1	395	nSX00653	25549	80.282	142	137	277	5582	5723	3.95e-32	127	56
FJ751927.1	395	nSX00653	25549	86.747	83	5	86	5386	5468	6.69e-23	97.8	56
FJ751930.1	395	nSX00653	25549	80.986	142	137	277	5582	5723	3.24e-33	132	56
FJ751930.1	395	nSX00653	25549	86.747	83	5	86	5386	5468	6.69e-23	97.8	56
FJ751933.1	396	nSX00653	25549	80.986	142	138	278	5582	5723	3.25e-33	132	56
FJ751933.1	396	nSX00653	25549	86.747	83	6	87	5386	5468	6.71e-23	97.8	56
FJ751934.1	395	nSX00653	25549	80.986	142	138	278	5582	5723	3.24e-33	132	56
FJ751934.1	395	nSX00653	25549	86.747	83	6	87	5386	5468	6.69e-23	97.8	56
MZ463745.1	387	nSX00656	24581	77.947	263	12	272	7416	7678	4.83e-56	206	67
MZ463746.1	387	nSX00656	24581	77.947	263	12	272	7416	7678	4.83e-56	206	67
MZ463747.1	387	nSX00656	24581	77.567	263	12	272	7416	7678	2.06e-54	202	67
MZ463748.1	387	nSX00656	24581	77.567	263	12	272	7416	7678	2.06e-54	202	67
MZ463749.1	391	nSX00656	24581	77.174	276	5	277	7403	7678	5.95e-55	204	70
MZ463750.1	392	nSX00656	24581	76.812	276	5	277	7403	7678	7.27e-54	199	70
MZ463751.1	393	nSX00656	24581	77.536	276	5	277	7403	7678	1.41e-56	208	69
MZ463752.1	394	nSX00656	24581	77.536	276	5	277	7403	7678	1.41e-56	208	69
MZ463753.1	394	nSX00656	24581	77.174	276	5	277	7403	7678	6.00e-55	204	69
MZ463754.1	394	nSX00656	24581	78.378	259	5	260	7403	7661	1.72e-55	205	65
MZ463755.1	394	nSX00656	24581	77.899	276	5	277	7403	7678	1.16e-57	213	69
MZ463756.1	394	nSX00656	24581	77.174	276	5	277	7403	7678	6.00e-55	204	69
MZ463757.1	394	nSX00656	24581	77.174	276	5	277	7403	7678	6.00e-55	204	69
MZ463758.1	394	nSX00656	24581	77.174	276	5	277	7403	7678	6.00e-55	204	69
MZ463759.1	410	nSX00656	24581	77.174	276	5	277	7403	7678	6.26e-55	204	67
FJ751925.1	394	nSX00656	24581	77.536	276	5	277	7403	7678	1.41e-56	208	69
FJ751926.1	395	nSX00656	24581	77.536	276	5	277	7403	7678	1.41e-56	208	69
FJ751927.1	395	nSX00656	24581	77.174	276	5	277	7403	7678	6.02e-55	204	69
FJ751930.1	395	nSX00656	24581	77.536	276	5	277	7403	7678	1.41e-56	208	69
FJ751933.1	396	nSX00656	24581	77.536	276	6	278	7403	7678	1.42e-56	208	69
FJ751934.1	395	nSX00656	24581	77.536	276	6	278	7403	7678	1.41e-56	208	69
MZ463745.1	387	nSX00661	23934	77.947	263	12	272	2458	2720	4.71e-56	206	67
MZ463746.1	387	nSX00661	23934	77.947	263	12	272	2458	2720	4.71e-56	206	67
MZ463747.1	387	nSX00661	23934	77.567	263	12	272	2458	2720	2.00e-54	202	67
MZ463748.1	387	nSX00661	23934	77.567	263	12	272	2458	2720	2.00e-54	202	67
MZ463749.1	391	nSX00661	23934	77.174	276	5	277	2445	2720	5.80e-55	204	70
MZ463750.1	392	nSX00661	23934	76.812	276	5	277	2445	2720	7.08e-54	199	70
MZ463751.1	393	nSX00661	23934	77.536	276	5	277	2445	2720	1.37e-56	208	69
MZ463752.1	394	nSX00661	23934	77.536	276	5	277	2445	2720	1.37e-56	208	69
MZ463753.1	394	nSX00661	23934	77.174	276	5	277	2445	2720	5.84e-55	204	69
MZ463754.1	394	nSX00661	23934	78.378	259	5	260	2445	2703	1.67e-55	205	65
MZ463755.1	394	nSX00661	23934	77.899	276	5	277	2445	2720	1.13e-57	213	69
MZ463756.1	394	nSX00661	23934	77.174	276	5	277	2445	2720	5.84e-55	204	69
MZ463757.1	394	nSX00661	23934	77.174	276	5	277	2445	2720	5.84e-55	204	69
MZ463758.1	394	nSX00661	23934	77.174	276	5	277	2445	2720	5.84e-55	204	69
MZ463759.1	410	nSX00661	23934	77.174	276	5	277	2445	2720	6.09e-55	204	67
FJ751925.1	394	nSX00661	23934	77.536	276	5	277	2445	2720	1.37e-56	208	69
FJ751926.1	395	nSX00661	23934	77.536	276	5	277	2445	2720	1.38e-56	208	69
FJ751927.1	395	nSX00661	23934	77.174	276	5	277	2445	2720	5.86e-55	204	69
FJ751930.1	395	nSX00661	23934	77.536	276	5	277	2445	2720	1.38e-56	208	69
FJ751933.1	396	nSX00661	23934	77.536	276	6	278	2445	2720	1.38e-56	208	69
FJ751934.1	395	nSX00661	23934	77.536	276	6	278	2445	2720	1.38e-56	208	69
MZ463745.1	387	nSX00676	20547	77.947	263	12	272	13822	13560	4.04e-56	206	67
MZ463746.1	387	nSX00676	20547	77.947	263	12	272	13822	13560	4.04e-56	206	67
MZ463747.1	387	nSX00676	20547	77.567	263	12	272	13822	13560	1.72e-54	202	67
MZ463748.1	387	nSX00676	20547	77.567	263	12	272	13822	13560	1.72e-54	202	67
MZ463749.1	391	nSX00676	20547	77.174	276	5	277	13835	13560	4.98e-55	204	70
MZ463750.1	392	nSX00676	20547	76.812	276	5	277	13835	13560	6.08e-54	199	70
MZ463751.1	393	nSX00676	20547	77.536	276	5	277	13835	13560	1.18e-56	208	69
MZ463752.1	394	nSX00676	20547	77.536	276	5	277	13835	13560	1.18e-56	208	69
MZ463753.1	394	nSX00676	20547	77.174	276	5	277	13835	13560	5.02e-55	204	69
MZ463754.1	394	nSX00676	20547	78.378	259	5	260	13835	13577	1.44e-55	205	65
MZ463755.1	394	nSX00676	20547	77.899	276	5	277	13835	13560	9.68e-58	213	69
MZ463756.1	394	nSX00676	20547	77.174	276	5	277	13835	13560	5.02e-55	204	69
MZ463757.1	394	nSX00676	20547	77.174	276	5	277	13835	13560	5.02e-55	204	69
MZ463758.1	394	nSX00676	20547	77.174	276	5	277	13835	13560	5.02e-55	204	69
MZ463759.1	410	nSX00676	20547	77.174	276	5	277	13835	13560	5.23e-55	204	67
FJ751925.1	394	nSX00676	20547	77.536	276	5	277	13835	13560	1.18e-56	208	69
FJ751926.1	395	nSX00676	20547	77.536	276	5	277	13835	13560	1.18e-56	208	69
FJ751927.1	395	nSX00676	20547	77.174	276	5	277	13835	13560	5.03e-55	204	69
FJ751930.1	395	nSX00676	20547	77.536	276	5	277	13835	13560	1.18e-56	208	69
FJ751933.1	396	nSX00676	20547	77.536	276	6	278	13835	13560	1.19e-56	208	69
FJ751934.1	395	nSX00676	20547	77.536	276	6	278	13835	13560	1.18e-56	208	69
MZ463745.1	387	nSX00678	19946	77.947	263	12	272	9746	9484	3.92e-56	206	67
MZ463746.1	387	nSX00678	19946	77.947	263	12	272	9746	9484	3.92e-56	206	67
MZ463747.1	387	nSX00678	19946	77.567	263	12	272	9746	9484	1.67e-54	202	67
MZ463748.1	387	nSX00678	19946	77.567	263	12	272	9746	9484	1.67e-54	202	67
MZ463749.1	391	nSX00678	19946	77.174	276	5	277	9759	9484	4.83e-55	204	70
MZ463750.1	392	nSX00678	19946	76.812	276	5	277	9759	9484	5.90e-54	199	70
MZ463751.1	393	nSX00678	19946	77.536	276	5	277	9759	9484	1.14e-56	208	69
MZ463752.1	394	nSX00678	19946	77.536	276	5	277	9759	9484	1.14e-56	208	69
MZ463753.1	394	nSX00678	19946	77.174	276	5	277	9759	9484	4.87e-55	204	69
MZ463754.1	394	nSX00678	19946	78.378	259	5	260	9759	9501	1.39e-55	205	65
MZ463755.1	394	nSX00678	19946	77.899	276	5	277	9759	9484	9.40e-58	213	69
MZ463756.1	394	nSX00678	19946	77.174	276	5	277	9759	9484	4.87e-55	204	69
MZ463757.1	394	nSX00678	19946	77.174	276	5	277	9759	9484	4.87e-55	204	69
MZ463758.1	394	nSX00678	19946	77.174	276	5	277	9759	9484	4.87e-55	204	69
MZ463759.1	410	nSX00678	19946	77.174	276	5	277	9759	9484	5.07e-55	204	67
FJ751925.1	394	nSX00678	19946	77.536	276	5	277	9759	9484	1.14e-56	208	69
FJ751926.1	395	nSX00678	19946	77.536	276	5	277	9759	9484	1.15e-56	208	69
FJ751927.1	395	nSX00678	19946	77.174	276	5	277	9759	9484	4.88e-55	204	69
FJ751930.1	395	nSX00678	19946	77.536	276	5	277	9759	9484	1.15e-56	208	69
FJ751933.1	396	nSX00678	19946	77.536	276	6	278	9759	9484	1.15e-56	208	69
FJ751934.1	395	nSX00678	19946	77.536	276	6	278	9759	9484	1.15e-56	208	69
MZ463745.1	387	nSX00679	19460	77.947	263	12	272	987	725	3.83e-56	206	67
MZ463746.1	387	nSX00679	19460	77.947	263	12	272	987	725	3.83e-56	206	67
MZ463747.1	387	nSX00679	19460	77.567	263	12	272	987	725	1.63e-54	202	67
MZ463748.1	387	nSX00679	19460	77.567	263	12	272	987	725	1.63e-54	202	67
MZ463749.1	391	nSX00679	19460	77.174	276	5	277	1000	725	4.71e-55	204	70
MZ463750.1	392	nSX00679	19460	76.812	276	5	277	1000	725	5.76e-54	199	70
MZ463751.1	393	nSX00679	19460	77.536	276	5	277	1000	725	1.11e-56	208	69
MZ463752.1	394	nSX00679	19460	77.536	276	5	277	1000	725	1.12e-56	208	69
MZ463753.1	394	nSX00679	19460	77.174	276	5	277	1000	725	4.75e-55	204	69
MZ463754.1	394	nSX00679	19460	78.378	259	5	260	1000	742	1.36e-55	205	65
MZ463755.1	394	nSX00679	19460	77.899	276	5	277	1000	725	9.17e-58	213	69
MZ463756.1	394	nSX00679	19460	77.174	276	5	277	1000	725	4.75e-55	204	69
MZ463757.1	394	nSX00679	19460	77.174	276	5	277	1000	725	4.75e-55	204	69
MZ463758.1	394	nSX00679	19460	77.174	276	5	277	1000	725	4.75e-55	204	69
MZ463759.1	410	nSX00679	19460	77.174	276	5	277	1000	725	4.95e-55	204	67
FJ751925.1	394	nSX00679	19460	77.536	276	5	277	1000	725	1.12e-56	208	69
FJ751926.1	395	nSX00679	19460	77.536	276	5	277	1000	725	1.12e-56	208	69
FJ751927.1	395	nSX00679	19460	77.174	276	5	277	1000	725	4.76e-55	204	69
FJ751930.1	395	nSX00679	19460	77.536	276	5	277	1000	725	1.12e-56	208	69
FJ751933.1	396	nSX00679	19460	77.536	276	6	278	1000	725	1.12e-56	208	69
FJ751934.1	395	nSX00679	19460	77.536	276	6	278	1000	725	1.12e-56	208	69
MZ463745.1	387	nSX00680	19070	77.947	263	12	272	11893	11631	3.75e-56	206	67
MZ463746.1	387	nSX00680	19070	77.947	263	12	272	11893	11631	3.75e-56	206	67
MZ463747.1	387	nSX00680	19070	77.567	263	12	272	11893	11631	1.59e-54	202	67
MZ463748.1	387	nSX00680	19070	77.567	263	12	272	11893	11631	1.59e-54	202	67
MZ463749.1	391	nSX00680	19070	77.174	276	5	277	11906	11631	4.62e-55	204	70
MZ463750.1	392	nSX00680	19070	76.812	276	5	277	11906	11631	5.64e-54	199	70
MZ463751.1	393	nSX00680	19070	77.536	276	5	277	11906	11631	1.09e-56	208	69
MZ463752.1	394	nSX00680	19070	77.536	276	5	277	11906	11631	1.09e-56	208	69
MZ463753.1	394	nSX00680	19070	77.174	276	5	277	11906	11631	4.65e-55	204	69
MZ463754.1	394	nSX00680	19070	78.378	259	5	260	11906	11648	1.33e-55	205	65
MZ463755.1	394	nSX00680	19070	77.899	276	5	277	11906	11631	8.99e-58	213	69
MZ463756.1	394	nSX00680	19070	77.174	276	5	277	11906	11631	4.65e-55	204	69
MZ463757.1	394	nSX00680	19070	77.174	276	5	277	11906	11631	4.65e-55	204	69
MZ463758.1	394	nSX00680	19070	77.174	276	5	277	11906	11631	4.65e-55	204	69
MZ463759.1	410	nSX00680	19070	77.174	276	5	277	11906	11631	4.85e-55	204	67
FJ751925.1	394	nSX00680	19070	77.536	276	5	277	11906	11631	1.09e-56	208	69
FJ751926.1	395	nSX00680	19070	77.536	276	5	277	11906	11631	1.10e-56	208	69
FJ751927.1	395	nSX00680	19070	77.174	276	5	277	11906	11631	4.67e-55	204	69
FJ751930.1	395	nSX00680	19070	77.536	276	5	277	11906	11631	1.10e-56	208	69
FJ751933.1	396	nSX00680	19070	77.536	276	6	278	11906	11631	1.10e-56	208	69
FJ751934.1	395	nSX00680	19070	77.536	276	6	278	11906	11631	1.10e-56	208	69
